datetime,BEAM,Mouse_ID,activity_count,activity_percent,inactivity_count,inactivity_percent,lux,temperature_c
2025-10-11 00:07:05,021,CDKL5_005_177_49,245,0.407,4,0.395,0.0,22.04
2025-10-11 00:17:08,021,CDKL5_005_177_49,32,0.053,13,0.942,0.0,22.03
2025-10-11 00:27:11,021,CDKL5_005_177_49,350,0.582,2,0.186,0.0,22.08
2025-10-11 00:37:13,021,CDKL5_005_177_49,357,0.594,2,0.183,0.0,22.12
2025-10-11 00:47:16,021,CDKL5_005_177_49,316,0.526,2,0.202,0.0,22.13
2025-10-11 00:57:19,021,CDKL5_005_177_49,65,0.108,11,0.871,0.0,22.11
2025-10-11 01:07:22,021,CDKL5_005_177_49,336,0.559,4,0.323,0.0,22.12
2025-10-11 01:17:25,021,CDKL5_005_177_49,348,0.579,3,0.256,0.0,22.14
2025-10-11 01:27:29,021,CDKL5_005_177_49,299,0.498,3,0.286,0.0,22.13
2025-10-11 01:37:31,021,CDKL5_005_177_49,221,0.368,7,0.559,0.0,22.17
2025-10-11 01:47:34,021,CDKL5_005_177_49,8,0.013,13,0.985,0.0,22.13
2025-10-11 01:57:38,021,CDKL5_005_177_49,1,0.002,14,0.998,0.0,22.08
2025-10-11 02:07:41,021,CDKL5_005_177_49,14,0.023,14,0.976,0.0,22.03
2025-10-11 02:17:44,021,CDKL5_005_177_49,0,0.0,15,1.0,0.0,21.98
2025-10-11 02:27:47,021,CDKL5_005_177_49,0,0.0,15,1.0,0.0,21.94
2025-10-11 02:38:03,021,CDKL5_005_177_49,0,0.0,15,1.0,0.0,21.92
2025-10-11 02:48:06,021,CDKL5_005_177_49,0,0.0,15,1.0,0.0,21.9
2025-10-11 02:58:09,021,CDKL5_005_177_49,0,0.0,15,1.0,0.0,21.87
2025-10-11 03:08:12,021,CDKL5_005_177_49,0,0.0,15,1.0,0.0,21.83
2025-10-11 03:18:15,021,CDKL5_005_177_49,97,0.161,11,0.819,0.0,21.84
2025-10-11 03:28:19,021,CDKL5_005_177_49,234,0.389,6,0.506,0.0,21.93
2025-10-11 03:38:21,021,CDKL5_005_177_49,97,0.161,8,0.767,0.0,21.92
2025-10-11 03:48:24,021,CDKL5_005_177_49,212,0.353,5,0.485,0.0,21.96
2025-10-11 03:58:27,021,CDKL5_005_177_49,265,0.441,4,0.376,0.0,21.98
2025-10-11 04:08:30,021,CDKL5_005_177_49,47,0.078,8,0.872,0.0,21.99
2025-10-11 04:18:33,021,CDKL5_005_177_49,91,0.151,10,0.815,0.0,22.04
2025-10-11 04:28:36,021,CDKL5_005_177_49,194,0.323,4,0.452,0.0,22.06
2025-10-11 04:38:39,021,CDKL5_005_177_49,89,0.148,10,0.818,0.0,22.06
2025-10-11 04:48:42,021,CDKL5_005_177_49,75,0.125,8,0.81,0.0,22.0
2025-10-11 04:58:45,021,CDKL5_005_177_49,30,0.05,14,0.949,0.0,21.99
2025-10-11 05:08:47,021,CDKL5_005_177_49,0,0.0,15,1.0,0.0,21.98
2025-10-11 05:18:50,021,CDKL5_005_177_49,0,0.0,15,1.0,0.0,21.94
2025-10-11 05:28:53,021,CDKL5_005_177_49,0,0.0,15,1.0,0.0,21.92
2025-10-11 05:38:55,021,CDKL5_005_177_49,123,0.205,8,0.722,0.0,21.91
2025-10-11 05:48:59,021,CDKL5_005_177_49,10,0.017,14,0.982,0.0,21.9
2025-10-11 05:59:01,021,CDKL5_005_177_49,0,0.0,15,1.0,0.0,21.85
2025-10-11 06:09:04,021,CDKL5_005_177_49,0,0.0,15,1.0,0.288,21.82
2025-10-11 06:19:07,021,CDKL5_005_177_49,0,0.0,15,1.0,0.2808,21.8
2025-10-11 06:29:11,021,CDKL5_005_177_49,0,0.0,15,1.0,0.2808,21.79
2025-10-11 06:39:25,021,CDKL5_005_177_49,0,0.0,15,1.0,0.2808,21.81
2025-10-11 06:49:29,021,CDKL5_005_177_49,0,0.0,15,1.0,0.2808,21.8
2025-10-11 06:59:31,021,CDKL5_005_177_49,0,0.0,15,1.0,0.2844,21.77
2025-10-11 07:09:34,021,CDKL5_005_177_49,0,0.0,15,1.0,0.2844,21.76
2025-10-11 07:19:39,021,CDKL5_005_177_49,0,0.0,15,1.0,0.2844,21.75
2025-10-11 07:29:42,021,CDKL5_005_177_49,0,0.0,15,1.0,0.2736,21.74
2025-10-11 07:39:45,021,CDKL5_005_177_49,16,0.027,14,0.972,0.2556,21.76
2025-10-11 07:49:48,021,CDKL5_005_177_49,54,0.09,11,0.891,0.3168,21.77
2025-10-11 07:59:51,021,CDKL5_005_177_49,0,0.0,15,1.0,0.324,21.75
2025-10-11 08:09:54,021,CDKL5_005_177_49,0,0.0,15,1.0,0.324,21.74
2025-10-11 08:19:57,021,CDKL5_005_177_49,0,0.0,15,1.0,0.324,21.71
2025-10-11 08:30:01,021,CDKL5_005_177_49,0,0.0,15,1.0,0.324,21.68
2025-10-11 08:40:03,021,CDKL5_005_177_49,0,0.0,15,1.0,0.324,21.67
2025-10-11 08:50:06,021,CDKL5_005_177_49,0,0.0,15,1.0,0.324,21.66
2025-10-11 09:00:09,021,CDKL5_005_177_49,0,0.0,15,1.0,0.324,21.63
2025-10-11 09:10:12,021,CDKL5_005_177_49,0,0.0,15,1.0,0.324,21.63
2025-10-11 09:20:15,021,CDKL5_005_177_49,0,0.0,15,1.0,0.324,21.62
2025-10-11 09:30:19,021,CDKL5_005_177_49,0,0.0,15,1.0,0.324,21.61
2025-10-11 09:40:21,021,CDKL5_005_177_49,0,0.0,15,1.0,0.324,21.62
2025-10-11 09:50:24,021,CDKL5_005_177_49,0,0.0,15,1.0,0.324,21.62
2025-10-11 10:00:27,021,CDKL5_005_177_49,0,0.0,15,1.0,0.3492,21.6
2025-10-11 10:10:30,021,CDKL5_005_177_49,0,0.0,15,1.0,0.3492,21.59
2025-10-11 10:20:33,021,CDKL5_005_177_49,0,0.0,15,1.0,0.3456,21.57
2025-10-11 10:30:36,021,CDKL5_005_177_49,0,0.0,15,1.0,0.3492,21.52
2025-10-11 10:41:00,021,CDKL5_005_177_49,0,0.0,15,1.0,0.3492,21.54
2025-10-11 10:51:03,021,CDKL5_005_177_49,0,0.0,15,1.0,0.324,21.47
2025-10-11 11:01:05,021,CDKL5_005_177_49,2,0.003,15,0.997,0.324,21.42
2025-10-11 11:11:08,021,CDKL5_005_177_49,22,0.037,12,0.956,0.216,21.41
2025-10-11 11:21:11,021,CDKL5_005_177_49,59,0.098,11,0.882,0.2736,21.4
2025-10-11 11:31:14,021,CDKL5_005_177_49,0,0.0,15,1.0,0.3204,21.36
2025-10-11 11:41:17,021,CDKL5_005_177_49,0,0.0,15,1.0,0.3096,21.32
2025-10-11 11:51:20,021,CDKL5_005_177_49,0,0.0,15,1.0,0.3132,21.3
2025-10-11 12:01:23,021,CDKL5_005_177_49,0,0.0,15,1.0,0.3096,21.26
2025-10-11 12:11:27,021,CDKL5_005_177_49,0,0.0,15,1.0,0.3024,21.23
2025-10-11 12:21:29,021,CDKL5_005_177_49,0,0.0,15,1.0,0.3132,21.24
2025-10-11 12:31:32,021,CDKL5_005_177_49,0,0.0,15,1.0,0.3024,21.23
2025-10-11 12:41:35,021,CDKL5_005_177_49,0,0.0,15,1.0,0.324,21.22
2025-10-11 12:51:38,021,CDKL5_005_177_49,0,0.0,15,1.0,0.3276,21.22
2025-10-11 13:01:41,021,CDKL5_005_177_49,0,0.0,15,1.0,0.3024,21.21
2025-10-11 13:11:44,021,CDKL5_005_177_49,0,0.0,15,1.0,0.3024,21.2
2025-10-11 13:21:47,021,CDKL5_005_177_49,0,0.0,15,1.0,0.3024,21.19
2025-10-11 13:31:50,021,CDKL5_005_177_49,0,0.0,15,1.0,0.3132,21.18
2025-10-11 13:41:54,021,CDKL5_005_177_49,0,0.0,15,1.0,0.3132,21.15
2025-10-11 13:51:56,021,CDKL5_005_177_49,0,0.0,15,1.0,0.3132,21.13
2025-10-11 14:01:59,021,CDKL5_005_177_49,0,0.0,15,1.0,0.3024,21.13
2025-10-11 14:12:02,021,CDKL5_005_177_49,0,0.0,15,1.0,0.3132,21.11
2025-10-11 14:22:05,021,CDKL5_005_177_49,5,0.008,14,0.991,0.306,21.14
2025-10-11 14:32:08,021,CDKL5_005_177_49,0,0.0,15,1.0,0.306,21.18
2025-10-11 14:42:26,021,CDKL5_005_177_49,0,0.0,15,1.0,0.306,21.23
2025-10-11 14:52:29,021,CDKL5_005_177_49,0,0.0,15,1.0,0.3024,21.21
2025-10-11 15:02:32,021,CDKL5_005_177_49,0,0.0,15,1.0,0.3024,21.2
2025-10-11 15:12:35,021,CDKL5_005_177_49,0,0.0,15,1.0,0.3024,21.2
2025-10-11 15:22:38,021,CDKL5_005_177_49,0,0.0,15,1.0,0.3024,21.2
2025-10-11 15:32:41,021,CDKL5_005_177_49,0,0.0,15,1.0,0.3024,21.2
2025-10-11 15:42:44,021,CDKL5_005_177_49,0,0.0,15,1.0,0.3024,21.22
2025-10-11 15:52:46,021,CDKL5_005_177_49,0,0.0,15,1.0,0.306,21.23
2025-10-11 16:02:49,021,CDKL5_005_177_49,0,0.0,15,1.0,0.306,21.26
2025-10-11 16:12:52,021,CDKL5_005_177_49,0,0.0,15,1.0,0.2952,21.26
2025-10-11 16:22:56,021,CDKL5_005_177_49,0,0.0,15,1.0,0.3168,21.26
2025-10-11 16:32:58,021,CDKL5_005_177_49,0,0.0,15,1.0,0.3168,21.27
2025-10-11 16:43:02,021,CDKL5_005_177_49,0,0.0,15,1.0,0.3168,21.3
2025-10-11 16:53:05,021,CDKL5_005_177_49,12,0.02,14,0.979,0.3024,21.34
2025-10-11 17:03:08,021,CDKL5_005_177_49,0,0.0,15,1.0,0.3168,21.39
2025-10-11 17:13:10,021,CDKL5_005_177_49,0,0.0,15,1.0,0.3168,21.43
2025-10-11 17:23:13,021,CDKL5_005_177_49,0,0.0,15,1.0,0.3024,21.46
2025-10-11 17:33:16,021,CDKL5_005_177_49,0,0.0,15,1.0,0.3024,21.47
2025-10-11 17:43:19,021,CDKL5_005_177_49,0,0.0,15,1.0,0.3024,21.51
2025-10-11 17:53:22,021,CDKL5_005_177_49,58,0.097,12,0.892,0.2628,21.56
2025-10-11 18:03:25,021,CDKL5_005_177_49,0,0.0,15,1.0,0.0,21.59
2025-10-11 18:13:28,021,CDKL5_005_177_49,0,0.0,15,1.0,0.0,21.59
2025-10-11 18:23:32,021,CDKL5_005_177_49,311,0.517,4,0.34,0.0,21.69
2025-10-11 18:33:36,021,CDKL5_005_177_49,361,0.6,1,0.1,0.0,21.84
2025-10-11 18:43:49,021,CDKL5_005_177_49,359,0.599,2,0.182,0.0,22.01
2025-10-11 18:53:51,021,CDKL5_005_177_49,365,0.607,2,0.18,0.0,22.07
2025-10-11 19:03:55,021,CDKL5_005_177_49,280,0.465,3,0.3,0.0,22.1
2025-10-11 19:13:59,021,CDKL5_005_177_49,187,0.311,4,0.461,0.0,22.16
2025-10-11 19:24:02,021,CDKL5_005_177_49,342,0.569,0,0.0,0.0,22.2
2025-10-11 19:34:04,021,CDKL5_005_177_49,272,0.453,4,0.37,0.0,22.22
2025-10-11 19:44:08,021,CDKL5_005_177_49,374,0.622,1,0.097,0.0,22.25
2025-10-11 19:54:11,021,CDKL5_005_177_49,156,0.26,7,0.642,0.0,22.27
2025-10-11 20:04:14,021,CDKL5_005_177_49,271,0.45,3,0.307,0.0,22.28
2025-10-11 20:14:17,021,CDKL5_005_177_49,298,0.496,1,0.118,0.0,22.29
2025-10-11 20:24:20,021,CDKL5_005_177_49,316,0.526,2,0.202,0.0,22.24
2025-10-11 20:34:23,021,CDKL5_005_177_49,162,0.27,6,0.597,0.0,22.27
2025-10-11 20:44:26,021,CDKL5_005_177_49,266,0.443,1,0.131,0.0,22.28
2025-10-11 20:54:29,021,CDKL5_005_177_49,230,0.382,5,0.465,0.0,22.27
2025-10-11 21:04:33,021,CDKL5_005_177_49,133,0.221,5,0.601,0.0,22.27
2025-10-11 21:14:35,021,CDKL5_005_177_49,170,0.283,6,0.585,0.0,22.25
2025-10-11 21:24:38,021,CDKL5_005_177_49,97,0.161,10,0.805,0.0,22.2
2025-10-11 21:34:41,021,CDKL5_005_177_49,118,0.196,7,0.704,0.0,22.17
2025-10-11 21:44:44,021,CDKL5_005_177_49,110,0.183,7,0.718,0.0,22.18
2025-10-11 21:54:47,021,CDKL5_005_177_49,330,0.548,3,0.267,0.0,22.22
2025-10-11 22:04:49,021,CDKL5_005_177_49,252,0.42,5,0.442,0.0,22.17
2025-10-11 22:14:53,021,CDKL5_005_177_49,187,0.311,1,0.176,0.0,22.2
2025-10-11 22:24:54,021,CDKL5_005_177_49,108,0.18,7,0.722,0.0,22.22
2025-10-11 22:34:57,021,CDKL5_005_177_49,44,0.073,10,0.901,0.0,22.2
2025-10-11 22:45:23,021,CDKL5_005_177_49,64,0.107,11,0.873,0.0,22.22
2025-10-11 22:55:26,021,CDKL5_005_177_49,46,0.077,10,0.897,0.0,22.17
2025-10-11 23:05:29,021,CDKL5_005_177_49,15,0.025,13,0.972,0.0,22.1
2025-10-11 23:15:32,021,CDKL5_005_177_49,1,0.002,14,0.998,0.0,22.07
2025-10-11 23:25:35,021,CDKL5_005_177_49,0,0.0,15,1.0,0.0,22.04
2025-10-11 23:35:37,021,CDKL5_005_177_49,0,0.0,15,1.0,0.0,22.0
2025-10-11 23:45:41,021,CDKL5_005_177_49,0,0.0,15,1.0,0.0,22.0
2025-10-11 23:55:44,021,CDKL5_005_177_49,54,0.09,8,0.856,0.0,21.98
2025-10-12 00:05:48,021,CDKL5_005_177_49,112,0.186,8,0.741,0.0,22.02
2025-10-12 00:15:51,021,CDKL5_005_177_49,331,0.552,2,0.195,0.0,22.07
2025-10-12 00:25:54,021,CDKL5_005_177_49,112,0.186,9,0.763,0.0,22.09
2025-10-12 00:35:57,021,CDKL5_005_177_49,294,0.489,3,0.29,0.0,22.12
2025-10-12 00:45:59,021,CDKL5_005_177_49,164,0.273,4,0.494,0.0,22.16
2025-10-12 00:56:02,021,CDKL5_005_177_49,346,0.576,2,0.188,0.0,22.18
2025-10-12 01:06:05,021,CDKL5_005_177_49,251,0.418,1,0.137,0.0,22.16
2025-10-12 01:16:08,021,CDKL5_005_177_49,156,0.26,8,0.672,0.0,22.16
2025-10-12 01:26:10,021,CDKL5_005_177_49,271,0.451,2,0.228,0.0,22.18
2025-10-12 01:36:14,021,CDKL5_005_177_49,331,0.551,2,0.195,0.0,22.16
2025-10-12 01:46:16,021,CDKL5_005_177_49,174,0.29,6,0.58,0.0,22.15
2025-10-12 01:56:19,021,CDKL5_005_177_49,303,0.505,3,0.284,0.0,22.17
2025-10-12 02:06:21,021,CDKL5_005_177_49,302,0.502,2,0.209,0.0,22.17
2025-10-12 02:16:24,021,CDKL5_005_177_49,163,0.271,3,0.424,0.0,22.15
2025-10-12 02:26:28,021,CDKL5_005_177_49,444,0.739,0,0.0,0.0,22.17
2025-10-12 02:36:31,021,CDKL5_005_177_49,304,0.506,3,0.283,0.0,22.16
2025-10-12 02:47:02,021,CDKL5_005_177_49,187,0.312,2,0.3,0.0,22.28
2025-10-12 02:57:05,021,CDKL5_005_177_49,339,0.564,1,0.106,0.0,22.18
2025-10-12 03:07:08,021,CDKL5_005_177_49,298,0.496,2,0.212,0.0,22.17
2025-10-12 03:17:11,021,CDKL5_005_177_49,274,0.456,0,0.0,0.0,22.17
2025-10-12 03:27:14,021,CDKL5_005_177_49,206,0.343,6,0.538,0.0,22.12
2025-10-12 03:37:17,021,CDKL5_005_177_49,154,0.256,4,0.51,0.0,22.05
2025-10-12 03:47:20,021,CDKL5_005_177_49,327,0.544,1,0.109,0.0,22.1
2025-10-12 03:57:23,021,CDKL5_005_177_49,306,0.509,1,0.116,0.0,22.1
2025-10-12 04:07:26,021,CDKL5_005_177_49,159,0.265,4,0.502,0.0,22.01
2025-10-12 04:17:29,021,CDKL5_005_177_49,53,0.088,12,0.901,0.0,21.97
2025-10-12 04:27:31,021,CDKL5_005_177_49,0,0.0,15,1.0,0.0,21.9
2025-10-12 04:37:34,021,CDKL5_005_177_49,0,0.0,15,1.0,0.0,21.86
2025-10-12 04:47:37,021,CDKL5_005_177_49,0,0.0,15,1.0,0.0,21.81
2025-10-12 04:57:40,021,CDKL5_005_177_49,0,0.0,15,1.0,0.0,21.8
2025-10-12 05:07:42,021,CDKL5_005_177_49,2,0.003,14,0.996,0.0,21.78
2025-10-12 05:17:45,021,CDKL5_005_177_49,65,0.108,11,0.871,0.0,21.79
2025-10-12 05:27:48,021,CDKL5_005_177_49,242,0.403,3,0.331,0.0,21.86
2025-10-12 05:37:51,021,CDKL5_005_177_49,213,0.354,3,0.36,0.0,21.88
2025-10-12 05:47:54,021,CDKL5_005_177_49,20,0.033,12,0.96,0.0,21.9
2025-10-12 05:57:57,021,CDKL5_005_177_49,0,0.0,15,1.0,0.0,21.85
2025-10-12 06:07:59,021,CDKL5_005_177_49,20,0.033,13,0.963,0.1872,21.83
2025-10-12 06:18:02,021,CDKL5_005_177_49,0,0.0,15,1.0,0.18,21.8
2025-10-12 06:28:05,021,CDKL5_005_177_49,0,0.0,15,1.0,0.18,21.79
2025-10-12 06:38:08,021,CDKL5_005_177_49,0,0.0,15,1.0,0.18,21.77
2025-10-12 06:48:24,021,CDKL5_005_177_49,0,0.0,15,1.0,0.18,21.79
2025-10-12 06:58:27,021,CDKL5_005_177_49,0,0.0,15,1.0,0.18,21.77
2025-10-12 07:08:30,021,CDKL5_005_177_49,0,0.0,15,1.0,0.18,21.76
2025-10-12 07:18:34,021,CDKL5_005_177_49,0,0.0,15,1.0,0.18,21.74
2025-10-12 07:28:37,021,CDKL5_005_177_49,0,0.0,15,1.0,0.18,21.73
2025-10-12 07:38:40,021,CDKL5_005_177_49,0,0.0,15,1.0,0.18,21.72
2025-10-12 07:48:43,021,CDKL5_005_177_49,0,0.0,15,1.0,0.18,21.7
2025-10-12 07:58:46,021,CDKL5_005_177_49,0,0.0,15,1.0,0.18,21.7
2025-10-12 08:08:48,021,CDKL5_005_177_49,0,0.0,15,1.0,0.18,21.69
2025-10-12 08:18:52,021,CDKL5_005_177_49,0,0.0,15,1.0,0.18,21.68
2025-10-12 08:28:54,021,CDKL5_005_177_49,2,0.003,15,0.997,0.1836,21.68
2025-10-12 08:38:58,021,CDKL5_005_177_49,0,0.0,15,1.0,0.1836,21.67
2025-10-12 08:49:01,021,CDKL5_005_177_49,0,0.0,15,1.0,0.1836,21.66
2025-10-12 08:59:04,021,CDKL5_005_177_49,0,0.0,15,1.0,0.18,21.67
2025-10-12 09:09:05,021,CDKL5_005_177_49,4,0.007,15,0.993,0.1728,21.66
2025-10-12 09:19:08,021,CDKL5_005_177_49,25,0.042,13,0.954,0.1548,21.68
2025-10-12 09:29:12,021,CDKL5_005_177_49,69,0.115,11,0.864,0.1512,21.72
2025-10-12 09:39:15,021,CDKL5_005_177_49,187,0.311,2,0.3,0.1656,21.75
2025-10-12 09:49:18,021,CDKL5_005_177_49,0,0.0,15,1.0,0.1656,21.75
2025-10-12 09:59:21,021,CDKL5_005_177_49,0,0.0,15,1.0,0.1656,21.73
2025-10-12 10:09:24,021,CDKL5_005_177_49,0,0.0,15,1.0,0.1872,21.7
2025-10-12 10:19:27,021,CDKL5_005_177_49,0,0.0,15,1.0,0.1872,21.7
2025-10-12 10:29:30,021,CDKL5_005_177_49,0,0.0,15,1.0,0.1728,21.67
2025-10-12 10:39:32,021,CDKL5_005_177_49,0,0.0,15,1.0,0.1728,21.66
2025-10-12 10:49:56,021,CDKL5_005_177_49,0,0.0,15,1.0,0.1728,21.7
2025-10-12 10:59:59,021,CDKL5_005_177_49,0,0.0,15,1.0,0.1728,21.68
2025-10-12 11:10:02,021,CDKL5_005_177_49,0,0.0,15,1.0,0.1764,21.66
2025-10-12 11:20:05,021,CDKL5_005_177_49,0,0.0,15,1.0,0.1764,21.65
2025-10-12 11:30:08,021,CDKL5_005_177_49,0,0.0,15,1.0,0.1764,21.64
2025-10-12 11:40:11,021,CDKL5_005_177_49,0,0.0,15,1.0,0.1764,21.62
2025-10-12 11:50:14,021,CDKL5_005_177_49,0,0.0,15,1.0,0.18,21.62
2025-10-12 12:00:17,021,CDKL5_005_177_49,7,0.012,13,0.987,0.1728,21.61
2025-10-12 12:10:20,021,CDKL5_005_177_49,0,0.0,15,1.0,0.1728,21.59
2025-10-12 12:20:23,021,CDKL5_005_177_49,0,0.0,15,1.0,0.1728,21.59
2025-10-12 12:30:27,021,CDKL5_005_177_49,0,0.0,15,1.0,0.18,21.58
2025-10-12 12:40:29,021,CDKL5_005_177_49,0,0.0,15,1.0,0.18,21.57
2025-10-12 12:50:32,021,CDKL5_005_177_49,0,0.0,15,1.0,0.18,21.54
2025-10-12 13:00:35,021,CDKL5_005_177_49,0,0.0,15,1.0,0.18,21.54
2025-10-12 13:10:39,021,CDKL5_005_177_49,0,0.0,15,1.0,0.18,21.53
2025-10-12 13:20:41,021,CDKL5_005_177_49,0,0.0,15,1.0,0.18,21.51
2025-10-12 13:30:45,021,CDKL5_005_177_49,0,0.0,15,1.0,0.18,21.51
2025-10-12 13:40:48,021,CDKL5_005_177_49,0,0.0,15,1.0,0.18,21.5
2025-10-12 13:50:50,021,CDKL5_005_177_49,0,0.0,15,1.0,0.1908,21.52
2025-10-12 14:00:54,021,CDKL5_005_177_49,0,0.0,15,1.0,0.1872,21.54
2025-10-12 14:10:56,021,CDKL5_005_177_49,103,0.171,9,0.778,0.3096,21.58
2025-10-12 14:20:59,021,CDKL5_005_177_49,27,0.045,14,0.954,0.3276,21.59
2025-10-12 14:31:02,021,CDKL5_005_177_49,0,0.0,15,1.0,0.324,21.58
2025-10-12 14:41:05,021,CDKL5_005_177_49,0,0.0,15,1.0,0.3276,21.56
2025-10-12 14:51:23,021,CDKL5_005_177_49,0,0.0,15,1.0,0.3276,21.58
2025-10-12 15:01:26,021,CDKL5_005_177_49,0,0.0,15,1.0,0.324,21.57
2025-10-12 15:11:28,021,CDKL5_005_177_49,0,0.0,15,1.0,0.324,21.54
2025-10-12 15:21:31,021,CDKL5_005_177_49,0,0.0,15,1.0,0.324,21.52
2025-10-12 15:31:34,021,CDKL5_005_177_49,0,0.0,15,1.0,0.324,21.5
2025-10-12 15:41:37,021,CDKL5_005_177_49,0,0.0,15,1.0,0.3276,21.5
2025-10-12 15:51:40,021,CDKL5_005_177_49,0,0.0,15,1.0,0.3168,21.49
2025-10-12 16:01:43,021,CDKL5_005_177_49,0,0.0,15,1.0,0.3168,21.5
2025-10-12 16:11:46,021,CDKL5_005_177_49,0,0.0,15,1.0,0.3168,21.5
2025-10-12 16:21:49,021,CDKL5_005_177_49,0,0.0,15,1.0,0.3168,21.51
2025-10-12 16:31:52,021,CDKL5_005_177_49,0,0.0,15,1.0,0.3168,21.51
2025-10-12 16:41:55,021,CDKL5_005_177_49,0,0.0,15,1.0,0.324,21.5
2025-10-12 16:51:58,021,CDKL5_005_177_49,3,0.005,14,0.995,0.3312,21.53
2025-10-12 17:02:01,021,CDKL5_005_177_49,5,0.008,14,0.991,0.2664,21.57
2025-10-12 17:12:03,021,CDKL5_005_177_49,0,0.0,15,1.0,0.2772,21.58
2025-10-12 17:22:06,021,CDKL5_005_177_49,0,0.0,15,1.0,0.288,21.57
2025-10-12 17:32:09,021,CDKL5_005_177_49,2,0.003,14,0.996,0.2916,21.57
2025-10-12 17:42:12,021,CDKL5_005_177_49,0,0.0,15,1.0,0.288,21.57
2025-10-12 17:52:15,021,CDKL5_005_177_49,0,0.0,15,1.0,0.2916,21.57
2025-10-12 18:02:18,021,CDKL5_005_177_49,0,0.0,15,1.0,0.0,21.58
2025-10-12 18:12:21,021,CDKL5_005_177_49,6,0.01,14,0.989,0.0,21.59
2025-10-12 18:22:24,021,CDKL5_005_177_49,148,0.246,8,0.684,0.0,21.65
2025-10-12 18:32:27,021,CDKL5_005_177_49,322,0.536,2,0.199,0.0,21.74
2025-10-12 18:42:29,021,CDKL5_005_177_49,266,0.443,4,0.376,0.0,21.85
2025-10-12 18:53:01,021,CDKL5_005_177_49,422,0.707,1,0.087,0.0,22.05
2025-10-12 19:03:04,021,CDKL5_005_177_49,152,0.252,8,0.678,0.0,22.08
2025-10-12 19:13:08,021,CDKL5_005_177_49,385,0.641,0,0.0,0.0,22.11
2025-10-12 19:23:11,021,CDKL5_005_177_49,279,0.463,0,0.0,0.0,22.2
2025-10-12 19:33:14,021,CDKL5_005_177_49,370,0.615,3,0.245,0.0,22.24
2025-10-12 19:43:17,021,CDKL5_005_177_49,254,0.423,4,0.386,0.0,22.29
2025-10-12 19:53:19,021,CDKL5_005_177_49,398,0.662,1,0.091,0.0,22.28
2025-10-12 20:03:22,021,CDKL5_005_177_49,140,0.233,9,0.72,0.0,22.25
2025-10-12 20:13:24,021,CDKL5_005_177_49,421,0.7,1,0.087,0.0,22.26
2025-10-12 20:23:28,021,CDKL5_005_177_49,357,0.593,0,0.0,0.0,22.31
2025-10-12 20:33:31,021,CDKL5_005_177_49,390,0.648,2,0.17,0.0,22.31
2025-10-12 20:43:33,021,CDKL5_005_177_49,92,0.153,10,0.813,0.0,22.27
2025-10-12 20:53:37,021,CDKL5_005_177_49,77,0.128,6,0.757,0.0,22.26
2025-10-12 21:03:39,021,CDKL5_005_177_49,54,0.09,13,0.906,0.0,22.22
2025-10-12 21:13:42,021,CDKL5_005_177_49,100,0.166,8,0.762,0.0,22.2
2025-10-12 21:23:46,021,CDKL5_005_177_49,29,0.048,10,0.932,0.0,22.17
2025-10-12 21:33:49,021,CDKL5_005_177_49,1,0.002,15,0.998,0.0,22.13
2025-10-12 21:43:52,021,CDKL5_005_177_49,4,0.007,14,0.993,0.0,22.09
2025-10-12 21:53:54,021,CDKL5_005_177_49,184,0.306,6,0.566,0.0,22.12
2025-10-12 22:03:57,021,CDKL5_005_177_49,337,0.561,0,0.0,0.0,22.22
2025-10-12 22:14:00,021,CDKL5_005_177_49,122,0.203,9,0.747,0.0,22.21
2025-10-12 22:24:04,021,CDKL5_005_177_49,264,0.439,3,0.312,0.0,22.22
2025-10-12 22:34:07,021,CDKL5_005_177_49,128,0.213,9,0.738,0.0,22.18
2025-10-12 22:44:10,021,CDKL5_005_177_49,40,0.067,11,0.917,0.0,22.17
2025-10-12 22:54:35,021,CDKL5_005_177_49,26,0.043,12,0.949,0.0,22.21
2025-10-12 23:04:38,021,CDKL5_005_177_49,118,0.196,3,0.504,0.0,22.2
2025-10-12 23:14:41,021,CDKL5_005_177_49,117,0.195,9,0.755,0.0,22.2
2025-10-12 23:24:43,021,CDKL5_005_177_49,42,0.07,11,0.913,0.0,22.2
2025-10-12 23:34:46,021,CDKL5_005_177_49,126,0.21,6,0.656,0.0,22.17
2025-10-12 23:44:49,021,CDKL5_005_177_49,39,0.065,12,0.925,0.0,22.13
2025-10-12 23:54:52,021,CDKL5_005_177_49,326,0.542,2,0.197,0.0,22.15
2025-10-11 00:05:30,040,CDKL5_005_177_50,424,0.707,0,0.0,0.0,22.05
2025-10-11 00:15:33,040,CDKL5_005_177_50,368,0.612,0,0.0,0.0,22.04
2025-10-11 00:25:36,040,CDKL5_005_177_50,391,0.65,0,0.0,0.0,22.05
2025-10-11 00:35:39,040,CDKL5_005_177_50,311,0.517,3,0.278,0.0,22.13
2025-10-11 00:45:42,040,CDKL5_005_177_50,238,0.396,2,0.252,0.0,22.21
2025-10-11 00:55:46,040,CDKL5_005_177_50,384,0.639,0,0.0,0.0,22.3
2025-10-11 01:05:49,040,CDKL5_005_177_50,223,0.371,3,0.35,0.0,22.28
2025-10-11 01:15:52,040,CDKL5_005_177_50,337,0.561,2,0.192,0.0,22.22
2025-10-11 01:25:55,040,CDKL5_005_177_50,225,0.374,3,0.348,0.0,22.23
2025-10-11 01:35:58,040,CDKL5_005_177_50,175,0.291,3,0.407,0.0,22.17
2025-10-11 01:46:01,040,CDKL5_005_177_50,172,0.286,2,0.317,0.0,22.13
2025-10-11 01:56:05,040,CDKL5_005_177_50,167,0.278,2,0.324,0.0,22.08
2025-10-11 02:06:08,040,CDKL5_005_177_50,173,0.288,2,0.316,0.0,22.06
2025-10-11 02:16:12,040,CDKL5_005_177_50,21,0.035,13,0.961,0.0,22.0
2025-10-11 02:26:15,040,CDKL5_005_177_50,0,0.0,15,1.0,0.0,21.95
2025-10-11 02:36:34,040,CDKL5_005_177_50,0,0.0,15,1.0,0.0,21.92
2025-10-11 02:46:37,040,CDKL5_005_177_50,0,0.0,15,1.0,0.0,21.87
2025-10-11 02:56:40,040,CDKL5_005_177_50,0,0.0,15,1.0,0.0,21.82
2025-10-11 03:06:43,040,CDKL5_005_177_50,171,0.284,5,0.539,0.0,21.81
2025-10-11 03:16:47,040,CDKL5_005_177_50,376,0.626,0,0.0,0.0,21.84
2025-10-11 03:26:50,040,CDKL5_005_177_50,345,0.573,0,0.0,0.0,21.96
2025-10-11 03:36:53,040,CDKL5_005_177_50,288,0.478,2,0.217,0.0,21.93
2025-10-11 03:46:56,040,CDKL5_005_177_50,203,0.338,3,0.372,0.0,21.94
2025-10-11 03:56:59,040,CDKL5_005_177_50,216,0.359,5,0.481,0.0,21.96
2025-10-11 04:07:03,040,CDKL5_005_177_50,218,0.363,6,0.524,0.0,21.98
2025-10-11 04:17:06,040,CDKL5_005_177_50,189,0.314,3,0.388,0.0,21.95
2025-10-11 04:27:09,040,CDKL5_005_177_50,0,0.0,15,1.0,0.0,21.89
2025-10-11 04:37:12,040,CDKL5_005_177_50,0,0.0,15,1.0,0.0,21.82
2025-10-11 04:47:15,040,CDKL5_005_177_50,0,0.0,15,1.0,0.0,21.78
2025-10-11 04:57:18,040,CDKL5_005_177_50,0,0.0,15,1.0,0.0,21.75
2025-10-11 05:07:21,040,CDKL5_005_177_50,0,0.0,15,1.0,0.0,21.72
2025-10-11 05:17:24,040,CDKL5_005_177_50,11,0.018,14,0.981,0.0,21.69
2025-10-11 05:27:28,040,CDKL5_005_177_50,180,0.299,6,0.571,0.0,21.75
2025-10-11 05:37:31,040,CDKL5_005_177_50,119,0.198,7,0.702,0.0,21.77
2025-10-11 05:47:34,040,CDKL5_005_177_50,210,0.349,7,0.571,0.0,21.8
2025-10-11 05:57:37,040,CDKL5_005_177_50,258,0.43,1,0.134,0.0,21.84
2025-10-11 06:07:40,040,CDKL5_005_177_50,128,0.213,9,0.738,0.2376,21.84
2025-10-11 06:17:43,040,CDKL5_005_177_50,93,0.155,8,0.775,0.1692,21.83
2025-10-11 06:27:46,040,CDKL5_005_177_50,0,0.0,15,1.0,0.18,21.8
2025-10-11 06:38:03,040,CDKL5_005_177_50,0,0.0,15,1.0,0.1872,21.8
2025-10-11 06:48:07,040,CDKL5_005_177_50,0,0.0,15,1.0,0.1872,21.77
2025-10-11 06:58:10,040,CDKL5_005_177_50,0,0.0,15,1.0,0.1908,21.75
2025-10-11 07:08:13,040,CDKL5_005_177_50,0,0.0,15,1.0,0.1872,21.71
2025-10-11 07:18:16,040,CDKL5_005_177_50,0,0.0,15,1.0,0.1908,21.71
2025-10-11 07:28:20,040,CDKL5_005_177_50,0,0.0,15,1.0,0.1908,21.69
2025-10-11 07:38:23,040,CDKL5_005_177_50,0,0.0,15,1.0,0.1872,21.7
2025-10-11 07:48:26,040,CDKL5_005_177_50,0,0.0,15,1.0,0.1872,21.69
2025-10-11 07:58:29,040,CDKL5_005_177_50,0,0.0,15,1.0,0.1872,21.69
2025-10-11 08:08:32,040,CDKL5_005_177_50,0,0.0,15,1.0,0.1872,21.67
2025-10-11 08:18:35,040,CDKL5_005_177_50,0,0.0,15,1.0,0.1908,21.69
2025-10-11 08:28:38,040,CDKL5_005_177_50,39,0.065,10,0.911,0.2088,21.72
2025-10-11 08:38:42,040,CDKL5_005_177_50,0,0.0,15,1.0,0.2088,21.71
2025-10-11 08:48:45,040,CDKL5_005_177_50,0,0.0,15,1.0,0.2088,21.69
2025-10-11 08:58:48,040,CDKL5_005_177_50,0,0.0,15,1.0,0.2088,21.67
2025-10-11 09:08:51,040,CDKL5_005_177_50,2,0.003,14,0.996,0.2088,21.66
2025-10-11 09:18:55,040,CDKL5_005_177_50,0,0.0,15,1.0,0.2088,21.65
2025-10-11 09:28:58,040,CDKL5_005_177_50,0,0.0,15,1.0,0.2088,21.64
2025-10-11 09:39:01,040,CDKL5_005_177_50,0,0.0,15,1.0,0.2088,21.64
2025-10-11 09:49:04,040,CDKL5_005_177_50,0,0.0,15,1.0,0.2088,21.63
2025-10-11 09:59:08,040,CDKL5_005_177_50,0,0.0,15,1.0,0.234,21.62
2025-10-11 10:09:10,040,CDKL5_005_177_50,0,0.0,15,1.0,0.2304,21.61
2025-10-11 10:19:14,040,CDKL5_005_177_50,1,0.002,14,0.998,0.2232,21.6
2025-10-11 10:29:16,040,CDKL5_005_177_50,18,0.03,11,0.961,0.2304,21.62
2025-10-11 10:39:33,040,CDKL5_005_177_50,6,0.01,12,0.988,0.2304,21.65
2025-10-11 10:49:36,040,CDKL5_005_177_50,0,0.0,15,1.0,0.2088,21.63
2025-10-11 10:59:39,040,CDKL5_005_177_50,0,0.0,15,1.0,0.2124,21.59
2025-10-11 11:09:42,040,CDKL5_005_177_50,0,0.0,15,1.0,0.2196,21.56
2025-10-11 11:19:46,040,CDKL5_005_177_50,0,0.0,15,1.0,0.2196,21.52
2025-10-11 11:29:49,040,CDKL5_005_177_50,0,0.0,15,1.0,0.2088,21.5
2025-10-11 11:39:52,040,CDKL5_005_177_50,0,0.0,15,1.0,0.2196,21.49
2025-10-11 11:49:55,040,CDKL5_005_177_50,0,0.0,15,1.0,0.2088,21.49
2025-10-11 11:59:58,040,CDKL5_005_177_50,0,0.0,15,1.0,0.2088,21.49
2025-10-11 12:10:01,040,CDKL5_005_177_50,0,0.0,15,1.0,0.216,21.49
2025-10-11 12:20:05,040,CDKL5_005_177_50,0,0.0,15,1.0,0.2196,21.5
2025-10-11 12:30:08,040,CDKL5_005_177_50,1,0.002,14,0.998,0.2088,21.48
2025-10-11 12:40:11,040,CDKL5_005_177_50,23,0.038,12,0.954,0.2088,21.49
2025-10-11 12:50:14,040,CDKL5_005_177_50,3,0.005,13,0.994,0.2088,21.52
2025-10-11 13:00:17,040,CDKL5_005_177_50,0,0.0,15,1.0,0.1944,21.52
2025-10-11 13:10:21,040,CDKL5_005_177_50,1,0.002,15,0.998,0.1944,21.5
2025-10-11 13:20:24,040,CDKL5_005_177_50,0,0.0,15,1.0,0.1944,21.5
2025-10-11 13:30:27,040,CDKL5_005_177_50,0,0.0,15,1.0,0.1944,21.48
2025-10-11 13:40:30,040,CDKL5_005_177_50,4,0.007,14,0.993,0.198,21.47
2025-10-11 13:50:33,040,CDKL5_005_177_50,46,0.076,10,0.897,0.2016,21.49
2025-10-11 14:00:36,040,CDKL5_005_177_50,42,0.07,8,0.884,0.162,21.51
2025-10-11 14:10:38,040,CDKL5_005_177_50,83,0.138,11,0.841,0.2232,21.52
2025-10-11 14:20:42,040,CDKL5_005_177_50,0,0.0,15,1.0,0.2268,21.49
2025-10-11 14:30:45,040,CDKL5_005_177_50,0,0.0,15,1.0,0.216,21.49
2025-10-11 14:41:03,040,CDKL5_005_177_50,0,0.0,15,1.0,0.2232,21.49
2025-10-11 14:51:06,040,CDKL5_005_177_50,0,0.0,15,1.0,0.2232,21.47
2025-10-11 15:01:08,040,CDKL5_005_177_50,0,0.0,15,1.0,0.2232,21.45
2025-10-11 15:11:12,040,CDKL5_005_177_50,0,0.0,15,1.0,0.2232,21.44
2025-10-11 15:21:14,040,CDKL5_005_177_50,0,0.0,15,1.0,0.2232,21.44
2025-10-11 15:31:17,040,CDKL5_005_177_50,0,0.0,15,1.0,0.2232,21.42
2025-10-11 15:41:21,040,CDKL5_005_177_50,0,0.0,15,1.0,0.2232,21.43
2025-10-11 15:51:24,040,CDKL5_005_177_50,0,0.0,15,1.0,0.2304,21.42
2025-10-11 16:01:27,040,CDKL5_005_177_50,0,0.0,15,1.0,0.234,21.41
2025-10-11 16:11:30,040,CDKL5_005_177_50,0,0.0,15,1.0,0.2232,21.42
2025-10-11 16:21:34,040,CDKL5_005_177_50,0,0.0,15,1.0,0.2232,21.41
2025-10-11 16:31:36,040,CDKL5_005_177_50,0,0.0,15,1.0,0.2448,21.44
2025-10-11 16:41:40,040,CDKL5_005_177_50,0,0.0,15,1.0,0.252,21.47
2025-10-11 16:51:43,040,CDKL5_005_177_50,0,0.0,15,1.0,0.2304,21.51
2025-10-11 17:01:46,040,CDKL5_005_177_50,0,0.0,15,1.0,0.252,21.52
2025-10-11 17:11:49,040,CDKL5_005_177_50,0,0.0,15,1.0,0.2664,21.54
2025-10-11 17:21:52,040,CDKL5_005_177_50,0,0.0,15,1.0,0.2484,21.53
2025-10-11 17:31:56,040,CDKL5_005_177_50,0,0.0,15,1.0,0.2592,21.52
2025-10-11 17:41:58,040,CDKL5_005_177_50,0,0.0,15,1.0,0.2592,21.53
2025-10-11 17:52:01,040,CDKL5_005_177_50,52,0.087,10,0.885,0.2232,21.59
2025-10-11 18:02:05,040,CDKL5_005_177_50,231,0.384,1,0.148,0.0,21.67
2025-10-11 18:12:08,040,CDKL5_005_177_50,492,0.817,0,0.0,0.0,21.72
2025-10-11 18:22:11,040,CDKL5_005_177_50,484,0.805,0,0.0,0.0,21.79
2025-10-11 18:32:14,040,CDKL5_005_177_50,396,0.659,2,0.168,0.0,21.88
2025-10-11 18:42:34,040,CDKL5_005_177_50,433,0.723,0,0.0,0.0,21.94
2025-10-11 18:52:37,040,CDKL5_005_177_50,483,0.805,0,0.0,0.0,21.92
2025-10-11 19:02:39,040,CDKL5_005_177_50,444,0.739,0,0.0,0.0,21.96
2025-10-11 19:12:42,040,CDKL5_005_177_50,397,0.661,2,0.168,0.0,21.95
2025-10-11 19:22:45,040,CDKL5_005_177_50,485,0.807,0,0.0,0.0,21.94
2025-10-11 19:32:48,040,CDKL5_005_177_50,332,0.552,4,0.325,0.0,21.95
2025-10-11 19:42:52,040,CDKL5_005_177_50,379,0.63,2,0.174,0.0,21.95
2025-10-11 19:52:55,040,CDKL5_005_177_50,471,0.782,0,0.0,0.0,21.95
2025-10-11 20:02:58,040,CDKL5_005_177_50,318,0.529,4,0.335,0.0,21.99
2025-10-11 20:13:01,040,CDKL5_005_177_50,497,0.827,0,0.0,0.0,21.96
2025-10-11 20:23:04,040,CDKL5_005_177_50,458,0.762,0,0.0,0.0,21.96
2025-10-11 20:33:07,040,CDKL5_005_177_50,340,0.566,3,0.261,0.0,21.96
2025-10-11 20:43:09,040,CDKL5_005_177_50,413,0.687,0,0.0,0.0,21.99
2025-10-11 20:53:12,040,CDKL5_005_177_50,342,0.569,3,0.26,0.0,22.0
2025-10-11 21:03:16,040,CDKL5_005_177_50,372,0.619,1,0.097,0.0,22.0
2025-10-11 21:13:19,040,CDKL5_005_177_50,425,0.707,1,0.086,0.0,22.01
2025-10-11 21:23:22,040,CDKL5_005_177_50,330,0.548,1,0.108,0.0,22.03
2025-10-11 21:33:25,040,CDKL5_005_177_50,501,0.835,0,0.0,0.0,22.04
2025-10-11 21:43:28,040,CDKL5_005_177_50,403,0.671,0,0.0,0.0,22.09
2025-10-11 21:53:31,040,CDKL5_005_177_50,379,0.63,2,0.174,0.0,22.07
2025-10-11 22:03:35,040,CDKL5_005_177_50,298,0.496,1,0.118,0.0,22.05
2025-10-11 22:13:38,040,CDKL5_005_177_50,391,0.651,1,0.093,0.0,22.0
2025-10-11 22:23:41,040,CDKL5_005_177_50,404,0.671,0,0.0,0.0,21.99
2025-10-11 22:33:45,040,CDKL5_005_177_50,197,0.328,8,0.619,0.0,22.04
2025-10-11 22:44:09,040,CDKL5_005_177_50,277,0.462,3,0.302,0.0,22.07
2025-10-11 22:54:12,040,CDKL5_005_177_50,437,0.727,0,0.0,0.0,22.02
2025-10-11 23:04:14,040,CDKL5_005_177_50,467,0.778,0,0.0,0.0,22.0
2025-10-11 23:14:17,040,CDKL5_005_177_50,323,0.537,3,0.271,0.0,21.98
2025-10-11 23:24:21,040,CDKL5_005_177_50,198,0.329,7,0.586,0.0,21.95
2025-10-11 23:34:24,040,CDKL5_005_177_50,310,0.516,2,0.205,0.0,21.93
2025-10-11 23:44:27,040,CDKL5_005_177_50,364,0.606,0,0.0,0.0,22.08
2025-10-11 23:54:29,040,CDKL5_005_177_50,25,0.042,14,0.957,0.0,22.0
2025-10-12 00:04:33,040,CDKL5_005_177_50,36,0.06,10,0.917,0.0,21.91
2025-10-12 00:14:36,040,CDKL5_005_177_50,4,0.007,14,0.993,0.0,21.85
2025-10-12 00:24:39,040,CDKL5_005_177_50,5,0.008,14,0.991,0.0,21.79
2025-10-12 00:34:42,040,CDKL5_005_177_50,0,0.0,15,1.0,0.0,21.75
2025-10-12 00:44:45,040,CDKL5_005_177_50,2,0.003,14,0.996,0.0,21.7
2025-10-12 00:54:48,040,CDKL5_005_177_50,1,0.002,14,0.998,0.0,21.68
2025-10-12 01:04:51,040,CDKL5_005_177_50,4,0.007,13,0.992,0.0,21.66
2025-10-12 01:14:54,040,CDKL5_005_177_50,0,0.0,15,1.0,0.0,21.65
2025-10-12 01:24:57,040,CDKL5_005_177_50,4,0.007,13,0.992,0.0,21.64
2025-10-12 01:35:00,040,CDKL5_005_177_50,9,0.015,14,0.984,0.0,21.63
2025-10-12 01:45:02,040,CDKL5_005_177_50,0,0.0,15,1.0,0.0,21.62
2025-10-12 01:55:06,040,CDKL5_005_177_50,98,0.163,6,0.71,0.0,21.65
2025-10-12 02:05:09,040,CDKL5_005_177_50,377,0.627,1,0.096,0.0,21.74
2025-10-12 02:15:11,040,CDKL5_005_177_50,309,0.514,5,0.393,0.0,21.77
2025-10-12 02:25:15,040,CDKL5_005_177_50,466,0.775,0,0.0,0.0,21.8
2025-10-12 02:35:18,040,CDKL5_005_177_50,325,0.54,3,0.27,0.0,21.84
2025-10-12 02:45:43,040,CDKL5_005_177_50,316,0.528,3,0.275,0.0,21.89
2025-10-12 02:55:46,040,CDKL5_005_177_50,232,0.386,4,0.408,0.0,21.92
2025-10-12 03:05:49,040,CDKL5_005_177_50,248,0.412,7,0.53,0.0,21.88
2025-10-12 03:15:53,040,CDKL5_005_177_50,385,0.64,1,0.094,0.0,21.89
2025-10-12 03:25:56,040,CDKL5_005_177_50,385,0.642,0,0.0,0.0,21.9
2025-10-12 03:35:59,040,CDKL5_005_177_50,325,0.541,1,0.11,0.0,21.91
2025-10-12 03:46:02,040,CDKL5_005_177_50,451,0.75,1,0.081,0.0,21.9
2025-10-12 03:56:05,040,CDKL5_005_177_50,277,0.46,4,0.366,0.0,21.96
2025-10-12 04:06:09,040,CDKL5_005_177_50,73,0.121,11,0.858,0.0,21.94
2025-10-12 04:16:11,040,CDKL5_005_177_50,233,0.388,3,0.34,0.0,21.91
2025-10-12 04:26:14,040,CDKL5_005_177_50,224,0.373,3,0.349,0.0,21.91
2025-10-12 04:36:17,040,CDKL5_005_177_50,400,0.666,0,0.0,0.0,21.92
2025-10-12 04:46:21,040,CDKL5_005_177_50,205,0.341,3,0.369,0.0,21.93
2025-10-12 04:56:24,040,CDKL5_005_177_50,189,0.314,4,0.458,0.0,21.92
2025-10-12 05:06:27,040,CDKL5_005_177_50,204,0.339,2,0.282,0.0,21.96
2025-10-12 05:16:31,040,CDKL5_005_177_50,184,0.306,4,0.465,0.0,21.91
2025-10-12 05:26:34,040,CDKL5_005_177_50,267,0.444,2,0.231,0.0,21.87
2025-10-12 05:36:37,040,CDKL5_005_177_50,278,0.463,3,0.302,0.0,21.83
2025-10-12 05:46:40,040,CDKL5_005_177_50,314,0.522,1,0.113,0.0,21.8
2025-10-12 05:56:43,040,CDKL5_005_177_50,94,0.156,9,0.793,0.0,21.79
2025-10-12 06:06:47,040,CDKL5_005_177_50,244,0.405,2,0.247,0.1332,21.79
2025-10-12 06:16:50,040,CDKL5_005_177_50,16,0.027,13,0.97,0.1368,21.79
2025-10-12 06:26:53,040,CDKL5_005_177_50,11,0.018,13,0.979,0.1368,21.77
2025-10-12 06:36:55,040,CDKL5_005_177_50,0,0.0,15,1.0,0.1368,21.75
2025-10-12 06:47:14,040,CDKL5_005_177_50,0,0.0,15,1.0,0.1368,21.77
2025-10-12 06:57:17,040,CDKL5_005_177_50,6,0.01,13,0.989,0.1368,21.73
2025-10-12 07:07:20,040,CDKL5_005_177_50,1,0.002,14,0.998,0.1368,21.7
2025-10-12 07:17:23,040,CDKL5_005_177_50,0,0.0,15,1.0,0.1368,21.69
2025-10-12 07:27:27,040,CDKL5_005_177_50,0,0.0,15,1.0,0.1476,21.66
2025-10-12 07:37:30,040,CDKL5_005_177_50,0,0.0,15,1.0,0.1476,21.65
2025-10-12 07:47:33,040,CDKL5_005_177_50,11,0.018,14,0.981,0.144,21.65
2025-10-12 07:57:36,040,CDKL5_005_177_50,2,0.003,14,0.996,0.1476,21.66
2025-10-12 08:07:39,040,CDKL5_005_177_50,0,0.0,15,1.0,0.144,21.65
2025-10-12 08:17:42,040,CDKL5_005_177_50,0,0.0,15,1.0,0.144,21.65
2025-10-12 08:27:45,040,CDKL5_005_177_50,5,0.008,14,0.991,0.144,21.65
2025-10-12 08:37:48,040,CDKL5_005_177_50,0,0.0,15,1.0,0.1404,21.65
2025-10-12 08:47:51,040,CDKL5_005_177_50,1,0.002,14,0.998,0.144,21.63
2025-10-12 08:57:54,040,CDKL5_005_177_50,0,0.0,15,1.0,0.144,21.62
2025-10-12 09:07:57,040,CDKL5_005_177_50,0,0.0,15,1.0,0.144,21.61
2025-10-12 09:18:00,040,CDKL5_005_177_50,0,0.0,15,1.0,0.144,21.6
2025-10-12 09:28:02,040,CDKL5_005_177_50,6,0.01,14,0.989,0.144,21.59
2025-10-12 09:38:05,040,CDKL5_005_177_50,72,0.12,11,0.859,0.1224,21.63
2025-10-12 09:48:08,040,CDKL5_005_177_50,9,0.015,13,0.983,0.1224,21.65
2025-10-12 09:58:11,040,CDKL5_005_177_50,2,0.003,13,0.996,0.1224,21.65
2025-10-12 10:08:14,040,CDKL5_005_177_50,0,0.0,15,1.0,0.1368,21.65
2025-10-12 10:18:17,040,CDKL5_005_177_50,0,0.0,15,1.0,0.1368,21.64
2025-10-12 10:28:20,040,CDKL5_005_177_50,0,0.0,15,1.0,0.1368,21.63
2025-10-12 10:38:23,040,CDKL5_005_177_50,0,0.0,15,1.0,0.1224,21.63
2025-10-12 10:48:44,040,CDKL5_005_177_50,0,0.0,15,1.0,0.1224,21.66
2025-10-12 10:58:47,040,CDKL5_005_177_50,5,0.008,13,0.99,0.1224,21.63
2025-10-12 11:08:50,040,CDKL5_005_177_50,24,0.04,10,0.943,0.1224,21.65
2025-10-12 11:18:53,040,CDKL5_005_177_50,146,0.243,1,0.215,0.1296,21.7
2025-10-12 11:28:56,040,CDKL5_005_177_50,40,0.067,13,0.929,0.18,21.7
2025-10-12 11:38:59,040,CDKL5_005_177_50,239,0.398,1,0.143,0.1224,21.7
2025-10-12 11:49:02,040,CDKL5_005_177_50,51,0.085,10,0.887,0.1584,21.68
2025-10-12 11:59:05,040,CDKL5_005_177_50,2,0.003,14,0.996,0.1584,21.66
2025-10-12 12:09:08,040,CDKL5_005_177_50,0,0.0,15,1.0,0.1512,21.64
2025-10-12 12:19:11,040,CDKL5_005_177_50,0,0.0,15,1.0,0.1512,21.61
2025-10-12 12:29:14,040,CDKL5_005_177_50,1,0.002,14,0.998,0.1512,21.6
2025-10-12 12:39:17,040,CDKL5_005_177_50,0,0.0,15,1.0,0.1512,21.58
2025-10-12 12:49:20,040,CDKL5_005_177_50,0,0.0,15,1.0,0.1512,21.56
2025-10-12 12:59:23,040,CDKL5_005_177_50,0,0.0,15,1.0,0.1512,21.53
2025-10-12 13:09:26,040,CDKL5_005_177_50,1,0.002,14,0.998,0.162,21.53
2025-10-12 13:19:29,040,CDKL5_005_177_50,0,0.0,15,1.0,0.162,21.51
2025-10-12 13:29:32,040,CDKL5_005_177_50,2,0.003,14,0.996,0.1512,21.51
2025-10-12 13:39:35,040,CDKL5_005_177_50,0,0.0,15,1.0,0.1512,21.51
2025-10-12 13:49:38,040,CDKL5_005_177_50,35,0.058,9,0.911,0.1512,21.52
2025-10-12 13:59:41,040,CDKL5_005_177_50,27,0.045,10,0.937,0.1692,21.53
2025-10-12 14:09:44,040,CDKL5_005_177_50,2,0.003,13,0.996,0.1656,21.54
2025-10-12 14:19:47,040,CDKL5_005_177_50,0,0.0,15,1.0,0.1692,21.51
2025-10-12 14:29:50,040,CDKL5_005_177_50,0,0.0,15,1.0,0.1692,21.48
2025-10-12 14:39:53,040,CDKL5_005_177_50,0,0.0,15,1.0,0.1692,21.47
2025-10-12 14:50:19,040,CDKL5_005_177_50,0,0.0,15,1.0,0.1692,21.52
2025-10-12 15:00:22,040,CDKL5_005_177_50,0,0.0,15,1.0,0.1692,21.51
2025-10-12 15:10:25,040,CDKL5_005_177_50,0,0.0,15,1.0,0.1584,21.51
2025-10-12 15:20:28,040,CDKL5_005_177_50,2,0.003,14,0.996,0.1656,21.51
2025-10-12 15:30:32,040,CDKL5_005_177_50,0,0.0,15,1.0,0.1692,21.51
2025-10-12 15:40:35,040,CDKL5_005_177_50,0,0.0,15,1.0,0.1656,21.51
2025-10-12 15:50:39,040,CDKL5_005_177_50,9,0.015,11,0.98,0.1692,21.53
2025-10-12 16:00:42,040,CDKL5_005_177_50,31,0.052,10,0.928,0.1692,21.57
2025-10-12 16:10:45,040,CDKL5_005_177_50,23,0.038,10,0.946,0.1656,21.61
2025-10-12 16:20:49,040,CDKL5_005_177_50,5,0.008,12,0.99,0.1692,21.63
2025-10-12 16:30:52,040,CDKL5_005_177_50,5,0.008,14,0.991,0.1728,21.62
2025-10-12 16:40:55,040,CDKL5_005_177_50,0,0.0,15,1.0,0.1728,21.6
2025-10-12 16:50:58,040,CDKL5_005_177_50,2,0.003,14,0.996,0.1728,21.58
2025-10-12 17:01:01,040,CDKL5_005_177_50,0,0.0,15,1.0,0.1728,21.58
2025-10-12 17:11:04,040,CDKL5_005_177_50,1,0.002,14,0.998,0.1728,21.57
2025-10-12 17:21:08,040,CDKL5_005_177_50,7,0.012,12,0.986,0.1872,21.58
2025-10-12 17:31:10,040,CDKL5_005_177_50,26,0.043,11,0.944,0.1692,21.61
2025-10-12 17:41:14,040,CDKL5_005_177_50,34,0.056,11,0.928,0.1764,21.62
2025-10-12 17:51:17,040,CDKL5_005_177_50,3,0.005,14,0.995,0.1656,21.61
2025-10-12 18:01:20,040,CDKL5_005_177_50,41,0.068,13,0.927,0.0,21.59
2025-10-12 18:11:23,040,CDKL5_005_177_50,355,0.591,2,0.184,0.0,21.62
2025-10-12 18:21:26,040,CDKL5_005_177_50,494,0.822,0,0.0,0.0,21.7
2025-10-12 18:31:29,040,CDKL5_005_177_50,473,0.786,1,0.078,0.0,21.72
2025-10-12 18:41:32,040,CDKL5_005_177_50,464,0.772,0,0.0,0.0,21.73
2025-10-12 18:51:49,040,CDKL5_005_177_50,282,0.472,3,0.299,0.0,21.77
2025-10-12 19:01:52,040,CDKL5_005_177_50,376,0.625,2,0.175,0.0,21.82
2025-10-12 19:11:55,040,CDKL5_005_177_50,449,0.746,0,0.0,0.0,21.86
2025-10-12 19:21:58,040,CDKL5_005_177_50,509,0.847,0,0.0,0.0,21.85
2025-10-12 19:32:01,040,CDKL5_005_177_50,456,0.757,0,0.0,0.0,21.88
2025-10-12 19:42:04,040,CDKL5_005_177_50,382,0.635,3,0.239,0.0,21.88
2025-10-12 19:52:08,040,CDKL5_005_177_50,316,0.526,4,0.336,0.0,21.92
2025-10-12 20:02:11,040,CDKL5_005_177_50,415,0.691,1,0.088,0.0,21.94
2025-10-12 20:12:13,040,CDKL5_005_177_50,407,0.677,2,0.164,0.0,21.94
2025-10-12 20:22:16,040,CDKL5_005_177_50,339,0.564,3,0.261,0.0,21.93
2025-10-12 20:32:19,040,CDKL5_005_177_50,474,0.789,0,0.0,0.0,21.99
2025-10-12 20:42:22,040,CDKL5_005_177_50,427,0.71,1,0.086,0.0,21.99
2025-10-12 20:52:24,040,CDKL5_005_177_50,170,0.283,7,0.622,0.0,21.98
2025-10-12 21:02:28,040,CDKL5_005_177_50,298,0.496,3,0.287,0.0,21.94
2025-10-12 21:12:31,040,CDKL5_005_177_50,415,0.691,1,0.088,0.0,21.97
2025-10-12 21:22:34,040,CDKL5_005_177_50,284,0.473,3,0.297,0.0,21.97
2025-10-12 21:32:36,040,CDKL5_005_177_50,169,0.281,8,0.654,0.0,21.95
2025-10-12 21:42:39,040,CDKL5_005_177_50,389,0.647,1,0.093,0.0,21.94
2025-10-12 21:52:42,040,CDKL5_005_177_50,394,0.656,2,0.169,0.0,21.98
2025-10-12 22:02:45,040,CDKL5_005_177_50,436,0.724,0,0.0,0.0,22.04
2025-10-12 22:12:48,040,CDKL5_005_177_50,300,0.499,4,0.348,0.0,22.04
2025-10-12 22:22:51,040,CDKL5_005_177_50,208,0.346,6,0.536,0.0,22.0
2025-10-12 22:32:54,040,CDKL5_005_177_50,425,0.707,1,0.086,0.0,21.96
2025-10-12 22:42:57,040,CDKL5_005_177_50,119,0.198,8,0.729,0.0,21.94
2025-10-12 22:53:18,040,CDKL5_005_177_50,364,0.608,2,0.18,0.0,21.96
2025-10-12 23:03:21,040,CDKL5_005_177_50,442,0.734,0,0.0,0.0,22.02
2025-10-12 23:13:24,040,CDKL5_005_177_50,270,0.449,5,0.426,0.0,22.01
2025-10-12 23:23:27,040,CDKL5_005_177_50,482,0.802,0,0.0,0.0,22.0
2025-10-12 23:33:31,040,CDKL5_005_177_50,250,0.416,6,0.49,0.0,21.98
2025-10-12 23:43:34,040,CDKL5_005_177_50,389,0.647,1,0.093,0.0,21.96
2025-10-12 23:53:37,040,CDKL5_005_177_50,270,0.449,4,0.372,0.0,21.94
2025-10-11 00:01:05,008,CDKL5_005_177_58,0,0.0,14,1.0,0.0,21.42
2025-10-11 00:11:08,008,CDKL5_005_177_58,2,0.003,14,0.996,0.0,21.4
2025-10-11 00:21:11,008,CDKL5_005_177_58,84,0.14,6,0.741,0.0,21.41
2025-10-11 00:31:14,008,CDKL5_005_177_58,135,0.225,3,0.471,0.0,21.46
2025-10-11 00:41:17,008,CDKL5_005_177_58,204,0.339,1,0.164,0.0,21.59
2025-10-11 00:51:20,008,CDKL5_005_177_58,204,0.339,0,0.0,0.0,21.64
2025-10-11 01:01:23,008,CDKL5_005_177_58,11,0.018,12,0.978,0.0,21.57
2025-10-11 01:11:26,008,CDKL5_005_177_58,6,0.01,12,0.988,0.0,21.52
2025-10-11 01:21:29,008,CDKL5_005_177_58,1,0.002,14,0.998,0.0,21.44
2025-10-11 01:31:32,008,CDKL5_005_177_58,0,0.0,14,1.0,0.0,21.41
2025-10-11 01:41:35,008,CDKL5_005_177_58,2,0.003,14,0.996,0.0,21.36
2025-10-11 01:51:38,008,CDKL5_005_177_58,2,0.003,14,0.996,0.0,21.33
2025-10-11 02:01:41,008,CDKL5_005_177_58,0,0.0,14,1.0,0.0,21.31
2025-10-11 02:12:06,008,CDKL5_005_177_58,1,0.002,14,0.998,0.0,21.34
2025-10-11 02:22:09,008,CDKL5_005_177_58,1,0.002,14,0.998,0.0,21.31
2025-10-11 02:32:11,008,CDKL5_005_177_58,0,0.0,14,1.0,0.0,21.3
2025-10-11 02:42:15,008,CDKL5_005_177_58,1,0.002,14,0.998,0.0,21.28
2025-10-11 02:52:18,008,CDKL5_005_177_58,7,0.012,14,0.988,0.0,21.28
2025-10-11 03:02:21,008,CDKL5_005_177_58,129,0.215,2,0.383,0.0,21.35
2025-10-11 03:12:24,008,CDKL5_005_177_58,26,0.043,9,0.933,0.0,21.36
2025-10-11 03:22:26,008,CDKL5_005_177_58,37,0.062,9,0.907,0.0,21.35
2025-10-11 03:32:29,008,CDKL5_005_177_58,65,0.108,10,0.86,0.0,21.36
2025-10-11 03:42:32,008,CDKL5_005_177_58,2,0.003,13,0.996,0.0,21.35
2025-10-11 03:52:35,008,CDKL5_005_177_58,2,0.003,14,0.996,0.0,21.35
2025-10-11 04:02:38,008,CDKL5_005_177_58,1,0.002,14,0.998,0.0,21.31
2025-10-11 04:12:41,008,CDKL5_005_177_58,1,0.002,14,0.998,0.0,21.3
2025-10-11 04:22:44,008,CDKL5_005_177_58,11,0.018,12,0.978,0.0,21.31
2025-10-11 04:32:47,008,CDKL5_005_177_58,77,0.128,8,0.806,0.0,21.33
2025-10-11 04:42:50,008,CDKL5_005_177_58,90,0.15,7,0.757,0.0,21.44
2025-10-11 04:52:54,008,CDKL5_005_177_58,12,0.02,11,0.973,0.0,21.4
2025-10-11 05:02:56,008,CDKL5_005_177_58,3,0.005,13,0.994,0.0,21.36
2025-10-11 05:12:59,008,CDKL5_005_177_58,1,0.002,14,0.998,0.0,21.32
2025-10-11 05:23:02,008,CDKL5_005_177_58,2,0.003,13,0.996,0.0,21.3
2025-10-11 05:33:04,008,CDKL5_005_177_58,0,0.0,14,1.0,0.0,21.28
2025-10-11 05:43:08,008,CDKL5_005_177_58,1,0.002,14,0.998,0.0,21.26
2025-10-11 05:53:10,008,CDKL5_005_177_58,1,0.002,14,0.998,0.0,21.24
2025-10-11 06:03:13,008,CDKL5_005_177_58,2,0.003,13,0.996,1.7784,21.24
2025-10-11 06:13:33,008,CDKL5_005_177_58,0,0.0,14,1.0,1.7964,21.29
2025-10-11 06:23:37,008,CDKL5_005_177_58,1,0.002,14,0.998,1.7568,21.28
2025-10-11 06:33:39,008,CDKL5_005_177_58,0,0.0,14,1.0,1.7496,21.27
2025-10-11 06:43:42,008,CDKL5_005_177_58,0,0.0,14,1.0,1.7568,21.26
2025-10-11 06:53:45,008,CDKL5_005_177_58,0,0.0,14,1.0,1.7532,21.26
2025-10-11 07:03:48,008,CDKL5_005_177_58,0,0.0,14,1.0,1.7424,21.24
2025-10-11 07:13:51,008,CDKL5_005_177_58,0,0.0,14,1.0,1.7424,21.25
2025-10-11 07:23:54,008,CDKL5_005_177_58,0,0.0,14,1.0,1.7388,21.23
2025-10-11 07:33:57,008,CDKL5_005_177_58,1,0.002,14,0.998,1.7352,21.23
2025-10-11 07:43:59,008,CDKL5_005_177_58,0,0.0,14,1.0,1.728,21.24
2025-10-11 07:54:02,008,CDKL5_005_177_58,1,0.002,14,0.998,1.7352,21.24
2025-10-11 08:04:05,008,CDKL5_005_177_58,1,0.002,14,0.998,1.728,21.24
2025-10-11 08:14:08,008,CDKL5_005_177_58,0,0.0,14,1.0,1.7316,21.24
2025-10-11 08:24:11,008,CDKL5_005_177_58,0,0.0,14,1.0,1.7064,21.25
2025-10-11 08:34:14,008,CDKL5_005_177_58,0,0.0,14,1.0,1.7424,21.25
2025-10-11 08:44:17,008,CDKL5_005_177_58,7,0.012,14,0.988,1.7928,21.27
2025-10-11 08:54:19,008,CDKL5_005_177_58,0,0.0,14,1.0,1.782,21.27
2025-10-11 09:04:22,008,CDKL5_005_177_58,0,0.0,14,1.0,1.7964,21.27
2025-10-11 09:14:25,008,CDKL5_005_177_58,0,0.0,14,1.0,1.7784,21.27
2025-10-11 09:24:28,008,CDKL5_005_177_58,0,0.0,14,1.0,1.7892,21.26
2025-10-11 09:34:31,008,CDKL5_005_177_58,0,0.0,14,1.0,1.7784,21.25
2025-10-11 09:44:34,008,CDKL5_005_177_58,0,0.0,14,1.0,1.7928,21.24
2025-10-11 09:54:37,008,CDKL5_005_177_58,0,0.0,14,1.0,1.8,21.23
2025-10-11 10:04:40,008,CDKL5_005_177_58,0,0.0,14,1.0,1.8144,21.23
2025-10-11 10:14:59,008,CDKL5_005_177_58,0,0.0,14,1.0,1.818,21.26
2025-10-11 10:25:02,008,CDKL5_005_177_58,0,0.0,14,1.0,1.8072,21.25
2025-10-11 10:35:05,008,CDKL5_005_177_58,0,0.0,14,1.0,1.8108,21.23
2025-10-11 10:45:08,008,CDKL5_005_177_58,0,0.0,14,1.0,1.8072,21.23
2025-10-11 10:55:10,008,CDKL5_005_177_58,0,0.0,14,1.0,1.7928,21.22
2025-10-11 11:05:13,008,CDKL5_005_177_58,0,0.0,14,1.0,1.7856,21.22
2025-10-11 11:15:16,008,CDKL5_005_177_58,0,0.0,14,1.0,1.7928,21.22
2025-10-11 11:25:20,008,CDKL5_005_177_58,0,0.0,14,1.0,1.7856,21.22
2025-10-11 11:35:23,008,CDKL5_005_177_58,14,0.023,13,0.974,1.782,21.21
2025-10-11 11:45:26,008,CDKL5_005_177_58,2,0.003,14,0.996,1.7856,21.21
2025-10-11 11:55:28,008,CDKL5_005_177_58,0,0.0,14,1.0,1.8072,21.22
2025-10-11 12:05:31,008,CDKL5_005_177_58,0,0.0,14,1.0,1.8216,21.23
2025-10-11 12:15:34,008,CDKL5_005_177_58,0,0.0,14,1.0,1.8324,21.21
2025-10-11 12:25:37,008,CDKL5_005_177_58,0,0.0,14,1.0,1.8288,21.2
2025-10-11 12:35:40,008,CDKL5_005_177_58,1,0.002,14,0.998,1.836,21.18
2025-10-11 12:45:43,008,CDKL5_005_177_58,0,0.0,14,1.0,1.8432,21.18
2025-10-11 12:55:46,008,CDKL5_005_177_58,0,0.0,14,1.0,1.8288,21.17
2025-10-11 13:05:49,008,CDKL5_005_177_58,0,0.0,14,1.0,1.8324,21.16
2025-10-11 13:15:52,008,CDKL5_005_177_58,0,0.0,14,1.0,1.8288,21.16
2025-10-11 13:25:54,008,CDKL5_005_177_58,0,0.0,14,1.0,1.8288,21.15
2025-10-11 13:35:57,008,CDKL5_005_177_58,0,0.0,14,1.0,1.8288,21.14
2025-10-11 13:46:00,008,CDKL5_005_177_58,0,0.0,14,1.0,1.8288,21.14
2025-10-11 13:56:02,008,CDKL5_005_177_58,0,0.0,14,1.0,1.8396,21.13
2025-10-11 14:06:05,008,CDKL5_005_177_58,0,0.0,14,1.0,1.8288,21.12
2025-10-11 14:16:27,008,CDKL5_005_177_58,0,0.0,14,1.0,1.8288,21.17
2025-10-11 14:26:30,008,CDKL5_005_177_58,0,0.0,14,1.0,1.8288,21.16
2025-10-11 14:36:33,008,CDKL5_005_177_58,0,0.0,14,1.0,1.8288,21.13
2025-10-11 14:46:36,008,CDKL5_005_177_58,0,0.0,14,1.0,1.8108,21.14
2025-10-11 14:56:39,008,CDKL5_005_177_58,0,0.0,14,1.0,1.8144,21.15
2025-10-11 15:06:42,008,CDKL5_005_177_58,0,0.0,14,1.0,1.8216,21.16
2025-10-11 15:16:45,008,CDKL5_005_177_58,0,0.0,14,1.0,1.8,21.18
2025-10-11 15:26:48,008,CDKL5_005_177_58,0,0.0,14,1.0,1.8,21.18
2025-10-11 15:36:51,008,CDKL5_005_177_58,0,0.0,14,1.0,1.8,21.19
2025-10-11 15:46:54,008,CDKL5_005_177_58,0,0.0,14,1.0,1.8108,21.17
2025-10-11 15:56:57,008,CDKL5_005_177_58,0,0.0,14,1.0,1.8108,21.16
2025-10-11 16:07:00,008,CDKL5_005_177_58,0,0.0,14,1.0,1.8108,21.16
2025-10-11 16:17:03,008,CDKL5_005_177_58,0,0.0,14,1.0,1.8,21.15
2025-10-11 16:27:06,008,CDKL5_005_177_58,0,0.0,14,1.0,1.8144,21.15
2025-10-11 16:37:09,008,CDKL5_005_177_58,0,0.0,14,1.0,1.8144,21.13
2025-10-11 16:47:12,008,CDKL5_005_177_58,0,0.0,14,1.0,1.8072,21.13
2025-10-11 16:57:14,008,CDKL5_005_177_58,0,0.0,14,1.0,1.8072,21.14
2025-10-11 17:07:17,008,CDKL5_005_177_58,0,0.0,14,1.0,1.8216,21.14
2025-10-11 17:17:20,008,CDKL5_005_177_58,0,0.0,14,1.0,1.8216,21.14
2025-10-11 17:27:23,008,CDKL5_005_177_58,0,0.0,14,1.0,1.8144,21.15
2025-10-11 17:37:26,008,CDKL5_005_177_58,0,0.0,14,1.0,1.8072,21.16
2025-10-11 17:47:29,008,CDKL5_005_177_58,0,0.0,14,1.0,1.8072,21.16
2025-10-11 17:57:32,008,CDKL5_005_177_58,0,0.0,14,1.0,1.818,21.17
2025-10-11 18:07:34,008,CDKL5_005_177_58,186,0.309,5,0.518,0.0,21.21
2025-10-11 18:17:56,008,CDKL5_005_177_58,306,0.512,1,0.116,0.0,21.36
2025-10-11 18:27:59,008,CDKL5_005_177_58,65,0.108,12,0.881,0.0,21.42
2025-10-11 18:38:02,008,CDKL5_005_177_58,1,0.002,13,0.998,0.0,21.4
2025-10-11 18:48:04,008,CDKL5_005_177_58,262,0.436,2,0.234,0.0,21.46
2025-10-11 18:58:07,008,CDKL5_005_177_58,301,0.501,0,0.0,0.0,21.55
2025-10-11 19:08:10,008,CDKL5_005_177_58,2,0.003,13,0.996,0.0,21.51
2025-10-11 19:18:13,008,CDKL5_005_177_58,180,0.299,3,0.4,0.0,21.56
2025-10-11 19:28:16,008,CDKL5_005_177_58,140,0.233,4,0.533,0.0,21.57
2025-10-11 19:38:18,008,CDKL5_005_177_58,210,0.349,2,0.276,0.0,21.64
2025-10-11 19:48:21,008,CDKL5_005_177_58,180,0.3,4,0.471,0.0,21.66
2025-10-11 19:58:24,008,CDKL5_005_177_58,109,0.181,6,0.688,0.0,21.64
2025-10-11 20:08:26,008,CDKL5_005_177_58,237,0.394,1,0.144,0.0,21.63
2025-10-11 20:18:29,008,CDKL5_005_177_58,153,0.255,3,0.44,0.0,21.65
2025-10-11 20:28:32,008,CDKL5_005_177_58,117,0.195,6,0.672,0.0,21.63
2025-10-11 20:38:35,008,CDKL5_005_177_58,162,0.27,3,0.426,0.0,21.63
2025-10-11 20:48:38,008,CDKL5_005_177_58,163,0.271,1,0.197,0.0,21.61
2025-10-11 20:58:41,008,CDKL5_005_177_58,24,0.04,10,0.943,0.0,21.6
2025-10-11 21:08:44,008,CDKL5_005_177_58,88,0.147,9,0.804,0.0,21.58
2025-10-11 21:18:47,008,CDKL5_005_177_58,138,0.23,4,0.537,0.0,21.6
2025-10-11 21:28:50,008,CDKL5_005_177_58,238,0.396,2,0.252,0.0,21.66
2025-10-11 21:38:53,008,CDKL5_005_177_58,166,0.276,5,0.546,0.0,21.66
2025-10-11 21:48:55,008,CDKL5_005_177_58,44,0.073,11,0.909,0.0,21.61
2025-10-11 21:58:58,008,CDKL5_005_177_58,3,0.005,14,0.995,0.0,21.56
2025-10-11 22:09:01,008,CDKL5_005_177_58,1,0.002,14,0.998,0.0,21.5
2025-10-11 22:19:24,008,CDKL5_005_177_58,0,0.0,14,1.0,0.0,21.5
2025-10-11 22:29:27,008,CDKL5_005_177_58,0,0.0,14,1.0,0.0,21.44
2025-10-11 22:39:30,008,CDKL5_005_177_58,1,0.002,13,0.998,0.0,21.39
2025-10-11 22:49:33,008,CDKL5_005_177_58,11,0.018,13,0.979,0.0,21.38
2025-10-11 22:59:37,008,CDKL5_005_177_58,275,0.458,0,0.0,0.0,21.45
2025-10-11 23:09:40,008,CDKL5_005_177_58,219,0.364,3,0.354,0.0,21.57
2025-10-11 23:19:43,008,CDKL5_005_177_58,85,0.141,9,0.809,0.0,21.53
2025-10-11 23:29:46,008,CDKL5_005_177_58,165,0.275,4,0.492,0.0,21.55
2025-10-11 23:39:49,008,CDKL5_005_177_58,40,0.066,9,0.9,0.0,21.53
2025-10-11 23:49:52,008,CDKL5_005_177_58,190,0.316,2,0.296,0.0,21.54
2025-10-11 23:59:55,008,CDKL5_005_177_58,115,0.191,5,0.635,0.0,21.54
2025-10-12 00:09:59,008,CDKL5_005_177_58,26,0.043,11,0.944,0.0,21.5
2025-10-12 00:20:01,008,CDKL5_005_177_58,141,0.235,5,0.587,0.0,21.53
2025-10-12 00:30:04,008,CDKL5_005_177_58,100,0.166,4,0.615,0.0,21.5
2025-10-12 00:40:06,008,CDKL5_005_177_58,72,0.12,9,0.833,0.0,21.5
2025-10-12 00:50:09,008,CDKL5_005_177_58,16,0.027,13,0.97,0.0,21.43
2025-10-12 01:00:12,008,CDKL5_005_177_58,4,0.007,13,0.992,0.0,21.38
2025-10-12 01:10:15,008,CDKL5_005_177_58,2,0.003,13,0.996,0.0,21.32
2025-10-12 01:20:19,008,CDKL5_005_177_58,1,0.002,14,0.998,0.0,21.27
2025-10-12 01:30:22,008,CDKL5_005_177_58,1,0.002,14,0.998,0.0,21.24
2025-10-12 01:40:24,008,CDKL5_005_177_58,1,0.002,14,0.998,0.0,21.21
2025-10-12 01:50:27,008,CDKL5_005_177_58,0,0.0,14,1.0,0.0,21.18
2025-10-12 02:00:30,008,CDKL5_005_177_58,0,0.0,14,1.0,0.0,21.17
2025-10-12 02:10:33,008,CDKL5_005_177_58,0,0.0,14,1.0,0.0,21.15
2025-10-12 02:20:59,008,CDKL5_005_177_58,0,0.0,14,1.0,0.0,21.22
2025-10-12 02:31:02,008,CDKL5_005_177_58,80,0.133,10,0.833,0.0,21.22
2025-10-12 02:41:05,008,CDKL5_005_177_58,141,0.235,5,0.587,0.0,21.26
2025-10-12 02:51:08,008,CDKL5_005_177_58,12,0.02,13,0.977,0.0,21.3
2025-10-12 03:01:12,008,CDKL5_005_177_58,142,0.236,5,0.585,0.0,21.35
2025-10-12 03:11:14,008,CDKL5_005_177_58,72,0.12,9,0.833,0.0,21.37
2025-10-12 03:21:17,008,CDKL5_005_177_58,10,0.017,12,0.98,0.0,21.33
2025-10-12 03:31:20,008,CDKL5_005_177_58,2,0.003,13,0.996,0.0,21.31
2025-10-12 03:41:22,008,CDKL5_005_177_58,0,0.0,14,1.0,0.0,21.28
2025-10-12 03:51:25,008,CDKL5_005_177_58,13,0.022,12,0.974,0.0,21.28
2025-10-12 04:01:28,008,CDKL5_005_177_58,25,0.042,13,0.954,0.0,21.26
2025-10-12 04:11:31,008,CDKL5_005_177_58,54,0.09,10,0.881,0.0,21.29
2025-10-12 04:21:34,008,CDKL5_005_177_58,3,0.005,13,0.994,0.0,21.3
2025-10-12 04:31:37,008,CDKL5_005_177_58,78,0.13,9,0.822,0.0,21.32
2025-10-12 04:41:40,008,CDKL5_005_177_58,28,0.047,11,0.94,0.0,21.33
2025-10-12 04:51:44,008,CDKL5_005_177_58,14,0.023,12,0.972,0.0,21.3
2025-10-12 05:01:46,008,CDKL5_005_177_58,0,0.0,14,1.0,0.0,21.26
2025-10-12 05:11:49,008,CDKL5_005_177_58,0,0.0,14,1.0,0.0,21.24
2025-10-12 05:21:52,008,CDKL5_005_177_58,0,0.0,14,1.0,0.0,21.19
2025-10-12 05:31:55,008,CDKL5_005_177_58,120,0.2,8,0.727,0.0,21.25
2025-10-12 05:41:58,008,CDKL5_005_177_58,45,0.075,11,0.907,0.0,21.24
2025-10-12 05:52:01,008,CDKL5_005_177_58,0,0.0,14,1.0,0.0,21.23
2025-10-12 06:02:04,008,CDKL5_005_177_58,18,0.03,11,0.961,1.9692,21.22
2025-10-12 06:12:07,008,CDKL5_005_177_58,0,0.0,14,1.0,1.8936,21.23
2025-10-12 06:22:30,008,CDKL5_005_177_58,1,0.002,14,0.998,1.9512,21.28
2025-10-12 06:32:33,008,CDKL5_005_177_58,0,0.0,14,1.0,1.9296,21.24
2025-10-12 06:42:36,008,CDKL5_005_177_58,0,0.0,14,1.0,1.9296,21.23
2025-10-12 06:52:39,008,CDKL5_005_177_58,0,0.0,14,1.0,1.9368,21.22
2025-10-12 07:02:42,008,CDKL5_005_177_58,0,0.0,14,1.0,1.9476,21.2
2025-10-12 07:12:45,008,CDKL5_005_177_58,0,0.0,14,1.0,1.9296,21.19
2025-10-12 07:22:47,008,CDKL5_005_177_58,0,0.0,14,1.0,1.9404,21.19
2025-10-12 07:32:50,008,CDKL5_005_177_58,0,0.0,14,1.0,1.9368,21.18
2025-10-12 07:42:53,008,CDKL5_005_177_58,0,0.0,14,1.0,1.9476,21.18
2025-10-12 07:52:56,008,CDKL5_005_177_58,0,0.0,14,1.0,1.9224,21.19
2025-10-12 08:02:59,008,CDKL5_005_177_58,0,0.0,14,1.0,1.926,21.19
2025-10-12 08:13:02,008,CDKL5_005_177_58,1,0.002,14,0.998,1.9404,21.18
2025-10-12 08:23:06,008,CDKL5_005_177_58,0,0.0,14,1.0,1.9296,21.18
2025-10-12 08:33:09,008,CDKL5_005_177_58,0,0.0,14,1.0,1.9008,21.18
2025-10-12 08:43:12,008,CDKL5_005_177_58,0,0.0,14,1.0,1.9332,21.18
2025-10-12 08:53:15,008,CDKL5_005_177_58,0,0.0,14,1.0,1.9152,21.18
2025-10-12 09:03:18,008,CDKL5_005_177_58,0,0.0,14,1.0,1.926,21.18
2025-10-12 09:13:21,008,CDKL5_005_177_58,0,0.0,14,1.0,1.9296,21.18
2025-10-12 09:23:24,008,CDKL5_005_177_58,0,0.0,14,1.0,1.9224,21.17
2025-10-12 09:33:26,008,CDKL5_005_177_58,0,0.0,14,1.0,1.9188,21.18
2025-10-12 09:43:29,008,CDKL5_005_177_58,0,0.0,14,1.0,1.926,21.17
2025-10-12 09:53:32,008,CDKL5_005_177_58,0,0.0,14,1.0,1.944,21.17
2025-10-12 10:03:34,008,CDKL5_005_177_58,0,0.0,14,1.0,1.9368,21.17
2025-10-12 10:13:38,008,CDKL5_005_177_58,0,0.0,14,1.0,1.9476,21.16
2025-10-12 10:23:58,008,CDKL5_005_177_58,1,0.002,14,0.998,1.9584,21.2
2025-10-12 10:34:01,008,CDKL5_005_177_58,0,0.0,14,1.0,1.944,21.19
2025-10-12 10:44:04,008,CDKL5_005_177_58,0,0.0,14,1.0,1.944,21.17
2025-10-12 10:54:06,008,CDKL5_005_177_58,0,0.0,14,1.0,1.9512,21.17
2025-10-12 11:04:09,008,CDKL5_005_177_58,0,0.0,14,1.0,1.9404,21.16
2025-10-12 11:14:12,008,CDKL5_005_177_58,0,0.0,14,1.0,1.9224,21.17
2025-10-12 11:24:15,008,CDKL5_005_177_58,0,0.0,14,1.0,1.9296,21.17
2025-10-12 11:34:17,008,CDKL5_005_177_58,0,0.0,14,1.0,1.9332,21.17
2025-10-12 11:44:20,008,CDKL5_005_177_58,0,0.0,14,1.0,1.9404,21.15
2025-10-12 11:54:23,008,CDKL5_005_177_58,0,0.0,14,1.0,1.944,21.16
2025-10-12 12:04:26,008,CDKL5_005_177_58,12,0.02,12,0.976,1.9224,21.17
2025-10-12 12:14:28,008,CDKL5_005_177_58,15,0.025,13,0.972,1.6452,21.18
2025-10-12 12:24:31,008,CDKL5_005_177_58,57,0.095,7,0.831,1.818,21.24
2025-10-12 12:34:34,008,CDKL5_005_177_58,22,0.037,13,0.959,1.8864,21.24
2025-10-12 12:44:37,008,CDKL5_005_177_58,1,0.002,14,0.998,1.9584,21.24
2025-10-12 12:54:40,008,CDKL5_005_177_58,6,0.01,14,0.989,1.9368,21.2
2025-10-12 13:04:43,008,CDKL5_005_177_58,0,0.0,14,1.0,1.9368,21.18
2025-10-12 13:14:46,008,CDKL5_005_177_58,0,0.0,14,1.0,1.9368,21.16
2025-10-12 13:24:49,008,CDKL5_005_177_58,0,0.0,14,1.0,1.9296,21.15
2025-10-12 13:34:52,008,CDKL5_005_177_58,0,0.0,14,1.0,1.9368,21.11
2025-10-12 13:44:55,008,CDKL5_005_177_58,0,0.0,14,1.0,1.9368,21.09
2025-10-12 13:54:57,008,CDKL5_005_177_58,0,0.0,14,1.0,1.9368,21.08
2025-10-12 14:05:00,008,CDKL5_005_177_58,0,0.0,14,1.0,1.9368,21.07
2025-10-12 14:15:03,008,CDKL5_005_177_58,0,0.0,14,1.0,1.9368,21.08
2025-10-12 14:25:19,008,CDKL5_005_177_58,0,0.0,14,1.0,1.944,21.1
2025-10-12 14:35:22,008,CDKL5_005_177_58,0,0.0,14,1.0,1.9476,21.08
2025-10-12 14:45:24,008,CDKL5_005_177_58,0,0.0,14,1.0,1.9476,21.06
2025-10-12 14:55:27,008,CDKL5_005_177_58,0,0.0,14,1.0,1.9476,21.07
2025-10-12 15:05:30,008,CDKL5_005_177_58,0,0.0,14,1.0,1.9476,21.06
2025-10-12 15:15:32,008,CDKL5_005_177_58,0,0.0,14,1.0,1.944,21.06
2025-10-12 15:25:35,008,CDKL5_005_177_58,0,0.0,14,1.0,1.944,21.05
2025-10-12 15:35:38,008,CDKL5_005_177_58,0,0.0,14,1.0,1.9476,21.05
2025-10-12 15:45:41,008,CDKL5_005_177_58,0,0.0,14,1.0,1.944,21.05
2025-10-12 15:55:44,008,CDKL5_005_177_58,0,0.0,14,1.0,1.944,21.05
2025-10-12 16:05:48,008,CDKL5_005_177_58,0,0.0,14,1.0,1.9548,21.05
2025-10-12 16:15:51,008,CDKL5_005_177_58,0,0.0,14,1.0,1.9368,21.06
2025-10-12 16:25:53,008,CDKL5_005_177_58,0,0.0,14,1.0,1.9476,21.06
2025-10-12 16:35:56,008,CDKL5_005_177_58,0,0.0,14,1.0,1.944,21.05
2025-10-12 16:45:59,008,CDKL5_005_177_58,0,0.0,14,1.0,1.9368,21.06
2025-10-12 16:56:02,008,CDKL5_005_177_58,0,0.0,14,1.0,1.944,21.07
2025-10-12 17:06:05,008,CDKL5_005_177_58,0,0.0,14,1.0,1.9476,21.09
2025-10-12 17:16:08,008,CDKL5_005_177_58,0,0.0,14,1.0,1.9548,21.1
2025-10-12 17:26:10,008,CDKL5_005_177_58,0,0.0,14,1.0,1.944,21.1
2025-10-12 17:36:14,008,CDKL5_005_177_58,0,0.0,14,1.0,1.9512,21.11
2025-10-12 17:46:16,008,CDKL5_005_177_58,0,0.0,14,1.0,1.962,21.1
2025-10-12 17:56:20,008,CDKL5_005_177_58,0,0.0,14,1.0,1.9512,21.11
2025-10-12 18:06:23,008,CDKL5_005_177_58,93,0.155,9,0.795,0.0,21.13
2025-10-12 18:16:26,008,CDKL5_005_177_58,144,0.24,6,0.625,0.0,21.18
2025-10-12 18:26:44,008,CDKL5_005_177_58,216,0.36,4,0.426,0.0,21.36
2025-10-12 18:36:47,008,CDKL5_005_177_58,133,0.222,7,0.678,0.0,21.36
2025-10-12 18:46:50,008,CDKL5_005_177_58,164,0.273,6,0.594,0.0,21.48
2025-10-12 18:56:53,008,CDKL5_005_177_58,67,0.111,9,0.843,0.0,21.46
2025-10-12 19:06:56,008,CDKL5_005_177_58,70,0.116,8,0.821,0.0,21.45
2025-10-12 19:16:59,008,CDKL5_005_177_58,202,0.336,5,0.498,0.0,21.49
2025-10-12 19:27:02,008,CDKL5_005_177_58,147,0.245,5,0.576,0.0,21.57
2025-10-12 19:37:05,008,CDKL5_005_177_58,126,0.21,6,0.656,0.0,21.57
2025-10-12 19:47:08,008,CDKL5_005_177_58,106,0.176,7,0.725,0.0,21.6
2025-10-12 19:57:11,008,CDKL5_005_177_58,179,0.298,3,0.401,0.0,21.67
2025-10-12 20:07:14,008,CDKL5_005_177_58,31,0.052,11,0.934,0.0,21.62
2025-10-12 20:17:17,008,CDKL5_005_177_58,72,0.12,5,0.735,0.0,21.6
2025-10-12 20:27:19,008,CDKL5_005_177_58,56,0.093,10,0.877,0.0,21.58
2025-10-12 20:37:22,008,CDKL5_005_177_58,169,0.281,3,0.415,0.0,21.61
2025-10-12 20:47:25,008,CDKL5_005_177_58,206,0.342,1,0.163,0.0,21.63
2025-10-12 20:57:28,008,CDKL5_005_177_58,14,0.023,12,0.972,0.0,21.62
2025-10-12 21:07:32,008,CDKL5_005_177_58,12,0.02,13,0.977,0.0,21.58
2025-10-12 21:17:34,008,CDKL5_005_177_58,2,0.003,14,0.996,0.0,21.53
2025-10-12 21:27:38,008,CDKL5_005_177_58,0,0.0,14,1.0,0.0,21.49
2025-10-12 21:37:41,008,CDKL5_005_177_58,0,0.0,14,1.0,0.0,21.45
2025-10-12 21:47:44,008,CDKL5_005_177_58,0,0.0,14,1.0,0.0,21.42
2025-10-12 21:57:47,008,CDKL5_005_177_58,1,0.002,14,0.998,0.0,21.38
2025-10-12 22:07:50,008,CDKL5_005_177_58,4,0.007,14,0.993,0.0,21.38
2025-10-12 22:17:53,008,CDKL5_005_177_58,7,0.012,13,0.987,0.0,21.38
2025-10-12 22:28:14,008,CDKL5_005_177_58,11,0.018,13,0.979,0.0,21.43
2025-10-12 22:38:17,008,CDKL5_005_177_58,103,0.172,6,0.7,0.0,21.46
2025-10-12 22:48:20,008,CDKL5_005_177_58,177,0.295,5,0.531,0.0,21.5
2025-10-12 22:58:22,008,CDKL5_005_177_58,79,0.131,7,0.78,0.0,21.54
2025-10-12 23:08:25,008,CDKL5_005_177_58,2,0.003,14,0.996,0.0,21.5
2025-10-12 23:18:27,008,CDKL5_005_177_58,105,0.175,6,0.696,0.0,21.53
2025-10-12 23:28:30,008,CDKL5_005_177_58,30,0.05,11,0.936,0.0,21.53
2025-10-12 23:38:33,008,CDKL5_005_177_58,51,0.085,8,0.863,0.0,21.48
2025-10-12 23:48:36,008,CDKL5_005_177_58,62,0.103,9,0.853,0.0,21.44
2025-10-12 23:58:39,008,CDKL5_005_177_58,3,0.005,12,0.994,0.0,21.39
2025-10-11 00:09:47,042,CDKL5_005_177_60,222,0.369,5,0.474,0.0,21.72
2025-10-11 00:19:50,042,CDKL5_005_177_60,224,0.373,3,0.349,0.0,21.83
2025-10-11 00:29:53,042,CDKL5_005_177_60,125,0.208,7,0.691,0.0,21.86
2025-10-11 00:39:56,042,CDKL5_005_177_60,303,0.504,3,0.284,0.0,21.88
2025-10-11 00:49:59,042,CDKL5_005_177_60,318,0.529,1,0.112,0.0,22.02
2025-10-11 01:00:02,042,CDKL5_005_177_60,235,0.391,4,0.405,0.0,21.98
2025-10-11 01:10:05,042,CDKL5_005_177_60,231,0.384,5,0.464,0.0,21.96
2025-10-11 01:20:09,042,CDKL5_005_177_60,306,0.509,1,0.116,0.0,22.06
2025-10-11 01:30:12,042,CDKL5_005_177_60,144,0.24,8,0.69,0.0,21.98
2025-10-11 01:40:15,042,CDKL5_005_177_60,53,0.088,12,0.901,0.0,21.84
2025-10-11 01:50:19,042,CDKL5_005_177_60,123,0.205,7,0.695,0.0,21.78
2025-10-11 02:00:22,042,CDKL5_005_177_60,111,0.185,8,0.742,0.0,21.74
2025-10-11 02:10:25,042,CDKL5_005_177_60,25,0.042,14,0.957,0.0,21.66
2025-10-11 02:20:52,042,CDKL5_005_177_60,0,0.0,15,1.0,0.0,21.64
2025-10-11 02:30:56,042,CDKL5_005_177_60,27,0.045,13,0.951,0.0,21.56
2025-10-11 02:40:59,042,CDKL5_005_177_60,0,0.0,15,1.0,0.0,21.49
2025-10-11 02:51:02,042,CDKL5_005_177_60,0,0.0,15,1.0,0.0,21.45
2025-10-11 03:01:04,042,CDKL5_005_177_60,0,0.0,15,1.0,0.0,21.38
2025-10-11 03:11:07,042,CDKL5_005_177_60,1,0.002,15,0.998,0.0,21.34
2025-10-11 03:21:11,042,CDKL5_005_177_60,0,0.0,15,1.0,0.0,21.31
2025-10-11 03:31:14,042,CDKL5_005_177_60,0,0.0,15,1.0,0.0,21.28
2025-10-11 03:41:17,042,CDKL5_005_177_60,9,0.015,14,0.984,0.0,21.26
2025-10-11 03:51:21,042,CDKL5_005_177_60,117,0.195,8,0.732,0.0,21.3
2025-10-11 04:01:24,042,CDKL5_005_177_60,255,0.424,5,0.44,0.0,21.48
2025-10-11 04:11:28,042,CDKL5_005_177_60,130,0.216,9,0.735,0.0,21.52
2025-10-11 04:21:31,042,CDKL5_005_177_60,129,0.215,9,0.736,0.0,21.52
2025-10-11 04:31:34,042,CDKL5_005_177_60,158,0.262,7,0.639,0.0,21.53
2025-10-11 04:41:38,042,CDKL5_005_177_60,306,0.509,4,0.343,0.0,21.7
2025-10-11 04:51:41,042,CDKL5_005_177_60,142,0.236,7,0.664,0.0,21.64
2025-10-11 05:01:44,042,CDKL5_005_177_60,207,0.344,5,0.491,0.0,21.72
2025-10-11 05:11:47,042,CDKL5_005_177_60,0,0.0,15,1.0,0.0,21.61
2025-10-11 05:21:49,042,CDKL5_005_177_60,0,0.0,15,1.0,0.0,21.52
2025-10-11 05:31:53,042,CDKL5_005_177_60,0,0.0,15,1.0,0.0,21.43
2025-10-11 05:41:56,042,CDKL5_005_177_60,0,0.0,15,1.0,0.0,21.36
2025-10-11 05:51:59,042,CDKL5_005_177_60,0,0.0,15,1.0,0.0,21.33
2025-10-11 06:02:03,042,CDKL5_005_177_60,0,0.0,15,1.0,0.198,21.28
2025-10-11 06:12:05,042,CDKL5_005_177_60,0,0.0,15,1.0,0.1872,21.25
2025-10-11 06:22:24,042,CDKL5_005_177_60,0,0.0,15,1.0,0.1872,21.28
2025-10-11 06:32:28,042,CDKL5_005_177_60,0,0.0,15,1.0,0.18,21.25
2025-10-11 06:42:31,042,CDKL5_005_177_60,32,0.053,12,0.938,0.216,21.24
2025-10-11 06:52:35,042,CDKL5_005_177_60,0,0.0,15,1.0,0.216,21.23
2025-10-11 07:02:37,042,CDKL5_005_177_60,0,0.0,15,1.0,0.216,21.22
2025-10-11 07:12:40,042,CDKL5_005_177_60,0,0.0,15,1.0,0.216,21.2
2025-10-11 07:22:43,042,CDKL5_005_177_60,0,0.0,15,1.0,0.216,21.19
2025-10-11 07:32:47,042,CDKL5_005_177_60,0,0.0,15,1.0,0.216,21.18
2025-10-11 07:42:49,042,CDKL5_005_177_60,0,0.0,15,1.0,0.2196,21.17
2025-10-11 07:52:53,042,CDKL5_005_177_60,2,0.003,14,0.996,0.2196,21.17
2025-10-11 08:02:56,042,CDKL5_005_177_60,0,0.0,15,1.0,0.216,21.15
2025-10-11 08:12:59,042,CDKL5_005_177_60,0,0.0,15,1.0,0.216,21.15
2025-10-11 08:23:03,042,CDKL5_005_177_60,0,0.0,15,1.0,0.2196,21.14
2025-10-11 08:33:06,042,CDKL5_005_177_60,0,0.0,15,1.0,0.2196,21.13
2025-10-11 08:43:09,042,CDKL5_005_177_60,1,0.002,15,0.998,0.216,21.13
2025-10-11 08:53:12,042,CDKL5_005_177_60,0,0.0,15,1.0,0.216,21.12
2025-10-11 09:03:15,042,CDKL5_005_177_60,20,0.033,13,0.963,0.216,21.13
2025-10-11 09:13:18,042,CDKL5_005_177_60,42,0.07,12,0.92,0.198,21.16
2025-10-11 09:23:22,042,CDKL5_005_177_60,5,0.008,14,0.991,0.18,21.16
2025-10-11 09:33:25,042,CDKL5_005_177_60,1,0.002,15,0.998,0.1944,21.16
2025-10-11 09:43:28,042,CDKL5_005_177_60,9,0.015,14,0.984,0.216,21.15
2025-10-11 09:53:31,042,CDKL5_005_177_60,0,0.0,15,1.0,0.216,21.15
2025-10-11 10:03:35,042,CDKL5_005_177_60,0,0.0,15,1.0,0.252,21.14
2025-10-11 10:13:38,042,CDKL5_005_177_60,0,0.0,15,1.0,0.2448,21.11
2025-10-11 10:23:59,042,CDKL5_005_177_60,0,0.0,15,1.0,0.252,21.14
2025-10-11 10:34:02,042,CDKL5_005_177_60,1,0.002,15,0.998,0.252,21.11
2025-10-11 10:44:06,042,CDKL5_005_177_60,0,0.0,15,1.0,0.252,21.09
2025-10-11 10:54:09,042,CDKL5_005_177_60,1,0.002,15,0.998,0.2196,21.08
2025-10-11 11:04:13,042,CDKL5_005_177_60,1,0.002,15,0.998,0.2196,21.05
2025-10-11 11:14:16,042,CDKL5_005_177_60,0,0.0,15,1.0,0.216,21.04
2025-10-11 11:24:19,042,CDKL5_005_177_60,0,0.0,15,1.0,0.2196,21.02
2025-10-11 11:34:23,042,CDKL5_005_177_60,0,0.0,15,1.0,0.2196,21.01
2025-10-11 11:44:26,042,CDKL5_005_177_60,0,0.0,15,1.0,0.2196,21.0
2025-10-11 11:54:29,042,CDKL5_005_177_60,0,0.0,15,1.0,0.2196,20.98
2025-10-11 12:04:32,042,CDKL5_005_177_60,3,0.005,15,0.995,0.2124,20.99
2025-10-11 12:14:35,042,CDKL5_005_177_60,0,0.0,15,1.0,0.2124,20.98
2025-10-11 12:24:38,042,CDKL5_005_177_60,0,0.0,15,1.0,0.2124,20.98
2025-10-11 12:34:42,042,CDKL5_005_177_60,0,0.0,15,1.0,0.2448,20.96
2025-10-11 12:44:45,042,CDKL5_005_177_60,0,0.0,15,1.0,0.2448,20.98
2025-10-11 12:54:48,042,CDKL5_005_177_60,0,0.0,15,1.0,0.2088,20.98
2025-10-11 13:04:52,042,CDKL5_005_177_60,0,0.0,15,1.0,0.2088,20.98
2025-10-11 13:14:55,042,CDKL5_005_177_60,0,0.0,15,1.0,0.2088,20.97
2025-10-11 13:24:58,042,CDKL5_005_177_60,0,0.0,15,1.0,0.2088,20.96
2025-10-11 13:35:02,042,CDKL5_005_177_60,0,0.0,15,1.0,0.2088,20.96
2025-10-11 13:45:05,042,CDKL5_005_177_60,1,0.002,15,0.998,0.2088,20.95
2025-10-11 13:55:09,042,CDKL5_005_177_60,0,0.0,15,1.0,0.2088,20.94
2025-10-11 14:05:12,042,CDKL5_005_177_60,0,0.0,15,1.0,0.2088,20.94
2025-10-11 14:15:15,042,CDKL5_005_177_60,0,0.0,15,1.0,0.2124,20.94
2025-10-11 14:25:41,042,CDKL5_005_177_60,1,0.002,14,0.998,0.1944,21.0
2025-10-11 14:35:45,042,CDKL5_005_177_60,79,0.131,11,0.848,0.1944,21.04
2025-10-11 14:45:48,042,CDKL5_005_177_60,2,0.003,15,0.997,0.2016,21.06
2025-10-11 14:55:51,042,CDKL5_005_177_60,2,0.003,13,0.996,0.2124,21.06
2025-10-11 15:05:54,042,CDKL5_005_177_60,0,0.0,15,1.0,0.2124,21.05
2025-10-11 15:15:57,042,CDKL5_005_177_60,0,0.0,15,1.0,0.2124,21.04
2025-10-11 15:26:01,042,CDKL5_005_177_60,0,0.0,15,1.0,0.2088,21.04
2025-10-11 15:36:04,042,CDKL5_005_177_60,0,0.0,15,1.0,0.2088,21.02
2025-10-11 15:46:07,042,CDKL5_005_177_60,0,0.0,15,1.0,0.2124,21.03
2025-10-11 15:56:10,042,CDKL5_005_177_60,0,0.0,15,1.0,0.2124,21.02
2025-10-11 16:06:14,042,CDKL5_005_177_60,0,0.0,15,1.0,0.2124,21.01
2025-10-11 16:16:17,042,CDKL5_005_177_60,0,0.0,15,1.0,0.2088,21.02
2025-10-11 16:26:20,042,CDKL5_005_177_60,0,0.0,15,1.0,0.2448,21.03
2025-10-11 16:36:23,042,CDKL5_005_177_60,0,0.0,15,1.0,0.2376,21.03
2025-10-11 16:46:26,042,CDKL5_005_177_60,10,0.017,14,0.982,0.2124,21.06
2025-10-11 16:56:29,042,CDKL5_005_177_60,1,0.002,14,0.998,0.2124,21.07
2025-10-11 17:06:32,042,CDKL5_005_177_60,0,0.0,15,1.0,0.2376,21.08
2025-10-11 17:16:35,042,CDKL5_005_177_60,0,0.0,15,1.0,0.2448,21.09
2025-10-11 17:26:39,042,CDKL5_005_177_60,0,0.0,15,1.0,0.2088,21.11
2025-10-11 17:36:42,042,CDKL5_005_177_60,0,0.0,15,1.0,0.2088,21.13
2025-10-11 17:46:45,042,CDKL5_005_177_60,12,0.02,14,0.979,0.2016,21.14
2025-10-11 17:56:48,042,CDKL5_005_177_60,0,0.0,15,1.0,0.2016,21.12
2025-10-11 18:06:52,042,CDKL5_005_177_60,144,0.24,9,0.714,0.0,21.15
2025-10-11 18:16:55,042,CDKL5_005_177_60,277,0.461,3,0.302,0.0,21.33
2025-10-11 18:27:19,042,CDKL5_005_177_60,261,0.436,5,0.434,0.0,21.54
2025-10-11 18:37:22,042,CDKL5_005_177_60,289,0.48,1,0.122,0.0,21.61
2025-10-11 18:47:25,042,CDKL5_005_177_60,195,0.324,4,0.451,0.0,21.8
2025-10-11 18:57:29,042,CDKL5_005_177_60,294,0.489,1,0.12,0.0,21.84
2025-10-11 19:07:32,042,CDKL5_005_177_60,120,0.2,11,0.786,0.0,21.76
2025-10-11 19:17:35,042,CDKL5_005_177_60,275,0.457,3,0.304,0.0,21.78
2025-10-11 19:27:38,042,CDKL5_005_177_60,257,0.428,2,0.237,0.0,21.81
2025-10-11 19:37:41,042,CDKL5_005_177_60,293,0.488,2,0.214,0.0,21.81
2025-10-11 19:47:45,042,CDKL5_005_177_60,191,0.318,6,0.557,0.0,21.88
2025-10-11 19:57:48,042,CDKL5_005_177_60,233,0.388,5,0.462,0.0,21.8
2025-10-11 20:07:51,042,CDKL5_005_177_60,336,0.558,1,0.106,0.0,21.81
2025-10-11 20:17:55,042,CDKL5_005_177_60,241,0.401,5,0.454,0.0,21.88
2025-10-11 20:27:58,042,CDKL5_005_177_60,270,0.449,4,0.372,0.0,21.82
2025-10-11 20:38:02,042,CDKL5_005_177_60,265,0.441,5,0.43,0.0,21.76
2025-10-11 20:48:05,042,CDKL5_005_177_60,246,0.409,3,0.328,0.0,21.78
2025-10-11 20:58:09,042,CDKL5_005_177_60,304,0.505,1,0.116,0.0,21.93
2025-10-11 21:08:12,042,CDKL5_005_177_60,208,0.346,6,0.536,0.0,21.87
2025-10-11 21:18:15,042,CDKL5_005_177_60,113,0.188,8,0.739,0.0,21.78
2025-10-11 21:28:19,042,CDKL5_005_177_60,38,0.063,13,0.932,0.0,21.67
2025-10-11 21:38:21,042,CDKL5_005_177_60,0,0.0,15,1.0,0.0,21.55
2025-10-11 21:48:25,042,CDKL5_005_177_60,105,0.175,9,0.774,0.0,21.51
2025-10-11 21:58:29,042,CDKL5_005_177_60,248,0.412,4,0.392,0.0,21.62
2025-10-11 22:08:32,042,CDKL5_005_177_60,97,0.161,10,0.805,0.0,21.57
2025-10-11 22:18:35,042,CDKL5_005_177_60,291,0.483,3,0.292,0.0,21.67
2025-10-11 22:28:59,042,CDKL5_005_177_60,167,0.278,8,0.657,0.0,21.75
2025-10-11 22:39:03,042,CDKL5_005_177_60,305,0.507,0,0.0,0.0,21.92
2025-10-11 22:49:05,042,CDKL5_005_177_60,155,0.258,7,0.644,0.0,21.86
2025-10-11 22:59:09,042,CDKL5_005_177_60,287,0.477,1,0.122,0.0,21.85
2025-10-11 23:09:13,042,CDKL5_005_177_60,226,0.376,6,0.515,0.0,21.87
2025-10-11 23:19:16,042,CDKL5_005_177_60,355,0.59,2,0.184,0.0,21.94
2025-10-11 23:29:19,042,CDKL5_005_177_60,305,0.508,3,0.282,0.0,21.86
2025-10-11 23:39:23,042,CDKL5_005_177_60,121,0.201,10,0.768,0.0,21.74
2025-10-11 23:49:26,042,CDKL5_005_177_60,299,0.498,2,0.211,0.0,21.81
2025-10-11 23:59:29,042,CDKL5_005_177_60,210,0.349,6,0.533,0.0,21.82
2025-10-12 00:09:33,042,CDKL5_005_177_60,285,0.474,5,0.412,0.0,21.93
2025-10-12 00:19:35,042,CDKL5_005_177_60,121,0.201,10,0.768,0.0,21.81
2025-10-12 00:29:38,042,CDKL5_005_177_60,209,0.348,5,0.489,0.0,21.74
2025-10-12 00:39:42,042,CDKL5_005_177_60,159,0.264,6,0.602,0.0,21.7
2025-10-12 00:49:45,042,CDKL5_005_177_60,15,0.025,13,0.972,0.0,21.6
2025-10-12 00:59:48,042,CDKL5_005_177_60,0,0.0,15,1.0,0.0,21.51
2025-10-12 01:09:51,042,CDKL5_005_177_60,0,0.0,15,1.0,0.0,21.42
2025-10-12 01:19:55,042,CDKL5_005_177_60,0,0.0,15,1.0,0.0,21.35
2025-10-12 01:29:57,042,CDKL5_005_177_60,0,0.0,15,1.0,0.0,21.28
2025-10-12 01:40:00,042,CDKL5_005_177_60,0,0.0,15,1.0,0.0,21.25
2025-10-12 01:50:03,042,CDKL5_005_177_60,0,0.0,15,1.0,0.0,21.2
2025-10-12 02:00:06,042,CDKL5_005_177_60,176,0.293,7,0.614,0.0,21.25
2025-10-12 02:10:09,042,CDKL5_005_177_60,185,0.308,7,0.602,0.0,21.4
2025-10-12 02:20:12,042,CDKL5_005_177_60,203,0.337,8,0.612,0.0,21.51
2025-10-12 02:30:39,042,CDKL5_005_177_60,232,0.387,4,0.408,0.0,21.6
2025-10-12 02:40:42,042,CDKL5_005_177_60,138,0.23,7,0.67,0.0,21.58
2025-10-12 02:50:45,042,CDKL5_005_177_60,343,0.571,1,0.104,0.0,21.72
2025-10-12 03:00:48,042,CDKL5_005_177_60,123,0.205,8,0.722,0.0,21.7
2025-10-12 03:10:52,042,CDKL5_005_177_60,210,0.349,5,0.488,0.0,21.63
2025-10-12 03:20:55,042,CDKL5_005_177_60,6,0.01,14,0.989,0.0,21.54
2025-10-12 03:30:59,042,CDKL5_005_177_60,159,0.265,8,0.668,0.0,21.5
2025-10-12 03:41:02,042,CDKL5_005_177_60,230,0.382,5,0.465,0.0,21.53
2025-10-12 03:51:05,042,CDKL5_005_177_60,249,0.414,3,0.325,0.0,21.54
2025-10-12 04:01:09,042,CDKL5_005_177_60,231,0.384,6,0.51,0.0,21.55
2025-10-12 04:11:11,042,CDKL5_005_177_60,49,0.082,13,0.914,0.0,21.54
2025-10-12 04:21:14,042,CDKL5_005_177_60,0,0.0,15,1.0,0.0,21.43
2025-10-12 04:31:18,042,CDKL5_005_177_60,39,0.065,12,0.925,0.0,21.38
2025-10-12 04:41:21,042,CDKL5_005_177_60,94,0.156,11,0.824,0.0,21.37
2025-10-12 04:51:25,042,CDKL5_005_177_60,206,0.342,5,0.493,0.0,21.39
2025-10-12 05:01:28,042,CDKL5_005_177_60,33,0.055,14,0.944,0.0,21.38
2025-10-12 05:11:31,042,CDKL5_005_177_60,0,0.0,15,1.0,0.0,21.32
2025-10-12 05:21:34,042,CDKL5_005_177_60,0,0.0,15,1.0,0.0,21.28
2025-10-12 05:31:37,042,CDKL5_005_177_60,0,0.0,15,1.0,0.0,21.25
2025-10-12 05:41:40,042,CDKL5_005_177_60,0,0.0,15,1.0,0.0,21.22
2025-10-12 05:51:43,042,CDKL5_005_177_60,0,0.0,15,1.0,0.0,21.2
2025-10-12 06:01:46,042,CDKL5_005_177_60,166,0.277,8,0.658,0.2052,21.27
2025-10-12 06:11:49,042,CDKL5_005_177_60,11,0.018,14,0.981,0.2016,21.27
2025-10-12 06:21:52,042,CDKL5_005_177_60,20,0.033,14,0.966,0.1908,21.25
2025-10-12 06:32:16,042,CDKL5_005_177_60,29,0.048,13,0.947,0.2052,21.28
2025-10-12 06:42:19,042,CDKL5_005_177_60,0,0.0,15,1.0,0.2052,21.21
2025-10-12 06:52:22,042,CDKL5_005_177_60,0,0.0,15,1.0,0.1944,21.17
2025-10-12 07:02:25,042,CDKL5_005_177_60,1,0.002,15,0.998,0.2052,21.14
2025-10-12 07:12:29,042,CDKL5_005_177_60,0,0.0,15,1.0,0.2052,21.1
2025-10-12 07:22:31,042,CDKL5_005_177_60,0,0.0,15,1.0,0.2052,21.08
2025-10-12 07:32:34,042,CDKL5_005_177_60,0,0.0,15,1.0,0.1944,21.06
2025-10-12 07:42:38,042,CDKL5_005_177_60,0,0.0,15,1.0,0.2052,21.05
2025-10-12 07:52:41,042,CDKL5_005_177_60,0,0.0,15,1.0,0.1944,21.03
2025-10-12 08:02:45,042,CDKL5_005_177_60,4,0.007,15,0.993,0.2052,21.02
2025-10-12 08:12:48,042,CDKL5_005_177_60,0,0.0,15,1.0,0.2052,21.02
2025-10-12 08:22:51,042,CDKL5_005_177_60,0,0.0,15,1.0,0.2052,21.01
2025-10-12 08:32:55,042,CDKL5_005_177_60,0,0.0,15,1.0,0.2052,21.01
2025-10-12 08:42:57,042,CDKL5_005_177_60,1,0.002,15,0.998,0.2052,21.0
2025-10-12 08:53:00,042,CDKL5_005_177_60,0,0.0,15,1.0,0.2052,20.99
2025-10-12 09:03:03,042,CDKL5_005_177_60,0,0.0,15,1.0,0.1944,20.99
2025-10-12 09:13:07,042,CDKL5_005_177_60,12,0.02,14,0.979,0.1944,21.0
2025-10-12 09:23:10,042,CDKL5_005_177_60,18,0.03,14,0.969,0.2124,21.03
2025-10-12 09:33:13,042,CDKL5_005_177_60,11,0.018,15,0.982,0.2196,21.05
2025-10-12 09:43:16,042,CDKL5_005_177_60,2,0.003,13,0.996,0.216,21.04
2025-10-12 09:53:19,042,CDKL5_005_177_60,0,0.0,15,1.0,0.2196,21.03
2025-10-12 10:03:21,042,CDKL5_005_177_60,0,0.0,15,1.0,0.216,21.02
2025-10-12 10:13:24,042,CDKL5_005_177_60,1,0.002,15,0.998,0.27,21.03
2025-10-12 10:23:27,042,CDKL5_005_177_60,0,0.0,15,1.0,0.2592,21.0
2025-10-12 10:33:47,042,CDKL5_005_177_60,0,0.0,15,1.0,0.216,21.03
2025-10-12 10:43:50,042,CDKL5_005_177_60,0,0.0,15,1.0,0.216,21.03
2025-10-12 10:53:53,042,CDKL5_005_177_60,0,0.0,15,1.0,0.2232,21.01
2025-10-12 11:03:56,042,CDKL5_005_177_60,0,0.0,15,1.0,0.216,21.01
2025-10-12 11:13:59,042,CDKL5_005_177_60,0,0.0,15,1.0,0.216,21.01
2025-10-12 11:24:02,042,CDKL5_005_177_60,2,0.003,14,0.996,0.216,20.99
2025-10-12 11:34:05,042,CDKL5_005_177_60,1,0.002,15,0.998,0.216,20.99
2025-10-12 11:44:09,042,CDKL5_005_177_60,0,0.0,15,1.0,0.216,20.99
2025-10-12 11:54:12,042,CDKL5_005_177_60,0,0.0,15,1.0,0.216,20.98
2025-10-12 12:04:15,042,CDKL5_005_177_60,2,0.003,14,0.996,0.216,20.98
2025-10-12 12:14:18,042,CDKL5_005_177_60,0,0.0,15,1.0,0.216,20.97
2025-10-12 12:24:22,042,CDKL5_005_177_60,0,0.0,15,1.0,0.216,20.97
2025-10-12 12:34:26,042,CDKL5_005_177_60,0,0.0,15,1.0,0.216,20.98
2025-10-12 12:44:29,042,CDKL5_005_177_60,0,0.0,15,1.0,0.216,20.98
2025-10-12 12:54:32,042,CDKL5_005_177_60,53,0.088,11,0.892,0.1584,21.0
2025-10-12 13:04:35,042,CDKL5_005_177_60,2,0.003,14,0.996,0.1944,21.01
2025-10-12 13:14:38,042,CDKL5_005_177_60,15,0.025,13,0.972,0.2196,21.03
2025-10-12 13:24:41,042,CDKL5_005_177_60,0,0.0,15,1.0,0.2232,21.01
2025-10-12 13:34:45,042,CDKL5_005_177_60,1,0.002,15,0.998,0.2232,21.0
2025-10-12 13:44:48,042,CDKL5_005_177_60,1,0.002,15,0.998,0.2232,20.99
2025-10-12 13:54:52,042,CDKL5_005_177_60,1,0.002,14,0.998,0.2232,20.96
2025-10-12 14:04:55,042,CDKL5_005_177_60,0,0.0,15,1.0,0.2232,20.95
2025-10-12 14:14:58,042,CDKL5_005_177_60,0,0.0,15,1.0,0.2232,20.94
2025-10-12 14:25:01,042,CDKL5_005_177_60,2,0.003,14,0.996,0.2232,20.93
2025-10-12 14:35:22,042,CDKL5_005_177_60,1,0.002,15,0.998,0.2232,20.96
2025-10-12 14:45:25,042,CDKL5_005_177_60,0,0.0,15,1.0,0.2232,20.94
2025-10-12 14:55:29,042,CDKL5_005_177_60,0,0.0,15,1.0,0.2232,20.93
2025-10-12 15:05:32,042,CDKL5_005_177_60,0,0.0,15,1.0,0.2232,20.92
2025-10-12 15:15:35,042,CDKL5_005_177_60,0,0.0,15,1.0,0.2232,20.92
2025-10-12 15:25:39,042,CDKL5_005_177_60,1,0.002,14,0.998,0.2232,20.91
2025-10-12 15:35:42,042,CDKL5_005_177_60,0,0.0,15,1.0,0.2304,20.92
2025-10-12 15:45:46,042,CDKL5_005_177_60,1,0.002,15,0.998,0.234,20.95
2025-10-12 15:55:49,042,CDKL5_005_177_60,21,0.035,14,0.964,0.2232,21.0
2025-10-12 16:05:52,042,CDKL5_005_177_60,0,0.0,15,1.0,0.2304,21.03
2025-10-12 16:15:55,042,CDKL5_005_177_60,1,0.002,15,0.998,0.2232,21.03
2025-10-12 16:25:58,042,CDKL5_005_177_60,2,0.003,14,0.996,0.234,21.03
2025-10-12 16:36:01,042,CDKL5_005_177_60,0,0.0,15,1.0,0.234,21.03
2025-10-12 16:46:04,042,CDKL5_005_177_60,0,0.0,15,1.0,0.2232,21.03
2025-10-12 16:56:07,042,CDKL5_005_177_60,0,0.0,15,1.0,0.2304,21.03
2025-10-12 17:06:10,042,CDKL5_005_177_60,0,0.0,15,1.0,0.2304,21.03
2025-10-12 17:16:13,042,CDKL5_005_177_60,0,0.0,15,1.0,0.2772,21.04
2025-10-12 17:26:16,042,CDKL5_005_177_60,6,0.01,14,0.989,0.2664,21.05
2025-10-12 17:36:19,042,CDKL5_005_177_60,0,0.0,15,1.0,0.2664,21.06
2025-10-12 17:46:22,042,CDKL5_005_177_60,0,0.0,15,1.0,0.2664,21.05
2025-10-12 17:56:25,042,CDKL5_005_177_60,1,0.002,14,0.998,0.2232,21.06
2025-10-12 18:06:29,042,CDKL5_005_177_60,163,0.271,8,0.663,0.0,21.15
2025-10-12 18:16:32,042,CDKL5_005_177_60,193,0.321,8,0.624,0.0,21.31
2025-10-12 18:26:36,042,CDKL5_005_177_60,317,0.527,2,0.202,0.0,21.39
2025-10-12 18:36:55,042,CDKL5_005_177_60,335,0.559,0,0.0,0.0,21.58
2025-10-12 18:46:58,042,CDKL5_005_177_60,319,0.53,1,0.111,0.0,21.62
2025-10-12 18:57:01,042,CDKL5_005_177_60,151,0.251,6,0.614,0.0,21.62
2025-10-12 19:07:04,042,CDKL5_005_177_60,222,0.369,5,0.474,0.0,21.6
2025-10-12 19:17:07,042,CDKL5_005_177_60,102,0.17,10,0.797,0.0,21.57
2025-10-12 19:27:11,042,CDKL5_005_177_60,96,0.16,10,0.806,0.0,21.57
2025-10-12 19:37:14,042,CDKL5_005_177_60,229,0.381,7,0.55,0.0,21.62
2025-10-12 19:47:17,042,CDKL5_005_177_60,36,0.06,12,0.93,0.0,21.55
2025-10-12 19:57:21,042,CDKL5_005_177_60,62,0.103,12,0.886,0.0,21.53
2025-10-12 20:07:25,042,CDKL5_005_177_60,242,0.403,2,0.248,0.0,21.56
2025-10-12 20:17:28,042,CDKL5_005_177_60,161,0.268,9,0.691,0.0,21.59
2025-10-12 20:27:31,042,CDKL5_005_177_60,319,0.53,2,0.201,0.0,21.64
2025-10-12 20:37:34,042,CDKL5_005_177_60,224,0.373,4,0.417,0.0,21.66
2025-10-12 20:47:37,042,CDKL5_005_177_60,149,0.248,8,0.682,0.0,21.65
2025-10-12 20:57:40,042,CDKL5_005_177_60,102,0.17,9,0.779,0.0,21.6
2025-10-12 21:07:43,042,CDKL5_005_177_60,76,0.126,10,0.84,0.0,21.55
2025-10-12 21:17:46,042,CDKL5_005_177_60,0,0.0,15,1.0,0.0,21.5
2025-10-12 21:27:49,042,CDKL5_005_177_60,109,0.181,11,0.801,0.0,21.53
2025-10-12 21:37:52,042,CDKL5_005_177_60,0,0.0,15,1.0,0.0,21.49
2025-10-12 21:47:55,042,CDKL5_005_177_60,0,0.0,15,1.0,0.0,21.47
2025-10-12 21:57:59,042,CDKL5_005_177_60,0,0.0,15,1.0,0.0,21.45
2025-10-12 22:08:02,042,CDKL5_005_177_60,0,0.0,15,1.0,0.0,21.42
2025-10-12 22:18:05,042,CDKL5_005_177_60,0,0.0,15,1.0,0.0,21.4
2025-10-12 22:28:09,042,CDKL5_005_177_60,0,0.0,15,1.0,0.0,21.38
2025-10-12 22:38:35,042,CDKL5_005_177_60,0,0.0,15,1.0,0.0,21.42
2025-10-12 22:48:38,042,CDKL5_005_177_60,0,0.0,15,1.0,0.0,21.38
2025-10-12 22:58:41,042,CDKL5_005_177_60,0,0.0,15,1.0,0.0,21.37
2025-10-12 23:08:44,042,CDKL5_005_177_60,111,0.184,9,0.764,0.0,21.41
2025-10-12 23:18:48,042,CDKL5_005_177_60,124,0.206,10,0.763,0.0,21.47
2025-10-12 23:28:50,042,CDKL5_005_177_60,222,0.369,4,0.419,0.0,21.8
2025-10-12 23:38:54,042,CDKL5_005_177_60,134,0.223,6,0.642,0.0,21.73
2025-10-12 23:48:57,042,CDKL5_005_177_60,0,0.0,15,1.0,0.0,21.63
2025-10-12 23:59:01,042,CDKL5_005_177_60,173,0.288,8,0.649,0.0,21.65
2025-10-11 00:07:49,032,CDKL5_005_178_78,106,0.176,10,0.791,0.0,22.51
2025-10-11 00:17:51,032,CDKL5_005_178_78,148,0.246,3,0.448,0.0,22.46
2025-10-11 00:27:54,032,CDKL5_005_178_78,158,0.263,5,0.559,0.0,22.46
2025-10-11 00:37:57,032,CDKL5_005_178_78,178,0.296,3,0.403,0.0,22.55
2025-10-11 00:47:59,032,CDKL5_005_178_78,184,0.306,1,0.179,0.0,22.5
2025-10-11 00:58:03,032,CDKL5_005_178_78,106,0.176,6,0.694,0.0,22.45
2025-10-11 01:08:05,032,CDKL5_005_178_78,133,0.221,4,0.546,0.0,22.46
2025-10-11 01:18:08,032,CDKL5_005_178_78,151,0.251,6,0.614,0.0,22.41
2025-10-11 01:28:11,032,CDKL5_005_178_78,27,0.045,11,0.942,0.0,22.34
2025-10-11 01:38:13,032,CDKL5_005_178_78,0,0.0,15,1.0,0.0,22.3
2025-10-11 01:48:17,032,CDKL5_005_178_78,0,0.0,15,1.0,0.0,22.26
2025-10-11 01:58:20,032,CDKL5_005_178_78,0,0.0,15,1.0,0.0,22.22
2025-10-11 02:08:22,032,CDKL5_005_178_78,0,0.0,15,1.0,0.0,22.19
2025-10-11 02:18:40,032,CDKL5_005_178_78,0,0.0,15,1.0,0.0,22.21
2025-10-11 02:28:43,032,CDKL5_005_178_78,5,0.008,14,0.991,0.0,22.17
2025-10-11 02:38:46,032,CDKL5_005_178_78,0,0.0,15,1.0,0.0,22.15
2025-10-11 02:48:48,032,CDKL5_005_178_78,1,0.002,14,0.998,0.0,22.13
2025-10-11 02:58:51,032,CDKL5_005_178_78,0,0.0,15,1.0,0.0,22.11
2025-10-11 03:08:54,032,CDKL5_005_178_78,92,0.153,7,0.753,0.0,22.15
2025-10-11 03:18:57,032,CDKL5_005_178_78,86,0.143,9,0.807,0.0,22.14
2025-10-11 03:29:00,032,CDKL5_005_178_78,130,0.216,4,0.552,0.0,22.15
2025-10-11 03:39:04,032,CDKL5_005_178_78,172,0.286,5,0.538,0.0,22.24
2025-10-11 03:49:07,032,CDKL5_005_178_78,127,0.211,9,0.739,0.0,22.23
2025-10-11 03:59:10,032,CDKL5_005_178_78,146,0.243,4,0.523,0.0,22.23
2025-10-11 04:09:13,032,CDKL5_005_178_78,161,0.268,7,0.635,0.0,22.23
2025-10-11 04:19:16,032,CDKL5_005_178_78,192,0.319,6,0.556,0.0,22.3
2025-10-11 04:29:19,032,CDKL5_005_178_78,131,0.218,7,0.681,0.0,22.29
2025-10-11 04:39:23,032,CDKL5_005_178_78,97,0.161,7,0.743,0.0,22.27
2025-10-11 04:49:26,032,CDKL5_005_178_78,226,0.376,1,0.15,0.0,22.34
2025-10-11 04:59:29,032,CDKL5_005_178_78,178,0.296,7,0.611,0.0,22.29
2025-10-11 05:09:32,032,CDKL5_005_178_78,102,0.17,7,0.733,0.0,22.24
2025-10-11 05:19:35,032,CDKL5_005_178_78,163,0.271,5,0.551,0.0,22.25
2025-10-11 05:29:37,032,CDKL5_005_178_78,147,0.245,6,0.62,0.0,22.22
2025-10-11 05:39:40,032,CDKL5_005_178_78,91,0.151,7,0.755,0.0,22.2
2025-10-11 05:49:43,032,CDKL5_005_178_78,299,0.498,1,0.118,0.0,22.22
2025-10-11 05:59:46,032,CDKL5_005_178_78,163,0.271,4,0.495,0.0,22.21
2025-10-11 06:09:49,032,CDKL5_005_178_78,40,0.067,10,0.909,0.252,22.17
2025-10-11 06:19:59,032,CDKL5_005_178_78,83,0.139,10,0.828,0.2592,22.15
2025-10-11 06:30:02,032,CDKL5_005_178_78,49,0.082,8,0.867,0.27,22.11
2025-10-11 06:40:05,032,CDKL5_005_178_78,4,0.007,14,0.993,0.2736,22.1
2025-10-11 06:50:08,032,CDKL5_005_178_78,2,0.003,14,0.996,0.2664,22.05
2025-10-11 07:00:11,032,CDKL5_005_178_78,0,0.0,15,1.0,0.2664,22.02
2025-10-11 07:10:14,032,CDKL5_005_178_78,0,0.0,15,1.0,0.2664,21.98
2025-10-11 07:20:17,032,CDKL5_005_178_78,0,0.0,15,1.0,0.2772,21.97
2025-10-11 07:30:20,032,CDKL5_005_178_78,0,0.0,15,1.0,0.27,21.95
2025-10-11 07:40:24,032,CDKL5_005_178_78,0,0.0,15,1.0,0.2664,21.93
2025-10-11 07:50:26,032,CDKL5_005_178_78,0,0.0,15,1.0,0.2664,21.92
2025-10-11 08:00:29,032,CDKL5_005_178_78,3,0.005,14,0.995,0.2772,21.93
2025-10-11 08:10:32,032,CDKL5_005_178_78,3,0.005,14,0.995,0.2664,21.93
2025-10-11 08:20:35,032,CDKL5_005_178_78,56,0.093,9,0.865,0.2592,21.93
2025-10-11 08:30:38,032,CDKL5_005_178_78,120,0.2,5,0.625,0.2556,21.95
2025-10-11 08:40:41,032,CDKL5_005_178_78,15,0.025,11,0.967,0.2592,21.97
2025-10-11 08:50:44,032,CDKL5_005_178_78,0,0.0,15,1.0,0.2628,21.95
2025-10-11 09:00:48,032,CDKL5_005_178_78,0,0.0,15,1.0,0.2628,21.95
2025-10-11 09:10:50,032,CDKL5_005_178_78,1,0.002,15,0.998,0.252,21.95
2025-10-11 09:20:53,032,CDKL5_005_178_78,0,0.0,15,1.0,0.27,21.94
2025-10-11 09:30:56,032,CDKL5_005_178_78,0,0.0,15,1.0,0.2628,21.94
2025-10-11 09:40:59,032,CDKL5_005_178_78,1,0.002,15,0.998,0.2592,21.94
2025-10-11 09:51:01,032,CDKL5_005_178_78,0,0.0,15,1.0,0.2592,21.94
2025-10-11 10:01:05,032,CDKL5_005_178_78,9,0.015,14,0.984,0.2808,21.92
2025-10-11 10:11:07,032,CDKL5_005_178_78,2,0.003,14,0.996,0.288,21.91
2025-10-11 10:21:24,032,CDKL5_005_178_78,7,0.012,14,0.988,0.288,21.94
2025-10-11 10:31:27,032,CDKL5_005_178_78,5,0.008,13,0.99,0.288,21.91
2025-10-11 10:41:31,032,CDKL5_005_178_78,2,0.003,15,0.997,0.2808,21.89
2025-10-11 10:51:33,032,CDKL5_005_178_78,172,0.286,3,0.411,0.2736,21.91
2025-10-11 11:01:36,032,CDKL5_005_178_78,107,0.178,9,0.771,0.18,21.89
2025-10-11 11:11:39,032,CDKL5_005_178_78,235,0.391,2,0.254,0.2232,21.9
2025-10-11 11:21:42,032,CDKL5_005_178_78,6,0.01,13,0.989,0.2268,21.88
2025-10-11 11:31:45,032,CDKL5_005_178_78,0,0.0,15,1.0,0.2232,21.85
2025-10-11 11:41:48,032,CDKL5_005_178_78,1,0.002,15,0.998,0.2232,21.83
2025-10-11 11:51:52,032,CDKL5_005_178_78,1,0.002,14,0.998,0.2232,21.8
2025-10-11 12:01:54,032,CDKL5_005_178_78,6,0.01,14,0.989,0.2232,21.78
2025-10-11 12:11:57,032,CDKL5_005_178_78,0,0.0,15,1.0,0.234,21.77
2025-10-11 12:22:00,032,CDKL5_005_178_78,0,0.0,15,1.0,0.234,21.75
2025-10-11 12:32:02,032,CDKL5_005_178_78,8,0.013,14,0.986,0.2448,21.76
2025-10-11 12:42:05,032,CDKL5_005_178_78,2,0.003,14,0.996,0.2376,21.75
2025-10-11 12:52:09,032,CDKL5_005_178_78,0,0.0,15,1.0,0.2376,21.76
2025-10-11 13:02:12,032,CDKL5_005_178_78,3,0.005,14,0.995,0.216,21.75
2025-10-11 13:12:15,032,CDKL5_005_178_78,0,0.0,15,1.0,0.216,21.75
2025-10-11 13:22:17,032,CDKL5_005_178_78,1,0.002,14,0.998,0.216,21.74
2025-10-11 13:32:20,032,CDKL5_005_178_78,13,0.022,13,0.976,0.216,21.73
2025-10-11 13:42:23,032,CDKL5_005_178_78,36,0.06,9,0.909,0.2088,21.73
2025-10-11 13:52:26,032,CDKL5_005_178_78,67,0.111,9,0.843,0.2016,21.75
2025-10-11 14:02:29,032,CDKL5_005_178_78,11,0.018,13,0.979,0.2052,21.77
2025-10-11 14:12:32,032,CDKL5_005_178_78,0,0.0,15,1.0,0.1944,21.75
2025-10-11 14:22:46,032,CDKL5_005_178_78,4,0.007,14,0.993,0.2052,21.78
2025-10-11 14:32:49,032,CDKL5_005_178_78,0,0.0,15,1.0,0.2052,21.76
2025-10-11 14:42:52,032,CDKL5_005_178_78,11,0.018,12,0.978,0.2016,21.74
2025-10-11 14:52:54,032,CDKL5_005_178_78,1,0.002,14,0.998,0.2016,21.75
2025-10-11 15:02:57,032,CDKL5_005_178_78,1,0.002,14,0.998,0.2016,21.75
2025-10-11 15:13:01,032,CDKL5_005_178_78,0,0.0,15,1.0,0.2052,21.74
2025-10-11 15:23:05,032,CDKL5_005_178_78,0,0.0,15,1.0,0.2016,21.73
2025-10-11 15:33:08,032,CDKL5_005_178_78,4,0.007,14,0.993,0.2016,21.74
2025-10-11 15:43:11,032,CDKL5_005_178_78,33,0.055,11,0.93,0.2016,21.76
2025-10-11 15:53:14,032,CDKL5_005_178_78,74,0.123,9,0.829,0.2016,21.78
2025-10-11 16:03:18,032,CDKL5_005_178_78,38,0.063,13,0.932,0.18,21.8
2025-10-11 16:13:20,032,CDKL5_005_178_78,125,0.208,7,0.691,0.2232,21.8
2025-10-11 16:23:23,032,CDKL5_005_178_78,1,0.002,14,0.998,0.2448,21.81
2025-10-11 16:33:27,032,CDKL5_005_178_78,3,0.005,14,0.995,0.2484,21.8
2025-10-11 16:43:30,032,CDKL5_005_178_78,12,0.02,13,0.977,0.2448,21.82
2025-10-11 16:53:33,032,CDKL5_005_178_78,15,0.025,12,0.97,0.2304,21.82
2025-10-11 17:03:36,032,CDKL5_005_178_78,21,0.035,12,0.958,0.2376,21.83
2025-10-11 17:13:39,032,CDKL5_005_178_78,97,0.161,7,0.743,0.2304,21.87
2025-10-11 17:23:41,032,CDKL5_005_178_78,85,0.142,9,0.809,0.2088,21.9
2025-10-11 17:33:44,032,CDKL5_005_178_78,110,0.183,6,0.686,0.2376,21.93
2025-10-11 17:43:47,032,CDKL5_005_178_78,1,0.002,14,0.998,0.2304,21.93
2025-10-11 17:53:50,032,CDKL5_005_178_78,5,0.008,14,0.991,0.2376,21.93
2025-10-11 18:03:53,032,CDKL5_005_178_78,9,0.015,13,0.983,0.0,21.93
2025-10-11 18:13:57,032,CDKL5_005_178_78,142,0.236,7,0.664,0.0,21.97
2025-10-11 18:24:10,032,CDKL5_005_178_78,241,0.402,3,0.332,0.0,22.06
2025-10-11 18:34:13,032,CDKL5_005_178_78,121,0.202,7,0.698,0.0,22.08
2025-10-11 18:44:16,032,CDKL5_005_178_78,184,0.306,4,0.465,0.0,22.18
2025-10-11 18:54:19,032,CDKL5_005_178_78,126,0.21,8,0.717,0.0,22.17
2025-10-11 19:04:21,032,CDKL5_005_178_78,304,0.506,0,0.0,0.0,22.34
2025-10-11 19:14:24,032,CDKL5_005_178_78,194,0.323,4,0.452,0.0,22.29
2025-10-11 19:24:27,032,CDKL5_005_178_78,261,0.434,3,0.315,0.0,22.36
2025-10-11 19:34:30,032,CDKL5_005_178_78,110,0.183,8,0.744,0.0,22.33
2025-10-11 19:44:33,032,CDKL5_005_178_78,227,0.378,4,0.413,0.0,22.28
2025-10-11 19:54:36,032,CDKL5_005_178_78,183,0.304,4,0.466,0.0,22.28
2025-10-11 20:04:39,032,CDKL5_005_178_78,140,0.233,6,0.632,0.0,22.28
2025-10-11 20:14:42,032,CDKL5_005_178_78,125,0.208,8,0.719,0.0,22.25
2025-10-11 20:24:45,032,CDKL5_005_178_78,95,0.158,7,0.747,0.0,22.24
2025-10-11 20:34:48,032,CDKL5_005_178_78,182,0.302,5,0.524,0.0,22.24
2025-10-11 20:44:52,032,CDKL5_005_178_78,62,0.103,10,0.866,0.0,22.24
2025-10-11 20:54:55,032,CDKL5_005_178_78,3,0.005,15,0.995,0.0,22.21
2025-10-11 21:04:57,032,CDKL5_005_178_78,2,0.003,15,0.997,0.0,22.18
2025-10-11 21:15:00,032,CDKL5_005_178_78,0,0.0,15,1.0,0.0,22.16
2025-10-11 21:25:03,032,CDKL5_005_178_78,22,0.037,13,0.959,0.0,22.15
2025-10-11 21:35:06,032,CDKL5_005_178_78,255,0.424,1,0.136,0.0,22.22
2025-10-11 21:45:09,032,CDKL5_005_178_78,167,0.278,7,0.626,0.0,22.26
2025-10-11 21:55:12,032,CDKL5_005_178_78,39,0.065,12,0.925,0.0,22.23
2025-10-11 22:05:15,032,CDKL5_005_178_78,280,0.465,1,0.125,0.0,22.29
2025-10-11 22:15:18,032,CDKL5_005_178_78,118,0.196,8,0.731,0.0,22.25
2025-10-11 22:25:37,032,CDKL5_005_178_78,184,0.307,4,0.465,0.0,22.28
2025-10-11 22:35:40,032,CDKL5_005_178_78,260,0.433,1,0.133,0.0,22.34
2025-10-11 22:45:43,032,CDKL5_005_178_78,93,0.155,9,0.795,0.0,22.3
2025-10-11 22:55:46,032,CDKL5_005_178_78,236,0.392,3,0.337,0.0,22.31
2025-10-11 23:05:49,032,CDKL5_005_178_78,178,0.296,7,0.611,0.0,22.31
2025-10-11 23:15:52,032,CDKL5_005_178_78,271,0.451,5,0.425,0.0,22.35
2025-10-11 23:25:55,032,CDKL5_005_178_78,231,0.385,3,0.342,0.0,22.33
2025-10-11 23:35:57,032,CDKL5_005_178_78,235,0.391,6,0.505,0.0,22.37
2025-10-11 23:46:01,032,CDKL5_005_178_78,172,0.286,6,0.583,0.0,22.34
2025-10-11 23:56:04,032,CDKL5_005_178_78,146,0.243,3,0.451,0.0,22.29
2025-10-12 00:06:07,032,CDKL5_005_178_78,298,0.496,2,0.212,0.0,22.37
2025-10-12 00:16:09,032,CDKL5_005_178_78,325,0.541,1,0.11,0.0,22.53
2025-10-12 00:26:13,032,CDKL5_005_178_78,168,0.28,7,0.625,0.0,22.43
2025-10-12 00:36:15,032,CDKL5_005_178_78,216,0.359,3,0.357,0.0,22.38
2025-10-12 00:46:19,032,CDKL5_005_178_78,199,0.331,6,0.547,0.0,22.31
2025-10-12 00:56:22,032,CDKL5_005_178_78,242,0.403,5,0.452,0.0,22.29
2025-10-12 01:06:25,032,CDKL5_005_178_78,270,0.449,0,0.0,0.0,22.33
2025-10-12 01:16:29,032,CDKL5_005_178_78,214,0.355,4,0.428,0.0,22.3
2025-10-12 01:26:31,032,CDKL5_005_178_78,272,0.453,4,0.37,0.0,22.29
2025-10-12 01:36:34,032,CDKL5_005_178_78,326,0.542,3,0.269,0.0,22.35
2025-10-12 01:46:38,032,CDKL5_005_178_78,12,0.02,14,0.979,0.0,22.29
2025-10-12 01:56:41,032,CDKL5_005_178_78,1,0.002,14,0.998,0.0,22.23
2025-10-12 02:06:44,032,CDKL5_005_178_78,16,0.027,13,0.97,0.0,22.18
2025-10-12 02:16:47,032,CDKL5_005_178_78,4,0.007,14,0.993,0.0,22.17
2025-10-12 02:27:15,032,CDKL5_005_178_78,206,0.344,7,0.576,0.0,22.23
2025-10-12 02:37:18,032,CDKL5_005_178_78,221,0.367,6,0.521,0.0,22.22
2025-10-12 02:47:20,032,CDKL5_005_178_78,157,0.261,9,0.696,0.0,22.24
2025-10-12 02:57:24,032,CDKL5_005_178_78,160,0.266,8,0.667,0.0,22.2
2025-10-12 03:07:27,032,CDKL5_005_178_78,183,0.304,5,0.522,0.0,22.18
2025-10-12 03:17:30,032,CDKL5_005_178_78,416,0.691,0,0.0,0.0,22.25
2025-10-12 03:27:32,032,CDKL5_005_178_78,164,0.273,8,0.661,0.0,22.22
2025-10-12 03:37:36,032,CDKL5_005_178_78,224,0.372,3,0.349,0.0,22.24
2025-10-12 03:47:39,032,CDKL5_005_178_78,185,0.308,4,0.464,0.0,22.21
2025-10-12 03:57:42,032,CDKL5_005_178_78,197,0.327,3,0.379,0.0,22.21
2025-10-12 04:07:45,032,CDKL5_005_178_78,223,0.37,3,0.35,0.0,22.22
2025-10-12 04:17:48,032,CDKL5_005_178_78,9,0.015,14,0.984,0.0,22.17
2025-10-12 04:27:50,032,CDKL5_005_178_78,0,0.0,15,1.0,0.0,22.14
2025-10-12 04:37:53,032,CDKL5_005_178_78,178,0.296,4,0.473,0.0,22.12
2025-10-12 04:47:57,032,CDKL5_005_178_78,232,0.385,4,0.408,0.0,22.16
2025-10-12 04:58:01,032,CDKL5_005_178_78,199,0.331,6,0.547,0.0,22.18
2025-10-12 05:08:04,032,CDKL5_005_178_78,201,0.334,5,0.499,0.0,22.28
2025-10-12 05:18:07,032,CDKL5_005_178_78,110,0.183,9,0.766,0.0,22.2
2025-10-12 05:28:09,032,CDKL5_005_178_78,120,0.2,9,0.75,0.0,22.15
2025-10-12 05:38:12,032,CDKL5_005_178_78,91,0.151,8,0.779,0.0,22.12
2025-10-12 05:48:15,032,CDKL5_005_178_78,144,0.24,6,0.625,0.0,22.11
2025-10-12 05:58:18,032,CDKL5_005_178_78,212,0.352,4,0.43,0.0,22.11
2025-10-12 06:08:21,032,CDKL5_005_178_78,38,0.063,9,0.905,0.1656,22.13
2025-10-12 06:18:24,032,CDKL5_005_178_78,2,0.003,15,0.997,0.1656,22.12
2025-10-12 06:28:36,032,CDKL5_005_178_78,3,0.005,14,0.995,0.1656,22.13
2025-10-12 06:38:38,032,CDKL5_005_178_78,0,0.0,15,1.0,0.162,22.09
2025-10-12 06:48:40,032,CDKL5_005_178_78,19,0.032,14,0.967,0.1584,22.07
2025-10-12 06:58:42,032,CDKL5_005_178_78,2,0.003,15,0.997,0.1584,22.06
2025-10-12 07:08:46,032,CDKL5_005_178_78,2,0.003,14,0.996,0.1584,22.03
2025-10-12 07:18:49,032,CDKL5_005_178_78,29,0.048,12,0.943,0.1584,22.03
2025-10-12 07:28:51,032,CDKL5_005_178_78,6,0.01,13,0.989,0.1584,22.0
2025-10-12 07:38:54,032,CDKL5_005_178_78,6,0.01,14,0.989,0.1584,21.97
2025-10-12 07:48:57,032,CDKL5_005_178_78,5,0.008,14,0.991,0.1584,21.97
2025-10-12 07:59:00,032,CDKL5_005_178_78,3,0.005,14,0.995,0.1656,21.96
2025-10-12 08:09:03,032,CDKL5_005_178_78,2,0.003,14,0.996,0.1656,21.95
2025-10-12 08:19:06,032,CDKL5_005_178_78,0,0.0,15,1.0,0.1656,21.94
2025-10-12 08:29:09,032,CDKL5_005_178_78,15,0.025,12,0.97,0.1692,21.95
2025-10-12 08:39:12,032,CDKL5_005_178_78,72,0.12,5,0.735,0.1692,21.97
2025-10-12 08:49:15,032,CDKL5_005_178_78,130,0.216,5,0.606,0.1692,22.0
2025-10-12 08:59:18,032,CDKL5_005_178_78,94,0.156,10,0.81,0.216,21.98
2025-10-12 09:09:20,032,CDKL5_005_178_78,35,0.058,11,0.926,0.2304,22.0
2025-10-12 09:19:23,032,CDKL5_005_178_78,5,0.008,13,0.99,0.2304,22.01
2025-10-12 09:29:26,032,CDKL5_005_178_78,3,0.005,14,0.995,0.2412,22.0
2025-10-12 09:39:29,032,CDKL5_005_178_78,6,0.01,14,0.989,0.2412,22.02
2025-10-12 09:49:32,032,CDKL5_005_178_78,3,0.005,13,0.994,0.234,21.99
2025-10-12 09:59:34,032,CDKL5_005_178_78,0,0.0,15,1.0,0.234,21.99
2025-10-12 10:09:37,032,CDKL5_005_178_78,0,0.0,15,1.0,0.252,21.99
2025-10-12 10:19:40,032,CDKL5_005_178_78,5,0.008,14,0.991,0.2592,22.0
2025-10-12 10:30:04,032,CDKL5_005_178_78,3,0.005,15,0.995,0.2412,22.06
2025-10-12 10:40:07,032,CDKL5_005_178_78,15,0.025,13,0.972,0.2448,22.02
2025-10-12 10:50:09,032,CDKL5_005_178_78,10,0.017,14,0.982,0.2376,22.02
2025-10-12 11:00:12,032,CDKL5_005_178_78,0,0.0,15,1.0,0.2448,22.02
2025-10-12 11:10:16,032,CDKL5_005_178_78,16,0.027,13,0.97,0.2412,22.0
2025-10-12 11:20:18,032,CDKL5_005_178_78,59,0.098,6,0.803,0.2376,22.04
2025-10-12 11:30:21,032,CDKL5_005_178_78,70,0.116,9,0.837,0.216,22.02
2025-10-12 11:40:24,032,CDKL5_005_178_78,42,0.07,6,0.851,0.234,22.02
2025-10-12 11:50:27,032,CDKL5_005_178_78,5,0.008,14,0.991,0.2412,21.98
2025-10-12 12:00:30,032,CDKL5_005_178_78,5,0.008,13,0.99,0.2304,21.96
2025-10-12 12:10:33,032,CDKL5_005_178_78,0,0.0,15,1.0,0.2412,21.93
2025-10-12 12:20:36,032,CDKL5_005_178_78,4,0.007,14,0.993,0.2304,21.94
2025-10-12 12:30:38,032,CDKL5_005_178_78,0,0.0,15,1.0,0.2304,21.92
2025-10-12 12:40:41,032,CDKL5_005_178_78,4,0.007,15,0.993,0.2304,21.89
2025-10-12 12:50:44,032,CDKL5_005_178_78,7,0.012,14,0.988,0.2412,21.88
2025-10-12 13:00:47,032,CDKL5_005_178_78,0,0.0,15,1.0,0.2412,21.85
2025-10-12 13:10:50,032,CDKL5_005_178_78,6,0.01,13,0.989,0.2412,21.86
2025-10-12 13:20:53,032,CDKL5_005_178_78,14,0.023,13,0.974,0.2412,21.85
2025-10-12 13:30:56,032,CDKL5_005_178_78,0,0.0,15,1.0,0.2376,21.84
2025-10-12 13:40:59,032,CDKL5_005_178_78,4,0.007,13,0.992,0.2376,21.84
2025-10-12 13:51:02,032,CDKL5_005_178_78,67,0.111,7,0.807,0.2376,21.83
2025-10-12 14:01:05,032,CDKL5_005_178_78,78,0.13,9,0.822,0.18,21.84
2025-10-12 14:11:07,032,CDKL5_005_178_78,5,0.008,14,0.991,0.1728,21.8
2025-10-12 14:21:10,032,CDKL5_005_178_78,137,0.228,6,0.637,0.18,21.83
2025-10-12 14:31:27,032,CDKL5_005_178_78,82,0.137,5,0.709,0.198,21.89
2025-10-12 14:41:30,032,CDKL5_005_178_78,22,0.037,11,0.952,0.1944,21.85
2025-10-12 14:51:33,032,CDKL5_005_178_78,0,0.0,15,1.0,0.198,21.82
2025-10-12 15:01:36,032,CDKL5_005_178_78,7,0.012,14,0.988,0.1944,21.79
2025-10-12 15:11:39,032,CDKL5_005_178_78,2,0.003,14,0.996,0.1944,21.78
2025-10-12 15:21:42,032,CDKL5_005_178_78,4,0.007,13,0.992,0.1944,21.77
2025-10-12 15:31:45,032,CDKL5_005_178_78,3,0.005,14,0.995,0.1944,21.77
2025-10-12 15:41:48,032,CDKL5_005_178_78,2,0.003,15,0.997,0.198,21.75
2025-10-12 15:51:51,032,CDKL5_005_178_78,5,0.008,14,0.991,0.1944,21.75
2025-10-12 16:01:54,032,CDKL5_005_178_78,3,0.005,14,0.995,0.1944,21.75
2025-10-12 16:11:58,032,CDKL5_005_178_78,6,0.01,15,0.99,0.1944,21.75
2025-10-12 16:22:01,032,CDKL5_005_178_78,0,0.0,15,1.0,0.1944,21.75
2025-10-12 16:32:04,032,CDKL5_005_178_78,87,0.145,8,0.786,0.2052,21.78
2025-10-12 16:42:07,032,CDKL5_005_178_78,112,0.186,7,0.714,0.1872,21.81
2025-10-12 16:52:10,032,CDKL5_005_178_78,40,0.067,9,0.9,0.2016,21.87
2025-10-12 17:02:13,032,CDKL5_005_178_78,0,0.0,15,1.0,0.2016,21.88
2025-10-12 17:12:16,032,CDKL5_005_178_78,3,0.005,14,0.995,0.2016,21.87
2025-10-12 17:22:19,032,CDKL5_005_178_78,0,0.0,15,1.0,0.2196,21.86
2025-10-12 17:32:22,032,CDKL5_005_178_78,118,0.196,6,0.67,0.2016,21.89
2025-10-12 17:42:24,032,CDKL5_005_178_78,102,0.17,8,0.758,0.216,21.9
2025-10-12 17:52:26,032,CDKL5_005_178_78,100,0.167,7,0.737,0.2088,21.89
2025-10-12 18:02:29,032,CDKL5_005_178_78,101,0.168,9,0.781,0.0,21.88
2025-10-12 18:12:33,032,CDKL5_005_178_78,219,0.364,4,0.422,0.0,21.95
2025-10-12 18:22:35,032,CDKL5_005_178_78,126,0.21,9,0.741,0.0,21.96
2025-10-12 18:32:59,032,CDKL5_005_178_78,356,0.593,0,0.0,0.0,22.12
2025-10-12 18:43:02,032,CDKL5_005_178_78,245,0.407,2,0.246,0.0,22.11
2025-10-12 18:53:06,032,CDKL5_005_178_78,244,0.405,6,0.496,0.0,22.14
2025-10-12 19:03:09,032,CDKL5_005_178_78,176,0.293,6,0.577,0.0,22.14
2025-10-12 19:13:12,032,CDKL5_005_178_78,149,0.248,9,0.707,0.0,22.12
2025-10-12 19:23:15,032,CDKL5_005_178_78,218,0.363,6,0.524,0.0,22.21
2025-10-12 19:33:17,032,CDKL5_005_178_78,13,0.022,12,0.974,0.0,22.22
2025-10-12 19:43:20,032,CDKL5_005_178_78,9,0.015,14,0.984,0.0,22.22
2025-10-12 19:53:23,032,CDKL5_005_178_78,21,0.035,12,0.958,0.0,22.22
2025-10-12 20:03:25,032,CDKL5_005_178_78,257,0.428,4,0.384,0.0,22.22
2025-10-12 20:13:28,032,CDKL5_005_178_78,44,0.073,11,0.909,0.0,22.17
2025-10-12 20:23:32,032,CDKL5_005_178_78,167,0.278,6,0.59,0.0,22.18
2025-10-12 20:33:35,032,CDKL5_005_178_78,111,0.185,10,0.783,0.0,22.18
2025-10-12 20:43:38,032,CDKL5_005_178_78,343,0.57,1,0.104,0.0,22.29
2025-10-12 20:53:40,032,CDKL5_005_178_78,172,0.287,6,0.583,0.0,22.27
2025-10-12 21:03:43,032,CDKL5_005_178_78,205,0.341,5,0.494,0.0,22.27
2025-10-12 21:13:47,032,CDKL5_005_178_78,279,0.464,1,0.125,0.0,22.31
2025-10-12 21:23:50,032,CDKL5_005_178_78,88,0.146,11,0.833,0.0,22.29
2025-10-12 21:33:53,032,CDKL5_005_178_78,256,0.425,1,0.135,0.0,22.31
2025-10-12 21:43:56,032,CDKL5_005_178_78,241,0.401,0,0.0,0.0,22.34
2025-10-12 21:53:59,032,CDKL5_005_178_78,90,0.15,10,0.816,0.0,22.28
2025-10-12 22:04:02,032,CDKL5_005_178_78,175,0.292,4,0.478,0.0,22.3
2025-10-12 22:14:05,032,CDKL5_005_178_78,242,0.403,1,0.142,0.0,22.29
2025-10-12 22:24:08,032,CDKL5_005_178_78,250,0.415,5,0.444,0.0,22.32
2025-10-12 22:34:26,032,CDKL5_005_178_78,172,0.287,6,0.583,0.0,22.36
2025-10-12 22:44:29,032,CDKL5_005_178_78,133,0.221,7,0.678,0.0,22.3
2025-10-12 22:54:32,032,CDKL5_005_178_78,165,0.274,5,0.548,0.0,22.3
2025-10-12 23:04:36,032,CDKL5_005_178_78,173,0.288,4,0.48,0.0,22.27
2025-10-12 23:14:39,032,CDKL5_005_178_78,228,0.379,3,0.345,0.0,22.26
2025-10-12 23:24:41,032,CDKL5_005_178_78,302,0.502,2,0.209,0.0,22.35
2025-10-12 23:34:44,032,CDKL5_005_178_78,151,0.251,6,0.614,0.0,22.32
2025-10-12 23:44:48,032,CDKL5_005_178_78,188,0.312,8,0.63,0.0,22.29
2025-10-12 23:54:51,032,CDKL5_005_178_78,150,0.25,4,0.516,0.0,22.3
2025-10-11 00:07:13,009,CDKL5_005_178_79,1,0.002,15,0.998,0.0,21.35
2025-10-11 00:17:16,009,CDKL5_005_178_79,0,0.0,15,1.0,0.0,21.34
2025-10-11 00:27:19,009,CDKL5_005_178_79,155,0.258,5,0.563,0.0,21.36
2025-10-11 00:37:22,009,CDKL5_005_178_79,93,0.155,7,0.751,0.0,21.48
2025-10-11 00:47:25,009,CDKL5_005_178_79,132,0.22,8,0.708,0.0,21.54
2025-10-11 00:57:28,009,CDKL5_005_178_79,25,0.042,12,0.95,0.0,21.52
2025-10-11 01:07:32,009,CDKL5_005_178_79,0,0.0,15,1.0,0.0,21.46
2025-10-11 01:17:35,009,CDKL5_005_178_79,16,0.027,12,0.968,0.0,21.44
2025-10-11 01:27:38,009,CDKL5_005_178_79,0,0.0,15,1.0,0.0,21.39
2025-10-11 01:37:41,009,CDKL5_005_178_79,0,0.0,15,1.0,0.0,21.36
2025-10-11 01:47:44,009,CDKL5_005_178_79,0,0.0,15,1.0,0.0,21.33
2025-10-11 01:57:47,009,CDKL5_005_178_79,0,0.0,15,1.0,0.0,21.31
2025-10-11 02:07:50,009,CDKL5_005_178_79,40,0.067,11,0.917,0.0,21.35
2025-10-11 02:18:05,009,CDKL5_005_178_79,0,0.0,15,1.0,0.0,21.33
2025-10-11 02:28:08,009,CDKL5_005_178_79,0,0.0,15,1.0,0.0,21.3
2025-10-11 02:38:10,009,CDKL5_005_178_79,0,0.0,15,1.0,0.0,21.28
2025-10-11 02:48:13,009,CDKL5_005_178_79,27,0.045,14,0.954,0.0,21.26
2025-10-11 02:58:16,009,CDKL5_005_178_79,154,0.257,8,0.675,0.0,21.39
2025-10-11 03:08:19,009,CDKL5_005_178_79,113,0.188,6,0.68,0.0,21.4
2025-10-11 03:18:22,009,CDKL5_005_178_79,30,0.05,13,0.945,0.0,21.4
2025-10-11 03:28:25,009,CDKL5_005_178_79,35,0.058,14,0.941,0.0,21.37
2025-10-11 03:38:28,009,CDKL5_005_178_79,0,0.0,15,1.0,0.0,21.34
2025-10-11 03:48:31,009,CDKL5_005_178_79,0,0.0,15,1.0,0.0,21.3
2025-10-11 03:58:34,009,CDKL5_005_178_79,0,0.0,15,1.0,0.0,21.27
2025-10-11 04:08:37,009,CDKL5_005_178_79,0,0.0,15,1.0,0.0,21.25
2025-10-11 04:18:39,009,CDKL5_005_178_79,0,0.0,15,1.0,0.0,21.22
2025-10-11 04:28:42,009,CDKL5_005_178_79,0,0.0,15,1.0,0.0,21.21
2025-10-11 04:38:46,009,CDKL5_005_178_79,0,0.0,15,1.0,0.0,21.21
2025-10-11 04:48:48,009,CDKL5_005_178_79,0,0.0,15,1.0,0.0,21.19
2025-10-11 04:58:51,009,CDKL5_005_178_79,42,0.07,11,0.913,0.0,21.2
2025-10-11 05:08:54,009,CDKL5_005_178_79,154,0.256,4,0.51,0.0,21.31
2025-10-11 05:18:57,009,CDKL5_005_178_79,147,0.245,5,0.576,0.0,21.44
2025-10-11 05:29:00,009,CDKL5_005_178_79,91,0.151,6,0.725,0.0,21.47
2025-10-11 05:39:04,009,CDKL5_005_178_79,88,0.146,7,0.761,0.0,21.48
2025-10-11 05:49:07,009,CDKL5_005_178_79,58,0.097,10,0.873,0.0,21.45
2025-10-11 05:59:10,009,CDKL5_005_178_79,10,0.017,13,0.981,0.0,21.4
2025-10-11 06:09:13,009,CDKL5_005_178_79,9,0.015,14,0.984,1.3428,21.36
2025-10-11 06:19:26,009,CDKL5_005_178_79,0,0.0,15,1.0,1.3608,21.37
2025-10-11 06:29:28,009,CDKL5_005_178_79,10,0.017,14,0.982,1.3428,21.34
2025-10-11 06:39:32,009,CDKL5_005_178_79,0,0.0,15,1.0,1.3248,21.32
2025-10-11 06:49:34,009,CDKL5_005_178_79,0,0.0,15,1.0,1.3176,21.31
2025-10-11 06:59:37,009,CDKL5_005_178_79,0,0.0,15,1.0,1.3284,21.28
2025-10-11 07:09:40,009,CDKL5_005_178_79,0,0.0,15,1.0,1.3176,21.27
2025-10-11 07:19:43,009,CDKL5_005_178_79,0,0.0,15,1.0,1.3176,21.24
2025-10-11 07:29:46,009,CDKL5_005_178_79,0,0.0,15,1.0,1.3176,21.23
2025-10-11 07:39:49,009,CDKL5_005_178_79,0,0.0,15,1.0,1.3176,21.22
2025-10-11 07:49:52,009,CDKL5_005_178_79,0,0.0,15,1.0,1.3176,21.2
2025-10-11 07:59:55,009,CDKL5_005_178_79,0,0.0,15,1.0,1.3176,21.19
2025-10-11 08:09:58,009,CDKL5_005_178_79,0,0.0,15,1.0,1.3176,21.18
2025-10-11 08:20:02,009,CDKL5_005_178_79,0,0.0,15,1.0,1.3176,21.16
2025-10-11 08:30:04,009,CDKL5_005_178_79,0,0.0,15,1.0,1.3104,21.15
2025-10-11 08:40:08,009,CDKL5_005_178_79,0,0.0,15,1.0,1.3068,21.15
2025-10-11 08:50:10,009,CDKL5_005_178_79,0,0.0,15,1.0,1.314,21.17
2025-10-11 09:00:14,009,CDKL5_005_178_79,0,0.0,15,1.0,1.3104,21.16
2025-10-11 09:10:17,009,CDKL5_005_178_79,0,0.0,15,1.0,1.3104,21.16
2025-10-11 09:20:20,009,CDKL5_005_178_79,0,0.0,15,1.0,1.314,21.15
2025-10-11 09:30:23,009,CDKL5_005_178_79,0,0.0,15,1.0,1.3104,21.14
2025-10-11 09:40:26,009,CDKL5_005_178_79,0,0.0,15,1.0,1.314,21.13
2025-10-11 09:50:29,009,CDKL5_005_178_79,0,0.0,15,1.0,1.3104,21.12
2025-10-11 10:00:32,009,CDKL5_005_178_79,0,0.0,15,1.0,1.3248,21.11
2025-10-11 10:10:35,009,CDKL5_005_178_79,0,0.0,15,1.0,1.3284,21.11
2025-10-11 10:20:52,009,CDKL5_005_178_79,0,0.0,15,1.0,1.3248,21.14
2025-10-11 10:30:55,009,CDKL5_005_178_79,0,0.0,15,1.0,1.3284,21.14
2025-10-11 10:40:58,009,CDKL5_005_178_79,0,0.0,15,1.0,1.3284,21.15
2025-10-11 10:51:01,009,CDKL5_005_178_79,0,0.0,15,1.0,1.3104,21.13
2025-10-11 11:01:04,009,CDKL5_005_178_79,0,0.0,15,1.0,1.3104,21.13
2025-10-11 11:11:07,009,CDKL5_005_178_79,0,0.0,15,1.0,1.3104,21.13
2025-10-11 11:21:10,009,CDKL5_005_178_79,0,0.0,15,1.0,1.3212,21.12
2025-10-11 11:31:14,009,CDKL5_005_178_79,0,0.0,15,1.0,1.3104,21.12
2025-10-11 11:41:17,009,CDKL5_005_178_79,0,0.0,15,1.0,1.3104,21.11
2025-10-11 11:51:20,009,CDKL5_005_178_79,0,0.0,15,1.0,1.3104,21.11
2025-10-11 12:01:22,009,CDKL5_005_178_79,0,0.0,15,1.0,1.3104,21.09
2025-10-11 12:11:25,009,CDKL5_005_178_79,0,0.0,15,1.0,1.3176,21.09
2025-10-11 12:21:28,009,CDKL5_005_178_79,0,0.0,15,1.0,1.3104,21.09
2025-10-11 12:31:32,009,CDKL5_005_178_79,0,0.0,15,1.0,1.3104,21.09
2025-10-11 12:41:35,009,CDKL5_005_178_79,0,0.0,15,1.0,1.3428,21.11
2025-10-11 12:51:37,009,CDKL5_005_178_79,0,0.0,15,1.0,1.3356,21.09
2025-10-11 13:01:41,009,CDKL5_005_178_79,0,0.0,15,1.0,1.3104,21.1
2025-10-11 13:11:44,009,CDKL5_005_178_79,0,0.0,15,1.0,1.3104,21.11
2025-10-11 13:21:47,009,CDKL5_005_178_79,0,0.0,15,1.0,1.3104,21.11
2025-10-11 13:31:50,009,CDKL5_005_178_79,0,0.0,15,1.0,1.3104,21.09
2025-10-11 13:41:53,009,CDKL5_005_178_79,0,0.0,15,1.0,1.3212,21.09
2025-10-11 13:51:57,009,CDKL5_005_178_79,0,0.0,15,1.0,1.3104,21.09
2025-10-11 14:02:00,009,CDKL5_005_178_79,0,0.0,15,1.0,1.3176,21.09
2025-10-11 14:12:02,009,CDKL5_005_178_79,0,0.0,15,1.0,1.3212,21.08
2025-10-11 14:22:23,009,CDKL5_005_178_79,0,0.0,15,1.0,1.3212,21.13
2025-10-11 14:32:26,009,CDKL5_005_178_79,0,0.0,15,1.0,1.3212,21.09
2025-10-11 14:42:28,009,CDKL5_005_178_79,0,0.0,15,1.0,1.314,21.09
2025-10-11 14:52:31,009,CDKL5_005_178_79,0,0.0,15,1.0,1.3104,21.08
2025-10-11 15:02:34,009,CDKL5_005_178_79,0,0.0,15,1.0,1.3104,21.08
2025-10-11 15:12:37,009,CDKL5_005_178_79,13,0.022,15,0.979,1.314,21.1
2025-10-11 15:22:41,009,CDKL5_005_178_79,0,0.0,15,1.0,1.3212,21.13
2025-10-11 15:32:44,009,CDKL5_005_178_79,0,0.0,15,1.0,1.3104,21.12
2025-10-11 15:42:47,009,CDKL5_005_178_79,0,0.0,15,1.0,1.3104,21.12
2025-10-11 15:52:50,009,CDKL5_005_178_79,0,0.0,15,1.0,1.3176,21.13
2025-10-11 16:02:53,009,CDKL5_005_178_79,0,0.0,15,1.0,1.3212,21.14
2025-10-11 16:12:56,009,CDKL5_005_178_79,0,0.0,15,1.0,1.3176,21.13
2025-10-11 16:22:59,009,CDKL5_005_178_79,0,0.0,15,1.0,1.332,21.13
2025-10-11 16:33:02,009,CDKL5_005_178_79,0,0.0,15,1.0,1.332,21.13
2025-10-11 16:43:05,009,CDKL5_005_178_79,0,0.0,15,1.0,1.332,21.12
2025-10-11 16:53:08,009,CDKL5_005_178_79,0,0.0,15,1.0,1.3212,21.11
2025-10-11 17:03:11,009,CDKL5_005_178_79,0,0.0,15,1.0,1.332,21.12
2025-10-11 17:13:14,009,CDKL5_005_178_79,0,0.0,15,1.0,1.332,21.12
2025-10-11 17:23:17,009,CDKL5_005_178_79,0,0.0,15,1.0,1.3104,21.11
2025-10-11 17:33:20,009,CDKL5_005_178_79,0,0.0,15,1.0,1.3212,21.12
2025-10-11 17:43:22,009,CDKL5_005_178_79,0,0.0,15,1.0,1.3104,21.12
2025-10-11 17:53:26,009,CDKL5_005_178_79,0,0.0,15,1.0,1.3104,21.11
2025-10-11 18:03:29,009,CDKL5_005_178_79,0,0.0,15,1.0,0.0,21.11
2025-10-11 18:13:32,009,CDKL5_005_178_79,14,0.023,14,0.976,0.0,21.1
2025-10-11 18:23:47,009,CDKL5_005_178_79,108,0.18,8,0.748,0.0,21.2
2025-10-11 18:33:51,009,CDKL5_005_178_79,54,0.09,10,0.881,0.0,21.24
2025-10-11 18:43:54,009,CDKL5_005_178_79,66,0.11,10,0.858,0.0,21.29
2025-10-11 18:53:56,009,CDKL5_005_178_79,211,0.351,3,0.363,0.0,21.42
2025-10-11 19:03:59,009,CDKL5_005_178_79,0,0.0,15,1.0,0.0,21.4
2025-10-11 19:14:03,009,CDKL5_005_178_79,0,0.0,15,1.0,0.0,21.39
2025-10-11 19:24:06,009,CDKL5_005_178_79,152,0.252,7,0.648,0.0,21.43
2025-10-11 19:34:09,009,CDKL5_005_178_79,137,0.228,7,0.671,0.0,21.52
2025-10-11 19:44:12,009,CDKL5_005_178_79,143,0.238,4,0.528,0.0,21.6
2025-10-11 19:54:15,009,CDKL5_005_178_79,41,0.068,13,0.927,0.0,21.61
2025-10-11 20:04:17,009,CDKL5_005_178_79,0,0.0,15,1.0,0.0,21.57
2025-10-11 20:14:21,009,CDKL5_005_178_79,0,0.0,15,1.0,0.0,21.48
2025-10-11 20:24:24,009,CDKL5_005_178_79,0,0.0,15,1.0,0.0,21.41
2025-10-11 20:34:27,009,CDKL5_005_178_79,0,0.0,15,1.0,0.0,21.35
2025-10-11 20:44:30,009,CDKL5_005_178_79,0,0.0,15,1.0,0.0,21.31
2025-10-11 20:54:33,009,CDKL5_005_178_79,0,0.0,15,1.0,0.0,21.3
2025-10-11 21:04:36,009,CDKL5_005_178_79,0,0.0,15,1.0,0.0,21.28
2025-10-11 21:14:39,009,CDKL5_005_178_79,0,0.0,15,1.0,0.0,21.26
2025-10-11 21:24:41,009,CDKL5_005_178_79,0,0.0,15,1.0,0.0,21.22
2025-10-11 21:34:45,009,CDKL5_005_178_79,0,0.0,15,1.0,0.0,21.21
2025-10-11 21:44:48,009,CDKL5_005_178_79,0,0.0,15,1.0,0.0,21.19
2025-10-11 21:54:51,009,CDKL5_005_178_79,0,0.0,15,1.0,0.0,21.17
2025-10-11 22:04:54,009,CDKL5_005_178_79,0,0.0,15,1.0,0.0,21.17
2025-10-11 22:14:57,009,CDKL5_005_178_79,0,0.0,15,1.0,0.0,21.17
2025-10-11 22:25:14,009,CDKL5_005_178_79,0,0.0,15,1.0,0.0,21.19
2025-10-11 22:35:17,009,CDKL5_005_178_79,18,0.03,14,0.969,0.0,21.18
2025-10-11 22:45:20,009,CDKL5_005_178_79,0,0.0,15,1.0,0.0,21.19
2025-10-11 22:55:23,009,CDKL5_005_178_79,0,0.0,15,1.0,0.0,21.18
2025-10-11 23:05:26,009,CDKL5_005_178_79,76,0.126,8,0.808,0.0,21.27
2025-10-11 23:15:29,009,CDKL5_005_178_79,188,0.313,6,0.561,0.0,21.41
2025-10-11 23:25:32,009,CDKL5_005_178_79,176,0.293,3,0.405,0.0,21.48
2025-10-11 23:35:35,009,CDKL5_005_178_79,82,0.136,8,0.796,0.0,21.53
2025-10-11 23:45:38,009,CDKL5_005_178_79,134,0.223,6,0.642,0.0,21.59
2025-10-11 23:55:41,009,CDKL5_005_178_79,34,0.057,13,0.939,0.0,21.56
2025-10-12 00:05:44,009,CDKL5_005_178_79,34,0.057,13,0.939,0.0,21.51
2025-10-12 00:15:47,009,CDKL5_005_178_79,6,0.01,15,0.99,0.0,21.44
2025-10-12 00:25:50,009,CDKL5_005_178_79,2,0.003,14,0.996,0.0,21.38
2025-10-12 00:35:53,009,CDKL5_005_178_79,0,0.0,15,1.0,0.0,21.34
2025-10-12 00:45:57,009,CDKL5_005_178_79,0,0.0,15,1.0,0.0,21.3
2025-10-12 00:56:00,009,CDKL5_005_178_79,0,0.0,15,1.0,0.0,21.26
2025-10-12 01:06:03,009,CDKL5_005_178_79,0,0.0,15,1.0,0.0,21.24
2025-10-12 01:16:06,009,CDKL5_005_178_79,0,0.0,15,1.0,0.0,21.2
2025-10-12 01:26:10,009,CDKL5_005_178_79,0,0.0,15,1.0,0.0,21.18
2025-10-12 01:36:13,009,CDKL5_005_178_79,0,0.0,15,1.0,0.0,21.16
2025-10-12 01:46:15,009,CDKL5_005_178_79,0,0.0,15,1.0,0.0,21.13
2025-10-12 01:56:18,009,CDKL5_005_178_79,56,0.093,12,0.896,0.0,21.12
2025-10-12 02:06:21,009,CDKL5_005_178_79,61,0.101,13,0.895,0.0,21.19
2025-10-12 02:16:25,009,CDKL5_005_178_79,55,0.091,12,0.897,0.0,21.24
2025-10-12 02:26:49,009,CDKL5_005_178_79,0,0.0,15,1.0,0.0,21.3
2025-10-12 02:36:52,009,CDKL5_005_178_79,0,0.0,15,1.0,0.0,21.23
2025-10-12 02:46:54,009,CDKL5_005_178_79,0,0.0,15,1.0,0.0,21.18
2025-10-12 02:56:57,009,CDKL5_005_178_79,0,0.0,15,1.0,0.0,21.15
2025-10-12 03:07:00,009,CDKL5_005_178_79,70,0.116,11,0.863,0.0,21.14
2025-10-12 03:17:03,009,CDKL5_005_178_79,176,0.293,7,0.614,0.0,21.23
2025-10-12 03:27:07,009,CDKL5_005_178_79,41,0.068,11,0.915,0.0,21.32
2025-10-12 03:37:10,009,CDKL5_005_178_79,16,0.027,13,0.97,0.0,21.32
2025-10-12 03:47:13,009,CDKL5_005_178_79,0,0.0,15,1.0,0.0,21.27
2025-10-12 03:57:16,009,CDKL5_005_178_79,0,0.0,15,1.0,0.0,21.23
2025-10-12 04:07:19,009,CDKL5_005_178_79,0,0.0,15,1.0,0.0,21.17
2025-10-12 04:17:23,009,CDKL5_005_178_79,0,0.0,15,1.0,0.0,21.15
2025-10-12 04:27:26,009,CDKL5_005_178_79,0,0.0,15,1.0,0.0,21.13
2025-10-12 04:37:29,009,CDKL5_005_178_79,0,0.0,15,1.0,0.0,21.09
2025-10-12 04:47:33,009,CDKL5_005_178_79,0,0.0,15,1.0,0.0,21.08
2025-10-12 04:57:35,009,CDKL5_005_178_79,0,0.0,15,1.0,0.0,21.07
2025-10-12 05:07:39,009,CDKL5_005_178_79,0,0.0,15,1.0,0.0,21.05
2025-10-12 05:17:42,009,CDKL5_005_178_79,0,0.0,15,1.0,0.0,21.03
2025-10-12 05:27:45,009,CDKL5_005_178_79,0,0.0,15,1.0,0.0,21.02
2025-10-12 05:37:48,009,CDKL5_005_178_79,0,0.0,15,1.0,0.0,21.02
2025-10-12 05:47:51,009,CDKL5_005_178_79,55,0.091,10,0.879,0.0,21.04
2025-10-12 05:57:53,009,CDKL5_005_178_79,141,0.235,4,0.532,0.0,21.14
2025-10-12 06:07:56,009,CDKL5_005_178_79,2,0.003,15,0.997,1.2744,21.16
2025-10-12 06:17:59,009,CDKL5_005_178_79,0,0.0,15,1.0,1.314,21.18
2025-10-12 06:28:14,009,CDKL5_005_178_79,0,0.0,15,1.0,1.314,21.18
2025-10-12 06:38:17,009,CDKL5_005_178_79,0,0.0,15,1.0,1.3248,21.14
2025-10-12 06:48:20,009,CDKL5_005_178_79,0,0.0,15,1.0,1.3392,21.12
2025-10-12 06:58:23,009,CDKL5_005_178_79,0,0.0,15,1.0,1.3608,21.1
2025-10-12 07:08:26,009,CDKL5_005_178_79,0,0.0,15,1.0,1.3572,21.09
2025-10-12 07:18:29,009,CDKL5_005_178_79,0,0.0,15,1.0,1.3572,21.09
2025-10-12 07:28:32,009,CDKL5_005_178_79,0,0.0,15,1.0,1.3536,21.08
2025-10-12 07:38:36,009,CDKL5_005_178_79,0,0.0,15,1.0,1.3644,21.07
2025-10-12 07:48:39,009,CDKL5_005_178_79,0,0.0,15,1.0,1.3536,21.08
2025-10-12 07:58:42,009,CDKL5_005_178_79,0,0.0,15,1.0,1.3716,21.07
2025-10-12 08:08:44,009,CDKL5_005_178_79,0,0.0,15,1.0,1.3644,21.07
2025-10-12 08:18:47,009,CDKL5_005_178_79,0,0.0,15,1.0,1.3644,21.07
2025-10-12 08:28:50,009,CDKL5_005_178_79,0,0.0,15,1.0,1.3608,21.06
2025-10-12 08:38:53,009,CDKL5_005_178_79,0,0.0,15,1.0,1.242,21.06
2025-10-12 08:48:56,009,CDKL5_005_178_79,0,0.0,15,1.0,1.3176,21.06
2025-10-12 08:58:59,009,CDKL5_005_178_79,0,0.0,15,1.0,1.3284,21.06
2025-10-12 09:09:02,009,CDKL5_005_178_79,0,0.0,15,1.0,1.3248,21.05
2025-10-12 09:19:04,009,CDKL5_005_178_79,0,0.0,15,1.0,1.3176,21.04
2025-10-12 09:29:07,009,CDKL5_005_178_79,0,0.0,15,1.0,1.3248,21.03
2025-10-12 09:39:10,009,CDKL5_005_178_79,0,0.0,15,1.0,1.3248,21.01
2025-10-12 09:49:13,009,CDKL5_005_178_79,0,0.0,15,1.0,1.3176,21.01
2025-10-12 09:59:16,009,CDKL5_005_178_79,0,0.0,15,1.0,1.3248,21.02
2025-10-12 10:09:19,009,CDKL5_005_178_79,0,0.0,15,1.0,1.3392,21.01
2025-10-12 10:19:22,009,CDKL5_005_178_79,0,0.0,15,1.0,1.3464,21.02
2025-10-12 10:29:41,009,CDKL5_005_178_79,0,0.0,15,1.0,1.3248,21.05
2025-10-12 10:39:44,009,CDKL5_005_178_79,0,0.0,15,1.0,1.3284,21.04
2025-10-12 10:49:46,009,CDKL5_005_178_79,0,0.0,15,1.0,1.3284,21.03
2025-10-12 10:59:50,009,CDKL5_005_178_79,0,0.0,15,1.0,1.3284,21.02
2025-10-12 11:09:53,009,CDKL5_005_178_79,0,0.0,15,1.0,1.3248,21.01
2025-10-12 11:19:56,009,CDKL5_005_178_79,0,0.0,15,1.0,1.3248,21.01
2025-10-12 11:29:59,009,CDKL5_005_178_79,0,0.0,15,1.0,1.3248,21.0
2025-10-12 11:40:02,009,CDKL5_005_178_79,0,0.0,15,1.0,1.3248,20.99
2025-10-12 11:50:05,009,CDKL5_005_178_79,0,0.0,15,1.0,1.3176,21.0
2025-10-12 12:00:07,009,CDKL5_005_178_79,0,0.0,15,1.0,1.314,21.0
2025-10-12 12:10:10,009,CDKL5_005_178_79,0,0.0,15,1.0,1.3176,20.99
2025-10-12 12:20:13,009,CDKL5_005_178_79,0,0.0,15,1.0,1.3176,20.98
2025-10-12 12:30:16,009,CDKL5_005_178_79,0,0.0,15,1.0,1.3176,20.99
2025-10-12 12:40:19,009,CDKL5_005_178_79,0,0.0,15,1.0,1.3176,21.0
2025-10-12 12:50:22,009,CDKL5_005_178_79,0,0.0,15,1.0,1.3176,21.0
2025-10-12 13:00:25,009,CDKL5_005_178_79,0,0.0,15,1.0,1.3284,20.99
2025-10-12 13:10:29,009,CDKL5_005_178_79,0,0.0,15,1.0,1.3176,20.97
2025-10-12 13:20:31,009,CDKL5_005_178_79,0,0.0,15,1.0,1.3176,20.97
2025-10-12 13:30:34,009,CDKL5_005_178_79,0,0.0,15,1.0,1.3176,20.96
2025-10-12 13:40:37,009,CDKL5_005_178_79,0,0.0,15,1.0,1.3284,20.96
2025-10-12 13:50:40,009,CDKL5_005_178_79,0,0.0,15,1.0,1.3284,20.94
2025-10-12 14:00:43,009,CDKL5_005_178_79,0,0.0,15,1.0,1.3176,20.95
2025-10-12 14:10:46,009,CDKL5_005_178_79,0,0.0,15,1.0,1.3284,20.95
2025-10-12 14:20:49,009,CDKL5_005_178_79,0,0.0,15,1.0,1.3284,20.93
2025-10-12 14:31:06,009,CDKL5_005_178_79,0,0.0,15,1.0,1.3176,20.96
2025-10-12 14:41:09,009,CDKL5_005_178_79,0,0.0,15,1.0,1.3176,20.95
2025-10-12 14:51:12,009,CDKL5_005_178_79,0,0.0,15,1.0,1.3248,20.94
2025-10-12 15:01:15,009,CDKL5_005_178_79,0,0.0,15,1.0,1.3248,20.93
2025-10-12 15:11:19,009,CDKL5_005_178_79,0,0.0,15,1.0,1.3248,20.94
2025-10-12 15:21:22,009,CDKL5_005_178_79,0,0.0,15,1.0,1.3176,20.93
2025-10-12 15:31:25,009,CDKL5_005_178_79,0,0.0,15,1.0,1.3284,20.93
2025-10-12 15:41:28,009,CDKL5_005_178_79,0,0.0,15,1.0,1.3572,20.93
2025-10-12 15:51:31,009,CDKL5_005_178_79,0,0.0,15,1.0,1.3536,20.95
2025-10-12 16:01:34,009,CDKL5_005_178_79,0,0.0,15,1.0,1.3572,20.94
2025-10-12 16:11:37,009,CDKL5_005_178_79,8,0.013,14,0.986,1.35,20.96
2025-10-12 16:21:40,009,CDKL5_005_178_79,1,0.002,14,0.998,1.3248,20.97
2025-10-12 16:31:43,009,CDKL5_005_178_79,0,0.0,15,1.0,1.3248,20.98
2025-10-12 16:41:46,009,CDKL5_005_178_79,0,0.0,15,1.0,1.3248,20.98
2025-10-12 16:51:49,009,CDKL5_005_178_79,0,0.0,15,1.0,1.3356,20.97
2025-10-12 17:01:52,009,CDKL5_005_178_79,0,0.0,15,1.0,1.3356,20.97
2025-10-12 17:11:54,009,CDKL5_005_178_79,0,0.0,15,1.0,1.3248,20.97
2025-10-12 17:21:57,009,CDKL5_005_178_79,0,0.0,15,1.0,1.3464,20.96
2025-10-12 17:32:00,009,CDKL5_005_178_79,0,0.0,15,1.0,1.35,20.95
2025-10-12 17:42:04,009,CDKL5_005_178_79,0,0.0,15,1.0,1.3392,20.94
2025-10-12 17:52:06,009,CDKL5_005_178_79,0,0.0,15,1.0,1.35,20.95
2025-10-12 18:02:10,009,CDKL5_005_178_79,0,0.0,15,1.0,0.0,20.97
2025-10-12 18:12:13,009,CDKL5_005_178_79,0,0.0,15,1.0,0.0,20.96
2025-10-12 18:22:16,009,CDKL5_005_178_79,0,0.0,15,1.0,0.0,20.97
2025-10-12 18:32:37,009,CDKL5_005_178_79,0,0.0,15,1.0,0.0,21.02
2025-10-12 18:42:39,009,CDKL5_005_178_79,212,0.353,0,0.0,0.0,21.11
2025-10-12 18:52:42,009,CDKL5_005_178_79,93,0.155,8,0.775,0.0,21.19
2025-10-12 19:02:45,009,CDKL5_005_178_79,14,0.023,14,0.976,0.0,21.24
2025-10-12 19:12:48,009,CDKL5_005_178_79,0,0.0,15,1.0,0.0,21.26
2025-10-12 19:22:52,009,CDKL5_005_178_79,32,0.053,14,0.946,0.0,21.26
2025-10-12 19:32:55,009,CDKL5_005_178_79,235,0.39,3,0.338,0.0,21.53
2025-10-12 19:42:58,009,CDKL5_005_178_79,139,0.231,5,0.59,0.0,21.61
2025-10-12 19:53:01,009,CDKL5_005_178_79,211,0.352,4,0.431,0.0,21.69
2025-10-12 20:03:04,009,CDKL5_005_178_79,150,0.25,6,0.615,0.0,21.73
2025-10-12 20:13:06,009,CDKL5_005_178_79,93,0.155,9,0.795,0.0,21.71
2025-10-12 20:23:09,009,CDKL5_005_178_79,73,0.121,8,0.814,0.0,21.67
2025-10-12 20:33:13,009,CDKL5_005_178_79,74,0.123,12,0.866,0.0,21.65
2025-10-12 20:43:16,009,CDKL5_005_178_79,0,0.0,15,1.0,0.0,21.59
2025-10-12 20:53:19,009,CDKL5_005_178_79,0,0.0,15,1.0,0.0,21.5
2025-10-12 21:03:22,009,CDKL5_005_178_79,0,0.0,15,1.0,0.0,21.44
2025-10-12 21:13:25,009,CDKL5_005_178_79,0,0.0,15,1.0,0.0,21.39
2025-10-12 21:23:28,009,CDKL5_005_178_79,0,0.0,15,1.0,0.0,21.35
2025-10-12 21:33:31,009,CDKL5_005_178_79,0,0.0,15,1.0,0.0,21.33
2025-10-12 21:43:35,009,CDKL5_005_178_79,0,0.0,15,1.0,0.0,21.33
2025-10-12 21:53:38,009,CDKL5_005_178_79,0,0.0,15,1.0,0.0,21.32
2025-10-12 22:03:41,009,CDKL5_005_178_79,0,0.0,15,1.0,0.0,21.31
2025-10-12 22:13:44,009,CDKL5_005_178_79,0,0.0,15,1.0,0.0,21.31
2025-10-12 22:23:47,009,CDKL5_005_178_79,0,0.0,15,1.0,0.0,21.3
2025-10-12 22:34:03,009,CDKL5_005_178_79,0,0.0,15,1.0,0.0,21.34
2025-10-12 22:44:06,009,CDKL5_005_178_79,0,0.0,15,1.0,0.0,21.32
2025-10-12 22:54:09,009,CDKL5_005_178_79,0,0.0,15,1.0,0.0,21.28
2025-10-12 23:04:12,009,CDKL5_005_178_79,0,0.0,15,1.0,0.0,21.26
2025-10-12 23:14:15,009,CDKL5_005_178_79,0,0.0,15,1.0,0.0,21.25
2025-10-12 23:24:16,009,CDKL5_005_178_79,11,0.018,15,0.982,0.0,21.25
2025-10-12 23:34:19,009,CDKL5_005_178_79,128,0.213,6,0.652,0.0,21.33
2025-10-12 23:44:23,009,CDKL5_005_178_79,125,0.208,9,0.742,0.0,21.44
2025-10-12 23:54:26,009,CDKL5_005_178_79,126,0.21,6,0.656,0.0,21.52
2025-10-11 00:05:46,046,CDKL5_005_178_82,0,0.0,15,1.0,0.0,22.05
2025-10-11 00:15:49,046,CDKL5_005_178_82,9,0.015,14,0.984,0.0,21.97
2025-10-11 00:25:52,046,CDKL5_005_178_82,5,0.008,14,0.991,0.0,21.91
2025-10-11 00:35:56,046,CDKL5_005_178_82,0,0.0,15,1.0,0.0,21.85
2025-10-11 00:45:59,046,CDKL5_005_178_82,0,0.0,15,1.0,0.0,21.79
2025-10-11 00:56:02,046,CDKL5_005_178_82,0,0.0,15,1.0,0.0,21.73
2025-10-11 01:06:06,046,CDKL5_005_178_82,0,0.0,15,1.0,0.0,21.7
2025-10-11 01:16:08,046,CDKL5_005_178_82,0,0.0,15,1.0,0.0,21.68
2025-10-11 01:26:23,046,CDKL5_005_178_82,0,0.0,15,1.0,0.0,21.7
2025-10-11 01:36:26,046,CDKL5_005_178_82,4,0.007,15,0.993,0.0,21.7
2025-10-11 01:46:29,046,CDKL5_005_178_82,239,0.397,7,0.539,0.0,21.82
2025-10-11 01:56:32,046,CDKL5_005_178_82,194,0.323,7,0.591,0.0,21.93
2025-10-11 02:06:35,046,CDKL5_005_178_82,318,0.529,2,0.201,0.0,22.02
2025-10-11 02:16:38,046,CDKL5_005_178_82,226,0.375,5,0.469,0.0,22.11
2025-10-11 02:26:41,046,CDKL5_005_178_82,205,0.341,3,0.369,0.0,22.04
2025-10-11 02:36:44,046,CDKL5_005_178_82,48,0.08,12,0.909,0.0,21.97
2025-10-11 02:46:47,046,CDKL5_005_178_82,0,0.0,15,1.0,0.0,21.85
2025-10-11 02:56:49,046,CDKL5_005_178_82,0,0.0,15,1.0,0.0,21.75
2025-10-11 03:06:52,046,CDKL5_005_178_82,5,0.008,14,0.991,0.0,21.69
2025-10-11 03:16:56,046,CDKL5_005_178_82,0,0.0,15,1.0,0.0,21.66
2025-10-11 03:26:58,046,CDKL5_005_178_82,0,0.0,15,1.0,0.0,21.62
2025-10-11 03:37:01,046,CDKL5_005_178_82,0,0.0,15,1.0,0.0,21.6
2025-10-11 03:47:03,046,CDKL5_005_178_82,0,0.0,15,1.0,0.0,21.56
2025-10-11 03:57:06,046,CDKL5_005_178_82,0,0.0,15,1.0,0.0,21.55
2025-10-11 04:07:09,046,CDKL5_005_178_82,58,0.097,11,0.884,0.0,21.59
2025-10-11 04:17:12,046,CDKL5_005_178_82,168,0.28,5,0.543,0.0,21.7
2025-10-11 04:27:15,046,CDKL5_005_178_82,9,0.015,13,0.983,0.0,21.68
2025-10-11 04:37:18,046,CDKL5_005_178_82,94,0.156,9,0.793,0.0,21.67
2025-10-11 04:47:21,046,CDKL5_005_178_82,121,0.201,9,0.748,0.0,21.67
2025-10-11 04:57:24,046,CDKL5_005_178_82,3,0.005,14,0.995,0.0,21.64
2025-10-11 05:07:27,046,CDKL5_005_178_82,0,0.0,15,1.0,0.0,21.6
2025-10-11 05:17:30,046,CDKL5_005_178_82,0,0.0,15,1.0,0.0,21.55
2025-10-11 05:27:48,046,CDKL5_005_178_82,0,0.0,15,1.0,0.0,21.56
2025-10-11 05:37:51,046,CDKL5_005_178_82,35,0.058,12,0.932,0.0,21.54
2025-10-11 05:47:54,046,CDKL5_005_178_82,174,0.29,6,0.58,0.0,21.62
2025-10-11 05:57:56,046,CDKL5_005_178_82,3,0.005,14,0.995,0.0,21.61
2025-10-11 06:07:59,046,CDKL5_005_178_82,1,0.002,14,0.998,0.1152,21.59
2025-10-11 06:18:03,046,CDKL5_005_178_82,0,0.0,15,1.0,0.1152,21.56
2025-10-11 06:28:05,046,CDKL5_005_178_82,0,0.0,15,1.0,0.108,21.55
2025-10-11 06:38:09,046,CDKL5_005_178_82,0,0.0,15,1.0,0.126,21.52
2025-10-11 06:48:12,046,CDKL5_005_178_82,0,0.0,15,1.0,0.108,21.52
2025-10-11 06:58:15,046,CDKL5_005_178_82,0,0.0,15,1.0,0.108,21.5
2025-10-11 07:08:17,046,CDKL5_005_178_82,0,0.0,15,1.0,0.1188,21.49
2025-10-11 07:18:21,046,CDKL5_005_178_82,0,0.0,15,1.0,0.1188,21.48
2025-10-11 07:28:24,046,CDKL5_005_178_82,0,0.0,15,1.0,0.1188,21.49
2025-10-11 07:38:27,046,CDKL5_005_178_82,0,0.0,15,1.0,0.1188,21.48
2025-10-11 07:48:30,046,CDKL5_005_178_82,0,0.0,15,1.0,0.108,21.48
2025-10-11 07:58:33,046,CDKL5_005_178_82,0,0.0,15,1.0,0.108,21.47
2025-10-11 08:08:36,046,CDKL5_005_178_82,0,0.0,15,1.0,0.1188,21.48
2025-10-11 08:18:39,046,CDKL5_005_178_82,0,0.0,15,1.0,0.1188,21.47
2025-10-11 08:28:42,046,CDKL5_005_178_82,0,0.0,15,1.0,0.1188,21.45
2025-10-11 08:38:45,046,CDKL5_005_178_82,0,0.0,15,1.0,0.126,21.44
2025-10-11 08:48:48,046,CDKL5_005_178_82,0,0.0,15,1.0,0.1188,21.45
2025-10-11 08:58:51,046,CDKL5_005_178_82,0,0.0,15,1.0,0.1188,21.44
2025-10-11 09:08:54,046,CDKL5_005_178_82,0,0.0,15,1.0,0.1188,21.44
2025-10-11 09:18:57,046,CDKL5_005_178_82,0,0.0,15,1.0,0.1188,21.44
2025-10-11 09:29:19,046,CDKL5_005_178_82,0,0.0,15,1.0,0.1188,21.47
2025-10-11 09:39:22,046,CDKL5_005_178_82,0,0.0,15,1.0,0.1188,21.45
2025-10-11 09:49:25,046,CDKL5_005_178_82,0,0.0,15,1.0,0.1188,21.44
2025-10-11 09:59:28,046,CDKL5_005_178_82,0,0.0,15,1.0,0.1404,21.42
2025-10-11 10:09:31,046,CDKL5_005_178_82,0,0.0,15,1.0,0.1404,21.42
2025-10-11 10:19:34,046,CDKL5_005_178_82,0,0.0,15,1.0,0.1404,21.41
2025-10-11 10:29:37,046,CDKL5_005_178_82,0,0.0,15,1.0,0.1404,21.38
2025-10-11 10:39:40,046,CDKL5_005_178_82,0,0.0,15,1.0,0.1368,21.35
2025-10-11 10:49:43,046,CDKL5_005_178_82,0,0.0,15,1.0,0.108,21.34
2025-10-11 10:59:46,046,CDKL5_005_178_82,0,0.0,15,1.0,0.108,21.33
2025-10-11 11:09:48,046,CDKL5_005_178_82,0,0.0,15,1.0,0.108,21.3
2025-10-11 11:19:52,046,CDKL5_005_178_82,0,0.0,15,1.0,0.108,21.28
2025-10-11 11:29:55,046,CDKL5_005_178_82,39,0.065,11,0.919,0.1044,21.28
2025-10-11 11:39:58,046,CDKL5_005_178_82,0,0.0,15,1.0,0.108,21.27
2025-10-11 11:50:01,046,CDKL5_005_178_82,0,0.0,15,1.0,0.1116,21.24
2025-10-11 12:00:03,046,CDKL5_005_178_82,0,0.0,15,1.0,0.1116,21.24
2025-10-11 12:10:06,046,CDKL5_005_178_82,0,0.0,15,1.0,0.1116,21.23
2025-10-11 12:20:09,046,CDKL5_005_178_82,0,0.0,15,1.0,0.108,21.21
2025-10-11 12:30:12,046,CDKL5_005_178_82,0,0.0,15,1.0,0.1116,21.22
2025-10-11 12:40:16,046,CDKL5_005_178_82,0,0.0,15,1.0,0.1368,21.21
2025-10-11 12:50:19,046,CDKL5_005_178_82,0,0.0,15,1.0,0.1296,21.21
2025-10-11 13:00:22,046,CDKL5_005_178_82,0,0.0,15,1.0,0.1116,21.2
2025-10-11 13:10:25,046,CDKL5_005_178_82,0,0.0,15,1.0,0.1116,21.2
2025-10-11 13:20:28,046,CDKL5_005_178_82,0,0.0,15,1.0,0.1116,21.19
2025-10-11 13:30:41,046,CDKL5_005_178_82,0,0.0,15,1.0,0.1116,21.21
2025-10-11 13:40:43,046,CDKL5_005_178_82,0,0.0,15,1.0,0.1116,21.19
2025-10-11 13:50:46,046,CDKL5_005_178_82,0,0.0,15,1.0,0.1116,21.18
2025-10-11 14:00:49,046,CDKL5_005_178_82,0,0.0,15,1.0,0.108,21.18
2025-10-11 14:10:53,046,CDKL5_005_178_82,0,0.0,15,1.0,0.1116,21.17
2025-10-11 14:20:56,046,CDKL5_005_178_82,0,0.0,15,1.0,0.1116,21.16
2025-10-11 14:30:59,046,CDKL5_005_178_82,9,0.015,14,0.984,0.108,21.16
2025-10-11 14:41:02,046,CDKL5_005_178_82,0,0.0,15,1.0,0.108,21.16
2025-10-11 14:51:06,046,CDKL5_005_178_82,0,0.0,15,1.0,0.108,21.15
2025-10-11 15:01:10,046,CDKL5_005_178_82,0,0.0,15,1.0,0.108,21.15
2025-10-11 15:11:13,046,CDKL5_005_178_82,0,0.0,15,1.0,0.108,21.15
2025-10-11 15:21:16,046,CDKL5_005_178_82,0,0.0,15,1.0,0.108,21.16
2025-10-11 15:31:19,046,CDKL5_005_178_82,0,0.0,15,1.0,0.108,21.15
2025-10-11 15:41:22,046,CDKL5_005_178_82,0,0.0,15,1.0,0.108,21.16
2025-10-11 15:51:25,046,CDKL5_005_178_82,0,0.0,15,1.0,0.108,21.15
2025-10-11 16:01:27,046,CDKL5_005_178_82,0,0.0,15,1.0,0.1008,21.17
2025-10-11 16:11:30,046,CDKL5_005_178_82,0,0.0,15,1.0,0.108,21.16
2025-10-11 16:21:34,046,CDKL5_005_178_82,0,0.0,15,1.0,0.108,21.15
2025-10-11 16:31:36,046,CDKL5_005_178_82,0,0.0,15,1.0,0.1296,21.17
2025-10-11 16:41:40,046,CDKL5_005_178_82,0,0.0,15,1.0,0.1296,21.2
2025-10-11 16:51:43,046,CDKL5_005_178_82,0,0.0,15,1.0,0.108,21.22
2025-10-11 17:01:46,046,CDKL5_005_178_82,0,0.0,15,1.0,0.1368,21.24
2025-10-11 17:11:48,046,CDKL5_005_178_82,0,0.0,15,1.0,0.1332,21.26
2025-10-11 17:21:51,046,CDKL5_005_178_82,0,0.0,15,1.0,0.1008,21.29
2025-10-11 17:32:08,046,CDKL5_005_178_82,0,0.0,15,1.0,0.108,21.32
2025-10-11 17:42:11,046,CDKL5_005_178_82,0,0.0,15,1.0,0.1008,21.32
2025-10-11 17:52:14,046,CDKL5_005_178_82,0,0.0,15,1.0,0.108,21.32
2025-10-11 18:02:16,046,CDKL5_005_178_82,6,0.01,14,0.989,0.0,21.34
2025-10-11 18:12:20,046,CDKL5_005_178_82,207,0.344,5,0.491,0.0,21.44
2025-10-11 18:22:23,046,CDKL5_005_178_82,192,0.319,7,0.593,0.0,21.56
2025-10-11 18:32:26,046,CDKL5_005_178_82,255,0.424,5,0.44,0.0,21.75
2025-10-11 18:42:29,046,CDKL5_005_178_82,139,0.231,9,0.721,0.0,21.8
2025-10-11 18:52:32,046,CDKL5_005_178_82,194,0.323,5,0.508,0.0,21.86
2025-10-11 19:02:35,046,CDKL5_005_178_82,208,0.346,5,0.49,0.0,21.9
2025-10-11 19:12:38,046,CDKL5_005_178_82,141,0.235,6,0.63,0.0,21.92
2025-10-11 19:22:42,046,CDKL5_005_178_82,218,0.362,5,0.478,0.0,21.92
2025-10-11 19:32:45,046,CDKL5_005_178_82,163,0.271,7,0.632,0.0,21.91
2025-10-11 19:42:47,046,CDKL5_005_178_82,116,0.193,9,0.756,0.0,21.91
2025-10-11 19:52:50,046,CDKL5_005_178_82,244,0.407,5,0.45,0.0,22.02
2025-10-11 20:02:53,046,CDKL5_005_178_82,204,0.339,4,0.44,0.0,22.02
2025-10-11 20:12:56,046,CDKL5_005_178_82,62,0.103,11,0.876,0.0,22.01
2025-10-11 20:22:59,046,CDKL5_005_178_82,0,0.0,15,1.0,0.0,21.9
2025-10-11 20:33:01,046,CDKL5_005_178_82,0,0.0,15,1.0,0.0,21.8
2025-10-11 20:43:04,046,CDKL5_005_178_82,10,0.017,13,0.981,0.0,21.77
2025-10-11 20:53:07,046,CDKL5_005_178_82,0,0.0,15,1.0,0.0,21.72
2025-10-11 21:03:11,046,CDKL5_005_178_82,0,0.0,15,1.0,0.0,21.66
2025-10-11 21:13:14,046,CDKL5_005_178_82,0,0.0,15,1.0,0.0,21.62
2025-10-11 21:23:16,046,CDKL5_005_178_82,0,0.0,15,1.0,0.0,21.59
2025-10-11 21:33:31,046,CDKL5_005_178_82,0,0.0,15,1.0,0.0,21.59
2025-10-11 21:43:34,046,CDKL5_005_178_82,0,0.0,15,1.0,0.0,21.57
2025-10-11 21:53:37,046,CDKL5_005_178_82,0,0.0,15,1.0,0.0,21.55
2025-10-11 22:03:40,046,CDKL5_005_178_82,0,0.0,15,1.0,0.0,21.55
2025-10-11 22:13:43,046,CDKL5_005_178_82,0,0.0,15,1.0,0.0,21.57
2025-10-11 22:23:46,046,CDKL5_005_178_82,0,0.0,15,1.0,0.0,21.56
2025-10-11 22:33:49,046,CDKL5_005_178_82,0,0.0,15,1.0,0.0,21.54
2025-10-11 22:43:52,046,CDKL5_005_178_82,0,0.0,15,1.0,0.0,21.54
2025-10-11 22:53:55,046,CDKL5_005_178_82,0,0.0,15,1.0,0.0,21.54
2025-10-11 23:03:58,046,CDKL5_005_178_82,238,0.396,5,0.457,0.0,21.66
2025-10-11 23:14:02,046,CDKL5_005_178_82,142,0.236,7,0.664,0.0,21.77
2025-10-11 23:24:04,046,CDKL5_005_178_82,23,0.038,13,0.958,0.0,21.78
2025-10-11 23:34:07,046,CDKL5_005_178_82,0,0.0,15,1.0,0.0,21.75
2025-10-11 23:44:10,046,CDKL5_005_178_82,0,0.0,15,1.0,0.0,21.7
2025-10-11 23:54:13,046,CDKL5_005_178_82,0,0.0,15,1.0,0.0,21.64
2025-10-12 00:04:15,046,CDKL5_005_178_82,0,0.0,15,1.0,0.0,21.6
2025-10-12 00:14:19,046,CDKL5_005_178_82,0,0.0,15,1.0,0.0,21.57
2025-10-12 00:24:21,046,CDKL5_005_178_82,0,0.0,15,1.0,0.0,21.56
2025-10-12 00:34:24,046,CDKL5_005_178_82,3,0.005,14,0.995,0.0,21.57
2025-10-12 00:44:27,046,CDKL5_005_178_82,0,0.0,15,1.0,0.0,21.59
2025-10-12 00:54:30,046,CDKL5_005_178_82,0,0.0,15,1.0,0.0,21.58
2025-10-12 01:04:34,046,CDKL5_005_178_82,0,0.0,15,1.0,0.0,21.57
2025-10-12 01:14:36,046,CDKL5_005_178_82,0,0.0,15,1.0,0.0,21.55
2025-10-12 01:24:40,046,CDKL5_005_178_82,0,0.0,15,1.0,0.0,21.56
2025-10-12 01:35:02,046,CDKL5_005_178_82,0,0.0,15,1.0,0.0,21.57
2025-10-12 01:45:05,046,CDKL5_005_178_82,0,0.0,15,1.0,0.0,21.53
2025-10-12 01:55:08,046,CDKL5_005_178_82,0,0.0,15,1.0,0.0,21.51
2025-10-12 02:05:10,046,CDKL5_005_178_82,0,0.0,15,1.0,0.0,21.5
2025-10-12 02:15:13,046,CDKL5_005_178_82,0,0.0,15,1.0,0.0,21.49
2025-10-12 02:25:16,046,CDKL5_005_178_82,10,0.017,14,0.982,0.0,21.5
2025-10-12 02:35:19,046,CDKL5_005_178_82,243,0.404,6,0.497,0.0,21.64
2025-10-12 02:45:22,046,CDKL5_005_178_82,172,0.286,6,0.583,0.0,21.8
2025-10-12 02:55:25,046,CDKL5_005_178_82,76,0.126,11,0.853,0.0,21.81
2025-10-12 03:05:28,046,CDKL5_005_178_82,167,0.277,5,0.545,0.0,21.85
2025-10-12 03:15:32,046,CDKL5_005_178_82,223,0.37,5,0.473,0.0,21.87
2025-10-12 03:25:35,046,CDKL5_005_178_82,15,0.025,12,0.97,0.0,21.81
2025-10-12 03:35:38,046,CDKL5_005_178_82,42,0.07,12,0.92,0.0,21.81
2025-10-12 03:45:41,046,CDKL5_005_178_82,178,0.296,7,0.611,0.0,21.83
2025-10-12 03:55:43,046,CDKL5_005_178_82,103,0.171,11,0.81,0.0,21.84
2025-10-12 04:05:46,046,CDKL5_005_178_82,0,0.0,15,1.0,0.0,21.77
2025-10-12 04:15:50,046,CDKL5_005_178_82,0,0.0,15,1.0,0.0,21.71
2025-10-12 04:25:53,046,CDKL5_005_178_82,0,0.0,15,1.0,0.0,21.64
2025-10-12 04:35:56,046,CDKL5_005_178_82,0,0.0,15,1.0,0.0,21.59
2025-10-12 04:45:59,046,CDKL5_005_178_82,0,0.0,15,1.0,0.0,21.54
2025-10-12 04:56:02,046,CDKL5_005_178_82,0,0.0,15,1.0,0.0,21.51
2025-10-12 05:06:05,046,CDKL5_005_178_82,0,0.0,15,1.0,0.0,21.48
2025-10-12 05:16:08,046,CDKL5_005_178_82,0,0.0,15,1.0,0.0,21.45
2025-10-12 05:26:11,046,CDKL5_005_178_82,0,0.0,15,1.0,0.0,21.43
2025-10-12 05:36:26,046,CDKL5_005_178_82,0,0.0,15,1.0,0.0,21.44
2025-10-12 05:46:29,046,CDKL5_005_178_82,0,0.0,15,1.0,0.0,21.41
2025-10-12 05:56:33,046,CDKL5_005_178_82,0,0.0,15,1.0,0.0,21.4
2025-10-12 06:06:35,046,CDKL5_005_178_82,0,0.0,15,1.0,0.1152,21.39
2025-10-12 06:16:38,046,CDKL5_005_178_82,0,0.0,15,1.0,0.1188,21.38
2025-10-12 06:26:41,046,CDKL5_005_178_82,0,0.0,15,1.0,0.1188,21.38
2025-10-12 06:36:44,046,CDKL5_005_178_82,0,0.0,15,1.0,0.1188,21.38
2025-10-12 06:46:47,046,CDKL5_005_178_82,0,0.0,15,1.0,0.1188,21.39
2025-10-12 06:56:50,046,CDKL5_005_178_82,0,0.0,15,1.0,0.1188,21.38
2025-10-12 07:06:53,046,CDKL5_005_178_82,0,0.0,15,1.0,0.1188,21.38
2025-10-12 07:16:56,046,CDKL5_005_178_82,0,0.0,15,1.0,0.108,21.4
2025-10-12 07:26:59,046,CDKL5_005_178_82,0,0.0,15,1.0,0.1188,21.39
2025-10-12 07:37:03,046,CDKL5_005_178_82,0,0.0,15,1.0,0.1188,21.38
2025-10-12 07:47:06,046,CDKL5_005_178_82,0,0.0,15,1.0,0.1152,21.39
2025-10-12 07:57:08,046,CDKL5_005_178_82,0,0.0,15,1.0,0.1188,21.38
2025-10-12 08:07:12,046,CDKL5_005_178_82,0,0.0,15,1.0,0.126,21.38
2025-10-12 08:17:15,046,CDKL5_005_178_82,0,0.0,15,1.0,0.1188,21.38
2025-10-12 08:27:18,046,CDKL5_005_178_82,0,0.0,15,1.0,0.1188,21.37
2025-10-12 08:37:20,046,CDKL5_005_178_82,0,0.0,15,1.0,0.1152,21.37
2025-10-12 08:47:23,046,CDKL5_005_178_82,0,0.0,15,1.0,0.1188,21.37
2025-10-12 08:57:27,046,CDKL5_005_178_82,0,0.0,15,1.0,0.1188,21.37
2025-10-12 09:07:29,046,CDKL5_005_178_82,0,0.0,15,1.0,0.108,21.35
2025-10-12 09:17:33,046,CDKL5_005_178_82,0,0.0,15,1.0,0.108,21.35
2025-10-12 09:27:36,046,CDKL5_005_178_82,0,0.0,15,1.0,0.108,21.34
2025-10-12 09:37:47,046,CDKL5_005_178_82,0,0.0,15,1.0,0.1152,21.37
2025-10-12 09:47:50,046,CDKL5_005_178_82,5,0.008,14,0.991,0.108,21.35
2025-10-12 09:57:53,046,CDKL5_005_178_82,16,0.027,14,0.972,0.1116,21.4
2025-10-12 10:07:56,046,CDKL5_005_178_82,7,0.012,14,0.988,0.1296,21.43
2025-10-12 10:17:59,046,CDKL5_005_178_82,0,0.0,15,1.0,0.1296,21.43
2025-10-12 10:28:02,046,CDKL5_005_178_82,0,0.0,15,1.0,0.1296,21.41
2025-10-12 10:38:05,046,CDKL5_005_178_82,0,0.0,15,1.0,0.1008,21.41
2025-10-12 10:48:08,046,CDKL5_005_178_82,0,0.0,15,1.0,0.1116,21.39
2025-10-12 10:58:11,046,CDKL5_005_178_82,0,0.0,15,1.0,0.1008,21.39
2025-10-12 11:08:15,046,CDKL5_005_178_82,0,0.0,15,1.0,0.108,21.38
2025-10-12 11:18:17,046,CDKL5_005_178_82,0,0.0,15,1.0,0.1008,21.37
2025-10-12 11:28:21,046,CDKL5_005_178_82,0,0.0,15,1.0,0.1116,21.36
2025-10-12 11:38:24,046,CDKL5_005_178_82,0,0.0,15,1.0,0.1008,21.34
2025-10-12 11:48:27,046,CDKL5_005_178_82,0,0.0,15,1.0,0.1188,21.33
2025-10-12 11:58:30,046,CDKL5_005_178_82,0,0.0,15,1.0,0.1116,21.33
2025-10-12 12:08:33,046,CDKL5_005_178_82,0,0.0,15,1.0,0.1116,21.32
2025-10-12 12:18:36,046,CDKL5_005_178_82,0,0.0,15,1.0,0.1008,21.32
2025-10-12 12:28:39,046,CDKL5_005_178_82,0,0.0,15,1.0,0.108,21.31
2025-10-12 12:38:42,046,CDKL5_005_178_82,0,0.0,15,1.0,0.1008,21.31
2025-10-12 12:48:44,046,CDKL5_005_178_82,6,0.01,14,0.989,0.108,21.31
2025-10-12 12:58:47,046,CDKL5_005_178_82,1,0.002,14,0.998,0.1188,21.32
2025-10-12 13:08:51,046,CDKL5_005_178_82,0,0.0,15,1.0,0.1152,21.32
2025-10-12 13:18:54,046,CDKL5_005_178_82,0,0.0,15,1.0,0.1152,21.31
2025-10-12 13:28:57,046,CDKL5_005_178_82,0,0.0,15,1.0,0.1188,21.3
2025-10-12 13:39:18,046,CDKL5_005_178_82,0,0.0,15,1.0,0.1152,21.32
2025-10-12 13:49:20,046,CDKL5_005_178_82,0,0.0,15,1.0,0.1152,21.3
2025-10-12 13:59:24,046,CDKL5_005_178_82,0,0.0,15,1.0,0.1188,21.29
2025-10-12 14:09:27,046,CDKL5_005_178_82,0,0.0,15,1.0,0.1188,21.28
2025-10-12 14:19:30,046,CDKL5_005_178_82,0,0.0,15,1.0,0.1152,21.27
2025-10-12 14:29:33,046,CDKL5_005_178_82,0,0.0,15,1.0,0.1188,21.27
2025-10-12 14:39:37,046,CDKL5_005_178_82,0,0.0,15,1.0,0.1152,21.26
2025-10-12 14:49:39,046,CDKL5_005_178_82,0,0.0,15,1.0,0.1152,21.26
2025-10-12 14:59:42,046,CDKL5_005_178_82,0,0.0,15,1.0,0.1188,21.26
2025-10-12 15:09:44,046,CDKL5_005_178_82,0,0.0,15,1.0,0.1188,21.26
2025-10-12 15:19:47,046,CDKL5_005_178_82,9,0.015,14,0.984,0.1152,21.26
2025-10-12 15:29:50,046,CDKL5_005_178_82,0,0.0,15,1.0,0.1152,21.28
2025-10-12 15:39:54,046,CDKL5_005_178_82,0,0.0,15,1.0,0.1152,21.28
2025-10-12 15:49:56,046,CDKL5_005_178_82,0,0.0,15,1.0,0.1188,21.28
2025-10-12 15:59:59,046,CDKL5_005_178_82,0,0.0,15,1.0,0.1188,21.27
2025-10-12 16:10:03,046,CDKL5_005_178_82,0,0.0,15,1.0,0.1188,21.27
2025-10-12 16:20:06,046,CDKL5_005_178_82,0,0.0,15,1.0,0.1188,21.28
2025-10-12 16:30:09,046,CDKL5_005_178_82,0,0.0,15,1.0,0.1188,21.27
2025-10-12 16:40:12,046,CDKL5_005_178_82,0,0.0,15,1.0,0.1188,21.28
2025-10-12 16:50:15,046,CDKL5_005_178_82,0,0.0,15,1.0,0.1188,21.27
2025-10-12 17:00:18,046,CDKL5_005_178_82,0,0.0,15,1.0,0.1188,21.28
2025-10-12 17:10:22,046,CDKL5_005_178_82,0,0.0,15,1.0,0.1188,21.27
2025-10-12 17:20:24,046,CDKL5_005_178_82,22,0.037,11,0.952,0.1368,21.31
2025-10-12 17:30:27,046,CDKL5_005_178_82,0,0.0,15,1.0,0.1404,21.33
2025-10-12 17:40:48,046,CDKL5_005_178_82,0,0.0,15,1.0,0.1404,21.39
2025-10-12 17:50:51,046,CDKL5_005_178_82,0,0.0,15,1.0,0.1404,21.37
2025-10-12 18:00:53,046,CDKL5_005_178_82,0,0.0,15,1.0,0.0,21.36
2025-10-12 18:10:57,046,CDKL5_005_178_82,1,0.002,15,0.998,0.0,21.34
2025-10-12 18:21:00,046,CDKL5_005_178_82,118,0.196,9,0.753,0.0,21.4
2025-10-12 18:31:03,046,CDKL5_005_178_82,165,0.275,7,0.629,0.0,21.52
2025-10-12 18:41:06,046,CDKL5_005_178_82,229,0.381,2,0.259,0.0,21.62
2025-10-12 18:51:08,046,CDKL5_005_178_82,247,0.411,3,0.327,0.0,21.71
2025-10-12 19:01:11,046,CDKL5_005_178_82,126,0.21,8,0.717,0.0,21.77
2025-10-12 19:11:15,046,CDKL5_005_178_82,49,0.082,12,0.907,0.0,21.79
2025-10-12 19:21:17,046,CDKL5_005_178_82,177,0.295,6,0.576,0.0,21.86
2025-10-12 19:31:20,046,CDKL5_005_178_82,11,0.018,14,0.981,0.0,21.83
2025-10-12 19:41:23,046,CDKL5_005_178_82,164,0.272,6,0.594,0.0,21.83
2025-10-12 19:51:27,046,CDKL5_005_178_82,158,0.262,5,0.559,0.0,21.91
2025-10-12 20:01:30,046,CDKL5_005_178_82,6,0.01,13,0.989,0.0,21.87
2025-10-12 20:11:34,046,CDKL5_005_178_82,112,0.186,7,0.714,0.0,21.89
2025-10-12 20:21:37,046,CDKL5_005_178_82,132,0.22,6,0.645,0.0,21.91
2025-10-12 20:31:40,046,CDKL5_005_178_82,90,0.15,9,0.8,0.0,21.9
2025-10-12 20:41:43,046,CDKL5_005_178_82,6,0.01,13,0.989,0.0,21.89
2025-10-12 20:51:46,046,CDKL5_005_178_82,0,0.0,15,1.0,0.0,21.85
2025-10-12 21:01:48,046,CDKL5_005_178_82,0,0.0,15,1.0,0.0,21.8
2025-10-12 21:11:51,046,CDKL5_005_178_82,0,0.0,15,1.0,0.0,21.76
2025-10-12 21:21:55,046,CDKL5_005_178_82,144,0.24,7,0.66,0.0,21.8
2025-10-12 21:31:58,046,CDKL5_005_178_82,12,0.02,13,0.977,0.0,21.8
2025-10-12 21:42:16,046,CDKL5_005_178_82,0,0.0,15,1.0,0.0,21.81
2025-10-12 21:52:19,046,CDKL5_005_178_82,0,0.0,15,1.0,0.0,21.77
2025-10-12 22:02:22,046,CDKL5_005_178_82,0,0.0,15,1.0,0.0,21.72
2025-10-12 22:12:25,046,CDKL5_005_178_82,0,0.0,15,1.0,0.0,21.7
2025-10-12 22:22:27,046,CDKL5_005_178_82,0,0.0,15,1.0,0.0,21.66
2025-10-12 22:32:30,046,CDKL5_005_178_82,0,0.0,15,1.0,0.0,21.64
2025-10-12 22:42:34,046,CDKL5_005_178_82,0,0.0,15,1.0,0.0,21.62
2025-10-12 22:52:37,046,CDKL5_005_178_82,0,0.0,15,1.0,0.0,21.62
2025-10-12 23:02:41,046,CDKL5_005_178_82,0,0.0,15,1.0,0.0,21.63
2025-10-12 23:12:44,046,CDKL5_005_178_82,92,0.153,11,0.827,0.0,21.67
2025-10-12 23:22:47,046,CDKL5_005_178_82,17,0.028,13,0.968,0.0,21.74
2025-10-12 23:32:50,046,CDKL5_005_178_82,62,0.103,11,0.876,0.0,21.73
2025-10-12 23:42:53,046,CDKL5_005_178_82,159,0.264,5,0.557,0.0,21.79
2025-10-12 23:52:56,046,CDKL5_005_178_82,118,0.196,9,0.753,0.0,21.82
2025-10-11 00:00:25,035,CDKL5_005_178_83,182,0.303,4,0.468,0.0,22.04
2025-10-11 00:10:28,035,CDKL5_005_178_83,94,0.156,9,0.793,0.0,21.97
2025-10-11 00:20:31,035,CDKL5_005_178_83,190,0.316,8,0.627,0.0,21.87
2025-10-11 00:30:33,035,CDKL5_005_178_83,315,0.524,1,0.113,0.0,21.87
2025-10-11 00:40:36,035,CDKL5_005_178_83,217,0.361,2,0.269,0.0,21.93
2025-10-11 00:50:38,035,CDKL5_005_178_83,94,0.157,10,0.81,0.0,21.85
2025-10-11 01:00:41,035,CDKL5_005_178_83,0,0.0,15,1.0,0.0,21.77
2025-10-11 01:10:43,035,CDKL5_005_178_83,0,0.0,15,1.0,0.0,21.7
2025-10-11 01:20:46,035,CDKL5_005_178_83,0,0.0,15,1.0,0.0,21.65
2025-10-11 01:30:49,035,CDKL5_005_178_83,0,0.0,15,1.0,0.0,21.61
2025-10-11 01:40:52,035,CDKL5_005_178_83,0,0.0,15,1.0,0.0,21.57
2025-10-11 01:50:54,035,CDKL5_005_178_83,1,0.002,14,0.998,0.0,21.54
2025-10-11 02:00:57,035,CDKL5_005_178_83,4,0.007,14,0.993,0.0,21.53
2025-10-11 02:11:00,035,CDKL5_005_178_83,0,0.0,15,1.0,0.0,21.52
2025-10-11 02:21:39,035,CDKL5_005_178_83,0,0.0,15,1.0,0.0,21.59
2025-10-11 02:31:41,035,CDKL5_005_178_83,2,0.003,14,0.996,0.0,21.55
2025-10-11 02:41:44,035,CDKL5_005_178_83,0,0.0,15,1.0,0.0,21.52
2025-10-11 02:51:47,035,CDKL5_005_178_83,0,0.0,15,1.0,0.0,21.51
2025-10-11 03:01:50,035,CDKL5_005_178_83,11,0.018,11,0.976,0.0,21.48
2025-10-11 03:11:53,035,CDKL5_005_178_83,0,0.0,15,1.0,0.0,21.47
2025-10-11 03:21:55,035,CDKL5_005_178_83,1,0.002,14,0.998,0.0,21.45
2025-10-11 03:31:58,035,CDKL5_005_178_83,0,0.0,15,1.0,0.0,21.44
2025-10-11 03:42:01,035,CDKL5_005_178_83,0,0.0,15,1.0,0.0,21.41
2025-10-11 03:52:04,035,CDKL5_005_178_83,0,0.0,15,1.0,0.0,21.4
2025-10-11 04:02:06,035,CDKL5_005_178_83,0,0.0,15,1.0,0.0,21.38
2025-10-11 04:12:09,035,CDKL5_005_178_83,26,0.043,9,0.933,0.0,21.38
2025-10-11 04:22:12,035,CDKL5_005_178_83,86,0.143,9,0.807,0.0,21.44
2025-10-11 04:32:14,035,CDKL5_005_178_83,124,0.206,9,0.744,0.0,21.51
2025-10-11 04:42:17,035,CDKL5_005_178_83,186,0.309,7,0.601,0.0,21.57
2025-10-11 04:52:20,035,CDKL5_005_178_83,134,0.223,7,0.676,0.0,21.67
2025-10-11 05:02:23,035,CDKL5_005_178_83,153,0.255,6,0.611,0.0,21.63
2025-10-11 05:12:26,035,CDKL5_005_178_83,111,0.185,7,0.716,0.0,21.69
2025-10-11 05:22:29,035,CDKL5_005_178_83,130,0.216,7,0.683,0.0,21.64
2025-10-11 05:32:31,035,CDKL5_005_178_83,297,0.494,1,0.119,0.0,21.71
2025-10-11 05:42:34,035,CDKL5_005_178_83,202,0.336,7,0.581,0.0,21.69
2025-10-11 05:52:37,035,CDKL5_005_178_83,124,0.207,6,0.659,0.0,21.68
2025-10-11 06:02:39,035,CDKL5_005_178_83,181,0.301,4,0.469,0.0648,21.64
2025-10-11 06:12:42,035,CDKL5_005_178_83,19,0.032,14,0.967,0.0792,21.6
2025-10-11 06:23:41,035,CDKL5_005_178_83,0,0.0,15,1.0,0.0792,21.68
2025-10-11 06:33:44,035,CDKL5_005_178_83,0,0.0,15,1.0,0.0792,21.56
2025-10-11 06:43:47,035,CDKL5_005_178_83,0,0.0,15,1.0,0.09,21.51
2025-10-11 06:53:49,035,CDKL5_005_178_83,0,0.0,15,1.0,0.0792,21.47
2025-10-11 07:03:52,035,CDKL5_005_178_83,0,0.0,15,1.0,0.0792,21.43
2025-10-11 07:13:54,035,CDKL5_005_178_83,0,0.0,15,1.0,0.0792,21.4
2025-10-11 07:23:57,035,CDKL5_005_178_83,0,0.0,15,1.0,0.0792,21.39
2025-10-11 07:34:00,035,CDKL5_005_178_83,1,0.002,14,0.998,0.0864,21.38
2025-10-11 07:44:03,035,CDKL5_005_178_83,0,0.0,15,1.0,0.0864,21.37
2025-10-11 07:54:05,035,CDKL5_005_178_83,0,0.0,15,1.0,0.0792,21.37
2025-10-11 08:04:08,035,CDKL5_005_178_83,0,0.0,15,1.0,0.0792,21.38
2025-10-11 08:14:10,035,CDKL5_005_178_83,1,0.002,14,0.998,0.0792,21.36
2025-10-11 08:24:12,035,CDKL5_005_178_83,0,0.0,15,1.0,0.0864,21.36
2025-10-11 08:34:15,035,CDKL5_005_178_83,0,0.0,15,1.0,0.0792,21.34
2025-10-11 08:44:18,035,CDKL5_005_178_83,14,0.023,13,0.974,0.1044,21.35
2025-10-11 08:54:20,035,CDKL5_005_178_83,14,0.023,13,0.974,0.0576,21.37
2025-10-11 09:04:23,035,CDKL5_005_178_83,102,0.17,3,0.541,0.108,21.4
2025-10-11 09:14:25,035,CDKL5_005_178_83,1,0.002,14,0.998,0.108,21.4
2025-10-11 09:24:28,035,CDKL5_005_178_83,0,0.0,15,1.0,0.108,21.38
2025-10-11 09:34:30,035,CDKL5_005_178_83,1,0.002,14,0.998,0.108,21.37
2025-10-11 09:44:34,035,CDKL5_005_178_83,1,0.002,14,0.998,0.108,21.36
2025-10-11 09:54:36,035,CDKL5_005_178_83,5,0.008,13,0.99,0.108,21.35
2025-10-11 10:04:38,035,CDKL5_005_178_83,1,0.002,14,0.998,0.1224,21.34
2025-10-11 10:14:41,035,CDKL5_005_178_83,2,0.003,14,0.996,0.126,21.33
2025-10-11 10:25:19,035,CDKL5_005_178_83,4,0.007,13,0.992,0.1224,21.4
2025-10-11 10:35:21,035,CDKL5_005_178_83,0,0.0,15,1.0,0.1224,21.34
2025-10-11 10:45:23,035,CDKL5_005_178_83,36,0.06,7,0.886,0.1224,21.33
2025-10-11 10:55:26,035,CDKL5_005_178_83,8,0.013,13,0.985,0.1008,21.31
2025-10-11 11:05:29,035,CDKL5_005_178_83,72,0.12,10,0.847,0.1152,21.32
2025-10-11 11:15:32,035,CDKL5_005_178_83,180,0.3,3,0.4,0.2232,21.37
2025-10-11 11:25:35,035,CDKL5_005_178_83,99,0.165,5,0.669,0.2232,21.29
2025-10-11 11:35:38,035,CDKL5_005_178_83,6,0.01,13,0.989,0.2268,21.25
2025-10-11 11:45:40,035,CDKL5_005_178_83,1,0.002,14,0.998,0.2268,21.21
2025-10-11 11:55:43,035,CDKL5_005_178_83,5,0.008,14,0.991,0.2268,21.17
2025-10-11 12:05:46,035,CDKL5_005_178_83,2,0.003,14,0.996,0.2268,21.16
2025-10-11 12:15:49,035,CDKL5_005_178_83,0,0.0,15,1.0,0.234,21.15
2025-10-11 12:25:51,035,CDKL5_005_178_83,5,0.008,14,0.991,0.234,21.14
2025-10-11 12:35:54,035,CDKL5_005_178_83,8,0.013,13,0.985,0.2484,21.14
2025-10-11 12:45:56,035,CDKL5_005_178_83,13,0.022,12,0.974,0.2448,21.12
2025-10-11 12:55:58,035,CDKL5_005_178_83,5,0.008,14,0.991,0.2232,21.12
2025-10-11 13:06:01,035,CDKL5_005_178_83,0,0.0,15,1.0,0.2304,21.11
2025-10-11 13:16:03,035,CDKL5_005_178_83,6,0.01,14,0.989,0.2304,21.11
2025-10-11 13:26:06,035,CDKL5_005_178_83,13,0.022,13,0.976,0.2304,21.1
2025-10-11 13:36:09,035,CDKL5_005_178_83,11,0.018,12,0.978,0.2232,21.09
2025-10-11 13:46:12,035,CDKL5_005_178_83,22,0.037,12,0.956,0.2232,21.09
2025-10-11 13:56:15,035,CDKL5_005_178_83,89,0.148,6,0.729,0.2232,21.08
2025-10-11 14:06:17,035,CDKL5_005_178_83,105,0.175,7,0.727,0.2016,21.16
2025-10-11 14:16:19,035,CDKL5_005_178_83,62,0.103,7,0.819,0.1224,21.27
2025-10-11 14:26:52,035,CDKL5_005_178_83,90,0.151,3,0.571,0.2196,21.31
2025-10-11 14:36:55,035,CDKL5_005_178_83,9,0.015,12,0.982,0.216,21.23
2025-10-11 14:46:57,035,CDKL5_005_178_83,3,0.005,14,0.995,0.216,21.18
2025-10-11 14:57:00,035,CDKL5_005_178_83,3,0.005,14,0.995,0.2232,21.16
2025-10-11 15:07:03,035,CDKL5_005_178_83,9,0.015,13,0.983,0.216,21.14
2025-10-11 15:17:05,035,CDKL5_005_178_83,0,0.0,15,1.0,0.2196,21.12
2025-10-11 15:27:07,035,CDKL5_005_178_83,13,0.022,13,0.976,0.2232,21.12
2025-10-11 15:37:10,035,CDKL5_005_178_83,6,0.01,14,0.989,0.2232,21.13
2025-10-11 15:47:13,035,CDKL5_005_178_83,14,0.023,12,0.972,0.216,21.12
2025-10-11 15:57:16,035,CDKL5_005_178_83,2,0.003,14,0.996,0.216,21.14
2025-10-11 16:07:19,035,CDKL5_005_178_83,52,0.087,8,0.86,0.216,21.14
2025-10-11 16:17:22,035,CDKL5_005_178_83,81,0.135,10,0.832,0.2088,21.15
2025-10-11 16:27:25,035,CDKL5_005_178_83,170,0.282,5,0.541,0.2268,21.23
2025-10-11 16:37:28,035,CDKL5_005_178_83,43,0.072,8,0.882,0.2304,21.24
2025-10-11 16:47:31,035,CDKL5_005_178_83,28,0.047,11,0.94,0.2304,21.25
2025-10-11 16:57:33,035,CDKL5_005_178_83,3,0.005,14,0.995,0.2304,21.26
2025-10-11 17:07:36,035,CDKL5_005_178_83,4,0.007,14,0.993,0.2556,21.27
2025-10-11 17:17:39,035,CDKL5_005_178_83,16,0.027,12,0.968,0.2304,21.27
2025-10-11 17:27:41,035,CDKL5_005_178_83,3,0.005,14,0.995,0.2412,21.27
2025-10-11 17:37:44,035,CDKL5_005_178_83,223,0.372,3,0.35,0.2232,21.33
2025-10-11 17:47:46,035,CDKL5_005_178_83,103,0.171,4,0.608,0.216,21.36
2025-10-11 17:57:49,035,CDKL5_005_178_83,124,0.207,7,0.693,0.1368,21.41
2025-10-11 18:07:51,035,CDKL5_005_178_83,207,0.344,3,0.367,0.0,21.48
2025-10-11 18:17:54,035,CDKL5_005_178_83,121,0.202,6,0.665,0.0,21.51
2025-10-11 18:28:31,035,CDKL5_005_178_83,296,0.495,0,0.0,0.0,21.73
2025-10-11 18:38:34,035,CDKL5_005_178_83,222,0.369,5,0.474,0.0,21.75
2025-10-11 18:48:37,035,CDKL5_005_178_83,218,0.363,6,0.524,0.0,21.86
2025-10-11 18:58:40,035,CDKL5_005_178_83,230,0.382,5,0.465,0.0,21.81
2025-10-11 19:08:42,035,CDKL5_005_178_83,292,0.486,2,0.215,0.0,22.06
2025-10-11 19:18:45,035,CDKL5_005_178_83,153,0.255,9,0.702,0.0,21.97
2025-10-11 19:28:48,035,CDKL5_005_178_83,203,0.338,6,0.542,0.0,22.0
2025-10-11 19:38:51,035,CDKL5_005_178_83,327,0.544,1,0.109,0.0,22.16
2025-10-11 19:48:54,035,CDKL5_005_178_83,61,0.101,13,0.895,0.0,22.0
2025-10-11 19:58:57,035,CDKL5_005_178_83,255,0.424,1,0.136,0.0,22.01
2025-10-11 20:09:00,035,CDKL5_005_178_83,107,0.178,6,0.692,0.0,21.93
2025-10-11 20:19:03,035,CDKL5_005_178_83,9,0.015,13,0.983,0.0,21.83
2025-10-11 20:29:05,035,CDKL5_005_178_83,34,0.057,11,0.928,0.0,21.76
2025-10-11 20:39:08,035,CDKL5_005_178_83,10,0.017,14,0.982,0.0,21.72
2025-10-11 20:49:11,035,CDKL5_005_178_83,10,0.017,12,0.98,0.0,21.69
2025-10-11 20:59:14,035,CDKL5_005_178_83,17,0.028,12,0.966,0.0,21.67
2025-10-11 21:09:16,035,CDKL5_005_178_83,116,0.193,9,0.756,0.0,21.65
2025-10-11 21:19:19,035,CDKL5_005_178_83,315,0.525,1,0.113,0.0,21.86
2025-10-11 21:29:21,035,CDKL5_005_178_83,91,0.151,9,0.798,0.0,21.79
2025-10-11 21:39:24,035,CDKL5_005_178_83,112,0.186,11,0.797,0.0,21.78
2025-10-11 21:49:27,035,CDKL5_005_178_83,288,0.479,2,0.217,0.0,21.92
2025-10-11 21:59:30,035,CDKL5_005_178_83,136,0.226,7,0.673,0.0,21.86
2025-10-11 22:09:32,035,CDKL5_005_178_83,39,0.065,11,0.919,0.0,21.77
2025-10-11 22:19:35,035,CDKL5_005_178_83,152,0.253,5,0.568,0.0,21.79
2025-10-11 22:30:14,035,CDKL5_005_178_83,306,0.512,4,0.343,0.0,22.01
2025-10-11 22:40:18,035,CDKL5_005_178_83,186,0.309,7,0.601,0.0,22.08
2025-10-11 22:50:20,035,CDKL5_005_178_83,71,0.118,10,0.849,0.0,21.99
2025-10-11 23:00:24,035,CDKL5_005_178_83,158,0.263,6,0.603,0.0,21.92
2025-10-11 23:10:26,035,CDKL5_005_178_83,287,0.478,3,0.295,0.0,22.01
2025-10-11 23:20:29,035,CDKL5_005_178_83,156,0.26,7,0.642,0.0,21.94
2025-10-11 23:30:32,035,CDKL5_005_178_83,117,0.195,7,0.705,0.0,21.87
2025-10-11 23:40:34,035,CDKL5_005_178_83,323,0.537,1,0.11,0.0,21.94
2025-10-11 23:50:37,035,CDKL5_005_178_83,210,0.349,4,0.432,0.0,21.99
2025-10-12 00:00:40,035,CDKL5_005_178_83,105,0.175,8,0.753,0.0,21.89
2025-10-12 00:10:43,035,CDKL5_005_178_83,163,0.271,4,0.495,0.0,21.84
2025-10-12 00:20:45,035,CDKL5_005_178_83,299,0.498,5,0.401,0.0,21.85
2025-10-12 00:30:49,035,CDKL5_005_178_83,6,0.01,14,0.989,0.0,21.76
2025-10-12 00:40:52,035,CDKL5_005_178_83,197,0.328,5,0.504,0.0,21.77
2025-10-12 00:50:55,035,CDKL5_005_178_83,186,0.309,6,0.563,0.0,21.72
2025-10-12 01:00:57,035,CDKL5_005_178_83,115,0.191,10,0.777,0.0,21.71
2025-10-12 01:11:00,035,CDKL5_005_178_83,39,0.065,8,0.891,0.0,21.8
2025-10-12 01:21:03,035,CDKL5_005_178_83,159,0.265,6,0.602,0.0,21.71
2025-10-12 01:31:05,035,CDKL5_005_178_83,182,0.303,6,0.569,0.0,21.66
2025-10-12 01:41:08,035,CDKL5_005_178_83,101,0.168,3,0.543,0.0,21.64
2025-10-12 01:51:10,035,CDKL5_005_178_83,5,0.008,12,0.99,0.0,21.58
2025-10-12 02:01:13,035,CDKL5_005_178_83,3,0.005,14,0.995,0.0,21.53
2025-10-12 02:11:16,035,CDKL5_005_178_83,0,0.0,15,1.0,0.0,21.49
2025-10-12 02:21:18,035,CDKL5_005_178_83,0,0.0,15,1.0,0.0,21.46
2025-10-12 02:31:56,035,CDKL5_005_178_83,4,0.007,13,0.992,0.0,21.51
2025-10-12 02:41:59,035,CDKL5_005_178_83,0,0.0,15,1.0,0.0,21.48
2025-10-12 02:52:02,035,CDKL5_005_178_83,2,0.003,14,0.996,0.0,21.46
2025-10-12 03:02:05,035,CDKL5_005_178_83,0,0.0,15,1.0,0.0,21.45
2025-10-12 03:12:07,035,CDKL5_005_178_83,0,0.0,15,1.0,0.0,21.42
2025-10-12 03:22:10,035,CDKL5_005_178_83,0,0.0,15,1.0,0.0,21.42
2025-10-12 03:32:12,035,CDKL5_005_178_83,3,0.005,13,0.994,0.0,21.4
2025-10-12 03:42:15,035,CDKL5_005_178_83,6,0.01,13,0.989,0.0,21.38
2025-10-12 03:52:18,035,CDKL5_005_178_83,0,0.0,15,1.0,0.0,21.36
2025-10-12 04:02:21,035,CDKL5_005_178_83,2,0.003,14,0.996,0.0,21.36
2025-10-12 04:12:23,035,CDKL5_005_178_83,0,0.0,15,1.0,0.0,21.34
2025-10-12 04:22:26,035,CDKL5_005_178_83,3,0.005,14,0.995,0.0,21.34
2025-10-12 04:32:29,035,CDKL5_005_178_83,9,0.015,12,0.982,0.0,21.33
2025-10-12 04:42:31,035,CDKL5_005_178_83,72,0.12,6,0.769,0.0,21.38
2025-10-12 04:52:34,035,CDKL5_005_178_83,73,0.121,9,0.831,0.0,21.46
2025-10-12 05:02:36,035,CDKL5_005_178_83,140,0.233,8,0.696,0.0,21.49
2025-10-12 05:12:39,035,CDKL5_005_178_83,122,0.203,6,0.663,0.0,21.59
2025-10-12 05:22:41,035,CDKL5_005_178_83,31,0.052,12,0.939,0.0,21.56
2025-10-12 05:32:44,035,CDKL5_005_178_83,151,0.251,4,0.514,0.0,21.61
2025-10-12 05:42:47,035,CDKL5_005_178_83,143,0.238,9,0.716,0.0,21.56
2025-10-12 05:52:49,035,CDKL5_005_178_83,242,0.403,3,0.331,0.0,21.71
2025-10-12 06:02:52,035,CDKL5_005_178_83,257,0.428,2,0.237,0.0684,21.65
2025-10-12 06:12:55,035,CDKL5_005_178_83,46,0.077,9,0.887,0.0684,21.62
2025-10-12 06:22:57,035,CDKL5_005_178_83,83,0.138,9,0.813,0.072,21.56
2025-10-12 06:33:11,035,CDKL5_005_178_83,0,0.0,15,1.0,0.072,21.51
2025-10-12 06:43:13,035,CDKL5_005_178_83,0,0.0,15,1.0,0.072,21.46
2025-10-12 06:53:16,035,CDKL5_005_178_83,0,0.0,15,1.0,0.072,21.41
2025-10-12 07:03:19,035,CDKL5_005_178_83,0,0.0,15,1.0,0.072,21.39
2025-10-12 07:13:22,035,CDKL5_005_178_83,0,0.0,15,1.0,0.072,21.37
2025-10-12 07:23:25,035,CDKL5_005_178_83,0,0.0,15,1.0,0.072,21.36
2025-10-12 07:33:27,035,CDKL5_005_178_83,0,0.0,15,1.0,0.072,21.34
2025-10-12 07:43:30,035,CDKL5_005_178_83,0,0.0,15,1.0,0.0792,21.33
2025-10-12 07:53:32,035,CDKL5_005_178_83,0,0.0,15,1.0,0.0792,21.33
2025-10-12 08:03:35,035,CDKL5_005_178_83,0,0.0,15,1.0,0.072,21.32
2025-10-12 08:13:38,035,CDKL5_005_178_83,0,0.0,15,1.0,0.072,21.32
2025-10-12 08:23:41,035,CDKL5_005_178_83,5,0.008,14,0.991,0.072,21.34
2025-10-12 08:33:44,035,CDKL5_005_178_83,2,0.003,14,0.996,0.0792,21.34
2025-10-12 08:43:47,035,CDKL5_005_178_83,0,0.0,15,1.0,0.0792,21.33
2025-10-12 08:53:49,035,CDKL5_005_178_83,1,0.002,14,0.998,0.072,21.34
2025-10-12 09:03:52,035,CDKL5_005_178_83,0,0.0,15,1.0,0.072,21.31
2025-10-12 09:13:54,035,CDKL5_005_178_83,7,0.012,14,0.988,0.072,21.3
2025-10-12 09:23:57,035,CDKL5_005_178_83,13,0.022,14,0.977,0.0792,21.3
2025-10-12 09:34:00,035,CDKL5_005_178_83,0,0.0,15,1.0,0.072,21.3
2025-10-12 09:44:03,035,CDKL5_005_178_83,0,0.0,15,1.0,0.0792,21.32
2025-10-12 09:54:06,035,CDKL5_005_178_83,1,0.002,14,0.998,0.0792,21.32
2025-10-12 10:04:09,035,CDKL5_005_178_83,1,0.002,14,0.998,0.0828,21.32
2025-10-12 10:14:12,035,CDKL5_005_178_83,0,0.0,15,1.0,0.0936,21.32
2025-10-12 10:24:15,035,CDKL5_005_178_83,0,0.0,15,1.0,0.0936,21.32
2025-10-12 10:34:58,035,CDKL5_005_178_83,0,0.0,15,1.0,0.0828,21.41
2025-10-12 10:45:01,035,CDKL5_005_178_83,0,0.0,15,1.0,0.072,21.38
2025-10-12 10:55:04,035,CDKL5_005_178_83,0,0.0,15,1.0,0.0792,21.36
2025-10-12 11:05:07,035,CDKL5_005_178_83,0,0.0,15,1.0,0.0828,21.35
2025-10-12 11:15:10,035,CDKL5_005_178_83,0,0.0,15,1.0,0.0792,21.34
2025-10-12 11:25:13,035,CDKL5_005_178_83,0,0.0,15,1.0,0.0828,21.33
2025-10-12 11:35:16,035,CDKL5_005_178_83,0,0.0,15,1.0,0.0828,21.32
2025-10-12 11:45:18,035,CDKL5_005_178_83,0,0.0,15,1.0,0.0792,21.32
2025-10-12 11:55:21,035,CDKL5_005_178_83,0,0.0,15,1.0,0.0792,21.31
2025-10-12 12:05:24,035,CDKL5_005_178_83,141,0.235,5,0.587,0.0792,21.33
2025-10-12 12:15:26,035,CDKL5_005_178_83,76,0.126,10,0.84,0.0828,21.34
2025-10-12 12:25:29,035,CDKL5_005_178_83,134,0.223,6,0.642,0.0612,21.35
2025-10-12 12:35:31,035,CDKL5_005_178_83,141,0.235,7,0.665,0.072,21.37
2025-10-12 12:45:34,035,CDKL5_005_178_83,0,0.0,15,1.0,0.0792,21.35
2025-10-12 12:55:37,035,CDKL5_005_178_83,1,0.002,15,0.998,0.072,21.32
2025-10-12 13:05:40,035,CDKL5_005_178_83,1,0.002,14,0.998,0.072,21.29
2025-10-12 13:15:44,035,CDKL5_005_178_83,0,0.0,15,1.0,0.0756,21.26
2025-10-12 13:25:46,035,CDKL5_005_178_83,0,0.0,15,1.0,0.072,21.24
2025-10-12 13:35:49,035,CDKL5_005_178_83,0,0.0,15,1.0,0.072,21.22
2025-10-12 13:45:51,035,CDKL5_005_178_83,1,0.002,14,0.998,0.0828,21.21
2025-10-12 13:55:54,035,CDKL5_005_178_83,0,0.0,15,1.0,0.072,21.2
2025-10-12 14:05:57,035,CDKL5_005_178_83,0,0.0,15,1.0,0.0828,21.19
2025-10-12 14:16:00,035,CDKL5_005_178_83,0,0.0,15,1.0,0.0792,21.17
2025-10-12 14:26:02,035,CDKL5_005_178_83,1,0.002,14,0.998,0.0792,21.17
2025-10-12 14:36:33,035,CDKL5_005_178_83,0,0.0,15,1.0,0.072,21.23
2025-10-12 14:46:36,035,CDKL5_005_178_83,0,0.0,15,1.0,0.0792,21.19
2025-10-12 14:56:39,035,CDKL5_005_178_83,0,0.0,15,1.0,0.0828,21.18
2025-10-12 15:06:42,035,CDKL5_005_178_83,0,0.0,15,1.0,0.0828,21.15
2025-10-12 15:16:44,035,CDKL5_005_178_83,1,0.002,14,0.998,0.0792,21.15
2025-10-12 15:26:47,035,CDKL5_005_178_83,31,0.052,11,0.934,0.072,21.19
2025-10-12 15:36:50,035,CDKL5_005_178_83,93,0.155,8,0.775,0.0864,21.23
2025-10-12 15:46:53,035,CDKL5_005_178_83,87,0.145,9,0.805,0.0972,21.27
2025-10-12 15:56:56,035,CDKL5_005_178_83,160,0.266,6,0.6,0.0864,21.3
2025-10-12 16:06:59,035,CDKL5_005_178_83,58,0.097,7,0.828,0.0936,21.31
2025-10-12 16:17:01,035,CDKL5_005_178_83,0,0.0,15,1.0,0.0936,21.29
2025-10-12 16:27:04,035,CDKL5_005_178_83,0,0.0,15,1.0,0.1008,21.29
2025-10-12 16:37:07,035,CDKL5_005_178_83,2,0.003,14,0.996,0.1008,21.26
2025-10-12 16:47:10,035,CDKL5_005_178_83,1,0.002,14,0.998,0.0936,21.24
2025-10-12 16:57:12,035,CDKL5_005_178_83,0,0.0,15,1.0,0.1008,21.23
2025-10-12 17:07:15,035,CDKL5_005_178_83,2,0.003,13,0.996,0.1008,21.23
2025-10-12 17:17:18,035,CDKL5_005_178_83,4,0.007,14,0.993,0.1152,21.21
2025-10-12 17:27:21,035,CDKL5_005_178_83,25,0.042,12,0.95,0.1152,21.21
2025-10-12 17:37:24,035,CDKL5_005_178_83,68,0.113,7,0.805,0.1008,21.23
2025-10-12 17:47:27,035,CDKL5_005_178_83,189,0.314,7,0.597,0.0216,21.34
2025-10-12 17:57:30,035,CDKL5_005_178_83,175,0.291,3,0.407,0.1188,21.43
2025-10-12 18:07:33,035,CDKL5_005_178_83,219,0.364,3,0.354,0.0,21.51
2025-10-12 18:17:36,035,CDKL5_005_178_83,260,0.433,0,0.0,0.0,21.57
2025-10-12 18:27:39,035,CDKL5_005_178_83,152,0.253,8,0.678,0.0,21.58
2025-10-12 18:38:09,035,CDKL5_005_178_83,337,0.564,1,0.106,0.0,21.81
2025-10-12 18:48:12,035,CDKL5_005_178_83,154,0.256,7,0.645,0.0,21.77
2025-10-12 18:58:15,035,CDKL5_005_178_83,191,0.318,5,0.512,0.0,21.76
2025-10-12 19:08:17,035,CDKL5_005_178_83,219,0.364,3,0.354,0.0,21.8
2025-10-12 19:18:20,035,CDKL5_005_178_83,9,0.015,13,0.983,0.0,21.73
2025-10-12 19:28:23,035,CDKL5_005_178_83,326,0.542,3,0.269,0.0,21.83
2025-10-12 19:38:25,035,CDKL5_005_178_83,324,0.539,0,0.0,0.0,21.98
2025-10-12 19:48:28,035,CDKL5_005_178_83,180,0.3,4,0.471,0.0,21.9
2025-10-12 19:58:31,035,CDKL5_005_178_83,0,0.0,15,1.0,0.0,21.77
2025-10-12 20:08:34,035,CDKL5_005_178_83,131,0.218,7,0.681,0.0,21.74
2025-10-12 20:18:37,035,CDKL5_005_178_83,347,0.576,0,0.0,0.0,22.08
2025-10-12 20:28:40,035,CDKL5_005_178_83,121,0.202,7,0.698,0.0,21.97
2025-10-12 20:38:42,035,CDKL5_005_178_83,0,0.0,15,1.0,0.0,21.82
2025-10-12 20:48:45,035,CDKL5_005_178_83,294,0.489,3,0.29,0.0,21.91
2025-10-12 20:58:48,035,CDKL5_005_178_83,204,0.339,1,0.164,0.0,21.99
2025-10-12 21:08:51,035,CDKL5_005_178_83,66,0.11,9,0.845,0.0,21.94
2025-10-12 21:18:53,035,CDKL5_005_178_83,15,0.025,13,0.972,0.0,21.85
2025-10-12 21:28:56,035,CDKL5_005_178_83,0,0.0,15,1.0,0.0,21.78
2025-10-12 21:38:59,035,CDKL5_005_178_83,7,0.012,14,0.988,0.0,21.73
2025-10-12 21:49:02,035,CDKL5_005_178_83,2,0.003,14,0.996,0.0,21.69
2025-10-12 21:59:04,035,CDKL5_005_178_83,15,0.025,14,0.974,0.0,21.66
2025-10-12 22:09:07,035,CDKL5_005_178_83,63,0.105,11,0.875,0.0,21.63
2025-10-12 22:19:10,035,CDKL5_005_178_83,281,0.468,4,0.363,0.0,21.81
2025-10-12 22:29:13,035,CDKL5_005_178_83,75,0.125,9,0.828,0.0,21.88
2025-10-12 22:39:50,035,CDKL5_005_178_83,63,0.105,10,0.864,0.0,21.87
2025-10-12 22:49:53,035,CDKL5_005_178_83,290,0.483,3,0.293,0.0,21.97
2025-10-12 22:59:55,035,CDKL5_005_178_83,0,0.0,15,1.0,0.0,21.85
2025-10-12 23:09:58,035,CDKL5_005_178_83,356,0.592,0,0.0,0.0,21.95
2025-10-12 23:20:01,035,CDKL5_005_178_83,42,0.07,13,0.925,0.0,21.87
2025-10-12 23:30:04,035,CDKL5_005_178_83,138,0.23,3,0.465,0.0,21.85
2025-10-12 23:40:07,035,CDKL5_005_178_83,50,0.083,11,0.898,0.0,21.81
2025-10-12 23:50:10,035,CDKL5_005_178_83,54,0.09,7,0.838,0.0,21.79
2025-10-11 00:08:54,033,CDKL5_005_179_14,188,0.313,6,0.561,0.0,21.77
2025-10-11 00:18:58,033,CDKL5_005_179_14,197,0.327,3,0.379,0.0,21.82
2025-10-11 00:29:01,033,CDKL5_005_179_14,123,0.204,7,0.695,0.0,21.81
2025-10-11 00:39:04,033,CDKL5_005_179_14,236,0.393,1,0.145,0.0,21.84
2025-10-11 00:49:06,033,CDKL5_005_179_14,273,0.454,1,0.128,0.0,21.97
2025-10-11 00:59:10,033,CDKL5_005_179_14,85,0.141,9,0.809,0.0,21.86
2025-10-11 01:09:12,033,CDKL5_005_179_14,119,0.198,4,0.573,0.0,21.76
2025-10-11 01:19:29,033,CDKL5_005_179_14,127,0.212,8,0.716,0.0,21.77
2025-10-11 01:29:33,033,CDKL5_005_179_14,240,0.399,1,0.143,0.0,21.9
2025-10-11 01:39:36,033,CDKL5_005_179_14,122,0.203,7,0.697,0.0,21.81
2025-10-11 01:49:39,033,CDKL5_005_179_14,104,0.173,8,0.755,0.0,21.78
2025-10-11 01:59:43,033,CDKL5_005_179_14,26,0.043,13,0.952,0.0,21.65
2025-10-11 02:09:46,033,CDKL5_005_179_14,39,0.065,11,0.919,0.0,21.51
2025-10-11 02:19:50,033,CDKL5_005_179_14,0,0.0,15,1.0,0.0,21.38
2025-10-11 02:29:54,033,CDKL5_005_179_14,0,0.0,15,1.0,0.0,21.29
2025-10-11 02:39:58,033,CDKL5_005_179_14,0,0.0,15,1.0,0.0,21.23
2025-10-11 02:50:01,033,CDKL5_005_179_14,8,0.013,14,0.986,0.0,21.17
2025-10-11 03:00:04,033,CDKL5_005_179_14,0,0.0,15,1.0,0.0,21.13
2025-10-11 03:10:07,033,CDKL5_005_179_14,238,0.396,0,0.0,0.0,21.26
2025-10-11 03:20:10,033,CDKL5_005_179_14,110,0.183,10,0.784,0.0,21.33
2025-10-11 03:30:13,033,CDKL5_005_179_14,277,0.461,2,0.224,0.0,21.43
2025-10-11 03:40:17,033,CDKL5_005_179_14,113,0.188,7,0.712,0.0,21.49
2025-10-11 03:50:21,033,CDKL5_005_179_14,113,0.187,9,0.761,0.0,21.51
2025-10-11 04:00:25,033,CDKL5_005_179_14,0,0.0,15,1.0,0.0,21.39
2025-10-11 04:10:29,033,CDKL5_005_179_14,21,0.035,14,0.964,0.0,21.3
2025-10-11 04:20:32,033,CDKL5_005_179_14,254,0.423,1,0.136,0.0,21.35
2025-10-11 04:30:35,033,CDKL5_005_179_14,54,0.09,12,0.899,0.0,21.36
2025-10-11 04:40:38,033,CDKL5_005_179_14,65,0.108,10,0.86,0.0,21.35
2025-10-11 04:50:41,033,CDKL5_005_179_14,243,0.404,1,0.141,0.0,21.65
2025-10-11 05:00:44,033,CDKL5_005_179_14,146,0.243,4,0.523,0.0,21.67
2025-10-11 05:10:48,033,CDKL5_005_179_14,34,0.056,10,0.922,0.0,21.52
2025-10-11 05:21:28,033,CDKL5_005_179_14,1,0.002,14,0.998,0.0,21.48
2025-10-11 05:31:31,033,CDKL5_005_179_14,0,0.0,15,1.0,0.0,21.33
2025-10-11 05:41:36,033,CDKL5_005_179_14,60,0.1,11,0.88,0.0,21.23
2025-10-11 05:51:39,033,CDKL5_005_179_14,120,0.199,7,0.7,0.0,21.27
2025-10-11 06:01:43,033,CDKL5_005_179_14,152,0.252,5,0.568,0.5832,21.35
2025-10-11 06:11:46,033,CDKL5_005_179_14,35,0.058,8,0.901,0.6408,21.3
2025-10-11 06:21:50,033,CDKL5_005_179_14,1,0.002,14,0.998,0.6624,21.24
2025-10-11 06:31:54,033,CDKL5_005_179_14,0,0.0,15,1.0,0.6624,21.15
2025-10-11 06:41:57,033,CDKL5_005_179_14,0,0.0,15,1.0,0.6624,21.11
2025-10-11 06:52:01,033,CDKL5_005_179_14,0,0.0,15,1.0,0.666,21.07
2025-10-11 07:02:04,033,CDKL5_005_179_14,0,0.0,15,1.0,0.666,21.02
2025-10-11 07:12:09,033,CDKL5_005_179_14,0,0.0,15,1.0,0.6624,21.0
2025-10-11 07:22:11,033,CDKL5_005_179_14,68,0.113,10,0.855,0.612,21.02
2025-10-11 07:32:15,033,CDKL5_005_179_14,49,0.082,11,0.9,0.6264,21.1
2025-10-11 07:42:17,033,CDKL5_005_179_14,0,0.0,15,1.0,0.6192,21.07
2025-10-11 07:52:20,033,CDKL5_005_179_14,0,0.0,15,1.0,0.63,21.05
2025-10-11 08:02:23,033,CDKL5_005_179_14,0,0.0,15,1.0,0.6192,21.03
2025-10-11 08:12:25,033,CDKL5_005_179_14,0,0.0,15,1.0,0.63,21.01
2025-10-11 08:22:28,033,CDKL5_005_179_14,0,0.0,15,1.0,0.63,21.0
2025-10-11 08:32:32,033,CDKL5_005_179_14,0,0.0,15,1.0,0.6192,21.0
2025-10-11 08:42:35,033,CDKL5_005_179_14,0,0.0,15,1.0,0.63,20.98
2025-10-11 08:52:38,033,CDKL5_005_179_14,0,0.0,15,1.0,0.6192,20.96
2025-10-11 09:02:41,033,CDKL5_005_179_14,0,0.0,15,1.0,0.6192,20.96
2025-10-11 09:12:43,033,CDKL5_005_179_14,0,0.0,15,1.0,0.6264,20.94
2025-10-11 09:22:57,033,CDKL5_005_179_14,0,0.0,15,1.0,0.6192,20.96
2025-10-11 09:33:00,033,CDKL5_005_179_14,0,0.0,15,1.0,0.63,20.94
2025-10-11 09:43:04,033,CDKL5_005_179_14,0,0.0,15,1.0,0.63,20.94
2025-10-11 09:53:06,033,CDKL5_005_179_14,0,0.0,15,1.0,0.63,20.92
2025-10-11 10:03:09,033,CDKL5_005_179_14,0,0.0,15,1.0,0.648,20.91
2025-10-11 10:13:13,033,CDKL5_005_179_14,0,0.0,15,1.0,0.648,20.92
2025-10-11 10:23:16,033,CDKL5_005_179_14,9,0.015,14,0.984,0.5904,20.94
2025-10-11 10:33:19,033,CDKL5_005_179_14,77,0.128,8,0.806,0.6624,21.0
2025-10-11 10:43:22,033,CDKL5_005_179_14,4,0.007,14,0.993,0.6552,21.05
2025-10-11 10:53:25,033,CDKL5_005_179_14,0,0.0,15,1.0,0.6264,21.04
2025-10-11 11:03:29,033,CDKL5_005_179_14,0,0.0,15,1.0,0.6264,21.03
2025-10-11 11:13:32,033,CDKL5_005_179_14,0,0.0,15,1.0,0.6264,21.01
2025-10-11 11:23:35,033,CDKL5_005_179_14,0,0.0,15,1.0,0.6264,21.01
2025-10-11 11:33:38,033,CDKL5_005_179_14,0,0.0,15,1.0,0.6264,20.99
2025-10-11 11:43:41,033,CDKL5_005_179_14,0,0.0,15,1.0,0.63,20.98
2025-10-11 11:53:45,033,CDKL5_005_179_14,0,0.0,15,1.0,0.63,20.97
2025-10-11 12:03:48,033,CDKL5_005_179_14,0,0.0,15,1.0,0.6264,20.96
2025-10-11 12:13:51,033,CDKL5_005_179_14,0,0.0,15,1.0,0.6264,20.96
2025-10-11 12:23:54,033,CDKL5_005_179_14,0,0.0,15,1.0,0.6264,20.95
2025-10-11 12:33:58,033,CDKL5_005_179_14,0,0.0,15,1.0,0.6624,20.96
2025-10-11 12:44:02,033,CDKL5_005_179_14,0,0.0,15,1.0,0.6552,20.94
2025-10-11 12:54:05,033,CDKL5_005_179_14,0,0.0,15,1.0,0.63,20.93
2025-10-11 13:04:09,033,CDKL5_005_179_14,0,0.0,15,1.0,0.6264,20.94
2025-10-11 13:14:12,033,CDKL5_005_179_14,115,0.191,8,0.736,0.5904,21.01
2025-10-11 13:24:30,033,CDKL5_005_179_14,24,0.04,13,0.956,0.6048,21.07
2025-10-11 13:34:33,033,CDKL5_005_179_14,0,0.0,15,1.0,0.612,21.04
2025-10-11 13:44:36,033,CDKL5_005_179_14,0,0.0,15,1.0,0.612,21.01
2025-10-11 13:54:39,033,CDKL5_005_179_14,0,0.0,15,1.0,0.612,20.97
2025-10-11 14:04:41,033,CDKL5_005_179_14,0,0.0,15,1.0,0.6048,20.94
2025-10-11 14:14:43,033,CDKL5_005_179_14,0,0.0,15,1.0,0.6156,20.93
2025-10-11 14:24:48,033,CDKL5_005_179_14,0,0.0,15,1.0,0.612,20.91
2025-10-11 14:34:52,033,CDKL5_005_179_14,0,0.0,15,1.0,0.612,20.9
2025-10-11 14:44:56,033,CDKL5_005_179_14,0,0.0,15,1.0,0.612,20.89
2025-10-11 14:54:59,033,CDKL5_005_179_14,0,0.0,15,1.0,0.612,20.89
2025-10-11 15:05:03,033,CDKL5_005_179_14,0,0.0,15,1.0,0.6156,20.89
2025-10-11 15:15:06,033,CDKL5_005_179_14,0,0.0,15,1.0,0.612,20.9
2025-10-11 15:25:10,033,CDKL5_005_179_14,0,0.0,15,1.0,0.6156,20.9
2025-10-11 15:35:15,033,CDKL5_005_179_14,52,0.086,12,0.902,0.5688,20.94
2025-10-11 15:45:18,033,CDKL5_005_179_14,24,0.04,13,0.956,0.594,20.98
2025-10-11 15:55:21,033,CDKL5_005_179_14,0,0.0,15,1.0,0.594,20.98
2025-10-11 16:05:25,033,CDKL5_005_179_14,0,0.0,15,1.0,0.594,20.95
2025-10-11 16:15:29,033,CDKL5_005_179_14,0,0.0,15,1.0,0.5904,20.93
2025-10-11 16:25:33,033,CDKL5_005_179_14,0,0.0,15,1.0,0.6264,20.92
2025-10-11 16:35:36,033,CDKL5_005_179_14,0,0.0,15,1.0,0.6192,20.9
2025-10-11 16:45:39,033,CDKL5_005_179_14,0,0.0,15,1.0,0.5904,20.89
2025-10-11 16:55:42,033,CDKL5_005_179_14,0,0.0,15,1.0,0.5904,20.89
2025-10-11 17:05:45,033,CDKL5_005_179_14,0,0.0,15,1.0,0.63,20.89
2025-10-11 17:15:48,033,CDKL5_005_179_14,0,0.0,15,1.0,0.63,20.88
2025-10-11 17:26:00,033,CDKL5_005_179_14,0,0.0,15,1.0,0.5904,20.89
2025-10-11 17:36:03,033,CDKL5_005_179_14,0,0.0,15,1.0,0.5904,20.88
2025-10-11 17:46:06,033,CDKL5_005_179_14,83,0.138,9,0.813,0.5976,20.96
2025-10-11 17:56:11,033,CDKL5_005_179_14,71,0.118,10,0.849,0.5976,21.01
2025-10-11 18:06:14,033,CDKL5_005_179_14,179,0.297,5,0.528,0.0,21.17
2025-10-11 18:16:17,033,CDKL5_005_179_14,34,0.057,12,0.934,0.0,21.14
2025-10-11 18:26:19,033,CDKL5_005_179_14,47,0.078,11,0.903,0.0,21.13
2025-10-11 18:36:22,033,CDKL5_005_179_14,169,0.281,5,0.542,0.0,21.21
2025-10-11 18:46:25,033,CDKL5_005_179_14,95,0.158,8,0.771,0.0,21.24
2025-10-11 18:56:29,033,CDKL5_005_179_14,41,0.068,10,0.907,0.0,21.27
2025-10-11 19:06:32,033,CDKL5_005_179_14,200,0.332,4,0.444,0.0,21.29
2025-10-11 19:16:37,033,CDKL5_005_179_14,191,0.317,3,0.386,0.0,21.31
2025-10-11 19:26:39,033,CDKL5_005_179_14,139,0.231,6,0.633,0.0,21.37
2025-10-11 19:36:43,033,CDKL5_005_179_14,10,0.017,14,0.982,0.0,21.32
2025-10-11 19:46:45,033,CDKL5_005_179_14,169,0.281,7,0.624,0.0,21.35
2025-10-11 19:56:48,033,CDKL5_005_179_14,164,0.273,4,0.494,0.0,21.39
2025-10-11 20:06:52,033,CDKL5_005_179_14,92,0.153,9,0.796,0.0,21.36
2025-10-11 20:16:56,033,CDKL5_005_179_14,90,0.15,9,0.8,0.0,21.39
2025-10-11 20:27:00,033,CDKL5_005_179_14,98,0.163,8,0.766,0.0,21.46
2025-10-11 20:37:04,033,CDKL5_005_179_14,148,0.246,5,0.575,0.0,21.43
2025-10-11 20:47:08,033,CDKL5_005_179_14,124,0.206,9,0.744,0.0,21.43
2025-10-11 20:57:11,033,CDKL5_005_179_14,151,0.251,4,0.514,0.0,21.41
2025-10-11 21:07:14,033,CDKL5_005_179_14,112,0.186,7,0.714,0.0,21.46
2025-10-11 21:17:18,033,CDKL5_005_179_14,155,0.257,5,0.563,0.0,21.44
2025-10-11 21:27:31,033,CDKL5_005_179_14,237,0.395,2,0.252,0.0,21.45
2025-10-11 21:37:34,033,CDKL5_005_179_14,140,0.233,5,0.588,0.0,21.46
2025-10-11 21:47:37,033,CDKL5_005_179_14,84,0.14,9,0.811,0.0,21.36
2025-10-11 21:57:40,033,CDKL5_005_179_14,112,0.186,7,0.714,0.0,21.54
2025-10-11 22:07:44,033,CDKL5_005_179_14,100,0.166,9,0.783,0.0,21.49
2025-10-11 22:17:47,033,CDKL5_005_179_14,39,0.065,12,0.925,0.0,21.37
2025-10-11 22:27:51,033,CDKL5_005_179_14,172,0.286,4,0.482,0.0,21.39
2025-10-11 22:37:54,033,CDKL5_005_179_14,161,0.267,7,0.635,0.0,21.42
2025-10-11 22:47:57,033,CDKL5_005_179_14,11,0.018,13,0.979,0.0,21.32
2025-10-11 22:58:00,033,CDKL5_005_179_14,0,0.0,15,1.0,0.0,21.23
2025-10-11 23:08:04,033,CDKL5_005_179_14,1,0.002,14,0.998,0.0,21.15
2025-10-11 23:18:08,033,CDKL5_005_179_14,0,0.0,15,1.0,0.0,21.09
2025-10-11 23:28:11,033,CDKL5_005_179_14,0,0.0,15,1.0,0.0,21.05
2025-10-11 23:38:14,033,CDKL5_005_179_14,0,0.0,15,1.0,0.0,21.01
2025-10-11 23:48:18,033,CDKL5_005_179_14,0,0.0,15,1.0,0.0,21.0
2025-10-11 23:58:22,033,CDKL5_005_179_14,0,0.0,15,1.0,0.0,20.97
2025-10-12 00:08:26,033,CDKL5_005_179_14,0,0.0,15,1.0,0.0,20.94
2025-10-12 00:18:29,033,CDKL5_005_179_14,0,0.0,15,1.0,0.0,20.95
2025-10-12 00:28:32,033,CDKL5_005_179_14,7,0.012,14,0.988,0.0,20.96
2025-10-12 00:38:36,033,CDKL5_005_179_14,79,0.131,9,0.82,0.0,21.02
2025-10-12 00:48:38,033,CDKL5_005_179_14,88,0.146,11,0.833,0.0,21.07
2025-10-12 00:58:41,033,CDKL5_005_179_14,249,0.414,3,0.325,0.0,21.35
2025-10-12 01:08:45,033,CDKL5_005_179_14,60,0.1,11,0.88,0.0,21.35
2025-10-12 01:18:49,033,CDKL5_005_179_14,103,0.171,9,0.778,0.0,21.38
2025-10-12 01:29:08,033,CDKL5_005_179_14,160,0.267,6,0.6,0.0,21.68
2025-10-12 01:39:10,033,CDKL5_005_179_14,25,0.042,13,0.954,0.0,21.53
2025-10-12 01:49:13,033,CDKL5_005_179_14,198,0.329,2,0.288,0.0,21.58
2025-10-12 01:59:17,033,CDKL5_005_179_14,0,0.0,15,1.0,0.0,21.42
2025-10-12 02:09:19,033,CDKL5_005_179_14,192,0.319,4,0.455,0.0,21.45
2025-10-12 02:19:23,033,CDKL5_005_179_14,256,0.425,1,0.135,0.0,21.4
2025-10-12 02:29:27,033,CDKL5_005_179_14,26,0.043,12,0.949,0.0,21.31
2025-10-12 02:39:31,033,CDKL5_005_179_14,92,0.153,6,0.723,0.0,21.25
2025-10-12 02:49:34,033,CDKL5_005_179_14,73,0.121,10,0.846,0.0,21.21
2025-10-12 02:59:37,033,CDKL5_005_179_14,84,0.14,8,0.792,0.0,21.15
2025-10-12 03:09:40,033,CDKL5_005_179_14,96,0.16,7,0.745,0.0,21.15
2025-10-12 03:19:43,033,CDKL5_005_179_14,0,0.0,15,1.0,0.0,21.07
2025-10-12 03:29:47,033,CDKL5_005_179_14,0,0.0,15,1.0,0.0,21.01
2025-10-12 03:39:52,033,CDKL5_005_179_14,0,0.0,15,1.0,0.0,20.96
2025-10-12 03:49:54,033,CDKL5_005_179_14,0,0.0,15,1.0,0.0,20.93
2025-10-12 03:59:58,033,CDKL5_005_179_14,0,0.0,15,1.0,0.0,20.9
2025-10-12 04:10:01,033,CDKL5_005_179_14,0,0.0,15,1.0,0.0,20.9
2025-10-12 04:20:04,033,CDKL5_005_179_14,0,0.0,15,1.0,0.0,20.88
2025-10-12 04:30:07,033,CDKL5_005_179_14,0,0.0,15,1.0,0.0,20.87
2025-10-12 04:40:10,033,CDKL5_005_179_14,0,0.0,15,1.0,0.0,20.86
2025-10-12 04:50:13,033,CDKL5_005_179_14,0,0.0,15,1.0,0.0,20.85
2025-10-12 05:00:16,033,CDKL5_005_179_14,0,0.0,15,1.0,0.0,20.85
2025-10-12 05:10:18,033,CDKL5_005_179_14,120,0.2,6,0.667,0.0,20.9
2025-10-12 05:20:22,033,CDKL5_005_179_14,3,0.005,14,0.995,0.0,20.94
2025-10-12 05:30:33,033,CDKL5_005_179_14,84,0.14,10,0.826,0.0,20.96
2025-10-12 05:40:37,033,CDKL5_005_179_14,185,0.307,2,0.302,0.0,21.05
2025-10-12 05:50:40,033,CDKL5_005_179_14,131,0.218,7,0.681,0.0,21.17
2025-10-12 06:00:43,033,CDKL5_005_179_14,102,0.169,9,0.779,0.5868,21.23
2025-10-12 06:10:46,033,CDKL5_005_179_14,111,0.185,5,0.643,0.5616,21.32
2025-10-12 06:20:48,033,CDKL5_005_179_14,152,0.253,4,0.513,0.5544,21.27
2025-10-12 06:30:52,033,CDKL5_005_179_14,27,0.045,12,0.947,0.432,21.2
2025-10-12 06:40:56,033,CDKL5_005_179_14,6,0.01,14,0.989,0.576,21.12
2025-10-12 06:50:58,033,CDKL5_005_179_14,0,0.0,15,1.0,0.5832,21.05
2025-10-12 07:01:01,033,CDKL5_005_179_14,0,0.0,15,1.0,0.576,20.99
2025-10-12 07:11:06,033,CDKL5_005_179_14,0,0.0,15,1.0,0.576,20.93
2025-10-12 07:21:09,033,CDKL5_005_179_14,0,0.0,15,1.0,0.576,20.9
2025-10-12 07:31:12,033,CDKL5_005_179_14,0,0.0,15,1.0,0.576,20.88
2025-10-12 07:41:15,033,CDKL5_005_179_14,0,0.0,15,1.0,0.576,20.86
2025-10-12 07:51:19,033,CDKL5_005_179_14,0,0.0,15,1.0,0.576,20.85
2025-10-12 08:01:22,033,CDKL5_005_179_14,0,0.0,15,1.0,0.576,20.83
2025-10-12 08:11:24,033,CDKL5_005_179_14,0,0.0,15,1.0,0.576,20.83
2025-10-12 08:21:28,033,CDKL5_005_179_14,0,0.0,15,1.0,0.576,20.83
2025-10-12 08:31:32,033,CDKL5_005_179_14,0,0.0,15,1.0,0.576,20.82
2025-10-12 08:41:35,033,CDKL5_005_179_14,0,0.0,15,1.0,0.576,20.82
2025-10-12 08:51:37,033,CDKL5_005_179_14,0,0.0,15,1.0,0.5796,20.8
2025-10-12 09:01:41,033,CDKL5_005_179_14,0,0.0,15,1.0,0.5796,20.79
2025-10-12 09:11:45,033,CDKL5_005_179_14,0,0.0,15,1.0,0.576,20.8
2025-10-12 09:21:48,033,CDKL5_005_179_14,0,0.0,15,1.0,0.576,20.8
2025-10-12 09:32:02,033,CDKL5_005_179_14,0,0.0,15,1.0,0.576,20.83
2025-10-12 09:42:06,033,CDKL5_005_179_14,0,0.0,15,1.0,0.5832,20.81
2025-10-12 09:52:09,033,CDKL5_005_179_14,0,0.0,15,1.0,0.576,20.8
2025-10-12 10:02:11,033,CDKL5_005_179_14,0,0.0,15,1.0,0.576,20.8
2025-10-12 10:12:14,033,CDKL5_005_179_14,0,0.0,15,1.0,0.6048,20.81
2025-10-12 10:22:17,033,CDKL5_005_179_14,11,0.018,13,0.979,0.6156,20.81
2025-10-12 10:32:20,033,CDKL5_005_179_14,54,0.09,9,0.87,0.5904,20.87
2025-10-12 10:42:23,033,CDKL5_005_179_14,40,0.067,12,0.923,0.594,20.89
2025-10-12 10:52:27,033,CDKL5_005_179_14,25,0.042,12,0.95,0.576,20.91
2025-10-12 11:02:31,033,CDKL5_005_179_14,0,0.0,15,1.0,0.576,20.88
2025-10-12 11:12:35,033,CDKL5_005_179_14,0,0.0,15,1.0,0.576,20.86
2025-10-12 11:22:38,033,CDKL5_005_179_14,0,0.0,15,1.0,0.5688,20.84
2025-10-12 11:32:41,033,CDKL5_005_179_14,0,0.0,15,1.0,0.5688,20.83
2025-10-12 11:42:45,033,CDKL5_005_179_14,0,0.0,15,1.0,0.5688,20.82
2025-10-12 11:52:47,033,CDKL5_005_179_14,0,0.0,15,1.0,0.5688,20.82
2025-10-12 12:02:51,033,CDKL5_005_179_14,0,0.0,15,1.0,0.5688,20.82
2025-10-12 12:12:54,033,CDKL5_005_179_14,0,0.0,15,1.0,0.5688,20.81
2025-10-12 12:22:57,033,CDKL5_005_179_14,0,0.0,15,1.0,0.5688,20.8
2025-10-12 12:33:01,033,CDKL5_005_179_14,0,0.0,15,1.0,0.5688,20.8
2025-10-12 12:43:04,033,CDKL5_005_179_14,0,0.0,15,1.0,0.5688,20.8
2025-10-12 12:53:07,033,CDKL5_005_179_14,1,0.002,14,0.998,0.5688,20.79
2025-10-12 13:03:10,033,CDKL5_005_179_14,0,0.0,15,1.0,0.5688,20.79
2025-10-12 13:13:14,033,CDKL5_005_179_14,0,0.0,15,1.0,0.5688,20.78
2025-10-12 13:23:17,033,CDKL5_005_179_14,0,0.0,15,1.0,0.5688,20.78
2025-10-12 13:33:29,033,CDKL5_005_179_14,0,0.0,15,1.0,0.5688,20.79
2025-10-12 13:43:32,033,CDKL5_005_179_14,0,0.0,15,1.0,0.5688,20.77
2025-10-12 13:53:35,033,CDKL5_005_179_14,0,0.0,15,1.0,0.5688,20.77
2025-10-12 14:03:40,033,CDKL5_005_179_14,23,0.038,12,0.954,0.5688,20.82
2025-10-12 14:13:42,033,CDKL5_005_179_14,84,0.14,8,0.792,0.5904,20.88
2025-10-12 14:23:44,033,CDKL5_005_179_14,10,0.017,14,0.982,0.5976,20.85
2025-10-12 14:33:48,033,CDKL5_005_179_14,0,0.0,15,1.0,0.5976,20.83
2025-10-12 14:43:51,033,CDKL5_005_179_14,0,0.0,15,1.0,0.5976,20.81
2025-10-12 14:53:55,033,CDKL5_005_179_14,0,0.0,15,1.0,0.5976,20.8
2025-10-12 15:03:58,033,CDKL5_005_179_14,0,0.0,15,1.0,0.5976,20.79
2025-10-12 15:14:01,033,CDKL5_005_179_14,0,0.0,15,1.0,0.5976,20.79
2025-10-12 15:24:04,033,CDKL5_005_179_14,0,0.0,15,1.0,0.5976,20.78
2025-10-12 15:34:08,033,CDKL5_005_179_14,0,0.0,15,1.0,0.5976,20.77
2025-10-12 15:44:11,033,CDKL5_005_179_14,0,0.0,15,1.0,0.5976,20.77
2025-10-12 15:54:16,033,CDKL5_005_179_14,0,0.0,15,1.0,0.5976,20.77
2025-10-12 16:04:19,033,CDKL5_005_179_14,0,0.0,15,1.0,0.5976,20.77
2025-10-12 16:14:21,033,CDKL5_005_179_14,0,0.0,15,1.0,0.5976,20.77
2025-10-12 16:24:24,033,CDKL5_005_179_14,0,0.0,15,1.0,0.5976,20.78
2025-10-12 16:34:27,033,CDKL5_005_179_14,101,0.168,6,0.704,0.5904,20.83
2025-10-12 16:44:31,033,CDKL5_005_179_14,39,0.065,11,0.919,0.6264,20.85
2025-10-12 16:54:34,033,CDKL5_005_179_14,4,0.007,14,0.993,0.6264,20.86
2025-10-12 17:04:36,033,CDKL5_005_179_14,0,0.0,15,1.0,0.6264,20.86
2025-10-12 17:14:40,033,CDKL5_005_179_14,0,0.0,15,1.0,0.6624,20.85
2025-10-12 17:24:44,033,CDKL5_005_179_14,0,0.0,15,1.0,0.6552,20.85
2025-10-12 17:35:00,033,CDKL5_005_179_14,0,0.0,15,1.0,0.6552,20.86
2025-10-12 17:45:02,033,CDKL5_005_179_14,0,0.0,15,1.0,0.666,20.83
2025-10-12 17:55:05,033,CDKL5_005_179_14,7,0.012,14,0.988,0.612,20.83
2025-10-12 18:05:08,033,CDKL5_005_179_14,151,0.251,4,0.514,0.0,20.94
2025-10-12 18:15:10,033,CDKL5_005_179_14,158,0.263,6,0.603,0.0,21.1
2025-10-12 18:25:14,033,CDKL5_005_179_14,39,0.065,12,0.925,0.0,21.17
2025-10-12 18:35:17,033,CDKL5_005_179_14,287,0.477,2,0.218,0.0,21.25
2025-10-12 18:45:20,033,CDKL5_005_179_14,160,0.267,8,0.667,0.0,21.32
2025-10-12 18:55:23,033,CDKL5_005_179_14,132,0.22,8,0.708,0.0,21.27
2025-10-12 19:05:25,033,CDKL5_005_179_14,302,0.502,0,0.0,0.0,21.36
2025-10-12 19:15:30,033,CDKL5_005_179_14,14,0.023,13,0.974,0.0,21.31
2025-10-12 19:25:33,033,CDKL5_005_179_14,247,0.411,1,0.139,0.0,21.34
2025-10-12 19:35:37,033,CDKL5_005_179_14,128,0.213,9,0.738,0.0,21.36
2025-10-12 19:45:40,033,CDKL5_005_179_14,189,0.314,4,0.458,0.0,21.46
2025-10-12 19:55:43,033,CDKL5_005_179_14,224,0.372,3,0.349,0.0,21.48
2025-10-12 20:05:46,033,CDKL5_005_179_14,51,0.085,11,0.896,0.0,21.39
2025-10-12 20:15:49,033,CDKL5_005_179_14,207,0.344,3,0.367,0.0,21.45
2025-10-12 20:25:52,033,CDKL5_005_179_14,135,0.224,9,0.727,0.0,21.43
2025-10-12 20:35:56,033,CDKL5_005_179_14,0,0.0,15,1.0,0.0,21.32
2025-10-12 20:46:00,033,CDKL5_005_179_14,0,0.0,15,1.0,0.0,21.21
2025-10-12 20:56:02,033,CDKL5_005_179_14,9,0.015,14,0.984,0.0,21.15
2025-10-12 21:06:05,033,CDKL5_005_179_14,70,0.116,11,0.863,0.0,21.17
2025-10-12 21:16:08,033,CDKL5_005_179_14,0,0.0,15,1.0,0.0,21.16
2025-10-12 21:26:12,033,CDKL5_005_179_14,266,0.442,1,0.131,0.0,21.27
2025-10-12 21:36:28,033,CDKL5_005_179_14,0,0.0,15,1.0,0.0,21.29
2025-10-12 21:46:32,033,CDKL5_005_179_14,133,0.221,6,0.643,0.0,21.34
2025-10-12 21:56:35,033,CDKL5_005_179_14,94,0.156,9,0.793,0.0,21.32
2025-10-12 22:06:39,033,CDKL5_005_179_14,187,0.31,5,0.517,0.0,21.44
2025-10-12 22:16:42,033,CDKL5_005_179_14,191,0.318,2,0.295,0.0,21.54
2025-10-12 22:26:45,033,CDKL5_005_179_14,149,0.248,8,0.682,0.0,21.56
2025-10-12 22:36:48,033,CDKL5_005_179_14,66,0.11,9,0.845,0.0,21.49
2025-10-12 22:46:52,033,CDKL5_005_179_14,156,0.26,3,0.435,0.0,21.49
2025-10-12 22:56:55,033,CDKL5_005_179_14,19,0.032,13,0.965,0.0,21.38
2025-10-12 23:06:58,033,CDKL5_005_179_14,146,0.243,7,0.657,0.0,21.33
2025-10-12 23:17:01,033,CDKL5_005_179_14,171,0.285,3,0.412,0.0,21.42
2025-10-12 23:27:04,033,CDKL5_005_179_14,12,0.02,14,0.979,0.0,21.36
2025-10-12 23:37:08,033,CDKL5_005_179_14,250,0.416,1,0.138,0.0,21.4
2025-10-12 23:47:11,033,CDKL5_005_179_14,131,0.218,6,0.647,0.0,21.53
2025-10-12 23:57:14,033,CDKL5_005_179_14,90,0.15,5,0.69,0.0,21.42
2025-10-11 00:06:06,037,CDKL5_005_179_17,127,0.211,8,0.716,0.0,21.63
2025-10-11 00:16:09,037,CDKL5_005_179_17,124,0.206,7,0.693,0.0,21.69
2025-10-11 00:26:11,037,CDKL5_005_179_17,212,0.353,3,0.361,0.0,21.76
2025-10-11 00:36:14,037,CDKL5_005_179_17,52,0.086,13,0.909,0.0,21.75
2025-10-11 00:46:16,037,CDKL5_005_179_17,255,0.424,3,0.32,0.0,21.8
2025-10-11 00:56:19,037,CDKL5_005_179_17,303,0.504,1,0.117,0.0,21.99
2025-10-11 01:06:22,037,CDKL5_005_179_17,218,0.363,7,0.562,0.0,21.99
2025-10-11 01:16:25,037,CDKL5_005_179_17,78,0.13,10,0.837,0.0,21.9
2025-10-11 01:26:28,037,CDKL5_005_179_17,67,0.111,8,0.827,0.0,21.83
2025-10-11 01:36:31,037,CDKL5_005_179_17,7,0.012,12,0.986,0.0,21.73
2025-10-11 01:46:34,037,CDKL5_005_179_17,0,0.0,15,1.0,0.0,21.65
2025-10-11 01:56:38,037,CDKL5_005_179_17,0,0.0,15,1.0,0.0,21.58
2025-10-11 02:06:41,037,CDKL5_005_179_17,0,0.0,15,1.0,0.0,21.53
2025-10-11 02:16:43,037,CDKL5_005_179_17,0,0.0,15,1.0,0.0,21.49
2025-10-11 02:26:46,037,CDKL5_005_179_17,0,0.0,15,1.0,0.0,21.46
2025-10-11 02:37:13,037,CDKL5_005_179_17,0,0.0,15,1.0,0.0,21.51
2025-10-11 02:47:16,037,CDKL5_005_179_17,0,0.0,15,1.0,0.0,21.46
2025-10-11 02:57:19,037,CDKL5_005_179_17,42,0.07,12,0.92,0.0,21.46
2025-10-11 03:07:22,037,CDKL5_005_179_17,0,0.0,15,1.0,0.0,21.45
2025-10-11 03:17:25,037,CDKL5_005_179_17,0,0.0,15,1.0,0.0,21.44
2025-10-11 03:27:27,037,CDKL5_005_179_17,0,0.0,15,1.0,0.0,21.42
2025-10-11 03:37:30,037,CDKL5_005_179_17,0,0.0,15,1.0,0.0,21.42
2025-10-11 03:47:33,037,CDKL5_005_179_17,41,0.068,11,0.915,0.0,21.4
2025-10-11 03:57:37,037,CDKL5_005_179_17,96,0.16,10,0.806,0.0,21.43
2025-10-11 04:07:40,037,CDKL5_005_179_17,153,0.255,8,0.677,0.0,21.52
2025-10-11 04:17:42,037,CDKL5_005_179_17,19,0.032,14,0.967,0.0,21.52
2025-10-11 04:27:45,037,CDKL5_005_179_17,0,0.0,15,1.0,0.0,21.52
2025-10-11 04:37:47,037,CDKL5_005_179_17,0,0.0,15,1.0,0.0,21.49
2025-10-11 04:47:50,037,CDKL5_005_179_17,0,0.0,15,1.0,0.0,21.47
2025-10-11 04:57:53,037,CDKL5_005_179_17,0,0.0,15,1.0,0.0,21.46
2025-10-11 05:07:55,037,CDKL5_005_179_17,0,0.0,15,1.0,0.0,21.44
2025-10-11 05:17:58,037,CDKL5_005_179_17,26,0.043,14,0.956,0.0,21.43
2025-10-11 05:28:01,037,CDKL5_005_179_17,114,0.19,8,0.737,0.0,21.49
2025-10-11 05:38:04,037,CDKL5_005_179_17,149,0.248,8,0.682,0.0,21.53
2025-10-11 05:48:07,037,CDKL5_005_179_17,137,0.228,8,0.7,0.0,21.55
2025-10-11 05:58:10,037,CDKL5_005_179_17,71,0.118,8,0.818,0.0,21.57
2025-10-11 06:08:13,037,CDKL5_005_179_17,69,0.115,9,0.839,0.0864,21.58
2025-10-11 06:18:16,037,CDKL5_005_179_17,26,0.043,12,0.949,0.108,21.54
2025-10-11 06:28:19,037,CDKL5_005_179_17,0,0.0,15,1.0,0.1008,21.49
2025-10-11 06:38:40,037,CDKL5_005_179_17,0,0.0,15,1.0,0.1008,21.49
2025-10-11 06:48:43,037,CDKL5_005_179_17,0,0.0,15,1.0,0.1044,21.43
2025-10-11 06:58:46,037,CDKL5_005_179_17,0,0.0,15,1.0,0.1008,21.39
2025-10-11 07:08:49,037,CDKL5_005_179_17,0,0.0,15,1.0,0.1008,21.37
2025-10-11 07:18:51,037,CDKL5_005_179_17,0,0.0,15,1.0,0.108,21.34
2025-10-11 07:28:54,037,CDKL5_005_179_17,0,0.0,15,1.0,0.1008,21.34
2025-10-11 07:38:57,037,CDKL5_005_179_17,0,0.0,15,1.0,0.1008,21.33
2025-10-11 07:49:00,037,CDKL5_005_179_17,0,0.0,15,1.0,0.1008,21.33
2025-10-11 07:59:03,037,CDKL5_005_179_17,0,0.0,15,1.0,0.1008,21.32
2025-10-11 08:09:05,037,CDKL5_005_179_17,0,0.0,15,1.0,0.1008,21.31
2025-10-11 08:19:08,037,CDKL5_005_179_17,0,0.0,15,1.0,0.1044,21.3
2025-10-11 08:29:12,037,CDKL5_005_179_17,0,0.0,15,1.0,0.1008,21.29
2025-10-11 08:39:14,037,CDKL5_005_179_17,27,0.045,12,0.947,0.0936,21.31
2025-10-11 08:49:17,037,CDKL5_005_179_17,2,0.003,14,0.996,0.1008,21.33
2025-10-11 08:59:20,037,CDKL5_005_179_17,0,0.0,15,1.0,0.1008,21.32
2025-10-11 09:09:22,037,CDKL5_005_179_17,0,0.0,15,1.0,0.1116,21.32
2025-10-11 09:19:25,037,CDKL5_005_179_17,0,0.0,15,1.0,0.1008,21.3
2025-10-11 09:29:29,037,CDKL5_005_179_17,0,0.0,15,1.0,0.1008,21.28
2025-10-11 09:39:31,037,CDKL5_005_179_17,0,0.0,15,1.0,0.1008,21.27
2025-10-11 09:49:34,037,CDKL5_005_179_17,0,0.0,15,1.0,0.1008,21.27
2025-10-11 09:59:37,037,CDKL5_005_179_17,0,0.0,15,1.0,0.1224,21.26
2025-10-11 10:09:40,037,CDKL5_005_179_17,0,0.0,15,1.0,0.1224,21.25
2025-10-11 10:19:43,037,CDKL5_005_179_17,0,0.0,15,1.0,0.1224,21.23
2025-10-11 10:29:46,037,CDKL5_005_179_17,0,0.0,15,1.0,0.1224,21.21
2025-10-11 10:40:10,037,CDKL5_005_179_17,0,0.0,15,1.0,0.1224,21.23
2025-10-11 10:50:12,037,CDKL5_005_179_17,0,0.0,15,1.0,0.1116,21.18
2025-10-11 11:00:15,037,CDKL5_005_179_17,0,0.0,15,1.0,0.0936,21.12
2025-10-11 11:10:18,037,CDKL5_005_179_17,0,0.0,15,1.0,0.0936,21.09
2025-10-11 11:20:21,037,CDKL5_005_179_17,0,0.0,15,1.0,0.1044,21.06
2025-10-11 11:30:24,037,CDKL5_005_179_17,0,0.0,15,1.0,0.1044,21.04
2025-10-11 11:40:27,037,CDKL5_005_179_17,82,0.137,6,0.745,0.072,21.05
2025-10-11 11:50:30,037,CDKL5_005_179_17,45,0.075,10,0.899,0.0936,21.07
2025-10-11 12:00:33,037,CDKL5_005_179_17,0,0.0,15,1.0,0.09,21.05
2025-10-11 12:10:36,037,CDKL5_005_179_17,0,0.0,15,1.0,0.09,21.04
2025-10-11 12:20:39,037,CDKL5_005_179_17,0,0.0,15,1.0,0.0792,21.02
2025-10-11 12:30:42,037,CDKL5_005_179_17,0,0.0,15,1.0,0.0864,21.0
2025-10-11 12:40:45,037,CDKL5_005_179_17,0,0.0,15,1.0,0.108,20.99
2025-10-11 12:50:47,037,CDKL5_005_179_17,0,0.0,15,1.0,0.1152,20.98
2025-10-11 13:00:49,037,CDKL5_005_179_17,0,0.0,15,1.0,0.0864,20.99
2025-10-11 13:10:51,037,CDKL5_005_179_17,0,0.0,15,1.0,0.09,20.98
2025-10-11 13:20:54,037,CDKL5_005_179_17,0,0.0,15,1.0,0.09,20.96
2025-10-11 13:30:57,037,CDKL5_005_179_17,0,0.0,15,1.0,0.09,20.94
2025-10-11 13:41:01,037,CDKL5_005_179_17,0,0.0,15,1.0,0.0864,20.93
2025-10-11 13:51:03,037,CDKL5_005_179_17,0,0.0,15,1.0,0.09,20.93
2025-10-11 14:01:05,037,CDKL5_005_179_17,94,0.156,9,0.793,0.0756,20.97
2025-10-11 14:11:09,037,CDKL5_005_179_17,73,0.121,10,0.846,0.0792,21.1
2025-10-11 14:21:11,037,CDKL5_005_179_17,9,0.015,13,0.983,0.0936,21.04
2025-10-11 14:31:14,037,CDKL5_005_179_17,0,0.0,15,1.0,0.1044,21.02
2025-10-11 14:41:30,037,CDKL5_005_179_17,0,0.0,15,1.0,0.1044,21.03
2025-10-11 14:51:33,037,CDKL5_005_179_17,0,0.0,15,1.0,0.1044,21.0
2025-10-11 15:01:35,037,CDKL5_005_179_17,0,0.0,15,1.0,0.1008,20.98
2025-10-11 15:11:38,037,CDKL5_005_179_17,0,0.0,15,1.0,0.1044,20.97
2025-10-11 15:21:41,037,CDKL5_005_179_17,0,0.0,15,1.0,0.1044,20.96
2025-10-11 15:31:45,037,CDKL5_005_179_17,0,0.0,15,1.0,0.1008,20.95
2025-10-11 15:41:47,037,CDKL5_005_179_17,0,0.0,15,1.0,0.1008,20.94
2025-10-11 15:51:50,037,CDKL5_005_179_17,0,0.0,15,1.0,0.1044,20.94
2025-10-11 16:01:53,037,CDKL5_005_179_17,0,0.0,15,1.0,0.1044,20.95
2025-10-11 16:11:56,037,CDKL5_005_179_17,0,0.0,15,1.0,0.1044,20.96
2025-10-11 16:21:58,037,CDKL5_005_179_17,30,0.05,13,0.945,0.1044,20.98
2025-10-11 16:32:01,037,CDKL5_005_179_17,0,0.0,15,1.0,0.1296,20.99
2025-10-11 16:42:04,037,CDKL5_005_179_17,0,0.0,15,1.0,0.1332,21.01
2025-10-11 16:52:06,037,CDKL5_005_179_17,0,0.0,15,1.0,0.1008,21.02
2025-10-11 17:02:09,037,CDKL5_005_179_17,0,0.0,15,1.0,0.1296,21.05
2025-10-11 17:12:12,037,CDKL5_005_179_17,18,0.03,14,0.969,0.1296,21.1
2025-10-11 17:22:15,037,CDKL5_005_179_17,0,0.0,15,1.0,0.1008,21.12
2025-10-11 17:32:18,037,CDKL5_005_179_17,0,0.0,15,1.0,0.1008,21.14
2025-10-11 17:42:21,037,CDKL5_005_179_17,0,0.0,15,1.0,0.1008,21.14
2025-10-11 17:52:24,037,CDKL5_005_179_17,0,0.0,15,1.0,0.1008,21.17
2025-10-11 18:02:27,037,CDKL5_005_179_17,45,0.075,13,0.92,0.0,21.2
2025-10-11 18:12:30,037,CDKL5_005_179_17,146,0.243,8,0.687,0.0,21.31
2025-10-11 18:22:32,037,CDKL5_005_179_17,182,0.303,4,0.468,0.0,21.38
2025-10-11 18:32:35,037,CDKL5_005_179_17,224,0.373,6,0.517,0.0,21.51
2025-10-11 18:43:01,037,CDKL5_005_179_17,180,0.301,7,0.609,0.0,21.62
2025-10-11 18:53:04,037,CDKL5_005_179_17,0,0.0,15,1.0,0.0,21.56
2025-10-11 19:03:07,037,CDKL5_005_179_17,178,0.296,6,0.574,0.0,21.58
2025-10-11 19:13:11,037,CDKL5_005_179_17,232,0.386,3,0.341,0.0,21.73
2025-10-11 19:23:14,037,CDKL5_005_179_17,241,0.401,1,0.142,0.0,21.88
2025-10-11 19:33:17,037,CDKL5_005_179_17,108,0.18,10,0.787,0.0,21.83
2025-10-11 19:43:19,037,CDKL5_005_179_17,122,0.203,7,0.697,0.0,21.93
2025-10-11 19:53:22,037,CDKL5_005_179_17,0,0.0,15,1.0,0.0,21.84
2025-10-11 20:03:24,037,CDKL5_005_179_17,59,0.098,10,0.871,0.0,21.75
2025-10-11 20:13:26,037,CDKL5_005_179_17,69,0.115,11,0.864,0.0,21.76
2025-10-11 20:23:30,037,CDKL5_005_179_17,0,0.0,15,1.0,0.0,21.71
2025-10-11 20:33:32,037,CDKL5_005_179_17,330,0.549,1,0.108,0.0,21.84
2025-10-11 20:43:35,037,CDKL5_005_179_17,149,0.248,8,0.682,0.0,21.81
2025-10-11 20:53:38,037,CDKL5_005_179_17,104,0.173,10,0.794,0.0,21.77
2025-10-11 21:03:41,037,CDKL5_005_179_17,76,0.126,9,0.826,0.0,21.82
2025-10-11 21:13:44,037,CDKL5_005_179_17,151,0.251,4,0.514,0.0,21.8
2025-10-11 21:23:47,037,CDKL5_005_179_17,194,0.323,4,0.452,0.0,21.83
2025-10-11 21:33:50,037,CDKL5_005_179_17,49,0.082,12,0.907,0.0,21.81
2025-10-11 21:43:52,037,CDKL5_005_179_17,203,0.338,5,0.496,0.0,21.85
2025-10-11 21:53:55,037,CDKL5_005_179_17,100,0.167,9,0.783,0.0,21.78
2025-10-11 22:03:57,037,CDKL5_005_179_17,47,0.078,12,0.911,0.0,21.72
2025-10-11 22:13:59,037,CDKL5_005_179_17,0,0.0,15,1.0,0.0,21.66
2025-10-11 22:24:02,037,CDKL5_005_179_17,0,0.0,15,1.0,0.0,21.59
2025-10-11 22:34:05,037,CDKL5_005_179_17,0,0.0,15,1.0,0.0,21.56
2025-10-11 22:44:35,037,CDKL5_005_179_17,0,0.0,15,1.0,0.0,21.58
2025-10-11 22:54:39,037,CDKL5_005_179_17,0,0.0,15,1.0,0.0,21.54
2025-10-11 23:04:42,037,CDKL5_005_179_17,0,0.0,15,1.0,0.0,21.5
2025-10-11 23:14:44,037,CDKL5_005_179_17,21,0.035,13,0.961,0.0,21.48
2025-10-11 23:24:47,037,CDKL5_005_179_17,115,0.191,9,0.758,0.0,21.52
2025-10-11 23:34:50,037,CDKL5_005_179_17,146,0.243,6,0.622,0.0,21.63
2025-10-11 23:44:53,037,CDKL5_005_179_17,42,0.07,12,0.92,0.0,21.64
2025-10-11 23:54:55,037,CDKL5_005_179_17,323,0.537,1,0.11,0.0,21.72
2025-10-12 00:04:58,037,CDKL5_005_179_17,111,0.185,10,0.783,0.0,21.76
2025-10-12 00:15:01,037,CDKL5_005_179_17,167,0.277,4,0.489,0.0,21.78
2025-10-12 00:25:04,037,CDKL5_005_179_17,163,0.272,6,0.596,0.0,21.78
2025-10-12 00:35:07,037,CDKL5_005_179_17,196,0.326,6,0.55,0.0,21.76
2025-10-12 00:45:10,037,CDKL5_005_179_17,212,0.353,3,0.361,0.0,21.81
2025-10-12 00:55:13,037,CDKL5_005_179_17,54,0.09,8,0.856,0.0,21.74
2025-10-12 01:05:16,037,CDKL5_005_179_17,0,0.0,15,1.0,0.0,21.65
2025-10-12 01:15:19,037,CDKL5_005_179_17,0,0.0,15,1.0,0.0,21.58
2025-10-12 01:25:22,037,CDKL5_005_179_17,0,0.0,15,1.0,0.0,21.52
2025-10-12 01:35:24,037,CDKL5_005_179_17,32,0.053,13,0.942,0.0,21.5
2025-10-12 01:45:27,037,CDKL5_005_179_17,0,0.0,15,1.0,0.0,21.54
2025-10-12 01:55:30,037,CDKL5_005_179_17,141,0.235,6,0.63,0.0,21.61
2025-10-12 02:05:33,037,CDKL5_005_179_17,66,0.11,12,0.879,0.0,21.61
2025-10-12 02:15:37,037,CDKL5_005_179_17,83,0.138,10,0.828,0.0,21.61
2025-10-12 02:25:39,037,CDKL5_005_179_17,92,0.153,10,0.813,0.0,21.6
2025-10-12 02:35:42,037,CDKL5_005_179_17,2,0.003,14,0.996,0.0,21.57
2025-10-12 02:46:10,037,CDKL5_005_179_17,0,0.0,15,1.0,0.0,21.61
2025-10-12 02:56:13,037,CDKL5_005_179_17,0,0.0,15,1.0,0.0,21.56
2025-10-12 03:06:16,037,CDKL5_005_179_17,0,0.0,15,1.0,0.0,21.53
2025-10-12 03:16:19,037,CDKL5_005_179_17,0,0.0,15,1.0,0.0,21.51
2025-10-12 03:26:22,037,CDKL5_005_179_17,0,0.0,15,1.0,0.0,21.49
2025-10-12 03:36:24,037,CDKL5_005_179_17,0,0.0,15,1.0,0.0,21.48
2025-10-12 03:46:28,037,CDKL5_005_179_17,0,0.0,15,1.0,0.0,21.45
2025-10-12 03:56:31,037,CDKL5_005_179_17,0,0.0,15,1.0,0.0,21.43
2025-10-12 04:06:33,037,CDKL5_005_179_17,23,0.038,13,0.958,0.0,21.44
2025-10-12 04:16:36,037,CDKL5_005_179_17,120,0.2,9,0.75,0.0,21.49
2025-10-12 04:26:39,037,CDKL5_005_179_17,82,0.136,8,0.796,0.0,21.55
2025-10-12 04:36:41,037,CDKL5_005_179_17,0,0.0,15,1.0,0.0,21.51
2025-10-12 04:46:44,037,CDKL5_005_179_17,14,0.023,14,0.976,0.0,21.49
2025-10-12 04:56:47,037,CDKL5_005_179_17,0,0.0,15,1.0,0.0,21.46
2025-10-12 05:06:50,037,CDKL5_005_179_17,0,0.0,15,1.0,0.0,21.42
2025-10-12 05:16:52,037,CDKL5_005_179_17,0,0.0,15,1.0,0.0,21.4
2025-10-12 05:26:55,037,CDKL5_005_179_17,104,0.173,10,0.794,0.0,21.44
2025-10-12 05:36:59,037,CDKL5_005_179_17,59,0.098,11,0.882,0.0,21.48
2025-10-12 05:47:01,037,CDKL5_005_179_17,125,0.208,7,0.691,0.0,21.52
2025-10-12 05:57:04,037,CDKL5_005_179_17,34,0.057,13,0.939,0.0,21.54
2025-10-12 06:07:07,037,CDKL5_005_179_17,7,0.012,13,0.987,0.0864,21.5
2025-10-12 06:17:09,037,CDKL5_005_179_17,6,0.01,13,0.989,0.0864,21.48
2025-10-12 06:27:12,037,CDKL5_005_179_17,0,0.0,15,1.0,0.0864,21.47
2025-10-12 06:37:15,037,CDKL5_005_179_17,0,0.0,15,1.0,0.0864,21.42
2025-10-12 06:47:40,037,CDKL5_005_179_17,0,0.0,15,1.0,0.0864,21.45
2025-10-12 06:57:42,037,CDKL5_005_179_17,0,0.0,15,1.0,0.0864,21.4
2025-10-12 07:07:45,037,CDKL5_005_179_17,0,0.0,15,1.0,0.0864,21.37
2025-10-12 07:17:48,037,CDKL5_005_179_17,2,0.003,14,0.996,0.0864,21.35
2025-10-12 07:27:51,037,CDKL5_005_179_17,0,0.0,15,1.0,0.0864,21.36
2025-10-12 07:37:55,037,CDKL5_005_179_17,0,0.0,15,1.0,0.0864,21.36
2025-10-12 07:47:57,037,CDKL5_005_179_17,0,0.0,15,1.0,0.0864,21.35
2025-10-12 07:57:59,037,CDKL5_005_179_17,0,0.0,15,1.0,0.0864,21.35
2025-10-12 08:08:01,037,CDKL5_005_179_17,18,0.03,13,0.967,0.0864,21.4
2025-10-12 08:18:04,037,CDKL5_005_179_17,0,0.0,15,1.0,0.0864,21.4
2025-10-12 08:28:06,037,CDKL5_005_179_17,0,0.0,15,1.0,0.0864,21.39
2025-10-12 08:38:09,037,CDKL5_005_179_17,0,0.0,15,1.0,0.0864,21.39
2025-10-12 08:48:12,037,CDKL5_005_179_17,0,0.0,15,1.0,0.0864,21.37
2025-10-12 08:58:15,037,CDKL5_005_179_17,0,0.0,15,1.0,0.0864,21.36
2025-10-12 09:08:18,037,CDKL5_005_179_17,0,0.0,15,1.0,0.0936,21.36
2025-10-12 09:18:20,037,CDKL5_005_179_17,0,0.0,15,1.0,0.0864,21.35
2025-10-12 09:28:23,037,CDKL5_005_179_17,0,0.0,15,1.0,0.0864,21.35
2025-10-12 09:38:26,037,CDKL5_005_179_17,0,0.0,15,1.0,0.0864,21.33
2025-10-12 09:48:29,037,CDKL5_005_179_17,0,0.0,15,1.0,0.0864,21.34
2025-10-12 09:58:32,037,CDKL5_005_179_17,0,0.0,15,1.0,0.0864,21.34
2025-10-12 10:08:35,037,CDKL5_005_179_17,0,0.0,15,1.0,0.1152,21.33
2025-10-12 10:18:38,037,CDKL5_005_179_17,3,0.005,14,0.995,0.1188,21.33
2025-10-12 10:28:40,037,CDKL5_005_179_17,49,0.082,8,0.867,0.1224,21.34
2025-10-12 10:38:43,037,CDKL5_005_179_17,0,0.0,15,1.0,0.0936,21.35
2025-10-12 10:49:10,037,CDKL5_005_179_17,0,0.0,15,1.0,0.0936,21.41
2025-10-12 10:59:14,037,CDKL5_005_179_17,0,0.0,15,1.0,0.1008,21.38
2025-10-12 11:09:17,037,CDKL5_005_179_17,0,0.0,15,1.0,0.0936,21.38
2025-10-12 11:19:20,037,CDKL5_005_179_17,0,0.0,15,1.0,0.0936,21.36
2025-10-12 11:29:22,037,CDKL5_005_179_17,0,0.0,15,1.0,0.0936,21.34
2025-10-12 11:39:25,037,CDKL5_005_179_17,0,0.0,15,1.0,0.0936,21.32
2025-10-12 11:49:28,037,CDKL5_005_179_17,0,0.0,15,1.0,0.0936,21.33
2025-10-12 11:59:31,037,CDKL5_005_179_17,0,0.0,15,1.0,0.0936,21.3
2025-10-12 12:09:33,037,CDKL5_005_179_17,0,0.0,15,1.0,0.1044,21.29
2025-10-12 12:19:37,037,CDKL5_005_179_17,0,0.0,15,1.0,0.0936,21.28
2025-10-12 12:29:40,037,CDKL5_005_179_17,0,0.0,15,1.0,0.0936,21.29
2025-10-12 12:39:43,037,CDKL5_005_179_17,0,0.0,15,1.0,0.0936,21.29
2025-10-12 12:49:46,037,CDKL5_005_179_17,0,0.0,15,1.0,0.1044,21.28
2025-10-12 12:59:49,037,CDKL5_005_179_17,1,0.002,14,0.998,0.0936,21.28
2025-10-12 13:09:51,037,CDKL5_005_179_17,57,0.095,11,0.885,0.0864,21.32
2025-10-12 13:19:54,037,CDKL5_005_179_17,30,0.05,12,0.941,0.0864,21.32
2025-10-12 13:29:57,037,CDKL5_005_179_17,0,0.0,15,1.0,0.0864,21.31
2025-10-12 13:40:01,037,CDKL5_005_179_17,0,0.0,15,1.0,0.0864,21.28
2025-10-12 13:50:04,037,CDKL5_005_179_17,0,0.0,15,1.0,0.0864,21.26
2025-10-12 14:00:06,037,CDKL5_005_179_17,0,0.0,15,1.0,0.0864,21.24
2025-10-12 14:10:09,037,CDKL5_005_179_17,0,0.0,15,1.0,0.0864,21.22
2025-10-12 14:20:12,037,CDKL5_005_179_17,0,0.0,15,1.0,0.0864,21.21
2025-10-12 14:30:15,037,CDKL5_005_179_17,0,0.0,15,1.0,0.0864,21.2
2025-10-12 14:40:18,037,CDKL5_005_179_17,0,0.0,15,1.0,0.0864,21.19
2025-10-12 14:50:38,037,CDKL5_005_179_17,0,0.0,15,1.0,0.0864,21.23
2025-10-12 15:00:41,037,CDKL5_005_179_17,0,0.0,15,1.0,0.0864,21.22
2025-10-12 15:10:44,037,CDKL5_005_179_17,0,0.0,15,1.0,0.0864,21.21
2025-10-12 15:20:47,037,CDKL5_005_179_17,0,0.0,15,1.0,0.0864,21.2
2025-10-12 15:30:50,037,CDKL5_005_179_17,0,0.0,15,1.0,0.0864,21.2
2025-10-12 15:40:52,037,CDKL5_005_179_17,21,0.035,12,0.958,0.0972,21.21
2025-10-12 15:50:55,037,CDKL5_005_179_17,0,0.0,15,1.0,0.0864,21.23
2025-10-12 16:00:57,037,CDKL5_005_179_17,0,0.0,15,1.0,0.0972,21.22
2025-10-12 16:11:00,037,CDKL5_005_179_17,0,0.0,15,1.0,0.0972,21.24
2025-10-12 16:21:03,037,CDKL5_005_179_17,0,0.0,15,1.0,0.0972,21.23
2025-10-12 16:31:06,037,CDKL5_005_179_17,0,0.0,15,1.0,0.0972,21.22
2025-10-12 16:41:09,037,CDKL5_005_179_17,0,0.0,15,1.0,0.0972,21.22
2025-10-12 16:51:12,037,CDKL5_005_179_17,0,0.0,15,1.0,0.0936,21.21
2025-10-12 17:01:14,037,CDKL5_005_179_17,2,0.003,14,0.996,0.0936,21.2
2025-10-12 17:11:17,037,CDKL5_005_179_17,0,0.0,15,1.0,0.0936,21.2
2025-10-12 17:21:19,037,CDKL5_005_179_17,0,0.0,15,1.0,0.1224,21.2
2025-10-12 17:31:22,037,CDKL5_005_179_17,127,0.211,8,0.716,0.1152,21.24
2025-10-12 17:41:25,037,CDKL5_005_179_17,0,0.0,15,1.0,0.1152,21.26
2025-10-12 17:51:28,037,CDKL5_005_179_17,0,0.0,15,1.0,0.1152,21.27
2025-10-12 18:01:31,037,CDKL5_005_179_17,0,0.0,15,1.0,0.0,21.28
2025-10-12 18:11:34,037,CDKL5_005_179_17,102,0.17,8,0.758,0.0,21.31
2025-10-12 18:21:36,037,CDKL5_005_179_17,210,0.349,6,0.533,0.0,21.37
2025-10-12 18:31:38,037,CDKL5_005_179_17,39,0.065,13,0.93,0.0,21.43
2025-10-12 18:41:41,037,CDKL5_005_179_17,244,0.406,5,0.45,0.0,21.52
2025-10-12 18:52:15,037,CDKL5_005_179_17,245,0.41,5,0.449,0.0,21.68
2025-10-12 19:02:18,037,CDKL5_005_179_17,261,0.434,1,0.133,0.0,21.74
2025-10-12 19:12:20,037,CDKL5_005_179_17,122,0.203,9,0.747,0.0,21.69
2025-10-12 19:22:23,037,CDKL5_005_179_17,128,0.213,10,0.758,0.0,21.69
2025-10-12 19:32:26,037,CDKL5_005_179_17,6,0.01,15,0.99,0.0,21.66
2025-10-12 19:42:29,037,CDKL5_005_179_17,164,0.273,5,0.549,0.0,21.68
2025-10-12 19:52:32,037,CDKL5_005_179_17,62,0.103,11,0.876,0.0,21.68
2025-10-12 20:02:35,037,CDKL5_005_179_17,2,0.003,14,0.996,0.0,21.67
2025-10-12 20:12:38,037,CDKL5_005_179_17,0,0.0,15,1.0,0.0,21.63
2025-10-12 20:22:41,037,CDKL5_005_179_17,0,0.0,15,1.0,0.0,21.61
2025-10-12 20:32:44,037,CDKL5_005_179_17,0,0.0,15,1.0,0.0,21.58
2025-10-12 20:42:46,037,CDKL5_005_179_17,0,0.0,15,1.0,0.0,21.58
2025-10-12 20:52:49,037,CDKL5_005_179_17,15,0.025,13,0.972,0.0,21.58
2025-10-12 21:02:52,037,CDKL5_005_179_17,270,0.449,2,0.229,0.0,21.71
2025-10-12 21:12:55,037,CDKL5_005_179_17,183,0.304,4,0.466,0.0,21.78
2025-10-12 21:22:58,037,CDKL5_005_179_17,163,0.272,8,0.663,0.0,21.77
2025-10-12 21:33:00,037,CDKL5_005_179_17,165,0.275,2,0.327,0.0,21.77
2025-10-12 21:43:03,037,CDKL5_005_179_17,21,0.035,13,0.961,0.0,21.77
2025-10-12 21:53:06,037,CDKL5_005_179_17,121,0.202,9,0.748,0.0,21.74
2025-10-12 22:03:09,037,CDKL5_005_179_17,240,0.399,2,0.25,0.0,21.98
2025-10-12 22:13:12,037,CDKL5_005_179_17,50,0.083,12,0.906,0.0,21.88
2025-10-12 22:23:15,037,CDKL5_005_179_17,2,0.003,14,0.996,0.0,21.8
2025-10-12 22:33:18,037,CDKL5_005_179_17,84,0.14,9,0.811,0.0,21.75
2025-10-12 22:43:21,037,CDKL5_005_179_17,117,0.194,9,0.755,0.0,21.73
2025-10-12 22:53:47,037,CDKL5_005_179_17,86,0.144,7,0.765,0.0,21.89
2025-10-12 23:03:50,037,CDKL5_005_179_17,51,0.085,8,0.863,0.0,21.78
2025-10-12 23:13:53,037,CDKL5_005_179_17,197,0.327,5,0.504,0.0,21.77
2025-10-12 23:23:55,037,CDKL5_005_179_17,2,0.003,14,0.996,0.0,21.7
2025-10-12 23:33:57,037,CDKL5_005_179_17,0,0.0,15,1.0,0.0,21.63
2025-10-12 23:44:00,037,CDKL5_005_179_17,0,0.0,15,1.0,0.0,21.58
2025-10-12 23:54:03,037,CDKL5_005_179_17,0,0.0,15,1.0,0.0,21.54
2025-10-11 00:08:53,034,CDKL5_005_179_20,85,0.141,9,0.809,0.0,22.04
2025-10-11 00:18:55,034,CDKL5_005_179_20,71,0.118,9,0.835,0.0,22.01
2025-10-11 00:28:58,034,CDKL5_005_179_20,207,0.344,4,0.436,0.0,22.03
2025-10-11 00:39:00,034,CDKL5_005_179_20,21,0.035,13,0.961,0.0,21.95
2025-10-11 00:49:03,034,CDKL5_005_179_20,170,0.283,6,0.585,0.0,21.99
2025-10-11 00:59:06,034,CDKL5_005_179_20,146,0.243,7,0.657,0.0,22.14
2025-10-11 01:09:09,034,CDKL5_005_179_20,21,0.035,13,0.961,0.0,22.04
2025-10-11 01:19:11,034,CDKL5_005_179_20,13,0.022,13,0.976,0.0,21.95
2025-10-11 01:29:13,034,CDKL5_005_179_20,0,0.0,14,1.0,0.0,21.87
2025-10-11 01:39:17,034,CDKL5_005_179_20,0,0.0,15,1.0,0.0,21.8
2025-10-11 01:49:20,034,CDKL5_005_179_20,0,0.0,15,1.0,0.0,21.74
2025-10-11 01:59:22,034,CDKL5_005_179_20,0,0.0,15,1.0,0.0,21.7
2025-10-11 02:09:54,034,CDKL5_005_179_20,0,0.0,14,1.0,0.0,21.72
2025-10-11 02:19:57,034,CDKL5_005_179_20,0,0.0,15,1.0,0.0,21.67
2025-10-11 02:29:59,034,CDKL5_005_179_20,0,0.0,15,1.0,0.0,21.62
2025-10-11 02:40:01,034,CDKL5_005_179_20,0,0.0,14,1.0,0.0,21.58
2025-10-11 02:50:03,034,CDKL5_005_179_20,0,0.0,15,1.0,0.0,21.56
2025-10-11 03:00:06,034,CDKL5_005_179_20,0,0.0,15,1.0,0.0,21.54
2025-10-11 03:10:08,034,CDKL5_005_179_20,0,0.0,14,1.0,0.0,21.52
2025-10-11 03:20:10,034,CDKL5_005_179_20,66,0.11,12,0.879,0.0,21.55
2025-10-11 03:30:13,034,CDKL5_005_179_20,143,0.238,6,0.627,0.0,21.64
2025-10-11 03:40:16,034,CDKL5_005_179_20,96,0.16,9,0.789,0.0,21.68
2025-10-11 03:50:18,034,CDKL5_005_179_20,210,0.349,4,0.432,0.0,21.77
2025-10-11 04:00:21,034,CDKL5_005_179_20,82,0.136,9,0.814,0.0,21.77
2025-10-11 04:10:24,034,CDKL5_005_179_20,45,0.075,11,0.907,0.0,21.75
2025-10-11 04:20:27,034,CDKL5_005_179_20,12,0.02,13,0.977,0.0,21.71
2025-10-11 04:30:28,034,CDKL5_005_179_20,0,0.0,14,1.0,0.0,21.65
2025-10-11 04:40:29,034,CDKL5_005_179_20,0,0.0,14,1.0,0.0,21.6
2025-10-11 04:50:31,034,CDKL5_005_179_20,0,0.0,14,1.0,0.0,21.56
2025-10-11 05:00:34,034,CDKL5_005_179_20,0,0.0,15,1.0,0.0,21.51
2025-10-11 05:10:36,034,CDKL5_005_179_20,0,0.0,15,1.0,0.0,21.49
2025-10-11 05:20:39,034,CDKL5_005_179_20,0,0.0,15,1.0,0.0,21.48
2025-10-11 05:30:41,034,CDKL5_005_179_20,23,0.038,14,0.961,0.0,21.47
2025-10-11 05:40:44,034,CDKL5_005_179_20,144,0.24,7,0.66,0.0,21.55
2025-10-11 05:50:46,034,CDKL5_005_179_20,0,0.0,15,1.0,0.0,21.53
2025-10-11 06:00:49,034,CDKL5_005_179_20,0,0.0,15,1.0,0.1872,21.5
2025-10-11 06:11:00,034,CDKL5_005_179_20,0,0.0,14,1.0,0.18,21.52
2025-10-11 06:21:03,034,CDKL5_005_179_20,0,0.0,15,1.0,0.18,21.49
2025-10-11 06:31:05,034,CDKL5_005_179_20,0,0.0,15,1.0,0.18,21.47
2025-10-11 06:41:07,034,CDKL5_005_179_20,0,0.0,15,1.0,0.18,21.47
2025-10-11 06:51:10,034,CDKL5_005_179_20,0,0.0,15,1.0,0.18,21.45
2025-10-11 07:01:12,034,CDKL5_005_179_20,0,0.0,14,1.0,0.18,21.45
2025-10-11 07:11:14,034,CDKL5_005_179_20,0,0.0,14,1.0,0.18,21.44
2025-10-11 07:21:17,034,CDKL5_005_179_20,0,0.0,15,1.0,0.18,21.43
2025-10-11 07:31:19,034,CDKL5_005_179_20,0,0.0,15,1.0,0.18,21.42
2025-10-11 07:41:23,034,CDKL5_005_179_20,0,0.0,15,1.0,0.18,21.43
2025-10-11 07:51:25,034,CDKL5_005_179_20,0,0.0,15,1.0,0.18,21.43
2025-10-11 08:01:28,034,CDKL5_005_179_20,0,0.0,15,1.0,0.18,21.42
2025-10-11 08:11:30,034,CDKL5_005_179_20,0,0.0,15,1.0,0.18,21.42
2025-10-11 08:21:33,034,CDKL5_005_179_20,0,0.0,15,1.0,0.18,21.43
2025-10-11 08:31:35,034,CDKL5_005_179_20,0,0.0,15,1.0,0.1836,21.41
2025-10-11 08:41:38,034,CDKL5_005_179_20,0,0.0,15,1.0,0.18,21.41
2025-10-11 08:51:40,034,CDKL5_005_179_20,0,0.0,15,1.0,0.18,21.4
2025-10-11 09:01:42,034,CDKL5_005_179_20,0,0.0,15,1.0,0.18,21.4
2025-10-11 09:11:46,034,CDKL5_005_179_20,0,0.0,15,1.0,0.18,21.4
2025-10-11 09:21:48,034,CDKL5_005_179_20,0,0.0,14,1.0,0.18,21.4
2025-10-11 09:31:50,034,CDKL5_005_179_20,0,0.0,15,1.0,0.18,21.4
2025-10-11 09:41:52,034,CDKL5_005_179_20,0,0.0,14,1.0,0.18,21.4
2025-10-11 09:51:54,034,CDKL5_005_179_20,0,0.0,14,1.0,0.1872,21.38
2025-10-11 10:01:57,034,CDKL5_005_179_20,0,0.0,15,1.0,0.2088,21.38
2025-10-11 10:12:07,034,CDKL5_005_179_20,0,0.0,14,1.0,0.2088,21.4
2025-10-11 10:22:10,034,CDKL5_005_179_20,0,0.0,15,1.0,0.2088,21.38
2025-10-11 10:32:12,034,CDKL5_005_179_20,0,0.0,15,1.0,0.2088,21.38
2025-10-11 10:42:15,034,CDKL5_005_179_20,18,0.03,13,0.967,0.1944,21.38
2025-10-11 10:52:18,034,CDKL5_005_179_20,0,0.0,15,1.0,0.1656,21.36
2025-10-11 11:02:20,034,CDKL5_005_179_20,0,0.0,14,1.0,0.1656,21.34
2025-10-11 11:12:22,034,CDKL5_005_179_20,0,0.0,15,1.0,0.1656,21.32
2025-10-11 11:22:24,034,CDKL5_005_179_20,0,0.0,14,1.0,0.1656,21.3
2025-10-11 11:32:26,034,CDKL5_005_179_20,0,0.0,15,1.0,0.1656,21.29
2025-10-11 11:42:29,034,CDKL5_005_179_20,0,0.0,15,1.0,0.1656,21.27
2025-10-11 11:52:31,034,CDKL5_005_179_20,0,0.0,15,1.0,0.1656,21.25
2025-10-11 12:02:34,034,CDKL5_005_179_20,0,0.0,15,1.0,0.1656,21.23
2025-10-11 12:12:37,034,CDKL5_005_179_20,0,0.0,15,1.0,0.1656,21.23
2025-10-11 12:22:39,034,CDKL5_005_179_20,0,0.0,15,1.0,0.1656,21.23
2025-10-11 12:32:41,034,CDKL5_005_179_20,0,0.0,14,1.0,0.1944,21.22
2025-10-11 12:42:44,034,CDKL5_005_179_20,16,0.027,13,0.97,0.1728,21.23
2025-10-11 12:52:46,034,CDKL5_005_179_20,6,0.01,14,0.989,0.1656,21.25
2025-10-11 13:02:49,034,CDKL5_005_179_20,0,0.0,15,1.0,0.1656,21.25
2025-10-11 13:12:52,034,CDKL5_005_179_20,0,0.0,15,1.0,0.1656,21.23
2025-10-11 13:22:54,034,CDKL5_005_179_20,0,0.0,15,1.0,0.1764,21.22
2025-10-11 13:32:57,034,CDKL5_005_179_20,0,0.0,15,1.0,0.1656,21.21
2025-10-11 13:43:00,034,CDKL5_005_179_20,0,0.0,15,1.0,0.1764,21.2
2025-10-11 13:53:03,034,CDKL5_005_179_20,0,0.0,15,1.0,0.1656,21.2
2025-10-11 14:03:06,034,CDKL5_005_179_20,0,0.0,15,1.0,0.1656,21.17
2025-10-11 14:13:20,034,CDKL5_005_179_20,0,0.0,14,1.0,0.1656,21.21
2025-10-11 14:23:23,034,CDKL5_005_179_20,0,0.0,14,1.0,0.1656,21.19
2025-10-11 14:33:25,034,CDKL5_005_179_20,0,0.0,15,1.0,0.1764,21.18
2025-10-11 14:43:28,034,CDKL5_005_179_20,0,0.0,15,1.0,0.1764,21.19
2025-10-11 14:53:31,034,CDKL5_005_179_20,0,0.0,15,1.0,0.1764,21.18
2025-10-11 15:03:34,034,CDKL5_005_179_20,0,0.0,15,1.0,0.1656,21.18
2025-10-11 15:13:36,034,CDKL5_005_179_20,0,0.0,15,1.0,0.1764,21.19
2025-10-11 15:23:38,034,CDKL5_005_179_20,0,0.0,14,1.0,0.1764,21.19
2025-10-11 15:33:42,034,CDKL5_005_179_20,12,0.02,14,0.979,0.1764,21.21
2025-10-11 15:43:44,034,CDKL5_005_179_20,0,0.0,15,1.0,0.1656,21.23
2025-10-11 15:53:47,034,CDKL5_005_179_20,0,0.0,15,1.0,0.1764,21.21
2025-10-11 16:03:49,034,CDKL5_005_179_20,0,0.0,15,1.0,0.1656,21.2
2025-10-11 16:13:51,034,CDKL5_005_179_20,0,0.0,14,1.0,0.1656,21.2
2025-10-11 16:23:54,034,CDKL5_005_179_20,0,0.0,15,1.0,0.2052,21.21
2025-10-11 16:33:56,034,CDKL5_005_179_20,0,0.0,15,1.0,0.2052,21.21
2025-10-11 16:43:59,034,CDKL5_005_179_20,0,0.0,15,1.0,0.1944,21.22
2025-10-11 16:54:02,034,CDKL5_005_179_20,0,0.0,14,1.0,0.1656,21.23
2025-10-11 17:04:04,034,CDKL5_005_179_20,0,0.0,15,1.0,0.2052,21.25
2025-10-11 17:14:07,034,CDKL5_005_179_20,28,0.047,13,0.949,0.2052,21.29
2025-10-11 17:24:10,034,CDKL5_005_179_20,63,0.105,10,0.864,0.1764,21.36
2025-10-11 17:34:13,034,CDKL5_005_179_20,11,0.018,14,0.981,0.1728,21.37
2025-10-11 17:44:16,034,CDKL5_005_179_20,0,0.0,15,1.0,0.18,21.36
2025-10-11 17:54:18,034,CDKL5_005_179_20,0,0.0,15,1.0,0.18,21.35
2025-10-11 18:04:21,034,CDKL5_005_179_20,24,0.04,14,0.959,0.0,21.35
2025-10-11 18:14:37,034,CDKL5_005_179_20,104,0.174,8,0.755,0.0,21.42
2025-10-11 18:24:39,034,CDKL5_005_179_20,115,0.191,9,0.758,0.0,21.53
2025-10-11 18:34:42,034,CDKL5_005_179_20,117,0.195,7,0.705,0.0,21.64
2025-10-11 18:44:45,034,CDKL5_005_179_20,81,0.135,9,0.816,0.0,21.69
2025-10-11 18:54:48,034,CDKL5_005_179_20,142,0.236,7,0.664,0.0,21.8
2025-10-11 19:04:51,034,CDKL5_005_179_20,0,0.0,15,1.0,0.0,21.7
2025-10-11 19:14:52,034,CDKL5_005_179_20,0,0.0,14,1.0,0.0,21.62
2025-10-11 19:24:55,034,CDKL5_005_179_20,0,0.0,15,1.0,0.0,21.56
2025-10-11 19:34:57,034,CDKL5_005_179_20,0,0.0,14,1.0,0.0,21.51
2025-10-11 19:44:59,034,CDKL5_005_179_20,123,0.205,7,0.695,0.0,21.62
2025-10-11 19:55:02,034,CDKL5_005_179_20,35,0.058,12,0.932,0.0,21.71
2025-10-11 20:05:05,034,CDKL5_005_179_20,66,0.11,9,0.845,0.0,21.69
2025-10-11 20:15:07,034,CDKL5_005_179_20,26,0.043,13,0.952,0.0,21.67
2025-10-11 20:25:10,034,CDKL5_005_179_20,0,0.0,15,1.0,0.0,21.62
2025-10-11 20:35:13,034,CDKL5_005_179_20,0,0.0,15,1.0,0.0,21.59
2025-10-11 20:45:15,034,CDKL5_005_179_20,0,0.0,14,1.0,0.0,21.55
2025-10-11 20:55:17,034,CDKL5_005_179_20,0,0.0,15,1.0,0.0,21.52
2025-10-11 21:05:20,034,CDKL5_005_179_20,0,0.0,15,1.0,0.0,21.5
2025-10-11 21:15:22,034,CDKL5_005_179_20,76,0.127,11,0.853,0.0,21.55
2025-10-11 21:25:24,034,CDKL5_005_179_20,64,0.107,11,0.873,0.0,21.6
2025-10-11 21:35:27,034,CDKL5_005_179_20,42,0.07,10,0.905,0.0,21.59
2025-10-11 21:45:30,034,CDKL5_005_179_20,108,0.179,7,0.722,0.0,21.66
2025-10-11 21:55:33,034,CDKL5_005_179_20,114,0.19,8,0.737,0.0,21.74
2025-10-11 22:05:35,034,CDKL5_005_179_20,52,0.087,12,0.902,0.0,21.72
2025-10-11 22:15:50,034,CDKL5_005_179_20,143,0.239,7,0.662,0.0,21.83
2025-10-11 22:25:53,034,CDKL5_005_179_20,220,0.366,3,0.353,0.0,22.11
2025-10-11 22:35:55,034,CDKL5_005_179_20,139,0.231,6,0.633,0.0,22.13
2025-10-11 22:45:57,034,CDKL5_005_179_20,139,0.232,6,0.633,0.0,22.01
2025-10-11 22:56:00,034,CDKL5_005_179_20,0,0.0,15,1.0,0.0,21.85
2025-10-11 23:06:03,034,CDKL5_005_179_20,0,0.0,15,1.0,0.0,21.74
2025-10-11 23:16:06,034,CDKL5_005_179_20,8,0.013,14,0.986,0.0,21.66
2025-10-11 23:26:07,034,CDKL5_005_179_20,15,0.025,13,0.972,0.0,21.61
2025-10-11 23:36:10,034,CDKL5_005_179_20,0,0.0,15,1.0,0.0,21.59
2025-10-11 23:46:12,034,CDKL5_005_179_20,0,0.0,14,1.0,0.0,21.54
2025-10-11 23:56:15,034,CDKL5_005_179_20,31,0.052,11,0.934,0.0,21.55
2025-10-12 00:06:18,034,CDKL5_005_179_20,0,0.0,15,1.0,0.0,21.52
2025-10-12 00:16:21,034,CDKL5_005_179_20,0,0.0,15,1.0,0.0,21.5
2025-10-12 00:26:23,034,CDKL5_005_179_20,20,0.033,13,0.963,0.0,21.5
2025-10-12 00:36:25,034,CDKL5_005_179_20,77,0.128,11,0.851,0.0,21.56
2025-10-12 00:46:28,034,CDKL5_005_179_20,96,0.16,8,0.769,0.0,21.67
2025-10-12 00:56:31,034,CDKL5_005_179_20,123,0.205,8,0.722,0.0,21.7
2025-10-12 01:06:34,034,CDKL5_005_179_20,104,0.173,6,0.698,0.0,21.73
2025-10-12 01:16:36,034,CDKL5_005_179_20,0,0.0,14,1.0,0.0,21.65
2025-10-12 01:26:39,034,CDKL5_005_179_20,12,0.02,14,0.979,0.0,21.57
2025-10-12 01:36:41,034,CDKL5_005_179_20,0,0.0,15,1.0,0.0,21.5
2025-10-12 01:46:44,034,CDKL5_005_179_20,0,0.0,15,1.0,0.0,21.46
2025-10-12 01:56:46,034,CDKL5_005_179_20,97,0.162,10,0.805,0.0,21.45
2025-10-12 02:06:49,034,CDKL5_005_179_20,127,0.211,5,0.612,0.0,21.61
2025-10-12 02:17:12,034,CDKL5_005_179_20,70,0.117,9,0.837,0.0,21.68
2025-10-12 02:27:15,034,CDKL5_005_179_20,25,0.042,13,0.954,0.0,21.61
2025-10-12 02:37:17,034,CDKL5_005_179_20,0,0.0,14,1.0,0.0,21.55
2025-10-12 02:47:20,034,CDKL5_005_179_20,0,0.0,15,1.0,0.0,21.48
2025-10-12 02:57:22,034,CDKL5_005_179_20,0,0.0,15,1.0,0.0,21.43
2025-10-12 03:07:24,034,CDKL5_005_179_20,0,0.0,15,1.0,0.0,21.42
2025-10-12 03:17:26,034,CDKL5_005_179_20,47,0.078,12,0.911,0.0,21.43
2025-10-12 03:27:28,034,CDKL5_005_179_20,0,0.0,15,1.0,0.0,21.41
2025-10-12 03:37:32,034,CDKL5_005_179_20,55,0.092,12,0.897,0.0,21.42
2025-10-12 03:47:34,034,CDKL5_005_179_20,30,0.05,13,0.945,0.0,21.45
2025-10-12 03:57:35,034,CDKL5_005_179_20,25,0.042,12,0.95,0.0,21.46
2025-10-12 04:07:38,034,CDKL5_005_179_20,89,0.148,8,0.782,0.0,21.48
2025-10-12 04:17:41,034,CDKL5_005_179_20,45,0.075,11,0.907,0.0,21.5
2025-10-12 04:27:44,034,CDKL5_005_179_20,14,0.023,13,0.974,0.0,21.44
2025-10-12 04:37:47,034,CDKL5_005_179_20,0,0.0,15,1.0,0.0,21.42
2025-10-12 04:47:50,034,CDKL5_005_179_20,0,0.0,15,1.0,0.0,21.38
2025-10-12 04:57:53,034,CDKL5_005_179_20,18,0.03,13,0.967,0.0,21.36
2025-10-12 05:07:54,034,CDKL5_005_179_20,57,0.095,12,0.894,0.0,21.37
2025-10-12 05:17:57,034,CDKL5_005_179_20,0,0.0,15,1.0,0.0,21.37
2025-10-12 05:27:59,034,CDKL5_005_179_20,0,0.0,15,1.0,0.0,21.36
2025-10-12 05:38:02,034,CDKL5_005_179_20,33,0.055,13,0.94,0.0,21.35
2025-10-12 05:48:05,034,CDKL5_005_179_20,67,0.111,9,0.843,0.0,21.38
2025-10-12 05:58:07,034,CDKL5_005_179_20,25,0.042,12,0.95,0.0,21.38
2025-10-12 06:08:10,034,CDKL5_005_179_20,75,0.125,10,0.842,0.1692,21.42
2025-10-12 06:18:20,034,CDKL5_005_179_20,2,0.003,14,0.996,0.1692,21.42
2025-10-12 06:28:23,034,CDKL5_005_179_20,0,0.0,15,1.0,0.1512,21.39
2025-10-12 06:38:25,034,CDKL5_005_179_20,0,0.0,14,1.0,0.1512,21.38
2025-10-12 06:48:28,034,CDKL5_005_179_20,0,0.0,15,1.0,0.162,21.34
2025-10-12 06:58:31,034,CDKL5_005_179_20,0,0.0,15,1.0,0.162,21.33
2025-10-12 07:08:34,034,CDKL5_005_179_20,0,0.0,15,1.0,0.1512,21.32
2025-10-12 07:18:37,034,CDKL5_005_179_20,0,0.0,15,1.0,0.1512,21.31
2025-10-12 07:28:39,034,CDKL5_005_179_20,0,0.0,15,1.0,0.162,21.3
2025-10-12 07:38:42,034,CDKL5_005_179_20,0,0.0,15,1.0,0.1512,21.28
2025-10-12 07:48:45,034,CDKL5_005_179_20,0,0.0,15,1.0,0.162,21.28
2025-10-12 07:58:48,034,CDKL5_005_179_20,0,0.0,15,1.0,0.162,21.27
2025-10-12 08:08:50,034,CDKL5_005_179_20,0,0.0,15,1.0,0.162,21.26
2025-10-12 08:18:53,034,CDKL5_005_179_20,0,0.0,15,1.0,0.162,21.26
2025-10-12 08:28:55,034,CDKL5_005_179_20,0,0.0,15,1.0,0.1512,21.24
2025-10-12 08:38:58,034,CDKL5_005_179_20,0,0.0,15,1.0,0.162,21.25
2025-10-12 08:49:01,034,CDKL5_005_179_20,0,0.0,15,1.0,0.162,21.23
2025-10-12 08:59:04,034,CDKL5_005_179_20,0,0.0,15,1.0,0.1512,21.24
2025-10-12 09:09:07,034,CDKL5_005_179_20,0,0.0,15,1.0,0.1512,21.23
2025-10-12 09:19:09,034,CDKL5_005_179_20,0,0.0,15,1.0,0.1512,21.24
2025-10-12 09:29:12,034,CDKL5_005_179_20,0,0.0,15,1.0,0.1512,21.23
2025-10-12 09:39:14,034,CDKL5_005_179_20,0,0.0,15,1.0,0.1512,21.24
2025-10-12 09:49:17,034,CDKL5_005_179_20,0,0.0,15,1.0,0.1512,21.25
2025-10-12 09:59:19,034,CDKL5_005_179_20,0,0.0,15,1.0,0.1512,21.23
2025-10-12 10:09:20,034,CDKL5_005_179_20,0,0.0,14,1.0,0.1872,21.25
2025-10-12 10:19:40,034,CDKL5_005_179_20,0,0.0,14,1.0,0.18,21.27
2025-10-12 10:29:43,034,CDKL5_005_179_20,0,0.0,15,1.0,0.1512,21.26
2025-10-12 10:39:44,034,CDKL5_005_179_20,0,0.0,14,1.0,0.162,21.26
2025-10-12 10:49:46,034,CDKL5_005_179_20,0,0.0,15,1.0,0.162,21.25
2025-10-12 10:59:48,034,CDKL5_005_179_20,0,0.0,14,1.0,0.1512,21.23
2025-10-12 11:09:51,034,CDKL5_005_179_20,0,0.0,15,1.0,0.162,21.25
2025-10-12 11:19:53,034,CDKL5_005_179_20,6,0.01,14,0.989,0.1584,21.24
2025-10-12 11:29:56,034,CDKL5_005_179_20,0,0.0,15,1.0,0.1584,21.25
2025-10-12 11:39:59,034,CDKL5_005_179_20,0,0.0,15,1.0,0.1656,21.25
2025-10-12 11:50:01,034,CDKL5_005_179_20,0,0.0,15,1.0,0.1692,21.25
2025-10-12 12:00:03,034,CDKL5_005_179_20,0,0.0,14,1.0,0.1692,21.25
2025-10-12 12:10:06,034,CDKL5_005_179_20,0,0.0,15,1.0,0.1656,21.23
2025-10-12 12:20:08,034,CDKL5_005_179_20,0,0.0,14,1.0,0.1692,21.23
2025-10-12 12:30:11,034,CDKL5_005_179_20,0,0.0,15,1.0,0.1692,21.23
2025-10-12 12:40:13,034,CDKL5_005_179_20,0,0.0,14,1.0,0.1692,21.23
2025-10-12 12:50:15,034,CDKL5_005_179_20,0,0.0,14,1.0,0.1692,21.23
2025-10-12 13:00:18,034,CDKL5_005_179_20,0,0.0,15,1.0,0.1692,21.23
2025-10-12 13:10:21,034,CDKL5_005_179_20,0,0.0,15,1.0,0.1692,21.23
2025-10-12 13:20:23,034,CDKL5_005_179_20,0,0.0,14,1.0,0.1656,21.23
2025-10-12 13:30:24,034,CDKL5_005_179_20,0,0.0,14,1.0,0.1692,21.21
2025-10-12 13:40:26,034,CDKL5_005_179_20,0,0.0,14,1.0,0.1692,21.2
2025-10-12 13:50:28,034,CDKL5_005_179_20,0,0.0,15,1.0,0.1692,21.2
2025-10-12 14:00:31,034,CDKL5_005_179_20,0,0.0,15,1.0,0.1656,21.2
2025-10-12 14:10:34,034,CDKL5_005_179_20,0,0.0,15,1.0,0.1656,21.2
2025-10-12 14:20:51,034,CDKL5_005_179_20,0,0.0,14,1.0,0.1656,21.23
2025-10-12 14:30:53,034,CDKL5_005_179_20,0,0.0,15,1.0,0.1656,21.2
2025-10-12 14:40:56,034,CDKL5_005_179_20,55,0.092,9,0.867,0.144,21.23
2025-10-12 14:50:58,034,CDKL5_005_179_20,6,0.01,14,0.989,0.1656,21.27
2025-10-12 15:01:01,034,CDKL5_005_179_20,0,0.0,15,1.0,0.1656,21.25
2025-10-12 15:11:03,034,CDKL5_005_179_20,0,0.0,14,1.0,0.1656,21.25
2025-10-12 15:21:05,034,CDKL5_005_179_20,0,0.0,14,1.0,0.1656,21.23
2025-10-12 15:31:08,034,CDKL5_005_179_20,0,0.0,15,1.0,0.1656,21.21
2025-10-12 15:41:10,034,CDKL5_005_179_20,0,0.0,14,1.0,0.1656,21.21
2025-10-12 15:51:13,034,CDKL5_005_179_20,0,0.0,15,1.0,0.1764,21.21
2025-10-12 16:01:15,034,CDKL5_005_179_20,0,0.0,14,1.0,0.1764,21.2
2025-10-12 16:11:17,034,CDKL5_005_179_20,0,0.0,15,1.0,0.1656,21.21
2025-10-12 16:21:21,034,CDKL5_005_179_20,0,0.0,15,1.0,0.1656,21.21
2025-10-12 16:31:24,034,CDKL5_005_179_20,0,0.0,15,1.0,0.1656,21.21
2025-10-12 16:41:27,034,CDKL5_005_179_20,0,0.0,15,1.0,0.1656,21.21
2025-10-12 16:51:29,034,CDKL5_005_179_20,27,0.045,13,0.951,0.1548,21.23
2025-10-12 17:01:31,034,CDKL5_005_179_20,0,0.0,14,1.0,0.1656,21.26
2025-10-12 17:11:34,034,CDKL5_005_179_20,0,0.0,15,1.0,0.1692,21.25
2025-10-12 17:21:36,034,CDKL5_005_179_20,0,0.0,15,1.0,0.1944,21.24
2025-10-12 17:31:38,034,CDKL5_005_179_20,0,0.0,14,1.0,0.1944,21.23
2025-10-12 17:41:41,034,CDKL5_005_179_20,0,0.0,15,1.0,0.198,21.22
2025-10-12 17:51:43,034,CDKL5_005_179_20,0,0.0,15,1.0,0.1728,21.22
2025-10-12 18:01:46,034,CDKL5_005_179_20,46,0.077,12,0.913,0.0,21.27
2025-10-12 18:11:48,034,CDKL5_005_179_20,13,0.022,13,0.976,0.0,21.28
2025-10-12 18:22:01,034,CDKL5_005_179_20,122,0.204,7,0.697,0.0,21.38
2025-10-12 18:32:04,034,CDKL5_005_179_20,58,0.097,11,0.884,0.0,21.47
2025-10-12 18:42:06,034,CDKL5_005_179_20,73,0.122,10,0.846,0.0,21.5
2025-10-12 18:52:08,034,CDKL5_005_179_20,175,0.292,4,0.478,0.0,21.57
2025-10-12 19:02:10,034,CDKL5_005_179_20,10,0.017,14,0.982,0.0,21.57
2025-10-12 19:12:13,034,CDKL5_005_179_20,262,0.436,0,0.0,0.0,21.73
2025-10-12 19:22:15,034,CDKL5_005_179_20,143,0.238,7,0.662,0.0,21.77
2025-10-12 19:32:18,034,CDKL5_005_179_20,195,0.324,5,0.506,0.0,21.78
2025-10-12 19:42:21,034,CDKL5_005_179_20,61,0.102,11,0.878,0.0,21.79
2025-10-12 19:52:24,034,CDKL5_005_179_20,0,0.0,15,1.0,0.0,21.71
2025-10-12 20:02:26,034,CDKL5_005_179_20,0,0.0,15,1.0,0.0,21.65
2025-10-12 20:12:28,034,CDKL5_005_179_20,0,0.0,14,1.0,0.0,21.6
2025-10-12 20:22:31,034,CDKL5_005_179_20,0,0.0,14,1.0,0.0,21.56
2025-10-12 20:32:33,034,CDKL5_005_179_20,0,0.0,15,1.0,0.0,21.52
2025-10-12 20:42:35,034,CDKL5_005_179_20,0,0.0,14,1.0,0.0,21.52
2025-10-12 20:52:38,034,CDKL5_005_179_20,51,0.085,9,0.876,0.0,21.56
2025-10-12 21:02:41,034,CDKL5_005_179_20,184,0.306,4,0.465,0.0,21.75
2025-10-12 21:12:44,034,CDKL5_005_179_20,32,0.053,12,0.938,0.0,21.71
2025-10-12 21:22:46,034,CDKL5_005_179_20,64,0.106,11,0.873,0.0,21.71
2025-10-12 21:32:49,034,CDKL5_005_179_20,192,0.32,5,0.51,0.0,21.82
2025-10-12 21:42:51,034,CDKL5_005_179_20,0,0.0,15,1.0,0.0,21.8
2025-10-12 21:52:54,034,CDKL5_005_179_20,61,0.101,10,0.868,0.0,21.79
2025-10-12 22:02:57,034,CDKL5_005_179_20,44,0.073,12,0.916,0.0,21.75
2025-10-12 22:13:00,034,CDKL5_005_179_20,33,0.055,12,0.936,0.0,21.69
2025-10-12 22:23:22,034,CDKL5_005_179_20,0,0.0,14,1.0,0.0,21.67
2025-10-12 22:33:25,034,CDKL5_005_179_20,0,0.0,14,1.0,0.0,21.6
2025-10-12 22:43:27,034,CDKL5_005_179_20,0,0.0,15,1.0,0.0,21.55
2025-10-12 22:53:30,034,CDKL5_005_179_20,0,0.0,14,1.0,0.0,21.49
2025-10-12 23:03:32,034,CDKL5_005_179_20,0,0.0,15,1.0,0.0,21.47
2025-10-12 23:13:35,034,CDKL5_005_179_20,0,0.0,15,1.0,0.0,21.44
2025-10-12 23:23:38,034,CDKL5_005_179_20,0,0.0,15,1.0,0.0,21.43
2025-10-12 23:33:41,034,CDKL5_005_179_20,122,0.203,5,0.621,0.0,21.51
2025-10-12 23:43:43,034,CDKL5_005_179_20,36,0.06,12,0.93,0.0,21.6
2025-10-12 23:53:46,034,CDKL5_005_179_20,77,0.128,10,0.839,0.0,21.64
2025-10-11 00:01:37,026,CDKL5_005_180_66,300,0.5,4,0.348,0.0,21.95
2025-10-11 00:11:39,026,CDKL5_005_180_66,155,0.258,9,0.699,0.0,21.96
2025-10-11 00:21:42,026,CDKL5_005_180_66,232,0.386,2,0.256,0.0,21.89
2025-10-11 00:31:45,026,CDKL5_005_180_66,32,0.053,13,0.942,0.0,21.81
2025-10-11 00:41:47,026,CDKL5_005_180_66,0,0.0,15,1.0,0.0,21.76
2025-10-11 00:51:50,026,CDKL5_005_180_66,0,0.0,15,1.0,0.0,21.7
2025-10-11 01:01:53,026,CDKL5_005_180_66,0,0.0,15,1.0,0.0,21.66
2025-10-11 01:11:55,026,CDKL5_005_180_66,0,0.0,15,1.0,0.0,21.62
2025-10-11 01:21:58,026,CDKL5_005_180_66,0,0.0,15,1.0,0.0,21.58
2025-10-11 01:32:00,026,CDKL5_005_180_66,0,0.0,15,1.0,0.0,21.57
2025-10-11 01:42:03,026,CDKL5_005_180_66,0,0.0,15,1.0,0.0,21.55
2025-10-11 01:52:06,026,CDKL5_005_180_66,0,0.0,15,1.0,0.0,21.53
2025-10-11 02:02:09,026,CDKL5_005_180_66,0,0.0,15,1.0,0.0,21.53
2025-10-11 02:12:12,026,CDKL5_005_180_66,0,0.0,15,1.0,0.0,21.52
2025-10-11 02:22:15,026,CDKL5_005_180_66,0,0.0,15,1.0,0.0,21.51
2025-10-11 02:32:35,026,CDKL5_005_180_66,0,0.0,15,1.0,0.0,21.54
2025-10-11 02:42:38,026,CDKL5_005_180_66,1,0.002,14,0.998,0.0,21.49
2025-10-11 02:52:40,026,CDKL5_005_180_66,65,0.108,12,0.881,0.0,21.51
2025-10-11 03:02:43,026,CDKL5_005_180_66,240,0.399,3,0.333,0.0,21.56
2025-10-11 03:12:46,026,CDKL5_005_180_66,156,0.26,7,0.642,0.0,21.64
2025-10-11 03:22:49,026,CDKL5_005_180_66,263,0.438,5,0.432,0.0,21.76
2025-10-11 03:32:52,026,CDKL5_005_180_66,260,0.433,5,0.435,0.0,21.8
2025-10-11 03:42:55,026,CDKL5_005_180_66,214,0.355,6,0.529,0.0,21.81
2025-10-11 03:52:58,026,CDKL5_005_180_66,265,0.441,4,0.376,0.0,21.81
2025-10-11 04:03:00,026,CDKL5_005_180_66,307,0.511,0,0.0,0.0,22.05
2025-10-11 04:13:03,026,CDKL5_005_180_66,196,0.326,7,0.588,0.0,22.02
2025-10-11 04:23:06,026,CDKL5_005_180_66,162,0.27,8,0.664,0.0,21.9
2025-10-11 04:33:08,026,CDKL5_005_180_66,105,0.175,7,0.727,0.0,21.82
2025-10-11 04:43:11,026,CDKL5_005_180_66,223,0.371,3,0.35,0.0,21.8
2025-10-11 04:53:14,026,CDKL5_005_180_66,182,0.303,3,0.397,0.0,21.76
2025-10-11 05:03:17,026,CDKL5_005_180_66,82,0.136,9,0.814,0.0,21.68
2025-10-11 05:13:22,026,CDKL5_005_180_66,78,0.13,11,0.849,0.0,21.61
2025-10-11 05:23:24,026,CDKL5_005_180_66,0,0.0,15,1.0,0.0,21.56
2025-10-11 05:33:27,026,CDKL5_005_180_66,0,0.0,15,1.0,0.0,21.48
2025-10-11 05:43:29,026,CDKL5_005_180_66,0,0.0,15,1.0,0.0,21.44
2025-10-11 05:53:32,026,CDKL5_005_180_66,0,0.0,15,1.0,0.0,21.39
2025-10-11 06:03:34,026,CDKL5_005_180_66,0,0.0,15,1.0,0.2448,21.37
2025-10-11 06:13:36,026,CDKL5_005_180_66,0,0.0,15,1.0,0.2376,21.34
2025-10-11 06:23:39,026,CDKL5_005_180_66,2,0.003,15,0.997,0.2376,21.33
2025-10-11 06:34:01,026,CDKL5_005_180_66,0,0.0,15,1.0,0.2376,21.36
2025-10-11 06:44:04,026,CDKL5_005_180_66,0,0.0,15,1.0,0.2376,21.33
2025-10-11 06:54:07,026,CDKL5_005_180_66,0,0.0,15,1.0,0.2376,21.32
2025-10-11 07:04:10,026,CDKL5_005_180_66,0,0.0,15,1.0,0.2376,21.32
2025-10-11 07:14:12,026,CDKL5_005_180_66,26,0.043,13,0.952,0.234,21.31
2025-10-11 07:24:15,026,CDKL5_005_180_66,134,0.223,7,0.676,0.2196,21.39
2025-10-11 07:34:18,026,CDKL5_005_180_66,2,0.003,14,0.996,0.216,21.41
2025-10-11 07:44:21,026,CDKL5_005_180_66,1,0.002,14,0.998,0.216,21.4
2025-10-11 07:54:23,026,CDKL5_005_180_66,0,0.0,15,1.0,0.216,21.37
2025-10-11 08:04:27,026,CDKL5_005_180_66,0,0.0,15,1.0,0.2232,21.36
2025-10-11 08:14:31,026,CDKL5_005_180_66,0,0.0,15,1.0,0.2232,21.34
2025-10-11 08:24:34,026,CDKL5_005_180_66,0,0.0,15,1.0,0.2232,21.33
2025-10-11 08:34:36,026,CDKL5_005_180_66,0,0.0,15,1.0,0.2232,21.32
2025-10-11 08:44:39,026,CDKL5_005_180_66,0,0.0,15,1.0,0.2268,21.31
2025-10-11 08:54:42,026,CDKL5_005_180_66,0,0.0,15,1.0,0.2268,21.29
2025-10-11 09:04:45,026,CDKL5_005_180_66,0,0.0,15,1.0,0.2232,21.28
2025-10-11 09:14:48,026,CDKL5_005_180_66,0,0.0,15,1.0,0.2232,21.28
2025-10-11 09:24:51,026,CDKL5_005_180_66,0,0.0,15,1.0,0.2268,21.27
2025-10-11 09:34:54,026,CDKL5_005_180_66,0,0.0,15,1.0,0.2232,21.26
2025-10-11 09:44:56,026,CDKL5_005_180_66,0,0.0,15,1.0,0.216,21.26
2025-10-11 09:54:59,026,CDKL5_005_180_66,0,0.0,15,1.0,0.216,21.26
2025-10-11 10:05:01,026,CDKL5_005_180_66,0,0.0,15,1.0,0.2376,21.25
2025-10-11 10:15:04,026,CDKL5_005_180_66,1,0.002,14,0.998,0.2412,21.26
2025-10-11 10:25:08,026,CDKL5_005_180_66,25,0.041,12,0.95,0.2412,21.29
2025-10-11 10:35:18,026,CDKL5_005_180_66,129,0.215,7,0.685,0.2088,21.35
2025-10-11 10:45:21,026,CDKL5_005_180_66,77,0.128,10,0.839,0.27,21.39
2025-10-11 10:55:24,026,CDKL5_005_180_66,61,0.101,11,0.878,0.1908,21.33
2025-10-11 11:05:26,026,CDKL5_005_180_66,16,0.027,12,0.968,0.2376,21.32
2025-10-11 11:15:29,026,CDKL5_005_180_66,0,0.0,15,1.0,0.2376,21.28
2025-10-11 11:25:32,026,CDKL5_005_180_66,0,0.0,15,1.0,0.2412,21.24
2025-10-11 11:35:35,026,CDKL5_005_180_66,0,0.0,15,1.0,0.2376,21.2
2025-10-11 11:45:38,026,CDKL5_005_180_66,1,0.002,14,0.998,0.2376,21.18
2025-10-11 11:55:40,026,CDKL5_005_180_66,2,0.003,14,0.996,0.2448,21.15
2025-10-11 12:05:43,026,CDKL5_005_180_66,0,0.0,15,1.0,0.2448,21.13
2025-10-11 12:15:46,026,CDKL5_005_180_66,0,0.0,15,1.0,0.2448,21.12
2025-10-11 12:25:49,026,CDKL5_005_180_66,0,0.0,15,1.0,0.2448,21.12
2025-10-11 12:35:51,026,CDKL5_005_180_66,2,0.003,14,0.996,0.2988,21.11
2025-10-11 12:45:54,026,CDKL5_005_180_66,0,0.0,15,1.0,0.3024,21.11
2025-10-11 12:55:57,026,CDKL5_005_180_66,0,0.0,15,1.0,0.2736,21.1
2025-10-11 13:06:00,026,CDKL5_005_180_66,0,0.0,15,1.0,0.2808,21.1
2025-10-11 13:16:02,026,CDKL5_005_180_66,1,0.002,14,0.998,0.2736,21.1
2025-10-11 13:26:05,026,CDKL5_005_180_66,76,0.126,11,0.853,0.2664,21.14
2025-10-11 13:36:07,026,CDKL5_005_180_66,79,0.131,11,0.848,0.2556,21.19
2025-10-11 13:46:10,026,CDKL5_005_180_66,36,0.06,11,0.924,0.2664,21.18
2025-10-11 13:56:13,026,CDKL5_005_180_66,0,0.0,15,1.0,0.2736,21.17
2025-10-11 14:06:16,026,CDKL5_005_180_66,0,0.0,15,1.0,0.2772,21.16
2025-10-11 14:16:18,026,CDKL5_005_180_66,0,0.0,15,1.0,0.2772,21.14
2025-10-11 14:26:21,026,CDKL5_005_180_66,0,0.0,15,1.0,0.2664,21.13
2025-10-11 14:36:40,026,CDKL5_005_180_66,0,0.0,15,1.0,0.2664,21.16
2025-10-11 14:46:43,026,CDKL5_005_180_66,0,0.0,15,1.0,0.2736,21.12
2025-10-11 14:56:45,026,CDKL5_005_180_66,0,0.0,15,1.0,0.2772,21.12
2025-10-11 15:06:48,026,CDKL5_005_180_66,0,0.0,15,1.0,0.2772,21.1
2025-10-11 15:16:51,026,CDKL5_005_180_66,0,0.0,15,1.0,0.2772,21.1
2025-10-11 15:26:54,026,CDKL5_005_180_66,0,0.0,15,1.0,0.2664,21.1
2025-10-11 15:36:56,026,CDKL5_005_180_66,0,0.0,15,1.0,0.2736,21.11
2025-10-11 15:46:59,026,CDKL5_005_180_66,21,0.035,12,0.958,0.0792,21.14
2025-10-11 15:57:01,026,CDKL5_005_180_66,21,0.035,13,0.961,0.2592,21.16
2025-10-11 16:07:05,026,CDKL5_005_180_66,0,0.0,15,1.0,0.2592,21.15
2025-10-11 16:17:07,026,CDKL5_005_180_66,0,0.0,15,1.0,0.2592,21.14
2025-10-11 16:27:10,026,CDKL5_005_180_66,0,0.0,15,1.0,0.2808,21.13
2025-10-11 16:37:13,026,CDKL5_005_180_66,0,0.0,15,1.0,0.2808,21.13
2025-10-11 16:47:16,026,CDKL5_005_180_66,0,0.0,15,1.0,0.2592,21.12
2025-10-11 16:57:19,026,CDKL5_005_180_66,0,0.0,15,1.0,0.2664,21.13
2025-10-11 17:07:21,026,CDKL5_005_180_66,3,0.005,14,0.995,0.2736,21.13
2025-10-11 17:17:23,026,CDKL5_005_180_66,3,0.005,14,0.995,0.2736,21.15
2025-10-11 17:27:26,026,CDKL5_005_180_66,118,0.196,7,0.704,0.2232,21.23
2025-10-11 17:37:28,026,CDKL5_005_180_66,190,0.317,6,0.558,0.1224,21.28
2025-10-11 17:47:31,026,CDKL5_005_180_66,67,0.112,10,0.857,0.1944,21.33
2025-10-11 17:57:34,026,CDKL5_005_180_66,23,0.038,11,0.95,0.2124,21.33
2025-10-11 18:07:36,026,CDKL5_005_180_66,1,0.002,14,0.998,0.0,21.32
2025-10-11 18:17:39,026,CDKL5_005_180_66,2,0.003,14,0.996,0.0,21.28
2025-10-11 18:27:42,026,CDKL5_005_180_66,5,0.008,13,0.99,0.0,21.28
2025-10-11 18:37:57,026,CDKL5_005_180_66,241,0.401,5,0.454,0.0,21.46
2025-10-11 18:48:00,026,CDKL5_005_180_66,222,0.369,6,0.519,0.0,21.52
2025-10-11 18:58:02,026,CDKL5_005_180_66,348,0.58,1,0.103,0.0,21.64
2025-10-11 19:08:05,026,CDKL5_005_180_66,268,0.446,1,0.13,0.0,21.64
2025-10-11 19:18:07,026,CDKL5_005_180_66,69,0.115,11,0.864,0.0,21.6
2025-10-11 19:28:10,026,CDKL5_005_180_66,410,0.682,1,0.089,0.0,21.72
2025-10-11 19:38:13,026,CDKL5_005_180_66,230,0.383,7,0.549,0.0,21.83
2025-10-11 19:48:16,026,CDKL5_005_180_66,399,0.664,1,0.091,0.0,21.78
2025-10-11 19:58:19,026,CDKL5_005_180_66,109,0.181,11,0.801,0.0,21.75
2025-10-11 20:08:22,026,CDKL5_005_180_66,266,0.442,2,0.231,0.0,21.77
2025-10-11 20:18:25,026,CDKL5_005_180_66,282,0.469,4,0.362,0.0,21.85
2025-10-11 20:28:28,026,CDKL5_005_180_66,242,0.403,2,0.248,0.0,21.87
2025-10-11 20:38:30,026,CDKL5_005_180_66,220,0.366,6,0.522,0.0,21.81
2025-10-11 20:48:33,026,CDKL5_005_180_66,147,0.245,9,0.71,0.0,21.76
2025-10-11 20:58:35,026,CDKL5_005_180_66,335,0.557,2,0.193,0.0,21.78
2025-10-11 21:08:38,026,CDKL5_005_180_66,387,0.644,2,0.171,0.0,21.93
2025-10-11 21:18:41,026,CDKL5_005_180_66,201,0.334,7,0.582,0.0,21.88
2025-10-11 21:28:44,026,CDKL5_005_180_66,242,0.403,6,0.498,0.0,21.79
2025-10-11 21:38:46,026,CDKL5_005_180_66,366,0.609,1,0.099,0.0,21.91
2025-10-11 21:48:49,026,CDKL5_005_180_66,258,0.429,4,0.383,0.0,21.84
2025-10-11 21:58:52,026,CDKL5_005_180_66,381,0.634,0,0.0,0.0,21.87
2025-10-11 22:08:55,026,CDKL5_005_180_66,146,0.243,8,0.687,0.0,21.87
2025-10-11 22:18:58,026,CDKL5_005_180_66,236,0.393,5,0.459,0.0,21.94
2025-10-11 22:29:01,026,CDKL5_005_180_66,390,0.648,1,0.093,0.0,22.05
2025-10-11 22:39:13,026,CDKL5_005_180_66,203,0.339,6,0.542,0.0,21.95
2025-10-11 22:49:16,026,CDKL5_005_180_66,357,0.594,1,0.101,0.0,21.95
2025-10-11 22:59:18,026,CDKL5_005_180_66,358,0.596,2,0.183,0.0,21.92
2025-10-11 23:09:21,026,CDKL5_005_180_66,163,0.271,9,0.688,0.0,21.82
2025-10-11 23:19:24,026,CDKL5_005_180_66,361,0.601,3,0.249,0.0,21.87
2025-10-11 23:29:26,026,CDKL5_005_180_66,346,0.577,1,0.104,0.0,21.89
2025-10-11 23:39:29,026,CDKL5_005_180_66,118,0.196,10,0.772,0.0,21.85
2025-10-11 23:49:31,026,CDKL5_005_180_66,383,0.637,2,0.173,0.0,21.91
2025-10-11 23:59:34,026,CDKL5_005_180_66,230,0.383,6,0.511,0.0,21.89
2025-10-12 00:09:37,026,CDKL5_005_180_66,233,0.388,2,0.256,0.0,21.83
2025-10-12 00:19:39,026,CDKL5_005_180_66,174,0.29,5,0.535,0.0,21.79
2025-10-12 00:29:42,026,CDKL5_005_180_66,3,0.005,14,0.995,0.0,21.7
2025-10-12 00:39:44,026,CDKL5_005_180_66,5,0.008,13,0.99,0.0,21.63
2025-10-12 00:49:47,026,CDKL5_005_180_66,6,0.01,13,0.989,0.0,21.58
2025-10-12 00:59:49,026,CDKL5_005_180_66,9,0.015,13,0.983,0.0,21.54
2025-10-12 01:09:53,026,CDKL5_005_180_66,226,0.376,6,0.515,0.0,21.56
2025-10-12 01:19:55,026,CDKL5_005_180_66,323,0.537,4,0.331,0.0,21.66
2025-10-12 01:29:58,026,CDKL5_005_180_66,288,0.479,4,0.357,0.0,21.83
2025-10-12 01:40:00,026,CDKL5_005_180_66,322,0.537,4,0.332,0.0,21.78
2025-10-12 01:50:03,026,CDKL5_005_180_66,200,0.333,7,0.583,0.0,21.76
2025-10-12 02:00:06,026,CDKL5_005_180_66,277,0.462,3,0.302,0.0,21.74
2025-10-12 02:10:09,026,CDKL5_005_180_66,294,0.489,4,0.352,0.0,21.72
2025-10-12 02:20:11,026,CDKL5_005_180_66,74,0.123,12,0.866,0.0,21.65
2025-10-12 02:30:14,026,CDKL5_005_180_66,351,0.584,0,0.0,0.0,21.65
2025-10-12 02:40:28,026,CDKL5_005_180_66,183,0.306,3,0.396,0.0,21.64
2025-10-12 02:50:31,026,CDKL5_005_180_66,47,0.078,10,0.895,0.0,21.59
2025-10-12 03:00:34,026,CDKL5_005_180_66,7,0.012,14,0.988,0.0,21.53
2025-10-12 03:10:37,026,CDKL5_005_180_66,0,0.0,15,1.0,0.0,21.47
2025-10-12 03:20:40,026,CDKL5_005_180_66,2,0.003,14,0.996,0.0,21.45
2025-10-12 03:30:42,026,CDKL5_005_180_66,12,0.02,13,0.977,0.0,21.43
2025-10-12 03:40:45,026,CDKL5_005_180_66,194,0.323,6,0.553,0.0,21.43
2025-10-12 03:50:48,026,CDKL5_005_180_66,251,0.418,6,0.489,0.0,21.52
2025-10-12 04:00:51,026,CDKL5_005_180_66,166,0.276,8,0.658,0.0,21.58
2025-10-12 04:10:55,026,CDKL5_005_180_66,279,0.464,1,0.125,0.0,21.57
2025-10-12 04:20:59,026,CDKL5_005_180_66,146,0.242,8,0.687,0.0,21.52
2025-10-12 04:31:02,026,CDKL5_005_180_66,165,0.275,7,0.629,0.0,21.53
2025-10-12 04:41:05,026,CDKL5_005_180_66,288,0.478,3,0.294,0.0,21.54
2025-10-12 04:51:10,026,CDKL5_005_180_66,209,0.347,4,0.434,0.0,21.54
2025-10-12 05:01:13,026,CDKL5_005_180_66,284,0.473,4,0.36,0.0,21.53
2025-10-12 05:11:15,026,CDKL5_005_180_66,180,0.3,5,0.526,0.0,21.49
2025-10-12 05:21:19,026,CDKL5_005_180_66,9,0.015,13,0.983,0.0,21.4
2025-10-12 05:31:22,026,CDKL5_005_180_66,0,0.0,15,1.0,0.0,21.35
2025-10-12 05:41:25,026,CDKL5_005_180_66,5,0.008,13,0.99,0.0,21.3
2025-10-12 05:51:28,026,CDKL5_005_180_66,1,0.002,15,0.998,0.0,21.27
2025-10-12 06:01:30,026,CDKL5_005_180_66,2,0.003,14,0.996,0.2016,21.23
2025-10-12 06:11:33,026,CDKL5_005_180_66,6,0.01,13,0.989,0.2016,21.23
2025-10-12 06:21:37,026,CDKL5_005_180_66,41,0.068,10,0.907,0.198,21.23
2025-10-12 06:31:39,026,CDKL5_005_180_66,0,0.0,15,1.0,0.1944,21.23
2025-10-12 06:41:54,026,CDKL5_005_180_66,0,0.0,15,1.0,0.1872,21.25
2025-10-12 06:51:56,026,CDKL5_005_180_66,0,0.0,15,1.0,0.1944,21.23
2025-10-12 07:01:59,026,CDKL5_005_180_66,1,0.002,14,0.998,0.1872,21.2
2025-10-12 07:12:02,026,CDKL5_005_180_66,0,0.0,15,1.0,0.1944,21.21
2025-10-12 07:22:05,026,CDKL5_005_180_66,1,0.002,14,0.998,0.1944,21.18
2025-10-12 07:32:07,026,CDKL5_005_180_66,1,0.002,14,0.998,0.1872,21.19
2025-10-12 07:42:10,026,CDKL5_005_180_66,7,0.012,12,0.986,0.198,21.18
2025-10-12 07:52:13,026,CDKL5_005_180_66,60,0.1,5,0.769,0.2124,21.22
2025-10-12 08:02:16,026,CDKL5_005_180_66,25,0.042,13,0.954,0.2016,21.26
2025-10-12 08:12:19,026,CDKL5_005_180_66,130,0.217,7,0.683,0.1944,21.34
2025-10-12 08:22:21,026,CDKL5_005_180_66,2,0.003,15,0.997,0.1944,21.3
2025-10-12 08:32:24,026,CDKL5_005_180_66,0,0.0,15,1.0,0.1944,21.28
2025-10-12 08:42:26,026,CDKL5_005_180_66,2,0.003,15,0.997,0.2052,21.26
2025-10-12 08:52:30,026,CDKL5_005_180_66,0,0.0,15,1.0,0.2016,21.23
2025-10-12 09:02:33,026,CDKL5_005_180_66,0,0.0,15,1.0,0.2016,21.21
2025-10-12 09:12:36,026,CDKL5_005_180_66,0,0.0,15,1.0,0.1944,21.19
2025-10-12 09:22:39,026,CDKL5_005_180_66,0,0.0,15,1.0,0.1944,21.19
2025-10-12 09:32:41,026,CDKL5_005_180_66,0,0.0,15,1.0,0.2016,21.18
2025-10-12 09:42:44,026,CDKL5_005_180_66,0,0.0,15,1.0,0.2052,21.18
2025-10-12 09:52:48,026,CDKL5_005_180_66,0,0.0,15,1.0,0.2016,21.16
2025-10-12 10:02:51,026,CDKL5_005_180_66,1,0.002,14,0.998,0.2016,21.15
2025-10-12 10:12:53,026,CDKL5_005_180_66,0,0.0,15,1.0,0.216,21.15
2025-10-12 10:22:56,026,CDKL5_005_180_66,0,0.0,15,1.0,0.216,21.15
2025-10-12 10:32:58,026,CDKL5_005_180_66,2,0.003,14,0.996,0.2052,21.15
2025-10-12 10:43:20,026,CDKL5_005_180_66,0,0.0,15,1.0,0.2052,21.19
2025-10-12 10:53:23,026,CDKL5_005_180_66,0,0.0,15,1.0,0.2052,21.17
2025-10-12 11:03:26,026,CDKL5_005_180_66,2,0.003,14,0.996,0.1944,21.17
2025-10-12 11:13:28,026,CDKL5_005_180_66,5,0.008,13,0.99,0.1944,21.17
2025-10-12 11:23:31,026,CDKL5_005_180_66,26,0.043,12,0.949,0.1944,21.18
2025-10-12 11:33:34,026,CDKL5_005_180_66,143,0.238,6,0.627,0.1872,21.19
2025-10-12 11:43:37,026,CDKL5_005_180_66,73,0.121,9,0.831,0.1944,21.21
2025-10-12 11:53:41,026,CDKL5_005_180_66,84,0.14,9,0.811,0.1944,21.2
2025-10-12 12:03:45,026,CDKL5_005_180_66,0,0.0,15,1.0,0.1944,21.17
2025-10-12 12:13:48,026,CDKL5_005_180_66,1,0.002,14,0.998,0.1944,21.16
2025-10-12 12:23:51,026,CDKL5_005_180_66,1,0.002,14,0.998,0.2016,21.14
2025-10-12 12:33:54,026,CDKL5_005_180_66,0,0.0,15,1.0,0.2016,21.12
2025-10-12 12:43:56,026,CDKL5_005_180_66,0,0.0,15,1.0,0.2016,21.12
2025-10-12 12:54:00,026,CDKL5_005_180_66,0,0.0,15,1.0,0.2052,21.11
2025-10-12 13:04:03,026,CDKL5_005_180_66,0,0.0,15,1.0,0.2016,21.09
2025-10-12 13:14:06,026,CDKL5_005_180_66,2,0.003,13,0.996,0.2016,21.08
2025-10-12 13:24:09,026,CDKL5_005_180_66,0,0.0,15,1.0,0.2016,21.08
2025-10-12 13:34:11,026,CDKL5_005_180_66,1,0.002,14,0.998,0.2016,21.07
2025-10-12 13:44:14,026,CDKL5_005_180_66,0,0.0,15,1.0,0.2016,21.06
2025-10-12 13:54:17,026,CDKL5_005_180_66,0,0.0,15,1.0,0.2088,21.05
2025-10-12 14:04:21,026,CDKL5_005_180_66,0,0.0,15,1.0,0.2016,21.05
2025-10-12 14:14:25,026,CDKL5_005_180_66,4,0.007,13,0.992,0.2088,21.04
2025-10-12 14:24:28,026,CDKL5_005_180_66,39,0.065,11,0.919,0.2664,21.08
2025-10-12 14:34:31,026,CDKL5_005_180_66,129,0.215,8,0.713,0.2124,21.1
2025-10-12 14:44:50,026,CDKL5_005_180_66,6,0.01,13,0.989,0.2124,21.13
2025-10-12 14:54:53,026,CDKL5_005_180_66,0,0.0,15,1.0,0.2088,21.1
2025-10-12 15:04:55,026,CDKL5_005_180_66,1,0.002,14,0.998,0.2088,21.08
2025-10-12 15:14:57,026,CDKL5_005_180_66,0,0.0,15,1.0,0.2124,21.06
2025-10-12 15:25:01,026,CDKL5_005_180_66,0,0.0,15,1.0,0.216,21.07
2025-10-12 15:35:04,026,CDKL5_005_180_66,1,0.002,14,0.998,0.2124,21.05
2025-10-12 15:45:07,026,CDKL5_005_180_66,1,0.002,14,0.998,0.2088,21.04
2025-10-12 15:55:10,026,CDKL5_005_180_66,1,0.002,14,0.998,0.2124,21.05
2025-10-12 16:05:13,026,CDKL5_005_180_66,9,0.015,11,0.98,0.2124,21.05
2025-10-12 16:15:15,026,CDKL5_005_180_66,2,0.003,14,0.996,0.2016,21.06
2025-10-12 16:25:20,026,CDKL5_005_180_66,0,0.0,15,1.0,0.2124,21.06
2025-10-12 16:35:22,026,CDKL5_005_180_66,0,0.0,15,1.0,0.216,21.05
2025-10-12 16:45:27,026,CDKL5_005_180_66,0,0.0,15,1.0,0.2088,21.06
2025-10-12 16:55:29,026,CDKL5_005_180_66,0,0.0,15,1.0,0.2088,21.07
2025-10-12 17:05:31,026,CDKL5_005_180_66,32,0.053,11,0.932,0.2124,21.06
2025-10-12 17:15:34,026,CDKL5_005_180_66,7,0.012,12,0.986,0.2232,21.09
2025-10-12 17:25:37,026,CDKL5_005_180_66,48,0.08,12,0.909,0.2232,21.13
2025-10-12 17:35:40,026,CDKL5_005_180_66,66,0.11,11,0.87,0.2232,21.14
2025-10-12 17:45:42,026,CDKL5_005_180_66,40,0.067,12,0.923,0.2232,21.16
2025-10-12 17:55:45,026,CDKL5_005_180_66,0,0.0,15,1.0,0.216,21.14
2025-10-12 18:05:48,026,CDKL5_005_180_66,0,0.0,15,1.0,0.0,21.13
2025-10-12 18:15:51,026,CDKL5_005_180_66,180,0.3,6,0.571,0.0,21.19
2025-10-12 18:25:54,026,CDKL5_005_180_66,197,0.328,7,0.587,0.0,21.29
2025-10-12 18:35:56,026,CDKL5_005_180_66,343,0.571,3,0.259,0.0,21.35
2025-10-12 18:46:18,026,CDKL5_005_180_66,264,0.441,6,0.476,0.0,21.46
2025-10-12 18:56:21,026,CDKL5_005_180_66,233,0.388,4,0.407,0.0,21.49
2025-10-12 19:06:23,026,CDKL5_005_180_66,406,0.676,1,0.09,0.0,21.55
2025-10-12 19:16:28,026,CDKL5_005_180_66,175,0.291,8,0.646,0.0,21.55
2025-10-12 19:26:31,026,CDKL5_005_180_66,450,0.749,0,0.0,0.0,21.69
2025-10-12 19:36:34,026,CDKL5_005_180_66,198,0.329,7,0.586,0.0,21.71
2025-10-12 19:46:37,026,CDKL5_005_180_66,170,0.282,8,0.653,0.0,21.71
2025-10-12 19:56:39,026,CDKL5_005_180_66,179,0.298,6,0.573,0.0,21.69
2025-10-12 20:06:43,026,CDKL5_005_180_66,95,0.158,10,0.808,0.0,21.64
2025-10-12 20:16:45,026,CDKL5_005_180_66,355,0.591,0,0.0,0.0,21.72
2025-10-12 20:26:48,026,CDKL5_005_180_66,260,0.433,3,0.316,0.0,21.74
2025-10-12 20:36:51,026,CDKL5_005_180_66,20,0.033,14,0.966,0.0,21.66
2025-10-12 20:46:53,026,CDKL5_005_180_66,408,0.679,0,0.0,0.0,21.66
2025-10-12 20:56:56,026,CDKL5_005_180_66,332,0.552,3,0.265,0.0,21.73
2025-10-12 21:06:59,026,CDKL5_005_180_66,135,0.225,9,0.727,0.0,21.67
2025-10-12 21:17:02,026,CDKL5_005_180_66,365,0.607,2,0.18,0.0,21.77
2025-10-12 21:27:04,026,CDKL5_005_180_66,259,0.432,3,0.317,0.0,21.76
2025-10-12 21:37:07,026,CDKL5_005_180_66,80,0.133,8,0.8,0.0,21.7
2025-10-12 21:47:10,026,CDKL5_005_180_66,8,0.013,14,0.986,0.0,21.65
2025-10-12 21:57:13,026,CDKL5_005_180_66,23,0.038,12,0.954,0.0,21.59
2025-10-12 22:07:16,026,CDKL5_005_180_66,33,0.055,12,0.936,0.0,21.56
2025-10-12 22:17:19,026,CDKL5_005_180_66,8,0.013,14,0.986,0.0,21.53
2025-10-12 22:27:22,026,CDKL5_005_180_66,41,0.068,12,0.921,0.0,21.48
2025-10-12 22:37:25,026,CDKL5_005_180_66,387,0.644,0,0.0,0.0,21.56
2025-10-12 22:47:39,026,CDKL5_005_180_66,408,0.682,0,0.0,0.0,21.7
2025-10-12 22:57:41,026,CDKL5_005_180_66,84,0.14,11,0.84,0.0,21.69
2025-10-12 23:07:44,026,CDKL5_005_180_66,167,0.277,7,0.626,0.0,21.66
2025-10-12 23:17:48,026,CDKL5_005_180_66,153,0.254,7,0.647,0.0,21.66
2025-10-12 23:27:50,026,CDKL5_005_180_66,172,0.286,7,0.619,0.0,21.62
2025-10-12 23:37:53,026,CDKL5_005_180_66,243,0.404,3,0.331,0.0,21.61
2025-10-12 23:47:56,026,CDKL5_005_180_66,330,0.549,1,0.108,0.0,21.63
2025-10-12 23:57:58,026,CDKL5_005_180_66,373,0.622,0,0.0,0.0,21.79
2025-10-11 00:00:05,049,CDKL5_005_180_67,0,0.0,15,1.0,0.0,21.72
2025-10-11 00:10:08,049,CDKL5_005_180_67,10,0.017,14,0.982,0.0,21.7
2025-10-11 00:20:12,049,CDKL5_005_180_67,0,0.0,15,1.0,0.0,21.69
2025-10-11 00:30:16,049,CDKL5_005_180_67,0,0.0,15,1.0,0.0,21.66
2025-10-11 00:40:19,049,CDKL5_005_180_67,5,0.008,14,0.991,0.0,21.64
2025-10-11 00:50:20,049,CDKL5_005_180_67,128,0.213,6,0.652,0.0,21.66
2025-10-11 01:00:24,049,CDKL5_005_180_67,181,0.301,6,0.57,0.0,21.7
2025-10-11 01:10:27,049,CDKL5_005_180_67,73,0.121,10,0.846,0.0,21.71
2025-10-11 01:20:29,049,CDKL5_005_180_67,101,0.168,8,0.76,0.0,21.72
2025-10-11 01:30:33,049,CDKL5_005_180_67,1,0.002,15,0.998,0.0,21.71
2025-10-11 01:40:36,049,CDKL5_005_180_67,9,0.015,13,0.983,0.0,21.67
2025-10-11 01:50:39,049,CDKL5_005_180_67,8,0.013,13,0.985,0.0,21.66
2025-10-11 02:00:42,049,CDKL5_005_180_67,2,0.003,14,0.996,0.0,21.63
2025-10-11 02:10:45,049,CDKL5_005_180_67,1,0.002,15,0.998,0.0,21.61
2025-10-11 02:21:16,049,CDKL5_005_180_67,6,0.01,13,0.989,0.0,21.64
2025-10-11 02:31:19,049,CDKL5_005_180_67,33,0.055,7,0.895,0.0,21.62
2025-10-11 02:41:22,049,CDKL5_005_180_67,155,0.258,1,0.205,0.0,21.64
2025-10-11 02:51:26,049,CDKL5_005_180_67,149,0.248,6,0.617,0.0,21.68
2025-10-11 03:01:29,049,CDKL5_005_180_67,91,0.151,9,0.798,0.0,21.72
2025-10-11 03:11:32,049,CDKL5_005_180_67,244,0.406,4,0.396,0.0,21.75
2025-10-11 03:21:35,049,CDKL5_005_180_67,148,0.246,3,0.448,0.0,21.75
2025-10-11 03:31:37,049,CDKL5_005_180_67,21,0.035,12,0.958,0.0,21.73
2025-10-11 03:41:40,049,CDKL5_005_180_67,9,0.015,13,0.983,0.0,21.68
2025-10-11 03:51:43,049,CDKL5_005_180_67,0,0.0,15,1.0,0.0,21.63
2025-10-11 04:01:46,049,CDKL5_005_180_67,0,0.0,15,1.0,0.0,21.61
2025-10-11 04:11:48,049,CDKL5_005_180_67,40,0.067,12,0.923,0.0,21.58
2025-10-11 04:21:51,049,CDKL5_005_180_67,107,0.178,2,0.428,0.0,21.62
2025-10-11 04:31:53,049,CDKL5_005_180_67,216,0.36,3,0.357,0.0,21.63
2025-10-11 04:41:57,049,CDKL5_005_180_67,179,0.297,6,0.573,0.0,21.68
2025-10-11 04:52:01,049,CDKL5_005_180_67,149,0.248,8,0.682,0.0,21.71
2025-10-11 05:02:04,049,CDKL5_005_180_67,213,0.354,5,0.484,0.0,21.72
2025-10-11 05:12:07,049,CDKL5_005_180_67,12,0.02,14,0.979,0.0,21.7
2025-10-11 05:22:08,049,CDKL5_005_180_67,9,0.015,13,0.983,0.0,21.66
2025-10-11 05:32:12,049,CDKL5_005_180_67,188,0.313,6,0.561,0.0,21.65
2025-10-11 05:42:15,049,CDKL5_005_180_67,225,0.374,4,0.416,0.0,21.7
2025-10-11 05:52:17,049,CDKL5_005_180_67,137,0.228,6,0.637,0.0,21.69
2025-10-11 06:02:21,049,CDKL5_005_180_67,439,0.73,0,0.0,0.3384,21.75
2025-10-11 06:12:24,049,CDKL5_005_180_67,141,0.234,3,0.46,0.3636,21.72
2025-10-11 06:22:52,049,CDKL5_005_180_67,38,0.063,10,0.913,0.3528,21.74
2025-10-11 06:32:55,049,CDKL5_005_180_67,1,0.002,14,0.998,0.3564,21.68
2025-10-11 06:42:59,049,CDKL5_005_180_67,12,0.02,12,0.976,0.3564,21.64
2025-10-11 06:53:02,049,CDKL5_005_180_67,4,0.007,14,0.993,0.3564,21.63
2025-10-11 07:03:05,049,CDKL5_005_180_67,2,0.003,13,0.996,0.3456,21.62
2025-10-11 07:13:08,049,CDKL5_005_180_67,5,0.008,14,0.991,0.3456,21.59
2025-10-11 07:23:12,049,CDKL5_005_180_67,1,0.002,15,0.998,0.3456,21.58
2025-10-11 07:33:15,049,CDKL5_005_180_67,0,0.0,15,1.0,0.3456,21.58
2025-10-11 07:43:19,049,CDKL5_005_180_67,7,0.012,14,0.988,0.3456,21.58
2025-10-11 07:53:22,049,CDKL5_005_180_67,8,0.013,13,0.985,0.3492,21.57
2025-10-11 08:03:26,049,CDKL5_005_180_67,77,0.128,7,0.784,0.3636,21.59
2025-10-11 08:13:27,049,CDKL5_005_180_67,187,0.312,4,0.461,0.1728,21.61
2025-10-11 08:23:29,049,CDKL5_005_180_67,3,0.005,14,0.995,0.1728,21.6
2025-10-11 08:33:33,049,CDKL5_005_180_67,0,0.0,15,1.0,0.1764,21.59
2025-10-11 08:43:36,049,CDKL5_005_180_67,0,0.0,15,1.0,0.1728,21.57
2025-10-11 08:53:39,049,CDKL5_005_180_67,4,0.007,14,0.993,0.1764,21.54
2025-10-11 09:03:43,049,CDKL5_005_180_67,0,0.0,15,1.0,0.1728,21.53
2025-10-11 09:13:46,049,CDKL5_005_180_67,2,0.003,14,0.996,0.1728,21.52
2025-10-11 09:23:49,049,CDKL5_005_180_67,0,0.0,15,1.0,0.1728,21.51
2025-10-11 09:33:53,049,CDKL5_005_180_67,0,0.0,15,1.0,0.1728,21.5
2025-10-11 09:43:56,049,CDKL5_005_180_67,0,0.0,15,1.0,0.1728,21.49
2025-10-11 09:53:59,049,CDKL5_005_180_67,41,0.068,8,0.886,0.0792,21.49
2025-10-11 10:04:01,049,CDKL5_005_180_67,143,0.238,6,0.627,0.2052,21.51
2025-10-11 10:14:05,049,CDKL5_005_180_67,15,0.025,11,0.967,0.1944,21.51
2025-10-11 10:24:20,049,CDKL5_005_180_67,2,0.003,14,0.996,0.2052,21.53
2025-10-11 10:34:23,049,CDKL5_005_180_67,0,0.0,15,1.0,0.2052,21.51
2025-10-11 10:44:26,049,CDKL5_005_180_67,4,0.007,13,0.992,0.2016,21.51
2025-10-11 10:54:28,049,CDKL5_005_180_67,0,0.0,15,1.0,0.18,21.48
2025-10-11 11:04:32,049,CDKL5_005_180_67,37,0.062,7,0.883,0.18,21.48
2025-10-11 11:14:35,049,CDKL5_005_180_67,5,0.008,14,0.991,0.18,21.48
2025-10-11 11:24:38,049,CDKL5_005_180_67,15,0.025,13,0.972,0.18,21.47
2025-10-11 11:34:41,049,CDKL5_005_180_67,149,0.248,4,0.518,0.1368,21.48
2025-10-11 11:44:44,049,CDKL5_005_180_67,13,0.022,11,0.971,0.1476,21.49
2025-10-11 11:54:48,049,CDKL5_005_180_67,1,0.002,14,0.998,0.144,21.47
2025-10-11 12:04:51,049,CDKL5_005_180_67,12,0.02,14,0.979,0.1476,21.46
2025-10-11 12:14:53,049,CDKL5_005_180_67,2,0.003,14,0.996,0.1476,21.46
2025-10-11 12:24:57,049,CDKL5_005_180_67,0,0.0,15,1.0,0.1476,21.45
2025-10-11 12:35:00,049,CDKL5_005_180_67,0,0.0,15,1.0,0.1584,21.44
2025-10-11 12:45:03,049,CDKL5_005_180_67,0,0.0,15,1.0,0.1584,21.44
2025-10-11 12:55:06,049,CDKL5_005_180_67,2,0.003,15,0.997,0.1476,21.43
2025-10-11 13:05:09,049,CDKL5_005_180_67,2,0.003,14,0.996,0.144,21.43
2025-10-11 13:15:13,049,CDKL5_005_180_67,17,0.028,13,0.968,0.1476,21.43
2025-10-11 13:25:16,049,CDKL5_005_180_67,21,0.035,12,0.958,0.1476,21.44
2025-10-11 13:35:20,049,CDKL5_005_180_67,159,0.265,4,0.502,0.1656,21.5
2025-10-11 13:45:23,049,CDKL5_005_180_67,45,0.075,9,0.889,0.216,21.5
2025-10-11 13:55:27,049,CDKL5_005_180_67,4,0.007,12,0.992,0.2088,21.5
2025-10-11 14:05:30,049,CDKL5_005_180_67,1,0.002,14,0.998,0.2088,21.47
2025-10-11 14:15:32,049,CDKL5_005_180_67,1,0.002,14,0.998,0.2088,21.45
2025-10-11 14:26:04,049,CDKL5_005_180_67,4,0.007,14,0.993,0.2196,21.51
2025-10-11 14:36:08,049,CDKL5_005_180_67,2,0.003,14,0.996,0.2088,21.47
2025-10-11 14:46:10,049,CDKL5_005_180_67,2,0.003,14,0.996,0.2088,21.46
2025-10-11 14:56:14,049,CDKL5_005_180_67,3,0.005,14,0.995,0.2088,21.44
2025-10-11 15:06:16,049,CDKL5_005_180_67,0,0.0,15,1.0,0.2088,21.44
2025-10-11 15:16:19,049,CDKL5_005_180_67,0,0.0,15,1.0,0.2088,21.43
2025-10-11 15:26:23,049,CDKL5_005_180_67,18,0.03,10,0.957,0.2088,21.43
2025-10-11 15:36:24,049,CDKL5_005_180_67,50,0.083,11,0.898,0.18,21.45
2025-10-11 15:46:25,049,CDKL5_005_180_67,102,0.17,7,0.733,0.1512,21.47
2025-10-11 15:56:28,049,CDKL5_005_180_67,0,0.0,15,1.0,0.1512,21.48
2025-10-11 16:06:31,049,CDKL5_005_180_67,1,0.002,14,0.998,0.1512,21.47
2025-10-11 16:16:35,049,CDKL5_005_180_67,0,0.0,15,1.0,0.1512,21.45
2025-10-11 16:26:37,049,CDKL5_005_180_67,1,0.002,14,0.998,0.1656,21.45
2025-10-11 16:36:38,049,CDKL5_005_180_67,2,0.003,14,0.996,0.1656,21.45
2025-10-11 16:46:42,049,CDKL5_005_180_67,13,0.022,12,0.974,0.1548,21.45
2025-10-11 16:56:44,049,CDKL5_005_180_67,39,0.065,5,0.837,0.1512,21.46
2025-10-11 17:06:47,049,CDKL5_005_180_67,175,0.291,3,0.407,0.1728,21.54
2025-10-11 17:16:50,049,CDKL5_005_180_67,141,0.235,7,0.665,0.1728,21.61
2025-10-11 17:26:52,049,CDKL5_005_180_67,142,0.237,7,0.664,0.1728,21.62
2025-10-11 17:36:55,049,CDKL5_005_180_67,3,0.005,13,0.994,0.1728,21.61
2025-10-11 17:46:58,049,CDKL5_005_180_67,10,0.017,14,0.982,0.1728,21.59
2025-10-11 17:57:00,049,CDKL5_005_180_67,54,0.09,10,0.881,0.1728,21.58
2025-10-11 18:07:04,049,CDKL5_005_180_67,142,0.236,4,0.53,0.0,21.61
2025-10-11 18:17:07,049,CDKL5_005_180_67,293,0.488,4,0.353,0.0,21.7
2025-10-11 18:27:42,049,CDKL5_005_180_67,345,0.576,1,0.104,0.0,21.88
2025-10-11 18:37:46,049,CDKL5_005_180_67,171,0.284,5,0.539,0.0,21.92
2025-10-11 18:47:50,049,CDKL5_005_180_67,320,0.532,3,0.273,0.0,21.92
2025-10-11 18:57:53,049,CDKL5_005_180_67,334,0.556,0,0.0,0.0,21.9
2025-10-11 19:07:56,049,CDKL5_005_180_67,242,0.403,3,0.331,0.0,21.91
2025-10-11 19:17:59,049,CDKL5_005_180_67,135,0.225,7,0.675,0.0,21.91
2025-10-11 19:28:02,049,CDKL5_005_180_67,254,0.422,4,0.386,0.0,21.93
2025-10-11 19:38:05,049,CDKL5_005_180_67,123,0.205,8,0.722,0.0,21.93
2025-10-11 19:48:09,049,CDKL5_005_180_67,95,0.158,8,0.771,0.0,21.86
2025-10-11 19:58:12,049,CDKL5_005_180_67,2,0.003,14,0.996,0.0,21.8
2025-10-11 20:08:13,049,CDKL5_005_180_67,12,0.02,14,0.979,0.0,21.74
2025-10-11 20:18:17,049,CDKL5_005_180_67,116,0.193,6,0.674,0.0,21.72
2025-10-11 20:28:21,049,CDKL5_005_180_67,132,0.22,6,0.645,0.0,21.72
2025-10-11 20:38:23,049,CDKL5_005_180_67,225,0.375,2,0.262,0.0,21.75
2025-10-11 20:48:26,049,CDKL5_005_180_67,216,0.359,3,0.357,0.0,21.76
2025-10-11 20:58:30,049,CDKL5_005_180_67,108,0.179,8,0.748,0.0,21.76
2025-10-11 21:08:34,049,CDKL5_005_180_67,272,0.453,3,0.306,0.0,21.8
2025-10-11 21:18:37,049,CDKL5_005_180_67,256,0.425,4,0.385,0.0,21.93
2025-10-11 21:28:39,049,CDKL5_005_180_67,245,0.408,1,0.14,0.0,21.88
2025-10-11 21:38:43,049,CDKL5_005_180_67,77,0.128,7,0.784,0.0,21.81
2025-10-11 21:48:46,049,CDKL5_005_180_67,0,0.0,15,1.0,0.0,21.74
2025-10-11 21:58:49,049,CDKL5_005_180_67,0,0.0,15,1.0,0.0,21.67
2025-10-11 22:08:52,049,CDKL5_005_180_67,0,0.0,15,1.0,0.0,21.61
2025-10-11 22:18:56,049,CDKL5_005_180_67,20,0.033,12,0.96,0.0,21.59
2025-10-11 22:29:23,049,CDKL5_005_180_67,28,0.047,12,0.945,0.0,21.64
2025-10-11 22:39:25,049,CDKL5_005_180_67,206,0.343,5,0.493,0.0,21.81
2025-10-11 22:49:28,049,CDKL5_005_180_67,139,0.232,5,0.59,0.0,21.79
2025-10-11 22:59:30,049,CDKL5_005_180_67,181,0.302,4,0.469,0.0,21.81
2025-10-11 23:09:33,049,CDKL5_005_180_67,267,0.444,2,0.231,0.0,21.81
2025-10-11 23:19:36,049,CDKL5_005_180_67,120,0.2,6,0.667,0.0,21.77
2025-10-11 23:29:40,049,CDKL5_005_180_67,43,0.072,8,0.882,0.0,21.75
2025-10-11 23:39:42,049,CDKL5_005_180_67,1,0.002,15,0.998,0.0,21.7
2025-10-11 23:49:45,049,CDKL5_005_180_67,7,0.012,13,0.987,0.0,21.67
2025-10-11 23:59:47,049,CDKL5_005_180_67,0,0.0,15,1.0,0.0,21.62
2025-10-12 00:09:52,049,CDKL5_005_180_67,0,0.0,15,1.0,0.0,21.59
2025-10-12 00:19:55,049,CDKL5_005_180_67,27,0.045,9,0.93,0.0,21.58
2025-10-12 00:29:58,049,CDKL5_005_180_67,153,0.255,4,0.511,0.0,21.61
2025-10-12 00:40:01,049,CDKL5_005_180_67,152,0.252,4,0.513,0.0,21.66
2025-10-12 00:50:04,049,CDKL5_005_180_67,273,0.453,1,0.128,0.0,21.76
2025-10-12 01:00:07,049,CDKL5_005_180_67,136,0.226,5,0.595,0.0,21.73
2025-10-12 01:10:10,049,CDKL5_005_180_67,220,0.366,6,0.522,0.0,21.85
2025-10-12 01:20:13,049,CDKL5_005_180_67,273,0.454,2,0.227,0.0,21.78
2025-10-12 01:30:16,049,CDKL5_005_180_67,297,0.494,2,0.212,0.0,21.73
2025-10-12 01:40:20,049,CDKL5_005_180_67,43,0.072,12,0.918,0.0,21.68
2025-10-12 01:50:23,049,CDKL5_005_180_67,11,0.018,14,0.981,0.0,21.61
2025-10-12 02:00:26,049,CDKL5_005_180_67,1,0.002,15,0.998,0.0,21.54
2025-10-12 02:10:29,049,CDKL5_005_180_67,0,0.0,15,1.0,0.0,21.5
2025-10-12 02:20:32,049,CDKL5_005_180_67,147,0.245,3,0.449,0.0,21.5
2025-10-12 02:31:04,049,CDKL5_005_180_67,166,0.277,4,0.491,0.0,21.62
2025-10-12 02:41:07,049,CDKL5_005_180_67,154,0.256,6,0.609,0.0,21.68
2025-10-12 02:51:10,049,CDKL5_005_180_67,164,0.272,3,0.423,0.0,21.65
2025-10-12 03:01:14,049,CDKL5_005_180_67,15,0.025,12,0.97,0.0,21.62
2025-10-12 03:11:17,049,CDKL5_005_180_67,9,0.015,14,0.984,0.0,21.58
2025-10-12 03:21:20,049,CDKL5_005_180_67,10,0.017,13,0.981,0.0,21.55
2025-10-12 03:31:24,049,CDKL5_005_180_67,36,0.06,10,0.917,0.0,21.54
2025-10-12 03:41:27,049,CDKL5_005_180_67,84,0.14,6,0.741,0.0,21.53
2025-10-12 03:51:29,049,CDKL5_005_180_67,228,0.38,3,0.345,0.0,21.58
2025-10-12 04:01:32,049,CDKL5_005_180_67,12,0.02,14,0.979,0.0,21.58
2025-10-12 04:11:36,049,CDKL5_005_180_67,29,0.048,12,0.943,0.0,21.57
2025-10-12 04:21:39,049,CDKL5_005_180_67,66,0.11,9,0.845,0.0,21.55
2025-10-12 04:31:41,049,CDKL5_005_180_67,218,0.363,2,0.268,0.0,21.63
2025-10-12 04:41:45,049,CDKL5_005_180_67,105,0.175,7,0.727,0.0,21.64
2025-10-12 04:51:48,049,CDKL5_005_180_67,203,0.337,4,0.441,0.0,21.64
2025-10-12 05:01:52,049,CDKL5_005_180_67,87,0.145,9,0.805,0.0,21.63
2025-10-12 05:11:54,049,CDKL5_005_180_67,4,0.007,14,0.993,0.0,21.58
2025-10-12 05:21:57,049,CDKL5_005_180_67,0,0.0,15,1.0,0.0,21.55
2025-10-12 05:32:00,049,CDKL5_005_180_67,76,0.126,8,0.808,0.0,21.52
2025-10-12 05:42:04,049,CDKL5_005_180_67,50,0.083,11,0.898,0.0,21.53
2025-10-12 05:52:07,049,CDKL5_005_180_67,180,0.3,6,0.571,0.0,21.57
2025-10-12 06:02:09,049,CDKL5_005_180_67,198,0.33,4,0.447,0.1548,21.63
2025-10-12 06:12:10,049,CDKL5_005_180_67,113,0.188,6,0.68,0.144,21.62
2025-10-12 06:22:14,049,CDKL5_005_180_67,0,0.0,15,1.0,0.1368,21.59
2025-10-12 06:32:44,049,CDKL5_005_180_67,3,0.005,13,0.994,0.1476,21.61
2025-10-12 06:42:48,049,CDKL5_005_180_67,1,0.002,14,0.998,0.1476,21.57
2025-10-12 06:52:49,049,CDKL5_005_180_67,0,0.0,15,1.0,0.144,21.54
2025-10-12 07:02:53,049,CDKL5_005_180_67,0,0.0,15,1.0,0.1476,21.52
2025-10-12 07:12:56,049,CDKL5_005_180_67,7,0.012,14,0.988,0.1368,21.51
2025-10-12 07:22:59,049,CDKL5_005_180_67,33,0.055,10,0.924,0.1368,21.51
2025-10-12 07:33:02,049,CDKL5_005_180_67,0,0.0,15,1.0,0.1368,21.5
2025-10-12 07:43:06,049,CDKL5_005_180_67,0,0.0,15,1.0,0.1368,21.49
2025-10-12 07:53:07,049,CDKL5_005_180_67,0,0.0,15,1.0,0.1476,21.48
2025-10-12 08:03:10,049,CDKL5_005_180_67,2,0.003,13,0.996,0.1368,21.48
2025-10-12 08:13:13,049,CDKL5_005_180_67,0,0.0,15,1.0,0.1368,21.48
2025-10-12 08:23:17,049,CDKL5_005_180_67,2,0.003,14,0.996,0.1368,21.47
2025-10-12 08:33:19,049,CDKL5_005_180_67,27,0.045,11,0.942,0.1368,21.47
2025-10-12 08:43:21,049,CDKL5_005_180_67,91,0.151,7,0.755,0.1296,21.5
2025-10-12 08:53:24,049,CDKL5_005_180_67,2,0.003,14,0.996,0.1368,21.51
2025-10-12 09:03:27,049,CDKL5_005_180_67,2,0.003,14,0.996,0.1368,21.52
2025-10-12 09:13:30,049,CDKL5_005_180_67,0,0.0,15,1.0,0.1368,21.52
2025-10-12 09:23:34,049,CDKL5_005_180_67,2,0.003,14,0.996,0.1368,21.5
2025-10-12 09:33:37,049,CDKL5_005_180_67,0,0.0,15,1.0,0.1368,21.5
2025-10-12 09:43:41,049,CDKL5_005_180_67,1,0.002,14,0.998,0.1368,21.49
2025-10-12 09:53:43,049,CDKL5_005_180_67,9,0.015,13,0.983,0.1404,21.48
2025-10-12 10:03:46,049,CDKL5_005_180_67,1,0.002,15,0.998,0.1368,21.47
2025-10-12 10:13:50,049,CDKL5_005_180_67,0,0.0,15,1.0,0.1512,21.47
2025-10-12 10:23:53,049,CDKL5_005_180_67,15,0.025,12,0.97,0.1548,21.47
2025-10-12 10:34:09,049,CDKL5_005_180_67,1,0.002,15,0.998,0.1368,21.51
2025-10-12 10:44:12,049,CDKL5_005_180_67,0,0.0,15,1.0,0.1368,21.48
2025-10-12 10:54:16,049,CDKL5_005_180_67,32,0.053,7,0.897,0.1296,21.49
2025-10-12 11:04:18,049,CDKL5_005_180_67,69,0.115,8,0.823,0.1404,21.51
2025-10-12 11:14:21,049,CDKL5_005_180_67,211,0.35,4,0.431,0.126,21.55
2025-10-12 11:24:24,049,CDKL5_005_180_67,2,0.003,14,0.996,0.126,21.53
2025-10-12 11:34:27,049,CDKL5_005_180_67,0,0.0,15,1.0,0.126,21.48
2025-10-12 11:44:31,049,CDKL5_005_180_67,0,0.0,15,1.0,0.126,21.45
2025-10-12 11:54:34,049,CDKL5_005_180_67,0,0.0,15,1.0,0.1152,21.43
2025-10-12 12:04:38,049,CDKL5_005_180_67,0,0.0,15,1.0,0.1152,21.41
2025-10-12 12:14:41,049,CDKL5_005_180_67,0,0.0,15,1.0,0.1152,21.4
2025-10-12 12:24:44,049,CDKL5_005_180_67,0,0.0,15,1.0,0.126,21.4
2025-10-12 12:34:47,049,CDKL5_005_180_67,1,0.002,15,0.998,0.126,21.38
2025-10-12 12:44:49,049,CDKL5_005_180_67,7,0.012,12,0.986,0.1224,21.39
2025-10-12 12:54:52,049,CDKL5_005_180_67,5,0.008,13,0.99,0.1152,21.4
2025-10-12 13:04:56,049,CDKL5_005_180_67,1,0.002,14,0.998,0.1152,21.38
2025-10-12 13:14:59,049,CDKL5_005_180_67,0,0.0,15,1.0,0.1152,21.37
2025-10-12 13:25:03,049,CDKL5_005_180_67,0,0.0,15,1.0,0.1152,21.35
2025-10-12 13:35:06,049,CDKL5_005_180_67,1,0.002,14,0.998,0.1152,21.34
2025-10-12 13:45:10,049,CDKL5_005_180_67,5,0.008,13,0.99,0.1152,21.36
2025-10-12 13:55:13,049,CDKL5_005_180_67,66,0.11,9,0.845,0.1152,21.39
2025-10-12 14:05:17,049,CDKL5_005_180_67,6,0.01,13,0.989,0.1152,21.38
2025-10-12 14:15:21,049,CDKL5_005_180_67,0,0.0,15,1.0,0.1152,21.37
2025-10-12 14:25:23,049,CDKL5_005_180_67,0,0.0,15,1.0,0.1152,21.35
2025-10-12 14:35:44,049,CDKL5_005_180_67,1,0.002,14,0.998,0.1152,21.38
2025-10-12 14:45:47,049,CDKL5_005_180_67,2,0.003,14,0.996,0.1188,21.36
2025-10-12 14:55:50,049,CDKL5_005_180_67,0,0.0,15,1.0,0.1152,21.35
2025-10-12 15:05:54,049,CDKL5_005_180_67,6,0.01,13,0.989,0.1152,21.34
2025-10-12 15:15:57,049,CDKL5_005_180_67,2,0.003,14,0.996,0.1152,21.33
2025-10-12 15:26:00,049,CDKL5_005_180_67,8,0.013,11,0.982,0.1188,21.33
2025-10-12 15:36:03,049,CDKL5_005_180_67,24,0.04,12,0.952,0.1152,21.35
2025-10-12 15:46:06,049,CDKL5_005_180_67,118,0.196,4,0.576,0.126,21.46
2025-10-12 15:56:09,049,CDKL5_005_180_67,6,0.01,12,0.988,0.1224,21.44
2025-10-12 16:06:12,049,CDKL5_005_180_67,6,0.01,13,0.989,0.126,21.42
2025-10-12 16:16:15,049,CDKL5_005_180_67,0,0.0,15,1.0,0.126,21.39
2025-10-12 16:26:17,049,CDKL5_005_180_67,0,0.0,15,1.0,0.126,21.39
2025-10-12 16:36:20,049,CDKL5_005_180_67,0,0.0,15,1.0,0.1224,21.38
2025-10-12 16:46:24,049,CDKL5_005_180_67,5,0.008,13,0.99,0.126,21.37
2025-10-12 16:56:28,049,CDKL5_005_180_67,0,0.0,15,1.0,0.126,21.37
2025-10-12 17:06:31,049,CDKL5_005_180_67,58,0.096,8,0.847,0.1224,21.39
2025-10-12 17:16:34,049,CDKL5_005_180_67,14,0.023,11,0.969,0.1404,21.41
2025-10-12 17:26:38,049,CDKL5_005_180_67,49,0.081,5,0.803,0.1404,21.42
2025-10-12 17:36:41,049,CDKL5_005_180_67,12,0.02,13,0.977,0.1404,21.42
2025-10-12 17:46:44,049,CDKL5_005_180_67,16,0.027,12,0.968,0.1296,21.42
2025-10-12 17:56:48,049,CDKL5_005_180_67,158,0.263,3,0.432,0.1224,21.49
2025-10-12 18:06:51,049,CDKL5_005_180_67,352,0.585,0,0.0,0.0,21.65
2025-10-12 18:16:54,049,CDKL5_005_180_67,208,0.346,3,0.366,0.0,21.74
2025-10-12 18:26:57,049,CDKL5_005_180_67,235,0.39,4,0.405,0.0,21.84
2025-10-12 18:37:18,049,CDKL5_005_180_67,199,0.332,6,0.547,0.0,21.85
2025-10-12 18:47:21,049,CDKL5_005_180_67,279,0.464,2,0.223,0.0,21.84
2025-10-12 18:57:24,049,CDKL5_005_180_67,78,0.13,8,0.804,0.0,21.79
2025-10-12 19:07:26,049,CDKL5_005_180_67,204,0.34,5,0.495,0.0,21.83
2025-10-12 19:17:29,049,CDKL5_005_180_67,95,0.158,10,0.808,0.0,21.77
2025-10-12 19:27:32,049,CDKL5_005_180_67,126,0.21,5,0.613,0.0,21.74
2025-10-12 19:37:33,049,CDKL5_005_180_67,370,0.618,0,0.0,0.0,21.73
2025-10-12 19:47:37,049,CDKL5_005_180_67,82,0.136,7,0.773,0.0,21.7
2025-10-12 19:57:40,049,CDKL5_005_180_67,0,0.0,15,1.0,0.0,21.65
2025-10-12 20:07:44,049,CDKL5_005_180_67,14,0.023,12,0.972,0.0,21.62
2025-10-12 20:17:46,049,CDKL5_005_180_67,46,0.077,9,0.887,0.0,21.58
2025-10-12 20:27:49,049,CDKL5_005_180_67,103,0.171,2,0.437,0.0,21.58
2025-10-12 20:37:53,049,CDKL5_005_180_67,179,0.297,3,0.401,0.0,21.6
2025-10-12 20:47:55,049,CDKL5_005_180_67,149,0.248,3,0.446,0.0,21.66
2025-10-12 20:57:59,049,CDKL5_005_180_67,146,0.243,4,0.523,0.0,21.71
2025-10-12 21:08:02,049,CDKL5_005_180_67,183,0.304,5,0.522,0.0,21.79
2025-10-12 21:18:05,049,CDKL5_005_180_67,98,0.163,8,0.766,0.0,21.78
2025-10-12 21:28:10,049,CDKL5_005_180_67,170,0.282,5,0.541,0.0,21.8
2025-10-12 21:38:13,049,CDKL5_005_180_67,110,0.183,7,0.718,0.0,21.79
2025-10-12 21:48:15,049,CDKL5_005_180_67,215,0.358,5,0.482,0.0,21.77
2025-10-12 21:58:18,049,CDKL5_005_180_67,209,0.348,4,0.434,0.0,21.76
2025-10-12 22:08:20,049,CDKL5_005_180_67,17,0.028,11,0.963,0.0,21.73
2025-10-12 22:18:23,049,CDKL5_005_180_67,11,0.018,13,0.979,0.0,21.69
2025-10-12 22:28:27,049,CDKL5_005_180_67,3,0.005,14,0.995,0.0,21.65
2025-10-12 22:39:00,049,CDKL5_005_180_67,30,0.05,12,0.941,0.0,21.68
2025-10-12 22:49:03,049,CDKL5_005_180_67,204,0.339,2,0.282,0.0,21.7
2025-10-12 22:59:06,049,CDKL5_005_180_67,264,0.439,1,0.132,0.0,21.82
2025-10-12 23:09:08,049,CDKL5_005_180_67,141,0.235,3,0.46,0.0,21.78
2025-10-12 23:19:12,049,CDKL5_005_180_67,179,0.297,2,0.309,0.0,21.8
2025-10-12 23:29:15,049,CDKL5_005_180_67,28,0.047,12,0.945,0.0,21.77
2025-10-12 23:39:19,049,CDKL5_005_180_67,9,0.015,15,0.985,0.0,21.73
2025-10-12 23:49:22,049,CDKL5_005_180_67,11,0.018,13,0.979,0.0,21.68
2025-10-12 23:59:23,049,CDKL5_005_180_67,4,0.007,14,0.993,0.0,21.65
2025-10-11 00:05:26,028,CDKL5_005_180_68,0,0.0,15,1.0,0.0,21.26
2025-10-11 00:15:28,028,CDKL5_005_180_68,0,0.0,15,1.0,0.0,21.2
2025-10-11 00:25:32,028,CDKL5_005_180_68,0,0.0,15,1.0,0.0,21.18
2025-10-11 00:35:36,028,CDKL5_005_180_68,6,0.01,14,0.989,0.0,21.14
2025-10-11 00:45:39,028,CDKL5_005_180_68,45,0.075,12,0.914,0.0,21.15
2025-10-11 00:55:42,028,CDKL5_005_180_68,367,0.611,3,0.246,0.0,21.44
2025-10-11 01:05:45,028,CDKL5_005_180_68,340,0.565,2,0.19,0.0,21.48
2025-10-11 01:15:48,028,CDKL5_005_180_68,143,0.238,9,0.716,0.0,21.54
2025-10-11 01:25:52,028,CDKL5_005_180_68,269,0.447,4,0.373,0.0,21.57
2025-10-11 01:35:55,028,CDKL5_005_180_68,218,0.363,5,0.478,0.0,21.63
2025-10-11 01:45:57,028,CDKL5_005_180_68,280,0.466,3,0.3,0.0,21.69
2025-10-11 01:56:00,028,CDKL5_005_180_68,36,0.06,11,0.924,0.0,21.6
2025-10-11 02:06:03,028,CDKL5_005_180_68,271,0.451,2,0.228,0.0,21.53
2025-10-11 02:16:06,028,CDKL5_005_180_68,327,0.543,1,0.109,0.0,21.54
2025-10-11 02:26:09,028,CDKL5_005_180_68,168,0.279,5,0.543,0.0,21.54
2025-10-11 02:36:12,028,CDKL5_005_180_68,128,0.213,8,0.714,0.0,21.55
2025-10-11 02:46:15,028,CDKL5_005_180_68,134,0.223,8,0.705,0.0,21.49
2025-10-11 02:56:30,028,CDKL5_005_180_68,221,0.368,3,0.352,0.0,21.54
2025-10-11 03:06:33,028,CDKL5_005_180_68,73,0.121,11,0.858,0.0,21.43
2025-10-11 03:16:36,028,CDKL5_005_180_68,0,0.0,15,1.0,0.0,21.34
2025-10-11 03:26:39,028,CDKL5_005_180_68,0,0.0,15,1.0,0.0,21.25
2025-10-11 03:36:42,028,CDKL5_005_180_68,0,0.0,15,1.0,0.0,21.17
2025-10-11 03:46:45,028,CDKL5_005_180_68,0,0.0,15,1.0,0.0,21.11
2025-10-11 03:56:49,028,CDKL5_005_180_68,0,0.0,15,1.0,0.0,21.07
2025-10-11 04:06:52,028,CDKL5_005_180_68,2,0.003,14,0.996,0.0,21.04
2025-10-11 04:16:55,028,CDKL5_005_180_68,0,0.0,15,1.0,0.0,21.02
2025-10-11 04:26:58,028,CDKL5_005_180_68,0,0.0,15,1.0,0.0,21.0
2025-10-11 04:37:01,028,CDKL5_005_180_68,0,0.0,15,1.0,0.0,20.97
2025-10-11 04:47:04,028,CDKL5_005_180_68,0,0.0,15,1.0,0.0,20.99
2025-10-11 04:57:07,028,CDKL5_005_180_68,24,0.04,14,0.959,0.0,20.98
2025-10-11 05:07:10,028,CDKL5_005_180_68,140,0.233,7,0.667,0.0,21.08
2025-10-11 05:17:14,028,CDKL5_005_180_68,277,0.461,4,0.366,0.0,21.17
2025-10-11 05:27:16,028,CDKL5_005_180_68,115,0.191,9,0.758,0.0,21.18
2025-10-11 05:37:20,028,CDKL5_005_180_68,125,0.208,7,0.691,0.0,21.25
2025-10-11 05:47:23,028,CDKL5_005_180_68,95,0.158,10,0.808,0.0,21.23
2025-10-11 05:57:26,028,CDKL5_005_180_68,0,0.0,15,1.0,0.0,21.17
2025-10-11 06:07:28,028,CDKL5_005_180_68,0,0.0,15,1.0,0.1692,21.11
2025-10-11 06:17:31,028,CDKL5_005_180_68,0,0.0,15,1.0,0.1692,21.07
2025-10-11 06:27:34,028,CDKL5_005_180_68,0,0.0,15,1.0,0.1656,21.03
2025-10-11 06:37:37,028,CDKL5_005_180_68,0,0.0,15,1.0,0.1692,21.01
2025-10-11 06:47:41,028,CDKL5_005_180_68,0,0.0,15,1.0,0.1764,20.99
2025-10-11 06:58:01,028,CDKL5_005_180_68,0,0.0,15,1.0,0.1656,21.01
2025-10-11 07:08:04,028,CDKL5_005_180_68,0,0.0,15,1.0,0.1692,20.99
2025-10-11 07:18:08,028,CDKL5_005_180_68,0,0.0,15,1.0,0.1656,20.96
2025-10-11 07:28:10,028,CDKL5_005_180_68,0,0.0,15,1.0,0.1656,20.95
2025-10-11 07:38:13,028,CDKL5_005_180_68,0,0.0,15,1.0,0.1656,20.93
2025-10-11 07:48:16,028,CDKL5_005_180_68,0,0.0,15,1.0,0.1656,20.92
2025-10-11 07:58:20,028,CDKL5_005_180_68,0,0.0,15,1.0,0.1656,20.91
2025-10-11 08:08:23,028,CDKL5_005_180_68,0,0.0,15,1.0,0.1656,20.9
2025-10-11 08:18:26,028,CDKL5_005_180_68,0,0.0,15,1.0,0.1656,20.9
2025-10-11 08:28:30,028,CDKL5_005_180_68,0,0.0,15,1.0,0.1656,20.89
2025-10-11 08:38:33,028,CDKL5_005_180_68,0,0.0,15,1.0,0.1656,20.88
2025-10-11 08:48:36,028,CDKL5_005_180_68,0,0.0,15,1.0,0.1656,20.88
2025-10-11 08:58:39,028,CDKL5_005_180_68,99,0.164,5,0.669,0.1944,20.95
2025-10-11 09:08:43,028,CDKL5_005_180_68,22,0.037,13,0.959,0.1728,20.97
2025-10-11 09:18:46,028,CDKL5_005_180_68,0,0.0,15,1.0,0.1764,20.97
2025-10-11 09:28:48,028,CDKL5_005_180_68,0,0.0,15,1.0,0.1728,20.98
2025-10-11 09:38:51,028,CDKL5_005_180_68,0,0.0,15,1.0,0.1764,20.95
2025-10-11 09:48:55,028,CDKL5_005_180_68,0,0.0,15,1.0,0.1764,20.93
2025-10-11 09:58:58,028,CDKL5_005_180_68,0,0.0,15,1.0,0.5256,20.92
2025-10-11 10:09:01,028,CDKL5_005_180_68,0,0.0,15,1.0,0.1944,20.91
2025-10-11 10:19:04,028,CDKL5_005_180_68,0,0.0,15,1.0,0.1944,20.89
2025-10-11 10:29:08,028,CDKL5_005_180_68,0,0.0,15,1.0,0.1944,20.87
2025-10-11 10:39:11,028,CDKL5_005_180_68,0,0.0,15,1.0,0.1944,20.84
2025-10-11 10:49:14,028,CDKL5_005_180_68,0,0.0,15,1.0,0.198,20.82
2025-10-11 10:59:32,028,CDKL5_005_180_68,0,0.0,15,1.0,0.1728,20.82
2025-10-11 11:09:35,028,CDKL5_005_180_68,0,0.0,15,1.0,0.1836,20.79
2025-10-11 11:19:38,028,CDKL5_005_180_68,0,0.0,15,1.0,0.1728,20.75
2025-10-11 11:29:41,028,CDKL5_005_180_68,0,0.0,15,1.0,0.1728,20.72
2025-10-11 11:39:43,028,CDKL5_005_180_68,0,0.0,15,1.0,0.1728,20.7
2025-10-11 11:49:46,028,CDKL5_005_180_68,0,0.0,15,1.0,0.1728,20.69
2025-10-11 11:59:50,028,CDKL5_005_180_68,0,0.0,15,1.0,0.1728,20.67
2025-10-11 12:09:53,028,CDKL5_005_180_68,9,0.015,14,0.984,0.1728,20.68
2025-10-11 12:19:56,028,CDKL5_005_180_68,3,0.005,14,0.995,0.1656,20.69
2025-10-11 12:29:59,028,CDKL5_005_180_68,133,0.221,7,0.678,0.1656,20.76
2025-10-11 12:40:02,028,CDKL5_005_180_68,0,0.0,15,1.0,0.1872,20.74
2025-10-11 12:50:05,028,CDKL5_005_180_68,0,0.0,15,1.0,0.1908,20.73
2025-10-11 13:00:08,028,CDKL5_005_180_68,0,0.0,15,1.0,0.1656,20.71
2025-10-11 13:10:11,028,CDKL5_005_180_68,0,0.0,15,1.0,0.1656,20.68
2025-10-11 13:20:14,028,CDKL5_005_180_68,0,0.0,15,1.0,0.1728,20.64
2025-10-11 13:30:18,028,CDKL5_005_180_68,0,0.0,15,1.0,0.1656,20.62
2025-10-11 13:40:20,028,CDKL5_005_180_68,0,0.0,15,1.0,0.1656,20.6
2025-10-11 13:50:23,028,CDKL5_005_180_68,0,0.0,15,1.0,0.1656,20.58
2025-10-11 14:00:26,028,CDKL5_005_180_68,0,0.0,15,1.0,0.1656,20.57
2025-10-11 14:10:29,028,CDKL5_005_180_68,0,0.0,15,1.0,0.1656,20.56
2025-10-11 14:20:32,028,CDKL5_005_180_68,0,0.0,15,1.0,0.1656,20.55
2025-10-11 14:30:35,028,CDKL5_005_180_68,0,0.0,15,1.0,0.1656,20.54
2025-10-11 14:40:38,028,CDKL5_005_180_68,0,0.0,15,1.0,0.1656,20.54
2025-10-11 14:50:42,028,CDKL5_005_180_68,0,0.0,15,1.0,0.1656,20.54
2025-10-11 15:00:55,028,CDKL5_005_180_68,55,0.092,11,0.889,0.162,20.61
2025-10-11 15:10:58,028,CDKL5_005_180_68,34,0.056,13,0.939,0.1584,20.65
2025-10-11 15:21:01,028,CDKL5_005_180_68,38,0.063,12,0.927,0.1656,20.67
2025-10-11 15:31:04,028,CDKL5_005_180_68,0,0.0,15,1.0,0.1692,20.67
2025-10-11 15:41:06,028,CDKL5_005_180_68,0,0.0,15,1.0,0.1692,20.66
2025-10-11 15:51:09,028,CDKL5_005_180_68,0,0.0,15,1.0,0.1692,20.63
2025-10-11 16:01:13,028,CDKL5_005_180_68,0,0.0,15,1.0,0.1656,20.62
2025-10-11 16:11:16,028,CDKL5_005_180_68,0,0.0,15,1.0,0.1692,20.62
2025-10-11 16:21:19,028,CDKL5_005_180_68,0,0.0,15,1.0,0.1656,20.61
2025-10-11 16:31:22,028,CDKL5_005_180_68,0,0.0,15,1.0,0.18,20.61
2025-10-11 16:41:25,028,CDKL5_005_180_68,0,0.0,15,1.0,0.1872,20.62
2025-10-11 16:51:28,028,CDKL5_005_180_68,5,0.008,14,0.991,0.1692,20.66
2025-10-11 17:01:31,028,CDKL5_005_180_68,1,0.002,14,0.998,0.1872,20.7
2025-10-11 17:11:34,028,CDKL5_005_180_68,0,0.0,15,1.0,0.1872,20.72
2025-10-11 17:21:37,028,CDKL5_005_180_68,0,0.0,15,1.0,0.1656,20.74
2025-10-11 17:31:40,028,CDKL5_005_180_68,0,0.0,15,1.0,0.1584,20.76
2025-10-11 17:41:43,028,CDKL5_005_180_68,78,0.13,11,0.849,0.1584,20.8
2025-10-11 17:51:47,028,CDKL5_005_180_68,27,0.045,14,0.954,0.162,20.82
2025-10-11 18:01:50,028,CDKL5_005_180_68,91,0.151,10,0.815,0.0,20.87
2025-10-11 18:11:53,028,CDKL5_005_180_68,557,0.925,0,0.0,0.0,20.96
2025-10-11 18:21:56,028,CDKL5_005_180_68,540,0.897,0,0.0,0.0,21.15
2025-10-11 18:31:59,028,CDKL5_005_180_68,510,0.847,0,0.0,0.0,21.32
2025-10-11 18:42:03,028,CDKL5_005_180_68,481,0.799,2,0.143,0.0,21.37
2025-10-11 18:52:06,028,CDKL5_005_180_68,538,0.894,0,0.0,0.0,21.4
2025-10-11 19:02:26,028,CDKL5_005_180_68,425,0.708,2,0.158,0.0,21.47
2025-10-11 19:12:30,028,CDKL5_005_180_68,494,0.822,0,0.0,0.0,21.5
2025-10-11 19:22:33,028,CDKL5_005_180_68,363,0.603,4,0.306,0.0,21.52
2025-10-11 19:32:36,028,CDKL5_005_180_68,251,0.418,6,0.489,0.0,21.53
2025-10-11 19:42:40,028,CDKL5_005_180_68,517,0.86,1,0.072,0.0,21.5
2025-10-11 19:52:43,028,CDKL5_005_180_68,359,0.597,3,0.251,0.0,21.62
2025-10-11 20:02:46,028,CDKL5_005_180_68,470,0.781,1,0.078,0.0,21.61
2025-10-11 20:12:49,028,CDKL5_005_180_68,392,0.651,2,0.169,0.0,21.66
2025-10-11 20:22:52,028,CDKL5_005_180_68,363,0.604,1,0.099,0.0,21.69
2025-10-11 20:32:56,028,CDKL5_005_180_68,478,0.794,0,0.0,0.0,21.65
2025-10-11 20:42:59,028,CDKL5_005_180_68,418,0.694,0,0.0,0.0,21.68
2025-10-11 20:53:02,028,CDKL5_005_180_68,358,0.596,0,0.0,0.0,21.64
2025-10-11 21:03:05,028,CDKL5_005_180_68,172,0.286,9,0.677,0.0,21.67
2025-10-11 21:13:08,028,CDKL5_005_180_68,405,0.673,1,0.09,0.0,21.64
2025-10-11 21:23:11,028,CDKL5_005_180_68,472,0.785,0,0.0,0.0,21.66
2025-10-11 21:33:14,028,CDKL5_005_180_68,274,0.456,4,0.369,0.0,21.64
2025-10-11 21:43:18,028,CDKL5_005_180_68,312,0.518,5,0.391,0.0,21.68
2025-10-11 21:53:21,028,CDKL5_005_180_68,197,0.328,7,0.587,0.0,21.59
2025-10-11 22:03:24,028,CDKL5_005_180_68,171,0.285,8,0.652,0.0,21.59
2025-10-11 22:13:27,028,CDKL5_005_180_68,404,0.671,0,0.0,0.0,21.6
2025-10-11 22:23:30,028,CDKL5_005_180_68,346,0.576,0,0.0,0.0,21.67
2025-10-11 22:33:34,028,CDKL5_005_180_68,420,0.699,0,0.0,0.0,21.65
2025-10-11 22:43:37,028,CDKL5_005_180_68,278,0.462,4,0.365,0.0,21.7
2025-10-11 22:53:40,028,CDKL5_005_180_68,70,0.116,8,0.821,0.0,21.62
2025-10-11 23:04:01,028,CDKL5_005_180_68,23,0.038,14,0.961,0.0,21.56
2025-10-11 23:14:03,028,CDKL5_005_180_68,0,0.0,15,1.0,0.0,21.43
2025-10-11 23:24:07,028,CDKL5_005_180_68,0,0.0,15,1.0,0.0,21.35
2025-10-11 23:34:10,028,CDKL5_005_180_68,0,0.0,15,1.0,0.0,21.27
2025-10-11 23:44:13,028,CDKL5_005_180_68,0,0.0,15,1.0,0.0,21.21
2025-10-11 23:54:16,028,CDKL5_005_180_68,0,0.0,15,1.0,0.0,21.19
2025-10-12 00:04:19,028,CDKL5_005_180_68,0,0.0,15,1.0,0.0,21.15
2025-10-12 00:14:22,028,CDKL5_005_180_68,0,0.0,15,1.0,0.0,21.13
2025-10-12 00:24:25,028,CDKL5_005_180_68,0,0.0,15,1.0,0.0,21.13
2025-10-12 00:34:28,028,CDKL5_005_180_68,0,0.0,15,1.0,0.0,21.11
2025-10-12 00:44:31,028,CDKL5_005_180_68,121,0.201,9,0.748,0.0,21.17
2025-10-12 00:54:34,028,CDKL5_005_180_68,397,0.661,1,0.092,0.0,21.29
2025-10-12 01:04:38,028,CDKL5_005_180_68,198,0.329,8,0.618,0.0,21.3
2025-10-12 01:14:41,028,CDKL5_005_180_68,299,0.497,4,0.349,0.0,21.53
2025-10-12 01:24:44,028,CDKL5_005_180_68,372,0.618,2,0.177,0.0,21.6
2025-10-12 01:34:47,028,CDKL5_005_180_68,207,0.345,7,0.575,0.0,21.6
2025-10-12 01:44:50,028,CDKL5_005_180_68,83,0.138,12,0.853,0.0,21.53
2025-10-12 01:54:53,028,CDKL5_005_180_68,376,0.625,1,0.096,0.0,21.59
2025-10-12 02:04:56,028,CDKL5_005_180_68,244,0.405,6,0.496,0.0,21.5
2025-10-12 02:14:59,028,CDKL5_005_180_68,123,0.205,7,0.695,0.0,21.45
2025-10-12 02:25:02,028,CDKL5_005_180_68,293,0.488,0,0.0,0.0,21.54
2025-10-12 02:35:05,028,CDKL5_005_180_68,83,0.138,11,0.841,0.0,21.44
2025-10-12 02:45:09,028,CDKL5_005_180_68,233,0.387,5,0.462,0.0,21.43
2025-10-12 02:55:12,028,CDKL5_005_180_68,394,0.654,0,0.0,0.0,21.48
2025-10-12 03:05:31,028,CDKL5_005_180_68,261,0.436,2,0.235,0.0,21.51
2025-10-12 03:15:35,028,CDKL5_005_180_68,199,0.331,3,0.376,0.0,21.49
2025-10-12 03:25:39,028,CDKL5_005_180_68,146,0.243,5,0.578,0.0,21.46
2025-10-12 03:35:42,028,CDKL5_005_180_68,142,0.236,9,0.717,0.0,21.45
2025-10-12 03:45:44,028,CDKL5_005_180_68,4,0.007,14,0.993,0.0,21.34
2025-10-12 03:55:48,028,CDKL5_005_180_68,24,0.04,12,0.952,0.0,21.29
2025-10-12 04:05:51,028,CDKL5_005_180_68,0,0.0,15,1.0,0.0,21.2
2025-10-12 04:15:54,028,CDKL5_005_180_68,1,0.002,14,0.998,0.0,21.14
2025-10-12 04:25:57,028,CDKL5_005_180_68,0,0.0,15,1.0,0.0,21.09
2025-10-12 04:36:00,028,CDKL5_005_180_68,0,0.0,15,1.0,0.0,21.04
2025-10-12 04:46:03,028,CDKL5_005_180_68,0,0.0,15,1.0,0.0,21.01
2025-10-12 04:56:06,028,CDKL5_005_180_68,0,0.0,15,1.0,0.0,20.98
2025-10-12 05:06:09,028,CDKL5_005_180_68,0,0.0,15,1.0,0.0,20.96
2025-10-12 05:16:12,028,CDKL5_005_180_68,0,0.0,15,1.0,0.0,20.93
2025-10-12 05:26:15,028,CDKL5_005_180_68,0,0.0,15,1.0,0.0,20.92
2025-10-12 05:36:19,028,CDKL5_005_180_68,0,0.0,15,1.0,0.0,20.92
2025-10-12 05:46:21,028,CDKL5_005_180_68,0,0.0,15,1.0,0.0,20.9
2025-10-12 05:56:24,028,CDKL5_005_180_68,210,0.349,6,0.533,0.0,21.04
2025-10-12 06:06:27,028,CDKL5_005_180_68,164,0.273,5,0.549,0.1656,21.1
2025-10-12 06:16:30,028,CDKL5_005_180_68,0,0.0,15,1.0,0.18,21.08
2025-10-12 06:26:34,028,CDKL5_005_180_68,0,0.0,15,1.0,0.1908,21.06
2025-10-12 06:36:37,028,CDKL5_005_180_68,0,0.0,15,1.0,0.18,21.02
2025-10-12 06:46:40,028,CDKL5_005_180_68,0,0.0,15,1.0,0.18,21.01
2025-10-12 06:56:43,028,CDKL5_005_180_68,0,0.0,15,1.0,0.1944,20.99
2025-10-12 07:07:03,028,CDKL5_005_180_68,0,0.0,15,1.0,0.1836,21.01
2025-10-12 07:17:05,028,CDKL5_005_180_68,0,0.0,15,1.0,0.18,20.97
2025-10-12 07:27:08,028,CDKL5_005_180_68,0,0.0,15,1.0,0.18,20.95
2025-10-12 07:37:10,028,CDKL5_005_180_68,0,0.0,15,1.0,0.1908,20.94
2025-10-12 07:47:13,028,CDKL5_005_180_68,0,0.0,15,1.0,0.18,20.92
2025-10-12 07:57:16,028,CDKL5_005_180_68,0,0.0,15,1.0,0.18,20.92
2025-10-12 08:07:20,028,CDKL5_005_180_68,0,0.0,15,1.0,0.1836,20.91
2025-10-12 08:17:23,028,CDKL5_005_180_68,0,0.0,15,1.0,0.18,20.91
2025-10-12 08:27:26,028,CDKL5_005_180_68,0,0.0,15,1.0,0.1836,20.9
2025-10-12 08:37:28,028,CDKL5_005_180_68,0,0.0,15,1.0,0.18,20.89
2025-10-12 08:47:32,028,CDKL5_005_180_68,0,0.0,15,1.0,0.18,20.88
2025-10-12 08:57:35,028,CDKL5_005_180_68,0,0.0,15,1.0,0.18,20.88
2025-10-12 09:07:38,028,CDKL5_005_180_68,0,0.0,15,1.0,0.18,20.87
2025-10-12 09:17:42,028,CDKL5_005_180_68,0,0.0,15,1.0,0.18,20.86
2025-10-12 09:27:45,028,CDKL5_005_180_68,0,0.0,15,1.0,0.18,20.85
2025-10-12 09:37:48,028,CDKL5_005_180_68,0,0.0,15,1.0,0.1836,20.85
2025-10-12 09:47:51,028,CDKL5_005_180_68,0,0.0,15,1.0,0.18,20.85
2025-10-12 09:57:54,028,CDKL5_005_180_68,0,0.0,15,1.0,0.18,20.85
2025-10-12 10:07:56,028,CDKL5_005_180_68,14,0.023,14,0.976,0.2016,20.86
2025-10-12 10:17:59,028,CDKL5_005_180_68,21,0.035,13,0.961,0.1872,20.88
2025-10-12 10:28:03,028,CDKL5_005_180_68,54,0.09,11,0.891,0.1872,20.92
2025-10-12 10:38:06,028,CDKL5_005_180_68,9,0.015,13,0.983,0.0936,20.96
2025-10-12 10:48:09,028,CDKL5_005_180_68,70,0.116,9,0.837,0.1656,20.99
2025-10-12 10:58:12,028,CDKL5_005_180_68,19,0.032,12,0.962,0.1764,21.01
2025-10-12 11:08:32,028,CDKL5_005_180_68,0,0.0,15,1.0,0.1764,21.03
2025-10-12 11:18:36,028,CDKL5_005_180_68,0,0.0,15,1.0,0.18,20.99
2025-10-12 11:28:39,028,CDKL5_005_180_68,0,0.0,15,1.0,0.1764,20.96
2025-10-12 11:38:42,028,CDKL5_005_180_68,0,0.0,15,1.0,0.1836,20.92
2025-10-12 11:48:45,028,CDKL5_005_180_68,0,0.0,15,1.0,0.1728,20.89
2025-10-12 11:58:48,028,CDKL5_005_180_68,0,0.0,15,1.0,0.1728,20.87
2025-10-12 12:08:51,028,CDKL5_005_180_68,0,0.0,15,1.0,0.1728,20.86
2025-10-12 12:18:54,028,CDKL5_005_180_68,0,0.0,15,1.0,0.1836,20.84
2025-10-12 12:28:57,028,CDKL5_005_180_68,0,0.0,15,1.0,0.1764,20.84
2025-10-12 12:39:00,028,CDKL5_005_180_68,0,0.0,15,1.0,0.1836,20.82
2025-10-12 12:49:03,028,CDKL5_005_180_68,0,0.0,15,1.0,0.1836,20.82
2025-10-12 12:59:06,028,CDKL5_005_180_68,0,0.0,15,1.0,0.1836,20.8
2025-10-12 13:09:08,028,CDKL5_005_180_68,0,0.0,15,1.0,0.1836,20.8
2025-10-12 13:19:11,028,CDKL5_005_180_68,21,0.035,12,0.958,0.1728,20.8
2025-10-12 13:29:15,028,CDKL5_005_180_68,0,0.0,15,1.0,0.1836,20.81
2025-10-12 13:39:18,028,CDKL5_005_180_68,0,0.0,15,1.0,0.1728,20.81
2025-10-12 13:49:21,028,CDKL5_005_180_68,0,0.0,15,1.0,0.1836,20.81
2025-10-12 13:59:24,028,CDKL5_005_180_68,0,0.0,15,1.0,0.1728,20.79
2025-10-12 14:09:28,028,CDKL5_005_180_68,0,0.0,15,1.0,0.1728,20.79
2025-10-12 14:19:31,028,CDKL5_005_180_68,0,0.0,15,1.0,0.1728,20.78
2025-10-12 14:29:34,028,CDKL5_005_180_68,0,0.0,15,1.0,0.1728,20.77
2025-10-12 14:39:37,028,CDKL5_005_180_68,0,0.0,15,1.0,0.1728,20.76
2025-10-12 14:49:40,028,CDKL5_005_180_68,0,0.0,15,1.0,0.1728,20.77
2025-10-12 14:59:43,028,CDKL5_005_180_68,0,0.0,15,1.0,0.1836,20.76
2025-10-12 15:10:01,028,CDKL5_005_180_68,0,0.0,15,1.0,0.1728,20.79
2025-10-12 15:20:04,028,CDKL5_005_180_68,0,0.0,15,1.0,0.1836,20.79
2025-10-12 15:30:07,028,CDKL5_005_180_68,0,0.0,15,1.0,0.1836,20.78
2025-10-12 15:40:10,028,CDKL5_005_180_68,1,0.002,14,0.998,0.1656,20.8
2025-10-12 15:50:13,028,CDKL5_005_180_68,54,0.09,10,0.881,0.18,20.83
2025-10-12 16:00:16,028,CDKL5_005_180_68,0,0.0,15,1.0,0.1836,20.84
2025-10-12 16:10:19,028,CDKL5_005_180_68,0,0.0,15,1.0,0.1836,20.83
2025-10-12 16:20:22,028,CDKL5_005_180_68,0,0.0,15,1.0,0.18,20.84
2025-10-12 16:30:25,028,CDKL5_005_180_68,0,0.0,15,1.0,0.1836,20.82
2025-10-12 16:40:28,028,CDKL5_005_180_68,0,0.0,15,1.0,0.1836,20.82
2025-10-12 16:50:31,028,CDKL5_005_180_68,0,0.0,15,1.0,0.18,20.81
2025-10-12 17:00:34,028,CDKL5_005_180_68,0,0.0,15,1.0,0.18,20.8
2025-10-12 17:10:37,028,CDKL5_005_180_68,0,0.0,15,1.0,0.18,20.81
2025-10-12 17:20:39,028,CDKL5_005_180_68,46,0.077,11,0.905,0.1944,20.85
2025-10-12 17:30:43,028,CDKL5_005_180_68,0,0.0,15,1.0,0.1944,20.84
2025-10-12 17:40:47,028,CDKL5_005_180_68,0,0.0,15,1.0,0.1944,20.82
2025-10-12 17:50:50,028,CDKL5_005_180_68,0,0.0,15,1.0,0.1944,20.81
2025-10-12 18:00:53,028,CDKL5_005_180_68,76,0.126,11,0.853,0.0,20.84
2025-10-12 18:10:57,028,CDKL5_005_180_68,539,0.897,0,0.0,0.0,20.94
2025-10-12 18:21:00,028,CDKL5_005_180_68,491,0.817,1,0.075,0.0,21.08
2025-10-12 18:31:04,028,CDKL5_005_180_68,521,0.865,0,0.0,0.0,21.23
2025-10-12 18:41:07,028,CDKL5_005_180_68,453,0.754,1,0.081,0.0,21.28
2025-10-12 18:51:10,028,CDKL5_005_180_68,472,0.784,2,0.145,0.0,21.29
2025-10-12 19:01:13,028,CDKL5_005_180_68,457,0.759,1,0.08,0.0,21.31
2025-10-12 19:11:26,028,CDKL5_005_180_68,326,0.543,3,0.269,0.0,21.38
2025-10-12 19:21:29,028,CDKL5_005_180_68,433,0.722,2,0.156,0.0,21.45
2025-10-12 19:31:32,028,CDKL5_005_180_68,464,0.771,0,0.0,0.0,21.54
2025-10-12 19:41:36,028,CDKL5_005_180_68,468,0.777,1,0.079,0.0,21.51
2025-10-12 19:51:38,028,CDKL5_005_180_68,316,0.526,5,0.388,0.0,21.51
2025-10-12 20:01:41,028,CDKL5_005_180_68,438,0.729,2,0.154,0.0,21.55
2025-10-12 20:11:44,028,CDKL5_005_180_68,413,0.687,2,0.162,0.0,21.55
2025-10-12 20:21:48,028,CDKL5_005_180_68,262,0.435,6,0.478,0.0,21.54
2025-10-12 20:31:51,028,CDKL5_005_180_68,456,0.757,1,0.081,0.0,21.53
2025-10-12 20:41:54,028,CDKL5_005_180_68,463,0.769,0,0.0,0.0,21.54
2025-10-12 20:51:57,028,CDKL5_005_180_68,211,0.351,8,0.603,0.0,21.52
2025-10-12 21:02:01,028,CDKL5_005_180_68,415,0.691,2,0.162,0.0,21.57
2025-10-12 21:12:03,028,CDKL5_005_180_68,372,0.619,3,0.244,0.0,21.59
2025-10-12 21:22:07,028,CDKL5_005_180_68,160,0.266,9,0.692,0.0,21.59
2025-10-12 21:32:09,028,CDKL5_005_180_68,70,0.116,10,0.851,0.0,21.52
2025-10-12 21:42:13,028,CDKL5_005_180_68,50,0.083,12,0.906,0.0,21.49
2025-10-12 21:52:16,028,CDKL5_005_180_68,0,0.0,15,1.0,0.0,21.42
2025-10-12 22:02:19,028,CDKL5_005_180_68,0,0.0,15,1.0,0.0,21.36
2025-10-12 22:12:22,028,CDKL5_005_180_68,0,0.0,15,1.0,0.0,21.31
2025-10-12 22:22:25,028,CDKL5_005_180_68,1,0.002,14,0.998,0.0,21.25
2025-10-12 22:32:28,028,CDKL5_005_180_68,3,0.005,14,0.995,0.0,21.23
2025-10-12 22:42:31,028,CDKL5_005_180_68,1,0.002,15,0.998,0.0,21.21
2025-10-12 22:52:34,028,CDKL5_005_180_68,129,0.214,10,0.756,0.0,21.32
2025-10-12 23:02:37,028,CDKL5_005_180_68,118,0.196,10,0.772,0.0,21.3
2025-10-12 23:12:56,028,CDKL5_005_180_68,214,0.357,8,0.599,0.0,21.35
2025-10-12 23:22:59,028,CDKL5_005_180_68,221,0.368,4,0.42,0.0,21.36
2025-10-12 23:33:03,028,CDKL5_005_180_68,151,0.251,9,0.705,0.0,21.41
2025-10-12 23:43:06,028,CDKL5_005_180_68,287,0.478,3,0.295,0.0,21.44
2025-10-12 23:53:09,028,CDKL5_005_180_68,205,0.341,6,0.539,0.0,21.44
2025-10-11 00:06:27,019,CDKL5_005_180_69,246,0.409,5,0.448,0.0,21.61
2025-10-11 00:16:29,019,CDKL5_005_180_69,209,0.348,5,0.489,0.0,21.66
2025-10-11 00:26:32,019,CDKL5_005_180_69,194,0.323,5,0.508,0.0,21.69
2025-10-11 00:36:35,019,CDKL5_005_180_69,171,0.285,5,0.539,0.0,21.76
2025-10-11 00:46:38,019,CDKL5_005_180_69,141,0.235,6,0.63,0.0,21.73
2025-10-11 00:56:41,019,CDKL5_005_180_69,5,0.008,14,0.991,0.0,21.68
2025-10-11 01:06:43,019,CDKL5_005_180_69,0,0.0,15,1.0,0.0,21.62
2025-10-11 01:16:46,019,CDKL5_005_180_69,0,0.0,15,1.0,0.0,21.56
2025-10-11 01:26:49,019,CDKL5_005_180_69,0,0.0,15,1.0,0.0,21.52
2025-10-11 01:36:52,019,CDKL5_005_180_69,0,0.0,15,1.0,0.0,21.48
2025-10-11 01:46:55,019,CDKL5_005_180_69,2,0.003,14,0.996,0.0,21.46
2025-10-11 01:56:58,019,CDKL5_005_180_69,0,0.0,15,1.0,0.0,21.43
2025-10-11 02:07:00,019,CDKL5_005_180_69,10,0.017,14,0.982,0.0,21.42
2025-10-11 02:17:03,019,CDKL5_005_180_69,0,0.0,15,1.0,0.0,21.41
2025-10-11 02:27:05,019,CDKL5_005_180_69,0,0.0,15,1.0,0.0,21.38
2025-10-11 02:37:36,019,CDKL5_005_180_69,0,0.0,14,1.0,0.0,21.44
2025-10-11 02:47:40,019,CDKL5_005_180_69,0,0.0,15,1.0,0.0,21.39
2025-10-11 02:57:42,019,CDKL5_005_180_69,9,0.015,14,0.984,0.0,21.4
2025-10-11 03:07:41,019,CDKL5_005_180_69,78,0.131,9,0.822,0.0,21.43
2025-10-11 03:17:44,019,CDKL5_005_180_69,0,0.0,15,1.0,0.0,21.41
2025-10-11 03:27:47,019,CDKL5_005_180_69,0,0.0,15,1.0,0.0,21.37
2025-10-11 03:37:49,019,CDKL5_005_180_69,94,0.156,11,0.824,0.0,21.41
2025-10-11 03:47:52,019,CDKL5_005_180_69,132,0.22,8,0.708,0.0,21.45
2025-10-11 03:57:55,019,CDKL5_005_180_69,104,0.173,8,0.755,0.0,21.49
2025-10-11 04:07:58,019,CDKL5_005_180_69,208,0.346,5,0.49,0.0,21.63
2025-10-11 04:18:01,019,CDKL5_005_180_69,155,0.258,9,0.699,0.0,21.6
2025-10-11 04:28:03,019,CDKL5_005_180_69,65,0.108,9,0.847,0.0,21.58
2025-10-11 04:38:06,019,CDKL5_005_180_69,87,0.145,10,0.821,0.0,21.55
2025-10-11 04:48:09,019,CDKL5_005_180_69,1,0.002,14,0.998,0.0,21.48
2025-10-11 04:58:12,019,CDKL5_005_180_69,0,0.0,15,1.0,0.0,21.43
2025-10-11 05:08:15,019,CDKL5_005_180_69,1,0.002,14,0.998,0.0,21.39
2025-10-11 05:18:18,019,CDKL5_005_180_69,0,0.0,15,1.0,0.0,21.35
2025-10-11 05:28:21,019,CDKL5_005_180_69,115,0.191,7,0.709,0.0,21.39
2025-10-11 05:38:24,019,CDKL5_005_180_69,151,0.251,5,0.57,0.0,21.44
2025-10-11 05:48:27,019,CDKL5_005_180_69,0,0.0,15,1.0,0.0,21.41
2025-10-11 05:58:30,019,CDKL5_005_180_69,0,0.0,15,1.0,0.0,21.37
2025-10-11 06:08:33,019,CDKL5_005_180_69,0,0.0,15,1.0,0.2664,21.34
2025-10-11 06:18:35,019,CDKL5_005_180_69,0,0.0,15,1.0,0.2664,21.32
2025-10-11 06:28:38,019,CDKL5_005_180_69,0,0.0,15,1.0,0.2664,21.3
2025-10-11 06:39:02,019,CDKL5_005_180_69,1,0.002,14,0.998,0.2664,21.33
2025-10-11 06:49:04,019,CDKL5_005_180_69,1,0.002,14,0.998,0.27,21.29
2025-10-11 06:59:07,019,CDKL5_005_180_69,0,0.0,15,1.0,0.2592,21.27
2025-10-11 07:09:10,019,CDKL5_005_180_69,3,0.005,14,0.995,0.2592,21.28
2025-10-11 07:19:12,019,CDKL5_005_180_69,0,0.0,15,1.0,0.2664,21.3
2025-10-11 07:29:15,019,CDKL5_005_180_69,0,0.0,15,1.0,0.27,21.3
2025-10-11 07:39:19,019,CDKL5_005_180_69,1,0.002,14,0.998,0.27,21.31
2025-10-11 07:49:21,019,CDKL5_005_180_69,0,0.0,15,1.0,0.27,21.3
2025-10-11 07:59:25,019,CDKL5_005_180_69,0,0.0,15,1.0,0.27,21.3
2025-10-11 08:09:27,019,CDKL5_005_180_69,1,0.002,14,0.998,0.2664,21.3
2025-10-11 08:19:29,019,CDKL5_005_180_69,0,0.0,15,1.0,0.27,21.29
2025-10-11 08:29:32,019,CDKL5_005_180_69,0,0.0,15,1.0,0.2592,21.29
2025-10-11 08:39:35,019,CDKL5_005_180_69,0,0.0,15,1.0,0.27,21.28
2025-10-11 08:49:38,019,CDKL5_005_180_69,2,0.003,14,0.996,0.27,21.28
2025-10-11 08:59:40,019,CDKL5_005_180_69,0,0.0,15,1.0,0.2592,21.27
2025-10-11 09:09:40,019,CDKL5_005_180_69,0,0.0,14,1.0,0.2628,21.27
2025-10-11 09:19:43,019,CDKL5_005_180_69,3,0.005,14,0.995,0.2628,21.3
2025-10-11 09:29:46,019,CDKL5_005_180_69,67,0.111,8,0.827,0.2268,21.33
2025-10-11 09:39:49,019,CDKL5_005_180_69,2,0.003,14,0.996,0.2268,21.3
2025-10-11 09:49:52,019,CDKL5_005_180_69,1,0.002,15,0.998,0.2268,21.28
2025-10-11 09:59:55,019,CDKL5_005_180_69,8,0.013,14,0.986,0.2376,21.26
2025-10-11 10:09:57,019,CDKL5_005_180_69,1,0.002,14,0.998,0.2376,21.25
2025-10-11 10:19:59,019,CDKL5_005_180_69,0,0.0,15,1.0,0.2448,21.23
2025-10-11 10:30:02,019,CDKL5_005_180_69,1,0.002,15,0.998,0.2376,21.22
2025-10-11 10:40:33,019,CDKL5_005_180_69,0,0.0,14,1.0,0.2376,21.26
2025-10-11 10:50:35,019,CDKL5_005_180_69,0,0.0,15,1.0,0.2232,21.22
2025-10-11 11:00:37,019,CDKL5_005_180_69,1,0.002,14,0.998,0.2232,21.2
2025-10-11 11:10:40,019,CDKL5_005_180_69,0,0.0,15,1.0,0.2232,21.16
2025-10-11 11:20:43,019,CDKL5_005_180_69,1,0.002,14,0.998,0.2232,21.14
2025-10-11 11:30:45,019,CDKL5_005_180_69,1,0.002,15,0.998,0.2304,21.13
2025-10-11 11:40:47,019,CDKL5_005_180_69,11,0.018,12,0.978,0.2376,21.12
2025-10-11 11:50:50,019,CDKL5_005_180_69,0,0.0,15,1.0,0.2376,21.12
2025-10-11 12:00:53,019,CDKL5_005_180_69,2,0.003,14,0.996,0.2376,21.1
2025-10-11 12:10:56,019,CDKL5_005_180_69,1,0.002,14,0.998,0.2412,21.09
2025-10-11 12:20:59,019,CDKL5_005_180_69,0,0.0,15,1.0,0.2412,21.09
2025-10-11 12:31:01,019,CDKL5_005_180_69,1,0.002,14,0.998,0.2376,21.09
2025-10-11 12:41:04,019,CDKL5_005_180_69,1,0.002,14,0.998,0.252,21.09
2025-10-11 12:51:07,019,CDKL5_005_180_69,2,0.003,14,0.996,0.252,21.08
2025-10-11 13:01:10,019,CDKL5_005_180_69,1,0.002,14,0.998,0.2376,21.07
2025-10-11 13:11:13,019,CDKL5_005_180_69,1,0.002,14,0.998,0.2484,21.07
2025-10-11 13:21:15,019,CDKL5_005_180_69,8,0.013,13,0.985,0.2412,21.07
2025-10-11 13:31:18,019,CDKL5_005_180_69,23,0.038,11,0.95,0.2412,21.09
2025-10-11 13:41:21,019,CDKL5_005_180_69,0,0.0,15,1.0,0.2304,21.09
2025-10-11 13:51:24,019,CDKL5_005_180_69,1,0.002,14,0.998,0.2412,21.07
2025-10-11 14:01:26,019,CDKL5_005_180_69,0,0.0,15,1.0,0.2304,21.06
2025-10-11 14:11:29,019,CDKL5_005_180_69,0,0.0,15,1.0,0.234,21.04
2025-10-11 14:21:32,019,CDKL5_005_180_69,1,0.002,14,0.998,0.2412,21.02
2025-10-11 14:31:35,019,CDKL5_005_180_69,0,0.0,15,1.0,0.2412,21.03
2025-10-11 14:41:53,019,CDKL5_005_180_69,1,0.002,14,0.998,0.234,21.05
2025-10-11 14:51:56,019,CDKL5_005_180_69,1,0.002,14,0.998,0.234,21.03
2025-10-11 15:01:58,019,CDKL5_005_180_69,1,0.002,14,0.998,0.2412,21.02
2025-10-11 15:12:01,019,CDKL5_005_180_69,1,0.002,14,0.998,0.234,21.01
2025-10-11 15:22:04,019,CDKL5_005_180_69,2,0.003,13,0.996,0.2304,21.03
2025-10-11 15:32:07,019,CDKL5_005_180_69,29,0.048,10,0.932,0.1872,21.05
2025-10-11 15:42:10,019,CDKL5_005_180_69,37,0.062,5,0.844,0.216,21.08
2025-10-11 15:52:13,019,CDKL5_005_180_69,2,0.003,14,0.996,0.216,21.09
2025-10-11 16:02:15,019,CDKL5_005_180_69,1,0.002,14,0.998,0.2196,21.09
2025-10-11 16:12:18,019,CDKL5_005_180_69,3,0.005,13,0.994,0.2268,21.08
2025-10-11 16:22:21,019,CDKL5_005_180_69,1,0.002,14,0.998,0.2412,21.07
2025-10-11 16:32:23,019,CDKL5_005_180_69,2,0.003,14,0.996,0.2412,21.07
2025-10-11 16:42:26,019,CDKL5_005_180_69,1,0.002,14,0.998,0.234,21.07
2025-10-11 16:52:29,019,CDKL5_005_180_69,1,0.002,14,0.998,0.2232,21.09
2025-10-11 17:02:32,019,CDKL5_005_180_69,50,0.083,11,0.898,0.2376,21.16
2025-10-11 17:12:34,019,CDKL5_005_180_69,1,0.002,14,0.998,0.2376,21.16
2025-10-11 17:22:36,019,CDKL5_005_180_69,0,0.0,15,1.0,0.2232,21.16
2025-10-11 17:32:39,019,CDKL5_005_180_69,1,0.002,14,0.998,0.2304,21.15
2025-10-11 17:42:41,019,CDKL5_005_180_69,3,0.005,14,0.995,0.2232,21.14
2025-10-11 17:52:43,019,CDKL5_005_180_69,10,0.017,13,0.981,0.216,21.18
2025-10-11 18:02:45,019,CDKL5_005_180_69,271,0.452,1,0.129,0.0,21.27
2025-10-11 18:12:48,019,CDKL5_005_180_69,359,0.597,0,0.0,0.0,21.36
2025-10-11 18:22:50,019,CDKL5_005_180_69,266,0.443,3,0.311,0.0,21.44
2025-10-11 18:32:53,019,CDKL5_005_180_69,317,0.527,1,0.112,0.0,21.51
2025-10-11 18:43:26,019,CDKL5_005_180_69,70,0.117,11,0.863,0.0,21.58
2025-10-11 18:53:29,019,CDKL5_005_180_69,368,0.611,0,0.0,0.0,21.98
2025-10-11 19:03:32,019,CDKL5_005_180_69,257,0.428,3,0.318,0.0,22.01
2025-10-11 19:13:35,019,CDKL5_005_180_69,237,0.394,4,0.403,0.0,21.94
2025-10-11 19:23:38,019,CDKL5_005_180_69,129,0.215,10,0.756,0.0,21.84
2025-10-11 19:33:41,019,CDKL5_005_180_69,281,0.468,2,0.222,0.0,21.86
2025-10-11 19:43:43,019,CDKL5_005_180_69,152,0.253,6,0.612,0.0,21.86
2025-10-11 19:53:46,019,CDKL5_005_180_69,204,0.339,7,0.579,0.0,21.9
2025-10-11 20:03:49,019,CDKL5_005_180_69,294,0.489,3,0.29,0.0,21.87
2025-10-11 20:13:52,019,CDKL5_005_180_69,284,0.473,2,0.22,0.0,21.86
2025-10-11 20:23:52,019,CDKL5_005_180_69,301,0.503,1,0.117,0.0,21.92
2025-10-11 20:33:52,019,CDKL5_005_180_69,289,0.484,2,0.217,0.0,21.92
2025-10-11 20:43:54,019,CDKL5_005_180_69,208,0.346,5,0.49,0.0,21.97
2025-10-11 20:53:57,019,CDKL5_005_180_69,226,0.376,5,0.469,0.0,21.89
2025-10-11 21:04:00,019,CDKL5_005_180_69,221,0.368,2,0.266,0.0,21.82
2025-10-11 21:14:03,019,CDKL5_005_180_69,36,0.06,9,0.909,0.0,21.71
2025-10-11 21:24:06,019,CDKL5_005_180_69,126,0.21,6,0.656,0.0,21.65
2025-10-11 21:34:08,019,CDKL5_005_180_69,286,0.476,1,0.123,0.0,21.67
2025-10-11 21:44:11,019,CDKL5_005_180_69,297,0.494,0,0.0,0.0,21.72
2025-10-11 21:54:14,019,CDKL5_005_180_69,237,0.394,3,0.336,0.0,21.71
2025-10-11 22:04:16,019,CDKL5_005_180_69,267,0.445,4,0.375,0.0,21.74
2025-10-11 22:14:16,019,CDKL5_005_180_69,143,0.239,5,0.583,0.0,21.69
2025-10-11 22:24:19,019,CDKL5_005_180_69,81,0.135,8,0.798,0.0,21.61
2025-10-11 22:34:22,019,CDKL5_005_180_69,27,0.045,11,0.942,0.0,21.53
2025-10-11 22:44:59,019,CDKL5_005_180_69,2,0.003,13,0.996,0.0,21.54
2025-10-11 22:55:02,019,CDKL5_005_180_69,0,0.0,15,1.0,0.0,21.46
2025-10-11 23:05:04,019,CDKL5_005_180_69,1,0.002,14,0.998,0.0,21.41
2025-10-11 23:15:07,019,CDKL5_005_180_69,0,0.0,15,1.0,0.0,21.36
2025-10-11 23:25:10,019,CDKL5_005_180_69,2,0.003,14,0.996,0.0,21.34
2025-10-11 23:35:13,019,CDKL5_005_180_69,0,0.0,15,1.0,0.0,21.33
2025-10-11 23:45:16,019,CDKL5_005_180_69,0,0.0,15,1.0,0.0,21.31
2025-10-11 23:55:18,019,CDKL5_005_180_69,0,0.0,15,1.0,0.0,21.31
2025-10-12 00:05:22,019,CDKL5_005_180_69,22,0.037,12,0.956,0.0,21.32
2025-10-12 00:15:24,019,CDKL5_005_180_69,204,0.339,6,0.541,0.0,21.42
2025-10-12 00:25:27,019,CDKL5_005_180_69,118,0.197,10,0.772,0.0,21.41
2025-10-12 00:35:30,019,CDKL5_005_180_69,257,0.428,3,0.318,0.0,21.61
2025-10-12 00:45:33,019,CDKL5_005_180_69,278,0.463,3,0.302,0.0,21.62
2025-10-12 00:55:35,019,CDKL5_005_180_69,131,0.218,5,0.604,0.0,21.6
2025-10-12 01:05:38,019,CDKL5_005_180_69,238,0.396,4,0.402,0.0,21.71
2025-10-12 01:15:40,019,CDKL5_005_180_69,36,0.06,11,0.924,0.0,21.61
2025-10-12 01:25:43,019,CDKL5_005_180_69,2,0.003,14,0.996,0.0,21.52
2025-10-12 01:35:45,019,CDKL5_005_180_69,1,0.002,14,0.998,0.0,21.44
2025-10-12 01:45:48,019,CDKL5_005_180_69,2,0.003,13,0.996,0.0,21.38
2025-10-12 01:55:51,019,CDKL5_005_180_69,1,0.002,14,0.998,0.0,21.33
2025-10-12 02:05:53,019,CDKL5_005_180_69,0,0.0,15,1.0,0.0,21.3
2025-10-12 02:15:55,019,CDKL5_005_180_69,0,0.0,15,1.0,0.0,21.27
2025-10-12 02:25:57,019,CDKL5_005_180_69,0,0.0,15,1.0,0.0,21.27
2025-10-12 02:36:00,019,CDKL5_005_180_69,1,0.002,14,0.998,0.0,21.25
2025-10-12 02:46:37,019,CDKL5_005_180_69,1,0.002,14,0.998,0.0,21.34
2025-10-12 02:56:39,019,CDKL5_005_180_69,87,0.145,9,0.805,0.0,21.3
2025-10-12 03:06:39,019,CDKL5_005_180_69,1,0.002,14,0.998,0.0,21.27
2025-10-12 03:16:41,019,CDKL5_005_180_69,3,0.005,14,0.995,0.0,21.26
2025-10-12 03:26:43,019,CDKL5_005_180_69,8,0.013,14,0.986,0.0,21.27
2025-10-12 03:36:46,019,CDKL5_005_180_69,204,0.339,6,0.541,0.0,21.35
2025-10-12 03:46:50,019,CDKL5_005_180_69,167,0.278,8,0.657,0.0,21.45
2025-10-12 03:56:52,019,CDKL5_005_180_69,183,0.304,2,0.304,0.0,21.53
2025-10-12 04:06:55,019,CDKL5_005_180_69,31,0.052,12,0.939,0.0,21.46
2025-10-12 04:16:57,019,CDKL5_005_180_69,2,0.003,13,0.996,0.0,21.4
2025-10-12 04:26:59,019,CDKL5_005_180_69,0,0.0,15,1.0,0.0,21.35
2025-10-12 04:37:01,019,CDKL5_005_180_69,0,0.0,15,1.0,0.0,21.32
2025-10-12 04:47:04,019,CDKL5_005_180_69,1,0.002,14,0.998,0.0,21.28
2025-10-12 04:57:07,019,CDKL5_005_180_69,109,0.181,9,0.768,0.0,21.35
2025-10-12 05:07:10,019,CDKL5_005_180_69,190,0.316,6,0.558,0.0,21.44
2025-10-12 05:17:13,019,CDKL5_005_180_69,109,0.181,9,0.768,0.0,21.43
2025-10-12 05:27:15,019,CDKL5_005_180_69,232,0.386,4,0.408,0.0,21.48
2025-10-12 05:37:18,019,CDKL5_005_180_69,43,0.072,12,0.918,0.0,21.46
2025-10-12 05:47:21,019,CDKL5_005_180_69,3,0.005,14,0.995,0.0,21.38
2025-10-12 05:57:23,019,CDKL5_005_180_69,0,0.0,15,1.0,0.0,21.34
2025-10-12 06:07:26,019,CDKL5_005_180_69,1,0.002,14,0.998,0.2232,21.3
2025-10-12 06:17:29,019,CDKL5_005_180_69,1,0.002,14,0.998,0.234,21.26
2025-10-12 06:27:32,019,CDKL5_005_180_69,1,0.002,14,0.998,0.2232,21.24
2025-10-12 06:37:35,019,CDKL5_005_180_69,0,0.0,15,1.0,0.2232,21.24
2025-10-12 06:48:02,019,CDKL5_005_180_69,1,0.002,14,0.998,0.2232,21.26
2025-10-12 06:58:05,019,CDKL5_005_180_69,0,0.0,15,1.0,0.2232,21.24
2025-10-12 07:08:07,019,CDKL5_005_180_69,0,0.0,15,1.0,0.2232,21.23
2025-10-12 07:18:09,019,CDKL5_005_180_69,0,0.0,15,1.0,0.2232,21.21
2025-10-12 07:28:12,019,CDKL5_005_180_69,0,0.0,15,1.0,0.2232,21.21
2025-10-12 07:38:15,019,CDKL5_005_180_69,0,0.0,15,1.0,0.2268,21.2
2025-10-12 07:48:18,019,CDKL5_005_180_69,1,0.002,14,0.998,0.2232,21.19
2025-10-12 07:58:21,019,CDKL5_005_180_69,0,0.0,15,1.0,0.2304,21.19
2025-10-12 08:08:24,019,CDKL5_005_180_69,4,0.007,13,0.992,0.2304,21.19
2025-10-12 08:18:26,019,CDKL5_005_180_69,0,0.0,15,1.0,0.2232,21.19
2025-10-12 08:28:28,019,CDKL5_005_180_69,0,0.0,15,1.0,0.2232,21.18
2025-10-12 08:38:31,019,CDKL5_005_180_69,0,0.0,15,1.0,0.2268,21.16
2025-10-12 08:48:34,019,CDKL5_005_180_69,0,0.0,15,1.0,0.2268,21.17
2025-10-12 08:58:37,019,CDKL5_005_180_69,0,0.0,15,1.0,0.2232,21.16
2025-10-12 09:08:39,019,CDKL5_005_180_69,1,0.002,14,0.998,0.2232,21.16
2025-10-12 09:18:42,019,CDKL5_005_180_69,0,0.0,15,1.0,0.2268,21.16
2025-10-12 09:28:45,019,CDKL5_005_180_69,0,0.0,15,1.0,0.2232,21.14
2025-10-12 09:38:48,019,CDKL5_005_180_69,1,0.002,14,0.998,0.2268,21.15
2025-10-12 09:48:50,019,CDKL5_005_180_69,16,0.027,12,0.968,0.2232,21.18
2025-10-12 09:58:53,019,CDKL5_005_180_69,1,0.002,14,0.998,0.2268,21.18
2025-10-12 10:08:56,019,CDKL5_005_180_69,3,0.005,14,0.995,0.2448,21.18
2025-10-12 10:18:59,019,CDKL5_005_180_69,0,0.0,15,1.0,0.2376,21.17
2025-10-12 10:29:02,019,CDKL5_005_180_69,2,0.003,14,0.996,0.2304,21.17
2025-10-12 10:39:04,019,CDKL5_005_180_69,1,0.002,14,0.998,0.2304,21.16
2025-10-12 10:49:33,019,CDKL5_005_180_69,0,0.0,14,1.0,0.2232,21.22
2025-10-12 10:59:36,019,CDKL5_005_180_69,1,0.002,14,0.998,0.2232,21.19
2025-10-12 11:09:39,019,CDKL5_005_180_69,4,0.007,13,0.992,0.2232,21.2
2025-10-12 11:19:41,019,CDKL5_005_180_69,69,0.115,9,0.839,0.1872,21.21
2025-10-12 11:29:44,019,CDKL5_005_180_69,47,0.078,9,0.885,0.198,21.22
2025-10-12 11:39:46,019,CDKL5_005_180_69,0,0.0,15,1.0,0.1944,21.2
2025-10-12 11:49:49,019,CDKL5_005_180_69,1,0.002,14,0.998,0.2016,21.17
2025-10-12 11:59:52,019,CDKL5_005_180_69,0,0.0,15,1.0,0.1944,21.16
2025-10-12 12:09:54,019,CDKL5_005_180_69,0,0.0,15,1.0,0.198,21.14
2025-10-12 12:19:56,019,CDKL5_005_180_69,0,0.0,15,1.0,0.198,21.12
2025-10-12 12:29:59,019,CDKL5_005_180_69,0,0.0,15,1.0,0.198,21.11
2025-10-12 12:40:02,019,CDKL5_005_180_69,1,0.002,14,0.998,0.198,21.1
2025-10-12 12:50:04,019,CDKL5_005_180_69,0,0.0,15,1.0,0.198,21.11
2025-10-12 13:00:06,019,CDKL5_005_180_69,0,0.0,15,1.0,0.198,21.1
2025-10-12 13:10:09,019,CDKL5_005_180_69,0,0.0,15,1.0,0.1944,21.08
2025-10-12 13:20:12,019,CDKL5_005_180_69,2,0.003,14,0.996,0.2124,21.08
2025-10-12 13:30:15,019,CDKL5_005_180_69,0,0.0,15,1.0,0.2052,21.08
2025-10-12 13:40:18,019,CDKL5_005_180_69,0,0.0,15,1.0,0.2052,21.06
2025-10-12 13:50:20,019,CDKL5_005_180_69,8,0.013,13,0.985,0.198,21.07
2025-10-12 14:00:23,019,CDKL5_005_180_69,20,0.033,13,0.963,0.2016,21.09
2025-10-12 14:10:26,019,CDKL5_005_180_69,2,0.003,14,0.996,0.2016,21.08
2025-10-12 14:20:29,019,CDKL5_005_180_69,1,0.002,14,0.998,0.2016,21.07
2025-10-12 14:30:32,019,CDKL5_005_180_69,0,0.0,15,1.0,0.2016,21.05
2025-10-12 14:40:35,019,CDKL5_005_180_69,1,0.002,14,0.998,0.2016,21.05
2025-10-12 14:51:00,019,CDKL5_005_180_69,0,0.0,14,1.0,0.2052,21.08
2025-10-12 15:01:02,019,CDKL5_005_180_69,0,0.0,15,1.0,0.2016,21.07
2025-10-12 15:11:05,019,CDKL5_005_180_69,0,0.0,15,1.0,0.2016,21.06
2025-10-12 15:21:07,019,CDKL5_005_180_69,1,0.002,14,0.998,0.2016,21.05
2025-10-12 15:31:11,019,CDKL5_005_180_69,2,0.003,14,0.996,0.2088,21.05
2025-10-12 15:41:14,019,CDKL5_005_180_69,0,0.0,15,1.0,0.2124,21.07
2025-10-12 15:51:16,019,CDKL5_005_180_69,0,0.0,15,1.0,0.2088,21.06
2025-10-12 16:01:19,019,CDKL5_005_180_69,1,0.002,14,0.998,0.2124,21.07
2025-10-12 16:11:22,019,CDKL5_005_180_69,0,0.0,15,1.0,0.2016,21.09
2025-10-12 16:21:22,019,CDKL5_005_180_69,3,0.005,14,0.995,0.2088,21.1
2025-10-12 16:31:25,019,CDKL5_005_180_69,45,0.075,10,0.899,0.3168,21.12
2025-10-12 16:41:28,019,CDKL5_005_180_69,1,0.002,14,0.998,0.3168,21.12
2025-10-12 16:51:30,019,CDKL5_005_180_69,0,0.0,15,1.0,0.3204,21.12
2025-10-12 17:01:33,019,CDKL5_005_180_69,0,0.0,15,1.0,0.3168,21.11
2025-10-12 17:11:35,019,CDKL5_005_180_69,0,0.0,15,1.0,0.3204,21.1
2025-10-12 17:21:38,019,CDKL5_005_180_69,1,0.002,14,0.998,0.3384,21.09
2025-10-12 17:31:40,019,CDKL5_005_180_69,1,0.002,14,0.998,0.3348,21.08
2025-10-12 17:41:43,019,CDKL5_005_180_69,0,0.0,15,1.0,0.342,21.07
2025-10-12 17:51:46,019,CDKL5_005_180_69,29,0.048,11,0.938,0.2916,21.09
2025-10-12 18:01:48,019,CDKL5_005_180_69,1,0.002,14,0.998,0.0,21.11
2025-10-12 18:11:51,019,CDKL5_005_180_69,189,0.314,5,0.514,0.0,21.25
2025-10-12 18:21:54,019,CDKL5_005_180_69,183,0.304,6,0.567,0.0,21.35
2025-10-12 18:31:56,019,CDKL5_005_180_69,252,0.419,3,0.323,0.0,21.46
2025-10-12 18:41:59,019,CDKL5_005_180_69,242,0.403,0,0.0,0.0,21.55
2025-10-12 18:52:38,019,CDKL5_005_180_69,147,0.246,8,0.685,0.0,21.61
2025-10-12 19:02:40,019,CDKL5_005_180_69,207,0.344,5,0.491,0.0,21.59
2025-10-12 19:12:43,019,CDKL5_005_180_69,296,0.493,1,0.119,0.0,21.66
2025-10-12 19:22:46,019,CDKL5_005_180_69,199,0.331,6,0.547,0.0,21.75
2025-10-12 19:32:49,019,CDKL5_005_180_69,108,0.18,6,0.69,0.0,21.69
2025-10-12 19:42:52,019,CDKL5_005_180_69,128,0.213,7,0.686,0.0,21.65
2025-10-12 19:52:55,019,CDKL5_005_180_69,323,0.537,1,0.11,0.0,21.74
2025-10-12 20:02:58,019,CDKL5_005_180_69,206,0.343,4,0.437,0.0,21.81
2025-10-12 20:13:01,019,CDKL5_005_180_69,151,0.251,8,0.679,0.0,21.72
2025-10-12 20:23:04,019,CDKL5_005_180_69,229,0.382,3,0.344,0.0,21.76
2025-10-12 20:33:07,019,CDKL5_005_180_69,210,0.349,2,0.276,0.0,21.79
2025-10-12 20:43:10,019,CDKL5_005_180_69,157,0.261,6,0.605,0.0,21.73
2025-10-12 20:53:13,019,CDKL5_005_180_69,142,0.237,8,0.693,0.0,21.7
2025-10-12 21:03:15,019,CDKL5_005_180_69,81,0.135,10,0.832,0.0,21.63
2025-10-12 21:13:19,019,CDKL5_005_180_69,3,0.005,13,0.994,0.0,21.55
2025-10-12 21:23:22,019,CDKL5_005_180_69,0,0.0,15,1.0,0.0,21.5
2025-10-12 21:33:24,019,CDKL5_005_180_69,0,0.0,15,1.0,0.0,21.45
2025-10-12 21:43:27,019,CDKL5_005_180_69,13,0.022,12,0.974,0.0,21.43
2025-10-12 21:53:30,019,CDKL5_005_180_69,8,0.013,11,0.982,0.0,21.41
2025-10-12 22:03:32,019,CDKL5_005_180_69,1,0.002,14,0.998,0.0,21.39
2025-10-12 22:13:35,019,CDKL5_005_180_69,0,0.0,15,1.0,0.0,21.38
2025-10-12 22:23:39,019,CDKL5_005_180_69,147,0.244,6,0.62,0.0,21.44
2025-10-12 22:33:42,019,CDKL5_005_180_69,200,0.333,4,0.444,0.0,21.53
2025-10-12 22:43:45,019,CDKL5_005_180_69,250,0.416,4,0.39,0.0,21.57
2025-10-12 22:54:11,019,CDKL5_005_180_69,290,0.485,2,0.216,0.0,21.74
2025-10-12 23:04:13,019,CDKL5_005_180_69,145,0.241,9,0.713,0.0,21.69
2025-10-12 23:14:16,019,CDKL5_005_180_69,232,0.386,4,0.408,0.0,21.75
2025-10-12 23:24:19,019,CDKL5_005_180_69,139,0.231,7,0.668,0.0,21.74
2025-10-12 23:34:22,019,CDKL5_005_180_69,125,0.208,6,0.658,0.0,21.71
2025-10-12 23:44:25,019,CDKL5_005_180_69,267,0.444,3,0.31,0.0,21.71
2025-10-12 23:54:28,019,CDKL5_005_180_69,47,0.078,11,0.903,0.0,21.63
2025-10-11 00:06:23,029,CDKL5_005_182_56,100,0.166,5,0.667,0.0,22.25
2025-10-11 00:16:26,029,CDKL5_005_182_56,2,0.003,14,0.996,0.0,22.15
2025-10-11 00:26:29,029,CDKL5_005_182_56,0,0.0,15,1.0,0.0,22.06
2025-10-11 00:36:31,029,CDKL5_005_182_56,26,0.043,13,0.952,0.0,21.99
2025-10-11 00:46:34,029,CDKL5_005_182_56,0,0.0,15,1.0,0.0,21.94
2025-10-11 00:56:37,029,CDKL5_005_182_56,1,0.002,14,0.998,0.0,21.9
2025-10-11 01:06:40,029,CDKL5_005_182_56,1,0.002,14,0.998,0.0,21.87
2025-10-11 01:16:59,029,CDKL5_005_182_56,0,0.0,15,1.0,0.0,21.91
2025-10-11 01:27:02,029,CDKL5_005_182_56,0,0.0,15,1.0,0.0,21.88
2025-10-11 01:37:05,029,CDKL5_005_182_56,39,0.065,11,0.919,0.0,21.9
2025-10-11 01:47:08,029,CDKL5_005_182_56,355,0.591,3,0.253,0.0,22.05
2025-10-11 01:57:10,029,CDKL5_005_182_56,377,0.628,0,0.0,0.0,22.1
2025-10-11 02:07:12,029,CDKL5_005_182_56,368,0.612,2,0.179,0.0,22.19
2025-10-11 02:17:15,029,CDKL5_005_182_56,328,0.546,0,0.0,0.0,22.23
2025-10-11 02:27:18,029,CDKL5_005_182_56,414,0.689,0,0.0,0.0,22.25
2025-10-11 02:37:21,029,CDKL5_005_182_56,320,0.532,1,0.111,0.0,22.24
2025-10-11 02:47:24,029,CDKL5_005_182_56,244,0.406,2,0.247,0.0,22.17
2025-10-11 02:57:27,029,CDKL5_005_182_56,362,0.602,1,0.1,0.0,22.23
2025-10-11 03:07:30,029,CDKL5_005_182_56,220,0.365,3,0.353,0.0,22.19
2025-10-11 03:17:32,029,CDKL5_005_182_56,199,0.331,3,0.376,0.0,22.13
2025-10-11 03:27:35,029,CDKL5_005_182_56,157,0.261,4,0.505,0.0,22.1
2025-10-11 03:37:38,029,CDKL5_005_182_56,114,0.19,8,0.737,0.0,22.04
2025-10-11 03:47:41,029,CDKL5_005_182_56,166,0.276,7,0.628,0.0,22.03
2025-10-11 03:57:43,029,CDKL5_005_182_56,140,0.233,7,0.667,0.0,22.0
2025-10-11 04:07:46,029,CDKL5_005_182_56,255,0.424,3,0.32,0.0,22.01
2025-10-11 04:17:49,029,CDKL5_005_182_56,116,0.193,5,0.633,0.0,21.95
2025-10-11 04:27:52,029,CDKL5_005_182_56,42,0.07,11,0.913,0.0,21.92
2025-10-11 04:37:54,029,CDKL5_005_182_56,0,0.0,15,1.0,0.0,21.85
2025-10-11 04:47:57,029,CDKL5_005_182_56,1,0.002,14,0.998,0.0,21.81
2025-10-11 04:57:59,029,CDKL5_005_182_56,0,0.0,15,1.0,0.0,21.79
2025-10-11 05:08:02,029,CDKL5_005_182_56,0,0.0,15,1.0,0.0,21.75
2025-10-11 05:18:16,029,CDKL5_005_182_56,3,0.005,14,0.995,0.0,21.75
2025-10-11 05:28:19,029,CDKL5_005_182_56,0,0.0,15,1.0,0.0,21.73
2025-10-11 05:38:21,029,CDKL5_005_182_56,6,0.01,13,0.989,0.0,21.71
2025-10-11 05:48:24,029,CDKL5_005_182_56,0,0.0,15,1.0,0.0,21.7
2025-10-11 05:58:27,029,CDKL5_005_182_56,0,0.0,15,1.0,0.0,21.7
2025-10-11 06:08:29,029,CDKL5_005_182_56,106,0.176,6,0.694,0.1332,21.73
2025-10-11 06:18:32,029,CDKL5_005_182_56,200,0.333,6,0.545,0.1296,21.79
2025-10-11 06:28:34,029,CDKL5_005_182_56,122,0.203,8,0.724,0.144,21.84
2025-10-11 06:38:37,029,CDKL5_005_182_56,120,0.2,8,0.727,0.1368,21.85
2025-10-11 06:48:40,029,CDKL5_005_182_56,191,0.318,5,0.512,0.1296,21.88
2025-10-11 06:58:42,029,CDKL5_005_182_56,68,0.113,9,0.841,0.1404,21.85
2025-10-11 07:08:45,029,CDKL5_005_182_56,202,0.336,4,0.442,0.0936,21.9
2025-10-11 07:18:48,029,CDKL5_005_182_56,271,0.451,1,0.129,0.0936,21.97
2025-10-11 07:28:50,029,CDKL5_005_182_56,170,0.283,2,0.32,0.1656,21.96
2025-10-11 07:38:53,029,CDKL5_005_182_56,93,0.155,9,0.795,0.108,21.92
2025-10-11 07:48:55,029,CDKL5_005_182_56,0,0.0,15,1.0,0.108,21.83
2025-10-11 07:58:58,029,CDKL5_005_182_56,0,0.0,15,1.0,0.108,21.76
2025-10-11 08:09:00,029,CDKL5_005_182_56,0,0.0,15,1.0,0.1116,21.71
2025-10-11 08:19:03,029,CDKL5_005_182_56,0,0.0,15,1.0,0.108,21.69
2025-10-11 08:29:05,029,CDKL5_005_182_56,0,0.0,15,1.0,0.108,21.65
2025-10-11 08:39:08,029,CDKL5_005_182_56,0,0.0,15,1.0,0.1116,21.62
2025-10-11 08:49:11,029,CDKL5_005_182_56,0,0.0,15,1.0,0.1116,21.62
2025-10-11 08:59:13,029,CDKL5_005_182_56,2,0.003,15,0.997,0.1116,21.61
2025-10-11 09:09:16,029,CDKL5_005_182_56,27,0.045,11,0.942,0.108,21.61
2025-10-11 09:19:32,029,CDKL5_005_182_56,0,0.0,15,1.0,0.108,21.64
2025-10-11 09:29:35,029,CDKL5_005_182_56,0,0.0,15,1.0,0.108,21.64
2025-10-11 09:39:38,029,CDKL5_005_182_56,0,0.0,15,1.0,0.108,21.61
2025-10-11 09:49:41,029,CDKL5_005_182_56,5,0.008,14,0.991,0.108,21.59
2025-10-11 09:59:44,029,CDKL5_005_182_56,0,0.0,15,1.0,0.1296,21.58
2025-10-11 10:09:46,029,CDKL5_005_182_56,0,0.0,15,1.0,0.1296,21.56
2025-10-11 10:19:49,029,CDKL5_005_182_56,0,0.0,15,1.0,0.1296,21.54
2025-10-11 10:29:53,029,CDKL5_005_182_56,0,0.0,15,1.0,0.1296,21.51
2025-10-11 10:39:55,029,CDKL5_005_182_56,0,0.0,15,1.0,0.1296,21.49
2025-10-11 10:49:58,029,CDKL5_005_182_56,0,0.0,15,1.0,0.108,21.44
2025-10-11 11:00:01,029,CDKL5_005_182_56,0,0.0,15,1.0,0.108,21.41
2025-10-11 11:10:03,029,CDKL5_005_182_56,0,0.0,15,1.0,0.108,21.37
2025-10-11 11:20:06,029,CDKL5_005_182_56,14,0.023,13,0.974,0.108,21.34
2025-10-11 11:30:09,029,CDKL5_005_182_56,86,0.143,9,0.807,0.1188,21.35
2025-10-11 11:40:12,029,CDKL5_005_182_56,178,0.296,4,0.473,0.1008,21.38
2025-10-11 11:50:14,029,CDKL5_005_182_56,80,0.133,9,0.818,0.1008,21.43
2025-10-11 12:00:17,029,CDKL5_005_182_56,0,0.0,15,1.0,0.1008,21.42
2025-10-11 12:10:20,029,CDKL5_005_182_56,0,0.0,15,1.0,0.1008,21.41
2025-10-11 12:20:22,029,CDKL5_005_182_56,0,0.0,15,1.0,0.1044,21.38
2025-10-11 12:30:25,029,CDKL5_005_182_56,0,0.0,15,1.0,0.1008,21.36
2025-10-11 12:40:28,029,CDKL5_005_182_56,0,0.0,15,1.0,0.1224,21.34
2025-10-11 12:50:31,029,CDKL5_005_182_56,0,0.0,15,1.0,0.1224,21.33
2025-10-11 13:00:34,029,CDKL5_005_182_56,0,0.0,15,1.0,0.1008,21.32
2025-10-11 13:10:37,029,CDKL5_005_182_56,0,0.0,15,1.0,0.1008,21.33
2025-10-11 13:20:51,029,CDKL5_005_182_56,0,0.0,15,1.0,0.1008,21.32
2025-10-11 13:30:53,029,CDKL5_005_182_56,0,0.0,15,1.0,0.1008,21.29
2025-10-11 13:40:56,029,CDKL5_005_182_56,0,0.0,15,1.0,0.1008,21.28
2025-10-11 13:50:59,029,CDKL5_005_182_56,0,0.0,15,1.0,0.1008,21.24
2025-10-11 14:01:02,029,CDKL5_005_182_56,0,0.0,15,1.0,0.108,21.23
2025-10-11 14:11:04,029,CDKL5_005_182_56,0,0.0,15,1.0,0.108,21.22
2025-10-11 14:21:07,029,CDKL5_005_182_56,0,0.0,15,1.0,0.108,21.21
2025-10-11 14:31:10,029,CDKL5_005_182_56,0,0.0,15,1.0,0.1008,21.21
2025-10-11 14:41:13,029,CDKL5_005_182_56,0,0.0,15,1.0,0.108,21.2
2025-10-11 14:51:16,029,CDKL5_005_182_56,0,0.0,15,1.0,0.108,21.2
2025-10-11 15:01:18,029,CDKL5_005_182_56,0,0.0,15,1.0,0.108,21.21
2025-10-11 15:11:21,029,CDKL5_005_182_56,0,0.0,15,1.0,0.108,21.21
2025-10-11 15:21:24,029,CDKL5_005_182_56,0,0.0,15,1.0,0.1008,21.23
2025-10-11 15:31:26,029,CDKL5_005_182_56,9,0.015,14,0.984,0.1296,21.25
2025-10-11 15:41:29,029,CDKL5_005_182_56,88,0.146,8,0.784,0.108,21.29
2025-10-11 15:51:32,029,CDKL5_005_182_56,194,0.323,5,0.508,0.1008,21.33
2025-10-11 16:01:35,029,CDKL5_005_182_56,27,0.045,13,0.951,0.1008,21.36
2025-10-11 16:11:37,029,CDKL5_005_182_56,0,0.0,15,1.0,0.1044,21.36
2025-10-11 16:21:40,029,CDKL5_005_182_56,0,0.0,15,1.0,0.1044,21.34
2025-10-11 16:31:42,029,CDKL5_005_182_56,3,0.005,14,0.995,0.126,21.33
2025-10-11 16:41:45,029,CDKL5_005_182_56,0,0.0,15,1.0,0.1224,21.33
2025-10-11 16:51:48,029,CDKL5_005_182_56,0,0.0,15,1.0,0.1044,21.35
2025-10-11 17:01:50,029,CDKL5_005_182_56,0,0.0,15,1.0,0.126,21.37
2025-10-11 17:11:53,029,CDKL5_005_182_56,0,0.0,15,1.0,0.1224,21.39
2025-10-11 17:22:09,029,CDKL5_005_182_56,0,0.0,15,1.0,0.1008,21.44
2025-10-11 17:32:12,029,CDKL5_005_182_56,0,0.0,15,1.0,0.1008,21.46
2025-10-11 17:42:14,029,CDKL5_005_182_56,0,0.0,15,1.0,0.1008,21.49
2025-10-11 17:52:17,029,CDKL5_005_182_56,13,0.022,13,0.976,0.1008,21.52
2025-10-11 18:02:20,029,CDKL5_005_182_56,8,0.013,14,0.986,0.0,21.54
2025-10-11 18:12:22,029,CDKL5_005_182_56,466,0.775,0,0.0,0.0,21.7
2025-10-11 18:22:25,029,CDKL5_005_182_56,461,0.767,0,0.0,0.0,21.88
2025-10-11 18:32:28,029,CDKL5_005_182_56,332,0.552,1,0.108,0.0,21.98
2025-10-11 18:42:31,029,CDKL5_005_182_56,341,0.567,2,0.19,0.0,22.03
2025-10-11 18:52:34,029,CDKL5_005_182_56,462,0.769,0,0.0,0.0,22.1
2025-10-11 19:02:38,029,CDKL5_005_182_56,336,0.559,1,0.106,0.0,22.18
2025-10-11 19:12:40,029,CDKL5_005_182_56,290,0.483,5,0.408,0.0,22.16
2025-10-11 19:22:43,029,CDKL5_005_182_56,294,0.489,3,0.29,0.0,22.2
2025-10-11 19:32:46,029,CDKL5_005_182_56,280,0.466,2,0.222,0.0,22.21
2025-10-11 19:42:49,029,CDKL5_005_182_56,330,0.55,1,0.108,0.0,22.24
2025-10-11 19:52:52,029,CDKL5_005_182_56,346,0.576,2,0.188,0.0,22.24
2025-10-11 20:02:54,029,CDKL5_005_182_56,368,0.612,0,0.0,0.0,22.25
2025-10-11 20:12:57,029,CDKL5_005_182_56,297,0.494,2,0.212,0.0,22.22
2025-10-11 20:23:00,029,CDKL5_005_182_56,238,0.396,4,0.402,0.0,22.22
2025-10-11 20:33:03,029,CDKL5_005_182_56,287,0.478,2,0.218,0.0,22.21
2025-10-11 20:43:05,029,CDKL5_005_182_56,308,0.512,2,0.206,0.0,22.22
2025-10-11 20:53:08,029,CDKL5_005_182_56,271,0.452,3,0.307,0.0,22.25
2025-10-11 21:03:11,029,CDKL5_005_182_56,369,0.613,1,0.098,0.0,22.28
2025-10-11 21:13:14,029,CDKL5_005_182_56,191,0.318,3,0.386,0.0,22.23
2025-10-11 21:23:32,029,CDKL5_005_182_56,202,0.338,4,0.442,0.0,22.23
2025-10-11 21:33:35,029,CDKL5_005_182_56,305,0.507,1,0.116,0.0,22.21
2025-10-11 21:43:38,029,CDKL5_005_182_56,293,0.488,0,0.0,0.0,22.25
2025-10-11 21:53:41,029,CDKL5_005_182_56,271,0.451,4,0.371,0.0,22.25
2025-10-11 22:03:44,029,CDKL5_005_182_56,189,0.314,4,0.458,0.0,22.23
2025-10-11 22:13:47,029,CDKL5_005_182_56,284,0.473,0,0.0,0.0,22.23
2025-10-11 22:23:49,029,CDKL5_005_182_56,243,0.404,3,0.331,0.0,22.3
2025-10-11 22:33:53,029,CDKL5_005_182_56,293,0.488,1,0.12,0.0,22.33
2025-10-11 22:43:55,029,CDKL5_005_182_56,267,0.444,2,0.231,0.0,22.31
2025-10-11 22:53:58,029,CDKL5_005_182_56,165,0.275,6,0.593,0.0,22.23
2025-10-11 23:04:00,029,CDKL5_005_182_56,353,0.587,0,0.0,0.0,22.27
2025-10-11 23:14:03,029,CDKL5_005_182_56,228,0.379,5,0.467,0.0,22.22
2025-10-11 23:24:06,029,CDKL5_005_182_56,205,0.341,2,0.281,0.0,22.2
2025-10-11 23:34:09,029,CDKL5_005_182_56,266,0.443,4,0.376,0.0,22.2
2025-10-11 23:44:11,029,CDKL5_005_182_56,275,0.458,2,0.225,0.0,22.22
2025-10-11 23:54:14,029,CDKL5_005_182_56,272,0.453,1,0.128,0.0,22.24
2025-10-12 00:04:17,029,CDKL5_005_182_56,185,0.308,7,0.602,0.0,22.18
2025-10-12 00:14:19,029,CDKL5_005_182_56,312,0.519,0,0.0,0.0,22.18
2025-10-12 00:24:21,029,CDKL5_005_182_56,142,0.237,5,0.585,0.0,22.14
2025-10-12 00:34:25,029,CDKL5_005_182_56,276,0.459,2,0.225,0.0,22.21
2025-10-12 00:44:28,029,CDKL5_005_182_56,306,0.509,3,0.282,0.0,22.22
2025-10-12 00:54:31,029,CDKL5_005_182_56,358,0.596,1,0.101,0.0,22.33
2025-10-12 01:04:34,029,CDKL5_005_182_56,235,0.391,3,0.338,0.0,22.28
2025-10-12 01:14:37,029,CDKL5_005_182_56,311,0.517,4,0.34,0.0,22.22
2025-10-12 01:25:00,029,CDKL5_005_182_56,236,0.395,2,0.253,0.0,22.27
2025-10-12 01:35:03,029,CDKL5_005_182_56,123,0.205,9,0.745,0.0,22.2
2025-10-12 01:45:06,029,CDKL5_005_182_56,4,0.007,14,0.993,0.0,22.14
2025-10-12 01:55:09,029,CDKL5_005_182_56,11,0.018,13,0.979,0.0,22.1
2025-10-12 02:05:12,029,CDKL5_005_182_56,5,0.008,13,0.99,0.0,22.06
2025-10-12 02:15:15,029,CDKL5_005_182_56,4,0.007,14,0.993,0.0,22.03
2025-10-12 02:25:17,029,CDKL5_005_182_56,0,0.0,15,1.0,0.0,22.0
2025-10-12 02:35:20,029,CDKL5_005_182_56,3,0.005,14,0.995,0.0,21.98
2025-10-12 02:45:23,029,CDKL5_005_182_56,5,0.008,14,0.991,0.0,21.97
2025-10-12 02:55:26,029,CDKL5_005_182_56,19,0.032,12,0.962,0.0,21.97
2025-10-12 03:05:28,029,CDKL5_005_182_56,10,0.017,12,0.98,0.0,21.97
2025-10-12 03:15:30,029,CDKL5_005_182_56,3,0.005,14,0.995,0.0,21.97
2025-10-12 03:25:33,029,CDKL5_005_182_56,7,0.012,14,0.988,0.0,21.95
2025-10-12 03:35:35,029,CDKL5_005_182_56,11,0.018,13,0.979,0.0,21.93
2025-10-12 03:45:38,029,CDKL5_005_182_56,83,0.138,9,0.813,0.0,21.94
2025-10-12 03:55:41,029,CDKL5_005_182_56,336,0.559,0,0.0,0.0,21.98
2025-10-12 04:05:44,029,CDKL5_005_182_56,389,0.647,1,0.093,0.0,22.05
2025-10-12 04:15:47,029,CDKL5_005_182_56,272,0.453,4,0.37,0.0,22.04
2025-10-12 04:25:49,029,CDKL5_005_182_56,246,0.409,5,0.448,0.0,22.05
2025-10-12 04:35:52,029,CDKL5_005_182_56,316,0.526,2,0.202,0.0,22.13
2025-10-12 04:45:55,029,CDKL5_005_182_56,236,0.393,4,0.404,0.0,22.08
2025-10-12 04:55:58,029,CDKL5_005_182_56,287,0.477,2,0.218,0.0,22.09
2025-10-12 05:06:01,029,CDKL5_005_182_56,291,0.485,1,0.121,0.0,22.13
2025-10-12 05:16:03,029,CDKL5_005_182_56,216,0.359,4,0.426,0.0,22.09
2025-10-12 05:26:23,029,CDKL5_005_182_56,266,0.445,1,0.131,0.0,22.11
2025-10-12 05:36:26,029,CDKL5_005_182_56,315,0.524,1,0.113,0.0,22.11
2025-10-12 05:46:29,029,CDKL5_005_182_56,322,0.537,1,0.11,0.0,22.13
2025-10-12 05:56:32,029,CDKL5_005_182_56,192,0.319,6,0.556,0.0,22.08
2025-10-12 06:06:34,029,CDKL5_005_182_56,175,0.291,2,0.314,0.1656,22.03
2025-10-12 06:16:37,029,CDKL5_005_182_56,131,0.218,4,0.55,0.1656,22.0
2025-10-12 06:26:39,029,CDKL5_005_182_56,119,0.198,6,0.669,0.1656,21.98
2025-10-12 06:36:42,029,CDKL5_005_182_56,181,0.301,6,0.57,0.1548,22.01
2025-10-12 06:46:45,029,CDKL5_005_182_56,100,0.166,7,0.737,0.126,21.98
2025-10-12 06:56:47,029,CDKL5_005_182_56,233,0.388,3,0.34,0.1008,21.99
2025-10-12 07:06:50,029,CDKL5_005_182_56,445,0.74,0,0.0,0.0216,22.04
2025-10-12 07:16:52,029,CDKL5_005_182_56,75,0.125,7,0.789,0.2736,22.14
2025-10-12 07:26:55,029,CDKL5_005_182_56,102,0.17,3,0.541,0.2448,22.13
2025-10-12 07:36:57,029,CDKL5_005_182_56,113,0.188,4,0.586,0.2448,22.12
2025-10-12 07:47:00,029,CDKL5_005_182_56,27,0.045,13,0.951,0.2736,22.07
2025-10-12 07:57:02,029,CDKL5_005_182_56,3,0.005,13,0.994,0.3024,22.01
2025-10-12 08:07:06,029,CDKL5_005_182_56,0,0.0,15,1.0,0.3132,21.94
2025-10-12 08:17:08,029,CDKL5_005_182_56,1,0.002,14,0.998,0.3024,21.88
2025-10-12 08:27:11,029,CDKL5_005_182_56,1,0.002,14,0.998,0.3024,21.83
2025-10-12 08:37:14,029,CDKL5_005_182_56,2,0.003,14,0.996,0.324,21.82
2025-10-12 08:47:16,029,CDKL5_005_182_56,3,0.005,14,0.995,0.3168,21.81
2025-10-12 08:57:19,029,CDKL5_005_182_56,4,0.007,14,0.993,0.3276,21.78
2025-10-12 09:07:22,029,CDKL5_005_182_56,2,0.003,14,0.996,0.3276,21.78
2025-10-12 09:17:25,029,CDKL5_005_182_56,5,0.008,14,0.991,0.3168,21.78
2025-10-12 09:27:40,029,CDKL5_005_182_56,6,0.01,14,0.989,0.324,21.81
2025-10-12 09:37:42,029,CDKL5_005_182_56,0,0.0,15,1.0,0.324,21.79
2025-10-12 09:47:45,029,CDKL5_005_182_56,37,0.062,10,0.915,0.3024,21.82
2025-10-12 09:57:49,029,CDKL5_005_182_56,137,0.228,8,0.7,0.1944,21.82
2025-10-12 10:07:51,029,CDKL5_005_182_56,140,0.233,6,0.632,0.2088,21.79
2025-10-12 10:17:54,029,CDKL5_005_182_56,291,0.484,3,0.292,0.3888,21.92
2025-10-12 10:27:57,029,CDKL5_005_182_56,85,0.141,9,0.809,0.3888,22.03
2025-10-12 10:38:00,029,CDKL5_005_182_56,0,0.0,15,1.0,0.3672,22.02
2025-10-12 10:48:02,029,CDKL5_005_182_56,1,0.002,14,0.998,0.3708,21.96
2025-10-12 10:58:05,029,CDKL5_005_182_56,0,0.0,15,1.0,0.36,21.93
2025-10-12 11:08:08,029,CDKL5_005_182_56,0,0.0,15,1.0,0.3672,21.88
2025-10-12 11:18:11,029,CDKL5_005_182_56,1,0.002,14,0.998,0.36,21.84
2025-10-12 11:28:13,029,CDKL5_005_182_56,0,0.0,15,1.0,0.3636,21.84
2025-10-12 11:38:17,029,CDKL5_005_182_56,0,0.0,15,1.0,0.3708,21.83
2025-10-12 11:48:19,029,CDKL5_005_182_56,0,0.0,15,1.0,0.3708,21.8
2025-10-12 11:58:22,029,CDKL5_005_182_56,1,0.002,14,0.998,0.36,21.79
2025-10-12 12:08:25,029,CDKL5_005_182_56,0,0.0,15,1.0,0.3708,21.77
2025-10-12 12:18:27,029,CDKL5_005_182_56,0,0.0,15,1.0,0.36,21.76
2025-10-12 12:28:30,029,CDKL5_005_182_56,0,0.0,15,1.0,0.36,21.76
2025-10-12 12:38:34,029,CDKL5_005_182_56,0,0.0,15,1.0,0.36,21.75
2025-10-12 12:48:36,029,CDKL5_005_182_56,0,0.0,15,1.0,0.3672,21.73
2025-10-12 12:58:38,029,CDKL5_005_182_56,0,0.0,15,1.0,0.36,21.71
2025-10-12 13:08:41,029,CDKL5_005_182_56,0,0.0,15,1.0,0.3528,21.72
2025-10-12 13:18:44,029,CDKL5_005_182_56,0,0.0,15,1.0,0.3528,21.72
2025-10-12 13:28:56,029,CDKL5_005_182_56,1,0.002,14,0.998,0.3708,21.74
2025-10-12 13:38:59,029,CDKL5_005_182_56,0,0.0,15,1.0,0.3528,21.77
2025-10-12 13:49:02,029,CDKL5_005_182_56,67,0.111,10,0.857,0.2592,21.81
2025-10-12 13:59:06,029,CDKL5_005_182_56,0,0.0,15,1.0,0.2448,21.91
2025-10-12 14:09:08,029,CDKL5_005_182_56,11,0.018,14,0.981,0.252,21.88
2025-10-12 14:19:11,029,CDKL5_005_182_56,1,0.002,14,0.998,0.252,21.87
2025-10-12 14:29:13,029,CDKL5_005_182_56,0,0.0,15,1.0,0.252,21.82
2025-10-12 14:39:16,029,CDKL5_005_182_56,0,0.0,15,1.0,0.252,21.79
2025-10-12 14:49:18,029,CDKL5_005_182_56,0,0.0,15,1.0,0.252,21.76
2025-10-12 14:59:21,029,CDKL5_005_182_56,0,0.0,15,1.0,0.252,21.74
2025-10-12 15:09:23,029,CDKL5_005_182_56,0,0.0,15,1.0,0.252,21.73
2025-10-12 15:19:26,029,CDKL5_005_182_56,0,0.0,15,1.0,0.252,21.71
2025-10-12 15:29:29,029,CDKL5_005_182_56,0,0.0,15,1.0,0.2556,21.72
2025-10-12 15:39:31,029,CDKL5_005_182_56,0,0.0,15,1.0,0.2628,21.71
2025-10-12 15:49:34,029,CDKL5_005_182_56,0,0.0,15,1.0,0.2628,21.72
2025-10-12 15:59:38,029,CDKL5_005_182_56,0,0.0,15,1.0,0.2592,21.73
2025-10-12 16:09:40,029,CDKL5_005_182_56,0,0.0,15,1.0,0.2484,21.74
2025-10-12 16:19:43,029,CDKL5_005_182_56,1,0.002,14,0.998,0.2556,21.78
2025-10-12 16:29:46,029,CDKL5_005_182_56,12,0.02,14,0.979,0.252,21.85
2025-10-12 16:39:49,029,CDKL5_005_182_56,60,0.1,10,0.87,0.1728,21.72
2025-10-12 16:49:52,029,CDKL5_005_182_56,100,0.166,7,0.737,0.0288,21.7
2025-10-12 16:59:55,029,CDKL5_005_182_56,282,0.469,0,0.0,0.1872,21.84
2025-10-12 17:09:58,029,CDKL5_005_182_56,9,0.015,14,0.984,0.1944,21.94
2025-10-12 17:20:00,029,CDKL5_005_182_56,2,0.003,14,0.996,0.216,21.91
2025-10-12 17:30:22,029,CDKL5_005_182_56,0,0.0,15,1.0,0.216,21.9
2025-10-12 17:40:25,029,CDKL5_005_182_56,3,0.005,14,0.995,0.216,21.87
2025-10-12 17:50:27,029,CDKL5_005_182_56,22,0.037,11,0.952,0.2088,21.94
2025-10-12 18:00:30,029,CDKL5_005_182_56,140,0.233,5,0.588,0.0,21.95
2025-10-12 18:10:33,029,CDKL5_005_182_56,424,0.704,0,0.0,0.0,21.95
2025-10-12 18:20:36,029,CDKL5_005_182_56,432,0.719,0,0.0,0.0,22.03
2025-10-12 18:30:39,029,CDKL5_005_182_56,311,0.517,0,0.0,0.0,22.04
2025-10-12 18:40:42,029,CDKL5_005_182_56,332,0.552,3,0.265,0.0,22.04
2025-10-12 18:50:45,029,CDKL5_005_182_56,404,0.672,0,0.0,0.0,22.06
2025-10-12 19:00:47,029,CDKL5_005_182_56,302,0.502,2,0.209,0.0,22.11
2025-10-12 19:10:50,029,CDKL5_005_182_56,336,0.559,3,0.263,0.0,22.13
2025-10-12 19:20:52,029,CDKL5_005_182_56,339,0.565,1,0.106,0.0,22.13
2025-10-12 19:30:55,029,CDKL5_005_182_56,289,0.482,2,0.217,0.0,22.14
2025-10-12 19:40:58,029,CDKL5_005_182_56,344,0.572,2,0.189,0.0,22.17
2025-10-12 19:51:00,029,CDKL5_005_182_56,379,0.631,0,0.0,0.0,22.21
2025-10-12 20:01:03,029,CDKL5_005_182_56,285,0.474,3,0.296,0.0,22.17
2025-10-12 20:11:06,029,CDKL5_005_182_56,363,0.604,2,0.181,0.0,22.2
2025-10-12 20:21:09,029,CDKL5_005_182_56,355,0.591,1,0.101,0.0,22.21
2025-10-12 20:31:12,029,CDKL5_005_182_56,289,0.481,3,0.293,0.0,22.17
2025-10-12 20:41:14,029,CDKL5_005_182_56,380,0.633,1,0.095,0.0,22.18
2025-10-12 20:51:16,029,CDKL5_005_182_56,311,0.517,1,0.114,0.0,22.21
2025-10-12 21:01:19,029,CDKL5_005_182_56,393,0.654,0,0.0,0.0,22.21
2025-10-12 21:11:22,029,CDKL5_005_182_56,338,0.562,2,0.191,0.0,22.23
2025-10-12 21:21:25,029,CDKL5_005_182_56,313,0.522,4,0.338,0.0,22.2
2025-10-12 21:31:37,029,CDKL5_005_182_56,396,0.661,0,0.0,0.0,22.21
2025-10-12 21:41:40,029,CDKL5_005_182_56,260,0.432,5,0.435,0.0,22.14
2025-10-12 21:51:43,029,CDKL5_005_182_56,318,0.529,2,0.201,0.0,22.14
2025-10-12 22:01:46,029,CDKL5_005_182_56,365,0.606,0,0.0,0.0,22.26
2025-10-12 22:11:49,029,CDKL5_005_182_56,289,0.481,2,0.217,0.0,22.3
2025-10-12 22:21:51,029,CDKL5_005_182_56,321,0.534,4,0.333,0.0,22.26
2025-10-12 22:31:55,029,CDKL5_005_182_56,400,0.666,0,0.0,0.0,22.25
2025-10-12 22:41:58,029,CDKL5_005_182_56,272,0.453,4,0.37,0.0,22.26
2025-10-12 22:52:00,029,CDKL5_005_182_56,461,0.767,0,0.0,0.0,22.25
2025-10-12 23:02:03,029,CDKL5_005_182_56,353,0.588,1,0.102,0.0,22.23
2025-10-12 23:12:06,029,CDKL5_005_182_56,213,0.354,6,0.53,0.0,22.2
2025-10-12 23:22:09,029,CDKL5_005_182_56,396,0.659,0,0.0,0.0,22.17
2025-10-12 23:32:11,029,CDKL5_005_182_56,396,0.659,0,0.0,0.0,22.18
2025-10-12 23:42:14,029,CDKL5_005_182_56,346,0.577,1,0.104,0.0,22.23
2025-10-12 23:52:17,029,CDKL5_005_182_56,398,0.662,0,0.0,0.0,22.29
2025-10-11 00:06:57,020,CDKL5_005_182_57,97,0.161,10,0.805,0.0,21.7
2025-10-11 00:16:59,020,CDKL5_005_182_57,232,0.386,5,0.463,0.0,21.84
2025-10-11 00:27:02,020,CDKL5_005_182_57,45,0.075,12,0.914,0.0,21.74
2025-10-11 00:37:05,020,CDKL5_005_182_57,94,0.156,9,0.793,0.0,21.66
2025-10-11 00:47:08,020,CDKL5_005_182_57,0,0.0,15,1.0,0.0,21.58
2025-10-11 00:57:11,020,CDKL5_005_182_57,0,0.0,15,1.0,0.0,21.5
2025-10-11 01:07:14,020,CDKL5_005_182_57,0,0.0,15,1.0,0.0,21.44
2025-10-11 01:17:17,020,CDKL5_005_182_57,0,0.0,15,1.0,0.0,21.38
2025-10-11 01:27:32,020,CDKL5_005_182_57,0,0.0,15,1.0,0.0,21.38
2025-10-11 01:37:35,020,CDKL5_005_182_57,0,0.0,15,1.0,0.0,21.35
2025-10-11 01:47:39,020,CDKL5_005_182_57,0,0.0,15,1.0,0.0,21.31
2025-10-11 01:57:42,020,CDKL5_005_182_57,0,0.0,15,1.0,0.0,21.28
2025-10-11 02:07:45,020,CDKL5_005_182_57,0,0.0,15,1.0,0.0,21.26
2025-10-11 02:17:48,020,CDKL5_005_182_57,0,0.0,15,1.0,0.0,21.24
2025-10-11 02:27:50,020,CDKL5_005_182_57,0,0.0,15,1.0,0.0,21.24
2025-10-11 02:37:53,020,CDKL5_005_182_57,0,0.0,15,1.0,0.0,21.22
2025-10-11 02:47:57,020,CDKL5_005_182_57,0,0.0,15,1.0,0.0,21.22
2025-10-11 02:58:00,020,CDKL5_005_182_57,7,0.012,14,0.988,0.0,21.23
2025-10-11 03:08:03,020,CDKL5_005_182_57,10,0.017,13,0.981,0.0,21.22
2025-10-11 03:18:06,020,CDKL5_005_182_57,154,0.256,6,0.609,0.0,21.33
2025-10-11 03:28:10,020,CDKL5_005_182_57,106,0.176,10,0.791,0.0,21.37
2025-10-11 03:38:13,020,CDKL5_005_182_57,116,0.193,8,0.734,0.0,21.41
2025-10-11 03:48:16,020,CDKL5_005_182_57,0,0.0,15,1.0,0.0,21.39
2025-10-11 03:58:19,020,CDKL5_005_182_57,0,0.0,15,1.0,0.0,21.35
2025-10-11 04:08:22,020,CDKL5_005_182_57,0,0.0,15,1.0,0.0,21.31
2025-10-11 04:18:25,020,CDKL5_005_182_57,0,0.0,15,1.0,0.0,21.31
2025-10-11 04:28:28,020,CDKL5_005_182_57,30,0.05,12,0.941,0.0,21.31
2025-10-11 04:38:30,020,CDKL5_005_182_57,160,0.266,7,0.636,0.0,21.46
2025-10-11 04:48:34,020,CDKL5_005_182_57,163,0.271,7,0.632,0.0,21.51
2025-10-11 04:58:37,020,CDKL5_005_182_57,13,0.022,13,0.976,0.0,21.47
2025-10-11 05:08:40,020,CDKL5_005_182_57,62,0.103,12,0.886,0.0,21.44
2025-10-11 05:18:43,020,CDKL5_005_182_57,8,0.013,14,0.986,0.0,21.4
2025-10-11 05:28:57,020,CDKL5_005_182_57,214,0.357,7,0.567,0.0,21.53
2025-10-11 05:39:00,020,CDKL5_005_182_57,108,0.18,9,0.769,0.0,21.57
2025-10-11 05:49:03,020,CDKL5_005_182_57,0,0.0,15,1.0,0.0,21.5
2025-10-11 05:59:07,020,CDKL5_005_182_57,78,0.13,10,0.837,0.0,21.46
2025-10-11 06:09:10,020,CDKL5_005_182_57,0,0.0,15,1.0,0.1908,21.42
2025-10-11 06:19:13,020,CDKL5_005_182_57,0,0.0,15,1.0,0.1872,21.35
2025-10-11 06:29:16,020,CDKL5_005_182_57,0,0.0,15,1.0,0.1872,21.3
2025-10-11 06:39:20,020,CDKL5_005_182_57,0,0.0,15,1.0,0.1872,21.24
2025-10-11 06:49:23,020,CDKL5_005_182_57,0,0.0,15,1.0,0.1872,21.22
2025-10-11 06:59:26,020,CDKL5_005_182_57,0,0.0,15,1.0,0.1872,21.19
2025-10-11 07:09:29,020,CDKL5_005_182_57,0,0.0,15,1.0,0.1872,21.16
2025-10-11 07:19:32,020,CDKL5_005_182_57,6,0.01,14,0.989,0.1872,21.14
2025-10-11 07:29:35,020,CDKL5_005_182_57,0,0.0,15,1.0,0.18,21.16
2025-10-11 07:39:39,020,CDKL5_005_182_57,0,0.0,15,1.0,0.1728,21.15
2025-10-11 07:49:42,020,CDKL5_005_182_57,0,0.0,15,1.0,0.1836,21.13
2025-10-11 07:59:45,020,CDKL5_005_182_57,0,0.0,15,1.0,0.1728,21.12
2025-10-11 08:09:47,020,CDKL5_005_182_57,0,0.0,15,1.0,0.1728,21.1
2025-10-11 08:19:51,020,CDKL5_005_182_57,0,0.0,15,1.0,0.1728,21.08
2025-10-11 08:29:54,020,CDKL5_005_182_57,0,0.0,15,1.0,0.1728,21.08
2025-10-11 08:39:58,020,CDKL5_005_182_57,0,0.0,15,1.0,0.1728,21.07
2025-10-11 08:50:00,020,CDKL5_005_182_57,0,0.0,15,1.0,0.1728,21.06
2025-10-11 09:00:04,020,CDKL5_005_182_57,0,0.0,15,1.0,0.1728,21.05
2025-10-11 09:10:07,020,CDKL5_005_182_57,12,0.02,14,0.979,0.1728,21.07
2025-10-11 09:20:10,020,CDKL5_005_182_57,0,0.0,15,1.0,0.18,21.08
2025-10-11 09:30:27,020,CDKL5_005_182_57,0,0.0,15,1.0,0.18,21.1
2025-10-11 09:40:29,020,CDKL5_005_182_57,0,0.0,15,1.0,0.18,21.08
2025-10-11 09:50:33,020,CDKL5_005_182_57,0,0.0,15,1.0,0.1836,21.08
2025-10-11 10:00:36,020,CDKL5_005_182_57,0,0.0,15,1.0,0.2052,21.08
2025-10-11 10:10:39,020,CDKL5_005_182_57,0,0.0,15,1.0,0.2052,21.06
2025-10-11 10:20:41,020,CDKL5_005_182_57,0,0.0,15,1.0,0.1944,21.05
2025-10-11 10:30:44,020,CDKL5_005_182_57,8,0.013,14,0.986,0.2016,21.04
2025-10-11 10:40:47,020,CDKL5_005_182_57,0,0.0,15,1.0,0.2052,21.03
2025-10-11 10:50:50,020,CDKL5_005_182_57,0,0.0,15,1.0,0.18,20.99
2025-10-11 11:00:53,020,CDKL5_005_182_57,0,0.0,15,1.0,0.18,20.97
2025-10-11 11:10:57,020,CDKL5_005_182_57,0,0.0,15,1.0,0.18,20.94
2025-10-11 11:21:00,020,CDKL5_005_182_57,0,0.0,15,1.0,0.18,20.92
2025-10-11 11:31:03,020,CDKL5_005_182_57,0,0.0,15,1.0,0.1872,20.89
2025-10-11 11:41:07,020,CDKL5_005_182_57,0,0.0,15,1.0,0.18,20.87
2025-10-11 11:51:10,020,CDKL5_005_182_57,0,0.0,15,1.0,0.18,20.86
2025-10-11 12:01:13,020,CDKL5_005_182_57,0,0.0,15,1.0,0.18,20.84
2025-10-11 12:11:16,020,CDKL5_005_182_57,0,0.0,15,1.0,0.18,20.84
2025-10-11 12:21:19,020,CDKL5_005_182_57,0,0.0,15,1.0,0.18,20.83
2025-10-11 12:31:22,020,CDKL5_005_182_57,0,0.0,15,1.0,0.1836,20.84
2025-10-11 12:41:26,020,CDKL5_005_182_57,0,0.0,15,1.0,0.1944,20.84
2025-10-11 12:51:29,020,CDKL5_005_182_57,41,0.068,13,0.927,0.1944,20.91
2025-10-11 13:01:32,020,CDKL5_005_182_57,28,0.047,12,0.945,0.1836,20.91
2025-10-11 13:11:35,020,CDKL5_005_182_57,0,0.0,15,1.0,0.18,20.93
2025-10-11 13:21:38,020,CDKL5_005_182_57,0,0.0,15,1.0,0.18,20.89
2025-10-11 13:31:59,020,CDKL5_005_182_57,0,0.0,15,1.0,0.18,20.92
2025-10-11 13:42:02,020,CDKL5_005_182_57,0,0.0,15,1.0,0.1836,20.9
2025-10-11 13:52:05,020,CDKL5_005_182_57,0,0.0,15,1.0,0.1836,20.86
2025-10-11 14:02:08,020,CDKL5_005_182_57,0,0.0,15,1.0,0.18,20.83
2025-10-11 14:12:11,020,CDKL5_005_182_57,0,0.0,15,1.0,0.18,20.81
2025-10-11 14:22:15,020,CDKL5_005_182_57,11,0.018,13,0.979,0.1728,20.81
2025-10-11 14:32:18,020,CDKL5_005_182_57,0,0.0,15,1.0,0.1728,20.8
2025-10-11 14:42:21,020,CDKL5_005_182_57,0,0.0,15,1.0,0.1728,20.79
2025-10-11 14:52:24,020,CDKL5_005_182_57,0,0.0,15,1.0,0.1728,20.78
2025-10-11 15:02:27,020,CDKL5_005_182_57,0,0.0,15,1.0,0.1728,20.78
2025-10-11 15:12:30,020,CDKL5_005_182_57,0,0.0,15,1.0,0.1728,20.78
2025-10-11 15:22:33,020,CDKL5_005_182_57,0,0.0,15,1.0,0.1728,20.79
2025-10-11 15:32:36,020,CDKL5_005_182_57,0,0.0,15,1.0,0.1728,20.8
2025-10-11 15:42:40,020,CDKL5_005_182_57,0,0.0,15,1.0,0.1728,20.81
2025-10-11 15:52:43,020,CDKL5_005_182_57,0,0.0,15,1.0,0.1692,20.81
2025-10-11 16:02:46,020,CDKL5_005_182_57,23,0.038,13,0.958,0.18,20.83
2025-10-11 16:12:49,020,CDKL5_005_182_57,0,0.0,15,1.0,0.1836,20.84
2025-10-11 16:22:53,020,CDKL5_005_182_57,0,0.0,15,1.0,0.1944,20.83
2025-10-11 16:32:56,020,CDKL5_005_182_57,0,0.0,15,1.0,0.1944,20.83
2025-10-11 16:43:00,020,CDKL5_005_182_57,0,0.0,15,1.0,0.1944,20.84
2025-10-11 16:53:03,020,CDKL5_005_182_57,0,0.0,15,1.0,0.18,20.87
2025-10-11 17:03:06,020,CDKL5_005_182_57,0,0.0,15,1.0,0.1944,20.91
2025-10-11 17:13:09,020,CDKL5_005_182_57,0,0.0,15,1.0,0.1944,20.92
2025-10-11 17:23:12,020,CDKL5_005_182_57,0,0.0,15,1.0,0.18,20.93
2025-10-11 17:33:27,020,CDKL5_005_182_57,38,0.063,12,0.927,0.1656,21.02
2025-10-11 17:43:30,020,CDKL5_005_182_57,28,0.047,12,0.945,0.1836,21.06
2025-10-11 17:53:34,020,CDKL5_005_182_57,0,0.0,15,1.0,0.1836,21.06
2025-10-11 18:03:36,020,CDKL5_005_182_57,0,0.0,15,1.0,0.0,21.07
2025-10-11 18:13:40,020,CDKL5_005_182_57,15,0.025,14,0.974,0.0,21.08
2025-10-11 18:23:42,020,CDKL5_005_182_57,249,0.414,2,0.243,0.0,21.24
2025-10-11 18:33:46,020,CDKL5_005_182_57,23,0.038,12,0.954,0.0,21.29
2025-10-11 18:43:49,020,CDKL5_005_182_57,175,0.291,7,0.615,0.0,21.37
2025-10-11 18:53:52,020,CDKL5_005_182_57,222,0.369,2,0.265,0.0,21.57
2025-10-11 19:03:56,020,CDKL5_005_182_57,228,0.379,4,0.412,0.0,21.72
2025-10-11 19:13:59,020,CDKL5_005_182_57,120,0.199,9,0.75,0.0,21.83
2025-10-11 19:24:02,020,CDKL5_005_182_57,5,0.008,14,0.991,0.0,21.72
2025-10-11 19:34:05,020,CDKL5_005_182_57,81,0.135,10,0.832,0.0,21.69
2025-10-11 19:44:08,020,CDKL5_005_182_57,120,0.2,8,0.727,0.0,21.69
2025-10-11 19:54:11,020,CDKL5_005_182_57,127,0.211,7,0.688,0.0,21.96
2025-10-11 20:04:14,020,CDKL5_005_182_57,73,0.121,12,0.868,0.0,21.84
2025-10-11 20:14:17,020,CDKL5_005_182_57,266,0.443,4,0.376,0.0,21.9
2025-10-11 20:24:21,020,CDKL5_005_182_57,6,0.01,14,0.989,0.0,21.79
2025-10-11 20:34:24,020,CDKL5_005_182_57,64,0.106,11,0.873,0.0,21.73
2025-10-11 20:44:28,020,CDKL5_005_182_57,0,0.0,15,1.0,0.0,21.65
2025-10-11 20:54:31,020,CDKL5_005_182_57,17,0.028,13,0.968,0.0,21.62
2025-10-11 21:04:34,020,CDKL5_005_182_57,0,0.0,15,1.0,0.0,21.58
2025-10-11 21:14:37,020,CDKL5_005_182_57,13,0.022,13,0.976,0.0,21.55
2025-10-11 21:24:39,020,CDKL5_005_182_57,0,0.0,15,1.0,0.0,21.52
2025-10-11 21:34:56,020,CDKL5_005_182_57,93,0.155,10,0.811,0.0,21.57
2025-10-11 21:44:59,020,CDKL5_005_182_57,48,0.08,12,0.909,0.0,21.57
2025-10-11 21:55:01,020,CDKL5_005_182_57,232,0.386,6,0.508,0.0,21.69
2025-10-11 22:05:05,020,CDKL5_005_182_57,190,0.316,6,0.558,0.0,21.9
2025-10-11 22:15:08,020,CDKL5_005_182_57,137,0.228,6,0.637,0.0,21.86
2025-10-11 22:25:11,020,CDKL5_005_182_57,47,0.078,12,0.911,0.0,21.76
2025-10-11 22:35:14,020,CDKL5_005_182_57,310,0.516,4,0.34,0.0,21.97
2025-10-11 22:45:17,020,CDKL5_005_182_57,11,0.018,13,0.979,0.0,21.86
2025-10-11 22:55:21,020,CDKL5_005_182_57,33,0.055,12,0.936,0.0,21.76
2025-10-11 23:05:24,020,CDKL5_005_182_57,0,0.0,15,1.0,0.0,21.7
2025-10-11 23:15:27,020,CDKL5_005_182_57,0,0.0,15,1.0,0.0,21.64
2025-10-11 23:25:30,020,CDKL5_005_182_57,0,0.0,15,1.0,0.0,21.59
2025-10-11 23:35:33,020,CDKL5_005_182_57,0,0.0,15,1.0,0.0,21.54
2025-10-11 23:45:37,020,CDKL5_005_182_57,0,0.0,15,1.0,0.0,21.49
2025-10-11 23:55:39,020,CDKL5_005_182_57,0,0.0,15,1.0,0.0,21.44
2025-10-12 00:05:43,020,CDKL5_005_182_57,1,0.002,14,0.998,0.0,21.43
2025-10-12 00:15:46,020,CDKL5_005_182_57,33,0.055,13,0.94,0.0,21.42
2025-10-12 00:25:49,020,CDKL5_005_182_57,12,0.02,14,0.979,0.0,21.41
2025-10-12 00:35:52,020,CDKL5_005_182_57,127,0.211,8,0.716,0.0,21.51
2025-10-12 00:45:56,020,CDKL5_005_182_57,13,0.022,14,0.977,0.0,21.47
2025-10-12 00:55:59,020,CDKL5_005_182_57,0,0.0,15,1.0,0.0,21.41
2025-10-12 01:06:02,020,CDKL5_005_182_57,0,0.0,15,1.0,0.0,21.38
2025-10-12 01:16:05,020,CDKL5_005_182_57,0,0.0,15,1.0,0.0,21.35
2025-10-12 01:26:09,020,CDKL5_005_182_57,0,0.0,15,1.0,0.0,21.32
2025-10-12 01:36:23,020,CDKL5_005_182_57,0,0.0,15,1.0,0.0,21.32
2025-10-12 01:46:26,020,CDKL5_005_182_57,0,0.0,15,1.0,0.0,21.3
2025-10-12 01:56:29,020,CDKL5_005_182_57,23,0.038,13,0.958,0.0,21.31
2025-10-12 02:06:33,020,CDKL5_005_182_57,12,0.02,14,0.979,0.0,21.3
2025-10-12 02:16:36,020,CDKL5_005_182_57,0,0.0,15,1.0,0.0,21.31
2025-10-12 02:26:40,020,CDKL5_005_182_57,0,0.0,15,1.0,0.0,21.28
2025-10-12 02:36:44,020,CDKL5_005_182_57,0,0.0,15,1.0,0.0,21.27
2025-10-12 02:46:47,020,CDKL5_005_182_57,0,0.0,15,1.0,0.0,21.27
2025-10-12 02:56:50,020,CDKL5_005_182_57,57,0.095,12,0.894,0.0,21.29
2025-10-12 03:06:54,020,CDKL5_005_182_57,237,0.394,4,0.403,0.0,21.57
2025-10-12 03:16:57,020,CDKL5_005_182_57,53,0.088,10,0.883,0.0,21.53
2025-10-12 03:27:00,020,CDKL5_005_182_57,171,0.285,6,0.584,0.0,21.69
2025-10-12 03:37:04,020,CDKL5_005_182_57,0,0.0,15,1.0,0.0,21.6
2025-10-12 03:47:06,020,CDKL5_005_182_57,0,0.0,15,1.0,0.0,21.53
2025-10-12 03:57:09,020,CDKL5_005_182_57,0,0.0,15,1.0,0.0,21.47
2025-10-12 04:07:11,020,CDKL5_005_182_57,0,0.0,15,1.0,0.0,21.41
2025-10-12 04:17:14,020,CDKL5_005_182_57,0,0.0,15,1.0,0.0,21.39
2025-10-12 04:27:17,020,CDKL5_005_182_57,0,0.0,15,1.0,0.0,21.36
2025-10-12 04:37:20,020,CDKL5_005_182_57,0,0.0,15,1.0,0.0,21.33
2025-10-12 04:47:23,020,CDKL5_005_182_57,60,0.1,10,0.87,0.0,21.35
2025-10-12 04:57:26,020,CDKL5_005_182_57,30,0.05,13,0.945,0.0,21.34
2025-10-12 05:07:31,020,CDKL5_005_182_57,161,0.267,7,0.635,0.0,21.42
2025-10-12 05:17:34,020,CDKL5_005_182_57,214,0.356,4,0.428,0.0,21.59
2025-10-12 05:27:37,020,CDKL5_005_182_57,191,0.318,5,0.512,0.0,21.7
2025-10-12 05:37:55,020,CDKL5_005_182_57,126,0.21,9,0.741,0.0,21.7
2025-10-12 05:47:59,020,CDKL5_005_182_57,168,0.28,9,0.682,0.0,21.8
2025-10-12 05:58:01,020,CDKL5_005_182_57,79,0.131,10,0.835,0.0,21.69
2025-10-12 06:08:05,020,CDKL5_005_182_57,32,0.053,13,0.942,0.1368,21.62
2025-10-12 06:18:08,020,CDKL5_005_182_57,57,0.095,10,0.875,0.1728,21.59
2025-10-12 06:28:11,020,CDKL5_005_182_57,0,0.0,15,1.0,0.1728,21.5
2025-10-12 06:38:14,020,CDKL5_005_182_57,0,0.0,15,1.0,0.1728,21.44
2025-10-12 06:48:18,020,CDKL5_005_182_57,0,0.0,15,1.0,0.18,21.39
2025-10-12 06:58:21,020,CDKL5_005_182_57,0,0.0,15,1.0,0.1836,21.34
2025-10-12 07:08:24,020,CDKL5_005_182_57,0,0.0,15,1.0,0.1836,21.31
2025-10-12 07:18:27,020,CDKL5_005_182_57,0,0.0,15,1.0,0.1764,21.28
2025-10-12 07:28:31,020,CDKL5_005_182_57,0,0.0,15,1.0,0.1836,21.25
2025-10-12 07:38:35,020,CDKL5_005_182_57,0,0.0,15,1.0,0.1728,21.23
2025-10-12 07:48:38,020,CDKL5_005_182_57,0,0.0,15,1.0,0.1728,21.21
2025-10-12 07:58:41,020,CDKL5_005_182_57,0,0.0,15,1.0,0.1836,21.19
2025-10-12 08:08:43,020,CDKL5_005_182_57,0,0.0,15,1.0,0.1836,21.17
2025-10-12 08:18:46,020,CDKL5_005_182_57,0,0.0,15,1.0,0.1836,21.16
2025-10-12 08:28:49,020,CDKL5_005_182_57,0,0.0,15,1.0,0.1836,21.14
2025-10-12 08:38:52,020,CDKL5_005_182_57,0,0.0,15,1.0,0.1728,21.13
2025-10-12 08:48:55,020,CDKL5_005_182_57,0,0.0,15,1.0,0.1728,21.13
2025-10-12 08:58:59,020,CDKL5_005_182_57,0,0.0,15,1.0,0.1728,21.12
2025-10-12 09:09:02,020,CDKL5_005_182_57,0,0.0,15,1.0,0.1728,21.11
2025-10-12 09:19:06,020,CDKL5_005_182_57,0,0.0,15,1.0,0.1908,21.11
2025-10-12 09:29:09,020,CDKL5_005_182_57,0,0.0,15,1.0,0.1728,21.1
2025-10-12 09:39:31,020,CDKL5_005_182_57,0,0.0,15,1.0,0.1728,21.15
2025-10-12 09:49:34,020,CDKL5_005_182_57,0,0.0,15,1.0,0.1836,21.13
2025-10-12 09:59:37,020,CDKL5_005_182_57,9,0.015,14,0.984,0.1836,21.14
2025-10-12 10:09:40,020,CDKL5_005_182_57,70,0.116,11,0.863,0.1692,21.19
2025-10-12 10:19:44,020,CDKL5_005_182_57,46,0.076,9,0.887,0.1944,21.22
2025-10-12 10:29:48,020,CDKL5_005_182_57,15,0.025,12,0.97,0.1656,21.23
2025-10-12 10:39:51,020,CDKL5_005_182_57,15,0.025,13,0.972,0.1728,21.24
2025-10-12 10:49:54,020,CDKL5_005_182_57,2,0.003,14,0.996,0.1908,21.23
2025-10-12 10:59:58,020,CDKL5_005_182_57,0,0.0,15,1.0,0.1836,21.21
2025-10-12 11:10:01,020,CDKL5_005_182_57,0,0.0,15,1.0,0.1836,21.19
2025-10-12 11:20:04,020,CDKL5_005_182_57,0,0.0,15,1.0,0.1728,21.19
2025-10-12 11:30:07,020,CDKL5_005_182_57,0,0.0,15,1.0,0.1728,21.15
2025-10-12 11:40:11,020,CDKL5_005_182_57,0,0.0,15,1.0,0.1728,21.14
2025-10-12 11:50:13,020,CDKL5_005_182_57,0,0.0,15,1.0,0.1728,21.11
2025-10-12 12:00:17,020,CDKL5_005_182_57,0,0.0,15,1.0,0.1728,21.1
2025-10-12 12:10:20,020,CDKL5_005_182_57,0,0.0,15,1.0,0.1728,21.08
2025-10-12 12:20:23,020,CDKL5_005_182_57,0,0.0,15,1.0,0.1728,21.09
2025-10-12 12:30:26,020,CDKL5_005_182_57,0,0.0,15,1.0,0.1836,21.08
2025-10-12 12:40:29,020,CDKL5_005_182_57,12,0.02,14,0.979,0.1764,21.09
2025-10-12 12:50:32,020,CDKL5_005_182_57,0,0.0,15,1.0,0.1656,21.07
2025-10-12 13:00:35,020,CDKL5_005_182_57,0,0.0,15,1.0,0.1656,21.05
2025-10-12 13:10:38,020,CDKL5_005_182_57,0,0.0,15,1.0,0.1764,21.03
2025-10-12 13:20:41,020,CDKL5_005_182_57,0,0.0,15,1.0,0.1656,21.03
2025-10-12 13:30:45,020,CDKL5_005_182_57,0,0.0,15,1.0,0.1656,21.01
2025-10-12 13:40:59,020,CDKL5_005_182_57,0,0.0,15,1.0,0.1764,21.03
2025-10-12 13:51:02,020,CDKL5_005_182_57,0,0.0,15,1.0,0.1656,21.0
2025-10-12 14:01:05,020,CDKL5_005_182_57,0,0.0,15,1.0,0.1656,20.99
2025-10-12 14:11:08,020,CDKL5_005_182_57,0,0.0,15,1.0,0.1728,20.99
2025-10-12 14:21:12,020,CDKL5_005_182_57,3,0.005,15,0.995,0.1584,20.98
2025-10-12 14:31:15,020,CDKL5_005_182_57,41,0.068,10,0.907,0.1656,21.02
2025-10-12 14:41:18,020,CDKL5_005_182_57,0,0.0,15,1.0,0.1728,21.02
2025-10-12 14:51:21,020,CDKL5_005_182_57,0,0.0,15,1.0,0.1728,21.02
2025-10-12 15:01:24,020,CDKL5_005_182_57,0,0.0,15,1.0,0.1728,21.01
2025-10-12 15:11:27,020,CDKL5_005_182_57,0,0.0,15,1.0,0.1728,21.01
2025-10-12 15:21:30,020,CDKL5_005_182_57,0,0.0,15,1.0,0.1728,21.0
2025-10-12 15:31:33,020,CDKL5_005_182_57,0,0.0,15,1.0,0.1728,20.99
2025-10-12 15:41:36,020,CDKL5_005_182_57,0,0.0,15,1.0,0.1728,20.99
2025-10-12 15:51:40,020,CDKL5_005_182_57,0,0.0,15,1.0,0.1656,20.99
2025-10-12 16:01:43,020,CDKL5_005_182_57,0,0.0,15,1.0,0.18,21.01
2025-10-12 16:11:46,020,CDKL5_005_182_57,0,0.0,15,1.0,0.1836,21.01
2025-10-12 16:21:49,020,CDKL5_005_182_57,0,0.0,15,1.0,0.1836,21.01
2025-10-12 16:31:52,020,CDKL5_005_182_57,0,0.0,15,1.0,0.18,21.01
2025-10-12 16:41:54,020,CDKL5_005_182_57,0,0.0,15,1.0,0.1692,21.03
2025-10-12 16:51:57,020,CDKL5_005_182_57,0,0.0,15,1.0,0.1836,21.03
2025-10-12 17:02:00,020,CDKL5_005_182_57,0,0.0,15,1.0,0.1908,21.02
2025-10-12 17:12:03,020,CDKL5_005_182_57,0,0.0,15,1.0,0.18,21.01
2025-10-12 17:22:07,020,CDKL5_005_182_57,0,0.0,15,1.0,0.1944,21.0
2025-10-12 17:32:10,020,CDKL5_005_182_57,0,0.0,15,1.0,0.1728,21.0
2025-10-12 17:42:31,020,CDKL5_005_182_57,114,0.19,6,0.678,0.1656,21.13
2025-10-12 17:52:35,020,CDKL5_005_182_57,0,0.0,15,1.0,0.2016,21.11
2025-10-12 18:02:38,020,CDKL5_005_182_57,2,0.003,15,0.997,0.0,21.11
2025-10-12 18:12:41,020,CDKL5_005_182_57,0,0.0,15,1.0,0.0,21.09
2025-10-12 18:22:44,020,CDKL5_005_182_57,76,0.126,10,0.84,0.0,21.16
2025-10-12 18:32:47,020,CDKL5_005_182_57,87,0.145,7,0.763,0.0,21.25
2025-10-12 18:42:50,020,CDKL5_005_182_57,247,0.411,5,0.447,0.0,21.54
2025-10-12 18:52:53,020,CDKL5_005_182_57,111,0.185,7,0.716,0.0,21.55
2025-10-12 19:02:57,020,CDKL5_005_182_57,129,0.215,8,0.713,0.0,21.56
2025-10-12 19:13:00,020,CDKL5_005_182_57,187,0.311,4,0.461,0.0,21.64
2025-10-12 19:23:03,020,CDKL5_005_182_57,125,0.208,7,0.691,0.0,21.65
2025-10-12 19:33:06,020,CDKL5_005_182_57,65,0.108,13,0.889,0.0,21.67
2025-10-12 19:43:09,020,CDKL5_005_182_57,87,0.145,10,0.821,0.0,21.68
2025-10-12 19:53:13,020,CDKL5_005_182_57,72,0.12,10,0.847,0.0,21.69
2025-10-12 20:03:16,020,CDKL5_005_182_57,0,0.0,15,1.0,0.0,21.62
2025-10-12 20:13:19,020,CDKL5_005_182_57,0,0.0,15,1.0,0.0,21.57
2025-10-12 20:23:22,020,CDKL5_005_182_57,0,0.0,15,1.0,0.0,21.53
2025-10-12 20:33:25,020,CDKL5_005_182_57,23,0.038,12,0.954,0.0,21.52
2025-10-12 20:43:29,020,CDKL5_005_182_57,49,0.081,12,0.907,0.0,21.56
2025-10-12 20:53:32,020,CDKL5_005_182_57,200,0.332,5,0.5,0.0,21.64
2025-10-12 21:03:34,020,CDKL5_005_182_57,87,0.145,9,0.805,0.0,21.72
2025-10-12 21:13:37,020,CDKL5_005_182_57,176,0.293,7,0.614,0.0,21.75
2025-10-12 21:23:40,020,CDKL5_005_182_57,195,0.324,6,0.552,0.0,21.89
2025-10-12 21:33:43,020,CDKL5_005_182_57,62,0.103,11,0.876,0.0,21.78
2025-10-12 21:43:59,020,CDKL5_005_182_57,158,0.263,8,0.669,0.0,21.9
2025-10-12 21:54:02,020,CDKL5_005_182_57,35,0.058,12,0.932,0.0,21.81
2025-10-12 22:04:06,020,CDKL5_005_182_57,0,0.0,15,1.0,0.0,21.69
2025-10-12 22:14:09,020,CDKL5_005_182_57,29,0.048,11,0.938,0.0,21.62
2025-10-12 22:24:12,020,CDKL5_005_182_57,0,0.0,15,1.0,0.0,21.55
2025-10-12 22:34:15,020,CDKL5_005_182_57,0,0.0,15,1.0,0.0,21.49
2025-10-12 22:44:18,020,CDKL5_005_182_57,0,0.0,15,1.0,0.0,21.41
2025-10-12 22:54:22,020,CDKL5_005_182_57,0,0.0,15,1.0,0.0,21.37
2025-10-12 23:04:25,020,CDKL5_005_182_57,0,0.0,15,1.0,0.0,21.34
2025-10-12 23:14:28,020,CDKL5_005_182_57,7,0.012,14,0.988,0.0,21.35
2025-10-12 23:24:31,020,CDKL5_005_182_57,0,0.0,15,1.0,0.0,21.33
2025-10-12 23:34:35,020,CDKL5_005_182_57,0,0.0,15,1.0,0.0,21.32
2025-10-12 23:44:38,020,CDKL5_005_182_57,0,0.0,15,1.0,0.0,21.32
2025-10-12 23:54:42,020,CDKL5_005_182_57,49,0.081,12,0.907,0.0,21.34
2025-10-11 00:08:41,023,CDKL5_005_182_61,12,0.02,14,0.979,0.0,22.05
2025-10-11 00:18:44,023,CDKL5_005_182_61,325,0.541,2,0.198,0.0,22.25
2025-10-11 00:28:46,023,CDKL5_005_182_61,208,0.346,6,0.536,0.0,22.39
2025-10-11 00:38:49,023,CDKL5_005_182_61,7,0.012,13,0.987,0.0,22.35
2025-10-11 00:48:53,023,CDKL5_005_182_61,0,0.0,15,1.0,0.0,22.29
2025-10-11 00:58:55,023,CDKL5_005_182_61,0,0.0,15,1.0,0.0,22.24
2025-10-11 01:08:58,023,CDKL5_005_182_61,0,0.0,15,1.0,0.0,22.21
2025-10-11 01:19:01,023,CDKL5_005_182_61,123,0.205,9,0.745,0.0,22.25
2025-10-11 01:29:04,023,CDKL5_005_182_61,198,0.329,5,0.503,0.0,22.32
2025-10-11 01:39:07,023,CDKL5_005_182_61,149,0.248,8,0.682,0.0,22.34
2025-10-11 01:49:10,023,CDKL5_005_182_61,0,0.0,15,1.0,0.0,22.31
2025-10-11 01:59:13,023,CDKL5_005_182_61,47,0.078,12,0.911,0.0,22.3
2025-10-11 02:09:32,023,CDKL5_005_182_61,0,0.0,15,1.0,0.0,22.3
2025-10-11 02:19:36,023,CDKL5_005_182_61,0,0.0,15,1.0,0.0,22.25
2025-10-11 02:29:39,023,CDKL5_005_182_61,4,0.007,15,0.993,0.0,22.21
2025-10-11 02:39:43,023,CDKL5_005_182_61,0,0.0,15,1.0,0.0,22.19
2025-10-11 02:49:46,023,CDKL5_005_182_61,0,0.0,15,1.0,0.0,22.15
2025-10-11 02:59:49,023,CDKL5_005_182_61,20,0.033,14,0.966,0.0,22.12
2025-10-11 03:09:52,023,CDKL5_005_182_61,346,0.577,1,0.104,0.0,22.23
2025-10-11 03:19:55,023,CDKL5_005_182_61,114,0.19,11,0.794,0.0,22.25
2025-10-11 03:29:59,023,CDKL5_005_182_61,0,0.0,15,1.0,0.0,22.21
2025-10-11 03:40:02,023,CDKL5_005_182_61,0,0.0,15,1.0,0.0,22.16
2025-10-11 03:50:05,023,CDKL5_005_182_61,0,0.0,15,1.0,0.0,22.12
2025-10-11 04:00:08,023,CDKL5_005_182_61,7,0.012,15,0.988,0.0,22.12
2025-10-11 04:10:11,023,CDKL5_005_182_61,0,0.0,15,1.0,0.0,22.07
2025-10-11 04:20:14,023,CDKL5_005_182_61,16,0.027,14,0.972,0.0,22.09
2025-10-11 04:30:16,023,CDKL5_005_182_61,0,0.0,15,1.0,0.0,22.09
2025-10-11 04:40:19,023,CDKL5_005_182_61,0,0.0,15,1.0,0.0,22.06
2025-10-11 04:50:22,023,CDKL5_005_182_61,0,0.0,15,1.0,0.0,22.06
2025-10-11 05:00:25,023,CDKL5_005_182_61,62,0.103,13,0.893,0.0,22.08
2025-10-11 05:10:28,023,CDKL5_005_182_61,0,0.0,15,1.0,0.0,22.06
2025-10-11 05:20:31,023,CDKL5_005_182_61,3,0.005,14,0.995,0.0,22.05
2025-10-11 05:30:34,023,CDKL5_005_182_61,0,0.0,15,1.0,0.0,22.03
2025-10-11 05:40:38,023,CDKL5_005_182_61,0,0.0,15,1.0,0.0,22.02
2025-10-11 05:50:41,023,CDKL5_005_182_61,0,0.0,15,1.0,0.0,21.99
2025-10-11 06:00:43,023,CDKL5_005_182_61,34,0.057,10,0.922,0.1656,22.0
2025-10-11 06:11:22,023,CDKL5_005_182_61,10,0.017,14,0.982,0.1872,22.11
2025-10-11 06:21:25,023,CDKL5_005_182_61,0,0.0,15,1.0,0.1872,22.05
2025-10-11 06:31:28,023,CDKL5_005_182_61,0,0.0,15,1.0,0.1872,22.03
2025-10-11 06:41:31,023,CDKL5_005_182_61,0,0.0,15,1.0,0.1872,21.99
2025-10-11 06:51:34,023,CDKL5_005_182_61,0,0.0,15,1.0,0.1872,21.96
2025-10-11 07:01:37,023,CDKL5_005_182_61,0,0.0,15,1.0,0.1872,21.94
2025-10-11 07:11:40,023,CDKL5_005_182_61,0,0.0,15,1.0,0.1908,21.91
2025-10-11 07:21:43,023,CDKL5_005_182_61,0,0.0,15,1.0,0.1908,21.89
2025-10-11 07:31:46,023,CDKL5_005_182_61,0,0.0,15,1.0,0.1908,21.88
2025-10-11 07:41:49,023,CDKL5_005_182_61,6,0.01,15,0.99,0.1908,21.86
2025-10-11 07:51:52,023,CDKL5_005_182_61,0,0.0,15,1.0,0.1872,21.85
2025-10-11 08:01:55,023,CDKL5_005_182_61,0,0.0,15,1.0,0.1872,21.85
2025-10-11 08:11:58,023,CDKL5_005_182_61,0,0.0,15,1.0,0.1872,21.82
2025-10-11 08:22:01,023,CDKL5_005_182_61,0,0.0,15,1.0,0.1872,21.8
2025-10-11 08:32:05,023,CDKL5_005_182_61,0,0.0,15,1.0,0.1872,21.79
2025-10-11 08:42:08,023,CDKL5_005_182_61,0,0.0,15,1.0,0.1872,21.77
2025-10-11 08:52:11,023,CDKL5_005_182_61,0,0.0,15,1.0,0.1872,21.76
2025-10-11 09:02:14,023,CDKL5_005_182_61,0,0.0,15,1.0,0.1872,21.75
2025-10-11 09:12:17,023,CDKL5_005_182_61,0,0.0,15,1.0,0.1872,21.75
2025-10-11 09:22:20,023,CDKL5_005_182_61,0,0.0,15,1.0,0.1872,21.73
2025-10-11 09:32:25,023,CDKL5_005_182_61,0,0.0,15,1.0,0.1872,21.73
2025-10-11 09:42:28,023,CDKL5_005_182_61,0,0.0,15,1.0,0.1872,21.73
2025-10-11 09:52:31,023,CDKL5_005_182_61,4,0.007,14,0.993,0.1908,21.73
2025-10-11 10:02:34,023,CDKL5_005_182_61,0,0.0,15,1.0,0.1944,21.73
2025-10-11 10:12:53,023,CDKL5_005_182_61,0,0.0,15,1.0,0.1944,21.77
2025-10-11 10:22:56,023,CDKL5_005_182_61,0,0.0,15,1.0,0.1944,21.72
2025-10-11 10:32:59,023,CDKL5_005_182_61,0,0.0,15,1.0,0.1944,21.69
2025-10-11 10:43:02,023,CDKL5_005_182_61,0,0.0,15,1.0,0.1944,21.66
2025-10-11 10:53:05,023,CDKL5_005_182_61,0,0.0,15,1.0,0.1908,21.64
2025-10-11 11:03:08,023,CDKL5_005_182_61,0,0.0,15,1.0,0.18,21.6
2025-10-11 11:13:11,023,CDKL5_005_182_61,0,0.0,15,1.0,0.18,21.57
2025-10-11 11:23:14,023,CDKL5_005_182_61,0,0.0,15,1.0,0.18,21.56
2025-10-11 11:33:18,023,CDKL5_005_182_61,0,0.0,15,1.0,0.18,21.55
2025-10-11 11:43:21,023,CDKL5_005_182_61,0,0.0,15,1.0,0.18,21.53
2025-10-11 11:53:25,023,CDKL5_005_182_61,0,0.0,15,1.0,0.18,21.52
2025-10-11 12:03:27,023,CDKL5_005_182_61,0,0.0,15,1.0,0.18,21.51
2025-10-11 12:13:30,023,CDKL5_005_182_61,0,0.0,15,1.0,0.18,21.5
2025-10-11 12:23:32,023,CDKL5_005_182_61,0,0.0,15,1.0,0.18,21.51
2025-10-11 12:33:35,023,CDKL5_005_182_61,0,0.0,15,1.0,0.1944,21.5
2025-10-11 12:43:38,023,CDKL5_005_182_61,0,0.0,15,1.0,0.1944,21.49
2025-10-11 12:53:41,023,CDKL5_005_182_61,0,0.0,15,1.0,0.18,21.49
2025-10-11 13:03:44,023,CDKL5_005_182_61,0,0.0,15,1.0,0.18,21.48
2025-10-11 13:13:48,023,CDKL5_005_182_61,0,0.0,15,1.0,0.18,21.48
2025-10-11 13:23:52,023,CDKL5_005_182_61,0,0.0,15,1.0,0.18,21.47
2025-10-11 13:33:54,023,CDKL5_005_182_61,0,0.0,15,1.0,0.18,21.46
2025-10-11 13:43:57,023,CDKL5_005_182_61,38,0.063,12,0.927,0.18,21.46
2025-10-11 13:54:00,023,CDKL5_005_182_61,0,0.0,15,1.0,0.18,21.46
2025-10-11 14:04:04,023,CDKL5_005_182_61,0,0.0,15,1.0,0.18,21.45
2025-10-11 14:14:18,023,CDKL5_005_182_61,0,0.0,15,1.0,0.18,21.46
2025-10-11 14:24:21,023,CDKL5_005_182_61,0,0.0,15,1.0,0.18,21.43
2025-10-11 14:34:24,023,CDKL5_005_182_61,0,0.0,15,1.0,0.18,21.43
2025-10-11 14:44:27,023,CDKL5_005_182_61,0,0.0,15,1.0,0.18,21.41
2025-10-11 14:54:30,023,CDKL5_005_182_61,0,0.0,15,1.0,0.18,21.41
2025-10-11 15:04:34,023,CDKL5_005_182_61,0,0.0,15,1.0,0.18,21.4
2025-10-11 15:14:37,023,CDKL5_005_182_61,0,0.0,15,1.0,0.18,21.39
2025-10-11 15:24:39,023,CDKL5_005_182_61,0,0.0,15,1.0,0.18,21.39
2025-10-11 15:34:43,023,CDKL5_005_182_61,0,0.0,15,1.0,0.18,21.39
2025-10-11 15:44:46,023,CDKL5_005_182_61,0,0.0,15,1.0,0.18,21.39
2025-10-11 15:54:49,023,CDKL5_005_182_61,0,0.0,15,1.0,0.18,21.41
2025-10-11 16:04:52,023,CDKL5_005_182_61,0,0.0,15,1.0,0.18,21.41
2025-10-11 16:14:55,023,CDKL5_005_182_61,0,0.0,15,1.0,0.18,21.41
2025-10-11 16:24:58,023,CDKL5_005_182_61,0,0.0,15,1.0,0.1944,21.42
2025-10-11 16:35:01,023,CDKL5_005_182_61,0,0.0,15,1.0,0.1944,21.43
2025-10-11 16:45:03,023,CDKL5_005_182_61,0,0.0,15,1.0,0.18,21.46
2025-10-11 16:55:06,023,CDKL5_005_182_61,0,0.0,15,1.0,0.18,21.49
2025-10-11 17:05:09,023,CDKL5_005_182_61,0,0.0,15,1.0,0.1944,21.51
2025-10-11 17:15:12,023,CDKL5_005_182_61,0,0.0,15,1.0,0.1944,21.54
2025-10-11 17:25:16,023,CDKL5_005_182_61,0,0.0,15,1.0,0.1908,21.55
2025-10-11 17:35:19,023,CDKL5_005_182_61,20,0.033,14,0.966,0.1836,21.58
2025-10-11 17:45:21,023,CDKL5_005_182_61,0,0.0,15,1.0,0.1836,21.6
2025-10-11 17:55:24,023,CDKL5_005_182_61,4,0.007,14,0.993,0.18,21.63
2025-10-11 18:05:27,023,CDKL5_005_182_61,0,0.0,15,1.0,0.0,21.64
2025-10-11 18:15:47,023,CDKL5_005_182_61,28,0.047,13,0.949,0.0,21.71
2025-10-11 18:25:51,023,CDKL5_005_182_61,202,0.336,8,0.613,0.0,21.78
2025-10-11 18:35:54,023,CDKL5_005_182_61,356,0.593,2,0.183,0.0,21.89
2025-10-11 18:45:58,023,CDKL5_005_182_61,167,0.277,9,0.683,0.0,21.97
2025-10-11 18:56:00,023,CDKL5_005_182_61,78,0.13,11,0.849,0.0,21.99
2025-10-11 19:06:04,023,CDKL5_005_182_61,0,0.0,15,1.0,0.0,21.97
2025-10-11 19:16:07,023,CDKL5_005_182_61,0,0.0,15,1.0,0.0,21.98
2025-10-11 19:26:10,023,CDKL5_005_182_61,0,0.0,15,1.0,0.0,21.95
2025-10-11 19:36:13,023,CDKL5_005_182_61,0,0.0,15,1.0,0.0,21.95
2025-10-11 19:46:15,023,CDKL5_005_182_61,5,0.008,14,0.991,0.0,21.95
2025-10-11 19:56:19,023,CDKL5_005_182_61,0,0.0,15,1.0,0.0,21.95
2025-10-11 20:06:22,023,CDKL5_005_182_61,0,0.0,15,1.0,0.0,21.94
2025-10-11 20:16:25,023,CDKL5_005_182_61,0,0.0,15,1.0,0.0,21.94
2025-10-11 20:26:28,023,CDKL5_005_182_61,0,0.0,15,1.0,0.0,21.93
2025-10-11 20:36:30,023,CDKL5_005_182_61,0,0.0,15,1.0,0.0,21.93
2025-10-11 20:46:33,023,CDKL5_005_182_61,0,0.0,15,1.0,0.0,21.92
2025-10-11 20:56:36,023,CDKL5_005_182_61,278,0.463,4,0.365,0.0,22.03
2025-10-11 21:06:40,023,CDKL5_005_182_61,320,0.532,3,0.273,0.0,22.14
2025-10-11 21:16:43,023,CDKL5_005_182_61,62,0.103,12,0.886,0.0,22.17
2025-10-11 21:26:46,023,CDKL5_005_182_61,0,0.0,15,1.0,0.0,22.11
2025-10-11 21:36:49,023,CDKL5_005_182_61,5,0.008,15,0.992,0.0,22.08
2025-10-11 21:46:52,023,CDKL5_005_182_61,0,0.0,15,1.0,0.0,22.05
2025-10-11 21:56:55,023,CDKL5_005_182_61,0,0.0,15,1.0,0.0,22.03
2025-10-11 22:06:57,023,CDKL5_005_182_61,0,0.0,15,1.0,0.0,22.02
2025-10-11 22:17:14,023,CDKL5_005_182_61,0,0.0,15,1.0,0.0,22.02
2025-10-11 22:27:17,023,CDKL5_005_182_61,0,0.0,15,1.0,0.0,21.99
2025-10-11 22:37:20,023,CDKL5_005_182_61,0,0.0,15,1.0,0.0,21.96
2025-10-11 22:47:24,023,CDKL5_005_182_61,0,0.0,15,1.0,0.0,21.94
2025-10-11 22:57:27,023,CDKL5_005_182_61,264,0.439,5,0.431,0.0,22.16
2025-10-11 23:07:30,023,CDKL5_005_182_61,304,0.507,3,0.283,0.0,22.31
2025-10-11 23:17:33,023,CDKL5_005_182_61,346,0.576,2,0.188,0.0,22.43
2025-10-11 23:27:36,023,CDKL5_005_182_61,25,0.042,11,0.946,0.0,22.33
2025-10-11 23:37:40,023,CDKL5_005_182_61,21,0.035,14,0.964,0.0,22.27
2025-10-11 23:47:43,023,CDKL5_005_182_61,76,0.126,11,0.853,0.0,22.22
2025-10-11 23:57:46,023,CDKL5_005_182_61,0,0.0,15,1.0,0.0,22.17
2025-10-12 00:07:49,023,CDKL5_005_182_61,1,0.002,14,0.998,0.0,22.11
2025-10-12 00:17:51,023,CDKL5_005_182_61,0,0.0,15,1.0,0.0,22.07
2025-10-12 00:27:54,023,CDKL5_005_182_61,0,0.0,15,1.0,0.0,22.05
2025-10-12 00:37:57,023,CDKL5_005_182_61,0,0.0,15,1.0,0.0,22.01
2025-10-12 00:48:00,023,CDKL5_005_182_61,0,0.0,15,1.0,0.0,21.98
2025-10-12 00:58:03,023,CDKL5_005_182_61,0,0.0,15,1.0,0.0,21.98
2025-10-12 01:08:05,023,CDKL5_005_182_61,0,0.0,15,1.0,0.0,21.96
2025-10-12 01:18:08,023,CDKL5_005_182_61,44,0.073,13,0.922,0.0,21.96
2025-10-12 01:28:12,023,CDKL5_005_182_61,275,0.458,3,0.304,0.0,22.22
2025-10-12 01:38:14,023,CDKL5_005_182_61,194,0.323,7,0.591,0.0,22.29
2025-10-12 01:48:17,023,CDKL5_005_182_61,55,0.092,12,0.897,0.0,22.23
2025-10-12 01:58:19,023,CDKL5_005_182_61,173,0.288,9,0.675,0.0,22.2
2025-10-12 02:08:22,023,CDKL5_005_182_61,214,0.356,5,0.483,0.0,22.26
2025-10-12 02:18:46,023,CDKL5_005_182_61,48,0.08,12,0.909,0.0,22.26
2025-10-12 02:28:49,023,CDKL5_005_182_61,0,0.0,15,1.0,0.0,22.16
2025-10-12 02:38:52,023,CDKL5_005_182_61,0,0.0,15,1.0,0.0,22.09
2025-10-12 02:48:55,023,CDKL5_005_182_61,0,0.0,15,1.0,0.0,22.03
2025-10-12 02:58:58,023,CDKL5_005_182_61,103,0.171,10,0.795,0.0,22.03
2025-10-12 03:09:01,023,CDKL5_005_182_61,224,0.373,3,0.349,0.0,22.2
2025-10-12 03:19:04,023,CDKL5_005_182_61,6,0.01,14,0.989,0.0,22.15
2025-10-12 03:29:06,023,CDKL5_005_182_61,0,0.0,15,1.0,0.0,22.08
2025-10-12 03:39:08,023,CDKL5_005_182_61,0,0.0,15,1.0,0.0,22.03
2025-10-12 03:49:11,023,CDKL5_005_182_61,22,0.037,13,0.959,0.0,21.99
2025-10-12 03:59:14,023,CDKL5_005_182_61,0,0.0,15,1.0,0.0,21.96
2025-10-12 04:09:17,023,CDKL5_005_182_61,4,0.007,15,0.993,0.0,21.93
2025-10-12 04:19:21,023,CDKL5_005_182_61,0,0.0,15,1.0,0.0,21.91
2025-10-12 04:29:23,023,CDKL5_005_182_61,3,0.005,14,0.995,0.0,21.89
2025-10-12 04:39:27,023,CDKL5_005_182_61,0,0.0,15,1.0,0.0,21.88
2025-10-12 04:49:30,023,CDKL5_005_182_61,0,0.0,15,1.0,0.0,21.85
2025-10-12 04:59:33,023,CDKL5_005_182_61,0,0.0,15,1.0,0.0,21.84
2025-10-12 05:09:36,023,CDKL5_005_182_61,112,0.186,10,0.781,0.0,21.94
2025-10-12 05:19:39,023,CDKL5_005_182_61,179,0.297,6,0.573,0.0,22.03
2025-10-12 05:29:42,023,CDKL5_005_182_61,0,0.0,15,1.0,0.0,22.0
2025-10-12 05:39:45,023,CDKL5_005_182_61,0,0.0,15,1.0,0.0,21.96
2025-10-12 05:49:48,023,CDKL5_005_182_61,0,0.0,15,1.0,0.0,21.92
2025-10-12 05:59:50,023,CDKL5_005_182_61,0,0.0,15,1.0,0.0,21.89
2025-10-12 06:09:53,023,CDKL5_005_182_61,0,0.0,15,1.0,0.1944,21.9
2025-10-12 06:20:13,023,CDKL5_005_182_61,0,0.0,15,1.0,0.1944,21.92
2025-10-12 06:30:16,023,CDKL5_005_182_61,0,0.0,15,1.0,0.2052,21.89
2025-10-12 06:40:19,023,CDKL5_005_182_61,0,0.0,15,1.0,0.198,21.86
2025-10-12 06:50:21,023,CDKL5_005_182_61,0,0.0,15,1.0,0.198,21.84
2025-10-12 07:00:25,023,CDKL5_005_182_61,0,0.0,15,1.0,0.198,21.83
2025-10-12 07:10:28,023,CDKL5_005_182_61,0,0.0,15,1.0,0.1872,21.81
2025-10-12 07:20:30,023,CDKL5_005_182_61,0,0.0,15,1.0,0.1872,21.8
2025-10-12 07:30:33,023,CDKL5_005_182_61,0,0.0,15,1.0,0.1872,21.78
2025-10-12 07:40:36,023,CDKL5_005_182_61,0,0.0,15,1.0,0.1872,21.77
2025-10-12 07:50:39,023,CDKL5_005_182_61,0,0.0,15,1.0,0.1872,21.75
2025-10-12 08:00:42,023,CDKL5_005_182_61,0,0.0,15,1.0,0.1872,21.74
2025-10-12 08:10:45,023,CDKL5_005_182_61,0,0.0,15,1.0,0.198,21.72
2025-10-12 08:20:49,023,CDKL5_005_182_61,0,0.0,15,1.0,0.198,21.71
2025-10-12 08:30:51,023,CDKL5_005_182_61,0,0.0,15,1.0,0.1872,21.7
2025-10-12 08:40:55,023,CDKL5_005_182_61,0,0.0,15,1.0,0.1872,21.69
2025-10-12 08:50:57,023,CDKL5_005_182_61,0,0.0,15,1.0,0.1872,21.68
2025-10-12 09:01:01,023,CDKL5_005_182_61,0,0.0,15,1.0,0.198,21.66
2025-10-12 09:11:03,023,CDKL5_005_182_61,0,0.0,15,1.0,0.198,21.67
2025-10-12 09:21:06,023,CDKL5_005_182_61,0,0.0,15,1.0,0.1872,21.66
2025-10-12 09:31:09,023,CDKL5_005_182_61,0,0.0,15,1.0,0.1872,21.66
2025-10-12 09:41:12,023,CDKL5_005_182_61,0,0.0,15,1.0,0.1872,21.65
2025-10-12 09:51:15,023,CDKL5_005_182_61,0,0.0,15,1.0,0.1872,21.65
2025-10-12 10:01:18,023,CDKL5_005_182_61,0,0.0,15,1.0,0.1872,21.64
2025-10-12 10:11:21,023,CDKL5_005_182_61,0,0.0,15,1.0,0.2016,21.63
2025-10-12 10:21:37,023,CDKL5_005_182_61,0,0.0,15,1.0,0.2016,21.66
2025-10-12 10:31:40,023,CDKL5_005_182_61,0,0.0,15,1.0,0.198,21.65
2025-10-12 10:41:43,023,CDKL5_005_182_61,32,0.053,13,0.942,0.1872,21.65
2025-10-12 10:51:46,023,CDKL5_005_182_61,25,0.042,11,0.946,0.1548,21.68
2025-10-12 11:01:50,023,CDKL5_005_182_61,0,0.0,15,1.0,0.18,21.68
2025-10-12 11:11:52,023,CDKL5_005_182_61,0,0.0,15,1.0,0.18,21.66
2025-10-12 11:21:55,023,CDKL5_005_182_61,0,0.0,15,1.0,0.18,21.63
2025-10-12 11:31:57,023,CDKL5_005_182_61,0,0.0,15,1.0,0.18,21.61
2025-10-12 11:42:00,023,CDKL5_005_182_61,0,0.0,15,1.0,0.18,21.58
2025-10-12 11:52:03,023,CDKL5_005_182_61,0,0.0,15,1.0,0.18,21.57
2025-10-12 12:02:05,023,CDKL5_005_182_61,0,0.0,15,1.0,0.18,21.55
2025-10-12 12:12:09,023,CDKL5_005_182_61,0,0.0,15,1.0,0.18,21.53
2025-10-12 12:22:11,023,CDKL5_005_182_61,0,0.0,15,1.0,0.1836,21.52
2025-10-12 12:32:14,023,CDKL5_005_182_61,0,0.0,15,1.0,0.18,21.51
2025-10-12 12:42:17,023,CDKL5_005_182_61,0,0.0,15,1.0,0.18,21.51
2025-10-12 12:52:19,023,CDKL5_005_182_61,0,0.0,15,1.0,0.18,21.51
2025-10-12 13:02:22,023,CDKL5_005_182_61,0,0.0,15,1.0,0.18,21.5
2025-10-12 13:12:25,023,CDKL5_005_182_61,0,0.0,15,1.0,0.18,21.49
2025-10-12 13:22:28,023,CDKL5_005_182_61,0,0.0,15,1.0,0.18,21.5
2025-10-12 13:32:31,023,CDKL5_005_182_61,0,0.0,15,1.0,0.18,21.49
2025-10-12 13:42:34,023,CDKL5_005_182_61,0,0.0,15,1.0,0.18,21.5
2025-10-12 13:52:37,023,CDKL5_005_182_61,0,0.0,15,1.0,0.18,21.49
2025-10-12 14:02:40,023,CDKL5_005_182_61,0,0.0,15,1.0,0.18,21.48
2025-10-12 14:12:44,023,CDKL5_005_182_61,0,0.0,15,1.0,0.18,21.48
2025-10-12 14:22:59,023,CDKL5_005_182_61,0,0.0,15,1.0,0.18,21.5
2025-10-12 14:33:02,023,CDKL5_005_182_61,0,0.0,15,1.0,0.18,21.49
2025-10-12 14:43:05,023,CDKL5_005_182_61,0,0.0,15,1.0,0.18,21.48
2025-10-12 14:53:08,023,CDKL5_005_182_61,0,0.0,15,1.0,0.18,21.47
2025-10-12 15:03:11,023,CDKL5_005_182_61,23,0.038,13,0.958,0.1728,21.48
2025-10-12 15:13:14,023,CDKL5_005_182_61,0,0.0,15,1.0,0.18,21.49
2025-10-12 15:23:16,023,CDKL5_005_182_61,0,0.0,15,1.0,0.18,21.49
2025-10-12 15:33:19,023,CDKL5_005_182_61,0,0.0,15,1.0,0.18,21.49
2025-10-12 15:43:22,023,CDKL5_005_182_61,0,0.0,15,1.0,0.18,21.48
2025-10-12 15:53:25,023,CDKL5_005_182_61,0,0.0,15,1.0,0.18,21.48
2025-10-12 16:03:29,023,CDKL5_005_182_61,0,0.0,15,1.0,0.18,21.49
2025-10-12 16:13:31,023,CDKL5_005_182_61,0,0.0,15,1.0,0.18,21.49
2025-10-12 16:23:34,023,CDKL5_005_182_61,0,0.0,15,1.0,0.18,21.49
2025-10-12 16:33:37,023,CDKL5_005_182_61,0,0.0,15,1.0,0.18,21.49
2025-10-12 16:43:40,023,CDKL5_005_182_61,0,0.0,15,1.0,0.18,21.49
2025-10-12 16:53:43,023,CDKL5_005_182_61,0,0.0,15,1.0,0.18,21.49
2025-10-12 17:03:46,023,CDKL5_005_182_61,0,0.0,15,1.0,0.18,21.5
2025-10-12 17:13:50,023,CDKL5_005_182_61,0,0.0,15,1.0,0.18,21.51
2025-10-12 17:23:53,023,CDKL5_005_182_61,0,0.0,15,1.0,0.1944,21.51
2025-10-12 17:33:56,023,CDKL5_005_182_61,0,0.0,15,1.0,0.198,21.5
2025-10-12 17:43:59,023,CDKL5_005_182_61,0,0.0,15,1.0,0.198,21.5
2025-10-12 17:54:02,023,CDKL5_005_182_61,0,0.0,15,1.0,0.198,21.5
2025-10-12 18:04:05,023,CDKL5_005_182_61,2,0.003,15,0.997,0.0,21.52
2025-10-12 18:14:08,023,CDKL5_005_182_61,43,0.072,13,0.924,0.0,21.52
2025-10-12 18:24:22,023,CDKL5_005_182_61,340,0.567,2,0.19,0.0,21.73
2025-10-12 18:34:25,023,CDKL5_005_182_61,204,0.339,5,0.495,0.0,21.82
2025-10-12 18:44:29,023,CDKL5_005_182_61,213,0.354,5,0.484,0.0,21.89
2025-10-12 18:54:32,023,CDKL5_005_182_61,68,0.113,10,0.855,0.0,21.99
2025-10-12 19:04:35,023,CDKL5_005_182_61,0,0.0,15,1.0,0.0,21.95
2025-10-12 19:14:38,023,CDKL5_005_182_61,0,0.0,15,1.0,0.0,21.91
2025-10-12 19:24:40,023,CDKL5_005_182_61,3,0.005,14,0.995,0.0,21.91
2025-10-12 19:34:44,023,CDKL5_005_182_61,0,0.0,15,1.0,0.0,21.9
2025-10-12 19:44:47,023,CDKL5_005_182_61,0,0.0,15,1.0,0.0,21.88
2025-10-12 19:54:50,023,CDKL5_005_182_61,0,0.0,15,1.0,0.0,21.86
2025-10-12 20:04:53,023,CDKL5_005_182_61,0,0.0,15,1.0,0.0,21.85
2025-10-12 20:14:56,023,CDKL5_005_182_61,192,0.319,6,0.556,0.0,21.95
2025-10-12 20:24:59,023,CDKL5_005_182_61,0,0.0,15,1.0,0.0,21.96
2025-10-12 20:35:02,023,CDKL5_005_182_61,0,0.0,15,1.0,0.0,21.95
2025-10-12 20:45:05,023,CDKL5_005_182_61,0,0.0,15,1.0,0.0,21.94
2025-10-12 20:55:08,023,CDKL5_005_182_61,29,0.048,13,0.947,0.0,21.96
2025-10-12 21:05:11,023,CDKL5_005_182_61,257,0.428,3,0.318,0.0,22.07
2025-10-12 21:15:14,023,CDKL5_005_182_61,265,0.44,1,0.131,0.0,22.24
2025-10-12 21:25:17,023,CDKL5_005_182_61,326,0.542,2,0.197,0.0,22.39
2025-10-12 21:35:20,023,CDKL5_005_182_61,269,0.448,4,0.373,0.0,22.46
2025-10-12 21:45:22,023,CDKL5_005_182_61,171,0.285,8,0.652,0.0,22.44
2025-10-12 21:55:26,023,CDKL5_005_182_61,12,0.02,14,0.979,0.0,22.33
2025-10-12 22:05:29,023,CDKL5_005_182_61,0,0.0,15,1.0,0.0,22.23
2025-10-12 22:15:32,023,CDKL5_005_182_61,0,0.0,15,1.0,0.0,22.16
2025-10-12 22:25:53,023,CDKL5_005_182_61,5,0.008,15,0.992,0.0,22.12
2025-10-12 22:35:56,023,CDKL5_005_182_61,0,0.0,15,1.0,0.0,22.06
2025-10-12 22:45:59,023,CDKL5_005_182_61,55,0.092,11,0.889,0.0,22.08
2025-10-12 22:56:02,023,CDKL5_005_182_61,0,0.0,15,1.0,0.0,22.05
2025-10-12 23:06:04,023,CDKL5_005_182_61,0,0.0,15,1.0,0.0,22.04
2025-10-12 23:16:06,023,CDKL5_005_182_61,114,0.19,8,0.737,0.0,22.06
2025-10-12 23:26:09,023,CDKL5_005_182_61,123,0.205,9,0.745,0.0,22.13
2025-10-12 23:36:12,023,CDKL5_005_182_61,236,0.393,3,0.337,0.0,22.26
2025-10-12 23:46:15,023,CDKL5_005_182_61,132,0.219,6,0.645,0.0,22.27
2025-10-12 23:56:18,023,CDKL5_005_182_61,183,0.304,6,0.567,0.0,22.35
2025-10-11 00:09:10,022,CDKL5_005_182_63,156,0.26,5,0.562,0.0,22.22
2025-10-11 00:19:13,022,CDKL5_005_182_63,80,0.133,6,0.75,0.0,22.19
2025-10-11 00:29:15,022,CDKL5_005_182_63,8,0.013,13,0.985,0.0,22.17
2025-10-11 00:39:19,022,CDKL5_005_182_63,0,0.0,15,1.0,0.0,22.14
2025-10-11 00:49:21,022,CDKL5_005_182_63,0,0.0,14,1.0,0.0,22.11
2025-10-11 00:59:25,022,CDKL5_005_182_63,0,0.0,15,1.0,0.0,22.09
2025-10-11 01:09:28,022,CDKL5_005_182_63,4,0.007,14,0.993,0.0,22.07
2025-10-11 01:19:46,022,CDKL5_005_182_63,15,0.025,11,0.967,0.0,22.1
2025-10-11 01:29:49,022,CDKL5_005_182_63,6,0.01,13,0.989,0.0,22.08
2025-10-11 01:39:52,022,CDKL5_005_182_63,1,0.002,13,0.998,0.0,22.06
2025-10-11 01:49:55,022,CDKL5_005_182_63,7,0.012,13,0.987,0.0,22.06
2025-10-11 01:59:58,022,CDKL5_005_182_63,46,0.077,10,0.897,0.0,22.04
2025-10-11 02:10:01,022,CDKL5_005_182_63,128,0.213,2,0.385,0.0,22.07
2025-10-11 02:20:03,022,CDKL5_005_182_63,255,0.424,3,0.32,0.0,22.16
2025-10-11 02:30:06,022,CDKL5_005_182_63,178,0.296,3,0.403,0.0,22.2
2025-10-11 02:40:09,022,CDKL5_005_182_63,182,0.303,6,0.569,0.0,22.33
2025-10-11 02:50:12,022,CDKL5_005_182_63,247,0.41,2,0.245,0.0,22.28
2025-10-11 03:00:15,022,CDKL5_005_182_63,317,0.527,0,0.0,0.0,22.3
2025-10-11 03:10:18,022,CDKL5_005_182_63,255,0.424,1,0.136,0.0,22.32
2025-10-11 03:20:21,022,CDKL5_005_182_63,243,0.404,4,0.397,0.0,22.29
2025-10-11 03:30:24,022,CDKL5_005_182_63,198,0.329,4,0.447,0.0,22.24
2025-10-11 03:40:27,022,CDKL5_005_182_63,374,0.622,0,0.0,0.0,22.29
2025-10-11 03:50:30,022,CDKL5_005_182_63,112,0.186,9,0.763,0.0,22.22
2025-10-11 04:00:32,022,CDKL5_005_182_63,349,0.581,0,0.0,0.0,22.23
2025-10-11 04:10:36,022,CDKL5_005_182_63,235,0.391,3,0.338,0.0,22.26
2025-10-11 04:20:38,022,CDKL5_005_182_63,329,0.547,0,0.0,0.0,22.24
2025-10-11 04:30:41,022,CDKL5_005_182_63,321,0.534,4,0.333,0.0,22.19
2025-10-11 04:40:44,022,CDKL5_005_182_63,221,0.368,1,0.153,0.0,22.13
2025-10-11 04:50:46,022,CDKL5_005_182_63,42,0.07,12,0.92,0.0,22.06
2025-10-11 05:00:49,022,CDKL5_005_182_63,0,0.0,14,1.0,0.0,22.0
2025-10-11 05:10:52,022,CDKL5_005_182_63,9,0.015,14,0.984,0.0,21.95
2025-10-11 05:21:08,022,CDKL5_005_182_63,119,0.199,7,0.702,0.0,21.96
2025-10-11 05:31:11,022,CDKL5_005_182_63,259,0.43,2,0.236,0.0,22.07
2025-10-11 05:41:14,022,CDKL5_005_182_63,340,0.566,0,0.0,0.0,22.13
2025-10-11 05:51:17,022,CDKL5_005_182_63,380,0.632,0,0.0,0.0,22.14
2025-10-11 06:01:19,022,CDKL5_005_182_63,261,0.434,3,0.315,0.1224,22.2
2025-10-11 06:11:22,022,CDKL5_005_182_63,28,0.047,13,0.949,0.2124,22.21
2025-10-11 06:21:25,022,CDKL5_005_182_63,6,0.01,12,0.988,0.2124,22.2
2025-10-11 06:31:28,022,CDKL5_005_182_63,5,0.008,13,0.99,0.2016,22.2
2025-10-11 06:41:32,022,CDKL5_005_182_63,9,0.015,13,0.983,0.2052,22.17
2025-10-11 06:51:34,022,CDKL5_005_182_63,1,0.002,14,0.998,0.2016,22.15
2025-10-11 07:01:37,022,CDKL5_005_182_63,0,0.0,14,1.0,0.2016,22.14
2025-10-11 07:11:40,022,CDKL5_005_182_63,2,0.003,14,0.996,0.2016,22.12
2025-10-11 07:21:43,022,CDKL5_005_182_63,10,0.017,13,0.981,0.2124,22.12
2025-10-11 07:31:46,022,CDKL5_005_182_63,6,0.01,14,0.989,0.2124,22.12
2025-10-11 07:41:50,022,CDKL5_005_182_63,37,0.062,11,0.922,0.1836,22.12
2025-10-11 07:51:52,022,CDKL5_005_182_63,344,0.572,0,0.0,0.2016,22.13
2025-10-11 08:01:55,022,CDKL5_005_182_63,105,0.175,6,0.696,0.3096,22.12
2025-10-11 08:11:58,022,CDKL5_005_182_63,7,0.012,13,0.987,0.342,22.09
2025-10-11 08:22:01,022,CDKL5_005_182_63,3,0.005,13,0.994,0.3312,22.06
2025-10-11 08:32:04,022,CDKL5_005_182_63,2,0.003,14,0.996,0.3312,22.02
2025-10-11 08:42:07,022,CDKL5_005_182_63,0,0.0,15,1.0,0.3384,22.0
2025-10-11 08:52:10,022,CDKL5_005_182_63,0,0.0,15,1.0,0.324,21.97
2025-10-11 09:02:13,022,CDKL5_005_182_63,0,0.0,15,1.0,0.324,21.95
2025-10-11 09:12:16,022,CDKL5_005_182_63,6,0.01,13,0.989,0.324,21.92
2025-10-11 09:22:33,022,CDKL5_005_182_63,3,0.005,13,0.994,0.2736,21.97
2025-10-11 09:32:37,022,CDKL5_005_182_63,0,0.0,15,1.0,0.3492,21.95
2025-10-11 09:42:40,022,CDKL5_005_182_63,2,0.003,14,0.996,0.3456,21.92
2025-10-11 09:52:43,022,CDKL5_005_182_63,0,0.0,15,1.0,0.3456,21.9
2025-10-11 10:02:46,022,CDKL5_005_182_63,7,0.012,14,0.988,0.3672,21.87
2025-10-11 10:12:49,022,CDKL5_005_182_63,10,0.017,13,0.981,0.3312,21.83
2025-10-11 10:22:52,022,CDKL5_005_182_63,7,0.012,12,0.986,0.3276,21.8
2025-10-11 10:32:55,022,CDKL5_005_182_63,0,0.0,15,1.0,0.342,21.75
2025-10-11 10:42:58,022,CDKL5_005_182_63,19,0.032,9,0.95,0.3096,21.71
2025-10-11 10:53:01,022,CDKL5_005_182_63,102,0.17,6,0.702,0.396,21.69
2025-10-11 11:03:04,022,CDKL5_005_182_63,74,0.123,12,0.866,0.2664,21.63
2025-10-11 11:13:07,022,CDKL5_005_182_63,0,0.0,15,1.0,0.2556,21.58
2025-10-11 11:23:10,022,CDKL5_005_182_63,0,0.0,15,1.0,0.288,21.55
2025-10-11 11:33:13,022,CDKL5_005_182_63,0,0.0,15,1.0,0.3024,21.51
2025-10-11 11:43:15,022,CDKL5_005_182_63,1,0.002,14,0.998,0.3276,21.47
2025-10-11 11:53:18,022,CDKL5_005_182_63,0,0.0,14,1.0,0.3024,21.44
2025-10-11 12:03:21,022,CDKL5_005_182_63,0,0.0,15,1.0,0.3132,21.42
2025-10-11 12:13:24,022,CDKL5_005_182_63,0,0.0,15,1.0,0.3024,21.4
2025-10-11 12:23:27,022,CDKL5_005_182_63,0,0.0,15,1.0,0.2592,21.39
2025-10-11 12:33:30,022,CDKL5_005_182_63,0,0.0,15,1.0,0.3096,21.42
2025-10-11 12:43:34,022,CDKL5_005_182_63,48,0.08,9,0.882,0.3384,21.41
2025-10-11 12:53:37,022,CDKL5_005_182_63,0,0.0,15,1.0,0.3312,21.37
2025-10-11 13:03:40,022,CDKL5_005_182_63,0,0.0,15,1.0,0.3528,21.35
2025-10-11 13:13:43,022,CDKL5_005_182_63,0,0.0,15,1.0,0.3168,21.33
2025-10-11 13:24:05,022,CDKL5_005_182_63,3,0.005,14,0.995,0.3168,21.33
2025-10-11 13:34:08,022,CDKL5_005_182_63,0,0.0,15,1.0,0.3204,21.29
2025-10-11 13:44:10,022,CDKL5_005_182_63,0,0.0,15,1.0,0.324,21.25
2025-10-11 13:54:13,022,CDKL5_005_182_63,0,0.0,14,1.0,0.3168,21.23
2025-10-11 14:04:16,022,CDKL5_005_182_63,0,0.0,14,1.0,0.3024,21.19
2025-10-11 14:14:19,022,CDKL5_005_182_63,0,0.0,15,1.0,0.3168,21.18
2025-10-11 14:24:22,022,CDKL5_005_182_63,2,0.003,14,0.996,0.3096,21.18
2025-10-11 14:34:25,022,CDKL5_005_182_63,1,0.002,14,0.998,0.3096,21.17
2025-10-11 14:44:28,022,CDKL5_005_182_63,0,0.0,15,1.0,0.3204,21.16
2025-10-11 14:54:30,022,CDKL5_005_182_63,0,0.0,15,1.0,0.324,21.16
2025-10-11 15:04:33,022,CDKL5_005_182_63,0,0.0,14,1.0,0.3168,21.17
2025-10-11 15:14:36,022,CDKL5_005_182_63,0,0.0,14,1.0,0.324,21.17
2025-10-11 15:24:38,022,CDKL5_005_182_63,0,0.0,14,1.0,0.3384,21.17
2025-10-11 15:34:41,022,CDKL5_005_182_63,1,0.002,14,0.998,0.3168,21.18
2025-10-11 15:44:44,022,CDKL5_005_182_63,21,0.035,10,0.95,0.342,21.22
2025-10-11 15:54:47,022,CDKL5_005_182_63,24,0.04,9,0.938,0.252,21.25
2025-10-11 16:04:49,022,CDKL5_005_182_63,28,0.047,11,0.94,0.3672,21.25
2025-10-11 16:14:52,022,CDKL5_005_182_63,231,0.384,2,0.257,0.1872,21.31
2025-10-11 16:24:54,022,CDKL5_005_182_63,32,0.053,11,0.932,0.1836,21.32
2025-10-11 16:34:57,022,CDKL5_005_182_63,1,0.002,14,0.998,0.1836,21.34
2025-10-11 16:45:00,022,CDKL5_005_182_63,0,0.0,14,1.0,0.162,21.38
2025-10-11 16:55:03,022,CDKL5_005_182_63,0,0.0,15,1.0,0.1584,21.44
2025-10-11 17:05:06,022,CDKL5_005_182_63,0,0.0,14,1.0,0.1656,21.47
2025-10-11 17:15:08,022,CDKL5_005_182_63,0,0.0,14,1.0,0.1728,21.52
2025-10-11 17:25:25,022,CDKL5_005_182_63,0,0.0,14,1.0,0.1512,21.57
2025-10-11 17:35:28,022,CDKL5_005_182_63,0,0.0,14,1.0,0.1656,21.59
2025-10-11 17:45:31,022,CDKL5_005_182_63,1,0.002,14,0.998,0.1656,21.63
2025-10-11 17:55:34,022,CDKL5_005_182_63,111,0.185,6,0.684,0.1296,21.66
2025-10-11 18:05:37,022,CDKL5_005_182_63,289,0.481,0,0.0,0.0,21.75
2025-10-11 18:15:40,022,CDKL5_005_182_63,238,0.396,1,0.144,0.0,21.88
2025-10-11 18:25:43,022,CDKL5_005_182_63,334,0.556,0,0.0,0.0,21.98
2025-10-11 18:35:46,022,CDKL5_005_182_63,308,0.512,1,0.115,0.0,22.04
2025-10-11 18:45:49,022,CDKL5_005_182_63,262,0.435,1,0.132,0.0,22.06
2025-10-11 18:55:53,022,CDKL5_005_182_63,246,0.409,2,0.245,0.0,22.1
2025-10-11 19:05:56,022,CDKL5_005_182_63,122,0.203,4,0.567,0.0,22.12
2025-10-11 19:15:59,022,CDKL5_005_182_63,211,0.35,3,0.363,0.0,22.13
2025-10-11 19:26:02,022,CDKL5_005_182_63,304,0.506,1,0.116,0.0,22.2
2025-10-11 19:36:05,022,CDKL5_005_182_63,202,0.336,2,0.284,0.0,22.15
2025-10-11 19:46:08,022,CDKL5_005_182_63,155,0.257,4,0.508,0.0,22.14
2025-10-11 19:56:11,022,CDKL5_005_182_63,163,0.272,6,0.596,0.0,22.17
2025-10-11 20:06:13,022,CDKL5_005_182_63,207,0.344,5,0.491,0.0,22.15
2025-10-11 20:16:16,022,CDKL5_005_182_63,409,0.682,0,0.0,0.0,22.2
2025-10-11 20:26:19,022,CDKL5_005_182_63,55,0.092,9,0.867,0.0,22.19
2025-10-11 20:36:22,022,CDKL5_005_182_63,9,0.015,14,0.984,0.0,22.19
2025-10-11 20:46:25,022,CDKL5_005_182_63,26,0.043,13,0.952,0.0,22.19
2025-10-11 20:56:28,022,CDKL5_005_182_63,20,0.033,12,0.96,0.0,22.19
2025-10-11 21:06:31,022,CDKL5_005_182_63,42,0.07,12,0.92,0.0,22.12
2025-10-11 21:16:34,022,CDKL5_005_182_63,302,0.503,1,0.117,0.0,22.19
2025-10-11 21:26:50,022,CDKL5_005_182_63,310,0.518,0,0.0,0.0,22.21
2025-10-11 21:36:53,022,CDKL5_005_182_63,327,0.545,0,0.0,0.0,22.24
2025-10-11 21:46:56,022,CDKL5_005_182_63,180,0.299,4,0.471,0.0,22.25
2025-10-11 21:56:59,022,CDKL5_005_182_63,127,0.211,7,0.688,0.0,22.21
2025-10-11 22:07:02,022,CDKL5_005_182_63,238,0.396,5,0.457,0.0,22.19
2025-10-11 22:17:05,022,CDKL5_005_182_63,245,0.408,4,0.395,0.0,22.22
2025-10-11 22:27:08,022,CDKL5_005_182_63,394,0.657,0,0.0,0.0,22.19
2025-10-11 22:37:11,022,CDKL5_005_182_63,48,0.08,13,0.915,0.0,22.12
2025-10-11 22:47:14,022,CDKL5_005_182_63,0,0.0,15,1.0,0.0,22.04
2025-10-11 22:57:17,022,CDKL5_005_182_63,4,0.007,14,0.993,0.0,21.99
2025-10-11 23:07:20,022,CDKL5_005_182_63,16,0.027,12,0.968,0.0,21.99
2025-10-11 23:17:23,022,CDKL5_005_182_63,28,0.047,12,0.945,0.0,21.97
2025-10-11 23:27:26,022,CDKL5_005_182_63,203,0.338,2,0.283,0.0,21.96
2025-10-11 23:37:29,022,CDKL5_005_182_63,169,0.281,7,0.624,0.0,21.97
2025-10-11 23:47:32,022,CDKL5_005_182_63,188,0.313,6,0.561,0.0,22.03
2025-10-11 23:57:35,022,CDKL5_005_182_63,144,0.24,6,0.625,0.0,22.07
2025-10-12 00:07:38,022,CDKL5_005_182_63,254,0.423,5,0.441,0.0,22.09
2025-10-12 00:17:41,022,CDKL5_005_182_63,363,0.604,1,0.099,0.0,22.1
2025-10-12 00:27:43,022,CDKL5_005_182_63,343,0.571,0,0.0,0.0,22.18
2025-10-12 00:37:46,022,CDKL5_005_182_63,158,0.262,1,0.202,0.0,22.15
2025-10-12 00:47:49,022,CDKL5_005_182_63,178,0.296,6,0.574,0.0,22.14
2025-10-12 00:57:52,022,CDKL5_005_182_63,289,0.481,2,0.217,0.0,22.13
2025-10-12 01:07:54,022,CDKL5_005_182_63,274,0.456,6,0.467,0.0,22.18
2025-10-12 01:17:56,022,CDKL5_005_182_63,248,0.413,7,0.53,0.0,22.2
2025-10-12 01:28:19,022,CDKL5_005_182_63,165,0.276,5,0.548,0.0,22.26
2025-10-12 01:38:22,022,CDKL5_005_182_63,43,0.072,9,0.893,0.0,22.2
2025-10-12 01:48:25,022,CDKL5_005_182_63,115,0.191,6,0.676,0.0,22.15
2025-10-12 01:58:29,022,CDKL5_005_182_63,185,0.308,4,0.464,0.0,22.14
2025-10-12 02:08:32,022,CDKL5_005_182_63,50,0.083,11,0.898,0.0,22.13
2025-10-12 02:18:34,022,CDKL5_005_182_63,36,0.06,11,0.924,0.0,22.18
2025-10-12 02:28:37,022,CDKL5_005_182_63,103,0.171,9,0.778,0.0,22.18
2025-10-12 02:38:40,022,CDKL5_005_182_63,343,0.571,0,0.0,0.0,22.27
2025-10-12 02:48:44,022,CDKL5_005_182_63,92,0.153,12,0.839,0.0,22.19
2025-10-12 02:58:47,022,CDKL5_005_182_63,106,0.176,9,0.773,0.0,22.25
2025-10-12 03:08:50,022,CDKL5_005_182_63,62,0.103,7,0.819,0.0,22.24
2025-10-12 03:18:52,022,CDKL5_005_182_63,31,0.052,12,0.939,0.0,22.2
2025-10-12 03:28:55,022,CDKL5_005_182_63,205,0.342,3,0.369,0.0,22.15
2025-10-12 03:38:58,022,CDKL5_005_182_63,294,0.488,1,0.12,0.0,22.36
2025-10-12 03:49:00,022,CDKL5_005_182_63,226,0.376,6,0.515,0.0,22.3
2025-10-12 03:59:03,022,CDKL5_005_182_63,383,0.637,1,0.095,0.0,22.22
2025-10-12 04:09:06,022,CDKL5_005_182_63,176,0.293,4,0.476,0.0,22.18
2025-10-12 04:19:09,022,CDKL5_005_182_63,171,0.285,6,0.584,0.0,22.15
2025-10-12 04:29:12,022,CDKL5_005_182_63,270,0.449,1,0.129,0.0,22.19
2025-10-12 04:39:15,022,CDKL5_005_182_63,225,0.374,3,0.348,0.0,22.2
2025-10-12 04:49:18,022,CDKL5_005_182_63,34,0.057,8,0.904,0.0,22.2
2025-10-12 04:59:20,022,CDKL5_005_182_63,6,0.01,13,0.989,0.0,22.19
2025-10-12 05:09:24,022,CDKL5_005_182_63,30,0.05,11,0.936,0.0,22.18
2025-10-12 05:19:26,022,CDKL5_005_182_63,13,0.022,12,0.974,0.0,22.18
2025-10-12 05:29:47,022,CDKL5_005_182_63,12,0.02,14,0.979,0.0,22.19
2025-10-12 05:39:50,022,CDKL5_005_182_63,98,0.163,8,0.766,0.0,22.17
2025-10-12 05:49:53,022,CDKL5_005_182_63,125,0.208,7,0.691,0.0,22.09
2025-10-12 05:59:56,022,CDKL5_005_182_63,288,0.479,5,0.41,0.0,22.13
2025-10-12 06:09:59,022,CDKL5_005_182_63,245,0.407,6,0.495,0.252,22.18
2025-10-12 06:20:02,022,CDKL5_005_182_63,294,0.489,3,0.29,0.162,22.27
2025-10-12 06:30:04,022,CDKL5_005_182_63,252,0.419,5,0.442,0.1656,22.34
2025-10-12 06:40:07,022,CDKL5_005_182_63,0,0.0,14,1.0,0.1584,22.31
2025-10-12 06:50:10,022,CDKL5_005_182_63,0,0.0,14,1.0,0.1656,22.28
2025-10-12 07:00:13,022,CDKL5_005_182_63,0,0.0,15,1.0,0.1872,22.24
2025-10-12 07:10:16,022,CDKL5_005_182_63,0,0.0,14,1.0,0.1944,22.19
2025-10-12 07:20:19,022,CDKL5_005_182_63,0,0.0,14,1.0,0.1872,22.12
2025-10-12 07:30:22,022,CDKL5_005_182_63,0,0.0,14,1.0,0.1764,22.07
2025-10-12 07:40:24,022,CDKL5_005_182_63,0,0.0,14,1.0,0.1728,22.02
2025-10-12 07:50:27,022,CDKL5_005_182_63,0,0.0,14,1.0,0.1728,21.99
2025-10-12 08:00:29,022,CDKL5_005_182_63,0,0.0,14,1.0,0.1764,22.0
2025-10-12 08:10:32,022,CDKL5_005_182_63,0,0.0,15,1.0,0.18,22.03
2025-10-12 08:20:35,022,CDKL5_005_182_63,0,0.0,15,1.0,0.1872,22.05
2025-10-12 08:30:38,022,CDKL5_005_182_63,0,0.0,15,1.0,0.1836,22.08
2025-10-12 08:40:41,022,CDKL5_005_182_63,0,0.0,15,1.0,0.1872,22.09
2025-10-12 08:50:44,022,CDKL5_005_182_63,0,0.0,15,1.0,0.198,22.06
2025-10-12 09:00:47,022,CDKL5_005_182_63,0,0.0,15,1.0,0.1944,22.05
2025-10-12 09:10:50,022,CDKL5_005_182_63,0,0.0,15,1.0,0.1908,22.04
2025-10-12 09:20:53,022,CDKL5_005_182_63,0,0.0,15,1.0,0.18,22.01
2025-10-12 09:31:07,022,CDKL5_005_182_63,0,0.0,14,1.0,0.18,22.02
2025-10-12 09:41:09,022,CDKL5_005_182_63,0,0.0,14,1.0,0.18,22.0
2025-10-12 09:51:12,022,CDKL5_005_182_63,0,0.0,15,1.0,0.1872,22.0
2025-10-12 10:01:15,022,CDKL5_005_182_63,4,0.007,14,0.993,0.2088,22.0
2025-10-12 10:11:18,022,CDKL5_005_182_63,0,0.0,15,1.0,0.2412,21.99
2025-10-12 10:21:21,022,CDKL5_005_182_63,0,0.0,15,1.0,0.2412,21.98
2025-10-12 10:31:24,022,CDKL5_005_182_63,0,0.0,14,1.0,0.216,21.99
2025-10-12 10:41:27,022,CDKL5_005_182_63,0,0.0,15,1.0,0.2664,21.99
2025-10-12 10:51:29,022,CDKL5_005_182_63,0,0.0,15,1.0,0.252,22.01
2025-10-12 11:01:33,022,CDKL5_005_182_63,0,0.0,15,1.0,0.2592,22.02
2025-10-12 11:11:36,022,CDKL5_005_182_63,1,0.002,14,0.998,0.2664,22.03
2025-10-12 11:21:39,022,CDKL5_005_182_63,0,0.0,15,1.0,0.27,22.07
2025-10-12 11:31:42,022,CDKL5_005_182_63,1,0.002,14,0.998,0.252,22.12
2025-10-12 11:41:45,022,CDKL5_005_182_63,264,0.439,3,0.312,0.1836,22.2
2025-10-12 11:51:48,022,CDKL5_005_182_63,146,0.243,5,0.578,0.1872,22.26
2025-10-12 12:01:51,022,CDKL5_005_182_63,62,0.103,8,0.838,0.2016,22.3
2025-10-12 12:11:53,022,CDKL5_005_182_63,0,0.0,14,1.0,0.2016,22.21
2025-10-12 12:21:56,022,CDKL5_005_182_63,0,0.0,15,1.0,0.2052,22.16
2025-10-12 12:31:59,022,CDKL5_005_182_63,2,0.003,14,0.996,0.1944,22.12
2025-10-12 12:42:02,022,CDKL5_005_182_63,1,0.002,14,0.998,0.2016,22.08
2025-10-12 12:52:05,022,CDKL5_005_182_63,2,0.003,14,0.996,0.1944,22.07
2025-10-12 13:02:07,022,CDKL5_005_182_63,2,0.003,14,0.996,0.1944,22.1
2025-10-12 13:12:10,022,CDKL5_005_182_63,0,0.0,14,1.0,0.2052,22.07
2025-10-12 13:22:13,022,CDKL5_005_182_63,0,0.0,14,1.0,0.1944,22.09
2025-10-12 13:32:32,022,CDKL5_005_182_63,2,0.003,14,0.996,0.1944,22.1
2025-10-12 13:42:35,022,CDKL5_005_182_63,0,0.0,14,1.0,0.2052,22.08
2025-10-12 13:52:38,022,CDKL5_005_182_63,3,0.005,14,0.995,0.1944,22.04
2025-10-12 14:02:40,022,CDKL5_005_182_63,3,0.005,13,0.994,0.2124,22.06
2025-10-12 14:12:43,022,CDKL5_005_182_63,7,0.012,13,0.987,0.1944,22.08
2025-10-12 14:22:45,022,CDKL5_005_182_63,3,0.005,14,0.995,0.2016,22.08
2025-10-12 14:32:48,022,CDKL5_005_182_63,4,0.007,14,0.993,0.2088,22.07
2025-10-12 14:42:50,022,CDKL5_005_182_63,0,0.0,14,1.0,0.2088,22.05
2025-10-12 14:52:53,022,CDKL5_005_182_63,7,0.012,12,0.986,0.216,22.09
2025-10-12 15:02:56,022,CDKL5_005_182_63,27,0.045,9,0.93,0.2232,22.15
2025-10-12 15:12:59,022,CDKL5_005_182_63,58,0.097,8,0.847,0.1728,22.18
2025-10-12 15:23:01,022,CDKL5_005_182_63,2,0.003,14,0.996,0.1728,22.11
2025-10-12 15:33:04,022,CDKL5_005_182_63,0,0.0,14,1.0,0.18,22.07
2025-10-12 15:43:07,022,CDKL5_005_182_63,0,0.0,15,1.0,0.1728,22.06
2025-10-12 15:53:10,022,CDKL5_005_182_63,4,0.007,14,0.993,0.1728,22.06
2025-10-12 16:03:13,022,CDKL5_005_182_63,0,0.0,15,1.0,0.18,22.05
2025-10-12 16:13:16,022,CDKL5_005_182_63,0,0.0,14,1.0,0.1836,22.05
2025-10-12 16:23:19,022,CDKL5_005_182_63,0,0.0,15,1.0,0.18,22.05
2025-10-12 16:33:22,022,CDKL5_005_182_63,47,0.078,9,0.885,0.1764,22.1
2025-10-12 16:43:25,022,CDKL5_005_182_63,32,0.053,10,0.926,0.1728,22.2
2025-10-12 16:53:28,022,CDKL5_005_182_63,32,0.053,11,0.932,0.2124,22.08
2025-10-12 17:03:30,022,CDKL5_005_182_63,90,0.15,8,0.78,0.1728,22.13
2025-10-12 17:13:33,022,CDKL5_005_182_63,0,0.0,15,1.0,0.18,22.21
2025-10-12 17:23:37,022,CDKL5_005_182_63,10,0.017,13,0.981,0.1872,22.23
2025-10-12 17:33:51,022,CDKL5_005_182_63,7,0.012,13,0.987,0.1944,22.26
2025-10-12 17:43:54,022,CDKL5_005_182_63,0,0.0,14,1.0,0.198,22.3
2025-10-12 17:53:57,022,CDKL5_005_182_63,12,0.02,12,0.976,0.1872,22.3
2025-10-12 18:04:00,022,CDKL5_005_182_63,6,0.01,12,0.988,0.0,22.38
2025-10-12 18:14:03,022,CDKL5_005_182_63,51,0.085,11,0.896,0.0,22.25
2025-10-12 18:24:06,022,CDKL5_005_182_63,227,0.378,5,0.468,0.0,22.11
2025-10-12 18:34:09,022,CDKL5_005_182_63,188,0.313,2,0.299,0.0,22.03
2025-10-12 18:44:12,022,CDKL5_005_182_63,216,0.359,1,0.156,0.0,21.98
2025-10-12 18:54:14,022,CDKL5_005_182_63,281,0.468,3,0.299,0.0,22.12
2025-10-12 19:04:17,022,CDKL5_005_182_63,158,0.263,5,0.559,0.0,22.08
2025-10-12 19:14:20,022,CDKL5_005_182_63,235,0.391,3,0.338,0.0,22.1
2025-10-12 19:24:23,022,CDKL5_005_182_63,259,0.431,1,0.134,0.0,22.09
2025-10-12 19:34:26,022,CDKL5_005_182_63,258,0.429,3,0.317,0.0,22.11
2025-10-12 19:44:29,022,CDKL5_005_182_63,397,0.662,0,0.0,0.0,22.22
2025-10-12 19:54:32,022,CDKL5_005_182_63,170,0.282,6,0.585,0.0,22.19
2025-10-12 20:04:35,022,CDKL5_005_182_63,244,0.405,1,0.141,0.0,22.26
2025-10-12 20:14:38,022,CDKL5_005_182_63,200,0.333,0,0.0,0.0,22.3
2025-10-12 20:24:41,022,CDKL5_005_182_63,228,0.379,1,0.149,0.0,22.33
2025-10-12 20:34:44,022,CDKL5_005_182_63,260,0.432,4,0.381,0.0,22.28
2025-10-12 20:44:47,022,CDKL5_005_182_63,261,0.434,3,0.315,0.0,22.32
2025-10-12 20:54:50,022,CDKL5_005_182_63,331,0.551,1,0.108,0.0,22.36
2025-10-12 21:04:53,022,CDKL5_005_182_63,203,0.337,5,0.496,0.0,22.3
2025-10-12 21:14:56,022,CDKL5_005_182_63,353,0.586,0,0.0,0.0,22.38
2025-10-12 21:24:59,022,CDKL5_005_182_63,329,0.547,2,0.196,0.0,22.4
2025-10-12 21:35:17,022,CDKL5_005_182_63,113,0.189,8,0.739,0.0,22.39
2025-10-12 21:45:20,022,CDKL5_005_182_63,246,0.409,2,0.245,0.0,22.42
2025-10-12 21:55:23,022,CDKL5_005_182_63,105,0.175,9,0.774,0.0,22.32
2025-10-12 22:05:25,022,CDKL5_005_182_63,107,0.178,8,0.749,0.0,22.29
2025-10-12 22:15:29,022,CDKL5_005_182_63,420,0.698,0,0.0,0.0,22.32
2025-10-12 22:25:31,022,CDKL5_005_182_63,263,0.438,2,0.233,0.0,22.3
2025-10-12 22:35:35,022,CDKL5_005_182_63,171,0.285,7,0.621,0.0,22.28
2025-10-12 22:45:38,022,CDKL5_005_182_63,304,0.506,0,0.0,0.0,22.36
2025-10-12 22:55:41,022,CDKL5_005_182_63,141,0.234,8,0.694,0.0,22.3
2025-10-12 23:05:44,022,CDKL5_005_182_63,406,0.674,0,0.0,0.0,22.35
2025-10-12 23:15:46,022,CDKL5_005_182_63,304,0.506,1,0.116,0.0,22.4
2025-10-12 23:25:49,022,CDKL5_005_182_63,57,0.095,9,0.863,0.0,22.39
2025-10-12 23:35:53,022,CDKL5_005_182_63,141,0.235,6,0.63,0.0,22.35
2025-10-12 23:45:55,022,CDKL5_005_182_63,17,0.028,12,0.966,0.0,22.28
2025-10-12 23:55:58,022,CDKL5_005_182_63,114,0.19,8,0.737,0.0,22.27
2025-10-11 00:02:33,027,CDKL5_005_182_64,0,0.0,15,1.0,0.0,22.11
2025-10-11 00:12:34,027,CDKL5_005_182_64,2,0.003,14,0.996,0.0,22.06
2025-10-11 00:22:37,027,CDKL5_005_182_64,0,0.0,15,1.0,0.0,22.01
2025-10-11 00:32:39,027,CDKL5_005_182_64,0,0.0,15,1.0,0.0,21.98
2025-10-11 00:42:42,027,CDKL5_005_182_64,0,0.0,15,1.0,0.0,21.95
2025-10-11 00:52:45,027,CDKL5_005_182_64,0,0.0,15,1.0,0.0,21.91
2025-10-11 01:02:47,027,CDKL5_005_182_64,0,0.0,15,1.0,0.0,21.9
2025-10-11 01:12:49,027,CDKL5_005_182_64,5,0.008,14,0.991,0.0,21.89
2025-10-11 01:22:52,027,CDKL5_005_182_64,169,0.281,4,0.486,0.0,21.97
2025-10-11 01:32:55,027,CDKL5_005_182_64,171,0.285,7,0.621,0.0,22.04
2025-10-11 01:42:58,027,CDKL5_005_182_64,194,0.323,5,0.508,0.0,22.05
2025-10-11 01:53:00,027,CDKL5_005_182_64,68,0.113,4,0.702,0.0,22.07
2025-10-11 02:03:03,027,CDKL5_005_182_64,5,0.008,14,0.991,0.0,22.06
2025-10-11 02:13:06,027,CDKL5_005_182_64,1,0.002,14,0.998,0.0,22.03
2025-10-11 02:23:08,027,CDKL5_005_182_64,1,0.002,14,0.998,0.0,21.99
2025-10-11 02:33:25,027,CDKL5_005_182_64,0,0.0,15,1.0,0.0,21.99
2025-10-11 02:43:27,027,CDKL5_005_182_64,9,0.015,12,0.982,0.0,21.97
2025-10-11 02:53:30,027,CDKL5_005_182_64,1,0.002,15,0.998,0.0,21.95
2025-10-11 03:03:32,027,CDKL5_005_182_64,0,0.0,15,1.0,0.0,21.92
2025-10-11 03:13:34,027,CDKL5_005_182_64,35,0.058,10,0.92,0.0,21.91
2025-10-11 03:23:37,027,CDKL5_005_182_64,123,0.205,6,0.661,0.0,21.97
2025-10-11 03:33:40,027,CDKL5_005_182_64,150,0.25,6,0.615,0.0,21.99
2025-10-11 03:43:43,027,CDKL5_005_182_64,99,0.165,9,0.784,0.0,21.99
2025-10-11 03:53:46,027,CDKL5_005_182_64,131,0.218,7,0.681,0.0,21.99
2025-10-11 04:03:49,027,CDKL5_005_182_64,154,0.256,6,0.609,0.0,22.01
2025-10-11 04:13:52,027,CDKL5_005_182_64,189,0.314,4,0.458,0.0,22.06
2025-10-11 04:23:55,027,CDKL5_005_182_64,272,0.452,3,0.306,0.0,22.15
2025-10-11 04:33:57,027,CDKL5_005_182_64,252,0.419,2,0.241,0.0,22.25
2025-10-11 04:44:00,027,CDKL5_005_182_64,120,0.2,9,0.75,0.0,22.15
2025-10-11 04:54:02,027,CDKL5_005_182_64,104,0.173,8,0.755,0.0,22.06
2025-10-11 05:04:05,027,CDKL5_005_182_64,97,0.161,5,0.673,0.0,21.99
2025-10-11 05:14:09,027,CDKL5_005_182_64,23,0.038,11,0.95,0.0,21.96
2025-10-11 05:24:11,027,CDKL5_005_182_64,0,0.0,15,1.0,0.0,21.9
2025-10-11 05:34:14,027,CDKL5_005_182_64,0,0.0,15,1.0,0.0,21.85
2025-10-11 05:44:17,027,CDKL5_005_182_64,0,0.0,15,1.0,0.0,21.8
2025-10-11 05:54:20,027,CDKL5_005_182_64,0,0.0,15,1.0,0.0,21.77
2025-10-11 06:04:22,027,CDKL5_005_182_64,1,0.002,15,0.998,0.144,21.75
2025-10-11 06:14:25,027,CDKL5_005_182_64,66,0.11,8,0.829,0.1944,21.77
2025-10-11 06:24:27,027,CDKL5_005_182_64,87,0.145,7,0.763,0.2016,21.81
2025-10-11 06:34:44,027,CDKL5_005_182_64,114,0.19,7,0.711,0.2016,21.86
2025-10-11 06:44:47,027,CDKL5_005_182_64,148,0.246,6,0.619,0.3132,21.9
2025-10-11 06:54:50,027,CDKL5_005_182_64,43,0.072,11,0.911,0.1836,21.85
2025-10-11 07:04:53,027,CDKL5_005_182_64,1,0.002,14,0.998,0.1908,21.83
2025-10-11 07:14:56,027,CDKL5_005_182_64,0,0.0,15,1.0,0.18,21.77
2025-10-11 07:24:58,027,CDKL5_005_182_64,0,0.0,15,1.0,0.18,21.73
2025-10-11 07:35:01,027,CDKL5_005_182_64,0,0.0,15,1.0,0.1728,21.7
2025-10-11 07:45:04,027,CDKL5_005_182_64,0,0.0,15,1.0,0.1728,21.67
2025-10-11 07:55:06,027,CDKL5_005_182_64,0,0.0,15,1.0,0.1728,21.66
2025-10-11 08:05:09,027,CDKL5_005_182_64,0,0.0,15,1.0,0.18,21.64
2025-10-11 08:15:12,027,CDKL5_005_182_64,0,0.0,15,1.0,0.1728,21.63
2025-10-11 08:25:15,027,CDKL5_005_182_64,0,0.0,15,1.0,0.1728,21.62
2025-10-11 08:35:18,027,CDKL5_005_182_64,0,0.0,15,1.0,0.1656,21.61
2025-10-11 08:45:21,027,CDKL5_005_182_64,2,0.003,14,0.996,0.1332,21.61
2025-10-11 08:55:25,027,CDKL5_005_182_64,61,0.101,9,0.855,0.1224,21.65
2025-10-11 09:05:27,027,CDKL5_005_182_64,11,0.018,13,0.979,0.1224,21.68
2025-10-11 09:15:30,027,CDKL5_005_182_64,1,0.002,15,0.998,0.1332,21.69
2025-10-11 09:25:33,027,CDKL5_005_182_64,0,0.0,15,1.0,0.1224,21.67
2025-10-11 09:35:36,027,CDKL5_005_182_64,0,0.0,15,1.0,0.1296,21.68
2025-10-11 09:45:38,027,CDKL5_005_182_64,0,0.0,15,1.0,0.1404,21.65
2025-10-11 09:55:41,027,CDKL5_005_182_64,0,0.0,15,1.0,0.1332,21.66
2025-10-11 10:05:43,027,CDKL5_005_182_64,0,0.0,15,1.0,0.144,21.65
2025-10-11 10:15:45,027,CDKL5_005_182_64,0,0.0,15,1.0,0.162,21.64
2025-10-11 10:25:48,027,CDKL5_005_182_64,0,0.0,15,1.0,0.1656,21.62
2025-10-11 10:36:09,027,CDKL5_005_182_64,0,0.0,15,1.0,0.1476,21.65
2025-10-11 10:46:12,027,CDKL5_005_182_64,0,0.0,15,1.0,0.1548,21.61
2025-10-11 10:56:14,027,CDKL5_005_182_64,0,0.0,15,1.0,0.1224,21.58
2025-10-11 11:06:17,027,CDKL5_005_182_64,0,0.0,15,1.0,0.1296,21.55
2025-10-11 11:16:19,027,CDKL5_005_182_64,28,0.047,10,0.935,0.2052,21.53
2025-10-11 11:26:21,027,CDKL5_005_182_64,57,0.095,10,0.875,0.288,21.56
2025-10-11 11:36:24,027,CDKL5_005_182_64,155,0.258,8,0.674,0.1512,21.55
2025-10-11 11:46:27,027,CDKL5_005_182_64,205,0.341,4,0.438,0.2628,21.59
2025-10-11 11:56:30,027,CDKL5_005_182_64,36,0.06,12,0.93,0.2124,21.56
2025-10-11 12:06:32,027,CDKL5_005_182_64,0,0.0,15,1.0,0.1656,21.52
2025-10-11 12:16:35,027,CDKL5_005_182_64,0,0.0,15,1.0,0.162,21.49
2025-10-11 12:26:37,027,CDKL5_005_182_64,0,0.0,15,1.0,0.1512,21.46
2025-10-11 12:36:40,027,CDKL5_005_182_64,0,0.0,15,1.0,0.1656,21.44
2025-10-11 12:46:43,027,CDKL5_005_182_64,0,0.0,15,1.0,0.1656,21.41
2025-10-11 12:56:45,027,CDKL5_005_182_64,0,0.0,15,1.0,0.1512,21.39
2025-10-11 13:06:48,027,CDKL5_005_182_64,0,0.0,15,1.0,0.1512,21.38
2025-10-11 13:16:50,027,CDKL5_005_182_64,0,0.0,15,1.0,0.1512,21.36
2025-10-11 13:26:53,027,CDKL5_005_182_64,0,0.0,15,1.0,0.1512,21.35
2025-10-11 13:36:56,027,CDKL5_005_182_64,0,0.0,15,1.0,0.1512,21.33
2025-10-11 13:46:58,027,CDKL5_005_182_64,0,0.0,15,1.0,0.1512,21.32
2025-10-11 13:57:00,027,CDKL5_005_182_64,0,0.0,15,1.0,0.1512,21.32
2025-10-11 14:07:04,027,CDKL5_005_182_64,0,0.0,15,1.0,0.1512,21.3
2025-10-11 14:17:06,027,CDKL5_005_182_64,0,0.0,15,1.0,0.1512,21.28
2025-10-11 14:27:09,027,CDKL5_005_182_64,0,0.0,15,1.0,0.1548,21.27
2025-10-11 14:37:38,027,CDKL5_005_182_64,38,0.064,12,0.927,0.1512,21.37
2025-10-11 14:47:41,027,CDKL5_005_182_64,8,0.013,13,0.985,0.1296,21.38
2025-10-11 14:57:44,027,CDKL5_005_182_64,0,0.0,15,1.0,0.1296,21.39
2025-10-11 15:07:46,027,CDKL5_005_182_64,0,0.0,15,1.0,0.1296,21.38
2025-10-11 15:17:49,027,CDKL5_005_182_64,0,0.0,15,1.0,0.1296,21.37
2025-10-11 15:27:52,027,CDKL5_005_182_64,0,0.0,15,1.0,0.1404,21.38
2025-10-11 15:37:55,027,CDKL5_005_182_64,0,0.0,15,1.0,0.1296,21.38
2025-10-11 15:47:58,027,CDKL5_005_182_64,0,0.0,15,1.0,0.1296,21.37
2025-10-11 15:58:00,027,CDKL5_005_182_64,0,0.0,15,1.0,0.1404,21.37
2025-10-11 16:08:03,027,CDKL5_005_182_64,0,0.0,15,1.0,0.1296,21.37
2025-10-11 16:18:05,027,CDKL5_005_182_64,0,0.0,15,1.0,0.1548,21.37
2025-10-11 16:28:08,027,CDKL5_005_182_64,35,0.058,11,0.926,0.18,21.41
2025-10-11 16:38:11,027,CDKL5_005_182_64,36,0.06,12,0.93,0.1512,21.5
2025-10-11 16:48:14,027,CDKL5_005_182_64,0,0.0,15,1.0,0.144,21.53
2025-10-11 16:58:17,027,CDKL5_005_182_64,0,0.0,15,1.0,0.1584,21.55
2025-10-11 17:08:20,027,CDKL5_005_182_64,0,0.0,15,1.0,0.162,21.57
2025-10-11 17:18:23,027,CDKL5_005_182_64,0,0.0,15,1.0,0.1368,21.58
2025-10-11 17:28:25,027,CDKL5_005_182_64,0,0.0,15,1.0,0.1656,21.58
2025-10-11 17:38:28,027,CDKL5_005_182_64,35,0.058,12,0.932,0.1692,21.61
2025-10-11 17:48:31,027,CDKL5_005_182_64,59,0.098,7,0.826,0.1584,21.62
2025-10-11 17:58:34,027,CDKL5_005_182_64,72,0.12,8,0.816,0.072,21.65
2025-10-11 18:08:37,027,CDKL5_005_182_64,182,0.302,3,0.397,0.0,21.71
2025-10-11 18:18:40,027,CDKL5_005_182_64,149,0.248,4,0.518,0.0,21.71
2025-10-11 18:28:42,027,CDKL5_005_182_64,237,0.395,2,0.252,0.0,21.83
2025-10-11 18:39:11,027,CDKL5_005_182_64,211,0.352,3,0.363,0.0,21.98
2025-10-11 18:49:14,027,CDKL5_005_182_64,264,0.439,4,0.377,0.0,21.99
2025-10-11 18:59:16,027,CDKL5_005_182_64,258,0.429,2,0.237,0.0,21.99
2025-10-11 19:09:19,027,CDKL5_005_182_64,170,0.283,7,0.622,0.0,22.0
2025-10-11 19:19:22,027,CDKL5_005_182_64,210,0.349,5,0.488,0.0,22.2
2025-10-11 19:29:24,027,CDKL5_005_182_64,217,0.361,4,0.424,0.0,22.2
2025-10-11 19:39:27,027,CDKL5_005_182_64,251,0.418,3,0.323,0.0,22.19
2025-10-11 19:49:29,027,CDKL5_005_182_64,337,0.561,0,0.0,0.0,22.27
2025-10-11 19:59:32,027,CDKL5_005_182_64,79,0.131,11,0.848,0.0,22.16
2025-10-11 20:09:34,027,CDKL5_005_182_64,133,0.222,6,0.643,0.0,22.11
2025-10-11 20:19:38,027,CDKL5_005_182_64,77,0.128,8,0.806,0.0,22.06
2025-10-11 20:29:40,027,CDKL5_005_182_64,336,0.559,0,0.0,0.0,22.17
2025-10-11 20:39:43,027,CDKL5_005_182_64,215,0.358,2,0.271,0.0,22.18
2025-10-11 20:49:45,027,CDKL5_005_182_64,174,0.29,5,0.535,0.0,22.17
2025-10-11 20:59:47,027,CDKL5_005_182_64,343,0.572,1,0.104,0.0,22.19
2025-10-11 21:09:51,027,CDKL5_005_182_64,225,0.374,5,0.471,0.0,22.23
2025-10-11 21:19:53,027,CDKL5_005_182_64,71,0.118,11,0.861,0.0,22.14
2025-10-11 21:29:56,027,CDKL5_005_182_64,187,0.312,1,0.176,0.0,22.14
2025-10-11 21:39:58,027,CDKL5_005_182_64,160,0.266,6,0.6,0.0,22.11
2025-10-11 21:50:01,027,CDKL5_005_182_64,134,0.223,5,0.599,0.0,22.07
2025-10-11 22:00:04,027,CDKL5_005_182_64,110,0.183,4,0.593,0.0,22.04
2025-10-11 22:10:06,027,CDKL5_005_182_64,3,0.005,14,0.995,0.0,21.99
2025-10-11 22:20:09,027,CDKL5_005_182_64,0,0.0,15,1.0,0.0,21.93
2025-10-11 22:30:11,027,CDKL5_005_182_64,2,0.003,14,0.996,0.0,21.9
2025-10-11 22:40:35,027,CDKL5_005_182_64,0,0.0,15,1.0,0.0,21.93
2025-10-11 22:50:38,027,CDKL5_005_182_64,2,0.003,14,0.996,0.0,21.88
2025-10-11 23:00:41,027,CDKL5_005_182_64,0,0.0,15,1.0,0.0,21.85
2025-10-11 23:10:43,027,CDKL5_005_182_64,10,0.017,14,0.982,0.0,21.83
2025-10-11 23:20:46,027,CDKL5_005_182_64,54,0.09,8,0.856,0.0,21.84
2025-10-11 23:30:49,027,CDKL5_005_182_64,280,0.466,3,0.3,0.0,21.95
2025-10-11 23:40:52,027,CDKL5_005_182_64,243,0.404,5,0.451,0.0,22.21
2025-10-11 23:50:55,027,CDKL5_005_182_64,232,0.387,4,0.408,0.0,22.26
2025-10-12 00:00:58,027,CDKL5_005_182_64,51,0.085,11,0.896,0.0,22.15
2025-10-12 00:11:00,027,CDKL5_005_182_64,189,0.314,6,0.559,0.0,22.11
2025-10-12 00:21:02,027,CDKL5_005_182_64,165,0.275,3,0.421,0.0,22.11
2025-10-12 00:31:05,027,CDKL5_005_182_64,286,0.476,1,0.123,0.0,22.17
2025-10-12 00:41:08,027,CDKL5_005_182_64,57,0.095,9,0.863,0.0,22.07
2025-10-12 00:51:11,027,CDKL5_005_182_64,171,0.285,6,0.584,0.0,22.12
2025-10-12 01:01:13,027,CDKL5_005_182_64,104,0.173,6,0.698,0.0,22.06
2025-10-12 01:11:15,027,CDKL5_005_182_64,183,0.305,4,0.466,0.0,22.02
2025-10-12 01:21:18,027,CDKL5_005_182_64,165,0.275,7,0.629,0.0,21.98
2025-10-12 01:31:22,027,CDKL5_005_182_64,230,0.383,4,0.41,0.0,21.98
2025-10-12 01:41:24,027,CDKL5_005_182_64,14,0.023,12,0.972,0.0,21.95
2025-10-12 01:51:27,027,CDKL5_005_182_64,4,0.007,14,0.993,0.0,21.9
2025-10-12 02:01:30,027,CDKL5_005_182_64,2,0.003,15,0.997,0.0,21.86
2025-10-12 02:11:33,027,CDKL5_005_182_64,0,0.0,15,1.0,0.0,21.83
2025-10-12 02:21:36,027,CDKL5_005_182_64,13,0.022,12,0.974,0.0,21.8
2025-10-12 02:31:39,027,CDKL5_005_182_64,4,0.007,14,0.993,0.0,21.78
2025-10-12 02:41:53,027,CDKL5_005_182_64,2,0.003,15,0.997,0.0,21.81
2025-10-12 02:51:56,027,CDKL5_005_182_64,4,0.007,14,0.993,0.0,21.78
2025-10-12 03:01:58,027,CDKL5_005_182_64,0,0.0,15,1.0,0.0,21.76
2025-10-12 03:12:01,027,CDKL5_005_182_64,291,0.485,1,0.121,0.0,21.81
2025-10-12 03:22:03,027,CDKL5_005_182_64,299,0.498,2,0.211,0.0,21.92
2025-10-12 03:32:07,027,CDKL5_005_182_64,59,0.098,13,0.898,0.0,21.88
2025-10-12 03:42:10,027,CDKL5_005_182_64,245,0.408,0,0.0,0.0,22.06
2025-10-12 03:52:12,027,CDKL5_005_182_64,65,0.108,11,0.871,0.0,21.99
2025-10-12 04:02:15,027,CDKL5_005_182_64,151,0.251,7,0.65,0.0,21.96
2025-10-12 04:12:18,027,CDKL5_005_182_64,113,0.188,5,0.639,0.0,21.97
2025-10-12 04:22:21,027,CDKL5_005_182_64,156,0.26,1,0.204,0.0,21.99
2025-10-12 04:32:24,027,CDKL5_005_182_64,19,0.032,12,0.962,0.0,21.95
2025-10-12 04:42:26,027,CDKL5_005_182_64,0,0.0,15,1.0,0.0,21.9
2025-10-12 04:52:29,027,CDKL5_005_182_64,0,0.0,15,1.0,0.0,21.85
2025-10-12 05:02:31,027,CDKL5_005_182_64,1,0.002,14,0.998,0.0,21.82
2025-10-12 05:12:34,027,CDKL5_005_182_64,4,0.007,15,0.993,0.0,21.79
2025-10-12 05:22:37,027,CDKL5_005_182_64,95,0.158,8,0.771,0.0,21.81
2025-10-12 05:32:40,027,CDKL5_005_182_64,92,0.153,9,0.796,0.0,21.79
2025-10-12 05:42:42,027,CDKL5_005_182_64,135,0.225,7,0.675,0.0,21.85
2025-10-12 05:52:44,027,CDKL5_005_182_64,120,0.2,7,0.7,0.0,21.84
2025-10-12 06:02:47,027,CDKL5_005_182_64,176,0.293,4,0.476,0.1224,21.89
2025-10-12 06:12:50,027,CDKL5_005_182_64,125,0.208,5,0.615,0.126,21.87
2025-10-12 06:22:53,027,CDKL5_005_182_64,216,0.359,5,0.481,0.1656,21.88
2025-10-12 06:32:55,027,CDKL5_005_182_64,209,0.348,6,0.535,0.1764,21.86
2025-10-12 06:43:18,027,CDKL5_005_182_64,3,0.005,14,0.995,0.1728,21.87
2025-10-12 06:53:20,027,CDKL5_005_182_64,0,0.0,15,1.0,0.1728,21.8
2025-10-12 07:03:23,027,CDKL5_005_182_64,0,0.0,15,1.0,0.1764,21.75
2025-10-12 07:13:26,027,CDKL5_005_182_64,0,0.0,15,1.0,0.1728,21.71
2025-10-12 07:23:29,027,CDKL5_005_182_64,0,0.0,15,1.0,0.1728,21.69
2025-10-12 07:33:31,027,CDKL5_005_182_64,2,0.003,15,0.997,0.1764,21.67
2025-10-12 07:43:34,027,CDKL5_005_182_64,0,0.0,15,1.0,0.1728,21.66
2025-10-12 07:53:37,027,CDKL5_005_182_64,0,0.0,15,1.0,0.1764,21.65
2025-10-12 08:03:39,027,CDKL5_005_182_64,13,0.022,14,0.977,0.1656,21.62
2025-10-12 08:13:42,027,CDKL5_005_182_64,0,0.0,15,1.0,0.1656,21.62
2025-10-12 08:23:45,027,CDKL5_005_182_64,0,0.0,15,1.0,0.1656,21.6
2025-10-12 08:33:47,027,CDKL5_005_182_64,0,0.0,15,1.0,0.1656,21.59
2025-10-12 08:43:50,027,CDKL5_005_182_64,40,0.067,12,0.923,0.1836,21.59
2025-10-12 08:53:53,027,CDKL5_005_182_64,82,0.137,7,0.773,0.1944,21.63
2025-10-12 09:03:55,027,CDKL5_005_182_64,101,0.168,9,0.781,0.1944,21.77
2025-10-12 09:13:58,027,CDKL5_005_182_64,85,0.142,7,0.767,0.1476,21.72
2025-10-12 09:24:01,027,CDKL5_005_182_64,0,0.0,15,1.0,0.1476,21.68
2025-10-12 09:34:04,027,CDKL5_005_182_64,0,0.0,15,1.0,0.144,21.66
2025-10-12 09:44:07,027,CDKL5_005_182_64,0,0.0,15,1.0,0.1476,21.64
2025-10-12 09:54:09,027,CDKL5_005_182_64,0,0.0,15,1.0,0.144,21.62
2025-10-12 10:04:12,027,CDKL5_005_182_64,0,0.0,15,1.0,0.1476,21.6
2025-10-12 10:14:15,027,CDKL5_005_182_64,0,0.0,15,1.0,0.1512,21.59
2025-10-12 10:24:18,027,CDKL5_005_182_64,0,0.0,15,1.0,0.1512,21.58
2025-10-12 10:34:20,027,CDKL5_005_182_64,0,0.0,15,1.0,0.1368,21.58
2025-10-12 10:44:41,027,CDKL5_005_182_64,0,0.0,15,1.0,0.1368,21.62
2025-10-12 10:54:44,027,CDKL5_005_182_64,0,0.0,15,1.0,0.1368,21.6
2025-10-12 11:04:47,027,CDKL5_005_182_64,0,0.0,15,1.0,0.1368,21.59
2025-10-12 11:14:50,027,CDKL5_005_182_64,0,0.0,15,1.0,0.1368,21.57
2025-10-12 11:24:52,027,CDKL5_005_182_64,0,0.0,15,1.0,0.1296,21.56
2025-10-12 11:34:55,027,CDKL5_005_182_64,0,0.0,15,1.0,0.1404,21.56
2025-10-12 11:44:57,027,CDKL5_005_182_64,4,0.007,14,0.993,0.1368,21.55
2025-10-12 11:55:00,027,CDKL5_005_182_64,93,0.155,6,0.721,0.1296,21.58
2025-10-12 12:05:03,027,CDKL5_005_182_64,56,0.093,10,0.877,0.1116,21.59
2025-10-12 12:15:06,027,CDKL5_005_182_64,27,0.045,10,0.937,0.108,21.6
2025-10-12 12:25:09,027,CDKL5_005_182_64,8,0.013,13,0.985,0.1152,21.6
2025-10-12 12:35:12,027,CDKL5_005_182_64,1,0.002,14,0.998,0.1188,21.59
2025-10-12 12:45:14,027,CDKL5_005_182_64,0,0.0,15,1.0,0.1188,21.57
2025-10-12 12:55:17,027,CDKL5_005_182_64,3,0.005,14,0.995,0.1152,21.56
2025-10-12 13:05:20,027,CDKL5_005_182_64,0,0.0,15,1.0,0.1152,21.55
2025-10-12 13:15:23,027,CDKL5_005_182_64,0,0.0,15,1.0,0.1152,21.53
2025-10-12 13:25:26,027,CDKL5_005_182_64,3,0.005,14,0.995,0.1152,21.52
2025-10-12 13:35:28,027,CDKL5_005_182_64,9,0.015,14,0.984,0.1152,21.52
2025-10-12 13:45:31,027,CDKL5_005_182_64,0,0.0,15,1.0,0.1152,21.51
2025-10-12 13:55:33,027,CDKL5_005_182_64,0,0.0,15,1.0,0.1152,21.51
2025-10-12 14:05:36,027,CDKL5_005_182_64,0,0.0,15,1.0,0.1152,21.49
2025-10-12 14:15:39,027,CDKL5_005_182_64,5,0.008,14,0.991,0.1152,21.49
2025-10-12 14:25:42,027,CDKL5_005_182_64,3,0.005,15,0.995,0.1152,21.49
2025-10-12 14:35:44,027,CDKL5_005_182_64,2,0.003,14,0.996,0.1152,21.49
2025-10-12 14:46:02,027,CDKL5_005_182_64,30,0.05,10,0.93,0.1152,21.53
2025-10-12 14:56:05,027,CDKL5_005_182_64,84,0.14,8,0.792,0.1152,21.52
2025-10-12 15:06:07,027,CDKL5_005_182_64,126,0.21,7,0.69,0.1548,21.56
2025-10-12 15:16:10,027,CDKL5_005_182_64,111,0.185,4,0.59,0.198,21.58
2025-10-12 15:26:13,027,CDKL5_005_182_64,15,0.025,13,0.972,0.1944,21.57
2025-10-12 15:36:16,027,CDKL5_005_182_64,0,0.0,15,1.0,0.1944,21.55
2025-10-12 15:46:18,027,CDKL5_005_182_64,5,0.008,14,0.991,0.18,21.55
2025-10-12 15:56:21,027,CDKL5_005_182_64,1,0.002,15,0.998,0.1908,21.55
2025-10-12 16:06:25,027,CDKL5_005_182_64,5,0.008,15,0.992,0.18,21.55
2025-10-12 16:16:27,027,CDKL5_005_182_64,10,0.017,14,0.982,0.18,21.54
2025-10-12 16:26:30,027,CDKL5_005_182_64,3,0.005,15,0.995,0.18,21.54
2025-10-12 16:36:33,027,CDKL5_005_182_64,141,0.235,6,0.63,0.18,21.55
2025-10-12 16:46:35,027,CDKL5_005_182_64,100,0.166,10,0.8,0.1692,21.56
2025-10-12 16:56:38,027,CDKL5_005_182_64,97,0.161,7,0.743,0.1152,21.63
2025-10-12 17:06:41,027,CDKL5_005_182_64,116,0.193,4,0.58,0.1188,21.64
2025-10-12 17:16:44,027,CDKL5_005_182_64,1,0.002,15,0.998,0.1224,21.63
2025-10-12 17:26:47,027,CDKL5_005_182_64,1,0.002,14,0.998,0.1224,21.6
2025-10-12 17:36:50,027,CDKL5_005_182_64,2,0.003,15,0.997,0.1224,21.58
2025-10-12 17:46:53,027,CDKL5_005_182_64,3,0.005,14,0.995,0.1224,21.57
2025-10-12 17:56:56,027,CDKL5_005_182_64,132,0.22,5,0.602,0.0216,21.59
2025-10-12 18:06:58,027,CDKL5_005_182_64,205,0.342,5,0.494,0.0,21.69
2025-10-12 18:17:00,027,CDKL5_005_182_64,135,0.225,6,0.64,0.0,21.76
2025-10-12 18:27:04,027,CDKL5_005_182_64,164,0.273,6,0.594,0.0,21.8
2025-10-12 18:37:07,027,CDKL5_005_182_64,150,0.25,5,0.571,0.0,21.86
2025-10-12 18:47:29,027,CDKL5_005_182_64,174,0.291,6,0.58,0.0,21.98
2025-10-12 18:57:32,027,CDKL5_005_182_64,185,0.308,7,0.602,0.0,22.0
2025-10-12 19:07:34,027,CDKL5_005_182_64,181,0.302,5,0.525,0.0,22.0
2025-10-12 19:17:37,027,CDKL5_005_182_64,97,0.161,10,0.805,0.0,21.92
2025-10-12 19:27:40,027,CDKL5_005_182_64,188,0.313,5,0.515,0.0,21.96
2025-10-12 19:37:43,027,CDKL5_005_182_64,218,0.363,4,0.423,0.0,21.98
2025-10-12 19:47:45,027,CDKL5_005_182_64,210,0.349,4,0.432,0.0,22.04
2025-10-12 19:57:48,027,CDKL5_005_182_64,209,0.348,4,0.434,0.0,22.03
2025-10-12 20:07:51,027,CDKL5_005_182_64,161,0.268,7,0.635,0.0,22.02
2025-10-12 20:17:53,027,CDKL5_005_182_64,221,0.368,3,0.352,0.0,22.07
2025-10-12 20:27:56,027,CDKL5_005_182_64,57,0.095,12,0.894,0.0,22.01
2025-10-12 20:37:59,027,CDKL5_005_182_64,163,0.271,6,0.596,0.0,22.02
2025-10-12 20:48:02,027,CDKL5_005_182_64,196,0.326,4,0.449,0.0,22.05
2025-10-12 20:58:04,027,CDKL5_005_182_64,38,0.063,11,0.921,0.0,22.01
2025-10-12 21:08:06,027,CDKL5_005_182_64,132,0.22,4,0.548,0.0,22.03
2025-10-12 21:18:10,027,CDKL5_005_182_64,276,0.459,1,0.127,0.0,22.16
2025-10-12 21:28:12,027,CDKL5_005_182_64,277,0.461,4,0.366,0.0,22.27
2025-10-12 21:38:15,027,CDKL5_005_182_64,147,0.245,5,0.576,0.0,22.26
2025-10-12 21:48:17,027,CDKL5_005_182_64,131,0.218,5,0.604,0.0,22.2
2025-10-12 21:58:19,027,CDKL5_005_182_64,69,0.115,11,0.864,0.0,22.08
2025-10-12 22:08:22,027,CDKL5_005_182_64,145,0.242,4,0.525,0.0,22.17
2025-10-12 22:18:24,027,CDKL5_005_182_64,175,0.291,5,0.533,0.0,22.11
2025-10-12 22:28:27,027,CDKL5_005_182_64,189,0.314,6,0.559,0.0,22.11
2025-10-12 22:38:29,027,CDKL5_005_182_64,186,0.309,7,0.601,0.0,22.11
2025-10-12 22:48:49,027,CDKL5_005_182_64,175,0.293,5,0.533,0.0,22.09
2025-10-12 22:58:51,027,CDKL5_005_182_64,218,0.363,3,0.355,0.0,22.09
2025-10-12 23:08:54,027,CDKL5_005_182_64,236,0.393,0,0.0,0.0,22.04
2025-10-12 23:18:56,027,CDKL5_005_182_64,35,0.058,10,0.92,0.0,21.96
2025-10-12 23:28:59,027,CDKL5_005_182_64,0,0.0,15,1.0,0.0,21.89
2025-10-12 23:39:02,027,CDKL5_005_182_64,0,0.0,15,1.0,0.0,21.83
2025-10-12 23:49:04,027,CDKL5_005_182_64,0,0.0,15,1.0,0.0,21.79
2025-10-12 23:59:08,027,CDKL5_005_182_64,16,0.027,11,0.965,0.0,21.77
2025-10-11 00:08:06,043,CDKL5_005_182_65,4,0.007,13,0.992,0.0,21.48
2025-10-11 00:18:10,043,CDKL5_005_182_65,13,0.022,14,0.977,0.0,21.48
2025-10-11 00:28:14,043,CDKL5_005_182_65,1,0.002,13,0.998,0.0,21.46
2025-10-11 00:38:17,043,CDKL5_005_182_65,175,0.291,5,0.533,0.0,21.47
2025-10-11 00:48:20,043,CDKL5_005_182_65,282,0.469,4,0.362,0.0,21.5
2025-10-11 00:58:24,043,CDKL5_005_182_65,237,0.394,5,0.458,0.0,21.54
2025-10-11 01:08:27,043,CDKL5_005_182_65,294,0.489,3,0.29,0.0,21.61
2025-10-11 01:18:31,043,CDKL5_005_182_65,194,0.322,6,0.553,0.0,21.61
2025-10-11 01:28:34,043,CDKL5_005_182_65,292,0.486,1,0.12,0.0,21.68
2025-10-11 01:38:37,043,CDKL5_005_182_65,238,0.396,5,0.457,0.0,21.64
2025-10-11 01:48:40,043,CDKL5_005_182_65,180,0.3,7,0.609,0.0,21.57
2025-10-11 01:58:44,043,CDKL5_005_182_65,141,0.234,6,0.63,0.0,21.52
2025-10-11 02:08:47,043,CDKL5_005_182_65,94,0.156,10,0.81,0.0,21.49
2025-10-11 02:18:50,043,CDKL5_005_182_65,184,0.306,6,0.566,0.0,21.47
2025-10-11 02:29:10,043,CDKL5_005_182_65,291,0.484,1,0.121,0.0,21.55
2025-10-11 02:39:14,043,CDKL5_005_182_65,31,0.052,11,0.934,0.0,21.53
2025-10-11 02:49:17,043,CDKL5_005_182_65,330,0.548,0,0.0,0.0,21.5
2025-10-11 02:59:19,043,CDKL5_005_182_65,40,0.067,9,0.9,0.0,21.44
2025-10-11 03:09:22,043,CDKL5_005_182_65,16,0.027,11,0.965,0.0,21.37
2025-10-11 03:19:25,043,CDKL5_005_182_65,0,0.0,14,1.0,0.0,21.3
2025-10-11 03:29:29,043,CDKL5_005_182_65,2,0.003,14,0.996,0.0,21.24
2025-10-11 03:39:33,043,CDKL5_005_182_65,0,0.0,14,1.0,0.0,21.2
2025-10-11 03:49:37,043,CDKL5_005_182_65,0,0.0,14,1.0,0.0,21.18
2025-10-11 03:59:41,043,CDKL5_005_182_65,1,0.002,14,0.998,0.0,21.16
2025-10-11 04:09:43,043,CDKL5_005_182_65,0,0.0,14,1.0,0.0,21.14
2025-10-11 04:19:47,043,CDKL5_005_182_65,42,0.07,10,0.905,0.0,21.13
2025-10-11 04:29:51,043,CDKL5_005_182_65,6,0.01,13,0.989,0.0,21.11
2025-10-11 04:39:54,043,CDKL5_005_182_65,36,0.06,11,0.924,0.0,21.12
2025-10-11 04:49:57,043,CDKL5_005_182_65,86,0.143,6,0.736,0.0,21.13
2025-10-11 04:59:59,043,CDKL5_005_182_65,197,0.328,5,0.504,0.0,21.19
2025-10-11 05:10:03,043,CDKL5_005_182_65,229,0.38,4,0.411,0.0,21.26
2025-10-11 05:20:06,043,CDKL5_005_182_65,121,0.201,10,0.768,0.0,21.25
2025-10-11 05:30:10,043,CDKL5_005_182_65,167,0.277,4,0.489,0.0,21.28
2025-10-11 05:40:13,043,CDKL5_005_182_65,90,0.15,9,0.8,0.0,21.28
2025-10-11 05:50:15,043,CDKL5_005_182_65,386,0.643,1,0.094,0.0,21.39
2025-10-11 06:00:20,043,CDKL5_005_182_65,305,0.507,1,0.116,0.108,21.39
2025-10-11 06:10:23,043,CDKL5_005_182_65,233,0.387,3,0.34,0.1368,21.4
2025-10-11 06:20:27,043,CDKL5_005_182_65,26,0.043,11,0.944,0.1368,21.35
2025-10-11 06:30:47,043,CDKL5_005_182_65,3,0.005,14,0.995,0.1368,21.34
2025-10-11 06:40:51,043,CDKL5_005_182_65,0,0.0,14,1.0,0.1368,21.27
2025-10-11 06:50:54,043,CDKL5_005_182_65,5,0.008,14,0.991,0.1404,21.23
2025-10-11 07:00:57,043,CDKL5_005_182_65,8,0.013,13,0.985,0.1368,21.21
2025-10-11 07:11:00,043,CDKL5_005_182_65,0,0.0,14,1.0,0.1404,21.18
2025-10-11 07:21:03,043,CDKL5_005_182_65,1,0.002,14,0.998,0.1368,21.17
2025-10-11 07:31:06,043,CDKL5_005_182_65,12,0.02,12,0.976,0.1368,21.15
2025-10-11 07:41:09,043,CDKL5_005_182_65,0,0.0,14,1.0,0.144,21.14
2025-10-11 07:51:13,043,CDKL5_005_182_65,0,0.0,14,1.0,0.1404,21.14
2025-10-11 08:01:16,043,CDKL5_005_182_65,0,0.0,14,1.0,0.1404,21.13
2025-10-11 08:11:18,043,CDKL5_005_182_65,7,0.012,14,0.988,0.1404,21.13
2025-10-11 08:21:22,043,CDKL5_005_182_65,59,0.098,8,0.844,0.1476,21.12
2025-10-11 08:31:25,043,CDKL5_005_182_65,101,0.168,7,0.735,0.1296,21.16
2025-10-11 08:41:29,043,CDKL5_005_182_65,5,0.008,14,0.991,0.1332,21.15
2025-10-11 08:51:32,043,CDKL5_005_182_65,12,0.02,13,0.977,0.1296,21.13
2025-10-11 09:01:36,043,CDKL5_005_182_65,4,0.007,13,0.992,0.1296,21.13
2025-10-11 09:11:38,043,CDKL5_005_182_65,0,0.0,14,1.0,0.1404,21.11
2025-10-11 09:21:41,043,CDKL5_005_182_65,3,0.005,13,0.994,0.1332,21.11
2025-10-11 09:31:45,043,CDKL5_005_182_65,4,0.007,13,0.992,0.1296,21.11
2025-10-11 09:41:49,043,CDKL5_005_182_65,2,0.003,14,0.996,0.1296,21.09
2025-10-11 09:51:53,043,CDKL5_005_182_65,7,0.012,13,0.987,0.1296,21.08
2025-10-11 10:01:56,043,CDKL5_005_182_65,73,0.121,9,0.831,0.1296,21.1
2025-10-11 10:11:59,043,CDKL5_005_182_65,49,0.082,10,0.891,0.1512,21.23
2025-10-11 10:22:02,043,CDKL5_005_182_65,341,0.567,0,0.0,0.1476,21.24
2025-10-11 10:32:17,043,CDKL5_005_182_65,134,0.223,9,0.729,0.108,21.26
2025-10-11 10:42:20,043,CDKL5_005_182_65,0,0.0,14,1.0,0.1152,21.22
2025-10-11 10:52:22,043,CDKL5_005_182_65,0,0.0,14,1.0,0.1008,21.17
2025-10-11 11:02:26,043,CDKL5_005_182_65,1,0.002,14,0.998,0.1008,21.12
2025-10-11 11:12:29,043,CDKL5_005_182_65,0,0.0,14,1.0,0.1008,21.09
2025-10-11 11:22:32,043,CDKL5_005_182_65,3,0.005,13,0.994,0.108,21.04
2025-10-11 11:32:36,043,CDKL5_005_182_65,0,0.0,14,1.0,0.1116,21.01
2025-10-11 11:42:39,043,CDKL5_005_182_65,4,0.007,13,0.992,0.108,21.0
2025-10-11 11:52:42,043,CDKL5_005_182_65,3,0.005,14,0.995,0.1008,20.98
2025-10-11 12:02:45,043,CDKL5_005_182_65,0,0.0,14,1.0,0.1008,20.97
2025-10-11 12:12:47,043,CDKL5_005_182_65,0,0.0,14,1.0,0.1116,20.96
2025-10-11 12:22:50,043,CDKL5_005_182_65,0,0.0,14,1.0,0.1116,20.95
2025-10-11 12:32:53,043,CDKL5_005_182_65,4,0.007,14,0.993,0.1224,20.95
2025-10-11 12:42:57,043,CDKL5_005_182_65,17,0.028,11,0.963,0.1548,20.97
2025-10-11 12:53:00,043,CDKL5_005_182_65,69,0.115,5,0.743,0.126,20.98
2025-10-11 13:03:04,043,CDKL5_005_182_65,111,0.185,5,0.643,0.1656,21.01
2025-10-11 13:13:07,043,CDKL5_005_182_65,212,0.353,3,0.361,0.1404,21.04
2025-10-11 13:23:10,043,CDKL5_005_182_65,26,0.043,10,0.939,0.1404,21.03
2025-10-11 13:33:12,043,CDKL5_005_182_65,0,0.0,14,1.0,0.1404,21.01
2025-10-11 13:43:16,043,CDKL5_005_182_65,10,0.017,14,0.982,0.1404,20.99
2025-10-11 13:53:19,043,CDKL5_005_182_65,4,0.007,14,0.993,0.1296,20.98
2025-10-11 14:03:23,043,CDKL5_005_182_65,2,0.003,13,0.996,0.1404,20.96
2025-10-11 14:13:27,043,CDKL5_005_182_65,6,0.01,13,0.989,0.1368,20.96
2025-10-11 14:23:29,043,CDKL5_005_182_65,12,0.02,12,0.976,0.1368,20.93
2025-10-11 14:33:51,043,CDKL5_005_182_65,0,0.0,14,1.0,0.1404,20.98
2025-10-11 14:43:54,043,CDKL5_005_182_65,11,0.018,12,0.978,0.1224,20.96
2025-10-11 14:53:57,043,CDKL5_005_182_65,16,0.027,12,0.968,0.1332,20.96
2025-10-11 15:04:00,043,CDKL5_005_182_65,105,0.175,6,0.696,0.1116,20.99
2025-10-11 15:14:03,043,CDKL5_005_182_65,114,0.19,4,0.584,0.1116,21.01
2025-10-11 15:24:06,043,CDKL5_005_182_65,188,0.312,7,0.598,0.0936,21.05
2025-10-11 15:34:10,043,CDKL5_005_182_65,120,0.199,4,0.571,0.0936,21.07
2025-10-11 15:44:13,043,CDKL5_005_182_65,1,0.002,14,0.998,0.0936,21.07
2025-10-11 15:54:16,043,CDKL5_005_182_65,1,0.002,14,0.998,0.0936,21.05
2025-10-11 16:04:19,043,CDKL5_005_182_65,8,0.013,14,0.986,0.0936,21.04
2025-10-11 16:14:24,043,CDKL5_005_182_65,0,0.0,14,1.0,0.0936,21.03
2025-10-11 16:24:28,043,CDKL5_005_182_65,6,0.01,13,0.989,0.108,21.01
2025-10-11 16:34:31,043,CDKL5_005_182_65,14,0.023,12,0.972,0.1152,21.01
2025-10-11 16:44:33,043,CDKL5_005_182_65,0,0.0,14,1.0,0.0936,21.02
2025-10-11 16:54:37,043,CDKL5_005_182_65,105,0.174,5,0.656,0.0936,21.03
2025-10-11 17:04:41,043,CDKL5_005_182_65,245,0.407,4,0.395,0.1152,21.12
2025-10-11 17:14:44,043,CDKL5_005_182_65,168,0.28,7,0.625,0.1188,21.13
2025-10-11 17:24:47,043,CDKL5_005_182_65,260,0.432,1,0.133,0.0936,21.19
2025-10-11 17:34:51,043,CDKL5_005_182_65,140,0.233,4,0.533,0.0972,21.25
2025-10-11 17:44:54,043,CDKL5_005_182_65,243,0.404,4,0.397,0.0936,21.28
2025-10-11 17:54:59,043,CDKL5_005_182_65,207,0.343,5,0.491,0.1008,21.31
2025-10-11 18:05:02,043,CDKL5_005_182_65,10,0.017,14,0.982,0.0,21.31
2025-10-11 18:15:06,043,CDKL5_005_182_65,16,0.027,13,0.97,0.0,21.29
2025-10-11 18:25:10,043,CDKL5_005_182_65,36,0.06,13,0.935,0.0,21.27
2025-10-11 18:35:59,043,CDKL5_005_182_65,224,0.374,4,0.417,0.0,21.43
2025-10-11 18:46:03,043,CDKL5_005_182_65,260,0.433,6,0.48,0.0,21.41
2025-10-11 18:56:06,043,CDKL5_005_182_65,252,0.419,4,0.388,0.0,21.44
2025-10-11 19:06:09,043,CDKL5_005_182_65,403,0.669,0,0.0,0.0,21.45
2025-10-11 19:16:13,043,CDKL5_005_182_65,149,0.248,9,0.707,0.0,21.45
2025-10-11 19:26:16,043,CDKL5_005_182_65,214,0.355,7,0.567,0.0,21.44
2025-10-11 19:36:20,043,CDKL5_005_182_65,421,0.7,0,0.0,0.0,21.48
2025-10-11 19:46:23,043,CDKL5_005_182_65,341,0.566,2,0.19,0.0,21.5
2025-10-11 19:56:27,043,CDKL5_005_182_65,303,0.503,4,0.346,0.0,21.6
2025-10-11 20:06:31,043,CDKL5_005_182_65,100,0.166,10,0.8,0.0,21.64
2025-10-11 20:16:35,043,CDKL5_005_182_65,271,0.45,4,0.371,0.0,21.62
2025-10-11 20:26:38,043,CDKL5_005_182_65,342,0.569,0,0.0,0.0,21.65
2025-10-11 20:36:41,043,CDKL5_005_182_65,222,0.369,5,0.474,0.0,21.72
2025-10-11 20:46:43,043,CDKL5_005_182_65,77,0.128,10,0.839,0.0,21.6
2025-10-11 20:56:46,043,CDKL5_005_182_65,217,0.36,5,0.48,0.0,21.59
2025-10-11 21:06:50,043,CDKL5_005_182_65,309,0.514,3,0.28,0.0,21.6
2025-10-11 21:16:53,043,CDKL5_005_182_65,365,0.607,1,0.099,0.0,21.8
2025-10-11 21:26:57,043,CDKL5_005_182_65,164,0.272,5,0.549,0.0,21.69
2025-10-11 21:37:00,043,CDKL5_005_182_65,176,0.292,6,0.577,0.0,21.6
2025-10-11 21:47:03,043,CDKL5_005_182_65,209,0.348,1,0.161,0.0,21.57
2025-10-11 21:57:06,043,CDKL5_005_182_65,36,0.06,13,0.935,0.0,21.52
2025-10-11 22:07:09,043,CDKL5_005_182_65,415,0.691,1,0.088,0.0,21.61
2025-10-11 22:17:13,043,CDKL5_005_182_65,191,0.317,5,0.512,0.0,21.64
2025-10-11 22:27:17,043,CDKL5_005_182_65,318,0.527,2,0.201,0.0,21.69
2025-10-11 22:37:40,043,CDKL5_005_182_65,0,0.0,14,1.0,0.0,21.64
2025-10-11 22:47:44,043,CDKL5_005_182_65,120,0.2,9,0.75,0.0,21.57
2025-10-11 22:57:46,043,CDKL5_005_182_65,405,0.674,0,0.0,0.0,21.57
2025-10-11 23:07:50,043,CDKL5_005_182_65,325,0.54,1,0.11,0.0,21.61
2025-10-11 23:17:54,043,CDKL5_005_182_65,24,0.04,11,0.948,0.0,21.56
2025-10-11 23:27:57,043,CDKL5_005_182_65,17,0.028,13,0.968,0.0,21.52
2025-10-11 23:38:01,043,CDKL5_005_182_65,16,0.027,11,0.965,0.0,21.46
2025-10-11 23:48:05,043,CDKL5_005_182_65,4,0.007,14,0.993,0.0,21.43
2025-10-11 23:58:08,043,CDKL5_005_182_65,1,0.002,14,0.998,0.0,21.41
2025-10-12 00:08:12,043,CDKL5_005_182_65,13,0.022,13,0.976,0.0,21.39
2025-10-12 00:18:15,043,CDKL5_005_182_65,13,0.022,13,0.976,0.0,21.38
2025-10-12 00:28:18,043,CDKL5_005_182_65,5,0.008,14,0.991,0.0,21.38
2025-10-12 00:38:21,043,CDKL5_005_182_65,18,0.03,12,0.964,0.0,21.35
2025-10-12 00:48:24,043,CDKL5_005_182_65,4,0.007,13,0.992,0.0,21.35
2025-10-12 00:58:27,043,CDKL5_005_182_65,159,0.264,3,0.43,0.0,21.38
2025-10-12 01:08:30,043,CDKL5_005_182_65,167,0.278,7,0.626,0.0,21.42
2025-10-12 01:18:34,043,CDKL5_005_182_65,340,0.566,1,0.105,0.0,21.47
2025-10-12 01:28:37,043,CDKL5_005_182_65,232,0.385,6,0.508,0.0,21.5
2025-10-12 01:38:40,043,CDKL5_005_182_65,80,0.133,11,0.846,0.0,21.47
2025-10-12 01:48:43,043,CDKL5_005_182_65,236,0.393,2,0.253,0.0,21.47
2025-10-12 01:58:46,043,CDKL5_005_182_65,393,0.654,0,0.0,0.0,21.72
2025-10-12 02:08:49,043,CDKL5_005_182_65,326,0.542,0,0.0,0.0,21.79
2025-10-12 02:18:53,043,CDKL5_005_182_65,131,0.218,8,0.71,0.0,21.68
2025-10-12 02:28:55,043,CDKL5_005_182_65,151,0.251,8,0.679,0.0,21.62
2025-10-12 02:39:21,043,CDKL5_005_182_65,171,0.285,6,0.584,0.0,21.68
2025-10-12 02:49:24,043,CDKL5_005_182_65,123,0.205,8,0.722,0.0,21.57
2025-10-12 02:59:27,043,CDKL5_005_182_65,375,0.624,0,0.0,0.0,21.63
2025-10-12 03:09:31,043,CDKL5_005_182_65,254,0.422,3,0.321,0.0,21.64
2025-10-12 03:19:34,043,CDKL5_005_182_65,62,0.103,8,0.838,0.0,21.64
2025-10-12 03:29:37,043,CDKL5_005_182_65,9,0.015,12,0.982,0.0,21.6
2025-10-12 03:39:39,043,CDKL5_005_182_65,27,0.045,12,0.947,0.0,21.54
2025-10-12 03:49:43,043,CDKL5_005_182_65,108,0.179,10,0.787,0.0,21.53
2025-10-12 03:59:46,043,CDKL5_005_182_65,281,0.468,1,0.125,0.0,21.53
2025-10-12 04:09:49,043,CDKL5_005_182_65,212,0.353,4,0.43,0.0,21.54
2025-10-12 04:19:52,043,CDKL5_005_182_65,62,0.103,11,0.876,0.0,21.52
2025-10-12 04:29:56,043,CDKL5_005_182_65,231,0.384,4,0.409,0.0,21.62
2025-10-12 04:39:59,043,CDKL5_005_182_65,239,0.397,4,0.401,0.0,21.67
2025-10-12 04:50:01,043,CDKL5_005_182_65,180,0.3,7,0.609,0.0,21.57
2025-10-12 05:00:05,043,CDKL5_005_182_65,85,0.141,10,0.825,0.0,21.46
2025-10-12 05:10:09,043,CDKL5_005_182_65,86,0.143,10,0.823,0.0,21.43
2025-10-12 05:20:12,043,CDKL5_005_182_65,145,0.241,6,0.623,0.0,21.37
2025-10-12 05:30:15,043,CDKL5_005_182_65,359,0.597,1,0.1,0.0,21.42
2025-10-12 05:40:20,043,CDKL5_005_182_65,372,0.617,1,0.097,0.0,21.46
2025-10-12 05:50:23,043,CDKL5_005_182_65,161,0.268,2,0.332,0.0,21.48
2025-10-12 06:00:26,043,CDKL5_005_182_65,13,0.022,12,0.974,0.1224,21.48
2025-10-12 06:10:29,043,CDKL5_005_182_65,7,0.012,13,0.987,0.1224,21.44
2025-10-12 06:20:33,043,CDKL5_005_182_65,9,0.015,14,0.984,0.1152,21.42
2025-10-12 06:30:36,043,CDKL5_005_182_65,27,0.045,12,0.947,0.1152,21.42
2025-10-12 06:40:56,043,CDKL5_005_182_65,8,0.013,12,0.984,0.1188,21.49
2025-10-12 06:50:59,043,CDKL5_005_182_65,10,0.017,12,0.98,0.1188,21.47
2025-10-12 07:01:02,043,CDKL5_005_182_65,17,0.028,13,0.968,0.108,21.44
2025-10-12 07:11:06,043,CDKL5_005_182_65,59,0.098,11,0.882,0.1116,21.41
2025-10-12 07:21:09,043,CDKL5_005_182_65,31,0.052,11,0.934,0.1152,21.37
2025-10-12 07:31:12,043,CDKL5_005_182_65,21,0.035,13,0.961,0.1152,21.33
2025-10-12 07:41:16,043,CDKL5_005_182_65,3,0.005,13,0.994,0.1224,21.3
2025-10-12 07:51:20,043,CDKL5_005_182_65,45,0.075,10,0.899,0.1116,21.29
2025-10-12 08:01:23,043,CDKL5_005_182_65,265,0.441,2,0.232,0.108,21.28
2025-10-12 08:11:27,043,CDKL5_005_182_65,113,0.187,7,0.712,0.1044,21.25
2025-10-12 08:21:30,043,CDKL5_005_182_65,3,0.005,14,0.995,0.1116,21.24
2025-10-12 08:31:33,043,CDKL5_005_182_65,7,0.012,13,0.987,0.108,21.25
2025-10-12 08:41:36,043,CDKL5_005_182_65,35,0.058,10,0.92,0.1044,21.23
2025-10-12 08:51:39,043,CDKL5_005_182_65,0,0.0,14,1.0,0.1152,21.22
2025-10-12 09:01:43,043,CDKL5_005_182_65,5,0.008,14,0.991,0.108,21.2
2025-10-12 09:11:46,043,CDKL5_005_182_65,9,0.015,13,0.983,0.1008,21.2
2025-10-12 09:21:49,043,CDKL5_005_182_65,2,0.003,13,0.996,0.1008,21.19
2025-10-12 09:31:53,043,CDKL5_005_182_65,21,0.035,12,0.958,0.1044,21.2
2025-10-12 09:41:57,043,CDKL5_005_182_65,5,0.008,13,0.99,0.0936,21.19
2025-10-12 09:52:01,043,CDKL5_005_182_65,25,0.042,11,0.946,0.108,21.2
2025-10-12 10:02:05,043,CDKL5_005_182_65,18,0.03,10,0.957,0.0936,21.21
2025-10-12 10:12:08,043,CDKL5_005_182_65,136,0.226,3,0.469,0.1332,21.23
2025-10-12 10:22:12,043,CDKL5_005_182_65,256,0.426,6,0.484,0.0936,21.26
2025-10-12 10:32:14,043,CDKL5_005_182_65,376,0.627,1,0.096,0.1584,21.31
2025-10-12 10:42:36,043,CDKL5_005_182_65,148,0.247,6,0.619,0.1224,21.36
2025-10-12 10:52:40,043,CDKL5_005_182_65,56,0.093,10,0.877,0.1296,21.4
2025-10-12 11:02:43,043,CDKL5_005_182_65,15,0.025,13,0.972,0.1332,21.39
2025-10-12 11:12:47,043,CDKL5_005_182_65,6,0.01,13,0.989,0.1368,21.39
2025-10-12 11:22:50,043,CDKL5_005_182_65,6,0.01,14,0.989,0.1368,21.37
2025-10-12 11:32:53,043,CDKL5_005_182_65,3,0.005,13,0.994,0.1368,21.36
2025-10-12 11:42:54,043,CDKL5_005_182_65,0,0.0,14,1.0,0.1368,21.34
2025-10-12 11:52:57,043,CDKL5_005_182_65,34,0.057,11,0.928,0.1368,21.31
2025-10-12 12:02:59,043,CDKL5_005_182_65,2,0.003,14,0.996,0.1368,21.33
2025-10-12 12:13:02,043,CDKL5_005_182_65,0,0.0,14,1.0,0.144,21.31
2025-10-12 12:23:05,043,CDKL5_005_182_65,18,0.03,10,0.957,0.1368,21.31
2025-10-12 12:33:09,043,CDKL5_005_182_65,5,0.008,13,0.99,0.144,21.29
2025-10-12 12:43:14,043,CDKL5_005_182_65,16,0.027,12,0.968,0.1368,21.29
2025-10-12 12:53:17,043,CDKL5_005_182_65,9,0.015,14,0.984,0.1368,21.28
2025-10-12 13:03:21,043,CDKL5_005_182_65,0,0.0,14,1.0,0.144,21.26
2025-10-12 13:13:24,043,CDKL5_005_182_65,10,0.017,11,0.978,0.144,21.28
2025-10-12 13:23:27,043,CDKL5_005_182_65,37,0.062,10,0.915,0.1476,21.31
2025-10-12 13:33:31,043,CDKL5_005_182_65,5,0.008,13,0.99,0.1368,21.29
2025-10-12 13:43:35,043,CDKL5_005_182_65,11,0.018,12,0.978,0.1368,21.3
2025-10-12 13:53:38,043,CDKL5_005_182_65,99,0.164,3,0.548,0.144,21.35
2025-10-12 14:03:41,043,CDKL5_005_182_65,95,0.158,7,0.747,0.1152,21.28
2025-10-12 14:13:45,043,CDKL5_005_182_65,89,0.148,9,0.802,0.0216,21.23
2025-10-12 14:23:49,043,CDKL5_005_182_65,316,0.526,1,0.112,0.1332,21.3
2025-10-12 14:33:51,043,CDKL5_005_182_65,45,0.075,9,0.889,0.144,21.31
2025-10-12 14:44:15,043,CDKL5_005_182_65,9,0.015,13,0.983,0.144,21.36
2025-10-12 14:54:19,043,CDKL5_005_182_65,8,0.013,13,0.985,0.144,21.32
2025-10-12 15:04:21,043,CDKL5_005_182_65,7,0.012,14,0.988,0.1512,21.28
2025-10-12 15:14:25,043,CDKL5_005_182_65,19,0.032,12,0.962,0.144,21.25
2025-10-12 15:24:29,043,CDKL5_005_182_65,1,0.002,14,0.998,0.144,21.24
2025-10-12 15:34:31,043,CDKL5_005_182_65,17,0.028,12,0.966,0.144,21.24
2025-10-12 15:44:35,043,CDKL5_005_182_65,0,0.0,14,1.0,0.144,21.24
2025-10-12 15:54:38,043,CDKL5_005_182_65,8,0.013,14,0.986,0.1548,21.24
2025-10-12 16:04:40,043,CDKL5_005_182_65,21,0.035,12,0.958,0.1404,21.24
2025-10-12 16:14:45,043,CDKL5_005_182_65,2,0.003,14,0.996,0.1512,21.23
2025-10-12 16:24:48,043,CDKL5_005_182_65,0,0.0,14,1.0,0.1512,21.22
2025-10-12 16:34:52,043,CDKL5_005_182_65,148,0.246,5,0.575,0.1368,21.27
2025-10-12 16:44:55,043,CDKL5_005_182_65,159,0.264,1,0.201,0.1152,21.32
2025-10-12 16:54:57,043,CDKL5_005_182_65,71,0.118,9,0.835,0.0936,21.23
2025-10-12 17:05:00,043,CDKL5_005_182_65,220,0.366,2,0.267,0.1188,21.3
2025-10-12 17:15:04,043,CDKL5_005_182_65,244,0.405,1,0.141,0.1764,21.36
2025-10-12 17:25:08,043,CDKL5_005_182_65,213,0.353,5,0.484,0.126,21.37
2025-10-12 17:35:11,043,CDKL5_005_182_65,39,0.065,9,0.902,0.1224,21.44
2025-10-12 17:45:14,043,CDKL5_005_182_65,9,0.015,13,0.983,0.1152,21.43
2025-10-12 17:55:17,043,CDKL5_005_182_65,18,0.03,12,0.964,0.1152,21.43
2025-10-12 18:05:20,043,CDKL5_005_182_65,68,0.113,10,0.855,0.0,21.34
2025-10-12 18:15:25,043,CDKL5_005_182_65,226,0.375,5,0.469,0.0,21.35
2025-10-12 18:25:27,043,CDKL5_005_182_65,190,0.317,6,0.558,0.0,21.38
2025-10-12 18:35:30,043,CDKL5_005_182_65,190,0.316,5,0.513,0.0,21.38
2025-10-12 18:45:45,043,CDKL5_005_182_65,367,0.612,1,0.098,0.0,21.47
2025-10-12 18:55:47,043,CDKL5_005_182_65,168,0.28,7,0.625,0.0,21.44
2025-10-12 19:05:51,043,CDKL5_005_182_65,311,0.517,2,0.205,0.0,21.47
2025-10-12 19:15:53,043,CDKL5_005_182_65,8,0.013,14,0.986,0.0,21.46
2025-10-12 19:25:56,043,CDKL5_005_182_65,310,0.516,3,0.279,0.0,21.45
2025-10-12 19:36:00,043,CDKL5_005_182_65,76,0.126,11,0.853,0.0,21.44
2025-10-12 19:46:04,043,CDKL5_005_182_65,327,0.542,3,0.268,0.0,21.48
2025-10-12 19:56:08,043,CDKL5_005_182_65,227,0.376,4,0.413,0.0,21.5
2025-10-12 20:06:11,043,CDKL5_005_182_65,49,0.082,12,0.907,0.0,21.47
2025-10-12 20:16:14,043,CDKL5_005_182_65,347,0.577,0,0.0,0.0,21.55
2025-10-12 20:26:18,043,CDKL5_005_182_65,262,0.436,0,0.0,0.0,21.64
2025-10-12 20:36:20,043,CDKL5_005_182_65,48,0.08,7,0.854,0.0,21.63
2025-10-12 20:46:23,043,CDKL5_005_182_65,3,0.005,14,0.995,0.0,21.58
2025-10-12 20:56:24,043,CDKL5_005_182_65,8,0.013,14,0.986,0.0,21.52
2025-10-12 21:06:28,043,CDKL5_005_182_65,13,0.022,12,0.974,0.0,21.49
2025-10-12 21:16:31,043,CDKL5_005_182_65,24,0.04,12,0.952,0.0,21.51
2025-10-12 21:26:35,043,CDKL5_005_182_65,194,0.322,7,0.591,0.0,21.49
2025-10-12 21:36:38,043,CDKL5_005_182_65,204,0.339,6,0.541,0.0,21.5
2025-10-12 21:46:42,043,CDKL5_005_182_65,261,0.434,4,0.38,0.0,21.49
2025-10-12 21:56:45,043,CDKL5_005_182_65,133,0.221,10,0.75,0.0,21.5
2025-10-12 22:06:49,043,CDKL5_005_182_65,208,0.345,5,0.49,0.0,21.51
2025-10-12 22:16:53,043,CDKL5_005_182_65,239,0.397,4,0.401,0.0,21.55
2025-10-12 22:26:56,043,CDKL5_005_182_65,144,0.239,9,0.714,0.0,21.54
2025-10-12 22:37:00,043,CDKL5_005_182_65,141,0.234,9,0.719,0.0,21.52
2025-10-12 22:47:16,043,CDKL5_005_182_65,421,0.702,0,0.0,0.0,21.68
2025-10-12 22:57:19,043,CDKL5_005_182_65,243,0.404,4,0.397,0.0,21.66
2025-10-12 23:07:22,043,CDKL5_005_182_65,67,0.111,9,0.843,0.0,21.53
2025-10-12 23:17:25,043,CDKL5_005_182_65,39,0.065,12,0.925,0.0,21.49
2025-10-12 23:27:28,043,CDKL5_005_182_65,294,0.488,2,0.214,0.0,21.5
2025-10-12 23:37:32,043,CDKL5_005_182_65,347,0.576,1,0.103,0.0,21.58
2025-10-12 23:47:34,043,CDKL5_005_182_65,190,0.317,4,0.457,0.0,21.56
2025-10-12 23:57:36,043,CDKL5_005_182_65,97,0.161,11,0.819,0.0,21.54
2025-10-11 00:04:14,047,CDKL5_005_183_74,165,0.275,7,0.629,0.0,21.69
2025-10-11 00:14:16,047,CDKL5_005_183_74,106,0.176,8,0.751,0.0,21.68
2025-10-11 00:24:19,047,CDKL5_005_183_74,82,0.136,10,0.83,0.0,21.67
2025-10-11 00:34:22,047,CDKL5_005_183_74,35,0.058,13,0.937,0.0,21.64
2025-10-11 00:44:25,047,CDKL5_005_183_74,14,0.023,13,0.974,0.0,21.59
2025-10-11 00:54:28,047,CDKL5_005_183_74,0,0.0,15,1.0,0.0,21.54
2025-10-11 01:04:31,047,CDKL5_005_183_74,0,0.0,15,1.0,0.0,21.52
2025-10-11 01:14:33,047,CDKL5_005_183_74,0,0.0,15,1.0,0.0,21.48
2025-10-11 01:24:36,047,CDKL5_005_183_74,0,0.0,15,1.0,0.0,21.46
2025-10-11 01:34:40,047,CDKL5_005_183_74,0,0.0,15,1.0,0.0,21.43
2025-10-11 01:44:42,047,CDKL5_005_183_74,0,0.0,15,1.0,0.0,21.43
2025-10-11 01:54:45,047,CDKL5_005_183_74,0,0.0,15,1.0,0.0,21.41
2025-10-11 02:04:47,047,CDKL5_005_183_74,0,0.0,15,1.0,0.0,21.41
2025-10-11 02:14:50,047,CDKL5_005_183_74,0,0.0,15,1.0,0.0,21.4
2025-10-11 02:24:53,047,CDKL5_005_183_74,0,0.0,15,1.0,0.0,21.39
2025-10-11 02:35:20,047,CDKL5_005_183_74,56,0.094,12,0.896,0.0,21.48
2025-10-11 02:45:23,047,CDKL5_005_183_74,165,0.275,7,0.629,0.0,21.49
2025-10-11 02:55:26,047,CDKL5_005_183_74,320,0.532,0,0.0,0.0,21.66
2025-10-11 03:05:29,047,CDKL5_005_183_74,234,0.389,1,0.146,0.0,21.7
2025-10-11 03:15:31,047,CDKL5_005_183_74,165,0.275,6,0.593,0.0,21.69
2025-10-11 03:25:34,047,CDKL5_005_183_74,136,0.226,6,0.638,0.0,21.66
2025-10-11 03:35:37,047,CDKL5_005_183_74,60,0.1,10,0.87,0.0,21.61
2025-10-11 03:45:40,047,CDKL5_005_183_74,74,0.123,10,0.844,0.0,21.62
2025-10-11 03:55:43,047,CDKL5_005_183_74,75,0.125,9,0.828,0.0,21.59
2025-10-11 04:05:46,047,CDKL5_005_183_74,80,0.133,8,0.8,0.0,21.58
2025-10-11 04:15:49,047,CDKL5_005_183_74,58,0.097,10,0.873,0.0,21.55
2025-10-11 04:25:52,047,CDKL5_005_183_74,0,0.0,15,1.0,0.0,21.5
2025-10-11 04:35:54,047,CDKL5_005_183_74,0,0.0,15,1.0,0.0,21.47
2025-10-11 04:45:57,047,CDKL5_005_183_74,0,0.0,15,1.0,0.0,21.42
2025-10-11 04:55:59,047,CDKL5_005_183_74,0,0.0,15,1.0,0.0,21.39
2025-10-11 05:06:03,047,CDKL5_005_183_74,0,0.0,15,1.0,0.0,21.37
2025-10-11 05:16:05,047,CDKL5_005_183_74,0,0.0,15,1.0,0.0,21.34
2025-10-11 05:26:07,047,CDKL5_005_183_74,0,0.0,15,1.0,0.0,21.31
2025-10-11 05:36:10,047,CDKL5_005_183_74,44,0.073,12,0.916,0.0,21.31
2025-10-11 05:46:13,047,CDKL5_005_183_74,34,0.057,13,0.939,0.0,21.35
2025-10-11 05:56:15,047,CDKL5_005_183_74,62,0.103,9,0.853,0.0,21.38
2025-10-11 06:06:18,047,CDKL5_005_183_74,65,0.108,11,0.871,0.18,21.42
2025-10-11 06:16:21,047,CDKL5_005_183_74,54,0.09,10,0.881,0.1872,21.46
2025-10-11 06:26:23,047,CDKL5_005_183_74,3,0.005,14,0.995,0.144,21.47
2025-10-11 06:36:50,047,CDKL5_005_183_74,16,0.027,12,0.968,0.2016,21.51
2025-10-11 06:46:53,047,CDKL5_005_183_74,0,0.0,15,1.0,0.2016,21.49
2025-10-11 06:56:56,047,CDKL5_005_183_74,0,0.0,15,1.0,0.2016,21.46
2025-10-11 07:06:58,047,CDKL5_005_183_74,0,0.0,15,1.0,0.2016,21.44
2025-10-11 07:17:01,047,CDKL5_005_183_74,0,0.0,15,1.0,0.2016,21.41
2025-10-11 07:27:04,047,CDKL5_005_183_74,0,0.0,15,1.0,0.2016,21.4
2025-10-11 07:37:07,047,CDKL5_005_183_74,0,0.0,15,1.0,0.2016,21.39
2025-10-11 07:47:10,047,CDKL5_005_183_74,0,0.0,15,1.0,0.2016,21.37
2025-10-11 07:57:12,047,CDKL5_005_183_74,0,0.0,15,1.0,0.2016,21.37
2025-10-11 08:07:15,047,CDKL5_005_183_74,0,0.0,15,1.0,0.2016,21.36
2025-10-11 08:17:17,047,CDKL5_005_183_74,0,0.0,15,1.0,0.2016,21.35
2025-10-11 08:27:20,047,CDKL5_005_183_74,0,0.0,15,1.0,0.2016,21.34
2025-10-11 08:37:23,047,CDKL5_005_183_74,0,0.0,15,1.0,0.2052,21.36
2025-10-11 08:47:25,047,CDKL5_005_183_74,9,0.015,14,0.984,0.2016,21.36
2025-10-11 08:57:28,047,CDKL5_005_183_74,0,0.0,15,1.0,0.2052,21.35
2025-10-11 09:07:31,047,CDKL5_005_183_74,0,0.0,15,1.0,0.2016,21.34
2025-10-11 09:17:34,047,CDKL5_005_183_74,0,0.0,15,1.0,0.2016,21.34
2025-10-11 09:27:37,047,CDKL5_005_183_74,0,0.0,15,1.0,0.2052,21.31
2025-10-11 09:37:40,047,CDKL5_005_183_74,0,0.0,15,1.0,0.2016,21.31
2025-10-11 09:47:42,047,CDKL5_005_183_74,0,0.0,15,1.0,0.2052,21.3
2025-10-11 09:57:45,047,CDKL5_005_183_74,0,0.0,15,1.0,0.2304,21.29
2025-10-11 10:07:48,047,CDKL5_005_183_74,8,0.013,14,0.986,0.2232,21.32
2025-10-11 10:17:50,047,CDKL5_005_183_74,40,0.067,10,0.909,0.2196,21.34
2025-10-11 10:27:53,047,CDKL5_005_183_74,60,0.1,8,0.842,0.1908,21.32
2025-10-11 10:38:19,047,CDKL5_005_183_74,2,0.003,14,0.996,0.2088,21.37
2025-10-11 10:48:22,047,CDKL5_005_183_74,0,0.0,15,1.0,0.2088,21.31
2025-10-11 10:58:25,047,CDKL5_005_183_74,0,0.0,15,1.0,0.18,21.27
2025-10-11 11:08:27,047,CDKL5_005_183_74,0,0.0,15,1.0,0.18,21.22
2025-10-11 11:18:30,047,CDKL5_005_183_74,0,0.0,15,1.0,0.1836,21.19
2025-10-11 11:28:33,047,CDKL5_005_183_74,0,0.0,15,1.0,0.18,21.15
2025-10-11 11:38:36,047,CDKL5_005_183_74,0,0.0,15,1.0,0.18,21.12
2025-10-11 11:48:39,047,CDKL5_005_183_74,0,0.0,15,1.0,0.18,21.13
2025-10-11 11:58:41,047,CDKL5_005_183_74,0,0.0,15,1.0,0.1908,21.11
2025-10-11 12:08:44,047,CDKL5_005_183_74,0,0.0,15,1.0,0.1836,21.11
2025-10-11 12:18:47,047,CDKL5_005_183_74,0,0.0,15,1.0,0.1836,21.1
2025-10-11 12:28:50,047,CDKL5_005_183_74,0,0.0,15,1.0,0.1908,21.1
2025-10-11 12:38:53,047,CDKL5_005_183_74,0,0.0,15,1.0,0.216,21.09
2025-10-11 12:48:56,047,CDKL5_005_183_74,0,0.0,15,1.0,0.2088,21.09
2025-10-11 12:58:59,047,CDKL5_005_183_74,0,0.0,15,1.0,0.18,21.1
2025-10-11 13:09:02,047,CDKL5_005_183_74,0,0.0,15,1.0,0.1836,21.08
2025-10-11 13:19:04,047,CDKL5_005_183_74,0,0.0,15,1.0,0.18,21.08
2025-10-11 13:29:07,047,CDKL5_005_183_74,0,0.0,15,1.0,0.1908,21.08
2025-10-11 13:39:10,047,CDKL5_005_183_74,0,0.0,15,1.0,0.1836,21.07
2025-10-11 13:49:13,047,CDKL5_005_183_74,0,0.0,15,1.0,0.18,21.06
2025-10-11 13:59:16,047,CDKL5_005_183_74,0,0.0,15,1.0,0.18,21.06
2025-10-11 14:09:18,047,CDKL5_005_183_74,13,0.022,13,0.976,0.18,21.08
2025-10-11 14:19:21,047,CDKL5_005_183_74,0,0.0,15,1.0,0.18,21.07
2025-10-11 14:29:24,047,CDKL5_005_183_74,0,0.0,15,1.0,0.18,21.07
2025-10-11 14:39:49,047,CDKL5_005_183_74,0,0.0,15,1.0,0.18,21.1
2025-10-11 14:49:52,047,CDKL5_005_183_74,0,0.0,15,1.0,0.18,21.08
2025-10-11 14:59:55,047,CDKL5_005_183_74,0,0.0,15,1.0,0.18,21.08
2025-10-11 15:09:58,047,CDKL5_005_183_74,0,0.0,15,1.0,0.18,21.07
2025-10-11 15:20:01,047,CDKL5_005_183_74,0,0.0,15,1.0,0.18,21.06
2025-10-11 15:30:04,047,CDKL5_005_183_74,0,0.0,15,1.0,0.18,21.06
2025-10-11 15:40:07,047,CDKL5_005_183_74,0,0.0,15,1.0,0.18,21.05
2025-10-11 15:50:09,047,CDKL5_005_183_74,0,0.0,15,1.0,0.18,21.04
2025-10-11 16:00:12,047,CDKL5_005_183_74,0,0.0,15,1.0,0.18,21.06
2025-10-11 16:10:15,047,CDKL5_005_183_74,0,0.0,15,1.0,0.18,21.06
2025-10-11 16:20:18,047,CDKL5_005_183_74,0,0.0,15,1.0,0.1728,21.07
2025-10-11 16:30:20,047,CDKL5_005_183_74,15,0.025,14,0.974,0.198,21.09
2025-10-11 16:40:23,047,CDKL5_005_183_74,29,0.048,14,0.951,0.2088,21.14
2025-10-11 16:50:26,047,CDKL5_005_183_74,0,0.0,15,1.0,0.18,21.18
2025-10-11 17:00:29,047,CDKL5_005_183_74,0,0.0,15,1.0,0.2088,21.2
2025-10-11 17:10:32,047,CDKL5_005_183_74,0,0.0,15,1.0,0.2088,21.2
2025-10-11 17:20:35,047,CDKL5_005_183_74,0,0.0,15,1.0,0.1728,21.22
2025-10-11 17:30:38,047,CDKL5_005_183_74,0,0.0,15,1.0,0.1728,21.22
2025-10-11 17:40:40,047,CDKL5_005_183_74,0,0.0,15,1.0,0.1728,21.22
2025-10-11 17:50:43,047,CDKL5_005_183_74,10,0.017,13,0.981,0.18,21.25
2025-10-11 18:00:45,047,CDKL5_005_183_74,0,0.0,15,1.0,0.0,21.26
2025-10-11 18:10:48,047,CDKL5_005_183_74,0,0.0,15,1.0,0.0,21.27
2025-10-11 18:20:50,047,CDKL5_005_183_74,268,0.446,1,0.13,0.0,21.38
2025-10-11 18:30:53,047,CDKL5_005_183_74,126,0.21,6,0.656,0.0,21.43
2025-10-11 18:41:20,047,CDKL5_005_183_74,162,0.271,5,0.552,0.0,21.52
2025-10-11 18:51:23,047,CDKL5_005_183_74,254,0.423,3,0.321,0.0,21.55
2025-10-11 19:01:26,047,CDKL5_005_183_74,179,0.298,5,0.528,0.0,21.56
2025-10-11 19:11:29,047,CDKL5_005_183_74,135,0.225,8,0.703,0.0,21.59
2025-10-11 19:21:32,047,CDKL5_005_183_74,88,0.146,8,0.784,0.0,21.58
2025-10-11 19:31:34,047,CDKL5_005_183_74,49,0.082,12,0.907,0.0,21.55
2025-10-11 19:41:37,047,CDKL5_005_183_74,0,0.0,15,1.0,0.0,21.51
2025-10-11 19:51:40,047,CDKL5_005_183_74,0,0.0,15,1.0,0.0,21.48
2025-10-11 20:01:42,047,CDKL5_005_183_74,0,0.0,15,1.0,0.0,21.45
2025-10-11 20:11:45,047,CDKL5_005_183_74,108,0.18,9,0.769,0.0,21.52
2025-10-11 20:21:48,047,CDKL5_005_183_74,179,0.298,6,0.573,0.0,21.57
2025-10-11 20:31:51,047,CDKL5_005_183_74,93,0.155,5,0.683,0.0,21.6
2025-10-11 20:41:54,047,CDKL5_005_183_74,161,0.268,4,0.498,0.0,21.65
2025-10-11 20:51:56,047,CDKL5_005_183_74,176,0.293,4,0.476,0.0,21.68
2025-10-11 21:01:59,047,CDKL5_005_183_74,163,0.271,8,0.663,0.0,21.69
2025-10-11 21:12:01,047,CDKL5_005_183_74,58,0.097,12,0.892,0.0,21.65
2025-10-11 21:22:04,047,CDKL5_005_183_74,199,0.332,4,0.446,0.0,21.67
2025-10-11 21:32:07,047,CDKL5_005_183_74,231,0.384,1,0.148,0.0,21.66
2025-10-11 21:42:10,047,CDKL5_005_183_74,127,0.212,8,0.716,0.0,21.65
2025-10-11 21:52:12,047,CDKL5_005_183_74,104,0.173,7,0.729,0.0,21.64
2025-10-11 22:02:14,047,CDKL5_005_183_74,119,0.198,8,0.729,0.0,21.62
2025-10-11 22:12:17,047,CDKL5_005_183_74,206,0.343,5,0.493,0.0,21.61
2025-10-11 22:22:20,047,CDKL5_005_183_74,244,0.406,1,0.141,0.0,21.61
2025-10-11 22:32:22,047,CDKL5_005_183_74,88,0.146,10,0.82,0.0,21.58
2025-10-11 22:42:53,047,CDKL5_005_183_74,129,0.216,8,0.713,0.0,21.62
2025-10-11 22:52:56,047,CDKL5_005_183_74,238,0.396,3,0.335,0.0,21.62
2025-10-11 23:02:58,047,CDKL5_005_183_74,181,0.301,5,0.525,0.0,21.63
2025-10-11 23:13:01,047,CDKL5_005_183_74,89,0.148,9,0.802,0.0,21.59
2025-10-11 23:23:04,047,CDKL5_005_183_74,201,0.334,7,0.582,0.0,21.63
2025-10-11 23:33:06,047,CDKL5_005_183_74,282,0.469,2,0.221,0.0,21.82
2025-10-11 23:43:09,047,CDKL5_005_183_74,167,0.278,6,0.59,0.0,21.75
2025-10-11 23:53:12,047,CDKL5_005_183_74,103,0.172,7,0.731,0.0,21.67
2025-10-12 00:03:15,047,CDKL5_005_183_74,203,0.338,4,0.441,0.0,21.68
2025-10-12 00:13:17,047,CDKL5_005_183_74,70,0.116,10,0.851,0.0,21.63
2025-10-12 00:23:20,047,CDKL5_005_183_74,120,0.2,10,0.769,0.0,21.59
2025-10-12 00:33:23,047,CDKL5_005_183_74,110,0.183,9,0.766,0.0,21.55
2025-10-12 00:43:25,047,CDKL5_005_183_74,1,0.002,14,0.998,0.0,21.51
2025-10-12 00:53:28,047,CDKL5_005_183_74,0,0.0,15,1.0,0.0,21.46
2025-10-12 01:03:31,047,CDKL5_005_183_74,0,0.0,15,1.0,0.0,21.42
2025-10-12 01:13:34,047,CDKL5_005_183_74,0,0.0,15,1.0,0.0,21.4
2025-10-12 01:23:36,047,CDKL5_005_183_74,0,0.0,15,1.0,0.0,21.38
2025-10-12 01:33:39,047,CDKL5_005_183_74,0,0.0,15,1.0,0.0,21.37
2025-10-12 01:43:42,047,CDKL5_005_183_74,0,0.0,15,1.0,0.0,21.36
2025-10-12 01:53:44,047,CDKL5_005_183_74,0,0.0,15,1.0,0.0,21.35
2025-10-12 02:03:47,047,CDKL5_005_183_74,88,0.146,10,0.82,0.0,21.39
2025-10-12 02:13:50,047,CDKL5_005_183_74,258,0.429,2,0.237,0.0,21.65
2025-10-12 02:23:53,047,CDKL5_005_183_74,292,0.487,0,0.0,0.0,21.76
2025-10-12 02:33:55,047,CDKL5_005_183_74,219,0.364,4,0.422,0.0,21.81
2025-10-12 02:44:15,047,CDKL5_005_183_74,151,0.252,7,0.65,0.0,21.8
2025-10-12 02:54:18,047,CDKL5_005_183_74,84,0.14,10,0.826,0.0,21.7
2025-10-12 03:04:20,047,CDKL5_005_183_74,159,0.265,7,0.638,0.0,21.67
2025-10-12 03:14:23,047,CDKL5_005_183_74,109,0.181,8,0.746,0.0,21.62
2025-10-12 03:24:26,047,CDKL5_005_183_74,141,0.234,6,0.63,0.0,21.57
2025-10-12 03:34:29,047,CDKL5_005_183_74,102,0.17,8,0.758,0.0,21.56
2025-10-12 03:44:32,047,CDKL5_005_183_74,0,0.0,15,1.0,0.0,21.5
2025-10-12 03:54:34,047,CDKL5_005_183_74,0,0.0,15,1.0,0.0,21.43
2025-10-12 04:04:38,047,CDKL5_005_183_74,150,0.25,6,0.615,0.0,21.44
2025-10-12 04:14:40,047,CDKL5_005_183_74,283,0.471,1,0.124,0.0,21.75
2025-10-12 04:24:43,047,CDKL5_005_183_74,195,0.324,6,0.552,0.0,21.75
2025-10-12 04:34:46,047,CDKL5_005_183_74,101,0.168,8,0.76,0.0,21.71
2025-10-12 04:44:49,047,CDKL5_005_183_74,19,0.032,12,0.962,0.0,21.62
2025-10-12 04:54:51,047,CDKL5_005_183_74,0,0.0,15,1.0,0.0,21.52
2025-10-12 05:04:54,047,CDKL5_005_183_74,0,0.0,15,1.0,0.0,21.45
2025-10-12 05:14:57,047,CDKL5_005_183_74,257,0.428,2,0.237,0.0,21.52
2025-10-12 05:25:00,047,CDKL5_005_183_74,182,0.303,5,0.524,0.0,21.53
2025-10-12 05:35:03,047,CDKL5_005_183_74,232,0.386,5,0.463,0.0,21.56
2025-10-12 05:45:05,047,CDKL5_005_183_74,111,0.185,11,0.799,0.0,21.56
2025-10-12 05:55:08,047,CDKL5_005_183_74,0,0.0,15,1.0,0.0,21.47
2025-10-12 06:05:11,047,CDKL5_005_183_74,0,0.0,15,1.0,0.18,21.4
2025-10-12 06:15:13,047,CDKL5_005_183_74,0,0.0,15,1.0,0.18,21.34
2025-10-12 06:25:16,047,CDKL5_005_183_74,0,0.0,15,1.0,0.18,21.31
2025-10-12 06:35:19,047,CDKL5_005_183_74,0,0.0,15,1.0,0.1872,21.31
2025-10-12 06:45:33,047,CDKL5_005_183_74,0,0.0,15,1.0,0.18,21.34
2025-10-12 06:55:35,047,CDKL5_005_183_74,0,0.0,15,1.0,0.1836,21.31
2025-10-12 07:05:38,047,CDKL5_005_183_74,0,0.0,15,1.0,0.1836,21.3
2025-10-12 07:15:40,047,CDKL5_005_183_74,30,0.05,13,0.945,0.1728,21.33
2025-10-12 07:25:43,047,CDKL5_005_183_74,0,0.0,15,1.0,0.1728,21.33
2025-10-12 07:35:45,047,CDKL5_005_183_74,0,0.0,15,1.0,0.18,21.32
2025-10-12 07:45:48,047,CDKL5_005_183_74,0,0.0,15,1.0,0.1728,21.3
2025-10-12 07:55:51,047,CDKL5_005_183_74,27,0.045,12,0.947,0.18,21.33
2025-10-12 08:05:53,047,CDKL5_005_183_74,0,0.0,15,1.0,0.18,21.32
2025-10-12 08:15:56,047,CDKL5_005_183_74,0,0.0,15,1.0,0.1872,21.34
2025-10-12 08:25:59,047,CDKL5_005_183_74,0,0.0,15,1.0,0.18,21.32
2025-10-12 08:36:01,047,CDKL5_005_183_74,0,0.0,15,1.0,0.18,21.3
2025-10-12 08:46:04,047,CDKL5_005_183_74,0,0.0,15,1.0,0.18,21.3
2025-10-12 08:56:07,047,CDKL5_005_183_74,0,0.0,15,1.0,0.1872,21.29
2025-10-12 09:06:09,047,CDKL5_005_183_74,0,0.0,15,1.0,0.1872,21.29
2025-10-12 09:16:12,047,CDKL5_005_183_74,0,0.0,15,1.0,0.1872,21.27
2025-10-12 09:26:15,047,CDKL5_005_183_74,0,0.0,15,1.0,0.18,21.27
2025-10-12 09:36:17,047,CDKL5_005_183_74,0,0.0,15,1.0,0.1908,21.26
2025-10-12 09:46:20,047,CDKL5_005_183_74,0,0.0,15,1.0,0.1872,21.25
2025-10-12 09:56:22,047,CDKL5_005_183_74,0,0.0,15,1.0,0.1872,21.26
2025-10-12 10:06:25,047,CDKL5_005_183_74,15,0.025,13,0.972,0.2088,21.27
2025-10-12 10:16:28,047,CDKL5_005_183_74,13,0.022,14,0.977,0.1944,21.3
2025-10-12 10:26:31,047,CDKL5_005_183_74,12,0.02,14,0.979,0.2016,21.31
2025-10-12 10:36:34,047,CDKL5_005_183_74,0,0.0,15,1.0,0.1728,21.29
2025-10-12 10:46:57,047,CDKL5_005_183_74,0,0.0,15,1.0,0.1764,21.34
2025-10-12 10:57:00,047,CDKL5_005_183_74,0,0.0,15,1.0,0.1764,21.27
2025-10-12 11:07:02,047,CDKL5_005_183_74,0,0.0,15,1.0,0.18,21.26
2025-10-12 11:17:06,047,CDKL5_005_183_74,0,0.0,15,1.0,0.1728,21.24
2025-10-12 11:27:09,047,CDKL5_005_183_74,0,0.0,15,1.0,0.1728,21.24
2025-10-12 11:37:11,047,CDKL5_005_183_74,0,0.0,15,1.0,0.1728,21.24
2025-10-12 11:47:14,047,CDKL5_005_183_74,0,0.0,15,1.0,0.18,21.24
2025-10-12 11:57:16,047,CDKL5_005_183_74,0,0.0,15,1.0,0.1728,21.24
2025-10-12 12:07:19,047,CDKL5_005_183_74,0,0.0,15,1.0,0.1728,21.23
2025-10-12 12:17:23,047,CDKL5_005_183_74,0,0.0,15,1.0,0.1728,21.23
2025-10-12 12:27:25,047,CDKL5_005_183_74,0,0.0,15,1.0,0.1728,21.23
2025-10-12 12:37:28,047,CDKL5_005_183_74,0,0.0,15,1.0,0.1728,21.24
2025-10-12 12:47:30,047,CDKL5_005_183_74,30,0.05,12,0.941,0.1728,21.26
2025-10-12 12:57:33,047,CDKL5_005_183_74,63,0.105,10,0.864,0.18,21.28
2025-10-12 13:07:36,047,CDKL5_005_183_74,42,0.07,11,0.913,0.1656,21.29
2025-10-12 13:17:38,047,CDKL5_005_183_74,28,0.047,13,0.949,0.1944,21.28
2025-10-12 13:27:41,047,CDKL5_005_183_74,0,0.0,15,1.0,0.2052,21.24
2025-10-12 13:37:44,047,CDKL5_005_183_74,0,0.0,15,1.0,0.198,21.22
2025-10-12 13:47:46,047,CDKL5_005_183_74,0,0.0,15,1.0,0.198,21.2
2025-10-12 13:57:49,047,CDKL5_005_183_74,0,0.0,15,1.0,0.1944,21.18
2025-10-12 14:07:52,047,CDKL5_005_183_74,0,0.0,15,1.0,0.198,21.17
2025-10-12 14:17:54,047,CDKL5_005_183_74,0,0.0,15,1.0,0.198,21.15
2025-10-12 14:27:58,047,CDKL5_005_183_74,0,0.0,15,1.0,0.198,21.14
2025-10-12 14:38:00,047,CDKL5_005_183_74,0,0.0,15,1.0,0.1944,21.14
2025-10-12 14:48:18,047,CDKL5_005_183_74,0,0.0,15,1.0,0.198,21.17
2025-10-12 14:58:21,047,CDKL5_005_183_74,0,0.0,15,1.0,0.2052,21.14
2025-10-12 15:08:24,047,CDKL5_005_183_74,0,0.0,15,1.0,0.2016,21.13
2025-10-12 15:18:26,047,CDKL5_005_183_74,0,0.0,15,1.0,0.198,21.12
2025-10-12 15:28:29,047,CDKL5_005_183_74,0,0.0,15,1.0,0.2016,21.11
2025-10-12 15:38:32,047,CDKL5_005_183_74,0,0.0,15,1.0,0.1944,21.1
2025-10-12 15:48:34,047,CDKL5_005_183_74,0,0.0,15,1.0,0.1944,21.12
2025-10-12 15:58:37,047,CDKL5_005_183_74,8,0.013,15,0.987,0.198,21.14
2025-10-12 16:08:39,047,CDKL5_005_183_74,68,0.113,9,0.841,0.1944,21.2
2025-10-12 16:18:42,047,CDKL5_005_183_74,27,0.045,13,0.951,0.1872,21.23
2025-10-12 16:28:45,047,CDKL5_005_183_74,0,0.0,15,1.0,0.1944,21.24
2025-10-12 16:38:47,047,CDKL5_005_183_74,0,0.0,15,1.0,0.198,21.24
2025-10-12 16:48:51,047,CDKL5_005_183_74,0,0.0,15,1.0,0.198,21.23
2025-10-12 16:58:53,047,CDKL5_005_183_74,0,0.0,15,1.0,0.198,21.23
2025-10-12 17:08:56,047,CDKL5_005_183_74,0,0.0,15,1.0,0.1944,21.23
2025-10-12 17:18:58,047,CDKL5_005_183_74,0,0.0,15,1.0,0.2232,21.22
2025-10-12 17:29:01,047,CDKL5_005_183_74,0,0.0,15,1.0,0.2304,21.2
2025-10-12 17:39:04,047,CDKL5_005_183_74,0,0.0,15,1.0,0.2304,21.2
2025-10-12 17:49:06,047,CDKL5_005_183_74,9,0.015,13,0.983,0.2268,21.21
2025-10-12 17:59:09,047,CDKL5_005_183_74,3,0.005,14,0.995,0.198,21.21
2025-10-12 18:09:12,047,CDKL5_005_183_74,193,0.321,6,0.554,0.0,21.29
2025-10-12 18:19:15,047,CDKL5_005_183_74,236,0.392,4,0.404,0.0,21.37
2025-10-12 18:29:18,047,CDKL5_005_183_74,143,0.238,8,0.691,0.0,21.46
2025-10-12 18:39:21,047,CDKL5_005_183_74,238,0.396,4,0.402,0.0,21.54
2025-10-12 18:49:49,047,CDKL5_005_183_74,179,0.299,7,0.61,0.0,21.58
2025-10-12 18:59:52,047,CDKL5_005_183_74,186,0.309,5,0.518,0.0,21.55
2025-10-12 19:09:54,047,CDKL5_005_183_74,1,0.002,14,0.998,0.0,21.5
2025-10-12 19:19:57,047,CDKL5_005_183_74,92,0.153,9,0.796,0.0,21.5
2025-10-12 19:30:00,047,CDKL5_005_183_74,116,0.193,10,0.775,0.0,21.53
2025-10-12 19:40:03,047,CDKL5_005_183_74,0,0.0,15,1.0,0.0,21.52
2025-10-12 19:50:06,047,CDKL5_005_183_74,0,0.0,15,1.0,0.0,21.48
2025-10-12 20:00:09,047,CDKL5_005_183_74,15,0.025,14,0.974,0.0,21.46
2025-10-12 20:10:12,047,CDKL5_005_183_74,119,0.198,9,0.752,0.0,21.5
2025-10-12 20:20:14,047,CDKL5_005_183_74,199,0.331,6,0.547,0.0,21.58
2025-10-12 20:30:17,047,CDKL5_005_183_74,0,0.0,15,1.0,0.0,21.54
2025-10-12 20:40:20,047,CDKL5_005_183_74,0,0.0,15,1.0,0.0,21.52
2025-10-12 20:50:23,047,CDKL5_005_183_74,176,0.293,7,0.614,0.0,21.54
2025-10-12 21:00:26,047,CDKL5_005_183_74,193,0.321,6,0.554,0.0,21.56
2025-10-12 21:10:29,047,CDKL5_005_183_74,153,0.255,6,0.611,0.0,21.61
2025-10-12 21:20:31,047,CDKL5_005_183_74,213,0.354,3,0.36,0.0,21.67
2025-10-12 21:30:34,047,CDKL5_005_183_74,96,0.16,10,0.806,0.0,21.61
2025-10-12 21:40:37,047,CDKL5_005_183_74,132,0.22,9,0.732,0.0,21.57
2025-10-12 21:50:40,047,CDKL5_005_183_74,0,0.0,15,1.0,0.0,21.55
2025-10-12 22:00:43,047,CDKL5_005_183_74,235,0.391,3,0.338,0.0,21.65
2025-10-12 22:10:46,047,CDKL5_005_183_74,247,0.411,4,0.393,0.0,21.65
2025-10-12 22:20:48,047,CDKL5_005_183_74,39,0.065,12,0.925,0.0,21.62
2025-10-12 22:30:51,047,CDKL5_005_183_74,62,0.103,13,0.893,0.0,21.59
2025-10-12 22:40:54,047,CDKL5_005_183_74,176,0.293,6,0.577,0.0,21.58
2025-10-12 22:51:17,047,CDKL5_005_183_74,117,0.196,4,0.578,0.0,21.85
2025-10-12 23:01:20,047,CDKL5_005_183_74,82,0.136,6,0.745,0.0,21.7
2025-10-12 23:11:22,047,CDKL5_005_183_74,0,0.0,15,1.0,0.0,21.59
2025-10-12 23:21:25,047,CDKL5_005_183_74,142,0.236,5,0.585,0.0,21.57
2025-10-12 23:31:27,047,CDKL5_005_183_74,224,0.373,4,0.417,0.0,21.57
2025-10-12 23:41:31,047,CDKL5_005_183_74,356,0.592,0,0.0,0.0,21.81
2025-10-12 23:51:33,047,CDKL5_005_183_74,168,0.28,5,0.543,0.0,21.76
2025-10-11 00:06:04,025,CDKL5_005_183_75,123,0.204,5,0.619,0.0,21.62
2025-10-11 00:16:07,025,CDKL5_005_183_75,51,0.085,10,0.887,0.0,21.57
2025-10-11 00:26:10,025,CDKL5_005_183_75,0,0.0,15,1.0,0.0,21.52
2025-10-11 00:36:13,025,CDKL5_005_183_75,0,0.0,15,1.0,0.0,21.46
2025-10-11 00:46:15,025,CDKL5_005_183_75,0,0.0,15,1.0,0.0,21.43
2025-10-11 00:56:18,025,CDKL5_005_183_75,0,0.0,15,1.0,0.0,21.38
2025-10-11 01:06:21,025,CDKL5_005_183_75,0,0.0,15,1.0,0.0,21.36
2025-10-11 01:16:24,025,CDKL5_005_183_75,0,0.0,15,1.0,0.0,21.33
2025-10-11 01:26:27,025,CDKL5_005_183_75,0,0.0,15,1.0,0.0,21.32
2025-10-11 01:36:29,025,CDKL5_005_183_75,0,0.0,15,1.0,0.0,21.31
2025-10-11 01:46:32,025,CDKL5_005_183_75,2,0.003,15,0.997,0.0,21.29
2025-10-11 01:56:35,025,CDKL5_005_183_75,0,0.0,15,1.0,0.0,21.29
2025-10-11 02:06:37,025,CDKL5_005_183_75,0,0.0,15,1.0,0.0,21.27
2025-10-11 02:16:41,025,CDKL5_005_183_75,0,0.0,15,1.0,0.0,21.26
2025-10-11 02:27:00,025,CDKL5_005_183_75,0,0.0,15,1.0,0.0,21.28
2025-10-11 02:37:03,025,CDKL5_005_183_75,17,0.028,13,0.968,0.0,21.27
2025-10-11 02:47:06,025,CDKL5_005_183_75,71,0.118,9,0.835,0.0,21.29
2025-10-11 02:57:09,025,CDKL5_005_183_75,81,0.135,9,0.816,0.0,21.3
2025-10-11 03:07:12,025,CDKL5_005_183_75,52,0.087,9,0.874,0.0,21.35
2025-10-11 03:17:15,025,CDKL5_005_183_75,152,0.253,3,0.441,0.0,21.49
2025-10-11 03:27:18,025,CDKL5_005_183_75,69,0.115,8,0.823,0.0,21.5
2025-10-11 03:37:21,025,CDKL5_005_183_75,73,0.121,11,0.858,0.0,21.47
2025-10-11 03:47:24,025,CDKL5_005_183_75,3,0.005,13,0.994,0.0,21.43
2025-10-11 03:57:27,025,CDKL5_005_183_75,3,0.005,15,0.995,0.0,21.38
2025-10-11 04:07:30,025,CDKL5_005_183_75,2,0.003,15,0.997,0.0,21.34
2025-10-11 04:17:33,025,CDKL5_005_183_75,0,0.0,15,1.0,0.0,21.31
2025-10-11 04:27:36,025,CDKL5_005_183_75,0,0.0,15,1.0,0.0,21.29
2025-10-11 04:37:39,025,CDKL5_005_183_75,1,0.002,15,0.998,0.0,21.27
2025-10-11 04:47:42,025,CDKL5_005_183_75,0,0.0,15,1.0,0.0,21.27
2025-10-11 04:57:45,025,CDKL5_005_183_75,1,0.002,15,0.998,0.0,21.25
2025-10-11 05:07:48,025,CDKL5_005_183_75,39,0.065,11,0.919,0.0,21.29
2025-10-11 05:17:51,025,CDKL5_005_183_75,116,0.193,8,0.734,0.0,21.41
2025-10-11 05:27:53,025,CDKL5_005_183_75,68,0.113,11,0.866,0.0,21.4
2025-10-11 05:37:56,025,CDKL5_005_183_75,94,0.156,11,0.824,0.0,21.39
2025-10-11 05:47:59,025,CDKL5_005_183_75,135,0.225,9,0.727,0.0,21.5
2025-10-11 05:58:02,025,CDKL5_005_183_75,175,0.291,6,0.578,0.0,21.42
2025-10-11 06:08:05,025,CDKL5_005_183_75,54,0.09,11,0.891,0.936,21.38
2025-10-11 06:18:09,025,CDKL5_005_183_75,0,0.0,15,1.0,0.9504,21.32
2025-10-11 06:28:28,025,CDKL5_005_183_75,0,0.0,15,1.0,0.9432,21.33
2025-10-11 06:38:31,025,CDKL5_005_183_75,0,0.0,15,1.0,0.9504,21.28
2025-10-11 06:48:34,025,CDKL5_005_183_75,0,0.0,15,1.0,0.9504,21.24
2025-10-11 06:58:37,025,CDKL5_005_183_75,0,0.0,15,1.0,0.9432,21.22
2025-10-11 07:08:40,025,CDKL5_005_183_75,0,0.0,15,1.0,0.9432,21.22
2025-10-11 07:18:43,025,CDKL5_005_183_75,0,0.0,15,1.0,0.9432,21.21
2025-10-11 07:28:46,025,CDKL5_005_183_75,0,0.0,15,1.0,0.936,21.21
2025-10-11 07:38:50,025,CDKL5_005_183_75,0,0.0,15,1.0,0.9468,21.22
2025-10-11 07:48:52,025,CDKL5_005_183_75,0,0.0,15,1.0,0.9432,21.2
2025-10-11 07:58:55,025,CDKL5_005_183_75,0,0.0,15,1.0,0.9468,21.21
2025-10-11 08:08:58,025,CDKL5_005_183_75,0,0.0,15,1.0,0.936,21.21
2025-10-11 08:19:00,025,CDKL5_005_183_75,10,0.017,15,0.984,0.9216,21.22
2025-10-11 08:29:04,025,CDKL5_005_183_75,0,0.0,15,1.0,0.9108,21.21
2025-10-11 08:39:07,025,CDKL5_005_183_75,0,0.0,15,1.0,0.9252,21.21
2025-10-11 08:49:10,025,CDKL5_005_183_75,0,0.0,15,1.0,0.9396,21.2
2025-10-11 08:59:12,025,CDKL5_005_183_75,0,0.0,15,1.0,0.9288,21.19
2025-10-11 09:09:15,025,CDKL5_005_183_75,0,0.0,15,1.0,0.9324,21.17
2025-10-11 09:19:18,025,CDKL5_005_183_75,0,0.0,15,1.0,0.9288,21.16
2025-10-11 09:29:21,025,CDKL5_005_183_75,0,0.0,15,1.0,0.9288,21.14
2025-10-11 09:39:24,025,CDKL5_005_183_75,0,0.0,15,1.0,0.918,21.15
2025-10-11 09:49:26,025,CDKL5_005_183_75,57,0.095,12,0.894,0.9468,21.2
2025-10-11 09:59:29,025,CDKL5_005_183_75,27,0.045,13,0.951,1.0044,21.22
2025-10-11 10:09:32,025,CDKL5_005_183_75,38,0.063,12,0.927,0.9936,21.25
2025-10-11 10:19:35,025,CDKL5_005_183_75,13,0.022,15,0.979,1.0872,21.26
2025-10-11 10:29:56,025,CDKL5_005_183_75,0,0.0,15,1.0,1.0764,21.29
2025-10-11 10:39:59,025,CDKL5_005_183_75,0,0.0,15,1.0,1.08,21.27
2025-10-11 10:50:01,025,CDKL5_005_183_75,0,0.0,15,1.0,1.0368,21.26
2025-10-11 11:00:04,025,CDKL5_005_183_75,0,0.0,15,1.0,1.0368,21.24
2025-10-11 11:10:06,025,CDKL5_005_183_75,0,0.0,15,1.0,1.0368,21.22
2025-10-11 11:20:09,025,CDKL5_005_183_75,0,0.0,15,1.0,1.0368,21.21
2025-10-11 11:30:12,025,CDKL5_005_183_75,0,0.0,15,1.0,1.044,21.2
2025-10-11 11:40:16,025,CDKL5_005_183_75,0,0.0,15,1.0,1.0368,21.19
2025-10-11 11:50:18,025,CDKL5_005_183_75,1,0.002,14,0.998,1.0368,21.18
2025-10-11 12:00:21,025,CDKL5_005_183_75,0,0.0,15,1.0,1.0368,21.17
2025-10-11 12:10:24,025,CDKL5_005_183_75,0,0.0,15,1.0,1.0296,21.17
2025-10-11 12:20:28,025,CDKL5_005_183_75,2,0.003,15,0.997,1.0296,21.16
2025-10-11 12:30:31,025,CDKL5_005_183_75,27,0.045,12,0.947,0.954,21.18
2025-10-11 12:40:34,025,CDKL5_005_183_75,179,0.297,5,0.528,0.918,21.25
2025-10-11 12:50:36,025,CDKL5_005_183_75,0,0.0,15,1.0,0.9216,21.24
2025-10-11 13:00:40,025,CDKL5_005_183_75,0,0.0,15,1.0,0.8928,21.22
2025-10-11 13:10:42,025,CDKL5_005_183_75,0,0.0,15,1.0,0.8856,21.21
2025-10-11 13:20:45,025,CDKL5_005_183_75,0,0.0,15,1.0,0.9036,21.21
2025-10-11 13:30:48,025,CDKL5_005_183_75,0,0.0,15,1.0,0.8928,21.21
2025-10-11 13:40:51,025,CDKL5_005_183_75,0,0.0,15,1.0,0.8928,21.2
2025-10-11 13:50:54,025,CDKL5_005_183_75,0,0.0,15,1.0,0.8928,21.2
2025-10-11 14:00:56,025,CDKL5_005_183_75,0,0.0,15,1.0,0.8964,21.19
2025-10-11 14:10:59,025,CDKL5_005_183_75,0,0.0,15,1.0,0.8928,21.18
2025-10-11 14:21:01,025,CDKL5_005_183_75,0,0.0,15,1.0,0.8856,21.18
2025-10-11 14:31:21,025,CDKL5_005_183_75,0,0.0,15,1.0,0.8928,21.22
2025-10-11 14:41:24,025,CDKL5_005_183_75,0,0.0,15,1.0,0.9072,21.21
2025-10-11 14:51:26,025,CDKL5_005_183_75,8,0.013,14,0.986,0.8784,21.22
2025-10-11 15:01:29,025,CDKL5_005_183_75,0,0.0,15,1.0,0.8712,21.19
2025-10-11 15:11:32,025,CDKL5_005_183_75,0,0.0,15,1.0,0.8712,21.18
2025-10-11 15:21:35,025,CDKL5_005_183_75,0,0.0,15,1.0,0.8712,21.17
2025-10-11 15:31:38,025,CDKL5_005_183_75,0,0.0,15,1.0,0.8784,21.14
2025-10-11 15:41:40,025,CDKL5_005_183_75,0,0.0,15,1.0,0.8892,21.13
2025-10-11 15:51:43,025,CDKL5_005_183_75,5,0.008,13,0.99,0.8784,21.13
2025-10-11 16:01:46,025,CDKL5_005_183_75,0,0.0,15,1.0,0.8748,21.16
2025-10-11 16:11:49,025,CDKL5_005_183_75,10,0.017,14,0.982,0.8568,21.18
2025-10-11 16:21:52,025,CDKL5_005_183_75,0,0.0,15,1.0,0.8604,21.18
2025-10-11 16:31:55,025,CDKL5_005_183_75,0,0.0,15,1.0,0.882,21.19
2025-10-11 16:41:57,025,CDKL5_005_183_75,0,0.0,15,1.0,0.8856,21.17
2025-10-11 16:52:01,025,CDKL5_005_183_75,0,0.0,15,1.0,0.8676,21.14
2025-10-11 17:02:04,025,CDKL5_005_183_75,0,0.0,15,1.0,0.8676,21.14
2025-10-11 17:12:07,025,CDKL5_005_183_75,45,0.075,13,0.92,0.8604,21.16
2025-10-11 17:22:10,025,CDKL5_005_183_75,21,0.035,14,0.964,0.792,21.18
2025-10-11 17:32:13,025,CDKL5_005_183_75,0,0.0,15,1.0,0.8172,21.17
2025-10-11 17:42:17,025,CDKL5_005_183_75,0,0.0,15,1.0,0.8136,21.15
2025-10-11 17:52:19,025,CDKL5_005_183_75,0,0.0,15,1.0,0.7992,21.14
2025-10-11 18:02:22,025,CDKL5_005_183_75,22,0.037,14,0.962,0.0,21.14
2025-10-11 18:12:25,025,CDKL5_005_183_75,4,0.007,13,0.992,0.0,21.13
2025-10-11 18:22:27,025,CDKL5_005_183_75,210,0.349,4,0.432,0.0,21.27
2025-10-11 18:32:50,025,CDKL5_005_183_75,184,0.308,4,0.465,0.0,21.44
2025-10-11 18:42:52,025,CDKL5_005_183_75,170,0.283,6,0.585,0.0,21.43
2025-10-11 18:52:55,025,CDKL5_005_183_75,219,0.364,2,0.268,0.0,21.43
2025-10-11 19:02:58,025,CDKL5_005_183_75,195,0.324,6,0.552,0.0,21.51
2025-10-11 19:13:01,025,CDKL5_005_183_75,46,0.077,13,0.919,0.0,21.47
2025-10-11 19:23:04,025,CDKL5_005_183_75,252,0.419,1,0.137,0.0,21.68
2025-10-11 19:33:07,025,CDKL5_005_183_75,267,0.444,0,0.0,0.0,21.96
2025-10-11 19:43:10,025,CDKL5_005_183_75,308,0.513,2,0.206,0.0,22.01
2025-10-11 19:53:13,025,CDKL5_005_183_75,152,0.253,9,0.703,0.0,21.94
2025-10-11 20:03:16,025,CDKL5_005_183_75,250,0.416,3,0.324,0.0,21.8
2025-10-11 20:13:18,025,CDKL5_005_183_75,217,0.361,6,0.525,0.0,21.73
2025-10-11 20:23:21,025,CDKL5_005_183_75,195,0.324,6,0.552,0.0,21.67
2025-10-11 20:33:24,025,CDKL5_005_183_75,72,0.12,9,0.833,0.0,21.58
2025-10-11 20:43:27,025,CDKL5_005_183_75,239,0.398,7,0.539,0.0,21.55
2025-10-11 20:53:30,025,CDKL5_005_183_75,269,0.448,1,0.129,0.0,21.74
2025-10-11 21:03:34,025,CDKL5_005_183_75,111,0.184,8,0.742,0.0,21.63
2025-10-11 21:13:37,025,CDKL5_005_183_75,317,0.527,1,0.112,0.0,21.71
2025-10-11 21:23:39,025,CDKL5_005_183_75,122,0.203,8,0.724,0.0,21.61
2025-10-11 21:33:42,025,CDKL5_005_183_75,200,0.333,4,0.444,0.0,21.59
2025-10-11 21:43:45,025,CDKL5_005_183_75,108,0.18,9,0.769,0.0,21.53
2025-10-11 21:53:47,025,CDKL5_005_183_75,157,0.261,7,0.641,0.0,21.51
2025-10-11 22:03:51,025,CDKL5_005_183_75,98,0.163,11,0.818,0.0,21.48
2025-10-11 22:13:54,025,CDKL5_005_183_75,256,0.425,4,0.385,0.0,21.6
2025-10-11 22:23:57,025,CDKL5_005_183_75,160,0.266,8,0.667,0.0,21.52
2025-10-11 22:34:23,025,CDKL5_005_183_75,89,0.149,7,0.759,0.0,21.49
2025-10-11 22:44:26,025,CDKL5_005_183_75,127,0.211,7,0.688,0.0,21.42
2025-10-11 22:54:29,025,CDKL5_005_183_75,143,0.238,9,0.716,0.0,21.39
2025-10-11 23:04:32,025,CDKL5_005_183_75,112,0.186,10,0.781,0.0,21.36
2025-10-11 23:14:35,025,CDKL5_005_183_75,146,0.243,7,0.657,0.0,21.35
2025-10-11 23:24:38,025,CDKL5_005_183_75,210,0.35,5,0.488,0.0,21.39
2025-10-11 23:34:41,025,CDKL5_005_183_75,358,0.595,0,0.0,0.0,21.54
2025-10-11 23:44:44,025,CDKL5_005_183_75,99,0.165,8,0.764,0.0,21.5
2025-10-11 23:54:47,025,CDKL5_005_183_75,326,0.543,3,0.269,0.0,21.42
2025-10-12 00:04:50,025,CDKL5_005_183_75,207,0.344,5,0.491,0.0,21.37
2025-10-12 00:14:53,025,CDKL5_005_183_75,268,0.446,4,0.374,0.0,21.36
2025-10-12 00:24:56,025,CDKL5_005_183_75,319,0.531,3,0.273,0.0,21.36
2025-10-12 00:34:59,025,CDKL5_005_183_75,4,0.007,15,0.993,0.0,21.33
2025-10-12 00:45:01,025,CDKL5_005_183_75,2,0.003,15,0.997,0.0,21.3
2025-10-12 00:55:04,025,CDKL5_005_183_75,5,0.008,14,0.991,0.0,21.26
2025-10-12 01:05:07,025,CDKL5_005_183_75,0,0.0,15,1.0,0.0,21.26
2025-10-12 01:15:10,025,CDKL5_005_183_75,0,0.0,15,1.0,0.0,21.25
2025-10-12 01:25:13,025,CDKL5_005_183_75,4,0.007,14,0.993,0.0,21.24
2025-10-12 01:35:16,025,CDKL5_005_183_75,10,0.017,14,0.982,0.0,21.23
2025-10-12 01:45:19,025,CDKL5_005_183_75,5,0.008,14,0.991,0.0,21.23
2025-10-12 01:55:22,025,CDKL5_005_183_75,3,0.005,13,0.994,0.0,21.22
2025-10-12 02:05:25,025,CDKL5_005_183_75,51,0.085,7,0.846,0.0,21.23
2025-10-12 02:15:28,025,CDKL5_005_183_75,192,0.319,4,0.455,0.0,21.26
2025-10-12 02:25:31,025,CDKL5_005_183_75,151,0.251,6,0.614,0.0,21.27
2025-10-12 02:35:58,025,CDKL5_005_183_75,140,0.234,7,0.667,0.0,21.51
2025-10-12 02:46:00,025,CDKL5_005_183_75,123,0.205,7,0.695,0.0,21.44
2025-10-12 02:56:04,025,CDKL5_005_183_75,80,0.133,9,0.818,0.0,21.36
2025-10-12 03:06:06,025,CDKL5_005_183_75,135,0.225,5,0.597,0.0,21.33
2025-10-12 03:16:09,025,CDKL5_005_183_75,113,0.188,7,0.712,0.0,21.43
2025-10-12 03:26:12,025,CDKL5_005_183_75,199,0.331,3,0.376,0.0,21.34
2025-10-12 03:36:15,025,CDKL5_005_183_75,33,0.055,5,0.858,0.0,21.29
2025-10-12 03:46:18,025,CDKL5_005_183_75,6,0.01,13,0.989,0.0,21.25
2025-10-12 03:56:21,025,CDKL5_005_183_75,2,0.003,15,0.997,0.0,21.23
2025-10-12 04:06:24,025,CDKL5_005_183_75,9,0.015,14,0.984,0.0,21.19
2025-10-12 04:16:27,025,CDKL5_005_183_75,2,0.003,14,0.996,0.0,21.16
2025-10-12 04:26:30,025,CDKL5_005_183_75,3,0.005,15,0.995,0.0,21.15
2025-10-12 04:36:33,025,CDKL5_005_183_75,3,0.005,15,0.995,0.0,21.13
2025-10-12 04:46:35,025,CDKL5_005_183_75,34,0.057,12,0.934,0.0,21.11
2025-10-12 04:56:38,025,CDKL5_005_183_75,46,0.077,7,0.859,0.0,21.13
2025-10-12 05:06:41,025,CDKL5_005_183_75,92,0.153,9,0.796,0.0,21.16
2025-10-12 05:16:44,025,CDKL5_005_183_75,244,0.406,3,0.33,0.0,21.2
2025-10-12 05:26:46,025,CDKL5_005_183_75,189,0.314,5,0.514,0.0,21.28
2025-10-12 05:36:49,025,CDKL5_005_183_75,151,0.252,7,0.65,0.0,21.34
2025-10-12 05:46:51,025,CDKL5_005_183_75,171,0.285,8,0.652,0.0,21.36
2025-10-12 05:56:54,025,CDKL5_005_183_75,357,0.595,1,0.101,0.0,21.4
2025-10-12 06:06:57,025,CDKL5_005_183_75,155,0.257,5,0.563,0.6768,21.36
2025-10-12 06:17:00,025,CDKL5_005_183_75,37,0.062,11,0.922,0.6552,21.31
2025-10-12 06:27:03,025,CDKL5_005_183_75,6,0.01,14,0.989,0.6732,21.26
2025-10-12 06:37:24,025,CDKL5_005_183_75,6,0.01,14,0.989,0.6696,21.26
2025-10-12 06:47:27,025,CDKL5_005_183_75,5,0.008,14,0.991,0.6804,21.21
2025-10-12 06:57:30,025,CDKL5_005_183_75,0,0.0,15,1.0,0.6624,21.18
2025-10-12 07:07:33,025,CDKL5_005_183_75,14,0.023,13,0.974,0.6768,21.15
2025-10-12 07:17:36,025,CDKL5_005_183_75,0,0.0,15,1.0,0.6732,21.14
2025-10-12 07:27:39,025,CDKL5_005_183_75,0,0.0,15,1.0,0.6624,21.13
2025-10-12 07:37:42,025,CDKL5_005_183_75,5,0.008,14,0.991,0.6876,21.13
2025-10-12 07:47:45,025,CDKL5_005_183_75,11,0.018,13,0.979,0.6732,21.13
2025-10-12 07:57:47,025,CDKL5_005_183_75,7,0.012,14,0.988,0.684,21.14
2025-10-12 08:07:50,025,CDKL5_005_183_75,7,0.012,14,0.988,0.6876,21.13
2025-10-12 08:17:54,025,CDKL5_005_183_75,13,0.022,12,0.974,0.6552,21.14
2025-10-12 08:27:57,025,CDKL5_005_183_75,203,0.338,1,0.165,0.6732,21.15
2025-10-12 08:38:00,025,CDKL5_005_183_75,61,0.101,13,0.895,0.5544,21.17
2025-10-12 08:48:03,025,CDKL5_005_183_75,31,0.052,11,0.934,0.6372,21.19
2025-10-12 08:58:06,025,CDKL5_005_183_75,10,0.017,13,0.981,0.612,21.18
2025-10-12 09:08:09,025,CDKL5_005_183_75,0,0.0,15,1.0,0.612,21.17
2025-10-12 09:18:12,025,CDKL5_005_183_75,1,0.002,15,0.998,0.6048,21.15
2025-10-12 09:28:14,025,CDKL5_005_183_75,6,0.01,14,0.989,0.612,21.11
2025-10-12 09:38:17,025,CDKL5_005_183_75,0,0.0,15,1.0,0.63,21.11
2025-10-12 09:48:19,025,CDKL5_005_183_75,12,0.02,14,0.979,0.6336,21.12
2025-10-12 09:58:22,025,CDKL5_005_183_75,6,0.01,13,0.989,0.6192,21.1
2025-10-12 10:08:25,025,CDKL5_005_183_75,14,0.023,14,0.976,0.6372,21.1
2025-10-12 10:18:28,025,CDKL5_005_183_75,0,0.0,15,1.0,0.6336,21.1
2025-10-12 10:28:31,025,CDKL5_005_183_75,11,0.018,14,0.981,0.6552,21.1
2025-10-12 10:38:52,025,CDKL5_005_183_75,20,0.033,13,0.963,0.63,21.16
2025-10-12 10:48:55,025,CDKL5_005_183_75,100,0.167,8,0.762,0.5832,21.16
2025-10-12 10:58:58,025,CDKL5_005_183_75,173,0.287,8,0.649,0.6768,21.15
2025-10-12 11:09:01,025,CDKL5_005_183_75,127,0.212,9,0.739,0.5976,21.18
2025-10-12 11:19:03,025,CDKL5_005_183_75,365,0.607,0,0.0,0.7056,21.27
2025-10-12 11:29:06,025,CDKL5_005_183_75,68,0.113,8,0.825,0.6912,21.36
2025-10-12 11:39:09,025,CDKL5_005_183_75,7,0.012,13,0.987,0.6912,21.39
2025-10-12 11:49:12,025,CDKL5_005_183_75,20,0.033,14,0.966,0.6912,21.39
2025-10-12 11:59:15,025,CDKL5_005_183_75,7,0.012,15,0.988,0.6948,21.39
2025-10-12 12:09:18,025,CDKL5_005_183_75,14,0.023,13,0.974,0.6912,21.4
2025-10-12 12:19:22,025,CDKL5_005_183_75,0,0.0,15,1.0,0.6912,21.4
2025-10-12 12:29:24,025,CDKL5_005_183_75,10,0.017,12,0.98,0.6984,21.4
2025-10-12 12:39:27,025,CDKL5_005_183_75,9,0.015,14,0.984,0.6984,21.39
2025-10-12 12:49:30,025,CDKL5_005_183_75,4,0.007,14,0.993,0.702,21.37
2025-10-12 12:59:33,025,CDKL5_005_183_75,2,0.003,15,0.997,0.7092,21.39
2025-10-12 13:09:36,025,CDKL5_005_183_75,7,0.012,15,0.988,0.6984,21.38
2025-10-12 13:19:40,025,CDKL5_005_183_75,11,0.018,14,0.981,0.7056,21.37
2025-10-12 13:29:43,025,CDKL5_005_183_75,6,0.01,14,0.989,0.702,21.36
2025-10-12 13:39:46,025,CDKL5_005_183_75,10,0.017,13,0.981,0.6984,21.35
2025-10-12 13:49:49,025,CDKL5_005_183_75,25,0.042,14,0.957,0.6984,21.36
2025-10-12 13:59:51,025,CDKL5_005_183_75,168,0.28,4,0.488,0.7128,21.43
2025-10-12 14:09:54,025,CDKL5_005_183_75,106,0.176,9,0.773,0.7776,21.37
2025-10-12 14:19:57,025,CDKL5_005_183_75,203,0.338,2,0.283,0.6156,21.36
2025-10-12 14:30:00,025,CDKL5_005_183_75,12,0.02,12,0.976,0.6192,21.33
2025-10-12 14:40:22,025,CDKL5_005_183_75,9,0.015,15,0.985,0.612,21.38
2025-10-12 14:50:26,025,CDKL5_005_183_75,9,0.015,14,0.984,0.6192,21.35
2025-10-12 15:00:28,025,CDKL5_005_183_75,9,0.015,15,0.985,0.6192,21.31
2025-10-12 15:10:32,025,CDKL5_005_183_75,8,0.013,14,0.986,0.612,21.3
2025-10-12 15:20:35,025,CDKL5_005_183_75,3,0.005,15,0.995,0.6192,21.29
2025-10-12 15:30:38,025,CDKL5_005_183_75,49,0.081,11,0.9,0.612,21.28
2025-10-12 15:40:41,025,CDKL5_005_183_75,6,0.01,14,0.989,0.6192,21.27
2025-10-12 15:50:44,025,CDKL5_005_183_75,18,0.03,13,0.967,0.6156,21.25
2025-10-12 16:00:47,025,CDKL5_005_183_75,47,0.078,8,0.872,0.612,21.25
2025-10-12 16:10:50,025,CDKL5_005_183_75,132,0.22,6,0.645,0.648,21.28
2025-10-12 16:20:53,025,CDKL5_005_183_75,94,0.156,9,0.793,0.846,21.24
2025-10-12 16:30:56,025,CDKL5_005_183_75,161,0.268,8,0.665,0.8028,21.27
2025-10-12 16:40:59,025,CDKL5_005_183_75,124,0.206,8,0.721,0.8064,21.32
2025-10-12 16:51:03,025,CDKL5_005_183_75,8,0.013,14,0.986,0.8064,21.32
2025-10-12 17:01:06,025,CDKL5_005_183_75,32,0.053,13,0.942,0.7704,21.32
2025-10-12 17:11:08,025,CDKL5_005_183_75,12,0.02,14,0.979,0.7812,21.3
2025-10-12 17:21:12,025,CDKL5_005_183_75,7,0.012,15,0.988,0.8172,21.3
2025-10-12 17:31:15,025,CDKL5_005_183_75,5,0.008,14,0.991,0.8136,21.28
2025-10-12 17:41:18,025,CDKL5_005_183_75,243,0.404,4,0.397,0.792,21.3
2025-10-12 17:51:21,025,CDKL5_005_183_75,151,0.251,7,0.65,0.7992,21.29
2025-10-12 18:01:23,025,CDKL5_005_183_75,107,0.178,6,0.692,0.0,21.31
2025-10-12 18:11:27,025,CDKL5_005_183_75,16,0.027,13,0.97,0.0,21.31
2025-10-12 18:21:30,025,CDKL5_005_183_75,8,0.013,13,0.985,0.0,21.3
2025-10-12 18:31:33,025,CDKL5_005_183_75,249,0.414,4,0.391,0.0,21.28
2025-10-12 18:41:52,025,CDKL5_005_183_75,212,0.354,5,0.485,0.0,21.4
2025-10-12 18:51:55,025,CDKL5_005_183_75,262,0.435,1,0.132,0.0,21.48
2025-10-12 19:01:59,025,CDKL5_005_183_75,234,0.389,4,0.406,0.0,21.66
2025-10-12 19:12:02,025,CDKL5_005_183_75,237,0.394,4,0.403,0.0,21.64
2025-10-12 19:22:06,025,CDKL5_005_183_75,147,0.245,7,0.656,0.0,21.53
2025-10-12 19:32:09,025,CDKL5_005_183_75,218,0.363,3,0.355,0.0,21.61
2025-10-12 19:42:11,025,CDKL5_005_183_75,203,0.338,5,0.496,0.0,21.57
2025-10-12 19:52:14,025,CDKL5_005_183_75,116,0.193,10,0.775,0.0,21.53
2025-10-12 20:02:17,025,CDKL5_005_183_75,217,0.361,4,0.424,0.0,21.62
2025-10-12 20:12:20,025,CDKL5_005_183_75,177,0.295,3,0.404,0.0,21.61
2025-10-12 20:22:22,025,CDKL5_005_183_75,210,0.349,5,0.488,0.0,21.6
2025-10-12 20:32:25,025,CDKL5_005_183_75,58,0.097,11,0.884,0.0,21.54
2025-10-12 20:42:28,025,CDKL5_005_183_75,221,0.368,0,0.0,0.0,21.78
2025-10-12 20:52:32,025,CDKL5_005_183_75,185,0.307,4,0.464,0.0,21.73
2025-10-12 21:02:35,025,CDKL5_005_183_75,204,0.339,6,0.541,0.0,21.66
2025-10-12 21:12:38,025,CDKL5_005_183_75,225,0.374,6,0.516,0.0,21.59
2025-10-12 21:22:40,025,CDKL5_005_183_75,116,0.193,10,0.775,0.0,21.58
2025-10-12 21:32:44,025,CDKL5_005_183_75,208,0.346,5,0.49,0.0,21.62
2025-10-12 21:42:47,025,CDKL5_005_183_75,78,0.13,12,0.86,0.0,21.5
2025-10-12 21:52:50,025,CDKL5_005_183_75,218,0.363,4,0.423,0.0,21.49
2025-10-12 22:02:53,025,CDKL5_005_183_75,173,0.288,4,0.48,0.0,21.47
2025-10-12 22:12:55,025,CDKL5_005_183_75,185,0.308,5,0.519,0.0,21.57
2025-10-12 22:22:58,025,CDKL5_005_183_75,158,0.263,6,0.603,0.0,21.51
2025-10-12 22:33:01,025,CDKL5_005_183_75,113,0.188,7,0.712,0.0,21.46
2025-10-12 22:43:22,025,CDKL5_005_183_75,115,0.192,9,0.758,0.0,21.51
2025-10-12 22:53:25,025,CDKL5_005_183_75,236,0.393,4,0.404,0.0,21.47
2025-10-12 23:03:28,025,CDKL5_005_183_75,226,0.377,4,0.415,0.0,21.44
2025-10-12 23:13:31,025,CDKL5_005_183_75,169,0.281,6,0.587,0.0,21.53
2025-10-12 23:23:34,025,CDKL5_005_183_75,197,0.327,6,0.549,0.0,21.47
2025-10-12 23:33:37,025,CDKL5_005_183_75,195,0.324,7,0.589,0.0,21.41
2025-10-12 23:43:40,025,CDKL5_005_183_75,117,0.195,6,0.672,0.0,21.37
2025-10-12 23:53:43,025,CDKL5_005_183_75,0,0.0,15,1.0,0.0,21.32
2025-10-11 00:01:41,036,CDKL5_005_184_3,0,0.0,14,1.0,0.0,21.65
2025-10-11 00:11:44,036,CDKL5_005_184_3,0,0.0,14,1.0,0.0,21.61
2025-10-11 00:21:47,036,CDKL5_005_184_3,0,0.0,14,1.0,0.0,21.57
2025-10-11 00:31:50,036,CDKL5_005_184_3,0,0.0,14,1.0,0.0,21.55
2025-10-11 00:41:54,036,CDKL5_005_184_3,0,0.0,14,1.0,0.0,21.51
2025-10-11 00:51:57,036,CDKL5_005_184_3,0,0.0,14,1.0,0.0,21.53
2025-10-11 01:01:59,036,CDKL5_005_184_3,0,0.0,14,1.0,0.0,21.51
2025-10-11 01:12:12,036,CDKL5_005_184_3,264,0.44,3,0.312,0.0,21.66
2025-10-11 01:22:15,036,CDKL5_005_184_3,195,0.324,6,0.552,0.0,21.75
2025-10-11 01:32:18,036,CDKL5_005_184_3,259,0.431,4,0.382,0.0,21.83
2025-10-11 01:42:21,036,CDKL5_005_184_3,329,0.547,1,0.108,0.0,22.02
2025-10-11 01:52:23,036,CDKL5_005_184_3,104,0.173,8,0.755,0.0,22.02
2025-10-11 02:02:27,036,CDKL5_005_184_3,268,0.445,4,0.374,0.0,22.02
2025-10-11 02:12:30,036,CDKL5_005_184_3,238,0.395,3,0.335,0.0,22.02
2025-10-11 02:22:33,036,CDKL5_005_184_3,104,0.173,10,0.794,0.0,21.94
2025-10-11 02:32:36,036,CDKL5_005_184_3,21,0.035,13,0.961,0.0,21.87
2025-10-11 02:42:39,036,CDKL5_005_184_3,0,0.0,14,1.0,0.0,21.79
2025-10-11 02:52:42,036,CDKL5_005_184_3,0,0.0,14,1.0,0.0,21.72
2025-10-11 03:02:45,036,CDKL5_005_184_3,0,0.0,14,1.0,0.0,21.65
2025-10-11 03:12:47,036,CDKL5_005_184_3,0,0.0,14,1.0,0.0,21.6
2025-10-11 03:22:50,036,CDKL5_005_184_3,0,0.0,14,1.0,0.0,21.57
2025-10-11 03:32:54,036,CDKL5_005_184_3,0,0.0,14,1.0,0.0,21.52
2025-10-11 03:42:58,036,CDKL5_005_184_3,0,0.0,14,1.0,0.0,21.5
2025-10-11 03:53:00,036,CDKL5_005_184_3,0,0.0,14,1.0,0.0,21.47
2025-10-11 04:03:03,036,CDKL5_005_184_3,4,0.007,14,0.993,0.0,21.46
2025-10-11 04:13:06,036,CDKL5_005_184_3,82,0.136,10,0.83,0.0,21.48
2025-10-11 04:23:09,036,CDKL5_005_184_3,140,0.233,9,0.72,0.0,21.55
2025-10-11 04:33:12,036,CDKL5_005_184_3,235,0.39,5,0.46,0.0,21.69
2025-10-11 04:43:15,036,CDKL5_005_184_3,241,0.402,4,0.399,0.0,21.89
2025-10-11 04:53:17,036,CDKL5_005_184_3,61,0.101,10,0.868,0.0,21.8
2025-10-11 05:03:20,036,CDKL5_005_184_3,206,0.343,4,0.437,0.0,21.83
2025-10-11 05:13:42,036,CDKL5_005_184_3,226,0.377,4,0.415,0.0,21.99
2025-10-11 05:23:45,036,CDKL5_005_184_3,92,0.153,8,0.777,0.0,21.85
2025-10-11 05:33:47,036,CDKL5_005_184_3,46,0.077,11,0.905,0.0,21.78
2025-10-11 05:43:50,036,CDKL5_005_184_3,0,0.0,14,1.0,0.0,21.69
2025-10-11 05:53:53,036,CDKL5_005_184_3,23,0.038,12,0.954,0.0,21.63
2025-10-11 06:03:56,036,CDKL5_005_184_3,0,0.0,14,1.0,0.1296,21.56
2025-10-11 06:13:59,036,CDKL5_005_184_3,0,0.0,14,1.0,0.1296,21.51
2025-10-11 06:24:02,036,CDKL5_005_184_3,0,0.0,14,1.0,0.1296,21.48
2025-10-11 06:34:04,036,CDKL5_005_184_3,0,0.0,14,1.0,0.1296,21.43
2025-10-11 06:44:07,036,CDKL5_005_184_3,0,0.0,14,1.0,0.1296,21.42
2025-10-11 06:54:10,036,CDKL5_005_184_3,0,0.0,14,1.0,0.1332,21.39
2025-10-11 07:04:13,036,CDKL5_005_184_3,0,0.0,14,1.0,0.1332,21.38
2025-10-11 07:14:16,036,CDKL5_005_184_3,0,0.0,14,1.0,0.1332,21.37
2025-10-11 07:24:19,036,CDKL5_005_184_3,0,0.0,14,1.0,0.1296,21.36
2025-10-11 07:34:22,036,CDKL5_005_184_3,4,0.007,14,0.993,0.1296,21.35
2025-10-11 07:44:25,036,CDKL5_005_184_3,58,0.097,11,0.884,0.1296,21.37
2025-10-11 07:54:28,036,CDKL5_005_184_3,43,0.072,11,0.911,0.1224,21.41
2025-10-11 08:04:30,036,CDKL5_005_184_3,10,0.017,13,0.981,0.1476,21.43
2025-10-11 08:14:33,036,CDKL5_005_184_3,0,0.0,14,1.0,0.1368,21.42
2025-10-11 08:24:36,036,CDKL5_005_184_3,0,0.0,14,1.0,0.1368,21.4
2025-10-11 08:34:38,036,CDKL5_005_184_3,1,0.002,14,0.998,0.1368,21.38
2025-10-11 08:44:41,036,CDKL5_005_184_3,0,0.0,14,1.0,0.1368,21.37
2025-10-11 08:54:44,036,CDKL5_005_184_3,20,0.033,13,0.963,0.1368,21.37
2025-10-11 09:04:47,036,CDKL5_005_184_3,1,0.002,14,0.998,0.1368,21.37
2025-10-11 09:14:58,036,CDKL5_005_184_3,0,0.0,14,1.0,0.1368,21.37
2025-10-11 09:25:01,036,CDKL5_005_184_3,0,0.0,14,1.0,0.1368,21.35
2025-10-11 09:35:03,036,CDKL5_005_184_3,0,0.0,14,1.0,0.1368,21.35
2025-10-11 09:45:06,036,CDKL5_005_184_3,1,0.002,14,0.998,0.1368,21.33
2025-10-11 09:55:09,036,CDKL5_005_184_3,0,0.0,14,1.0,0.1368,21.32
2025-10-11 10:05:12,036,CDKL5_005_184_3,2,0.003,14,0.996,0.1584,21.32
2025-10-11 10:15:15,036,CDKL5_005_184_3,0,0.0,14,1.0,0.1584,21.31
2025-10-11 10:25:19,036,CDKL5_005_184_3,0,0.0,14,1.0,0.1584,21.3
2025-10-11 10:35:21,036,CDKL5_005_184_3,0,0.0,14,1.0,0.1512,21.29
2025-10-11 10:45:24,036,CDKL5_005_184_3,239,0.398,1,0.143,0.162,21.4
2025-10-11 10:55:27,036,CDKL5_005_184_3,14,0.023,12,0.972,0.1332,21.39
2025-10-11 11:05:30,036,CDKL5_005_184_3,161,0.268,5,0.554,0.1404,21.47
2025-10-11 11:15:33,036,CDKL5_005_184_3,12,0.02,13,0.977,0.1368,21.4
2025-10-11 11:25:36,036,CDKL5_005_184_3,8,0.013,14,0.986,0.1368,21.34
2025-10-11 11:35:39,036,CDKL5_005_184_3,0,0.0,14,1.0,0.1476,21.27
2025-10-11 11:45:41,036,CDKL5_005_184_3,0,0.0,14,1.0,0.1476,21.22
2025-10-11 11:55:44,036,CDKL5_005_184_3,0,0.0,14,1.0,0.1368,21.19
2025-10-11 12:05:47,036,CDKL5_005_184_3,0,0.0,14,1.0,0.1476,21.15
2025-10-11 12:15:50,036,CDKL5_005_184_3,0,0.0,14,1.0,0.1368,21.12
2025-10-11 12:25:53,036,CDKL5_005_184_3,1,0.002,14,0.998,0.1368,21.12
2025-10-11 12:35:56,036,CDKL5_005_184_3,0,0.0,14,1.0,0.1584,21.12
2025-10-11 12:46:00,036,CDKL5_005_184_3,0,0.0,14,1.0,0.1692,21.11
2025-10-11 12:56:02,036,CDKL5_005_184_3,0,0.0,14,1.0,0.1368,21.1
2025-10-11 13:06:05,036,CDKL5_005_184_3,0,0.0,14,1.0,0.1368,21.1
2025-10-11 13:16:20,036,CDKL5_005_184_3,0,0.0,14,1.0,0.1368,21.12
2025-10-11 13:26:22,036,CDKL5_005_184_3,0,0.0,14,1.0,0.1368,21.09
2025-10-11 13:36:25,036,CDKL5_005_184_3,0,0.0,14,1.0,0.1368,21.07
2025-10-11 13:46:28,036,CDKL5_005_184_3,0,0.0,14,1.0,0.1368,21.05
2025-10-11 13:56:32,036,CDKL5_005_184_3,0,0.0,14,1.0,0.1476,21.04
2025-10-11 14:06:34,036,CDKL5_005_184_3,0,0.0,14,1.0,0.1476,21.03
2025-10-11 14:16:38,036,CDKL5_005_184_3,13,0.022,14,0.977,0.1476,21.05
2025-10-11 14:26:41,036,CDKL5_005_184_3,126,0.209,7,0.69,0.1224,21.08
2025-10-11 14:36:44,036,CDKL5_005_184_3,22,0.037,14,0.962,0.1296,21.11
2025-10-11 14:46:47,036,CDKL5_005_184_3,0,0.0,14,1.0,0.1296,21.1
2025-10-11 14:56:51,036,CDKL5_005_184_3,0,0.0,14,1.0,0.1404,21.1
2025-10-11 15:06:54,036,CDKL5_005_184_3,0,0.0,14,1.0,0.1296,21.09
2025-10-11 15:16:56,036,CDKL5_005_184_3,0,0.0,14,1.0,0.1296,21.09
2025-10-11 15:27:00,036,CDKL5_005_184_3,0,0.0,14,1.0,0.1296,21.08
2025-10-11 15:37:02,036,CDKL5_005_184_3,0,0.0,14,1.0,0.1296,21.07
2025-10-11 15:47:05,036,CDKL5_005_184_3,0,0.0,14,1.0,0.1296,21.09
2025-10-11 15:57:08,036,CDKL5_005_184_3,0,0.0,14,1.0,0.1296,21.09
2025-10-11 16:07:11,036,CDKL5_005_184_3,0,0.0,14,1.0,0.1296,21.09
2025-10-11 16:17:14,036,CDKL5_005_184_3,0,0.0,14,1.0,0.1404,21.08
2025-10-11 16:27:17,036,CDKL5_005_184_3,0,0.0,14,1.0,0.162,21.09
2025-10-11 16:37:20,036,CDKL5_005_184_3,0,0.0,14,1.0,0.1512,21.11
2025-10-11 16:47:23,036,CDKL5_005_184_3,175,0.291,5,0.533,0.1296,21.21
2025-10-11 16:57:26,036,CDKL5_005_184_3,263,0.438,3,0.313,0.1368,21.36
2025-10-11 17:07:29,036,CDKL5_005_184_3,31,0.052,14,0.948,0.1656,21.39
2025-10-11 17:17:50,036,CDKL5_005_184_3,0,0.0,14,1.0,0.144,21.41
2025-10-11 17:27:53,036,CDKL5_005_184_3,0,0.0,14,1.0,0.144,21.35
2025-10-11 17:37:55,036,CDKL5_005_184_3,0,0.0,14,1.0,0.144,21.32
2025-10-11 17:47:58,036,CDKL5_005_184_3,0,0.0,14,1.0,0.1476,21.32
2025-10-11 17:58:01,036,CDKL5_005_184_3,22,0.037,13,0.959,0.1476,21.34
2025-10-11 18:08:04,036,CDKL5_005_184_3,178,0.296,5,0.529,0.0,21.45
2025-10-11 18:18:07,036,CDKL5_005_184_3,269,0.448,2,0.229,0.0,21.57
2025-10-11 18:28:10,036,CDKL5_005_184_3,183,0.304,7,0.605,0.0,21.67
2025-10-11 18:38:13,036,CDKL5_005_184_3,254,0.422,4,0.386,0.0,21.75
2025-10-11 18:48:16,036,CDKL5_005_184_3,284,0.472,4,0.36,0.0,21.85
2025-10-11 18:58:19,036,CDKL5_005_184_3,147,0.245,8,0.685,0.0,21.87
2025-10-11 19:08:22,036,CDKL5_005_184_3,223,0.37,5,0.473,0.0,21.86
2025-10-11 19:18:25,036,CDKL5_005_184_3,159,0.265,8,0.668,0.0,21.9
2025-10-11 19:28:28,036,CDKL5_005_184_3,0,0.0,14,1.0,0.0,21.79
2025-10-11 19:38:31,036,CDKL5_005_184_3,9,0.015,13,0.983,0.0,21.7
2025-10-11 19:48:33,036,CDKL5_005_184_3,220,0.366,5,0.476,0.0,21.8
2025-10-11 19:58:36,036,CDKL5_005_184_3,246,0.409,5,0.448,0.0,21.84
2025-10-11 20:08:39,036,CDKL5_005_184_3,258,0.429,4,0.383,0.0,21.94
2025-10-11 20:18:43,036,CDKL5_005_184_3,342,0.568,1,0.105,0.0,22.06
2025-10-11 20:28:45,036,CDKL5_005_184_3,220,0.367,4,0.421,0.0,22.11
2025-10-11 20:38:48,036,CDKL5_005_184_3,262,0.436,5,0.433,0.0,22.06
2025-10-11 20:48:51,036,CDKL5_005_184_3,126,0.209,8,0.717,0.0,22.03
2025-10-11 20:58:54,036,CDKL5_005_184_3,231,0.384,3,0.342,0.0,22.04
2025-10-11 21:08:57,036,CDKL5_005_184_3,183,0.305,6,0.567,0.0,21.98
2025-10-11 21:19:14,036,CDKL5_005_184_3,253,0.422,5,0.442,0.0,22.02
2025-10-11 21:29:17,036,CDKL5_005_184_3,143,0.238,7,0.662,0.0,22.03
2025-10-11 21:39:21,036,CDKL5_005_184_3,295,0.49,3,0.289,0.0,22.03
2025-10-11 21:49:24,036,CDKL5_005_184_3,198,0.329,7,0.586,0.0,22.04
2025-10-11 21:59:27,036,CDKL5_005_184_3,154,0.256,8,0.675,0.0,21.98
2025-10-11 22:09:30,036,CDKL5_005_184_3,180,0.299,8,0.64,0.0,21.94
2025-10-11 22:19:34,036,CDKL5_005_184_3,468,0.777,0,0.0,0.0,22.21
2025-10-11 22:29:36,036,CDKL5_005_184_3,92,0.153,9,0.796,0.0,22.11
2025-10-11 22:39:39,036,CDKL5_005_184_3,9,0.015,13,0.983,0.0,21.94
2025-10-11 22:49:43,036,CDKL5_005_184_3,0,0.0,14,1.0,0.0,21.83
2025-10-11 22:59:46,036,CDKL5_005_184_3,0,0.0,14,1.0,0.0,21.72
2025-10-11 23:09:49,036,CDKL5_005_184_3,0,0.0,14,1.0,0.0,21.66
2025-10-11 23:19:52,036,CDKL5_005_184_3,0,0.0,14,1.0,0.0,21.58
2025-10-11 23:29:55,036,CDKL5_005_184_3,0,0.0,14,1.0,0.0,21.56
2025-10-11 23:39:58,036,CDKL5_005_184_3,153,0.254,8,0.677,0.0,21.59
2025-10-11 23:50:01,036,CDKL5_005_184_3,290,0.482,5,0.408,0.0,21.69
2025-10-12 00:00:04,036,CDKL5_005_184_3,222,0.369,6,0.519,0.0,21.79
2025-10-12 00:10:07,036,CDKL5_005_184_3,404,0.672,1,0.09,0.0,21.89
2025-10-12 00:20:10,036,CDKL5_005_184_3,185,0.307,7,0.602,0.0,21.95
2025-10-12 00:30:13,036,CDKL5_005_184_3,333,0.553,1,0.107,0.0,22.02
2025-10-12 00:40:16,036,CDKL5_005_184_3,131,0.218,10,0.753,0.0,21.96
2025-10-12 00:50:19,036,CDKL5_005_184_3,245,0.407,5,0.449,0.0,22.04
2025-10-12 01:00:22,036,CDKL5_005_184_3,178,0.296,6,0.574,0.0,22.01
2025-10-12 01:10:25,036,CDKL5_005_184_3,2,0.003,14,0.996,0.0,21.86
2025-10-12 01:20:45,036,CDKL5_005_184_3,0,0.0,14,1.0,0.0,21.78
2025-10-12 01:30:48,036,CDKL5_005_184_3,0,0.0,14,1.0,0.0,21.67
2025-10-12 01:40:51,036,CDKL5_005_184_3,0,0.0,14,1.0,0.0,21.59
2025-10-12 01:50:54,036,CDKL5_005_184_3,0,0.0,14,1.0,0.0,21.54
2025-10-12 02:00:57,036,CDKL5_005_184_3,0,0.0,14,1.0,0.0,21.49
2025-10-12 02:11:00,036,CDKL5_005_184_3,6,0.01,14,0.989,0.0,21.47
2025-10-12 02:21:03,036,CDKL5_005_184_3,73,0.121,11,0.858,0.0,21.47
2025-10-12 02:31:06,036,CDKL5_005_184_3,292,0.486,3,0.291,0.0,21.61
2025-10-12 02:41:08,036,CDKL5_005_184_3,198,0.329,6,0.548,0.0,21.68
2025-10-12 02:51:11,036,CDKL5_005_184_3,230,0.383,5,0.465,0.0,21.81
2025-10-12 03:01:15,036,CDKL5_005_184_3,125,0.208,10,0.762,0.0,21.79
2025-10-12 03:11:18,036,CDKL5_005_184_3,37,0.062,13,0.934,0.0,21.73
2025-10-12 03:21:22,036,CDKL5_005_184_3,0,0.0,14,1.0,0.0,21.65
2025-10-12 03:31:24,036,CDKL5_005_184_3,0,0.0,14,1.0,0.0,21.57
2025-10-12 03:41:27,036,CDKL5_005_184_3,0,0.0,14,1.0,0.0,21.5
2025-10-12 03:51:30,036,CDKL5_005_184_3,81,0.135,10,0.832,0.0,21.49
2025-10-12 04:01:32,036,CDKL5_005_184_3,185,0.308,9,0.661,0.0,21.58
2025-10-12 04:11:35,036,CDKL5_005_184_3,203,0.338,6,0.542,0.0,21.61
2025-10-12 04:21:39,036,CDKL5_005_184_3,170,0.282,8,0.653,0.0,21.71
2025-10-12 04:31:42,036,CDKL5_005_184_3,167,0.278,7,0.626,0.0,21.72
2025-10-12 04:41:45,036,CDKL5_005_184_3,152,0.252,9,0.703,0.0,21.75
2025-10-12 04:51:48,036,CDKL5_005_184_3,0,0.0,14,1.0,0.0,21.66
2025-10-12 05:01:51,036,CDKL5_005_184_3,0,0.0,14,1.0,0.0,21.58
2025-10-12 05:11:53,036,CDKL5_005_184_3,22,0.037,13,0.959,0.0,21.49
2025-10-12 05:22:08,036,CDKL5_005_184_3,143,0.238,8,0.691,0.0,21.56
2025-10-12 05:32:11,036,CDKL5_005_184_3,193,0.321,7,0.592,0.0,21.56
2025-10-12 05:42:14,036,CDKL5_005_184_3,9,0.015,14,0.984,0.0,21.54
2025-10-12 05:52:17,036,CDKL5_005_184_3,0,0.0,14,1.0,0.0,21.49
2025-10-12 06:02:20,036,CDKL5_005_184_3,0,0.0,14,1.0,0.1368,21.46
2025-10-12 06:12:23,036,CDKL5_005_184_3,0,0.0,14,1.0,0.1404,21.43
2025-10-12 06:22:26,036,CDKL5_005_184_3,39,0.065,12,0.925,0.1368,21.42
2025-10-12 06:32:29,036,CDKL5_005_184_3,0,0.0,14,1.0,0.1404,21.41
2025-10-12 06:42:32,036,CDKL5_005_184_3,0,0.0,14,1.0,0.1404,21.39
2025-10-12 06:52:36,036,CDKL5_005_184_3,0,0.0,14,1.0,0.1296,21.38
2025-10-12 07:02:39,036,CDKL5_005_184_3,0,0.0,14,1.0,0.1404,21.37
2025-10-12 07:12:42,036,CDKL5_005_184_3,0,0.0,14,1.0,0.1296,21.37
2025-10-12 07:22:45,036,CDKL5_005_184_3,0,0.0,14,1.0,0.1296,21.36
2025-10-12 07:32:49,036,CDKL5_005_184_3,0,0.0,14,1.0,0.1296,21.34
2025-10-12 07:42:51,036,CDKL5_005_184_3,1,0.002,14,0.998,0.1404,21.34
2025-10-12 07:52:54,036,CDKL5_005_184_3,0,0.0,14,1.0,0.1296,21.34
2025-10-12 08:02:57,036,CDKL5_005_184_3,0,0.0,14,1.0,0.1296,21.34
2025-10-12 08:13:00,036,CDKL5_005_184_3,74,0.123,10,0.844,0.1332,21.37
2025-10-12 08:23:03,036,CDKL5_005_184_3,110,0.183,8,0.744,0.1224,21.43
2025-10-12 08:33:05,036,CDKL5_005_184_3,0,0.0,14,1.0,0.1224,21.43
2025-10-12 08:43:08,036,CDKL5_005_184_3,0,0.0,14,1.0,0.1404,21.4
2025-10-12 08:53:12,036,CDKL5_005_184_3,0,0.0,14,1.0,0.1332,21.36
2025-10-12 09:03:15,036,CDKL5_005_184_3,0,0.0,14,1.0,0.1332,21.34
2025-10-12 09:13:18,036,CDKL5_005_184_3,0,0.0,14,1.0,0.1296,21.32
2025-10-12 09:23:39,036,CDKL5_005_184_3,2,0.003,14,0.996,0.1332,21.33
2025-10-12 09:33:42,036,CDKL5_005_184_3,0,0.0,14,1.0,0.1296,21.3
2025-10-12 09:43:45,036,CDKL5_005_184_3,0,0.0,14,1.0,0.1332,21.28
2025-10-12 09:53:48,036,CDKL5_005_184_3,0,0.0,14,1.0,0.1332,21.28
2025-10-12 10:03:51,036,CDKL5_005_184_3,1,0.002,14,0.998,0.1332,21.26
2025-10-12 10:13:54,036,CDKL5_005_184_3,0,0.0,14,1.0,0.1548,21.27
2025-10-12 10:23:57,036,CDKL5_005_184_3,0,0.0,14,1.0,0.1548,21.26
2025-10-12 10:34:00,036,CDKL5_005_184_3,0,0.0,14,1.0,0.1332,21.25
2025-10-12 10:44:03,036,CDKL5_005_184_3,0,0.0,14,1.0,0.1332,21.26
2025-10-12 10:54:06,036,CDKL5_005_184_3,72,0.12,10,0.847,0.1152,21.31
2025-10-12 11:04:09,036,CDKL5_005_184_3,0,0.0,14,1.0,0.1152,21.33
2025-10-12 11:14:11,036,CDKL5_005_184_3,0,0.0,14,1.0,0.1152,21.34
2025-10-12 11:24:14,036,CDKL5_005_184_3,0,0.0,14,1.0,0.1152,21.32
2025-10-12 11:34:17,036,CDKL5_005_184_3,0,0.0,14,1.0,0.1152,21.32
2025-10-12 11:44:20,036,CDKL5_005_184_3,1,0.002,14,0.998,0.1152,21.32
2025-10-12 11:54:23,036,CDKL5_005_184_3,0,0.0,14,1.0,0.1152,21.31
2025-10-12 12:04:26,036,CDKL5_005_184_3,0,0.0,14,1.0,0.1152,21.29
2025-10-12 12:14:29,036,CDKL5_005_184_3,0,0.0,14,1.0,0.1152,21.29
2025-10-12 12:24:32,036,CDKL5_005_184_3,0,0.0,14,1.0,0.126,21.27
2025-10-12 12:34:35,036,CDKL5_005_184_3,0,0.0,14,1.0,0.1152,21.27
2025-10-12 12:44:38,036,CDKL5_005_184_3,0,0.0,14,1.0,0.1152,21.27
2025-10-12 12:54:41,036,CDKL5_005_184_3,5,0.008,14,0.991,0.1152,21.26
2025-10-12 13:04:44,036,CDKL5_005_184_3,13,0.022,13,0.976,0.126,21.28
2025-10-12 13:14:47,036,CDKL5_005_184_3,0,0.0,14,1.0,0.1152,21.29
2025-10-12 13:24:58,036,CDKL5_005_184_3,40,0.067,11,0.917,0.126,21.34
2025-10-12 13:35:01,036,CDKL5_005_184_3,88,0.146,9,0.804,0.1296,21.37
2025-10-12 13:45:05,036,CDKL5_005_184_3,0,0.0,14,1.0,0.1296,21.33
2025-10-12 13:55:08,036,CDKL5_005_184_3,0,0.0,14,1.0,0.1296,21.29
2025-10-12 14:05:11,036,CDKL5_005_184_3,0,0.0,14,1.0,0.1296,21.27
2025-10-12 14:15:14,036,CDKL5_005_184_3,0,0.0,14,1.0,0.1296,21.24
2025-10-12 14:25:17,036,CDKL5_005_184_3,0,0.0,14,1.0,0.1332,21.22
2025-10-12 14:35:20,036,CDKL5_005_184_3,0,0.0,14,1.0,0.1332,21.21
2025-10-12 14:45:23,036,CDKL5_005_184_3,0,0.0,14,1.0,0.1296,21.19
2025-10-12 14:55:26,036,CDKL5_005_184_3,0,0.0,14,1.0,0.1332,21.19
2025-10-12 15:05:29,036,CDKL5_005_184_3,0,0.0,14,1.0,0.1296,21.17
2025-10-12 15:15:32,036,CDKL5_005_184_3,0,0.0,14,1.0,0.1332,21.17
2025-10-12 15:25:35,036,CDKL5_005_184_3,0,0.0,14,1.0,0.1332,21.17
2025-10-12 15:35:38,036,CDKL5_005_184_3,0,0.0,14,1.0,0.1296,21.18
2025-10-12 15:45:41,036,CDKL5_005_184_3,1,0.002,14,0.998,0.1296,21.17
2025-10-12 15:55:44,036,CDKL5_005_184_3,0,0.0,14,1.0,0.1296,21.19
2025-10-12 16:05:47,036,CDKL5_005_184_3,82,0.136,11,0.843,0.1008,21.24
2025-10-12 16:15:51,036,CDKL5_005_184_3,213,0.354,8,0.6,0.1224,21.38
2025-10-12 16:25:54,036,CDKL5_005_184_3,49,0.082,12,0.907,0.1332,21.37
2025-10-12 16:35:57,036,CDKL5_005_184_3,1,0.002,14,0.998,0.1332,21.34
2025-10-12 16:46:00,036,CDKL5_005_184_3,0,0.0,14,1.0,0.1224,21.31
2025-10-12 16:56:02,036,CDKL5_005_184_3,0,0.0,14,1.0,0.1224,21.29
2025-10-12 17:06:04,036,CDKL5_005_184_3,0,0.0,14,1.0,0.1332,21.27
2025-10-12 17:16:07,036,CDKL5_005_184_3,0,0.0,14,1.0,0.1548,21.27
2025-10-12 17:26:25,036,CDKL5_005_184_3,4,0.007,14,0.993,0.144,21.28
2025-10-12 17:36:29,036,CDKL5_005_184_3,43,0.072,12,0.918,0.1512,21.29
2025-10-12 17:46:31,036,CDKL5_005_184_3,1,0.002,14,0.998,0.1512,21.29
2025-10-12 17:56:34,036,CDKL5_005_184_3,0,0.0,14,1.0,0.1332,21.28
2025-10-12 18:06:37,036,CDKL5_005_184_3,275,0.457,4,0.368,0.0,21.37
2025-10-12 18:16:41,036,CDKL5_005_184_3,373,0.621,1,0.097,0.0,21.47
2025-10-12 18:26:44,036,CDKL5_005_184_3,211,0.35,7,0.57,0.0,21.57
2025-10-12 18:36:47,036,CDKL5_005_184_3,264,0.439,6,0.476,0.0,21.63
2025-10-12 18:46:50,036,CDKL5_005_184_3,267,0.445,4,0.375,0.0,21.65
2025-10-12 18:56:52,036,CDKL5_005_184_3,366,0.609,1,0.099,0.0,21.75
2025-10-12 19:06:55,036,CDKL5_005_184_3,297,0.494,4,0.35,0.0,21.78
2025-10-12 19:16:59,036,CDKL5_005_184_3,294,0.489,4,0.352,0.0,21.76
2025-10-12 19:27:02,036,CDKL5_005_184_3,169,0.281,7,0.624,0.0,21.8
2025-10-12 19:37:05,036,CDKL5_005_184_3,346,0.576,1,0.104,0.0,21.84
2025-10-12 19:47:08,036,CDKL5_005_184_3,64,0.106,12,0.882,0.0,21.82
2025-10-12 19:57:11,036,CDKL5_005_184_3,166,0.276,7,0.628,0.0,21.83
2025-10-12 20:07:14,036,CDKL5_005_184_3,282,0.47,4,0.362,0.0,21.86
2025-10-12 20:17:17,036,CDKL5_005_184_3,276,0.459,3,0.303,0.0,21.91
2025-10-12 20:27:20,036,CDKL5_005_184_3,84,0.14,11,0.84,0.0,21.87
2025-10-12 20:37:22,036,CDKL5_005_184_3,303,0.504,2,0.209,0.0,21.92
2025-10-12 20:47:26,036,CDKL5_005_184_3,8,0.013,14,0.986,0.0,21.88
2025-10-12 20:57:29,036,CDKL5_005_184_3,288,0.479,4,0.357,0.0,21.93
2025-10-12 21:07:32,036,CDKL5_005_184_3,134,0.223,9,0.729,0.0,21.91
2025-10-12 21:17:35,036,CDKL5_005_184_3,61,0.101,11,0.878,0.0,21.89
2025-10-12 21:27:53,036,CDKL5_005_184_3,365,0.609,1,0.099,0.0,21.99
2025-10-12 21:37:56,036,CDKL5_005_184_3,249,0.414,6,0.491,0.0,22.01
2025-10-12 21:47:59,036,CDKL5_005_184_3,274,0.456,1,0.127,0.0,22.18
2025-10-12 21:58:02,036,CDKL5_005_184_3,148,0.246,7,0.654,0.0,22.06
2025-10-12 22:08:05,036,CDKL5_005_184_3,162,0.27,5,0.552,0.0,22.04
2025-10-12 22:18:08,036,CDKL5_005_184_3,337,0.561,0,0.0,0.0,22.12
2025-10-12 22:28:12,036,CDKL5_005_184_3,291,0.484,2,0.216,0.0,22.1
2025-10-12 22:38:15,036,CDKL5_005_184_3,296,0.493,4,0.351,0.0,22.05
2025-10-12 22:48:17,036,CDKL5_005_184_3,177,0.295,4,0.475,0.0,21.98
2025-10-12 22:58:21,036,CDKL5_005_184_3,378,0.629,2,0.175,0.0,21.99
2025-10-12 23:08:23,036,CDKL5_005_184_3,125,0.208,5,0.615,0.0,21.94
2025-10-12 23:18:27,036,CDKL5_005_184_3,372,0.619,1,0.097,0.0,22.01
2025-10-12 23:28:30,036,CDKL5_005_184_3,321,0.534,1,0.111,0.0,22.09
2025-10-12 23:38:33,036,CDKL5_005_184_3,211,0.351,5,0.487,0.0,22.05
2025-10-12 23:48:35,036,CDKL5_005_184_3,178,0.296,6,0.574,0.0,21.98
2025-10-12 23:58:38,036,CDKL5_005_184_3,65,0.108,10,0.86,0.0,21.87
2025-10-11 00:05:39,016,CDKL5_005_184_4,0,0.0,15,1.0,0.0,21.71
2025-10-11 00:15:42,016,CDKL5_005_184_4,90,0.15,10,0.816,0.0,21.74
2025-10-11 00:25:45,016,CDKL5_005_184_4,147,0.245,8,0.685,0.0,21.8
2025-10-11 00:35:48,016,CDKL5_005_184_4,121,0.201,8,0.726,0.0,21.91
2025-10-11 00:45:51,016,CDKL5_005_184_4,1,0.002,15,0.998,0.0,21.86
2025-10-11 00:55:54,016,CDKL5_005_184_4,0,0.0,15,1.0,0.0,21.8
2025-10-11 01:05:56,016,CDKL5_005_184_4,0,0.0,15,1.0,0.0,21.73
2025-10-11 01:15:59,016,CDKL5_005_184_4,0,0.0,15,1.0,0.0,21.68
2025-10-11 01:26:02,016,CDKL5_005_184_4,0,0.0,15,1.0,0.0,21.65
2025-10-11 01:36:05,016,CDKL5_005_184_4,0,0.0,15,1.0,0.0,21.6
2025-10-11 01:46:08,016,CDKL5_005_184_4,0,0.0,15,1.0,0.0,21.58
2025-10-11 01:56:11,016,CDKL5_005_184_4,0,0.0,15,1.0,0.0,21.56
2025-10-11 02:06:14,016,CDKL5_005_184_4,26,0.043,14,0.956,0.0,21.55
2025-10-11 02:16:17,016,CDKL5_005_184_4,77,0.128,11,0.851,0.0,21.6
2025-10-11 02:26:37,016,CDKL5_005_184_4,166,0.277,7,0.628,0.0,21.72
2025-10-11 02:36:41,016,CDKL5_005_184_4,63,0.105,11,0.875,0.0,21.74
2025-10-11 02:46:44,016,CDKL5_005_184_4,84,0.14,10,0.826,0.0,21.73
2025-10-11 02:56:47,016,CDKL5_005_184_4,22,0.037,14,0.962,0.0,21.75
2025-10-11 03:06:50,016,CDKL5_005_184_4,39,0.065,11,0.919,0.0,21.72
2025-10-11 03:16:53,016,CDKL5_005_184_4,101,0.168,11,0.813,0.0,21.72
2025-10-11 03:26:56,016,CDKL5_005_184_4,90,0.15,10,0.816,0.0,21.86
2025-10-11 03:36:59,016,CDKL5_005_184_4,30,0.05,13,0.945,0.0,21.8
2025-10-11 03:47:03,016,CDKL5_005_184_4,38,0.063,13,0.932,0.0,21.76
2025-10-11 03:57:06,016,CDKL5_005_184_4,0,0.0,15,1.0,0.0,21.7
2025-10-11 04:07:09,016,CDKL5_005_184_4,0,0.0,15,1.0,0.0,21.63
2025-10-11 04:17:11,016,CDKL5_005_184_4,59,0.098,11,0.882,0.0,21.63
2025-10-11 04:27:15,016,CDKL5_005_184_4,0,0.0,15,1.0,0.0,21.63
2025-10-11 04:37:17,016,CDKL5_005_184_4,0,0.0,15,1.0,0.0,21.6
2025-10-11 04:47:20,016,CDKL5_005_184_4,0,0.0,15,1.0,0.0,21.56
2025-10-11 04:57:23,016,CDKL5_005_184_4,0,0.0,15,1.0,0.0,21.56
2025-10-11 05:07:25,016,CDKL5_005_184_4,58,0.097,9,0.861,0.0,21.58
2025-10-11 05:17:29,016,CDKL5_005_184_4,37,0.062,12,0.928,0.0,21.6
2025-10-11 05:27:31,016,CDKL5_005_184_4,0,0.0,15,1.0,0.0,21.56
2025-10-11 05:37:35,016,CDKL5_005_184_4,0,0.0,15,1.0,0.0,21.52
2025-10-11 05:47:38,016,CDKL5_005_184_4,0,0.0,15,1.0,0.0,21.49
2025-10-11 05:57:41,016,CDKL5_005_184_4,0,0.0,15,1.0,0.0,21.47
2025-10-11 06:07:43,016,CDKL5_005_184_4,0,0.0,15,1.0,0.4824,21.45
2025-10-11 06:17:47,016,CDKL5_005_184_4,0,0.0,15,1.0,0.4752,21.44
2025-10-11 06:28:08,016,CDKL5_005_184_4,0,0.0,15,1.0,0.4788,21.46
2025-10-11 06:38:11,016,CDKL5_005_184_4,0,0.0,15,1.0,0.4752,21.44
2025-10-11 06:48:14,016,CDKL5_005_184_4,0,0.0,15,1.0,0.4788,21.43
2025-10-11 06:58:17,016,CDKL5_005_184_4,0,0.0,15,1.0,0.4752,21.41
2025-10-11 07:08:20,016,CDKL5_005_184_4,0,0.0,15,1.0,0.4752,21.4
2025-10-11 07:18:23,016,CDKL5_005_184_4,0,0.0,15,1.0,0.4788,21.39
2025-10-11 07:28:26,016,CDKL5_005_184_4,0,0.0,15,1.0,0.468,21.39
2025-10-11 07:38:29,016,CDKL5_005_184_4,0,0.0,15,1.0,0.4788,21.38
2025-10-11 07:48:32,016,CDKL5_005_184_4,0,0.0,15,1.0,0.4788,21.36
2025-10-11 07:58:35,016,CDKL5_005_184_4,0,0.0,15,1.0,0.4788,21.37
2025-10-11 08:08:39,016,CDKL5_005_184_4,0,0.0,15,1.0,0.4752,21.38
2025-10-11 08:18:41,016,CDKL5_005_184_4,0,0.0,15,1.0,0.4788,21.38
2025-10-11 08:28:45,016,CDKL5_005_184_4,0,0.0,15,1.0,0.4788,21.37
2025-10-11 08:38:48,016,CDKL5_005_184_4,0,0.0,15,1.0,0.468,21.37
2025-10-11 08:48:51,016,CDKL5_005_184_4,0,0.0,15,1.0,0.4788,21.36
2025-10-11 08:58:54,016,CDKL5_005_184_4,0,0.0,15,1.0,0.468,21.36
2025-10-11 09:08:57,016,CDKL5_005_184_4,0,0.0,15,1.0,0.4788,21.36
2025-10-11 09:19:00,016,CDKL5_005_184_4,0,0.0,15,1.0,0.468,21.35
2025-10-11 09:29:02,016,CDKL5_005_184_4,0,0.0,15,1.0,0.468,21.35
2025-10-11 09:39:05,016,CDKL5_005_184_4,0,0.0,15,1.0,0.4788,21.34
2025-10-11 09:49:08,016,CDKL5_005_184_4,0,0.0,15,1.0,0.4752,21.34
2025-10-11 09:59:12,016,CDKL5_005_184_4,0,0.0,15,1.0,0.4752,21.35
2025-10-11 10:09:14,016,CDKL5_005_184_4,0,0.0,15,1.0,0.486,21.32
2025-10-11 10:19:17,016,CDKL5_005_184_4,0,0.0,15,1.0,0.486,21.32
2025-10-11 10:29:35,016,CDKL5_005_184_4,0,0.0,15,1.0,0.486,21.36
2025-10-11 10:39:38,016,CDKL5_005_184_4,0,0.0,15,1.0,0.486,21.34
2025-10-11 10:49:41,016,CDKL5_005_184_4,0,0.0,15,1.0,0.468,21.33
2025-10-11 10:59:43,016,CDKL5_005_184_4,0,0.0,15,1.0,0.468,21.32
2025-10-11 11:09:47,016,CDKL5_005_184_4,15,0.025,13,0.972,0.4572,21.33
2025-10-11 11:19:50,016,CDKL5_005_184_4,0,0.0,15,1.0,0.4392,21.34
2025-10-11 11:29:53,016,CDKL5_005_184_4,0,0.0,15,1.0,0.4464,21.32
2025-10-11 11:39:56,016,CDKL5_005_184_4,0,0.0,15,1.0,0.4464,21.33
2025-10-11 11:49:58,016,CDKL5_005_184_4,0,0.0,15,1.0,0.4464,21.31
2025-10-11 12:00:01,016,CDKL5_005_184_4,0,0.0,15,1.0,0.4464,21.29
2025-10-11 12:10:04,016,CDKL5_005_184_4,0,0.0,15,1.0,0.4464,21.28
2025-10-11 12:20:07,016,CDKL5_005_184_4,0,0.0,15,1.0,0.4464,21.28
2025-10-11 12:30:09,016,CDKL5_005_184_4,0,0.0,15,1.0,0.4464,21.27
2025-10-11 12:40:12,016,CDKL5_005_184_4,0,0.0,15,1.0,0.4536,21.27
2025-10-11 12:50:16,016,CDKL5_005_184_4,0,0.0,15,1.0,0.4572,21.25
2025-10-11 13:00:19,016,CDKL5_005_184_4,0,0.0,15,1.0,0.45,21.26
2025-10-11 13:10:21,016,CDKL5_005_184_4,0,0.0,15,1.0,0.4464,21.24
2025-10-11 13:20:24,016,CDKL5_005_184_4,0,0.0,15,1.0,0.4392,21.24
2025-10-11 13:30:27,016,CDKL5_005_184_4,0,0.0,15,1.0,0.4536,21.24
2025-10-11 13:40:30,016,CDKL5_005_184_4,0,0.0,15,1.0,0.4464,21.23
2025-10-11 13:50:33,016,CDKL5_005_184_4,0,0.0,15,1.0,0.4464,21.23
2025-10-11 14:00:36,016,CDKL5_005_184_4,0,0.0,15,1.0,0.4464,21.23
2025-10-11 14:10:38,016,CDKL5_005_184_4,0,0.0,15,1.0,0.4464,21.22
2025-10-11 14:20:41,016,CDKL5_005_184_4,0,0.0,15,1.0,0.4464,21.21
2025-10-11 14:30:56,016,CDKL5_005_184_4,0,0.0,15,1.0,0.4464,21.22
2025-10-11 14:40:59,016,CDKL5_005_184_4,0,0.0,15,1.0,0.4464,21.23
2025-10-11 14:51:02,016,CDKL5_005_184_4,0,0.0,15,1.0,0.4464,21.22
2025-10-11 15:01:05,016,CDKL5_005_184_4,0,0.0,15,1.0,0.4464,21.22
2025-10-11 15:11:08,016,CDKL5_005_184_4,0,0.0,15,1.0,0.4464,21.22
2025-10-11 15:21:12,016,CDKL5_005_184_4,7,0.012,13,0.987,0.4572,21.23
2025-10-11 15:31:15,016,CDKL5_005_184_4,0,0.0,15,1.0,0.4608,21.24
2025-10-11 15:41:18,016,CDKL5_005_184_4,0,0.0,15,1.0,0.4716,21.25
2025-10-11 15:51:21,016,CDKL5_005_184_4,0,0.0,15,1.0,0.4716,21.26
2025-10-11 16:01:24,016,CDKL5_005_184_4,0,0.0,15,1.0,0.4716,21.25
2025-10-11 16:11:27,016,CDKL5_005_184_4,0,0.0,15,1.0,0.4716,21.23
2025-10-11 16:21:30,016,CDKL5_005_184_4,0,0.0,15,1.0,0.4608,21.24
2025-10-11 16:31:32,016,CDKL5_005_184_4,0,0.0,15,1.0,0.4752,21.24
2025-10-11 16:41:35,016,CDKL5_005_184_4,0,0.0,15,1.0,0.468,21.25
2025-10-11 16:51:38,016,CDKL5_005_184_4,0,0.0,15,1.0,0.4716,21.25
2025-10-11 17:01:42,016,CDKL5_005_184_4,0,0.0,15,1.0,0.4788,21.25
2025-10-11 17:11:45,016,CDKL5_005_184_4,0,0.0,15,1.0,0.4752,21.26
2025-10-11 17:21:47,016,CDKL5_005_184_4,0,0.0,15,1.0,0.4608,21.26
2025-10-11 17:31:50,016,CDKL5_005_184_4,0,0.0,15,1.0,0.468,21.26
2025-10-11 17:41:53,016,CDKL5_005_184_4,0,0.0,15,1.0,0.468,21.26
2025-10-11 17:51:56,016,CDKL5_005_184_4,0,0.0,15,1.0,0.468,21.27
2025-10-11 18:01:59,016,CDKL5_005_184_4,0,0.0,15,1.0,0.0,21.3
2025-10-11 18:12:02,016,CDKL5_005_184_4,11,0.018,14,0.981,0.0,21.31
2025-10-11 18:22:05,016,CDKL5_005_184_4,237,0.394,4,0.403,0.0,21.46
2025-10-11 18:32:27,016,CDKL5_005_184_4,73,0.122,11,0.858,0.0,21.58
2025-10-11 18:42:30,016,CDKL5_005_184_4,44,0.073,12,0.916,0.0,21.64
2025-10-11 18:52:33,016,CDKL5_005_184_4,238,0.395,3,0.335,0.0,21.92
2025-10-11 19:02:36,016,CDKL5_005_184_4,66,0.11,10,0.858,0.0,21.9
2025-10-11 19:12:39,016,CDKL5_005_184_4,71,0.118,9,0.835,0.0,21.87
2025-10-11 19:22:42,016,CDKL5_005_184_4,0,0.0,15,1.0,0.0,21.81
2025-10-11 19:32:45,016,CDKL5_005_184_4,296,0.493,1,0.119,0.0,22.01
2025-10-11 19:42:48,016,CDKL5_005_184_4,3,0.005,14,0.995,0.0,21.93
2025-10-11 19:52:51,016,CDKL5_005_184_4,0,0.0,15,1.0,0.0,21.83
2025-10-11 20:02:53,016,CDKL5_005_184_4,0,0.0,15,1.0,0.0,21.73
2025-10-11 20:12:57,016,CDKL5_005_184_4,0,0.0,15,1.0,0.0,21.67
2025-10-11 20:23:00,016,CDKL5_005_184_4,104,0.173,8,0.755,0.0,21.65
2025-10-11 20:33:03,016,CDKL5_005_184_4,104,0.173,9,0.776,0.0,21.72
2025-10-11 20:43:06,016,CDKL5_005_184_4,51,0.085,12,0.904,0.0,21.83
2025-10-11 20:53:09,016,CDKL5_005_184_4,0,0.0,15,1.0,0.0,21.76
2025-10-11 21:03:12,016,CDKL5_005_184_4,13,0.022,14,0.977,0.0,21.71
2025-10-11 21:13:15,016,CDKL5_005_184_4,0,0.0,15,1.0,0.0,21.65
2025-10-11 21:23:18,016,CDKL5_005_184_4,0,0.0,15,1.0,0.0,21.6
2025-10-11 21:33:21,016,CDKL5_005_184_4,6,0.01,14,0.989,0.0,21.57
2025-10-11 21:43:24,016,CDKL5_005_184_4,14,0.023,14,0.976,0.0,21.57
2025-10-11 21:53:27,016,CDKL5_005_184_4,0,0.0,15,1.0,0.0,21.56
2025-10-11 22:03:30,016,CDKL5_005_184_4,0,0.0,15,1.0,0.0,21.54
2025-10-11 22:13:33,016,CDKL5_005_184_4,0,0.0,15,1.0,0.0,21.53
2025-10-11 22:23:36,016,CDKL5_005_184_4,0,0.0,15,1.0,0.0,21.53
2025-10-11 22:33:59,016,CDKL5_005_184_4,0,0.0,15,1.0,0.0,21.56
2025-10-11 22:44:02,016,CDKL5_005_184_4,53,0.088,13,0.908,0.0,21.57
2025-10-11 22:54:05,016,CDKL5_005_184_4,0,0.0,15,1.0,0.0,21.55
2025-10-11 23:04:08,016,CDKL5_005_184_4,0,0.0,15,1.0,0.0,21.53
2025-10-11 23:14:11,016,CDKL5_005_184_4,0,0.0,15,1.0,0.0,21.52
2025-10-11 23:24:14,016,CDKL5_005_184_4,0,0.0,15,1.0,0.0,21.5
2025-10-11 23:34:17,016,CDKL5_005_184_4,6,0.01,15,0.99,0.0,21.5
2025-10-11 23:44:20,016,CDKL5_005_184_4,124,0.207,8,0.721,0.0,21.66
2025-10-11 23:54:23,016,CDKL5_005_184_4,187,0.311,6,0.562,0.0,21.85
2025-10-12 00:04:26,016,CDKL5_005_184_4,0,0.0,15,1.0,0.0,21.81
2025-10-12 00:14:29,016,CDKL5_005_184_4,81,0.135,11,0.845,0.0,21.83
2025-10-12 00:24:32,016,CDKL5_005_184_4,0,0.0,15,1.0,0.0,21.74
2025-10-12 00:34:35,016,CDKL5_005_184_4,0,0.0,15,1.0,0.0,21.67
2025-10-12 00:44:38,016,CDKL5_005_184_4,0,0.0,15,1.0,0.0,21.61
2025-10-12 00:54:41,016,CDKL5_005_184_4,15,0.025,14,0.974,0.0,21.57
2025-10-12 01:04:44,016,CDKL5_005_184_4,75,0.125,11,0.854,0.0,21.59
2025-10-12 01:14:48,016,CDKL5_005_184_4,0,0.0,15,1.0,0.0,21.63
2025-10-12 01:24:52,016,CDKL5_005_184_4,0,0.0,15,1.0,0.0,21.6
2025-10-12 01:34:54,016,CDKL5_005_184_4,0,0.0,15,1.0,0.0,21.56
2025-10-12 01:44:57,016,CDKL5_005_184_4,0,0.0,15,1.0,0.0,21.56
2025-10-12 01:55:00,016,CDKL5_005_184_4,116,0.193,9,0.756,0.0,21.64
2025-10-12 02:05:03,016,CDKL5_005_184_4,163,0.271,7,0.632,0.0,21.75
2025-10-12 02:15:06,016,CDKL5_005_184_4,48,0.08,12,0.909,0.0,21.77
2025-10-12 02:25:09,016,CDKL5_005_184_4,4,0.007,15,0.993,0.0,21.69
2025-10-12 02:35:33,016,CDKL5_005_184_4,21,0.035,14,0.964,0.0,21.73
2025-10-12 02:45:36,016,CDKL5_005_184_4,0,0.0,15,1.0,0.0,21.69
2025-10-12 02:55:39,016,CDKL5_005_184_4,0,0.0,15,1.0,0.0,21.64
2025-10-12 03:05:42,016,CDKL5_005_184_4,0,0.0,15,1.0,0.0,21.59
2025-10-12 03:15:45,016,CDKL5_005_184_4,0,0.0,15,1.0,0.0,21.58
2025-10-12 03:25:48,016,CDKL5_005_184_4,0,0.0,15,1.0,0.0,21.53
2025-10-12 03:35:51,016,CDKL5_005_184_4,30,0.05,11,0.936,0.0,21.58
2025-10-12 03:45:53,016,CDKL5_005_184_4,146,0.243,6,0.622,0.0,21.64
2025-10-12 03:55:57,016,CDKL5_005_184_4,58,0.097,10,0.873,0.0,21.69
2025-10-12 04:06:00,016,CDKL5_005_184_4,28,0.047,12,0.945,0.0,21.65
2025-10-12 04:16:03,016,CDKL5_005_184_4,0,0.0,15,1.0,0.0,21.58
2025-10-12 04:26:06,016,CDKL5_005_184_4,0,0.0,15,1.0,0.0,21.52
2025-10-12 04:36:08,016,CDKL5_005_184_4,93,0.155,10,0.811,0.0,21.54
2025-10-12 04:46:12,016,CDKL5_005_184_4,33,0.055,12,0.936,0.0,21.59
2025-10-12 04:56:14,016,CDKL5_005_184_4,4,0.007,14,0.993,0.0,21.55
2025-10-12 05:06:18,016,CDKL5_005_184_4,1,0.002,14,0.998,0.0,21.49
2025-10-12 05:16:20,016,CDKL5_005_184_4,0,0.0,15,1.0,0.0,21.47
2025-10-12 05:26:23,016,CDKL5_005_184_4,0,0.0,15,1.0,0.0,21.45
2025-10-12 05:36:26,016,CDKL5_005_184_4,0,0.0,15,1.0,0.0,21.41
2025-10-12 05:46:29,016,CDKL5_005_184_4,0,0.0,15,1.0,0.0,21.38
2025-10-12 05:56:33,016,CDKL5_005_184_4,0,0.0,15,1.0,0.0,21.36
2025-10-12 06:06:35,016,CDKL5_005_184_4,0,0.0,15,1.0,0.4752,21.34
2025-10-12 06:16:38,016,CDKL5_005_184_4,0,0.0,15,1.0,0.4788,21.33
2025-10-12 06:26:41,016,CDKL5_005_184_4,0,0.0,15,1.0,0.468,21.33
2025-10-12 06:37:03,016,CDKL5_005_184_4,0,0.0,15,1.0,0.468,21.38
2025-10-12 06:47:05,016,CDKL5_005_184_4,0,0.0,15,1.0,0.468,21.34
2025-10-12 06:57:09,016,CDKL5_005_184_4,0,0.0,15,1.0,0.468,21.33
2025-10-12 07:07:12,016,CDKL5_005_184_4,0,0.0,15,1.0,0.4608,21.33
2025-10-12 07:17:15,016,CDKL5_005_184_4,0,0.0,15,1.0,0.4716,21.33
2025-10-12 07:27:18,016,CDKL5_005_184_4,0,0.0,15,1.0,0.4752,21.32
2025-10-12 07:37:21,016,CDKL5_005_184_4,0,0.0,15,1.0,0.4788,21.32
2025-10-12 07:47:25,016,CDKL5_005_184_4,0,0.0,15,1.0,0.468,21.33
2025-10-12 07:57:27,016,CDKL5_005_184_4,0,0.0,15,1.0,0.468,21.31
2025-10-12 08:07:30,016,CDKL5_005_184_4,0,0.0,15,1.0,0.4788,21.32
2025-10-12 08:17:33,016,CDKL5_005_184_4,0,0.0,15,1.0,0.4788,21.31
2025-10-12 08:27:36,016,CDKL5_005_184_4,0,0.0,15,1.0,0.4788,21.3
2025-10-12 08:37:39,016,CDKL5_005_184_4,0,0.0,15,1.0,0.468,21.3
2025-10-12 08:47:41,016,CDKL5_005_184_4,0,0.0,15,1.0,0.468,21.28
2025-10-12 08:57:44,016,CDKL5_005_184_4,0,0.0,15,1.0,0.4788,21.26
2025-10-12 09:07:48,016,CDKL5_005_184_4,0,0.0,15,1.0,0.4752,21.27
2025-10-12 09:17:51,016,CDKL5_005_184_4,0,0.0,15,1.0,0.4752,21.28
2025-10-12 09:27:54,016,CDKL5_005_184_4,0,0.0,15,1.0,0.468,21.26
2025-10-12 09:37:57,016,CDKL5_005_184_4,0,0.0,15,1.0,0.4788,21.26
2025-10-12 09:48:00,016,CDKL5_005_184_4,0,0.0,15,1.0,0.4752,21.26
2025-10-12 09:58:03,016,CDKL5_005_184_4,0,0.0,15,1.0,0.4788,21.26
2025-10-12 10:08:06,016,CDKL5_005_184_4,0,0.0,15,1.0,0.4824,21.25
2025-10-12 10:18:09,016,CDKL5_005_184_4,0,0.0,15,1.0,0.4752,21.26
2025-10-12 10:28:12,016,CDKL5_005_184_4,4,0.007,15,0.993,0.4716,21.25
2025-10-12 10:38:31,016,CDKL5_005_184_4,0,0.0,15,1.0,0.4536,21.31
2025-10-12 10:48:34,016,CDKL5_005_184_4,0,0.0,15,1.0,0.4536,21.27
2025-10-12 10:58:36,016,CDKL5_005_184_4,0,0.0,15,1.0,0.4536,21.26
2025-10-12 11:08:39,016,CDKL5_005_184_4,0,0.0,15,1.0,0.4536,21.25
2025-10-12 11:18:42,016,CDKL5_005_184_4,0,0.0,15,1.0,0.4536,21.24
2025-10-12 11:28:45,016,CDKL5_005_184_4,0,0.0,15,1.0,0.4536,21.22
2025-10-12 11:38:48,016,CDKL5_005_184_4,0,0.0,15,1.0,0.4536,21.22
2025-10-12 11:48:51,016,CDKL5_005_184_4,0,0.0,15,1.0,0.4536,21.21
2025-10-12 11:58:54,016,CDKL5_005_184_4,0,0.0,15,1.0,0.4536,21.22
2025-10-12 12:08:58,016,CDKL5_005_184_4,0,0.0,15,1.0,0.4536,21.21
2025-10-12 12:19:00,016,CDKL5_005_184_4,0,0.0,15,1.0,0.4536,21.2
2025-10-12 12:29:03,016,CDKL5_005_184_4,0,0.0,15,1.0,0.4536,21.21
2025-10-12 12:39:06,016,CDKL5_005_184_4,0,0.0,15,1.0,0.4608,21.2
2025-10-12 12:49:10,016,CDKL5_005_184_4,0,0.0,15,1.0,0.4536,21.19
2025-10-12 12:59:12,016,CDKL5_005_184_4,0,0.0,15,1.0,0.4536,21.19
2025-10-12 13:09:15,016,CDKL5_005_184_4,0,0.0,15,1.0,0.4536,21.18
2025-10-12 13:19:18,016,CDKL5_005_184_4,0,0.0,15,1.0,0.4464,21.17
2025-10-12 13:29:21,016,CDKL5_005_184_4,0,0.0,15,1.0,0.4572,21.17
2025-10-12 13:39:24,016,CDKL5_005_184_4,126,0.21,7,0.69,0.4176,21.22
2025-10-12 13:49:27,016,CDKL5_005_184_4,120,0.2,7,0.7,0.45,21.41
2025-10-12 13:59:31,016,CDKL5_005_184_4,0,0.0,15,1.0,0.4392,21.38
2025-10-12 14:09:34,016,CDKL5_005_184_4,0,0.0,15,1.0,0.45,21.33
2025-10-12 14:19:37,016,CDKL5_005_184_4,0,0.0,15,1.0,0.45,21.28
2025-10-12 14:29:40,016,CDKL5_005_184_4,0,0.0,15,1.0,0.4392,21.24
2025-10-12 14:40:00,016,CDKL5_005_184_4,0,0.0,15,1.0,0.45,21.26
2025-10-12 14:50:02,016,CDKL5_005_184_4,0,0.0,15,1.0,0.4464,21.22
2025-10-12 15:00:06,016,CDKL5_005_184_4,0,0.0,15,1.0,0.45,21.21
2025-10-12 15:10:09,016,CDKL5_005_184_4,0,0.0,15,1.0,0.45,21.18
2025-10-12 15:20:12,016,CDKL5_005_184_4,0,0.0,15,1.0,0.45,21.16
2025-10-12 15:30:15,016,CDKL5_005_184_4,0,0.0,15,1.0,0.45,21.16
2025-10-12 15:40:19,016,CDKL5_005_184_4,0,0.0,15,1.0,0.4464,21.16
2025-10-12 15:50:22,016,CDKL5_005_184_4,0,0.0,15,1.0,0.45,21.15
2025-10-12 16:00:25,016,CDKL5_005_184_4,0,0.0,15,1.0,0.45,21.15
2025-10-12 16:10:29,016,CDKL5_005_184_4,0,0.0,15,1.0,0.4572,21.15
2025-10-12 16:20:32,016,CDKL5_005_184_4,0,0.0,15,1.0,0.432,21.15
2025-10-12 16:30:35,016,CDKL5_005_184_4,0,0.0,15,1.0,0.4464,21.16
2025-10-12 16:40:37,016,CDKL5_005_184_4,0,0.0,15,1.0,0.4464,21.16
2025-10-12 16:50:40,016,CDKL5_005_184_4,0,0.0,15,1.0,0.4464,21.17
2025-10-12 17:00:43,016,CDKL5_005_184_4,0,0.0,15,1.0,0.4464,21.18
2025-10-12 17:10:46,016,CDKL5_005_184_4,0,0.0,15,1.0,0.4464,21.17
2025-10-12 17:20:49,016,CDKL5_005_184_4,0,0.0,15,1.0,0.4536,21.18
2025-10-12 17:30:52,016,CDKL5_005_184_4,0,0.0,15,1.0,0.4032,21.17
2025-10-12 17:40:55,016,CDKL5_005_184_4,14,0.023,13,0.974,0.4608,21.19
2025-10-12 17:50:59,016,CDKL5_005_184_4,0,0.0,15,1.0,0.4644,21.2
2025-10-12 18:01:01,016,CDKL5_005_184_4,0,0.0,15,1.0,0.0,21.2
2025-10-12 18:11:04,016,CDKL5_005_184_4,0,0.0,15,1.0,0.0,21.2
2025-10-12 18:21:08,016,CDKL5_005_184_4,45,0.075,12,0.914,0.0,21.2
2025-10-12 18:31:11,016,CDKL5_005_184_4,159,0.264,6,0.602,0.0,21.39
2025-10-12 18:41:29,016,CDKL5_005_184_4,131,0.219,7,0.681,0.0,21.52
2025-10-12 18:51:32,016,CDKL5_005_184_4,163,0.271,7,0.632,0.0,21.62
2025-10-12 19:01:35,016,CDKL5_005_184_4,36,0.06,13,0.935,0.0,21.63
2025-10-12 19:11:38,016,CDKL5_005_184_4,0,0.0,15,1.0,0.0,21.56
2025-10-12 19:21:41,016,CDKL5_005_184_4,0,0.0,15,1.0,0.0,21.53
2025-10-12 19:31:44,016,CDKL5_005_184_4,0,0.0,15,1.0,0.0,21.5
2025-10-12 19:41:47,016,CDKL5_005_184_4,0,0.0,15,1.0,0.0,21.46
2025-10-12 19:51:50,016,CDKL5_005_184_4,0,0.0,15,1.0,0.0,21.44
2025-10-12 20:01:54,016,CDKL5_005_184_4,0,0.0,15,1.0,0.0,21.44
2025-10-12 20:11:57,016,CDKL5_005_184_4,0,0.0,15,1.0,0.0,21.43
2025-10-12 20:22:00,016,CDKL5_005_184_4,31,0.051,13,0.944,0.0,21.44
2025-10-12 20:32:03,016,CDKL5_005_184_4,111,0.185,8,0.742,0.0,21.48
2025-10-12 20:42:07,016,CDKL5_005_184_4,98,0.163,9,0.786,0.0,21.66
2025-10-12 20:52:10,016,CDKL5_005_184_4,0,0.0,15,1.0,0.0,21.62
2025-10-12 21:02:14,016,CDKL5_005_184_4,0,0.0,15,1.0,0.0,21.58
2025-10-12 21:12:17,016,CDKL5_005_184_4,49,0.082,12,0.907,0.0,21.57
2025-10-12 21:22:20,016,CDKL5_005_184_4,51,0.085,12,0.904,0.0,21.64
2025-10-12 21:32:23,016,CDKL5_005_184_4,0,0.0,15,1.0,0.0,21.6
2025-10-12 21:42:26,016,CDKL5_005_184_4,0,0.0,15,1.0,0.0,21.57
2025-10-12 21:52:28,016,CDKL5_005_184_4,0,0.0,15,1.0,0.0,21.55
2025-10-12 22:02:31,016,CDKL5_005_184_4,0,0.0,15,1.0,0.0,21.53
2025-10-12 22:12:34,016,CDKL5_005_184_4,8,0.013,14,0.986,0.0,21.51
2025-10-12 22:22:37,016,CDKL5_005_184_4,36,0.06,13,0.935,0.0,21.53
2025-10-12 22:32:39,016,CDKL5_005_184_4,178,0.296,7,0.611,0.0,21.68
2025-10-12 22:42:58,016,CDKL5_005_184_4,125,0.208,7,0.691,0.0,21.82
2025-10-12 22:53:01,016,CDKL5_005_184_4,0,0.0,15,1.0,0.0,21.77
2025-10-12 23:03:04,016,CDKL5_005_184_4,0,0.0,15,1.0,0.0,21.7
2025-10-12 23:13:07,016,CDKL5_005_184_4,9,0.015,14,0.984,0.0,21.66
2025-10-12 23:23:10,016,CDKL5_005_184_4,0,0.0,15,1.0,0.0,21.62
2025-10-12 23:33:13,016,CDKL5_005_184_4,0,0.0,15,1.0,0.0,21.58
2025-10-12 23:43:16,016,CDKL5_005_184_4,0,0.0,15,1.0,0.0,21.54
2025-10-12 23:53:20,016,CDKL5_005_184_4,0,0.0,15,1.0,0.0,21.52
2025-10-11 00:00:06,015,CDKL5_005_184_99,0,0.0,15,1.0,0.0,22.13
2025-10-11 00:10:08,015,CDKL5_005_184_99,0,0.0,15,1.0,0.0,22.09
2025-10-11 00:20:11,015,CDKL5_005_184_99,0,0.0,15,1.0,0.0,22.08
2025-10-11 00:30:14,015,CDKL5_005_184_99,101,0.168,10,0.798,0.0,22.15
2025-10-11 00:40:17,015,CDKL5_005_184_99,128,0.213,9,0.738,0.0,22.21
2025-10-11 00:50:21,015,CDKL5_005_184_99,149,0.248,9,0.707,0.0,22.27
2025-10-11 01:00:24,015,CDKL5_005_184_99,118,0.196,8,0.731,0.0,22.33
2025-10-11 01:10:40,015,CDKL5_005_184_99,47,0.078,12,0.911,0.0,22.34
2025-10-11 01:20:43,015,CDKL5_005_184_99,0,0.0,15,1.0,0.0,22.27
2025-10-11 01:30:46,015,CDKL5_005_184_99,0,0.0,15,1.0,0.0,22.2
2025-10-11 01:40:50,015,CDKL5_005_184_99,0,0.0,15,1.0,0.0,22.18
2025-10-11 01:50:53,015,CDKL5_005_184_99,196,0.326,1,0.169,0.0,22.27
2025-10-11 02:00:56,015,CDKL5_005_184_99,14,0.023,13,0.974,0.0,22.23
2025-10-11 02:10:59,015,CDKL5_005_184_99,57,0.095,12,0.894,0.0,22.24
2025-10-11 02:21:03,015,CDKL5_005_184_99,23,0.038,12,0.954,0.0,22.22
2025-10-11 02:31:06,015,CDKL5_005_184_99,0,0.0,15,1.0,0.0,22.17
2025-10-11 02:41:09,015,CDKL5_005_184_99,0,0.0,15,1.0,0.0,22.13
2025-10-11 02:51:12,015,CDKL5_005_184_99,0,0.0,15,1.0,0.0,22.09
2025-10-11 03:01:15,015,CDKL5_005_184_99,0,0.0,15,1.0,0.0,22.06
2025-10-11 03:11:18,015,CDKL5_005_184_99,0,0.0,15,1.0,0.0,22.02
2025-10-11 03:21:21,015,CDKL5_005_184_99,0,0.0,15,1.0,0.0,22.01
2025-10-11 03:31:24,015,CDKL5_005_184_99,160,0.267,6,0.6,0.0,22.1
2025-10-11 03:41:27,015,CDKL5_005_184_99,186,0.309,7,0.601,0.0,22.16
2025-10-11 03:51:30,015,CDKL5_005_184_99,128,0.213,9,0.738,0.0,22.18
2025-10-11 04:01:33,015,CDKL5_005_184_99,80,0.133,11,0.846,0.0,22.18
2025-10-11 04:11:35,015,CDKL5_005_184_99,157,0.261,4,0.505,0.0,22.23
2025-10-11 04:21:39,015,CDKL5_005_184_99,121,0.201,4,0.569,0.0,22.21
2025-10-11 04:31:42,015,CDKL5_005_184_99,226,0.376,4,0.415,0.0,22.27
2025-10-11 04:41:45,015,CDKL5_005_184_99,79,0.131,7,0.78,0.0,22.32
2025-10-11 04:51:48,015,CDKL5_005_184_99,19,0.032,10,0.955,0.0,22.24
2025-10-11 05:01:51,015,CDKL5_005_184_99,0,0.0,15,1.0,0.0,22.14
2025-10-11 05:12:11,015,CDKL5_005_184_99,0,0.0,15,1.0,0.0,22.11
2025-10-11 05:22:15,015,CDKL5_005_184_99,0,0.0,15,1.0,0.0,22.04
2025-10-11 05:32:18,015,CDKL5_005_184_99,0,0.0,15,1.0,0.0,21.98
2025-10-11 05:42:22,015,CDKL5_005_184_99,0,0.0,15,1.0,0.0,21.94
2025-10-11 05:52:24,015,CDKL5_005_184_99,0,0.0,15,1.0,0.0,21.91
2025-10-11 06:02:28,015,CDKL5_005_184_99,0,0.0,15,1.0,0.3744,21.89
2025-10-11 06:12:31,015,CDKL5_005_184_99,42,0.07,11,0.913,0.3528,21.91
2025-10-11 06:22:35,015,CDKL5_005_184_99,59,0.098,7,0.826,0.2988,21.95
2025-10-11 06:32:38,015,CDKL5_005_184_99,41,0.068,11,0.915,0.36,21.96
2025-10-11 06:42:41,015,CDKL5_005_184_99,2,0.003,15,0.997,0.3456,21.95
2025-10-11 06:52:44,015,CDKL5_005_184_99,0,0.0,15,1.0,0.3456,21.93
2025-10-11 07:02:48,015,CDKL5_005_184_99,0,0.0,15,1.0,0.3456,21.91
2025-10-11 07:12:50,015,CDKL5_005_184_99,0,0.0,15,1.0,0.3456,21.86
2025-10-11 07:22:54,015,CDKL5_005_184_99,0,0.0,15,1.0,0.3456,21.82
2025-10-11 07:32:57,015,CDKL5_005_184_99,0,0.0,15,1.0,0.3492,21.8
2025-10-11 07:43:00,015,CDKL5_005_184_99,41,0.068,10,0.907,0.3456,21.84
2025-10-11 07:53:03,015,CDKL5_005_184_99,0,0.0,15,1.0,0.3384,21.81
2025-10-11 08:03:06,015,CDKL5_005_184_99,0,0.0,15,1.0,0.3456,21.8
2025-10-11 08:13:10,015,CDKL5_005_184_99,0,0.0,15,1.0,0.3456,21.77
2025-10-11 08:23:13,015,CDKL5_005_184_99,0,0.0,15,1.0,0.3456,21.74
2025-10-11 08:33:16,015,CDKL5_005_184_99,0,0.0,15,1.0,0.3456,21.72
2025-10-11 08:43:19,015,CDKL5_005_184_99,0,0.0,15,1.0,0.3456,21.69
2025-10-11 08:53:22,015,CDKL5_005_184_99,0,0.0,15,1.0,0.3456,21.7
2025-10-11 09:03:24,015,CDKL5_005_184_99,0,0.0,15,1.0,0.3456,21.67
2025-10-11 09:13:40,015,CDKL5_005_184_99,0,0.0,15,1.0,0.3456,21.7
2025-10-11 09:23:43,015,CDKL5_005_184_99,0,0.0,15,1.0,0.3456,21.68
2025-10-11 09:33:46,015,CDKL5_005_184_99,0,0.0,15,1.0,0.3456,21.66
2025-10-11 09:43:50,015,CDKL5_005_184_99,0,0.0,15,1.0,0.3456,21.65
2025-10-11 09:53:53,015,CDKL5_005_184_99,0,0.0,15,1.0,0.3456,21.64
2025-10-11 10:03:56,015,CDKL5_005_184_99,0,0.0,15,1.0,0.3636,21.63
2025-10-11 10:13:59,015,CDKL5_005_184_99,0,0.0,15,1.0,0.3636,21.61
2025-10-11 10:24:02,015,CDKL5_005_184_99,0,0.0,15,1.0,0.3528,21.61
2025-10-11 10:34:05,015,CDKL5_005_184_99,0,0.0,15,1.0,0.3636,21.59
2025-10-11 10:44:08,015,CDKL5_005_184_99,0,0.0,15,1.0,0.3528,21.57
2025-10-11 10:54:10,015,CDKL5_005_184_99,0,0.0,15,1.0,0.3456,21.56
2025-10-11 11:04:14,015,CDKL5_005_184_99,7,0.012,14,0.988,0.342,21.56
2025-10-11 11:14:17,015,CDKL5_005_184_99,36,0.06,12,0.93,0.342,21.6
2025-10-11 11:24:20,015,CDKL5_005_184_99,0,0.0,15,1.0,0.3384,21.59
2025-10-11 11:34:24,015,CDKL5_005_184_99,0,0.0,15,1.0,0.3384,21.59
2025-10-11 11:44:27,015,CDKL5_005_184_99,0,0.0,15,1.0,0.3384,21.57
2025-10-11 11:54:30,015,CDKL5_005_184_99,0,0.0,15,1.0,0.3492,21.56
2025-10-11 12:04:32,015,CDKL5_005_184_99,0,0.0,15,1.0,0.3384,21.55
2025-10-11 12:14:36,015,CDKL5_005_184_99,0,0.0,15,1.0,0.3384,21.54
2025-10-11 12:24:39,015,CDKL5_005_184_99,0,0.0,15,1.0,0.3384,21.53
2025-10-11 12:34:43,015,CDKL5_005_184_99,0,0.0,15,1.0,0.3564,21.52
2025-10-11 12:44:47,015,CDKL5_005_184_99,0,0.0,15,1.0,0.3564,21.51
2025-10-11 12:54:49,015,CDKL5_005_184_99,0,0.0,15,1.0,0.3384,21.5
2025-10-11 13:04:52,015,CDKL5_005_184_99,0,0.0,15,1.0,0.3384,21.49
2025-10-11 13:15:13,015,CDKL5_005_184_99,0,0.0,15,1.0,0.3384,21.53
2025-10-11 13:25:17,015,CDKL5_005_184_99,0,0.0,15,1.0,0.3384,21.49
2025-10-11 13:35:20,015,CDKL5_005_184_99,0,0.0,15,1.0,0.3384,21.5
2025-10-11 13:45:24,015,CDKL5_005_184_99,0,0.0,15,1.0,0.3384,21.47
2025-10-11 13:55:26,015,CDKL5_005_184_99,0,0.0,15,1.0,0.3384,21.47
2025-10-11 14:05:29,015,CDKL5_005_184_99,0,0.0,15,1.0,0.3384,21.44
2025-10-11 14:15:32,015,CDKL5_005_184_99,67,0.111,8,0.827,0.342,21.53
2025-10-11 14:25:36,015,CDKL5_005_184_99,0,0.0,15,1.0,0.342,21.52
2025-10-11 14:35:39,015,CDKL5_005_184_99,0,0.0,15,1.0,0.342,21.5
2025-10-11 14:45:43,015,CDKL5_005_184_99,0,0.0,15,1.0,0.342,21.49
2025-10-11 14:55:47,015,CDKL5_005_184_99,0,0.0,15,1.0,0.342,21.47
2025-10-11 15:05:49,015,CDKL5_005_184_99,0,0.0,15,1.0,0.342,21.46
2025-10-11 15:15:52,015,CDKL5_005_184_99,0,0.0,15,1.0,0.342,21.45
2025-10-11 15:25:56,015,CDKL5_005_184_99,0,0.0,15,1.0,0.342,21.46
2025-10-11 15:35:59,015,CDKL5_005_184_99,0,0.0,15,1.0,0.3312,21.45
2025-10-11 15:46:02,015,CDKL5_005_184_99,0,0.0,15,1.0,0.342,21.45
2025-10-11 15:56:05,015,CDKL5_005_184_99,0,0.0,15,1.0,0.342,21.46
2025-10-11 16:06:08,015,CDKL5_005_184_99,0,0.0,15,1.0,0.342,21.44
2025-10-11 16:16:11,015,CDKL5_005_184_99,0,0.0,15,1.0,0.3384,21.45
2025-10-11 16:26:14,015,CDKL5_005_184_99,0,0.0,15,1.0,0.3456,21.45
2025-10-11 16:36:17,015,CDKL5_005_184_99,11,0.018,13,0.979,0.3564,21.49
2025-10-11 16:46:20,015,CDKL5_005_184_99,0,0.0,15,1.0,0.3384,21.49
2025-10-11 16:56:23,015,CDKL5_005_184_99,0,0.0,15,1.0,0.3492,21.5
2025-10-11 17:06:27,015,CDKL5_005_184_99,0,0.0,15,1.0,0.3528,21.52
2025-10-11 17:16:42,015,CDKL5_005_184_99,0,0.0,15,1.0,0.3564,21.55
2025-10-11 17:26:45,015,CDKL5_005_184_99,0,0.0,15,1.0,0.3384,21.55
2025-10-11 17:36:49,015,CDKL5_005_184_99,0,0.0,15,1.0,0.3384,21.54
2025-10-11 17:46:52,015,CDKL5_005_184_99,56,0.093,10,0.877,0.3312,21.6
2025-10-11 17:56:55,015,CDKL5_005_184_99,15,0.025,14,0.974,0.3312,21.61
2025-10-11 18:06:58,015,CDKL5_005_184_99,14,0.023,14,0.976,0.0,21.62
2025-10-11 18:17:01,015,CDKL5_005_184_99,0,0.0,15,1.0,0.0,21.61
2025-10-11 18:27:05,015,CDKL5_005_184_99,5,0.008,14,0.991,0.0,21.62
2025-10-11 18:37:07,015,CDKL5_005_184_99,238,0.396,5,0.457,0.0,21.75
2025-10-11 18:47:11,015,CDKL5_005_184_99,241,0.4,5,0.454,0.0,21.95
2025-10-11 18:57:14,015,CDKL5_005_184_99,154,0.256,6,0.609,0.0,22.01
2025-10-11 19:07:17,015,CDKL5_005_184_99,195,0.324,5,0.506,0.0,22.05
2025-10-11 19:17:21,015,CDKL5_005_184_99,250,0.416,3,0.324,0.0,22.19
2025-10-11 19:27:23,015,CDKL5_005_184_99,90,0.15,9,0.8,0.0,22.21
2025-10-11 19:37:27,015,CDKL5_005_184_99,52,0.086,11,0.894,0.0,22.17
2025-10-11 19:47:30,015,CDKL5_005_184_99,136,0.226,6,0.638,0.0,22.17
2025-10-11 19:57:34,015,CDKL5_005_184_99,141,0.235,6,0.63,0.0,22.19
2025-10-11 20:07:36,015,CDKL5_005_184_99,74,0.123,11,0.856,0.0,22.17
2025-10-11 20:17:40,015,CDKL5_005_184_99,10,0.017,14,0.982,0.0,22.14
2025-10-11 20:27:43,015,CDKL5_005_184_99,4,0.007,14,0.993,0.0,22.13
2025-10-11 20:37:46,015,CDKL5_005_184_99,0,0.0,15,1.0,0.0,22.12
2025-10-11 20:47:49,015,CDKL5_005_184_99,0,0.0,15,1.0,0.0,22.07
2025-10-11 20:57:52,015,CDKL5_005_184_99,0,0.0,15,1.0,0.0,22.03
2025-10-11 21:07:55,015,CDKL5_005_184_99,0,0.0,15,1.0,0.0,21.99
2025-10-11 21:18:17,015,CDKL5_005_184_99,25,0.042,13,0.954,0.0,22.02
2025-10-11 21:28:21,015,CDKL5_005_184_99,170,0.283,7,0.622,0.0,22.07
2025-10-11 21:38:24,015,CDKL5_005_184_99,4,0.007,13,0.992,0.0,22.05
2025-10-11 21:48:27,015,CDKL5_005_184_99,1,0.002,15,0.998,0.0,22.03
2025-10-11 21:58:31,015,CDKL5_005_184_99,26,0.043,13,0.952,0.0,22.03
2025-10-11 22:08:34,015,CDKL5_005_184_99,57,0.095,10,0.875,0.0,22.02
2025-10-11 22:18:37,015,CDKL5_005_184_99,0,0.0,15,1.0,0.0,21.99
2025-10-11 22:28:40,015,CDKL5_005_184_99,6,0.01,13,0.989,0.0,21.96
2025-10-11 22:38:43,015,CDKL5_005_184_99,36,0.06,13,0.935,0.0,21.95
2025-10-11 22:48:46,015,CDKL5_005_184_99,0,0.0,15,1.0,0.0,21.89
2025-10-11 22:58:49,015,CDKL5_005_184_99,0,0.0,15,1.0,0.0,21.86
2025-10-11 23:08:52,015,CDKL5_005_184_99,0,0.0,15,1.0,0.0,21.82
2025-10-11 23:18:55,015,CDKL5_005_184_99,0,0.0,15,1.0,0.0,21.79
2025-10-11 23:28:59,015,CDKL5_005_184_99,0,0.0,15,1.0,0.0,21.78
2025-10-11 23:39:01,015,CDKL5_005_184_99,0,0.0,15,1.0,0.0,21.77
2025-10-11 23:49:04,015,CDKL5_005_184_99,0,0.0,15,1.0,0.0,21.75
2025-10-11 23:59:08,015,CDKL5_005_184_99,0,0.0,15,1.0,0.0,21.75
2025-10-12 00:09:10,015,CDKL5_005_184_99,0,0.0,15,1.0,0.0,21.75
2025-10-12 00:19:13,015,CDKL5_005_184_99,0,0.0,15,1.0,0.0,21.77
2025-10-12 00:29:17,015,CDKL5_005_184_99,151,0.251,9,0.705,0.0,21.85
2025-10-12 00:39:20,015,CDKL5_005_184_99,254,0.423,4,0.386,0.0,21.99
2025-10-12 00:49:23,015,CDKL5_005_184_99,90,0.15,11,0.83,0.0,22.0
2025-10-12 00:59:26,015,CDKL5_005_184_99,50,0.083,11,0.898,0.0,22.03
2025-10-12 01:09:30,015,CDKL5_005_184_99,177,0.294,3,0.404,0.0,22.06
2025-10-12 01:19:47,015,CDKL5_005_184_99,70,0.117,11,0.863,0.0,22.09
2025-10-12 01:29:50,015,CDKL5_005_184_99,0,0.0,15,1.0,0.0,22.01
2025-10-12 01:39:53,015,CDKL5_005_184_99,0,0.0,15,1.0,0.0,21.95
2025-10-12 01:49:56,015,CDKL5_005_184_99,0,0.0,15,1.0,0.0,21.89
2025-10-12 01:59:59,015,CDKL5_005_184_99,0,0.0,15,1.0,0.0,21.85
2025-10-12 02:10:02,015,CDKL5_005_184_99,28,0.047,12,0.945,0.0,21.88
2025-10-12 02:20:05,015,CDKL5_005_184_99,0,0.0,15,1.0,0.0,21.88
2025-10-12 02:30:09,015,CDKL5_005_184_99,110,0.183,9,0.766,0.0,21.93
2025-10-12 02:40:12,015,CDKL5_005_184_99,18,0.03,13,0.967,0.0,21.94
2025-10-12 02:50:15,015,CDKL5_005_184_99,70,0.116,9,0.837,0.0,21.96
2025-10-12 03:00:18,015,CDKL5_005_184_99,1,0.002,14,0.998,0.0,21.93
2025-10-12 03:10:22,015,CDKL5_005_184_99,0,0.0,15,1.0,0.0,21.87
2025-10-12 03:20:25,015,CDKL5_005_184_99,0,0.0,15,1.0,0.0,21.81
2025-10-12 03:30:28,015,CDKL5_005_184_99,0,0.0,15,1.0,0.0,21.78
2025-10-12 03:40:31,015,CDKL5_005_184_99,20,0.033,14,0.966,0.0,21.78
2025-10-12 03:50:34,015,CDKL5_005_184_99,159,0.265,5,0.557,0.0,21.89
2025-10-12 04:00:37,015,CDKL5_005_184_99,51,0.085,8,0.863,0.0,21.93
2025-10-12 04:10:40,015,CDKL5_005_184_99,22,0.037,11,0.952,0.0,21.93
2025-10-12 04:20:44,015,CDKL5_005_184_99,2,0.003,14,0.996,0.0,21.9
2025-10-12 04:30:47,015,CDKL5_005_184_99,0,0.0,15,1.0,0.0,21.86
2025-10-12 04:40:50,015,CDKL5_005_184_99,0,0.0,15,1.0,0.0,21.81
2025-10-12 04:50:54,015,CDKL5_005_184_99,0,0.0,15,1.0,0.0,21.77
2025-10-12 05:00:57,015,CDKL5_005_184_99,24,0.04,13,0.956,0.0,21.77
2025-10-12 05:11:01,015,CDKL5_005_184_99,62,0.103,11,0.876,0.0,21.83
2025-10-12 05:21:24,015,CDKL5_005_184_99,146,0.243,7,0.657,0.0,22.0
2025-10-12 05:31:27,015,CDKL5_005_184_99,178,0.296,5,0.529,0.0,22.21
2025-10-12 05:41:30,015,CDKL5_005_184_99,98,0.163,9,0.786,0.0,22.12
2025-10-12 05:51:33,015,CDKL5_005_184_99,0,0.0,15,1.0,0.0,22.03
2025-10-12 06:01:36,015,CDKL5_005_184_99,0,0.0,15,1.0,0.3564,21.94
2025-10-12 06:11:39,015,CDKL5_005_184_99,0,0.0,15,1.0,0.3528,21.89
2025-10-12 06:21:43,015,CDKL5_005_184_99,0,0.0,15,1.0,0.3528,21.86
2025-10-12 06:31:45,015,CDKL5_005_184_99,0,0.0,15,1.0,0.3492,21.81
2025-10-12 06:41:48,015,CDKL5_005_184_99,0,0.0,15,1.0,0.3564,21.77
2025-10-12 06:51:51,015,CDKL5_005_184_99,0,0.0,15,1.0,0.3564,21.75
2025-10-12 07:01:54,015,CDKL5_005_184_99,0,0.0,15,1.0,0.3456,21.73
2025-10-12 07:11:57,015,CDKL5_005_184_99,0,0.0,15,1.0,0.3564,21.69
2025-10-12 07:22:00,015,CDKL5_005_184_99,0,0.0,15,1.0,0.3564,21.69
2025-10-12 07:32:03,015,CDKL5_005_184_99,0,0.0,15,1.0,0.3528,21.66
2025-10-12 07:42:05,015,CDKL5_005_184_99,0,0.0,15,1.0,0.3456,21.65
2025-10-12 07:52:08,015,CDKL5_005_184_99,0,0.0,15,1.0,0.3564,21.63
2025-10-12 08:02:11,015,CDKL5_005_184_99,0,0.0,15,1.0,0.3564,21.63
2025-10-12 08:12:14,015,CDKL5_005_184_99,0,0.0,15,1.0,0.3456,21.61
2025-10-12 08:22:17,015,CDKL5_005_184_99,0,0.0,15,1.0,0.3456,21.61
2025-10-12 08:32:21,015,CDKL5_005_184_99,0,0.0,15,1.0,0.3456,21.6
2025-10-12 08:42:24,015,CDKL5_005_184_99,0,0.0,15,1.0,0.3456,21.59
2025-10-12 08:52:28,015,CDKL5_005_184_99,0,0.0,15,1.0,0.3564,21.58
2025-10-12 09:02:31,015,CDKL5_005_184_99,0,0.0,15,1.0,0.3528,21.58
2025-10-12 09:12:34,015,CDKL5_005_184_99,0,0.0,15,1.0,0.3564,21.57
2025-10-12 09:22:55,015,CDKL5_005_184_99,0,0.0,15,1.0,0.3528,21.61
2025-10-12 09:32:58,015,CDKL5_005_184_99,0,0.0,15,1.0,0.3564,21.58
2025-10-12 09:43:02,015,CDKL5_005_184_99,0,0.0,15,1.0,0.3528,21.57
2025-10-12 09:53:06,015,CDKL5_005_184_99,0,0.0,15,1.0,0.3564,21.56
2025-10-12 10:03:09,015,CDKL5_005_184_99,0,0.0,15,1.0,0.3456,21.57
2025-10-12 10:13:12,015,CDKL5_005_184_99,0,0.0,15,1.0,0.3636,21.57
2025-10-12 10:23:14,015,CDKL5_005_184_99,0,0.0,15,1.0,0.3636,21.55
2025-10-12 10:33:18,015,CDKL5_005_184_99,0,0.0,15,1.0,0.3564,21.54
2025-10-12 10:43:21,015,CDKL5_005_184_99,0,0.0,15,1.0,0.3564,21.54
2025-10-12 10:53:24,015,CDKL5_005_184_99,0,0.0,15,1.0,0.3456,21.53
2025-10-12 11:03:28,015,CDKL5_005_184_99,0,0.0,15,1.0,0.3528,21.53
2025-10-12 11:13:30,015,CDKL5_005_184_99,0,0.0,15,1.0,0.3564,21.52
2025-10-12 11:23:33,015,CDKL5_005_184_99,0,0.0,15,1.0,0.3528,21.53
2025-10-12 11:33:36,015,CDKL5_005_184_99,0,0.0,15,1.0,0.3456,21.52
2025-10-12 11:43:39,015,CDKL5_005_184_99,0,0.0,15,1.0,0.3456,21.52
2025-10-12 11:53:43,015,CDKL5_005_184_99,12,0.02,14,0.979,0.3456,21.52
2025-10-12 12:03:46,015,CDKL5_005_184_99,15,0.025,12,0.97,0.3384,21.54
2025-10-12 12:13:50,015,CDKL5_005_184_99,0,0.0,15,1.0,0.3384,21.54
2025-10-12 12:23:53,015,CDKL5_005_184_99,0,0.0,15,1.0,0.3384,21.53
2025-10-12 12:33:56,015,CDKL5_005_184_99,0,0.0,15,1.0,0.3384,21.54
2025-10-12 12:43:59,015,CDKL5_005_184_99,0,0.0,15,1.0,0.3384,21.53
2025-10-12 12:54:03,015,CDKL5_005_184_99,0,0.0,15,1.0,0.3384,21.51
2025-10-12 13:04:06,015,CDKL5_005_184_99,0,0.0,15,1.0,0.3384,21.52
2025-10-12 13:14:10,015,CDKL5_005_184_99,0,0.0,15,1.0,0.3384,21.52
2025-10-12 13:24:25,015,CDKL5_005_184_99,0,0.0,15,1.0,0.3384,21.53
2025-10-12 13:34:28,015,CDKL5_005_184_99,0,0.0,15,1.0,0.3384,21.51
2025-10-12 13:44:31,015,CDKL5_005_184_99,0,0.0,15,1.0,0.3384,21.49
2025-10-12 13:54:34,015,CDKL5_005_184_99,0,0.0,15,1.0,0.3384,21.48
2025-10-12 14:04:38,015,CDKL5_005_184_99,0,0.0,15,1.0,0.3384,21.47
2025-10-12 14:14:42,015,CDKL5_005_184_99,0,0.0,15,1.0,0.3384,21.46
2025-10-12 14:24:45,015,CDKL5_005_184_99,3,0.005,14,0.995,0.3492,21.45
2025-10-12 14:34:48,015,CDKL5_005_184_99,7,0.012,14,0.988,0.3492,21.46
2025-10-12 14:44:52,015,CDKL5_005_184_99,0,0.0,15,1.0,0.3456,21.47
2025-10-12 14:54:55,015,CDKL5_005_184_99,0,0.0,15,1.0,0.3456,21.46
2025-10-12 15:04:59,015,CDKL5_005_184_99,0,0.0,15,1.0,0.3456,21.47
2025-10-12 15:15:02,015,CDKL5_005_184_99,0,0.0,15,1.0,0.3456,21.46
2025-10-12 15:25:05,015,CDKL5_005_184_99,0,0.0,15,1.0,0.3456,21.46
2025-10-12 15:35:08,015,CDKL5_005_184_99,0,0.0,15,1.0,0.3456,21.45
2025-10-12 15:45:11,015,CDKL5_005_184_99,0,0.0,15,1.0,0.3456,21.44
2025-10-12 15:55:14,015,CDKL5_005_184_99,0,0.0,15,1.0,0.3456,21.45
2025-10-12 16:05:17,015,CDKL5_005_184_99,0,0.0,15,1.0,0.3456,21.44
2025-10-12 16:15:20,015,CDKL5_005_184_99,0,0.0,15,1.0,0.3456,21.43
2025-10-12 16:25:23,015,CDKL5_005_184_99,0,0.0,15,1.0,0.3456,21.44
2025-10-12 16:35:26,015,CDKL5_005_184_99,0,0.0,15,1.0,0.3456,21.44
2025-10-12 16:45:29,015,CDKL5_005_184_99,0,0.0,15,1.0,0.3456,21.45
2025-10-12 16:55:31,015,CDKL5_005_184_99,0,0.0,15,1.0,0.3456,21.46
2025-10-12 17:05:34,015,CDKL5_005_184_99,0,0.0,15,1.0,0.3492,21.46
2025-10-12 17:15:37,015,CDKL5_005_184_99,0,0.0,15,1.0,0.3528,21.46
2025-10-12 17:25:51,015,CDKL5_005_184_99,0,0.0,15,1.0,0.3528,21.49
2025-10-12 17:35:54,015,CDKL5_005_184_99,0,0.0,15,1.0,0.3528,21.48
2025-10-12 17:45:57,015,CDKL5_005_184_99,0,0.0,15,1.0,0.3528,21.48
2025-10-12 17:56:00,015,CDKL5_005_184_99,0,0.0,15,1.0,0.3456,21.47
2025-10-12 18:06:03,015,CDKL5_005_184_99,0,0.0,15,1.0,0.0,21.47
2025-10-12 18:16:07,015,CDKL5_005_184_99,58,0.097,13,0.9,0.0,21.49
2025-10-12 18:26:10,015,CDKL5_005_184_99,169,0.281,7,0.624,0.0,21.58
2025-10-12 18:36:13,015,CDKL5_005_184_99,204,0.339,6,0.541,0.0,21.72
2025-10-12 18:46:16,015,CDKL5_005_184_99,154,0.256,6,0.609,0.0,21.81
2025-10-12 18:56:20,015,CDKL5_005_184_99,208,0.346,4,0.435,0.0,21.87
2025-10-12 19:06:24,015,CDKL5_005_184_99,117,0.194,9,0.755,0.0,21.98
2025-10-12 19:16:27,015,CDKL5_005_184_99,259,0.431,2,0.236,0.0,22.11
2025-10-12 19:26:30,015,CDKL5_005_184_99,21,0.035,12,0.958,0.0,22.06
2025-10-12 19:36:33,015,CDKL5_005_184_99,16,0.027,13,0.97,0.0,22.06
2025-10-12 19:46:36,015,CDKL5_005_184_99,18,0.03,13,0.967,0.0,22.07
2025-10-12 19:56:40,015,CDKL5_005_184_99,0,0.0,15,1.0,0.0,22.02
2025-10-12 20:06:43,015,CDKL5_005_184_99,0,0.0,15,1.0,0.0,21.98
2025-10-12 20:16:46,015,CDKL5_005_184_99,0,0.0,15,1.0,0.0,21.94
2025-10-12 20:26:49,015,CDKL5_005_184_99,0,0.0,15,1.0,0.0,21.9
2025-10-12 20:36:52,015,CDKL5_005_184_99,0,0.0,15,1.0,0.0,21.89
2025-10-12 20:46:55,015,CDKL5_005_184_99,91,0.151,10,0.815,0.0,21.92
2025-10-12 20:56:58,015,CDKL5_005_184_99,137,0.228,9,0.724,0.0,21.96
2025-10-12 21:07:01,015,CDKL5_005_184_99,108,0.18,11,0.803,0.0,22.09
2025-10-12 21:17:04,015,CDKL5_005_184_99,37,0.062,13,0.934,0.0,22.06
2025-10-12 21:27:20,015,CDKL5_005_184_99,96,0.16,10,0.806,0.0,22.12
2025-10-12 21:37:24,015,CDKL5_005_184_99,101,0.168,9,0.781,0.0,22.13
2025-10-12 21:47:27,015,CDKL5_005_184_99,18,0.03,13,0.967,0.0,22.1
2025-10-12 21:57:30,015,CDKL5_005_184_99,2,0.003,15,0.997,0.0,22.07
2025-10-12 22:07:33,015,CDKL5_005_184_99,0,0.0,15,1.0,0.0,22.02
2025-10-12 22:17:36,015,CDKL5_005_184_99,0,0.0,15,1.0,0.0,21.99
2025-10-12 22:27:38,015,CDKL5_005_184_99,0,0.0,15,1.0,0.0,21.96
2025-10-12 22:37:42,015,CDKL5_005_184_99,0,0.0,15,1.0,0.0,21.94
2025-10-12 22:47:45,015,CDKL5_005_184_99,0,0.0,15,1.0,0.0,21.93
2025-10-12 22:57:48,015,CDKL5_005_184_99,0,0.0,15,1.0,0.0,21.94
2025-10-12 23:07:51,015,CDKL5_005_184_99,223,0.37,4,0.418,0.0,22.03
2025-10-12 23:17:54,015,CDKL5_005_184_99,78,0.13,11,0.849,0.0,22.03
2025-10-12 23:27:57,015,CDKL5_005_184_99,135,0.225,8,0.703,0.0,22.07
2025-10-12 23:38:01,015,CDKL5_005_184_99,197,0.328,5,0.504,0.0,22.12
2025-10-12 23:48:04,015,CDKL5_005_184_99,329,0.547,1,0.108,0.0,22.18
2025-10-12 23:58:07,015,CDKL5_005_184_99,248,0.412,5,0.446,0.0,22.22
2025-10-11 00:02:43,041,CDKL5_005_186_52,242,0.403,5,0.452,0.0,21.9
2025-10-11 00:12:46,041,CDKL5_005_186_52,380,0.632,1,0.095,0.0,21.9
2025-10-11 00:22:49,041,CDKL5_005_186_52,298,0.496,1,0.118,0.0,21.87
2025-10-11 00:32:52,041,CDKL5_005_186_52,322,0.536,1,0.11,0.0,21.87
2025-10-11 00:42:55,041,CDKL5_005_186_52,308,0.512,3,0.28,0.0,21.84
2025-10-11 00:52:57,041,CDKL5_005_186_52,176,0.293,8,0.645,0.0,21.82
2025-10-11 01:03:00,041,CDKL5_005_186_52,238,0.396,2,0.252,0.0,21.77
2025-10-11 01:13:28,041,CDKL5_005_186_52,232,0.388,4,0.408,0.0,21.82
2025-10-11 01:23:31,041,CDKL5_005_186_52,10,0.017,13,0.981,0.0,21.73
2025-10-11 01:33:33,041,CDKL5_005_186_52,0,0.0,15,1.0,0.0,21.67
2025-10-11 01:43:37,041,CDKL5_005_186_52,0,0.0,15,1.0,0.0,21.61
2025-10-11 01:53:40,041,CDKL5_005_186_52,0,0.0,15,1.0,0.0,21.57
2025-10-11 02:03:43,041,CDKL5_005_186_52,2,0.003,15,0.997,0.0,21.53
2025-10-11 02:13:45,041,CDKL5_005_186_52,0,0.0,15,1.0,0.0,21.5
2025-10-11 02:23:48,041,CDKL5_005_186_52,4,0.007,13,0.992,0.0,21.47
2025-10-11 02:33:51,041,CDKL5_005_186_52,5,0.008,14,0.991,0.0,21.46
2025-10-11 02:43:54,041,CDKL5_005_186_52,0,0.0,15,1.0,0.0,21.44
2025-10-11 02:53:57,041,CDKL5_005_186_52,2,0.003,14,0.996,0.0,21.43
2025-10-11 03:04:01,041,CDKL5_005_186_52,31,0.052,13,0.944,0.0,21.43
2025-10-11 03:14:04,041,CDKL5_005_186_52,20,0.033,10,0.952,0.0,21.45
2025-10-11 03:24:07,041,CDKL5_005_186_52,241,0.401,4,0.399,0.0,21.51
2025-10-11 03:34:10,041,CDKL5_005_186_52,260,0.432,4,0.381,0.0,21.59
2025-10-11 03:44:14,041,CDKL5_005_186_52,99,0.163,11,0.818,0.0,21.58
2025-10-11 03:54:17,041,CDKL5_005_186_52,333,0.554,0,0.0,0.0,21.59
2025-10-11 04:04:20,041,CDKL5_005_186_52,253,0.42,4,0.387,0.0,21.62
2025-10-11 04:14:23,041,CDKL5_005_186_52,204,0.339,4,0.44,0.0,21.59
2025-10-11 04:24:26,041,CDKL5_005_186_52,103,0.171,10,0.795,0.0,21.59
2025-10-11 04:34:29,041,CDKL5_005_186_52,216,0.359,6,0.526,0.0,21.58
2025-10-11 04:44:32,041,CDKL5_005_186_52,116,0.193,9,0.756,0.0,21.57
2025-10-11 04:54:35,041,CDKL5_005_186_52,223,0.371,4,0.418,0.0,21.63
2025-10-11 05:04:38,041,CDKL5_005_186_52,125,0.208,7,0.691,0.0,21.6
2025-10-11 05:14:55,041,CDKL5_005_186_52,207,0.346,4,0.436,0.0,21.67
2025-10-11 05:24:58,041,CDKL5_005_186_52,223,0.37,4,0.418,0.0,21.65
2025-10-11 05:35:02,041,CDKL5_005_186_52,121,0.201,10,0.768,0.0,21.59
2025-10-11 05:45:05,041,CDKL5_005_186_52,170,0.283,6,0.585,0.0,21.56
2025-10-11 05:55:08,041,CDKL5_005_186_52,245,0.407,2,0.246,0.0,21.56
2025-10-11 06:05:11,041,CDKL5_005_186_52,112,0.186,8,0.741,0.4644,21.52
2025-10-11 06:15:15,041,CDKL5_005_186_52,32,0.053,13,0.942,0.4896,21.48
2025-10-11 06:25:18,041,CDKL5_005_186_52,34,0.057,9,0.914,0.432,21.43
2025-10-11 06:35:21,041,CDKL5_005_186_52,18,0.03,12,0.964,0.4176,21.38
2025-10-11 06:45:24,041,CDKL5_005_186_52,110,0.183,9,0.766,0.4212,21.37
2025-10-11 06:55:27,041,CDKL5_005_186_52,0,0.0,15,1.0,0.4104,21.32
2025-10-11 07:05:30,041,CDKL5_005_186_52,0,0.0,15,1.0,0.414,21.27
2025-10-11 07:15:32,041,CDKL5_005_186_52,0,0.0,15,1.0,0.4104,21.23
2025-10-11 07:25:35,041,CDKL5_005_186_52,0,0.0,15,1.0,0.4104,21.2
2025-10-11 07:35:38,041,CDKL5_005_186_52,0,0.0,15,1.0,0.4104,21.17
2025-10-11 07:45:41,041,CDKL5_005_186_52,0,0.0,15,1.0,0.4104,21.16
2025-10-11 07:55:43,041,CDKL5_005_186_52,0,0.0,15,1.0,0.414,21.15
2025-10-11 08:05:46,041,CDKL5_005_186_52,0,0.0,15,1.0,0.414,21.14
2025-10-11 08:15:49,041,CDKL5_005_186_52,0,0.0,15,1.0,0.414,21.14
2025-10-11 08:25:53,041,CDKL5_005_186_52,0,0.0,15,1.0,0.414,21.13
2025-10-11 08:35:56,041,CDKL5_005_186_52,0,0.0,15,1.0,0.414,21.12
2025-10-11 08:45:59,041,CDKL5_005_186_52,0,0.0,15,1.0,0.414,21.11
2025-10-11 08:56:03,041,CDKL5_005_186_52,0,0.0,15,1.0,0.414,21.11
2025-10-11 09:06:06,041,CDKL5_005_186_52,0,0.0,15,1.0,0.414,21.1
2025-10-11 09:16:21,041,CDKL5_005_186_52,0,0.0,15,1.0,0.4212,21.12
2025-10-11 09:26:24,041,CDKL5_005_186_52,0,0.0,15,1.0,0.414,21.09
2025-10-11 09:36:27,041,CDKL5_005_186_52,0,0.0,15,1.0,0.414,21.09
2025-10-11 09:46:30,041,CDKL5_005_186_52,10,0.017,15,0.984,0.3996,21.09
2025-10-11 09:56:33,041,CDKL5_005_186_52,142,0.236,5,0.585,0.3996,21.12
2025-10-11 10:06:36,041,CDKL5_005_186_52,127,0.212,5,0.612,0.4464,21.18
2025-10-11 10:16:38,041,CDKL5_005_186_52,77,0.128,8,0.806,0.4428,21.22
2025-10-11 10:26:41,041,CDKL5_005_186_52,1,0.002,15,0.998,0.4248,21.22
2025-10-11 10:36:44,041,CDKL5_005_186_52,0,0.0,15,1.0,0.4248,21.22
2025-10-11 10:46:47,041,CDKL5_005_186_52,0,0.0,15,1.0,0.4248,21.21
2025-10-11 10:56:50,041,CDKL5_005_186_52,0,0.0,15,1.0,0.396,21.19
2025-10-11 11:06:53,041,CDKL5_005_186_52,0,0.0,15,1.0,0.396,21.18
2025-10-11 11:16:56,041,CDKL5_005_186_52,0,0.0,15,1.0,0.4068,21.17
2025-10-11 11:26:59,041,CDKL5_005_186_52,0,0.0,15,1.0,0.396,21.16
2025-10-11 11:37:03,041,CDKL5_005_186_52,0,0.0,15,1.0,0.396,21.16
2025-10-11 11:47:06,041,CDKL5_005_186_52,0,0.0,15,1.0,0.4068,21.15
2025-10-11 11:57:09,041,CDKL5_005_186_52,0,0.0,15,1.0,0.396,21.13
2025-10-11 12:07:12,041,CDKL5_005_186_52,0,0.0,15,1.0,0.396,21.13
2025-10-11 12:17:16,041,CDKL5_005_186_52,0,0.0,15,1.0,0.396,21.13
2025-10-11 12:27:19,041,CDKL5_005_186_52,0,0.0,15,1.0,0.4068,21.13
2025-10-11 12:37:23,041,CDKL5_005_186_52,0,0.0,15,1.0,0.4248,21.13
2025-10-11 12:47:26,041,CDKL5_005_186_52,0,0.0,15,1.0,0.4248,21.13
2025-10-11 12:57:28,041,CDKL5_005_186_52,0,0.0,15,1.0,0.4068,21.13
2025-10-11 13:07:31,041,CDKL5_005_186_52,0,0.0,15,1.0,0.4068,21.13
2025-10-11 13:17:57,041,CDKL5_005_186_52,0,0.0,15,1.0,0.4068,21.18
2025-10-11 13:28:00,041,CDKL5_005_186_52,0,0.0,15,1.0,0.396,21.16
2025-10-11 13:38:03,041,CDKL5_005_186_52,0,0.0,15,1.0,0.4032,21.14
2025-10-11 13:48:06,041,CDKL5_005_186_52,0,0.0,15,1.0,0.396,21.13
2025-10-11 13:58:09,041,CDKL5_005_186_52,0,0.0,15,1.0,0.396,21.11
2025-10-11 14:08:12,041,CDKL5_005_186_52,0,0.0,15,1.0,0.396,21.1
2025-10-11 14:18:15,041,CDKL5_005_186_52,0,0.0,15,1.0,0.4068,21.1
2025-10-11 14:28:18,041,CDKL5_005_186_52,58,0.097,10,0.873,0.396,21.13
2025-10-11 14:38:20,041,CDKL5_005_186_52,0,0.0,15,1.0,0.4104,21.16
2025-10-11 14:48:23,041,CDKL5_005_186_52,0,0.0,15,1.0,0.4104,21.16
2025-10-11 14:58:26,041,CDKL5_005_186_52,0,0.0,15,1.0,0.4104,21.16
2025-10-11 15:08:30,041,CDKL5_005_186_52,0,0.0,15,1.0,0.4104,21.16
2025-10-11 15:18:32,041,CDKL5_005_186_52,0,0.0,15,1.0,0.4104,21.15
2025-10-11 15:28:35,041,CDKL5_005_186_52,0,0.0,15,1.0,0.4104,21.14
2025-10-11 15:38:38,041,CDKL5_005_186_52,0,0.0,15,1.0,0.4104,21.13
2025-10-11 15:48:41,041,CDKL5_005_186_52,0,0.0,15,1.0,0.4104,21.14
2025-10-11 15:58:44,041,CDKL5_005_186_52,0,0.0,15,1.0,0.4104,21.13
2025-10-11 16:08:47,041,CDKL5_005_186_52,0,0.0,15,1.0,0.4104,21.12
2025-10-11 16:18:50,041,CDKL5_005_186_52,0,0.0,15,1.0,0.4104,21.13
2025-10-11 16:28:53,041,CDKL5_005_186_52,0,0.0,15,1.0,0.4392,21.13
2025-10-11 16:38:56,041,CDKL5_005_186_52,110,0.183,9,0.766,0.4248,21.16
2025-10-11 16:48:59,041,CDKL5_005_186_52,47,0.078,11,0.903,0.4068,21.19
2025-10-11 16:59:02,041,CDKL5_005_186_52,0,0.0,15,1.0,0.4248,21.18
2025-10-11 17:09:04,041,CDKL5_005_186_52,0,0.0,15,1.0,0.4248,21.17
2025-10-11 17:19:26,041,CDKL5_005_186_52,0,0.0,15,1.0,0.396,21.19
2025-10-11 17:29:29,041,CDKL5_005_186_52,0,0.0,15,1.0,0.4068,21.16
2025-10-11 17:39:32,041,CDKL5_005_186_52,0,0.0,15,1.0,0.4068,21.13
2025-10-11 17:49:35,041,CDKL5_005_186_52,39,0.065,12,0.925,0.3888,21.13
2025-10-11 17:59:38,041,CDKL5_005_186_52,80,0.133,11,0.846,0.396,21.13
2025-10-11 18:09:41,041,CDKL5_005_186_52,184,0.306,8,0.635,0.0,21.17
2025-10-11 18:19:44,041,CDKL5_005_186_52,68,0.113,12,0.876,0.0,21.22
2025-10-11 18:29:48,041,CDKL5_005_186_52,358,0.596,2,0.183,0.0,21.3
2025-10-11 18:39:51,041,CDKL5_005_186_52,392,0.652,0,0.0,0.0,21.39
2025-10-11 18:49:54,041,CDKL5_005_186_52,176,0.293,7,0.614,0.0,21.41
2025-10-11 18:59:57,041,CDKL5_005_186_52,176,0.293,8,0.645,0.0,21.4
2025-10-11 19:10:00,041,CDKL5_005_186_52,309,0.513,4,0.341,0.0,21.45
2025-10-11 19:20:03,041,CDKL5_005_186_52,71,0.118,12,0.871,0.0,21.43
2025-10-11 19:30:07,041,CDKL5_005_186_52,284,0.473,3,0.297,0.0,21.46
2025-10-11 19:40:10,041,CDKL5_005_186_52,328,0.546,1,0.109,0.0,21.65
2025-10-11 19:50:13,041,CDKL5_005_186_52,306,0.509,0,0.0,0.0,21.69
2025-10-11 20:00:16,041,CDKL5_005_186_52,187,0.311,4,0.461,0.0,21.76
2025-10-11 20:10:19,041,CDKL5_005_186_52,326,0.542,0,0.0,0.0,21.75
2025-10-11 20:20:22,041,CDKL5_005_186_52,146,0.243,8,0.687,0.0,21.84
2025-10-11 20:30:25,041,CDKL5_005_186_52,75,0.125,12,0.865,0.0,21.72
2025-10-11 20:40:29,041,CDKL5_005_186_52,14,0.023,14,0.976,0.0,21.63
2025-10-11 20:50:32,041,CDKL5_005_186_52,0,0.0,15,1.0,0.0,21.54
2025-10-11 21:00:35,041,CDKL5_005_186_52,0,0.0,15,1.0,0.0,21.45
2025-10-11 21:10:38,041,CDKL5_005_186_52,0,0.0,15,1.0,0.0,21.39
2025-10-11 21:21:02,041,CDKL5_005_186_52,0,0.0,15,1.0,0.0,21.39
2025-10-11 21:31:05,041,CDKL5_005_186_52,188,0.313,6,0.561,0.0,21.38
2025-10-11 21:41:09,041,CDKL5_005_186_52,256,0.426,2,0.238,0.0,21.52
2025-10-11 21:51:11,041,CDKL5_005_186_52,242,0.403,1,0.142,0.0,21.66
2025-10-11 22:01:14,041,CDKL5_005_186_52,174,0.29,8,0.648,0.0,21.64
2025-10-11 22:11:17,041,CDKL5_005_186_52,432,0.718,0,0.0,0.0,21.83
2025-10-11 22:21:20,041,CDKL5_005_186_52,250,0.417,4,0.39,0.0,21.86
2025-10-11 22:31:22,041,CDKL5_005_186_52,316,0.526,4,0.336,0.0,21.77
2025-10-11 22:41:25,041,CDKL5_005_186_52,313,0.521,2,0.204,0.0,21.78
2025-10-11 22:51:28,041,CDKL5_005_186_52,116,0.193,9,0.756,0.0,21.69
2025-10-11 23:01:31,041,CDKL5_005_186_52,150,0.249,10,0.727,0.0,21.67
2025-10-11 23:11:35,041,CDKL5_005_186_52,304,0.506,2,0.208,0.0,21.67
2025-10-11 23:21:38,041,CDKL5_005_186_52,236,0.393,4,0.404,0.0,21.68
2025-10-11 23:31:41,041,CDKL5_005_186_52,168,0.28,8,0.656,0.0,21.71
2025-10-11 23:41:44,041,CDKL5_005_186_52,218,0.363,5,0.478,0.0,21.71
2025-10-11 23:51:47,041,CDKL5_005_186_52,29,0.048,13,0.947,0.0,21.64
2025-10-12 00:01:50,041,CDKL5_005_186_52,100,0.166,9,0.783,0.0,21.57
2025-10-12 00:11:53,041,CDKL5_005_186_52,237,0.394,2,0.252,0.0,21.59
2025-10-12 00:21:56,041,CDKL5_005_186_52,38,0.063,13,0.932,0.0,21.54
2025-10-12 00:31:59,041,CDKL5_005_186_52,15,0.025,14,0.974,0.0,21.48
2025-10-12 00:42:03,041,CDKL5_005_186_52,127,0.211,9,0.739,0.0,21.53
2025-10-12 00:52:05,041,CDKL5_005_186_52,112,0.186,10,0.781,0.0,21.5
2025-10-12 01:02:08,041,CDKL5_005_186_52,0,0.0,15,1.0,0.0,21.44
2025-10-12 01:12:11,041,CDKL5_005_186_52,0,0.0,15,1.0,0.0,21.39
2025-10-12 01:22:33,041,CDKL5_005_186_52,0,0.0,15,1.0,0.0,21.39
2025-10-12 01:32:37,041,CDKL5_005_186_52,0,0.0,15,1.0,0.0,21.33
2025-10-12 01:42:40,041,CDKL5_005_186_52,0,0.0,15,1.0,0.0,21.28
2025-10-12 01:52:43,041,CDKL5_005_186_52,0,0.0,15,1.0,0.0,21.24
2025-10-12 02:02:46,041,CDKL5_005_186_52,0,0.0,15,1.0,0.0,21.21
2025-10-12 02:12:49,041,CDKL5_005_186_52,0,0.0,15,1.0,0.0,21.19
2025-10-12 02:22:52,041,CDKL5_005_186_52,0,0.0,15,1.0,0.0,21.17
2025-10-12 02:32:55,041,CDKL5_005_186_52,39,0.065,13,0.93,0.0,21.16
2025-10-12 02:42:58,041,CDKL5_005_186_52,172,0.286,5,0.538,0.0,21.24
2025-10-12 02:53:02,041,CDKL5_005_186_52,176,0.293,7,0.614,0.0,21.34
2025-10-12 03:03:05,041,CDKL5_005_186_52,151,0.251,8,0.679,0.0,21.39
2025-10-12 03:13:08,041,CDKL5_005_186_52,86,0.143,11,0.837,0.0,21.38
2025-10-12 03:23:11,041,CDKL5_005_186_52,10,0.017,13,0.981,0.0,21.36
2025-10-12 03:33:14,041,CDKL5_005_186_52,235,0.391,4,0.405,0.0,21.46
2025-10-12 03:43:17,041,CDKL5_005_186_52,43,0.071,10,0.903,0.0,21.45
2025-10-12 03:53:21,041,CDKL5_005_186_52,0,0.0,15,1.0,0.0,21.38
2025-10-12 04:03:23,041,CDKL5_005_186_52,0,0.0,15,1.0,0.0,21.33
2025-10-12 04:13:27,041,CDKL5_005_186_52,0,0.0,15,1.0,0.0,21.29
2025-10-12 04:23:30,041,CDKL5_005_186_52,0,0.0,15,1.0,0.0,21.24
2025-10-12 04:33:33,041,CDKL5_005_186_52,0,0.0,15,1.0,0.0,21.21
2025-10-12 04:43:36,041,CDKL5_005_186_52,0,0.0,15,1.0,0.0,21.17
2025-10-12 04:53:38,041,CDKL5_005_186_52,43,0.072,11,0.911,0.0,21.17
2025-10-12 05:03:42,041,CDKL5_005_186_52,6,0.01,14,0.989,0.0,21.16
2025-10-12 05:13:44,041,CDKL5_005_186_52,0,0.0,15,1.0,0.0,21.13
2025-10-12 05:24:06,041,CDKL5_005_186_52,0,0.0,15,1.0,0.0,21.18
2025-10-12 05:34:10,041,CDKL5_005_186_52,0,0.0,15,1.0,0.0,21.15
2025-10-12 05:44:13,041,CDKL5_005_186_52,65,0.108,9,0.847,0.0,21.17
2025-10-12 05:54:17,041,CDKL5_005_186_52,239,0.398,6,0.501,0.0,21.3
2025-10-12 06:04:20,041,CDKL5_005_186_52,241,0.401,3,0.332,0.4104,21.42
2025-10-12 06:14:23,041,CDKL5_005_186_52,61,0.101,9,0.855,0.414,21.39
2025-10-12 06:24:26,041,CDKL5_005_186_52,168,0.28,7,0.625,0.4032,21.41
2025-10-12 06:34:29,041,CDKL5_005_186_52,100,0.166,9,0.783,0.4176,21.38
2025-10-12 06:44:32,041,CDKL5_005_186_52,94,0.156,10,0.81,0.4392,21.35
2025-10-12 06:54:35,041,CDKL5_005_186_52,49,0.082,10,0.891,0.4284,21.3
2025-10-12 07:04:38,041,CDKL5_005_186_52,8,0.013,14,0.986,0.4392,21.26
2025-10-12 07:14:42,041,CDKL5_005_186_52,0,0.0,15,1.0,0.4392,21.22
2025-10-12 07:24:44,041,CDKL5_005_186_52,0,0.0,15,1.0,0.4392,21.18
2025-10-12 07:34:47,041,CDKL5_005_186_52,0,0.0,15,1.0,0.4464,21.14
2025-10-12 07:44:50,041,CDKL5_005_186_52,0,0.0,15,1.0,0.4392,21.11
2025-10-12 07:54:53,041,CDKL5_005_186_52,0,0.0,15,1.0,0.4392,21.1
2025-10-12 08:04:55,041,CDKL5_005_186_52,0,0.0,15,1.0,0.4392,21.08
2025-10-12 08:14:59,041,CDKL5_005_186_52,0,0.0,15,1.0,0.4392,21.07
2025-10-12 08:25:01,041,CDKL5_005_186_52,0,0.0,15,1.0,0.4392,21.06
2025-10-12 08:35:04,041,CDKL5_005_186_52,0,0.0,15,1.0,0.4392,21.04
2025-10-12 08:45:07,041,CDKL5_005_186_52,0,0.0,15,1.0,0.4392,21.04
2025-10-12 08:55:10,041,CDKL5_005_186_52,0,0.0,15,1.0,0.4392,21.03
2025-10-12 09:05:13,041,CDKL5_005_186_52,0,0.0,15,1.0,0.4392,21.03
2025-10-12 09:15:16,041,CDKL5_005_186_52,37,0.062,12,0.928,0.4248,21.03
2025-10-12 09:25:36,041,CDKL5_005_186_52,51,0.085,11,0.896,0.4392,21.11
2025-10-12 09:35:39,041,CDKL5_005_186_52,0,0.0,15,1.0,0.4392,21.1
2025-10-12 09:45:42,041,CDKL5_005_186_52,0,0.0,15,1.0,0.4428,21.09
2025-10-12 09:55:45,041,CDKL5_005_186_52,0,0.0,15,1.0,0.4392,21.07
2025-10-12 10:05:48,041,CDKL5_005_186_52,0,0.0,15,1.0,0.432,21.05
2025-10-12 10:15:51,041,CDKL5_005_186_52,0,0.0,15,1.0,0.4716,21.06
2025-10-12 10:25:55,041,CDKL5_005_186_52,0,0.0,15,1.0,0.468,21.05
2025-10-12 10:35:58,041,CDKL5_005_186_52,0,0.0,15,1.0,0.4428,21.04
2025-10-12 10:46:01,041,CDKL5_005_186_52,0,0.0,15,1.0,0.4392,21.03
2025-10-12 10:56:05,041,CDKL5_005_186_52,0,0.0,15,1.0,0.4464,21.03
2025-10-12 11:06:08,041,CDKL5_005_186_52,0,0.0,15,1.0,0.4392,21.04
2025-10-12 11:16:11,041,CDKL5_005_186_52,0,0.0,15,1.0,0.4428,21.02
2025-10-12 11:26:15,041,CDKL5_005_186_52,0,0.0,15,1.0,0.4392,21.02
2025-10-12 11:36:18,041,CDKL5_005_186_52,0,0.0,15,1.0,0.4392,21.02
2025-10-12 11:46:22,041,CDKL5_005_186_52,0,0.0,15,1.0,0.4392,21.01
2025-10-12 11:56:25,041,CDKL5_005_186_52,0,0.0,15,1.0,0.4392,21.01
2025-10-12 12:06:27,041,CDKL5_005_186_52,69,0.115,11,0.864,0.4104,21.02
2025-10-12 12:16:31,041,CDKL5_005_186_52,6,0.01,14,0.989,0.4392,21.02
2025-10-12 12:26:33,041,CDKL5_005_186_52,37,0.062,13,0.934,0.4176,21.03
2025-10-12 12:36:37,041,CDKL5_005_186_52,0,0.0,15,1.0,0.4176,21.01
2025-10-12 12:46:40,041,CDKL5_005_186_52,0,0.0,15,1.0,0.4176,20.99
2025-10-12 12:56:44,041,CDKL5_005_186_52,0,0.0,15,1.0,0.4176,20.97
2025-10-12 13:06:47,041,CDKL5_005_186_52,0,0.0,15,1.0,0.4176,20.96
2025-10-12 13:16:49,041,CDKL5_005_186_52,0,0.0,15,1.0,0.4176,20.94
2025-10-12 13:27:08,041,CDKL5_005_186_52,0,0.0,15,1.0,0.4176,20.97
2025-10-12 13:37:11,041,CDKL5_005_186_52,0,0.0,15,1.0,0.4176,20.96
2025-10-12 13:47:15,041,CDKL5_005_186_52,0,0.0,15,1.0,0.4176,20.94
2025-10-12 13:57:19,041,CDKL5_005_186_52,0,0.0,15,1.0,0.4248,20.94
2025-10-12 14:07:22,041,CDKL5_005_186_52,0,0.0,15,1.0,0.4176,20.93
2025-10-12 14:17:25,041,CDKL5_005_186_52,0,0.0,15,1.0,0.4248,20.93
2025-10-12 14:27:27,041,CDKL5_005_186_52,0,0.0,15,1.0,0.4176,20.94
2025-10-12 14:37:30,041,CDKL5_005_186_52,18,0.03,13,0.967,0.4176,20.94
2025-10-12 14:47:33,041,CDKL5_005_186_52,0,0.0,15,1.0,0.4176,20.95
2025-10-12 14:57:36,041,CDKL5_005_186_52,58,0.096,11,0.884,0.4176,20.99
2025-10-12 15:07:39,041,CDKL5_005_186_52,0,0.0,15,1.0,0.4284,20.99
2025-10-12 15:17:43,041,CDKL5_005_186_52,0,0.0,15,1.0,0.4176,20.98
2025-10-12 15:27:46,041,CDKL5_005_186_52,0,0.0,15,1.0,0.4176,20.97
2025-10-12 15:37:49,041,CDKL5_005_186_52,0,0.0,15,1.0,0.4176,20.97
2025-10-12 15:47:52,041,CDKL5_005_186_52,0,0.0,15,1.0,0.4176,20.96
2025-10-12 15:57:55,041,CDKL5_005_186_52,0,0.0,15,1.0,0.4176,20.96
2025-10-12 16:07:58,041,CDKL5_005_186_52,29,0.048,14,0.951,0.4176,20.98
2025-10-12 16:18:01,041,CDKL5_005_186_52,105,0.174,11,0.807,0.4212,21.09
2025-10-12 16:28:05,041,CDKL5_005_186_52,0,0.0,15,1.0,0.4212,21.1
2025-10-12 16:38:07,041,CDKL5_005_186_52,0,0.0,15,1.0,0.4212,21.08
2025-10-12 16:48:10,041,CDKL5_005_186_52,0,0.0,15,1.0,0.4104,21.06
2025-10-12 16:58:13,041,CDKL5_005_186_52,0,0.0,15,1.0,0.4284,21.05
2025-10-12 17:08:17,041,CDKL5_005_186_52,0,0.0,15,1.0,0.4212,21.03
2025-10-12 17:18:20,041,CDKL5_005_186_52,7,0.012,13,0.987,0.4464,21.03
2025-10-12 17:28:38,041,CDKL5_005_186_52,73,0.122,11,0.858,0.3744,21.08
2025-10-12 17:38:41,041,CDKL5_005_186_52,66,0.11,12,0.879,0.4536,21.13
2025-10-12 17:48:44,041,CDKL5_005_186_52,0,0.0,15,1.0,0.4536,21.13
2025-10-12 17:58:47,041,CDKL5_005_186_52,246,0.409,4,0.394,0.2736,21.21
2025-10-12 18:08:50,041,CDKL5_005_186_52,35,0.058,13,0.937,0.0,21.22
2025-10-12 18:18:54,041,CDKL5_005_186_52,373,0.621,1,0.097,0.0,21.38
2025-10-12 18:28:57,041,CDKL5_005_186_52,394,0.656,0,0.0,0.0,21.58
2025-10-12 18:38:59,041,CDKL5_005_186_52,122,0.203,9,0.747,0.0,21.65
2025-10-12 18:49:03,041,CDKL5_005_186_52,256,0.426,5,0.439,0.0,21.59
2025-10-12 18:59:06,041,CDKL5_005_186_52,432,0.719,0,0.0,0.0,21.76
2025-10-12 19:09:09,041,CDKL5_005_186_52,361,0.601,0,0.0,0.0,21.81
2025-10-12 19:19:11,041,CDKL5_005_186_52,307,0.511,3,0.281,0.0,21.8
2025-10-12 19:29:14,041,CDKL5_005_186_52,64,0.106,12,0.882,0.0,21.68
2025-10-12 19:39:17,041,CDKL5_005_186_52,337,0.561,1,0.106,0.0,21.73
2025-10-12 19:49:21,041,CDKL5_005_186_52,283,0.471,0,0.0,0.0,21.8
2025-10-12 19:59:24,041,CDKL5_005_186_52,278,0.462,4,0.365,0.0,21.81
2025-10-12 20:09:27,041,CDKL5_005_186_52,148,0.247,10,0.73,0.0,21.7
2025-10-12 20:19:30,041,CDKL5_005_186_52,53,0.088,13,0.908,0.0,21.68
2025-10-12 20:29:34,041,CDKL5_005_186_52,0,0.0,15,1.0,0.0,21.58
2025-10-12 20:39:36,041,CDKL5_005_186_52,50,0.083,13,0.912,0.0,21.51
2025-10-12 20:49:40,041,CDKL5_005_186_52,0,0.0,15,1.0,0.0,21.44
2025-10-12 20:59:43,041,CDKL5_005_186_52,0,0.0,15,1.0,0.0,21.39
2025-10-12 21:09:45,041,CDKL5_005_186_52,248,0.413,1,0.139,0.0,21.43
2025-10-12 21:19:48,041,CDKL5_005_186_52,402,0.669,0,0.0,0.0,21.58
2025-10-12 21:30:06,041,CDKL5_005_186_52,25,0.042,13,0.954,0.0,21.57
2025-10-12 21:40:09,041,CDKL5_005_186_52,297,0.493,2,0.212,0.0,21.67
2025-10-12 21:50:12,041,CDKL5_005_186_52,310,0.516,0,0.0,0.0,21.77
2025-10-12 22:00:15,041,CDKL5_005_186_52,450,0.75,0,0.0,0.0,21.8
2025-10-12 22:10:18,041,CDKL5_005_186_52,57,0.095,11,0.885,0.0,21.76
2025-10-12 22:20:22,041,CDKL5_005_186_52,235,0.39,4,0.405,0.0,21.67
2025-10-12 22:30:25,041,CDKL5_005_186_52,129,0.214,9,0.736,0.0,21.61
2025-10-12 22:40:28,041,CDKL5_005_186_52,210,0.349,6,0.533,0.0,21.64
2025-10-12 22:50:31,041,CDKL5_005_186_52,386,0.642,1,0.094,0.0,21.75
2025-10-12 23:00:34,041,CDKL5_005_186_52,166,0.276,5,0.546,0.0,21.78
2025-10-12 23:10:37,041,CDKL5_005_186_52,232,0.385,3,0.341,0.0,21.8
2025-10-12 23:20:40,041,CDKL5_005_186_52,287,0.478,2,0.218,0.0,21.74
2025-10-12 23:30:44,041,CDKL5_005_186_52,41,0.068,13,0.927,0.0,21.65
2025-10-12 23:40:46,041,CDKL5_005_186_52,222,0.369,4,0.419,0.0,21.62
2025-10-12 23:50:49,041,CDKL5_005_186_52,77,0.128,10,0.839,0.0,21.56
2025-10-11 00:06:12,048,CDKL5_005_186_53,284,0.473,3,0.297,0.0,22.14
2025-10-11 00:16:14,048,CDKL5_005_186_53,155,0.258,6,0.608,0.0,22.1
2025-10-11 00:26:18,048,CDKL5_005_186_53,379,0.631,1,0.095,0.0,22.27
2025-10-11 00:36:20,048,CDKL5_005_186_53,118,0.196,8,0.731,0.0,22.22
2025-10-11 00:46:23,048,CDKL5_005_186_53,219,0.364,4,0.422,0.0,22.17
2025-10-11 00:56:27,048,CDKL5_005_186_53,121,0.201,8,0.726,0.0,22.1
2025-10-11 01:06:30,048,CDKL5_005_186_53,89,0.148,7,0.759,0.0,22.05
2025-10-11 01:16:33,048,CDKL5_005_186_53,0,0.0,15,1.0,0.0,21.99
2025-10-11 01:26:36,048,CDKL5_005_186_53,0,0.0,15,1.0,0.0,21.92
2025-10-11 01:36:39,048,CDKL5_005_186_53,0,0.0,15,1.0,0.0,21.87
2025-10-11 01:46:42,048,CDKL5_005_186_53,0,0.0,15,1.0,0.0,21.82
2025-10-11 01:56:46,048,CDKL5_005_186_53,13,0.022,13,0.976,0.0,21.79
2025-10-11 02:06:49,048,CDKL5_005_186_53,0,0.0,15,1.0,0.0,21.77
2025-10-11 02:16:52,048,CDKL5_005_186_53,0,0.0,15,1.0,0.0,21.75
2025-10-11 02:26:55,048,CDKL5_005_186_53,0,0.0,15,1.0,0.0,21.73
2025-10-11 02:36:59,048,CDKL5_005_186_53,0,0.0,15,1.0,0.0,21.72
2025-10-11 02:47:02,048,CDKL5_005_186_53,1,0.002,14,0.998,0.0,21.72
2025-10-11 02:57:17,048,CDKL5_005_186_53,0,0.0,15,1.0,0.0,21.74
2025-10-11 03:07:19,048,CDKL5_005_186_53,0,0.0,15,1.0,0.0,21.71
2025-10-11 03:17:22,048,CDKL5_005_186_53,0,0.0,15,1.0,0.0,21.71
2025-10-11 03:27:25,048,CDKL5_005_186_53,0,0.0,15,1.0,0.0,21.71
2025-10-11 03:37:28,048,CDKL5_005_186_53,0,0.0,15,1.0,0.0,21.7
2025-10-11 03:47:32,048,CDKL5_005_186_53,16,0.027,14,0.972,0.0,21.7
2025-10-11 03:57:35,048,CDKL5_005_186_53,0,0.0,15,1.0,0.0,21.67
2025-10-11 04:07:38,048,CDKL5_005_186_53,0,0.0,15,1.0,0.0,21.66
2025-10-11 04:17:41,048,CDKL5_005_186_53,15,0.025,12,0.97,0.0,21.66
2025-10-11 04:27:44,048,CDKL5_005_186_53,2,0.003,14,0.996,0.0,21.67
2025-10-11 04:37:47,048,CDKL5_005_186_53,125,0.208,9,0.742,0.0,21.73
2025-10-11 04:47:50,048,CDKL5_005_186_53,115,0.191,10,0.777,0.0,21.79
2025-10-11 04:57:54,048,CDKL5_005_186_53,243,0.404,4,0.397,0.0,21.82
2025-10-11 05:07:56,048,CDKL5_005_186_53,110,0.183,10,0.784,0.0,21.88
2025-10-11 05:18:00,048,CDKL5_005_186_53,347,0.577,0,0.0,0.0,22.04
2025-10-11 05:28:03,048,CDKL5_005_186_53,226,0.375,3,0.347,0.0,22.0
2025-10-11 05:38:06,048,CDKL5_005_186_53,40,0.066,8,0.889,0.0,21.97
2025-10-11 05:48:09,048,CDKL5_005_186_53,213,0.354,3,0.36,0.0,21.98
2025-10-11 05:58:13,048,CDKL5_005_186_53,342,0.569,2,0.19,0.0,22.08
2025-10-11 06:08:16,048,CDKL5_005_186_53,243,0.404,6,0.497,0.0864,22.11
2025-10-11 06:18:19,048,CDKL5_005_186_53,98,0.163,9,0.786,0.144,22.0
2025-10-11 06:28:22,048,CDKL5_005_186_53,0,0.0,15,1.0,0.1548,21.91
2025-10-11 06:38:25,048,CDKL5_005_186_53,0,0.0,15,1.0,0.144,21.83
2025-10-11 06:48:28,048,CDKL5_005_186_53,0,0.0,15,1.0,0.144,21.76
2025-10-11 06:58:45,048,CDKL5_005_186_53,0,0.0,15,1.0,0.1548,21.75
2025-10-11 07:08:47,048,CDKL5_005_186_53,0,0.0,15,1.0,0.1548,21.7
2025-10-11 07:18:50,048,CDKL5_005_186_53,0,0.0,15,1.0,0.1512,21.67
2025-10-11 07:28:54,048,CDKL5_005_186_53,0,0.0,15,1.0,0.1512,21.65
2025-10-11 07:38:56,048,CDKL5_005_186_53,2,0.003,15,0.997,0.1512,21.63
2025-10-11 07:49:00,048,CDKL5_005_186_53,0,0.0,15,1.0,0.1512,21.63
2025-10-11 07:59:03,048,CDKL5_005_186_53,0,0.0,15,1.0,0.1512,21.63
2025-10-11 08:09:06,048,CDKL5_005_186_53,0,0.0,15,1.0,0.1512,21.62
2025-10-11 08:19:10,048,CDKL5_005_186_53,10,0.017,13,0.981,0.1512,21.61
2025-10-11 08:29:13,048,CDKL5_005_186_53,0,0.0,15,1.0,0.1548,21.64
2025-10-11 08:39:16,048,CDKL5_005_186_53,0,0.0,15,1.0,0.1548,21.63
2025-10-11 08:49:19,048,CDKL5_005_186_53,0,0.0,15,1.0,0.1512,21.63
2025-10-11 08:59:22,048,CDKL5_005_186_53,0,0.0,15,1.0,0.1548,21.61
2025-10-11 09:09:25,048,CDKL5_005_186_53,7,0.012,14,0.988,0.1584,21.63
2025-10-11 09:19:27,048,CDKL5_005_186_53,9,0.015,14,0.984,0.1548,21.67
2025-10-11 09:29:31,048,CDKL5_005_186_53,21,0.035,13,0.961,0.1224,21.68
2025-10-11 09:39:34,048,CDKL5_005_186_53,0,0.0,15,1.0,0.1332,21.66
2025-10-11 09:49:37,048,CDKL5_005_186_53,0,0.0,15,1.0,0.126,21.63
2025-10-11 09:59:40,048,CDKL5_005_186_53,0,0.0,15,1.0,0.1404,21.61
2025-10-11 10:09:44,048,CDKL5_005_186_53,0,0.0,15,1.0,0.1404,21.6
2025-10-11 10:19:46,048,CDKL5_005_186_53,0,0.0,15,1.0,0.144,21.57
2025-10-11 10:29:49,048,CDKL5_005_186_53,0,0.0,15,1.0,0.1476,21.55
2025-10-11 10:39:52,048,CDKL5_005_186_53,0,0.0,15,1.0,0.144,21.53
2025-10-11 10:49:55,048,CDKL5_005_186_53,0,0.0,15,1.0,0.126,21.51
2025-10-11 11:00:17,048,CDKL5_005_186_53,0,0.0,15,1.0,0.1332,21.54
2025-10-11 11:10:20,048,CDKL5_005_186_53,0,0.0,15,1.0,0.1332,21.5
2025-10-11 11:20:23,048,CDKL5_005_186_53,0,0.0,15,1.0,0.1296,21.48
2025-10-11 11:30:27,048,CDKL5_005_186_53,72,0.12,10,0.847,0.1224,21.51
2025-10-11 11:40:29,048,CDKL5_005_186_53,167,0.278,7,0.626,0.1044,21.56
2025-10-11 11:50:33,048,CDKL5_005_186_53,55,0.092,11,0.889,0.1008,21.58
2025-10-11 12:00:36,048,CDKL5_005_186_53,0,0.0,15,1.0,0.108,21.55
2025-10-11 12:10:39,048,CDKL5_005_186_53,0,0.0,15,1.0,0.108,21.53
2025-10-11 12:20:42,048,CDKL5_005_186_53,0,0.0,15,1.0,0.108,21.49
2025-10-11 12:30:44,048,CDKL5_005_186_53,0,0.0,15,1.0,0.108,21.47
2025-10-11 12:40:48,048,CDKL5_005_186_53,0,0.0,15,1.0,0.1224,21.45
2025-10-11 12:50:51,048,CDKL5_005_186_53,0,0.0,15,1.0,0.1224,21.45
2025-10-11 13:00:53,048,CDKL5_005_186_53,0,0.0,15,1.0,0.108,21.42
2025-10-11 13:10:56,048,CDKL5_005_186_53,0,0.0,15,1.0,0.1116,21.42
2025-10-11 13:20:59,048,CDKL5_005_186_53,0,0.0,15,1.0,0.108,21.41
2025-10-11 13:31:03,048,CDKL5_005_186_53,0,0.0,15,1.0,0.1116,21.41
2025-10-11 13:41:06,048,CDKL5_005_186_53,0,0.0,15,1.0,0.1116,21.4
2025-10-11 13:51:09,048,CDKL5_005_186_53,0,0.0,15,1.0,0.108,21.37
2025-10-11 14:01:12,048,CDKL5_005_186_53,0,0.0,15,1.0,0.108,21.37
2025-10-11 14:11:15,048,CDKL5_005_186_53,0,0.0,15,1.0,0.1116,21.35
2025-10-11 14:21:18,048,CDKL5_005_186_53,0,0.0,15,1.0,0.1116,21.37
2025-10-11 14:31:21,048,CDKL5_005_186_53,15,0.025,13,0.972,0.1008,21.39
2025-10-11 14:41:24,048,CDKL5_005_186_53,13,0.022,14,0.977,0.1296,21.41
2025-10-11 14:51:27,048,CDKL5_005_186_53,0,0.0,15,1.0,0.1224,21.42
2025-10-11 15:01:40,048,CDKL5_005_186_53,0,0.0,15,1.0,0.1224,21.46
2025-10-11 15:11:43,048,CDKL5_005_186_53,0,0.0,15,1.0,0.1224,21.46
2025-10-11 15:21:47,048,CDKL5_005_186_53,0,0.0,15,1.0,0.1224,21.45
2025-10-11 15:31:50,048,CDKL5_005_186_53,0,0.0,15,1.0,0.1224,21.48
2025-10-11 15:41:53,048,CDKL5_005_186_53,0,0.0,15,1.0,0.1296,21.46
2025-10-11 15:51:56,048,CDKL5_005_186_53,13,0.022,13,0.976,0.1296,21.47
2025-10-11 16:01:59,048,CDKL5_005_186_53,21,0.035,13,0.961,0.126,21.49
2025-10-11 16:12:02,048,CDKL5_005_186_53,58,0.096,10,0.873,0.1728,21.51
2025-10-11 16:22:05,048,CDKL5_005_186_53,20,0.033,12,0.96,0.1584,21.54
2025-10-11 16:32:09,048,CDKL5_005_186_53,0,0.0,15,1.0,0.18,21.54
2025-10-11 16:42:12,048,CDKL5_005_186_53,0,0.0,15,1.0,0.18,21.52
2025-10-11 16:52:14,048,CDKL5_005_186_53,0,0.0,15,1.0,0.1584,21.52
2025-10-11 17:02:17,048,CDKL5_005_186_53,0,0.0,15,1.0,0.18,21.52
2025-10-11 17:12:20,048,CDKL5_005_186_53,0,0.0,15,1.0,0.18,21.51
2025-10-11 17:22:23,048,CDKL5_005_186_53,82,0.136,9,0.814,0.1656,21.59
2025-10-11 17:32:26,048,CDKL5_005_186_53,0,0.0,15,1.0,0.1656,21.59
2025-10-11 17:42:29,048,CDKL5_005_186_53,0,0.0,15,1.0,0.162,21.58
2025-10-11 17:52:32,048,CDKL5_005_186_53,94,0.156,11,0.824,0.1656,21.62
2025-10-11 18:02:35,048,CDKL5_005_186_53,19,0.032,13,0.965,0.0,21.64
2025-10-11 18:12:38,048,CDKL5_005_186_53,4,0.007,14,0.993,0.0,21.65
2025-10-11 18:22:41,048,CDKL5_005_186_53,178,0.296,6,0.574,0.0,21.73
2025-10-11 18:32:44,048,CDKL5_005_186_53,223,0.37,5,0.473,0.0,21.89
2025-10-11 18:42:47,048,CDKL5_005_186_53,194,0.322,4,0.452,0.0,21.97
2025-10-11 18:52:50,048,CDKL5_005_186_53,173,0.288,8,0.649,0.0,21.95
2025-10-11 19:03:14,048,CDKL5_005_186_53,230,0.384,5,0.465,0.0,22.08
2025-10-11 19:13:17,048,CDKL5_005_186_53,220,0.367,6,0.522,0.0,22.05
2025-10-11 19:23:20,048,CDKL5_005_186_53,180,0.299,7,0.609,0.0,22.04
2025-10-11 19:33:22,048,CDKL5_005_186_53,266,0.443,4,0.376,0.0,22.07
2025-10-11 19:43:25,048,CDKL5_005_186_53,60,0.1,11,0.88,0.0,22.05
2025-10-11 19:53:29,048,CDKL5_005_186_53,279,0.464,2,0.223,0.0,22.06
2025-10-11 20:03:32,048,CDKL5_005_186_53,211,0.351,4,0.431,0.0,22.05
2025-10-11 20:13:34,048,CDKL5_005_186_53,262,0.436,4,0.379,0.0,22.06
2025-10-11 20:23:37,048,CDKL5_005_186_53,186,0.309,6,0.563,0.0,22.05
2025-10-11 20:33:40,048,CDKL5_005_186_53,189,0.314,7,0.597,0.0,22.01
2025-10-11 20:43:44,048,CDKL5_005_186_53,233,0.388,3,0.34,0.0,22.0
2025-10-11 20:53:47,048,CDKL5_005_186_53,93,0.155,8,0.775,0.0,21.94
2025-10-11 21:03:50,048,CDKL5_005_186_53,112,0.186,4,0.588,0.0,21.91
2025-10-11 21:13:53,048,CDKL5_005_186_53,261,0.434,2,0.235,0.0,21.97
2025-10-11 21:23:56,048,CDKL5_005_186_53,88,0.146,11,0.833,0.0,21.93
2025-10-11 21:33:59,048,CDKL5_005_186_53,362,0.602,1,0.1,0.0,21.94
2025-10-11 21:44:02,048,CDKL5_005_186_53,50,0.083,11,0.898,0.0,21.92
2025-10-11 21:54:04,048,CDKL5_005_186_53,224,0.373,5,0.472,0.0,21.88
2025-10-11 22:04:08,048,CDKL5_005_186_53,10,0.017,14,0.982,0.0,21.81
2025-10-11 22:14:11,048,CDKL5_005_186_53,0,0.0,15,1.0,0.0,21.75
2025-10-11 22:24:14,048,CDKL5_005_186_53,2,0.003,15,0.997,0.0,21.72
2025-10-11 22:34:17,048,CDKL5_005_186_53,9,0.015,13,0.983,0.0,21.7
2025-10-11 22:44:20,048,CDKL5_005_186_53,8,0.013,14,0.986,0.0,21.68
2025-10-11 22:54:23,048,CDKL5_005_186_53,43,0.072,10,0.903,0.0,21.68
2025-10-11 23:04:36,048,CDKL5_005_186_53,14,0.023,10,0.966,0.0,21.7
2025-10-11 23:14:39,048,CDKL5_005_186_53,175,0.291,5,0.533,0.0,21.74
2025-10-11 23:24:42,048,CDKL5_005_186_53,215,0.358,5,0.482,0.0,21.81
2025-10-11 23:34:46,048,CDKL5_005_186_53,197,0.328,8,0.619,0.0,21.9
2025-10-11 23:44:49,048,CDKL5_005_186_53,26,0.043,12,0.949,0.0,21.87
2025-10-11 23:54:52,048,CDKL5_005_186_53,361,0.601,0,0.0,0.0,21.91
2025-10-12 00:04:54,048,CDKL5_005_186_53,46,0.077,13,0.919,0.0,21.89
2025-10-12 00:14:57,048,CDKL5_005_186_53,197,0.328,5,0.504,0.0,21.9
2025-10-12 00:25:00,048,CDKL5_005_186_53,8,0.013,14,0.986,0.0,21.83
2025-10-12 00:35:03,048,CDKL5_005_186_53,0,0.0,15,1.0,0.0,21.77
2025-10-12 00:45:07,048,CDKL5_005_186_53,1,0.002,14,0.998,0.0,21.73
2025-10-12 00:55:10,048,CDKL5_005_186_53,2,0.003,14,0.996,0.0,21.69
2025-10-12 01:05:13,048,CDKL5_005_186_53,0,0.0,15,1.0,0.0,21.66
2025-10-12 01:15:16,048,CDKL5_005_186_53,1,0.002,15,0.998,0.0,21.62
2025-10-12 01:25:19,048,CDKL5_005_186_53,0,0.0,15,1.0,0.0,21.61
2025-10-12 01:35:22,048,CDKL5_005_186_53,0,0.0,15,1.0,0.0,21.58
2025-10-12 01:45:25,048,CDKL5_005_186_53,19,0.032,10,0.955,0.0,21.57
2025-10-12 01:55:28,048,CDKL5_005_186_53,29,0.048,11,0.938,0.0,21.58
2025-10-12 02:05:31,048,CDKL5_005_186_53,241,0.401,4,0.399,0.0,21.66
2025-10-12 02:15:35,048,CDKL5_005_186_53,214,0.356,6,0.529,0.0,21.7
2025-10-12 02:25:38,048,CDKL5_005_186_53,232,0.386,4,0.408,0.0,21.71
2025-10-12 02:35:41,048,CDKL5_005_186_53,8,0.013,14,0.986,0.0,21.69
2025-10-12 02:45:44,048,CDKL5_005_186_53,0,0.0,15,1.0,0.0,21.65
2025-10-12 02:55:48,048,CDKL5_005_186_53,0,0.0,15,1.0,0.0,21.63
2025-10-12 03:06:06,048,CDKL5_005_186_53,0,0.0,15,1.0,0.0,21.63
2025-10-12 03:16:09,048,CDKL5_005_186_53,0,0.0,15,1.0,0.0,21.6
2025-10-12 03:26:13,048,CDKL5_005_186_53,10,0.017,13,0.981,0.0,21.59
2025-10-12 03:36:16,048,CDKL5_005_186_53,10,0.017,12,0.98,0.0,21.61
2025-10-12 03:46:19,048,CDKL5_005_186_53,122,0.203,8,0.724,0.0,21.65
2025-10-12 03:56:22,048,CDKL5_005_186_53,24,0.04,10,0.943,0.0,21.64
2025-10-12 04:06:25,048,CDKL5_005_186_53,7,0.012,12,0.986,0.0,21.65
2025-10-12 04:16:28,048,CDKL5_005_186_53,0,0.0,15,1.0,0.0,21.63
2025-10-12 04:26:31,048,CDKL5_005_186_53,0,0.0,15,1.0,0.0,21.61
2025-10-12 04:36:34,048,CDKL5_005_186_53,1,0.002,14,0.998,0.0,21.58
2025-10-12 04:46:37,048,CDKL5_005_186_53,30,0.05,13,0.945,0.0,21.62
2025-10-12 04:56:40,048,CDKL5_005_186_53,96,0.16,9,0.789,0.0,21.66
2025-10-12 05:06:43,048,CDKL5_005_186_53,166,0.276,5,0.546,0.0,21.69
2025-10-12 05:16:46,048,CDKL5_005_186_53,34,0.057,11,0.928,0.0,21.7
2025-10-12 05:26:49,048,CDKL5_005_186_53,80,0.133,8,0.8,0.0,21.7
2025-10-12 05:36:52,048,CDKL5_005_186_53,1,0.002,14,0.998,0.0,21.67
2025-10-12 05:46:54,048,CDKL5_005_186_53,0,0.0,15,1.0,0.0,21.64
2025-10-12 05:56:58,048,CDKL5_005_186_53,0,0.0,15,1.0,0.0,21.61
2025-10-12 06:07:00,048,CDKL5_005_186_53,0,0.0,15,1.0,0.126,21.59
2025-10-12 06:17:04,048,CDKL5_005_186_53,0,0.0,15,1.0,0.1224,21.59
2025-10-12 06:27:07,048,CDKL5_005_186_53,2,0.003,14,0.996,0.1224,21.57
2025-10-12 06:37:10,048,CDKL5_005_186_53,60,0.1,11,0.88,0.144,21.61
2025-10-12 06:47:13,048,CDKL5_005_186_53,2,0.003,14,0.996,0.144,21.59
2025-10-12 06:57:16,048,CDKL5_005_186_53,0,0.0,15,1.0,0.144,21.58
2025-10-12 07:07:35,048,CDKL5_005_186_53,0,0.0,15,1.0,0.144,21.59
2025-10-12 07:17:38,048,CDKL5_005_186_53,0,0.0,15,1.0,0.1368,21.57
2025-10-12 07:27:41,048,CDKL5_005_186_53,0,0.0,15,1.0,0.144,21.56
2025-10-12 07:37:44,048,CDKL5_005_186_53,15,0.025,14,0.974,0.144,21.58
2025-10-12 07:47:47,048,CDKL5_005_186_53,31,0.052,13,0.944,0.144,21.56
2025-10-12 07:57:51,048,CDKL5_005_186_53,0,0.0,15,1.0,0.144,21.55
2025-10-12 08:07:53,048,CDKL5_005_186_53,0,0.0,15,1.0,0.1476,21.54
2025-10-12 08:17:56,048,CDKL5_005_186_53,0,0.0,15,1.0,0.144,21.53
2025-10-12 08:28:00,048,CDKL5_005_186_53,0,0.0,15,1.0,0.144,21.53
2025-10-12 08:38:03,048,CDKL5_005_186_53,0,0.0,15,1.0,0.144,21.52
2025-10-12 08:48:06,048,CDKL5_005_186_53,0,0.0,15,1.0,0.144,21.51
2025-10-12 08:58:09,048,CDKL5_005_186_53,0,0.0,15,1.0,0.1548,21.5
2025-10-12 09:08:12,048,CDKL5_005_186_53,0,0.0,15,1.0,0.1476,21.5
2025-10-12 09:18:15,048,CDKL5_005_186_53,0,0.0,15,1.0,0.1476,21.49
2025-10-12 09:28:18,048,CDKL5_005_186_53,0,0.0,15,1.0,0.144,21.48
2025-10-12 09:38:21,048,CDKL5_005_186_53,0,0.0,15,1.0,0.144,21.48
2025-10-12 09:48:23,048,CDKL5_005_186_53,0,0.0,15,1.0,0.144,21.48
2025-10-12 09:58:26,048,CDKL5_005_186_53,0,0.0,15,1.0,0.1512,21.47
2025-10-12 10:08:29,048,CDKL5_005_186_53,0,0.0,15,1.0,0.1656,21.47
2025-10-12 10:18:32,048,CDKL5_005_186_53,0,0.0,15,1.0,0.1656,21.46
2025-10-12 10:28:35,048,CDKL5_005_186_53,0,0.0,15,1.0,0.1656,21.46
2025-10-12 10:38:38,048,CDKL5_005_186_53,0,0.0,15,1.0,0.144,21.46
2025-10-12 10:48:41,048,CDKL5_005_186_53,0,0.0,15,1.0,0.144,21.46
2025-10-12 10:58:44,048,CDKL5_005_186_53,0,0.0,15,1.0,0.144,21.45
2025-10-12 11:09:05,048,CDKL5_005_186_53,0,0.0,15,1.0,0.144,21.51
2025-10-12 11:19:08,048,CDKL5_005_186_53,18,0.03,13,0.967,0.1368,21.5
2025-10-12 11:29:11,048,CDKL5_005_186_53,57,0.095,12,0.894,0.1188,21.57
2025-10-12 11:39:14,048,CDKL5_005_186_53,90,0.15,8,0.78,0.1152,21.59
2025-10-12 11:49:18,048,CDKL5_005_186_53,0,0.0,15,1.0,0.108,21.57
2025-10-12 11:59:20,048,CDKL5_005_186_53,0,0.0,15,1.0,0.108,21.54
2025-10-12 12:09:23,048,CDKL5_005_186_53,0,0.0,15,1.0,0.1152,21.49
2025-10-12 12:19:26,048,CDKL5_005_186_53,0,0.0,15,1.0,0.1152,21.48
2025-10-12 12:29:29,048,CDKL5_005_186_53,0,0.0,15,1.0,0.1152,21.46
2025-10-12 12:39:33,048,CDKL5_005_186_53,0,0.0,15,1.0,0.1188,21.44
2025-10-12 12:49:36,048,CDKL5_005_186_53,0,0.0,15,1.0,0.108,21.43
2025-10-12 12:59:39,048,CDKL5_005_186_53,0,0.0,15,1.0,0.1188,21.42
2025-10-12 13:09:42,048,CDKL5_005_186_53,0,0.0,15,1.0,0.1188,21.41
2025-10-12 13:19:45,048,CDKL5_005_186_53,0,0.0,15,1.0,0.1188,21.4
2025-10-12 13:29:49,048,CDKL5_005_186_53,0,0.0,15,1.0,0.1188,21.39
2025-10-12 13:39:52,048,CDKL5_005_186_53,0,0.0,15,1.0,0.108,21.4
2025-10-12 13:49:55,048,CDKL5_005_186_53,1,0.002,15,0.998,0.108,21.43
2025-10-12 13:59:58,048,CDKL5_005_186_53,44,0.073,10,0.901,0.0936,21.47
2025-10-12 14:10:01,048,CDKL5_005_186_53,59,0.098,12,0.891,0.1008,21.49
2025-10-12 14:20:04,048,CDKL5_005_186_53,0,0.0,15,1.0,0.0936,21.47
2025-10-12 14:30:07,048,CDKL5_005_186_53,0,0.0,15,1.0,0.0936,21.45
2025-10-12 14:40:10,048,CDKL5_005_186_53,0,0.0,15,1.0,0.1044,21.43
2025-10-12 14:50:14,048,CDKL5_005_186_53,0,0.0,15,1.0,0.0936,21.43
2025-10-12 15:00:17,048,CDKL5_005_186_53,0,0.0,15,1.0,0.0936,21.42
2025-10-12 15:10:34,048,CDKL5_005_186_53,0,0.0,15,1.0,0.1044,21.45
2025-10-12 15:20:37,048,CDKL5_005_186_53,0,0.0,15,1.0,0.1044,21.42
2025-10-12 15:30:40,048,CDKL5_005_186_53,0,0.0,15,1.0,0.0972,21.41
2025-10-12 15:40:44,048,CDKL5_005_186_53,0,0.0,15,1.0,0.0936,21.42
2025-10-12 15:50:46,048,CDKL5_005_186_53,0,0.0,15,1.0,0.1044,21.42
2025-10-12 16:00:49,048,CDKL5_005_186_53,0,0.0,15,1.0,0.0936,21.42
2025-10-12 16:10:53,048,CDKL5_005_186_53,0,0.0,15,1.0,0.1044,21.41
2025-10-12 16:20:55,048,CDKL5_005_186_53,60,0.1,9,0.857,0.0864,21.46
2025-10-12 16:30:59,048,CDKL5_005_186_53,51,0.085,13,0.911,0.0864,21.52
2025-10-12 16:41:02,048,CDKL5_005_186_53,160,0.266,8,0.667,0.1152,21.6
2025-10-12 16:51:05,048,CDKL5_005_186_53,15,0.025,13,0.972,0.1224,21.6
2025-10-12 17:01:08,048,CDKL5_005_186_53,0,0.0,15,1.0,0.1224,21.59
2025-10-12 17:11:11,048,CDKL5_005_186_53,0,0.0,15,1.0,0.1296,21.57
2025-10-12 17:21:14,048,CDKL5_005_186_53,0,0.0,15,1.0,0.144,21.53
2025-10-12 17:31:17,048,CDKL5_005_186_53,0,0.0,15,1.0,0.144,21.51
2025-10-12 17:41:19,048,CDKL5_005_186_53,0,0.0,15,1.0,0.144,21.49
2025-10-12 17:51:22,048,CDKL5_005_186_53,0,0.0,15,1.0,0.144,21.48
2025-10-12 18:01:25,048,CDKL5_005_186_53,29,0.048,13,0.947,0.0,21.5
2025-10-12 18:11:28,048,CDKL5_005_186_53,217,0.361,5,0.48,0.0,21.62
2025-10-12 18:21:31,048,CDKL5_005_186_53,301,0.501,2,0.21,0.0,21.76
2025-10-12 18:31:34,048,CDKL5_005_186_53,161,0.268,9,0.691,0.0,21.79
2025-10-12 18:41:37,048,CDKL5_005_186_53,258,0.429,2,0.237,0.0,21.84
2025-10-12 18:51:40,048,CDKL5_005_186_53,338,0.562,2,0.191,0.0,21.93
2025-10-12 19:01:43,048,CDKL5_005_186_53,219,0.364,4,0.422,0.0,21.94
2025-10-12 19:12:00,048,CDKL5_005_186_53,230,0.383,3,0.343,0.0,21.97
2025-10-12 19:22:03,048,CDKL5_005_186_53,299,0.497,3,0.286,0.0,21.98
2025-10-12 19:32:06,048,CDKL5_005_186_53,92,0.153,11,0.827,0.0,21.92
2025-10-12 19:42:09,048,CDKL5_005_186_53,301,0.501,3,0.285,0.0,21.97
2025-10-12 19:52:12,048,CDKL5_005_186_53,294,0.489,2,0.214,0.0,22.06
2025-10-12 20:02:16,048,CDKL5_005_186_53,151,0.251,5,0.57,0.0,21.99
2025-10-12 20:12:19,048,CDKL5_005_186_53,203,0.338,4,0.441,0.0,21.97
2025-10-12 20:22:22,048,CDKL5_005_186_53,134,0.223,8,0.705,0.0,21.92
2025-10-12 20:32:25,048,CDKL5_005_186_53,91,0.151,8,0.779,0.0,21.85
2025-10-12 20:42:27,048,CDKL5_005_186_53,320,0.532,2,0.2,0.0,21.93
2025-10-12 20:52:31,048,CDKL5_005_186_53,30,0.05,11,0.936,0.0,21.92
2025-10-12 21:02:34,048,CDKL5_005_186_53,31,0.052,12,0.939,0.0,21.88
2025-10-12 21:12:37,048,CDKL5_005_186_53,180,0.3,6,0.571,0.0,21.87
2025-10-12 21:22:41,048,CDKL5_005_186_53,160,0.266,8,0.667,0.0,21.83
2025-10-12 21:32:44,048,CDKL5_005_186_53,20,0.033,11,0.957,0.0,21.79
2025-10-12 21:42:47,048,CDKL5_005_186_53,27,0.045,10,0.937,0.0,21.77
2025-10-12 21:52:50,048,CDKL5_005_186_53,178,0.296,7,0.611,0.0,21.84
2025-10-12 22:02:52,048,CDKL5_005_186_53,256,0.426,4,0.385,0.0,21.93
2025-10-12 22:12:55,048,CDKL5_005_186_53,138,0.23,9,0.723,0.0,21.95
2025-10-12 22:22:58,048,CDKL5_005_186_53,150,0.25,7,0.651,0.0,21.94
2025-10-12 22:33:01,048,CDKL5_005_186_53,30,0.05,12,0.941,0.0,21.9
2025-10-12 22:43:03,048,CDKL5_005_186_53,368,0.612,1,0.098,0.0,21.98
2025-10-12 22:53:07,048,CDKL5_005_186_53,127,0.211,7,0.688,0.0,21.93
2025-10-12 23:03:10,048,CDKL5_005_186_53,0,0.0,15,1.0,0.0,21.86
2025-10-12 23:13:31,048,CDKL5_005_186_53,0,0.0,15,1.0,0.0,21.82
2025-10-12 23:23:34,048,CDKL5_005_186_53,0,0.0,15,1.0,0.0,21.74
2025-10-12 23:33:37,048,CDKL5_005_186_53,0,0.0,15,1.0,0.0,21.68
2025-10-12 23:43:40,048,CDKL5_005_186_53,4,0.007,13,0.992,0.0,21.65
2025-10-12 23:53:43,048,CDKL5_005_186_53,6,0.01,14,0.989,0.0,21.62
2025-10-11 00:03:11,012,CDKL5_005_186_54,331,0.551,3,0.266,0.0,22.09
2025-10-11 00:13:13,012,CDKL5_005_186_54,304,0.506,7,0.479,0.0,22.07
2025-10-11 00:23:16,012,CDKL5_005_186_54,236,0.392,7,0.543,0.0,22.02
2025-10-11 00:33:19,012,CDKL5_005_186_54,408,0.679,1,0.089,0.0,22.03
2025-10-11 00:43:21,012,CDKL5_005_186_54,318,0.529,3,0.274,0.0,21.98
2025-10-11 00:53:23,012,CDKL5_005_186_54,350,0.583,4,0.314,0.0,21.98
2025-10-11 01:03:26,012,CDKL5_005_186_54,79,0.131,11,0.848,0.0,21.88
2025-10-11 01:13:29,012,CDKL5_005_186_54,49,0.081,14,0.92,0.0,21.79
2025-10-11 01:23:32,012,CDKL5_005_186_54,0,0.0,15,1.0,0.0,21.7
2025-10-11 01:33:35,012,CDKL5_005_186_54,0,0.0,15,1.0,0.0,21.61
2025-10-11 01:43:37,012,CDKL5_005_186_54,0,0.0,15,1.0,0.0,21.55
2025-10-11 01:53:40,012,CDKL5_005_186_54,0,0.0,15,1.0,0.0,21.51
2025-10-11 02:03:43,012,CDKL5_005_186_54,0,0.0,15,1.0,0.0,21.46
2025-10-11 02:13:46,012,CDKL5_005_186_54,13,0.022,14,0.977,0.0,21.43
2025-10-11 02:23:48,012,CDKL5_005_186_54,378,0.63,1,0.096,0.0,21.54
2025-10-11 02:33:52,012,CDKL5_005_186_54,205,0.341,9,0.637,0.0,21.65
2025-10-11 02:44:15,012,CDKL5_005_186_54,431,0.72,1,0.085,0.0,21.8
2025-10-11 02:54:17,012,CDKL5_005_186_54,315,0.524,4,0.337,0.0,21.88
2025-10-11 03:04:20,012,CDKL5_005_186_54,302,0.503,4,0.346,0.0,21.84
2025-10-11 03:14:23,012,CDKL5_005_186_54,373,0.621,3,0.243,0.0,21.84
2025-10-11 03:24:26,012,CDKL5_005_186_54,357,0.594,3,0.252,0.0,21.82
2025-10-11 03:34:28,012,CDKL5_005_186_54,343,0.571,3,0.259,0.0,21.82
2025-10-11 03:44:31,012,CDKL5_005_186_54,267,0.444,5,0.428,0.0,21.82
2025-10-11 03:54:34,012,CDKL5_005_186_54,389,0.647,1,0.093,0.0,21.8
2025-10-11 04:04:37,012,CDKL5_005_186_54,202,0.336,7,0.581,0.0,21.82
2025-10-11 04:14:40,012,CDKL5_005_186_54,295,0.491,3,0.289,0.0,21.78
2025-10-11 04:24:41,012,CDKL5_005_186_54,314,0.523,3,0.276,0.0,21.83
2025-10-11 04:34:45,012,CDKL5_005_186_54,266,0.443,5,0.429,0.0,21.85
2025-10-11 04:44:48,012,CDKL5_005_186_54,55,0.091,10,0.879,0.0,21.77
2025-10-11 04:54:51,012,CDKL5_005_186_54,63,0.105,12,0.884,0.0,21.69
2025-10-11 05:04:54,012,CDKL5_005_186_54,0,0.0,15,1.0,0.0,21.6
2025-10-11 05:14:57,012,CDKL5_005_186_54,0,0.0,15,1.0,0.0,21.51
2025-10-11 05:25:00,012,CDKL5_005_186_54,0,0.0,15,1.0,0.0,21.44
2025-10-11 05:35:03,012,CDKL5_005_186_54,0,0.0,15,1.0,0.0,21.38
2025-10-11 05:45:06,012,CDKL5_005_186_54,71,0.118,12,0.871,0.0,21.36
2025-10-11 05:55:08,012,CDKL5_005_186_54,256,0.426,5,0.439,0.0,21.43
2025-10-11 06:05:11,012,CDKL5_005_186_54,115,0.191,8,0.736,0.3744,21.49
2025-10-11 06:15:14,012,CDKL5_005_186_54,16,0.027,13,0.97,0.3888,21.46
2025-10-11 06:25:18,012,CDKL5_005_186_54,0,0.0,15,1.0,0.3888,21.41
2025-10-11 06:35:21,012,CDKL5_005_186_54,0,0.0,15,1.0,0.3888,21.37
2025-10-11 06:45:34,012,CDKL5_005_186_54,0,0.0,15,1.0,0.3816,21.36
2025-10-11 06:55:37,012,CDKL5_005_186_54,0,0.0,15,1.0,0.3816,21.32
2025-10-11 07:05:40,012,CDKL5_005_186_54,0,0.0,15,1.0,0.3888,21.28
2025-10-11 07:15:43,012,CDKL5_005_186_54,0,0.0,15,1.0,0.3888,21.25
2025-10-11 07:25:46,012,CDKL5_005_186_54,0,0.0,15,1.0,0.3816,21.23
2025-10-11 07:35:49,012,CDKL5_005_186_54,0,0.0,15,1.0,0.3888,21.21
2025-10-11 07:45:52,012,CDKL5_005_186_54,0,0.0,15,1.0,0.3888,21.21
2025-10-11 07:55:55,012,CDKL5_005_186_54,0,0.0,15,1.0,0.3888,21.19
2025-10-11 08:05:59,012,CDKL5_005_186_54,0,0.0,15,1.0,0.3816,21.18
2025-10-11 08:16:02,012,CDKL5_005_186_54,0,0.0,15,1.0,0.3816,21.19
2025-10-11 08:26:05,012,CDKL5_005_186_54,0,0.0,15,1.0,0.3816,21.18
2025-10-11 08:36:08,012,CDKL5_005_186_54,0,0.0,15,1.0,0.3816,21.17
2025-10-11 08:46:11,012,CDKL5_005_186_54,0,0.0,15,1.0,0.3816,21.17
2025-10-11 08:56:13,012,CDKL5_005_186_54,0,0.0,15,1.0,0.3816,21.16
2025-10-11 09:06:16,012,CDKL5_005_186_54,0,0.0,15,1.0,0.3852,21.16
2025-10-11 09:16:19,012,CDKL5_005_186_54,63,0.105,12,0.884,0.378,21.19
2025-10-11 09:26:21,012,CDKL5_005_186_54,0,0.0,15,1.0,0.3744,21.19
2025-10-11 09:36:24,012,CDKL5_005_186_54,0,0.0,15,1.0,0.3744,21.18
2025-10-11 09:46:27,012,CDKL5_005_186_54,0,0.0,15,1.0,0.3816,21.17
2025-10-11 09:56:29,012,CDKL5_005_186_54,0,0.0,15,1.0,0.3816,21.16
2025-10-11 10:06:32,012,CDKL5_005_186_54,0,0.0,15,1.0,0.3888,21.16
2025-10-11 10:16:33,012,CDKL5_005_186_54,0,0.0,15,1.0,0.3888,21.15
2025-10-11 10:26:36,012,CDKL5_005_186_54,0,0.0,15,1.0,0.3888,21.14
2025-10-11 10:36:39,012,CDKL5_005_186_54,0,0.0,15,1.0,0.396,21.12
2025-10-11 10:46:53,012,CDKL5_005_186_54,0,0.0,15,1.0,0.3888,21.13
2025-10-11 10:56:56,012,CDKL5_005_186_54,0,0.0,15,1.0,0.3744,21.1
2025-10-11 11:06:59,012,CDKL5_005_186_54,0,0.0,15,1.0,0.3852,21.07
2025-10-11 11:17:02,012,CDKL5_005_186_54,0,0.0,15,1.0,0.3852,21.05
2025-10-11 11:27:05,012,CDKL5_005_186_54,0,0.0,15,1.0,0.3744,21.03
2025-10-11 11:37:07,012,CDKL5_005_186_54,0,0.0,15,1.0,0.3744,21.01
2025-10-11 11:47:11,012,CDKL5_005_186_54,0,0.0,15,1.0,0.3744,21.0
2025-10-11 11:57:14,012,CDKL5_005_186_54,0,0.0,15,1.0,0.3816,20.99
2025-10-11 12:07:17,012,CDKL5_005_186_54,0,0.0,15,1.0,0.3744,20.98
2025-10-11 12:17:18,012,CDKL5_005_186_54,15,0.025,13,0.972,0.3672,20.99
2025-10-11 12:27:22,012,CDKL5_005_186_54,58,0.097,11,0.884,0.3384,21.03
2025-10-11 12:37:23,012,CDKL5_005_186_54,71,0.118,11,0.861,0.3672,21.05
2025-10-11 12:47:26,012,CDKL5_005_186_54,0,0.0,15,1.0,0.3744,21.05
2025-10-11 12:57:28,012,CDKL5_005_186_54,0,0.0,15,1.0,0.36,21.02
2025-10-11 13:07:31,012,CDKL5_005_186_54,0,0.0,15,1.0,0.36,21.0
2025-10-11 13:17:34,012,CDKL5_005_186_54,0,0.0,15,1.0,0.36,20.98
2025-10-11 13:27:37,012,CDKL5_005_186_54,0,0.0,15,1.0,0.3672,20.96
2025-10-11 13:37:40,012,CDKL5_005_186_54,2,0.003,15,0.997,0.3672,20.95
2025-10-11 13:47:43,012,CDKL5_005_186_54,0,0.0,15,1.0,0.3672,20.93
2025-10-11 13:57:46,012,CDKL5_005_186_54,0,0.0,15,1.0,0.3672,20.9
2025-10-11 14:07:49,012,CDKL5_005_186_54,0,0.0,15,1.0,0.3672,20.9
2025-10-11 14:17:51,012,CDKL5_005_186_54,0,0.0,15,1.0,0.3672,20.89
2025-10-11 14:27:54,012,CDKL5_005_186_54,0,0.0,15,1.0,0.3672,20.87
2025-10-11 14:37:57,012,CDKL5_005_186_54,0,0.0,15,1.0,0.3672,20.87
2025-10-11 14:48:16,012,CDKL5_005_186_54,0,0.0,15,1.0,0.3708,20.9
2025-10-11 14:58:19,012,CDKL5_005_186_54,0,0.0,15,1.0,0.3708,20.88
2025-10-11 15:08:22,012,CDKL5_005_186_54,0,0.0,15,1.0,0.3708,20.87
2025-10-11 15:18:24,012,CDKL5_005_186_54,57,0.095,10,0.875,0.36,20.89
2025-10-11 15:28:27,012,CDKL5_005_186_54,75,0.125,9,0.828,0.3636,20.96
2025-10-11 15:38:30,012,CDKL5_005_186_54,2,0.003,14,0.996,0.4032,21.0
2025-10-11 15:48:32,012,CDKL5_005_186_54,1,0.002,14,0.998,0.396,21.0
2025-10-11 15:58:35,012,CDKL5_005_186_54,0,0.0,15,1.0,0.3996,21.0
2025-10-11 16:08:37,012,CDKL5_005_186_54,0,0.0,15,1.0,0.3996,21.0
2025-10-11 16:18:40,012,CDKL5_005_186_54,1,0.002,14,0.998,0.3996,20.98
2025-10-11 16:28:43,012,CDKL5_005_186_54,0,0.0,15,1.0,0.414,20.97
2025-10-11 16:38:45,012,CDKL5_005_186_54,0,0.0,15,1.0,0.4032,20.98
2025-10-11 16:48:48,012,CDKL5_005_186_54,0,0.0,15,1.0,0.3888,20.99
2025-10-11 16:58:51,012,CDKL5_005_186_54,0,0.0,15,1.0,0.4032,21.02
2025-10-11 17:08:54,012,CDKL5_005_186_54,2,0.003,14,0.996,0.4032,21.05
2025-10-11 17:18:57,012,CDKL5_005_186_54,0,0.0,15,1.0,0.396,21.08
2025-10-11 17:29:01,012,CDKL5_005_186_54,0,0.0,15,1.0,0.396,21.1
2025-10-11 17:39:04,012,CDKL5_005_186_54,7,0.012,14,0.988,0.3888,21.12
2025-10-11 17:49:06,012,CDKL5_005_186_54,45,0.075,12,0.914,0.3852,21.16
2025-10-11 17:59:08,012,CDKL5_005_186_54,0,0.0,15,1.0,0.378,21.18
2025-10-11 18:09:11,012,CDKL5_005_186_54,73,0.121,12,0.868,0.0,21.18
2025-10-11 18:19:14,012,CDKL5_005_186_54,500,0.832,0,0.0,0.0,21.37
2025-10-11 18:29:17,012,CDKL5_005_186_54,456,0.757,0,0.0,0.0,21.54
2025-10-11 18:39:20,012,CDKL5_005_186_54,389,0.647,1,0.093,0.0,21.6
2025-10-11 18:49:43,012,CDKL5_005_186_54,406,0.678,1,0.09,0.0,21.76
2025-10-11 18:59:46,012,CDKL5_005_186_54,385,0.642,2,0.172,0.0,21.82
2025-10-11 19:09:49,012,CDKL5_005_186_54,373,0.621,2,0.177,0.0,21.86
2025-10-11 19:19:51,012,CDKL5_005_186_54,302,0.502,3,0.284,0.0,21.87
2025-10-11 19:29:55,012,CDKL5_005_186_54,331,0.551,3,0.266,0.0,21.93
2025-10-11 19:39:58,012,CDKL5_005_186_54,346,0.576,3,0.258,0.0,21.98
2025-10-11 19:50:00,012,CDKL5_005_186_54,180,0.3,8,0.64,0.0,21.99
2025-10-11 20:00:03,012,CDKL5_005_186_54,309,0.514,4,0.341,0.0,22.12
2025-10-11 20:10:06,012,CDKL5_005_186_54,299,0.498,5,0.401,0.0,22.14
2025-10-11 20:20:08,012,CDKL5_005_186_54,261,0.435,5,0.434,0.0,22.13
2025-10-11 20:30:11,012,CDKL5_005_186_54,287,0.478,4,0.358,0.0,22.09
2025-10-11 20:40:14,012,CDKL5_005_186_54,268,0.446,4,0.374,0.0,22.09
2025-10-11 20:50:16,012,CDKL5_005_186_54,164,0.273,9,0.687,0.0,22.04
2025-10-11 21:00:19,012,CDKL5_005_186_54,241,0.401,6,0.499,0.0,22.02
2025-10-11 21:10:23,012,CDKL5_005_186_54,123,0.205,11,0.782,0.0,22.02
2025-10-11 21:20:26,012,CDKL5_005_186_54,177,0.295,8,0.644,0.0,21.96
2025-10-11 21:30:28,012,CDKL5_005_186_54,46,0.077,11,0.905,0.0,21.88
2025-10-11 21:40:31,012,CDKL5_005_186_54,26,0.043,13,0.952,0.0,21.82
2025-10-11 21:50:34,012,CDKL5_005_186_54,0,0.0,15,1.0,0.0,21.73
2025-10-11 22:00:36,012,CDKL5_005_186_54,0,0.0,15,1.0,0.0,21.67
2025-10-11 22:10:39,012,CDKL5_005_186_54,0,0.0,15,1.0,0.0,21.62
2025-10-11 22:20:42,012,CDKL5_005_186_54,0,0.0,15,1.0,0.0,21.58
2025-10-11 22:30:44,012,CDKL5_005_186_54,0,0.0,15,1.0,0.0,21.54
2025-10-11 22:40:47,012,CDKL5_005_186_54,13,0.022,14,0.977,0.0,21.51
2025-10-11 22:51:07,012,CDKL5_005_186_54,122,0.204,9,0.747,0.0,21.59
2025-10-11 23:01:10,012,CDKL5_005_186_54,342,0.569,3,0.26,0.0,21.76
2025-10-11 23:11:13,012,CDKL5_005_186_54,213,0.355,8,0.6,0.0,21.81
2025-10-11 23:21:16,012,CDKL5_005_186_54,243,0.404,6,0.497,0.0,21.8
2025-10-11 23:31:19,012,CDKL5_005_186_54,143,0.238,8,0.691,0.0,21.77
2025-10-11 23:41:22,012,CDKL5_005_186_54,36,0.06,12,0.93,0.0,21.73
2025-10-11 23:51:25,012,CDKL5_005_186_54,196,0.326,6,0.55,0.0,21.75
2025-10-12 00:01:28,012,CDKL5_005_186_54,207,0.344,7,0.575,0.0,21.76
2025-10-12 00:11:31,012,CDKL5_005_186_54,129,0.215,7,0.685,0.0,21.78
2025-10-12 00:21:34,012,CDKL5_005_186_54,109,0.181,10,0.786,0.0,21.77
2025-10-12 00:31:37,012,CDKL5_005_186_54,0,0.0,15,1.0,0.0,21.7
2025-10-12 00:41:40,012,CDKL5_005_186_54,0,0.0,15,1.0,0.0,21.65
2025-10-12 00:51:42,012,CDKL5_005_186_54,0,0.0,15,1.0,0.0,21.59
2025-10-12 01:01:45,012,CDKL5_005_186_54,0,0.0,15,1.0,0.0,21.54
2025-10-12 01:11:48,012,CDKL5_005_186_54,0,0.0,15,1.0,0.0,21.5
2025-10-12 01:21:51,012,CDKL5_005_186_54,0,0.0,15,1.0,0.0,21.46
2025-10-12 01:31:53,012,CDKL5_005_186_54,0,0.0,15,1.0,0.0,21.43
2025-10-12 01:41:55,012,CDKL5_005_186_54,0,0.0,15,1.0,0.0,21.39
2025-10-12 01:51:58,012,CDKL5_005_186_54,0,0.0,15,1.0,0.0,21.37
2025-10-12 02:02:00,012,CDKL5_005_186_54,0,0.0,15,1.0,0.0,21.34
2025-10-12 02:12:03,012,CDKL5_005_186_54,0,0.0,15,1.0,0.0,21.35
2025-10-12 02:22:06,012,CDKL5_005_186_54,0,0.0,15,1.0,0.0,21.33
2025-10-12 02:32:09,012,CDKL5_005_186_54,0,0.0,15,1.0,0.0,21.32
2025-10-12 02:42:11,012,CDKL5_005_186_54,103,0.172,10,0.795,0.0,21.35
2025-10-12 02:52:29,012,CDKL5_005_186_54,352,0.588,2,0.185,0.0,21.6
2025-10-12 03:02:31,012,CDKL5_005_186_54,238,0.396,6,0.502,0.0,21.63
2025-10-12 03:12:34,012,CDKL5_005_186_54,304,0.506,4,0.345,0.0,21.73
2025-10-12 03:22:37,012,CDKL5_005_186_54,76,0.126,11,0.853,0.0,21.75
2025-10-12 03:32:41,012,CDKL5_005_186_54,185,0.308,6,0.565,0.0,21.79
2025-10-12 03:42:43,012,CDKL5_005_186_54,180,0.3,4,0.471,0.0,21.77
2025-10-12 03:52:46,012,CDKL5_005_186_54,46,0.077,12,0.913,0.0,21.74
2025-10-12 04:02:49,012,CDKL5_005_186_54,107,0.178,8,0.749,0.0,21.71
2025-10-12 04:12:52,012,CDKL5_005_186_54,81,0.135,10,0.832,0.0,21.67
2025-10-12 04:22:55,012,CDKL5_005_186_54,50,0.083,12,0.906,0.0,21.62
2025-10-12 04:32:58,012,CDKL5_005_186_54,0,0.0,15,1.0,0.0,21.56
2025-10-12 04:43:00,012,CDKL5_005_186_54,0,0.0,15,1.0,0.0,21.51
2025-10-12 04:53:03,012,CDKL5_005_186_54,0,0.0,15,1.0,0.0,21.46
2025-10-12 05:03:06,012,CDKL5_005_186_54,0,0.0,15,1.0,0.0,21.42
2025-10-12 05:13:08,012,CDKL5_005_186_54,0,0.0,15,1.0,0.0,21.39
2025-10-12 05:23:11,012,CDKL5_005_186_54,0,0.0,15,1.0,0.0,21.37
2025-10-12 05:33:14,012,CDKL5_005_186_54,0,0.0,15,1.0,0.0,21.35
2025-10-12 05:43:17,012,CDKL5_005_186_54,106,0.176,11,0.806,0.0,21.35
2025-10-12 05:53:20,012,CDKL5_005_186_54,184,0.306,6,0.566,0.0,21.42
2025-10-12 06:03:22,012,CDKL5_005_186_54,137,0.228,8,0.7,0.3312,21.49
2025-10-12 06:13:25,012,CDKL5_005_186_54,56,0.093,10,0.877,0.3528,21.5
2025-10-12 06:23:27,012,CDKL5_005_186_54,38,0.063,11,0.921,0.3528,21.52
2025-10-12 06:33:30,012,CDKL5_005_186_54,14,0.023,14,0.976,0.3636,21.53
2025-10-12 06:43:33,012,CDKL5_005_186_54,6,0.01,14,0.989,0.3672,21.52
2025-10-12 06:53:53,012,CDKL5_005_186_54,0,0.0,15,1.0,0.3744,21.53
2025-10-12 07:03:56,012,CDKL5_005_186_54,0,0.0,15,1.0,0.3744,21.49
2025-10-12 07:13:58,012,CDKL5_005_186_54,0,0.0,15,1.0,0.3744,21.46
2025-10-12 07:24:02,012,CDKL5_005_186_54,0,0.0,15,1.0,0.3744,21.42
2025-10-12 07:34:04,012,CDKL5_005_186_54,0,0.0,15,1.0,0.378,21.39
2025-10-12 07:44:07,012,CDKL5_005_186_54,0,0.0,15,1.0,0.3744,21.36
2025-10-12 07:54:11,012,CDKL5_005_186_54,0,0.0,15,1.0,0.3744,21.33
2025-10-12 08:04:13,012,CDKL5_005_186_54,0,0.0,15,1.0,0.378,21.31
2025-10-12 08:14:16,012,CDKL5_005_186_54,0,0.0,15,1.0,0.378,21.3
2025-10-12 08:24:19,012,CDKL5_005_186_54,0,0.0,15,1.0,0.3816,21.28
2025-10-12 08:34:23,012,CDKL5_005_186_54,0,0.0,15,1.0,0.378,21.27
2025-10-12 08:44:26,012,CDKL5_005_186_54,0,0.0,15,1.0,0.3744,21.26
2025-10-12 08:54:28,012,CDKL5_005_186_54,0,0.0,15,1.0,0.378,21.24
2025-10-12 09:04:31,012,CDKL5_005_186_54,0,0.0,15,1.0,0.3744,21.24
2025-10-12 09:14:35,012,CDKL5_005_186_54,0,0.0,15,1.0,0.378,21.23
2025-10-12 09:24:38,012,CDKL5_005_186_54,14,0.023,13,0.974,0.3672,21.26
2025-10-12 09:34:41,012,CDKL5_005_186_54,16,0.027,15,0.974,0.3528,21.28
2025-10-12 09:44:43,012,CDKL5_005_186_54,44,0.073,12,0.916,0.378,21.3
2025-10-12 09:54:46,012,CDKL5_005_186_54,0,0.0,15,1.0,0.3672,21.3
2025-10-12 10:04:49,012,CDKL5_005_186_54,0,0.0,15,1.0,0.3816,21.29
2025-10-12 10:14:51,012,CDKL5_005_186_54,0,0.0,15,1.0,0.3816,21.28
2025-10-12 10:24:54,012,CDKL5_005_186_54,0,0.0,15,1.0,0.3888,21.28
2025-10-12 10:34:56,012,CDKL5_005_186_54,0,0.0,15,1.0,0.3888,21.28
2025-10-12 10:45:00,012,CDKL5_005_186_54,0,0.0,15,1.0,0.3744,21.27
2025-10-12 10:55:16,012,CDKL5_005_186_54,0,0.0,15,1.0,0.3744,21.29
2025-10-12 11:05:19,012,CDKL5_005_186_54,0,0.0,15,1.0,0.3744,21.27
2025-10-12 11:15:21,012,CDKL5_005_186_54,0,0.0,15,1.0,0.3816,21.26
2025-10-12 11:25:24,012,CDKL5_005_186_54,0,0.0,15,1.0,0.3816,21.25
2025-10-12 11:35:27,012,CDKL5_005_186_54,0,0.0,15,1.0,0.3816,21.24
2025-10-12 11:45:31,012,CDKL5_005_186_54,0,0.0,15,1.0,0.3816,21.23
2025-10-12 11:55:33,012,CDKL5_005_186_54,0,0.0,15,1.0,0.3744,21.21
2025-10-12 12:05:36,012,CDKL5_005_186_54,0,0.0,15,1.0,0.3816,21.21
2025-10-12 12:15:39,012,CDKL5_005_186_54,0,0.0,15,1.0,0.3888,21.21
2025-10-12 12:25:42,012,CDKL5_005_186_54,0,0.0,15,1.0,0.3816,21.2
2025-10-12 12:35:45,012,CDKL5_005_186_54,0,0.0,15,1.0,0.3816,21.2
2025-10-12 12:45:47,012,CDKL5_005_186_54,47,0.078,12,0.911,0.36,21.22
2025-10-12 12:55:50,012,CDKL5_005_186_54,23,0.038,14,0.961,0.3672,21.23
2025-10-12 13:05:53,012,CDKL5_005_186_54,0,0.0,15,1.0,0.3672,21.23
2025-10-12 13:15:57,012,CDKL5_005_186_54,0,0.0,15,1.0,0.3672,21.21
2025-10-12 13:26:00,012,CDKL5_005_186_54,0,0.0,15,1.0,0.3672,21.2
2025-10-12 13:36:03,012,CDKL5_005_186_54,0,0.0,15,1.0,0.3672,21.17
2025-10-12 13:46:05,012,CDKL5_005_186_54,0,0.0,15,1.0,0.3672,21.17
2025-10-12 13:56:08,012,CDKL5_005_186_54,0,0.0,15,1.0,0.3672,21.15
2025-10-12 14:06:11,012,CDKL5_005_186_54,0,0.0,15,1.0,0.3672,21.14
2025-10-12 14:16:14,012,CDKL5_005_186_54,0,0.0,15,1.0,0.3672,21.14
2025-10-12 14:26:17,012,CDKL5_005_186_54,0,0.0,15,1.0,0.378,21.12
2025-10-12 14:36:19,012,CDKL5_005_186_54,0,0.0,15,1.0,0.3672,21.12
2025-10-12 14:46:22,012,CDKL5_005_186_54,7,0.012,15,0.988,0.3672,21.13
2025-10-12 14:56:40,012,CDKL5_005_186_54,0,0.0,15,1.0,0.3672,21.16
2025-10-12 15:06:43,012,CDKL5_005_186_54,0,0.0,15,1.0,0.378,21.14
2025-10-12 15:16:46,012,CDKL5_005_186_54,0,0.0,15,1.0,0.3672,21.14
2025-10-12 15:26:49,012,CDKL5_005_186_54,0,0.0,15,1.0,0.378,21.13
2025-10-12 15:36:51,012,CDKL5_005_186_54,0,0.0,15,1.0,0.3672,21.12
2025-10-12 15:46:54,012,CDKL5_005_186_54,0,0.0,15,1.0,0.3672,21.12
2025-10-12 15:56:57,012,CDKL5_005_186_54,90,0.15,10,0.816,0.3816,21.16
2025-10-12 16:07:00,012,CDKL5_005_186_54,156,0.26,7,0.642,0.3528,21.23
2025-10-12 16:17:02,012,CDKL5_005_186_54,55,0.092,13,0.904,0.36,21.25
2025-10-12 16:27:05,012,CDKL5_005_186_54,32,0.053,14,0.946,0.3564,21.28
2025-10-12 16:37:08,012,CDKL5_005_186_54,0,0.0,15,1.0,0.3456,21.26
2025-10-12 16:47:11,012,CDKL5_005_186_54,0,0.0,15,1.0,0.3456,21.24
2025-10-12 16:57:14,012,CDKL5_005_186_54,0,0.0,15,1.0,0.3528,21.22
2025-10-12 17:07:18,012,CDKL5_005_186_54,0,0.0,15,1.0,0.3528,21.2
2025-10-12 17:17:21,012,CDKL5_005_186_54,0,0.0,15,1.0,0.3636,21.19
2025-10-12 17:27:23,012,CDKL5_005_186_54,6,0.01,15,0.99,0.36,21.17
2025-10-12 17:37:26,012,CDKL5_005_186_54,59,0.098,12,0.891,0.3708,21.17
2025-10-12 17:47:28,012,CDKL5_005_186_54,186,0.31,5,0.518,0.3456,21.27
2025-10-12 17:57:31,012,CDKL5_005_186_54,208,0.347,5,0.49,0.3564,21.4
2025-10-12 18:07:33,012,CDKL5_005_186_54,369,0.615,2,0.178,0.0,21.49
2025-10-12 18:17:36,012,CDKL5_005_186_54,509,0.847,0,0.0,0.0,21.61
2025-10-12 18:27:38,012,CDKL5_005_186_54,305,0.507,5,0.396,0.0,21.72
2025-10-12 18:37:41,012,CDKL5_005_186_54,319,0.532,5,0.385,0.0,21.74
2025-10-12 18:47:44,012,CDKL5_005_186_54,439,0.73,2,0.154,0.0,21.83
2025-10-12 18:58:21,012,CDKL5_005_186_54,318,0.532,4,0.335,0.0,21.95
2025-10-12 19:08:24,012,CDKL5_005_186_54,244,0.407,6,0.496,0.0,21.94
2025-10-12 19:18:27,012,CDKL5_005_186_54,341,0.567,4,0.319,0.0,21.96
2025-10-12 19:28:29,012,CDKL5_005_186_54,361,0.601,2,0.181,0.0,21.99
2025-10-12 19:38:32,012,CDKL5_005_186_54,152,0.253,9,0.703,0.0,21.93
2025-10-12 19:48:35,012,CDKL5_005_186_54,198,0.329,9,0.645,0.0,21.92
2025-10-12 19:58:38,012,CDKL5_005_186_54,227,0.378,7,0.552,0.0,21.94
2025-10-12 20:08:41,012,CDKL5_005_186_54,254,0.423,6,0.486,0.0,22.05
2025-10-12 20:18:43,012,CDKL5_005_186_54,258,0.429,5,0.437,0.0,22.02
2025-10-12 20:28:46,012,CDKL5_005_186_54,163,0.271,8,0.663,0.0,21.97
2025-10-12 20:38:49,012,CDKL5_005_186_54,331,0.552,3,0.266,0.0,22.04
2025-10-12 20:48:52,012,CDKL5_005_186_54,287,0.478,3,0.295,0.0,22.08
2025-10-12 20:58:55,012,CDKL5_005_186_54,261,0.434,3,0.315,0.0,22.04
2025-10-12 21:08:57,012,CDKL5_005_186_54,198,0.329,6,0.548,0.0,22.06
2025-10-12 21:19:00,012,CDKL5_005_186_54,219,0.364,6,0.523,0.0,22.02
2025-10-12 21:29:02,012,CDKL5_005_186_54,57,0.095,12,0.894,0.0,21.94
2025-10-12 21:39:06,012,CDKL5_005_186_54,66,0.11,12,0.879,0.0,21.88
2025-10-12 21:49:08,012,CDKL5_005_186_54,6,0.01,14,0.989,0.0,21.81
2025-10-12 21:59:11,012,CDKL5_005_186_54,0,0.0,15,1.0,0.0,21.72
2025-10-12 22:09:14,012,CDKL5_005_186_54,0,0.0,15,1.0,0.0,21.67
2025-10-12 22:19:16,012,CDKL5_005_186_54,7,0.012,14,0.988,0.0,21.62
2025-10-12 22:29:19,012,CDKL5_005_186_54,0,0.0,15,1.0,0.0,21.57
2025-10-12 22:39:22,012,CDKL5_005_186_54,0,0.0,15,1.0,0.0,21.52
2025-10-12 22:49:25,012,CDKL5_005_186_54,0,0.0,15,1.0,0.0,21.48
2025-10-12 23:00:06,012,CDKL5_005_186_54,0,0.0,15,1.0,0.0,21.54
2025-10-12 23:10:08,012,CDKL5_005_186_54,0,0.0,15,1.0,0.0,21.5
2025-10-12 23:20:11,012,CDKL5_005_186_54,0,0.0,15,1.0,0.0,21.46
2025-10-12 23:30:14,012,CDKL5_005_186_54,0,0.0,15,1.0,0.0,21.44
2025-10-12 23:40:17,012,CDKL5_005_186_54,0,0.0,15,1.0,0.0,21.43
2025-10-12 23:50:19,012,CDKL5_005_186_54,11,0.018,15,0.982,0.0,21.41
2025-10-11 00:07:21,018,CDKL5_005_186_55,0,0.0,15,1.0,0.0,21.37
2025-10-11 00:17:23,018,CDKL5_005_186_55,31,0.052,12,0.939,0.0,21.36
2025-10-11 00:27:26,018,CDKL5_005_186_55,149,0.248,5,0.573,0.0,21.38
2025-10-11 00:37:29,018,CDKL5_005_186_55,0,0.0,15,1.0,0.0,21.39
2025-10-11 00:47:31,018,CDKL5_005_186_55,0,0.0,15,1.0,0.0,21.36
2025-10-11 00:57:34,018,CDKL5_005_186_55,8,0.013,14,0.986,0.0,21.35
2025-10-11 01:07:36,018,CDKL5_005_186_55,47,0.078,11,0.903,0.0,21.38
2025-10-11 01:17:57,018,CDKL5_005_186_55,46,0.077,12,0.913,0.0,21.42
2025-10-11 01:28:00,018,CDKL5_005_186_55,34,0.056,12,0.934,0.0,21.41
2025-10-11 01:38:03,018,CDKL5_005_186_55,0,0.0,15,1.0,0.0,21.37
2025-10-11 01:48:06,018,CDKL5_005_186_55,0,0.0,15,1.0,0.0,21.34
2025-10-11 01:58:09,018,CDKL5_005_186_55,0,0.0,15,1.0,0.0,21.3
2025-10-11 02:08:11,018,CDKL5_005_186_55,0,0.0,15,1.0,0.0,21.3
2025-10-11 02:18:14,018,CDKL5_005_186_55,17,0.028,12,0.966,0.0,21.27
2025-10-11 02:28:17,018,CDKL5_005_186_55,9,0.015,14,0.984,0.0,21.26
2025-10-11 02:38:20,018,CDKL5_005_186_55,0,0.0,15,1.0,0.0,21.25
2025-10-11 02:48:23,018,CDKL5_005_186_55,0,0.0,15,1.0,0.0,21.24
2025-10-11 02:58:26,018,CDKL5_005_186_55,0,0.0,15,1.0,0.0,21.23
2025-10-11 03:08:28,018,CDKL5_005_186_55,3,0.005,14,0.995,0.0,21.22
2025-10-11 03:18:31,018,CDKL5_005_186_55,0,0.0,15,1.0,0.0,21.2
2025-10-11 03:28:34,018,CDKL5_005_186_55,0,0.0,15,1.0,0.0,21.21
2025-10-11 03:38:37,018,CDKL5_005_186_55,11,0.018,13,0.979,0.0,21.19
2025-10-11 03:48:40,018,CDKL5_005_186_55,0,0.0,15,1.0,0.0,21.2
2025-10-11 03:58:43,018,CDKL5_005_186_55,108,0.179,8,0.748,0.0,21.25
2025-10-11 04:08:46,018,CDKL5_005_186_55,0,0.0,15,1.0,0.0,21.27
2025-10-11 04:18:49,018,CDKL5_005_186_55,0,0.0,15,1.0,0.0,21.25
2025-10-11 04:28:51,018,CDKL5_005_186_55,15,0.025,13,0.972,0.0,21.26
2025-10-11 04:38:54,018,CDKL5_005_186_55,0,0.0,15,1.0,0.0,21.25
2025-10-11 04:48:57,018,CDKL5_005_186_55,0,0.0,15,1.0,0.0,21.24
2025-10-11 04:59:00,018,CDKL5_005_186_55,26,0.043,12,0.949,0.0,21.24
2025-10-11 05:09:03,018,CDKL5_005_186_55,46,0.077,10,0.897,0.0,21.26
2025-10-11 05:19:22,018,CDKL5_005_186_55,22,0.037,13,0.959,0.0,21.3
2025-10-11 05:29:25,018,CDKL5_005_186_55,10,0.017,14,0.982,0.0,21.28
2025-10-11 05:39:28,018,CDKL5_005_186_55,12,0.02,13,0.977,0.0,21.28
2025-10-11 05:49:30,018,CDKL5_005_186_55,0,0.0,15,1.0,0.0,21.25
2025-10-11 05:59:33,018,CDKL5_005_186_55,24,0.04,14,0.959,0.0,21.26
2025-10-11 06:09:35,018,CDKL5_005_186_55,0,0.0,15,1.0,0.2772,21.25
2025-10-11 06:19:38,018,CDKL5_005_186_55,0,0.0,15,1.0,0.27,21.22
2025-10-11 06:29:41,018,CDKL5_005_186_55,0,0.0,15,1.0,0.2664,21.21
2025-10-11 06:39:44,018,CDKL5_005_186_55,0,0.0,15,1.0,0.2592,21.2
2025-10-11 06:49:47,018,CDKL5_005_186_55,0,0.0,15,1.0,0.2592,21.19
2025-10-11 06:59:50,018,CDKL5_005_186_55,0,0.0,15,1.0,0.2592,21.17
2025-10-11 07:09:53,018,CDKL5_005_186_55,0,0.0,15,1.0,0.252,21.16
2025-10-11 07:19:56,018,CDKL5_005_186_55,11,0.018,13,0.979,0.2628,21.16
2025-10-11 07:29:59,018,CDKL5_005_186_55,0,0.0,15,1.0,0.2592,21.16
2025-10-11 07:40:02,018,CDKL5_005_186_55,0,0.0,15,1.0,0.2592,21.16
2025-10-11 07:50:05,018,CDKL5_005_186_55,0,0.0,15,1.0,0.2592,21.15
2025-10-11 08:00:08,018,CDKL5_005_186_55,0,0.0,15,1.0,0.2592,21.14
2025-10-11 08:10:10,018,CDKL5_005_186_55,0,0.0,15,1.0,0.2592,21.15
2025-10-11 08:20:13,018,CDKL5_005_186_55,0,0.0,15,1.0,0.2592,21.14
2025-10-11 08:30:16,018,CDKL5_005_186_55,0,0.0,15,1.0,0.2592,21.13
2025-10-11 08:40:19,018,CDKL5_005_186_55,0,0.0,15,1.0,0.2592,21.13
2025-10-11 08:50:22,018,CDKL5_005_186_55,0,0.0,15,1.0,0.27,21.12
2025-10-11 09:00:25,018,CDKL5_005_186_55,0,0.0,15,1.0,0.2664,21.12
2025-10-11 09:10:27,018,CDKL5_005_186_55,0,0.0,15,1.0,0.2664,21.11
2025-10-11 09:20:40,018,CDKL5_005_186_55,0,0.0,15,1.0,0.2772,21.13
2025-10-11 09:30:43,018,CDKL5_005_186_55,0,0.0,15,1.0,0.2772,21.11
2025-10-11 09:40:45,018,CDKL5_005_186_55,0,0.0,15,1.0,0.2772,21.11
2025-10-11 09:50:48,018,CDKL5_005_186_55,0,0.0,15,1.0,0.2664,21.1
2025-10-11 10:00:51,018,CDKL5_005_186_55,18,0.03,13,0.967,0.2736,21.11
2025-10-11 10:10:54,018,CDKL5_005_186_55,0,0.0,15,1.0,0.2736,21.12
2025-10-11 10:20:56,018,CDKL5_005_186_55,0,0.0,15,1.0,0.2844,21.12
2025-10-11 10:30:59,018,CDKL5_005_186_55,0,0.0,15,1.0,0.2736,21.13
2025-10-11 10:41:01,018,CDKL5_005_186_55,0,0.0,15,1.0,0.2736,21.13
2025-10-11 10:51:04,018,CDKL5_005_186_55,0,0.0,15,1.0,0.2592,21.13
2025-10-11 11:01:07,018,CDKL5_005_186_55,0,0.0,15,1.0,0.2592,21.12
2025-10-11 11:11:10,018,CDKL5_005_186_55,0,0.0,15,1.0,0.2592,21.11
2025-10-11 11:21:13,018,CDKL5_005_186_55,0,0.0,15,1.0,0.2592,21.1
2025-10-11 11:31:16,018,CDKL5_005_186_55,0,0.0,15,1.0,0.2592,21.1
2025-10-11 11:41:19,018,CDKL5_005_186_55,0,0.0,15,1.0,0.2592,21.1
2025-10-11 11:51:22,018,CDKL5_005_186_55,0,0.0,15,1.0,0.2592,21.09
2025-10-11 12:01:24,018,CDKL5_005_186_55,0,0.0,15,1.0,0.2592,21.08
2025-10-11 12:11:27,018,CDKL5_005_186_55,0,0.0,15,1.0,0.2592,21.09
2025-10-11 12:21:30,018,CDKL5_005_186_55,0,0.0,15,1.0,0.2592,21.09
2025-10-11 12:31:33,018,CDKL5_005_186_55,0,0.0,15,1.0,0.252,21.07
2025-10-11 12:41:36,018,CDKL5_005_186_55,0,0.0,15,1.0,0.2736,21.07
2025-10-11 12:51:38,018,CDKL5_005_186_55,0,0.0,15,1.0,0.2736,21.08
2025-10-11 13:01:41,018,CDKL5_005_186_55,0,0.0,15,1.0,0.2592,21.07
2025-10-11 13:11:44,018,CDKL5_005_186_55,0,0.0,15,1.0,0.2592,21.07
2025-10-11 13:21:59,018,CDKL5_005_186_55,0,0.0,15,1.0,0.2628,21.1
2025-10-11 13:32:02,018,CDKL5_005_186_55,0,0.0,15,1.0,0.2592,21.09
2025-10-11 13:42:05,018,CDKL5_005_186_55,0,0.0,15,1.0,0.2628,21.08
2025-10-11 13:52:08,018,CDKL5_005_186_55,0,0.0,15,1.0,0.2592,21.08
2025-10-11 14:02:11,018,CDKL5_005_186_55,0,0.0,15,1.0,0.2592,21.07
2025-10-11 14:12:14,018,CDKL5_005_186_55,0,0.0,15,1.0,0.2664,21.07
2025-10-11 14:22:16,018,CDKL5_005_186_55,0,0.0,15,1.0,0.2592,21.05
2025-10-11 14:32:19,018,CDKL5_005_186_55,16,0.027,14,0.972,0.2556,21.06
2025-10-11 14:42:22,018,CDKL5_005_186_55,16,0.027,14,0.972,0.2484,21.07
2025-10-11 14:52:24,018,CDKL5_005_186_55,0,0.0,15,1.0,0.2484,21.06
2025-10-11 15:02:28,018,CDKL5_005_186_55,0,0.0,15,1.0,0.2556,21.04
2025-10-11 15:12:30,018,CDKL5_005_186_55,0,0.0,15,1.0,0.2412,21.03
2025-10-11 15:22:33,018,CDKL5_005_186_55,0,0.0,15,1.0,0.2304,21.03
2025-10-11 15:32:36,018,CDKL5_005_186_55,0,0.0,15,1.0,0.2304,21.02
2025-10-11 15:42:38,018,CDKL5_005_186_55,0,0.0,15,1.0,0.2412,21.03
2025-10-11 15:52:41,018,CDKL5_005_186_55,0,0.0,15,1.0,0.2376,21.04
2025-10-11 16:02:44,018,CDKL5_005_186_55,0,0.0,15,1.0,0.2376,21.05
2025-10-11 16:12:47,018,CDKL5_005_186_55,0,0.0,15,1.0,0.2376,21.04
2025-10-11 16:22:50,018,CDKL5_005_186_55,0,0.0,15,1.0,0.2628,21.03
2025-10-11 16:32:53,018,CDKL5_005_186_55,0,0.0,15,1.0,0.2628,21.03
2025-10-11 16:42:56,018,CDKL5_005_186_55,0,0.0,15,1.0,0.2592,21.02
2025-10-11 16:52:59,018,CDKL5_005_186_55,3,0.005,15,0.995,0.2376,21.0
2025-10-11 17:03:02,018,CDKL5_005_186_55,0,0.0,15,1.0,0.2628,21.01
2025-10-11 17:13:05,018,CDKL5_005_186_55,0,0.0,15,1.0,0.252,21.0
2025-10-11 17:23:20,018,CDKL5_005_186_55,0,0.0,15,1.0,0.2304,21.02
2025-10-11 17:33:23,018,CDKL5_005_186_55,0,0.0,15,1.0,0.2448,21.01
2025-10-11 17:43:25,018,CDKL5_005_186_55,0,0.0,15,1.0,0.2376,21.01
2025-10-11 17:53:28,018,CDKL5_005_186_55,0,0.0,15,1.0,0.2484,21.0
2025-10-11 18:03:31,018,CDKL5_005_186_55,33,0.055,11,0.93,0.0,21.02
2025-10-11 18:13:34,018,CDKL5_005_186_55,119,0.198,8,0.729,0.0,21.08
2025-10-11 18:23:37,018,CDKL5_005_186_55,58,0.097,11,0.884,0.0,21.13
2025-10-11 18:33:40,018,CDKL5_005_186_55,274,0.456,3,0.305,0.0,21.26
2025-10-11 18:43:43,018,CDKL5_005_186_55,124,0.207,7,0.693,0.0,21.31
2025-10-11 18:53:45,018,CDKL5_005_186_55,123,0.205,9,0.745,0.0,21.35
2025-10-11 19:03:48,018,CDKL5_005_186_55,10,0.017,14,0.982,0.0,21.32
2025-10-11 19:13:51,018,CDKL5_005_186_55,0,0.0,15,1.0,0.0,21.29
2025-10-11 19:23:54,018,CDKL5_005_186_55,0,0.0,15,1.0,0.0,21.26
2025-10-11 19:33:57,018,CDKL5_005_186_55,0,0.0,15,1.0,0.0,21.24
2025-10-11 19:43:59,018,CDKL5_005_186_55,30,0.05,12,0.941,0.0,21.24
2025-10-11 19:54:02,018,CDKL5_005_186_55,92,0.153,10,0.813,0.0,21.28
2025-10-11 20:04:05,018,CDKL5_005_186_55,0,0.0,15,1.0,0.0,21.28
2025-10-11 20:14:08,018,CDKL5_005_186_55,0,0.0,15,1.0,0.0,21.26
2025-10-11 20:24:12,018,CDKL5_005_186_55,0,0.0,15,1.0,0.0,21.25
2025-10-11 20:34:13,018,CDKL5_005_186_55,0,0.0,15,1.0,0.0,21.24
2025-10-11 20:44:16,018,CDKL5_005_186_55,21,0.035,12,0.958,0.0,21.26
2025-10-11 20:54:19,018,CDKL5_005_186_55,0,0.0,15,1.0,0.0,21.25
2025-10-11 21:04:22,018,CDKL5_005_186_55,83,0.138,9,0.813,0.0,21.27
2025-10-11 21:14:24,018,CDKL5_005_186_55,21,0.035,13,0.961,0.0,21.28
2025-10-11 21:24:43,018,CDKL5_005_186_55,0,0.0,15,1.0,0.0,21.3
2025-10-11 21:34:46,018,CDKL5_005_186_55,9,0.015,14,0.984,0.0,21.26
2025-10-11 21:44:49,018,CDKL5_005_186_55,0,0.0,15,1.0,0.0,21.24
2025-10-11 21:54:52,018,CDKL5_005_186_55,0,0.0,15,1.0,0.0,21.23
2025-10-11 22:04:55,018,CDKL5_005_186_55,0,0.0,15,1.0,0.0,21.19
2025-10-11 22:14:59,018,CDKL5_005_186_55,0,0.0,15,1.0,0.0,21.18
2025-10-11 22:25:01,018,CDKL5_005_186_55,45,0.075,12,0.914,0.0,21.18
2025-10-11 22:35:04,018,CDKL5_005_186_55,123,0.205,7,0.695,0.0,21.24
2025-10-11 22:45:06,018,CDKL5_005_186_55,64,0.106,11,0.873,0.0,21.24
2025-10-11 22:55:09,018,CDKL5_005_186_55,55,0.092,10,0.879,0.0,21.29
2025-10-11 23:05:12,018,CDKL5_005_186_55,126,0.21,8,0.717,0.0,21.31
2025-10-11 23:15:15,018,CDKL5_005_186_55,440,0.732,0,0.0,0.0,21.58
2025-10-11 23:25:18,018,CDKL5_005_186_55,113,0.188,10,0.78,0.0,21.6
2025-10-11 23:35:21,018,CDKL5_005_186_55,110,0.183,8,0.744,0.0,21.56
2025-10-11 23:45:23,018,CDKL5_005_186_55,431,0.717,2,0.157,0.0,21.79
2025-10-11 23:55:26,018,CDKL5_005_186_55,361,0.602,2,0.181,0.0,21.88
2025-10-12 00:05:28,018,CDKL5_005_186_55,308,0.512,1,0.115,0.0,21.91
2025-10-12 00:15:31,018,CDKL5_005_186_55,127,0.211,5,0.612,0.0,21.87
2025-10-12 00:25:34,018,CDKL5_005_186_55,52,0.087,10,0.885,0.0,21.75
2025-10-12 00:35:37,018,CDKL5_005_186_55,0,0.0,15,1.0,0.0,21.62
2025-10-12 00:45:40,018,CDKL5_005_186_55,55,0.092,12,0.897,0.0,21.57
2025-10-12 00:55:43,018,CDKL5_005_186_55,38,0.063,12,0.927,0.0,21.52
2025-10-12 01:05:46,018,CDKL5_005_186_55,15,0.025,13,0.972,0.0,21.47
2025-10-12 01:15:49,018,CDKL5_005_186_55,7,0.012,14,0.988,0.0,21.41
2025-10-12 01:26:12,018,CDKL5_005_186_55,0,0.0,15,1.0,0.0,21.4
2025-10-12 01:36:14,018,CDKL5_005_186_55,0,0.0,15,1.0,0.0,21.32
2025-10-12 01:46:17,018,CDKL5_005_186_55,0,0.0,15,1.0,0.0,21.27
2025-10-12 01:56:19,018,CDKL5_005_186_55,0,0.0,15,1.0,0.0,21.23
2025-10-12 02:06:22,018,CDKL5_005_186_55,0,0.0,15,1.0,0.0,21.19
2025-10-12 02:16:25,018,CDKL5_005_186_55,0,0.0,15,1.0,0.0,21.17
2025-10-12 02:26:27,018,CDKL5_005_186_55,0,0.0,15,1.0,0.0,21.17
2025-10-12 02:36:30,018,CDKL5_005_186_55,0,0.0,15,1.0,0.0,21.15
2025-10-12 02:46:32,018,CDKL5_005_186_55,8,0.013,14,0.986,0.0,21.15
2025-10-12 02:56:35,018,CDKL5_005_186_55,29,0.048,13,0.947,0.0,21.14
2025-10-12 03:06:37,018,CDKL5_005_186_55,95,0.158,9,0.791,0.0,21.19
2025-10-12 03:16:40,018,CDKL5_005_186_55,28,0.047,13,0.949,0.0,21.23
2025-10-12 03:26:43,018,CDKL5_005_186_55,0,0.0,15,1.0,0.0,21.22
2025-10-12 03:36:46,018,CDKL5_005_186_55,0,0.0,15,1.0,0.0,21.2
2025-10-12 03:46:50,018,CDKL5_005_186_55,0,0.0,15,1.0,0.0,21.17
2025-10-12 03:56:52,018,CDKL5_005_186_55,0,0.0,15,1.0,0.0,21.16
2025-10-12 04:06:55,018,CDKL5_005_186_55,37,0.062,13,0.934,0.0,21.15
2025-10-12 04:16:58,018,CDKL5_005_186_55,82,0.136,12,0.854,0.0,21.21
2025-10-12 04:27:01,018,CDKL5_005_186_55,8,0.013,14,0.986,0.0,21.22
2025-10-12 04:37:04,018,CDKL5_005_186_55,0,0.0,15,1.0,0.0,21.21
2025-10-12 04:47:06,018,CDKL5_005_186_55,0,0.0,15,1.0,0.0,21.18
2025-10-12 04:57:09,018,CDKL5_005_186_55,0,0.0,15,1.0,0.0,21.16
2025-10-12 05:07:12,018,CDKL5_005_186_55,104,0.173,10,0.794,0.0,21.19
2025-10-12 05:17:15,018,CDKL5_005_186_55,14,0.023,14,0.976,0.0,21.21
2025-10-12 05:27:32,018,CDKL5_005_186_55,0,0.0,15,1.0,0.0,21.23
2025-10-12 05:37:35,018,CDKL5_005_186_55,0,0.0,15,1.0,0.0,21.19
2025-10-12 05:47:37,018,CDKL5_005_186_55,0,0.0,15,1.0,0.0,21.16
2025-10-12 05:57:40,018,CDKL5_005_186_55,22,0.037,13,0.959,0.0,21.13
2025-10-12 06:07:42,018,CDKL5_005_186_55,103,0.172,7,0.731,0.2196,21.2
2025-10-12 06:17:45,018,CDKL5_005_186_55,139,0.231,7,0.668,0.2808,21.29
2025-10-12 06:27:49,018,CDKL5_005_186_55,0,0.0,15,1.0,0.2844,21.25
2025-10-12 06:37:51,018,CDKL5_005_186_55,0,0.0,15,1.0,0.2736,21.2
2025-10-12 06:47:54,018,CDKL5_005_186_55,0,0.0,15,1.0,0.2844,21.17
2025-10-12 06:57:57,018,CDKL5_005_186_55,0,0.0,15,1.0,0.2736,21.14
2025-10-12 07:08:00,018,CDKL5_005_186_55,0,0.0,15,1.0,0.2736,21.13
2025-10-12 07:18:03,018,CDKL5_005_186_55,0,0.0,15,1.0,0.252,21.11
2025-10-12 07:28:06,018,CDKL5_005_186_55,0,0.0,15,1.0,0.2664,21.12
2025-10-12 07:38:08,018,CDKL5_005_186_55,0,0.0,15,1.0,0.2664,21.12
2025-10-12 07:48:11,018,CDKL5_005_186_55,0,0.0,15,1.0,0.2664,21.1
2025-10-12 07:58:14,018,CDKL5_005_186_55,0,0.0,15,1.0,0.2772,21.09
2025-10-12 08:08:17,018,CDKL5_005_186_55,0,0.0,15,1.0,0.2772,21.08
2025-10-12 08:18:20,018,CDKL5_005_186_55,0,0.0,15,1.0,0.2772,21.06
2025-10-12 08:28:23,018,CDKL5_005_186_55,0,0.0,15,1.0,0.2772,21.05
2025-10-12 08:38:25,018,CDKL5_005_186_55,0,0.0,15,1.0,0.2664,21.05
2025-10-12 08:48:28,018,CDKL5_005_186_55,0,0.0,15,1.0,0.2664,21.04
2025-10-12 08:58:31,018,CDKL5_005_186_55,0,0.0,15,1.0,0.2664,21.03
2025-10-12 09:08:34,018,CDKL5_005_186_55,0,0.0,15,1.0,0.27,21.01
2025-10-12 09:18:37,018,CDKL5_005_186_55,0,0.0,15,1.0,0.2664,21.02
2025-10-12 09:28:49,018,CDKL5_005_186_55,0,0.0,15,1.0,0.2664,21.03
2025-10-12 09:38:52,018,CDKL5_005_186_55,0,0.0,15,1.0,0.252,21.03
2025-10-12 09:48:54,018,CDKL5_005_186_55,0,0.0,15,1.0,0.2772,21.04
2025-10-12 09:58:57,018,CDKL5_005_186_55,0,0.0,15,1.0,0.2772,21.04
2025-10-12 10:09:00,018,CDKL5_005_186_55,0,0.0,15,1.0,0.288,21.02
2025-10-12 10:19:03,018,CDKL5_005_186_55,0,0.0,15,1.0,0.288,21.02
2025-10-12 10:29:06,018,CDKL5_005_186_55,0,0.0,15,1.0,0.2772,21.01
2025-10-12 10:39:09,018,CDKL5_005_186_55,0,0.0,15,1.0,0.2772,21.01
2025-10-12 10:49:12,018,CDKL5_005_186_55,0,0.0,15,1.0,0.2772,21.0
2025-10-12 10:59:15,018,CDKL5_005_186_55,0,0.0,15,1.0,0.2772,21.0
2025-10-12 11:09:18,018,CDKL5_005_186_55,0,0.0,15,1.0,0.2664,21.01
2025-10-12 11:19:21,018,CDKL5_005_186_55,0,0.0,15,1.0,0.2664,21.0
2025-10-12 11:29:24,018,CDKL5_005_186_55,0,0.0,15,1.0,0.2664,20.99
2025-10-12 11:39:27,018,CDKL5_005_186_55,0,0.0,15,1.0,0.2664,21.0
2025-10-12 11:49:30,018,CDKL5_005_186_55,0,0.0,15,1.0,0.2664,20.98
2025-10-12 11:59:33,018,CDKL5_005_186_55,0,0.0,15,1.0,0.2664,20.98
2025-10-12 12:09:36,018,CDKL5_005_186_55,0,0.0,15,1.0,0.2664,20.98
2025-10-12 12:19:39,018,CDKL5_005_186_55,0,0.0,15,1.0,0.27,20.97
2025-10-12 12:29:42,018,CDKL5_005_186_55,0,0.0,15,1.0,0.2664,20.97
2025-10-12 12:39:45,018,CDKL5_005_186_55,0,0.0,15,1.0,0.27,20.97
2025-10-12 12:49:48,018,CDKL5_005_186_55,0,0.0,15,1.0,0.2664,20.96
2025-10-12 12:59:50,018,CDKL5_005_186_55,26,0.043,13,0.952,0.2592,20.98
2025-10-12 13:09:54,018,CDKL5_005_186_55,0,0.0,15,1.0,0.2592,20.99
2025-10-12 13:19:57,018,CDKL5_005_186_55,0,0.0,15,1.0,0.27,20.97
2025-10-12 13:30:13,018,CDKL5_005_186_55,0,0.0,15,1.0,0.2592,21.0
2025-10-12 13:40:16,018,CDKL5_005_186_55,0,0.0,15,1.0,0.27,20.98
2025-10-12 13:50:19,018,CDKL5_005_186_55,0,0.0,15,1.0,0.27,20.96
2025-10-12 14:00:22,018,CDKL5_005_186_55,0,0.0,15,1.0,0.27,20.94
2025-10-12 14:10:24,018,CDKL5_005_186_55,0,0.0,15,1.0,0.27,20.93
2025-10-12 14:20:27,018,CDKL5_005_186_55,0,0.0,15,1.0,0.27,20.92
2025-10-12 14:30:30,018,CDKL5_005_186_55,10,0.017,14,0.982,0.2448,20.91
2025-10-12 14:40:33,018,CDKL5_005_186_55,1,0.002,15,0.998,0.252,20.93
2025-10-12 14:50:35,018,CDKL5_005_186_55,0,0.0,15,1.0,0.252,20.93
2025-10-12 15:00:38,018,CDKL5_005_186_55,0,0.0,15,1.0,0.252,20.93
2025-10-12 15:10:40,018,CDKL5_005_186_55,0,0.0,15,1.0,0.252,20.93
2025-10-12 15:20:43,018,CDKL5_005_186_55,0,0.0,15,1.0,0.252,20.92
2025-10-12 15:30:46,018,CDKL5_005_186_55,0,0.0,15,1.0,0.2628,20.93
2025-10-12 15:40:49,018,CDKL5_005_186_55,0,0.0,15,1.0,0.252,20.92
2025-10-12 15:50:51,018,CDKL5_005_186_55,0,0.0,15,1.0,0.252,20.93
2025-10-12 16:00:54,018,CDKL5_005_186_55,0,0.0,15,1.0,0.252,20.94
2025-10-12 16:10:56,018,CDKL5_005_186_55,0,0.0,15,1.0,0.252,20.94
2025-10-12 16:21:00,018,CDKL5_005_186_55,0,0.0,15,1.0,0.252,20.94
2025-10-12 16:31:03,018,CDKL5_005_186_55,12,0.02,14,0.979,0.2448,20.97
2025-10-12 16:41:05,018,CDKL5_005_186_55,45,0.075,10,0.899,0.2448,21.01
2025-10-12 16:51:08,018,CDKL5_005_186_55,0,0.0,15,1.0,0.2448,21.01
2025-10-12 17:01:11,018,CDKL5_005_186_55,0,0.0,15,1.0,0.2556,21.01
2025-10-12 17:11:14,018,CDKL5_005_186_55,0,0.0,15,1.0,0.2556,20.99
2025-10-12 17:21:17,018,CDKL5_005_186_55,0,0.0,15,1.0,0.2592,20.98
2025-10-12 17:31:32,018,CDKL5_005_186_55,49,0.082,11,0.9,0.2592,21.01
2025-10-12 17:41:35,018,CDKL5_005_186_55,0,0.0,15,1.0,0.2628,21.0
2025-10-12 17:51:38,018,CDKL5_005_186_55,0,0.0,15,1.0,0.2412,21.0
2025-10-12 18:01:40,018,CDKL5_005_186_55,8,0.013,14,0.986,0.0,21.01
2025-10-12 18:11:44,018,CDKL5_005_186_55,22,0.037,13,0.959,0.0,21.01
2025-10-12 18:21:47,018,CDKL5_005_186_55,321,0.533,2,0.2,0.0,21.26
2025-10-12 18:31:50,018,CDKL5_005_186_55,48,0.08,13,0.915,0.0,21.24
2025-10-12 18:41:53,018,CDKL5_005_186_55,371,0.616,1,0.097,0.0,21.6
2025-10-12 18:51:57,018,CDKL5_005_186_55,16,0.027,14,0.972,0.0,21.48
2025-10-12 19:01:59,018,CDKL5_005_186_55,0,0.0,15,1.0,0.0,21.37
2025-10-12 19:12:02,018,CDKL5_005_186_55,40,0.067,12,0.923,0.0,21.34
2025-10-12 19:22:05,018,CDKL5_005_186_55,126,0.209,8,0.717,0.0,21.36
2025-10-12 19:32:08,018,CDKL5_005_186_55,7,0.012,14,0.988,0.0,21.34
2025-10-12 19:42:11,018,CDKL5_005_186_55,0,0.0,15,1.0,0.0,21.31
2025-10-12 19:52:13,018,CDKL5_005_186_55,0,0.0,15,1.0,0.0,21.28
2025-10-12 20:02:16,018,CDKL5_005_186_55,11,0.018,13,0.979,0.0,21.28
2025-10-12 20:12:19,018,CDKL5_005_186_55,0,0.0,15,1.0,0.0,21.26
2025-10-12 20:22:22,018,CDKL5_005_186_55,18,0.03,14,0.969,0.0,21.26
2025-10-12 20:32:24,018,CDKL5_005_186_55,0,0.0,15,1.0,0.0,21.25
2025-10-12 20:42:27,018,CDKL5_005_186_55,0,0.0,15,1.0,0.0,21.26
2025-10-12 20:52:30,018,CDKL5_005_186_55,0,0.0,15,1.0,0.0,21.26
2025-10-12 21:02:33,018,CDKL5_005_186_55,5,0.008,14,0.991,0.0,21.26
2025-10-12 21:12:36,018,CDKL5_005_186_55,71,0.118,11,0.861,0.0,21.33
2025-10-12 21:22:39,018,CDKL5_005_186_55,289,0.48,3,0.293,0.0,21.61
2025-10-12 21:32:58,018,CDKL5_005_186_55,37,0.062,12,0.928,0.0,21.66
2025-10-12 21:43:01,018,CDKL5_005_186_55,72,0.12,9,0.833,0.0,21.6
2025-10-12 21:53:04,018,CDKL5_005_186_55,10,0.017,14,0.982,0.0,21.52
2025-10-12 22:03:08,018,CDKL5_005_186_55,361,0.601,1,0.1,0.0,21.76
2025-10-12 22:13:11,018,CDKL5_005_186_55,203,0.338,5,0.496,0.0,21.77
2025-10-12 22:23:13,018,CDKL5_005_186_55,0,0.0,15,1.0,0.0,21.65
2025-10-12 22:33:16,018,CDKL5_005_186_55,273,0.454,3,0.305,0.0,21.75
2025-10-12 22:43:19,018,CDKL5_005_186_55,0,0.0,15,1.0,0.0,21.62
2025-10-12 22:53:21,018,CDKL5_005_186_55,0,0.0,15,1.0,0.0,21.49
2025-10-12 23:03:24,018,CDKL5_005_186_55,0,0.0,15,1.0,0.0,21.42
2025-10-12 23:13:27,018,CDKL5_005_186_55,0,0.0,15,1.0,0.0,21.36
2025-10-12 23:23:30,018,CDKL5_005_186_55,0,0.0,15,1.0,0.0,21.31
2025-10-12 23:33:33,018,CDKL5_005_186_55,233,0.388,4,0.407,0.0,21.41
2025-10-12 23:43:36,018,CDKL5_005_186_55,263,0.437,1,0.132,0.0,21.65
2025-10-12 23:53:39,018,CDKL5_005_186_55,246,0.409,3,0.328,0.0,21.82
2025-10-11 00:08:26,011,CDKL5_005_187_10,116,0.193,9,0.756,0.0,21.82
2025-10-11 00:18:28,011,CDKL5_005_187_10,99,0.165,8,0.764,0.0,21.91
2025-10-11 00:28:31,011,CDKL5_005_187_10,57,0.095,11,0.885,0.0,21.94
2025-10-11 00:38:34,011,CDKL5_005_187_10,35,0.058,12,0.932,0.0,21.94
2025-10-11 00:48:37,011,CDKL5_005_187_10,86,0.143,9,0.807,0.0,21.99
2025-10-11 00:58:40,011,CDKL5_005_187_10,36,0.06,11,0.924,0.0,22.0
2025-10-11 01:08:43,011,CDKL5_005_187_10,25,0.042,13,0.954,0.0,21.97
2025-10-11 01:18:46,011,CDKL5_005_187_10,0,0.0,15,1.0,0.0,21.97
2025-10-11 01:28:49,011,CDKL5_005_187_10,82,0.136,10,0.83,0.0,21.97
2025-10-11 01:38:51,011,CDKL5_005_187_10,97,0.161,10,0.805,0.0,21.98
2025-10-11 01:48:54,011,CDKL5_005_187_10,24,0.04,12,0.952,0.0,21.96
2025-10-11 01:58:58,011,CDKL5_005_187_10,0,0.0,15,1.0,0.0,21.92
2025-10-11 02:09:01,011,CDKL5_005_187_10,0,0.0,15,1.0,0.0,21.86
2025-10-11 02:19:04,011,CDKL5_005_187_10,0,0.0,15,1.0,0.0,21.8
2025-10-11 02:29:31,011,CDKL5_005_187_10,0,0.0,15,1.0,0.0,21.82
2025-10-11 02:39:34,011,CDKL5_005_187_10,1,0.002,15,0.998,0.0,21.77
2025-10-11 02:49:36,011,CDKL5_005_187_10,0,0.0,15,1.0,0.0,21.74
2025-10-11 02:59:39,011,CDKL5_005_187_10,0,0.0,15,1.0,0.0,21.72
2025-10-11 03:09:43,011,CDKL5_005_187_10,0,0.0,15,1.0,0.0,21.7
2025-10-11 03:19:47,011,CDKL5_005_187_10,0,0.0,15,1.0,0.0,21.68
2025-10-11 03:29:50,011,CDKL5_005_187_10,0,0.0,15,1.0,0.0,21.68
2025-10-11 03:39:52,011,CDKL5_005_187_10,183,0.304,4,0.466,0.0,21.81
2025-10-11 03:49:56,011,CDKL5_005_187_10,189,0.314,3,0.388,0.0,21.87
2025-10-11 03:59:59,011,CDKL5_005_187_10,10,0.017,14,0.982,0.0,21.87
2025-10-11 04:10:02,011,CDKL5_005_187_10,44,0.073,11,0.909,0.0,21.92
2025-10-11 04:20:06,011,CDKL5_005_187_10,42,0.07,11,0.913,0.0,21.92
2025-10-11 04:30:08,011,CDKL5_005_187_10,13,0.022,13,0.976,0.0,21.92
2025-10-11 04:40:11,011,CDKL5_005_187_10,14,0.023,14,0.976,0.0,21.91
2025-10-11 04:50:14,011,CDKL5_005_187_10,0,0.0,15,1.0,0.0,21.87
2025-10-11 05:00:17,011,CDKL5_005_187_10,30,0.05,13,0.945,0.0,21.86
2025-10-11 05:10:20,011,CDKL5_005_187_10,0,0.0,15,1.0,0.0,21.82
2025-10-11 05:20:23,011,CDKL5_005_187_10,0,0.0,15,1.0,0.0,21.78
2025-10-11 05:30:26,011,CDKL5_005_187_10,0,0.0,15,1.0,0.0,21.75
2025-10-11 05:40:28,011,CDKL5_005_187_10,0,0.0,15,1.0,0.0,21.71
2025-10-11 05:50:31,011,CDKL5_005_187_10,0,0.0,15,1.0,0.0,21.69
2025-10-11 06:00:35,011,CDKL5_005_187_10,0,0.0,15,1.0,0.3672,21.67
2025-10-11 06:10:38,011,CDKL5_005_187_10,1,0.002,14,0.998,0.3744,21.67
2025-10-11 06:20:40,011,CDKL5_005_187_10,0,0.0,15,1.0,0.3672,21.67
2025-10-11 06:31:09,011,CDKL5_005_187_10,0,0.0,15,1.0,0.3672,21.73
2025-10-11 06:41:12,011,CDKL5_005_187_10,0,0.0,15,1.0,0.36,21.71
2025-10-11 06:51:14,011,CDKL5_005_187_10,0,0.0,15,1.0,0.36,21.69
2025-10-11 07:01:18,011,CDKL5_005_187_10,0,0.0,15,1.0,0.3708,21.68
2025-10-11 07:11:21,011,CDKL5_005_187_10,0,0.0,15,1.0,0.3672,21.67
2025-10-11 07:21:24,011,CDKL5_005_187_10,0,0.0,15,1.0,0.3708,21.67
2025-10-11 07:31:27,011,CDKL5_005_187_10,0,0.0,15,1.0,0.36,21.67
2025-10-11 07:41:30,011,CDKL5_005_187_10,0,0.0,15,1.0,0.36,21.67
2025-10-11 07:51:33,011,CDKL5_005_187_10,0,0.0,15,1.0,0.3708,21.67
2025-10-11 08:01:36,011,CDKL5_005_187_10,0,0.0,15,1.0,0.3636,21.67
2025-10-11 08:11:38,011,CDKL5_005_187_10,1,0.002,14,0.998,0.3528,21.67
2025-10-11 08:21:42,011,CDKL5_005_187_10,0,0.0,15,1.0,0.3528,21.66
2025-10-11 08:31:45,011,CDKL5_005_187_10,0,0.0,15,1.0,0.3528,21.65
2025-10-11 08:41:47,011,CDKL5_005_187_10,0,0.0,15,1.0,0.3528,21.62
2025-10-11 08:51:51,011,CDKL5_005_187_10,0,0.0,15,1.0,0.3636,21.61
2025-10-11 09:01:54,011,CDKL5_005_187_10,0,0.0,15,1.0,0.3636,21.59
2025-10-11 09:11:57,011,CDKL5_005_187_10,0,0.0,15,1.0,0.36,21.6
2025-10-11 09:22:00,011,CDKL5_005_187_10,0,0.0,15,1.0,0.3636,21.61
2025-10-11 09:32:03,011,CDKL5_005_187_10,0,0.0,15,1.0,0.36,21.62
2025-10-11 09:42:06,011,CDKL5_005_187_10,0,0.0,15,1.0,0.36,21.62
2025-10-11 09:52:08,011,CDKL5_005_187_10,1,0.002,14,0.998,0.36,21.63
2025-10-11 10:02:11,011,CDKL5_005_187_10,0,0.0,15,1.0,0.3744,21.63
2025-10-11 10:12:14,011,CDKL5_005_187_10,0,0.0,15,1.0,0.36,21.63
2025-10-11 10:22:16,011,CDKL5_005_187_10,0,0.0,15,1.0,0.3744,21.62
2025-10-11 10:32:39,011,CDKL5_005_187_10,0,0.0,15,1.0,0.3672,21.7
2025-10-11 10:42:42,011,CDKL5_005_187_10,0,0.0,15,1.0,0.3744,21.67
2025-10-11 10:52:44,011,CDKL5_005_187_10,0,0.0,15,1.0,0.36,21.67
2025-10-11 11:02:48,011,CDKL5_005_187_10,0,0.0,15,1.0,0.3564,21.66
2025-10-11 11:12:50,011,CDKL5_005_187_10,0,0.0,15,1.0,0.36,21.67
2025-10-11 11:22:53,011,CDKL5_005_187_10,0,0.0,15,1.0,0.3636,21.67
2025-10-11 11:32:55,011,CDKL5_005_187_10,0,0.0,15,1.0,0.3528,21.65
2025-10-11 11:42:58,011,CDKL5_005_187_10,2,0.003,14,0.996,0.3528,21.63
2025-10-11 11:53:01,011,CDKL5_005_187_10,0,0.0,15,1.0,0.36,21.63
2025-10-11 12:03:05,011,CDKL5_005_187_10,0,0.0,15,1.0,0.36,21.63
2025-10-11 12:13:08,011,CDKL5_005_187_10,0,0.0,15,1.0,0.36,21.62
2025-10-11 12:23:11,011,CDKL5_005_187_10,1,0.002,14,0.998,0.3708,21.62
2025-10-11 12:33:14,011,CDKL5_005_187_10,0,0.0,15,1.0,0.3744,21.61
2025-10-11 12:43:17,011,CDKL5_005_187_10,0,0.0,15,1.0,0.378,21.62
2025-10-11 12:53:20,011,CDKL5_005_187_10,0,0.0,15,1.0,0.36,21.6
2025-10-11 13:03:23,011,CDKL5_005_187_10,0,0.0,15,1.0,0.36,21.59
2025-10-11 13:13:25,011,CDKL5_005_187_10,4,0.007,14,0.993,0.36,21.58
2025-10-11 13:23:28,011,CDKL5_005_187_10,0,0.0,15,1.0,0.36,21.59
2025-10-11 13:33:31,011,CDKL5_005_187_10,1,0.002,14,0.998,0.36,21.6
2025-10-11 13:43:34,011,CDKL5_005_187_10,0,0.0,15,1.0,0.3636,21.6
2025-10-11 13:53:36,011,CDKL5_005_187_10,0,0.0,15,1.0,0.36,21.58
2025-10-11 14:03:39,011,CDKL5_005_187_10,0,0.0,15,1.0,0.36,21.6
2025-10-11 14:13:42,011,CDKL5_005_187_10,0,0.0,15,1.0,0.36,21.58
2025-10-11 14:23:45,011,CDKL5_005_187_10,0,0.0,15,1.0,0.36,21.57
2025-10-11 14:34:10,011,CDKL5_005_187_10,0,0.0,15,1.0,0.3528,21.62
2025-10-11 14:44:13,011,CDKL5_005_187_10,0,0.0,15,1.0,0.36,21.6
2025-10-11 14:54:17,011,CDKL5_005_187_10,0,0.0,15,1.0,0.36,21.59
2025-10-11 15:04:20,011,CDKL5_005_187_10,0,0.0,15,1.0,0.3528,21.58
2025-10-11 15:14:23,011,CDKL5_005_187_10,0,0.0,15,1.0,0.3672,21.57
2025-10-11 15:24:26,011,CDKL5_005_187_10,0,0.0,15,1.0,0.3672,21.56
2025-10-11 15:34:28,011,CDKL5_005_187_10,2,0.003,14,0.996,0.36,21.55
2025-10-11 15:44:32,011,CDKL5_005_187_10,0,0.0,15,1.0,0.3672,21.55
2025-10-11 15:54:35,011,CDKL5_005_187_10,0,0.0,15,1.0,0.3672,21.56
2025-10-11 16:04:38,011,CDKL5_005_187_10,0,0.0,15,1.0,0.3708,21.58
2025-10-11 16:14:41,011,CDKL5_005_187_10,0,0.0,15,1.0,0.3636,21.59
2025-10-11 16:24:44,011,CDKL5_005_187_10,0,0.0,15,1.0,0.378,21.59
2025-10-11 16:34:47,011,CDKL5_005_187_10,0,0.0,15,1.0,0.3816,21.6
2025-10-11 16:44:50,011,CDKL5_005_187_10,0,0.0,15,1.0,0.36,21.59
2025-10-11 16:54:54,011,CDKL5_005_187_10,0,0.0,15,1.0,0.3636,21.6
2025-10-11 17:04:56,011,CDKL5_005_187_10,0,0.0,15,1.0,0.3672,21.61
2025-10-11 17:15:00,011,CDKL5_005_187_10,0,0.0,15,1.0,0.3672,21.62
2025-10-11 17:25:03,011,CDKL5_005_187_10,0,0.0,15,1.0,0.3636,21.63
2025-10-11 17:35:05,011,CDKL5_005_187_10,0,0.0,15,1.0,0.36,21.64
2025-10-11 17:45:08,011,CDKL5_005_187_10,0,0.0,15,1.0,0.36,21.64
2025-10-11 17:55:11,011,CDKL5_005_187_10,0,0.0,15,1.0,0.3672,21.65
2025-10-11 18:05:14,011,CDKL5_005_187_10,73,0.121,9,0.831,0.0,21.65
2025-10-11 18:15:17,011,CDKL5_005_187_10,137,0.228,6,0.637,0.0,21.71
2025-10-11 18:25:19,011,CDKL5_005_187_10,168,0.28,5,0.543,0.0,21.87
2025-10-11 18:35:34,011,CDKL5_005_187_10,71,0.119,10,0.849,0.0,21.92
2025-10-11 18:45:36,011,CDKL5_005_187_10,197,0.328,5,0.504,0.0,21.99
2025-10-11 18:55:40,011,CDKL5_005_187_10,69,0.115,10,0.853,0.0,21.99
2025-10-11 19:05:43,011,CDKL5_005_187_10,13,0.022,14,0.977,0.0,21.98
2025-10-11 19:15:45,011,CDKL5_005_187_10,125,0.208,7,0.691,0.0,22.06
2025-10-11 19:25:48,011,CDKL5_005_187_10,269,0.448,2,0.229,0.0,22.21
2025-10-11 19:35:51,011,CDKL5_005_187_10,216,0.359,5,0.481,0.0,22.29
2025-10-11 19:45:53,011,CDKL5_005_187_10,75,0.125,10,0.842,0.0,22.25
2025-10-11 19:55:56,011,CDKL5_005_187_10,11,0.018,13,0.979,0.0,22.19
2025-10-11 20:05:58,011,CDKL5_005_187_10,150,0.25,6,0.615,0.0,22.31
2025-10-11 20:16:01,011,CDKL5_005_187_10,165,0.275,4,0.492,0.0,22.32
2025-10-11 20:26:04,011,CDKL5_005_187_10,40,0.067,12,0.923,0.0,22.28
2025-10-11 20:36:07,011,CDKL5_005_187_10,71,0.118,10,0.849,0.0,22.25
2025-10-11 20:46:10,011,CDKL5_005_187_10,120,0.2,7,0.7,0.0,22.23
2025-10-11 20:56:13,011,CDKL5_005_187_10,0,0.0,15,1.0,0.0,22.21
2025-10-11 21:06:16,011,CDKL5_005_187_10,198,0.329,5,0.503,0.0,22.2
2025-10-11 21:16:19,011,CDKL5_005_187_10,258,0.429,3,0.317,0.0,22.26
2025-10-11 21:26:22,011,CDKL5_005_187_10,59,0.098,11,0.882,0.0,22.21
2025-10-11 21:36:25,011,CDKL5_005_187_10,82,0.136,9,0.814,0.0,22.2
2025-10-11 21:46:29,011,CDKL5_005_187_10,188,0.312,6,0.561,0.0,22.22
2025-10-11 21:56:31,011,CDKL5_005_187_10,251,0.418,3,0.323,0.0,22.26
2025-10-11 22:06:34,011,CDKL5_005_187_10,142,0.236,8,0.693,0.0,22.29
2025-10-11 22:16:37,011,CDKL5_005_187_10,0,0.0,15,1.0,0.0,22.2
2025-10-11 22:26:39,011,CDKL5_005_187_10,75,0.125,10,0.842,0.0,22.12
2025-10-11 22:36:54,011,CDKL5_005_187_10,55,0.092,13,0.904,0.0,22.13
2025-10-11 22:46:57,011,CDKL5_005_187_10,160,0.266,4,0.5,0.0,22.15
2025-10-11 22:57:00,011,CDKL5_005_187_10,90,0.15,9,0.8,0.0,22.15
2025-10-11 23:07:02,011,CDKL5_005_187_10,50,0.083,11,0.898,0.0,22.12
2025-10-11 23:17:05,011,CDKL5_005_187_10,16,0.027,13,0.97,0.0,22.09
2025-10-11 23:27:08,011,CDKL5_005_187_10,34,0.057,11,0.928,0.0,22.07
2025-10-11 23:37:11,011,CDKL5_005_187_10,50,0.083,11,0.898,0.0,22.05
2025-10-11 23:47:14,011,CDKL5_005_187_10,0,0.0,15,1.0,0.0,22.03
2025-10-11 23:57:17,011,CDKL5_005_187_10,0,0.0,15,1.0,0.0,21.97
2025-10-12 00:07:20,011,CDKL5_005_187_10,0,0.0,15,1.0,0.0,21.92
2025-10-12 00:17:23,011,CDKL5_005_187_10,0,0.0,15,1.0,0.0,21.87
2025-10-12 00:27:25,011,CDKL5_005_187_10,0,0.0,15,1.0,0.0,21.86
2025-10-12 00:37:28,011,CDKL5_005_187_10,0,0.0,15,1.0,0.0,21.84
2025-10-12 00:47:31,011,CDKL5_005_187_10,0,0.0,15,1.0,0.0,21.83
2025-10-12 00:57:34,011,CDKL5_005_187_10,0,0.0,15,1.0,0.0,21.83
2025-10-12 01:07:37,011,CDKL5_005_187_10,0,0.0,15,1.0,0.0,21.8
2025-10-12 01:17:40,011,CDKL5_005_187_10,1,0.002,14,0.998,0.0,21.79
2025-10-12 01:27:43,011,CDKL5_005_187_10,0,0.0,15,1.0,0.0,21.78
2025-10-12 01:37:46,011,CDKL5_005_187_10,0,0.0,15,1.0,0.0,21.76
2025-10-12 01:47:49,011,CDKL5_005_187_10,0,0.0,15,1.0,0.0,21.74
2025-10-12 01:57:52,011,CDKL5_005_187_10,0,0.0,15,1.0,0.0,21.75
2025-10-12 02:07:55,011,CDKL5_005_187_10,1,0.002,14,0.998,0.0,21.74
2025-10-12 02:17:58,011,CDKL5_005_187_10,113,0.188,9,0.761,0.0,21.76
2025-10-12 02:28:00,011,CDKL5_005_187_10,116,0.193,9,0.756,0.0,21.84
2025-10-12 02:38:18,011,CDKL5_005_187_10,77,0.129,10,0.839,0.0,21.94
2025-10-12 02:48:22,011,CDKL5_005_187_10,54,0.09,13,0.906,0.0,21.91
2025-10-12 02:58:24,011,CDKL5_005_187_10,78,0.13,11,0.849,0.0,21.91
2025-10-12 03:08:27,011,CDKL5_005_187_10,8,0.013,14,0.986,0.0,21.88
2025-10-12 03:18:30,011,CDKL5_005_187_10,13,0.022,13,0.976,0.0,21.88
2025-10-12 03:28:33,011,CDKL5_005_187_10,1,0.002,14,0.998,0.0,21.86
2025-10-12 03:38:37,011,CDKL5_005_187_10,6,0.01,14,0.989,0.0,21.83
2025-10-12 03:48:39,011,CDKL5_005_187_10,0,0.0,15,1.0,0.0,21.81
2025-10-12 03:58:42,011,CDKL5_005_187_10,8,0.013,14,0.986,0.0,21.78
2025-10-12 04:08:45,011,CDKL5_005_187_10,0,0.0,15,1.0,0.0,21.78
2025-10-12 04:18:48,011,CDKL5_005_187_10,58,0.097,11,0.884,0.0,21.79
2025-10-12 04:28:51,011,CDKL5_005_187_10,0,0.0,15,1.0,0.0,21.79
2025-10-12 04:38:54,011,CDKL5_005_187_10,0,0.0,15,1.0,0.0,21.78
2025-10-12 04:48:57,011,CDKL5_005_187_10,7,0.012,14,0.988,0.0,21.77
2025-10-12 04:59:00,011,CDKL5_005_187_10,0,0.0,15,1.0,0.0,21.76
2025-10-12 05:09:03,011,CDKL5_005_187_10,11,0.018,14,0.981,0.0,21.76
2025-10-12 05:19:07,011,CDKL5_005_187_10,0,0.0,15,1.0,0.0,21.76
2025-10-12 05:29:10,011,CDKL5_005_187_10,0,0.0,15,1.0,0.0,21.74
2025-10-12 05:39:13,011,CDKL5_005_187_10,11,0.018,14,0.981,0.0,21.72
2025-10-12 05:49:16,011,CDKL5_005_187_10,160,0.266,5,0.556,0.0,21.81
2025-10-12 05:59:19,011,CDKL5_005_187_10,81,0.135,11,0.845,0.0,21.81
2025-10-12 06:09:22,011,CDKL5_005_187_10,5,0.008,14,0.991,0.36,21.82
2025-10-12 06:19:25,011,CDKL5_005_187_10,10,0.017,14,0.982,0.3672,21.82
2025-10-12 06:29:28,011,CDKL5_005_187_10,0,0.0,15,1.0,0.3456,21.79
2025-10-12 06:39:46,011,CDKL5_005_187_10,0,0.0,15,1.0,0.3456,21.8
2025-10-12 06:49:49,011,CDKL5_005_187_10,0,0.0,15,1.0,0.3456,21.79
2025-10-12 06:59:51,011,CDKL5_005_187_10,0,0.0,15,1.0,0.3456,21.78
2025-10-12 07:09:54,011,CDKL5_005_187_10,0,0.0,15,1.0,0.3456,21.77
2025-10-12 07:19:57,011,CDKL5_005_187_10,0,0.0,15,1.0,0.3456,21.76
2025-10-12 07:30:01,011,CDKL5_005_187_10,0,0.0,15,1.0,0.3456,21.75
2025-10-12 07:40:04,011,CDKL5_005_187_10,0,0.0,15,1.0,0.3456,21.75
2025-10-12 07:50:07,011,CDKL5_005_187_10,0,0.0,15,1.0,0.3456,21.74
2025-10-12 08:00:09,011,CDKL5_005_187_10,0,0.0,15,1.0,0.3456,21.73
2025-10-12 08:10:12,011,CDKL5_005_187_10,0,0.0,15,1.0,0.3456,21.72
2025-10-12 08:20:15,011,CDKL5_005_187_10,0,0.0,15,1.0,0.3564,21.71
2025-10-12 08:30:19,011,CDKL5_005_187_10,0,0.0,15,1.0,0.3528,21.71
2025-10-12 08:40:21,011,CDKL5_005_187_10,0,0.0,15,1.0,0.3528,21.7
2025-10-12 08:50:24,011,CDKL5_005_187_10,0,0.0,15,1.0,0.3456,21.68
2025-10-12 09:00:27,011,CDKL5_005_187_10,0,0.0,15,1.0,0.3456,21.69
2025-10-12 09:10:30,011,CDKL5_005_187_10,0,0.0,15,1.0,0.3564,21.68
2025-10-12 09:20:33,011,CDKL5_005_187_10,0,0.0,15,1.0,0.3456,21.66
2025-10-12 09:30:36,011,CDKL5_005_187_10,0,0.0,15,1.0,0.3528,21.66
2025-10-12 09:40:39,011,CDKL5_005_187_10,8,0.013,14,0.986,0.36,21.66
2025-10-12 09:50:43,011,CDKL5_005_187_10,0,0.0,15,1.0,0.3528,21.65
2025-10-12 10:00:46,011,CDKL5_005_187_10,0,0.0,15,1.0,0.3564,21.63
2025-10-12 10:10:49,011,CDKL5_005_187_10,0,0.0,15,1.0,0.3528,21.61
2025-10-12 10:20:51,011,CDKL5_005_187_10,1,0.002,14,0.998,0.3636,21.61
2025-10-12 10:30:54,011,CDKL5_005_187_10,0,0.0,15,1.0,0.3528,21.61
2025-10-12 10:41:14,011,CDKL5_005_187_10,0,0.0,15,1.0,0.3528,21.67
2025-10-12 10:51:18,011,CDKL5_005_187_10,2,0.003,14,0.996,0.36,21.66
2025-10-12 11:01:21,011,CDKL5_005_187_10,0,0.0,15,1.0,0.3636,21.65
2025-10-12 11:11:24,011,CDKL5_005_187_10,8,0.013,14,0.986,0.3528,21.66
2025-10-12 11:21:26,011,CDKL5_005_187_10,0,0.0,15,1.0,0.3456,21.66
2025-10-12 11:31:29,011,CDKL5_005_187_10,0,0.0,15,1.0,0.3528,21.65
2025-10-12 11:41:32,011,CDKL5_005_187_10,0,0.0,15,1.0,0.3528,21.65
2025-10-12 11:51:35,011,CDKL5_005_187_10,1,0.002,14,0.998,0.3528,21.64
2025-10-12 12:01:38,011,CDKL5_005_187_10,2,0.003,14,0.996,0.3564,21.64
2025-10-12 12:11:41,011,CDKL5_005_187_10,1,0.002,14,0.998,0.3528,21.64
2025-10-12 12:21:45,011,CDKL5_005_187_10,1,0.002,14,0.998,0.36,21.63
2025-10-12 12:31:48,011,CDKL5_005_187_10,2,0.003,14,0.996,0.3528,21.63
2025-10-12 12:41:51,011,CDKL5_005_187_10,0,0.0,15,1.0,0.3564,21.62
2025-10-12 12:51:53,011,CDKL5_005_187_10,0,0.0,15,1.0,0.3636,21.62
2025-10-12 13:01:56,011,CDKL5_005_187_10,0,0.0,15,1.0,0.36,21.61
2025-10-12 13:11:58,011,CDKL5_005_187_10,0,0.0,15,1.0,0.3492,21.62
2025-10-12 13:22:01,011,CDKL5_005_187_10,5,0.008,14,0.991,0.3456,21.61
2025-10-12 13:32:04,011,CDKL5_005_187_10,0,0.0,15,1.0,0.3492,21.62
2025-10-12 13:42:07,011,CDKL5_005_187_10,0,0.0,15,1.0,0.3636,21.61
2025-10-12 13:52:10,011,CDKL5_005_187_10,2,0.003,14,0.996,0.3456,21.6
2025-10-12 14:02:13,011,CDKL5_005_187_10,0,0.0,15,1.0,0.3492,21.57
2025-10-12 14:12:17,011,CDKL5_005_187_10,0,0.0,15,1.0,0.3492,21.57
2025-10-12 14:22:20,011,CDKL5_005_187_10,0,0.0,15,1.0,0.3384,21.57
2025-10-12 14:32:23,011,CDKL5_005_187_10,0,0.0,15,1.0,0.3456,21.58
2025-10-12 14:42:41,011,CDKL5_005_187_10,0,0.0,15,1.0,0.3492,21.62
2025-10-12 14:52:44,011,CDKL5_005_187_10,0,0.0,15,1.0,0.3456,21.59
2025-10-12 15:02:47,011,CDKL5_005_187_10,1,0.002,14,0.998,0.3456,21.59
2025-10-12 15:12:50,011,CDKL5_005_187_10,0,0.0,15,1.0,0.3456,21.59
2025-10-12 15:22:54,011,CDKL5_005_187_10,2,0.003,13,0.996,0.36,21.58
2025-10-12 15:32:56,011,CDKL5_005_187_10,0,0.0,15,1.0,0.36,21.57
2025-10-12 15:42:59,011,CDKL5_005_187_10,0,0.0,15,1.0,0.3564,21.54
2025-10-12 15:53:02,011,CDKL5_005_187_10,0,0.0,15,1.0,0.3456,21.54
2025-10-12 16:03:05,011,CDKL5_005_187_10,0,0.0,15,1.0,0.3456,21.57
2025-10-12 16:13:08,011,CDKL5_005_187_10,0,0.0,15,1.0,0.3456,21.56
2025-10-12 16:23:11,011,CDKL5_005_187_10,1,0.002,14,0.998,0.3456,21.57
2025-10-12 16:33:15,011,CDKL5_005_187_10,0,0.0,15,1.0,0.3384,21.57
2025-10-12 16:43:17,011,CDKL5_005_187_10,0,0.0,15,1.0,0.3564,21.57
2025-10-12 16:53:21,011,CDKL5_005_187_10,0,0.0,15,1.0,0.3492,21.6
2025-10-12 17:03:24,011,CDKL5_005_187_10,0,0.0,15,1.0,0.3456,21.59
2025-10-12 17:13:27,011,CDKL5_005_187_10,0,0.0,15,1.0,0.342,21.57
2025-10-12 17:23:31,011,CDKL5_005_187_10,0,0.0,15,1.0,0.3528,21.56
2025-10-12 17:33:33,011,CDKL5_005_187_10,0,0.0,15,1.0,0.3636,21.55
2025-10-12 17:43:36,011,CDKL5_005_187_10,0,0.0,15,1.0,0.3636,21.55
2025-10-12 17:53:40,011,CDKL5_005_187_10,0,0.0,15,1.0,0.3672,21.56
2025-10-12 18:03:43,011,CDKL5_005_187_10,4,0.007,14,0.993,0.0,21.57
2025-10-12 18:13:45,011,CDKL5_005_187_10,166,0.276,4,0.491,0.0,21.63
2025-10-12 18:23:48,011,CDKL5_005_187_10,172,0.286,5,0.538,0.0,21.76
2025-10-12 18:33:52,011,CDKL5_005_187_10,114,0.19,8,0.737,0.0,21.83
2025-10-12 18:44:09,011,CDKL5_005_187_10,208,0.347,5,0.49,0.0,21.99
2025-10-12 18:54:12,011,CDKL5_005_187_10,89,0.148,10,0.818,0.0,22.04
2025-10-12 19:04:15,011,CDKL5_005_187_10,66,0.11,11,0.87,0.0,22.01
2025-10-12 19:14:18,011,CDKL5_005_187_10,86,0.143,10,0.823,0.0,21.98
2025-10-12 19:24:21,011,CDKL5_005_187_10,55,0.092,12,0.897,0.0,21.95
2025-10-12 19:34:25,011,CDKL5_005_187_10,258,0.429,3,0.317,0.0,22.11
2025-10-12 19:44:28,011,CDKL5_005_187_10,0,0.0,15,1.0,0.0,22.07
2025-10-12 19:54:31,011,CDKL5_005_187_10,0,0.0,15,1.0,0.0,22.0
2025-10-12 20:04:34,011,CDKL5_005_187_10,0,0.0,15,1.0,0.0,21.95
2025-10-12 20:14:37,011,CDKL5_005_187_10,1,0.002,14,0.998,0.0,21.91
2025-10-12 20:24:40,011,CDKL5_005_187_10,43,0.072,10,0.903,0.0,21.9
2025-10-12 20:34:43,011,CDKL5_005_187_10,149,0.248,6,0.617,0.0,22.0
2025-10-12 20:44:46,011,CDKL5_005_187_10,172,0.286,4,0.482,0.0,22.06
2025-10-12 20:54:48,011,CDKL5_005_187_10,32,0.053,10,0.926,0.0,22.04
2025-10-12 21:04:51,011,CDKL5_005_187_10,62,0.103,11,0.876,0.0,22.04
2025-10-12 21:14:54,011,CDKL5_005_187_10,1,0.002,14,0.998,0.0,22.0
2025-10-12 21:24:57,011,CDKL5_005_187_10,0,0.0,15,1.0,0.0,21.95
2025-10-12 21:35:00,011,CDKL5_005_187_10,0,0.0,15,1.0,0.0,21.92
2025-10-12 21:45:03,011,CDKL5_005_187_10,0,0.0,15,1.0,0.0,21.88
2025-10-12 21:55:05,011,CDKL5_005_187_10,0,0.0,15,1.0,0.0,21.85
2025-10-12 22:05:08,011,CDKL5_005_187_10,105,0.175,8,0.753,0.0,21.88
2025-10-12 22:15:11,011,CDKL5_005_187_10,0,0.0,15,1.0,0.0,21.88
2025-10-12 22:25:14,011,CDKL5_005_187_10,9,0.015,14,0.984,0.0,21.86
2025-10-12 22:35:17,011,CDKL5_005_187_10,10,0.017,14,0.982,0.0,21.84
2025-10-12 22:45:30,011,CDKL5_005_187_10,8,0.013,14,0.986,0.0,21.86
2025-10-12 22:55:33,011,CDKL5_005_187_10,125,0.208,6,0.658,0.0,21.88
2025-10-12 23:05:36,011,CDKL5_005_187_10,36,0.06,12,0.93,0.0,21.89
2025-10-12 23:15:40,011,CDKL5_005_187_10,44,0.073,11,0.909,0.0,21.94
2025-10-12 23:25:43,011,CDKL5_005_187_10,119,0.198,6,0.669,0.0,22.0
2025-10-12 23:35:46,011,CDKL5_005_187_10,0,0.0,15,1.0,0.0,22.01
2025-10-12 23:45:49,011,CDKL5_005_187_10,141,0.235,5,0.587,0.0,22.07
2025-10-12 23:55:52,011,CDKL5_005_187_10,118,0.196,7,0.704,0.0,22.11
2025-10-11 00:02:00,013,CDKL5_005_187_13,1,0.002,14,0.998,0.0,21.88
2025-10-11 00:12:03,013,CDKL5_005_187_13,0,0.0,15,1.0,0.0,21.86
2025-10-11 00:22:06,013,CDKL5_005_187_13,0,0.0,15,1.0,0.0,21.86
2025-10-11 00:32:10,013,CDKL5_005_187_13,0,0.0,15,1.0,0.0,21.83
2025-10-11 00:42:13,013,CDKL5_005_187_13,0,0.0,15,1.0,0.0,21.81
2025-10-11 00:52:16,013,CDKL5_005_187_13,0,0.0,15,1.0,0.0,21.82
2025-10-11 01:02:18,013,CDKL5_005_187_13,1,0.002,14,0.998,0.0,21.81
2025-10-11 01:12:21,013,CDKL5_005_187_13,0,0.0,15,1.0,0.0,21.83
2025-10-11 01:22:24,013,CDKL5_005_187_13,9,0.015,13,0.983,0.0,21.83
2025-10-11 01:32:26,013,CDKL5_005_187_13,226,0.376,6,0.515,0.0,21.96
2025-10-11 01:42:29,013,CDKL5_005_187_13,157,0.261,6,0.605,0.0,22.01
2025-10-11 01:52:32,013,CDKL5_005_187_13,31,0.052,11,0.934,0.0,22.01
2025-10-11 02:02:35,013,CDKL5_005_187_13,0,0.0,15,1.0,0.0,21.97
2025-10-11 02:12:38,013,CDKL5_005_187_13,0,0.0,15,1.0,0.0,21.94
2025-10-11 02:22:40,013,CDKL5_005_187_13,0,0.0,15,1.0,0.0,21.9
2025-10-11 02:32:59,013,CDKL5_005_187_13,1,0.002,14,0.998,0.0,21.9
2025-10-11 02:43:02,013,CDKL5_005_187_13,0,0.0,15,1.0,0.0,21.86
2025-10-11 02:53:05,013,CDKL5_005_187_13,0,0.0,15,1.0,0.0,21.83
2025-10-11 03:03:08,013,CDKL5_005_187_13,0,0.0,15,1.0,0.0,21.79
2025-10-11 03:13:11,013,CDKL5_005_187_13,0,0.0,15,1.0,0.0,21.77
2025-10-11 03:23:13,013,CDKL5_005_187_13,0,0.0,15,1.0,0.0,21.76
2025-10-11 03:33:16,013,CDKL5_005_187_13,0,0.0,15,1.0,0.0,21.74
2025-10-11 03:43:19,013,CDKL5_005_187_13,1,0.002,14,0.998,0.0,21.72
2025-10-11 03:53:21,013,CDKL5_005_187_13,10,0.017,12,0.98,0.0,21.72
2025-10-11 04:03:24,013,CDKL5_005_187_13,207,0.344,6,0.537,0.0,21.79
2025-10-11 04:13:27,013,CDKL5_005_187_13,198,0.329,4,0.447,0.0,21.97
2025-10-11 04:23:30,013,CDKL5_005_187_13,0,0.0,15,1.0,0.0,21.94
2025-10-11 04:33:32,013,CDKL5_005_187_13,2,0.003,14,0.996,0.0,21.9
2025-10-11 04:43:35,013,CDKL5_005_187_13,0,0.0,15,1.0,0.0,21.86
2025-10-11 04:53:38,013,CDKL5_005_187_13,0,0.0,15,1.0,0.0,21.83
2025-10-11 05:03:41,013,CDKL5_005_187_13,0,0.0,15,1.0,0.0,21.81
2025-10-11 05:13:44,013,CDKL5_005_187_13,1,0.002,14,0.998,0.0,21.77
2025-10-11 05:23:47,013,CDKL5_005_187_13,2,0.003,13,0.996,0.0,21.75
2025-10-11 05:33:50,013,CDKL5_005_187_13,1,0.002,14,0.998,0.0,21.72
2025-10-11 05:43:53,013,CDKL5_005_187_13,0,0.0,15,1.0,0.0,21.7
2025-10-11 05:53:56,013,CDKL5_005_187_13,48,0.08,12,0.909,0.0,21.69
2025-10-11 06:03:59,013,CDKL5_005_187_13,151,0.251,6,0.614,0.2952,21.77
2025-10-11 06:14:02,013,CDKL5_005_187_13,75,0.125,10,0.842,0.3096,21.85
2025-10-11 06:24:04,013,CDKL5_005_187_13,17,0.028,13,0.968,0.306,21.83
2025-10-11 06:34:21,013,CDKL5_005_187_13,0,0.0,15,1.0,0.3024,21.82
2025-10-11 06:44:25,013,CDKL5_005_187_13,0,0.0,15,1.0,0.2952,21.77
2025-10-11 06:54:28,013,CDKL5_005_187_13,1,0.002,14,0.998,0.306,21.72
2025-10-11 07:04:30,013,CDKL5_005_187_13,2,0.003,13,0.996,0.3024,21.68
2025-10-11 07:14:34,013,CDKL5_005_187_13,0,0.0,15,1.0,0.306,21.65
2025-10-11 07:24:37,013,CDKL5_005_187_13,2,0.003,14,0.996,0.2952,21.63
2025-10-11 07:34:40,013,CDKL5_005_187_13,1,0.002,14,0.998,0.2952,21.61
2025-10-11 07:44:42,013,CDKL5_005_187_13,0,0.0,15,1.0,0.2808,21.61
2025-10-11 07:54:45,013,CDKL5_005_187_13,17,0.028,12,0.966,0.288,21.61
2025-10-11 08:04:47,013,CDKL5_005_187_13,3,0.005,13,0.994,0.288,21.61
2025-10-11 08:14:50,013,CDKL5_005_187_13,5,0.008,14,0.991,0.2988,21.6
2025-10-11 08:24:53,013,CDKL5_005_187_13,6,0.01,13,0.989,0.2952,21.59
2025-10-11 08:34:55,013,CDKL5_005_187_13,3,0.005,13,0.994,0.2988,21.58
2025-10-11 08:44:58,013,CDKL5_005_187_13,9,0.015,12,0.982,0.288,21.56
2025-10-11 08:55:01,013,CDKL5_005_187_13,2,0.003,14,0.996,0.2988,21.55
2025-10-11 09:05:03,013,CDKL5_005_187_13,1,0.002,14,0.998,0.2988,21.55
2025-10-11 09:15:07,013,CDKL5_005_187_13,3,0.005,14,0.995,0.288,21.53
2025-10-11 09:25:09,013,CDKL5_005_187_13,2,0.003,14,0.996,0.2988,21.53
2025-10-11 09:35:12,013,CDKL5_005_187_13,4,0.007,13,0.992,0.2952,21.53
2025-10-11 09:45:14,013,CDKL5_005_187_13,3,0.005,13,0.994,0.2952,21.53
2025-10-11 09:55:17,013,CDKL5_005_187_13,2,0.003,14,0.996,0.2952,21.51
2025-10-11 10:05:20,013,CDKL5_005_187_13,6,0.01,13,0.989,0.3024,21.5
2025-10-11 10:15:23,013,CDKL5_005_187_13,3,0.005,13,0.994,0.3096,21.45
2025-10-11 10:25:26,013,CDKL5_005_187_13,3,0.005,14,0.995,0.3024,21.42
2025-10-11 10:35:45,013,CDKL5_005_187_13,3,0.005,13,0.994,0.3024,21.42
2025-10-11 10:45:48,013,CDKL5_005_187_13,3,0.005,14,0.995,0.306,21.38
2025-10-11 10:55:51,013,CDKL5_005_187_13,1,0.002,14,0.998,0.2988,21.33
2025-10-11 11:05:54,013,CDKL5_005_187_13,0,0.0,15,1.0,0.306,21.29
2025-10-11 11:15:57,013,CDKL5_005_187_13,0,0.0,15,1.0,0.306,21.26
2025-10-11 11:26:00,013,CDKL5_005_187_13,0,0.0,15,1.0,0.306,21.23
2025-10-11 11:36:02,013,CDKL5_005_187_13,0,0.0,15,1.0,0.306,21.21
2025-10-11 11:46:05,013,CDKL5_005_187_13,0,0.0,15,1.0,0.306,21.19
2025-10-11 11:56:08,013,CDKL5_005_187_13,0,0.0,15,1.0,0.306,21.19
2025-10-11 12:06:10,013,CDKL5_005_187_13,0,0.0,15,1.0,0.306,21.18
2025-10-11 12:16:13,013,CDKL5_005_187_13,0,0.0,15,1.0,0.306,21.17
2025-10-11 12:26:17,013,CDKL5_005_187_13,0,0.0,15,1.0,0.306,21.17
2025-10-11 12:36:19,013,CDKL5_005_187_13,0,0.0,15,1.0,0.3132,21.16
2025-10-11 12:46:21,013,CDKL5_005_187_13,0,0.0,15,1.0,0.3096,21.17
2025-10-11 12:56:24,013,CDKL5_005_187_13,0,0.0,15,1.0,0.2952,21.15
2025-10-11 13:06:26,013,CDKL5_005_187_13,0,0.0,15,1.0,0.306,21.15
2025-10-11 13:16:29,013,CDKL5_005_187_13,0,0.0,15,1.0,0.2952,21.15
2025-10-11 13:26:32,013,CDKL5_005_187_13,0,0.0,15,1.0,0.306,21.15
2025-10-11 13:36:35,013,CDKL5_005_187_13,0,0.0,15,1.0,0.2952,21.12
2025-10-11 13:46:37,013,CDKL5_005_187_13,0,0.0,15,1.0,0.306,21.11
2025-10-11 13:56:40,013,CDKL5_005_187_13,0,0.0,15,1.0,0.2952,21.1
2025-10-11 14:06:43,013,CDKL5_005_187_13,0,0.0,15,1.0,0.306,21.09
2025-10-11 14:16:45,013,CDKL5_005_187_13,0,0.0,15,1.0,0.2952,21.08
2025-10-11 14:26:48,013,CDKL5_005_187_13,14,0.023,14,0.976,0.306,21.08
2025-10-11 14:37:13,013,CDKL5_005_187_13,0,0.0,15,1.0,0.2952,21.13
2025-10-11 14:47:16,013,CDKL5_005_187_13,0,0.0,15,1.0,0.306,21.13
2025-10-11 14:57:19,013,CDKL5_005_187_13,1,0.002,14,0.998,0.3024,21.1
2025-10-11 15:07:22,013,CDKL5_005_187_13,0,0.0,15,1.0,0.3024,21.1
2025-10-11 15:17:25,013,CDKL5_005_187_13,0,0.0,15,1.0,0.3024,21.1
2025-10-11 15:27:27,013,CDKL5_005_187_13,0,0.0,15,1.0,0.3024,21.09
2025-10-11 15:37:30,013,CDKL5_005_187_13,0,0.0,15,1.0,0.3024,21.1
2025-10-11 15:47:33,013,CDKL5_005_187_13,0,0.0,15,1.0,0.3132,21.09
2025-10-11 15:57:35,013,CDKL5_005_187_13,0,0.0,15,1.0,0.3024,21.1
2025-10-11 16:07:38,013,CDKL5_005_187_13,0,0.0,15,1.0,0.3024,21.1
2025-10-11 16:17:41,013,CDKL5_005_187_13,0,0.0,15,1.0,0.3132,21.1
2025-10-11 16:27:45,013,CDKL5_005_187_13,0,0.0,15,1.0,0.3168,21.11
2025-10-11 16:37:47,013,CDKL5_005_187_13,0,0.0,15,1.0,0.3168,21.12
2025-10-11 16:47:50,013,CDKL5_005_187_13,0,0.0,15,1.0,0.3132,21.17
2025-10-11 16:57:53,013,CDKL5_005_187_13,0,0.0,15,1.0,0.3096,21.21
2025-10-11 17:07:55,013,CDKL5_005_187_13,1,0.002,15,0.998,0.3168,21.24
2025-10-11 17:17:58,013,CDKL5_005_187_13,0,0.0,15,1.0,0.3132,21.29
2025-10-11 17:28:01,013,CDKL5_005_187_13,0,0.0,15,1.0,0.306,21.32
2025-10-11 17:38:04,013,CDKL5_005_187_13,0,0.0,15,1.0,0.3024,21.35
2025-10-11 17:48:07,013,CDKL5_005_187_13,0,0.0,15,1.0,0.306,21.37
2025-10-11 17:58:10,013,CDKL5_005_187_13,0,0.0,15,1.0,0.3024,21.41
2025-10-11 18:08:13,013,CDKL5_005_187_13,28,0.047,11,0.94,0.0,21.41
2025-10-11 18:18:16,013,CDKL5_005_187_13,324,0.54,1,0.11,0.0,21.66
2025-10-11 18:28:18,013,CDKL5_005_187_13,348,0.579,1,0.103,0.0,21.82
2025-10-11 18:38:40,013,CDKL5_005_187_13,191,0.319,6,0.557,0.0,22.0
2025-10-11 18:48:43,013,CDKL5_005_187_13,315,0.524,1,0.113,0.0,22.13
2025-10-11 18:58:46,013,CDKL5_005_187_13,267,0.445,2,0.231,0.0,22.22
2025-10-11 19:08:48,013,CDKL5_005_187_13,183,0.304,6,0.567,0.0,22.27
2025-10-11 19:18:51,013,CDKL5_005_187_13,226,0.377,5,0.469,0.0,22.28
2025-10-11 19:28:53,013,CDKL5_005_187_13,130,0.216,7,0.683,0.0,22.24
2025-10-11 19:38:56,013,CDKL5_005_187_13,284,0.473,3,0.297,0.0,22.32
2025-10-11 19:48:59,013,CDKL5_005_187_13,202,0.336,6,0.543,0.0,22.36
2025-10-11 19:59:02,013,CDKL5_005_187_13,191,0.318,4,0.456,0.0,22.36
2025-10-11 20:09:04,013,CDKL5_005_187_13,171,0.285,7,0.621,0.0,22.37
2025-10-11 20:19:07,013,CDKL5_005_187_13,124,0.206,8,0.721,0.0,22.39
2025-10-11 20:29:09,013,CDKL5_005_187_13,5,0.008,13,0.99,0.0,22.3
2025-10-11 20:39:12,013,CDKL5_005_187_13,0,0.0,15,1.0,0.0,22.21
2025-10-11 20:49:15,013,CDKL5_005_187_13,5,0.008,14,0.991,0.0,22.13
2025-10-11 20:59:18,013,CDKL5_005_187_13,49,0.082,11,0.9,0.0,22.09
2025-10-11 21:09:21,013,CDKL5_005_187_13,0,0.0,15,1.0,0.0,22.03
2025-10-11 21:19:24,013,CDKL5_005_187_13,2,0.003,14,0.996,0.0,22.0
2025-10-11 21:29:27,013,CDKL5_005_187_13,234,0.389,4,0.406,0.0,22.09
2025-10-11 21:39:30,013,CDKL5_005_187_13,284,0.473,3,0.297,0.0,22.2
2025-10-11 21:49:33,013,CDKL5_005_187_13,205,0.342,4,0.438,0.0,22.31
2025-10-11 21:59:35,013,CDKL5_005_187_13,298,0.496,1,0.118,0.0,22.45
2025-10-11 22:09:37,013,CDKL5_005_187_13,104,0.173,8,0.755,0.0,22.46
2025-10-11 22:19:40,013,CDKL5_005_187_13,0,0.0,15,1.0,0.0,22.3
2025-10-11 22:29:43,013,CDKL5_005_187_13,0,0.0,15,1.0,0.0,22.18
2025-10-11 22:39:59,013,CDKL5_005_187_13,0,0.0,15,1.0,0.0,22.11
2025-10-11 22:50:02,013,CDKL5_005_187_13,0,0.0,15,1.0,0.0,22.04
2025-10-11 23:00:05,013,CDKL5_005_187_13,0,0.0,15,1.0,0.0,21.97
2025-10-11 23:10:07,013,CDKL5_005_187_13,0,0.0,15,1.0,0.0,21.93
2025-10-11 23:20:10,013,CDKL5_005_187_13,0,0.0,15,1.0,0.0,21.89
2025-10-11 23:30:13,013,CDKL5_005_187_13,0,0.0,15,1.0,0.0,21.86
2025-10-11 23:40:16,013,CDKL5_005_187_13,261,0.434,4,0.38,0.0,21.94
2025-10-11 23:50:19,013,CDKL5_005_187_13,271,0.451,3,0.307,0.0,22.16
2025-10-12 00:00:22,013,CDKL5_005_187_13,126,0.21,10,0.76,0.0,22.12
2025-10-12 00:10:25,013,CDKL5_005_187_13,108,0.18,10,0.787,0.0,22.11
2025-10-12 00:20:29,013,CDKL5_005_187_13,0,0.0,15,1.0,0.0,22.05
2025-10-12 00:30:31,013,CDKL5_005_187_13,0,0.0,15,1.0,0.0,21.98
2025-10-12 00:40:33,013,CDKL5_005_187_13,0,0.0,15,1.0,0.0,21.92
2025-10-12 00:50:36,013,CDKL5_005_187_13,0,0.0,15,1.0,0.0,21.87
2025-10-12 01:00:39,013,CDKL5_005_187_13,0,0.0,15,1.0,0.0,21.83
2025-10-12 01:10:42,013,CDKL5_005_187_13,0,0.0,15,1.0,0.0,21.79
2025-10-12 01:20:45,013,CDKL5_005_187_13,0,0.0,15,1.0,0.0,21.77
2025-10-12 01:30:47,013,CDKL5_005_187_13,0,0.0,15,1.0,0.0,21.76
2025-10-12 01:40:50,013,CDKL5_005_187_13,0,0.0,15,1.0,0.0,21.75
2025-10-12 01:50:53,013,CDKL5_005_187_13,6,0.01,14,0.989,0.0,21.75
2025-10-12 02:00:55,013,CDKL5_005_187_13,148,0.246,6,0.619,0.0,21.85
2025-10-12 02:10:58,013,CDKL5_005_187_13,305,0.507,2,0.208,0.0,22.02
2025-10-12 02:21:01,013,CDKL5_005_187_13,105,0.175,8,0.753,0.0,22.04
2025-10-12 02:31:04,013,CDKL5_005_187_13,0,0.0,15,1.0,0.0,21.98
2025-10-12 02:41:29,013,CDKL5_005_187_13,0,0.0,15,1.0,0.0,21.95
2025-10-12 02:51:32,013,CDKL5_005_187_13,0,0.0,15,1.0,0.0,21.86
2025-10-12 03:01:34,013,CDKL5_005_187_13,0,0.0,15,1.0,0.0,21.81
2025-10-12 03:11:36,013,CDKL5_005_187_13,2,0.003,14,0.996,0.0,21.82
2025-10-12 03:21:40,013,CDKL5_005_187_13,0,0.0,15,1.0,0.0,21.8
2025-10-12 03:31:43,013,CDKL5_005_187_13,0,0.0,15,1.0,0.0,21.78
2025-10-12 03:41:46,013,CDKL5_005_187_13,0,0.0,15,1.0,0.0,21.75
2025-10-12 03:51:48,013,CDKL5_005_187_13,0,0.0,15,1.0,0.0,21.73
2025-10-12 04:01:51,013,CDKL5_005_187_13,1,0.002,14,0.998,0.0,21.71
2025-10-12 04:11:54,013,CDKL5_005_187_13,1,0.002,14,0.998,0.0,21.7
2025-10-12 04:21:57,013,CDKL5_005_187_13,77,0.128,9,0.824,0.0,21.74
2025-10-12 04:32:00,013,CDKL5_005_187_13,169,0.281,5,0.542,0.0,21.85
2025-10-12 04:42:03,013,CDKL5_005_187_13,208,0.346,3,0.366,0.0,21.94
2025-10-12 04:52:06,013,CDKL5_005_187_13,189,0.314,4,0.458,0.0,21.98
2025-10-12 05:02:09,013,CDKL5_005_187_13,0,0.0,15,1.0,0.0,21.95
2025-10-12 05:12:12,013,CDKL5_005_187_13,0,0.0,15,1.0,0.0,21.89
2025-10-12 05:22:15,013,CDKL5_005_187_13,0,0.0,15,1.0,0.0,21.83
2025-10-12 05:32:17,013,CDKL5_005_187_13,0,0.0,15,1.0,0.0,21.78
2025-10-12 05:42:20,013,CDKL5_005_187_13,0,0.0,15,1.0,0.0,21.73
2025-10-12 05:52:23,013,CDKL5_005_187_13,2,0.003,14,0.996,0.0,21.7
2025-10-12 06:02:25,013,CDKL5_005_187_13,0,0.0,15,1.0,0.3024,21.67
2025-10-12 06:12:28,013,CDKL5_005_187_13,0,0.0,15,1.0,0.3024,21.65
2025-10-12 06:22:31,013,CDKL5_005_187_13,3,0.005,13,0.994,0.3024,21.65
2025-10-12 06:32:33,013,CDKL5_005_187_13,1,0.002,14,0.998,0.3132,21.64
2025-10-12 06:42:55,013,CDKL5_005_187_13,0,0.0,15,1.0,0.3024,21.69
2025-10-12 06:52:58,013,CDKL5_005_187_13,1,0.002,14,0.998,0.3024,21.66
2025-10-12 07:03:00,013,CDKL5_005_187_13,3,0.005,13,0.994,0.3024,21.64
2025-10-12 07:13:03,013,CDKL5_005_187_13,4,0.007,12,0.992,0.3024,21.62
2025-10-12 07:23:06,013,CDKL5_005_187_13,5,0.008,13,0.99,0.3024,21.61
2025-10-12 07:33:09,013,CDKL5_005_187_13,4,0.007,13,0.992,0.3024,21.59
2025-10-12 07:43:11,013,CDKL5_005_187_13,3,0.005,14,0.995,0.3024,21.59
2025-10-12 07:53:14,013,CDKL5_005_187_13,15,0.025,10,0.964,0.3024,21.58
2025-10-12 08:03:17,013,CDKL5_005_187_13,4,0.007,13,0.992,0.3024,21.57
2025-10-12 08:13:20,013,CDKL5_005_187_13,2,0.003,13,0.996,0.2952,21.56
2025-10-12 08:23:22,013,CDKL5_005_187_13,47,0.078,10,0.895,0.3096,21.59
2025-10-12 08:33:25,013,CDKL5_005_187_13,9,0.015,10,0.978,0.2916,21.61
2025-10-12 08:43:28,013,CDKL5_005_187_13,9,0.015,11,0.98,0.306,21.61
2025-10-12 08:53:31,013,CDKL5_005_187_13,3,0.005,13,0.994,0.3024,21.61
2025-10-12 09:03:35,013,CDKL5_005_187_13,3,0.005,12,0.994,0.3024,21.6
2025-10-12 09:13:37,013,CDKL5_005_187_13,1,0.002,14,0.998,0.3024,21.58
2025-10-12 09:23:40,013,CDKL5_005_187_13,3,0.005,13,0.994,0.3024,21.57
2025-10-12 09:33:43,013,CDKL5_005_187_13,4,0.007,13,0.992,0.3024,21.57
2025-10-12 09:43:46,013,CDKL5_005_187_13,4,0.007,13,0.992,0.3024,21.56
2025-10-12 09:53:49,013,CDKL5_005_187_13,5,0.008,12,0.99,0.3024,21.54
2025-10-12 10:03:52,013,CDKL5_005_187_13,2,0.003,13,0.996,0.3024,21.54
2025-10-12 10:13:55,013,CDKL5_005_187_13,4,0.007,14,0.993,0.3204,21.53
2025-10-12 10:23:57,013,CDKL5_005_187_13,5,0.008,13,0.99,0.3096,21.53
2025-10-12 10:34:00,013,CDKL5_005_187_13,4,0.007,14,0.993,0.3024,21.52
2025-10-12 10:44:17,013,CDKL5_005_187_13,0,0.0,15,1.0,0.3024,21.56
2025-10-12 10:54:20,013,CDKL5_005_187_13,4,0.007,12,0.992,0.3024,21.54
2025-10-12 11:04:22,013,CDKL5_005_187_13,2,0.003,14,0.996,0.3024,21.53
2025-10-12 11:14:25,013,CDKL5_005_187_13,2,0.003,13,0.996,0.3024,21.51
2025-10-12 11:24:28,013,CDKL5_005_187_13,3,0.005,13,0.994,0.3024,21.51
2025-10-12 11:34:31,013,CDKL5_005_187_13,2,0.003,14,0.996,0.3024,21.5
2025-10-12 11:44:34,013,CDKL5_005_187_13,5,0.008,12,0.99,0.3024,21.5
2025-10-12 11:54:38,013,CDKL5_005_187_13,3,0.005,14,0.995,0.3024,21.48
2025-10-12 12:04:40,013,CDKL5_005_187_13,5,0.008,11,0.989,0.3024,21.47
2025-10-12 12:14:43,013,CDKL5_005_187_13,2,0.003,13,0.996,0.3024,21.47
2025-10-12 12:24:45,013,CDKL5_005_187_13,4,0.007,12,0.992,0.3024,21.46
2025-10-12 12:34:48,013,CDKL5_005_187_13,0,0.0,15,1.0,0.3024,21.46
2025-10-12 12:44:51,013,CDKL5_005_187_13,1,0.002,14,0.998,0.3024,21.44
2025-10-12 12:54:53,013,CDKL5_005_187_13,3,0.005,14,0.995,0.3024,21.44
2025-10-12 13:04:55,013,CDKL5_005_187_13,12,0.02,10,0.971,0.3024,21.44
2025-10-12 13:14:58,013,CDKL5_005_187_13,4,0.007,12,0.992,0.3132,21.44
2025-10-12 13:25:00,013,CDKL5_005_187_13,4,0.007,14,0.993,0.3024,21.43
2025-10-12 13:35:03,013,CDKL5_005_187_13,4,0.007,13,0.992,0.3096,21.42
2025-10-12 13:45:06,013,CDKL5_005_187_13,1,0.002,14,0.998,0.3024,21.42
2025-10-12 13:55:08,013,CDKL5_005_187_13,0,0.0,15,1.0,0.3132,21.41
2025-10-12 14:05:11,013,CDKL5_005_187_13,0,0.0,15,1.0,0.3132,21.4
2025-10-12 14:15:14,013,CDKL5_005_187_13,3,0.005,13,0.994,0.3132,21.4
2025-10-12 14:25:17,013,CDKL5_005_187_13,3,0.005,13,0.994,0.3096,21.4
2025-10-12 14:35:20,013,CDKL5_005_187_13,0,0.0,15,1.0,0.3024,21.39
2025-10-12 14:45:37,013,CDKL5_005_187_13,2,0.003,13,0.996,0.3024,21.42
2025-10-12 14:55:40,013,CDKL5_005_187_13,3,0.005,13,0.994,0.3132,21.41
2025-10-12 15:05:43,013,CDKL5_005_187_13,4,0.007,13,0.992,0.3132,21.4
2025-10-12 15:15:46,013,CDKL5_005_187_13,3,0.005,13,0.994,0.3132,21.39
2025-10-12 15:25:49,013,CDKL5_005_187_13,0,0.0,15,1.0,0.3132,21.38
2025-10-12 15:35:51,013,CDKL5_005_187_13,1,0.002,14,0.998,0.3096,21.37
2025-10-12 15:45:54,013,CDKL5_005_187_13,0,0.0,15,1.0,0.3024,21.37
2025-10-12 15:55:57,013,CDKL5_005_187_13,1,0.002,14,0.998,0.3132,21.36
2025-10-12 16:05:59,013,CDKL5_005_187_13,1,0.002,14,0.998,0.3096,21.38
2025-10-12 16:16:03,013,CDKL5_005_187_13,3,0.005,13,0.994,0.3024,21.38
2025-10-12 16:26:05,013,CDKL5_005_187_13,10,0.017,13,0.981,0.3096,21.39
2025-10-12 16:36:08,013,CDKL5_005_187_13,4,0.007,14,0.993,0.306,21.4
2025-10-12 16:46:11,013,CDKL5_005_187_13,0,0.0,15,1.0,0.3132,21.43
2025-10-12 16:56:14,013,CDKL5_005_187_13,1,0.002,14,0.998,0.3024,21.43
2025-10-12 17:06:17,013,CDKL5_005_187_13,3,0.005,13,0.994,0.3132,21.42
2025-10-12 17:16:19,013,CDKL5_005_187_13,8,0.013,10,0.98,0.3132,21.43
2025-10-12 17:26:22,013,CDKL5_005_187_13,0,0.0,15,1.0,0.3132,21.4
2025-10-12 17:36:25,013,CDKL5_005_187_13,2,0.003,13,0.996,0.3024,21.4
2025-10-12 17:46:28,013,CDKL5_005_187_13,8,0.013,14,0.986,0.3096,21.4
2025-10-12 17:56:30,013,CDKL5_005_187_13,52,0.087,9,0.874,0.2952,21.44
2025-10-12 18:06:33,013,CDKL5_005_187_13,6,0.01,12,0.988,0.0,21.48
2025-10-12 18:16:36,013,CDKL5_005_187_13,236,0.393,3,0.337,0.0,21.59
2025-10-12 18:26:38,013,CDKL5_005_187_13,346,0.576,2,0.188,0.0,21.73
2025-10-12 18:36:41,013,CDKL5_005_187_13,206,0.343,6,0.538,0.0,21.86
2025-10-12 18:46:54,013,CDKL5_005_187_13,279,0.466,2,0.223,0.0,21.96
2025-10-12 18:56:57,013,CDKL5_005_187_13,341,0.567,0,0.0,0.0,22.14
2025-10-12 19:06:59,013,CDKL5_005_187_13,30,0.05,13,0.945,0.0,22.09
2025-10-12 19:17:02,013,CDKL5_005_187_13,335,0.557,1,0.107,0.0,22.18
2025-10-12 19:27:04,013,CDKL5_005_187_13,317,0.528,2,0.202,0.0,22.3
2025-10-12 19:37:07,013,CDKL5_005_187_13,80,0.133,9,0.818,0.0,22.27
2025-10-12 19:47:10,013,CDKL5_005_187_13,167,0.278,5,0.545,0.0,22.3
2025-10-12 19:57:12,013,CDKL5_005_187_13,124,0.206,9,0.744,0.0,22.3
2025-10-12 20:07:15,013,CDKL5_005_187_13,122,0.203,6,0.663,0.0,22.31
2025-10-12 20:17:18,013,CDKL5_005_187_13,44,0.073,11,0.909,0.0,22.23
2025-10-12 20:27:21,013,CDKL5_005_187_13,10,0.017,14,0.982,0.0,22.17
2025-10-12 20:37:24,013,CDKL5_005_187_13,0,0.0,15,1.0,0.0,22.1
2025-10-12 20:47:26,013,CDKL5_005_187_13,0,0.0,15,1.0,0.0,22.06
2025-10-12 20:57:28,013,CDKL5_005_187_13,0,0.0,15,1.0,0.0,22.02
2025-10-12 21:07:31,013,CDKL5_005_187_13,0,0.0,15,1.0,0.0,21.99
2025-10-12 21:17:33,013,CDKL5_005_187_13,0,0.0,15,1.0,0.0,21.95
2025-10-12 21:27:36,013,CDKL5_005_187_13,0,0.0,15,1.0,0.0,21.93
2025-10-12 21:37:39,013,CDKL5_005_187_13,0,0.0,15,1.0,0.0,21.91
2025-10-12 21:47:41,013,CDKL5_005_187_13,0,0.0,15,1.0,0.0,21.88
2025-10-12 21:57:44,013,CDKL5_005_187_13,0,0.0,15,1.0,0.0,21.87
2025-10-12 22:07:47,013,CDKL5_005_187_13,0,0.0,15,1.0,0.0,21.87
2025-10-12 22:17:50,013,CDKL5_005_187_13,0,0.0,15,1.0,0.0,21.87
2025-10-12 22:27:52,013,CDKL5_005_187_13,40,0.067,12,0.923,0.0,21.89
2025-10-12 22:37:56,013,CDKL5_005_187_13,165,0.275,6,0.593,0.0,21.99
2025-10-12 22:48:13,013,CDKL5_005_187_13,265,0.442,2,0.232,0.0,22.13
2025-10-12 22:58:16,013,CDKL5_005_187_13,152,0.253,8,0.678,0.0,22.16
2025-10-12 23:08:19,013,CDKL5_005_187_13,212,0.353,3,0.361,0.0,22.21
2025-10-12 23:18:22,013,CDKL5_005_187_13,223,0.37,3,0.35,0.0,22.24
2025-10-12 23:28:25,013,CDKL5_005_187_13,137,0.228,8,0.7,0.0,22.21
2025-10-12 23:38:28,013,CDKL5_005_187_13,122,0.203,7,0.697,0.0,22.23
2025-10-12 23:48:31,013,CDKL5_005_187_13,154,0.256,5,0.565,0.0,22.25
2025-10-12 23:58:33,013,CDKL5_005_187_13,27,0.045,13,0.951,0.0,22.16
2025-10-11 00:03:23,014,CDKL5_005_187_6,189,0.314,5,0.514,0.0,22.39
2025-10-11 00:13:25,014,CDKL5_005_187_6,201,0.334,4,0.443,0.0,22.39
2025-10-11 00:23:28,014,CDKL5_005_187_6,237,0.394,2,0.252,0.0,22.38
2025-10-11 00:33:32,014,CDKL5_005_187_6,279,0.464,3,0.301,0.0,22.37
2025-10-11 00:43:36,014,CDKL5_005_187_6,277,0.459,2,0.224,0.0,22.41
2025-10-11 00:53:40,014,CDKL5_005_187_6,323,0.537,0,0.0,0.0,22.39
2025-10-11 01:03:43,014,CDKL5_005_187_6,333,0.553,3,0.265,0.0,22.43
2025-10-11 01:13:46,014,CDKL5_005_187_6,231,0.384,3,0.342,0.0,22.44
2025-10-11 01:24:03,014,CDKL5_005_187_6,408,0.68,1,0.089,0.0,22.47
2025-10-11 01:34:07,014,CDKL5_005_187_6,373,0.621,2,0.177,0.0,22.42
2025-10-11 01:44:10,014,CDKL5_005_187_6,48,0.08,10,0.893,0.0,22.34
2025-10-11 01:54:13,014,CDKL5_005_187_6,149,0.248,7,0.653,0.0,22.26
2025-10-11 02:04:17,014,CDKL5_005_187_6,11,0.018,14,0.981,0.0,22.2
2025-10-11 02:14:20,014,CDKL5_005_187_6,5,0.008,13,0.99,0.0,22.15
2025-10-11 02:24:23,014,CDKL5_005_187_6,31,0.052,12,0.939,0.0,22.12
2025-10-11 02:34:26,014,CDKL5_005_187_6,18,0.03,12,0.964,0.0,22.09
2025-10-11 02:44:30,014,CDKL5_005_187_6,4,0.007,12,0.992,0.0,22.08
2025-10-11 02:54:33,014,CDKL5_005_187_6,14,0.023,12,0.972,0.0,22.07
2025-10-11 03:04:36,014,CDKL5_005_187_6,7,0.012,14,0.988,0.0,22.06
2025-10-11 03:14:39,014,CDKL5_005_187_6,23,0.038,11,0.95,0.0,22.02
2025-10-11 03:24:43,014,CDKL5_005_187_6,7,0.012,13,0.987,0.0,22.0
2025-10-11 03:34:46,014,CDKL5_005_187_6,252,0.419,2,0.241,0.0,22.02
2025-10-11 03:44:49,014,CDKL5_005_187_6,243,0.404,4,0.397,0.0,22.03
2025-10-11 03:54:53,014,CDKL5_005_187_6,279,0.464,4,0.364,0.0,22.05
2025-10-11 04:04:57,014,CDKL5_005_187_6,341,0.566,1,0.105,0.0,22.09
2025-10-11 04:15:00,014,CDKL5_005_187_6,182,0.302,7,0.606,0.0,22.09
2025-10-11 04:25:04,014,CDKL5_005_187_6,245,0.408,3,0.329,0.0,22.13
2025-10-11 04:35:07,014,CDKL5_005_187_6,221,0.367,2,0.266,0.0,22.12
2025-10-11 04:45:10,014,CDKL5_005_187_6,319,0.53,1,0.111,0.0,22.13
2025-10-11 04:55:13,014,CDKL5_005_187_6,254,0.423,4,0.386,0.0,22.16
2025-10-11 05:05:16,014,CDKL5_005_187_6,294,0.489,2,0.214,0.0,22.17
2025-10-11 05:15:20,014,CDKL5_005_187_6,172,0.286,9,0.677,0.0,22.16
2025-10-11 05:25:32,014,CDKL5_005_187_6,351,0.584,1,0.102,0.0,22.15
2025-10-11 05:35:35,014,CDKL5_005_187_6,320,0.532,2,0.2,0.0,22.14
2025-10-11 05:45:38,014,CDKL5_005_187_6,150,0.249,7,0.651,0.0,22.13
2025-10-11 05:55:41,014,CDKL5_005_187_6,347,0.577,1,0.103,0.0,22.13
2025-10-11 06:05:45,014,CDKL5_005_187_6,174,0.289,4,0.479,0.3888,22.13
2025-10-11 06:15:49,014,CDKL5_005_187_6,220,0.365,4,0.421,0.378,22.13
2025-10-11 06:25:53,014,CDKL5_005_187_6,250,0.416,3,0.324,0.612,22.12
2025-10-11 06:35:56,014,CDKL5_005_187_6,305,0.507,1,0.116,0.4176,22.12
2025-10-11 06:46:00,014,CDKL5_005_187_6,117,0.194,4,0.578,0.8388,22.09
2025-10-11 06:56:03,014,CDKL5_005_187_6,5,0.008,14,0.991,0.7668,22.04
2025-10-11 07:06:07,014,CDKL5_005_187_6,1,0.002,14,0.998,0.828,21.97
2025-10-11 07:16:10,014,CDKL5_005_187_6,4,0.007,13,0.992,0.8244,21.92
2025-10-11 07:26:13,014,CDKL5_005_187_6,2,0.003,14,0.996,0.8064,21.87
2025-10-11 07:36:16,014,CDKL5_005_187_6,1,0.002,14,0.998,0.8028,21.86
2025-10-11 07:46:20,014,CDKL5_005_187_6,1,0.002,14,0.998,0.8136,21.83
2025-10-11 07:56:23,014,CDKL5_005_187_6,2,0.003,14,0.996,0.8064,21.84
2025-10-11 08:06:28,014,CDKL5_005_187_6,1,0.002,14,0.998,0.7848,21.82
2025-10-11 08:16:31,014,CDKL5_005_187_6,2,0.003,15,0.997,0.7884,21.82
2025-10-11 08:26:34,014,CDKL5_005_187_6,1,0.002,14,0.998,0.792,21.83
2025-10-11 08:36:38,014,CDKL5_005_187_6,4,0.007,14,0.993,0.7848,21.83
2025-10-11 08:46:41,014,CDKL5_005_187_6,0,0.0,15,1.0,0.7992,21.82
2025-10-11 08:56:44,014,CDKL5_005_187_6,1,0.002,14,0.998,0.7992,21.81
2025-10-11 09:06:47,014,CDKL5_005_187_6,3,0.005,14,0.995,0.8928,21.79
2025-10-11 09:16:50,014,CDKL5_005_187_6,21,0.035,12,0.958,0.7164,21.79
2025-10-11 09:27:13,014,CDKL5_005_187_6,110,0.183,7,0.718,0.4248,21.85
2025-10-11 09:37:16,014,CDKL5_005_187_6,156,0.26,7,0.642,0.684,21.87
2025-10-11 09:47:19,014,CDKL5_005_187_6,101,0.168,10,0.798,0.7632,21.85
2025-10-11 09:57:23,014,CDKL5_005_187_6,3,0.005,14,0.995,0.7704,21.83
2025-10-11 10:07:26,014,CDKL5_005_187_6,21,0.035,10,0.95,0.774,21.8
2025-10-11 10:17:30,014,CDKL5_005_187_6,3,0.005,14,0.995,0.7416,21.74
2025-10-11 10:27:33,014,CDKL5_005_187_6,2,0.003,15,0.997,0.7632,21.71
2025-10-11 10:37:36,014,CDKL5_005_187_6,2,0.003,14,0.996,0.7596,21.68
2025-10-11 10:47:39,014,CDKL5_005_187_6,4,0.007,14,0.993,0.7848,21.64
2025-10-11 10:57:42,014,CDKL5_005_187_6,1,0.002,15,0.998,0.7416,21.59
2025-10-11 11:07:44,014,CDKL5_005_187_6,1,0.002,15,0.998,0.7488,21.57
2025-10-11 11:17:47,014,CDKL5_005_187_6,1,0.002,15,0.998,0.7488,21.53
2025-10-11 11:27:51,014,CDKL5_005_187_6,3,0.005,14,0.995,0.9216,21.51
2025-10-11 11:37:54,014,CDKL5_005_187_6,3,0.005,14,0.995,0.6912,21.49
2025-10-11 11:47:57,014,CDKL5_005_187_6,2,0.003,15,0.997,0.7056,21.47
2025-10-11 11:58:01,014,CDKL5_005_187_6,1,0.002,15,0.998,0.7092,21.45
2025-10-11 12:08:04,014,CDKL5_005_187_6,0,0.0,15,1.0,0.7056,21.43
2025-10-11 12:18:08,014,CDKL5_005_187_6,0,0.0,15,1.0,0.6696,21.43
2025-10-11 12:28:11,014,CDKL5_005_187_6,1,0.002,14,0.998,0.6912,21.46
2025-10-11 12:38:13,014,CDKL5_005_187_6,0,0.0,15,1.0,0.7092,21.45
2025-10-11 12:48:17,014,CDKL5_005_187_6,0,0.0,15,1.0,0.6984,21.46
2025-10-11 12:58:20,014,CDKL5_005_187_6,4,0.007,13,0.992,0.6876,21.48
2025-10-11 13:08:24,014,CDKL5_005_187_6,11,0.018,11,0.976,0.7416,21.49
2025-10-11 13:18:27,014,CDKL5_005_187_6,42,0.07,14,0.93,0.7092,21.51
2025-10-11 13:28:47,014,CDKL5_005_187_6,155,0.258,5,0.563,1.0224,21.57
2025-10-11 13:38:51,014,CDKL5_005_187_6,3,0.005,15,0.995,1.1016,21.57
2025-10-11 13:48:54,014,CDKL5_005_187_6,1,0.002,15,0.998,1.1052,21.5
2025-10-11 13:58:58,014,CDKL5_005_187_6,1,0.002,14,0.998,1.1196,21.48
2025-10-11 14:09:02,014,CDKL5_005_187_6,0,0.0,15,1.0,1.0872,21.46
2025-10-11 14:19:05,014,CDKL5_005_187_6,1,0.002,14,0.998,1.0908,21.43
2025-10-11 14:29:08,014,CDKL5_005_187_6,0,0.0,15,1.0,1.1304,21.41
2025-10-11 14:39:11,014,CDKL5_005_187_6,0,0.0,15,1.0,1.08,21.38
2025-10-11 14:49:15,014,CDKL5_005_187_6,0,0.0,15,1.0,1.0836,21.37
2025-10-11 14:59:18,014,CDKL5_005_187_6,0,0.0,15,1.0,1.0908,21.36
2025-10-11 15:09:21,014,CDKL5_005_187_6,0,0.0,15,1.0,1.0836,21.37
2025-10-11 15:19:24,014,CDKL5_005_187_6,0,0.0,15,1.0,1.08,21.37
2025-10-11 15:29:28,014,CDKL5_005_187_6,0,0.0,15,1.0,1.0836,21.38
2025-10-11 15:39:31,014,CDKL5_005_187_6,0,0.0,15,1.0,1.0872,21.39
2025-10-11 15:49:34,014,CDKL5_005_187_6,0,0.0,15,1.0,1.0728,21.38
2025-10-11 15:59:38,014,CDKL5_005_187_6,0,0.0,15,1.0,1.098,21.41
2025-10-11 16:09:40,014,CDKL5_005_187_6,0,0.0,15,1.0,1.098,21.41
2025-10-11 16:19:44,014,CDKL5_005_187_6,0,0.0,15,1.0,1.0836,21.41
2025-10-11 16:29:47,014,CDKL5_005_187_6,14,0.023,12,0.972,1.098,21.44
2025-10-11 16:39:50,014,CDKL5_005_187_6,0,0.0,15,1.0,1.0908,21.48
2025-10-11 16:49:53,014,CDKL5_005_187_6,0,0.0,15,1.0,1.0584,21.53
2025-10-11 16:59:57,014,CDKL5_005_187_6,0,0.0,15,1.0,1.08,21.58
2025-10-11 17:10:00,014,CDKL5_005_187_6,0,0.0,15,1.0,1.08,21.61
2025-10-11 17:20:03,014,CDKL5_005_187_6,3,0.005,13,0.994,1.08,21.64
2025-10-11 17:30:27,014,CDKL5_005_187_6,0,0.0,15,1.0,1.0872,21.71
2025-10-11 17:40:30,014,CDKL5_005_187_6,22,0.037,13,0.959,1.0368,21.73
2025-10-11 17:50:33,014,CDKL5_005_187_6,0,0.0,15,1.0,1.0224,21.73
2025-10-11 18:00:37,014,CDKL5_005_187_6,0,0.0,15,1.0,0.0,21.73
2025-10-11 18:10:41,014,CDKL5_005_187_6,3,0.005,14,0.995,0.0,21.73
2025-10-11 18:20:44,014,CDKL5_005_187_6,326,0.542,2,0.197,0.0,21.83
2025-10-11 18:30:47,014,CDKL5_005_187_6,443,0.738,0,0.0,0.0,21.9
2025-10-11 18:40:50,014,CDKL5_005_187_6,324,0.538,2,0.198,0.0,21.97
2025-10-11 18:50:54,014,CDKL5_005_187_6,337,0.561,0,0.0,0.0,22.02
2025-10-11 19:00:57,014,CDKL5_005_187_6,331,0.551,2,0.195,0.0,22.04
2025-10-11 19:11:00,014,CDKL5_005_187_6,348,0.578,2,0.187,0.0,22.08
2025-10-11 19:21:04,014,CDKL5_005_187_6,304,0.506,3,0.283,0.0,22.08
2025-10-11 19:31:07,014,CDKL5_005_187_6,387,0.644,0,0.0,0.0,22.09
2025-10-11 19:41:11,014,CDKL5_005_187_6,329,0.547,3,0.267,0.0,22.12
2025-10-11 19:51:14,014,CDKL5_005_187_6,330,0.548,2,0.195,0.0,22.12
2025-10-11 20:01:18,014,CDKL5_005_187_6,338,0.562,0,0.0,0.0,22.17
2025-10-11 20:11:20,014,CDKL5_005_187_6,309,0.514,2,0.206,0.0,22.18
2025-10-11 20:21:24,014,CDKL5_005_187_6,190,0.316,6,0.558,0.0,22.15
2025-10-11 20:31:27,014,CDKL5_005_187_6,331,0.55,3,0.266,0.0,22.16
2025-10-11 20:41:31,014,CDKL5_005_187_6,335,0.557,0,0.0,0.0,22.17
2025-10-11 20:51:34,014,CDKL5_005_187_6,120,0.199,8,0.727,0.0,22.12
2025-10-11 21:01:37,014,CDKL5_005_187_6,365,0.606,0,0.0,0.0,22.12
2025-10-11 21:11:41,014,CDKL5_005_187_6,365,0.606,0,0.0,0.0,22.12
2025-10-11 21:21:45,014,CDKL5_005_187_6,438,0.728,0,0.0,0.0,22.14
2025-10-11 21:32:00,014,CDKL5_005_187_6,390,0.649,2,0.17,0.0,22.18
2025-10-11 21:42:03,014,CDKL5_005_187_6,208,0.346,5,0.49,0.0,22.14
2025-10-11 21:52:06,014,CDKL5_005_187_6,281,0.468,3,0.299,0.0,22.14
2025-10-11 22:02:10,014,CDKL5_005_187_6,320,0.532,2,0.2,0.0,22.16
2025-10-11 22:12:13,014,CDKL5_005_187_6,205,0.341,6,0.539,0.0,22.15
2025-10-11 22:22:16,014,CDKL5_005_187_6,134,0.223,7,0.676,0.0,22.13
2025-10-11 22:32:19,014,CDKL5_005_187_6,57,0.095,9,0.863,0.0,22.1
2025-10-11 22:42:23,014,CDKL5_005_187_6,19,0.032,13,0.965,0.0,22.07
2025-10-11 22:52:26,014,CDKL5_005_187_6,2,0.003,14,0.996,0.0,22.04
2025-10-11 23:02:30,014,CDKL5_005_187_6,6,0.01,12,0.988,0.0,22.02
2025-10-11 23:12:33,014,CDKL5_005_187_6,12,0.02,10,0.971,0.0,21.99
2025-10-11 23:22:36,014,CDKL5_005_187_6,7,0.012,13,0.987,0.0,21.96
2025-10-11 23:32:39,014,CDKL5_005_187_6,9,0.015,13,0.983,0.0,21.95
2025-10-11 23:42:42,014,CDKL5_005_187_6,3,0.005,14,0.995,0.0,21.94
2025-10-11 23:52:46,014,CDKL5_005_187_6,17,0.028,14,0.971,0.0,21.93
2025-10-12 00:02:49,014,CDKL5_005_187_6,265,0.44,1,0.131,0.0,21.95
2025-10-12 00:12:52,014,CDKL5_005_187_6,169,0.281,6,0.587,0.0,21.99
2025-10-12 00:22:56,014,CDKL5_005_187_6,224,0.372,6,0.517,0.0,22.03
2025-10-12 00:33:00,014,CDKL5_005_187_6,166,0.276,5,0.546,0.0,22.06
2025-10-12 00:43:04,014,CDKL5_005_187_6,233,0.387,3,0.34,0.0,22.11
2025-10-12 00:53:07,014,CDKL5_005_187_6,249,0.414,5,0.445,0.0,22.14
2025-10-12 01:03:10,014,CDKL5_005_187_6,376,0.626,1,0.096,0.0,22.14
2025-10-12 01:13:14,014,CDKL5_005_187_6,279,0.464,2,0.223,0.0,22.15
2025-10-12 01:23:17,014,CDKL5_005_187_6,360,0.599,4,0.308,0.0,22.2
2025-10-12 01:33:40,014,CDKL5_005_187_6,429,0.715,2,0.157,0.0,22.22
2025-10-12 01:43:44,014,CDKL5_005_187_6,433,0.719,0,0.0,0.0,22.17
2025-10-12 01:53:47,014,CDKL5_005_187_6,110,0.183,7,0.718,0.0,22.13
2025-10-12 02:03:51,014,CDKL5_005_187_6,24,0.04,12,0.952,0.0,22.08
2025-10-12 02:13:54,014,CDKL5_005_187_6,2,0.003,13,0.996,0.0,22.02
2025-10-12 02:23:58,014,CDKL5_005_187_6,6,0.01,14,0.989,0.0,21.99
2025-10-12 02:34:02,014,CDKL5_005_187_6,43,0.071,12,0.918,0.0,21.97
2025-10-12 02:44:06,014,CDKL5_005_187_6,11,0.018,12,0.978,0.0,21.94
2025-10-12 02:54:08,014,CDKL5_005_187_6,44,0.073,10,0.901,0.0,21.94
2025-10-12 03:04:11,014,CDKL5_005_187_6,239,0.398,4,0.401,0.0,21.97
2025-10-12 03:14:15,014,CDKL5_005_187_6,297,0.493,2,0.212,0.0,22.04
2025-10-12 03:24:19,014,CDKL5_005_187_6,226,0.375,4,0.415,0.0,22.09
2025-10-12 03:34:22,014,CDKL5_005_187_6,61,0.101,13,0.895,0.0,22.02
2025-10-12 03:44:25,014,CDKL5_005_187_6,346,0.576,0,0.0,0.0,22.05
2025-10-12 03:54:28,014,CDKL5_005_187_6,301,0.501,1,0.117,0.0,22.07
2025-10-12 04:04:32,014,CDKL5_005_187_6,190,0.316,7,0.596,0.0,22.12
2025-10-12 04:14:35,014,CDKL5_005_187_6,190,0.316,5,0.513,0.0,22.1
2025-10-12 04:24:38,014,CDKL5_005_187_6,152,0.253,4,0.513,0.0,22.12
2025-10-12 04:34:41,014,CDKL5_005_187_6,186,0.309,7,0.601,0.0,22.09
2025-10-12 04:44:45,014,CDKL5_005_187_6,141,0.235,9,0.719,0.0,22.08
2025-10-12 04:54:48,014,CDKL5_005_187_6,306,0.508,1,0.116,0.0,22.05
2025-10-12 05:04:51,014,CDKL5_005_187_6,364,0.606,0,0.0,0.0,22.04
2025-10-12 05:14:55,014,CDKL5_005_187_6,4,0.007,13,0.992,0.0,22.02
2025-10-12 05:24:58,014,CDKL5_005_187_6,59,0.098,10,0.871,0.0,21.99
2025-10-12 05:35:20,014,CDKL5_005_187_6,9,0.015,14,0.984,0.0,21.99
2025-10-12 05:45:24,014,CDKL5_005_187_6,21,0.035,10,0.95,0.0,21.95
2025-10-12 05:55:27,014,CDKL5_005_187_6,2,0.003,14,0.996,0.0,21.91
2025-10-12 06:05:31,014,CDKL5_005_187_6,45,0.075,11,0.907,0.4968,21.89
2025-10-12 06:15:35,014,CDKL5_005_187_6,12,0.02,12,0.976,0.5112,21.89
2025-10-12 06:25:38,014,CDKL5_005_187_6,58,0.096,10,0.873,0.4536,21.87
2025-10-12 06:35:42,014,CDKL5_005_187_6,6,0.01,12,0.988,0.4608,21.85
2025-10-12 06:45:45,014,CDKL5_005_187_6,10,0.017,14,0.982,0.4536,21.86
2025-10-12 06:55:49,014,CDKL5_005_187_6,260,0.433,2,0.235,0.5112,21.88
2025-10-12 07:05:52,014,CDKL5_005_187_6,116,0.193,9,0.756,0.558,21.89
2025-10-12 07:15:55,014,CDKL5_005_187_6,30,0.05,14,0.949,0.5328,21.91
2025-10-12 07:25:59,014,CDKL5_005_187_6,217,0.361,5,0.48,0.6012,21.93
2025-10-12 07:36:02,014,CDKL5_005_187_6,530,0.88,0,0.0,0.5004,22.04
2025-10-12 07:46:06,014,CDKL5_005_187_6,295,0.491,0,0.0,0.5508,22.02
2025-10-12 07:56:09,014,CDKL5_005_187_6,25,0.042,11,0.946,0.6012,21.99
2025-10-12 08:06:12,014,CDKL5_005_187_6,1,0.002,15,0.998,0.5976,21.95
2025-10-12 08:16:15,014,CDKL5_005_187_6,6,0.01,13,0.989,0.5832,21.92
2025-10-12 08:26:19,014,CDKL5_005_187_6,0,0.0,15,1.0,0.5904,21.89
2025-10-12 08:36:22,014,CDKL5_005_187_6,2,0.003,14,0.996,0.6048,21.85
2025-10-12 08:46:25,014,CDKL5_005_187_6,2,0.003,14,0.996,0.6156,21.84
2025-10-12 08:56:29,014,CDKL5_005_187_6,0,0.0,15,1.0,0.6048,21.82
2025-10-12 09:06:32,014,CDKL5_005_187_6,1,0.002,15,0.998,0.6732,21.8
2025-10-12 09:16:35,014,CDKL5_005_187_6,2,0.003,15,0.997,0.6552,21.77
2025-10-12 09:26:38,014,CDKL5_005_187_6,1,0.002,14,0.998,0.6048,21.75
2025-10-12 09:36:53,014,CDKL5_005_187_6,1,0.002,14,0.998,0.6084,21.75
2025-10-12 09:46:57,014,CDKL5_005_187_6,11,0.018,13,0.979,0.6192,21.73
2025-10-12 09:57:00,014,CDKL5_005_187_6,8,0.013,13,0.985,0.6444,21.74
2025-10-12 10:07:03,014,CDKL5_005_187_6,8,0.013,11,0.982,0.6696,21.75
2025-10-12 10:17:07,014,CDKL5_005_187_6,0,0.0,15,1.0,0.6912,21.74
2025-10-12 10:27:09,014,CDKL5_005_187_6,5,0.008,14,0.991,0.666,21.75
2025-10-12 10:37:13,014,CDKL5_005_187_6,6,0.01,14,0.989,0.6912,21.76
2025-10-12 10:47:16,014,CDKL5_005_187_6,34,0.056,7,0.892,0.5472,21.78
2025-10-12 10:57:20,014,CDKL5_005_187_6,32,0.053,12,0.938,0.5292,21.77
2025-10-12 11:07:23,014,CDKL5_005_187_6,3,0.005,14,0.995,0.5796,21.78
2025-10-12 11:17:26,014,CDKL5_005_187_6,9,0.015,11,0.98,0.576,21.79
2025-10-12 11:27:29,014,CDKL5_005_187_6,2,0.003,13,0.996,0.6336,21.79
2025-10-12 11:37:33,014,CDKL5_005_187_6,4,0.007,14,0.993,0.6372,21.79
2025-10-12 11:47:36,014,CDKL5_005_187_6,20,0.033,10,0.952,0.5688,21.8
2025-10-12 11:57:39,014,CDKL5_005_187_6,76,0.126,4,0.678,0.6768,21.82
2025-10-12 12:07:42,014,CDKL5_005_187_6,118,0.196,10,0.772,0.7488,21.82
2025-10-12 12:17:45,014,CDKL5_005_187_6,219,0.364,5,0.477,0.8604,21.87
2025-10-12 12:27:48,014,CDKL5_005_187_6,192,0.319,1,0.172,1.1412,21.93
2025-10-12 12:37:52,014,CDKL5_005_187_6,101,0.168,8,0.76,1.098,21.94
2025-10-12 12:47:55,014,CDKL5_005_187_6,7,0.012,14,0.988,1.116,21.92
2025-10-12 12:57:58,014,CDKL5_005_187_6,10,0.017,13,0.981,1.1088,21.89
2025-10-12 13:08:02,014,CDKL5_005_187_6,4,0.007,14,0.993,1.242,21.86
2025-10-12 13:18:05,014,CDKL5_005_187_6,2,0.003,14,0.996,1.0728,21.84
2025-10-12 13:28:08,014,CDKL5_005_187_6,8,0.013,13,0.985,1.0692,21.81
2025-10-12 13:38:32,014,CDKL5_005_187_6,3,0.005,14,0.995,1.152,21.84
2025-10-12 13:48:36,014,CDKL5_005_187_6,11,0.018,12,0.978,1.2204,21.82
2025-10-12 13:58:39,014,CDKL5_005_187_6,3,0.005,14,0.995,1.1664,21.8
2025-10-12 14:08:42,014,CDKL5_005_187_6,4,0.007,14,0.993,1.1016,21.8
2025-10-12 14:18:45,014,CDKL5_005_187_6,2,0.003,14,0.996,1.152,21.79
2025-10-12 14:28:48,014,CDKL5_005_187_6,5,0.008,14,0.991,1.0512,21.78
2025-10-12 14:38:51,014,CDKL5_005_187_6,16,0.027,13,0.97,1.026,21.78
2025-10-12 14:48:54,014,CDKL5_005_187_6,0,0.0,15,1.0,1.0224,21.76
2025-10-12 14:58:58,014,CDKL5_005_187_6,0,0.0,15,1.0,1.026,21.76
2025-10-12 15:09:01,014,CDKL5_005_187_6,5,0.008,13,0.99,1.0296,21.76
2025-10-12 15:19:05,014,CDKL5_005_187_6,4,0.007,13,0.992,1.0368,21.76
2025-10-12 15:29:09,014,CDKL5_005_187_6,10,0.017,12,0.98,1.0656,21.73
2025-10-12 15:39:12,014,CDKL5_005_187_6,15,0.025,13,0.972,1.08,21.73
2025-10-12 15:49:15,014,CDKL5_005_187_6,177,0.295,6,0.576,0.9288,21.75
2025-10-12 15:59:18,014,CDKL5_005_187_6,164,0.272,1,0.196,0.8928,21.78
2025-10-12 16:09:21,014,CDKL5_005_187_6,139,0.231,7,0.668,0.9648,21.8
2025-10-12 16:19:25,014,CDKL5_005_187_6,198,0.329,7,0.586,0.3744,21.81
2025-10-12 16:29:28,014,CDKL5_005_187_6,182,0.302,6,0.569,0.5328,21.87
2025-10-12 16:39:33,014,CDKL5_005_187_6,8,0.013,14,0.986,0.5436,21.9
2025-10-12 16:49:36,014,CDKL5_005_187_6,15,0.025,13,0.972,0.5868,21.92
2025-10-12 16:59:39,014,CDKL5_005_187_6,17,0.028,12,0.966,0.5184,21.91
2025-10-12 17:09:42,014,CDKL5_005_187_6,31,0.052,12,0.939,0.5256,21.9
2025-10-12 17:19:45,014,CDKL5_005_187_6,12,0.02,12,0.976,0.5364,21.92
2025-10-12 17:29:48,014,CDKL5_005_187_6,23,0.038,12,0.954,0.5256,21.9
2025-10-12 17:40:02,014,CDKL5_005_187_6,11,0.018,11,0.976,0.558,21.96
2025-10-12 17:50:06,014,CDKL5_005_187_6,211,0.351,3,0.363,0.5976,22.0
2025-10-12 18:00:09,014,CDKL5_005_187_6,249,0.414,3,0.325,0.0,22.04
2025-10-12 18:10:13,014,CDKL5_005_187_6,443,0.737,0,0.0,0.0,22.03
2025-10-12 18:20:16,014,CDKL5_005_187_6,368,0.611,2,0.179,0.0,22.02
2025-10-12 18:30:19,014,CDKL5_005_187_6,299,0.498,3,0.286,0.0,22.04
2025-10-12 18:40:23,014,CDKL5_005_187_6,159,0.264,10,0.716,0.0,22.02
2025-10-12 18:50:27,014,CDKL5_005_187_6,356,0.591,1,0.101,0.0,22.01
2025-10-12 19:00:30,014,CDKL5_005_187_6,442,0.734,0,0.0,0.0,22.22
2025-10-12 19:10:34,014,CDKL5_005_187_6,352,0.586,4,0.312,0.0,22.2
2025-10-12 19:20:37,014,CDKL5_005_187_6,359,0.596,2,0.182,0.0,22.2
2025-10-12 19:30:40,014,CDKL5_005_187_6,230,0.383,5,0.465,0.0,22.2
2025-10-12 19:40:44,014,CDKL5_005_187_6,218,0.362,7,0.562,0.0,22.2
2025-10-12 19:50:47,014,CDKL5_005_187_6,279,0.463,3,0.301,0.0,22.26
2025-10-12 20:00:50,014,CDKL5_005_187_6,245,0.408,5,0.449,0.0,22.25
2025-10-12 20:10:53,014,CDKL5_005_187_6,356,0.591,1,0.101,0.0,22.26
2025-10-12 20:20:57,014,CDKL5_005_187_6,403,0.669,0,0.0,0.0,22.32
2025-10-12 20:30:59,014,CDKL5_005_187_6,242,0.403,6,0.498,0.0,22.25
2025-10-12 20:41:03,014,CDKL5_005_187_6,272,0.452,3,0.306,0.0,22.23
2025-10-12 20:51:06,014,CDKL5_005_187_6,373,0.62,0,0.0,0.0,22.26
2025-10-12 21:01:10,014,CDKL5_005_187_6,242,0.403,2,0.248,0.0,22.27
2025-10-12 21:11:13,014,CDKL5_005_187_6,271,0.45,2,0.228,0.0,22.26
2025-10-12 21:21:17,014,CDKL5_005_187_6,411,0.684,0,0.0,0.0,22.25
2025-10-12 21:31:20,014,CDKL5_005_187_6,349,0.581,0,0.0,0.0,22.27
2025-10-12 21:41:42,014,CDKL5_005_187_6,308,0.513,4,0.342,0.0,22.31
2025-10-12 21:51:46,014,CDKL5_005_187_6,285,0.474,2,0.219,0.0,22.26
2025-10-12 22:01:49,014,CDKL5_005_187_6,229,0.38,3,0.344,0.0,22.28
2025-10-12 22:11:53,014,CDKL5_005_187_6,239,0.398,3,0.334,0.0,22.25
2025-10-12 22:21:56,014,CDKL5_005_187_6,319,0.531,2,0.201,0.0,22.22
2025-10-12 22:31:59,014,CDKL5_005_187_6,268,0.445,5,0.427,0.0,22.25
2025-10-12 22:42:03,014,CDKL5_005_187_6,310,0.515,0,0.0,0.0,22.22
2025-10-12 22:52:07,014,CDKL5_005_187_6,285,0.474,3,0.296,0.0,22.25
2025-10-12 23:02:10,014,CDKL5_005_187_6,256,0.426,5,0.439,0.0,22.18
2025-10-12 23:12:14,014,CDKL5_005_187_6,295,0.49,2,0.213,0.0,22.18
2025-10-12 23:22:17,014,CDKL5_005_187_6,60,0.1,11,0.88,0.0,22.16
2025-10-12 23:32:21,014,CDKL5_005_187_6,28,0.046,12,0.945,0.0,22.13
2025-10-12 23:42:25,014,CDKL5_005_187_6,14,0.023,13,0.974,0.0,22.1
2025-10-12 23:52:28,014,CDKL5_005_187_6,5,0.008,14,0.991,0.0,22.07
2025-10-11 00:04:26,007,CDKL5_005_187_8,242,0.402,5,0.452,0.0,21.98
2025-10-11 00:14:29,007,CDKL5_005_187_8,163,0.271,6,0.596,0.0,21.97
2025-10-11 00:24:32,007,CDKL5_005_187_8,12,0.02,15,0.98,0.0,21.95
2025-10-11 00:34:36,007,CDKL5_005_187_8,81,0.135,9,0.816,0.0,21.91
2025-10-11 00:44:38,007,CDKL5_005_187_8,0,0.0,15,1.0,0.0,21.85
2025-10-11 00:54:41,007,CDKL5_005_187_8,0,0.0,15,1.0,0.0,21.82
2025-10-11 01:04:44,007,CDKL5_005_187_8,0,0.0,15,1.0,0.0,21.8
2025-10-11 01:15:04,007,CDKL5_005_187_8,0,0.0,15,1.0,0.0,21.81
2025-10-11 01:25:06,007,CDKL5_005_187_8,0,0.0,15,1.0,0.0,21.77
2025-10-11 01:35:09,007,CDKL5_005_187_8,0,0.0,15,1.0,0.0,21.75
2025-10-11 01:45:12,007,CDKL5_005_187_8,0,0.0,15,1.0,0.0,21.71
2025-10-11 01:55:15,007,CDKL5_005_187_8,0,0.0,15,1.0,0.0,21.67
2025-10-11 02:05:18,007,CDKL5_005_187_8,0,0.0,15,1.0,0.0,21.65
2025-10-11 02:15:21,007,CDKL5_005_187_8,21,0.035,14,0.964,0.0,21.66
2025-10-11 02:25:24,007,CDKL5_005_187_8,67,0.111,12,0.878,0.0,21.7
2025-10-11 02:35:27,007,CDKL5_005_187_8,103,0.171,11,0.81,0.0,21.74
2025-10-11 02:45:30,007,CDKL5_005_187_8,153,0.255,9,0.702,0.0,21.78
2025-10-11 02:55:33,007,CDKL5_005_187_8,0,0.0,15,1.0,0.0,21.73
2025-10-11 03:05:36,007,CDKL5_005_187_8,0,0.0,15,1.0,0.0,21.7
2025-10-11 03:15:39,007,CDKL5_005_187_8,0,0.0,15,1.0,0.0,21.69
2025-10-11 03:25:42,007,CDKL5_005_187_8,0,0.0,15,1.0,0.0,21.65
2025-10-11 03:35:45,007,CDKL5_005_187_8,0,0.0,15,1.0,0.0,21.64
2025-10-11 03:45:48,007,CDKL5_005_187_8,0,0.0,15,1.0,0.0,21.63
2025-10-11 03:55:51,007,CDKL5_005_187_8,0,0.0,15,1.0,0.0,21.63
2025-10-11 04:05:54,007,CDKL5_005_187_8,62,0.103,10,0.866,0.0,21.66
2025-10-11 04:15:57,007,CDKL5_005_187_8,104,0.173,9,0.776,0.0,21.74
2025-10-11 04:26:00,007,CDKL5_005_187_8,60,0.1,11,0.88,0.0,21.75
2025-10-11 04:36:03,007,CDKL5_005_187_8,0,0.0,15,1.0,0.0,21.73
2025-10-11 04:46:06,007,CDKL5_005_187_8,0,0.0,15,1.0,0.0,21.71
2025-10-11 04:56:09,007,CDKL5_005_187_8,0,0.0,15,1.0,0.0,21.65
2025-10-11 05:06:13,007,CDKL5_005_187_8,0,0.0,15,1.0,0.0,21.62
2025-10-11 05:16:25,007,CDKL5_005_187_8,0,0.0,15,1.0,0.0,21.61
2025-10-11 05:26:28,007,CDKL5_005_187_8,57,0.095,13,0.901,0.0,21.6
2025-10-11 05:36:31,007,CDKL5_005_187_8,136,0.226,7,0.673,0.0,21.7
2025-10-11 05:46:34,007,CDKL5_005_187_8,264,0.44,2,0.233,0.0,21.79
2025-10-11 05:56:36,007,CDKL5_005_187_8,100,0.166,8,0.762,0.0,21.83
2025-10-11 06:06:39,007,CDKL5_005_187_8,4,0.007,14,0.993,1.2456,21.76
2025-10-11 06:16:42,007,CDKL5_005_187_8,0,0.0,15,1.0,1.2456,21.75
2025-10-11 06:26:45,007,CDKL5_005_187_8,0,0.0,15,1.0,1.2456,21.71
2025-10-11 06:36:48,007,CDKL5_005_187_8,0,0.0,15,1.0,1.26,21.66
2025-10-11 06:46:51,007,CDKL5_005_187_8,0,0.0,15,1.0,1.3068,21.61
2025-10-11 06:56:55,007,CDKL5_005_187_8,0,0.0,15,1.0,1.3104,21.57
2025-10-11 07:06:58,007,CDKL5_005_187_8,0,0.0,15,1.0,1.296,21.55
2025-10-11 07:17:00,007,CDKL5_005_187_8,0,0.0,15,1.0,1.3032,21.52
2025-10-11 07:27:02,007,CDKL5_005_187_8,0,0.0,15,1.0,1.3032,21.5
2025-10-11 07:37:05,007,CDKL5_005_187_8,0,0.0,15,1.0,1.3032,21.49
2025-10-11 07:47:09,007,CDKL5_005_187_8,0,0.0,15,1.0,1.3032,21.48
2025-10-11 07:57:12,007,CDKL5_005_187_8,0,0.0,15,1.0,1.3032,21.46
2025-10-11 08:07:15,007,CDKL5_005_187_8,0,0.0,15,1.0,1.3104,21.45
2025-10-11 08:17:18,007,CDKL5_005_187_8,0,0.0,15,1.0,1.2924,21.45
2025-10-11 08:27:22,007,CDKL5_005_187_8,0,0.0,15,1.0,1.2456,21.48
2025-10-11 08:37:24,007,CDKL5_005_187_8,0,0.0,15,1.0,1.2564,21.48
2025-10-11 08:47:27,007,CDKL5_005_187_8,0,0.0,15,1.0,1.2456,21.47
2025-10-11 08:57:30,007,CDKL5_005_187_8,0,0.0,15,1.0,1.2456,21.45
2025-10-11 09:07:33,007,CDKL5_005_187_8,0,0.0,15,1.0,1.2456,21.45
2025-10-11 09:17:52,007,CDKL5_005_187_8,0,0.0,15,1.0,1.2492,21.47
2025-10-11 09:27:56,007,CDKL5_005_187_8,0,0.0,15,1.0,1.2456,21.45
2025-10-11 09:37:59,007,CDKL5_005_187_8,0,0.0,15,1.0,1.2564,21.42
2025-10-11 09:48:02,007,CDKL5_005_187_8,0,0.0,15,1.0,1.2456,21.41
2025-10-11 09:58:05,007,CDKL5_005_187_8,0,0.0,15,1.0,1.26,21.4
2025-10-11 10:08:09,007,CDKL5_005_187_8,0,0.0,15,1.0,1.2492,21.39
2025-10-11 10:18:12,007,CDKL5_005_187_8,13,0.022,14,0.977,1.2384,21.4
2025-10-11 10:28:15,007,CDKL5_005_187_8,28,0.047,13,0.949,1.2564,21.42
2025-10-11 10:38:18,007,CDKL5_005_187_8,5,0.008,14,0.991,1.2996,21.41
2025-10-11 10:48:20,007,CDKL5_005_187_8,0,0.0,15,1.0,1.2996,21.42
2025-10-11 10:58:23,007,CDKL5_005_187_8,0,0.0,15,1.0,1.2888,21.4
2025-10-11 11:08:27,007,CDKL5_005_187_8,0,0.0,15,1.0,1.2816,21.38
2025-10-11 11:18:30,007,CDKL5_005_187_8,0,0.0,15,1.0,1.2816,21.36
2025-10-11 11:28:33,007,CDKL5_005_187_8,0,0.0,15,1.0,1.2816,21.34
2025-10-11 11:38:36,007,CDKL5_005_187_8,0,0.0,15,1.0,1.2888,21.33
2025-10-11 11:48:38,007,CDKL5_005_187_8,0,0.0,15,1.0,1.2924,21.33
2025-10-11 11:58:41,007,CDKL5_005_187_8,0,0.0,15,1.0,1.3032,21.32
2025-10-11 12:08:45,007,CDKL5_005_187_8,0,0.0,15,1.0,1.2996,21.32
2025-10-11 12:18:48,007,CDKL5_005_187_8,0,0.0,15,1.0,1.3068,21.31
2025-10-11 12:28:51,007,CDKL5_005_187_8,0,0.0,15,1.0,1.3032,21.32
2025-10-11 12:38:54,007,CDKL5_005_187_8,0,0.0,15,1.0,1.3104,21.32
2025-10-11 12:48:57,007,CDKL5_005_187_8,0,0.0,15,1.0,1.3032,21.32
2025-10-11 12:59:00,007,CDKL5_005_187_8,0,0.0,15,1.0,1.296,21.31
2025-10-11 13:09:03,007,CDKL5_005_187_8,0,0.0,15,1.0,1.3032,21.3
2025-10-11 13:19:20,007,CDKL5_005_187_8,0,0.0,15,1.0,1.3068,21.33
2025-10-11 13:29:23,007,CDKL5_005_187_8,0,0.0,15,1.0,1.296,21.31
2025-10-11 13:39:26,007,CDKL5_005_187_8,15,0.025,14,0.974,1.3176,21.32
2025-10-11 13:49:29,007,CDKL5_005_187_8,0,0.0,15,1.0,1.3248,21.32
2025-10-11 13:59:32,007,CDKL5_005_187_8,0,0.0,15,1.0,1.332,21.29
2025-10-11 14:09:34,007,CDKL5_005_187_8,0,0.0,15,1.0,1.3248,21.28
2025-10-11 14:19:37,007,CDKL5_005_187_8,0,0.0,15,1.0,1.3284,21.29
2025-10-11 14:29:40,007,CDKL5_005_187_8,0,0.0,15,1.0,1.3356,21.28
2025-10-11 14:39:42,007,CDKL5_005_187_8,0,0.0,15,1.0,1.3284,21.27
2025-10-11 14:49:45,007,CDKL5_005_187_8,0,0.0,15,1.0,1.3284,21.27
2025-10-11 14:59:48,007,CDKL5_005_187_8,0,0.0,15,1.0,1.332,21.26
2025-10-11 15:09:51,007,CDKL5_005_187_8,0,0.0,15,1.0,1.3284,21.26
2025-10-11 15:19:53,007,CDKL5_005_187_8,0,0.0,15,1.0,1.3284,21.27
2025-10-11 15:29:56,007,CDKL5_005_187_8,2,0.003,15,0.997,1.3176,21.27
2025-10-11 15:39:58,007,CDKL5_005_187_8,0,0.0,15,1.0,1.314,21.28
2025-10-11 15:50:01,007,CDKL5_005_187_8,0,0.0,15,1.0,1.3104,21.27
2025-10-11 16:00:04,007,CDKL5_005_187_8,0,0.0,15,1.0,1.314,21.27
2025-10-11 16:10:07,007,CDKL5_005_187_8,0,0.0,15,1.0,1.3104,21.28
2025-10-11 16:20:10,007,CDKL5_005_187_8,0,0.0,15,1.0,1.3176,21.28
2025-10-11 16:30:13,007,CDKL5_005_187_8,0,0.0,15,1.0,1.3176,21.28
2025-10-11 16:40:15,007,CDKL5_005_187_8,0,0.0,15,1.0,1.3176,21.29
2025-10-11 16:50:19,007,CDKL5_005_187_8,0,0.0,15,1.0,1.3104,21.28
2025-10-11 17:00:21,007,CDKL5_005_187_8,0,0.0,15,1.0,1.3176,21.3
2025-10-11 17:10:24,007,CDKL5_005_187_8,0,0.0,15,1.0,1.2564,21.31
2025-10-11 17:20:47,007,CDKL5_005_187_8,6,0.01,15,0.99,1.3068,21.37
2025-10-11 17:30:50,007,CDKL5_005_187_8,0,0.0,15,1.0,1.2996,21.35
2025-10-11 17:40:53,007,CDKL5_005_187_8,0,0.0,15,1.0,1.2996,21.35
2025-10-11 17:50:55,007,CDKL5_005_187_8,0,0.0,15,1.0,1.3068,21.34
2025-10-11 18:00:59,007,CDKL5_005_187_8,0,0.0,15,1.0,0.0,21.35
2025-10-11 18:11:01,007,CDKL5_005_187_8,0,0.0,15,1.0,0.0,21.32
2025-10-11 18:21:04,007,CDKL5_005_187_8,188,0.313,5,0.515,0.0,21.46
2025-10-11 18:31:08,007,CDKL5_005_187_8,227,0.377,4,0.413,0.0,21.56
2025-10-11 18:41:11,007,CDKL5_005_187_8,273,0.453,3,0.305,0.0,21.71
2025-10-11 18:51:14,007,CDKL5_005_187_8,234,0.389,6,0.506,0.0,21.76
2025-10-11 19:01:17,007,CDKL5_005_187_8,299,0.498,3,0.286,0.0,21.92
2025-10-11 19:11:20,007,CDKL5_005_187_8,232,0.387,6,0.508,0.0,22.01
2025-10-11 19:21:23,007,CDKL5_005_187_8,187,0.311,7,0.6,0.0,22.0
2025-10-11 19:31:25,007,CDKL5_005_187_8,303,0.504,4,0.346,0.0,22.0
2025-10-11 19:41:28,007,CDKL5_005_187_8,223,0.371,6,0.518,0.0,22.03
2025-10-11 19:51:31,007,CDKL5_005_187_8,232,0.386,5,0.463,0.0,22.02
2025-10-11 20:01:33,007,CDKL5_005_187_8,131,0.218,8,0.71,0.0,22.03
2025-10-11 20:11:36,007,CDKL5_005_187_8,214,0.356,5,0.483,0.0,22.0
2025-10-11 20:21:39,007,CDKL5_005_187_8,54,0.09,12,0.899,0.0,21.91
2025-10-11 20:31:42,007,CDKL5_005_187_8,2,0.003,15,0.997,0.0,21.79
2025-10-11 20:41:46,007,CDKL5_005_187_8,0,0.0,15,1.0,0.0,21.72
2025-10-11 20:51:48,007,CDKL5_005_187_8,0,0.0,15,1.0,0.0,21.67
2025-10-11 21:01:51,007,CDKL5_005_187_8,84,0.14,11,0.84,0.0,21.63
2025-10-11 21:11:54,007,CDKL5_005_187_8,67,0.111,13,0.886,0.0,21.66
2025-10-11 21:22:13,007,CDKL5_005_187_8,63,0.105,12,0.884,0.0,21.68
2025-10-11 21:32:16,007,CDKL5_005_187_8,335,0.557,2,0.193,0.0,21.73
2025-10-11 21:42:19,007,CDKL5_005_187_8,172,0.286,8,0.65,0.0,21.78
2025-10-11 21:52:22,007,CDKL5_005_187_8,0,0.0,15,1.0,0.0,21.73
2025-10-11 22:02:25,007,CDKL5_005_187_8,0,0.0,15,1.0,0.0,21.68
2025-10-11 22:12:28,007,CDKL5_005_187_8,0,0.0,15,1.0,0.0,21.62
2025-10-11 22:22:31,007,CDKL5_005_187_8,0,0.0,15,1.0,0.0,21.55
2025-10-11 22:32:35,007,CDKL5_005_187_8,0,0.0,15,1.0,0.0,21.51
2025-10-11 22:42:37,007,CDKL5_005_187_8,0,0.0,15,1.0,0.0,21.48
2025-10-11 22:52:40,007,CDKL5_005_187_8,0,0.0,15,1.0,0.0,21.45
2025-10-11 23:02:44,007,CDKL5_005_187_8,0,0.0,15,1.0,0.0,21.43
2025-10-11 23:12:47,007,CDKL5_005_187_8,0,0.0,15,1.0,0.0,21.41
2025-10-11 23:22:50,007,CDKL5_005_187_8,0,0.0,15,1.0,0.0,21.39
2025-10-11 23:32:53,007,CDKL5_005_187_8,53,0.088,12,0.901,0.0,21.42
2025-10-11 23:42:56,007,CDKL5_005_187_8,140,0.233,9,0.72,0.0,21.49
2025-10-11 23:52:59,007,CDKL5_005_187_8,91,0.151,10,0.815,0.0,21.55
2025-10-12 00:03:02,007,CDKL5_005_187_8,0,0.0,15,1.0,0.0,21.54
2025-10-12 00:13:06,007,CDKL5_005_187_8,77,0.128,11,0.851,0.0,21.53
2025-10-12 00:23:09,007,CDKL5_005_187_8,111,0.185,10,0.783,0.0,21.61
2025-10-12 00:33:11,007,CDKL5_005_187_8,45,0.075,13,0.92,0.0,21.59
2025-10-12 00:43:14,007,CDKL5_005_187_8,0,0.0,15,1.0,0.0,21.56
2025-10-12 00:53:17,007,CDKL5_005_187_8,0,0.0,15,1.0,0.0,21.52
2025-10-12 01:03:20,007,CDKL5_005_187_8,0,0.0,15,1.0,0.0,21.48
2025-10-12 01:13:23,007,CDKL5_005_187_8,0,0.0,15,1.0,0.0,21.45
2025-10-12 01:23:46,007,CDKL5_005_187_8,0,0.0,15,1.0,0.0,21.47
2025-10-12 01:33:48,007,CDKL5_005_187_8,0,0.0,15,1.0,0.0,21.44
2025-10-12 01:43:51,007,CDKL5_005_187_8,0,0.0,15,1.0,0.0,21.41
2025-10-12 01:53:54,007,CDKL5_005_187_8,0,0.0,15,1.0,0.0,21.38
2025-10-12 02:03:58,007,CDKL5_005_187_8,0,0.0,15,1.0,0.0,21.37
2025-10-12 02:14:01,007,CDKL5_005_187_8,0,0.0,15,1.0,0.0,21.35
2025-10-12 02:24:04,007,CDKL5_005_187_8,0,0.0,15,1.0,0.0,21.35
2025-10-12 02:34:07,007,CDKL5_005_187_8,0,0.0,15,1.0,0.0,21.34
2025-10-12 02:44:10,007,CDKL5_005_187_8,0,0.0,15,1.0,0.0,21.33
2025-10-12 02:54:13,007,CDKL5_005_187_8,0,0.0,15,1.0,0.0,21.33
2025-10-12 03:04:16,007,CDKL5_005_187_8,0,0.0,15,1.0,0.0,21.33
2025-10-12 03:14:19,007,CDKL5_005_187_8,0,0.0,15,1.0,0.0,21.32
2025-10-12 03:24:22,007,CDKL5_005_187_8,161,0.268,7,0.635,0.0,21.43
2025-10-12 03:34:25,007,CDKL5_005_187_8,177,0.295,7,0.613,0.0,21.6
2025-10-12 03:44:29,007,CDKL5_005_187_8,51,0.085,12,0.904,0.0,21.61
2025-10-12 03:54:32,007,CDKL5_005_187_8,32,0.053,14,0.946,0.0,21.59
2025-10-12 04:04:34,007,CDKL5_005_187_8,0,0.0,15,1.0,0.0,21.54
2025-10-12 04:14:37,007,CDKL5_005_187_8,0,0.0,15,1.0,0.0,21.49
2025-10-12 04:24:40,007,CDKL5_005_187_8,0,0.0,15,1.0,0.0,21.46
2025-10-12 04:34:42,007,CDKL5_005_187_8,0,0.0,15,1.0,0.0,21.41
2025-10-12 04:44:45,007,CDKL5_005_187_8,0,0.0,15,1.0,0.0,21.38
2025-10-12 04:54:48,007,CDKL5_005_187_8,0,0.0,15,1.0,0.0,21.36
2025-10-12 05:04:51,007,CDKL5_005_187_8,0,0.0,15,1.0,0.0,21.34
2025-10-12 05:14:54,007,CDKL5_005_187_8,0,0.0,15,1.0,0.0,21.33
2025-10-12 05:25:15,007,CDKL5_005_187_8,131,0.219,8,0.71,0.0,21.42
2025-10-12 05:35:17,007,CDKL5_005_187_8,124,0.206,10,0.763,0.0,21.48
2025-10-12 05:45:21,007,CDKL5_005_187_8,93,0.155,12,0.838,0.0,21.55
2025-10-12 05:55:24,007,CDKL5_005_187_8,0,0.0,15,1.0,0.0,21.53
2025-10-12 06:05:26,007,CDKL5_005_187_8,0,0.0,15,1.0,1.1736,21.49
2025-10-12 06:15:29,007,CDKL5_005_187_8,5,0.008,15,0.992,1.1016,21.49
2025-10-12 06:25:31,007,CDKL5_005_187_8,0,0.0,15,1.0,1.1952,21.47
2025-10-12 06:35:35,007,CDKL5_005_187_8,0,0.0,15,1.0,1.1376,21.46
2025-10-12 06:45:37,007,CDKL5_005_187_8,1,0.002,15,0.998,1.1952,21.43
2025-10-12 06:55:40,007,CDKL5_005_187_8,0,0.0,15,1.0,1.1916,21.4
2025-10-12 07:05:43,007,CDKL5_005_187_8,0,0.0,15,1.0,1.188,21.4
2025-10-12 07:15:46,007,CDKL5_005_187_8,0,0.0,15,1.0,1.188,21.38
2025-10-12 07:25:49,007,CDKL5_005_187_8,0,0.0,15,1.0,1.1808,21.38
2025-10-12 07:35:51,007,CDKL5_005_187_8,0,0.0,15,1.0,1.1916,21.36
2025-10-12 07:45:54,007,CDKL5_005_187_8,0,0.0,15,1.0,1.188,21.35
2025-10-12 07:55:57,007,CDKL5_005_187_8,0,0.0,15,1.0,1.1808,21.35
2025-10-12 08:06:00,007,CDKL5_005_187_8,0,0.0,15,1.0,1.1916,21.34
2025-10-12 08:16:03,007,CDKL5_005_187_8,0,0.0,15,1.0,1.1232,21.33
2025-10-12 08:26:06,007,CDKL5_005_187_8,2,0.003,14,0.996,1.0728,21.36
2025-10-12 08:36:09,007,CDKL5_005_187_8,68,0.113,9,0.841,1.0872,21.43
2025-10-12 08:46:11,007,CDKL5_005_187_8,12,0.02,14,0.979,1.0872,21.42
2025-10-12 08:56:13,007,CDKL5_005_187_8,0,0.0,15,1.0,1.08,21.41
2025-10-12 09:06:17,007,CDKL5_005_187_8,0,0.0,15,1.0,1.08,21.38
2025-10-12 09:16:20,007,CDKL5_005_187_8,0,0.0,15,1.0,1.0872,21.37
2025-10-12 09:26:34,007,CDKL5_005_187_8,0,0.0,15,1.0,1.08,21.38
2025-10-12 09:36:37,007,CDKL5_005_187_8,0,0.0,15,1.0,1.0944,21.35
2025-10-12 09:46:40,007,CDKL5_005_187_8,0,0.0,15,1.0,1.0872,21.33
2025-10-12 09:56:42,007,CDKL5_005_187_8,0,0.0,15,1.0,1.0944,21.33
2025-10-12 10:06:45,007,CDKL5_005_187_8,0,0.0,15,1.0,1.0944,21.32
2025-10-12 10:16:48,007,CDKL5_005_187_8,0,0.0,15,1.0,1.1016,21.31
2025-10-12 10:26:51,007,CDKL5_005_187_8,0,0.0,15,1.0,1.1016,21.3
2025-10-12 10:36:54,007,CDKL5_005_187_8,0,0.0,15,1.0,1.1052,21.3
2025-10-12 10:46:57,007,CDKL5_005_187_8,0,0.0,15,1.0,1.0944,21.29
2025-10-12 10:57:01,007,CDKL5_005_187_8,0,0.0,15,1.0,1.0944,21.29
2025-10-12 11:07:04,007,CDKL5_005_187_8,0,0.0,15,1.0,1.0944,21.29
2025-10-12 11:17:07,007,CDKL5_005_187_8,0,0.0,15,1.0,1.0836,21.29
2025-10-12 11:27:10,007,CDKL5_005_187_8,28,0.047,14,0.952,1.0584,21.3
2025-10-12 11:37:12,007,CDKL5_005_187_8,32,0.053,12,0.938,1.0368,21.33
2025-10-12 11:47:16,007,CDKL5_005_187_8,7,0.012,13,0.987,1.0188,21.33
2025-10-12 11:57:18,007,CDKL5_005_187_8,0,0.0,15,1.0,1.062,21.33
2025-10-12 12:07:21,007,CDKL5_005_187_8,0,0.0,15,1.0,1.062,21.31
2025-10-12 12:17:24,007,CDKL5_005_187_8,0,0.0,15,1.0,1.0512,21.31
2025-10-12 12:27:27,007,CDKL5_005_187_8,0,0.0,15,1.0,1.0584,21.3
2025-10-12 12:37:31,007,CDKL5_005_187_8,0,0.0,15,1.0,1.062,21.28
2025-10-12 12:47:34,007,CDKL5_005_187_8,0,0.0,15,1.0,1.062,21.28
2025-10-12 12:57:36,007,CDKL5_005_187_8,0,0.0,15,1.0,1.0584,21.28
2025-10-12 13:07:39,007,CDKL5_005_187_8,0,0.0,15,1.0,1.0584,21.27
2025-10-12 13:17:41,007,CDKL5_005_187_8,0,0.0,15,1.0,1.0584,21.26
2025-10-12 13:27:55,007,CDKL5_005_187_8,0,0.0,15,1.0,1.0584,21.29
2025-10-12 13:37:57,007,CDKL5_005_187_8,0,0.0,15,1.0,1.0584,21.27
2025-10-12 13:48:00,007,CDKL5_005_187_8,0,0.0,15,1.0,1.0584,21.26
2025-10-12 13:58:03,007,CDKL5_005_187_8,0,0.0,15,1.0,1.0656,21.24
2025-10-12 14:08:06,007,CDKL5_005_187_8,0,0.0,15,1.0,1.0584,21.24
2025-10-12 14:18:09,007,CDKL5_005_187_8,0,0.0,15,1.0,1.0656,21.23
2025-10-12 14:28:12,007,CDKL5_005_187_8,0,0.0,15,1.0,1.0584,21.22
2025-10-12 14:38:15,007,CDKL5_005_187_8,0,0.0,15,1.0,1.062,21.22
2025-10-12 14:48:18,007,CDKL5_005_187_8,0,0.0,15,1.0,1.0584,21.22
2025-10-12 14:58:22,007,CDKL5_005_187_8,0,0.0,15,1.0,1.0584,21.22
2025-10-12 15:08:25,007,CDKL5_005_187_8,0,0.0,15,1.0,1.0656,21.21
2025-10-12 15:18:28,007,CDKL5_005_187_8,0,0.0,15,1.0,1.0512,21.22
2025-10-12 15:28:31,007,CDKL5_005_187_8,0,0.0,15,1.0,1.0692,21.22
2025-10-12 15:38:34,007,CDKL5_005_187_8,0,0.0,15,1.0,1.0764,21.21
2025-10-12 15:48:37,007,CDKL5_005_187_8,0,0.0,15,1.0,1.0656,21.23
2025-10-12 15:58:40,007,CDKL5_005_187_8,0,0.0,15,1.0,1.0728,21.23
2025-10-12 16:08:43,007,CDKL5_005_187_8,0,0.0,15,1.0,1.0836,21.24
2025-10-12 16:18:46,007,CDKL5_005_187_8,0,0.0,15,1.0,1.0656,21.23
2025-10-12 16:28:49,007,CDKL5_005_187_8,0,0.0,15,1.0,1.0656,21.24
2025-10-12 16:38:52,007,CDKL5_005_187_8,0,0.0,15,1.0,1.0764,21.24
2025-10-12 16:48:55,007,CDKL5_005_187_8,0,0.0,15,1.0,1.0584,21.25
2025-10-12 16:58:58,007,CDKL5_005_187_8,0,0.0,15,1.0,1.0584,21.24
2025-10-12 17:09:01,007,CDKL5_005_187_8,0,0.0,15,1.0,1.0584,21.26
2025-10-12 17:19:04,007,CDKL5_005_187_8,0,0.0,15,1.0,1.0656,21.25
2025-10-12 17:29:26,007,CDKL5_005_187_8,0,0.0,15,1.0,1.0656,21.31
2025-10-12 17:39:29,007,CDKL5_005_187_8,0,0.0,15,1.0,1.0656,21.28
2025-10-12 17:49:32,007,CDKL5_005_187_8,0,0.0,15,1.0,1.0656,21.28
2025-10-12 17:59:35,007,CDKL5_005_187_8,16,0.027,14,0.972,1.0368,21.28
2025-10-12 18:09:38,007,CDKL5_005_187_8,0,0.0,15,1.0,0.0,21.26
2025-10-12 18:19:41,007,CDKL5_005_187_8,66,0.11,12,0.879,0.0,21.26
2025-10-12 18:29:44,007,CDKL5_005_187_8,288,0.48,1,0.122,0.0,21.4
2025-10-12 18:39:47,007,CDKL5_005_187_8,334,0.556,1,0.107,0.0,21.6
2025-10-12 18:49:50,007,CDKL5_005_187_8,309,0.514,2,0.206,0.0,21.66
2025-10-12 18:59:53,007,CDKL5_005_187_8,287,0.478,3,0.295,0.0,21.87
2025-10-12 19:09:55,007,CDKL5_005_187_8,137,0.228,8,0.7,0.0,21.94
2025-10-12 19:19:58,007,CDKL5_005_187_8,148,0.246,9,0.709,0.0,21.91
2025-10-12 19:30:00,007,CDKL5_005_187_8,198,0.329,6,0.548,0.0,21.91
2025-10-12 19:40:03,007,CDKL5_005_187_8,178,0.296,6,0.574,0.0,21.99
2025-10-12 19:50:06,007,CDKL5_005_187_8,33,0.055,14,0.944,0.0,21.89
2025-10-12 20:00:09,007,CDKL5_005_187_8,213,0.354,5,0.484,0.0,21.86
2025-10-12 20:10:12,007,CDKL5_005_187_8,201,0.334,5,0.499,0.0,21.91
2025-10-12 20:20:16,007,CDKL5_005_187_8,12,0.02,15,0.98,0.0,21.87
2025-10-12 20:30:19,007,CDKL5_005_187_8,82,0.136,11,0.843,0.0,21.8
2025-10-12 20:40:22,007,CDKL5_005_187_8,5,0.008,15,0.992,0.0,21.78
2025-10-12 20:50:25,007,CDKL5_005_187_8,0,0.0,15,1.0,0.0,21.71
2025-10-12 21:00:28,007,CDKL5_005_187_8,0,0.0,15,1.0,0.0,21.66
2025-10-12 21:10:31,007,CDKL5_005_187_8,100,0.166,10,0.8,0.0,21.65
2025-10-12 21:20:34,007,CDKL5_005_187_8,74,0.123,11,0.856,0.0,21.65
2025-10-12 21:30:52,007,CDKL5_005_187_8,4,0.007,15,0.993,0.0,21.64
2025-10-12 21:40:54,007,CDKL5_005_187_8,0,0.0,15,1.0,0.0,21.6
2025-10-12 21:50:57,007,CDKL5_005_187_8,0,0.0,15,1.0,0.0,21.55
2025-10-12 22:01:00,007,CDKL5_005_187_8,94,0.157,11,0.824,0.0,21.54
2025-10-12 22:11:03,007,CDKL5_005_187_8,272,0.452,4,0.37,0.0,21.69
2025-10-12 22:21:06,007,CDKL5_005_187_8,227,0.377,4,0.413,0.0,21.76
2025-10-12 22:31:10,007,CDKL5_005_187_8,55,0.092,12,0.897,0.0,21.77
2025-10-12 22:41:13,007,CDKL5_005_187_8,0,0.0,15,1.0,0.0,21.69
2025-10-12 22:51:15,007,CDKL5_005_187_8,0,0.0,15,1.0,0.0,21.63
2025-10-12 23:01:18,007,CDKL5_005_187_8,0,0.0,15,1.0,0.0,21.57
2025-10-12 23:11:21,007,CDKL5_005_187_8,187,0.311,7,0.6,0.0,21.68
2025-10-12 23:21:24,007,CDKL5_005_187_8,56,0.093,12,0.896,0.0,21.68
2025-10-12 23:31:27,007,CDKL5_005_187_8,0,0.0,15,1.0,0.0,21.64
2025-10-12 23:41:30,007,CDKL5_005_187_8,0,0.0,15,1.0,0.0,21.58
2025-10-12 23:51:33,007,CDKL5_005_187_8,0,0.0,15,1.0,0.0,21.55
2025-10-11 00:02:25,010,CDKL5_005_190_86,0,0.0,15,1.0,0.0,21.22
2025-10-11 00:12:28,010,CDKL5_005_190_86,0,0.0,15,1.0,0.0,21.22
2025-10-11 00:22:31,010,CDKL5_005_190_86,0,0.0,15,1.0,0.0,21.21
2025-10-11 00:32:34,010,CDKL5_005_190_86,0,0.0,15,1.0,0.0,21.22
2025-10-11 00:42:37,010,CDKL5_005_190_86,0,0.0,15,1.0,0.0,21.23
2025-10-11 00:52:40,010,CDKL5_005_190_86,0,0.0,15,1.0,0.0,21.2
2025-10-11 01:02:42,010,CDKL5_005_190_86,0,0.0,15,1.0,0.0,21.2
2025-10-11 01:12:45,010,CDKL5_005_190_86,0,0.0,15,1.0,0.0,21.2
2025-10-11 01:22:48,010,CDKL5_005_190_86,0,0.0,15,1.0,0.0,21.21
2025-10-11 01:32:51,010,CDKL5_005_190_86,0,0.0,15,1.0,0.0,21.21
2025-10-11 01:42:54,010,CDKL5_005_190_86,7,0.012,14,0.988,0.0,21.2
2025-10-11 01:52:57,010,CDKL5_005_190_86,0,0.0,15,1.0,0.0,21.2
2025-10-11 02:03:00,010,CDKL5_005_190_86,311,0.517,3,0.278,0.0,21.25
2025-10-11 02:13:03,010,CDKL5_005_190_86,342,0.569,0,0.0,0.0,21.42
2025-10-11 02:23:06,010,CDKL5_005_190_86,161,0.268,5,0.554,0.0,21.44
2025-10-11 02:33:09,010,CDKL5_005_190_86,306,0.509,1,0.116,0.0,21.64
2025-10-11 02:43:26,010,CDKL5_005_190_86,277,0.462,1,0.126,0.0,21.68
2025-10-11 02:53:29,010,CDKL5_005_190_86,231,0.384,3,0.342,0.0,21.68
2025-10-11 03:03:32,010,CDKL5_005_190_86,270,0.45,2,0.229,0.0,21.65
2025-10-11 03:13:35,010,CDKL5_005_190_86,63,0.105,11,0.875,0.0,21.58
2025-10-11 03:23:38,010,CDKL5_005_190_86,50,0.083,12,0.906,0.0,21.51
2025-10-11 03:33:41,010,CDKL5_005_190_86,110,0.183,10,0.784,0.0,21.44
2025-10-11 03:43:43,010,CDKL5_005_190_86,301,0.502,3,0.285,0.0,21.52
2025-10-11 03:53:47,010,CDKL5_005_190_86,324,0.539,1,0.11,0.0,21.62
2025-10-11 04:03:49,010,CDKL5_005_190_86,142,0.236,6,0.628,0.0,21.64
2025-10-11 04:13:53,010,CDKL5_005_190_86,87,0.145,8,0.786,0.0,21.53
2025-10-11 04:23:55,010,CDKL5_005_190_86,103,0.171,6,0.7,0.0,21.54
2025-10-11 04:33:58,010,CDKL5_005_190_86,147,0.245,5,0.576,0.0,21.52
2025-10-11 04:44:01,010,CDKL5_005_190_86,102,0.17,9,0.779,0.0,21.48
2025-10-11 04:54:05,010,CDKL5_005_190_86,166,0.276,5,0.546,0.0,21.47
2025-10-11 05:04:08,010,CDKL5_005_190_86,48,0.08,11,0.902,0.0,21.43
2025-10-11 05:14:11,010,CDKL5_005_190_86,32,0.053,13,0.942,0.0,21.37
2025-10-11 05:24:14,010,CDKL5_005_190_86,20,0.033,13,0.963,0.0,21.34
2025-10-11 05:34:18,010,CDKL5_005_190_86,1,0.002,15,0.998,0.0,21.27
2025-10-11 05:44:20,010,CDKL5_005_190_86,0,0.0,15,1.0,0.0,21.23
2025-10-11 05:54:24,010,CDKL5_005_190_86,0,0.0,15,1.0,0.0,21.2
2025-10-11 06:04:26,010,CDKL5_005_190_86,11,0.018,13,0.979,0.4752,21.18
2025-10-11 06:14:29,010,CDKL5_005_190_86,0,0.0,15,1.0,0.5112,21.2
2025-10-11 06:24:32,010,CDKL5_005_190_86,0,0.0,15,1.0,0.5076,21.21
2025-10-11 06:34:35,010,CDKL5_005_190_86,0,0.0,15,1.0,0.504,21.19
2025-10-11 06:44:50,010,CDKL5_005_190_86,0,0.0,15,1.0,0.4968,21.22
2025-10-11 06:54:53,010,CDKL5_005_190_86,0,0.0,15,1.0,0.4968,21.19
2025-10-11 07:04:56,010,CDKL5_005_190_86,0,0.0,15,1.0,0.4968,21.17
2025-10-11 07:14:58,010,CDKL5_005_190_86,0,0.0,15,1.0,0.4968,21.18
2025-10-11 07:25:01,010,CDKL5_005_190_86,0,0.0,15,1.0,0.4968,21.17
2025-10-11 07:35:05,010,CDKL5_005_190_86,0,0.0,15,1.0,0.4968,21.17
2025-10-11 07:45:08,010,CDKL5_005_190_86,0,0.0,15,1.0,0.4968,21.17
2025-10-11 07:55:10,010,CDKL5_005_190_86,0,0.0,15,1.0,0.4968,21.17
2025-10-11 08:05:13,010,CDKL5_005_190_86,0,0.0,15,1.0,0.5076,21.17
2025-10-11 08:15:16,010,CDKL5_005_190_86,0,0.0,15,1.0,0.4968,21.17
2025-10-11 08:25:18,010,CDKL5_005_190_86,0,0.0,15,1.0,0.4968,21.17
2025-10-11 08:35:21,010,CDKL5_005_190_86,0,0.0,15,1.0,0.4968,21.16
2025-10-11 08:45:25,010,CDKL5_005_190_86,0,0.0,15,1.0,0.4968,21.17
2025-10-11 08:55:28,010,CDKL5_005_190_86,0,0.0,15,1.0,0.504,21.16
2025-10-11 09:05:31,010,CDKL5_005_190_86,0,0.0,15,1.0,0.504,21.15
2025-10-11 09:15:34,010,CDKL5_005_190_86,0,0.0,15,1.0,0.504,21.15
2025-10-11 09:25:36,010,CDKL5_005_190_86,0,0.0,15,1.0,0.504,21.11
2025-10-11 09:35:39,010,CDKL5_005_190_86,0,0.0,15,1.0,0.504,21.11
2025-10-11 09:45:42,010,CDKL5_005_190_86,0,0.0,15,1.0,0.504,21.12
2025-10-11 09:55:45,010,CDKL5_005_190_86,12,0.02,14,0.979,0.504,21.14
2025-10-11 10:05:48,010,CDKL5_005_190_86,41,0.068,11,0.915,0.4896,21.18
2025-10-11 10:15:51,010,CDKL5_005_190_86,8,0.013,14,0.986,0.5112,21.17
2025-10-11 10:25:54,010,CDKL5_005_190_86,0,0.0,15,1.0,0.5112,21.15
2025-10-11 10:35:58,010,CDKL5_005_190_86,0,0.0,15,1.0,0.5112,21.14
2025-10-11 10:46:09,010,CDKL5_005_190_86,0,0.0,15,1.0,0.5148,21.16
2025-10-11 10:56:12,010,CDKL5_005_190_86,0,0.0,15,1.0,0.4968,21.14
2025-10-11 11:06:15,010,CDKL5_005_190_86,0,0.0,15,1.0,0.5076,21.12
2025-10-11 11:16:18,010,CDKL5_005_190_86,0,0.0,15,1.0,0.4968,21.12
2025-10-11 11:26:20,010,CDKL5_005_190_86,0,0.0,15,1.0,0.4968,21.1
2025-10-11 11:36:23,010,CDKL5_005_190_86,0,0.0,15,1.0,0.5076,21.1
2025-10-11 11:46:26,010,CDKL5_005_190_86,0,0.0,15,1.0,0.4968,21.09
2025-10-11 11:56:29,010,CDKL5_005_190_86,0,0.0,15,1.0,0.504,21.09
2025-10-11 12:06:32,010,CDKL5_005_190_86,0,0.0,15,1.0,0.504,21.08
2025-10-11 12:16:35,010,CDKL5_005_190_86,0,0.0,15,1.0,0.5076,21.09
2025-10-11 12:26:37,010,CDKL5_005_190_86,0,0.0,15,1.0,0.4968,21.08
2025-10-11 12:36:40,010,CDKL5_005_190_86,0,0.0,15,1.0,0.504,21.09
2025-10-11 12:46:43,010,CDKL5_005_190_86,0,0.0,15,1.0,0.504,21.08
2025-10-11 12:56:46,010,CDKL5_005_190_86,0,0.0,15,1.0,0.4968,21.09
2025-10-11 13:06:49,010,CDKL5_005_190_86,0,0.0,15,1.0,0.4968,21.07
2025-10-11 13:16:52,010,CDKL5_005_190_86,0,0.0,15,1.0,0.4968,21.08
2025-10-11 13:26:55,010,CDKL5_005_190_86,0,0.0,15,1.0,0.5076,21.1
2025-10-11 13:36:58,010,CDKL5_005_190_86,0,0.0,15,1.0,0.4968,21.09
2025-10-11 13:47:01,010,CDKL5_005_190_86,0,0.0,15,1.0,0.5076,21.1
2025-10-11 13:57:04,010,CDKL5_005_190_86,0,0.0,15,1.0,0.4968,21.09
2025-10-11 14:07:07,010,CDKL5_005_190_86,0,0.0,15,1.0,0.5076,21.09
2025-10-11 14:17:10,010,CDKL5_005_190_86,0,0.0,15,1.0,0.5076,21.08
2025-10-11 14:27:12,010,CDKL5_005_190_86,0,0.0,15,1.0,0.4968,21.09
2025-10-11 14:37:14,010,CDKL5_005_190_86,0,0.0,15,1.0,0.4968,21.08
2025-10-11 14:47:30,010,CDKL5_005_190_86,0,0.0,15,1.0,0.4968,21.11
2025-10-11 14:57:34,010,CDKL5_005_190_86,0,0.0,15,1.0,0.4968,21.1
2025-10-11 15:07:37,010,CDKL5_005_190_86,0,0.0,15,1.0,0.4968,21.09
2025-10-11 15:17:40,010,CDKL5_005_190_86,0,0.0,15,1.0,0.5076,21.08
2025-10-11 15:27:44,010,CDKL5_005_190_86,0,0.0,15,1.0,0.504,21.07
2025-10-11 15:37:47,010,CDKL5_005_190_86,0,0.0,15,1.0,0.504,21.07
2025-10-11 15:47:50,010,CDKL5_005_190_86,0,0.0,15,1.0,0.504,21.08
2025-10-11 15:57:52,010,CDKL5_005_190_86,0,0.0,15,1.0,0.504,21.09
2025-10-11 16:07:55,010,CDKL5_005_190_86,0,0.0,15,1.0,0.504,21.12
2025-10-11 16:17:58,010,CDKL5_005_190_86,0,0.0,15,1.0,0.504,21.11
2025-10-11 16:28:01,010,CDKL5_005_190_86,0,0.0,15,1.0,0.522,21.13
2025-10-11 16:38:04,010,CDKL5_005_190_86,0,0.0,15,1.0,0.5112,21.1
2025-10-11 16:48:06,010,CDKL5_005_190_86,0,0.0,15,1.0,0.504,21.08
2025-10-11 16:58:09,010,CDKL5_005_190_86,0,0.0,15,1.0,0.522,21.06
2025-10-11 17:08:12,010,CDKL5_005_190_86,0,0.0,15,1.0,0.5112,21.05
2025-10-11 17:18:15,010,CDKL5_005_190_86,0,0.0,15,1.0,0.5076,21.03
2025-10-11 17:28:18,010,CDKL5_005_190_86,0,0.0,15,1.0,0.504,21.02
2025-10-11 17:38:21,010,CDKL5_005_190_86,12,0.02,15,0.98,0.5004,21.02
2025-10-11 17:48:24,010,CDKL5_005_190_86,0,0.0,15,1.0,0.4896,21.01
2025-10-11 17:58:26,010,CDKL5_005_190_86,58,0.097,10,0.873,0.4968,21.01
2025-10-11 18:08:29,010,CDKL5_005_190_86,3,0.005,14,0.995,0.0,21.03
2025-10-11 18:18:32,010,CDKL5_005_190_86,0,0.0,15,1.0,0.0,21.01
2025-10-11 18:28:35,010,CDKL5_005_190_86,281,0.468,3,0.299,0.0,21.1
2025-10-11 18:38:38,010,CDKL5_005_190_86,300,0.5,1,0.118,0.0,21.32
2025-10-11 18:48:57,010,CDKL5_005_190_86,340,0.567,2,0.19,0.0,21.52
2025-10-11 18:59:01,010,CDKL5_005_190_86,396,0.659,0,0.0,0.0,21.63
2025-10-11 19:09:04,010,CDKL5_005_190_86,216,0.359,2,0.27,0.0,21.64
2025-10-11 19:19:07,010,CDKL5_005_190_86,277,0.462,2,0.224,0.0,21.67
2025-10-11 19:29:10,010,CDKL5_005_190_86,302,0.502,2,0.209,0.0,21.68
2025-10-11 19:39:12,010,CDKL5_005_190_86,123,0.205,7,0.695,0.0,21.62
2025-10-11 19:49:15,010,CDKL5_005_190_86,192,0.319,5,0.51,0.0,21.59
2025-10-11 19:59:19,010,CDKL5_005_190_86,281,0.468,0,0.0,0.0,21.61
2025-10-11 20:09:21,010,CDKL5_005_190_86,294,0.489,1,0.12,0.0,21.63
2025-10-11 20:19:24,010,CDKL5_005_190_86,224,0.373,4,0.417,0.0,21.64
2025-10-11 20:29:27,010,CDKL5_005_190_86,113,0.188,6,0.68,0.0,21.64
2025-10-11 20:39:30,010,CDKL5_005_190_86,165,0.275,3,0.421,0.0,21.68
2025-10-11 20:49:32,010,CDKL5_005_190_86,233,0.388,2,0.256,0.0,21.61
2025-10-11 20:59:35,010,CDKL5_005_190_86,73,0.122,9,0.831,0.0,21.55
2025-10-11 21:09:38,010,CDKL5_005_190_86,14,0.023,13,0.974,0.0,21.48
2025-10-11 21:19:41,010,CDKL5_005_190_86,0,0.0,15,1.0,0.0,21.39
2025-10-11 21:29:43,010,CDKL5_005_190_86,0,0.0,15,1.0,0.0,21.32
2025-10-11 21:39:46,010,CDKL5_005_190_86,0,0.0,15,1.0,0.0,21.26
2025-10-11 21:49:50,010,CDKL5_005_190_86,1,0.002,15,0.998,0.0,21.21
2025-10-11 21:59:52,010,CDKL5_005_190_86,0,0.0,15,1.0,0.0,21.19
2025-10-11 22:09:55,010,CDKL5_005_190_86,0,0.0,15,1.0,0.0,21.17
2025-10-11 22:19:58,010,CDKL5_005_190_86,0,0.0,15,1.0,0.0,21.16
2025-10-11 22:30:01,010,CDKL5_005_190_86,0,0.0,15,1.0,0.0,21.14
2025-10-11 22:40:05,010,CDKL5_005_190_86,0,0.0,15,1.0,0.0,21.11
2025-10-11 22:50:20,010,CDKL5_005_190_86,222,0.371,6,0.519,0.0,21.18
2025-10-11 23:00:23,010,CDKL5_005_190_86,255,0.424,3,0.32,0.0,21.32
2025-10-11 23:10:26,010,CDKL5_005_190_86,327,0.544,1,0.109,0.0,21.47
2025-10-11 23:20:29,010,CDKL5_005_190_86,218,0.363,3,0.355,0.0,21.5
2025-10-11 23:30:31,010,CDKL5_005_190_86,120,0.2,9,0.75,0.0,21.48
2025-10-11 23:40:34,010,CDKL5_005_190_86,128,0.213,7,0.686,0.0,21.44
2025-10-11 23:50:37,010,CDKL5_005_190_86,168,0.28,7,0.625,0.0,21.48
2025-10-12 00:00:40,010,CDKL5_005_190_86,20,0.033,14,0.966,0.0,21.4
2025-10-12 00:10:43,010,CDKL5_005_190_86,0,0.0,15,1.0,0.0,21.35
2025-10-12 00:20:46,010,CDKL5_005_190_86,0,0.0,15,1.0,0.0,21.3
2025-10-12 00:30:48,010,CDKL5_005_190_86,0,0.0,15,1.0,0.0,21.26
2025-10-12 00:40:51,010,CDKL5_005_190_86,0,0.0,15,1.0,0.0,21.22
2025-10-12 00:50:54,010,CDKL5_005_190_86,0,0.0,15,1.0,0.0,21.19
2025-10-12 01:00:56,010,CDKL5_005_190_86,0,0.0,15,1.0,0.0,21.16
2025-10-12 01:10:59,010,CDKL5_005_190_86,0,0.0,15,1.0,0.0,21.12
2025-10-12 01:21:02,010,CDKL5_005_190_86,0,0.0,15,1.0,0.0,21.1
2025-10-12 01:31:05,010,CDKL5_005_190_86,0,0.0,15,1.0,0.0,21.07
2025-10-12 01:41:08,010,CDKL5_005_190_86,0,0.0,15,1.0,0.0,21.05
2025-10-12 01:51:11,010,CDKL5_005_190_86,0,0.0,15,1.0,0.0,21.03
2025-10-12 02:01:14,010,CDKL5_005_190_86,0,0.0,15,1.0,0.0,21.01
2025-10-12 02:11:17,010,CDKL5_005_190_86,0,0.0,15,1.0,0.0,21.01
2025-10-12 02:21:20,010,CDKL5_005_190_86,0,0.0,15,1.0,0.0,20.99
2025-10-12 02:31:23,010,CDKL5_005_190_86,0,0.0,15,1.0,0.0,20.99
2025-10-12 02:41:26,010,CDKL5_005_190_86,0,0.0,15,1.0,0.0,20.99
2025-10-12 02:51:50,010,CDKL5_005_190_86,106,0.177,11,0.806,0.0,21.06
2025-10-12 03:01:53,010,CDKL5_005_190_86,233,0.388,3,0.34,0.0,21.16
2025-10-12 03:11:56,010,CDKL5_005_190_86,238,0.395,5,0.457,0.0,21.25
2025-10-12 03:21:59,010,CDKL5_005_190_86,64,0.106,9,0.849,0.0,21.27
2025-10-12 03:32:01,010,CDKL5_005_190_86,6,0.01,14,0.989,0.0,21.24
2025-10-12 03:42:05,010,CDKL5_005_190_86,0,0.0,15,1.0,0.0,21.21
2025-10-12 03:52:08,010,CDKL5_005_190_86,0,0.0,15,1.0,0.0,21.16
2025-10-12 04:02:11,010,CDKL5_005_190_86,0,0.0,15,1.0,0.0,21.12
2025-10-12 04:12:14,010,CDKL5_005_190_86,0,0.0,15,1.0,0.0,21.1
2025-10-12 04:22:17,010,CDKL5_005_190_86,0,0.0,15,1.0,0.0,21.07
2025-10-12 04:32:20,010,CDKL5_005_190_86,0,0.0,15,1.0,0.0,21.04
2025-10-12 04:42:23,010,CDKL5_005_190_86,3,0.005,14,0.995,0.0,21.04
2025-10-12 04:52:27,010,CDKL5_005_190_86,45,0.075,13,0.92,0.0,21.04
2025-10-12 05:02:30,010,CDKL5_005_190_86,264,0.439,2,0.233,0.0,21.18
2025-10-12 05:12:32,010,CDKL5_005_190_86,253,0.421,3,0.322,0.0,21.26
2025-10-12 05:22:36,010,CDKL5_005_190_86,100,0.166,7,0.737,0.0,21.27
2025-10-12 05:32:39,010,CDKL5_005_190_86,12,0.02,12,0.976,0.0,21.26
2025-10-12 05:42:42,010,CDKL5_005_190_86,0,0.0,15,1.0,0.0,21.2
2025-10-12 05:52:45,010,CDKL5_005_190_86,0,0.0,15,1.0,0.0,21.16
2025-10-12 06:02:48,010,CDKL5_005_190_86,141,0.235,7,0.665,0.4248,21.17
2025-10-12 06:12:51,010,CDKL5_005_190_86,24,0.04,12,0.952,0.468,21.17
2025-10-12 06:22:54,010,CDKL5_005_190_86,6,0.01,14,0.989,0.4464,21.15
2025-10-12 06:32:57,010,CDKL5_005_190_86,1,0.002,15,0.998,0.45,21.15
2025-10-12 06:43:00,010,CDKL5_005_190_86,0,0.0,15,1.0,0.45,21.11
2025-10-12 06:53:19,010,CDKL5_005_190_86,0,0.0,15,1.0,0.4392,21.13
2025-10-12 07:03:22,010,CDKL5_005_190_86,0,0.0,15,1.0,0.4392,21.08
2025-10-12 07:13:25,010,CDKL5_005_190_86,0,0.0,15,1.0,0.45,21.06
2025-10-12 07:23:28,010,CDKL5_005_190_86,0,0.0,15,1.0,0.4464,21.04
2025-10-12 07:33:31,010,CDKL5_005_190_86,0,0.0,15,1.0,0.45,21.02
2025-10-12 07:43:34,010,CDKL5_005_190_86,0,0.0,15,1.0,0.4248,21.01
2025-10-12 07:53:37,010,CDKL5_005_190_86,0,0.0,15,1.0,0.4464,20.99
2025-10-12 08:03:40,010,CDKL5_005_190_86,0,0.0,15,1.0,0.4392,20.98
2025-10-12 08:13:43,010,CDKL5_005_190_86,0,0.0,15,1.0,0.4464,20.97
2025-10-12 08:23:46,010,CDKL5_005_190_86,0,0.0,15,1.0,0.4392,20.97
2025-10-12 08:33:49,010,CDKL5_005_190_86,0,0.0,15,1.0,0.4392,20.96
2025-10-12 08:43:52,010,CDKL5_005_190_86,0,0.0,15,1.0,0.4392,20.96
2025-10-12 08:53:55,010,CDKL5_005_190_86,0,0.0,15,1.0,0.4392,20.94
2025-10-12 09:03:57,010,CDKL5_005_190_86,0,0.0,15,1.0,0.4392,20.93
2025-10-12 09:14:00,010,CDKL5_005_190_86,0,0.0,15,1.0,0.4392,20.92
2025-10-12 09:24:03,010,CDKL5_005_190_86,0,0.0,15,1.0,0.432,20.92
2025-10-12 09:34:06,010,CDKL5_005_190_86,0,0.0,15,1.0,0.432,20.92
2025-10-12 09:44:09,010,CDKL5_005_190_86,0,0.0,15,1.0,0.432,20.92
2025-10-12 09:54:12,010,CDKL5_005_190_86,1,0.002,15,0.998,0.432,20.92
2025-10-12 10:04:15,010,CDKL5_005_190_86,0,0.0,15,1.0,0.432,20.92
2025-10-12 10:14:18,010,CDKL5_005_190_86,0,0.0,15,1.0,0.4392,20.91
2025-10-12 10:24:22,010,CDKL5_005_190_86,0,0.0,15,1.0,0.4392,20.91
2025-10-12 10:34:24,010,CDKL5_005_190_86,0,0.0,15,1.0,0.432,20.93
2025-10-12 10:44:27,010,CDKL5_005_190_86,0,0.0,15,1.0,0.432,20.93
2025-10-12 10:54:54,010,CDKL5_005_190_86,0,0.0,15,1.0,0.432,20.98
2025-10-12 11:04:57,010,CDKL5_005_190_86,0,0.0,15,1.0,0.432,20.95
2025-10-12 11:15:00,010,CDKL5_005_190_86,0,0.0,15,1.0,0.4356,20.94
2025-10-12 11:25:03,010,CDKL5_005_190_86,2,0.003,15,0.997,0.4248,20.94
2025-10-12 11:35:05,010,CDKL5_005_190_86,0,0.0,15,1.0,0.4248,20.93
2025-10-12 11:45:09,010,CDKL5_005_190_86,0,0.0,15,1.0,0.4248,20.93
2025-10-12 11:55:11,010,CDKL5_005_190_86,0,0.0,15,1.0,0.4464,20.91
2025-10-12 12:05:14,010,CDKL5_005_190_86,0,0.0,15,1.0,0.4392,20.91
2025-10-12 12:15:17,010,CDKL5_005_190_86,0,0.0,15,1.0,0.4392,20.91
2025-10-12 12:25:20,010,CDKL5_005_190_86,0,0.0,15,1.0,0.4392,20.9
2025-10-12 12:35:23,010,CDKL5_005_190_86,0,0.0,15,1.0,0.4392,20.9
2025-10-12 12:45:26,010,CDKL5_005_190_86,0,0.0,15,1.0,0.4392,20.9
2025-10-12 12:55:29,010,CDKL5_005_190_86,0,0.0,15,1.0,0.4392,20.9
2025-10-12 13:05:32,010,CDKL5_005_190_86,0,0.0,15,1.0,0.4392,20.89
2025-10-12 13:15:36,010,CDKL5_005_190_86,22,0.037,13,0.959,0.3888,20.9
2025-10-12 13:25:39,010,CDKL5_005_190_86,3,0.005,14,0.995,0.4176,20.91
2025-10-12 13:35:41,010,CDKL5_005_190_86,0,0.0,15,1.0,0.4176,20.91
2025-10-12 13:45:45,010,CDKL5_005_190_86,0,0.0,15,1.0,0.4176,20.91
2025-10-12 13:55:47,010,CDKL5_005_190_86,0,0.0,15,1.0,0.4212,20.89
2025-10-12 14:05:49,010,CDKL5_005_190_86,0,0.0,15,1.0,0.4212,20.87
2025-10-12 14:15:53,010,CDKL5_005_190_86,0,0.0,15,1.0,0.4176,20.88
2025-10-12 14:25:56,010,CDKL5_005_190_86,0,0.0,15,1.0,0.4032,20.86
2025-10-12 14:35:59,010,CDKL5_005_190_86,0,0.0,15,1.0,0.4032,20.85
2025-10-12 14:46:02,010,CDKL5_005_190_86,0,0.0,15,1.0,0.4032,20.86
2025-10-12 14:56:16,010,CDKL5_005_190_86,0,0.0,15,1.0,0.4068,20.88
2025-10-12 15:06:19,010,CDKL5_005_190_86,0,0.0,15,1.0,0.4068,20.87
2025-10-12 15:16:22,010,CDKL5_005_190_86,0,0.0,15,1.0,0.4032,20.86
2025-10-12 15:26:25,010,CDKL5_005_190_86,0,0.0,15,1.0,0.4032,20.85
2025-10-12 15:36:28,010,CDKL5_005_190_86,0,0.0,15,1.0,0.4032,20.86
2025-10-12 15:46:31,010,CDKL5_005_190_86,0,0.0,15,1.0,0.4032,20.88
2025-10-12 15:56:34,010,CDKL5_005_190_86,0,0.0,15,1.0,0.4032,20.87
2025-10-12 16:06:37,010,CDKL5_005_190_86,0,0.0,15,1.0,0.4068,20.87
2025-10-12 16:16:41,010,CDKL5_005_190_86,0,0.0,15,1.0,0.4032,20.88
2025-10-12 16:26:43,010,CDKL5_005_190_86,0,0.0,15,1.0,0.4068,20.88
2025-10-12 16:36:45,010,CDKL5_005_190_86,0,0.0,15,1.0,0.4032,20.87
2025-10-12 16:46:49,010,CDKL5_005_190_86,0,0.0,15,1.0,0.4032,20.88
2025-10-12 16:56:52,010,CDKL5_005_190_86,0,0.0,15,1.0,0.4068,20.88
2025-10-12 17:06:54,010,CDKL5_005_190_86,0,0.0,15,1.0,0.4032,20.88
2025-10-12 17:16:57,010,CDKL5_005_190_86,0,0.0,15,1.0,0.4104,20.87
2025-10-12 17:27:00,010,CDKL5_005_190_86,0,0.0,15,1.0,0.4032,20.86
2025-10-12 17:37:04,010,CDKL5_005_190_86,0,0.0,15,1.0,0.4248,20.87
2025-10-12 17:47:06,010,CDKL5_005_190_86,0,0.0,15,1.0,0.4248,20.87
2025-10-12 17:57:09,010,CDKL5_005_190_86,4,0.007,14,0.993,0.4176,20.89
2025-10-12 18:07:11,010,CDKL5_005_190_86,0,0.0,15,1.0,0.0,20.89
2025-10-12 18:17:14,010,CDKL5_005_190_86,222,0.369,6,0.519,0.0,20.96
2025-10-12 18:27:18,010,CDKL5_005_190_86,221,0.367,5,0.475,0.0,21.11
2025-10-12 18:37:21,010,CDKL5_005_190_86,197,0.328,5,0.504,0.0,21.24
2025-10-12 18:47:24,010,CDKL5_005_190_86,322,0.536,2,0.199,0.0,21.31
2025-10-12 18:57:59,010,CDKL5_005_190_86,242,0.404,4,0.398,0.0,21.5
2025-10-12 19:08:02,010,CDKL5_005_190_86,165,0.275,5,0.548,0.0,21.5
2025-10-12 19:18:05,010,CDKL5_005_190_86,243,0.404,2,0.248,0.0,21.53
2025-10-12 19:28:08,010,CDKL5_005_190_86,228,0.379,4,0.412,0.0,21.52
2025-10-12 19:38:11,010,CDKL5_005_190_86,79,0.131,10,0.835,0.0,21.51
2025-10-12 19:48:14,010,CDKL5_005_190_86,113,0.188,8,0.739,0.0,21.49
2025-10-12 19:58:16,010,CDKL5_005_190_86,209,0.348,3,0.365,0.0,21.54
2025-10-12 20:08:19,010,CDKL5_005_190_86,294,0.489,1,0.12,0.0,21.57
2025-10-12 20:18:23,010,CDKL5_005_190_86,36,0.06,13,0.935,0.0,21.55
2025-10-12 20:28:26,010,CDKL5_005_190_86,173,0.288,7,0.618,0.0,21.55
2025-10-12 20:38:29,010,CDKL5_005_190_86,171,0.284,6,0.584,0.0,21.57
2025-10-12 20:48:32,010,CDKL5_005_190_86,33,0.055,12,0.936,0.0,21.5
2025-10-12 20:58:35,010,CDKL5_005_190_86,121,0.201,9,0.748,0.0,21.52
2025-10-12 21:08:38,010,CDKL5_005_190_86,7,0.012,14,0.988,0.0,21.45
2025-10-12 21:18:41,010,CDKL5_005_190_86,0,0.0,15,1.0,0.0,21.39
2025-10-12 21:28:43,010,CDKL5_005_190_86,0,0.0,15,1.0,0.0,21.33
2025-10-12 21:38:47,010,CDKL5_005_190_86,0,0.0,15,1.0,0.0,21.28
2025-10-12 21:48:50,010,CDKL5_005_190_86,0,0.0,15,1.0,0.0,21.25
2025-10-12 21:58:53,010,CDKL5_005_190_86,0,0.0,15,1.0,0.0,21.2
2025-10-12 22:08:56,010,CDKL5_005_190_86,0,0.0,15,1.0,0.0,21.19
2025-10-12 22:19:00,010,CDKL5_005_190_86,0,0.0,15,1.0,0.0,21.17
2025-10-12 22:29:02,010,CDKL5_005_190_86,0,0.0,15,1.0,0.0,21.17
2025-10-12 22:39:05,010,CDKL5_005_190_86,66,0.11,12,0.879,0.0,21.16
2025-10-12 22:49:08,010,CDKL5_005_190_86,274,0.456,1,0.127,0.0,21.23
2025-10-12 22:59:43,010,CDKL5_005_190_86,183,0.306,4,0.466,0.0,21.41
2025-10-12 23:09:46,010,CDKL5_005_190_86,125,0.208,7,0.691,0.0,21.4
2025-10-12 23:19:49,010,CDKL5_005_190_86,136,0.226,9,0.726,0.0,21.39
2025-10-12 23:29:52,010,CDKL5_005_190_86,70,0.116,7,0.8,0.0,21.37
2025-10-12 23:39:55,010,CDKL5_005_190_86,44,0.073,12,0.916,0.0,21.34
2025-10-12 23:49:58,010,CDKL5_005_190_86,17,0.028,13,0.968,0.0,21.31
2025-10-11 00:05:05,031,CDKL5_005_190_87,125,0.208,7,0.691,0.0,22.17
2025-10-11 00:15:08,031,CDKL5_005_190_87,143,0.238,5,0.583,0.0,22.18
2025-10-11 00:25:11,031,CDKL5_005_190_87,192,0.319,0,0.0,0.0,22.2
2025-10-11 00:35:13,031,CDKL5_005_190_87,133,0.221,5,0.601,0.0,22.22
2025-10-11 00:45:16,031,CDKL5_005_190_87,191,0.318,4,0.456,0.0,22.22
2025-10-11 00:55:19,031,CDKL5_005_190_87,159,0.265,3,0.43,0.0,22.23
2025-10-11 01:05:22,031,CDKL5_005_190_87,174,0.289,3,0.408,0.0,22.24
2025-10-11 01:15:38,031,CDKL5_005_190_87,218,0.363,0,0.0,0.0,22.28
2025-10-11 01:25:41,031,CDKL5_005_190_87,132,0.219,6,0.645,0.0,22.26
2025-10-11 01:35:45,031,CDKL5_005_190_87,156,0.259,5,0.562,0.0,22.26
2025-10-11 01:45:48,031,CDKL5_005_190_87,137,0.228,3,0.467,0.0,22.26
2025-10-11 01:55:51,031,CDKL5_005_190_87,59,0.098,8,0.844,0.0,22.25
2025-10-11 02:05:54,031,CDKL5_005_190_87,3,0.005,14,0.995,0.0,22.22
2025-10-11 02:15:57,031,CDKL5_005_190_87,3,0.005,14,0.995,0.0,22.19
2025-10-11 02:26:00,031,CDKL5_005_190_87,7,0.012,14,0.988,0.0,22.16
2025-10-11 02:36:03,031,CDKL5_005_190_87,7,0.012,14,0.988,0.0,22.14
2025-10-11 02:46:05,031,CDKL5_005_190_87,12,0.02,12,0.976,0.0,22.13
2025-10-11 02:56:08,031,CDKL5_005_190_87,0,0.0,15,1.0,0.0,22.11
2025-10-11 03:06:11,031,CDKL5_005_190_87,4,0.007,14,0.993,0.0,22.09
2025-10-11 03:16:13,031,CDKL5_005_190_87,4,0.007,14,0.993,0.0,22.09
2025-10-11 03:26:16,031,CDKL5_005_190_87,229,0.381,1,0.149,0.0,22.09
2025-10-11 03:36:19,031,CDKL5_005_190_87,147,0.245,6,0.62,0.0,22.08
2025-10-11 03:46:22,031,CDKL5_005_190_87,207,0.344,2,0.279,0.0,22.09
2025-10-11 03:56:25,031,CDKL5_005_190_87,127,0.211,5,0.612,0.0,22.1
2025-10-11 04:06:28,031,CDKL5_005_190_87,93,0.155,8,0.775,0.0,22.12
2025-10-11 04:16:30,031,CDKL5_005_190_87,246,0.409,2,0.245,0.0,22.13
2025-10-11 04:26:35,031,CDKL5_005_190_87,177,0.294,5,0.531,0.0,22.15
2025-10-11 04:36:38,031,CDKL5_005_190_87,178,0.296,4,0.473,0.0,22.12
2025-10-11 04:46:41,031,CDKL5_005_190_87,152,0.253,6,0.612,0.0,22.14
2025-10-11 04:56:44,031,CDKL5_005_190_87,187,0.312,5,0.517,0.0,22.14
2025-10-11 05:06:46,031,CDKL5_005_190_87,270,0.449,2,0.229,0.0,22.17
2025-10-11 05:16:58,031,CDKL5_005_190_87,111,0.185,8,0.742,0.0,22.15
2025-10-11 05:27:01,031,CDKL5_005_190_87,164,0.273,2,0.328,0.0,22.14
2025-10-11 05:37:04,031,CDKL5_005_190_87,126,0.21,6,0.656,0.0,22.11
2025-10-11 05:47:06,031,CDKL5_005_190_87,226,0.377,1,0.15,0.0,22.08
2025-10-11 05:57:09,031,CDKL5_005_190_87,187,0.311,5,0.517,0.0,22.09
2025-10-11 06:07:12,031,CDKL5_005_190_87,84,0.14,8,0.792,0.198,22.06
2025-10-11 06:17:15,031,CDKL5_005_190_87,74,0.123,8,0.812,0.216,22.05
2025-10-11 06:27:17,031,CDKL5_005_190_87,133,0.221,3,0.474,0.1656,22.02
2025-10-11 06:37:20,031,CDKL5_005_190_87,256,0.426,2,0.238,0.54,22.03
2025-10-11 06:47:23,031,CDKL5_005_190_87,6,0.01,12,0.988,0.54,22.0
2025-10-11 06:57:26,031,CDKL5_005_190_87,0,0.0,15,1.0,0.5472,21.95
2025-10-11 07:07:29,031,CDKL5_005_190_87,0,0.0,15,1.0,0.5436,21.9
2025-10-11 07:17:31,031,CDKL5_005_190_87,0,0.0,15,1.0,0.5508,21.87
2025-10-11 07:27:34,031,CDKL5_005_190_87,0,0.0,15,1.0,0.5508,21.84
2025-10-11 07:37:37,031,CDKL5_005_190_87,0,0.0,15,1.0,0.5436,21.81
2025-10-11 07:47:40,031,CDKL5_005_190_87,3,0.005,13,0.994,0.5436,21.79
2025-10-11 07:57:43,031,CDKL5_005_190_87,1,0.002,15,0.998,0.5328,21.77
2025-10-11 08:07:46,031,CDKL5_005_190_87,0,0.0,15,1.0,0.5364,21.75
2025-10-11 08:17:49,031,CDKL5_005_190_87,6,0.01,14,0.989,0.4104,21.75
2025-10-11 08:27:52,031,CDKL5_005_190_87,0,0.0,15,1.0,0.414,21.74
2025-10-11 08:37:55,031,CDKL5_005_190_87,0,0.0,15,1.0,0.414,21.72
2025-10-11 08:47:58,031,CDKL5_005_190_87,0,0.0,15,1.0,0.4068,21.73
2025-10-11 08:58:00,031,CDKL5_005_190_87,0,0.0,15,1.0,0.396,21.73
2025-10-11 09:08:04,031,CDKL5_005_190_87,0,0.0,15,1.0,0.396,21.72
2025-10-11 09:18:14,031,CDKL5_005_190_87,0,0.0,15,1.0,0.3852,21.74
2025-10-11 09:28:16,031,CDKL5_005_190_87,50,0.083,9,0.878,0.18,21.76
2025-10-11 09:38:20,031,CDKL5_005_190_87,80,0.133,8,0.8,0.1692,21.78
2025-10-11 09:48:22,031,CDKL5_005_190_87,152,0.253,6,0.612,0.2304,21.82
2025-10-11 09:58:25,031,CDKL5_005_190_87,132,0.22,5,0.602,0.4896,21.83
2025-10-11 10:08:28,031,CDKL5_005_190_87,128,0.213,6,0.652,0.2052,21.84
2025-10-11 10:18:31,031,CDKL5_005_190_87,2,0.003,13,0.996,0.2376,21.81
2025-10-11 10:28:34,031,CDKL5_005_190_87,0,0.0,15,1.0,0.2376,21.76
2025-10-11 10:38:37,031,CDKL5_005_190_87,0,0.0,15,1.0,0.2412,21.7
2025-10-11 10:48:40,031,CDKL5_005_190_87,1,0.002,15,0.998,0.2412,21.64
2025-10-11 10:58:43,031,CDKL5_005_190_87,0,0.0,15,1.0,0.216,21.6
2025-10-11 11:08:46,031,CDKL5_005_190_87,3,0.005,13,0.994,0.216,21.55
2025-10-11 11:18:48,031,CDKL5_005_190_87,2,0.003,14,0.996,0.216,21.53
2025-10-11 11:28:51,031,CDKL5_005_190_87,2,0.003,14,0.996,0.216,21.49
2025-10-11 11:38:54,031,CDKL5_005_190_87,0,0.0,15,1.0,0.2232,21.47
2025-10-11 11:48:57,031,CDKL5_005_190_87,0,0.0,15,1.0,0.216,21.46
2025-10-11 11:59:00,031,CDKL5_005_190_87,6,0.01,13,0.989,0.2268,21.45
2025-10-11 12:09:03,031,CDKL5_005_190_87,0,0.0,15,1.0,0.2268,21.43
2025-10-11 12:19:06,031,CDKL5_005_190_87,2,0.003,15,0.997,0.2232,21.42
2025-10-11 12:29:08,031,CDKL5_005_190_87,0,0.0,15,1.0,0.216,21.43
2025-10-11 12:39:11,031,CDKL5_005_190_87,2,0.003,14,0.996,0.2376,21.43
2025-10-11 12:49:14,031,CDKL5_005_190_87,3,0.005,14,0.995,0.2448,21.43
2025-10-11 12:59:17,031,CDKL5_005_190_87,0,0.0,15,1.0,0.234,21.42
2025-10-11 13:09:20,031,CDKL5_005_190_87,3,0.005,14,0.995,0.2304,21.42
2025-10-11 13:19:42,031,CDKL5_005_190_87,19,0.032,11,0.959,0.2232,21.47
2025-10-11 13:29:44,031,CDKL5_005_190_87,36,0.06,7,0.886,0.2448,21.48
2025-10-11 13:39:48,031,CDKL5_005_190_87,39,0.065,9,0.902,0.2376,21.46
2025-10-11 13:49:50,031,CDKL5_005_190_87,15,0.025,11,0.967,0.2736,21.45
2025-10-11 13:59:53,031,CDKL5_005_190_87,1,0.002,14,0.998,0.2736,21.43
2025-10-11 14:09:56,031,CDKL5_005_190_87,0,0.0,15,1.0,0.2736,21.4
2025-10-11 14:19:59,031,CDKL5_005_190_87,0,0.0,15,1.0,0.2844,21.38
2025-10-11 14:30:03,031,CDKL5_005_190_87,0,0.0,15,1.0,0.2808,21.36
2025-10-11 14:40:05,031,CDKL5_005_190_87,1,0.002,14,0.998,0.2844,21.35
2025-10-11 14:50:08,031,CDKL5_005_190_87,2,0.003,14,0.996,0.2844,21.33
2025-10-11 15:00:11,031,CDKL5_005_190_87,0,0.0,15,1.0,0.2916,21.33
2025-10-11 15:10:14,031,CDKL5_005_190_87,2,0.003,14,0.996,0.2808,21.33
2025-10-11 15:20:17,031,CDKL5_005_190_87,2,0.003,14,0.996,0.2844,21.33
2025-10-11 15:30:20,031,CDKL5_005_190_87,1,0.002,15,0.998,0.2808,21.33
2025-10-11 15:40:23,031,CDKL5_005_190_87,3,0.005,13,0.994,0.2736,21.34
2025-10-11 15:50:26,031,CDKL5_005_190_87,13,0.022,12,0.974,0.2736,21.35
2025-10-11 16:00:29,031,CDKL5_005_190_87,56,0.093,10,0.877,0.2772,21.39
2025-10-11 16:10:32,031,CDKL5_005_190_87,149,0.248,5,0.573,0.2448,21.42
2025-10-11 16:20:35,031,CDKL5_005_190_87,46,0.076,10,0.897,0.252,21.45
2025-10-11 16:30:38,031,CDKL5_005_190_87,1,0.002,15,0.998,0.2772,21.46
2025-10-11 16:40:41,031,CDKL5_005_190_87,0,0.0,15,1.0,0.2664,21.48
2025-10-11 16:50:43,031,CDKL5_005_190_87,7,0.012,13,0.987,0.252,21.53
2025-10-11 17:00:46,031,CDKL5_005_190_87,0,0.0,15,1.0,0.2772,21.54
2025-10-11 17:10:49,031,CDKL5_005_190_87,0,0.0,15,1.0,0.2772,21.56
2025-10-11 17:21:13,031,CDKL5_005_190_87,26,0.043,8,0.925,0.2592,21.63
2025-10-11 17:31:16,031,CDKL5_005_190_87,86,0.143,9,0.807,0.2664,21.65
2025-10-11 17:41:19,031,CDKL5_005_190_87,64,0.106,8,0.833,0.216,21.67
2025-10-11 17:51:22,031,CDKL5_005_190_87,92,0.153,6,0.723,0.2664,21.71
2025-10-11 18:01:24,031,CDKL5_005_190_87,61,0.101,8,0.84,0.0,21.73
2025-10-11 18:11:28,031,CDKL5_005_190_87,138,0.229,3,0.465,0.0,21.74
2025-10-11 18:21:31,031,CDKL5_005_190_87,259,0.431,1,0.134,0.0,21.78
2025-10-11 18:31:34,031,CDKL5_005_190_87,276,0.459,2,0.225,0.0,21.83
2025-10-11 18:41:37,031,CDKL5_005_190_87,261,0.434,1,0.133,0.0,21.87
2025-10-11 18:51:39,031,CDKL5_005_190_87,213,0.354,3,0.36,0.0,21.9
2025-10-11 19:01:42,031,CDKL5_005_190_87,235,0.391,3,0.338,0.0,21.93
2025-10-11 19:11:45,031,CDKL5_005_190_87,251,0.418,3,0.323,0.0,21.97
2025-10-11 19:21:48,031,CDKL5_005_190_87,261,0.434,0,0.0,0.0,21.99
2025-10-11 19:31:50,031,CDKL5_005_190_87,174,0.29,6,0.58,0.0,21.99
2025-10-11 19:41:53,031,CDKL5_005_190_87,245,0.408,3,0.329,0.0,22.02
2025-10-11 19:51:56,031,CDKL5_005_190_87,187,0.311,5,0.517,0.0,22.03
2025-10-11 20:01:59,031,CDKL5_005_190_87,278,0.463,1,0.126,0.0,22.06
2025-10-11 20:12:02,031,CDKL5_005_190_87,209,0.347,4,0.434,0.0,22.06
2025-10-11 20:22:05,031,CDKL5_005_190_87,229,0.381,1,0.149,0.0,22.06
2025-10-11 20:32:08,031,CDKL5_005_190_87,217,0.361,3,0.356,0.0,22.08
2025-10-11 20:42:11,031,CDKL5_005_190_87,135,0.225,4,0.542,0.0,22.07
2025-10-11 20:52:14,031,CDKL5_005_190_87,201,0.334,1,0.166,0.0,22.07
2025-10-11 21:02:17,031,CDKL5_005_190_87,245,0.408,0,0.0,0.0,22.08
2025-10-11 21:12:20,031,CDKL5_005_190_87,222,0.37,4,0.419,0.0,22.1
2025-10-11 21:22:36,031,CDKL5_005_190_87,209,0.349,1,0.161,0.0,22.12
2025-10-11 21:32:39,031,CDKL5_005_190_87,189,0.315,4,0.458,0.0,22.1
2025-10-11 21:42:42,031,CDKL5_005_190_87,283,0.471,1,0.124,0.0,22.11
2025-10-11 21:52:45,031,CDKL5_005_190_87,210,0.349,3,0.364,0.0,22.13
2025-10-11 22:02:48,031,CDKL5_005_190_87,224,0.372,3,0.349,0.0,22.13
2025-10-11 22:12:50,031,CDKL5_005_190_87,112,0.187,8,0.741,0.0,22.1
2025-10-11 22:22:54,031,CDKL5_005_190_87,190,0.316,6,0.558,0.0,22.11
2025-10-11 22:32:57,031,CDKL5_005_190_87,67,0.111,7,0.807,0.0,22.1
2025-10-11 22:43:00,031,CDKL5_005_190_87,0,0.0,15,1.0,0.0,22.06
2025-10-11 22:53:03,031,CDKL5_005_190_87,4,0.007,14,0.993,0.0,22.02
2025-10-11 23:03:06,031,CDKL5_005_190_87,0,0.0,15,1.0,0.0,21.99
2025-10-11 23:13:08,031,CDKL5_005_190_87,14,0.023,14,0.976,0.0,21.98
2025-10-11 23:23:12,031,CDKL5_005_190_87,5,0.008,14,0.991,0.0,21.95
2025-10-11 23:33:15,031,CDKL5_005_190_87,3,0.005,13,0.994,0.0,21.94
2025-10-11 23:43:17,031,CDKL5_005_190_87,18,0.03,13,0.967,0.0,21.94
2025-10-11 23:53:20,031,CDKL5_005_190_87,1,0.002,14,0.998,0.0,21.93
2025-10-12 00:03:23,031,CDKL5_005_190_87,180,0.3,1,0.182,0.0,21.95
2025-10-12 00:13:26,031,CDKL5_005_190_87,256,0.426,2,0.238,0.0,21.96
2025-10-12 00:23:30,031,CDKL5_005_190_87,357,0.594,0,0.0,0.0,22.01
2025-10-12 00:33:33,031,CDKL5_005_190_87,217,0.361,5,0.48,0.0,22.05
2025-10-12 00:43:36,031,CDKL5_005_190_87,305,0.507,2,0.208,0.0,22.09
2025-10-12 00:53:39,031,CDKL5_005_190_87,223,0.371,4,0.418,0.0,22.08
2025-10-12 01:03:42,031,CDKL5_005_190_87,177,0.295,7,0.613,0.0,22.06
2025-10-12 01:13:45,031,CDKL5_005_190_87,240,0.399,5,0.455,0.0,22.04
2025-10-12 01:24:12,031,CDKL5_005_190_87,182,0.304,4,0.468,0.0,22.09
2025-10-12 01:34:14,031,CDKL5_005_190_87,205,0.341,5,0.494,0.0,22.08
2025-10-12 01:44:17,031,CDKL5_005_190_87,180,0.3,7,0.609,0.0,22.05
2025-10-12 01:54:20,031,CDKL5_005_190_87,203,0.338,4,0.441,0.0,22.04
2025-10-12 02:04:22,031,CDKL5_005_190_87,267,0.444,2,0.231,0.0,22.03
2025-10-12 02:14:25,031,CDKL5_005_190_87,184,0.307,7,0.603,0.0,22.02
2025-10-12 02:24:28,031,CDKL5_005_190_87,336,0.559,0,0.0,0.0,22.11
2025-10-12 02:34:30,031,CDKL5_005_190_87,215,0.358,6,0.527,0.0,22.1
2025-10-12 02:44:33,031,CDKL5_005_190_87,247,0.411,5,0.447,0.0,22.09
2025-10-12 02:54:36,031,CDKL5_005_190_87,275,0.458,0,0.0,0.0,22.05
2025-10-12 03:04:39,031,CDKL5_005_190_87,144,0.24,5,0.581,0.0,22.04
2025-10-12 03:14:41,031,CDKL5_005_190_87,198,0.329,2,0.288,0.0,22.01
2025-10-12 03:24:44,031,CDKL5_005_190_87,72,0.12,11,0.859,0.0,21.99
2025-10-12 03:34:47,031,CDKL5_005_190_87,5,0.008,14,0.991,0.0,21.95
2025-10-12 03:44:50,031,CDKL5_005_190_87,13,0.022,14,0.977,0.0,21.92
2025-10-12 03:54:53,031,CDKL5_005_190_87,0,0.0,15,1.0,0.0,21.88
2025-10-12 04:04:56,031,CDKL5_005_190_87,8,0.013,13,0.985,0.0,21.86
2025-10-12 04:14:59,031,CDKL5_005_190_87,0,0.0,15,1.0,0.0,21.85
2025-10-12 04:25:01,031,CDKL5_005_190_87,0,0.0,15,1.0,0.0,21.84
2025-10-12 04:35:05,031,CDKL5_005_190_87,0,0.0,15,1.0,0.0,21.83
2025-10-12 04:45:07,031,CDKL5_005_190_87,18,0.03,12,0.964,0.0,21.82
2025-10-12 04:55:10,031,CDKL5_005_190_87,125,0.208,5,0.615,0.0,21.84
2025-10-12 05:05:13,031,CDKL5_005_190_87,274,0.456,2,0.226,0.0,21.89
2025-10-12 05:15:16,031,CDKL5_005_190_87,223,0.371,3,0.35,0.0,21.94
2025-10-12 05:25:40,031,CDKL5_005_190_87,226,0.378,0,0.0,0.0,21.99
2025-10-12 05:35:42,031,CDKL5_005_190_87,293,0.488,2,0.214,0.0,22.0
2025-10-12 05:45:46,031,CDKL5_005_190_87,230,0.383,3,0.343,0.0,21.97
2025-10-12 05:55:48,031,CDKL5_005_190_87,212,0.353,2,0.274,0.0,21.97
2025-10-12 06:05:51,031,CDKL5_005_190_87,125,0.208,5,0.615,0.1584,21.95
2025-10-12 06:15:54,031,CDKL5_005_190_87,193,0.322,5,0.509,0.306,21.94
2025-10-12 06:25:57,031,CDKL5_005_190_87,99,0.165,7,0.739,0.198,21.93
2025-10-12 06:36:00,031,CDKL5_005_190_87,238,0.396,3,0.335,0.2628,21.92
2025-10-12 06:46:03,031,CDKL5_005_190_87,135,0.225,6,0.64,0.1728,21.87
2025-10-12 06:56:06,031,CDKL5_005_190_87,192,0.319,4,0.455,0.1116,21.85
2025-10-12 07:06:09,031,CDKL5_005_190_87,3,0.005,15,0.995,0.1008,21.82
2025-10-12 07:16:12,031,CDKL5_005_190_87,1,0.002,15,0.998,0.1116,21.77
2025-10-12 07:26:14,031,CDKL5_005_190_87,2,0.003,14,0.996,0.1008,21.73
2025-10-12 07:36:17,031,CDKL5_005_190_87,1,0.002,14,0.998,0.1008,21.69
2025-10-12 07:46:20,031,CDKL5_005_190_87,4,0.007,14,0.993,0.1116,21.68
2025-10-12 07:56:23,031,CDKL5_005_190_87,24,0.04,12,0.952,0.1224,21.66
2025-10-12 08:06:27,031,CDKL5_005_190_87,0,0.0,15,1.0,0.1224,21.64
2025-10-12 08:16:29,031,CDKL5_005_190_87,7,0.012,13,0.987,0.1224,21.63
2025-10-12 08:26:32,031,CDKL5_005_190_87,0,0.0,15,1.0,0.1224,21.61
2025-10-12 08:36:35,031,CDKL5_005_190_87,2,0.003,14,0.996,0.1224,21.6
2025-10-12 08:46:38,031,CDKL5_005_190_87,12,0.02,13,0.977,0.1224,21.59
2025-10-12 08:56:41,031,CDKL5_005_190_87,89,0.148,5,0.692,0.1224,21.6
2025-10-12 09:06:44,031,CDKL5_005_190_87,131,0.218,5,0.604,0.1368,21.65
2025-10-12 09:16:47,031,CDKL5_005_190_87,236,0.393,2,0.253,0.0936,21.69
2025-10-12 09:27:08,031,CDKL5_005_190_87,52,0.087,8,0.86,0.1116,21.73
2025-10-12 09:37:11,031,CDKL5_005_190_87,10,0.017,14,0.982,0.1116,21.7
2025-10-12 09:47:14,031,CDKL5_005_190_87,1,0.002,14,0.998,0.1116,21.66
2025-10-12 09:57:17,031,CDKL5_005_190_87,0,0.0,15,1.0,0.1116,21.64
2025-10-12 10:07:20,031,CDKL5_005_190_87,0,0.0,15,1.0,0.126,21.61
2025-10-12 10:17:23,031,CDKL5_005_190_87,1,0.002,14,0.998,0.1152,21.57
2025-10-12 10:27:26,031,CDKL5_005_190_87,9,0.015,13,0.983,0.1152,21.57
2025-10-12 10:37:29,031,CDKL5_005_190_87,4,0.007,14,0.993,0.1116,21.55
2025-10-12 10:47:31,031,CDKL5_005_190_87,4,0.007,14,0.993,0.1008,21.55
2025-10-12 10:57:34,031,CDKL5_005_190_87,0,0.0,15,1.0,0.1008,21.53
2025-10-12 11:07:37,031,CDKL5_005_190_87,4,0.007,14,0.993,0.108,21.53
2025-10-12 11:17:40,031,CDKL5_005_190_87,0,0.0,15,1.0,0.108,21.5
2025-10-12 11:27:43,031,CDKL5_005_190_87,1,0.002,14,0.998,0.1008,21.52
2025-10-12 11:37:46,031,CDKL5_005_190_87,0,0.0,15,1.0,0.1116,21.5
2025-10-12 11:47:49,031,CDKL5_005_190_87,0,0.0,15,1.0,0.108,21.48
2025-10-12 11:57:51,031,CDKL5_005_190_87,1,0.002,14,0.998,0.108,21.49
2025-10-12 12:07:54,031,CDKL5_005_190_87,2,0.003,14,0.996,0.1008,21.48
2025-10-12 12:17:57,031,CDKL5_005_190_87,0,0.0,15,1.0,0.1152,21.47
2025-10-12 12:28:01,031,CDKL5_005_190_87,4,0.007,14,0.993,0.1116,21.47
2025-10-12 12:38:04,031,CDKL5_005_190_87,21,0.035,11,0.954,0.108,21.48
2025-10-12 12:48:06,031,CDKL5_005_190_87,54,0.09,9,0.87,0.1116,21.49
2025-10-12 12:58:10,031,CDKL5_005_190_87,96,0.16,6,0.714,0.1044,21.53
2025-10-12 13:08:12,031,CDKL5_005_190_87,146,0.243,5,0.578,0.0972,21.56
2025-10-12 13:18:15,031,CDKL5_005_190_87,72,0.12,7,0.795,0.1044,21.57
2025-10-12 13:28:29,031,CDKL5_005_190_87,11,0.018,12,0.978,0.1044,21.6
2025-10-12 13:38:32,031,CDKL5_005_190_87,2,0.003,15,0.997,0.1044,21.56
2025-10-12 13:48:35,031,CDKL5_005_190_87,3,0.005,15,0.995,0.1044,21.53
2025-10-12 13:58:38,031,CDKL5_005_190_87,2,0.003,14,0.996,0.1044,21.5
2025-10-12 14:08:40,031,CDKL5_005_190_87,3,0.005,13,0.994,0.1008,21.49
2025-10-12 14:18:43,031,CDKL5_005_190_87,3,0.005,14,0.995,0.1008,21.48
2025-10-12 14:28:46,031,CDKL5_005_190_87,4,0.007,14,0.993,0.1008,21.47
2025-10-12 14:38:49,031,CDKL5_005_190_87,4,0.007,14,0.993,0.1008,21.46
2025-10-12 14:48:52,031,CDKL5_005_190_87,0,0.0,15,1.0,0.1044,21.45
2025-10-12 14:58:55,031,CDKL5_005_190_87,7,0.012,14,0.988,0.1152,21.45
2025-10-12 15:08:58,031,CDKL5_005_190_87,0,0.0,15,1.0,0.1008,21.44
2025-10-12 15:19:00,031,CDKL5_005_190_87,0,0.0,15,1.0,0.1008,21.43
2025-10-12 15:29:04,031,CDKL5_005_190_87,4,0.007,13,0.992,0.1008,21.43
2025-10-12 15:39:07,031,CDKL5_005_190_87,32,0.053,7,0.897,0.1008,21.45
2025-10-12 15:49:09,031,CDKL5_005_190_87,95,0.158,7,0.747,0.1368,21.48
2025-10-12 15:59:12,031,CDKL5_005_190_87,121,0.201,5,0.623,0.1332,21.52
2025-10-12 16:09:15,031,CDKL5_005_190_87,206,0.343,2,0.28,0.126,21.57
2025-10-12 16:19:18,031,CDKL5_005_190_87,17,0.028,10,0.959,0.1224,21.57
2025-10-12 16:29:21,031,CDKL5_005_190_87,0,0.0,15,1.0,0.1224,21.57
2025-10-12 16:39:24,031,CDKL5_005_190_87,2,0.003,14,0.996,0.1224,21.55
2025-10-12 16:49:27,031,CDKL5_005_190_87,0,0.0,15,1.0,0.1224,21.54
2025-10-12 16:59:30,031,CDKL5_005_190_87,0,0.0,15,1.0,0.1224,21.54
2025-10-12 17:09:33,031,CDKL5_005_190_87,2,0.003,14,0.996,0.126,21.52
2025-10-12 17:19:36,031,CDKL5_005_190_87,14,0.023,12,0.972,0.1368,21.53
2025-10-12 17:29:48,031,CDKL5_005_190_87,107,0.179,4,0.599,0.1368,21.55
2025-10-12 17:39:52,031,CDKL5_005_190_87,196,0.326,5,0.505,0.1368,21.6
2025-10-12 17:49:54,031,CDKL5_005_190_87,190,0.316,6,0.558,0.144,21.65
2025-10-12 17:59:57,031,CDKL5_005_190_87,8,0.013,14,0.986,0.0,21.65
2025-10-12 18:10:00,031,CDKL5_005_190_87,126,0.21,6,0.656,0.0,21.68
2025-10-12 18:20:03,031,CDKL5_005_190_87,302,0.502,0,0.0,0.0,21.71
2025-10-12 18:30:05,031,CDKL5_005_190_87,301,0.501,0,0.0,0.0,21.73
2025-10-12 18:40:08,031,CDKL5_005_190_87,259,0.431,2,0.236,0.0,21.77
2025-10-12 18:50:11,031,CDKL5_005_190_87,258,0.429,2,0.237,0.0,21.8
2025-10-12 19:00:14,031,CDKL5_005_190_87,276,0.459,1,0.127,0.0,21.84
2025-10-12 19:10:17,031,CDKL5_005_190_87,294,0.488,2,0.214,0.0,21.87
2025-10-12 19:20:20,031,CDKL5_005_190_87,242,0.402,3,0.331,0.0,21.89
2025-10-12 19:30:23,031,CDKL5_005_190_87,253,0.421,1,0.137,0.0,21.95
2025-10-12 19:40:26,031,CDKL5_005_190_87,219,0.364,3,0.354,0.0,21.95
2025-10-12 19:50:29,031,CDKL5_005_190_87,267,0.444,3,0.31,0.0,21.96
2025-10-12 20:00:33,031,CDKL5_005_190_87,235,0.391,2,0.254,0.0,21.98
2025-10-12 20:10:36,031,CDKL5_005_190_87,201,0.334,6,0.544,0.0,22.01
2025-10-12 20:20:39,031,CDKL5_005_190_87,248,0.412,3,0.326,0.0,22.02
2025-10-12 20:30:42,031,CDKL5_005_190_87,177,0.295,6,0.576,0.0,22.03
2025-10-12 20:40:45,031,CDKL5_005_190_87,267,0.445,1,0.13,0.0,22.05
2025-10-12 20:50:48,031,CDKL5_005_190_87,220,0.366,2,0.267,0.0,22.06
2025-10-12 21:00:51,031,CDKL5_005_190_87,204,0.339,6,0.541,0.0,22.05
2025-10-12 21:10:54,031,CDKL5_005_190_87,218,0.362,4,0.423,0.0,22.09
2025-10-12 21:20:57,031,CDKL5_005_190_87,193,0.321,4,0.453,0.0,22.09
2025-10-12 21:31:15,031,CDKL5_005_190_87,232,0.387,1,0.147,0.0,22.14
2025-10-12 21:41:18,031,CDKL5_005_190_87,103,0.171,8,0.757,0.0,22.12
2025-10-12 21:51:21,031,CDKL5_005_190_87,209,0.348,3,0.365,0.0,22.13
2025-10-12 22:01:24,031,CDKL5_005_190_87,235,0.391,2,0.254,0.0,22.14
2025-10-12 22:11:27,031,CDKL5_005_190_87,148,0.246,6,0.619,0.0,22.13
2025-10-12 22:21:30,031,CDKL5_005_190_87,314,0.522,0,0.0,0.0,22.13
2025-10-12 22:31:33,031,CDKL5_005_190_87,175,0.291,6,0.578,0.0,22.12
2025-10-12 22:41:36,031,CDKL5_005_190_87,324,0.539,2,0.198,0.0,22.16
2025-10-12 22:51:39,031,CDKL5_005_190_87,183,0.304,4,0.466,0.0,22.13
2025-10-12 23:01:41,031,CDKL5_005_190_87,218,0.363,2,0.268,0.0,22.09
2025-10-12 23:11:44,031,CDKL5_005_190_87,202,0.336,5,0.498,0.0,22.08
2025-10-12 23:21:47,031,CDKL5_005_190_87,90,0.15,11,0.83,0.0,22.04
2025-10-12 23:31:50,031,CDKL5_005_190_87,190,0.316,8,0.627,0.0,22.08
2025-10-12 23:41:53,031,CDKL5_005_190_87,205,0.341,5,0.494,0.0,22.08
2025-10-12 23:51:55,031,CDKL5_005_190_87,234,0.389,4,0.406,0.0,22.07
2025-10-11 00:04:08,052,CDKL5_005_191_92,238,0.395,4,0.402,0.0,21.33
2025-10-11 00:14:10,052,CDKL5_005_191_92,271,0.451,2,0.228,0.0,21.34
2025-10-11 00:24:13,052,CDKL5_005_191_92,337,0.561,2,0.192,0.0,21.37
2025-10-11 00:34:16,052,CDKL5_005_191_92,283,0.47,3,0.298,0.0,21.36
2025-10-11 00:44:19,052,CDKL5_005_191_92,159,0.265,7,0.638,0.0,21.36
2025-10-11 00:54:21,052,CDKL5_005_191_92,145,0.241,4,0.525,0.0,21.35
2025-10-11 01:04:23,052,CDKL5_005_191_92,370,0.616,2,0.178,0.0,21.36
2025-10-11 01:14:26,052,CDKL5_005_191_92,239,0.398,3,0.334,0.0,21.37
2025-10-11 01:24:30,052,CDKL5_005_191_92,220,0.365,5,0.476,0.0,21.34
2025-10-11 01:34:32,052,CDKL5_005_191_92,195,0.324,6,0.552,0.0,21.31
2025-10-11 01:44:35,052,CDKL5_005_191_92,34,0.056,10,0.922,0.0,21.29
2025-10-11 01:54:38,052,CDKL5_005_191_92,0,0.0,15,1.0,0.0,21.23
2025-10-11 02:04:40,052,CDKL5_005_191_92,0,0.0,15,1.0,0.0,21.18
2025-10-11 02:14:43,052,CDKL5_005_191_92,0,0.0,15,1.0,0.0,21.12
2025-10-11 02:24:45,052,CDKL5_005_191_92,0,0.0,15,1.0,0.0,21.09
2025-10-11 02:34:48,052,CDKL5_005_191_92,0,0.0,15,1.0,0.0,21.06
2025-10-11 02:44:51,052,CDKL5_005_191_92,11,0.018,14,0.981,0.0,21.04
2025-10-11 02:54:53,052,CDKL5_005_191_92,0,0.0,15,1.0,0.0,21.03
2025-10-11 03:05:09,052,CDKL5_005_191_92,1,0.002,14,0.998,0.0,21.05
2025-10-11 03:15:12,052,CDKL5_005_191_92,3,0.005,14,0.995,0.0,21.03
2025-10-11 03:25:15,052,CDKL5_005_191_92,1,0.002,14,0.998,0.0,21.01
2025-10-11 03:35:17,052,CDKL5_005_191_92,58,0.097,9,0.861,0.0,21.01
2025-10-11 03:45:20,052,CDKL5_005_191_92,333,0.555,0,0.0,0.0,21.07
2025-10-11 03:55:24,052,CDKL5_005_191_92,336,0.558,0,0.0,0.0,21.1
2025-10-11 04:05:26,052,CDKL5_005_191_92,357,0.594,0,0.0,0.0,21.11
2025-10-11 04:15:29,052,CDKL5_005_191_92,357,0.595,2,0.183,0.0,21.26
2025-10-11 04:25:32,052,CDKL5_005_191_92,281,0.467,0,0.0,0.0,21.4
2025-10-11 04:35:36,052,CDKL5_005_191_92,298,0.496,2,0.212,0.0,21.39
2025-10-11 04:45:40,052,CDKL5_005_191_92,387,0.643,0,0.0,0.0,21.44
2025-10-11 04:55:42,052,CDKL5_005_191_92,211,0.352,3,0.363,0.0,21.34
2025-10-11 05:05:45,052,CDKL5_005_191_92,241,0.401,4,0.399,0.0,21.33
2025-10-11 05:15:48,052,CDKL5_005_191_92,324,0.538,4,0.331,0.0,21.42
2025-10-11 05:25:52,052,CDKL5_005_191_92,175,0.291,6,0.578,0.0,21.36
2025-10-11 05:35:54,052,CDKL5_005_191_92,413,0.687,1,0.088,0.0,21.46
2025-10-11 05:45:57,052,CDKL5_005_191_92,219,0.364,4,0.422,0.0,21.42
2025-10-11 05:56:00,052,CDKL5_005_191_92,307,0.512,4,0.343,0.0,21.43
2025-10-11 06:06:02,052,CDKL5_005_191_92,180,0.3,8,0.64,0.2736,21.34
2025-10-11 06:16:05,052,CDKL5_005_191_92,439,0.73,1,0.084,0.18,21.32
2025-10-11 06:26:08,052,CDKL5_005_191_92,200,0.333,3,0.375,0.18,21.28
2025-10-11 06:36:10,052,CDKL5_005_191_92,70,0.116,10,0.851,0.1944,21.23
2025-10-11 06:46:13,052,CDKL5_005_191_92,0,0.0,15,1.0,0.1872,21.18
2025-10-11 06:56:15,052,CDKL5_005_191_92,3,0.005,14,0.995,0.2088,21.14
2025-10-11 07:06:34,052,CDKL5_005_191_92,2,0.003,15,0.997,0.2088,21.13
2025-10-11 07:16:37,052,CDKL5_005_191_92,2,0.003,15,0.997,0.2124,21.09
2025-10-11 07:26:40,052,CDKL5_005_191_92,1,0.002,14,0.998,0.1944,21.06
2025-10-11 07:36:43,052,CDKL5_005_191_92,0,0.0,15,1.0,0.1944,21.05
2025-10-11 07:46:45,052,CDKL5_005_191_92,8,0.013,13,0.985,0.1944,21.03
2025-10-11 07:56:48,052,CDKL5_005_191_92,0,0.0,15,1.0,0.1944,21.03
2025-10-11 08:06:51,052,CDKL5_005_191_92,13,0.022,12,0.974,0.2016,21.03
2025-10-11 08:16:54,052,CDKL5_005_191_92,16,0.027,13,0.97,0.2016,21.02
2025-10-11 08:26:58,052,CDKL5_005_191_92,0,0.0,15,1.0,0.1908,21.02
2025-10-11 08:37:01,052,CDKL5_005_191_92,0,0.0,15,1.0,0.198,21.0
2025-10-11 08:47:05,052,CDKL5_005_191_92,0,0.0,15,1.0,0.1872,20.99
2025-10-11 08:57:07,052,CDKL5_005_191_92,0,0.0,15,1.0,0.2016,20.98
2025-10-11 09:07:11,052,CDKL5_005_191_92,12,0.02,14,0.979,0.1728,20.98
2025-10-11 09:17:14,052,CDKL5_005_191_92,72,0.12,9,0.833,0.18,20.99
2025-10-11 09:27:16,052,CDKL5_005_191_92,2,0.003,15,0.997,0.18,20.97
2025-10-11 09:37:19,052,CDKL5_005_191_92,0,0.0,15,1.0,0.18,20.96
2025-10-11 09:47:22,052,CDKL5_005_191_92,1,0.002,14,0.998,0.2016,20.95
2025-10-11 09:57:25,052,CDKL5_005_191_92,0,0.0,15,1.0,0.2088,20.95
2025-10-11 10:07:28,052,CDKL5_005_191_92,3,0.005,14,0.995,0.2196,20.95
2025-10-11 10:17:31,052,CDKL5_005_191_92,3,0.005,15,0.995,0.216,20.97
2025-10-11 10:27:33,052,CDKL5_005_191_92,4,0.007,14,0.993,0.216,20.98
2025-10-11 10:37:36,052,CDKL5_005_191_92,2,0.003,15,0.997,0.2268,20.98
2025-10-11 10:47:39,052,CDKL5_005_191_92,45,0.075,10,0.899,0.2556,20.99
2025-10-11 10:57:42,052,CDKL5_005_191_92,93,0.155,5,0.683,0.2088,21.08
2025-10-11 11:08:00,052,CDKL5_005_191_92,157,0.263,6,0.605,0.2016,21.14
2025-10-11 11:18:03,052,CDKL5_005_191_92,371,0.617,1,0.097,0.252,21.17
2025-10-11 11:28:06,052,CDKL5_005_191_92,335,0.557,2,0.193,0.2412,21.15
2025-10-11 11:38:08,052,CDKL5_005_191_92,152,0.253,5,0.568,0.1404,21.12
2025-10-11 11:48:10,052,CDKL5_005_191_92,61,0.102,8,0.84,0.2376,21.09
2025-10-11 11:58:13,052,CDKL5_005_191_92,2,0.003,14,0.996,0.2376,21.05
2025-10-11 12:08:16,052,CDKL5_005_191_92,1,0.002,14,0.998,0.2376,21.04
2025-10-11 12:18:19,052,CDKL5_005_191_92,6,0.01,15,0.99,0.2376,21.01
2025-10-11 12:28:21,052,CDKL5_005_191_92,2,0.003,13,0.996,0.2412,20.99
2025-10-11 12:38:25,052,CDKL5_005_191_92,0,0.0,15,1.0,0.2736,20.99
2025-10-11 12:48:27,052,CDKL5_005_191_92,13,0.022,13,0.976,0.2592,20.99
2025-10-11 12:58:30,052,CDKL5_005_191_92,2,0.003,15,0.997,0.2376,20.99
2025-10-11 13:08:32,052,CDKL5_005_191_92,2,0.003,15,0.997,0.234,20.97
2025-10-11 13:18:35,052,CDKL5_005_191_92,4,0.007,14,0.993,0.2376,20.97
2025-10-11 13:28:38,052,CDKL5_005_191_92,13,0.022,13,0.976,0.234,20.96
2025-10-11 13:38:41,052,CDKL5_005_191_92,1,0.002,14,0.998,0.2376,20.96
2025-10-11 13:48:44,052,CDKL5_005_191_92,13,0.022,13,0.976,0.2376,20.96
2025-10-11 13:58:47,052,CDKL5_005_191_92,19,0.032,12,0.962,0.2412,20.95
2025-10-11 14:08:49,052,CDKL5_005_191_92,2,0.003,14,0.996,0.2412,20.95
2025-10-11 14:18:52,052,CDKL5_005_191_92,3,0.005,14,0.995,0.2412,20.94
2025-10-11 14:28:55,052,CDKL5_005_191_92,15,0.025,13,0.972,0.2592,20.95
2025-10-11 14:38:58,052,CDKL5_005_191_92,138,0.23,2,0.367,0.198,20.97
2025-10-11 14:49:00,052,CDKL5_005_191_92,107,0.178,7,0.724,0.2448,21.02
2025-10-11 14:59:03,052,CDKL5_005_191_92,146,0.243,7,0.657,0.1656,21.1
2025-10-11 15:09:19,052,CDKL5_005_191_92,164,0.274,8,0.661,0.1584,21.12
2025-10-11 15:19:22,052,CDKL5_005_191_92,0,0.0,15,1.0,0.1692,21.09
2025-10-11 15:29:25,052,CDKL5_005_191_92,0,0.0,15,1.0,0.1656,21.06
2025-10-11 15:39:27,052,CDKL5_005_191_92,1,0.002,15,0.998,0.1656,21.05
2025-10-11 15:49:30,052,CDKL5_005_191_92,0,0.0,15,1.0,0.1692,21.03
2025-10-11 15:59:32,052,CDKL5_005_191_92,0,0.0,15,1.0,0.1584,21.02
2025-10-11 16:09:34,052,CDKL5_005_191_92,0,0.0,15,1.0,0.1584,21.01
2025-10-11 16:19:36,052,CDKL5_005_191_92,2,0.003,15,0.997,0.1656,21.0
2025-10-11 16:29:39,052,CDKL5_005_191_92,0,0.0,15,1.0,0.1944,21.02
2025-10-11 16:39:42,052,CDKL5_005_191_92,10,0.017,12,0.98,0.18,21.02
2025-10-11 16:49:46,052,CDKL5_005_191_92,72,0.12,7,0.795,0.1872,21.07
2025-10-11 16:59:48,052,CDKL5_005_191_92,80,0.133,9,0.818,0.1872,21.09
2025-10-11 17:09:52,052,CDKL5_005_191_92,1,0.002,15,0.998,0.1944,21.08
2025-10-11 17:19:55,052,CDKL5_005_191_92,0,0.0,15,1.0,0.1656,21.06
2025-10-11 17:29:58,052,CDKL5_005_191_92,52,0.087,9,0.874,0.1908,21.08
2025-10-11 17:40:00,052,CDKL5_005_191_92,44,0.073,9,0.891,0.1836,21.06
2025-10-11 17:50:04,052,CDKL5_005_191_92,78,0.13,8,0.804,0.1188,21.05
2025-10-11 18:00:06,052,CDKL5_005_191_92,19,0.032,13,0.965,0.0,21.03
2025-10-11 18:10:09,052,CDKL5_005_191_92,2,0.003,14,0.996,0.0,21.01
2025-10-11 18:20:12,052,CDKL5_005_191_92,295,0.49,1,0.119,0.0,21.03
2025-10-11 18:30:14,052,CDKL5_005_191_92,429,0.715,0,0.0,0.0,21.07
2025-10-11 18:40:17,052,CDKL5_005_191_92,366,0.609,0,0.0,0.0,21.11
2025-10-11 18:50:20,052,CDKL5_005_191_92,444,0.739,0,0.0,0.0,21.13
2025-10-11 19:00:23,052,CDKL5_005_191_92,396,0.659,0,0.0,0.0,21.21
2025-10-11 19:10:44,052,CDKL5_005_191_92,372,0.621,1,0.097,0.0,21.25
2025-10-11 19:20:46,052,CDKL5_005_191_92,324,0.539,1,0.11,0.0,21.28
2025-10-11 19:30:50,052,CDKL5_005_191_92,169,0.281,7,0.624,0.0,21.28
2025-10-11 19:40:52,052,CDKL5_005_191_92,411,0.684,0,0.0,0.0,21.34
2025-10-11 19:50:55,052,CDKL5_005_191_92,398,0.662,0,0.0,0.0,21.4
2025-10-11 20:00:58,052,CDKL5_005_191_92,355,0.591,2,0.184,0.0,21.37
2025-10-11 20:11:01,052,CDKL5_005_191_92,433,0.722,0,0.0,0.0,21.37
2025-10-11 20:21:03,052,CDKL5_005_191_92,297,0.494,3,0.288,0.0,21.38
2025-10-11 20:31:06,052,CDKL5_005_191_92,378,0.629,0,0.0,0.0,21.38
2025-10-11 20:41:08,052,CDKL5_005_191_92,261,0.434,6,0.479,0.0,21.37
2025-10-11 20:51:12,052,CDKL5_005_191_92,263,0.438,4,0.378,0.0,21.39
2025-10-11 21:01:14,052,CDKL5_005_191_92,417,0.694,0,0.0,0.0,21.37
2025-10-11 21:11:17,052,CDKL5_005_191_92,259,0.43,3,0.317,0.0,21.35
2025-10-11 21:21:19,052,CDKL5_005_191_92,356,0.593,0,0.0,0.0,21.35
2025-10-11 21:31:22,052,CDKL5_005_191_92,316,0.527,0,0.0,0.0,21.34
2025-10-11 21:41:24,052,CDKL5_005_191_92,242,0.403,4,0.398,0.0,21.33
2025-10-11 21:51:27,052,CDKL5_005_191_92,241,0.401,4,0.399,0.0,21.32
2025-10-11 22:01:30,052,CDKL5_005_191_92,276,0.459,3,0.303,0.0,21.3
2025-10-11 22:11:33,052,CDKL5_005_191_92,281,0.467,1,0.125,0.0,21.31
2025-10-11 22:21:36,052,CDKL5_005_191_92,284,0.473,3,0.297,0.0,21.41
2025-10-11 22:31:39,052,CDKL5_005_191_92,253,0.421,5,0.442,0.0,21.37
2025-10-11 22:41:40,052,CDKL5_005_191_92,368,0.613,1,0.098,0.0,21.54
2025-10-11 22:51:43,052,CDKL5_005_191_92,317,0.527,1,0.112,0.0,21.52
2025-10-11 23:01:46,052,CDKL5_005_191_92,173,0.287,5,0.536,0.0,21.42
2025-10-11 23:12:01,052,CDKL5_005_191_92,311,0.519,2,0.205,0.0,21.51
2025-10-11 23:22:04,052,CDKL5_005_191_92,276,0.459,2,0.225,0.0,21.59
2025-10-11 23:32:06,052,CDKL5_005_191_92,236,0.393,7,0.543,0.0,21.56
2025-10-11 23:42:09,052,CDKL5_005_191_92,186,0.309,7,0.601,0.0,21.47
2025-10-11 23:52:12,052,CDKL5_005_191_92,317,0.527,2,0.202,0.0,21.45
2025-10-12 00:02:15,052,CDKL5_005_191_92,334,0.557,2,0.193,0.0,21.46
2025-10-12 00:12:17,052,CDKL5_005_191_92,36,0.06,10,0.917,0.0,21.38
2025-10-12 00:22:20,052,CDKL5_005_191_92,218,0.362,4,0.423,0.0,21.35
2025-10-12 00:32:23,052,CDKL5_005_191_92,336,0.559,4,0.323,0.0,21.32
2025-10-12 00:42:25,052,CDKL5_005_191_92,253,0.421,2,0.24,0.0,21.28
2025-10-12 00:52:28,052,CDKL5_005_191_92,23,0.038,11,0.95,0.0,21.24
2025-10-12 01:02:31,052,CDKL5_005_191_92,3,0.005,14,0.995,0.0,21.2
2025-10-12 01:12:33,052,CDKL5_005_191_92,7,0.012,13,0.987,0.0,21.16
2025-10-12 01:22:36,052,CDKL5_005_191_92,30,0.05,13,0.945,0.0,21.12
2025-10-12 01:32:40,052,CDKL5_005_191_92,1,0.002,15,0.998,0.0,21.08
2025-10-12 01:42:44,052,CDKL5_005_191_92,30,0.05,11,0.936,0.0,21.06
2025-10-12 01:52:46,052,CDKL5_005_191_92,17,0.028,13,0.968,0.0,21.04
2025-10-12 02:02:49,052,CDKL5_005_191_92,24,0.04,14,0.959,0.0,21.01
2025-10-12 02:12:52,052,CDKL5_005_191_92,17,0.028,13,0.968,0.0,21.01
2025-10-12 02:22:55,052,CDKL5_005_191_92,12,0.02,14,0.979,0.0,21.0
2025-10-12 02:32:57,052,CDKL5_005_191_92,195,0.324,4,0.451,0.0,21.01
2025-10-12 02:43:00,052,CDKL5_005_191_92,314,0.522,0,0.0,0.0,21.02
2025-10-12 02:53:03,052,CDKL5_005_191_92,340,0.566,0,0.0,0.0,21.11
2025-10-12 03:03:06,052,CDKL5_005_191_92,223,0.371,6,0.518,0.0,21.13
2025-10-12 03:13:25,052,CDKL5_005_191_92,395,0.659,0,0.0,0.0,21.19
2025-10-12 03:23:28,052,CDKL5_005_191_92,154,0.256,8,0.675,0.0,21.17
2025-10-12 03:33:30,052,CDKL5_005_191_92,349,0.582,0,0.0,0.0,21.35
2025-10-12 03:43:33,052,CDKL5_005_191_92,135,0.225,9,0.727,0.0,21.36
2025-10-12 03:53:36,052,CDKL5_005_191_92,320,0.532,0,0.0,0.0,21.33
2025-10-12 04:03:39,052,CDKL5_005_191_92,138,0.229,9,0.723,0.0,21.28
2025-10-12 04:13:42,052,CDKL5_005_191_92,356,0.591,1,0.101,0.0,21.35
2025-10-12 04:23:45,052,CDKL5_005_191_92,254,0.422,1,0.136,0.0,21.45
2025-10-12 04:33:49,052,CDKL5_005_191_92,26,0.043,13,0.952,0.0,21.33
2025-10-12 04:43:51,052,CDKL5_005_191_92,415,0.691,0,0.0,0.0,21.4
2025-10-12 04:53:54,052,CDKL5_005_191_92,104,0.173,9,0.776,0.0,21.34
2025-10-12 05:03:56,052,CDKL5_005_191_92,151,0.251,7,0.65,0.0,21.29
2025-10-12 05:14:00,052,CDKL5_005_191_92,170,0.283,5,0.541,0.0,21.23
2025-10-12 05:24:02,052,CDKL5_005_191_92,483,0.805,0,0.0,0.0,21.29
2025-10-12 05:34:05,052,CDKL5_005_191_92,339,0.564,1,0.106,0.0,21.26
2025-10-12 05:44:08,052,CDKL5_005_191_92,68,0.113,8,0.825,0.0,21.19
2025-10-12 05:54:10,052,CDKL5_005_191_92,8,0.013,14,0.986,0.0,21.12
2025-10-12 06:04:12,052,CDKL5_005_191_92,6,0.01,14,0.989,0.1512,21.06
2025-10-12 06:14:16,052,CDKL5_005_191_92,12,0.02,14,0.979,0.1584,21.03
2025-10-12 06:24:19,052,CDKL5_005_191_92,15,0.025,13,0.972,0.1584,20.99
2025-10-12 06:34:21,052,CDKL5_005_191_92,18,0.03,12,0.964,0.162,20.98
2025-10-12 06:44:25,052,CDKL5_005_191_92,3,0.005,14,0.995,0.162,20.96
2025-10-12 06:54:28,052,CDKL5_005_191_92,5,0.008,15,0.992,0.1548,20.96
2025-10-12 07:04:30,052,CDKL5_005_191_92,27,0.045,11,0.942,0.1872,20.96
2025-10-12 07:14:49,052,CDKL5_005_191_92,3,0.005,14,0.995,0.1512,20.99
2025-10-12 07:24:52,052,CDKL5_005_191_92,0,0.0,15,1.0,0.1512,20.97
2025-10-12 07:34:55,052,CDKL5_005_191_92,0,0.0,15,1.0,0.1512,20.96
2025-10-12 07:44:58,052,CDKL5_005_191_92,2,0.003,14,0.996,0.1512,20.95
2025-10-12 07:55:01,052,CDKL5_005_191_92,33,0.055,12,0.936,0.162,20.95
2025-10-12 08:05:03,052,CDKL5_005_191_92,234,0.389,6,0.506,0.1296,20.96
2025-10-12 08:15:06,052,CDKL5_005_191_92,88,0.147,10,0.82,0.1512,20.97
2025-10-12 08:25:09,052,CDKL5_005_191_92,221,0.367,1,0.153,0.144,20.99
2025-10-12 08:35:12,052,CDKL5_005_191_92,311,0.517,1,0.114,0.1368,21.03
2025-10-12 08:45:15,052,CDKL5_005_191_92,53,0.088,8,0.858,0.144,21.02
2025-10-12 08:55:17,052,CDKL5_005_191_92,1,0.002,14,0.998,0.1476,21.01
2025-10-12 09:05:20,052,CDKL5_005_191_92,1,0.002,14,0.998,0.1548,20.99
2025-10-12 09:15:23,052,CDKL5_005_191_92,4,0.007,14,0.993,0.144,20.98
2025-10-12 09:25:25,052,CDKL5_005_191_92,5,0.008,14,0.991,0.144,20.97
2025-10-12 09:35:28,052,CDKL5_005_191_92,8,0.013,13,0.985,0.144,20.95
2025-10-12 09:45:31,052,CDKL5_005_191_92,4,0.007,14,0.993,0.1548,20.94
2025-10-12 09:55:33,052,CDKL5_005_191_92,2,0.003,15,0.997,0.1548,20.94
2025-10-12 10:05:36,052,CDKL5_005_191_92,6,0.01,14,0.989,0.1548,20.93
2025-10-12 10:15:38,052,CDKL5_005_191_92,1,0.002,15,0.998,0.1764,20.92
2025-10-12 10:25:41,052,CDKL5_005_191_92,7,0.012,14,0.988,0.1728,20.91
2025-10-12 10:35:44,052,CDKL5_005_191_92,0,0.0,15,1.0,0.144,20.91
2025-10-12 10:45:47,052,CDKL5_005_191_92,0,0.0,15,1.0,0.144,20.91
2025-10-12 10:55:50,052,CDKL5_005_191_92,0,0.0,15,1.0,0.144,20.9
2025-10-12 11:05:53,052,CDKL5_005_191_92,3,0.005,14,0.995,0.144,20.9
2025-10-12 11:16:09,052,CDKL5_005_191_92,64,0.107,11,0.873,0.144,20.93
2025-10-12 11:26:11,052,CDKL5_005_191_92,138,0.23,3,0.465,0.144,20.93
2025-10-12 11:36:14,052,CDKL5_005_191_92,197,0.328,1,0.169,0.144,20.94
2025-10-12 11:46:17,052,CDKL5_005_191_92,124,0.207,5,0.617,0.144,20.96
2025-10-12 11:56:20,052,CDKL5_005_191_92,8,0.013,13,0.985,0.1512,20.95
2025-10-12 12:06:23,052,CDKL5_005_191_92,0,0.0,15,1.0,0.1476,20.94
2025-10-12 12:16:25,052,CDKL5_005_191_92,0,0.0,15,1.0,0.1476,20.93
2025-10-12 12:26:27,052,CDKL5_005_191_92,3,0.005,15,0.995,0.1476,20.92
2025-10-12 12:36:30,052,CDKL5_005_191_92,8,0.013,13,0.985,0.1548,20.91
2025-10-12 12:46:33,052,CDKL5_005_191_92,5,0.008,13,0.99,0.1584,20.9
2025-10-12 12:56:35,052,CDKL5_005_191_92,3,0.005,14,0.995,0.1548,20.9
2025-10-12 13:06:39,052,CDKL5_005_191_92,1,0.002,14,0.998,0.1548,20.89
2025-10-12 13:16:42,052,CDKL5_005_191_92,4,0.007,14,0.993,0.144,20.88
2025-10-12 13:26:44,052,CDKL5_005_191_92,5,0.008,14,0.991,0.144,20.86
2025-10-12 13:36:47,052,CDKL5_005_191_92,179,0.298,3,0.401,0.144,20.89
2025-10-12 13:46:49,052,CDKL5_005_191_92,63,0.105,12,0.884,0.1512,20.88
2025-10-12 13:56:51,052,CDKL5_005_191_92,327,0.544,1,0.109,0.1656,20.9
2025-10-12 14:06:54,052,CDKL5_005_191_92,63,0.105,8,0.836,0.1656,20.91
2025-10-12 14:16:57,052,CDKL5_005_191_92,0,0.0,15,1.0,0.1656,20.9
2025-10-12 14:26:59,052,CDKL5_005_191_92,2,0.003,15,0.997,0.1656,20.89
2025-10-12 14:37:01,052,CDKL5_005_191_92,0,0.0,15,1.0,0.1656,20.86
2025-10-12 14:47:04,052,CDKL5_005_191_92,4,0.007,15,0.993,0.1656,20.85
2025-10-12 14:57:07,052,CDKL5_005_191_92,2,0.003,14,0.996,0.1656,20.84
2025-10-12 15:07:10,052,CDKL5_005_191_92,0,0.0,15,1.0,0.1656,20.84
2025-10-12 15:17:29,052,CDKL5_005_191_92,0,0.0,15,1.0,0.1656,20.88
2025-10-12 15:27:31,052,CDKL5_005_191_92,9,0.015,12,0.982,0.1728,20.84
2025-10-12 15:37:34,052,CDKL5_005_191_92,19,0.032,12,0.962,0.1836,20.85
2025-10-12 15:47:37,052,CDKL5_005_191_92,4,0.007,14,0.993,0.1728,20.82
2025-10-12 15:57:40,052,CDKL5_005_191_92,14,0.023,13,0.974,0.1764,20.84
2025-10-12 16:07:42,052,CDKL5_005_191_92,103,0.171,9,0.778,0.1728,20.84
2025-10-12 16:17:45,052,CDKL5_005_191_92,134,0.223,7,0.676,0.1728,20.86
2025-10-12 16:27:47,052,CDKL5_005_191_92,60,0.1,12,0.889,0.1656,20.86
2025-10-12 16:37:50,052,CDKL5_005_191_92,61,0.101,5,0.766,0.1728,20.91
2025-10-12 16:47:54,052,CDKL5_005_191_92,11,0.018,12,0.978,0.1656,20.91
2025-10-12 16:57:56,052,CDKL5_005_191_92,9,0.015,12,0.982,0.1656,20.91
2025-10-12 17:07:59,052,CDKL5_005_191_92,6,0.01,15,0.99,0.1692,20.91
2025-10-12 17:18:03,052,CDKL5_005_191_92,15,0.025,13,0.972,0.2016,20.91
2025-10-12 17:28:05,052,CDKL5_005_191_92,219,0.364,2,0.268,0.1944,20.93
2025-10-12 17:38:09,052,CDKL5_005_191_92,51,0.085,12,0.904,0.18,20.91
2025-10-12 17:48:11,052,CDKL5_005_191_92,152,0.253,10,0.725,0.18,20.92
2025-10-12 17:58:14,052,CDKL5_005_191_92,99,0.165,6,0.708,0.1728,20.94
2025-10-12 18:08:16,052,CDKL5_005_191_92,292,0.486,3,0.291,0.0,20.96
2025-10-12 18:18:20,052,CDKL5_005_191_92,428,0.712,0,0.0,0.0,21.07
2025-10-12 18:28:22,052,CDKL5_005_191_92,386,0.642,1,0.094,0.0,21.19
2025-10-12 18:38:25,052,CDKL5_005_191_92,440,0.733,0,0.0,0.0,21.25
2025-10-12 18:48:28,052,CDKL5_005_191_92,383,0.636,1,0.095,0.0,21.25
2025-10-12 18:58:30,052,CDKL5_005_191_92,359,0.597,1,0.1,0.0,21.28
2025-10-12 19:08:33,052,CDKL5_005_191_92,191,0.318,7,0.594,0.0,21.24
2025-10-12 19:18:54,052,CDKL5_005_191_92,428,0.715,0,0.0,0.0,21.36
2025-10-12 19:28:58,052,CDKL5_005_191_92,397,0.661,0,0.0,0.0,21.33
2025-10-12 19:39:01,052,CDKL5_005_191_92,301,0.5,4,0.347,0.0,21.36
2025-10-12 19:49:04,052,CDKL5_005_191_92,263,0.438,6,0.477,0.0,21.39
2025-10-12 19:59:07,052,CDKL5_005_191_92,419,0.696,0,0.0,0.0,21.4
2025-10-12 20:09:11,052,CDKL5_005_191_92,416,0.691,0,0.0,0.0,21.43
2025-10-12 20:19:15,052,CDKL5_005_191_92,275,0.457,1,0.127,0.0,21.42
2025-10-12 20:29:17,052,CDKL5_005_191_92,156,0.26,7,0.642,0.0,21.42
2025-10-12 20:39:20,052,CDKL5_005_191_92,197,0.327,6,0.549,0.0,21.38
2025-10-12 20:49:23,052,CDKL5_005_191_92,387,0.644,1,0.094,0.0,21.47
2025-10-12 20:59:26,052,CDKL5_005_191_92,257,0.428,3,0.318,0.0,21.42
2025-10-12 21:09:28,052,CDKL5_005_191_92,178,0.296,9,0.669,0.0,21.4
2025-10-12 21:19:30,052,CDKL5_005_191_92,293,0.488,1,0.12,0.0,21.35
2025-10-12 21:29:34,052,CDKL5_005_191_92,250,0.416,4,0.39,0.0,21.34
2025-10-12 21:39:36,052,CDKL5_005_191_92,334,0.556,0,0.0,0.0,21.38
2025-10-12 21:49:39,052,CDKL5_005_191_92,322,0.536,2,0.199,0.0,21.43
2025-10-12 21:59:41,052,CDKL5_005_191_92,194,0.323,6,0.553,0.0,21.36
2025-10-12 22:09:44,052,CDKL5_005_191_92,142,0.236,5,0.585,0.0,21.33
2025-10-12 22:19:48,052,CDKL5_005_191_92,180,0.299,5,0.526,0.0,21.32
2025-10-12 22:29:50,052,CDKL5_005_191_92,213,0.354,8,0.6,0.0,21.31
2025-10-12 22:39:53,052,CDKL5_005_191_92,215,0.358,3,0.358,0.0,21.31
2025-10-12 22:49:56,052,CDKL5_005_191_92,312,0.52,1,0.114,0.0,21.38
2025-10-12 22:59:58,052,CDKL5_005_191_92,344,0.572,1,0.104,0.0,21.37
2025-10-12 23:10:02,052,CDKL5_005_191_92,271,0.45,4,0.371,0.0,21.48
2025-10-12 23:20:25,052,CDKL5_005_191_92,306,0.512,2,0.207,0.0,21.46
2025-10-12 23:30:28,052,CDKL5_005_191_92,308,0.512,0,0.0,0.0,21.43
2025-10-12 23:40:31,052,CDKL5_005_191_92,201,0.334,6,0.544,0.0,21.39
2025-10-12 23:50:34,052,CDKL5_005_191_92,306,0.509,2,0.207,0.0,21.4
2025-10-11 00:02:12,030,CDKL5_005_191_94,294,0.488,0,0.0,0.0,22.01
2025-10-11 00:12:16,030,CDKL5_005_191_94,118,0.196,6,0.67,0.0,22.03
2025-10-11 00:22:19,030,CDKL5_005_191_94,195,0.324,3,0.381,0.0,22.04
2025-10-11 00:32:23,030,CDKL5_005_191_94,128,0.213,4,0.556,0.0,22.04
2025-10-11 00:42:26,030,CDKL5_005_191_94,104,0.173,9,0.776,0.0,22.06
2025-10-11 00:52:28,030,CDKL5_005_191_94,306,0.509,1,0.116,0.0,22.09
2025-10-11 01:02:32,030,CDKL5_005_191_94,222,0.369,2,0.265,0.0,22.1
2025-10-11 01:12:34,030,CDKL5_005_191_94,248,0.413,1,0.139,0.0,22.1
2025-10-11 01:22:36,030,CDKL5_005_191_94,324,0.54,2,0.198,0.0,22.1
2025-10-11 01:32:40,030,CDKL5_005_191_94,162,0.269,8,0.664,0.0,22.12
2025-10-11 01:42:42,030,CDKL5_005_191_94,332,0.553,1,0.108,0.0,22.12
2025-10-11 01:52:46,030,CDKL5_005_191_94,436,0.724,1,0.084,0.0,22.22
2025-10-11 02:02:48,030,CDKL5_005_191_94,408,0.68,0,0.0,0.0,22.32
2025-10-11 02:13:05,030,CDKL5_005_191_94,369,0.614,0,0.0,0.0,22.37
2025-10-11 02:23:07,030,CDKL5_005_191_94,157,0.261,5,0.56,0.0,22.3
2025-10-11 02:33:11,030,CDKL5_005_191_94,237,0.394,1,0.144,0.0,22.24
2025-10-11 02:43:15,030,CDKL5_005_191_94,231,0.384,4,0.409,0.0,22.19
2025-10-11 02:53:17,030,CDKL5_005_191_94,205,0.342,3,0.369,0.0,22.13
2025-10-11 03:03:20,030,CDKL5_005_191_94,28,0.047,10,0.935,0.0,22.04
2025-10-11 03:13:24,030,CDKL5_005_191_94,2,0.003,14,0.996,0.0,21.97
2025-10-11 03:23:28,030,CDKL5_005_191_94,1,0.002,14,0.998,0.0,21.9
2025-10-11 03:33:32,030,CDKL5_005_191_94,0,0.0,14,1.0,0.0,21.85
2025-10-11 03:43:34,030,CDKL5_005_191_94,0,0.0,14,1.0,0.0,21.81
2025-10-11 03:53:36,030,CDKL5_005_191_94,0,0.0,14,1.0,0.0,21.78
2025-10-11 04:03:40,030,CDKL5_005_191_94,0,0.0,14,1.0,0.0,21.75
2025-10-11 04:13:44,030,CDKL5_005_191_94,0,0.0,14,1.0,0.0,21.73
2025-10-11 04:23:47,030,CDKL5_005_191_94,0,0.0,14,1.0,0.0,21.73
2025-10-11 04:33:50,030,CDKL5_005_191_94,8,0.013,14,0.986,0.0,21.72
2025-10-11 04:43:54,030,CDKL5_005_191_94,32,0.053,12,0.938,0.0,21.74
2025-10-11 04:53:58,030,CDKL5_005_191_94,225,0.374,5,0.471,0.0,21.82
2025-10-11 05:04:02,030,CDKL5_005_191_94,332,0.551,1,0.108,0.0,22.02
2025-10-11 05:14:04,030,CDKL5_005_191_94,145,0.241,7,0.659,0.0,21.99
2025-10-11 05:24:06,030,CDKL5_005_191_94,221,0.368,3,0.352,0.0,22.04
2025-10-11 05:34:10,030,CDKL5_005_191_94,146,0.243,6,0.622,0.0,21.99
2025-10-11 05:44:12,030,CDKL5_005_191_94,89,0.148,7,0.759,0.0,21.96
2025-10-11 05:54:14,030,CDKL5_005_191_94,169,0.282,6,0.587,0.0,21.99
2025-10-11 06:04:17,030,CDKL5_005_191_94,62,0.103,9,0.853,0.18,21.97
2025-10-11 06:14:28,030,CDKL5_005_191_94,31,0.052,12,0.939,0.1692,21.97
2025-10-11 06:24:30,030,CDKL5_005_191_94,91,0.152,7,0.755,0.1512,21.98
2025-10-11 06:34:34,030,CDKL5_005_191_94,112,0.186,4,0.588,0.1512,21.97
2025-10-11 06:44:39,030,CDKL5_005_191_94,6,0.01,12,0.988,0.1512,21.94
2025-10-11 06:54:43,030,CDKL5_005_191_94,3,0.005,14,0.995,0.144,21.88
2025-10-11 07:04:46,030,CDKL5_005_191_94,0,0.0,14,1.0,0.144,21.82
2025-10-11 07:14:48,030,CDKL5_005_191_94,0,0.0,14,1.0,0.144,21.76
2025-10-11 07:24:51,030,CDKL5_005_191_94,0,0.0,14,1.0,0.144,21.71
2025-10-11 07:34:54,030,CDKL5_005_191_94,0,0.0,14,1.0,0.144,21.68
2025-10-11 07:44:55,030,CDKL5_005_191_94,0,0.0,14,1.0,0.144,21.65
2025-10-11 07:54:58,030,CDKL5_005_191_94,0,0.0,14,1.0,0.144,21.63
2025-10-11 08:05:00,030,CDKL5_005_191_94,0,0.0,14,1.0,0.144,21.6
2025-10-11 08:15:02,030,CDKL5_005_191_94,0,0.0,14,1.0,0.144,21.57
2025-10-11 08:25:05,030,CDKL5_005_191_94,0,0.0,14,1.0,0.144,21.58
2025-10-11 08:35:09,030,CDKL5_005_191_94,0,0.0,14,1.0,0.144,21.57
2025-10-11 08:45:11,030,CDKL5_005_191_94,0,0.0,14,1.0,0.144,21.56
2025-10-11 08:55:15,030,CDKL5_005_191_94,0,0.0,14,1.0,0.144,21.55
2025-10-11 09:05:17,030,CDKL5_005_191_94,0,0.0,14,1.0,0.144,21.55
2025-10-11 09:15:21,030,CDKL5_005_191_94,0,0.0,14,1.0,0.144,21.54
2025-10-11 09:25:23,030,CDKL5_005_191_94,0,0.0,14,1.0,0.144,21.54
2025-10-11 09:35:26,030,CDKL5_005_191_94,0,0.0,14,1.0,0.144,21.52
2025-10-11 09:45:28,030,CDKL5_005_191_94,0,0.0,14,1.0,0.144,21.52
2025-10-11 09:55:32,030,CDKL5_005_191_94,0,0.0,14,1.0,0.144,21.52
2025-10-11 10:05:35,030,CDKL5_005_191_94,0,0.0,14,1.0,0.1584,21.5
2025-10-11 10:15:56,030,CDKL5_005_191_94,0,0.0,14,1.0,0.1584,21.49
2025-10-11 10:26:00,030,CDKL5_005_191_94,0,0.0,14,1.0,0.1584,21.45
2025-10-11 10:36:03,030,CDKL5_005_191_94,0,0.0,14,1.0,0.1584,21.39
2025-10-11 10:46:07,030,CDKL5_005_191_94,0,0.0,14,1.0,0.1584,21.35
2025-10-11 10:56:10,030,CDKL5_005_191_94,0,0.0,14,1.0,0.144,21.3
2025-10-11 11:06:15,030,CDKL5_005_191_94,49,0.081,10,0.891,0.1368,21.27
2025-10-11 11:16:17,030,CDKL5_005_191_94,30,0.05,12,0.941,0.1368,21.28
2025-10-11 11:26:19,030,CDKL5_005_191_94,60,0.1,9,0.857,0.1332,21.29
2025-10-11 11:36:21,030,CDKL5_005_191_94,0,0.0,14,1.0,0.1332,21.25
2025-10-11 11:46:24,030,CDKL5_005_191_94,0,0.0,14,1.0,0.1224,21.22
2025-10-11 11:56:27,030,CDKL5_005_191_94,0,0.0,14,1.0,0.1296,21.19
2025-10-11 12:06:32,030,CDKL5_005_191_94,0,0.0,14,1.0,0.1224,21.17
2025-10-11 12:16:36,030,CDKL5_005_191_94,0,0.0,14,1.0,0.1224,21.14
2025-10-11 12:26:40,030,CDKL5_005_191_94,0,0.0,14,1.0,0.1224,21.12
2025-10-11 12:36:42,030,CDKL5_005_191_94,0,0.0,14,1.0,0.144,21.12
2025-10-11 12:46:46,030,CDKL5_005_191_94,0,0.0,14,1.0,0.144,21.1
2025-10-11 12:56:47,030,CDKL5_005_191_94,0,0.0,14,1.0,0.1332,21.09
2025-10-11 13:06:50,030,CDKL5_005_191_94,0,0.0,14,1.0,0.1332,21.08
2025-10-11 13:16:54,030,CDKL5_005_191_94,0,0.0,14,1.0,0.1296,21.06
2025-10-11 13:26:56,030,CDKL5_005_191_94,0,0.0,14,1.0,0.1224,21.04
2025-10-11 13:36:59,030,CDKL5_005_191_94,0,0.0,14,1.0,0.1224,21.02
2025-10-11 13:47:02,030,CDKL5_005_191_94,0,0.0,14,1.0,0.1224,21.01
2025-10-11 13:57:06,030,CDKL5_005_191_94,0,0.0,14,1.0,0.1296,20.99
2025-10-11 14:07:10,030,CDKL5_005_191_94,0,0.0,14,1.0,0.1332,20.99
2025-10-11 14:17:25,030,CDKL5_005_191_94,0,0.0,14,1.0,0.1296,20.99
2025-10-11 14:27:27,030,CDKL5_005_191_94,0,0.0,14,1.0,0.1224,20.98
2025-10-11 14:37:30,030,CDKL5_005_191_94,0,0.0,14,1.0,0.1224,20.97
2025-10-11 14:47:34,030,CDKL5_005_191_94,0,0.0,14,1.0,0.1224,20.96
2025-10-11 14:57:36,030,CDKL5_005_191_94,0,0.0,14,1.0,0.1296,20.96
2025-10-11 15:07:39,030,CDKL5_005_191_94,0,0.0,14,1.0,0.1224,20.96
2025-10-11 15:17:43,030,CDKL5_005_191_94,0,0.0,14,1.0,0.1224,20.98
2025-10-11 15:27:47,030,CDKL5_005_191_94,9,0.015,13,0.983,0.1296,20.99
2025-10-11 15:37:51,030,CDKL5_005_191_94,0,0.0,14,1.0,0.1152,21.0
2025-10-11 15:47:53,030,CDKL5_005_191_94,28,0.047,13,0.949,0.1152,21.04
2025-10-11 15:57:55,030,CDKL5_005_191_94,27,0.045,12,0.947,0.1296,21.08
2025-10-11 16:07:57,030,CDKL5_005_191_94,0,0.0,14,1.0,0.1296,21.08
2025-10-11 16:18:00,030,CDKL5_005_191_94,0,0.0,14,1.0,0.1296,21.08
2025-10-11 16:28:02,030,CDKL5_005_191_94,0,0.0,14,1.0,0.1512,21.07
2025-10-11 16:38:06,030,CDKL5_005_191_94,0,0.0,14,1.0,0.1512,21.1
2025-10-11 16:48:09,030,CDKL5_005_191_94,0,0.0,14,1.0,0.1296,21.15
2025-10-11 16:58:12,030,CDKL5_005_191_94,0,0.0,14,1.0,0.1512,21.2
2025-10-11 17:08:16,030,CDKL5_005_191_94,0,0.0,14,1.0,0.1512,21.25
2025-10-11 17:18:18,030,CDKL5_005_191_94,0,0.0,14,1.0,0.1296,21.28
2025-10-11 17:28:20,030,CDKL5_005_191_94,0,0.0,14,1.0,0.1368,21.31
2025-10-11 17:38:23,030,CDKL5_005_191_94,0,0.0,14,1.0,0.1404,21.34
2025-10-11 17:48:24,030,CDKL5_005_191_94,0,0.0,14,1.0,0.1404,21.37
2025-10-11 17:58:27,030,CDKL5_005_191_94,37,0.062,12,0.928,0.1296,21.4
2025-10-11 18:08:31,030,CDKL5_005_191_94,218,0.362,3,0.355,0.0,21.57
2025-10-11 18:18:44,030,CDKL5_005_191_94,199,0.332,5,0.501,0.0,21.67
2025-10-11 18:28:46,030,CDKL5_005_191_94,263,0.438,3,0.313,0.0,21.84
2025-10-11 18:38:50,030,CDKL5_005_191_94,239,0.396,3,0.334,0.0,21.87
2025-10-11 18:48:52,030,CDKL5_005_191_94,208,0.346,4,0.435,0.0,21.87
2025-10-11 18:58:56,030,CDKL5_005_191_94,197,0.327,1,0.169,0.0,21.94
2025-10-11 19:09:00,030,CDKL5_005_191_94,291,0.483,3,0.292,0.0,21.95
2025-10-11 19:19:02,030,CDKL5_005_191_94,245,0.408,0,0.0,0.0,22.06
2025-10-11 19:29:05,030,CDKL5_005_191_94,278,0.463,1,0.126,0.0,22.15
2025-10-11 19:39:08,030,CDKL5_005_191_94,240,0.399,3,0.333,0.0,22.09
2025-10-11 19:49:12,030,CDKL5_005_191_94,225,0.374,0,0.0,0.0,22.17
2025-10-11 19:59:14,030,CDKL5_005_191_94,386,0.643,1,0.094,0.0,22.24
2025-10-11 20:09:18,030,CDKL5_005_191_94,243,0.404,4,0.397,0.0,22.2
2025-10-11 20:19:22,030,CDKL5_005_191_94,183,0.304,5,0.522,0.0,22.14
2025-10-11 20:29:24,030,CDKL5_005_191_94,407,0.678,0,0.0,0.0,22.35
2025-10-11 20:39:28,030,CDKL5_005_191_94,356,0.591,0,0.0,0.0,22.45
2025-10-11 20:49:31,030,CDKL5_005_191_94,289,0.481,3,0.293,0.0,22.46
2025-10-11 20:59:35,030,CDKL5_005_191_94,125,0.207,6,0.658,0.0,22.35
2025-10-11 21:09:38,030,CDKL5_005_191_94,388,0.647,0,0.0,0.0,22.31
2025-10-11 21:19:40,030,CDKL5_005_191_94,322,0.537,0,0.0,0.0,22.23
2025-10-11 21:29:42,030,CDKL5_005_191_94,286,0.477,4,0.359,0.0,22.15
2025-10-11 21:39:44,030,CDKL5_005_191_94,214,0.357,4,0.428,0.0,22.19
2025-10-11 21:49:46,030,CDKL5_005_191_94,335,0.557,0,0.0,0.0,22.25
2025-10-11 21:59:48,030,CDKL5_005_191_94,57,0.095,12,0.894,0.0,22.18
2025-10-11 22:09:53,030,CDKL5_005_191_94,0,0.0,14,1.0,0.0,22.03
2025-10-11 22:20:10,030,CDKL5_005_191_94,0,0.0,14,1.0,0.0,21.96
2025-10-11 22:30:13,030,CDKL5_005_191_94,0,0.0,14,1.0,0.0,21.87
2025-10-11 22:40:17,030,CDKL5_005_191_94,0,0.0,14,1.0,0.0,21.81
2025-10-11 22:50:21,030,CDKL5_005_191_94,0,0.0,14,1.0,0.0,21.75
2025-10-11 23:00:23,030,CDKL5_005_191_94,0,0.0,14,1.0,0.0,21.71
2025-10-11 23:10:26,030,CDKL5_005_191_94,0,0.0,14,1.0,0.0,21.71
2025-10-11 23:20:30,030,CDKL5_005_191_94,0,0.0,14,1.0,0.0,21.71
2025-10-11 23:30:32,030,CDKL5_005_191_94,217,0.362,4,0.424,0.0,21.83
2025-10-11 23:40:35,030,CDKL5_005_191_94,231,0.384,5,0.464,0.0,21.96
2025-10-11 23:50:38,030,CDKL5_005_191_94,282,0.47,1,0.124,0.0,22.01
2025-10-12 00:00:41,030,CDKL5_005_191_94,262,0.435,4,0.379,0.0,22.19
2025-10-12 00:10:44,030,CDKL5_005_191_94,325,0.541,0,0.0,0.0,22.22
2025-10-12 00:20:47,030,CDKL5_005_191_94,301,0.501,3,0.285,0.0,22.18
2025-10-12 00:30:50,030,CDKL5_005_191_94,327,0.543,1,0.109,0.0,22.14
2025-10-12 00:40:55,030,CDKL5_005_191_94,248,0.411,4,0.392,0.0,22.17
2025-10-12 00:50:59,030,CDKL5_005_191_94,189,0.313,5,0.514,0.0,22.18
2025-10-12 01:01:02,030,CDKL5_005_191_94,245,0.408,5,0.449,0.0,22.18
2025-10-12 01:11:04,030,CDKL5_005_191_94,95,0.158,9,0.791,0.0,22.1
2025-10-12 01:21:06,030,CDKL5_005_191_94,328,0.546,1,0.109,0.0,22.06
2025-10-12 01:31:10,030,CDKL5_005_191_94,218,0.362,4,0.423,0.0,22.07
2025-10-12 01:41:14,030,CDKL5_005_191_94,376,0.625,0,0.0,0.0,22.18
2025-10-12 01:51:15,030,CDKL5_005_191_94,283,0.472,3,0.298,0.0,22.19
2025-10-12 02:01:19,030,CDKL5_005_191_94,265,0.44,3,0.312,0.0,22.2
2025-10-12 02:11:21,030,CDKL5_005_191_94,288,0.48,4,0.357,0.0,22.12
2025-10-12 02:21:38,030,CDKL5_005_191_94,380,0.632,0,0.0,0.0,22.14
2025-10-12 02:31:42,030,CDKL5_005_191_94,349,0.58,1,0.103,0.0,22.15
2025-10-12 02:41:46,030,CDKL5_005_191_94,153,0.255,4,0.511,0.0,22.08
2025-10-12 02:51:48,030,CDKL5_005_191_94,167,0.278,8,0.657,0.0,22.06
2025-10-12 03:01:50,030,CDKL5_005_191_94,229,0.382,3,0.344,0.0,22.05
2025-10-12 03:11:52,030,CDKL5_005_191_94,266,0.443,2,0.231,0.0,22.05
2025-10-12 03:21:55,030,CDKL5_005_191_94,121,0.201,7,0.698,0.0,22.02
2025-10-12 03:31:59,030,CDKL5_005_191_94,81,0.135,8,0.798,0.0,22.0
2025-10-12 03:42:03,030,CDKL5_005_191_94,0,0.0,14,1.0,0.0,21.91
2025-10-12 03:52:05,030,CDKL5_005_191_94,0,0.0,14,1.0,0.0,21.82
2025-10-12 04:02:07,030,CDKL5_005_191_94,0,0.0,14,1.0,0.0,21.75
2025-10-12 04:12:12,030,CDKL5_005_191_94,0,0.0,14,1.0,0.0,21.71
2025-10-12 04:22:14,030,CDKL5_005_191_94,62,0.103,12,0.886,0.0,21.69
2025-10-12 04:32:17,030,CDKL5_005_191_94,236,0.393,7,0.543,0.0,21.84
2025-10-12 04:42:19,030,CDKL5_005_191_94,353,0.587,1,0.102,0.0,21.97
2025-10-12 04:52:20,030,CDKL5_005_191_94,186,0.31,5,0.518,0.0,22.04
2025-10-12 05:02:22,030,CDKL5_005_191_94,200,0.333,6,0.545,0.0,22.04
2025-10-12 05:12:26,030,CDKL5_005_191_94,236,0.392,4,0.404,0.0,22.06
2025-10-12 05:22:29,030,CDKL5_005_191_94,273,0.454,3,0.305,0.0,22.05
2025-10-12 05:32:31,030,CDKL5_005_191_94,175,0.291,6,0.578,0.0,22.04
2025-10-12 05:42:33,030,CDKL5_005_191_94,67,0.111,8,0.827,0.0,22.0
2025-10-12 05:52:36,030,CDKL5_005_191_94,34,0.057,12,0.934,0.0,21.94
2025-10-12 06:02:38,030,CDKL5_005_191_94,0,0.0,14,1.0,0.1296,21.87
2025-10-12 06:12:42,030,CDKL5_005_191_94,0,0.0,14,1.0,0.1296,21.8
2025-10-12 06:22:53,030,CDKL5_005_191_94,0,0.0,14,1.0,0.1296,21.76
2025-10-12 06:32:57,030,CDKL5_005_191_94,0,0.0,14,1.0,0.1332,21.72
2025-10-12 06:43:01,030,CDKL5_005_191_94,0,0.0,14,1.0,0.1224,21.68
2025-10-12 06:53:05,030,CDKL5_005_191_94,0,0.0,14,1.0,0.1296,21.67
2025-10-12 07:03:08,030,CDKL5_005_191_94,0,0.0,14,1.0,0.1332,21.64
2025-10-12 07:13:12,030,CDKL5_005_191_94,0,0.0,14,1.0,0.1224,21.62
2025-10-12 07:23:14,030,CDKL5_005_191_94,8,0.013,14,0.986,0.1152,21.61
2025-10-12 07:33:18,030,CDKL5_005_191_94,49,0.081,10,0.891,0.126,21.61
2025-10-12 07:43:20,030,CDKL5_005_191_94,25,0.042,13,0.954,0.1224,21.61
2025-10-12 07:53:22,030,CDKL5_005_191_94,0,0.0,14,1.0,0.1224,21.6
2025-10-12 08:03:23,030,CDKL5_005_191_94,0,0.0,14,1.0,0.1224,21.58
2025-10-12 08:13:26,030,CDKL5_005_191_94,0,0.0,14,1.0,0.1224,21.56
2025-10-12 08:23:30,030,CDKL5_005_191_94,0,0.0,14,1.0,0.1224,21.54
2025-10-12 08:33:32,030,CDKL5_005_191_94,0,0.0,14,1.0,0.1224,21.52
2025-10-12 08:43:35,030,CDKL5_005_191_94,0,0.0,14,1.0,0.1224,21.51
2025-10-12 08:53:37,030,CDKL5_005_191_94,0,0.0,14,1.0,0.1224,21.49
2025-10-12 09:03:39,030,CDKL5_005_191_94,0,0.0,14,1.0,0.1224,21.47
2025-10-12 09:13:41,030,CDKL5_005_191_94,0,0.0,14,1.0,0.1224,21.47
2025-10-12 09:23:45,030,CDKL5_005_191_94,0,0.0,14,1.0,0.1224,21.45
2025-10-12 09:33:47,030,CDKL5_005_191_94,0,0.0,14,1.0,0.1224,21.45
2025-10-12 09:43:51,030,CDKL5_005_191_94,0,0.0,14,1.0,0.1224,21.43
2025-10-12 09:53:54,030,CDKL5_005_191_94,0,0.0,14,1.0,0.1224,21.43
2025-10-12 10:03:57,030,CDKL5_005_191_94,0,0.0,14,1.0,0.1224,21.43
2025-10-12 10:14:01,030,CDKL5_005_191_94,0,0.0,14,1.0,0.144,21.43
2025-10-12 10:24:21,030,CDKL5_005_191_94,10,0.017,14,0.982,0.1368,21.49
2025-10-12 10:34:24,030,CDKL5_005_191_94,23,0.038,12,0.954,0.1224,21.49
2025-10-12 10:44:28,030,CDKL5_005_191_94,0,0.0,14,1.0,0.1224,21.47
2025-10-12 10:54:30,030,CDKL5_005_191_94,0,0.0,14,1.0,0.1224,21.46
2025-10-12 11:04:32,030,CDKL5_005_191_94,0,0.0,14,1.0,0.1224,21.45
2025-10-12 11:14:34,030,CDKL5_005_191_94,0,0.0,14,1.0,0.1224,21.42
2025-10-12 11:24:39,030,CDKL5_005_191_94,0,0.0,14,1.0,0.1224,21.41
2025-10-12 11:34:42,030,CDKL5_005_191_94,0,0.0,14,1.0,0.1296,21.4
2025-10-12 11:44:45,030,CDKL5_005_191_94,0,0.0,14,1.0,0.1224,21.39
2025-10-12 11:54:47,030,CDKL5_005_191_94,0,0.0,14,1.0,0.1224,21.36
2025-10-12 12:04:49,030,CDKL5_005_191_94,0,0.0,14,1.0,0.1296,21.36
2025-10-12 12:14:53,030,CDKL5_005_191_94,0,0.0,14,1.0,0.1224,21.35
2025-10-12 12:24:56,030,CDKL5_005_191_94,0,0.0,14,1.0,0.1224,21.35
2025-10-12 12:35:00,030,CDKL5_005_191_94,0,0.0,14,1.0,0.1224,21.34
2025-10-12 12:45:02,030,CDKL5_005_191_94,0,0.0,14,1.0,0.1332,21.33
2025-10-12 12:55:05,030,CDKL5_005_191_94,55,0.092,10,0.879,0.1224,21.39
2025-10-12 13:05:07,030,CDKL5_005_191_94,0,0.0,14,1.0,0.1224,21.38
2025-10-12 13:15:09,030,CDKL5_005_191_94,0,0.0,14,1.0,0.1224,21.37
2025-10-12 13:25:13,030,CDKL5_005_191_94,0,0.0,14,1.0,0.1224,21.35
2025-10-12 13:35:15,030,CDKL5_005_191_94,0,0.0,14,1.0,0.1224,21.34
2025-10-12 13:45:19,030,CDKL5_005_191_94,0,0.0,14,1.0,0.1332,21.33
2025-10-12 13:55:23,030,CDKL5_005_191_94,0,0.0,14,1.0,0.1296,21.32
2025-10-12 14:05:27,030,CDKL5_005_191_94,0,0.0,14,1.0,0.1296,21.3
2025-10-12 14:15:30,030,CDKL5_005_191_94,0,0.0,14,1.0,0.1224,21.3
2025-10-12 14:25:41,030,CDKL5_005_191_94,0,0.0,14,1.0,0.1224,21.32
2025-10-12 14:35:45,030,CDKL5_005_191_94,0,0.0,14,1.0,0.1332,21.3
2025-10-12 14:45:48,030,CDKL5_005_191_94,0,0.0,14,1.0,0.1224,21.29
2025-10-12 14:55:50,030,CDKL5_005_191_94,0,0.0,14,1.0,0.1332,21.28
2025-10-12 15:05:53,030,CDKL5_005_191_94,0,0.0,14,1.0,0.1224,21.28
2025-10-12 15:15:55,030,CDKL5_005_191_94,0,0.0,14,1.0,0.1296,21.27
2025-10-12 15:25:58,030,CDKL5_005_191_94,0,0.0,14,1.0,0.1224,21.26
2025-10-12 15:36:00,030,CDKL5_005_191_94,7,0.012,13,0.987,0.1224,21.27
2025-10-12 15:46:02,030,CDKL5_005_191_94,80,0.133,7,0.778,0.1008,21.34
2025-10-12 15:56:05,030,CDKL5_005_191_94,57,0.095,10,0.875,0.1296,21.41
2025-10-12 16:06:07,030,CDKL5_005_191_94,61,0.101,8,0.84,0.0792,21.46
2025-10-12 16:16:10,030,CDKL5_005_191_94,50,0.083,12,0.906,0.1224,21.47
2025-10-12 16:26:12,030,CDKL5_005_191_94,0,0.0,14,1.0,0.1224,21.47
2025-10-12 16:36:14,030,CDKL5_005_191_94,0,0.0,14,1.0,0.1224,21.43
2025-10-12 16:46:17,030,CDKL5_005_191_94,0,0.0,14,1.0,0.1224,21.4
2025-10-12 16:56:19,030,CDKL5_005_191_94,0,0.0,14,1.0,0.1224,21.39
2025-10-12 17:06:23,030,CDKL5_005_191_94,0,0.0,14,1.0,0.1224,21.37
2025-10-12 17:16:26,030,CDKL5_005_191_94,0,0.0,14,1.0,0.144,21.35
2025-10-12 17:26:28,030,CDKL5_005_191_94,0,0.0,14,1.0,0.144,21.33
2025-10-12 17:36:30,030,CDKL5_005_191_94,0,0.0,14,1.0,0.144,21.32
2025-10-12 17:46:34,030,CDKL5_005_191_94,0,0.0,14,1.0,0.144,21.32
2025-10-12 17:56:36,030,CDKL5_005_191_94,36,0.06,13,0.935,0.1332,21.34
2025-10-12 18:06:38,030,CDKL5_005_191_94,147,0.245,8,0.685,0.0,21.42
2025-10-12 18:16:41,030,CDKL5_005_191_94,162,0.27,9,0.69,0.0,21.55
2025-10-12 18:27:05,030,CDKL5_005_191_94,172,0.288,7,0.619,0.0,21.7
2025-10-12 18:37:08,030,CDKL5_005_191_94,288,0.479,1,0.122,0.0,21.74
2025-10-12 18:47:12,030,CDKL5_005_191_94,260,0.431,2,0.235,0.0,21.76
2025-10-12 18:57:14,030,CDKL5_005_191_94,196,0.326,4,0.449,0.0,21.79
2025-10-12 19:07:18,030,CDKL5_005_191_94,152,0.252,6,0.612,0.0,21.81
2025-10-12 19:17:21,030,CDKL5_005_191_94,206,0.343,3,0.368,0.0,21.86
2025-10-12 19:27:23,030,CDKL5_005_191_94,236,0.393,1,0.145,0.0,21.96
2025-10-12 19:37:25,030,CDKL5_005_191_94,110,0.183,7,0.718,0.0,21.98
2025-10-12 19:47:28,030,CDKL5_005_191_94,243,0.405,3,0.331,0.0,21.99
2025-10-12 19:57:30,030,CDKL5_005_191_94,92,0.153,9,0.796,0.0,21.96
2025-10-12 20:07:32,030,CDKL5_005_191_94,238,0.397,3,0.335,0.0,22.09
2025-10-12 20:17:36,030,CDKL5_005_191_94,75,0.124,9,0.828,0.0,22.04
2025-10-12 20:27:39,030,CDKL5_005_191_94,0,0.0,14,1.0,0.0,21.98
2025-10-12 20:37:40,030,CDKL5_005_191_94,0,0.0,14,1.0,0.0,21.92
2025-10-12 20:47:42,030,CDKL5_005_191_94,0,0.0,14,1.0,0.0,21.87
2025-10-12 20:57:44,030,CDKL5_005_191_94,0,0.0,14,1.0,0.0,21.84
2025-10-12 21:07:47,030,CDKL5_005_191_94,0,0.0,14,1.0,0.0,21.79
2025-10-12 21:17:50,030,CDKL5_005_191_94,0,0.0,14,1.0,0.0,21.76
2025-10-12 21:27:53,030,CDKL5_005_191_94,21,0.035,13,0.961,0.0,21.75
2025-10-12 21:37:56,030,CDKL5_005_191_94,233,0.387,3,0.34,0.0,21.87
2025-10-12 21:48:00,030,CDKL5_005_191_94,225,0.373,3,0.348,0.0,21.93
2025-10-12 21:58:02,030,CDKL5_005_191_94,326,0.542,0,0.0,0.0,21.99
2025-10-12 22:08:05,030,CDKL5_005_191_94,44,0.073,10,0.901,0.0,22.0
2025-10-12 22:18:07,030,CDKL5_005_191_94,275,0.458,2,0.225,0.0,22.06
2025-10-12 22:28:38,030,CDKL5_005_191_94,311,0.519,0,0.0,0.0,22.15
2025-10-12 22:38:40,030,CDKL5_005_191_94,307,0.511,0,0.0,0.0,22.28
2025-10-12 22:48:44,030,CDKL5_005_191_94,256,0.425,4,0.385,0.0,22.22
2025-10-12 22:58:48,030,CDKL5_005_191_94,277,0.46,3,0.302,0.0,22.17
2025-10-12 23:08:50,030,CDKL5_005_191_94,253,0.422,5,0.442,0.0,22.17
2025-10-12 23:18:54,030,CDKL5_005_191_94,119,0.198,3,0.502,0.0,22.17
2025-10-12 23:28:56,030,CDKL5_005_191_94,105,0.175,8,0.753,0.0,22.11
2025-10-12 23:39:01,030,CDKL5_005_191_94,309,0.512,0,0.0,0.0,22.12
2025-10-12 23:49:03,030,CDKL5_005_191_94,156,0.26,5,0.562,0.0,22.15
2025-10-12 23:59:06,030,CDKL5_005_191_94,193,0.321,3,0.383,0.0,22.16
2025-10-11 00:08:09,017,CDKL5_005_191_96,165,0.275,6,0.593,0.0,21.47
2025-10-11 00:18:11,017,CDKL5_005_191_96,340,0.566,0,0.0,0.0,21.48
2025-10-11 00:28:14,017,CDKL5_005_191_96,206,0.343,3,0.368,0.0,21.49
2025-10-11 00:38:17,017,CDKL5_005_191_96,187,0.311,4,0.461,0.0,21.45
2025-10-11 00:48:20,017,CDKL5_005_191_96,142,0.236,6,0.628,0.0,21.47
2025-10-11 00:58:24,017,CDKL5_005_191_96,62,0.103,8,0.838,0.0,21.43
2025-10-11 01:08:26,017,CDKL5_005_191_96,0,0.0,14,1.0,0.0,21.37
2025-10-11 01:18:30,017,CDKL5_005_191_96,0,0.0,14,1.0,0.0,21.32
2025-10-11 01:28:32,017,CDKL5_005_191_96,0,0.0,14,1.0,0.0,21.28
2025-10-11 01:38:35,017,CDKL5_005_191_96,0,0.0,14,1.0,0.0,21.25
2025-10-11 01:48:38,017,CDKL5_005_191_96,1,0.002,14,0.998,0.0,21.21
2025-10-11 01:58:41,017,CDKL5_005_191_96,1,0.002,14,0.998,0.0,21.2
2025-10-11 02:08:44,017,CDKL5_005_191_96,0,0.0,14,1.0,0.0,21.18
2025-10-11 02:19:04,017,CDKL5_005_191_96,0,0.0,14,1.0,0.0,21.21
2025-10-11 02:29:06,017,CDKL5_005_191_96,5,0.008,13,0.99,0.0,21.18
2025-10-11 02:39:09,017,CDKL5_005_191_96,1,0.002,14,0.998,0.0,21.16
2025-10-11 02:49:12,017,CDKL5_005_191_96,1,0.002,14,0.998,0.0,21.15
2025-10-11 02:59:16,017,CDKL5_005_191_96,89,0.148,6,0.729,0.0,21.16
2025-10-11 03:09:19,017,CDKL5_005_191_96,176,0.292,4,0.476,0.0,21.2
2025-10-11 03:19:23,017,CDKL5_005_191_96,310,0.516,2,0.205,0.0,21.27
2025-10-11 03:29:25,017,CDKL5_005_191_96,288,0.479,1,0.122,0.0,21.34
2025-10-11 03:39:29,017,CDKL5_005_191_96,211,0.351,6,0.532,0.0,21.35
2025-10-11 03:49:32,017,CDKL5_005_191_96,313,0.52,0,0.0,0.0,21.33
2025-10-11 03:59:35,017,CDKL5_005_191_96,337,0.561,0,0.0,0.0,21.35
2025-10-11 04:09:38,017,CDKL5_005_191_96,352,0.585,0,0.0,0.0,21.37
2025-10-11 04:19:41,017,CDKL5_005_191_96,243,0.404,4,0.397,0.0,21.36
2025-10-11 04:29:45,017,CDKL5_005_191_96,254,0.423,3,0.321,0.0,21.37
2025-10-11 04:39:47,017,CDKL5_005_191_96,156,0.26,6,0.606,0.0,21.34
2025-10-11 04:49:51,017,CDKL5_005_191_96,284,0.473,2,0.22,0.0,21.33
2025-10-11 04:59:54,017,CDKL5_005_191_96,278,0.463,0,0.0,0.0,21.33
2025-10-11 05:09:57,017,CDKL5_005_191_96,169,0.281,5,0.542,0.0,21.3
2025-10-11 05:20:00,017,CDKL5_005_191_96,127,0.211,4,0.557,0.0,21.28
2025-10-11 05:30:03,017,CDKL5_005_191_96,121,0.201,5,0.623,0.0,21.29
2025-10-11 05:40:06,017,CDKL5_005_191_96,165,0.275,3,0.421,0.0,21.28
2025-10-11 05:50:09,017,CDKL5_005_191_96,130,0.216,6,0.649,0.0,21.26
2025-10-11 06:00:12,017,CDKL5_005_191_96,73,0.121,9,0.831,0.7524,21.26
2025-10-11 06:10:15,017,CDKL5_005_191_96,131,0.218,2,0.379,0.7956,21.25
2025-10-11 06:20:33,017,CDKL5_005_191_96,149,0.248,5,0.573,0.6876,21.3
2025-10-11 06:30:35,017,CDKL5_005_191_96,112,0.187,6,0.682,0.7128,21.31
2025-10-11 06:40:38,017,CDKL5_005_191_96,236,0.393,2,0.253,0.7236,21.3
2025-10-11 06:50:41,017,CDKL5_005_191_96,133,0.221,5,0.601,0.6624,21.31
2025-10-11 07:00:44,017,CDKL5_005_191_96,16,0.027,10,0.962,0.6624,21.29
2025-10-11 07:10:47,017,CDKL5_005_191_96,2,0.003,14,0.996,0.6696,21.28
2025-10-11 07:20:51,017,CDKL5_005_191_96,6,0.01,13,0.989,0.6732,21.26
2025-10-11 07:30:54,017,CDKL5_005_191_96,2,0.003,14,0.996,0.6624,21.24
2025-10-11 07:40:57,017,CDKL5_005_191_96,5,0.008,13,0.99,0.6696,21.23
2025-10-11 07:51:01,017,CDKL5_005_191_96,7,0.012,13,0.987,0.6804,21.21
2025-10-11 08:01:03,017,CDKL5_005_191_96,7,0.012,12,0.986,0.6444,21.22
2025-10-11 08:11:06,017,CDKL5_005_191_96,1,0.002,14,0.998,0.6444,21.2
2025-10-11 08:21:09,017,CDKL5_005_191_96,6,0.01,14,0.989,0.648,21.2
2025-10-11 08:31:12,017,CDKL5_005_191_96,3,0.005,14,0.995,0.666,21.19
2025-10-11 08:41:16,017,CDKL5_005_191_96,64,0.106,6,0.789,0.6804,21.21
2025-10-11 08:51:19,017,CDKL5_005_191_96,131,0.218,4,0.55,0.7416,21.19
2025-10-11 09:01:22,017,CDKL5_005_191_96,72,0.12,9,0.833,0.7668,21.18
2025-10-11 09:11:25,017,CDKL5_005_191_96,186,0.309,2,0.301,0.7668,21.17
2025-10-11 09:21:28,017,CDKL5_005_191_96,186,0.309,2,0.301,0.7128,21.22
2025-10-11 09:31:30,017,CDKL5_005_191_96,79,0.131,9,0.82,0.7236,21.21
2025-10-11 09:41:33,017,CDKL5_005_191_96,8,0.013,12,0.984,0.6876,21.18
2025-10-11 09:51:36,017,CDKL5_005_191_96,0,0.0,14,1.0,0.6876,21.15
2025-10-11 10:01:39,017,CDKL5_005_191_96,3,0.005,13,0.994,0.7488,21.13
2025-10-11 10:11:42,017,CDKL5_005_191_96,0,0.0,14,1.0,0.684,21.12
2025-10-11 10:21:59,017,CDKL5_005_191_96,1,0.002,14,0.998,0.6948,21.15
2025-10-11 10:32:01,017,CDKL5_005_191_96,0,0.0,14,1.0,0.7308,21.14
2025-10-11 10:42:04,017,CDKL5_005_191_96,1,0.002,14,0.998,0.7344,21.13
2025-10-11 10:52:07,017,CDKL5_005_191_96,0,0.0,14,1.0,0.6876,21.12
2025-10-11 11:02:10,017,CDKL5_005_191_96,0,0.0,14,1.0,0.7056,21.11
2025-10-11 11:12:14,017,CDKL5_005_191_96,0,0.0,14,1.0,0.702,21.09
2025-10-11 11:22:17,017,CDKL5_005_191_96,0,0.0,14,1.0,0.6552,21.09
2025-10-11 11:32:19,017,CDKL5_005_191_96,2,0.003,14,0.996,0.6876,21.08
2025-10-11 11:42:22,017,CDKL5_005_191_96,0,0.0,14,1.0,0.684,21.07
2025-10-11 11:52:25,017,CDKL5_005_191_96,0,0.0,14,1.0,0.6912,21.06
2025-10-11 12:02:28,017,CDKL5_005_191_96,2,0.003,14,0.996,0.6876,21.06
2025-10-11 12:12:31,017,CDKL5_005_191_96,2,0.003,14,0.996,0.6228,21.08
2025-10-11 12:22:34,017,CDKL5_005_191_96,20,0.033,11,0.957,0.6516,21.09
2025-10-11 12:32:37,017,CDKL5_005_191_96,39,0.065,9,0.902,0.7344,21.1
2025-10-11 12:42:40,017,CDKL5_005_191_96,41,0.068,9,0.898,0.684,21.13
2025-10-11 12:52:43,017,CDKL5_005_191_96,2,0.003,14,0.996,0.6876,21.13
2025-10-11 13:02:46,017,CDKL5_005_191_96,7,0.012,13,0.987,0.6768,21.11
2025-10-11 13:12:49,017,CDKL5_005_191_96,0,0.0,14,1.0,0.6804,21.1
2025-10-11 13:22:52,017,CDKL5_005_191_96,1,0.002,14,0.998,0.684,21.1
2025-10-11 13:32:55,017,CDKL5_005_191_96,3,0.005,13,0.994,0.6876,21.08
2025-10-11 13:42:59,017,CDKL5_005_191_96,3,0.005,13,0.994,0.6768,21.08
2025-10-11 13:53:01,017,CDKL5_005_191_96,10,0.017,13,0.981,0.6768,21.08
2025-10-11 14:03:04,017,CDKL5_005_191_96,4,0.007,13,0.992,0.6696,21.06
2025-10-11 14:13:07,017,CDKL5_005_191_96,0,0.0,14,1.0,0.6876,21.06
2025-10-11 14:23:20,017,CDKL5_005_191_96,7,0.012,14,0.988,0.6768,21.07
2025-10-11 14:33:23,017,CDKL5_005_191_96,2,0.003,14,0.996,0.6768,21.06
2025-10-11 14:43:26,017,CDKL5_005_191_96,5,0.008,13,0.99,0.6876,21.06
2025-10-11 14:53:29,017,CDKL5_005_191_96,0,0.0,14,1.0,0.684,21.05
2025-10-11 15:03:32,017,CDKL5_005_191_96,15,0.025,11,0.967,0.6228,21.06
2025-10-11 15:13:35,017,CDKL5_005_191_96,69,0.115,6,0.777,0.72,21.09
2025-10-11 15:23:38,017,CDKL5_005_191_96,45,0.075,11,0.907,0.7128,21.08
2025-10-11 15:33:40,017,CDKL5_005_191_96,65,0.108,9,0.847,0.7056,21.09
2025-10-11 15:43:43,017,CDKL5_005_191_96,45,0.075,6,0.842,0.6624,21.13
2025-10-11 15:53:46,017,CDKL5_005_191_96,6,0.01,13,0.989,0.648,21.15
2025-10-11 16:03:49,017,CDKL5_005_191_96,0,0.0,14,1.0,0.648,21.16
2025-10-11 16:13:52,017,CDKL5_005_191_96,0,0.0,14,1.0,0.666,21.15
2025-10-11 16:23:55,017,CDKL5_005_191_96,2,0.003,14,0.996,0.6732,21.14
2025-10-11 16:33:57,017,CDKL5_005_191_96,7,0.012,13,0.987,0.6768,21.12
2025-10-11 16:44:01,017,CDKL5_005_191_96,10,0.017,13,0.981,0.6768,21.11
2025-10-11 16:54:04,017,CDKL5_005_191_96,0,0.0,14,1.0,0.63,21.12
2025-10-11 17:04:08,017,CDKL5_005_191_96,1,0.002,14,0.998,0.6516,21.09
2025-10-11 17:14:11,017,CDKL5_005_191_96,83,0.138,8,0.794,0.7128,21.08
2025-10-11 17:24:14,017,CDKL5_005_191_96,91,0.151,7,0.755,0.7344,21.06
2025-10-11 17:34:17,017,CDKL5_005_191_96,133,0.221,5,0.601,0.7308,21.05
2025-10-11 17:44:20,017,CDKL5_005_191_96,112,0.186,6,0.682,0.756,21.07
2025-10-11 17:54:24,017,CDKL5_005_191_96,214,0.356,1,0.157,0.7344,21.08
2025-10-11 18:04:27,017,CDKL5_005_191_96,202,0.336,2,0.284,0.0,21.1
2025-10-11 18:14:29,017,CDKL5_005_191_96,211,0.351,1,0.159,0.0,21.12
2025-10-11 18:24:45,017,CDKL5_005_191_96,308,0.513,0,0.0,0.0,21.2
2025-10-11 18:34:48,017,CDKL5_005_191_96,339,0.564,1,0.106,0.0,21.19
2025-10-11 18:44:51,017,CDKL5_005_191_96,302,0.502,1,0.117,0.0,21.21
2025-10-11 18:54:54,017,CDKL5_005_191_96,296,0.493,0,0.0,0.0,21.24
2025-10-11 19:04:58,017,CDKL5_005_191_96,282,0.469,0,0.0,0.0,21.26
2025-10-11 19:15:01,017,CDKL5_005_191_96,250,0.416,3,0.324,0.0,21.26
2025-10-11 19:25:03,017,CDKL5_005_191_96,180,0.3,5,0.526,0.0,21.25
2025-10-11 19:35:06,017,CDKL5_005_191_96,285,0.474,2,0.219,0.0,21.28
2025-10-11 19:45:09,017,CDKL5_005_191_96,328,0.546,0,0.0,0.0,21.31
2025-10-11 19:55:13,017,CDKL5_005_191_96,281,0.468,2,0.222,0.0,21.3
2025-10-11 20:05:16,017,CDKL5_005_191_96,267,0.444,2,0.231,0.0,21.29
2025-10-11 20:15:18,017,CDKL5_005_191_96,346,0.576,0,0.0,0.0,21.3
2025-10-11 20:25:21,017,CDKL5_005_191_96,226,0.376,3,0.347,0.0,21.3
2025-10-11 20:35:24,017,CDKL5_005_191_96,156,0.26,5,0.562,0.0,21.3
2025-10-11 20:45:28,017,CDKL5_005_191_96,273,0.454,3,0.305,0.0,21.3
2025-10-11 20:55:31,017,CDKL5_005_191_96,249,0.414,2,0.243,0.0,21.29
2025-10-11 21:05:34,017,CDKL5_005_191_96,212,0.353,3,0.361,0.0,21.28
2025-10-11 21:15:36,017,CDKL5_005_191_96,106,0.176,7,0.725,0.0,21.28
2025-10-11 21:25:39,017,CDKL5_005_191_96,333,0.554,0,0.0,0.0,21.3
2025-10-11 21:35:42,017,CDKL5_005_191_96,225,0.374,2,0.262,0.0,21.31
2025-10-11 21:45:46,017,CDKL5_005_191_96,303,0.503,0,0.0,0.0,21.29
2025-10-11 21:55:49,017,CDKL5_005_191_96,199,0.331,4,0.446,0.0,21.28
2025-10-11 22:05:52,017,CDKL5_005_191_96,310,0.516,1,0.114,0.0,21.25
2025-10-11 22:15:55,017,CDKL5_005_191_96,263,0.438,2,0.233,0.0,21.26
2025-10-11 22:26:12,017,CDKL5_005_191_96,290,0.483,0,0.0,0.0,21.28
2025-10-11 22:36:15,017,CDKL5_005_191_96,222,0.369,3,0.351,0.0,21.26
2025-10-11 22:46:18,017,CDKL5_005_191_96,218,0.363,4,0.423,0.0,21.24
2025-10-11 22:56:21,017,CDKL5_005_191_96,259,0.431,0,0.0,0.0,21.23
2025-10-11 23:06:24,017,CDKL5_005_191_96,240,0.399,3,0.333,0.0,21.23
2025-10-11 23:16:27,017,CDKL5_005_191_96,290,0.482,1,0.121,0.0,21.25
2025-10-11 23:26:30,017,CDKL5_005_191_96,131,0.218,5,0.604,0.0,21.29
2025-10-11 23:36:33,017,CDKL5_005_191_96,288,0.478,0,0.0,0.0,21.28
2025-10-11 23:46:37,017,CDKL5_005_191_96,101,0.168,7,0.735,0.0,21.27
2025-10-11 23:56:39,017,CDKL5_005_191_96,220,0.366,2,0.267,0.0,21.28
2025-10-12 00:06:43,017,CDKL5_005_191_96,156,0.26,2,0.339,0.0,21.26
2025-10-12 00:16:45,017,CDKL5_005_191_96,104,0.173,6,0.698,0.0,21.24
2025-10-12 00:26:49,017,CDKL5_005_191_96,192,0.319,4,0.455,0.0,21.24
2025-10-12 00:36:52,017,CDKL5_005_191_96,205,0.341,2,0.281,0.0,21.23
2025-10-12 00:46:55,017,CDKL5_005_191_96,175,0.291,7,0.615,0.0,21.24
2025-10-12 00:56:58,017,CDKL5_005_191_96,41,0.068,9,0.898,0.0,21.24
2025-10-12 01:07:01,017,CDKL5_005_191_96,79,0.131,9,0.82,0.0,21.2
2025-10-12 01:17:04,017,CDKL5_005_191_96,18,0.03,11,0.961,0.0,21.19
2025-10-12 01:27:07,017,CDKL5_005_191_96,4,0.007,14,0.993,0.0,21.14
2025-10-12 01:37:09,017,CDKL5_005_191_96,0,0.0,14,1.0,0.0,21.11
2025-10-12 01:47:13,017,CDKL5_005_191_96,3,0.005,14,0.995,0.0,21.08
2025-10-12 01:57:15,017,CDKL5_005_191_96,9,0.015,13,0.983,0.0,21.06
2025-10-12 02:07:19,017,CDKL5_005_191_96,0,0.0,14,1.0,0.0,21.04
2025-10-12 02:17:21,017,CDKL5_005_191_96,0,0.0,14,1.0,0.0,21.03
2025-10-12 02:27:40,017,CDKL5_005_191_96,101,0.168,2,0.442,0.0,21.08
2025-10-12 02:37:43,017,CDKL5_005_191_96,278,0.463,1,0.126,0.0,21.08
2025-10-12 02:47:46,017,CDKL5_005_191_96,267,0.444,1,0.13,0.0,21.1
2025-10-12 02:57:50,017,CDKL5_005_191_96,94,0.156,9,0.793,0.0,21.11
2025-10-12 03:07:53,017,CDKL5_005_191_96,265,0.441,2,0.232,0.0,21.14
2025-10-12 03:17:56,017,CDKL5_005_191_96,168,0.279,7,0.625,0.0,21.16
2025-10-12 03:28:00,017,CDKL5_005_191_96,105,0.175,7,0.727,0.0,21.17
2025-10-12 03:38:03,017,CDKL5_005_191_96,226,0.375,0,0.0,0.0,21.19
2025-10-12 03:48:06,017,CDKL5_005_191_96,206,0.342,1,0.163,0.0,21.2
2025-10-12 03:58:09,017,CDKL5_005_191_96,234,0.389,1,0.146,0.0,21.18
2025-10-12 04:08:12,017,CDKL5_005_191_96,64,0.106,11,0.873,0.0,21.18
2025-10-12 04:18:15,017,CDKL5_005_191_96,134,0.223,5,0.599,0.0,21.18
2025-10-12 04:28:18,017,CDKL5_005_191_96,129,0.215,5,0.608,0.0,21.16
2025-10-12 04:38:21,017,CDKL5_005_191_96,156,0.26,4,0.506,0.0,21.15
2025-10-12 04:48:24,017,CDKL5_005_191_96,34,0.057,8,0.904,0.0,21.18
2025-10-12 04:58:27,017,CDKL5_005_191_96,5,0.008,12,0.99,0.0,21.16
2025-10-12 05:08:30,017,CDKL5_005_191_96,0,0.0,14,1.0,0.0,21.13
2025-10-12 05:18:33,017,CDKL5_005_191_96,0,0.0,14,1.0,0.0,21.09
2025-10-12 05:28:36,017,CDKL5_005_191_96,0,0.0,14,1.0,0.0,21.06
2025-10-12 05:38:39,017,CDKL5_005_191_96,0,0.0,14,1.0,0.0,21.05
2025-10-12 05:48:42,017,CDKL5_005_191_96,3,0.005,13,0.994,0.0,21.04
2025-10-12 05:58:45,017,CDKL5_005_191_96,3,0.005,14,0.995,0.0,21.03
2025-10-12 06:08:47,017,CDKL5_005_191_96,73,0.121,9,0.831,0.792,21.04
2025-10-12 06:18:50,017,CDKL5_005_191_96,114,0.19,7,0.711,0.8028,21.04
2025-10-12 06:29:10,017,CDKL5_005_191_96,136,0.227,6,0.638,0.774,21.11
2025-10-12 06:39:14,017,CDKL5_005_191_96,80,0.133,9,0.818,0.72,21.09
2025-10-12 06:49:17,017,CDKL5_005_191_96,111,0.185,8,0.742,0.4896,21.11
2025-10-12 06:59:20,017,CDKL5_005_191_96,236,0.393,4,0.404,0.6948,21.12
2025-10-12 07:09:23,017,CDKL5_005_191_96,244,0.405,5,0.45,0.6444,21.14
2025-10-12 07:19:26,017,CDKL5_005_191_96,439,0.729,0,0.0,0.5832,21.22
2025-10-12 07:29:29,017,CDKL5_005_191_96,20,0.033,13,0.963,0.6624,21.19
2025-10-12 07:39:32,017,CDKL5_005_191_96,0,0.0,14,1.0,0.6624,21.13
2025-10-12 07:49:35,017,CDKL5_005_191_96,0,0.0,14,1.0,0.6732,21.1
2025-10-12 07:59:39,017,CDKL5_005_191_96,0,0.0,14,1.0,0.6624,21.07
2025-10-12 08:09:41,017,CDKL5_005_191_96,0,0.0,14,1.0,0.6624,21.04
2025-10-12 08:19:44,017,CDKL5_005_191_96,4,0.007,14,0.993,0.666,21.04
2025-10-12 08:29:47,017,CDKL5_005_191_96,0,0.0,14,1.0,0.666,21.03
2025-10-12 08:39:51,017,CDKL5_005_191_96,1,0.002,14,0.998,0.6552,21.01
2025-10-12 08:49:54,017,CDKL5_005_191_96,4,0.007,14,0.993,0.6588,21.0
2025-10-12 08:59:57,017,CDKL5_005_191_96,29,0.048,10,0.932,0.6264,21.02
2025-10-12 09:10:00,017,CDKL5_005_191_96,126,0.209,6,0.656,0.6552,21.03
2025-10-12 09:20:03,017,CDKL5_005_191_96,92,0.153,8,0.777,0.6948,21.04
2025-10-12 09:30:07,017,CDKL5_005_191_96,157,0.261,6,0.605,0.6192,21.09
2025-10-12 09:40:09,017,CDKL5_005_191_96,34,0.057,9,0.914,0.6588,21.11
2025-10-12 09:50:12,017,CDKL5_005_191_96,0,0.0,14,1.0,0.6804,21.08
2025-10-12 10:00:15,017,CDKL5_005_191_96,1,0.002,14,0.998,0.6876,21.07
2025-10-12 10:10:19,017,CDKL5_005_191_96,6,0.01,13,0.989,0.702,21.06
2025-10-12 10:20:21,017,CDKL5_005_191_96,6,0.01,12,0.988,0.7164,21.05
2025-10-12 10:30:39,017,CDKL5_005_191_96,1,0.002,14,0.998,0.6768,21.09
2025-10-12 10:40:42,017,CDKL5_005_191_96,3,0.005,14,0.995,0.666,21.06
2025-10-12 10:50:45,017,CDKL5_005_191_96,0,0.0,14,1.0,0.6696,21.04
2025-10-12 11:00:48,017,CDKL5_005_191_96,0,0.0,14,1.0,0.6876,21.02
2025-10-12 11:10:51,017,CDKL5_005_191_96,2,0.003,14,0.996,0.6948,21.03
2025-10-12 11:20:54,017,CDKL5_005_191_96,4,0.007,13,0.992,0.6732,21.02
2025-10-12 11:30:56,017,CDKL5_005_191_96,4,0.007,13,0.992,0.6804,21.0
2025-10-12 11:40:59,017,CDKL5_005_191_96,0,0.0,14,1.0,0.6696,21.0
2025-10-12 11:51:02,017,CDKL5_005_191_96,6,0.01,13,0.989,0.6768,20.98
2025-10-12 12:01:05,017,CDKL5_005_191_96,3,0.005,14,0.995,0.6912,20.97
2025-10-12 12:11:08,017,CDKL5_005_191_96,2,0.003,14,0.996,0.6768,20.98
2025-10-12 12:21:11,017,CDKL5_005_191_96,62,0.103,5,0.763,0.6948,21.01
2025-10-12 12:31:14,017,CDKL5_005_191_96,74,0.123,8,0.812,0.7344,21.01
2025-10-12 12:41:16,017,CDKL5_005_191_96,52,0.087,10,0.885,0.7272,20.98
2025-10-12 12:51:19,017,CDKL5_005_191_96,279,0.464,3,0.301,0.684,21.11
2025-10-12 13:01:22,017,CDKL5_005_191_96,367,0.611,1,0.098,0.684,21.16
2025-10-12 13:11:26,017,CDKL5_005_191_96,60,0.1,7,0.824,0.6912,21.17
2025-10-12 13:21:29,017,CDKL5_005_191_96,7,0.012,13,0.987,0.6912,21.12
2025-10-12 13:31:31,017,CDKL5_005_191_96,4,0.007,14,0.993,0.6948,21.08
2025-10-12 13:41:34,017,CDKL5_005_191_96,0,0.0,14,1.0,0.6948,21.06
2025-10-12 13:51:37,017,CDKL5_005_191_96,8,0.013,13,0.985,0.6948,21.02
2025-10-12 14:01:40,017,CDKL5_005_191_96,0,0.0,14,1.0,0.6948,21.03
2025-10-12 14:11:43,017,CDKL5_005_191_96,8,0.013,12,0.984,0.6912,21.02
2025-10-12 14:21:46,017,CDKL5_005_191_96,8,0.013,12,0.984,0.6948,21.0
2025-10-12 14:32:02,017,CDKL5_005_191_96,3,0.005,14,0.995,0.6912,21.03
2025-10-12 14:42:05,017,CDKL5_005_191_96,0,0.0,14,1.0,0.6948,21.02
2025-10-12 14:52:08,017,CDKL5_005_191_96,8,0.013,13,0.985,0.6912,21.01
2025-10-12 15:02:11,017,CDKL5_005_191_96,9,0.015,13,0.983,0.6948,21.02
2025-10-12 15:12:14,017,CDKL5_005_191_96,141,0.235,3,0.46,0.6804,21.13
2025-10-12 15:22:17,017,CDKL5_005_191_96,64,0.106,9,0.849,0.6588,21.01
2025-10-12 15:32:20,017,CDKL5_005_191_96,177,0.295,4,0.475,0.6012,21.0
2025-10-12 15:42:22,017,CDKL5_005_191_96,220,0.366,1,0.154,0.648,20.98
2025-10-12 15:52:25,017,CDKL5_005_191_96,144,0.24,7,0.66,0.702,21.01
2025-10-12 16:02:28,017,CDKL5_005_191_96,46,0.076,7,0.859,0.7524,21.08
2025-10-12 16:12:31,017,CDKL5_005_191_96,6,0.01,13,0.989,0.738,21.07
2025-10-12 16:22:34,017,CDKL5_005_191_96,3,0.005,14,0.995,0.7272,21.05
2025-10-12 16:32:37,017,CDKL5_005_191_96,0,0.0,14,1.0,0.7452,21.03
2025-10-12 16:42:40,017,CDKL5_005_191_96,4,0.007,14,0.993,0.7416,21.03
2025-10-12 16:52:43,017,CDKL5_005_191_96,7,0.012,13,0.987,0.738,21.02
2025-10-12 17:02:47,017,CDKL5_005_191_96,8,0.013,13,0.985,0.756,21.03
2025-10-12 17:12:50,017,CDKL5_005_191_96,0,0.0,14,1.0,0.7344,21.0
2025-10-12 17:22:53,017,CDKL5_005_191_96,37,0.062,11,0.922,0.7416,21.01
2025-10-12 17:32:56,017,CDKL5_005_191_96,83,0.138,9,0.813,0.7524,20.98
2025-10-12 17:42:59,017,CDKL5_005_191_96,129,0.215,8,0.713,0.7452,20.98
2025-10-12 17:53:02,017,CDKL5_005_191_96,151,0.251,5,0.57,0.7416,20.99
2025-10-12 18:03:05,017,CDKL5_005_191_96,213,0.354,3,0.36,0.0,21.07
2025-10-12 18:13:08,017,CDKL5_005_191_96,229,0.38,4,0.411,0.0,21.09
2025-10-12 18:23:11,017,CDKL5_005_191_96,258,0.429,1,0.134,0.0,21.09
2025-10-12 18:33:34,017,CDKL5_005_191_96,329,0.549,1,0.108,0.0,21.15
2025-10-12 18:43:36,017,CDKL5_005_191_96,237,0.394,3,0.336,0.0,21.11
2025-10-12 18:53:39,017,CDKL5_005_191_96,314,0.522,1,0.113,0.0,21.14
2025-10-12 19:03:42,017,CDKL5_005_191_96,176,0.293,6,0.577,0.0,21.15
2025-10-12 19:13:45,017,CDKL5_005_191_96,305,0.508,0,0.0,0.0,21.15
2025-10-12 19:23:48,017,CDKL5_005_191_96,200,0.332,7,0.583,0.0,21.17
2025-10-12 19:33:51,017,CDKL5_005_191_96,285,0.474,1,0.123,0.0,21.19
2025-10-12 19:43:54,017,CDKL5_005_191_96,294,0.489,0,0.0,0.0,21.19
2025-10-12 19:53:57,017,CDKL5_005_191_96,246,0.409,2,0.245,0.0,21.2
2025-10-12 20:04:00,017,CDKL5_005_191_96,238,0.396,4,0.402,0.0,21.22
2025-10-12 20:14:03,017,CDKL5_005_191_96,324,0.539,0,0.0,0.0,21.24
2025-10-12 20:24:06,017,CDKL5_005_191_96,203,0.338,5,0.496,0.0,21.27
2025-10-12 20:34:09,017,CDKL5_005_191_96,226,0.376,5,0.469,0.0,21.27
2025-10-12 20:44:12,017,CDKL5_005_191_96,333,0.554,0,0.0,0.0,21.31
2025-10-12 20:54:15,017,CDKL5_005_191_96,290,0.482,1,0.121,0.0,21.29
2025-10-12 21:04:18,017,CDKL5_005_191_96,189,0.314,5,0.514,0.0,21.3
2025-10-12 21:14:21,017,CDKL5_005_191_96,222,0.369,3,0.351,0.0,21.31
2025-10-12 21:24:24,017,CDKL5_005_191_96,173,0.288,5,0.536,0.0,21.31
2025-10-12 21:34:28,017,CDKL5_005_191_96,141,0.235,7,0.665,0.0,21.3
2025-10-12 21:44:31,017,CDKL5_005_191_96,159,0.264,4,0.502,0.0,21.28
2025-10-12 21:54:35,017,CDKL5_005_191_96,303,0.504,1,0.117,0.0,21.27
2025-10-12 22:04:37,017,CDKL5_005_191_96,200,0.333,2,0.286,0.0,21.25
2025-10-12 22:14:40,017,CDKL5_005_191_96,286,0.476,2,0.219,0.0,21.27
2025-10-12 22:24:43,017,CDKL5_005_191_96,301,0.501,1,0.117,0.0,21.28
2025-10-12 22:35:01,017,CDKL5_005_191_96,241,0.402,2,0.249,0.0,21.31
2025-10-12 22:45:04,017,CDKL5_005_191_96,245,0.408,3,0.329,0.0,21.3
2025-10-12 22:55:08,017,CDKL5_005_191_96,233,0.388,3,0.34,0.0,21.29
2025-10-12 23:05:11,017,CDKL5_005_191_96,240,0.399,2,0.25,0.0,21.27
2025-10-12 23:15:14,017,CDKL5_005_191_96,287,0.478,1,0.122,0.0,21.25
2025-10-12 23:25:16,017,CDKL5_005_191_96,161,0.268,5,0.554,0.0,21.25
2025-10-12 23:35:20,017,CDKL5_005_191_96,228,0.379,2,0.26,0.0,21.25
2025-10-12 23:45:23,017,CDKL5_005_191_96,173,0.287,5,0.536,0.0,21.23
2025-10-12 23:55:26,017,CDKL5_005_191_96,221,0.368,3,0.352,0.0,21.24
2025-10-11 00:07:39,051,CDKL5_005_191_97,434,0.722,0,0.0,0.0,21.71
2025-10-11 00:17:42,051,CDKL5_005_191_97,353,0.587,1,0.102,0.0,21.72
2025-10-11 00:27:44,051,CDKL5_005_191_97,238,0.396,1,0.144,0.0,21.56
2025-10-11 00:37:48,051,CDKL5_005_191_97,61,0.101,11,0.878,0.0,21.42
2025-10-11 00:47:51,051,CDKL5_005_191_97,1,0.002,15,0.998,0.0,21.31
2025-10-11 00:57:54,051,CDKL5_005_191_97,9,0.015,14,0.984,0.0,21.22
2025-10-11 01:07:57,051,CDKL5_005_191_97,3,0.005,14,0.995,0.0,21.16
2025-10-11 01:18:00,051,CDKL5_005_191_97,13,0.022,14,0.977,0.0,21.09
2025-10-11 01:28:20,051,CDKL5_005_191_97,0,0.0,15,1.0,0.0,21.1
2025-10-11 01:38:23,051,CDKL5_005_191_97,0,0.0,15,1.0,0.0,21.05
2025-10-11 01:48:26,051,CDKL5_005_191_97,12,0.02,13,0.977,0.0,21.03
2025-10-11 01:58:28,051,CDKL5_005_191_97,26,0.043,13,0.952,0.0,21.01
2025-10-11 02:08:32,051,CDKL5_005_191_97,61,0.101,10,0.868,0.0,21.02
2025-10-11 02:18:35,051,CDKL5_005_191_97,362,0.601,1,0.1,0.0,21.16
2025-10-11 02:28:38,051,CDKL5_005_191_97,331,0.55,1,0.108,0.0,21.26
2025-10-11 02:38:41,051,CDKL5_005_191_97,394,0.656,0,0.0,0.0,21.36
2025-10-11 02:48:44,051,CDKL5_005_191_97,385,0.64,0,0.0,0.0,21.42
2025-10-11 02:58:47,051,CDKL5_005_191_97,281,0.468,5,0.416,0.0,21.48
2025-10-11 03:08:50,051,CDKL5_005_191_97,341,0.566,1,0.105,0.0,21.49
2025-10-11 03:18:53,051,CDKL5_005_191_97,377,0.628,1,0.096,0.0,21.51
2025-10-11 03:28:55,051,CDKL5_005_191_97,349,0.581,2,0.186,0.0,21.52
2025-10-11 03:38:58,051,CDKL5_005_191_97,373,0.621,2,0.177,0.0,21.56
2025-10-11 03:49:01,051,CDKL5_005_191_97,416,0.693,1,0.088,0.0,21.65
2025-10-11 03:59:04,051,CDKL5_005_191_97,292,0.485,2,0.215,0.0,21.57
2025-10-11 04:09:07,051,CDKL5_005_191_97,273,0.453,5,0.423,0.0,21.6
2025-10-11 04:19:10,051,CDKL5_005_191_97,362,0.602,0,0.0,0.0,21.56
2025-10-11 04:29:13,051,CDKL5_005_191_97,392,0.651,1,0.093,0.0,21.51
2025-10-11 04:39:16,051,CDKL5_005_191_97,320,0.532,2,0.2,0.0,21.49
2025-10-11 04:49:19,051,CDKL5_005_191_97,378,0.629,2,0.175,0.0,21.53
2025-10-11 04:59:23,051,CDKL5_005_191_97,304,0.506,2,0.208,0.0,21.48
2025-10-11 05:09:25,051,CDKL5_005_191_97,366,0.609,1,0.099,0.0,21.43
2025-10-11 05:19:28,051,CDKL5_005_191_97,388,0.646,0,0.0,0.0,21.38
2025-10-11 05:29:39,051,CDKL5_005_191_97,155,0.259,5,0.563,0.0,21.33
2025-10-11 05:39:42,051,CDKL5_005_191_97,33,0.055,11,0.93,0.0,21.23
2025-10-11 05:49:45,051,CDKL5_005_191_97,7,0.012,13,0.987,0.0,21.16
2025-10-11 05:59:49,051,CDKL5_005_191_97,18,0.03,13,0.967,0.0,21.1
2025-10-11 06:09:52,051,CDKL5_005_191_97,25,0.042,12,0.95,0.594,21.05
2025-10-11 06:19:55,051,CDKL5_005_191_97,10,0.017,14,0.982,0.5832,21.02
2025-10-11 06:29:57,051,CDKL5_005_191_97,13,0.022,14,0.977,0.576,20.99
2025-10-11 06:40:01,051,CDKL5_005_191_97,7,0.012,15,0.988,0.576,20.97
2025-10-11 06:50:04,051,CDKL5_005_191_97,17,0.028,14,0.971,0.5832,20.95
2025-10-11 07:00:08,051,CDKL5_005_191_97,21,0.035,13,0.961,0.576,20.95
2025-10-11 07:10:11,051,CDKL5_005_191_97,13,0.022,13,0.976,0.576,20.95
2025-10-11 07:20:13,051,CDKL5_005_191_97,0,0.0,15,1.0,0.576,20.94
2025-10-11 07:30:17,051,CDKL5_005_191_97,126,0.21,5,0.613,0.576,20.95
2025-10-11 07:40:19,051,CDKL5_005_191_97,174,0.29,3,0.408,0.5472,20.97
2025-10-11 07:50:22,051,CDKL5_005_191_97,205,0.341,5,0.494,0.5184,21.08
2025-10-11 08:00:25,051,CDKL5_005_191_97,127,0.211,9,0.739,0.5112,21.08
2025-10-11 08:10:27,051,CDKL5_005_191_97,95,0.158,10,0.808,0.5184,21.08
2025-10-11 08:20:31,051,CDKL5_005_191_97,243,0.404,2,0.248,0.594,21.07
2025-10-11 08:30:34,051,CDKL5_005_191_97,175,0.291,1,0.186,0.6264,21.04
2025-10-11 08:40:37,051,CDKL5_005_191_97,5,0.008,14,0.991,0.6336,21.0
2025-10-11 08:50:40,051,CDKL5_005_191_97,64,0.106,12,0.882,0.6192,20.97
2025-10-11 09:00:43,051,CDKL5_005_191_97,10,0.017,14,0.982,0.6192,20.93
2025-10-11 09:10:46,051,CDKL5_005_191_97,0,0.0,15,1.0,0.6192,20.9
2025-10-11 09:20:49,051,CDKL5_005_191_97,5,0.008,13,0.99,0.6192,20.88
2025-10-11 09:31:02,051,CDKL5_005_191_97,5,0.008,14,0.991,0.6264,20.89
2025-10-11 09:41:05,051,CDKL5_005_191_97,8,0.013,14,0.986,0.6372,20.87
2025-10-11 09:51:08,051,CDKL5_005_191_97,0,0.0,15,1.0,0.6372,20.86
2025-10-11 10:01:11,051,CDKL5_005_191_97,34,0.057,10,0.922,0.6588,20.84
2025-10-11 10:11:14,051,CDKL5_005_191_97,12,0.02,14,0.979,0.648,20.85
2025-10-11 10:21:17,051,CDKL5_005_191_97,8,0.013,12,0.984,0.6552,20.84
2025-10-11 10:31:20,051,CDKL5_005_191_97,0,0.0,15,1.0,0.6552,20.87
2025-10-11 10:41:22,051,CDKL5_005_191_97,0,0.0,15,1.0,0.6552,20.88
2025-10-11 10:51:25,051,CDKL5_005_191_97,14,0.023,13,0.974,0.6336,20.89
2025-10-11 11:01:29,051,CDKL5_005_191_97,134,0.223,4,0.544,0.63,20.93
2025-10-11 11:11:31,051,CDKL5_005_191_97,148,0.246,6,0.619,0.6156,20.97
2025-10-11 11:21:35,051,CDKL5_005_191_97,92,0.153,10,0.813,0.5904,21.0
2025-10-11 11:31:37,051,CDKL5_005_191_97,108,0.18,7,0.722,0.6048,20.98
2025-10-11 11:41:40,051,CDKL5_005_191_97,10,0.017,14,0.982,0.5976,20.96
2025-10-11 11:51:43,051,CDKL5_005_191_97,17,0.028,12,0.966,0.6084,20.94
2025-10-11 12:01:47,051,CDKL5_005_191_97,26,0.043,13,0.952,0.5976,20.93
2025-10-11 12:11:49,051,CDKL5_005_191_97,1,0.002,14,0.998,0.5976,20.9
2025-10-11 12:21:52,051,CDKL5_005_191_97,0,0.0,15,1.0,0.6084,20.89
2025-10-11 12:31:55,051,CDKL5_005_191_97,5,0.008,15,0.992,0.6156,20.89
2025-10-11 12:41:58,051,CDKL5_005_191_97,20,0.033,12,0.96,0.6408,20.88
2025-10-11 12:52:01,051,CDKL5_005_191_97,5,0.008,14,0.991,0.6408,20.89
2025-10-11 13:02:04,051,CDKL5_005_191_97,3,0.005,14,0.995,0.6048,20.87
2025-10-11 13:12:07,051,CDKL5_005_191_97,17,0.028,14,0.971,0.6048,20.87
2025-10-11 13:22:10,051,CDKL5_005_191_97,0,0.0,15,1.0,0.6048,20.86
2025-10-11 13:32:21,051,CDKL5_005_191_97,50,0.083,10,0.889,0.6048,20.89
2025-10-11 13:42:24,051,CDKL5_005_191_97,207,0.345,2,0.279,0.6084,20.89
2025-10-11 13:52:27,051,CDKL5_005_191_97,180,0.3,5,0.526,0.576,20.92
2025-10-11 14:02:30,051,CDKL5_005_191_97,96,0.16,10,0.806,0.5256,20.99
2025-10-11 14:12:33,051,CDKL5_005_191_97,265,0.44,1,0.131,0.5544,21.01
2025-10-11 14:22:36,051,CDKL5_005_191_97,18,0.03,12,0.964,0.5616,20.98
2025-10-11 14:32:39,051,CDKL5_005_191_97,3,0.005,14,0.995,0.5652,20.96
2025-10-11 14:42:42,051,CDKL5_005_191_97,9,0.015,13,0.983,0.5616,20.94
2025-10-11 14:52:45,051,CDKL5_005_191_97,19,0.032,14,0.967,0.5616,20.93
2025-10-11 15:02:48,051,CDKL5_005_191_97,2,0.003,14,0.996,0.5616,20.92
2025-10-11 15:12:50,051,CDKL5_005_191_97,36,0.06,11,0.924,0.5616,20.93
2025-10-11 15:22:53,051,CDKL5_005_191_97,16,0.027,12,0.968,0.5652,20.94
2025-10-11 15:32:57,051,CDKL5_005_191_97,40,0.067,12,0.923,0.5652,20.93
2025-10-11 15:43:00,051,CDKL5_005_191_97,12,0.02,14,0.979,0.5616,20.93
2025-10-11 15:53:03,051,CDKL5_005_191_97,11,0.018,13,0.979,0.5616,20.92
2025-10-11 16:03:06,051,CDKL5_005_191_97,78,0.13,11,0.849,0.576,20.93
2025-10-11 16:13:09,051,CDKL5_005_191_97,279,0.464,2,0.223,0.4968,20.98
2025-10-11 16:23:13,051,CDKL5_005_191_97,221,0.367,3,0.352,0.5616,21.0
2025-10-11 16:33:15,051,CDKL5_005_191_97,311,0.517,2,0.205,0.5508,21.02
2025-10-11 16:43:18,051,CDKL5_005_191_97,211,0.351,6,0.532,0.5328,21.02
2025-10-11 16:53:22,051,CDKL5_005_191_97,383,0.637,1,0.095,0.5004,21.06
2025-10-11 17:03:25,051,CDKL5_005_191_97,5,0.008,14,0.991,0.5328,21.04
2025-10-11 17:13:28,051,CDKL5_005_191_97,15,0.025,13,0.972,0.5256,21.0
2025-10-11 17:23:31,051,CDKL5_005_191_97,0,0.0,15,1.0,0.4968,20.98
2025-10-11 17:33:45,051,CDKL5_005_191_97,8,0.013,15,0.987,0.4968,20.98
2025-10-11 17:43:48,051,CDKL5_005_191_97,15,0.025,12,0.97,0.5076,20.96
2025-10-11 17:53:51,051,CDKL5_005_191_97,14,0.023,14,0.976,0.504,20.94
2025-10-11 18:03:54,051,CDKL5_005_191_97,220,0.365,4,0.421,0.0,20.94
2025-10-11 18:13:57,051,CDKL5_005_191_97,283,0.471,2,0.22,0.0,21.0
2025-10-11 18:24:00,051,CDKL5_005_191_97,381,0.634,3,0.24,0.0,21.21
2025-10-11 18:34:03,051,CDKL5_005_191_97,470,0.782,0,0.0,0.0,21.34
2025-10-11 18:44:07,051,CDKL5_005_191_97,402,0.669,1,0.09,0.0,21.54
2025-10-11 18:54:10,051,CDKL5_005_191_97,392,0.651,1,0.093,0.0,21.57
2025-10-11 19:04:13,051,CDKL5_005_191_97,370,0.617,3,0.245,0.0,21.53
2025-10-11 19:14:16,051,CDKL5_005_191_97,467,0.776,0,0.0,0.0,21.61
2025-10-11 19:24:19,051,CDKL5_005_191_97,440,0.732,2,0.154,0.0,21.67
2025-10-11 19:34:22,051,CDKL5_005_191_97,407,0.677,1,0.089,0.0,21.61
2025-10-11 19:44:25,051,CDKL5_005_191_97,435,0.724,1,0.084,0.0,21.68
2025-10-11 19:54:28,051,CDKL5_005_191_97,420,0.699,2,0.16,0.0,21.69
2025-10-11 20:04:32,051,CDKL5_005_191_97,421,0.7,1,0.087,0.0,21.66
2025-10-11 20:14:35,051,CDKL5_005_191_97,432,0.719,0,0.0,0.0,21.69
2025-10-11 20:24:37,051,CDKL5_005_191_97,375,0.624,1,0.096,0.0,21.68
2025-10-11 20:34:40,051,CDKL5_005_191_97,410,0.682,1,0.089,0.0,21.68
2025-10-11 20:44:43,051,CDKL5_005_191_97,441,0.734,0,0.0,0.0,21.64
2025-10-11 20:54:45,051,CDKL5_005_191_97,382,0.636,2,0.173,0.0,21.6
2025-10-11 21:04:49,051,CDKL5_005_191_97,380,0.631,2,0.174,0.0,21.62
2025-10-11 21:14:51,051,CDKL5_005_191_97,361,0.601,3,0.249,0.0,21.58
2025-10-11 21:24:54,051,CDKL5_005_191_97,456,0.76,0,0.0,0.0,21.6
2025-10-11 21:35:18,051,CDKL5_005_191_97,332,0.555,3,0.265,0.0,21.63
2025-10-11 21:45:21,051,CDKL5_005_191_97,422,0.702,1,0.087,0.0,21.68
2025-10-11 21:55:24,051,CDKL5_005_191_97,394,0.654,1,0.092,0.0,21.69
2025-10-11 22:05:27,051,CDKL5_005_191_97,367,0.61,3,0.246,0.0,21.66
2025-10-11 22:15:30,051,CDKL5_005_191_97,361,0.601,2,0.181,0.0,21.67
2025-10-11 22:25:33,051,CDKL5_005_191_97,364,0.605,2,0.18,0.0,21.63
2025-10-11 22:35:36,051,CDKL5_005_191_97,355,0.59,1,0.101,0.0,21.6
2025-10-11 22:45:39,051,CDKL5_005_191_97,385,0.641,2,0.172,0.0,21.56
2025-10-11 22:55:42,051,CDKL5_005_191_97,321,0.534,4,0.333,0.0,21.51
2025-10-11 23:05:46,051,CDKL5_005_191_97,294,0.489,6,0.449,0.0,21.48
2025-10-11 23:15:49,051,CDKL5_005_191_97,335,0.557,2,0.193,0.0,21.51
2025-10-11 23:25:51,051,CDKL5_005_191_97,296,0.493,5,0.403,0.0,21.5
2025-10-11 23:35:54,051,CDKL5_005_191_97,384,0.639,2,0.172,0.0,21.52
2025-10-11 23:45:57,051,CDKL5_005_191_97,302,0.502,5,0.398,0.0,21.52
2025-10-11 23:55:59,051,CDKL5_005_191_97,391,0.651,3,0.235,0.0,21.56
2025-10-12 00:06:02,051,CDKL5_005_191_97,324,0.539,5,0.382,0.0,21.55
2025-10-12 00:16:05,051,CDKL5_005_191_97,183,0.304,9,0.663,0.0,21.49
2025-10-12 00:26:09,051,CDKL5_005_191_97,456,0.757,0,0.0,0.0,21.47
2025-10-12 00:36:12,051,CDKL5_005_191_97,263,0.438,7,0.516,0.0,21.42
2025-10-12 00:46:14,051,CDKL5_005_191_97,463,0.77,0,0.0,0.0,21.46
2025-10-12 00:56:17,051,CDKL5_005_191_97,130,0.216,7,0.683,0.0,21.36
2025-10-12 01:06:20,051,CDKL5_005_191_97,16,0.027,14,0.972,0.0,21.26
2025-10-12 01:16:23,051,CDKL5_005_191_97,52,0.087,12,0.902,0.0,21.18
2025-10-12 01:26:26,051,CDKL5_005_191_97,9,0.015,14,0.984,0.0,21.11
2025-10-12 01:36:47,051,CDKL5_005_191_97,3,0.005,14,0.995,0.0,21.1
2025-10-12 01:46:50,051,CDKL5_005_191_97,11,0.018,14,0.981,0.0,21.05
2025-10-12 01:56:54,051,CDKL5_005_191_97,49,0.081,12,0.907,0.0,21.02
2025-10-12 02:06:57,051,CDKL5_005_191_97,7,0.012,13,0.987,0.0,20.98
2025-10-12 02:17:00,051,CDKL5_005_191_97,56,0.093,12,0.896,0.0,20.98
2025-10-12 02:27:03,051,CDKL5_005_191_97,19,0.032,12,0.962,0.0,20.96
2025-10-12 02:37:06,051,CDKL5_005_191_97,25,0.042,14,0.957,0.0,20.94
2025-10-12 02:47:08,051,CDKL5_005_191_97,8,0.013,14,0.986,0.0,20.93
2025-10-12 02:57:11,051,CDKL5_005_191_97,0,0.0,15,1.0,0.0,20.92
2025-10-12 03:07:14,051,CDKL5_005_191_97,276,0.459,3,0.303,0.0,20.95
2025-10-12 03:17:17,051,CDKL5_005_191_97,388,0.646,1,0.093,0.0,21.11
2025-10-12 03:27:20,051,CDKL5_005_191_97,280,0.466,6,0.462,0.0,21.19
2025-10-12 03:37:23,051,CDKL5_005_191_97,338,0.562,4,0.321,0.0,21.25
2025-10-12 03:47:26,051,CDKL5_005_191_97,335,0.558,2,0.193,0.0,21.28
2025-10-12 03:57:29,051,CDKL5_005_191_97,284,0.473,5,0.413,0.0,21.32
2025-10-12 04:07:32,051,CDKL5_005_191_97,211,0.35,8,0.603,0.0,21.32
2025-10-12 04:17:35,051,CDKL5_005_191_97,273,0.454,6,0.468,0.0,21.31
2025-10-12 04:27:38,051,CDKL5_005_191_97,284,0.473,3,0.297,0.0,21.28
2025-10-12 04:37:41,051,CDKL5_005_191_97,211,0.351,8,0.603,0.0,21.25
2025-10-12 04:47:44,051,CDKL5_005_191_97,174,0.29,9,0.674,0.0,21.22
2025-10-12 04:57:47,051,CDKL5_005_191_97,293,0.488,5,0.406,0.0,21.22
2025-10-12 05:07:50,051,CDKL5_005_191_97,173,0.287,7,0.618,0.0,21.22
2025-10-12 05:17:53,051,CDKL5_005_191_97,401,0.667,2,0.166,0.0,21.21
2025-10-12 05:27:56,051,CDKL5_005_191_97,361,0.601,0,0.0,0.0,21.18
2025-10-12 05:38:16,051,CDKL5_005_191_97,47,0.078,9,0.885,0.0,21.15
2025-10-12 05:48:19,051,CDKL5_005_191_97,1,0.002,15,0.998,0.0,21.07
2025-10-12 05:58:22,051,CDKL5_005_191_97,7,0.012,14,0.988,0.0,21.01
2025-10-12 06:08:26,051,CDKL5_005_191_97,35,0.058,12,0.932,0.6336,20.96
2025-10-12 06:18:28,051,CDKL5_005_191_97,23,0.038,13,0.958,0.6264,20.94
2025-10-12 06:28:31,051,CDKL5_005_191_97,37,0.062,12,0.928,0.612,20.92
2025-10-12 06:38:34,051,CDKL5_005_191_97,79,0.131,10,0.835,0.612,20.92
2025-10-12 06:48:38,051,CDKL5_005_191_97,27,0.045,12,0.947,0.5976,20.92
2025-10-12 06:58:40,051,CDKL5_005_191_97,13,0.022,13,0.976,0.6048,20.92
2025-10-12 07:08:44,051,CDKL5_005_191_97,18,0.03,12,0.964,0.6048,20.89
2025-10-12 07:18:47,051,CDKL5_005_191_97,38,0.063,12,0.927,0.6084,20.89
2025-10-12 07:28:50,051,CDKL5_005_191_97,110,0.183,8,0.744,0.6012,20.89
2025-10-12 07:38:53,051,CDKL5_005_191_97,286,0.475,2,0.219,0.4968,20.93
2025-10-12 07:48:56,051,CDKL5_005_191_97,126,0.209,8,0.717,0.468,20.97
2025-10-12 07:58:59,051,CDKL5_005_191_97,88,0.147,12,0.845,0.4752,20.97
2025-10-12 08:09:02,051,CDKL5_005_191_97,161,0.267,6,0.599,0.4608,20.99
2025-10-12 08:19:05,051,CDKL5_005_191_97,342,0.569,3,0.26,0.432,21.05
2025-10-12 08:29:08,051,CDKL5_005_191_97,163,0.272,10,0.71,0.4464,21.05
2025-10-12 08:39:10,051,CDKL5_005_191_97,238,0.396,3,0.335,0.4104,21.03
2025-10-12 08:49:13,051,CDKL5_005_191_97,320,0.532,2,0.2,0.4428,21.06
2025-10-12 08:59:16,051,CDKL5_005_191_97,241,0.401,2,0.249,0.4392,21.02
2025-10-12 09:09:19,051,CDKL5_005_191_97,34,0.057,11,0.928,0.4392,20.97
2025-10-12 09:19:22,051,CDKL5_005_191_97,8,0.013,14,0.986,0.4392,20.93
2025-10-12 09:29:26,051,CDKL5_005_191_97,26,0.043,13,0.952,0.4392,20.89
2025-10-12 09:39:53,051,CDKL5_005_191_97,3,0.005,15,0.995,0.4392,20.92
2025-10-12 09:49:56,051,CDKL5_005_191_97,2,0.003,14,0.996,0.45,20.89
2025-10-12 09:59:59,051,CDKL5_005_191_97,44,0.073,12,0.916,0.4464,20.86
2025-10-12 10:10:02,051,CDKL5_005_191_97,13,0.022,14,0.977,0.4752,20.84
2025-10-12 10:20:05,051,CDKL5_005_191_97,27,0.045,12,0.947,0.4752,20.82
2025-10-12 10:30:09,051,CDKL5_005_191_97,12,0.02,13,0.977,0.4464,20.81
2025-10-12 10:40:12,051,CDKL5_005_191_97,0,0.0,15,1.0,0.4464,20.81
2025-10-12 10:50:14,051,CDKL5_005_191_97,69,0.115,10,0.853,0.4464,20.8
2025-10-12 11:00:17,051,CDKL5_005_191_97,30,0.05,11,0.936,0.4464,20.78
2025-10-12 11:10:21,051,CDKL5_005_191_97,24,0.04,13,0.956,0.4572,20.78
2025-10-12 11:20:24,051,CDKL5_005_191_97,37,0.062,13,0.934,0.4464,20.78
2025-10-12 11:30:27,051,CDKL5_005_191_97,309,0.513,2,0.206,0.3888,20.79
2025-10-12 11:40:30,051,CDKL5_005_191_97,241,0.401,3,0.332,0.4572,20.84
2025-10-12 11:50:32,051,CDKL5_005_191_97,92,0.153,9,0.796,0.4536,20.84
2025-10-12 12:00:35,051,CDKL5_005_191_97,15,0.025,14,0.974,0.4536,20.83
2025-10-12 12:10:38,051,CDKL5_005_191_97,25,0.042,14,0.957,0.4536,20.8
2025-10-12 12:20:41,051,CDKL5_005_191_97,0,0.0,15,1.0,0.4536,20.8
2025-10-12 12:30:44,051,CDKL5_005_191_97,31,0.052,12,0.939,0.4536,20.8
2025-10-12 12:40:47,051,CDKL5_005_191_97,0,0.0,15,1.0,0.4536,20.79
2025-10-12 12:50:50,051,CDKL5_005_191_97,4,0.007,14,0.993,0.4572,20.77
2025-10-12 13:00:52,051,CDKL5_005_191_97,14,0.023,13,0.974,0.4536,20.76
2025-10-12 13:10:56,051,CDKL5_005_191_97,14,0.023,14,0.976,0.4536,20.75
2025-10-12 13:20:59,051,CDKL5_005_191_97,138,0.23,10,0.743,0.4536,20.76
2025-10-12 13:31:02,051,CDKL5_005_191_97,168,0.28,8,0.656,0.4572,20.79
2025-10-12 13:41:21,051,CDKL5_005_191_97,107,0.179,9,0.771,0.432,20.89
2025-10-12 13:51:24,051,CDKL5_005_191_97,235,0.39,5,0.46,0.4392,20.89
2025-10-12 14:01:27,051,CDKL5_005_191_97,338,0.562,3,0.262,0.4464,20.97
2025-10-12 14:11:30,051,CDKL5_005_191_97,14,0.023,13,0.974,0.4536,20.98
2025-10-12 14:21:33,051,CDKL5_005_191_97,41,0.068,11,0.915,0.4536,20.97
2025-10-12 14:31:36,051,CDKL5_005_191_97,27,0.045,11,0.942,0.4536,20.96
2025-10-12 14:41:39,051,CDKL5_005_191_97,18,0.03,13,0.967,0.4536,20.95
2025-10-12 14:51:42,051,CDKL5_005_191_97,5,0.008,14,0.991,0.4536,20.95
2025-10-12 15:01:45,051,CDKL5_005_191_97,18,0.03,13,0.967,0.4536,20.94
2025-10-12 15:11:48,051,CDKL5_005_191_97,17,0.028,13,0.968,0.4536,20.93
2025-10-12 15:21:51,051,CDKL5_005_191_97,41,0.068,11,0.915,0.4608,20.94
2025-10-12 15:31:54,051,CDKL5_005_191_97,11,0.018,13,0.979,0.4536,20.94
2025-10-12 15:41:57,051,CDKL5_005_191_97,28,0.047,13,0.949,0.4536,20.97
2025-10-12 15:51:59,051,CDKL5_005_191_97,311,0.517,4,0.34,0.396,21.0
2025-10-12 16:02:02,051,CDKL5_005_191_97,357,0.594,4,0.309,0.4464,21.0
2025-10-12 16:12:05,051,CDKL5_005_191_97,189,0.314,8,0.629,0.45,20.99
2025-10-12 16:22:07,051,CDKL5_005_191_97,234,0.389,5,0.461,0.4284,21.0
2025-10-12 16:32:10,051,CDKL5_005_191_97,219,0.364,4,0.422,0.468,20.98
2025-10-12 16:42:14,051,CDKL5_005_191_97,160,0.266,7,0.636,0.468,20.98
2025-10-12 16:52:17,051,CDKL5_005_191_97,30,0.05,11,0.936,0.4716,20.98
2025-10-12 17:02:20,051,CDKL5_005_191_97,13,0.022,13,0.976,0.4608,20.97
2025-10-12 17:12:23,051,CDKL5_005_191_97,14,0.023,13,0.974,0.468,20.96
2025-10-12 17:22:25,051,CDKL5_005_191_97,25,0.042,12,0.95,0.5004,20.96
2025-10-12 17:32:28,051,CDKL5_005_191_97,45,0.075,9,0.889,0.5004,20.94
2025-10-12 17:42:55,051,CDKL5_005_191_97,109,0.182,9,0.768,0.4824,20.98
2025-10-12 17:52:59,051,CDKL5_005_191_97,130,0.216,7,0.683,0.5472,20.95
2025-10-12 18:03:02,051,CDKL5_005_191_97,306,0.508,2,0.207,0.0,21.02
2025-10-12 18:13:04,051,CDKL5_005_191_97,350,0.582,2,0.186,0.0,21.15
2025-10-12 18:23:07,051,CDKL5_005_191_97,383,0.637,2,0.173,0.0,21.19
2025-10-12 18:33:10,051,CDKL5_005_191_97,213,0.354,8,0.6,0.0,21.24
2025-10-12 18:43:13,051,CDKL5_005_191_97,470,0.782,0,0.0,0.0,21.3
2025-10-12 18:53:16,051,CDKL5_005_191_97,255,0.424,4,0.386,0.0,21.28
2025-10-12 19:03:19,051,CDKL5_005_191_97,287,0.478,5,0.411,0.0,21.36
2025-10-12 19:13:22,051,CDKL5_005_191_97,418,0.694,0,0.0,0.0,21.42
2025-10-12 19:23:24,051,CDKL5_005_191_97,376,0.626,0,0.0,0.0,21.45
2025-10-12 19:33:27,051,CDKL5_005_191_97,17,0.028,14,0.971,0.0,21.36
2025-10-12 19:43:31,051,CDKL5_005_191_97,451,0.749,0,0.0,0.0,21.4
2025-10-12 19:53:34,051,CDKL5_005_191_97,364,0.606,1,0.099,0.0,21.43
2025-10-12 20:03:37,051,CDKL5_005_191_97,392,0.652,0,0.0,0.0,21.47
2025-10-12 20:13:40,051,CDKL5_005_191_97,222,0.369,7,0.558,0.0,21.51
2025-10-12 20:23:43,051,CDKL5_005_191_97,390,0.649,0,0.0,0.0,21.52
2025-10-12 20:33:46,051,CDKL5_005_191_97,259,0.431,5,0.436,0.0,21.53
2025-10-12 20:43:48,051,CDKL5_005_191_97,429,0.714,1,0.085,0.0,21.47
2025-10-12 20:53:51,051,CDKL5_005_191_97,308,0.512,2,0.206,0.0,21.46
2025-10-12 21:03:55,051,CDKL5_005_191_97,326,0.542,1,0.109,0.0,21.45
2025-10-12 21:13:57,051,CDKL5_005_191_97,373,0.621,1,0.097,0.0,21.48
2025-10-12 21:24:00,051,CDKL5_005_191_97,378,0.629,0,0.0,0.0,21.49
2025-10-12 21:34:03,051,CDKL5_005_191_97,277,0.461,6,0.464,0.0,21.51
2025-10-12 21:44:22,051,CDKL5_005_191_97,238,0.397,5,0.457,0.0,21.53
2025-10-12 21:54:25,051,CDKL5_005_191_97,213,0.354,6,0.53,0.0,21.42
2025-10-12 22:04:28,051,CDKL5_005_191_97,350,0.582,3,0.255,0.0,21.46
2025-10-12 22:14:31,051,CDKL5_005_191_97,200,0.333,7,0.583,0.0,21.43
2025-10-12 22:24:34,051,CDKL5_005_191_97,292,0.486,3,0.291,0.0,21.35
2025-10-12 22:34:37,051,CDKL5_005_191_97,281,0.467,5,0.416,0.0,21.28
2025-10-12 22:44:40,051,CDKL5_005_191_97,330,0.549,2,0.195,0.0,21.3
2025-10-12 22:54:43,051,CDKL5_005_191_97,316,0.526,1,0.112,0.0,21.34
2025-10-12 23:04:46,051,CDKL5_005_191_97,316,0.525,2,0.202,0.0,21.41
2025-10-12 23:14:49,051,CDKL5_005_191_97,166,0.277,7,0.628,0.0,21.35
2025-10-12 23:24:52,051,CDKL5_005_191_97,347,0.577,1,0.103,0.0,21.37
2025-10-12 23:34:55,051,CDKL5_005_191_97,306,0.509,4,0.343,0.0,21.38
2025-10-12 23:44:58,051,CDKL5_005_191_97,192,0.319,8,0.625,0.0,21.32
2025-10-12 23:55:01,051,CDKL5_005_191_97,188,0.312,7,0.598,0.0,21.28
2025-10-11 00:04:41,003,CDKL5_005_273_38,149,0.248,5,0.573,0.0,22.03
2025-10-11 00:14:43,003,CDKL5_005_273_38,113,0.188,9,0.761,0.0,22.01
2025-10-11 00:24:46,003,CDKL5_005_273_38,37,0.062,12,0.928,0.0,22.0
2025-10-11 00:34:49,003,CDKL5_005_273_38,22,0.037,13,0.959,0.0,21.97
2025-10-11 00:44:52,003,CDKL5_005_273_38,19,0.032,13,0.965,0.0,21.93
2025-10-11 00:54:55,003,CDKL5_005_273_38,18,0.03,13,0.967,0.0,21.92
2025-10-11 01:04:57,003,CDKL5_005_273_38,32,0.053,12,0.938,0.0,21.92
2025-10-11 01:15:00,003,CDKL5_005_273_38,29,0.048,14,0.951,0.0,21.89
2025-10-11 01:25:03,003,CDKL5_005_273_38,75,0.125,9,0.828,0.0,21.93
2025-10-11 01:35:06,003,CDKL5_005_273_38,340,0.566,0,0.0,0.0,21.9
2025-10-11 01:45:08,003,CDKL5_005_273_38,177,0.295,7,0.613,0.0,21.91
2025-10-11 01:55:11,003,CDKL5_005_273_38,216,0.359,5,0.481,0.0,21.92
2025-10-11 02:05:14,003,CDKL5_005_273_38,173,0.288,7,0.618,0.0,21.92
2025-10-11 02:15:16,003,CDKL5_005_273_38,167,0.278,6,0.59,0.0,21.88
2025-10-11 02:25:38,003,CDKL5_005_273_38,185,0.309,6,0.565,0.0,21.87
2025-10-11 02:35:41,003,CDKL5_005_273_38,103,0.171,8,0.757,0.0,21.79
2025-10-11 02:45:44,003,CDKL5_005_273_38,199,0.331,3,0.376,0.0,21.78
2025-10-11 02:55:46,003,CDKL5_005_273_38,231,0.384,6,0.51,0.0,21.77
2025-10-11 03:05:49,003,CDKL5_005_273_38,178,0.297,7,0.611,0.0,21.75
2025-10-11 03:15:52,003,CDKL5_005_273_38,262,0.435,5,0.433,0.0,21.77
2025-10-11 03:25:55,003,CDKL5_005_273_38,429,0.714,0,0.0,0.0,21.9
2025-10-11 03:35:59,003,CDKL5_005_273_38,26,0.043,13,0.952,0.0,21.95
2025-10-11 03:46:02,003,CDKL5_005_273_38,3,0.005,14,0.995,0.0,21.91
2025-10-11 03:56:05,003,CDKL5_005_273_38,34,0.057,12,0.934,0.0,21.87
2025-10-11 04:06:08,003,CDKL5_005_273_38,5,0.008,14,0.991,0.0,21.83
2025-10-11 04:16:11,003,CDKL5_005_273_38,46,0.077,11,0.905,0.0,21.81
2025-10-11 04:26:14,003,CDKL5_005_273_38,34,0.057,12,0.934,0.0,21.83
2025-10-11 04:36:17,003,CDKL5_005_273_38,215,0.358,3,0.358,0.0,21.94
2025-10-11 04:46:19,003,CDKL5_005_273_38,219,0.364,4,0.422,0.0,21.84
2025-10-11 04:56:22,003,CDKL5_005_273_38,155,0.258,7,0.644,0.0,21.73
2025-10-11 05:06:25,003,CDKL5_005_273_38,253,0.422,2,0.24,0.0,21.73
2025-10-11 05:16:28,003,CDKL5_005_273_38,237,0.394,6,0.503,0.0,21.73
2025-10-11 05:26:31,003,CDKL5_005_273_38,193,0.321,5,0.509,0.0,21.78
2025-10-11 05:36:34,003,CDKL5_005_273_38,390,0.649,0,0.0,0.0,22.02
2025-10-11 05:46:36,003,CDKL5_005_273_38,316,0.526,2,0.202,0.0,22.06
2025-10-11 05:56:39,003,CDKL5_005_273_38,56,0.093,9,0.865,0.0,22.13
2025-10-11 06:06:42,003,CDKL5_005_273_38,34,0.057,10,0.922,2.8836,22.12
2025-10-11 06:16:45,003,CDKL5_005_273_38,0,0.0,15,1.0,2.8584,22.12
2025-10-11 06:27:10,003,CDKL5_005_273_38,1,0.002,14,0.998,2.844,22.16
2025-10-11 06:37:13,003,CDKL5_005_273_38,21,0.035,13,0.961,2.7396,22.16
2025-10-11 06:47:16,003,CDKL5_005_273_38,9,0.015,14,0.984,2.7396,22.15
2025-10-11 06:57:19,003,CDKL5_005_273_38,0,0.0,15,1.0,2.7468,22.14
2025-10-11 07:07:21,003,CDKL5_005_273_38,0,0.0,15,1.0,2.7396,22.13
2025-10-11 07:17:25,003,CDKL5_005_273_38,24,0.04,13,0.956,2.7252,22.13
2025-10-11 07:27:28,003,CDKL5_005_273_38,8,0.013,14,0.986,2.7612,22.15
2025-10-11 07:37:30,003,CDKL5_005_273_38,0,0.0,15,1.0,2.7756,22.15
2025-10-11 07:47:33,003,CDKL5_005_273_38,20,0.033,13,0.963,2.736,22.2
2025-10-11 07:57:36,003,CDKL5_005_273_38,0,0.0,15,1.0,2.7432,22.17
2025-10-11 08:07:38,003,CDKL5_005_273_38,79,0.131,9,0.82,2.2716,22.17
2025-10-11 08:17:41,003,CDKL5_005_273_38,55,0.092,12,0.897,2.3256,21.95
2025-10-11 08:27:44,003,CDKL5_005_273_38,90,0.15,8,0.78,2.3364,21.81
2025-10-11 08:37:47,003,CDKL5_005_273_38,32,0.053,13,0.942,1.9764,21.71
2025-10-11 08:47:50,003,CDKL5_005_273_38,507,0.844,0,0.0,7.6464,21.84
2025-10-11 08:57:53,003,CDKL5_005_273_38,425,0.707,0,0.0,5.5548,21.94
2025-10-11 09:07:55,003,CDKL5_005_273_38,304,0.506,2,0.208,3.15,22.06
2025-10-11 09:17:58,003,CDKL5_005_273_38,114,0.19,9,0.759,3.1572,22.1
2025-10-11 09:28:00,003,CDKL5_005_273_38,24,0.04,11,0.948,3.1608,22.11
2025-10-11 09:38:03,003,CDKL5_005_273_38,19,0.032,12,0.962,3.132,22.1
2025-10-11 09:48:06,003,CDKL5_005_273_38,20,0.033,13,0.963,3.1248,22.07
2025-10-11 09:58:09,003,CDKL5_005_273_38,13,0.022,13,0.976,3.15,22.04
2025-10-11 10:08:12,003,CDKL5_005_273_38,27,0.045,12,0.947,3.2256,22.03
2025-10-11 10:18:14,003,CDKL5_005_273_38,18,0.03,12,0.964,3.2364,22.04
2025-10-11 10:28:27,003,CDKL5_005_273_38,42,0.07,12,0.92,2.6064,22.16
2025-10-11 10:38:29,003,CDKL5_005_273_38,34,0.057,12,0.934,3.1824,22.18
2025-10-11 10:48:33,003,CDKL5_005_273_38,7,0.012,14,0.988,3.1968,22.17
2025-10-11 10:58:36,003,CDKL5_005_273_38,11,0.018,14,0.981,3.2076,22.18
2025-10-11 11:08:38,003,CDKL5_005_273_38,72,0.12,10,0.847,3.1788,22.2
2025-10-11 11:18:40,003,CDKL5_005_273_38,8,0.013,13,0.985,3.3264,22.21
2025-10-11 11:28:43,003,CDKL5_005_273_38,39,0.065,12,0.925,2.6892,22.2
2025-10-11 11:38:46,003,CDKL5_005_273_38,3,0.005,14,0.995,2.682,22.18
2025-10-11 11:48:49,003,CDKL5_005_273_38,2,0.003,15,0.997,2.7576,22.17
2025-10-11 11:58:51,003,CDKL5_005_273_38,2,0.003,14,0.996,2.7936,22.2
2025-10-11 12:08:54,003,CDKL5_005_273_38,3,0.005,14,0.995,2.7972,22.17
2025-10-11 12:18:57,003,CDKL5_005_273_38,5,0.008,14,0.991,2.8296,22.15
2025-10-11 12:29:00,003,CDKL5_005_273_38,35,0.058,10,0.92,2.9448,22.18
2025-10-11 12:39:03,003,CDKL5_005_273_38,28,0.047,11,0.94,2.502,22.18
2025-10-11 12:49:05,003,CDKL5_005_273_38,89,0.148,10,0.818,6.2352,21.96
2025-10-11 12:59:08,003,CDKL5_005_273_38,289,0.481,3,0.293,7.992,22.08
2025-10-11 13:09:11,003,CDKL5_005_273_38,68,0.113,10,0.855,7.9128,22.13
2025-10-11 13:19:14,003,CDKL5_005_273_38,37,0.062,13,0.934,7.812,22.07
2025-10-11 13:29:17,003,CDKL5_005_273_38,26,0.043,13,0.952,7.8192,22.03
2025-10-11 13:39:19,003,CDKL5_005_273_38,0,0.0,15,1.0,7.8192,21.98
2025-10-11 13:49:22,003,CDKL5_005_273_38,0,0.0,15,1.0,7.812,21.96
2025-10-11 13:59:25,003,CDKL5_005_273_38,7,0.012,13,0.987,7.7976,21.93
2025-10-11 14:09:28,003,CDKL5_005_273_38,0,0.0,15,1.0,7.7904,21.91
2025-10-11 14:19:32,003,CDKL5_005_273_38,7,0.012,14,0.988,7.7616,21.89
2025-10-11 14:29:47,003,CDKL5_005_273_38,0,0.0,15,1.0,7.7616,21.9
2025-10-11 14:39:50,003,CDKL5_005_273_38,0,0.0,15,1.0,7.6608,21.86
2025-10-11 14:49:53,003,CDKL5_005_273_38,0,0.0,15,1.0,7.6752,21.83
2025-10-11 14:59:56,003,CDKL5_005_273_38,4,0.007,14,0.993,7.5492,21.83
2025-10-11 15:09:59,003,CDKL5_005_273_38,14,0.023,13,0.974,6.9624,21.93
2025-10-11 15:20:01,003,CDKL5_005_273_38,16,0.027,13,0.97,2.9808,21.83
2025-10-11 15:30:03,003,CDKL5_005_273_38,45,0.075,11,0.907,3.0996,21.98
2025-10-11 15:40:06,003,CDKL5_005_273_38,25,0.042,12,0.95,5.058,22.02
2025-10-11 15:50:08,003,CDKL5_005_273_38,0,0.0,15,1.0,4.9608,22.01
2025-10-11 16:00:11,003,CDKL5_005_273_38,0,0.0,15,1.0,4.9824,22.02
2025-10-11 16:10:14,003,CDKL5_005_273_38,0,0.0,15,1.0,4.9464,22.06
2025-10-11 16:20:17,003,CDKL5_005_273_38,1,0.002,15,0.998,5.7024,22.09
2025-10-11 16:30:19,003,CDKL5_005_273_38,6,0.01,14,0.989,5.8644,22.07
2025-10-11 16:40:22,003,CDKL5_005_273_38,23,0.038,11,0.95,5.3784,21.94
2025-10-11 16:50:25,003,CDKL5_005_273_38,8,0.013,13,0.985,5.7744,22.05
2025-10-11 17:00:28,003,CDKL5_005_273_38,0,0.0,15,1.0,5.76,22.01
2025-10-11 17:10:31,003,CDKL5_005_273_38,0,0.0,15,1.0,5.7384,22.0
2025-10-11 17:20:34,003,CDKL5_005_273_38,0,0.0,15,1.0,5.7312,21.97
2025-10-11 17:30:37,003,CDKL5_005_273_38,1,0.002,14,0.998,5.7096,21.98
2025-10-11 17:40:39,003,CDKL5_005_273_38,8,0.013,14,0.986,5.292,21.93
2025-10-11 17:50:42,003,CDKL5_005_273_38,21,0.035,12,0.958,5.3856,22.13
2025-10-11 18:00:45,003,CDKL5_005_273_38,28,0.047,11,0.94,0.0,22.14
2025-10-11 18:10:48,003,CDKL5_005_273_38,340,0.566,1,0.105,0.0,22.13
2025-10-11 18:20:51,003,CDKL5_005_273_38,274,0.456,6,0.467,0.0,22.12
2025-10-11 18:31:15,003,CDKL5_005_273_38,291,0.487,4,0.355,0.0,22.08
2025-10-11 18:41:18,003,CDKL5_005_273_38,395,0.657,0,0.0,0.0,22.1
2025-10-11 18:51:20,003,CDKL5_005_273_38,415,0.691,1,0.088,0.0,22.21
2025-10-11 19:01:23,003,CDKL5_005_273_38,264,0.439,4,0.377,0.0,22.26
2025-10-11 19:11:26,003,CDKL5_005_273_38,309,0.514,3,0.28,0.0,22.22
2025-10-11 19:21:29,003,CDKL5_005_273_38,357,0.594,2,0.183,0.0,22.25
2025-10-11 19:31:32,003,CDKL5_005_273_38,262,0.436,5,0.433,0.0,22.28
2025-10-11 19:41:35,003,CDKL5_005_273_38,265,0.441,5,0.43,0.0,22.2
2025-10-11 19:51:38,003,CDKL5_005_273_38,333,0.554,2,0.194,0.0,22.16
2025-10-11 20:01:41,003,CDKL5_005_273_38,212,0.353,7,0.569,0.0,22.17
2025-10-11 20:11:44,003,CDKL5_005_273_38,222,0.369,3,0.351,0.0,22.09
2025-10-11 20:21:47,003,CDKL5_005_273_38,205,0.341,7,0.577,0.0,22.04
2025-10-11 20:31:50,003,CDKL5_005_273_38,296,0.493,2,0.213,0.0,22.03
2025-10-11 20:41:53,003,CDKL5_005_273_38,214,0.356,5,0.483,0.0,22.02
2025-10-11 20:51:56,003,CDKL5_005_273_38,290,0.483,3,0.293,0.0,22.03
2025-10-11 21:01:59,003,CDKL5_005_273_38,212,0.353,4,0.43,0.0,21.97
2025-10-11 21:12:02,003,CDKL5_005_273_38,190,0.316,6,0.558,0.0,21.96
2025-10-11 21:22:04,003,CDKL5_005_273_38,235,0.391,5,0.46,0.0,21.93
2025-10-11 21:32:07,003,CDKL5_005_273_38,86,0.143,7,0.765,0.0,21.86
2025-10-11 21:42:09,003,CDKL5_005_273_38,298,0.496,1,0.118,0.0,21.86
2025-10-11 21:52:13,003,CDKL5_005_273_38,182,0.303,5,0.524,0.0,21.84
2025-10-11 22:02:15,003,CDKL5_005_273_38,258,0.429,4,0.383,0.0,21.87
2025-10-11 22:12:18,003,CDKL5_005_273_38,291,0.484,3,0.292,0.0,22.21
2025-10-11 22:22:21,003,CDKL5_005_273_38,323,0.537,0,0.0,0.0,22.23
2025-10-11 22:32:37,003,CDKL5_005_273_38,334,0.558,6,0.418,0.0,22.24
2025-10-11 22:42:40,003,CDKL5_005_273_38,287,0.478,4,0.358,0.0,22.34
2025-10-11 22:52:43,003,CDKL5_005_273_38,178,0.296,8,0.643,0.0,22.24
2025-10-11 23:02:46,003,CDKL5_005_273_38,305,0.508,5,0.396,0.0,22.22
2025-10-11 23:12:49,003,CDKL5_005_273_38,156,0.26,7,0.642,0.0,22.07
2025-10-11 23:22:51,003,CDKL5_005_273_38,371,0.617,1,0.097,0.0,22.15
2025-10-11 23:32:54,003,CDKL5_005_273_38,308,0.513,5,0.394,0.0,22.17
2025-10-11 23:42:57,003,CDKL5_005_273_38,345,0.574,5,0.367,0.0,22.1
2025-10-11 23:53:00,003,CDKL5_005_273_38,345,0.574,4,0.317,0.0,22.07
2025-10-12 00:03:03,003,CDKL5_005_273_38,97,0.161,8,0.767,0.0,22.09
2025-10-12 00:13:05,003,CDKL5_005_273_38,22,0.037,12,0.956,0.0,22.0
2025-10-12 00:23:08,003,CDKL5_005_273_38,21,0.035,13,0.961,0.0,21.94
2025-10-12 00:33:12,003,CDKL5_005_273_38,6,0.01,14,0.989,0.0,21.86
2025-10-12 00:43:15,003,CDKL5_005_273_38,2,0.003,14,0.996,0.0,21.83
2025-10-12 00:53:18,003,CDKL5_005_273_38,42,0.07,13,0.925,0.0,21.81
2025-10-12 01:03:21,003,CDKL5_005_273_38,24,0.04,12,0.952,0.0,21.8
2025-10-12 01:13:24,003,CDKL5_005_273_38,4,0.007,14,0.993,0.0,21.76
2025-10-12 01:23:27,003,CDKL5_005_273_38,5,0.008,14,0.991,0.0,21.74
2025-10-12 01:33:30,003,CDKL5_005_273_38,41,0.068,12,0.921,0.0,21.73
2025-10-12 01:43:33,003,CDKL5_005_273_38,2,0.003,14,0.996,0.0,21.71
2025-10-12 01:53:35,003,CDKL5_005_273_38,7,0.012,14,0.988,0.0,21.69
2025-10-12 02:03:38,003,CDKL5_005_273_38,98,0.163,10,0.803,0.0,21.7
2025-10-12 02:13:41,003,CDKL5_005_273_38,297,0.493,2,0.212,0.0,21.74
2025-10-12 02:23:44,003,CDKL5_005_273_38,96,0.16,10,0.806,0.0,21.71
2025-10-12 02:33:58,003,CDKL5_005_273_38,120,0.2,10,0.769,0.0,21.76
2025-10-12 02:44:00,003,CDKL5_005_273_38,197,0.328,7,0.587,0.0,21.78
2025-10-12 02:54:04,003,CDKL5_005_273_38,229,0.381,6,0.512,0.0,21.78
2025-10-12 03:04:07,003,CDKL5_005_273_38,291,0.484,6,0.452,0.0,21.81
2025-10-12 03:14:09,003,CDKL5_005_273_38,205,0.342,7,0.577,0.0,21.84
2025-10-12 03:24:12,003,CDKL5_005_273_38,161,0.268,8,0.665,0.0,21.81
2025-10-12 03:34:15,003,CDKL5_005_273_38,369,0.614,4,0.302,0.0,21.96
2025-10-12 03:44:18,003,CDKL5_005_273_38,426,0.709,3,0.22,0.0,21.97
2025-10-12 03:54:21,003,CDKL5_005_273_38,511,0.849,0,0.0,0.0,22.02
2025-10-12 04:04:24,003,CDKL5_005_273_38,265,0.441,6,0.475,0.0,22.03
2025-10-12 04:14:28,003,CDKL5_005_273_38,236,0.393,1,0.145,0.0,22.04
2025-10-12 04:24:30,003,CDKL5_005_273_38,72,0.12,13,0.878,0.0,21.98
2025-10-12 04:34:33,003,CDKL5_005_273_38,8,0.013,14,0.986,0.0,21.89
2025-10-12 04:44:35,003,CDKL5_005_273_38,21,0.035,11,0.954,0.0,21.82
2025-10-12 04:54:38,003,CDKL5_005_273_38,0,0.0,15,1.0,0.0,21.79
2025-10-12 05:04:41,003,CDKL5_005_273_38,50,0.083,11,0.898,0.0,21.77
2025-10-12 05:14:43,003,CDKL5_005_273_38,179,0.298,5,0.528,0.0,21.76
2025-10-12 05:24:46,003,CDKL5_005_273_38,206,0.343,5,0.493,0.0,21.7
2025-10-12 05:34:50,003,CDKL5_005_273_38,125,0.208,10,0.762,0.0,21.64
2025-10-12 05:44:52,003,CDKL5_005_273_38,250,0.416,6,0.49,0.0,21.75
2025-10-12 05:54:55,003,CDKL5_005_273_38,103,0.171,10,0.795,0.0,21.66
2025-10-12 06:04:58,003,CDKL5_005_273_38,234,0.389,6,0.506,2.2176,21.78
2025-10-12 06:15:00,003,CDKL5_005_273_38,0,0.0,15,1.0,1.3248,21.71
2025-10-12 06:25:03,003,CDKL5_005_273_38,169,0.281,9,0.681,9.7272,21.74
2025-10-12 06:35:20,003,CDKL5_005_273_38,391,0.653,0,0.0,9.3744,21.93
2025-10-12 06:45:23,003,CDKL5_005_273_38,0,0.0,15,1.0,9.3456,21.99
2025-10-12 06:55:26,003,CDKL5_005_273_38,0,0.0,15,1.0,9.3384,21.98
2025-10-12 07:05:29,003,CDKL5_005_273_38,0,0.0,15,1.0,9.2808,21.97
2025-10-12 07:15:32,003,CDKL5_005_273_38,0,0.0,15,1.0,9.2628,21.95
2025-10-12 07:25:35,003,CDKL5_005_273_38,3,0.005,14,0.995,9.3528,21.93
2025-10-12 07:35:38,003,CDKL5_005_273_38,3,0.005,14,0.995,9.3024,21.88
2025-10-12 07:45:41,003,CDKL5_005_273_38,0,0.0,15,1.0,9.216,21.87
2025-10-12 07:55:44,003,CDKL5_005_273_38,9,0.015,13,0.983,9.3384,21.87
2025-10-12 08:05:47,003,CDKL5_005_273_38,0,0.0,15,1.0,9.3024,21.84
2025-10-12 08:15:50,003,CDKL5_005_273_38,4,0.007,14,0.993,9.2268,21.81
2025-10-12 08:25:53,003,CDKL5_005_273_38,0,0.0,15,1.0,9.252,21.82
2025-10-12 08:35:55,003,CDKL5_005_273_38,0,0.0,15,1.0,9.2304,21.82
2025-10-12 08:45:58,003,CDKL5_005_273_38,6,0.01,13,0.989,9.2232,21.82
2025-10-12 08:56:00,003,CDKL5_005_273_38,0,0.0,15,1.0,9.252,21.82
2025-10-12 09:06:04,003,CDKL5_005_273_38,0,0.0,15,1.0,9.2448,21.82
2025-10-12 09:16:07,003,CDKL5_005_273_38,9,0.015,13,0.983,9.2664,21.84
2025-10-12 09:26:10,003,CDKL5_005_273_38,17,0.028,13,0.968,9.036,21.84
2025-10-12 09:36:12,003,CDKL5_005_273_38,157,0.261,3,0.433,9.0936,21.93
2025-10-12 09:46:15,003,CDKL5_005_273_38,34,0.057,13,0.939,8.0208,21.8
2025-10-12 09:56:18,003,CDKL5_005_273_38,149,0.248,10,0.729,4.3956,21.77
2025-10-12 10:06:21,003,CDKL5_005_273_38,216,0.359,5,0.481,10.2888,21.81
2025-10-12 10:16:24,003,CDKL5_005_273_38,229,0.381,5,0.466,6.5268,21.88
2025-10-12 10:26:27,003,CDKL5_005_273_38,84,0.14,8,0.792,6.9588,21.85
2025-10-12 10:36:47,003,CDKL5_005_273_38,80,0.134,10,0.833,6.9624,21.84
2025-10-12 10:46:50,003,CDKL5_005_273_38,3,0.005,13,0.994,7.1676,21.8
2025-10-12 10:56:53,003,CDKL5_005_273_38,3,0.005,14,0.995,7.1136,21.76
2025-10-12 11:06:56,003,CDKL5_005_273_38,0,0.0,15,1.0,7.488,21.71
2025-10-12 11:16:59,003,CDKL5_005_273_38,0,0.0,15,1.0,7.4664,21.67
2025-10-12 11:27:02,003,CDKL5_005_273_38,0,0.0,15,1.0,7.4592,21.67
2025-10-12 11:37:05,003,CDKL5_005_273_38,3,0.005,14,0.995,7.416,21.67
2025-10-12 11:47:07,003,CDKL5_005_273_38,5,0.008,14,0.991,7.434,21.64
2025-10-12 11:57:10,003,CDKL5_005_273_38,0,0.0,15,1.0,7.4592,21.63
2025-10-12 12:07:13,003,CDKL5_005_273_38,2,0.003,14,0.996,7.4376,21.62
2025-10-12 12:17:16,003,CDKL5_005_273_38,2,0.003,15,0.997,7.3908,21.61
2025-10-12 12:27:19,003,CDKL5_005_273_38,10,0.017,14,0.982,7.344,21.62
2025-10-12 12:37:22,003,CDKL5_005_273_38,11,0.018,14,0.981,7.308,21.62
2025-10-12 12:47:25,003,CDKL5_005_273_38,1,0.002,15,0.998,7.2756,21.61
2025-10-12 12:57:28,003,CDKL5_005_273_38,5,0.008,13,0.99,7.3692,21.6
2025-10-12 13:07:31,003,CDKL5_005_273_38,16,0.027,14,0.972,7.4232,21.59
2025-10-12 13:17:34,003,CDKL5_005_273_38,21,0.035,13,0.961,6.8616,21.59
2025-10-12 13:27:37,003,CDKL5_005_273_38,8,0.013,13,0.985,6.9084,21.59
2025-10-12 13:37:40,003,CDKL5_005_273_38,117,0.195,5,0.631,6.984,21.62
2025-10-12 13:47:43,003,CDKL5_005_273_38,172,0.286,7,0.619,8.4384,21.61
2025-10-12 13:57:46,003,CDKL5_005_273_38,139,0.231,2,0.365,8.3988,21.66
2025-10-12 14:07:49,003,CDKL5_005_273_38,6,0.01,14,0.989,8.4132,21.63
2025-10-12 14:17:53,003,CDKL5_005_273_38,0,0.0,15,1.0,8.4312,21.62
2025-10-12 14:27:56,003,CDKL5_005_273_38,18,0.03,13,0.967,8.4096,21.61
2025-10-12 14:38:11,003,CDKL5_005_273_38,22,0.037,11,0.952,8.424,21.63
2025-10-12 14:48:14,003,CDKL5_005_273_38,8,0.013,14,0.986,8.424,21.61
2025-10-12 14:58:17,003,CDKL5_005_273_38,20,0.033,12,0.96,8.3232,21.61
2025-10-12 15:08:20,003,CDKL5_005_273_38,9,0.015,13,0.983,8.3304,21.6
2025-10-12 15:18:22,003,CDKL5_005_273_38,87,0.145,9,0.805,8.964,21.61
2025-10-12 15:28:25,003,CDKL5_005_273_38,47,0.078,13,0.917,8.0388,21.58
2025-10-12 15:38:29,003,CDKL5_005_273_38,113,0.188,9,0.761,8.2656,21.6
2025-10-12 15:48:31,003,CDKL5_005_273_38,38,0.063,7,0.881,8.2224,21.62
2025-10-12 15:58:34,003,CDKL5_005_273_38,21,0.035,13,0.961,8.2692,21.62
2025-10-12 16:08:37,003,CDKL5_005_273_38,15,0.025,11,0.967,8.2836,21.61
2025-10-12 16:18:40,003,CDKL5_005_273_38,21,0.035,11,0.954,8.2584,21.62
2025-10-12 16:28:43,003,CDKL5_005_273_38,13,0.022,13,0.976,8.2512,21.62
2025-10-12 16:38:45,003,CDKL5_005_273_38,16,0.027,14,0.972,8.2692,21.62
2025-10-12 16:48:48,003,CDKL5_005_273_38,104,0.173,9,0.776,8.064,21.64
2025-10-12 16:58:51,003,CDKL5_005_273_38,164,0.273,4,0.494,8.3052,21.67
2025-10-12 17:08:54,003,CDKL5_005_273_38,222,0.369,4,0.419,7.6896,21.69
2025-10-12 17:18:57,003,CDKL5_005_273_38,25,0.042,11,0.946,7.7868,21.68
2025-10-12 17:29:00,003,CDKL5_005_273_38,40,0.067,12,0.923,7.6176,21.67
2025-10-12 17:39:02,003,CDKL5_005_273_38,4,0.007,14,0.993,7.6644,21.66
2025-10-12 17:49:05,003,CDKL5_005_273_38,119,0.198,9,0.752,7.7976,21.66
2025-10-12 17:59:08,003,CDKL5_005_273_38,77,0.128,10,0.839,7.5204,21.71
2025-10-12 18:09:11,003,CDKL5_005_273_38,381,0.634,0,0.0,0.0,21.79
2025-10-12 18:19:14,003,CDKL5_005_273_38,256,0.426,5,0.439,0.0,21.86
2025-10-12 18:29:17,003,CDKL5_005_273_38,336,0.559,1,0.106,0.0,22.01
2025-10-12 18:39:33,003,CDKL5_005_273_38,247,0.412,5,0.447,0.0,22.11
2025-10-12 18:49:35,003,CDKL5_005_273_38,178,0.296,7,0.611,0.0,22.11
2025-10-12 18:59:39,003,CDKL5_005_273_38,281,0.468,3,0.299,0.0,22.06
2025-10-12 19:09:41,003,CDKL5_005_273_38,268,0.446,4,0.374,0.0,22.08
2025-10-12 19:19:44,003,CDKL5_005_273_38,231,0.384,5,0.464,0.0,22.08
2025-10-12 19:29:47,003,CDKL5_005_273_38,379,0.631,0,0.0,0.0,22.21
2025-10-12 19:39:50,003,CDKL5_005_273_38,225,0.374,6,0.516,0.0,22.16
2025-10-12 19:49:53,003,CDKL5_005_273_38,175,0.291,6,0.578,0.0,22.09
2025-10-12 19:59:56,003,CDKL5_005_273_38,223,0.372,6,0.518,0.0,22.06
2025-10-12 20:09:59,003,CDKL5_005_273_38,220,0.366,6,0.522,0.0,22.06
2025-10-12 20:20:01,003,CDKL5_005_273_38,143,0.238,6,0.627,0.0,22.02
2025-10-12 20:30:04,003,CDKL5_005_273_38,175,0.291,7,0.615,0.0,21.97
2025-10-12 20:40:06,003,CDKL5_005_273_38,172,0.286,8,0.65,0.0,21.95
2025-10-12 20:50:09,003,CDKL5_005_273_38,234,0.39,6,0.506,0.0,21.99
2025-10-12 21:00:12,003,CDKL5_005_273_38,288,0.478,3,0.294,0.0,22.16
2025-10-12 21:10:14,003,CDKL5_005_273_38,109,0.181,10,0.786,0.0,22.08
2025-10-12 21:20:17,003,CDKL5_005_273_38,268,0.446,4,0.374,0.0,22.17
2025-10-12 21:30:21,003,CDKL5_005_273_38,455,0.757,0,0.0,0.0,22.19
2025-10-12 21:40:23,003,CDKL5_005_273_38,110,0.183,11,0.8,0.0,22.11
2025-10-12 21:50:27,003,CDKL5_005_273_38,280,0.466,4,0.364,0.0,22.1
2025-10-12 22:00:30,003,CDKL5_005_273_38,114,0.189,10,0.778,0.0,21.92
2025-10-12 22:10:32,003,CDKL5_005_273_38,85,0.142,11,0.838,0.0,21.82
2025-10-12 22:20:35,003,CDKL5_005_273_38,215,0.358,9,0.626,0.0,21.83
2025-10-12 22:30:38,003,CDKL5_005_273_38,230,0.383,6,0.511,0.0,21.86
2025-10-12 22:41:01,003,CDKL5_005_273_38,248,0.414,3,0.326,0.0,22.03
2025-10-12 22:51:04,003,CDKL5_005_273_38,144,0.24,7,0.66,0.0,22.1
2025-10-12 23:01:07,003,CDKL5_005_273_38,0,0.0,15,1.0,0.0,21.99
2025-10-12 23:11:10,003,CDKL5_005_273_38,0,0.0,15,1.0,0.0,21.91
2025-10-12 23:21:12,003,CDKL5_005_273_38,0,0.0,15,1.0,0.0,21.83
2025-10-12 23:31:16,003,CDKL5_005_273_38,0,0.0,15,1.0,0.0,21.79
2025-10-12 23:41:18,003,CDKL5_005_273_38,0,0.0,15,1.0,0.0,21.78
2025-10-12 23:51:22,003,CDKL5_005_273_38,0,0.0,15,1.0,0.0,21.75
2025-10-11 00:00:50,002,CDKL5_005_273_39,76,0.127,6,0.759,0.0,22.09
2025-10-11 00:10:52,002,CDKL5_005_273_39,158,0.263,2,0.336,0.0,22.08
2025-10-11 00:20:55,002,CDKL5_005_273_39,138,0.23,4,0.537,0.0,22.09
2025-10-11 00:30:58,002,CDKL5_005_273_39,70,0.116,9,0.837,0.0,22.0
2025-10-11 00:41:01,002,CDKL5_005_273_39,78,0.13,9,0.822,0.0,21.9
2025-10-11 00:51:03,002,CDKL5_005_273_39,94,0.156,7,0.749,0.0,21.94
2025-10-11 01:01:06,002,CDKL5_005_273_39,32,0.053,12,0.938,0.0,21.83
2025-10-11 01:11:08,002,CDKL5_005_273_39,124,0.206,5,0.617,0.0,21.83
2025-10-11 01:21:32,002,CDKL5_005_273_39,122,0.204,5,0.621,0.0,21.95
2025-10-11 01:31:36,002,CDKL5_005_273_39,0,0.0,14,1.0,0.0,21.84
2025-10-11 01:41:38,002,CDKL5_005_273_39,0,0.0,14,1.0,0.0,21.72
2025-10-11 01:51:41,002,CDKL5_005_273_39,0,0.0,14,1.0,0.0,21.62
2025-10-11 02:01:44,002,CDKL5_005_273_39,0,0.0,14,1.0,0.0,21.54
2025-10-11 02:11:48,002,CDKL5_005_273_39,1,0.002,14,0.998,0.0,21.5
2025-10-11 02:21:50,002,CDKL5_005_273_39,0,0.0,14,1.0,0.0,21.46
2025-10-11 02:31:53,002,CDKL5_005_273_39,1,0.002,14,0.998,0.0,21.43
2025-10-11 02:41:56,002,CDKL5_005_273_39,105,0.175,8,0.753,0.0,21.49
2025-10-11 02:51:59,002,CDKL5_005_273_39,165,0.275,3,0.421,0.0,21.62
2025-10-11 03:02:01,002,CDKL5_005_273_39,57,0.095,8,0.849,0.0,21.67
2025-10-11 03:12:04,002,CDKL5_005_273_39,148,0.246,5,0.575,0.0,21.75
2025-10-11 03:22:08,002,CDKL5_005_273_39,9,0.015,13,0.983,0.0,21.68
2025-10-11 03:32:10,002,CDKL5_005_273_39,12,0.02,14,0.979,0.0,21.63
2025-10-11 03:42:13,002,CDKL5_005_273_39,110,0.183,7,0.718,0.0,21.67
2025-10-11 03:52:16,002,CDKL5_005_273_39,0,0.0,14,1.0,0.0,21.63
2025-10-11 04:02:19,002,CDKL5_005_273_39,0,0.0,14,1.0,0.0,21.54
2025-10-11 04:12:21,002,CDKL5_005_273_39,0,0.0,14,1.0,0.0,21.48
2025-10-11 04:22:23,002,CDKL5_005_273_39,89,0.148,7,0.759,0.0,21.49
2025-10-11 04:32:26,002,CDKL5_005_273_39,39,0.065,12,0.925,0.0,21.52
2025-10-11 04:42:30,002,CDKL5_005_273_39,65,0.108,9,0.847,0.0,21.54
2025-10-11 04:52:32,002,CDKL5_005_273_39,34,0.057,12,0.934,0.0,21.56
2025-10-11 05:02:35,002,CDKL5_005_273_39,114,0.19,6,0.678,0.0,21.6
2025-10-11 05:12:38,002,CDKL5_005_273_39,2,0.003,14,0.996,0.0,21.58
2025-10-11 05:23:02,002,CDKL5_005_273_39,41,0.069,12,0.921,0.0,21.57
2025-10-11 05:33:04,002,CDKL5_005_273_39,0,0.0,14,1.0,0.0,21.53
2025-10-11 05:43:07,002,CDKL5_005_273_39,125,0.208,5,0.615,0.0,21.53
2025-10-11 05:53:10,002,CDKL5_005_273_39,108,0.18,7,0.722,0.0,21.64
2025-10-11 06:03:13,002,CDKL5_005_273_39,0,0.0,14,1.0,2.6064,21.55
2025-10-11 06:13:15,002,CDKL5_005_273_39,6,0.01,13,0.989,2.1708,21.51
2025-10-11 06:23:18,002,CDKL5_005_273_39,3,0.005,14,0.995,2.2068,21.48
2025-10-11 06:33:21,002,CDKL5_005_273_39,0,0.0,14,1.0,2.196,21.44
2025-10-11 06:43:24,002,CDKL5_005_273_39,2,0.003,14,0.996,2.2032,21.4
2025-10-11 06:53:26,002,CDKL5_005_273_39,0,0.0,14,1.0,2.2032,21.39
2025-10-11 07:03:29,002,CDKL5_005_273_39,0,0.0,14,1.0,2.196,21.36
2025-10-11 07:13:31,002,CDKL5_005_273_39,0,0.0,14,1.0,2.2068,21.34
2025-10-11 07:23:34,002,CDKL5_005_273_39,0,0.0,14,1.0,2.1996,21.33
2025-10-11 07:33:37,002,CDKL5_005_273_39,1,0.002,14,0.998,2.1996,21.32
2025-10-11 07:43:40,002,CDKL5_005_273_39,1,0.002,14,0.998,2.196,21.31
2025-10-11 07:53:43,002,CDKL5_005_273_39,1,0.002,14,0.998,2.196,21.3
2025-10-11 08:03:46,002,CDKL5_005_273_39,0,0.0,14,1.0,2.1888,21.31
2025-10-11 08:13:49,002,CDKL5_005_273_39,2,0.003,13,0.996,2.2068,21.31
2025-10-11 08:23:51,002,CDKL5_005_273_39,1,0.002,14,0.998,2.196,21.3
2025-10-11 08:33:55,002,CDKL5_005_273_39,0,0.0,14,1.0,2.1888,21.3
2025-10-11 08:43:57,002,CDKL5_005_273_39,0,0.0,14,1.0,2.196,21.3
2025-10-11 08:53:59,002,CDKL5_005_273_39,1,0.002,14,0.998,2.2032,21.3
2025-10-11 09:04:02,002,CDKL5_005_273_39,0,0.0,14,1.0,2.196,21.3
2025-10-11 09:14:05,002,CDKL5_005_273_39,1,0.002,14,0.998,2.2032,21.28
2025-10-11 09:24:20,002,CDKL5_005_273_39,0,0.0,14,1.0,2.2032,21.32
2025-10-11 09:34:23,002,CDKL5_005_273_39,1,0.002,14,0.998,2.2032,21.31
2025-10-11 09:44:26,002,CDKL5_005_273_39,1,0.002,14,0.998,2.2032,21.31
2025-10-11 09:54:29,002,CDKL5_005_273_39,0,0.0,14,1.0,2.2032,21.3
2025-10-11 10:04:32,002,CDKL5_005_273_39,0,0.0,14,1.0,2.2104,21.28
2025-10-11 10:14:35,002,CDKL5_005_273_39,0,0.0,14,1.0,2.2104,21.3
2025-10-11 10:24:38,002,CDKL5_005_273_39,1,0.002,14,0.998,2.2104,21.31
2025-10-11 10:34:42,002,CDKL5_005_273_39,0,0.0,14,1.0,2.2104,21.33
2025-10-11 10:44:44,002,CDKL5_005_273_39,0,0.0,14,1.0,2.2176,21.34
2025-10-11 10:54:47,002,CDKL5_005_273_39,0,0.0,14,1.0,2.2032,21.36
2025-10-11 11:04:49,002,CDKL5_005_273_39,2,0.003,14,0.996,2.214,21.37
2025-10-11 11:14:52,002,CDKL5_005_273_39,0,0.0,14,1.0,2.2032,21.36
2025-10-11 11:24:55,002,CDKL5_005_273_39,0,0.0,14,1.0,2.2032,21.37
2025-10-11 11:34:58,002,CDKL5_005_273_39,2,0.003,14,0.996,2.214,21.37
2025-10-11 11:45:01,002,CDKL5_005_273_39,1,0.002,14,0.998,2.2032,21.36
2025-10-11 11:55:04,002,CDKL5_005_273_39,0,0.0,14,1.0,2.214,21.35
2025-10-11 12:05:06,002,CDKL5_005_273_39,1,0.002,14,0.998,2.2104,21.37
2025-10-11 12:15:09,002,CDKL5_005_273_39,1,0.002,14,0.998,2.2104,21.36
2025-10-11 12:25:12,002,CDKL5_005_273_39,10,0.017,13,0.981,2.1744,21.37
2025-10-11 12:35:15,002,CDKL5_005_273_39,0,0.0,14,1.0,2.1888,21.38
2025-10-11 12:45:18,002,CDKL5_005_273_39,0,0.0,14,1.0,2.1744,21.38
2025-10-11 12:55:20,002,CDKL5_005_273_39,1,0.002,14,0.998,2.1744,21.39
2025-10-11 13:05:22,002,CDKL5_005_273_39,0,0.0,14,1.0,2.1816,21.38
2025-10-11 13:15:26,002,CDKL5_005_273_39,0,0.0,14,1.0,2.1816,21.37
2025-10-11 13:25:41,002,CDKL5_005_273_39,0,0.0,14,1.0,2.178,21.41
2025-10-11 13:35:44,002,CDKL5_005_273_39,0,0.0,14,1.0,2.178,21.39
2025-10-11 13:45:47,002,CDKL5_005_273_39,0,0.0,14,1.0,2.1744,21.37
2025-10-11 13:55:50,002,CDKL5_005_273_39,3,0.005,14,0.995,2.1744,21.37
2025-10-11 14:05:53,002,CDKL5_005_273_39,0,0.0,14,1.0,2.1744,21.36
2025-10-11 14:15:56,002,CDKL5_005_273_39,1,0.002,14,0.998,2.1744,21.35
2025-10-11 14:25:58,002,CDKL5_005_273_39,0,0.0,14,1.0,2.1744,21.33
2025-10-11 14:36:01,002,CDKL5_005_273_39,0,0.0,14,1.0,2.1744,21.33
2025-10-11 14:46:04,002,CDKL5_005_273_39,1,0.002,14,0.998,2.1816,21.33
2025-10-11 14:56:07,002,CDKL5_005_273_39,0,0.0,14,1.0,2.1744,21.33
2025-10-11 15:06:09,002,CDKL5_005_273_39,1,0.002,14,0.998,2.1744,21.33
2025-10-11 15:16:12,002,CDKL5_005_273_39,10,0.017,13,0.981,2.1852,21.34
2025-10-11 15:26:14,002,CDKL5_005_273_39,0,0.0,14,1.0,2.1888,21.38
2025-10-11 15:36:16,002,CDKL5_005_273_39,4,0.007,12,0.992,2.1888,21.39
2025-10-11 15:46:19,002,CDKL5_005_273_39,0,0.0,14,1.0,2.1816,21.41
2025-10-11 15:56:22,002,CDKL5_005_273_39,1,0.002,14,0.998,2.1816,21.41
2025-10-11 16:06:25,002,CDKL5_005_273_39,2,0.003,14,0.996,2.1924,21.41
2025-10-11 16:16:28,002,CDKL5_005_273_39,0,0.0,14,1.0,2.1888,21.42
2025-10-11 16:26:30,002,CDKL5_005_273_39,2,0.003,13,0.996,2.196,21.43
2025-10-11 16:36:32,002,CDKL5_005_273_39,2,0.003,14,0.996,2.1816,21.43
2025-10-11 16:46:35,002,CDKL5_005_273_39,0,0.0,14,1.0,2.1888,21.43
2025-10-11 16:56:38,002,CDKL5_005_273_39,0,0.0,14,1.0,2.1888,21.42
2025-10-11 17:06:41,002,CDKL5_005_273_39,0,0.0,14,1.0,2.2032,21.4
2025-10-11 17:16:44,002,CDKL5_005_273_39,0,0.0,14,1.0,2.2068,21.39
2025-10-11 17:27:00,002,CDKL5_005_273_39,1,0.002,14,0.998,2.1852,21.4
2025-10-11 17:37:02,002,CDKL5_005_273_39,2,0.003,14,0.996,2.1528,21.41
2025-10-11 17:47:05,002,CDKL5_005_273_39,0,0.0,14,1.0,2.1528,21.4
2025-10-11 17:57:09,002,CDKL5_005_273_39,0,0.0,14,1.0,2.16,21.37
2025-10-11 18:07:11,002,CDKL5_005_273_39,1,0.002,14,0.998,0.0,21.33
2025-10-11 18:17:14,002,CDKL5_005_273_39,233,0.388,0,0.0,0.0,21.44
2025-10-11 18:27:17,002,CDKL5_005_273_39,189,0.314,4,0.458,0.0,21.57
2025-10-11 18:37:20,002,CDKL5_005_273_39,222,0.369,2,0.265,0.0,21.72
2025-10-11 18:47:23,002,CDKL5_005_273_39,181,0.301,2,0.307,0.0,21.8
2025-10-11 18:57:26,002,CDKL5_005_273_39,203,0.337,3,0.372,0.0,21.82
2025-10-11 19:07:29,002,CDKL5_005_273_39,177,0.294,4,0.475,0.0,21.92
2025-10-11 19:17:32,002,CDKL5_005_273_39,140,0.233,5,0.588,0.0,21.89
2025-10-11 19:27:34,002,CDKL5_005_273_39,141,0.235,6,0.63,0.0,21.92
2025-10-11 19:37:37,002,CDKL5_005_273_39,126,0.21,5,0.613,0.0,21.88
2025-10-11 19:47:40,002,CDKL5_005_273_39,151,0.251,5,0.57,0.0,21.87
2025-10-11 19:57:43,002,CDKL5_005_273_39,217,0.362,0,0.0,0.0,21.91
2025-10-11 20:07:45,002,CDKL5_005_273_39,97,0.161,7,0.743,0.0,21.93
2025-10-11 20:17:48,002,CDKL5_005_273_39,88,0.146,6,0.732,0.0,21.87
2025-10-11 20:27:51,002,CDKL5_005_273_39,116,0.193,4,0.58,0.0,21.88
2025-10-11 20:37:53,002,CDKL5_005_273_39,112,0.186,6,0.682,0.0,21.86
2025-10-11 20:47:56,002,CDKL5_005_273_39,56,0.093,9,0.865,0.0,21.81
2025-10-11 20:57:59,002,CDKL5_005_273_39,0,0.0,14,1.0,0.0,21.72
2025-10-11 21:08:01,002,CDKL5_005_273_39,0,0.0,14,1.0,0.0,21.63
2025-10-11 21:18:05,002,CDKL5_005_273_39,0,0.0,14,1.0,0.0,21.53
2025-10-11 21:28:30,002,CDKL5_005_273_39,0,0.0,14,1.0,0.0,21.5
2025-10-11 21:38:34,002,CDKL5_005_273_39,0,0.0,14,1.0,0.0,21.44
2025-10-11 21:48:36,002,CDKL5_005_273_39,140,0.233,4,0.533,0.0,21.5
2025-10-11 21:58:39,002,CDKL5_005_273_39,169,0.281,4,0.486,0.0,21.59
2025-10-11 22:08:42,002,CDKL5_005_273_39,159,0.265,4,0.502,0.0,21.68
2025-10-11 22:18:45,002,CDKL5_005_273_39,71,0.118,8,0.818,0.0,21.74
2025-10-11 22:28:48,002,CDKL5_005_273_39,29,0.048,12,0.943,0.0,21.69
2025-10-11 22:38:50,002,CDKL5_005_273_39,4,0.007,13,0.992,0.0,21.6
2025-10-11 22:48:53,002,CDKL5_005_273_39,0,0.0,14,1.0,0.0,21.51
2025-10-11 22:58:55,002,CDKL5_005_273_39,0,0.0,14,1.0,0.0,21.43
2025-10-11 23:08:57,002,CDKL5_005_273_39,0,0.0,14,1.0,0.0,21.39
2025-10-11 23:19:00,002,CDKL5_005_273_39,1,0.002,14,0.998,0.0,21.34
2025-10-11 23:29:03,002,CDKL5_005_273_39,0,0.0,14,1.0,0.0,21.32
2025-10-11 23:39:06,002,CDKL5_005_273_39,1,0.002,14,0.998,0.0,21.3
2025-10-11 23:49:09,002,CDKL5_005_273_39,0,0.0,14,1.0,0.0,21.28
2025-10-11 23:59:11,002,CDKL5_005_273_39,1,0.002,14,0.998,0.0,21.27
2025-10-12 00:09:15,002,CDKL5_005_273_39,0,0.0,14,1.0,0.0,21.26
2025-10-12 00:19:17,002,CDKL5_005_273_39,0,0.0,14,1.0,0.0,21.25
2025-10-12 00:29:20,002,CDKL5_005_273_39,61,0.101,9,0.855,0.0,21.28
2025-10-12 00:39:23,002,CDKL5_005_273_39,21,0.035,12,0.958,0.0,21.34
2025-10-12 00:49:26,002,CDKL5_005_273_39,1,0.002,14,0.998,0.0,21.36
2025-10-12 00:59:28,002,CDKL5_005_273_39,0,0.0,14,1.0,0.0,21.33
2025-10-12 01:09:31,002,CDKL5_005_273_39,1,0.002,14,0.998,0.0,21.3
2025-10-12 01:19:34,002,CDKL5_005_273_39,0,0.0,14,1.0,0.0,21.28
2025-10-12 01:29:58,002,CDKL5_005_273_39,0,0.0,14,1.0,0.0,21.33
2025-10-12 01:40:00,002,CDKL5_005_273_39,0,0.0,14,1.0,0.0,21.28
2025-10-12 01:50:03,002,CDKL5_005_273_39,1,0.002,14,0.998,0.0,21.26
2025-10-12 02:00:06,002,CDKL5_005_273_39,5,0.008,14,0.991,0.0,21.22
2025-10-12 02:10:09,002,CDKL5_005_273_39,1,0.002,13,0.998,0.0,21.2
2025-10-12 02:20:11,002,CDKL5_005_273_39,6,0.01,13,0.989,0.0,21.21
2025-10-12 02:30:14,002,CDKL5_005_273_39,51,0.085,10,0.887,0.0,21.29
2025-10-12 02:40:17,002,CDKL5_005_273_39,116,0.193,7,0.707,0.0,21.38
2025-10-12 02:50:20,002,CDKL5_005_273_39,43,0.071,11,0.911,0.0,21.44
2025-10-12 03:00:23,002,CDKL5_005_273_39,107,0.178,7,0.724,0.0,21.48
2025-10-12 03:10:25,002,CDKL5_005_273_39,82,0.136,6,0.745,0.0,21.52
2025-10-12 03:20:28,002,CDKL5_005_273_39,14,0.023,12,0.972,0.0,21.5
2025-10-12 03:30:30,002,CDKL5_005_273_39,5,0.008,14,0.991,0.0,21.48
2025-10-12 03:40:34,002,CDKL5_005_273_39,0,0.0,14,1.0,0.0,21.45
2025-10-12 03:50:36,002,CDKL5_005_273_39,2,0.003,14,0.996,0.0,21.42
2025-10-12 04:00:39,002,CDKL5_005_273_39,0,0.0,14,1.0,0.0,21.38
2025-10-12 04:10:43,002,CDKL5_005_273_39,0,0.0,14,1.0,0.0,21.34
2025-10-12 04:20:45,002,CDKL5_005_273_39,0,0.0,14,1.0,0.0,21.28
2025-10-12 04:30:48,002,CDKL5_005_273_39,1,0.002,14,0.998,0.0,21.27
2025-10-12 04:40:52,002,CDKL5_005_273_39,0,0.0,14,1.0,0.0,21.24
2025-10-12 04:50:54,002,CDKL5_005_273_39,1,0.002,14,0.998,0.0,21.22
2025-10-12 05:00:57,002,CDKL5_005_273_39,3,0.005,14,0.995,0.0,21.21
2025-10-12 05:10:59,002,CDKL5_005_273_39,0,0.0,14,1.0,0.0,21.24
2025-10-12 05:21:02,002,CDKL5_005_273_39,32,0.053,11,0.932,0.0,21.28
2025-10-12 05:31:19,002,CDKL5_005_273_39,31,0.052,10,0.928,0.0,21.39
2025-10-12 05:41:22,002,CDKL5_005_273_39,1,0.002,14,0.998,0.0,21.39
2025-10-12 05:51:24,002,CDKL5_005_273_39,0,0.0,14,1.0,0.0,21.37
2025-10-12 06:01:26,002,CDKL5_005_273_39,2,0.003,13,0.996,2.268,21.33
2025-10-12 06:11:29,002,CDKL5_005_273_39,0,0.0,14,1.0,2.1384,21.31
2025-10-12 06:21:32,002,CDKL5_005_273_39,3,0.005,13,0.994,2.268,21.32
2025-10-12 06:31:35,002,CDKL5_005_273_39,0,0.0,14,1.0,2.268,21.31
2025-10-12 06:41:38,002,CDKL5_005_273_39,0,0.0,14,1.0,2.268,21.32
2025-10-12 06:51:41,002,CDKL5_005_273_39,0,0.0,14,1.0,2.2608,21.31
2025-10-12 07:01:44,002,CDKL5_005_273_39,0,0.0,14,1.0,2.2608,21.31
2025-10-12 07:11:47,002,CDKL5_005_273_39,1,0.002,14,0.998,2.2716,21.29
2025-10-12 07:21:50,002,CDKL5_005_273_39,0,0.0,14,1.0,2.2608,21.29
2025-10-12 07:31:53,002,CDKL5_005_273_39,1,0.002,14,0.998,2.2608,21.28
2025-10-12 07:41:56,002,CDKL5_005_273_39,0,0.0,14,1.0,2.2608,21.28
2025-10-12 07:51:59,002,CDKL5_005_273_39,0,0.0,14,1.0,2.2716,21.28
2025-10-12 08:02:01,002,CDKL5_005_273_39,0,0.0,14,1.0,2.2608,21.27
2025-10-12 08:12:04,002,CDKL5_005_273_39,0,0.0,14,1.0,2.2608,21.26
2025-10-12 08:22:07,002,CDKL5_005_273_39,1,0.002,14,0.998,2.268,21.26
2025-10-12 08:32:10,002,CDKL5_005_273_39,1,0.002,14,0.998,2.2716,21.26
2025-10-12 08:42:13,002,CDKL5_005_273_39,0,0.0,14,1.0,2.2608,21.26
2025-10-12 08:52:16,002,CDKL5_005_273_39,0,0.0,14,1.0,2.2392,21.25
2025-10-12 09:02:18,002,CDKL5_005_273_39,0,0.0,14,1.0,2.1348,21.25
2025-10-12 09:12:21,002,CDKL5_005_273_39,2,0.003,14,0.996,2.1204,21.26
2025-10-12 09:22:23,002,CDKL5_005_273_39,0,0.0,14,1.0,2.1168,21.27
2025-10-12 09:32:37,002,CDKL5_005_273_39,0,0.0,14,1.0,2.2968,21.33
2025-10-12 09:42:40,002,CDKL5_005_273_39,0,0.0,14,1.0,2.304,21.3
2025-10-12 09:52:43,002,CDKL5_005_273_39,1,0.002,14,0.998,2.304,21.28
2025-10-12 10:02:46,002,CDKL5_005_273_39,1,0.002,14,0.998,2.304,21.26
2025-10-12 10:12:49,002,CDKL5_005_273_39,0,0.0,14,1.0,2.3112,21.25
2025-10-12 10:22:52,002,CDKL5_005_273_39,0,0.0,14,1.0,2.3112,21.25
2025-10-12 10:32:54,002,CDKL5_005_273_39,3,0.005,13,0.994,2.304,21.24
2025-10-12 10:42:58,002,CDKL5_005_273_39,0,0.0,14,1.0,2.304,21.24
2025-10-12 10:53:01,002,CDKL5_005_273_39,0,0.0,14,1.0,2.3148,21.23
2025-10-12 11:03:04,002,CDKL5_005_273_39,0,0.0,14,1.0,2.304,21.23
2025-10-12 11:13:06,002,CDKL5_005_273_39,1,0.002,14,0.998,2.3148,21.23
2025-10-12 11:23:09,002,CDKL5_005_273_39,1,0.002,14,0.998,2.304,21.22
2025-10-12 11:33:11,002,CDKL5_005_273_39,0,0.0,14,1.0,2.3148,21.22
2025-10-12 11:43:14,002,CDKL5_005_273_39,0,0.0,14,1.0,2.2176,21.21
2025-10-12 11:53:17,002,CDKL5_005_273_39,3,0.005,14,0.995,2.232,21.22
2025-10-12 12:03:19,002,CDKL5_005_273_39,0,0.0,14,1.0,2.448,21.21
2025-10-12 12:13:22,002,CDKL5_005_273_39,1,0.002,14,0.998,2.4408,21.22
2025-10-12 12:23:24,002,CDKL5_005_273_39,0,0.0,14,1.0,2.4408,21.2
2025-10-12 12:33:27,002,CDKL5_005_273_39,0,0.0,14,1.0,2.448,21.2
2025-10-12 12:43:30,002,CDKL5_005_273_39,0,0.0,14,1.0,2.448,21.19
2025-10-12 12:53:33,002,CDKL5_005_273_39,0,0.0,14,1.0,2.448,21.19
2025-10-12 13:03:35,002,CDKL5_005_273_39,1,0.002,14,0.998,2.448,21.19
2025-10-12 13:13:39,002,CDKL5_005_273_39,2,0.003,13,0.996,2.4408,21.19
2025-10-12 13:23:42,002,CDKL5_005_273_39,1,0.002,14,0.998,2.4408,21.18
2025-10-12 13:34:07,002,CDKL5_005_273_39,0,0.0,14,1.0,2.4408,21.22
2025-10-12 13:44:10,002,CDKL5_005_273_39,0,0.0,14,1.0,2.4516,21.2
2025-10-12 13:54:13,002,CDKL5_005_273_39,0,0.0,14,1.0,2.466,21.19
2025-10-12 14:04:15,002,CDKL5_005_273_39,1,0.002,14,0.998,2.4408,21.18
2025-10-12 14:14:18,002,CDKL5_005_273_39,0,0.0,14,1.0,2.2968,21.19
2025-10-12 14:24:21,002,CDKL5_005_273_39,2,0.003,14,0.996,2.178,21.2
2025-10-12 14:34:24,002,CDKL5_005_273_39,12,0.02,13,0.977,2.196,21.22
2025-10-12 14:44:26,002,CDKL5_005_273_39,0,0.0,14,1.0,2.2104,21.21
2025-10-12 14:54:30,002,CDKL5_005_273_39,0,0.0,14,1.0,2.2068,21.21
2025-10-12 15:04:32,002,CDKL5_005_273_39,0,0.0,14,1.0,2.2032,21.18
2025-10-12 15:14:35,002,CDKL5_005_273_39,0,0.0,14,1.0,2.2032,21.17
2025-10-12 15:24:38,002,CDKL5_005_273_39,0,0.0,14,1.0,2.2032,21.17
2025-10-12 15:34:40,002,CDKL5_005_273_39,0,0.0,14,1.0,2.2032,21.17
2025-10-12 15:44:43,002,CDKL5_005_273_39,2,0.003,13,0.996,2.2104,21.17
2025-10-12 15:54:45,002,CDKL5_005_273_39,0,0.0,14,1.0,2.2104,21.17
2025-10-12 16:04:48,002,CDKL5_005_273_39,1,0.002,14,0.998,2.1744,21.18
2025-10-12 16:14:51,002,CDKL5_005_273_39,1,0.002,14,0.998,2.196,21.2
2025-10-12 16:24:54,002,CDKL5_005_273_39,1,0.002,14,0.998,2.1888,21.19
2025-10-12 16:34:57,002,CDKL5_005_273_39,0,0.0,14,1.0,2.196,21.2
2025-10-12 16:45:00,002,CDKL5_005_273_39,1,0.002,14,0.998,2.1996,21.19
2025-10-12 16:55:03,002,CDKL5_005_273_39,1,0.002,14,0.998,2.196,21.19
2025-10-12 17:05:06,002,CDKL5_005_273_39,1,0.002,14,0.998,2.1744,21.2
2025-10-12 17:15:08,002,CDKL5_005_273_39,1,0.002,14,0.998,2.1888,21.2
2025-10-12 17:25:11,002,CDKL5_005_273_39,0,0.0,14,1.0,2.1168,21.21
2025-10-12 17:35:26,002,CDKL5_005_273_39,3,0.005,14,0.995,2.1744,21.24
2025-10-12 17:45:30,002,CDKL5_005_273_39,2,0.003,13,0.996,2.1672,21.23
2025-10-12 17:55:33,002,CDKL5_005_273_39,3,0.005,13,0.994,2.16,21.23
2025-10-12 18:05:36,002,CDKL5_005_273_39,57,0.095,10,0.875,0.0,21.24
2025-10-12 18:15:38,002,CDKL5_005_273_39,221,0.368,1,0.153,0.0,21.38
2025-10-12 18:25:41,002,CDKL5_005_273_39,253,0.42,1,0.137,0.0,21.54
2025-10-12 18:35:44,002,CDKL5_005_273_39,168,0.28,5,0.543,0.0,21.62
2025-10-12 18:45:46,002,CDKL5_005_273_39,82,0.136,10,0.83,0.0,21.72
2025-10-12 18:55:48,002,CDKL5_005_273_39,190,0.317,2,0.296,0.0,21.74
2025-10-12 19:05:51,002,CDKL5_005_273_39,190,0.316,2,0.296,0.0,21.83
2025-10-12 19:15:54,002,CDKL5_005_273_39,178,0.296,2,0.31,0.0,21.86
2025-10-12 19:25:56,002,CDKL5_005_273_39,141,0.235,5,0.587,0.0,21.86
2025-10-12 19:36:00,002,CDKL5_005_273_39,87,0.145,8,0.786,0.0,21.87
2025-10-12 19:46:02,002,CDKL5_005_273_39,62,0.103,10,0.866,0.0,21.81
2025-10-12 19:56:05,002,CDKL5_005_273_39,238,0.396,0,0.0,0.0,21.89
2025-10-12 20:06:08,002,CDKL5_005_273_39,161,0.268,2,0.332,0.0,21.92
2025-10-12 20:16:10,002,CDKL5_005_273_39,113,0.188,6,0.68,0.0,21.95
2025-10-12 20:26:13,002,CDKL5_005_273_39,96,0.159,8,0.769,0.0,21.91
2025-10-12 20:36:16,002,CDKL5_005_273_39,126,0.21,6,0.656,0.0,21.89
2025-10-12 20:46:19,002,CDKL5_005_273_39,149,0.248,4,0.518,0.0,21.9
2025-10-12 20:56:21,002,CDKL5_005_273_39,97,0.161,7,0.743,0.0,21.89
2025-10-12 21:06:24,002,CDKL5_005_273_39,40,0.067,11,0.917,0.0,21.79
2025-10-12 21:16:26,002,CDKL5_005_273_39,102,0.17,5,0.662,0.0,21.77
2025-10-12 21:26:29,002,CDKL5_005_273_39,5,0.008,14,0.991,0.0,21.72
2025-10-12 21:36:53,002,CDKL5_005_273_39,27,0.045,12,0.947,0.0,21.72
2025-10-12 21:46:56,002,CDKL5_005_273_39,0,0.0,14,1.0,0.0,21.6
2025-10-12 21:56:58,002,CDKL5_005_273_39,0,0.0,14,1.0,0.0,21.52
2025-10-12 22:07:01,002,CDKL5_005_273_39,1,0.002,14,0.998,0.0,21.45
2025-10-12 22:17:04,002,CDKL5_005_273_39,0,0.0,14,1.0,0.0,21.39
2025-10-12 22:27:06,002,CDKL5_005_273_39,0,0.0,14,1.0,0.0,21.35
2025-10-12 22:37:09,002,CDKL5_005_273_39,1,0.002,13,0.998,0.0,21.3
2025-10-12 22:47:12,002,CDKL5_005_273_39,1,0.002,14,0.998,0.0,21.27
2025-10-12 22:57:15,002,CDKL5_005_273_39,0,0.0,14,1.0,0.0,21.27
2025-10-12 23:07:18,002,CDKL5_005_273_39,0,0.0,14,1.0,0.0,21.27
2025-10-12 23:17:21,002,CDKL5_005_273_39,57,0.095,9,0.863,0.0,21.35
2025-10-12 23:27:24,002,CDKL5_005_273_39,0,0.0,14,1.0,0.0,21.39
2025-10-12 23:37:27,002,CDKL5_005_273_39,118,0.197,7,0.704,0.0,21.46
2025-10-12 23:47:30,002,CDKL5_005_273_39,0,0.0,14,1.0,0.0,21.49
2025-10-12 23:57:33,002,CDKL5_005_273_39,0,0.0,14,1.0,0.0,21.48
2025-10-11 00:03:04,005,CDKL5_005_273_40,0,0.0,15,1.0,0.0,21.47
2025-10-11 00:13:06,005,CDKL5_005_273_40,0,0.0,15,1.0,0.0,21.47
2025-10-11 00:23:09,005,CDKL5_005_273_40,0,0.0,15,1.0,0.0,21.44
2025-10-11 00:33:12,005,CDKL5_005_273_40,1,0.002,14,0.998,0.0,21.44
2025-10-11 00:43:15,005,CDKL5_005_273_40,246,0.409,1,0.14,0.0,21.49
2025-10-11 00:53:18,005,CDKL5_005_273_40,382,0.636,0,0.0,0.0,21.64
2025-10-11 01:03:20,005,CDKL5_005_273_40,410,0.682,0,0.0,0.0,21.79
2025-10-11 01:13:24,005,CDKL5_005_273_40,314,0.522,3,0.276,0.0,21.88
2025-10-11 01:23:26,005,CDKL5_005_273_40,283,0.471,3,0.298,0.0,21.89
2025-10-11 01:33:29,005,CDKL5_005_273_40,314,0.522,4,0.338,0.0,21.93
2025-10-11 01:43:32,005,CDKL5_005_273_40,249,0.414,1,0.138,0.0,21.93
2025-10-11 01:53:35,005,CDKL5_005_273_40,232,0.386,3,0.341,0.0,21.88
2025-10-11 02:03:39,005,CDKL5_005_273_40,287,0.478,2,0.218,0.0,21.94
2025-10-11 02:13:42,005,CDKL5_005_273_40,229,0.381,5,0.466,0.0,21.87
2025-10-11 02:24:05,005,CDKL5_005_273_40,116,0.194,5,0.633,0.0,21.88
2025-10-11 02:34:07,005,CDKL5_005_273_40,127,0.211,6,0.654,0.0,21.79
2025-10-11 02:44:10,005,CDKL5_005_273_40,174,0.29,4,0.479,0.0,21.72
2025-10-11 02:54:13,005,CDKL5_005_273_40,178,0.296,6,0.574,0.0,21.69
2025-10-11 03:04:15,005,CDKL5_005_273_40,177,0.295,6,0.576,0.0,21.65
2025-10-11 03:14:18,005,CDKL5_005_273_40,181,0.301,6,0.57,0.0,21.65
2025-10-11 03:24:21,005,CDKL5_005_273_40,147,0.245,6,0.62,0.0,21.64
2025-10-11 03:34:24,005,CDKL5_005_273_40,156,0.26,4,0.506,0.0,21.61
2025-10-11 03:44:28,005,CDKL5_005_273_40,206,0.343,4,0.437,0.0,21.65
2025-10-11 03:54:30,005,CDKL5_005_273_40,108,0.18,10,0.787,0.0,21.61
2025-10-11 04:04:33,005,CDKL5_005_273_40,152,0.253,6,0.612,0.0,21.59
2025-10-11 04:14:37,005,CDKL5_005_273_40,10,0.017,12,0.98,0.0,21.54
2025-10-11 04:24:40,005,CDKL5_005_273_40,19,0.032,12,0.962,0.0,21.48
2025-10-11 04:34:42,005,CDKL5_005_273_40,21,0.035,13,0.961,0.0,21.45
2025-10-11 04:44:46,005,CDKL5_005_273_40,0,0.0,15,1.0,0.0,21.4
2025-10-11 04:54:49,005,CDKL5_005_273_40,0,0.0,15,1.0,0.0,21.35
2025-10-11 05:04:52,005,CDKL5_005_273_40,0,0.0,15,1.0,0.0,21.3
2025-10-11 05:14:56,005,CDKL5_005_273_40,0,0.0,15,1.0,0.0,21.29
2025-10-11 05:24:58,005,CDKL5_005_273_40,0,0.0,15,1.0,0.0,21.26
2025-10-11 05:35:01,005,CDKL5_005_273_40,0,0.0,15,1.0,0.0,21.24
2025-10-11 05:45:04,005,CDKL5_005_273_40,0,0.0,15,1.0,0.0,21.22
2025-10-11 05:55:07,005,CDKL5_005_273_40,0,0.0,15,1.0,0.0,21.21
2025-10-11 06:05:10,005,CDKL5_005_273_40,0,0.0,15,1.0,2.8944,21.19
2025-10-11 06:15:13,005,CDKL5_005_273_40,0,0.0,15,1.0,2.8872,21.22
2025-10-11 06:25:33,005,CDKL5_005_273_40,0,0.0,15,1.0,2.8728,21.29
2025-10-11 06:35:36,005,CDKL5_005_273_40,0,0.0,15,1.0,2.8692,21.29
2025-10-11 06:45:38,005,CDKL5_005_273_40,0,0.0,15,1.0,2.8656,21.3
2025-10-11 06:55:42,005,CDKL5_005_273_40,0,0.0,15,1.0,2.8584,21.31
2025-10-11 07:05:45,005,CDKL5_005_273_40,0,0.0,15,1.0,2.8584,21.3
2025-10-11 07:15:47,005,CDKL5_005_273_40,0,0.0,15,1.0,2.8584,21.3
2025-10-11 07:25:50,005,CDKL5_005_273_40,0,0.0,15,1.0,2.862,21.3
2025-10-11 07:35:53,005,CDKL5_005_273_40,0,0.0,15,1.0,2.8512,21.31
2025-10-11 07:45:56,005,CDKL5_005_273_40,0,0.0,15,1.0,2.8512,21.31
2025-10-11 07:55:59,005,CDKL5_005_273_40,0,0.0,15,1.0,2.8548,21.32
2025-10-11 08:06:01,005,CDKL5_005_273_40,0,0.0,15,1.0,2.8512,21.31
2025-10-11 08:16:04,005,CDKL5_005_273_40,0,0.0,15,1.0,2.862,21.31
2025-10-11 08:26:07,005,CDKL5_005_273_40,0,0.0,15,1.0,2.8512,21.31
2025-10-11 08:36:10,005,CDKL5_005_273_40,0,0.0,15,1.0,2.8512,21.31
2025-10-11 08:46:13,005,CDKL5_005_273_40,0,0.0,15,1.0,2.8548,21.29
2025-10-11 08:56:16,005,CDKL5_005_273_40,33,0.055,12,0.936,2.61,21.32
2025-10-11 09:06:19,005,CDKL5_005_273_40,18,0.03,11,0.961,2.7216,21.37
2025-10-11 09:16:21,005,CDKL5_005_273_40,57,0.095,9,0.863,2.8008,21.41
2025-10-11 09:26:24,005,CDKL5_005_273_40,93,0.155,7,0.751,2.6496,21.5
2025-10-11 09:36:28,005,CDKL5_005_273_40,0,0.0,15,1.0,2.6604,21.46
2025-10-11 09:46:31,005,CDKL5_005_273_40,0,0.0,15,1.0,2.6604,21.43
2025-10-11 09:56:34,005,CDKL5_005_273_40,0,0.0,15,1.0,2.6604,21.38
2025-10-11 10:06:38,005,CDKL5_005_273_40,0,0.0,15,1.0,2.664,21.34
2025-10-11 10:16:41,005,CDKL5_005_273_40,0,0.0,15,1.0,2.6568,21.3
2025-10-11 10:26:53,005,CDKL5_005_273_40,0,0.0,15,1.0,2.6568,21.28
2025-10-11 10:36:56,005,CDKL5_005_273_40,0,0.0,15,1.0,2.6568,21.24
2025-10-11 10:46:58,005,CDKL5_005_273_40,0,0.0,15,1.0,2.6568,21.2
2025-10-11 10:57:01,005,CDKL5_005_273_40,0,0.0,15,1.0,2.6496,21.17
2025-10-11 11:07:04,005,CDKL5_005_273_40,0,0.0,15,1.0,2.6496,21.13
2025-10-11 11:17:08,005,CDKL5_005_273_40,0,0.0,15,1.0,2.6424,21.09
2025-10-11 11:27:10,005,CDKL5_005_273_40,0,0.0,15,1.0,2.6424,21.08
2025-10-11 11:37:13,005,CDKL5_005_273_40,0,0.0,15,1.0,2.6496,21.06
2025-10-11 11:47:16,005,CDKL5_005_273_40,0,0.0,15,1.0,2.6496,21.05
2025-10-11 11:57:19,005,CDKL5_005_273_40,0,0.0,15,1.0,2.6532,21.03
2025-10-11 12:07:22,005,CDKL5_005_273_40,0,0.0,15,1.0,2.6532,21.03
2025-10-11 12:17:25,005,CDKL5_005_273_40,0,0.0,15,1.0,2.6424,21.03
2025-10-11 12:27:28,005,CDKL5_005_273_40,0,0.0,15,1.0,2.6496,21.05
2025-10-11 12:37:31,005,CDKL5_005_273_40,0,0.0,15,1.0,2.6676,21.02
2025-10-11 12:47:33,005,CDKL5_005_273_40,0,0.0,15,1.0,2.664,21.02
2025-10-11 12:57:37,005,CDKL5_005_273_40,18,0.03,13,0.967,2.6136,21.06
2025-10-11 13:07:40,005,CDKL5_005_273_40,49,0.081,10,0.891,2.5056,21.1
2025-10-11 13:17:44,005,CDKL5_005_273_40,0,0.0,15,1.0,2.5236,21.1
2025-10-11 13:27:46,005,CDKL5_005_273_40,0,0.0,15,1.0,2.52,21.09
2025-10-11 13:37:49,005,CDKL5_005_273_40,0,0.0,15,1.0,2.52,21.06
2025-10-11 13:47:52,005,CDKL5_005_273_40,0,0.0,15,1.0,2.5236,21.05
2025-10-11 13:57:55,005,CDKL5_005_273_40,0,0.0,15,1.0,2.52,21.03
2025-10-11 14:07:57,005,CDKL5_005_273_40,0,0.0,15,1.0,2.5236,21.01
2025-10-11 14:18:00,005,CDKL5_005_273_40,0,0.0,15,1.0,2.5236,20.99
2025-10-11 14:28:15,005,CDKL5_005_273_40,0,0.0,15,1.0,2.5236,21.01
2025-10-11 14:38:18,005,CDKL5_005_273_40,0,0.0,15,1.0,2.4984,21.0
2025-10-11 14:48:21,005,CDKL5_005_273_40,0,0.0,15,1.0,2.5164,20.99
2025-10-11 14:58:25,005,CDKL5_005_273_40,0,0.0,15,1.0,2.4984,20.99
2025-10-11 15:08:28,005,CDKL5_005_273_40,0,0.0,15,1.0,2.4984,20.99
2025-10-11 15:18:31,005,CDKL5_005_273_40,0,0.0,15,1.0,2.5164,20.99
2025-10-11 15:28:34,005,CDKL5_005_273_40,0,0.0,15,1.0,2.5128,21.0
2025-10-11 15:38:36,005,CDKL5_005_273_40,0,0.0,15,1.0,2.5128,21.0
2025-10-11 15:48:39,005,CDKL5_005_273_40,0,0.0,15,1.0,2.5164,20.99
2025-10-11 15:58:42,005,CDKL5_005_273_40,0,0.0,15,1.0,2.5128,21.01
2025-10-11 16:08:46,005,CDKL5_005_273_40,0,0.0,15,1.0,2.5128,21.0
2025-10-11 16:18:48,005,CDKL5_005_273_40,0,0.0,15,1.0,2.5164,21.01
2025-10-11 16:28:51,005,CDKL5_005_273_40,0,0.0,15,1.0,2.5308,21.01
2025-10-11 16:38:54,005,CDKL5_005_273_40,3,0.005,14,0.995,2.5524,21.07
2025-10-11 16:48:57,005,CDKL5_005_273_40,0,0.0,15,1.0,2.5488,21.11
2025-10-11 16:59:00,005,CDKL5_005_273_40,0,0.0,15,1.0,2.5632,21.13
2025-10-11 17:09:02,005,CDKL5_005_273_40,0,0.0,15,1.0,2.5632,21.17
2025-10-11 17:19:06,005,CDKL5_005_273_40,0,0.0,15,1.0,2.5488,21.19
2025-10-11 17:29:09,005,CDKL5_005_273_40,0,0.0,15,1.0,2.5488,21.2
2025-10-11 17:39:11,005,CDKL5_005_273_40,0,0.0,15,1.0,2.5308,21.21
2025-10-11 17:49:15,005,CDKL5_005_273_40,6,0.01,14,0.989,2.5488,21.25
2025-10-11 17:59:18,005,CDKL5_005_273_40,7,0.012,13,0.987,2.5812,21.26
2025-10-11 18:09:21,005,CDKL5_005_273_40,207,0.344,1,0.162,0.0,21.42
2025-10-11 18:19:24,005,CDKL5_005_273_40,338,0.562,2,0.191,0.0,21.56
2025-10-11 18:29:42,005,CDKL5_005_273_40,278,0.464,1,0.126,0.0,21.66
2025-10-11 18:39:45,005,CDKL5_005_273_40,27,0.045,14,0.954,0.0,21.58
2025-10-11 18:49:48,005,CDKL5_005_273_40,228,0.379,5,0.467,0.0,21.63
2025-10-11 18:59:51,005,CDKL5_005_273_40,314,0.522,1,0.113,0.0,21.66
2025-10-11 19:09:55,005,CDKL5_005_273_40,173,0.288,7,0.618,0.0,21.67
2025-10-11 19:19:57,005,CDKL5_005_273_40,416,0.692,0,0.0,0.0,21.75
2025-10-11 19:30:00,005,CDKL5_005_273_40,261,0.434,2,0.235,0.0,21.78
2025-10-11 19:40:03,005,CDKL5_005_273_40,93,0.155,11,0.826,0.0,21.77
2025-10-11 19:50:06,005,CDKL5_005_273_40,235,0.391,3,0.338,0.0,21.74
2025-10-11 20:00:09,005,CDKL5_005_273_40,209,0.348,6,0.535,0.0,21.74
2025-10-11 20:10:12,005,CDKL5_005_273_40,144,0.239,9,0.714,0.0,21.75
2025-10-11 20:20:15,005,CDKL5_005_273_40,0,0.0,15,1.0,0.0,21.68
2025-10-11 20:30:18,005,CDKL5_005_273_40,0,0.0,15,1.0,0.0,21.61
2025-10-11 20:40:20,005,CDKL5_005_273_40,0,0.0,15,1.0,0.0,21.55
2025-10-11 20:50:23,005,CDKL5_005_273_40,0,0.0,15,1.0,0.0,21.51
2025-10-11 21:00:26,005,CDKL5_005_273_40,8,0.013,14,0.986,0.0,21.49
2025-10-11 21:10:29,005,CDKL5_005_273_40,190,0.317,6,0.558,0.0,21.52
2025-10-11 21:20:32,005,CDKL5_005_273_40,212,0.353,4,0.43,0.0,21.57
2025-10-11 21:30:35,005,CDKL5_005_273_40,241,0.401,3,0.332,0.0,21.63
2025-10-11 21:40:38,005,CDKL5_005_273_40,0,0.0,15,1.0,0.0,21.6
2025-10-11 21:50:40,005,CDKL5_005_273_40,0,0.0,15,1.0,0.0,21.56
2025-10-11 22:00:43,005,CDKL5_005_273_40,2,0.003,14,0.996,0.0,21.51
2025-10-11 22:10:46,005,CDKL5_005_273_40,44,0.073,11,0.909,0.0,21.5
2025-10-11 22:20:49,005,CDKL5_005_273_40,185,0.308,5,0.519,0.0,21.56
2025-10-11 22:31:03,005,CDKL5_005_273_40,291,0.486,4,0.355,0.0,21.78
2025-10-11 22:41:06,005,CDKL5_005_273_40,252,0.419,0,0.0,0.0,21.83
2025-10-11 22:51:09,005,CDKL5_005_273_40,322,0.536,1,0.11,0.0,21.88
2025-10-11 23:01:11,005,CDKL5_005_273_40,5,0.008,13,0.99,0.0,21.77
2025-10-11 23:11:15,005,CDKL5_005_273_40,7,0.012,13,0.987,0.0,21.66
2025-10-11 23:21:18,005,CDKL5_005_273_40,0,0.0,15,1.0,0.0,21.56
2025-10-11 23:31:21,005,CDKL5_005_273_40,2,0.003,14,0.996,0.0,21.49
2025-10-11 23:41:24,005,CDKL5_005_273_40,0,0.0,15,1.0,0.0,21.44
2025-10-11 23:51:27,005,CDKL5_005_273_40,0,0.0,15,1.0,0.0,21.39
2025-10-12 00:01:29,005,CDKL5_005_273_40,0,0.0,15,1.0,0.0,21.36
2025-10-12 00:11:32,005,CDKL5_005_273_40,0,0.0,15,1.0,0.0,21.33
2025-10-12 00:21:35,005,CDKL5_005_273_40,0,0.0,15,1.0,0.0,21.33
2025-10-12 00:31:38,005,CDKL5_005_273_40,0,0.0,15,1.0,0.0,21.32
2025-10-12 00:41:41,005,CDKL5_005_273_40,27,0.045,13,0.951,0.0,21.31
2025-10-12 00:51:43,005,CDKL5_005_273_40,106,0.176,9,0.773,0.0,21.34
2025-10-12 01:01:47,005,CDKL5_005_273_40,238,0.395,4,0.402,0.0,21.49
2025-10-12 01:11:49,005,CDKL5_005_273_40,93,0.155,10,0.811,0.0,21.47
2025-10-12 01:21:53,005,CDKL5_005_273_40,126,0.21,8,0.717,0.0,21.53
2025-10-12 01:31:56,005,CDKL5_005_273_40,61,0.101,12,0.887,0.0,21.5
2025-10-12 01:41:58,005,CDKL5_005_273_40,282,0.469,3,0.299,0.0,21.59
2025-10-12 01:52:02,005,CDKL5_005_273_40,265,0.441,1,0.131,0.0,21.69
2025-10-12 02:02:05,005,CDKL5_005_273_40,176,0.293,9,0.672,0.0,21.73
2025-10-12 02:12:08,005,CDKL5_005_273_40,99,0.165,8,0.764,0.0,21.66
2025-10-12 02:22:11,005,CDKL5_005_273_40,18,0.03,13,0.967,0.0,21.56
2025-10-12 02:32:34,005,CDKL5_005_273_40,85,0.142,10,0.825,0.0,21.56
2025-10-12 02:42:37,005,CDKL5_005_273_40,87,0.145,10,0.821,0.0,21.54
2025-10-12 02:52:40,005,CDKL5_005_273_40,127,0.211,10,0.759,0.0,21.5
2025-10-12 03:02:43,005,CDKL5_005_273_40,114,0.189,10,0.778,0.0,21.51
2025-10-12 03:12:45,005,CDKL5_005_273_40,66,0.11,10,0.858,0.0,21.48
2025-10-12 03:22:48,005,CDKL5_005_273_40,0,0.0,15,1.0,0.0,21.46
2025-10-12 03:32:51,005,CDKL5_005_273_40,0,0.0,15,1.0,0.0,21.41
2025-10-12 03:42:55,005,CDKL5_005_273_40,59,0.098,13,0.898,0.0,21.41
2025-10-12 03:52:57,005,CDKL5_005_273_40,113,0.188,6,0.68,0.0,21.41
2025-10-12 04:03:01,005,CDKL5_005_273_40,304,0.506,3,0.283,0.0,21.57
2025-10-12 04:13:04,005,CDKL5_005_273_40,147,0.244,9,0.71,0.0,21.6
2025-10-12 04:23:07,005,CDKL5_005_273_40,99,0.165,7,0.739,0.0,21.55
2025-10-12 04:33:10,005,CDKL5_005_273_40,68,0.113,11,0.866,0.0,21.52
2025-10-12 04:43:13,005,CDKL5_005_273_40,1,0.002,14,0.998,0.0,21.45
2025-10-12 04:53:16,005,CDKL5_005_273_40,21,0.035,14,0.964,0.0,21.41
2025-10-12 05:03:19,005,CDKL5_005_273_40,261,0.434,6,0.479,0.0,21.48
2025-10-12 05:13:21,005,CDKL5_005_273_40,137,0.228,8,0.7,0.0,21.51
2025-10-12 05:23:25,005,CDKL5_005_273_40,0,0.0,15,1.0,0.0,21.46
2025-10-12 05:33:28,005,CDKL5_005_273_40,2,0.003,14,0.996,0.0,21.4
2025-10-12 05:43:31,005,CDKL5_005_273_40,0,0.0,15,1.0,0.0,21.35
2025-10-12 05:53:34,005,CDKL5_005_273_40,0,0.0,15,1.0,0.0,21.31
2025-10-12 06:03:37,005,CDKL5_005_273_40,246,0.409,6,0.494,2.1384,21.45
2025-10-12 06:13:40,005,CDKL5_005_273_40,57,0.095,10,0.875,2.4768,21.48
2025-10-12 06:23:43,005,CDKL5_005_273_40,0,0.0,15,1.0,2.4732,21.46
2025-10-12 06:33:59,005,CDKL5_005_273_40,0,0.0,15,1.0,2.4696,21.45
2025-10-12 06:44:02,005,CDKL5_005_273_40,0,0.0,15,1.0,2.4588,21.39
2025-10-12 06:54:05,005,CDKL5_005_273_40,0,0.0,15,1.0,2.4732,21.39
2025-10-12 07:04:07,005,CDKL5_005_273_40,0,0.0,15,1.0,2.4624,21.37
2025-10-12 07:14:10,005,CDKL5_005_273_40,0,0.0,15,1.0,2.466,21.35
2025-10-12 07:24:13,005,CDKL5_005_273_40,0,0.0,15,1.0,2.466,21.34
2025-10-12 07:34:16,005,CDKL5_005_273_40,0,0.0,15,1.0,2.466,21.33
2025-10-12 07:44:19,005,CDKL5_005_273_40,0,0.0,15,1.0,2.466,21.32
2025-10-12 07:54:22,005,CDKL5_005_273_40,0,0.0,15,1.0,2.466,21.32
2025-10-12 08:04:25,005,CDKL5_005_273_40,0,0.0,15,1.0,2.4552,21.31
2025-10-12 08:14:28,005,CDKL5_005_273_40,0,0.0,15,1.0,2.466,21.3
2025-10-12 08:24:31,005,CDKL5_005_273_40,0,0.0,15,1.0,2.4624,21.29
2025-10-12 08:34:34,005,CDKL5_005_273_40,0,0.0,15,1.0,2.4552,21.29
2025-10-12 08:44:36,005,CDKL5_005_273_40,0,0.0,15,1.0,2.4552,21.29
2025-10-12 08:54:40,005,CDKL5_005_273_40,0,0.0,15,1.0,2.4552,21.29
2025-10-12 09:04:43,005,CDKL5_005_273_40,0,0.0,15,1.0,2.4624,21.3
2025-10-12 09:14:45,005,CDKL5_005_273_40,0,0.0,15,1.0,2.4552,21.29
2025-10-12 09:24:48,005,CDKL5_005_273_40,0,0.0,15,1.0,2.466,21.27
2025-10-12 09:34:52,005,CDKL5_005_273_40,0,0.0,15,1.0,2.4624,21.27
2025-10-12 09:44:55,005,CDKL5_005_273_40,0,0.0,15,1.0,2.4552,21.28
2025-10-12 09:54:58,005,CDKL5_005_273_40,0,0.0,15,1.0,2.4552,21.28
2025-10-12 10:05:01,005,CDKL5_005_273_40,5,0.008,14,0.991,2.3904,21.28
2025-10-12 10:15:04,005,CDKL5_005_273_40,0,0.0,15,1.0,2.4228,21.3
2025-10-12 10:25:08,005,CDKL5_005_273_40,0,0.0,15,1.0,2.4156,21.32
2025-10-12 10:35:17,005,CDKL5_005_273_40,0,0.0,15,1.0,2.4156,21.34
2025-10-12 10:45:20,005,CDKL5_005_273_40,0,0.0,15,1.0,2.4084,21.33
2025-10-12 10:55:24,005,CDKL5_005_273_40,0,0.0,15,1.0,2.4084,21.33
2025-10-12 11:05:27,005,CDKL5_005_273_40,0,0.0,15,1.0,2.4084,21.32
2025-10-12 11:15:30,005,CDKL5_005_273_40,0,0.0,15,1.0,2.4048,21.32
2025-10-12 11:25:33,005,CDKL5_005_273_40,0,0.0,15,1.0,2.4156,21.31
2025-10-12 11:35:36,005,CDKL5_005_273_40,0,0.0,15,1.0,2.4048,21.3
2025-10-12 11:45:39,005,CDKL5_005_273_40,0,0.0,15,1.0,2.4084,21.29
2025-10-12 11:55:43,005,CDKL5_005_273_40,0,0.0,15,1.0,2.4048,21.28
2025-10-12 12:05:46,005,CDKL5_005_273_40,0,0.0,15,1.0,2.4048,21.29
2025-10-12 12:15:48,005,CDKL5_005_273_40,0,0.0,15,1.0,2.4048,21.29
2025-10-12 12:25:52,005,CDKL5_005_273_40,0,0.0,15,1.0,2.4156,21.27
2025-10-12 12:35:55,005,CDKL5_005_273_40,0,0.0,15,1.0,2.412,21.27
2025-10-12 12:45:58,005,CDKL5_005_273_40,8,0.013,14,0.986,2.4084,21.25
2025-10-12 12:56:01,005,CDKL5_005_273_40,45,0.075,12,0.914,2.3004,21.29
2025-10-12 13:06:05,005,CDKL5_005_273_40,0,0.0,15,1.0,2.3868,21.32
2025-10-12 13:16:07,005,CDKL5_005_273_40,0,0.0,15,1.0,2.3184,21.31
2025-10-12 13:26:10,005,CDKL5_005_273_40,0,0.0,15,1.0,2.3256,21.3
2025-10-12 13:36:13,005,CDKL5_005_273_40,0,0.0,15,1.0,2.3292,21.3
2025-10-12 13:46:16,005,CDKL5_005_273_40,0,0.0,15,1.0,2.3292,21.28
2025-10-12 13:56:19,005,CDKL5_005_273_40,0,0.0,15,1.0,2.3292,21.26
2025-10-12 14:06:22,005,CDKL5_005_273_40,0,0.0,15,1.0,2.3256,21.27
2025-10-12 14:16:25,005,CDKL5_005_273_40,0,0.0,15,1.0,2.3364,21.26
2025-10-12 14:26:28,005,CDKL5_005_273_40,0,0.0,15,1.0,2.3364,21.25
2025-10-12 14:36:58,005,CDKL5_005_273_40,0,0.0,15,1.0,2.3256,21.3
2025-10-12 14:47:01,005,CDKL5_005_273_40,0,0.0,15,1.0,2.3256,21.27
2025-10-12 14:57:05,005,CDKL5_005_273_40,0,0.0,15,1.0,2.3256,21.26
2025-10-12 15:07:08,005,CDKL5_005_273_40,0,0.0,15,1.0,2.3364,21.25
2025-10-12 15:17:11,005,CDKL5_005_273_40,0,0.0,15,1.0,2.3328,21.23
2025-10-12 15:27:15,005,CDKL5_005_273_40,0,0.0,15,1.0,2.3256,21.22
2025-10-12 15:37:17,005,CDKL5_005_273_40,0,0.0,15,1.0,2.3256,21.22
2025-10-12 15:47:20,005,CDKL5_005_273_40,0,0.0,15,1.0,2.3292,21.22
2025-10-12 15:57:23,005,CDKL5_005_273_40,0,0.0,15,1.0,2.3256,21.21
2025-10-12 16:07:26,005,CDKL5_005_273_40,0,0.0,15,1.0,2.3256,21.22
2025-10-12 16:17:29,005,CDKL5_005_273_40,0,0.0,15,1.0,2.3292,21.23
2025-10-12 16:27:33,005,CDKL5_005_273_40,0,0.0,15,1.0,2.3256,21.21
2025-10-12 16:37:35,005,CDKL5_005_273_40,0,0.0,15,1.0,2.3364,21.23
2025-10-12 16:47:39,005,CDKL5_005_273_40,0,0.0,15,1.0,2.3328,21.23
2025-10-12 16:57:42,005,CDKL5_005_273_40,1,0.002,14,0.998,2.2104,21.23
2025-10-12 17:07:46,005,CDKL5_005_273_40,8,0.013,13,0.985,2.3004,21.25
2025-10-12 17:17:48,005,CDKL5_005_273_40,54,0.09,9,0.87,2.2968,21.29
2025-10-12 17:27:51,005,CDKL5_005_273_40,0,0.0,15,1.0,2.3076,21.27
2025-10-12 17:37:54,005,CDKL5_005_273_40,0,0.0,15,1.0,2.304,21.24
2025-10-12 17:47:58,005,CDKL5_005_273_40,0,0.0,15,1.0,2.3076,21.24
2025-10-12 17:58:00,005,CDKL5_005_273_40,0,0.0,15,1.0,2.2968,21.24
2025-10-12 18:08:03,005,CDKL5_005_273_40,0,0.0,15,1.0,0.0,21.24
2025-10-12 18:18:06,005,CDKL5_005_273_40,257,0.428,5,0.438,0.0,21.32
2025-10-12 18:28:10,005,CDKL5_005_273_40,339,0.564,2,0.191,0.0,21.45
2025-10-12 18:38:35,005,CDKL5_005_273_40,289,0.482,3,0.293,0.0,21.58
2025-10-12 18:48:38,005,CDKL5_005_273_40,168,0.28,6,0.588,0.0,21.6
2025-10-12 18:58:41,005,CDKL5_005_273_40,302,0.502,5,0.398,0.0,21.67
2025-10-12 19:08:43,005,CDKL5_005_273_40,165,0.275,7,0.629,0.0,21.72
2025-10-12 19:18:47,005,CDKL5_005_273_40,401,0.667,0,0.0,0.0,21.85
2025-10-12 19:28:49,005,CDKL5_005_273_40,239,0.398,6,0.501,0.0,21.9
2025-10-12 19:38:53,005,CDKL5_005_273_40,268,0.446,5,0.427,0.0,21.9
2025-10-12 19:48:56,005,CDKL5_005_273_40,130,0.216,9,0.735,0.0,21.79
2025-10-12 19:58:59,005,CDKL5_005_273_40,233,0.388,6,0.507,0.0,21.83
2025-10-12 20:09:02,005,CDKL5_005_273_40,247,0.411,4,0.393,0.0,21.82
2025-10-12 20:19:05,005,CDKL5_005_273_40,0,0.0,15,1.0,0.0,21.73
2025-10-12 20:29:08,005,CDKL5_005_273_40,103,0.171,9,0.778,0.0,21.69
2025-10-12 20:39:11,005,CDKL5_005_273_40,124,0.206,9,0.744,0.0,21.71
2025-10-12 20:49:14,005,CDKL5_005_273_40,96,0.16,12,0.833,0.0,21.66
2025-10-12 20:59:17,005,CDKL5_005_273_40,0,0.0,15,1.0,0.0,21.6
2025-10-12 21:09:20,005,CDKL5_005_273_40,0,0.0,15,1.0,0.0,21.54
2025-10-12 21:19:23,005,CDKL5_005_273_40,0,0.0,15,1.0,0.0,21.5
2025-10-12 21:29:25,005,CDKL5_005_273_40,0,0.0,15,1.0,0.0,21.45
2025-10-12 21:39:28,005,CDKL5_005_273_40,79,0.131,11,0.848,0.0,21.48
2025-10-12 21:49:32,005,CDKL5_005_273_40,405,0.674,1,0.09,0.0,21.64
2025-10-12 21:59:35,005,CDKL5_005_273_40,257,0.428,4,0.384,0.0,21.73
2025-10-12 22:09:38,005,CDKL5_005_273_40,236,0.392,5,0.459,0.0,21.77
2025-10-12 22:19:41,005,CDKL5_005_273_40,84,0.14,11,0.84,0.0,21.72
2025-10-12 22:29:45,005,CDKL5_005_273_40,372,0.619,0,0.0,0.0,21.8
2025-10-12 22:40:14,005,CDKL5_005_273_40,92,0.154,9,0.796,0.0,21.83
2025-10-12 22:50:17,005,CDKL5_005_273_40,132,0.22,5,0.602,0.0,21.76
2025-10-12 23:00:21,005,CDKL5_005_273_40,136,0.226,8,0.702,0.0,21.72
2025-10-12 23:10:24,005,CDKL5_005_273_40,126,0.209,9,0.741,0.0,21.73
2025-10-12 23:20:27,005,CDKL5_005_273_40,151,0.251,6,0.614,0.0,21.7
2025-10-12 23:30:30,005,CDKL5_005_273_40,108,0.179,8,0.748,0.0,21.67
2025-10-12 23:40:33,005,CDKL5_005_273_40,26,0.043,11,0.944,0.0,21.62
2025-10-12 23:50:36,005,CDKL5_005_273_40,4,0.007,13,0.992,0.0,21.56
2025-10-11 00:00:20,001,CDKL5_005_273_43,10,0.017,14,0.982,0.0,21.48
2025-10-11 00:10:23,001,CDKL5_005_273_43,0,0.0,15,1.0,0.0,21.44
2025-10-11 00:20:26,001,CDKL5_005_273_43,1,0.002,14,0.998,0.0,21.39
2025-10-11 00:30:29,001,CDKL5_005_273_43,0,0.0,15,1.0,0.0,21.33
2025-10-11 00:40:32,001,CDKL5_005_273_43,0,0.0,15,1.0,0.0,21.32
2025-10-11 00:50:35,001,CDKL5_005_273_43,0,0.0,15,1.0,0.0,21.3
2025-10-11 01:00:38,001,CDKL5_005_273_43,0,0.0,15,1.0,0.0,21.3
2025-10-11 01:10:41,001,CDKL5_005_273_43,0,0.0,15,1.0,0.0,21.3
2025-10-11 01:20:44,001,CDKL5_005_273_43,122,0.203,10,0.766,0.0,21.36
2025-10-11 01:30:47,001,CDKL5_005_273_43,85,0.142,11,0.838,0.0,21.38
2025-10-11 01:40:50,001,CDKL5_005_273_43,59,0.098,10,0.871,0.0,21.4
2025-10-11 01:50:53,001,CDKL5_005_273_43,20,0.033,14,0.966,0.0,21.33
2025-10-11 02:00:56,001,CDKL5_005_273_43,0,0.0,15,1.0,0.0,21.25
2025-10-11 02:10:59,001,CDKL5_005_273_43,0,0.0,15,1.0,0.0,21.2
2025-10-11 02:21:02,001,CDKL5_005_273_43,0,0.0,15,1.0,0.0,21.15
2025-10-11 02:31:05,001,CDKL5_005_273_43,0,0.0,15,1.0,0.0,21.1
2025-10-11 02:41:27,001,CDKL5_005_273_43,0,0.0,15,1.0,0.0,21.11
2025-10-11 02:51:30,001,CDKL5_005_273_43,0,0.0,15,1.0,0.0,21.07
2025-10-11 03:01:33,001,CDKL5_005_273_43,0,0.0,15,1.0,0.0,21.05
2025-10-11 03:11:36,001,CDKL5_005_273_43,18,0.03,14,0.969,0.0,21.04
2025-10-11 03:21:40,001,CDKL5_005_273_43,0,0.0,15,1.0,0.0,21.04
2025-10-11 03:31:43,001,CDKL5_005_273_43,7,0.012,14,0.988,0.0,21.04
2025-10-11 03:41:46,001,CDKL5_005_273_43,9,0.015,14,0.984,0.0,21.04
2025-10-11 03:51:49,001,CDKL5_005_273_43,0,0.0,15,1.0,0.0,21.04
2025-10-11 04:01:52,001,CDKL5_005_273_43,0,0.0,15,1.0,0.0,21.03
2025-10-11 04:11:55,001,CDKL5_005_273_43,0,0.0,15,1.0,0.0,21.02
2025-10-11 04:21:58,001,CDKL5_005_273_43,0,0.0,15,1.0,0.0,21.0
2025-10-11 04:32:01,001,CDKL5_005_273_43,0,0.0,15,1.0,0.0,21.0
2025-10-11 04:42:03,001,CDKL5_005_273_43,30,0.05,13,0.945,0.0,21.02
2025-10-11 04:52:06,001,CDKL5_005_273_43,173,0.288,3,0.41,0.0,21.1
2025-10-11 05:02:09,001,CDKL5_005_273_43,81,0.135,8,0.798,0.0,21.13
2025-10-11 05:12:12,001,CDKL5_005_273_43,91,0.151,10,0.815,0.0,21.16
2025-10-11 05:22:15,001,CDKL5_005_273_43,0,0.0,15,1.0,0.0,21.14
2025-10-11 05:32:18,001,CDKL5_005_273_43,0,0.0,15,1.0,0.0,21.11
2025-10-11 05:42:21,001,CDKL5_005_273_43,0,0.0,15,1.0,0.0,21.07
2025-10-11 05:52:24,001,CDKL5_005_273_43,0,0.0,15,1.0,0.0,21.04
2025-10-11 06:02:27,001,CDKL5_005_273_43,0,0.0,15,1.0,4.824,21.02
2025-10-11 06:12:30,001,CDKL5_005_273_43,0,0.0,15,1.0,4.806,21.01
2025-10-11 06:22:33,001,CDKL5_005_273_43,0,0.0,15,1.0,4.7592,21.02
2025-10-11 06:32:35,001,CDKL5_005_273_43,0,0.0,15,1.0,4.7628,21.02
2025-10-11 06:42:54,001,CDKL5_005_273_43,0,0.0,15,1.0,4.7232,21.07
2025-10-11 06:52:57,001,CDKL5_005_273_43,0,0.0,15,1.0,4.734,21.06
2025-10-11 07:03:00,001,CDKL5_005_273_43,0,0.0,15,1.0,4.7232,21.06
2025-10-11 07:13:03,001,CDKL5_005_273_43,0,0.0,15,1.0,4.7232,21.05
2025-10-11 07:23:06,001,CDKL5_005_273_43,0,0.0,15,1.0,4.7232,21.05
2025-10-11 07:33:09,001,CDKL5_005_273_43,2,0.003,14,0.996,4.7196,21.04
2025-10-11 07:43:12,001,CDKL5_005_273_43,0,0.0,15,1.0,4.698,21.04
2025-10-11 07:53:14,001,CDKL5_005_273_43,0,0.0,15,1.0,4.7124,21.06
2025-10-11 08:03:18,001,CDKL5_005_273_43,0,0.0,15,1.0,4.6908,21.06
2025-10-11 08:13:21,001,CDKL5_005_273_43,0,0.0,15,1.0,4.6872,21.07
2025-10-11 08:23:24,001,CDKL5_005_273_43,0,0.0,15,1.0,4.0968,21.08
2025-10-11 08:33:27,001,CDKL5_005_273_43,138,0.23,7,0.67,4.392,21.24
2025-10-11 08:43:30,001,CDKL5_005_273_43,0,0.0,15,1.0,4.4676,21.2
2025-10-11 08:53:33,001,CDKL5_005_273_43,0,0.0,15,1.0,4.5324,21.17
2025-10-11 09:03:36,001,CDKL5_005_273_43,0,0.0,15,1.0,4.536,21.15
2025-10-11 09:13:39,001,CDKL5_005_273_43,0,0.0,15,1.0,4.5288,21.13
2025-10-11 09:23:42,001,CDKL5_005_273_43,0,0.0,15,1.0,4.5468,21.1
2025-10-11 09:33:45,001,CDKL5_005_273_43,0,0.0,15,1.0,4.5396,21.08
2025-10-11 09:43:48,001,CDKL5_005_273_43,0,0.0,15,1.0,4.5288,21.07
2025-10-11 09:53:50,001,CDKL5_005_273_43,0,0.0,15,1.0,4.536,21.05
2025-10-11 10:03:54,001,CDKL5_005_273_43,0,0.0,15,1.0,4.5288,21.05
2025-10-11 10:13:56,001,CDKL5_005_273_43,0,0.0,15,1.0,4.5468,21.06
2025-10-11 10:23:59,001,CDKL5_005_273_43,0,0.0,15,1.0,4.5396,21.06
2025-10-11 10:34:02,001,CDKL5_005_273_43,0,0.0,15,1.0,4.536,21.06
2025-10-11 10:44:25,001,CDKL5_005_273_43,0,0.0,15,1.0,4.536,21.11
2025-10-11 10:54:28,001,CDKL5_005_273_43,0,0.0,15,1.0,4.5324,21.09
2025-10-11 11:04:31,001,CDKL5_005_273_43,0,0.0,15,1.0,4.5324,21.08
2025-10-11 11:14:33,001,CDKL5_005_273_43,0,0.0,15,1.0,4.5288,21.08
2025-10-11 11:24:37,001,CDKL5_005_273_43,0,0.0,15,1.0,4.5216,21.06
2025-10-11 11:34:40,001,CDKL5_005_273_43,0,0.0,15,1.0,4.5252,21.05
2025-10-11 11:44:43,001,CDKL5_005_273_43,0,0.0,15,1.0,4.518,21.04
2025-10-11 11:54:46,001,CDKL5_005_273_43,0,0.0,15,1.0,4.9104,21.05
2025-10-11 12:04:49,001,CDKL5_005_273_43,0,0.0,15,1.0,4.6548,21.05
2025-10-11 12:14:52,001,CDKL5_005_273_43,0,0.0,15,1.0,4.5,21.04
2025-10-11 12:24:56,001,CDKL5_005_273_43,0,0.0,15,1.0,4.4928,21.04
2025-10-11 12:34:59,001,CDKL5_005_273_43,0,0.0,15,1.0,4.5,21.05
2025-10-11 12:45:02,001,CDKL5_005_273_43,0,0.0,15,1.0,4.5,21.04
2025-10-11 12:55:05,001,CDKL5_005_273_43,0,0.0,15,1.0,4.5,21.04
2025-10-11 13:05:08,001,CDKL5_005_273_43,0,0.0,15,1.0,4.4964,21.03
2025-10-11 13:15:10,001,CDKL5_005_273_43,0,0.0,15,1.0,4.5036,21.03
2025-10-11 13:25:13,001,CDKL5_005_273_43,0,0.0,15,1.0,4.5,21.02
2025-10-11 13:35:15,001,CDKL5_005_273_43,0,0.0,15,1.0,4.5,21.02
2025-10-11 13:45:18,001,CDKL5_005_273_43,0,0.0,15,1.0,4.5072,21.02
2025-10-11 13:55:22,001,CDKL5_005_273_43,0,0.0,15,1.0,4.5,21.01
2025-10-11 14:05:25,001,CDKL5_005_273_43,0,0.0,15,1.0,4.5036,21.01
2025-10-11 14:15:28,001,CDKL5_005_273_43,0,0.0,15,1.0,4.4928,21.0
2025-10-11 14:25:31,001,CDKL5_005_273_43,0,0.0,15,1.0,4.4496,21.0
2025-10-11 14:35:34,001,CDKL5_005_273_43,0,0.0,15,1.0,4.4496,21.0
2025-10-11 14:46:04,001,CDKL5_005_273_43,0,0.0,15,1.0,4.5036,21.08
2025-10-11 14:56:08,001,CDKL5_005_273_43,0,0.0,15,1.0,4.4964,21.06
2025-10-11 15:06:11,001,CDKL5_005_273_43,0,0.0,15,1.0,4.4964,21.04
2025-10-11 15:16:13,001,CDKL5_005_273_43,0,0.0,15,1.0,4.5,21.04
2025-10-11 15:26:17,001,CDKL5_005_273_43,0,0.0,15,1.0,4.4928,21.02
2025-10-11 15:36:20,001,CDKL5_005_273_43,0,0.0,15,1.0,4.5,21.03
2025-10-11 15:46:23,001,CDKL5_005_273_43,0,0.0,15,1.0,4.5,21.03
2025-10-11 15:56:26,001,CDKL5_005_273_43,0,0.0,15,1.0,4.4928,21.03
2025-10-11 16:06:29,001,CDKL5_005_273_43,0,0.0,15,1.0,4.5,21.03
2025-10-11 16:16:32,001,CDKL5_005_273_43,0,0.0,15,1.0,4.5,21.03
2025-10-11 16:26:34,001,CDKL5_005_273_43,0,0.0,15,1.0,4.5144,21.03
2025-10-11 16:36:37,001,CDKL5_005_273_43,1,0.002,15,0.998,4.5324,21.04
2025-10-11 16:46:41,001,CDKL5_005_273_43,0,0.0,15,1.0,4.5036,21.03
2025-10-11 16:56:44,001,CDKL5_005_273_43,0,0.0,15,1.0,4.4928,21.03
2025-10-11 17:06:46,001,CDKL5_005_273_43,0,0.0,15,1.0,4.518,21.04
2025-10-11 17:16:49,001,CDKL5_005_273_43,0,0.0,15,1.0,4.5144,21.04
2025-10-11 17:26:52,001,CDKL5_005_273_43,0,0.0,15,1.0,4.5072,21.03
2025-10-11 17:36:55,001,CDKL5_005_273_43,0,0.0,15,1.0,4.5108,21.03
2025-10-11 17:46:57,001,CDKL5_005_273_43,0,0.0,15,1.0,4.5108,21.03
2025-10-11 17:57:00,001,CDKL5_005_273_43,0,0.0,15,1.0,4.4964,21.02
2025-10-11 18:07:03,001,CDKL5_005_273_43,0,0.0,15,1.0,0.0,21.01
2025-10-11 18:17:06,001,CDKL5_005_273_43,129,0.215,7,0.685,0.0,21.03
2025-10-11 18:27:09,001,CDKL5_005_273_43,146,0.243,7,0.657,0.0,21.1
2025-10-11 18:37:13,001,CDKL5_005_273_43,144,0.24,8,0.69,0.0,21.19
2025-10-11 18:48:09,001,CDKL5_005_273_43,170,0.285,5,0.541,0.0,21.39
2025-10-11 18:58:12,001,CDKL5_005_273_43,262,0.436,3,0.314,0.0,21.35
2025-10-11 19:08:15,001,CDKL5_005_273_43,84,0.14,9,0.811,0.0,21.33
2025-10-11 19:18:17,001,CDKL5_005_273_43,119,0.198,9,0.752,0.0,21.35
2025-10-11 19:28:20,001,CDKL5_005_273_43,178,0.296,7,0.611,0.0,21.4
2025-10-11 19:38:23,001,CDKL5_005_273_43,54,0.09,10,0.881,0.0,21.4
2025-10-11 19:48:26,001,CDKL5_005_273_43,45,0.075,12,0.914,0.0,21.34
2025-10-11 19:58:29,001,CDKL5_005_273_43,0,0.0,15,1.0,0.0,21.3
2025-10-11 20:08:31,001,CDKL5_005_273_43,0,0.0,15,1.0,0.0,21.26
2025-10-11 20:18:35,001,CDKL5_005_273_43,62,0.103,12,0.886,0.0,21.24
2025-10-11 20:28:38,001,CDKL5_005_273_43,200,0.333,3,0.375,0.0,21.28
2025-10-11 20:38:41,001,CDKL5_005_273_43,19,0.032,13,0.965,0.0,21.3
2025-10-11 20:48:44,001,CDKL5_005_273_43,17,0.028,14,0.971,0.0,21.29
2025-10-11 20:58:46,001,CDKL5_005_273_43,17,0.028,14,0.971,0.0,21.24
2025-10-11 21:08:49,001,CDKL5_005_273_43,0,0.0,15,1.0,0.0,21.19
2025-10-11 21:18:52,001,CDKL5_005_273_43,0,0.0,15,1.0,0.0,21.16
2025-10-11 21:28:55,001,CDKL5_005_273_43,0,0.0,15,1.0,0.0,21.12
2025-10-11 21:38:58,001,CDKL5_005_273_43,0,0.0,15,1.0,0.0,21.09
2025-10-11 21:49:01,001,CDKL5_005_273_43,0,0.0,15,1.0,0.0,21.07
2025-10-11 21:59:04,001,CDKL5_005_273_43,0,0.0,15,1.0,0.0,21.03
2025-10-11 22:09:08,001,CDKL5_005_273_43,0,0.0,15,1.0,0.0,21.01
2025-10-11 22:19:11,001,CDKL5_005_273_43,0,0.0,15,1.0,0.0,21.0
2025-10-11 22:29:14,001,CDKL5_005_273_43,0,0.0,15,1.0,0.0,20.98
2025-10-11 22:39:17,001,CDKL5_005_273_43,1,0.002,14,0.998,0.0,20.98
2025-10-11 22:49:44,001,CDKL5_005_273_43,78,0.13,9,0.822,0.0,21.08
2025-10-11 22:59:47,001,CDKL5_005_273_43,204,0.339,2,0.282,0.0,21.18
2025-10-11 23:09:50,001,CDKL5_005_273_43,129,0.214,6,0.65,0.0,21.26
2025-10-11 23:19:53,001,CDKL5_005_273_43,120,0.2,7,0.7,0.0,21.28
2025-10-11 23:29:56,001,CDKL5_005_273_43,151,0.251,5,0.57,0.0,21.3
2025-10-11 23:39:59,001,CDKL5_005_273_43,28,0.047,14,0.952,0.0,21.3
2025-10-11 23:50:02,001,CDKL5_005_273_43,20,0.033,13,0.963,0.0,21.24
2025-10-12 00:00:05,001,CDKL5_005_273_43,0,0.0,15,1.0,0.0,21.18
2025-10-12 00:10:08,001,CDKL5_005_273_43,0,0.0,15,1.0,0.0,21.13
2025-10-12 00:20:11,001,CDKL5_005_273_43,0,0.0,15,1.0,0.0,21.09
2025-10-12 00:30:14,001,CDKL5_005_273_43,0,0.0,15,1.0,0.0,21.04
2025-10-12 00:40:16,001,CDKL5_005_273_43,0,0.0,15,1.0,0.0,21.02
2025-10-12 00:50:19,001,CDKL5_005_273_43,0,0.0,15,1.0,0.0,21.0
2025-10-12 01:00:22,001,CDKL5_005_273_43,0,0.0,15,1.0,0.0,20.99
2025-10-12 01:10:24,001,CDKL5_005_273_43,0,0.0,15,1.0,0.0,20.96
2025-10-12 01:20:28,001,CDKL5_005_273_43,0,0.0,15,1.0,0.0,20.95
2025-10-12 01:30:31,001,CDKL5_005_273_43,0,0.0,15,1.0,0.0,20.95
2025-10-12 01:40:33,001,CDKL5_005_273_43,0,0.0,15,1.0,0.0,20.93
2025-10-12 01:50:36,001,CDKL5_005_273_43,0,0.0,15,1.0,0.0,20.92
2025-10-12 02:00:38,001,CDKL5_005_273_43,5,0.008,14,0.991,0.0,20.91
2025-10-12 02:10:41,001,CDKL5_005_273_43,59,0.098,10,0.871,0.0,20.95
2025-10-12 02:20:44,001,CDKL5_005_273_43,78,0.13,11,0.849,0.0,21.0
2025-10-12 02:30:47,001,CDKL5_005_273_43,18,0.03,14,0.969,0.0,21.05
2025-10-12 02:40:50,001,CDKL5_005_273_43,79,0.131,8,0.802,0.0,21.09
2025-10-12 02:51:25,001,CDKL5_005_273_43,81,0.135,11,0.845,0.0,21.22
2025-10-12 03:01:28,001,CDKL5_005_273_43,82,0.136,9,0.814,0.0,21.17
2025-10-12 03:11:31,001,CDKL5_005_273_43,32,0.053,13,0.942,0.0,21.19
2025-10-12 03:21:33,001,CDKL5_005_273_43,6,0.01,14,0.989,0.0,21.14
2025-10-12 03:31:35,001,CDKL5_005_273_43,1,0.002,15,0.998,0.0,21.09
2025-10-12 03:41:38,001,CDKL5_005_273_43,13,0.022,12,0.974,0.0,21.07
2025-10-12 03:51:41,001,CDKL5_005_273_43,179,0.298,5,0.528,0.0,21.13
2025-10-12 04:01:44,001,CDKL5_005_273_43,0,0.0,15,1.0,0.0,21.11
2025-10-12 04:11:46,001,CDKL5_005_273_43,0,0.0,15,1.0,0.0,21.06
2025-10-12 04:21:49,001,CDKL5_005_273_43,0,0.0,15,1.0,0.0,21.01
2025-10-12 04:31:52,001,CDKL5_005_273_43,0,0.0,15,1.0,0.0,20.97
2025-10-12 04:41:55,001,CDKL5_005_273_43,2,0.003,15,0.997,0.0,20.93
2025-10-12 04:51:58,001,CDKL5_005_273_43,0,0.0,15,1.0,0.0,20.9
2025-10-12 05:02:00,001,CDKL5_005_273_43,0,0.0,15,1.0,0.0,20.89
2025-10-12 05:12:03,001,CDKL5_005_273_43,0,0.0,15,1.0,0.0,20.87
2025-10-12 05:22:06,001,CDKL5_005_273_43,0,0.0,15,1.0,0.0,20.85
2025-10-12 05:32:09,001,CDKL5_005_273_43,0,0.0,15,1.0,0.0,20.85
2025-10-12 05:42:12,001,CDKL5_005_273_43,0,0.0,15,1.0,0.0,20.85
2025-10-12 05:52:15,001,CDKL5_005_273_43,0,0.0,15,1.0,0.0,20.85
2025-10-12 06:02:18,001,CDKL5_005_273_43,0,0.0,15,1.0,4.8888,20.84
2025-10-12 06:12:21,001,CDKL5_005_273_43,0,0.0,15,1.0,4.878,20.86
2025-10-12 06:22:24,001,CDKL5_005_273_43,0,0.0,15,1.0,4.8492,20.89
2025-10-12 06:32:27,001,CDKL5_005_273_43,0,0.0,15,1.0,4.8384,20.92
2025-10-12 06:42:30,001,CDKL5_005_273_43,0,0.0,15,1.0,4.8168,20.93
2025-10-12 06:52:57,001,CDKL5_005_273_43,0,0.0,15,1.0,4.8096,20.98
2025-10-12 07:03:00,001,CDKL5_005_273_43,0,0.0,15,1.0,4.8024,20.99
2025-10-12 07:13:03,001,CDKL5_005_273_43,0,0.0,15,1.0,4.752,20.99
2025-10-12 07:23:06,001,CDKL5_005_273_43,0,0.0,15,1.0,4.7628,21.01
2025-10-12 07:33:09,001,CDKL5_005_273_43,8,0.013,14,0.986,4.7916,21.02
2025-10-12 07:43:12,001,CDKL5_005_273_43,0,0.0,15,1.0,5.04,21.03
2025-10-12 07:53:15,001,CDKL5_005_273_43,101,0.168,10,0.798,4.4856,21.1
2025-10-12 08:03:18,001,CDKL5_005_273_43,0,0.0,15,1.0,4.4964,21.12
2025-10-12 08:13:21,001,CDKL5_005_273_43,0,0.0,15,1.0,4.518,21.11
2025-10-12 08:23:24,001,CDKL5_005_273_43,0,0.0,15,1.0,4.5072,21.09
2025-10-12 08:33:27,001,CDKL5_005_273_43,0,0.0,15,1.0,4.518,21.08
2025-10-12 08:43:30,001,CDKL5_005_273_43,0,0.0,15,1.0,4.518,21.05
2025-10-12 08:53:33,001,CDKL5_005_273_43,0,0.0,15,1.0,4.5072,21.04
2025-10-12 09:03:36,001,CDKL5_005_273_43,0,0.0,15,1.0,4.518,21.02
2025-10-12 09:13:39,001,CDKL5_005_273_43,0,0.0,15,1.0,4.5072,21.01
2025-10-12 09:23:42,001,CDKL5_005_273_43,0,0.0,15,1.0,4.518,21.0
2025-10-12 09:33:45,001,CDKL5_005_273_43,0,0.0,15,1.0,4.5144,20.99
2025-10-12 09:43:47,001,CDKL5_005_273_43,0,0.0,15,1.0,4.5144,20.97
2025-10-12 09:53:51,001,CDKL5_005_273_43,0,0.0,15,1.0,4.518,20.98
2025-10-12 10:03:54,001,CDKL5_005_273_43,0,0.0,15,1.0,4.5252,20.98
2025-10-12 10:13:56,001,CDKL5_005_273_43,0,0.0,15,1.0,4.5468,20.98
2025-10-12 10:24:00,001,CDKL5_005_273_43,0,0.0,15,1.0,4.536,20.98
2025-10-12 10:34:03,001,CDKL5_005_273_43,0,0.0,15,1.0,4.5144,20.98
2025-10-12 10:44:06,001,CDKL5_005_273_43,0,0.0,15,1.0,4.5144,20.97
2025-10-12 10:54:33,001,CDKL5_005_273_43,0,0.0,15,1.0,4.5144,21.02
2025-10-12 11:04:36,001,CDKL5_005_273_43,0,0.0,15,1.0,4.5252,21.0
2025-10-12 11:14:39,001,CDKL5_005_273_43,0,0.0,15,1.0,4.5216,20.98
2025-10-12 11:24:42,001,CDKL5_005_273_43,0,0.0,15,1.0,4.5144,20.97
2025-10-12 11:34:45,001,CDKL5_005_273_43,0,0.0,15,1.0,4.5252,20.96
2025-10-12 11:44:48,001,CDKL5_005_273_43,0,0.0,15,1.0,4.5144,20.95
2025-10-12 11:54:51,001,CDKL5_005_273_43,0,0.0,15,1.0,4.5144,20.94
2025-10-12 12:04:54,001,CDKL5_005_273_43,0,0.0,15,1.0,4.482,20.95
2025-10-12 12:14:56,001,CDKL5_005_273_43,16,0.027,13,0.97,4.3668,20.97
2025-10-12 12:24:59,001,CDKL5_005_273_43,32,0.053,13,0.942,4.3128,21.01
2025-10-12 12:35:02,001,CDKL5_005_273_43,0,0.0,15,1.0,4.32,21.02
2025-10-12 12:45:05,001,CDKL5_005_273_43,0,0.0,15,1.0,4.3236,20.99
2025-10-12 12:55:08,001,CDKL5_005_273_43,0,0.0,15,1.0,4.32,20.97
2025-10-12 13:05:11,001,CDKL5_005_273_43,0,0.0,15,1.0,4.32,20.96
2025-10-12 13:15:13,001,CDKL5_005_273_43,0,0.0,15,1.0,4.32,20.93
2025-10-12 13:25:16,001,CDKL5_005_273_43,0,0.0,15,1.0,4.3272,20.92
2025-10-12 13:35:18,001,CDKL5_005_273_43,0,0.0,15,1.0,4.338,20.91
2025-10-12 13:45:21,001,CDKL5_005_273_43,0,0.0,15,1.0,4.3272,20.91
2025-10-12 13:55:24,001,CDKL5_005_273_43,0,0.0,15,1.0,4.3272,20.9
2025-10-12 14:05:27,001,CDKL5_005_273_43,0,0.0,15,1.0,4.3272,20.9
2025-10-12 14:15:30,001,CDKL5_005_273_43,0,0.0,15,1.0,4.3308,20.91
2025-10-12 14:25:33,001,CDKL5_005_273_43,0,0.0,15,1.0,4.3272,20.9
2025-10-12 14:35:36,001,CDKL5_005_273_43,0,0.0,15,1.0,4.3272,20.9
2025-10-12 14:45:39,001,CDKL5_005_273_43,0,0.0,15,1.0,4.3308,20.89
2025-10-12 14:55:53,001,CDKL5_005_273_43,0,0.0,15,1.0,4.3272,20.92
2025-10-12 15:05:56,001,CDKL5_005_273_43,0,0.0,15,1.0,4.3272,20.9
2025-10-12 15:15:59,001,CDKL5_005_273_43,0,0.0,15,1.0,4.3128,20.9
2025-10-12 15:26:01,001,CDKL5_005_273_43,0,0.0,15,1.0,4.2948,20.9
2025-10-12 15:36:05,001,CDKL5_005_273_43,9,0.015,14,0.984,4.1688,20.9
2025-10-12 15:46:07,001,CDKL5_005_273_43,0,0.0,15,1.0,4.2048,20.92
2025-10-12 15:56:10,001,CDKL5_005_273_43,0,0.0,15,1.0,4.248,20.93
2025-10-12 16:06:13,001,CDKL5_005_273_43,0,0.0,15,1.0,4.2336,20.92
2025-10-12 16:16:16,001,CDKL5_005_273_43,0,0.0,15,1.0,4.2408,20.92
2025-10-12 16:26:19,001,CDKL5_005_273_43,0,0.0,15,1.0,4.2408,20.91
2025-10-12 16:36:22,001,CDKL5_005_273_43,0,0.0,15,1.0,4.2336,20.92
2025-10-12 16:46:25,001,CDKL5_005_273_43,0,0.0,15,1.0,4.2588,20.92
2025-10-12 16:56:28,001,CDKL5_005_273_43,0,0.0,15,1.0,4.2408,20.92
2025-10-12 17:06:31,001,CDKL5_005_273_43,0,0.0,15,1.0,4.2408,20.92
2025-10-12 17:16:33,001,CDKL5_005_273_43,0,0.0,15,1.0,4.2552,20.93
2025-10-12 17:26:37,001,CDKL5_005_273_43,0,0.0,15,1.0,4.2336,20.92
2025-10-12 17:36:40,001,CDKL5_005_273_43,0,0.0,15,1.0,4.2264,20.92
2025-10-12 17:46:43,001,CDKL5_005_273_43,0,0.0,15,1.0,4.2336,20.91
2025-10-12 17:56:46,001,CDKL5_005_273_43,0,0.0,15,1.0,4.2336,20.91
2025-10-12 18:06:48,001,CDKL5_005_273_43,75,0.125,11,0.854,0.0,20.93
2025-10-12 18:16:52,001,CDKL5_005_273_43,260,0.433,3,0.316,0.0,20.99
2025-10-12 18:26:54,001,CDKL5_005_273_43,315,0.524,2,0.203,0.0,21.1
2025-10-12 18:36:57,001,CDKL5_005_273_43,384,0.639,0,0.0,0.0,21.22
2025-10-12 18:47:01,001,CDKL5_005_273_43,275,0.458,4,0.368,0.0,21.28
2025-10-12 18:57:34,001,CDKL5_005_273_43,305,0.51,2,0.208,0.0,21.35
2025-10-12 19:07:37,001,CDKL5_005_273_43,341,0.567,3,0.26,0.0,21.37
2025-10-12 19:17:40,001,CDKL5_005_273_43,371,0.616,0,0.0,0.0,21.39
2025-10-12 19:27:43,001,CDKL5_005_273_43,338,0.561,4,0.321,0.0,21.43
2025-10-12 19:37:45,001,CDKL5_005_273_43,396,0.66,0,0.0,0.0,21.52
2025-10-12 19:47:48,001,CDKL5_005_273_43,207,0.344,3,0.367,0.0,21.49
2025-10-12 19:57:51,001,CDKL5_005_273_43,199,0.331,7,0.585,0.0,21.47
2025-10-12 20:07:54,001,CDKL5_005_273_43,373,0.621,0,0.0,0.0,21.51
2025-10-12 20:17:57,001,CDKL5_005_273_43,264,0.439,4,0.377,0.0,21.53
2025-10-12 20:28:00,001,CDKL5_005_273_43,366,0.609,0,0.0,0.0,21.56
2025-10-12 20:38:03,001,CDKL5_005_273_43,230,0.383,6,0.511,0.0,21.54
2025-10-12 20:48:06,001,CDKL5_005_273_43,298,0.496,2,0.212,0.0,21.52
2025-10-12 20:58:08,001,CDKL5_005_273_43,405,0.675,2,0.165,0.0,21.54
2025-10-12 21:08:11,001,CDKL5_005_273_43,186,0.309,5,0.518,0.0,21.51
2025-10-12 21:18:15,001,CDKL5_005_273_43,308,0.512,3,0.28,0.0,21.5
2025-10-12 21:28:18,001,CDKL5_005_273_43,123,0.205,10,0.765,0.0,21.45
2025-10-12 21:38:20,001,CDKL5_005_273_43,0,0.0,15,1.0,0.0,21.35
2025-10-12 21:48:23,001,CDKL5_005_273_43,0,0.0,15,1.0,0.0,21.25
2025-10-12 21:58:26,001,CDKL5_005_273_43,0,0.0,15,1.0,0.0,21.18
2025-10-12 22:08:29,001,CDKL5_005_273_43,0,0.0,15,1.0,0.0,21.12
2025-10-12 22:18:32,001,CDKL5_005_273_43,0,0.0,15,1.0,0.0,21.06
2025-10-12 22:28:35,001,CDKL5_005_273_43,0,0.0,15,1.0,0.0,21.02
2025-10-12 22:38:38,001,CDKL5_005_273_43,0,0.0,15,1.0,0.0,21.0
2025-10-12 22:48:41,001,CDKL5_005_273_43,128,0.213,8,0.714,0.0,21.03
2025-10-12 22:59:19,001,CDKL5_005_273_43,120,0.201,9,0.75,0.0,21.2
2025-10-12 23:09:22,001,CDKL5_005_273_43,74,0.123,9,0.829,0.0,21.21
2025-10-12 23:19:25,001,CDKL5_005_273_43,0,0.0,15,1.0,0.0,21.21
2025-10-12 23:29:28,001,CDKL5_005_273_43,266,0.443,3,0.311,0.0,21.26
2025-10-12 23:39:30,001,CDKL5_005_273_43,91,0.151,8,0.779,0.0,21.25
2025-10-12 23:49:33,001,CDKL5_005_273_43,0,0.0,15,1.0,0.0,21.19
2025-10-12 23:59:36,001,CDKL5_005_273_43,0,0.0,15,1.0,0.0,21.13
2025-10-11 00:01:26,004,CDKL5_005_273_44,51,0.085,13,0.911,0.0,21.53
2025-10-11 00:11:29,004,CDKL5_005_273_44,258,0.429,3,0.317,0.0,21.59
2025-10-11 00:21:31,004,CDKL5_005_273_44,250,0.416,3,0.324,0.0,21.63
2025-10-11 00:31:34,004,CDKL5_005_273_44,119,0.198,9,0.752,0.0,21.6
2025-10-11 00:41:36,004,CDKL5_005_273_44,38,0.063,13,0.932,0.0,21.55
2025-10-11 00:51:39,004,CDKL5_005_273_44,69,0.115,10,0.853,0.0,21.51
2025-10-11 01:01:41,004,CDKL5_005_273_44,41,0.068,13,0.927,0.0,21.47
2025-10-11 01:11:44,004,CDKL5_005_273_44,0,0.0,15,1.0,0.0,21.42
2025-10-11 01:21:46,004,CDKL5_005_273_44,0,0.0,15,1.0,0.0,21.37
2025-10-11 01:31:48,004,CDKL5_005_273_44,19,0.032,14,0.967,0.0,21.33
2025-10-11 01:41:51,004,CDKL5_005_273_44,0,0.0,15,1.0,0.0,21.3
2025-10-11 01:51:54,004,CDKL5_005_273_44,150,0.25,7,0.651,0.0,21.33
2025-10-11 02:01:56,004,CDKL5_005_273_44,143,0.238,8,0.691,0.0,21.37
2025-10-11 02:11:58,004,CDKL5_005_273_44,0,0.0,15,1.0,0.0,21.35
2025-10-11 02:22:01,004,CDKL5_005_273_44,0,0.0,15,1.0,0.0,21.31
2025-10-11 02:32:04,004,CDKL5_005_273_44,0,0.0,15,1.0,0.0,21.25
2025-10-11 02:42:26,004,CDKL5_005_273_44,283,0.473,0,0.0,0.0,21.37
2025-10-11 02:52:28,004,CDKL5_005_273_44,88,0.146,9,0.804,0.0,21.37
2025-10-11 03:02:31,004,CDKL5_005_273_44,0,0.0,15,1.0,0.0,21.33
2025-10-11 03:12:33,004,CDKL5_005_273_44,34,0.057,13,0.939,0.0,21.31
2025-10-11 03:22:36,004,CDKL5_005_273_44,36,0.06,12,0.93,0.0,21.29
2025-10-11 03:32:39,004,CDKL5_005_273_44,0,0.0,15,1.0,0.0,21.25
2025-10-11 03:42:41,004,CDKL5_005_273_44,0,0.0,15,1.0,0.0,21.2
2025-10-11 03:52:43,004,CDKL5_005_273_44,0,0.0,15,1.0,0.0,21.19
2025-10-11 04:02:46,004,CDKL5_005_273_44,102,0.17,10,0.797,0.0,21.2
2025-10-11 04:12:48,004,CDKL5_005_273_44,51,0.085,12,0.904,0.0,21.22
2025-10-11 04:22:51,004,CDKL5_005_273_44,0,0.0,15,1.0,0.0,21.22
2025-10-11 04:32:54,004,CDKL5_005_273_44,81,0.135,11,0.845,0.0,21.27
2025-10-11 04:42:56,004,CDKL5_005_273_44,0,0.0,15,1.0,0.0,21.24
2025-10-11 04:52:59,004,CDKL5_005_273_44,102,0.17,10,0.797,0.0,21.24
2025-10-11 05:03:02,004,CDKL5_005_273_44,29,0.048,13,0.947,0.0,21.23
2025-10-11 05:13:04,004,CDKL5_005_273_44,54,0.09,12,0.899,0.0,21.24
2025-10-11 05:23:06,004,CDKL5_005_273_44,56,0.093,13,0.903,0.0,21.24
2025-10-11 05:33:09,004,CDKL5_005_273_44,66,0.11,11,0.87,0.0,21.22
2025-10-11 05:43:11,004,CDKL5_005_273_44,0,0.0,15,1.0,0.0,21.18
2025-10-11 05:53:14,004,CDKL5_005_273_44,21,0.035,13,0.961,0.0,21.18
2025-10-11 06:03:16,004,CDKL5_005_273_44,0,0.0,15,1.0,2.7,21.16
2025-10-11 06:13:19,004,CDKL5_005_273_44,0,0.0,15,1.0,2.7252,21.17
2025-10-11 06:23:21,004,CDKL5_005_273_44,0,0.0,15,1.0,2.7072,21.21
2025-10-11 06:33:24,004,CDKL5_005_273_44,0,0.0,15,1.0,2.7,21.21
2025-10-11 06:43:39,004,CDKL5_005_273_44,0,0.0,15,1.0,2.6856,21.26
2025-10-11 06:53:41,004,CDKL5_005_273_44,0,0.0,15,1.0,2.6964,21.24
2025-10-11 07:03:43,004,CDKL5_005_273_44,0,0.0,15,1.0,2.6856,21.24
2025-10-11 07:13:46,004,CDKL5_005_273_44,0,0.0,15,1.0,2.6856,21.24
2025-10-11 07:23:49,004,CDKL5_005_273_44,0,0.0,15,1.0,2.6856,21.23
2025-10-11 07:33:51,004,CDKL5_005_273_44,0,0.0,15,1.0,2.6892,21.24
2025-10-11 07:43:54,004,CDKL5_005_273_44,0,0.0,15,1.0,2.6964,21.24
2025-10-11 07:53:56,004,CDKL5_005_273_44,0,0.0,15,1.0,2.6856,21.24
2025-10-11 08:03:58,004,CDKL5_005_273_44,7,0.012,14,0.988,2.6856,21.25
2025-10-11 08:14:00,004,CDKL5_005_273_44,0,0.0,15,1.0,2.6928,21.26
2025-10-11 08:24:03,004,CDKL5_005_273_44,0,0.0,15,1.0,2.6856,21.24
2025-10-11 08:34:05,004,CDKL5_005_273_44,0,0.0,15,1.0,2.7,21.25
2025-10-11 08:44:08,004,CDKL5_005_273_44,0,0.0,15,1.0,2.7072,21.23
2025-10-11 08:54:10,004,CDKL5_005_273_44,0,0.0,15,1.0,2.7072,21.23
2025-10-11 09:04:12,004,CDKL5_005_273_44,0,0.0,15,1.0,2.7,21.22
2025-10-11 09:14:15,004,CDKL5_005_273_44,0,0.0,15,1.0,2.7,21.21
2025-10-11 09:24:18,004,CDKL5_005_273_44,0,0.0,15,1.0,2.7,21.22
2025-10-11 09:34:21,004,CDKL5_005_273_44,0,0.0,15,1.0,2.7,21.22
2025-10-11 09:44:23,004,CDKL5_005_273_44,0,0.0,15,1.0,2.7,21.2
2025-10-11 09:54:26,004,CDKL5_005_273_44,0,0.0,15,1.0,2.7,21.21
2025-10-11 10:04:28,004,CDKL5_005_273_44,0,0.0,15,1.0,2.7108,21.2
2025-10-11 10:14:31,004,CDKL5_005_273_44,0,0.0,15,1.0,2.7108,21.17
2025-10-11 10:24:34,004,CDKL5_005_273_44,0,0.0,15,1.0,2.7072,21.17
2025-10-11 10:34:36,004,CDKL5_005_273_44,0,0.0,15,1.0,2.6712,21.18
2025-10-11 10:44:59,004,CDKL5_005_273_44,23,0.038,12,0.954,2.7144,21.24
2025-10-11 10:55:01,004,CDKL5_005_273_44,0,0.0,15,1.0,2.7288,21.21
2025-10-11 11:05:04,004,CDKL5_005_273_44,0,0.0,15,1.0,2.7216,21.18
2025-10-11 11:15:07,004,CDKL5_005_273_44,0,0.0,15,1.0,2.7216,21.17
2025-10-11 11:25:09,004,CDKL5_005_273_44,0,0.0,15,1.0,2.7288,21.14
2025-10-11 11:35:12,004,CDKL5_005_273_44,0,0.0,15,1.0,2.7288,21.12
2025-10-11 11:45:14,004,CDKL5_005_273_44,0,0.0,15,1.0,2.7288,21.1
2025-10-11 11:55:17,004,CDKL5_005_273_44,0,0.0,15,1.0,2.7288,21.1
2025-10-11 12:05:19,004,CDKL5_005_273_44,0,0.0,15,1.0,2.7288,21.1
2025-10-11 12:15:21,004,CDKL5_005_273_44,0,0.0,15,1.0,2.7396,21.08
2025-10-11 12:25:24,004,CDKL5_005_273_44,0,0.0,15,1.0,2.7396,21.09
2025-10-11 12:35:26,004,CDKL5_005_273_44,0,0.0,15,1.0,2.7432,21.08
2025-10-11 12:45:28,004,CDKL5_005_273_44,0,0.0,15,1.0,2.736,21.08
2025-10-11 12:55:31,004,CDKL5_005_273_44,0,0.0,15,1.0,2.7216,21.08
2025-10-11 13:05:33,004,CDKL5_005_273_44,0,0.0,15,1.0,2.7216,21.09
2025-10-11 13:15:36,004,CDKL5_005_273_44,0,0.0,15,1.0,2.7324,21.09
2025-10-11 13:25:39,004,CDKL5_005_273_44,7,0.012,14,0.988,2.7216,21.09
2025-10-11 13:35:41,004,CDKL5_005_273_44,0,0.0,15,1.0,2.7504,21.09
2025-10-11 13:45:43,004,CDKL5_005_273_44,0,0.0,15,1.0,2.7828,21.09
2025-10-11 13:55:46,004,CDKL5_005_273_44,0,0.0,15,1.0,2.772,21.08
2025-10-11 14:05:49,004,CDKL5_005_273_44,0,0.0,15,1.0,2.772,21.08
2025-10-11 14:15:51,004,CDKL5_005_273_44,0,0.0,15,1.0,2.772,21.06
2025-10-11 14:25:54,004,CDKL5_005_273_44,0,0.0,15,1.0,2.7828,21.05
2025-10-11 14:35:56,004,CDKL5_005_273_44,0,0.0,15,1.0,2.7828,21.05
2025-10-11 14:46:30,004,CDKL5_005_273_44,0,0.0,15,1.0,2.772,21.12
2025-10-11 14:56:33,004,CDKL5_005_273_44,0,0.0,15,1.0,2.7792,21.08
2025-10-11 15:06:35,004,CDKL5_005_273_44,0,0.0,15,1.0,2.7792,21.05
2025-10-11 15:16:37,004,CDKL5_005_273_44,0,0.0,15,1.0,2.7756,21.06
2025-10-11 15:26:40,004,CDKL5_005_273_44,0,0.0,15,1.0,2.7792,21.04
2025-10-11 15:36:43,004,CDKL5_005_273_44,0,0.0,15,1.0,2.7792,21.04
2025-10-11 15:46:46,004,CDKL5_005_273_44,0,0.0,15,1.0,2.7792,21.06
2025-10-11 15:56:48,004,CDKL5_005_273_44,0,0.0,15,1.0,2.772,21.06
2025-10-11 16:06:50,004,CDKL5_005_273_44,0,0.0,15,1.0,2.7792,21.06
2025-10-11 16:16:53,004,CDKL5_005_273_44,0,0.0,15,1.0,2.7792,21.07
2025-10-11 16:26:56,004,CDKL5_005_273_44,0,0.0,15,1.0,2.7864,21.07
2025-10-11 16:36:59,004,CDKL5_005_273_44,5,0.008,14,0.991,2.7684,21.08
2025-10-11 16:47:01,004,CDKL5_005_273_44,0,0.0,15,1.0,2.772,21.12
2025-10-11 16:57:04,004,CDKL5_005_273_44,0,0.0,15,1.0,2.772,21.14
2025-10-11 17:07:07,004,CDKL5_005_273_44,0,0.0,15,1.0,2.7792,21.16
2025-10-11 17:17:09,004,CDKL5_005_273_44,0,0.0,15,1.0,2.7792,21.19
2025-10-11 17:27:12,004,CDKL5_005_273_44,0,0.0,15,1.0,2.7756,21.19
2025-10-11 17:37:14,004,CDKL5_005_273_44,0,0.0,15,1.0,2.772,21.21
2025-10-11 17:47:17,004,CDKL5_005_273_44,0,0.0,15,1.0,2.772,21.22
2025-10-11 17:57:19,004,CDKL5_005_273_44,0,0.0,15,1.0,2.7648,21.23
2025-10-11 18:07:22,004,CDKL5_005_273_44,0,0.0,15,1.0,0.0,21.22
2025-10-11 18:17:24,004,CDKL5_005_273_44,188,0.313,5,0.515,0.0,21.25
2025-10-11 18:27:26,004,CDKL5_005_273_44,180,0.3,5,0.526,0.0,21.35
2025-10-11 18:37:29,004,CDKL5_005_273_44,127,0.211,5,0.612,0.0,21.48
2025-10-11 18:47:46,004,CDKL5_005_273_44,95,0.159,8,0.771,0.0,21.59
2025-10-11 18:57:49,004,CDKL5_005_273_44,180,0.3,4,0.471,0.0,21.59
2025-10-11 19:07:51,004,CDKL5_005_273_44,48,0.08,12,0.909,0.0,21.58
2025-10-11 19:17:54,004,CDKL5_005_273_44,12,0.02,13,0.977,0.0,21.54
2025-10-11 19:27:56,004,CDKL5_005_273_44,132,0.22,7,0.68,0.0,21.55
2025-10-11 19:37:59,004,CDKL5_005_273_44,45,0.075,12,0.914,0.0,21.55
2025-10-11 19:48:01,004,CDKL5_005_273_44,0,0.0,15,1.0,0.0,21.52
2025-10-11 19:58:04,004,CDKL5_005_273_44,0,0.0,15,1.0,0.0,21.51
2025-10-11 20:08:06,004,CDKL5_005_273_44,0,0.0,15,1.0,0.0,21.49
2025-10-11 20:18:08,004,CDKL5_005_273_44,0,0.0,15,1.0,0.0,21.47
2025-10-11 20:28:10,004,CDKL5_005_273_44,0,0.0,15,1.0,0.0,21.46
2025-10-11 20:38:13,004,CDKL5_005_273_44,132,0.22,7,0.68,0.0,21.51
2025-10-11 20:48:16,004,CDKL5_005_273_44,225,0.374,5,0.471,0.0,21.73
2025-10-11 20:58:19,004,CDKL5_005_273_44,32,0.053,13,0.942,0.0,21.74
2025-10-11 21:08:21,004,CDKL5_005_273_44,87,0.145,8,0.786,0.0,21.7
2025-10-11 21:18:24,004,CDKL5_005_273_44,56,0.093,12,0.896,0.0,21.66
2025-10-11 21:28:27,004,CDKL5_005_273_44,59,0.098,10,0.871,0.0,21.64
2025-10-11 21:38:29,004,CDKL5_005_273_44,54,0.09,8,0.856,0.0,21.64
2025-10-11 21:48:32,004,CDKL5_005_273_44,0,0.0,15,1.0,0.0,21.58
2025-10-11 21:58:35,004,CDKL5_005_273_44,0,0.0,15,1.0,0.0,21.52
2025-10-11 22:08:37,004,CDKL5_005_273_44,0,0.0,15,1.0,0.0,21.49
2025-10-11 22:18:40,004,CDKL5_005_273_44,0,0.0,15,1.0,0.0,21.44
2025-10-11 22:28:42,004,CDKL5_005_273_44,0,0.0,15,1.0,0.0,21.4
2025-10-11 22:38:45,004,CDKL5_005_273_44,0,0.0,15,1.0,0.0,21.37
2025-10-11 22:49:18,004,CDKL5_005_273_44,0,0.0,15,1.0,0.0,21.42
2025-10-11 22:59:20,004,CDKL5_005_273_44,0,0.0,15,1.0,0.0,21.37
2025-10-11 23:09:22,004,CDKL5_005_273_44,0,0.0,15,1.0,0.0,21.34
2025-10-11 23:19:25,004,CDKL5_005_273_44,0,0.0,15,1.0,0.0,21.33
2025-10-11 23:29:28,004,CDKL5_005_273_44,0,0.0,15,1.0,0.0,21.33
2025-10-11 23:39:30,004,CDKL5_005_273_44,0,0.0,15,1.0,0.0,21.33
2025-10-11 23:49:33,004,CDKL5_005_273_44,159,0.265,7,0.638,0.0,21.37
2025-10-11 23:59:36,004,CDKL5_005_273_44,242,0.403,2,0.248,0.0,21.55
2025-10-12 00:09:38,004,CDKL5_005_273_44,236,0.393,3,0.337,0.0,21.57
2025-10-12 00:19:40,004,CDKL5_005_273_44,40,0.067,11,0.917,0.0,21.58
2025-10-12 00:29:43,004,CDKL5_005_273_44,27,0.045,12,0.947,0.0,21.58
2025-10-12 00:39:46,004,CDKL5_005_273_44,0,0.0,15,1.0,0.0,21.55
2025-10-12 00:49:49,004,CDKL5_005_273_44,0,0.0,15,1.0,0.0,21.48
2025-10-12 00:59:51,004,CDKL5_005_273_44,0,0.0,15,1.0,0.0,21.42
2025-10-12 01:09:54,004,CDKL5_005_273_44,0,0.0,15,1.0,0.0,21.39
2025-10-12 01:19:57,004,CDKL5_005_273_44,0,0.0,15,1.0,0.0,21.34
2025-10-12 01:29:59,004,CDKL5_005_273_44,0,0.0,15,1.0,0.0,21.3
2025-10-12 01:40:01,004,CDKL5_005_273_44,0,0.0,15,1.0,0.0,21.28
2025-10-12 01:50:04,004,CDKL5_005_273_44,0,0.0,15,1.0,0.0,21.25
2025-10-12 02:00:06,004,CDKL5_005_273_44,0,0.0,15,1.0,0.0,21.24
2025-10-12 02:10:09,004,CDKL5_005_273_44,0,0.0,15,1.0,0.0,21.22
2025-10-12 02:20:11,004,CDKL5_005_273_44,69,0.115,11,0.864,0.0,21.24
2025-10-12 02:30:14,004,CDKL5_005_273_44,85,0.141,11,0.838,0.0,21.35
2025-10-12 02:40:17,004,CDKL5_005_273_44,207,0.344,4,0.436,0.0,21.5
2025-10-12 02:50:31,004,CDKL5_005_273_44,214,0.357,5,0.483,0.0,21.68
2025-10-12 03:00:33,004,CDKL5_005_273_44,78,0.13,8,0.804,0.0,21.65
2025-10-12 03:10:36,004,CDKL5_005_273_44,236,0.393,3,0.337,0.0,21.66
2025-10-12 03:20:38,004,CDKL5_005_273_44,0,0.0,15,1.0,0.0,21.58
2025-10-12 03:30:41,004,CDKL5_005_273_44,5,0.008,14,0.991,0.0,21.52
2025-10-12 03:40:44,004,CDKL5_005_273_44,1,0.002,15,0.998,0.0,21.48
2025-10-12 03:50:46,004,CDKL5_005_273_44,0,0.0,15,1.0,0.0,21.44
2025-10-12 04:00:48,004,CDKL5_005_273_44,0,0.0,15,1.0,0.0,21.38
2025-10-12 04:10:51,004,CDKL5_005_273_44,0,0.0,15,1.0,0.0,21.35
2025-10-12 04:20:54,004,CDKL5_005_273_44,0,0.0,15,1.0,0.0,21.32
2025-10-12 04:30:56,004,CDKL5_005_273_44,0,0.0,15,1.0,0.0,21.29
2025-10-12 04:40:58,004,CDKL5_005_273_44,28,0.047,12,0.945,0.0,21.28
2025-10-12 04:51:01,004,CDKL5_005_273_44,9,0.015,13,0.983,0.0,21.28
2025-10-12 05:01:03,004,CDKL5_005_273_44,0,0.0,15,1.0,0.0,21.25
2025-10-12 05:11:06,004,CDKL5_005_273_44,0,0.0,15,1.0,0.0,21.23
2025-10-12 05:21:09,004,CDKL5_005_273_44,0,0.0,15,1.0,0.0,21.22
2025-10-12 05:31:11,004,CDKL5_005_273_44,0,0.0,15,1.0,0.0,21.19
2025-10-12 05:41:13,004,CDKL5_005_273_44,0,0.0,15,1.0,0.0,21.18
2025-10-12 05:51:16,004,CDKL5_005_273_44,0,0.0,15,1.0,0.0,21.17
2025-10-12 06:01:19,004,CDKL5_005_273_44,0,0.0,15,1.0,2.8764,21.17
2025-10-12 06:11:22,004,CDKL5_005_273_44,6,0.01,14,0.989,2.7684,21.21
2025-10-12 06:21:25,004,CDKL5_005_273_44,8,0.013,13,0.985,2.7936,21.28
2025-10-12 06:31:27,004,CDKL5_005_273_44,5,0.008,14,0.991,2.8512,21.33
2025-10-12 06:41:30,004,CDKL5_005_273_44,269,0.448,3,0.308,2.7036,21.46
2025-10-12 06:51:47,004,CDKL5_005_273_44,388,0.648,1,0.093,2.5488,21.64
2025-10-12 07:01:49,004,CDKL5_005_273_44,72,0.12,11,0.859,2.808,21.63
2025-10-12 07:11:52,004,CDKL5_005_273_44,0,0.0,15,1.0,2.8296,21.55
2025-10-12 07:21:55,004,CDKL5_005_273_44,1,0.002,15,0.998,2.7936,21.51
2025-10-12 07:31:57,004,CDKL5_005_273_44,0,0.0,15,1.0,2.8008,21.48
2025-10-12 07:42:00,004,CDKL5_005_273_44,0,0.0,15,1.0,2.7936,21.45
2025-10-12 07:52:03,004,CDKL5_005_273_44,0,0.0,15,1.0,2.7936,21.42
2025-10-12 08:02:05,004,CDKL5_005_273_44,0,0.0,15,1.0,2.7936,21.39
2025-10-12 08:12:08,004,CDKL5_005_273_44,0,0.0,15,1.0,2.8008,21.37
2025-10-12 08:22:10,004,CDKL5_005_273_44,0,0.0,15,1.0,2.8008,21.36
2025-10-12 08:32:12,004,CDKL5_005_273_44,0,0.0,15,1.0,2.8044,21.34
2025-10-12 08:42:16,004,CDKL5_005_273_44,0,0.0,15,1.0,2.8008,21.33
2025-10-12 08:52:19,004,CDKL5_005_273_44,0,0.0,15,1.0,2.7936,21.31
2025-10-12 09:02:21,004,CDKL5_005_273_44,0,0.0,15,1.0,2.8008,21.31
2025-10-12 09:12:24,004,CDKL5_005_273_44,0,0.0,15,1.0,2.8008,21.31
2025-10-12 09:22:26,004,CDKL5_005_273_44,0,0.0,15,1.0,2.8008,21.3
2025-10-12 09:32:29,004,CDKL5_005_273_44,0,0.0,15,1.0,2.7936,21.3
2025-10-12 09:42:31,004,CDKL5_005_273_44,0,0.0,15,1.0,2.7936,21.29
2025-10-12 09:52:33,004,CDKL5_005_273_44,0,0.0,15,1.0,2.7864,21.29
2025-10-12 10:02:36,004,CDKL5_005_273_44,0,0.0,15,1.0,2.8152,21.3
2025-10-12 10:12:39,004,CDKL5_005_273_44,0,0.0,15,1.0,2.8152,21.28
2025-10-12 10:22:42,004,CDKL5_005_273_44,0,0.0,15,1.0,2.7432,21.3
2025-10-12 10:32:44,004,CDKL5_005_273_44,13,0.022,13,0.976,2.8728,21.31
2025-10-12 10:42:47,004,CDKL5_005_273_44,0,0.0,15,1.0,2.8728,21.32
2025-10-12 10:53:08,004,CDKL5_005_273_44,0,0.0,15,1.0,2.8728,21.35
2025-10-12 11:03:10,004,CDKL5_005_273_44,0,0.0,15,1.0,2.8728,21.34
2025-10-12 11:13:13,004,CDKL5_005_273_44,0,0.0,15,1.0,2.88,21.33
2025-10-12 11:23:15,004,CDKL5_005_273_44,0,0.0,15,1.0,2.8836,21.32
2025-10-12 11:33:18,004,CDKL5_005_273_44,0,0.0,15,1.0,2.8836,21.3
2025-10-12 11:43:21,004,CDKL5_005_273_44,0,0.0,15,1.0,2.8728,21.29
2025-10-12 11:53:23,004,CDKL5_005_273_44,0,0.0,15,1.0,2.8836,21.28
2025-10-12 12:03:26,004,CDKL5_005_273_44,0,0.0,15,1.0,2.88,21.26
2025-10-12 12:13:28,004,CDKL5_005_273_44,0,0.0,15,1.0,2.8728,21.26
2025-10-12 12:23:31,004,CDKL5_005_273_44,0,0.0,15,1.0,2.8728,21.24
2025-10-12 12:33:34,004,CDKL5_005_273_44,0,0.0,15,1.0,2.8728,21.24
2025-10-12 12:43:36,004,CDKL5_005_273_44,0,0.0,15,1.0,2.8836,21.24
2025-10-12 12:53:38,004,CDKL5_005_273_44,0,0.0,15,1.0,2.7144,21.24
2025-10-12 13:03:41,004,CDKL5_005_273_44,0,0.0,15,1.0,2.8368,21.24
2025-10-12 13:13:43,004,CDKL5_005_273_44,0,0.0,15,1.0,2.8296,21.24
2025-10-12 13:23:46,004,CDKL5_005_273_44,0,0.0,15,1.0,2.8368,21.23
2025-10-12 13:33:48,004,CDKL5_005_273_44,0,0.0,15,1.0,2.8368,21.22
2025-10-12 13:43:51,004,CDKL5_005_273_44,0,0.0,15,1.0,2.8368,21.21
2025-10-12 13:53:53,004,CDKL5_005_273_44,0,0.0,15,1.0,2.8368,21.22
2025-10-12 14:03:56,004,CDKL5_005_273_44,0,0.0,15,1.0,2.8368,21.2
2025-10-12 14:13:58,004,CDKL5_005_273_44,0,0.0,15,1.0,2.8368,21.2
2025-10-12 14:24:01,004,CDKL5_005_273_44,0,0.0,15,1.0,2.8368,21.18
2025-10-12 14:34:04,004,CDKL5_005_273_44,0,0.0,15,1.0,2.844,21.2
2025-10-12 14:44:06,004,CDKL5_005_273_44,0,0.0,15,1.0,2.8368,21.17
2025-10-12 14:54:27,004,CDKL5_005_273_44,0,0.0,15,1.0,2.8368,21.23
2025-10-12 15:04:29,004,CDKL5_005_273_44,0,0.0,15,1.0,2.8368,21.22
2025-10-12 15:14:32,004,CDKL5_005_273_44,0,0.0,15,1.0,2.8368,21.18
2025-10-12 15:24:34,004,CDKL5_005_273_44,0,0.0,15,1.0,2.8296,21.18
2025-10-12 15:34:37,004,CDKL5_005_273_44,0,0.0,15,1.0,2.8368,21.17
2025-10-12 15:44:39,004,CDKL5_005_273_44,0,0.0,15,1.0,2.8368,21.17
2025-10-12 15:54:42,004,CDKL5_005_273_44,0,0.0,15,1.0,2.8368,21.18
2025-10-12 16:04:44,004,CDKL5_005_273_44,0,0.0,15,1.0,2.8368,21.18
2025-10-12 16:14:46,004,CDKL5_005_273_44,0,0.0,15,1.0,2.844,21.18
2025-10-12 16:24:48,004,CDKL5_005_273_44,0,0.0,15,1.0,2.718,21.2
2025-10-12 16:34:51,004,CDKL5_005_273_44,6,0.01,14,0.989,2.8656,21.21
2025-10-12 16:44:54,004,CDKL5_005_273_44,0,0.0,15,1.0,2.8728,21.22
2025-10-12 16:54:56,004,CDKL5_005_273_44,0,0.0,15,1.0,2.8656,21.23
2025-10-12 17:04:59,004,CDKL5_005_273_44,0,0.0,15,1.0,2.8656,21.22
2025-10-12 17:15:02,004,CDKL5_005_273_44,0,0.0,15,1.0,2.8908,21.23
2025-10-12 17:25:04,004,CDKL5_005_273_44,0,0.0,15,1.0,2.88,21.18
2025-10-12 17:35:07,004,CDKL5_005_273_44,0,0.0,15,1.0,2.88,21.18
2025-10-12 17:45:09,004,CDKL5_005_273_44,13,0.022,13,0.976,2.8944,21.21
2025-10-12 17:55:11,004,CDKL5_005_273_44,0,0.0,15,1.0,2.8728,21.21
2025-10-12 18:05:14,004,CDKL5_005_273_44,0,0.0,15,1.0,0.0,21.21
2025-10-12 18:15:16,004,CDKL5_005_273_44,127,0.211,8,0.716,0.0,21.23
2025-10-12 18:25:19,004,CDKL5_005_273_44,184,0.307,4,0.465,0.0,21.32
2025-10-12 18:35:21,004,CDKL5_005_273_44,241,0.401,4,0.399,0.0,21.44
2025-10-12 18:45:23,004,CDKL5_005_273_44,214,0.356,5,0.483,0.0,21.48
2025-10-12 18:55:43,004,CDKL5_005_273_44,121,0.202,6,0.665,0.0,21.57
2025-10-12 19:05:46,004,CDKL5_005_273_44,208,0.346,4,0.435,0.0,21.6
2025-10-12 19:15:49,004,CDKL5_005_273_44,105,0.174,11,0.807,0.0,21.6
2025-10-12 19:25:52,004,CDKL5_005_273_44,135,0.225,7,0.675,0.0,21.62
2025-10-12 19:35:54,004,CDKL5_005_273_44,268,0.446,2,0.23,0.0,21.65
2025-10-12 19:45:57,004,CDKL5_005_273_44,84,0.14,8,0.792,0.0,21.62
2025-10-12 19:55:59,004,CDKL5_005_273_44,62,0.103,9,0.853,0.0,21.62
2025-10-12 20:06:01,004,CDKL5_005_273_44,1,0.002,14,0.998,0.0,21.57
2025-10-12 20:16:03,004,CDKL5_005_273_44,1,0.002,14,0.998,0.0,21.55
2025-10-12 20:26:06,004,CDKL5_005_273_44,0,0.0,15,1.0,0.0,21.5
2025-10-12 20:36:09,004,CDKL5_005_273_44,0,0.0,15,1.0,0.0,21.46
2025-10-12 20:46:11,004,CDKL5_005_273_44,0,0.0,15,1.0,0.0,21.44
2025-10-12 20:56:14,004,CDKL5_005_273_44,0,0.0,15,1.0,0.0,21.41
2025-10-12 21:06:17,004,CDKL5_005_273_44,0,0.0,15,1.0,0.0,21.39
2025-10-12 21:16:19,004,CDKL5_005_273_44,5,0.008,14,0.991,0.0,21.41
2025-10-12 21:26:22,004,CDKL5_005_273_44,144,0.24,9,0.714,0.0,21.46
2025-10-12 21:36:25,004,CDKL5_005_273_44,199,0.331,4,0.446,0.0,21.53
2025-10-12 21:46:28,004,CDKL5_005_273_44,144,0.24,8,0.69,0.0,21.55
2025-10-12 21:56:30,004,CDKL5_005_273_44,62,0.103,10,0.866,0.0,21.56
2025-10-12 22:06:33,004,CDKL5_005_273_44,61,0.102,12,0.887,0.0,21.61
2025-10-12 22:16:36,004,CDKL5_005_273_44,6,0.01,14,0.989,0.0,21.57
2025-10-12 22:26:38,004,CDKL5_005_273_44,0,0.0,15,1.0,0.0,21.51
2025-10-12 22:36:41,004,CDKL5_005_273_44,0,0.0,15,1.0,0.0,21.44
2025-10-12 22:46:44,004,CDKL5_005_273_44,0,0.0,15,1.0,0.0,21.4
2025-10-12 22:57:05,004,CDKL5_005_273_44,0,0.0,15,1.0,0.0,21.42
2025-10-12 23:07:08,004,CDKL5_005_273_44,0,0.0,15,1.0,0.0,21.37
2025-10-12 23:17:10,004,CDKL5_005_273_44,0,0.0,15,1.0,0.0,21.35
2025-10-12 23:27:13,004,CDKL5_005_273_44,0,0.0,15,1.0,0.0,21.32
2025-10-12 23:37:15,004,CDKL5_005_273_44,0,0.0,15,1.0,0.0,21.31
2025-10-12 23:47:18,004,CDKL5_005_273_44,0,0.0,15,1.0,0.0,21.29
2025-10-12 23:57:20,004,CDKL5_005_273_44,0,0.0,15,1.0,0.0,21.28
2025-10-11 00:09:28,039,CDKL5_005_275_28,127,0.211,7,0.688,0.0,22.16
2025-10-11 00:19:31,039,CDKL5_005_275_28,32,0.053,12,0.938,0.0,22.12
2025-10-11 00:29:33,039,CDKL5_005_275_28,1,0.002,15,0.998,0.0,22.06
2025-10-11 00:39:36,039,CDKL5_005_275_28,0,0.0,15,1.0,0.0,22.03
2025-10-11 00:49:39,039,CDKL5_005_275_28,0,0.0,15,1.0,0.0,21.99
2025-10-11 00:59:41,039,CDKL5_005_275_28,0,0.0,15,1.0,0.0,21.96
2025-10-11 01:09:44,039,CDKL5_005_275_28,0,0.0,15,1.0,0.0,21.94
2025-10-11 01:19:46,039,CDKL5_005_275_28,0,0.0,15,1.0,0.0,21.94
2025-10-11 01:29:49,039,CDKL5_005_275_28,0,0.0,15,1.0,0.0,21.93
2025-10-11 01:39:52,039,CDKL5_005_275_28,2,0.003,15,0.997,0.0,21.9
2025-10-11 01:49:54,039,CDKL5_005_275_28,110,0.183,9,0.766,0.0,21.96
2025-10-11 01:59:57,039,CDKL5_005_275_28,202,0.336,4,0.442,0.0,22.09
2025-10-11 02:10:18,039,CDKL5_005_275_28,96,0.16,9,0.789,0.0,22.1
2025-10-11 02:20:21,039,CDKL5_005_275_28,41,0.068,13,0.927,0.0,22.07
2025-10-11 02:30:24,039,CDKL5_005_275_28,0,0.0,15,1.0,0.0,22.02
2025-10-11 02:40:26,039,CDKL5_005_275_28,0,0.0,15,1.0,0.0,21.98
2025-10-11 02:50:29,039,CDKL5_005_275_28,0,0.0,15,1.0,0.0,21.94
2025-10-11 03:00:32,039,CDKL5_005_275_28,1,0.002,15,0.998,0.0,21.92
2025-10-11 03:10:35,039,CDKL5_005_275_28,16,0.027,13,0.97,0.0,21.9
2025-10-11 03:20:37,039,CDKL5_005_275_28,76,0.126,10,0.84,0.0,21.94
2025-10-11 03:30:40,039,CDKL5_005_275_28,66,0.11,12,0.879,0.0,21.94
2025-10-11 03:40:42,039,CDKL5_005_275_28,73,0.121,11,0.858,0.0,21.94
2025-10-11 03:50:44,039,CDKL5_005_275_28,84,0.14,7,0.769,0.0,22.01
2025-10-11 04:00:47,039,CDKL5_005_275_28,286,0.476,1,0.123,0.0,22.2
2025-10-11 04:10:50,039,CDKL5_005_275_28,232,0.386,4,0.408,0.0,22.13
2025-10-11 04:20:53,039,CDKL5_005_275_28,175,0.292,6,0.578,0.0,22.13
2025-10-11 04:30:55,039,CDKL5_005_275_28,149,0.248,5,0.573,0.0,22.1
2025-10-11 04:40:57,039,CDKL5_005_275_28,183,0.304,5,0.522,0.0,22.25
2025-10-11 04:51:00,039,CDKL5_005_275_28,162,0.27,5,0.552,0.0,22.17
2025-10-11 05:01:02,039,CDKL5_005_275_28,90,0.15,10,0.816,0.0,22.09
2025-10-11 05:11:05,039,CDKL5_005_275_28,82,0.136,9,0.814,0.0,22.03
2025-10-11 05:21:08,039,CDKL5_005_275_28,28,0.047,13,0.949,0.0,21.98
2025-10-11 05:31:10,039,CDKL5_005_275_28,49,0.082,10,0.891,0.0,21.95
2025-10-11 05:41:12,039,CDKL5_005_275_28,2,0.003,15,0.997,0.0,21.9
2025-10-11 05:51:15,039,CDKL5_005_275_28,1,0.002,14,0.998,0.0,21.85
2025-10-11 06:01:17,039,CDKL5_005_275_28,0,0.0,15,1.0,0.1764,21.83
2025-10-11 06:11:44,039,CDKL5_005_275_28,0,0.0,15,1.0,0.1656,21.86
2025-10-11 06:21:47,039,CDKL5_005_275_28,2,0.003,14,0.996,0.1764,21.82
2025-10-11 06:31:50,039,CDKL5_005_275_28,1,0.002,15,0.998,0.1656,21.8
2025-10-11 06:41:53,039,CDKL5_005_275_28,1,0.002,14,0.998,0.1656,21.78
2025-10-11 06:51:56,039,CDKL5_005_275_28,4,0.007,14,0.993,0.1584,21.78
2025-10-11 07:01:59,039,CDKL5_005_275_28,119,0.198,6,0.669,0.1548,21.88
2025-10-11 07:12:02,039,CDKL5_005_275_28,54,0.09,7,0.838,0.1296,21.85
2025-10-11 07:22:05,039,CDKL5_005_275_28,0,0.0,15,1.0,0.1296,21.84
2025-10-11 07:32:08,039,CDKL5_005_275_28,0,0.0,15,1.0,0.1332,21.81
2025-10-11 07:42:11,039,CDKL5_005_275_28,3,0.005,14,0.995,0.1512,21.78
2025-10-11 07:52:13,039,CDKL5_005_275_28,0,0.0,15,1.0,0.144,21.75
2025-10-11 08:02:16,039,CDKL5_005_275_28,1,0.002,14,0.998,0.1548,21.72
2025-10-11 08:12:19,039,CDKL5_005_275_28,0,0.0,15,1.0,0.1584,21.71
2025-10-11 08:22:22,039,CDKL5_005_275_28,0,0.0,15,1.0,0.1512,21.7
2025-10-11 08:32:24,039,CDKL5_005_275_28,0,0.0,15,1.0,0.1512,21.69
2025-10-11 08:42:28,039,CDKL5_005_275_28,0,0.0,15,1.0,0.1512,21.68
2025-10-11 08:52:30,039,CDKL5_005_275_28,0,0.0,15,1.0,0.1512,21.67
2025-10-11 09:02:33,039,CDKL5_005_275_28,0,0.0,15,1.0,0.1548,21.67
2025-10-11 09:12:35,039,CDKL5_005_275_28,1,0.002,15,0.998,0.1512,21.66
2025-10-11 09:22:37,039,CDKL5_005_275_28,0,0.0,15,1.0,0.1584,21.67
2025-10-11 09:32:40,039,CDKL5_005_275_28,0,0.0,15,1.0,0.1584,21.67
2025-10-11 09:42:43,039,CDKL5_005_275_28,0,0.0,15,1.0,0.1584,21.66
2025-10-11 09:52:46,039,CDKL5_005_275_28,0,0.0,15,1.0,0.1512,21.66
2025-10-11 10:02:48,039,CDKL5_005_275_28,0,0.0,15,1.0,0.1728,21.64
2025-10-11 10:13:12,039,CDKL5_005_275_28,0,0.0,15,1.0,0.1728,21.66
2025-10-11 10:23:15,039,CDKL5_005_275_28,0,0.0,15,1.0,0.1728,21.61
2025-10-11 10:33:17,039,CDKL5_005_275_28,54,0.09,10,0.881,0.1584,21.62
2025-10-11 10:43:19,039,CDKL5_005_275_28,5,0.008,13,0.99,0.144,21.58
2025-10-11 10:53:23,039,CDKL5_005_275_28,0,0.0,15,1.0,0.1404,21.55
2025-10-11 11:03:25,039,CDKL5_005_275_28,0,0.0,15,1.0,0.1296,21.51
2025-10-11 11:13:28,039,CDKL5_005_275_28,0,0.0,15,1.0,0.1296,21.47
2025-10-11 11:23:31,039,CDKL5_005_275_28,0,0.0,15,1.0,0.1296,21.43
2025-10-11 11:33:33,039,CDKL5_005_275_28,0,0.0,15,1.0,0.1296,21.42
2025-10-11 11:43:36,039,CDKL5_005_275_28,0,0.0,15,1.0,0.1404,21.39
2025-10-11 11:53:38,039,CDKL5_005_275_28,0,0.0,15,1.0,0.1404,21.39
2025-10-11 12:03:40,039,CDKL5_005_275_28,0,0.0,15,1.0,0.1404,21.39
2025-10-11 12:13:44,039,CDKL5_005_275_28,0,0.0,15,1.0,0.1296,21.38
2025-10-11 12:23:46,039,CDKL5_005_275_28,0,0.0,15,1.0,0.1404,21.37
2025-10-11 12:33:48,039,CDKL5_005_275_28,0,0.0,15,1.0,0.1512,21.38
2025-10-11 12:43:51,039,CDKL5_005_275_28,0,0.0,15,1.0,0.1512,21.37
2025-10-11 12:53:54,039,CDKL5_005_275_28,0,0.0,15,1.0,0.1368,21.38
2025-10-11 13:03:56,039,CDKL5_005_275_28,0,0.0,15,1.0,0.1296,21.36
2025-10-11 13:13:59,039,CDKL5_005_275_28,1,0.002,14,0.998,0.1296,21.34
2025-10-11 13:24:01,039,CDKL5_005_275_28,0,0.0,15,1.0,0.1404,21.34
2025-10-11 13:34:03,039,CDKL5_005_275_28,2,0.003,15,0.997,0.1404,21.33
2025-10-11 13:44:05,039,CDKL5_005_275_28,7,0.012,14,0.988,0.1404,21.33
2025-10-11 13:54:08,039,CDKL5_005_275_28,104,0.173,10,0.794,0.162,21.38
2025-10-11 14:04:10,039,CDKL5_005_275_28,0,0.0,15,1.0,0.1512,21.37
2025-10-11 14:14:38,039,CDKL5_005_275_28,0,0.0,15,1.0,0.1512,21.4
2025-10-11 14:24:41,039,CDKL5_005_275_28,1,0.002,15,0.998,0.1584,21.37
2025-10-11 14:34:43,039,CDKL5_005_275_28,0,0.0,15,1.0,0.1584,21.35
2025-10-11 14:44:46,039,CDKL5_005_275_28,0,0.0,15,1.0,0.1584,21.33
2025-10-11 14:54:49,039,CDKL5_005_275_28,0,0.0,15,1.0,0.1584,21.33
2025-10-11 15:04:51,039,CDKL5_005_275_28,0,0.0,15,1.0,0.1584,21.33
2025-10-11 15:14:54,039,CDKL5_005_275_28,0,0.0,15,1.0,0.1584,21.31
2025-10-11 15:24:56,039,CDKL5_005_275_28,0,0.0,15,1.0,0.1656,21.33
2025-10-11 15:34:58,039,CDKL5_005_275_28,0,0.0,15,1.0,0.1692,21.34
2025-10-11 15:45:01,039,CDKL5_005_275_28,15,0.025,13,0.972,0.1656,21.38
2025-10-11 15:55:03,039,CDKL5_005_275_28,105,0.175,7,0.727,0.1728,21.42
2025-10-11 16:05:06,039,CDKL5_005_275_28,2,0.003,14,0.996,0.18,21.43
2025-10-11 16:15:10,039,CDKL5_005_275_28,0,0.0,15,1.0,0.18,21.4
2025-10-11 16:25:12,039,CDKL5_005_275_28,0,0.0,15,1.0,0.2016,21.4
2025-10-11 16:35:14,039,CDKL5_005_275_28,0,0.0,15,1.0,0.2016,21.42
2025-10-11 16:45:18,039,CDKL5_005_275_28,0,0.0,15,1.0,0.18,21.45
2025-10-11 16:55:20,039,CDKL5_005_275_28,0,0.0,15,1.0,0.1872,21.49
2025-10-11 17:05:23,039,CDKL5_005_275_28,0,0.0,15,1.0,0.216,21.52
2025-10-11 17:15:26,039,CDKL5_005_275_28,0,0.0,15,1.0,0.216,21.55
2025-10-11 17:25:29,039,CDKL5_005_275_28,30,0.05,13,0.945,0.1872,21.6
2025-10-11 17:35:32,039,CDKL5_005_275_28,33,0.055,13,0.94,0.216,21.65
2025-10-11 17:45:35,039,CDKL5_005_275_28,0,0.0,15,1.0,0.2232,21.65
2025-10-11 17:55:37,039,CDKL5_005_275_28,3,0.005,15,0.995,0.2088,21.65
2025-10-11 18:05:39,039,CDKL5_005_275_28,121,0.201,9,0.748,0.0,21.7
2025-10-11 18:16:09,039,CDKL5_005_275_28,374,0.624,1,0.097,0.0,21.94
2025-10-11 18:26:11,039,CDKL5_005_275_28,186,0.309,7,0.601,0.0,21.92
2025-10-11 18:36:14,039,CDKL5_005_275_28,331,0.551,0,0.0,0.0,22.0
2025-10-11 18:46:17,039,CDKL5_005_275_28,190,0.316,8,0.627,0.0,22.03
2025-10-11 18:56:20,039,CDKL5_005_275_28,206,0.343,6,0.538,0.0,22.05
2025-10-11 19:06:24,039,CDKL5_005_275_28,344,0.571,1,0.104,0.0,22.27
2025-10-11 19:16:27,039,CDKL5_005_275_28,128,0.213,10,0.758,0.0,22.22
2025-10-11 19:26:29,039,CDKL5_005_275_28,299,0.498,1,0.118,0.0,22.37
2025-10-11 19:36:32,039,CDKL5_005_275_28,157,0.262,7,0.641,0.0,22.31
2025-10-11 19:46:35,039,CDKL5_005_275_28,358,0.596,0,0.0,0.0,22.36
2025-10-11 19:56:38,039,CDKL5_005_275_28,169,0.281,6,0.587,0.0,22.33
2025-10-11 20:06:40,039,CDKL5_005_275_28,138,0.23,9,0.723,0.0,22.27
2025-10-11 20:16:43,039,CDKL5_005_275_28,243,0.404,3,0.331,0.0,22.41
2025-10-11 20:26:46,039,CDKL5_005_275_28,54,0.09,12,0.899,0.0,22.33
2025-10-11 20:36:48,039,CDKL5_005_275_28,216,0.36,4,0.426,0.0,22.33
2025-10-11 20:46:51,039,CDKL5_005_275_28,291,0.483,1,0.121,0.0,22.28
2025-10-11 20:56:53,039,CDKL5_005_275_28,245,0.408,4,0.395,0.0,22.32
2025-10-11 21:06:56,039,CDKL5_005_275_28,108,0.18,7,0.722,0.0,22.23
2025-10-11 21:16:58,039,CDKL5_005_275_28,158,0.263,6,0.603,0.0,22.17
2025-10-11 21:27:01,039,CDKL5_005_275_28,135,0.225,7,0.675,0.0,22.13
2025-10-11 21:37:04,039,CDKL5_005_275_28,342,0.569,2,0.19,0.0,22.14
2025-10-11 21:47:07,039,CDKL5_005_275_28,130,0.216,10,0.755,0.0,22.13
2025-10-11 21:57:10,039,CDKL5_005_275_28,200,0.332,3,0.375,0.0,22.2
2025-10-11 22:07:12,039,CDKL5_005_275_28,175,0.291,4,0.478,0.0,22.11
2025-10-11 22:17:36,039,CDKL5_005_275_28,5,0.008,13,0.99,0.0,22.09
2025-10-11 22:27:39,039,CDKL5_005_275_28,0,0.0,15,1.0,0.0,21.99
2025-10-11 22:37:41,039,CDKL5_005_275_28,0,0.0,15,1.0,0.0,21.94
2025-10-11 22:47:44,039,CDKL5_005_275_28,0,0.0,15,1.0,0.0,21.91
2025-10-11 22:57:47,039,CDKL5_005_275_28,2,0.003,13,0.996,0.0,21.88
2025-10-11 23:07:50,039,CDKL5_005_275_28,9,0.015,13,0.983,0.0,21.87
2025-10-11 23:17:52,039,CDKL5_005_275_28,160,0.266,4,0.5,0.0,22.07
2025-10-11 23:27:55,039,CDKL5_005_275_28,115,0.191,9,0.758,0.0,22.0
2025-10-11 23:37:58,039,CDKL5_005_275_28,141,0.235,6,0.63,0.0,22.03
2025-10-11 23:48:01,039,CDKL5_005_275_28,236,0.392,2,0.253,0.0,22.06
2025-10-11 23:58:04,039,CDKL5_005_275_28,50,0.083,9,0.878,0.0,22.0
2025-10-12 00:08:07,039,CDKL5_005_275_28,2,0.003,14,0.996,0.0,21.94
2025-10-12 00:18:10,039,CDKL5_005_275_28,2,0.003,14,0.996,0.0,21.88
2025-10-12 00:28:12,039,CDKL5_005_275_28,0,0.0,15,1.0,0.0,21.85
2025-10-12 00:38:15,039,CDKL5_005_275_28,2,0.003,15,0.997,0.0,21.81
2025-10-12 00:48:18,039,CDKL5_005_275_28,2,0.003,15,0.997,0.0,21.79
2025-10-12 00:58:20,039,CDKL5_005_275_28,0,0.0,15,1.0,0.0,21.75
2025-10-12 01:08:23,039,CDKL5_005_275_28,11,0.018,14,0.981,0.0,21.71
2025-10-12 01:18:25,039,CDKL5_005_275_28,113,0.188,1,0.261,0.0,21.71
2025-10-12 01:28:28,039,CDKL5_005_275_28,128,0.213,7,0.686,0.0,21.76
2025-10-12 01:38:31,039,CDKL5_005_275_28,118,0.197,8,0.731,0.0,21.77
2025-10-12 01:48:33,039,CDKL5_005_275_28,118,0.196,8,0.731,0.0,21.78
2025-10-12 01:58:37,039,CDKL5_005_275_28,257,0.427,3,0.318,0.0,21.96
2025-10-12 02:08:39,039,CDKL5_005_275_28,188,0.313,6,0.561,0.0,21.95
2025-10-12 02:19:09,039,CDKL5_005_275_28,164,0.274,5,0.549,0.0,22.02
2025-10-12 02:29:12,039,CDKL5_005_275_28,7,0.012,14,0.988,0.0,21.95
2025-10-12 02:39:14,039,CDKL5_005_275_28,0,0.0,15,1.0,0.0,21.89
2025-10-12 02:49:17,039,CDKL5_005_275_28,6,0.01,13,0.989,0.0,21.84
2025-10-12 02:59:20,039,CDKL5_005_275_28,2,0.003,14,0.996,0.0,21.8
2025-10-12 03:09:22,039,CDKL5_005_275_28,0,0.0,15,1.0,0.0,21.78
2025-10-12 03:19:25,039,CDKL5_005_275_28,12,0.02,12,0.976,0.0,21.78
2025-10-12 03:29:27,039,CDKL5_005_275_28,150,0.25,8,0.681,0.0,21.83
2025-10-12 03:39:30,039,CDKL5_005_275_28,124,0.206,7,0.693,0.0,21.87
2025-10-12 03:49:33,039,CDKL5_005_275_28,249,0.414,2,0.243,0.0,21.95
2025-10-12 03:59:36,039,CDKL5_005_275_28,151,0.251,6,0.614,0.0,21.99
2025-10-12 04:09:38,039,CDKL5_005_275_28,144,0.24,6,0.625,0.0,22.06
2025-10-12 04:19:41,039,CDKL5_005_275_28,206,0.343,2,0.28,0.0,22.02
2025-10-12 04:29:43,039,CDKL5_005_275_28,104,0.173,10,0.794,0.0,21.99
2025-10-12 04:39:46,039,CDKL5_005_275_28,172,0.286,5,0.538,0.0,22.07
2025-10-12 04:49:49,039,CDKL5_005_275_28,181,0.301,5,0.525,0.0,22.04
2025-10-12 04:59:51,039,CDKL5_005_275_28,132,0.22,6,0.645,0.0,22.1
2025-10-12 05:09:54,039,CDKL5_005_275_28,47,0.078,12,0.911,0.0,22.04
2025-10-12 05:19:57,039,CDKL5_005_275_28,2,0.003,13,0.996,0.0,21.96
2025-10-12 05:29:59,039,CDKL5_005_275_28,1,0.002,15,0.998,0.0,21.87
2025-10-12 05:40:02,039,CDKL5_005_275_28,2,0.003,14,0.996,0.0,21.81
2025-10-12 05:50:05,039,CDKL5_005_275_28,11,0.018,13,0.979,0.0,21.76
2025-10-12 06:00:08,039,CDKL5_005_275_28,97,0.162,8,0.767,0.3132,21.78
2025-10-12 06:10:10,039,CDKL5_005_275_28,131,0.218,7,0.681,0.2628,21.82
2025-10-12 06:20:32,039,CDKL5_005_275_28,153,0.256,6,0.611,0.1764,21.87
2025-10-12 06:30:34,039,CDKL5_005_275_28,171,0.285,6,0.584,0.3816,21.86
2025-10-12 06:40:36,039,CDKL5_005_275_28,1,0.002,14,0.998,0.3744,21.82
2025-10-12 06:50:39,039,CDKL5_005_275_28,2,0.003,15,0.997,0.3924,21.79
2025-10-12 07:00:42,039,CDKL5_005_275_28,0,0.0,15,1.0,0.3852,21.77
2025-10-12 07:10:44,039,CDKL5_005_275_28,5,0.008,14,0.991,0.3744,21.73
2025-10-12 07:20:46,039,CDKL5_005_275_28,0,0.0,15,1.0,0.3744,21.72
2025-10-12 07:30:49,039,CDKL5_005_275_28,0,0.0,15,1.0,0.3708,21.72
2025-10-12 07:40:52,039,CDKL5_005_275_28,6,0.01,14,0.989,0.3528,21.71
2025-10-12 07:50:55,039,CDKL5_005_275_28,0,0.0,15,1.0,0.3528,21.7
2025-10-12 08:00:58,039,CDKL5_005_275_28,12,0.02,13,0.977,0.3528,21.69
2025-10-12 08:11:00,039,CDKL5_005_275_28,0,0.0,15,1.0,0.3528,21.69
2025-10-12 08:21:03,039,CDKL5_005_275_28,2,0.003,14,0.996,0.3528,21.67
2025-10-12 08:31:06,039,CDKL5_005_275_28,3,0.005,15,0.995,0.36,21.66
2025-10-12 08:41:08,039,CDKL5_005_275_28,2,0.003,14,0.996,0.3636,21.66
2025-10-12 08:51:11,039,CDKL5_005_275_28,0,0.0,15,1.0,0.36,21.66
2025-10-12 09:01:14,039,CDKL5_005_275_28,31,0.052,11,0.934,0.396,21.66
2025-10-12 09:11:17,039,CDKL5_005_275_28,122,0.203,6,0.663,0.0432,21.67
2025-10-12 09:21:19,039,CDKL5_005_275_28,111,0.185,6,0.684,0.1872,21.67
2025-10-12 09:31:22,039,CDKL5_005_275_28,0,0.0,15,1.0,0.1908,21.66
2025-10-12 09:41:25,039,CDKL5_005_275_28,0,0.0,15,1.0,0.1872,21.66
2025-10-12 09:51:28,039,CDKL5_005_275_28,0,0.0,15,1.0,0.2016,21.66
2025-10-12 10:01:31,039,CDKL5_005_275_28,0,0.0,15,1.0,0.2016,21.66
2025-10-12 10:11:34,039,CDKL5_005_275_28,0,0.0,15,1.0,0.2196,21.66
2025-10-12 10:21:57,039,CDKL5_005_275_28,0,0.0,15,1.0,0.2196,21.69
2025-10-12 10:31:59,039,CDKL5_005_275_28,0,0.0,15,1.0,0.1944,21.67
2025-10-12 10:42:02,039,CDKL5_005_275_28,1,0.002,14,0.998,0.1944,21.66
2025-10-12 10:52:05,039,CDKL5_005_275_28,1,0.002,14,0.998,0.1944,21.64
2025-10-12 11:02:07,039,CDKL5_005_275_28,5,0.008,13,0.99,0.198,21.65
2025-10-12 11:12:10,039,CDKL5_005_275_28,0,0.0,15,1.0,0.1944,21.65
2025-10-12 11:22:12,039,CDKL5_005_275_28,0,0.0,15,1.0,0.1944,21.64
2025-10-12 11:32:15,039,CDKL5_005_275_28,0,0.0,15,1.0,0.1944,21.62
2025-10-12 11:42:18,039,CDKL5_005_275_28,27,0.045,12,0.947,0.216,21.62
2025-10-12 11:52:21,039,CDKL5_005_275_28,133,0.222,8,0.706,0.1224,21.66
2025-10-12 12:02:23,039,CDKL5_005_275_28,73,0.121,12,0.868,0.1008,21.66
2025-10-12 12:12:26,039,CDKL5_005_275_28,51,0.085,9,0.876,0.108,21.65
2025-10-12 12:22:29,039,CDKL5_005_275_28,0,0.0,15,1.0,0.108,21.64
2025-10-12 12:32:32,039,CDKL5_005_275_28,0,0.0,15,1.0,0.108,21.63
2025-10-12 12:42:35,039,CDKL5_005_275_28,0,0.0,15,1.0,0.1116,21.62
2025-10-12 12:52:38,039,CDKL5_005_275_28,0,0.0,15,1.0,0.1116,21.61
2025-10-12 13:02:41,039,CDKL5_005_275_28,0,0.0,15,1.0,0.1116,21.59
2025-10-12 13:12:44,039,CDKL5_005_275_28,0,0.0,15,1.0,0.108,21.57
2025-10-12 13:22:46,039,CDKL5_005_275_28,0,0.0,15,1.0,0.108,21.54
2025-10-12 13:32:49,039,CDKL5_005_275_28,0,0.0,15,1.0,0.108,21.52
2025-10-12 13:42:52,039,CDKL5_005_275_28,3,0.005,15,0.995,0.108,21.52
2025-10-12 13:52:54,039,CDKL5_005_275_28,1,0.002,15,0.998,0.1116,21.51
2025-10-12 14:02:57,039,CDKL5_005_275_28,0,0.0,15,1.0,0.108,21.52
2025-10-12 14:12:59,039,CDKL5_005_275_28,46,0.077,11,0.905,0.1296,21.54
2025-10-12 14:23:21,039,CDKL5_005_275_28,0,0.0,15,1.0,0.1368,21.58
2025-10-12 14:33:24,039,CDKL5_005_275_28,0,0.0,15,1.0,0.1368,21.56
2025-10-12 14:43:27,039,CDKL5_005_275_28,0,0.0,15,1.0,0.1404,21.53
2025-10-12 14:53:30,039,CDKL5_005_275_28,0,0.0,15,1.0,0.1368,21.52
2025-10-12 15:03:32,039,CDKL5_005_275_28,0,0.0,15,1.0,0.1368,21.53
2025-10-12 15:13:34,039,CDKL5_005_275_28,1,0.002,14,0.998,0.144,21.52
2025-10-12 15:23:36,039,CDKL5_005_275_28,0,0.0,15,1.0,0.1368,21.51
2025-10-12 15:33:39,039,CDKL5_005_275_28,1,0.002,14,0.998,0.1368,21.51
2025-10-12 15:43:42,039,CDKL5_005_275_28,5,0.008,14,0.991,0.144,21.51
2025-10-12 15:53:44,039,CDKL5_005_275_28,25,0.042,11,0.946,0.144,21.53
2025-10-12 16:03:47,039,CDKL5_005_275_28,62,0.103,10,0.866,0.1836,21.56
2025-10-12 16:13:49,039,CDKL5_005_275_28,213,0.355,6,0.53,0.0504,21.59
2025-10-12 16:23:52,039,CDKL5_005_275_28,110,0.183,7,0.718,0.162,21.62
2025-10-12 16:33:55,039,CDKL5_005_275_28,1,0.002,14,0.998,0.1548,21.61
2025-10-12 16:43:58,039,CDKL5_005_275_28,2,0.003,14,0.996,0.1548,21.61
2025-10-12 16:54:00,039,CDKL5_005_275_28,10,0.017,13,0.981,0.1584,21.6
2025-10-12 17:04:03,039,CDKL5_005_275_28,0,0.0,15,1.0,0.1584,21.59
2025-10-12 17:14:06,039,CDKL5_005_275_28,0,0.0,15,1.0,0.1584,21.57
2025-10-12 17:24:09,039,CDKL5_005_275_28,55,0.092,10,0.879,0.18,21.58
2025-10-12 17:34:12,039,CDKL5_005_275_28,18,0.03,13,0.967,0.1836,21.58
2025-10-12 17:44:15,039,CDKL5_005_275_28,2,0.003,14,0.996,0.1728,21.57
2025-10-12 17:54:18,039,CDKL5_005_275_28,37,0.062,8,0.896,0.1656,21.57
2025-10-12 18:04:21,039,CDKL5_005_275_28,174,0.289,3,0.408,0.0,21.64
2025-10-12 18:14:23,039,CDKL5_005_275_28,267,0.445,4,0.375,0.0,21.7
2025-10-12 18:24:44,039,CDKL5_005_275_28,100,0.167,11,0.815,0.0,21.76
2025-10-12 18:34:47,039,CDKL5_005_275_28,300,0.499,1,0.118,0.0,21.85
2025-10-12 18:44:50,039,CDKL5_005_275_28,92,0.153,9,0.796,0.0,21.82
2025-10-12 18:54:52,039,CDKL5_005_275_28,348,0.579,1,0.103,0.0,21.93
2025-10-12 19:04:54,039,CDKL5_005_275_28,238,0.397,6,0.502,0.0,21.93
2025-10-12 19:14:57,039,CDKL5_005_275_28,292,0.486,5,0.407,0.0,22.01
2025-10-12 19:24:59,039,CDKL5_005_275_28,178,0.296,5,0.529,0.0,22.06
2025-10-12 19:35:01,039,CDKL5_005_275_28,172,0.286,7,0.619,0.0,22.08
2025-10-12 19:45:05,039,CDKL5_005_275_28,286,0.475,1,0.123,0.0,22.16
2025-10-12 19:55:08,039,CDKL5_005_275_28,260,0.432,1,0.133,0.0,22.23
2025-10-12 20:05:11,039,CDKL5_005_275_28,160,0.266,7,0.636,0.0,22.16
2025-10-12 20:15:14,039,CDKL5_005_275_28,267,0.444,2,0.231,0.0,22.26
2025-10-12 20:25:16,039,CDKL5_005_275_28,220,0.367,4,0.421,0.0,22.26
2025-10-12 20:35:18,039,CDKL5_005_275_28,80,0.133,9,0.818,0.0,22.19
2025-10-12 20:45:20,039,CDKL5_005_275_28,250,0.416,5,0.444,0.0,22.14
2025-10-12 20:55:23,039,CDKL5_005_275_28,114,0.19,8,0.737,0.0,22.13
2025-10-12 21:05:26,039,CDKL5_005_275_28,108,0.18,9,0.769,0.0,22.1
2025-10-12 21:15:28,039,CDKL5_005_275_28,147,0.245,6,0.62,0.0,22.17
2025-10-12 21:25:31,039,CDKL5_005_275_28,270,0.45,3,0.308,0.0,22.24
2025-10-12 21:35:34,039,CDKL5_005_275_28,115,0.191,4,0.582,0.0,22.16
2025-10-12 21:45:37,039,CDKL5_005_275_28,22,0.037,12,0.956,0.0,22.1
2025-10-12 21:55:39,039,CDKL5_005_275_28,2,0.003,15,0.997,0.0,22.03
2025-10-12 22:05:43,039,CDKL5_005_275_28,4,0.007,13,0.992,0.0,21.98
2025-10-12 22:15:45,039,CDKL5_005_275_28,3,0.005,15,0.995,0.0,21.95
2025-10-12 22:26:15,039,CDKL5_005_275_28,6,0.01,14,0.989,0.0,21.99
2025-10-12 22:36:18,039,CDKL5_005_275_28,14,0.023,12,0.972,0.0,21.94
2025-10-12 22:46:21,039,CDKL5_005_275_28,0,0.0,15,1.0,0.0,21.9
2025-10-12 22:56:23,039,CDKL5_005_275_28,51,0.085,9,0.876,0.0,21.89
2025-10-12 23:06:26,039,CDKL5_005_275_28,180,0.3,3,0.4,0.0,21.93
2025-10-12 23:16:29,039,CDKL5_005_275_28,55,0.092,11,0.889,0.0,21.95
2025-10-12 23:26:31,039,CDKL5_005_275_28,99,0.165,10,0.802,0.0,21.94
2025-10-12 23:36:33,039,CDKL5_005_275_28,106,0.176,10,0.791,0.0,21.94
2025-10-12 23:46:36,039,CDKL5_005_275_28,218,0.363,4,0.423,0.0,21.99
2025-10-12 23:56:39,039,CDKL5_005_275_28,260,0.433,5,0.435,0.0,22.03
2025-10-11 00:09:40,044,CDKL5_005_275_29,193,0.321,6,0.554,0.0,21.3
2025-10-11 00:19:43,044,CDKL5_005_275_29,137,0.228,9,0.724,0.0,21.37
2025-10-11 00:29:46,044,CDKL5_005_275_29,110,0.183,8,0.744,0.0,21.37
2025-10-11 00:39:49,044,CDKL5_005_275_29,225,0.374,4,0.416,0.0,21.43
2025-10-11 00:49:52,044,CDKL5_005_275_29,211,0.351,4,0.431,0.0,21.51
2025-10-11 00:59:56,044,CDKL5_005_275_29,55,0.091,10,0.879,0.0,21.44
2025-10-11 01:09:59,044,CDKL5_005_275_29,0,0.0,15,1.0,0.0,21.35
2025-10-11 01:20:03,044,CDKL5_005_275_29,0,0.0,15,1.0,0.0,21.28
2025-10-11 01:30:06,044,CDKL5_005_275_29,1,0.002,15,0.998,0.0,21.22
2025-10-11 01:40:09,044,CDKL5_005_275_29,3,0.005,14,0.995,0.0,21.18
2025-10-11 01:50:13,044,CDKL5_005_275_29,61,0.101,11,0.878,0.0,21.18
2025-10-11 02:00:16,044,CDKL5_005_275_29,0,0.0,15,1.0,0.0,21.15
2025-10-11 02:10:20,044,CDKL5_005_275_29,26,0.043,12,0.949,0.0,21.15
2025-10-11 02:20:23,044,CDKL5_005_275_29,1,0.002,14,0.998,0.0,21.14
2025-10-11 02:30:26,044,CDKL5_005_275_29,5,0.008,14,0.991,0.0,21.12
2025-10-11 02:40:52,044,CDKL5_005_275_29,19,0.032,11,0.959,0.0,21.18
2025-10-11 02:50:55,044,CDKL5_005_275_29,193,0.321,9,0.651,0.0,21.22
2025-10-11 03:00:58,044,CDKL5_005_275_29,17,0.028,13,0.968,0.0,21.18
2025-10-11 03:11:02,044,CDKL5_005_275_29,2,0.003,14,0.996,0.0,21.14
2025-10-11 03:21:05,044,CDKL5_005_275_29,96,0.159,9,0.789,0.0,21.17
2025-10-11 03:31:09,044,CDKL5_005_275_29,199,0.331,2,0.287,0.0,21.25
2025-10-11 03:41:11,044,CDKL5_005_275_29,126,0.21,8,0.717,0.0,21.32
2025-10-11 03:51:14,044,CDKL5_005_275_29,189,0.314,4,0.458,0.0,21.54
2025-10-11 04:01:18,044,CDKL5_005_275_29,138,0.23,5,0.592,0.0,21.42
2025-10-11 04:11:21,044,CDKL5_005_275_29,2,0.003,15,0.997,0.0,21.31
2025-10-11 04:21:25,044,CDKL5_005_275_29,7,0.012,13,0.987,0.0,21.21
2025-10-11 04:31:28,044,CDKL5_005_275_29,1,0.002,15,0.998,0.0,21.16
2025-10-11 04:41:31,044,CDKL5_005_275_29,62,0.103,9,0.853,0.0,21.14
2025-10-11 04:51:34,044,CDKL5_005_275_29,59,0.098,11,0.882,0.0,21.12
2025-10-11 05:01:37,044,CDKL5_005_275_29,169,0.281,7,0.624,0.0,21.14
2025-10-11 05:11:40,044,CDKL5_005_275_29,198,0.329,5,0.503,0.0,21.45
2025-10-11 05:21:44,044,CDKL5_005_275_29,150,0.25,7,0.651,0.0,21.5
2025-10-11 05:31:47,044,CDKL5_005_275_29,91,0.151,8,0.779,0.0,21.41
2025-10-11 05:41:50,044,CDKL5_005_275_29,75,0.125,7,0.789,0.0,21.32
2025-10-11 05:51:54,044,CDKL5_005_275_29,16,0.027,13,0.97,0.0,21.22
2025-10-11 06:01:58,044,CDKL5_005_275_29,3,0.005,14,0.995,0.1008,21.17
2025-10-11 06:12:01,044,CDKL5_005_275_29,2,0.003,14,0.996,0.1008,21.12
2025-10-11 06:22:04,044,CDKL5_005_275_29,0,0.0,15,1.0,0.0972,21.08
2025-10-11 06:32:07,044,CDKL5_005_275_29,0,0.0,15,1.0,0.1044,21.05
2025-10-11 06:42:31,044,CDKL5_005_275_29,0,0.0,15,1.0,0.0936,21.07
2025-10-11 06:52:35,044,CDKL5_005_275_29,4,0.007,14,0.993,0.0936,21.05
2025-10-11 07:02:38,044,CDKL5_005_275_29,0,0.0,15,1.0,0.0936,21.02
2025-10-11 07:12:41,044,CDKL5_005_275_29,0,0.0,15,1.0,0.0936,21.01
2025-10-11 07:22:45,044,CDKL5_005_275_29,0,0.0,15,1.0,0.0936,20.99
2025-10-11 07:32:48,044,CDKL5_005_275_29,3,0.005,14,0.995,0.0936,20.99
2025-10-11 07:42:51,044,CDKL5_005_275_29,1,0.002,14,0.998,0.0936,20.98
2025-10-11 07:52:54,044,CDKL5_005_275_29,0,0.0,15,1.0,0.0936,20.98
2025-10-11 08:02:58,044,CDKL5_005_275_29,5,0.008,14,0.991,0.0936,20.98
2025-10-11 08:13:01,044,CDKL5_005_275_29,42,0.07,10,0.905,0.1008,21.03
2025-10-11 08:23:04,044,CDKL5_005_275_29,110,0.183,10,0.784,0.1296,21.04
2025-10-11 08:33:07,044,CDKL5_005_275_29,0,0.0,15,1.0,0.1332,21.03
2025-10-11 08:43:10,044,CDKL5_005_275_29,0,0.0,15,1.0,0.1296,21.0
2025-10-11 08:53:13,044,CDKL5_005_275_29,0,0.0,15,1.0,0.1296,20.98
2025-10-11 09:03:16,044,CDKL5_005_275_29,0,0.0,15,1.0,0.1296,20.97
2025-10-11 09:13:20,044,CDKL5_005_275_29,1,0.002,14,0.998,0.1296,20.94
2025-10-11 09:23:23,044,CDKL5_005_275_29,0,0.0,15,1.0,0.1332,20.94
2025-10-11 09:33:26,044,CDKL5_005_275_29,0,0.0,15,1.0,0.1296,20.92
2025-10-11 09:43:29,044,CDKL5_005_275_29,0,0.0,15,1.0,0.1296,20.92
2025-10-11 09:53:32,044,CDKL5_005_275_29,5,0.008,14,0.991,0.1224,20.91
2025-10-11 10:03:36,044,CDKL5_005_275_29,46,0.076,9,0.887,0.108,20.97
2025-10-11 10:13:39,044,CDKL5_005_275_29,58,0.096,10,0.873,0.0936,21.03
2025-10-11 10:23:42,044,CDKL5_005_275_29,22,0.037,13,0.959,0.1116,21.01
2025-10-11 10:33:46,044,CDKL5_005_275_29,0,0.0,15,1.0,0.1116,20.98
2025-10-11 10:44:02,044,CDKL5_005_275_29,2,0.003,14,0.996,0.1116,20.97
2025-10-11 10:54:05,044,CDKL5_005_275_29,0,0.0,15,1.0,0.0972,20.94
2025-10-11 11:04:09,044,CDKL5_005_275_29,0,0.0,15,1.0,0.0972,20.89
2025-10-11 11:14:13,044,CDKL5_005_275_29,0,0.0,15,1.0,0.0972,20.85
2025-10-11 11:24:16,044,CDKL5_005_275_29,0,0.0,15,1.0,0.0972,20.82
2025-10-11 11:34:20,044,CDKL5_005_275_29,0,0.0,15,1.0,0.0972,20.79
2025-10-11 11:44:23,044,CDKL5_005_275_29,0,0.0,15,1.0,0.0864,20.77
2025-10-11 11:54:26,044,CDKL5_005_275_29,0,0.0,15,1.0,0.0972,20.76
2025-10-11 12:04:30,044,CDKL5_005_275_29,0,0.0,15,1.0,0.0972,20.75
2025-10-11 12:14:33,044,CDKL5_005_275_29,22,0.037,12,0.956,0.0936,20.8
2025-10-11 12:24:36,044,CDKL5_005_275_29,2,0.003,15,0.997,0.0936,20.78
2025-10-11 12:34:40,044,CDKL5_005_275_29,0,0.0,15,1.0,0.108,20.79
2025-10-11 12:44:43,044,CDKL5_005_275_29,0,0.0,15,1.0,0.108,20.78
2025-10-11 12:54:46,044,CDKL5_005_275_29,0,0.0,15,1.0,0.0936,20.76
2025-10-11 13:04:49,044,CDKL5_005_275_29,0,0.0,15,1.0,0.0936,20.76
2025-10-11 13:14:53,044,CDKL5_005_275_29,0,0.0,15,1.0,0.0936,20.75
2025-10-11 13:24:56,044,CDKL5_005_275_29,19,0.032,12,0.962,0.0936,20.75
2025-10-11 13:34:58,044,CDKL5_005_275_29,7,0.012,13,0.987,0.0936,20.76
2025-10-11 13:45:01,044,CDKL5_005_275_29,0,0.0,15,1.0,0.0972,20.74
2025-10-11 13:55:05,044,CDKL5_005_275_29,0,0.0,15,1.0,0.1008,20.73
2025-10-11 14:05:08,044,CDKL5_005_275_29,0,0.0,15,1.0,0.0936,20.71
2025-10-11 14:15:12,044,CDKL5_005_275_29,44,0.073,9,0.891,0.0936,20.74
2025-10-11 14:25:15,044,CDKL5_005_275_29,0,0.0,15,1.0,0.1044,20.73
2025-10-11 14:35:18,044,CDKL5_005_275_29,0,0.0,15,1.0,0.1044,20.74
2025-10-11 14:45:41,044,CDKL5_005_275_29,4,0.007,14,0.993,0.1044,20.77
2025-10-11 14:55:45,044,CDKL5_005_275_29,0,0.0,15,1.0,0.0936,20.75
2025-10-11 15:05:48,044,CDKL5_005_275_29,7,0.012,12,0.986,0.1044,20.74
2025-10-11 15:15:51,044,CDKL5_005_275_29,14,0.023,12,0.972,0.0972,20.75
2025-10-11 15:25:54,044,CDKL5_005_275_29,62,0.103,10,0.866,0.0972,20.83
2025-10-11 15:35:58,044,CDKL5_005_275_29,60,0.1,11,0.88,0.0864,20.95
2025-10-11 15:46:01,044,CDKL5_005_275_29,156,0.259,7,0.642,0.1008,20.92
2025-10-11 15:56:05,044,CDKL5_005_275_29,307,0.511,0,0.0,0.2664,20.96
2025-10-11 16:06:08,044,CDKL5_005_275_29,10,0.017,13,0.981,0.2592,20.93
2025-10-11 16:16:11,044,CDKL5_005_275_29,0,0.0,15,1.0,0.2592,20.89
2025-10-11 16:26:14,044,CDKL5_005_275_29,2,0.003,15,0.997,0.2808,20.85
2025-10-11 16:36:16,044,CDKL5_005_275_29,3,0.005,14,0.995,0.2844,20.84
2025-10-11 16:46:19,044,CDKL5_005_275_29,1,0.002,15,0.998,0.2592,20.84
2025-10-11 16:56:22,044,CDKL5_005_275_29,1,0.002,14,0.998,0.2592,20.85
2025-10-11 17:06:26,044,CDKL5_005_275_29,1,0.002,15,0.998,0.288,20.85
2025-10-11 17:16:28,044,CDKL5_005_275_29,2,0.003,14,0.996,0.2808,20.87
2025-10-11 17:26:32,044,CDKL5_005_275_29,7,0.012,14,0.988,0.1584,20.88
2025-10-11 17:36:35,044,CDKL5_005_275_29,200,0.332,2,0.286,0.162,20.95
2025-10-11 17:46:39,044,CDKL5_005_275_29,45,0.075,11,0.907,0.1584,20.97
2025-10-11 17:56:42,044,CDKL5_005_275_29,3,0.005,14,0.995,0.1584,20.97
2025-10-11 18:06:45,044,CDKL5_005_275_29,238,0.396,4,0.402,0.0,21.06
2025-10-11 18:16:49,044,CDKL5_005_275_29,105,0.174,8,0.753,0.0,21.21
2025-10-11 18:26:52,044,CDKL5_005_275_29,242,0.402,0,0.0,0.0,21.39
2025-10-11 18:36:55,044,CDKL5_005_275_29,255,0.424,3,0.32,0.0,21.55
2025-10-11 18:47:15,044,CDKL5_005_275_29,64,0.107,11,0.873,0.0,21.49
2025-10-11 18:57:17,044,CDKL5_005_275_29,269,0.448,1,0.129,0.0,21.45
2025-10-11 19:07:21,044,CDKL5_005_275_29,262,0.436,2,0.234,0.0,21.58
2025-10-11 19:17:24,044,CDKL5_005_275_29,84,0.14,10,0.826,0.0,21.52
2025-10-11 19:27:28,044,CDKL5_005_275_29,32,0.053,12,0.938,0.0,21.42
2025-10-11 19:37:31,044,CDKL5_005_275_29,144,0.239,6,0.625,0.0,21.41
2025-10-11 19:47:35,044,CDKL5_005_275_29,5,0.008,14,0.991,0.0,21.32
2025-10-11 19:57:38,044,CDKL5_005_275_29,0,0.0,15,1.0,0.0,21.26
2025-10-11 20:07:41,044,CDKL5_005_275_29,0,0.0,15,1.0,0.0,21.2
2025-10-11 20:17:44,044,CDKL5_005_275_29,34,0.056,11,0.928,0.0,21.18
2025-10-11 20:27:47,044,CDKL5_005_275_29,53,0.088,7,0.841,0.0,21.22
2025-10-11 20:37:50,044,CDKL5_005_275_29,6,0.01,14,0.989,0.0,21.21
2025-10-11 20:47:54,044,CDKL5_005_275_29,121,0.201,7,0.698,0.0,21.29
2025-10-11 20:57:57,044,CDKL5_005_275_29,139,0.231,6,0.633,0.0,21.3
2025-10-11 21:08:01,044,CDKL5_005_275_29,86,0.143,8,0.788,0.0,21.31
2025-10-11 21:18:03,044,CDKL5_005_275_29,105,0.175,9,0.774,0.0,21.31
2025-10-11 21:28:06,044,CDKL5_005_275_29,208,0.346,4,0.435,0.0,21.46
2025-10-11 21:38:09,044,CDKL5_005_275_29,205,0.341,5,0.494,0.0,21.56
2025-10-11 21:48:13,044,CDKL5_005_275_29,218,0.362,4,0.423,0.0,21.6
2025-10-11 21:58:16,044,CDKL5_005_275_29,84,0.14,11,0.84,0.0,21.56
2025-10-11 22:08:19,044,CDKL5_005_275_29,165,0.275,6,0.593,0.0,21.57
2025-10-11 22:18:21,044,CDKL5_005_275_29,172,0.286,7,0.619,0.0,21.57
2025-10-11 22:28:25,044,CDKL5_005_275_29,117,0.195,7,0.705,0.0,21.5
2025-10-11 22:38:28,044,CDKL5_005_275_29,73,0.121,8,0.814,0.0,21.37
2025-10-11 22:48:55,044,CDKL5_005_275_29,0,0.0,15,1.0,0.0,21.31
2025-10-11 22:58:58,044,CDKL5_005_275_29,0,0.0,15,1.0,0.0,21.21
2025-10-11 23:09:01,044,CDKL5_005_275_29,0,0.0,15,1.0,0.0,21.15
2025-10-11 23:19:04,044,CDKL5_005_275_29,2,0.003,14,0.996,0.0,21.1
2025-10-11 23:29:08,044,CDKL5_005_275_29,18,0.03,13,0.967,0.0,21.08
2025-10-11 23:39:11,044,CDKL5_005_275_29,170,0.283,5,0.541,0.0,21.17
2025-10-11 23:49:14,044,CDKL5_005_275_29,107,0.178,9,0.771,0.0,21.21
2025-10-11 23:59:17,044,CDKL5_005_275_29,76,0.126,8,0.808,0.0,21.22
2025-10-12 00:09:21,044,CDKL5_005_275_29,97,0.161,10,0.805,0.0,21.24
2025-10-12 00:19:24,044,CDKL5_005_275_29,158,0.262,6,0.603,0.0,21.36
2025-10-12 00:29:27,044,CDKL5_005_275_29,1,0.002,15,0.998,0.0,21.26
2025-10-12 00:39:30,044,CDKL5_005_275_29,0,0.0,15,1.0,0.0,21.18
2025-10-12 00:49:33,044,CDKL5_005_275_29,0,0.0,15,1.0,0.0,21.13
2025-10-12 00:59:36,044,CDKL5_005_275_29,0,0.0,15,1.0,0.0,21.08
2025-10-12 01:09:39,044,CDKL5_005_275_29,0,0.0,15,1.0,0.0,21.05
2025-10-12 01:19:43,044,CDKL5_005_275_29,0,0.0,15,1.0,0.0,21.03
2025-10-12 01:29:46,044,CDKL5_005_275_29,1,0.002,15,0.998,0.0,21.01
2025-10-12 01:39:49,044,CDKL5_005_275_29,0,0.0,15,1.0,0.0,20.98
2025-10-12 01:49:53,044,CDKL5_005_275_29,0,0.0,15,1.0,0.0,20.98
2025-10-12 01:59:56,044,CDKL5_005_275_29,101,0.168,10,0.798,0.0,21.05
2025-10-12 02:09:59,044,CDKL5_005_275_29,163,0.271,7,0.632,0.0,21.09
2025-10-12 02:20:03,044,CDKL5_005_275_29,86,0.143,7,0.765,0.0,21.1
2025-10-12 02:30:06,044,CDKL5_005_275_29,1,0.002,14,0.998,0.0,21.07
2025-10-12 02:40:09,044,CDKL5_005_275_29,27,0.045,13,0.951,0.0,21.06
2025-10-12 02:51:01,044,CDKL5_005_275_29,34,0.057,9,0.914,0.0,21.15
2025-10-12 03:01:05,044,CDKL5_005_275_29,30,0.05,12,0.941,0.0,21.1
2025-10-12 03:11:08,044,CDKL5_005_275_29,83,0.138,9,0.813,0.0,21.08
2025-10-12 03:21:11,044,CDKL5_005_275_29,17,0.028,14,0.971,0.0,21.07
2025-10-12 03:31:14,044,CDKL5_005_275_29,4,0.007,14,0.993,0.0,21.05
2025-10-12 03:41:18,044,CDKL5_005_275_29,160,0.266,5,0.556,0.0,21.12
2025-10-12 03:51:21,044,CDKL5_005_275_29,232,0.386,5,0.463,0.0,21.18
2025-10-12 04:01:24,044,CDKL5_005_275_29,72,0.12,12,0.87,0.0,21.18
2025-10-12 04:11:27,044,CDKL5_005_275_29,176,0.293,8,0.645,0.0,21.23
2025-10-12 04:21:31,044,CDKL5_005_275_29,95,0.158,8,0.771,0.0,21.29
2025-10-12 04:31:34,044,CDKL5_005_275_29,185,0.308,3,0.393,0.0,21.22
2025-10-12 04:41:37,044,CDKL5_005_275_29,36,0.06,10,0.917,0.0,21.17
2025-10-12 04:51:41,044,CDKL5_005_275_29,3,0.005,14,0.995,0.0,21.12
2025-10-12 05:01:44,044,CDKL5_005_275_29,96,0.16,8,0.769,0.0,21.09
2025-10-12 05:11:47,044,CDKL5_005_275_29,83,0.138,10,0.828,0.0,21.07
2025-10-12 05:21:49,044,CDKL5_005_275_29,68,0.113,9,0.841,0.0,21.09
2025-10-12 05:31:53,044,CDKL5_005_275_29,74,0.123,9,0.829,0.0,21.12
2025-10-12 05:41:56,044,CDKL5_005_275_29,228,0.379,6,0.513,0.0,21.13
2025-10-12 05:51:59,044,CDKL5_005_275_29,24,0.04,12,0.952,0.0,21.13
2025-10-12 06:02:02,044,CDKL5_005_275_29,366,0.608,2,0.179,0.1116,21.13
2025-10-12 06:12:04,044,CDKL5_005_275_29,109,0.182,8,0.746,0.1224,21.15
2025-10-12 06:22:07,044,CDKL5_005_275_29,0,0.0,15,1.0,0.126,21.1
2025-10-12 06:32:10,044,CDKL5_005_275_29,0,0.0,15,1.0,0.126,21.06
2025-10-12 06:42:13,044,CDKL5_005_275_29,0,0.0,15,1.0,0.126,21.02
2025-10-12 06:52:35,044,CDKL5_005_275_29,0,0.0,15,1.0,0.1152,21.02
2025-10-12 07:02:38,044,CDKL5_005_275_29,0,0.0,15,1.0,0.1152,20.98
2025-10-12 07:12:41,044,CDKL5_005_275_29,0,0.0,15,1.0,0.1152,20.95
2025-10-12 07:22:45,044,CDKL5_005_275_29,0,0.0,15,1.0,0.1152,20.95
2025-10-12 07:32:47,044,CDKL5_005_275_29,0,0.0,15,1.0,0.1152,20.93
2025-10-12 07:42:51,044,CDKL5_005_275_29,0,0.0,15,1.0,0.1152,20.92
2025-10-12 07:52:55,044,CDKL5_005_275_29,5,0.008,13,0.99,0.1152,20.92
2025-10-12 08:02:58,044,CDKL5_005_275_29,0,0.0,15,1.0,0.1152,20.93
2025-10-12 08:13:01,044,CDKL5_005_275_29,0,0.0,15,1.0,0.1152,20.92
2025-10-12 08:23:05,044,CDKL5_005_275_29,0,0.0,15,1.0,0.1152,20.91
2025-10-12 08:33:08,044,CDKL5_005_275_29,0,0.0,15,1.0,0.1152,20.9
2025-10-12 08:43:11,044,CDKL5_005_275_29,0,0.0,15,1.0,0.1152,20.89
2025-10-12 08:53:14,044,CDKL5_005_275_29,1,0.002,14,0.998,0.1152,20.9
2025-10-12 09:03:17,044,CDKL5_005_275_29,182,0.303,5,0.524,0.0756,20.92
2025-10-12 09:13:21,044,CDKL5_005_275_29,22,0.037,13,0.959,0.0864,20.95
2025-10-12 09:23:24,044,CDKL5_005_275_29,1,0.002,14,0.998,0.0972,20.94
2025-10-12 09:33:27,044,CDKL5_005_275_29,0,0.0,15,1.0,0.0864,20.93
2025-10-12 09:43:31,044,CDKL5_005_275_29,2,0.003,14,0.996,0.0972,20.92
2025-10-12 09:53:34,044,CDKL5_005_275_29,0,0.0,15,1.0,0.0972,20.91
2025-10-12 10:03:37,044,CDKL5_005_275_29,0,0.0,15,1.0,0.0972,20.9
2025-10-12 10:13:40,044,CDKL5_005_275_29,0,0.0,15,1.0,0.1008,20.89
2025-10-12 10:23:43,044,CDKL5_005_275_29,2,0.003,14,0.996,0.1008,20.89
2025-10-12 10:33:46,044,CDKL5_005_275_29,7,0.012,14,0.988,0.0972,20.89
2025-10-12 10:43:49,044,CDKL5_005_275_29,0,0.0,15,1.0,0.0972,20.9
2025-10-12 10:54:10,044,CDKL5_005_275_29,1,0.002,14,0.998,0.0972,20.94
2025-10-12 11:04:13,044,CDKL5_005_275_29,50,0.083,9,0.878,0.0936,20.94
2025-10-12 11:14:16,044,CDKL5_005_275_29,113,0.188,7,0.712,0.1044,20.96
2025-10-12 11:24:19,044,CDKL5_005_275_29,176,0.293,6,0.577,0.0648,21.03
2025-10-12 11:34:22,044,CDKL5_005_275_29,103,0.171,7,0.731,0.09,21.04
2025-10-12 11:44:26,044,CDKL5_005_275_29,6,0.01,13,0.989,0.1584,21.0
2025-10-12 11:54:28,044,CDKL5_005_275_29,0,0.0,15,1.0,0.1584,20.98
2025-10-12 12:04:31,044,CDKL5_005_275_29,0,0.0,15,1.0,0.1584,20.93
2025-10-12 12:14:34,044,CDKL5_005_275_29,0,0.0,15,1.0,0.1584,20.91
2025-10-12 12:24:38,044,CDKL5_005_275_29,0,0.0,15,1.0,0.1584,20.89
2025-10-12 12:34:41,044,CDKL5_005_275_29,0,0.0,15,1.0,0.1584,20.87
2025-10-12 12:44:44,044,CDKL5_005_275_29,0,0.0,15,1.0,0.1584,20.86
2025-10-12 12:54:47,044,CDKL5_005_275_29,0,0.0,15,1.0,0.1584,20.84
2025-10-12 13:04:50,044,CDKL5_005_275_29,0,0.0,15,1.0,0.1584,20.82
2025-10-12 13:14:53,044,CDKL5_005_275_29,0,0.0,15,1.0,0.1584,20.82
2025-10-12 13:24:56,044,CDKL5_005_275_29,0,0.0,15,1.0,0.1584,20.8
2025-10-12 13:34:59,044,CDKL5_005_275_29,0,0.0,15,1.0,0.162,20.8
2025-10-12 13:45:02,044,CDKL5_005_275_29,0,0.0,15,1.0,0.1584,20.81
2025-10-12 13:55:06,044,CDKL5_005_275_29,10,0.017,14,0.982,0.2052,20.81
2025-10-12 14:05:10,044,CDKL5_005_275_29,3,0.005,14,0.995,0.1944,20.79
2025-10-12 14:15:13,044,CDKL5_005_275_29,0,0.0,15,1.0,0.2016,20.81
2025-10-12 14:25:16,044,CDKL5_005_275_29,0,0.0,15,1.0,0.2016,20.81
2025-10-12 14:35:20,044,CDKL5_005_275_29,3,0.005,14,0.995,0.2592,20.8
2025-10-12 14:45:23,044,CDKL5_005_275_29,121,0.201,6,0.665,0.2952,20.85
2025-10-12 14:55:32,044,CDKL5_005_275_29,10,0.017,13,0.981,0.2952,20.87
2025-10-12 15:05:35,044,CDKL5_005_275_29,0,0.0,15,1.0,0.2952,20.85
2025-10-12 15:15:38,044,CDKL5_005_275_29,3,0.005,14,0.995,0.2952,20.83
2025-10-12 15:25:41,044,CDKL5_005_275_29,4,0.007,14,0.993,0.2952,20.82
2025-10-12 15:35:45,044,CDKL5_005_275_29,8,0.013,14,0.986,0.2952,20.81
2025-10-12 15:45:48,044,CDKL5_005_275_29,5,0.008,13,0.99,0.2952,20.81
2025-10-12 15:55:51,044,CDKL5_005_275_29,7,0.012,13,0.987,0.306,20.81
2025-10-12 16:05:55,044,CDKL5_005_275_29,108,0.179,7,0.722,0.2988,20.85
2025-10-12 16:15:58,044,CDKL5_005_275_29,26,0.043,12,0.949,0.2988,20.87
2025-10-12 16:26:01,044,CDKL5_005_275_29,0,0.0,15,1.0,0.2952,20.85
2025-10-12 16:36:04,044,CDKL5_005_275_29,58,0.096,11,0.884,0.2952,20.88
2025-10-12 16:46:07,044,CDKL5_005_275_29,33,0.055,13,0.94,0.3312,20.93
2025-10-12 16:56:11,044,CDKL5_005_275_29,114,0.19,10,0.778,0.1476,20.93
2025-10-12 17:06:14,044,CDKL5_005_275_29,53,0.088,10,0.883,0.2088,20.96
2025-10-12 17:16:17,044,CDKL5_005_275_29,0,0.0,15,1.0,0.2232,20.94
2025-10-12 17:26:20,044,CDKL5_005_275_29,0,0.0,15,1.0,0.2232,20.91
2025-10-12 17:36:23,044,CDKL5_005_275_29,0,0.0,15,1.0,0.234,20.9
2025-10-12 17:46:27,044,CDKL5_005_275_29,12,0.02,12,0.976,0.2232,20.89
2025-10-12 17:56:30,044,CDKL5_005_275_29,11,0.018,12,0.978,0.2088,20.89
2025-10-12 18:06:33,044,CDKL5_005_275_29,76,0.126,7,0.787,0.0,20.9
2025-10-12 18:16:37,044,CDKL5_005_275_29,151,0.251,6,0.614,0.0,21.03
2025-10-12 18:26:40,044,CDKL5_005_275_29,108,0.18,10,0.787,0.0,21.07
2025-10-12 18:36:43,044,CDKL5_005_275_29,113,0.188,6,0.68,0.0,21.25
2025-10-12 18:46:47,044,CDKL5_005_275_29,187,0.311,6,0.562,0.0,21.21
2025-10-12 18:57:11,044,CDKL5_005_275_29,30,0.05,10,0.93,0.0,21.22
2025-10-12 19:07:14,044,CDKL5_005_275_29,139,0.231,5,0.59,0.0,21.21
2025-10-12 19:17:17,044,CDKL5_005_275_29,213,0.354,3,0.36,0.0,21.32
2025-10-12 19:27:20,044,CDKL5_005_275_29,6,0.01,14,0.989,0.0,21.24
2025-10-12 19:37:23,044,CDKL5_005_275_29,127,0.212,8,0.716,0.0,21.21
2025-10-12 19:47:26,044,CDKL5_005_275_29,54,0.09,11,0.891,0.0,21.19
2025-10-12 19:57:29,044,CDKL5_005_275_29,58,0.096,8,0.847,0.0,21.18
2025-10-12 20:07:33,044,CDKL5_005_275_29,88,0.146,4,0.645,0.0,21.18
2025-10-12 20:17:36,044,CDKL5_005_275_29,169,0.281,6,0.587,0.0,21.22
2025-10-12 20:27:40,044,CDKL5_005_275_29,142,0.236,8,0.693,0.0,21.22
2025-10-12 20:37:43,044,CDKL5_005_275_29,38,0.063,13,0.932,0.0,21.19
2025-10-12 20:47:46,044,CDKL5_005_275_29,161,0.268,4,0.498,0.0,21.36
2025-10-12 20:57:50,044,CDKL5_005_275_29,152,0.252,7,0.648,0.0,21.4
2025-10-12 21:07:53,044,CDKL5_005_275_29,152,0.252,10,0.725,0.0,21.37
2025-10-12 21:17:57,044,CDKL5_005_275_29,207,0.344,5,0.491,0.0,21.43
2025-10-12 21:28:00,044,CDKL5_005_275_29,199,0.331,7,0.585,0.0,21.58
2025-10-12 21:38:03,044,CDKL5_005_275_29,271,0.451,7,0.508,0.0,21.5
2025-10-12 21:48:07,044,CDKL5_005_275_29,268,0.445,5,0.427,0.0,21.48
2025-10-12 21:58:10,044,CDKL5_005_275_29,0,0.0,15,1.0,0.0,21.38
2025-10-12 22:08:14,044,CDKL5_005_275_29,169,0.281,6,0.587,0.0,21.46
2025-10-12 22:18:17,044,CDKL5_005_275_29,302,0.502,1,0.117,0.0,21.5
2025-10-12 22:28:20,044,CDKL5_005_275_29,94,0.156,9,0.793,0.0,21.48
2025-10-12 22:38:24,044,CDKL5_005_275_29,163,0.271,5,0.551,0.0,21.42
2025-10-12 22:48:28,044,CDKL5_005_275_29,15,0.025,12,0.97,0.0,21.32
2025-10-12 22:58:55,044,CDKL5_005_275_29,5,0.008,14,0.991,0.0,21.3
2025-10-12 23:08:58,044,CDKL5_005_275_29,12,0.02,14,0.979,0.0,21.21
2025-10-12 23:19:01,044,CDKL5_005_275_29,47,0.078,11,0.903,0.0,21.18
2025-10-12 23:29:04,044,CDKL5_005_275_29,119,0.198,7,0.702,0.0,21.16
2025-10-12 23:39:08,044,CDKL5_005_275_29,60,0.1,11,0.88,0.0,21.16
2025-10-12 23:49:11,044,CDKL5_005_275_29,135,0.225,9,0.727,0.0,21.26
2025-10-12 23:59:14,044,CDKL5_005_275_29,212,0.352,7,0.569,0.0,21.31
2025-10-11 00:02:36,006,CDKL5_005_276_30,139,0.231,8,0.697,0.0,22.25
2025-10-11 00:12:38,006,CDKL5_005_276_30,212,0.353,1,0.159,0.0,22.3
2025-10-11 00:22:41,006,CDKL5_005_276_30,264,0.439,2,0.233,0.0,22.43
2025-10-11 00:32:44,006,CDKL5_005_276_30,212,0.353,6,0.531,0.0,22.48
2025-10-11 00:42:46,006,CDKL5_005_276_30,219,0.364,5,0.477,0.0,22.46
2025-10-11 00:52:49,006,CDKL5_005_276_30,131,0.218,6,0.647,0.0,22.43
2025-10-11 01:02:52,006,CDKL5_005_276_30,73,0.122,7,0.793,0.0,22.36
2025-10-11 01:12:55,006,CDKL5_005_276_30,139,0.231,2,0.365,0.0,22.33
2025-10-11 01:22:58,006,CDKL5_005_276_30,24,0.04,8,0.93,0.0,22.28
2025-10-11 01:33:01,006,CDKL5_005_276_30,5,0.008,13,0.99,0.0,22.23
2025-10-11 01:43:04,006,CDKL5_005_276_30,7,0.012,13,0.987,0.0,22.19
2025-10-11 01:53:07,006,CDKL5_005_276_30,1,0.002,13,0.998,0.0,22.17
2025-10-11 02:03:10,006,CDKL5_005_276_30,6,0.01,13,0.989,0.0,22.14
2025-10-11 02:13:26,006,CDKL5_005_276_30,5,0.008,13,0.99,0.0,22.16
2025-10-11 02:23:29,006,CDKL5_005_276_30,6,0.01,13,0.989,0.0,22.12
2025-10-11 02:33:32,006,CDKL5_005_276_30,0,0.0,14,1.0,0.0,22.1
2025-10-11 02:43:35,006,CDKL5_005_276_30,1,0.002,14,0.998,0.0,22.07
2025-10-11 02:53:37,006,CDKL5_005_276_30,47,0.078,8,0.872,0.0,22.08
2025-10-11 03:03:40,006,CDKL5_005_276_30,107,0.178,5,0.651,0.0,22.11
2025-10-11 03:13:43,006,CDKL5_005_276_30,147,0.245,6,0.62,0.0,22.19
2025-10-11 03:23:46,006,CDKL5_005_276_30,98,0.163,9,0.786,0.0,22.18
2025-10-11 03:33:48,006,CDKL5_005_276_30,179,0.298,2,0.309,0.0,22.35
2025-10-11 03:43:51,006,CDKL5_005_276_30,205,0.341,3,0.369,0.0,22.37
2025-10-11 03:53:54,006,CDKL5_005_276_30,98,0.163,9,0.786,0.0,22.31
2025-10-11 04:03:58,006,CDKL5_005_276_30,144,0.24,8,0.69,0.0,22.28
2025-10-11 04:14:01,006,CDKL5_005_276_30,119,0.198,8,0.729,0.0,22.27
2025-10-11 04:24:04,006,CDKL5_005_276_30,275,0.457,2,0.225,0.0,22.23
2025-10-11 04:34:07,006,CDKL5_005_276_30,171,0.285,3,0.412,0.0,22.19
2025-10-11 04:44:10,006,CDKL5_005_276_30,20,0.033,12,0.96,0.0,22.15
2025-10-11 04:54:13,006,CDKL5_005_276_30,52,0.086,10,0.885,0.0,22.11
2025-10-11 05:04:16,006,CDKL5_005_276_30,169,0.281,6,0.587,0.0,22.1
2025-10-11 05:14:19,006,CDKL5_005_276_30,136,0.226,8,0.702,0.0,22.12
2025-10-11 05:24:22,006,CDKL5_005_276_30,224,0.373,3,0.349,0.0,22.21
2025-10-11 05:34:26,006,CDKL5_005_276_30,286,0.476,0,0.0,0.0,22.18
2025-10-11 05:44:28,006,CDKL5_005_276_30,108,0.18,6,0.69,0.0,22.13
2025-10-11 05:54:31,006,CDKL5_005_276_30,249,0.414,4,0.391,0.0,22.14
2025-10-11 06:04:33,006,CDKL5_005_276_30,17,0.028,12,0.966,1.8144,22.11
2025-10-11 06:14:51,006,CDKL5_005_276_30,5,0.008,13,0.99,1.7748,22.17
2025-10-11 06:24:54,006,CDKL5_005_276_30,0,0.0,14,1.0,1.8072,22.16
2025-10-11 06:34:57,006,CDKL5_005_276_30,31,0.052,12,0.939,1.8612,22.15
2025-10-11 06:45:00,006,CDKL5_005_276_30,22,0.037,12,0.956,1.8936,22.13
2025-10-11 06:55:04,006,CDKL5_005_276_30,83,0.138,6,0.743,1.5408,22.12
2025-10-11 07:05:07,006,CDKL5_005_276_30,38,0.063,10,0.913,1.5264,22.11
2025-10-11 07:15:09,006,CDKL5_005_276_30,183,0.304,3,0.396,2.0556,22.19
2025-10-11 07:25:12,006,CDKL5_005_276_30,50,0.083,6,0.828,2.1744,22.23
2025-10-11 07:35:15,006,CDKL5_005_276_30,66,0.11,8,0.829,2.25,22.24
2025-10-11 07:45:18,006,CDKL5_005_276_30,14,0.023,12,0.972,2.2572,22.23
2025-10-11 07:55:21,006,CDKL5_005_276_30,11,0.018,13,0.979,2.2536,22.21
2025-10-11 08:05:24,006,CDKL5_005_276_30,5,0.008,14,0.991,2.2104,22.22
2025-10-11 08:15:27,006,CDKL5_005_276_30,1,0.002,14,0.998,2.2392,22.21
2025-10-11 08:25:30,006,CDKL5_005_276_30,6,0.01,12,0.988,2.25,22.2
2025-10-11 08:35:33,006,CDKL5_005_276_30,1,0.002,14,0.998,2.2608,22.19
2025-10-11 08:45:37,006,CDKL5_005_276_30,9,0.015,13,0.983,2.2464,22.18
2025-10-11 08:55:40,006,CDKL5_005_276_30,134,0.223,3,0.472,2.1816,22.21
2025-10-11 09:05:43,006,CDKL5_005_276_30,102,0.17,8,0.758,2.2464,22.21
2025-10-11 09:15:46,006,CDKL5_005_276_30,380,0.631,1,0.095,2.2248,22.25
2025-10-11 09:25:49,006,CDKL5_005_276_30,275,0.458,0,0.0,1.4508,22.23
2025-10-11 09:35:52,006,CDKL5_005_276_30,42,0.07,8,0.884,1.4544,22.22
2025-10-11 09:45:55,006,CDKL5_005_276_30,26,0.043,12,0.949,1.5264,22.19
2025-10-11 09:55:58,006,CDKL5_005_276_30,0,0.0,14,1.0,1.5336,22.15
2025-10-11 10:06:00,006,CDKL5_005_276_30,5,0.008,14,0.991,1.5444,22.12
2025-10-11 10:16:18,006,CDKL5_005_276_30,13,0.022,12,0.974,1.4724,22.12
2025-10-11 10:26:21,006,CDKL5_005_276_30,0,0.0,14,1.0,1.4976,22.07
2025-10-11 10:36:24,006,CDKL5_005_276_30,5,0.008,13,0.99,1.4184,22.03
2025-10-11 10:46:26,006,CDKL5_005_276_30,18,0.03,12,0.964,1.4616,21.99
2025-10-11 10:56:30,006,CDKL5_005_276_30,14,0.023,12,0.972,1.4112,21.96
2025-10-11 11:06:33,006,CDKL5_005_276_30,0,0.0,14,1.0,1.4148,21.93
2025-10-11 11:16:36,006,CDKL5_005_276_30,56,0.093,8,0.851,1.4436,21.91
2025-10-11 11:26:39,006,CDKL5_005_276_30,137,0.228,3,0.467,1.4112,21.93
2025-10-11 11:36:42,006,CDKL5_005_276_30,103,0.171,10,0.795,1.2564,21.9
2025-10-11 11:46:45,006,CDKL5_005_276_30,60,0.1,9,0.857,1.3716,21.86
2025-10-11 11:56:47,006,CDKL5_005_276_30,81,0.135,8,0.798,1.476,21.9
2025-10-11 12:06:51,006,CDKL5_005_276_30,274,0.456,2,0.226,2.3328,22.02
2025-10-11 12:16:53,006,CDKL5_005_276_30,82,0.136,10,0.83,1.5804,22.04
2025-10-11 12:26:56,006,CDKL5_005_276_30,7,0.012,13,0.987,1.5552,22.01
2025-10-11 12:36:59,006,CDKL5_005_276_30,13,0.022,13,0.976,1.5732,21.98
2025-10-11 12:47:02,006,CDKL5_005_276_30,16,0.027,13,0.97,1.5984,21.98
2025-10-11 12:57:05,006,CDKL5_005_276_30,5,0.008,14,0.991,1.5768,21.95
2025-10-11 13:07:08,006,CDKL5_005_276_30,10,0.017,12,0.98,1.5624,21.95
2025-10-11 13:17:10,006,CDKL5_005_276_30,10,0.017,13,0.981,1.5588,21.93
2025-10-11 13:27:13,006,CDKL5_005_276_30,5,0.008,13,0.99,1.548,21.91
2025-10-11 13:37:17,006,CDKL5_005_276_30,5,0.008,13,0.99,1.566,21.89
2025-10-11 13:47:20,006,CDKL5_005_276_30,13,0.022,13,0.976,1.5408,21.9
2025-10-11 13:57:23,006,CDKL5_005_276_30,13,0.022,12,0.974,1.5552,21.89
2025-10-11 14:07:25,006,CDKL5_005_276_30,13,0.022,13,0.976,1.5336,21.87
2025-10-11 14:17:46,006,CDKL5_005_276_30,3,0.005,14,0.995,1.5372,21.9
2025-10-11 14:27:49,006,CDKL5_005_276_30,103,0.171,5,0.66,1.458,21.9
2025-10-11 14:37:52,006,CDKL5_005_276_30,69,0.115,11,0.864,1.3716,21.87
2025-10-11 14:47:56,006,CDKL5_005_276_30,87,0.145,4,0.648,1.3788,21.92
2025-10-11 14:57:59,006,CDKL5_005_276_30,11,0.018,12,0.978,1.3824,21.93
2025-10-11 15:08:03,006,CDKL5_005_276_30,18,0.03,12,0.964,1.3752,21.94
2025-10-11 15:18:06,006,CDKL5_005_276_30,9,0.015,13,0.983,1.3824,21.93
2025-10-11 15:28:09,006,CDKL5_005_276_30,5,0.008,12,0.99,1.386,21.94
2025-10-11 15:38:12,006,CDKL5_005_276_30,1,0.002,14,0.998,1.3788,21.95
2025-10-11 15:48:15,006,CDKL5_005_276_30,17,0.028,13,0.968,1.3752,21.93
2025-10-11 15:58:18,006,CDKL5_005_276_30,5,0.008,13,0.99,1.3932,21.94
2025-10-11 16:08:20,006,CDKL5_005_276_30,51,0.085,10,0.887,1.3248,21.95
2025-10-11 16:18:24,006,CDKL5_005_276_30,87,0.145,3,0.58,1.3032,22.02
2025-10-11 16:28:27,006,CDKL5_005_276_30,62,0.103,8,0.838,1.3536,22.04
2025-10-11 16:38:30,006,CDKL5_005_276_30,0,0.0,14,1.0,1.3608,22.04
2025-10-11 16:48:33,006,CDKL5_005_276_30,2,0.003,13,0.996,1.3428,22.06
2025-10-11 16:58:36,006,CDKL5_005_276_30,6,0.01,13,0.989,1.3608,22.09
2025-10-11 17:08:39,006,CDKL5_005_276_30,11,0.018,13,0.979,1.3536,22.11
2025-10-11 17:18:42,006,CDKL5_005_276_30,12,0.02,12,0.976,1.3608,22.13
2025-10-11 17:28:45,006,CDKL5_005_276_30,120,0.199,7,0.7,1.3536,22.2
2025-10-11 17:38:48,006,CDKL5_005_276_30,103,0.171,8,0.757,1.2888,22.2
2025-10-11 17:48:50,006,CDKL5_005_276_30,36,0.06,8,0.899,1.3104,22.26
2025-10-11 17:58:53,006,CDKL5_005_276_30,8,0.013,13,0.985,1.3068,22.29
2025-10-11 18:08:56,006,CDKL5_005_276_30,54,0.09,11,0.891,0.0,22.3
2025-10-11 18:19:20,006,CDKL5_005_276_30,456,0.763,0,0.0,0.0,22.4
2025-10-11 18:29:23,006,CDKL5_005_276_30,371,0.617,0,0.0,0.0,22.34
2025-10-11 18:39:26,006,CDKL5_005_276_30,291,0.484,4,0.355,0.0,22.31
2025-10-11 18:49:28,006,CDKL5_005_276_30,167,0.278,7,0.626,0.0,22.29
2025-10-11 18:59:32,006,CDKL5_005_276_30,261,0.434,4,0.38,0.0,22.34
2025-10-11 19:09:34,006,CDKL5_005_276_30,329,0.547,2,0.196,0.0,22.37
2025-10-11 19:19:37,006,CDKL5_005_276_30,196,0.326,6,0.55,0.0,22.37
2025-10-11 19:29:40,006,CDKL5_005_276_30,295,0.491,3,0.289,0.0,22.41
2025-10-11 19:39:43,006,CDKL5_005_276_30,289,0.481,3,0.293,0.0,22.4
2025-10-11 19:49:46,006,CDKL5_005_276_30,335,0.557,2,0.193,0.0,22.43
2025-10-11 19:59:50,006,CDKL5_005_276_30,269,0.448,5,0.426,0.0,22.39
2025-10-11 20:09:53,006,CDKL5_005_276_30,392,0.652,0,0.0,0.0,22.43
2025-10-11 20:19:56,006,CDKL5_005_276_30,247,0.411,5,0.447,0.0,22.42
2025-10-11 20:29:58,006,CDKL5_005_276_30,271,0.451,5,0.425,0.0,22.39
2025-10-11 20:40:01,006,CDKL5_005_276_30,275,0.458,5,0.421,0.0,22.36
2025-10-11 20:50:05,006,CDKL5_005_276_30,367,0.611,0,0.0,0.0,22.34
2025-10-11 21:00:07,006,CDKL5_005_276_30,355,0.591,1,0.101,0.0,22.31
2025-10-11 21:10:10,006,CDKL5_005_276_30,154,0.256,6,0.609,0.0,22.25
2025-10-11 21:20:13,006,CDKL5_005_276_30,231,0.384,6,0.51,0.0,22.24
2025-10-11 21:30:16,006,CDKL5_005_276_30,458,0.763,0,0.0,0.0,22.29
2025-10-11 21:40:19,006,CDKL5_005_276_30,457,0.76,0,0.0,0.0,22.32
2025-10-11 21:50:21,006,CDKL5_005_276_30,253,0.421,4,0.387,0.0,22.37
2025-10-11 22:00:24,006,CDKL5_005_276_30,178,0.296,5,0.529,0.0,22.31
2025-10-11 22:10:27,006,CDKL5_005_276_30,166,0.276,5,0.546,0.0,22.31
2025-10-11 22:20:48,006,CDKL5_005_276_30,196,0.327,2,0.29,0.0,22.29
2025-10-11 22:30:51,006,CDKL5_005_276_30,94,0.156,6,0.719,0.0,22.22
2025-10-11 22:40:54,006,CDKL5_005_276_30,94,0.157,10,0.81,0.0,22.18
2025-10-11 22:50:57,006,CDKL5_005_276_30,90,0.15,5,0.69,0.0,22.14
2025-10-11 23:01:00,006,CDKL5_005_276_30,164,0.272,6,0.594,0.0,22.15
2025-10-11 23:11:03,006,CDKL5_005_276_30,185,0.308,7,0.602,0.0,22.14
2025-10-11 23:21:06,006,CDKL5_005_276_30,178,0.296,6,0.574,0.0,22.14
2025-10-11 23:31:09,006,CDKL5_005_276_30,134,0.223,9,0.729,0.0,22.13
2025-10-11 23:41:11,006,CDKL5_005_276_30,179,0.298,4,0.472,0.0,22.13
2025-10-11 23:51:14,006,CDKL5_005_276_30,164,0.273,7,0.631,0.0,22.12
2025-10-12 00:01:18,006,CDKL5_005_276_30,103,0.171,9,0.778,0.0,22.11
2025-10-12 00:11:21,006,CDKL5_005_276_30,14,0.023,12,0.972,0.0,22.1
2025-10-12 00:21:24,006,CDKL5_005_276_30,1,0.002,14,0.998,0.0,22.08
2025-10-12 00:31:26,006,CDKL5_005_276_30,8,0.013,13,0.985,0.0,22.07
2025-10-12 00:41:29,006,CDKL5_005_276_30,4,0.007,14,0.993,0.0,22.05
2025-10-12 00:51:32,006,CDKL5_005_276_30,12,0.02,12,0.976,0.0,22.03
2025-10-12 01:01:35,006,CDKL5_005_276_30,297,0.494,2,0.212,0.0,22.1
2025-10-12 01:11:38,006,CDKL5_005_276_30,68,0.113,10,0.855,0.0,22.1
2025-10-12 01:21:41,006,CDKL5_005_276_30,115,0.191,8,0.736,0.0,22.11
2025-10-12 01:31:44,006,CDKL5_005_276_30,159,0.264,6,0.602,0.0,22.15
2025-10-12 01:41:47,006,CDKL5_005_276_30,199,0.331,3,0.376,0.0,22.13
2025-10-12 01:51:50,006,CDKL5_005_276_30,121,0.201,5,0.623,0.0,22.12
2025-10-12 02:01:53,006,CDKL5_005_276_30,293,0.488,2,0.214,0.0,22.24
2025-10-12 02:11:56,006,CDKL5_005_276_30,302,0.502,0,0.0,0.0,22.68
2025-10-12 02:22:13,006,CDKL5_005_276_30,93,0.156,9,0.795,0.0,22.62
2025-10-12 02:32:16,006,CDKL5_005_276_30,215,0.357,2,0.271,0.0,22.42
2025-10-12 02:42:19,006,CDKL5_005_276_30,80,0.133,9,0.818,0.0,22.28
2025-10-12 02:52:21,006,CDKL5_005_276_30,13,0.022,11,0.971,0.0,22.16
2025-10-12 03:02:24,006,CDKL5_005_276_30,3,0.005,13,0.994,0.0,22.07
2025-10-12 03:12:27,006,CDKL5_005_276_30,5,0.008,12,0.99,0.0,22.01
2025-10-12 03:22:30,006,CDKL5_005_276_30,8,0.013,13,0.985,0.0,21.98
2025-10-12 03:32:33,006,CDKL5_005_276_30,4,0.007,13,0.992,0.0,21.95
2025-10-12 03:42:36,006,CDKL5_005_276_30,7,0.012,12,0.986,0.0,21.92
2025-10-12 03:52:39,006,CDKL5_005_276_30,83,0.138,7,0.771,0.0,21.92
2025-10-12 04:02:42,006,CDKL5_005_276_30,157,0.261,6,0.605,0.0,21.95
2025-10-12 04:12:45,006,CDKL5_005_276_30,129,0.215,7,0.685,0.0,22.05
2025-10-12 04:22:47,006,CDKL5_005_276_30,182,0.303,6,0.569,0.0,22.2
2025-10-12 04:32:50,006,CDKL5_005_276_30,211,0.35,4,0.431,0.0,22.3
2025-10-12 04:42:53,006,CDKL5_005_276_30,133,0.221,8,0.706,0.0,22.24
2025-10-12 04:52:56,006,CDKL5_005_276_30,84,0.14,4,0.656,0.0,22.16
2025-10-12 05:02:59,006,CDKL5_005_276_30,4,0.007,14,0.993,0.0,22.08
2025-10-12 05:13:01,006,CDKL5_005_276_30,3,0.005,14,0.995,0.0,22.02
2025-10-12 05:23:04,006,CDKL5_005_276_30,15,0.025,13,0.972,0.0,21.99
2025-10-12 05:33:07,006,CDKL5_005_276_30,156,0.26,7,0.642,0.0,21.98
2025-10-12 05:43:10,006,CDKL5_005_276_30,57,0.095,12,0.894,0.0,21.97
2025-10-12 05:53:13,006,CDKL5_005_276_30,314,0.522,1,0.113,0.0,22.0
2025-10-12 06:03:17,006,CDKL5_005_276_30,156,0.26,3,0.435,2.3472,22.04
2025-10-12 06:13:19,006,CDKL5_005_276_30,37,0.062,10,0.915,1.2672,22.02
2025-10-12 06:23:37,006,CDKL5_005_276_30,134,0.224,8,0.705,1.7028,22.07
2025-10-12 06:33:40,006,CDKL5_005_276_30,82,0.136,4,0.661,1.6812,22.15
2025-10-12 06:43:43,006,CDKL5_005_276_30,27,0.045,11,0.942,1.6884,22.17
2025-10-12 06:53:46,006,CDKL5_005_276_30,12,0.02,12,0.976,1.656,22.14
2025-10-12 07:03:49,006,CDKL5_005_276_30,2,0.003,14,0.996,1.6488,22.12
2025-10-12 07:13:52,006,CDKL5_005_276_30,4,0.007,14,0.993,1.6776,22.13
2025-10-12 07:23:55,006,CDKL5_005_276_30,8,0.013,13,0.985,1.6272,22.13
2025-10-12 07:33:57,006,CDKL5_005_276_30,8,0.013,12,0.984,1.674,22.12
2025-10-12 07:44:00,006,CDKL5_005_276_30,6,0.01,13,0.989,1.6056,22.13
2025-10-12 07:54:03,006,CDKL5_005_276_30,17,0.028,13,0.968,1.6524,22.14
2025-10-12 08:04:06,006,CDKL5_005_276_30,13,0.022,13,0.976,1.6596,22.17
2025-10-12 08:14:09,006,CDKL5_005_276_30,11,0.018,12,0.978,1.656,22.17
2025-10-12 08:24:12,006,CDKL5_005_276_30,25,0.042,11,0.946,1.6632,22.2
2025-10-12 08:34:14,006,CDKL5_005_276_30,13,0.022,12,0.974,1.6236,22.19
2025-10-12 08:44:17,006,CDKL5_005_276_30,15,0.025,13,0.972,1.6416,22.18
2025-10-12 08:54:20,006,CDKL5_005_276_30,195,0.324,1,0.17,1.656,22.19
2025-10-12 09:04:23,006,CDKL5_005_276_30,84,0.14,9,0.811,1.5444,22.14
2025-10-12 09:14:26,006,CDKL5_005_276_30,49,0.082,11,0.9,1.476,22.08
2025-10-12 09:24:29,006,CDKL5_005_276_30,86,0.143,8,0.788,1.4868,22.05
2025-10-12 09:34:32,006,CDKL5_005_276_30,230,0.383,2,0.258,1.5696,22.3
2025-10-12 09:44:34,006,CDKL5_005_276_30,358,0.596,1,0.101,2.3004,22.35
2025-10-12 09:54:37,006,CDKL5_005_276_30,512,0.852,0,0.0,4.914,22.47
2025-10-12 10:04:40,006,CDKL5_005_276_30,307,0.511,3,0.281,4.356,22.48
2025-10-12 10:14:43,006,CDKL5_005_276_30,278,0.463,1,0.126,4.2336,22.51
2025-10-12 10:24:56,006,CDKL5_005_276_30,154,0.257,5,0.565,3.1104,22.51
2025-10-12 10:34:59,006,CDKL5_005_276_30,239,0.398,3,0.334,3.5784,22.5
2025-10-12 10:45:01,006,CDKL5_005_276_30,102,0.17,10,0.797,3.4344,22.44
2025-10-12 10:55:04,006,CDKL5_005_276_30,34,0.057,12,0.934,3.6072,22.42
2025-10-12 11:05:08,006,CDKL5_005_276_30,5,0.008,14,0.991,3.6036,22.41
2025-10-12 11:15:10,006,CDKL5_005_276_30,0,0.0,14,1.0,3.6936,22.39
2025-10-12 11:25:14,006,CDKL5_005_276_30,8,0.013,14,0.986,3.7296,22.35
2025-10-12 11:35:17,006,CDKL5_005_276_30,0,0.0,14,1.0,3.7512,22.35
2025-10-12 11:45:20,006,CDKL5_005_276_30,0,0.0,14,1.0,3.7152,22.34
2025-10-12 11:55:22,006,CDKL5_005_276_30,13,0.022,12,0.974,3.5784,22.35
2025-10-12 12:05:25,006,CDKL5_005_276_30,12,0.02,12,0.976,3.6108,22.37
2025-10-12 12:15:28,006,CDKL5_005_276_30,6,0.01,13,0.989,3.6432,22.38
2025-10-12 12:25:32,006,CDKL5_005_276_30,2,0.003,14,0.996,3.6576,22.35
2025-10-12 12:35:35,006,CDKL5_005_276_30,2,0.003,14,0.996,3.7116,22.29
2025-10-12 12:45:38,006,CDKL5_005_276_30,18,0.03,11,0.961,3.7584,22.33
2025-10-12 12:55:41,006,CDKL5_005_276_30,7,0.012,13,0.987,3.7224,22.37
2025-10-12 13:05:44,006,CDKL5_005_276_30,73,0.121,6,0.767,3.6756,22.4
2025-10-12 13:15:47,006,CDKL5_005_276_30,158,0.263,8,0.669,4.5576,22.27
2025-10-12 13:25:50,006,CDKL5_005_276_30,9,0.015,14,0.984,7.398,22.32
2025-10-12 13:35:53,006,CDKL5_005_276_30,0,0.0,14,1.0,7.0488,22.25
2025-10-12 13:45:56,006,CDKL5_005_276_30,0,0.0,14,1.0,7.0776,22.22
2025-10-12 13:55:59,006,CDKL5_005_276_30,0,0.0,14,1.0,6.9048,22.19
2025-10-12 14:06:02,006,CDKL5_005_276_30,0,0.0,14,1.0,6.6348,22.19
2025-10-12 14:16:04,006,CDKL5_005_276_30,0,0.0,14,1.0,6.5232,22.16
2025-10-12 14:26:27,006,CDKL5_005_276_30,0,0.0,14,1.0,7.056,22.2
2025-10-12 14:36:30,006,CDKL5_005_276_30,0,0.0,14,1.0,6.4764,22.17
2025-10-12 14:46:32,006,CDKL5_005_276_30,0,0.0,14,1.0,6.6168,22.14
2025-10-12 14:56:36,006,CDKL5_005_276_30,0,0.0,14,1.0,6.2856,22.14
2025-10-12 15:06:39,006,CDKL5_005_276_30,0,0.0,14,1.0,6.2496,22.13
2025-10-12 15:16:42,006,CDKL5_005_276_30,6,0.01,13,0.989,6.48,22.14
2025-10-12 15:26:45,006,CDKL5_005_276_30,109,0.181,7,0.72,8.6256,22.21
2025-10-12 15:36:48,006,CDKL5_005_276_30,33,0.055,9,0.916,8.4096,22.25
2025-10-12 15:46:51,006,CDKL5_005_276_30,4,0.007,13,0.992,8.6148,22.22
2025-10-12 15:56:54,006,CDKL5_005_276_30,0,0.0,14,1.0,8.5608,22.21
2025-10-12 16:06:57,006,CDKL5_005_276_30,3,0.005,13,0.994,8.622,22.19
2025-10-12 16:16:59,006,CDKL5_005_276_30,0,0.0,14,1.0,8.6544,22.16
2025-10-12 16:27:02,006,CDKL5_005_276_30,0,0.0,14,1.0,7.9308,22.15
2025-10-12 16:37:05,006,CDKL5_005_276_30,3,0.005,14,0.995,8.2116,22.15
2025-10-12 16:47:08,006,CDKL5_005_276_30,33,0.055,11,0.93,7.7904,22.11
2025-10-12 16:57:10,006,CDKL5_005_276_30,33,0.055,9,0.916,5.5368,22.12
2025-10-12 17:07:13,006,CDKL5_005_276_30,4,0.007,14,0.993,5.9112,22.14
2025-10-12 17:17:16,006,CDKL5_005_276_30,2,0.003,14,0.996,5.8104,22.12
2025-10-12 17:27:20,006,CDKL5_005_276_30,0,0.0,14,1.0,5.85,22.08
2025-10-12 17:37:23,006,CDKL5_005_276_30,0,0.0,14,1.0,5.8968,22.08
2025-10-12 17:47:26,006,CDKL5_005_276_30,3,0.005,13,0.994,5.724,22.11
2025-10-12 17:57:29,006,CDKL5_005_276_30,12,0.02,12,0.976,5.6988,22.17
2025-10-12 18:07:31,006,CDKL5_005_276_30,223,0.371,4,0.418,0.0,22.12
2025-10-12 18:17:34,006,CDKL5_005_276_30,259,0.431,5,0.436,0.0,22.1
2025-10-12 18:27:53,006,CDKL5_005_276_30,169,0.282,6,0.587,0.0,22.21
2025-10-12 18:37:57,006,CDKL5_005_276_30,201,0.334,7,0.582,0.0,22.18
2025-10-12 18:48:00,006,CDKL5_005_276_30,317,0.527,3,0.275,0.0,22.2
2025-10-12 18:58:02,006,CDKL5_005_276_30,206,0.343,8,0.608,0.0,22.2
2025-10-12 19:08:05,006,CDKL5_005_276_30,352,0.586,2,0.185,0.0,22.27
2025-10-12 19:18:08,006,CDKL5_005_276_30,326,0.542,3,0.269,0.0,22.28
2025-10-12 19:28:10,006,CDKL5_005_276_30,437,0.728,0,0.0,0.0,22.35
2025-10-12 19:38:13,006,CDKL5_005_276_30,341,0.567,1,0.105,0.0,22.36
2025-10-12 19:48:16,006,CDKL5_005_276_30,411,0.684,0,0.0,0.0,22.45
2025-10-12 19:58:18,006,CDKL5_005_276_30,323,0.538,1,0.11,0.0,22.44
2025-10-12 20:08:21,006,CDKL5_005_276_30,256,0.426,4,0.385,0.0,22.41
2025-10-12 20:18:24,006,CDKL5_005_276_30,335,0.557,4,0.323,0.0,22.4
2025-10-12 20:28:27,006,CDKL5_005_276_30,204,0.339,6,0.541,0.0,22.39
2025-10-12 20:38:29,006,CDKL5_005_276_30,157,0.261,9,0.696,0.0,22.36
2025-10-12 20:48:33,006,CDKL5_005_276_30,463,0.77,0,0.0,0.0,22.53
2025-10-12 20:58:35,006,CDKL5_005_276_30,283,0.471,3,0.298,0.0,22.53
2025-10-12 21:08:38,006,CDKL5_005_276_30,311,0.517,2,0.205,0.0,22.54
2025-10-12 21:18:42,006,CDKL5_005_276_30,341,0.567,2,0.19,0.0,22.63
2025-10-12 21:28:44,006,CDKL5_005_276_30,262,0.436,4,0.379,0.0,22.6
2025-10-12 21:38:47,006,CDKL5_005_276_30,334,0.555,3,0.264,0.0,22.6
2025-10-12 21:48:49,006,CDKL5_005_276_30,357,0.594,1,0.101,0.0,22.57
2025-10-12 21:58:52,006,CDKL5_005_276_30,210,0.349,6,0.533,0.0,22.54
2025-10-12 22:08:55,006,CDKL5_005_276_30,197,0.328,6,0.549,0.0,22.53
2025-10-12 22:18:58,006,CDKL5_005_276_30,324,0.539,0,0.0,0.0,22.65
2025-10-12 22:29:13,006,CDKL5_005_276_30,263,0.439,4,0.378,0.0,22.57
2025-10-12 22:39:16,006,CDKL5_005_276_30,375,0.624,0,0.0,0.0,22.63
2025-10-12 22:49:19,006,CDKL5_005_276_30,144,0.24,5,0.581,0.0,22.59
2025-10-12 22:59:22,006,CDKL5_005_276_30,264,0.439,4,0.377,0.0,22.52
2025-10-12 23:09:25,006,CDKL5_005_276_30,315,0.524,1,0.113,0.0,22.49
2025-10-12 23:19:28,006,CDKL5_005_276_30,259,0.431,5,0.436,0.0,22.47
2025-10-12 23:29:31,006,CDKL5_005_276_30,492,0.819,0,0.0,0.0,22.46
2025-10-12 23:39:34,006,CDKL5_005_276_30,264,0.44,5,0.431,0.0,22.42
2025-10-12 23:49:36,006,CDKL5_005_276_30,289,0.481,4,0.356,0.0,22.39
2025-10-12 23:59:39,006,CDKL5_005_276_30,315,0.524,0,0.0,0.0,22.47
2025-10-11 00:03:56,024,CDKL5_005_281_35,120,0.2,8,0.727,0.0,21.74
2025-10-11 00:13:59,024,CDKL5_005_281_35,40,0.066,11,0.917,0.0,21.74
2025-10-11 00:24:03,024,CDKL5_005_281_35,56,0.093,13,0.903,0.0,21.74
2025-10-11 00:34:05,024,CDKL5_005_281_35,0,0.0,15,1.0,0.0,21.69
2025-10-11 00:44:08,024,CDKL5_005_281_35,0,0.0,15,1.0,0.0,21.67
2025-10-11 00:54:11,024,CDKL5_005_281_35,0,0.0,15,1.0,0.0,21.64
2025-10-11 01:04:14,024,CDKL5_005_281_35,0,0.0,15,1.0,0.0,21.62
2025-10-11 01:14:17,024,CDKL5_005_281_35,0,0.0,15,1.0,0.0,21.6
2025-10-11 01:24:20,024,CDKL5_005_281_35,0,0.0,15,1.0,0.0,21.57
2025-10-11 01:34:23,024,CDKL5_005_281_35,1,0.002,14,0.998,0.0,21.56
2025-10-11 01:44:26,024,CDKL5_005_281_35,0,0.0,15,1.0,0.0,21.55
2025-10-11 01:54:29,024,CDKL5_005_281_35,47,0.078,12,0.911,0.0,21.53
2025-10-11 02:04:32,024,CDKL5_005_281_35,89,0.148,8,0.782,0.0,21.59
2025-10-11 02:14:36,024,CDKL5_005_281_35,75,0.125,11,0.854,0.0,21.63
2025-10-11 02:24:39,024,CDKL5_005_281_35,29,0.048,9,0.925,0.0,21.65
2025-10-11 02:34:56,024,CDKL5_005_281_35,49,0.082,11,0.9,0.0,21.72
2025-10-11 02:44:58,024,CDKL5_005_281_35,84,0.14,11,0.84,0.0,21.72
2025-10-11 02:55:01,024,CDKL5_005_281_35,35,0.058,12,0.932,0.0,21.66
2025-10-11 03:05:04,024,CDKL5_005_281_35,131,0.218,7,0.681,0.0,21.66
2025-10-11 03:15:08,024,CDKL5_005_281_35,31,0.052,12,0.939,0.0,21.62
2025-10-11 03:25:10,024,CDKL5_005_281_35,0,0.0,15,1.0,0.0,21.58
2025-10-11 03:35:13,024,CDKL5_005_281_35,6,0.01,14,0.989,0.0,21.53
2025-10-11 03:45:17,024,CDKL5_005_281_35,1,0.002,14,0.998,0.0,21.51
2025-10-11 03:55:20,024,CDKL5_005_281_35,20,0.033,13,0.963,0.0,21.49
2025-10-11 04:05:23,024,CDKL5_005_281_35,1,0.002,15,0.998,0.0,21.49
2025-10-11 04:15:26,024,CDKL5_005_281_35,118,0.196,8,0.731,0.0,21.55
2025-10-11 04:25:29,024,CDKL5_005_281_35,7,0.012,13,0.987,0.0,21.58
2025-10-11 04:35:32,024,CDKL5_005_281_35,101,0.168,9,0.781,0.0,21.59
2025-10-11 04:45:34,024,CDKL5_005_281_35,22,0.037,13,0.959,0.0,21.57
2025-10-11 04:55:37,024,CDKL5_005_281_35,0,0.0,15,1.0,0.0,21.54
2025-10-11 05:05:40,024,CDKL5_005_281_35,8,0.013,14,0.986,0.0,21.5
2025-10-11 05:15:43,024,CDKL5_005_281_35,0,0.0,15,1.0,0.0,21.48
2025-10-11 05:25:46,024,CDKL5_005_281_35,4,0.007,14,0.993,0.0,21.45
2025-10-11 05:35:49,024,CDKL5_005_281_35,14,0.023,13,0.974,0.0,21.45
2025-10-11 05:45:52,024,CDKL5_005_281_35,0,0.0,15,1.0,0.0,21.44
2025-10-11 05:55:56,024,CDKL5_005_281_35,25,0.042,12,0.95,0.0,21.44
2025-10-11 06:06:00,024,CDKL5_005_281_35,7,0.012,14,0.988,0.324,21.45
2025-10-11 06:16:03,024,CDKL5_005_281_35,0,0.0,15,1.0,0.324,21.45
2025-10-11 06:26:06,024,CDKL5_005_281_35,0,0.0,15,1.0,0.324,21.44
2025-10-11 06:36:27,024,CDKL5_005_281_35,0,0.0,15,1.0,0.3276,21.46
2025-10-11 06:46:31,024,CDKL5_005_281_35,0,0.0,15,1.0,0.324,21.43
2025-10-11 06:56:34,024,CDKL5_005_281_35,0,0.0,15,1.0,0.324,21.43
2025-10-11 07:06:36,024,CDKL5_005_281_35,0,0.0,15,1.0,0.324,21.41
2025-10-11 07:16:39,024,CDKL5_005_281_35,0,0.0,15,1.0,0.324,21.4
2025-10-11 07:26:42,024,CDKL5_005_281_35,0,0.0,15,1.0,0.3276,21.38
2025-10-11 07:36:44,024,CDKL5_005_281_35,0,0.0,15,1.0,0.3168,21.38
2025-10-11 07:46:47,024,CDKL5_005_281_35,0,0.0,15,1.0,0.3276,21.35
2025-10-11 07:56:50,024,CDKL5_005_281_35,0,0.0,15,1.0,0.3276,21.36
2025-10-11 08:06:53,024,CDKL5_005_281_35,0,0.0,15,1.0,0.3276,21.34
2025-10-11 08:16:56,024,CDKL5_005_281_35,15,0.025,14,0.974,0.3096,21.34
2025-10-11 08:27:00,024,CDKL5_005_281_35,20,0.033,14,0.966,0.3132,21.34
2025-10-11 08:37:03,024,CDKL5_005_281_35,0,0.0,15,1.0,0.3096,21.33
2025-10-11 08:47:06,024,CDKL5_005_281_35,0,0.0,15,1.0,0.3096,21.33
2025-10-11 08:57:09,024,CDKL5_005_281_35,0,0.0,15,1.0,0.3096,21.31
2025-10-11 09:07:12,024,CDKL5_005_281_35,0,0.0,15,1.0,0.3096,21.31
2025-10-11 09:17:15,024,CDKL5_005_281_35,0,0.0,15,1.0,0.3096,21.29
2025-10-11 09:27:18,024,CDKL5_005_281_35,0,0.0,15,1.0,0.3096,21.28
2025-10-11 09:37:21,024,CDKL5_005_281_35,0,0.0,15,1.0,0.3096,21.27
2025-10-11 09:47:24,024,CDKL5_005_281_35,0,0.0,15,1.0,0.3096,21.27
2025-10-11 09:57:28,024,CDKL5_005_281_35,0,0.0,15,1.0,0.324,21.27
2025-10-11 10:07:30,024,CDKL5_005_281_35,0,0.0,15,1.0,0.3276,21.26
2025-10-11 10:17:33,024,CDKL5_005_281_35,0,0.0,15,1.0,0.324,21.24
2025-10-11 10:27:36,024,CDKL5_005_281_35,0,0.0,15,1.0,0.3276,21.23
2025-10-11 10:37:58,024,CDKL5_005_281_35,6,0.01,14,0.989,0.324,21.27
2025-10-11 10:48:01,024,CDKL5_005_281_35,0,0.0,15,1.0,0.324,21.25
2025-10-11 10:58:04,024,CDKL5_005_281_35,0,0.0,15,1.0,0.3168,21.23
2025-10-11 11:08:07,024,CDKL5_005_281_35,0,0.0,15,1.0,0.3204,21.22
2025-10-11 11:18:10,024,CDKL5_005_281_35,0,0.0,15,1.0,0.3204,21.21
2025-10-11 11:28:13,024,CDKL5_005_281_35,0,0.0,15,1.0,0.3204,21.2
2025-10-11 11:38:17,024,CDKL5_005_281_35,0,0.0,15,1.0,0.3204,21.2
2025-10-11 11:48:20,024,CDKL5_005_281_35,0,0.0,15,1.0,0.3096,21.18
2025-10-11 11:58:23,024,CDKL5_005_281_35,0,0.0,15,1.0,0.3096,21.17
2025-10-11 12:08:26,024,CDKL5_005_281_35,0,0.0,15,1.0,0.3204,21.17
2025-10-11 12:18:29,024,CDKL5_005_281_35,0,0.0,15,1.0,0.3204,21.17
2025-10-11 12:28:32,024,CDKL5_005_281_35,0,0.0,15,1.0,0.3096,21.17
2025-10-11 12:38:35,024,CDKL5_005_281_35,11,0.018,14,0.981,0.324,21.17
2025-10-11 12:48:37,024,CDKL5_005_281_35,3,0.005,14,0.995,0.324,21.19
2025-10-11 12:58:40,024,CDKL5_005_281_35,0,0.0,15,1.0,0.3096,21.18
2025-10-11 13:08:44,024,CDKL5_005_281_35,0,0.0,15,1.0,0.3096,21.18
2025-10-11 13:18:47,024,CDKL5_005_281_35,0,0.0,15,1.0,0.3096,21.17
2025-10-11 13:28:50,024,CDKL5_005_281_35,0,0.0,15,1.0,0.3168,21.15
2025-10-11 13:38:53,024,CDKL5_005_281_35,0,0.0,15,1.0,0.3168,21.15
2025-10-11 13:48:56,024,CDKL5_005_281_35,0,0.0,15,1.0,0.3204,21.15
2025-10-11 13:59:00,024,CDKL5_005_281_35,0,0.0,15,1.0,0.3204,21.13
2025-10-11 14:09:02,024,CDKL5_005_281_35,0,0.0,15,1.0,0.3204,21.13
2025-10-11 14:19:05,024,CDKL5_005_281_35,0,0.0,15,1.0,0.3096,21.12
2025-10-11 14:29:08,024,CDKL5_005_281_35,55,0.092,10,0.879,0.3024,21.15
2025-10-11 14:39:27,024,CDKL5_005_281_35,12,0.02,13,0.977,0.306,21.22
2025-10-11 14:49:30,024,CDKL5_005_281_35,105,0.175,7,0.727,0.3204,21.23
2025-10-11 14:59:33,024,CDKL5_005_281_35,0,0.0,15,1.0,0.3096,21.23
2025-10-11 15:09:36,024,CDKL5_005_281_35,0,0.0,15,1.0,0.3204,21.21
2025-10-11 15:19:39,024,CDKL5_005_281_35,0,0.0,15,1.0,0.3204,21.2
2025-10-11 15:29:42,024,CDKL5_005_281_35,0,0.0,15,1.0,0.3168,21.19
2025-10-11 15:39:46,024,CDKL5_005_281_35,0,0.0,15,1.0,0.3204,21.17
2025-10-11 15:49:49,024,CDKL5_005_281_35,0,0.0,15,1.0,0.3096,21.17
2025-10-11 15:59:52,024,CDKL5_005_281_35,0,0.0,15,1.0,0.3168,21.15
2025-10-11 16:09:55,024,CDKL5_005_281_35,0,0.0,15,1.0,0.3096,21.15
2025-10-11 16:19:59,024,CDKL5_005_281_35,0,0.0,15,1.0,0.3204,21.16
2025-10-11 16:30:02,024,CDKL5_005_281_35,0,0.0,15,1.0,0.324,21.15
2025-10-11 16:40:06,024,CDKL5_005_281_35,0,0.0,15,1.0,0.324,21.16
2025-10-11 16:50:09,024,CDKL5_005_281_35,19,0.032,13,0.965,0.2952,21.19
2025-10-11 17:00:12,024,CDKL5_005_281_35,42,0.07,13,0.925,0.3168,21.23
2025-10-11 17:10:15,024,CDKL5_005_281_35,0,0.0,15,1.0,0.3168,21.24
2025-10-11 17:20:18,024,CDKL5_005_281_35,0,0.0,15,1.0,0.3024,21.25
2025-10-11 17:30:21,024,CDKL5_005_281_35,0,0.0,15,1.0,0.3024,21.25
2025-10-11 17:40:24,024,CDKL5_005_281_35,0,0.0,15,1.0,0.3024,21.25
2025-10-11 17:50:27,024,CDKL5_005_281_35,0,0.0,15,1.0,0.3024,21.26
2025-10-11 18:00:30,024,CDKL5_005_281_35,18,0.03,13,0.967,0.0,21.27
2025-10-11 18:10:33,024,CDKL5_005_281_35,279,0.464,2,0.223,0.0,21.38
2025-10-11 18:20:36,024,CDKL5_005_281_35,111,0.185,8,0.742,0.0,21.51
2025-10-11 18:30:39,024,CDKL5_005_281_35,140,0.233,7,0.667,0.0,21.52
2025-10-11 18:40:58,024,CDKL5_005_281_35,185,0.308,5,0.519,0.0,21.6
2025-10-11 18:51:01,024,CDKL5_005_281_35,189,0.314,4,0.458,0.0,21.68
2025-10-11 19:01:04,024,CDKL5_005_281_35,148,0.246,6,0.619,0.0,21.69
2025-10-11 19:11:07,024,CDKL5_005_281_35,16,0.027,13,0.97,0.0,21.69
2025-10-11 19:21:10,024,CDKL5_005_281_35,235,0.391,2,0.254,0.0,21.75
2025-10-11 19:31:13,024,CDKL5_005_281_35,93,0.155,11,0.826,0.0,21.76
2025-10-11 19:41:16,024,CDKL5_005_281_35,44,0.073,13,0.922,0.0,21.75
2025-10-11 19:51:19,024,CDKL5_005_281_35,1,0.002,14,0.998,0.0,21.7
2025-10-11 20:01:22,024,CDKL5_005_281_35,169,0.282,4,0.486,0.0,21.77
2025-10-11 20:11:25,024,CDKL5_005_281_35,0,0.0,15,1.0,0.0,21.73
2025-10-11 20:21:28,024,CDKL5_005_281_35,0,0.0,15,1.0,0.0,21.67
2025-10-11 20:31:31,024,CDKL5_005_281_35,0,0.0,15,1.0,0.0,21.6
2025-10-11 20:41:35,024,CDKL5_005_281_35,0,0.0,15,1.0,0.0,21.57
2025-10-11 20:51:38,024,CDKL5_005_281_35,0,0.0,15,1.0,0.0,21.54
2025-10-11 21:01:41,024,CDKL5_005_281_35,0,0.0,15,1.0,0.0,21.51
2025-10-11 21:11:44,024,CDKL5_005_281_35,194,0.322,5,0.508,0.0,21.61
2025-10-11 21:21:47,024,CDKL5_005_281_35,226,0.375,5,0.469,0.0,21.66
2025-10-11 21:31:50,024,CDKL5_005_281_35,182,0.302,4,0.468,0.0,21.71
2025-10-11 21:41:53,024,CDKL5_005_281_35,101,0.168,10,0.798,0.0,21.73
2025-10-11 21:51:56,024,CDKL5_005_281_35,283,0.472,1,0.124,0.0,21.86
2025-10-11 22:02:00,024,CDKL5_005_281_35,223,0.37,4,0.418,0.0,22.06
2025-10-11 22:12:03,024,CDKL5_005_281_35,117,0.195,7,0.705,0.0,22.04
2025-10-11 22:22:06,024,CDKL5_005_281_35,174,0.289,6,0.58,0.0,21.97
2025-10-11 22:32:09,024,CDKL5_005_281_35,90,0.15,9,0.8,0.0,21.9
2025-10-11 22:42:31,024,CDKL5_005_281_35,207,0.346,5,0.491,0.0,21.91
2025-10-11 22:52:34,024,CDKL5_005_281_35,61,0.101,12,0.887,0.0,21.84
2025-10-11 23:02:36,024,CDKL5_005_281_35,46,0.077,10,0.897,0.0,21.77
2025-10-11 23:12:39,024,CDKL5_005_281_35,31,0.052,12,0.939,0.0,21.72
2025-10-11 23:22:43,024,CDKL5_005_281_35,16,0.027,14,0.972,0.0,21.67
2025-10-11 23:32:46,024,CDKL5_005_281_35,151,0.251,8,0.679,0.0,21.83
2025-10-11 23:42:49,024,CDKL5_005_281_35,64,0.106,11,0.873,0.0,21.79
2025-10-11 23:52:52,024,CDKL5_005_281_35,16,0.027,13,0.97,0.0,21.71
2025-10-12 00:02:55,024,CDKL5_005_281_35,0,0.0,15,1.0,0.0,21.64
2025-10-12 00:12:58,024,CDKL5_005_281_35,0,0.0,15,1.0,0.0,21.59
2025-10-12 00:23:00,024,CDKL5_005_281_35,0,0.0,15,1.0,0.0,21.55
2025-10-12 00:33:04,024,CDKL5_005_281_35,0,0.0,15,1.0,0.0,21.51
2025-10-12 00:43:06,024,CDKL5_005_281_35,0,0.0,15,1.0,0.0,21.49
2025-10-12 00:53:09,024,CDKL5_005_281_35,0,0.0,15,1.0,0.0,21.46
2025-10-12 01:03:11,024,CDKL5_005_281_35,0,0.0,15,1.0,0.0,21.44
2025-10-12 01:13:14,024,CDKL5_005_281_35,8,0.013,14,0.986,0.0,21.43
2025-10-12 01:23:17,024,CDKL5_005_281_35,249,0.414,1,0.138,0.0,21.58
2025-10-12 01:33:20,024,CDKL5_005_281_35,153,0.255,6,0.611,0.0,21.85
2025-10-12 01:43:24,024,CDKL5_005_281_35,236,0.392,3,0.337,0.0,22.0
2025-10-12 01:53:26,024,CDKL5_005_281_35,36,0.06,14,0.94,0.0,21.88
2025-10-12 02:03:29,024,CDKL5_005_281_35,0,0.0,15,1.0,0.0,21.76
2025-10-12 02:13:32,024,CDKL5_005_281_35,0,0.0,15,1.0,0.0,21.65
2025-10-12 02:23:34,024,CDKL5_005_281_35,0,0.0,15,1.0,0.0,21.57
2025-10-12 02:33:37,024,CDKL5_005_281_35,0,0.0,15,1.0,0.0,21.52
2025-10-12 02:43:51,024,CDKL5_005_281_35,61,0.102,11,0.878,0.0,21.54
2025-10-12 02:53:54,024,CDKL5_005_281_35,200,0.333,4,0.444,0.0,21.65
2025-10-12 03:03:57,024,CDKL5_005_281_35,0,0.0,15,1.0,0.0,21.59
2025-10-12 03:14:00,024,CDKL5_005_281_35,10,0.017,13,0.981,0.0,21.56
2025-10-12 03:24:03,024,CDKL5_005_281_35,16,0.027,14,0.972,0.0,21.53
2025-10-12 03:34:06,024,CDKL5_005_281_35,33,0.055,11,0.93,0.0,21.52
2025-10-12 03:44:09,024,CDKL5_005_281_35,47,0.078,11,0.903,0.0,21.56
2025-10-12 03:54:12,024,CDKL5_005_281_35,99,0.165,11,0.816,0.0,21.55
2025-10-12 04:04:15,024,CDKL5_005_281_35,0,0.0,15,1.0,0.0,21.51
2025-10-12 04:14:18,024,CDKL5_005_281_35,0,0.0,15,1.0,0.0,21.47
2025-10-12 04:24:21,024,CDKL5_005_281_35,0,0.0,15,1.0,0.0,21.45
2025-10-12 04:34:23,024,CDKL5_005_281_35,185,0.308,5,0.519,0.0,21.51
2025-10-12 04:44:26,024,CDKL5_005_281_35,32,0.053,9,0.918,0.0,21.53
2025-10-12 04:54:30,024,CDKL5_005_281_35,143,0.238,8,0.691,0.0,21.55
2025-10-12 05:04:32,024,CDKL5_005_281_35,0,0.0,15,1.0,0.0,21.52
2025-10-12 05:14:35,024,CDKL5_005_281_35,2,0.003,14,0.996,0.0,21.47
2025-10-12 05:24:38,024,CDKL5_005_281_35,0,0.0,15,1.0,0.0,21.43
2025-10-12 05:34:41,024,CDKL5_005_281_35,0,0.0,15,1.0,0.0,21.39
2025-10-12 05:44:44,024,CDKL5_005_281_35,0,0.0,15,1.0,0.0,21.37
2025-10-12 05:54:47,024,CDKL5_005_281_35,46,0.076,12,0.913,0.0,21.38
2025-10-12 06:04:50,024,CDKL5_005_281_35,125,0.208,6,0.658,0.252,21.44
2025-10-12 06:14:53,024,CDKL5_005_281_35,13,0.022,12,0.974,0.288,21.45
2025-10-12 06:24:56,024,CDKL5_005_281_35,0,0.0,15,1.0,0.2952,21.43
2025-10-12 06:34:58,024,CDKL5_005_281_35,0,0.0,15,1.0,0.2988,21.4
2025-10-12 06:45:13,024,CDKL5_005_281_35,0,0.0,15,1.0,0.2952,21.4
2025-10-12 06:55:16,024,CDKL5_005_281_35,0,0.0,15,1.0,0.2952,21.37
2025-10-12 07:05:19,024,CDKL5_005_281_35,0,0.0,15,1.0,0.2952,21.33
2025-10-12 07:15:22,024,CDKL5_005_281_35,0,0.0,15,1.0,0.3024,21.32
2025-10-12 07:25:25,024,CDKL5_005_281_35,0,0.0,15,1.0,0.2952,21.31
2025-10-12 07:35:29,024,CDKL5_005_281_35,0,0.0,15,1.0,0.2952,21.29
2025-10-12 07:45:32,024,CDKL5_005_281_35,0,0.0,15,1.0,0.2952,21.28
2025-10-12 07:55:35,024,CDKL5_005_281_35,0,0.0,15,1.0,0.2952,21.27
2025-10-12 08:05:37,024,CDKL5_005_281_35,0,0.0,15,1.0,0.2952,21.27
2025-10-12 08:15:41,024,CDKL5_005_281_35,0,0.0,15,1.0,0.2952,21.26
2025-10-12 08:25:43,024,CDKL5_005_281_35,0,0.0,15,1.0,0.306,21.25
2025-10-12 08:35:46,024,CDKL5_005_281_35,0,0.0,15,1.0,0.2952,21.25
2025-10-12 08:45:49,024,CDKL5_005_281_35,0,0.0,15,1.0,0.2952,21.24
2025-10-12 08:55:52,024,CDKL5_005_281_35,0,0.0,15,1.0,0.306,21.24
2025-10-12 09:05:55,024,CDKL5_005_281_35,0,0.0,15,1.0,0.3024,21.22
2025-10-12 09:15:58,024,CDKL5_005_281_35,0,0.0,15,1.0,0.2952,21.22
2025-10-12 09:26:01,024,CDKL5_005_281_35,0,0.0,15,1.0,0.3024,21.23
2025-10-12 09:36:04,024,CDKL5_005_281_35,0,0.0,15,1.0,0.306,21.23
2025-10-12 09:46:07,024,CDKL5_005_281_35,12,0.02,13,0.977,0.3024,21.23
2025-10-12 09:56:10,024,CDKL5_005_281_35,0,0.0,15,1.0,0.3024,21.23
2025-10-12 10:06:13,024,CDKL5_005_281_35,0,0.0,15,1.0,0.3096,21.22
2025-10-12 10:16:16,024,CDKL5_005_281_35,0,0.0,15,1.0,0.3096,21.24
2025-10-12 10:26:19,024,CDKL5_005_281_35,0,0.0,15,1.0,0.3096,21.21
2025-10-12 10:36:22,024,CDKL5_005_281_35,0,0.0,15,1.0,0.306,21.2
2025-10-12 10:46:36,024,CDKL5_005_281_35,0,0.0,15,1.0,0.3024,21.22
2025-10-12 10:56:39,024,CDKL5_005_281_35,0,0.0,15,1.0,0.3024,21.21
2025-10-12 11:06:42,024,CDKL5_005_281_35,0,0.0,15,1.0,0.3024,21.21
2025-10-12 11:16:46,024,CDKL5_005_281_35,0,0.0,15,1.0,0.3024,21.21
2025-10-12 11:26:49,024,CDKL5_005_281_35,0,0.0,15,1.0,0.3024,21.19
2025-10-12 11:36:52,024,CDKL5_005_281_35,14,0.023,13,0.974,0.3024,21.2
2025-10-12 11:46:55,024,CDKL5_005_281_35,0,0.0,15,1.0,0.3024,21.2
2025-10-12 11:56:58,024,CDKL5_005_281_35,0,0.0,15,1.0,0.3024,21.19
2025-10-12 12:07:01,024,CDKL5_005_281_35,0,0.0,15,1.0,0.3024,21.18
2025-10-12 12:17:04,024,CDKL5_005_281_35,0,0.0,15,1.0,0.3024,21.18
2025-10-12 12:27:07,024,CDKL5_005_281_35,0,0.0,15,1.0,0.3024,21.17
2025-10-12 12:37:10,024,CDKL5_005_281_35,0,0.0,15,1.0,0.3024,21.17
2025-10-12 12:47:13,024,CDKL5_005_281_35,0,0.0,15,1.0,0.306,21.16
2025-10-12 12:57:16,024,CDKL5_005_281_35,9,0.015,14,0.984,0.3024,21.17
2025-10-12 13:07:19,024,CDKL5_005_281_35,0,0.0,15,1.0,0.3024,21.15
2025-10-12 13:17:22,024,CDKL5_005_281_35,0,0.0,15,1.0,0.3024,21.14
2025-10-12 13:27:25,024,CDKL5_005_281_35,0,0.0,15,1.0,0.3024,21.14
2025-10-12 13:37:27,024,CDKL5_005_281_35,0,0.0,15,1.0,0.3024,21.13
2025-10-12 13:47:30,024,CDKL5_005_281_35,0,0.0,15,1.0,0.3024,21.13
2025-10-12 13:57:33,024,CDKL5_005_281_35,0,0.0,15,1.0,0.3024,21.13
2025-10-12 14:07:36,024,CDKL5_005_281_35,0,0.0,15,1.0,0.306,21.13
2025-10-12 14:17:39,024,CDKL5_005_281_35,0,0.0,15,1.0,0.3024,21.13
2025-10-12 14:27:42,024,CDKL5_005_281_35,0,0.0,15,1.0,0.3024,21.13
2025-10-12 14:37:45,024,CDKL5_005_281_35,0,0.0,15,1.0,0.2952,21.12
2025-10-12 14:47:58,024,CDKL5_005_281_35,0,0.0,15,1.0,0.306,21.15
2025-10-12 14:58:01,024,CDKL5_005_281_35,11,0.018,14,0.981,0.306,21.14
2025-10-12 15:08:04,024,CDKL5_005_281_35,0,0.0,15,1.0,0.2952,21.14
2025-10-12 15:18:07,024,CDKL5_005_281_35,0,0.0,15,1.0,0.2952,21.13
2025-10-12 15:28:10,024,CDKL5_005_281_35,0,0.0,15,1.0,0.3024,21.13
2025-10-12 15:38:13,024,CDKL5_005_281_35,0,0.0,15,1.0,0.2952,21.12
2025-10-12 15:48:15,024,CDKL5_005_281_35,0,0.0,15,1.0,0.306,21.12
2025-10-12 15:58:19,024,CDKL5_005_281_35,0,0.0,15,1.0,0.306,21.12
2025-10-12 16:08:22,024,CDKL5_005_281_35,0,0.0,15,1.0,0.3024,21.13
2025-10-12 16:18:24,024,CDKL5_005_281_35,0,0.0,15,1.0,0.306,21.12
2025-10-12 16:28:28,024,CDKL5_005_281_35,0,0.0,15,1.0,0.2952,21.12
2025-10-12 16:38:31,024,CDKL5_005_281_35,80,0.133,10,0.833,0.2808,21.17
2025-10-12 16:48:34,024,CDKL5_005_281_35,29,0.048,13,0.947,0.2952,21.19
2025-10-12 16:58:37,024,CDKL5_005_281_35,0,0.0,15,1.0,0.2952,21.18
2025-10-12 17:08:41,024,CDKL5_005_281_35,0,0.0,15,1.0,0.2952,21.18
2025-10-12 17:18:44,024,CDKL5_005_281_35,6,0.01,15,0.99,0.3024,21.16
2025-10-12 17:28:47,024,CDKL5_005_281_35,0,0.0,15,1.0,0.3024,21.16
2025-10-12 17:38:50,024,CDKL5_005_281_35,0,0.0,15,1.0,0.3024,21.16
2025-10-12 17:48:53,024,CDKL5_005_281_35,0,0.0,15,1.0,0.3024,21.16
2025-10-12 17:58:57,024,CDKL5_005_281_35,0,0.0,15,1.0,0.2952,21.15
2025-10-12 18:09:00,024,CDKL5_005_281_35,70,0.116,11,0.863,0.0,21.17
2025-10-12 18:19:03,024,CDKL5_005_281_35,189,0.314,6,0.559,0.0,21.3
2025-10-12 18:29:06,024,CDKL5_005_281_35,44,0.073,12,0.916,0.0,21.32
2025-10-12 18:39:09,024,CDKL5_005_281_35,176,0.293,7,0.614,0.0,21.34
2025-10-12 18:49:25,024,CDKL5_005_281_35,178,0.297,5,0.529,0.0,21.52
2025-10-12 18:59:29,024,CDKL5_005_281_35,158,0.263,8,0.669,0.0,21.65
2025-10-12 19:09:32,024,CDKL5_005_281_35,96,0.159,9,0.789,0.0,21.64
2025-10-12 19:19:35,024,CDKL5_005_281_35,23,0.038,14,0.961,0.0,21.6
2025-10-12 19:29:38,024,CDKL5_005_281_35,1,0.002,14,0.998,0.0,21.55
2025-10-12 19:39:41,024,CDKL5_005_281_35,21,0.035,13,0.961,0.0,21.51
2025-10-12 19:49:44,024,CDKL5_005_281_35,0,0.0,15,1.0,0.0,21.46
2025-10-12 19:59:47,024,CDKL5_005_281_35,0,0.0,15,1.0,0.0,21.43
2025-10-12 20:09:50,024,CDKL5_005_281_35,29,0.048,13,0.947,0.0,21.42
2025-10-12 20:19:54,024,CDKL5_005_281_35,9,0.015,14,0.984,0.0,21.41
2025-10-12 20:29:57,024,CDKL5_005_281_35,230,0.383,3,0.343,0.0,21.53
2025-10-12 20:40:00,024,CDKL5_005_281_35,195,0.324,4,0.451,0.0,21.56
2025-10-12 20:50:03,024,CDKL5_005_281_35,157,0.262,7,0.641,0.0,21.68
2025-10-12 21:00:06,024,CDKL5_005_281_35,247,0.411,1,0.139,0.0,21.77
2025-10-12 21:10:08,024,CDKL5_005_281_35,242,0.403,5,0.452,0.0,22.15
2025-10-12 21:20:11,024,CDKL5_005_281_35,107,0.178,8,0.749,0.0,22.03
2025-10-12 21:30:14,024,CDKL5_005_281_35,39,0.065,12,0.925,0.0,21.89
2025-10-12 21:40:17,024,CDKL5_005_281_35,95,0.158,10,0.808,0.0,21.79
2025-10-12 21:50:20,024,CDKL5_005_281_35,2,0.003,14,0.996,0.0,21.73
2025-10-12 22:00:23,024,CDKL5_005_281_35,68,0.113,11,0.866,0.0,21.71
2025-10-12 22:10:26,024,CDKL5_005_281_35,135,0.225,6,0.64,0.0,21.69
2025-10-12 22:20:29,024,CDKL5_005_281_35,90,0.15,9,0.8,0.0,21.7
2025-10-12 22:30:32,024,CDKL5_005_281_35,52,0.087,13,0.909,0.0,21.67
2025-10-12 22:40:35,024,CDKL5_005_281_35,0,0.0,15,1.0,0.0,21.65
2025-10-12 22:50:55,024,CDKL5_005_281_35,73,0.122,11,0.858,0.0,21.67
2025-10-12 23:00:58,024,CDKL5_005_281_35,206,0.343,5,0.493,0.0,21.8
2025-10-12 23:11:01,024,CDKL5_005_281_35,165,0.275,9,0.686,0.0,21.97
2025-10-12 23:21:05,024,CDKL5_005_281_35,215,0.358,7,0.566,0.0,21.99
2025-10-12 23:31:08,024,CDKL5_005_281_35,8,0.013,13,0.985,0.0,21.87
2025-10-12 23:41:11,024,CDKL5_005_281_35,21,0.035,13,0.961,0.0,21.78
2025-10-12 23:51:13,024,CDKL5_005_281_35,0,0.0,15,1.0,0.0,21.69
2025-10-11 00:00:52,038,CDKL5_005_281_36,16,0.027,12,0.968,0.0,21.89
2025-10-11 00:10:54,038,CDKL5_005_281_36,11,0.018,13,0.979,0.0,21.94
2025-10-11 00:20:57,038,CDKL5_005_281_36,4,0.007,13,0.992,0.0,21.96
2025-10-11 00:31:00,038,CDKL5_005_281_36,41,0.068,12,0.921,0.0,21.96
2025-10-11 00:41:03,038,CDKL5_005_281_36,81,0.135,6,0.748,0.0,22.01
2025-10-11 00:51:06,038,CDKL5_005_281_36,43,0.072,11,0.911,0.0,22.01
2025-10-11 01:01:09,038,CDKL5_005_281_36,5,0.008,14,0.991,0.0,22.02
2025-10-11 01:11:11,038,CDKL5_005_281_36,1,0.002,14,0.998,0.0,22.02
2025-10-11 01:21:14,038,CDKL5_005_281_36,0,0.0,15,1.0,0.0,21.98
2025-10-11 01:31:17,038,CDKL5_005_281_36,0,0.0,15,1.0,0.0,21.94
2025-10-11 01:41:20,038,CDKL5_005_281_36,0,0.0,15,1.0,0.0,21.92
2025-10-11 01:51:23,038,CDKL5_005_281_36,0,0.0,15,1.0,0.0,21.89
2025-10-11 02:01:26,038,CDKL5_005_281_36,0,0.0,15,1.0,0.0,21.86
2025-10-11 02:11:29,038,CDKL5_005_281_36,0,0.0,15,1.0,0.0,21.86
2025-10-11 02:22:07,038,CDKL5_005_281_36,0,0.0,15,1.0,0.0,21.94
2025-10-11 02:32:10,038,CDKL5_005_281_36,0,0.0,15,1.0,0.0,21.9
2025-10-11 02:42:13,038,CDKL5_005_281_36,23,0.038,10,0.946,0.0,21.9
2025-10-11 02:52:15,038,CDKL5_005_281_36,16,0.027,12,0.968,0.0,21.91
2025-10-11 03:02:18,038,CDKL5_005_281_36,14,0.023,11,0.969,0.0,21.92
2025-10-11 03:12:21,038,CDKL5_005_281_36,1,0.002,14,0.998,0.0,21.92
2025-10-11 03:22:24,038,CDKL5_005_281_36,6,0.01,13,0.989,0.0,21.92
2025-10-11 03:32:27,038,CDKL5_005_281_36,12,0.02,14,0.979,0.0,21.9
2025-10-11 03:42:30,038,CDKL5_005_281_36,0,0.0,15,1.0,0.0,21.87
2025-10-11 03:52:33,038,CDKL5_005_281_36,0,0.0,15,1.0,0.0,21.84
2025-10-11 04:02:36,038,CDKL5_005_281_36,0,0.0,15,1.0,0.0,21.82
2025-10-11 04:12:39,038,CDKL5_005_281_36,0,0.0,15,1.0,0.0,21.81
2025-10-11 04:22:41,038,CDKL5_005_281_36,1,0.002,15,0.998,0.0,21.8
2025-10-11 04:32:44,038,CDKL5_005_281_36,0,0.0,15,1.0,0.0,21.8
2025-10-11 04:42:46,038,CDKL5_005_281_36,6,0.01,14,0.989,0.0,21.8
2025-10-11 04:52:49,038,CDKL5_005_281_36,16,0.027,12,0.968,0.0,21.82
2025-10-11 05:02:52,038,CDKL5_005_281_36,12,0.02,13,0.977,0.0,21.85
2025-10-11 05:12:55,038,CDKL5_005_281_36,2,0.003,14,0.996,0.0,21.86
2025-10-11 05:22:58,038,CDKL5_005_281_36,19,0.032,12,0.962,0.0,21.9
2025-10-11 05:33:01,038,CDKL5_005_281_36,13,0.022,11,0.971,0.0,21.9
2025-10-11 05:43:04,038,CDKL5_005_281_36,98,0.163,8,0.766,0.0,21.91
2025-10-11 05:53:07,038,CDKL5_005_281_36,1,0.002,14,0.998,0.0,21.89
2025-10-11 06:03:10,038,CDKL5_005_281_36,0,0.0,15,1.0,0.18,21.86
2025-10-11 06:13:12,038,CDKL5_005_281_36,0,0.0,15,1.0,0.18,21.84
2025-10-11 06:23:29,038,CDKL5_005_281_36,0,0.0,15,1.0,0.18,21.85
2025-10-11 06:33:32,038,CDKL5_005_281_36,0,0.0,15,1.0,0.18,21.83
2025-10-11 06:43:35,038,CDKL5_005_281_36,0,0.0,15,1.0,0.1836,21.79
2025-10-11 06:53:38,038,CDKL5_005_281_36,0,0.0,15,1.0,0.1836,21.78
2025-10-11 07:03:42,038,CDKL5_005_281_36,0,0.0,15,1.0,0.18,21.76
2025-10-11 07:13:44,038,CDKL5_005_281_36,0,0.0,15,1.0,0.1656,21.77
2025-10-11 07:23:47,038,CDKL5_005_281_36,0,0.0,15,1.0,0.1656,21.75
2025-10-11 07:33:49,038,CDKL5_005_281_36,0,0.0,15,1.0,0.1764,21.75
2025-10-11 07:43:52,038,CDKL5_005_281_36,2,0.003,15,0.997,0.1476,21.77
2025-10-11 07:53:55,038,CDKL5_005_281_36,0,0.0,15,1.0,0.144,21.74
2025-10-11 08:03:58,038,CDKL5_005_281_36,0,0.0,15,1.0,0.1548,21.74
2025-10-11 08:14:00,038,CDKL5_005_281_36,0,0.0,15,1.0,0.162,21.72
2025-10-11 08:24:03,038,CDKL5_005_281_36,0,0.0,15,1.0,0.1512,21.71
2025-10-11 08:34:06,038,CDKL5_005_281_36,0,0.0,15,1.0,0.1512,21.7
2025-10-11 08:44:08,038,CDKL5_005_281_36,0,0.0,15,1.0,0.1512,21.68
2025-10-11 08:54:11,038,CDKL5_005_281_36,0,0.0,15,1.0,0.1548,21.66
2025-10-11 09:04:13,038,CDKL5_005_281_36,0,0.0,15,1.0,0.1512,21.68
2025-10-11 09:14:16,038,CDKL5_005_281_36,0,0.0,15,1.0,0.1548,21.66
2025-10-11 09:24:19,038,CDKL5_005_281_36,0,0.0,15,1.0,0.1548,21.66
2025-10-11 09:34:22,038,CDKL5_005_281_36,0,0.0,15,1.0,0.1548,21.65
2025-10-11 09:44:25,038,CDKL5_005_281_36,0,0.0,15,1.0,0.144,21.64
2025-10-11 09:54:28,038,CDKL5_005_281_36,0,0.0,15,1.0,0.144,21.64
2025-10-11 10:04:30,038,CDKL5_005_281_36,6,0.01,13,0.989,0.1656,21.63
2025-10-11 10:14:33,038,CDKL5_005_281_36,0,0.0,15,1.0,0.162,21.65
2025-10-11 10:24:56,038,CDKL5_005_281_36,34,0.057,11,0.928,0.1944,21.71
2025-10-11 10:34:59,038,CDKL5_005_281_36,0,0.0,15,1.0,0.1944,21.63
2025-10-11 10:45:02,038,CDKL5_005_281_36,0,0.0,15,1.0,0.1944,21.58
2025-10-11 10:55:05,038,CDKL5_005_281_36,0,0.0,15,1.0,0.1728,21.53
2025-10-11 11:05:08,038,CDKL5_005_281_36,0,0.0,15,1.0,0.18,21.49
2025-10-11 11:15:11,038,CDKL5_005_281_36,0,0.0,15,1.0,0.18,21.43
2025-10-11 11:25:13,038,CDKL5_005_281_36,0,0.0,15,1.0,0.18,21.4
2025-10-11 11:35:16,038,CDKL5_005_281_36,0,0.0,15,1.0,0.18,21.36
2025-10-11 11:45:19,038,CDKL5_005_281_36,0,0.0,15,1.0,0.18,21.34
2025-10-11 11:55:22,038,CDKL5_005_281_36,0,0.0,15,1.0,0.18,21.33
2025-10-11 12:05:25,038,CDKL5_005_281_36,0,0.0,15,1.0,0.18,21.31
2025-10-11 12:15:28,038,CDKL5_005_281_36,0,0.0,15,1.0,0.18,21.31
2025-10-11 12:25:31,038,CDKL5_005_281_36,0,0.0,15,1.0,0.18,21.31
2025-10-11 12:35:33,038,CDKL5_005_281_36,0,0.0,15,1.0,0.2124,21.31
2025-10-11 12:45:36,038,CDKL5_005_281_36,0,0.0,15,1.0,0.2016,21.31
2025-10-11 12:55:38,038,CDKL5_005_281_36,0,0.0,15,1.0,0.18,21.32
2025-10-11 13:05:41,038,CDKL5_005_281_36,0,0.0,15,1.0,0.18,21.31
2025-10-11 13:15:43,038,CDKL5_005_281_36,0,0.0,15,1.0,0.18,21.31
2025-10-11 13:25:46,038,CDKL5_005_281_36,0,0.0,15,1.0,0.18,21.28
2025-10-11 13:35:49,038,CDKL5_005_281_36,0,0.0,15,1.0,0.18,21.27
2025-10-11 13:45:52,038,CDKL5_005_281_36,0,0.0,15,1.0,0.1836,21.26
2025-10-11 13:55:54,038,CDKL5_005_281_36,0,0.0,15,1.0,0.1836,21.25
2025-10-11 14:05:57,038,CDKL5_005_281_36,0,0.0,15,1.0,0.18,21.25
2025-10-11 14:16:00,038,CDKL5_005_281_36,0,0.0,15,1.0,0.18,21.23
2025-10-11 14:26:31,038,CDKL5_005_281_36,0,0.0,15,1.0,0.18,21.31
2025-10-11 14:36:34,038,CDKL5_005_281_36,0,0.0,15,1.0,0.1584,21.29
2025-10-11 14:46:36,038,CDKL5_005_281_36,0,0.0,15,1.0,0.1692,21.27
2025-10-11 14:56:39,038,CDKL5_005_281_36,0,0.0,15,1.0,0.1656,21.25
2025-10-11 15:06:42,038,CDKL5_005_281_36,0,0.0,15,1.0,0.1656,21.26
2025-10-11 15:16:44,038,CDKL5_005_281_36,0,0.0,15,1.0,0.1656,21.25
2025-10-11 15:26:47,038,CDKL5_005_281_36,12,0.02,13,0.977,0.126,21.27
2025-10-11 15:36:50,038,CDKL5_005_281_36,0,0.0,15,1.0,0.1584,21.31
2025-10-11 15:46:52,038,CDKL5_005_281_36,2,0.003,14,0.996,0.1512,21.33
2025-10-11 15:56:55,038,CDKL5_005_281_36,0,0.0,15,1.0,0.1512,21.33
2025-10-11 16:06:58,038,CDKL5_005_281_36,0,0.0,15,1.0,0.1512,21.32
2025-10-11 16:17:01,038,CDKL5_005_281_36,0,0.0,15,1.0,0.1512,21.32
2025-10-11 16:27:04,038,CDKL5_005_281_36,0,0.0,15,1.0,0.1728,21.33
2025-10-11 16:37:07,038,CDKL5_005_281_36,1,0.002,14,0.998,0.18,21.34
2025-10-11 16:47:10,038,CDKL5_005_281_36,0,0.0,15,1.0,0.1584,21.38
2025-10-11 16:57:13,038,CDKL5_005_281_36,0,0.0,15,1.0,0.1656,21.43
2025-10-11 17:07:16,038,CDKL5_005_281_36,0,0.0,15,1.0,0.18,21.47
2025-10-11 17:17:19,038,CDKL5_005_281_36,0,0.0,15,1.0,0.1656,21.5
2025-10-11 17:27:22,038,CDKL5_005_281_36,0,0.0,15,1.0,0.1656,21.53
2025-10-11 17:37:25,038,CDKL5_005_281_36,1,0.002,14,0.998,0.1656,21.56
2025-10-11 17:47:28,038,CDKL5_005_281_36,12,0.02,11,0.973,0.1548,21.58
2025-10-11 17:57:31,038,CDKL5_005_281_36,0,0.0,15,1.0,0.1512,21.61
2025-10-11 18:07:34,038,CDKL5_005_281_36,0,0.0,15,1.0,0.0,21.63
2025-10-11 18:17:37,038,CDKL5_005_281_36,57,0.095,6,0.808,0.0,21.67
2025-10-11 18:28:08,038,CDKL5_005_281_36,89,0.149,8,0.782,0.0,21.79
2025-10-11 18:38:11,038,CDKL5_005_281_36,75,0.125,6,0.762,0.0,21.82
2025-10-11 18:48:14,038,CDKL5_005_281_36,74,0.123,7,0.791,0.0,21.84
2025-10-11 18:58:17,038,CDKL5_005_281_36,68,0.113,6,0.779,0.0,21.89
2025-10-11 19:08:20,038,CDKL5_005_281_36,91,0.151,8,0.779,0.0,21.89
2025-10-11 19:18:22,038,CDKL5_005_281_36,71,0.118,7,0.798,0.0,21.91
2025-10-11 19:28:24,038,CDKL5_005_281_36,115,0.191,4,0.582,0.0,21.94
2025-10-11 19:38:28,038,CDKL5_005_281_36,75,0.125,5,0.727,0.0,21.96
2025-10-11 19:48:31,038,CDKL5_005_281_36,14,0.023,12,0.972,0.0,21.98
2025-10-11 19:58:34,038,CDKL5_005_281_36,84,0.14,8,0.792,0.0,21.99
2025-10-11 20:08:36,038,CDKL5_005_281_36,42,0.07,12,0.92,0.0,21.98
2025-10-11 20:18:39,038,CDKL5_005_281_36,42,0.07,9,0.896,0.0,21.98
2025-10-11 20:28:42,038,CDKL5_005_281_36,80,0.133,7,0.778,0.0,21.99
2025-10-11 20:38:45,038,CDKL5_005_281_36,62,0.103,10,0.866,0.0,22.0
2025-10-11 20:48:47,038,CDKL5_005_281_36,0,0.0,15,1.0,0.0,22.03
2025-10-11 20:58:50,038,CDKL5_005_281_36,0,0.0,15,1.0,0.0,22.02
2025-10-11 21:08:53,038,CDKL5_005_281_36,2,0.003,14,0.996,0.0,22.0
2025-10-11 21:18:56,038,CDKL5_005_281_36,0,0.0,15,1.0,0.0,21.97
2025-10-11 21:28:59,038,CDKL5_005_281_36,7,0.012,13,0.987,0.0,21.94
2025-10-11 21:39:02,038,CDKL5_005_281_36,43,0.072,8,0.882,0.0,21.92
2025-10-11 21:49:05,038,CDKL5_005_281_36,41,0.068,9,0.898,0.0,21.93
2025-10-11 21:59:08,038,CDKL5_005_281_36,26,0.043,11,0.944,0.0,21.94
2025-10-11 22:09:11,038,CDKL5_005_281_36,11,0.018,14,0.981,0.0,21.94
2025-10-11 22:19:14,038,CDKL5_005_281_36,77,0.128,10,0.839,0.0,21.97
2025-10-11 22:29:50,038,CDKL5_005_281_36,40,0.067,10,0.909,0.0,22.05
2025-10-11 22:39:54,038,CDKL5_005_281_36,35,0.058,10,0.92,0.0,22.0
2025-10-11 22:49:57,038,CDKL5_005_281_36,72,0.12,7,0.795,0.0,21.99
2025-10-11 23:00:00,038,CDKL5_005_281_36,73,0.121,5,0.733,0.0,21.98
2025-10-11 23:10:02,038,CDKL5_005_281_36,61,0.101,6,0.797,0.0,21.98
2025-10-11 23:20:05,038,CDKL5_005_281_36,63,0.105,8,0.836,0.0,21.97
2025-10-11 23:30:08,038,CDKL5_005_281_36,28,0.047,12,0.945,0.0,21.92
2025-10-11 23:40:10,038,CDKL5_005_281_36,72,0.12,7,0.795,0.0,21.92
2025-10-11 23:50:13,038,CDKL5_005_281_36,18,0.03,11,0.961,0.0,21.92
2025-10-12 00:00:16,038,CDKL5_005_281_36,53,0.088,7,0.841,0.0,21.92
2025-10-12 00:10:19,038,CDKL5_005_281_36,7,0.012,13,0.987,0.0,21.91
2025-10-12 00:20:22,038,CDKL5_005_281_36,35,0.058,9,0.911,0.0,21.94
2025-10-12 00:30:25,038,CDKL5_005_281_36,57,0.095,10,0.875,0.0,22.0
2025-10-12 00:40:28,038,CDKL5_005_281_36,117,0.195,5,0.631,0.0,22.0
2025-10-12 00:50:31,038,CDKL5_005_281_36,40,0.067,11,0.917,0.0,22.01
2025-10-12 01:00:34,038,CDKL5_005_281_36,0,0.0,15,1.0,0.0,22.0
2025-10-12 01:10:36,038,CDKL5_005_281_36,0,0.0,15,1.0,0.0,21.96
2025-10-12 01:20:40,038,CDKL5_005_281_36,0,0.0,15,1.0,0.0,21.93
2025-10-12 01:30:43,038,CDKL5_005_281_36,0,0.0,15,1.0,0.0,21.91
2025-10-12 01:40:45,038,CDKL5_005_281_36,0,0.0,15,1.0,0.0,21.9
2025-10-12 01:50:48,038,CDKL5_005_281_36,0,0.0,15,1.0,0.0,21.89
2025-10-12 02:00:51,038,CDKL5_005_281_36,0,0.0,15,1.0,0.0,21.88
2025-10-12 02:10:54,038,CDKL5_005_281_36,3,0.005,14,0.995,0.0,21.86
2025-10-12 02:20:57,038,CDKL5_005_281_36,0,0.0,15,1.0,0.0,21.85
2025-10-12 02:31:32,038,CDKL5_005_281_36,3,0.005,14,0.995,0.0,21.91
2025-10-12 02:41:34,038,CDKL5_005_281_36,3,0.005,14,0.995,0.0,21.89
2025-10-12 02:51:37,038,CDKL5_005_281_36,1,0.002,14,0.998,0.0,21.88
2025-10-12 03:01:41,038,CDKL5_005_281_36,20,0.033,12,0.96,0.0,21.88
2025-10-12 03:11:43,038,CDKL5_005_281_36,67,0.111,10,0.857,0.0,21.86
2025-10-12 03:21:46,038,CDKL5_005_281_36,66,0.11,8,0.829,0.0,21.87
2025-10-12 03:31:49,038,CDKL5_005_281_36,23,0.038,12,0.954,0.0,21.87
2025-10-12 03:41:52,038,CDKL5_005_281_36,64,0.106,7,0.814,0.0,21.87
2025-10-12 03:51:55,038,CDKL5_005_281_36,186,0.309,3,0.392,0.0,21.94
2025-10-12 04:01:58,038,CDKL5_005_281_36,107,0.178,7,0.724,0.0,21.94
2025-10-12 04:12:01,038,CDKL5_005_281_36,0,0.0,15,1.0,0.0,21.91
2025-10-12 04:22:03,038,CDKL5_005_281_36,0,0.0,15,1.0,0.0,21.86
2025-10-12 04:32:07,038,CDKL5_005_281_36,0,0.0,15,1.0,0.0,21.82
2025-10-12 04:42:10,038,CDKL5_005_281_36,0,0.0,15,1.0,0.0,21.79
2025-10-12 04:52:13,038,CDKL5_005_281_36,0,0.0,15,1.0,0.0,21.76
2025-10-12 05:02:16,038,CDKL5_005_281_36,0,0.0,15,1.0,0.0,21.74
2025-10-12 05:12:18,038,CDKL5_005_281_36,0,0.0,15,1.0,0.0,21.72
2025-10-12 05:22:21,038,CDKL5_005_281_36,1,0.002,14,0.998,0.0,21.72
2025-10-12 05:32:24,038,CDKL5_005_281_36,26,0.043,13,0.952,0.0,21.74
2025-10-12 05:42:27,038,CDKL5_005_281_36,29,0.048,13,0.947,0.0,21.78
2025-10-12 05:52:29,038,CDKL5_005_281_36,212,0.353,3,0.361,0.0,21.94
2025-10-12 06:02:31,038,CDKL5_005_281_36,89,0.148,8,0.782,0.216,21.94
2025-10-12 06:12:34,038,CDKL5_005_281_36,62,0.103,9,0.853,0.18,21.94
2025-10-12 06:22:37,038,CDKL5_005_281_36,0,0.0,15,1.0,0.1836,21.91
2025-10-12 06:33:03,038,CDKL5_005_281_36,0,0.0,15,1.0,0.1836,21.92
2025-10-12 06:43:06,038,CDKL5_005_281_36,0,0.0,15,1.0,0.18,21.87
2025-10-12 06:53:09,038,CDKL5_005_281_36,0,0.0,15,1.0,0.1836,21.82
2025-10-12 07:03:12,038,CDKL5_005_281_36,0,0.0,15,1.0,0.1728,21.8
2025-10-12 07:13:15,038,CDKL5_005_281_36,0,0.0,15,1.0,0.18,21.78
2025-10-12 07:23:17,038,CDKL5_005_281_36,0,0.0,15,1.0,0.18,21.74
2025-10-12 07:33:20,038,CDKL5_005_281_36,0,0.0,15,1.0,0.1872,21.73
2025-10-12 07:43:23,038,CDKL5_005_281_36,0,0.0,15,1.0,0.1764,21.73
2025-10-12 07:53:26,038,CDKL5_005_281_36,0,0.0,15,1.0,0.1728,21.72
2025-10-12 08:03:29,038,CDKL5_005_281_36,0,0.0,15,1.0,0.1656,21.73
2025-10-12 08:13:31,038,CDKL5_005_281_36,0,0.0,15,1.0,0.1728,21.72
2025-10-12 08:23:34,038,CDKL5_005_281_36,0,0.0,15,1.0,0.1836,21.71
2025-10-12 08:33:37,038,CDKL5_005_281_36,0,0.0,15,1.0,0.18,21.69
2025-10-12 08:43:40,038,CDKL5_005_281_36,0,0.0,15,1.0,0.1764,21.7
2025-10-12 08:53:43,038,CDKL5_005_281_36,0,0.0,15,1.0,0.1764,21.68
2025-10-12 09:03:46,038,CDKL5_005_281_36,0,0.0,15,1.0,0.1764,21.66
2025-10-12 09:13:48,038,CDKL5_005_281_36,0,0.0,15,1.0,0.1764,21.66
2025-10-12 09:23:51,038,CDKL5_005_281_36,0,0.0,15,1.0,0.1656,21.65
2025-10-12 09:33:54,038,CDKL5_005_281_36,0,0.0,15,1.0,0.1728,21.66
2025-10-12 09:43:57,038,CDKL5_005_281_36,0,0.0,15,1.0,0.1656,21.67
2025-10-12 09:53:59,038,CDKL5_005_281_36,0,0.0,15,1.0,0.1656,21.65
2025-10-12 10:04:01,038,CDKL5_005_281_36,0,0.0,15,1.0,0.1656,21.66
2025-10-12 10:14:04,038,CDKL5_005_281_36,0,0.0,15,1.0,0.18,21.64
2025-10-12 10:24:07,038,CDKL5_005_281_36,0,0.0,15,1.0,0.18,21.65
2025-10-12 10:34:36,038,CDKL5_005_281_36,1,0.002,14,0.998,0.1656,21.74
2025-10-12 10:44:39,038,CDKL5_005_281_36,14,0.023,13,0.974,0.18,21.72
2025-10-12 10:54:41,038,CDKL5_005_281_36,17,0.028,12,0.966,0.1728,21.77
2025-10-12 11:04:44,038,CDKL5_005_281_36,0,0.0,15,1.0,0.1764,21.78
2025-10-12 11:14:47,038,CDKL5_005_281_36,0,0.0,15,1.0,0.1764,21.78
2025-10-12 11:24:49,038,CDKL5_005_281_36,0,0.0,15,1.0,0.1728,21.77
2025-10-12 11:34:51,038,CDKL5_005_281_36,0,0.0,15,1.0,0.1656,21.77
2025-10-12 11:44:55,038,CDKL5_005_281_36,0,0.0,15,1.0,0.1656,21.76
2025-10-12 11:54:57,038,CDKL5_005_281_36,0,0.0,15,1.0,0.1656,21.76
2025-10-12 12:05:00,038,CDKL5_005_281_36,0,0.0,15,1.0,0.1656,21.74
2025-10-12 12:15:03,038,CDKL5_005_281_36,0,0.0,15,1.0,0.1656,21.73
2025-10-12 12:25:06,038,CDKL5_005_281_36,0,0.0,15,1.0,0.1692,21.71
2025-10-12 12:35:09,038,CDKL5_005_281_36,0,0.0,15,1.0,0.1584,21.7
2025-10-12 12:45:11,038,CDKL5_005_281_36,0,0.0,15,1.0,0.1584,21.69
2025-10-12 12:55:14,038,CDKL5_005_281_36,0,0.0,15,1.0,0.1728,21.69
2025-10-12 13:05:16,038,CDKL5_005_281_36,0,0.0,15,1.0,0.1656,21.69
2025-10-12 13:15:19,038,CDKL5_005_281_36,0,0.0,15,1.0,0.1656,21.66
2025-10-12 13:25:22,038,CDKL5_005_281_36,0,0.0,15,1.0,0.1656,21.66
2025-10-12 13:35:24,038,CDKL5_005_281_36,0,0.0,15,1.0,0.1656,21.66
2025-10-12 13:45:27,038,CDKL5_005_281_36,0,0.0,15,1.0,0.1692,21.65
2025-10-12 13:55:30,038,CDKL5_005_281_36,0,0.0,15,1.0,0.1584,21.64
2025-10-12 14:05:33,038,CDKL5_005_281_36,6,0.01,14,0.989,0.1656,21.66
2025-10-12 14:15:35,038,CDKL5_005_281_36,0,0.0,15,1.0,0.162,21.66
2025-10-12 14:25:38,038,CDKL5_005_281_36,0,0.0,15,1.0,0.1512,21.66
2025-10-12 14:36:11,038,CDKL5_005_281_36,1,0.002,14,0.998,0.1584,21.73
2025-10-12 14:46:14,038,CDKL5_005_281_36,0,0.0,15,1.0,0.1584,21.7
2025-10-12 14:56:16,038,CDKL5_005_281_36,0,0.0,15,1.0,0.1584,21.67
2025-10-12 15:06:18,038,CDKL5_005_281_36,6,0.01,13,0.989,0.1548,21.65
2025-10-12 15:16:21,038,CDKL5_005_281_36,7,0.012,13,0.987,0.1512,21.61
2025-10-12 15:26:24,038,CDKL5_005_281_36,1,0.002,14,0.998,0.1512,21.64
2025-10-12 15:36:27,038,CDKL5_005_281_36,5,0.008,14,0.991,0.1584,21.63
2025-10-12 15:46:30,038,CDKL5_005_281_36,0,0.0,15,1.0,0.162,21.64
2025-10-12 15:56:33,038,CDKL5_005_281_36,1,0.002,14,0.998,0.1512,21.64
2025-10-12 16:06:35,038,CDKL5_005_281_36,0,0.0,15,1.0,0.1512,21.64
2025-10-12 16:16:38,038,CDKL5_005_281_36,0,0.0,15,1.0,0.144,21.65
2025-10-12 16:26:40,038,CDKL5_005_281_36,0,0.0,15,1.0,0.1548,21.64
2025-10-12 16:36:44,038,CDKL5_005_281_36,0,0.0,15,1.0,0.144,21.63
2025-10-12 16:46:46,038,CDKL5_005_281_36,0,0.0,15,1.0,0.144,21.65
2025-10-12 16:56:49,038,CDKL5_005_281_36,10,0.017,11,0.978,0.144,21.68
2025-10-12 17:06:51,038,CDKL5_005_281_36,0,0.0,15,1.0,0.1548,21.65
2025-10-12 17:16:54,038,CDKL5_005_281_36,0,0.0,15,1.0,0.1656,21.63
2025-10-12 17:26:57,038,CDKL5_005_281_36,2,0.003,15,0.997,0.1584,21.62
2025-10-12 17:37:00,038,CDKL5_005_281_36,30,0.05,11,0.936,0.18,21.63
2025-10-12 17:47:03,038,CDKL5_005_281_36,25,0.042,12,0.95,0.1584,21.62
2025-10-12 17:57:05,038,CDKL5_005_281_36,35,0.058,9,0.911,0.1296,21.64
2025-10-12 18:07:09,038,CDKL5_005_281_36,2,0.003,13,0.996,0.0,21.68
2025-10-12 18:17:12,038,CDKL5_005_281_36,133,0.221,5,0.601,0.0,21.75
2025-10-12 18:27:15,038,CDKL5_005_281_36,170,0.283,3,0.414,0.0,21.96
2025-10-12 18:37:46,038,CDKL5_005_281_36,6,0.01,14,0.989,0.0,21.98
2025-10-12 18:47:49,038,CDKL5_005_281_36,128,0.213,2,0.385,0.0,21.97
2025-10-12 18:57:52,038,CDKL5_005_281_36,137,0.228,3,0.467,0.0,22.11
2025-10-12 19:07:54,038,CDKL5_005_281_36,163,0.272,6,0.596,0.0,22.13
2025-10-12 19:17:57,038,CDKL5_005_281_36,45,0.075,10,0.899,0.0,22.07
2025-10-12 19:28:00,038,CDKL5_005_281_36,85,0.141,7,0.767,0.0,22.05
2025-10-12 19:38:03,038,CDKL5_005_281_36,107,0.178,4,0.599,0.0,22.19
2025-10-12 19:48:05,038,CDKL5_005_281_36,213,0.354,2,0.273,0.0,22.19
2025-10-12 19:58:08,038,CDKL5_005_281_36,107,0.178,5,0.651,0.0,22.19
2025-10-12 20:08:12,038,CDKL5_005_281_36,2,0.003,14,0.996,0.0,22.14
2025-10-12 20:18:14,038,CDKL5_005_281_36,85,0.141,7,0.767,0.0,22.13
2025-10-12 20:28:17,038,CDKL5_005_281_36,148,0.247,4,0.519,0.0,22.13
2025-10-12 20:38:20,038,CDKL5_005_281_36,204,0.339,2,0.282,0.0,22.16
2025-10-12 20:48:23,038,CDKL5_005_281_36,40,0.067,7,0.875,0.0,22.13
2025-10-12 20:58:26,038,CDKL5_005_281_36,0,0.0,15,1.0,0.0,22.08
2025-10-12 21:08:29,038,CDKL5_005_281_36,0,0.0,15,1.0,0.0,22.04
2025-10-12 21:18:31,038,CDKL5_005_281_36,8,0.013,13,0.985,0.0,21.99
2025-10-12 21:28:34,038,CDKL5_005_281_36,10,0.017,12,0.98,0.0,21.98
2025-10-12 21:38:36,038,CDKL5_005_281_36,72,0.12,10,0.847,0.0,21.99
2025-10-12 21:48:39,038,CDKL5_005_281_36,209,0.348,2,0.277,0.0,22.1
2025-10-12 21:58:42,038,CDKL5_005_281_36,216,0.359,3,0.357,0.0,22.21
2025-10-12 22:08:45,038,CDKL5_005_281_36,231,0.384,1,0.148,0.0,22.36
2025-10-12 22:18:48,038,CDKL5_005_281_36,60,0.1,12,0.889,0.0,22.26
2025-10-12 22:28:51,038,CDKL5_005_281_36,302,0.503,1,0.117,0.0,22.4
2025-10-12 22:39:26,038,CDKL5_005_281_36,120,0.201,8,0.727,0.0,22.41
2025-10-12 22:49:29,038,CDKL5_005_281_36,22,0.037,13,0.959,0.0,22.27
2025-10-12 22:59:32,038,CDKL5_005_281_36,214,0.356,4,0.428,0.0,22.32
2025-10-12 23:09:34,038,CDKL5_005_281_36,39,0.065,11,0.919,0.0,22.23
2025-10-12 23:19:38,038,CDKL5_005_281_36,97,0.161,7,0.743,0.0,22.23
2025-10-12 23:29:41,038,CDKL5_005_281_36,175,0.291,3,0.407,0.0,22.37
2025-10-12 23:39:44,038,CDKL5_005_281_36,239,0.398,2,0.251,0.0,22.41
2025-10-12 23:49:47,038,CDKL5_005_281_36,100,0.166,4,0.615,0.0,22.25
2025-10-12 23:59:50,038,CDKL5_005_281_36,13,0.022,14,0.977,0.0,22.16
