datetime,BEAM,Mouse_ID,activity_count,activity_percent,inactivity_count,inactivity_percent,lux,temperature_c
2025-10-25 00:08:07,032,WAC_006_198_73,42,0.07,14,0.93,0.0,21.89
2025-10-25 00:18:23,032,WAC_006_198_73,13,0.022,13,0.976,0.0,21.89
2025-10-25 00:28:25,032,WAC_006_198_73,199,0.331,6,0.547,0.0,21.85
2025-10-25 00:38:28,032,WAC_006_198_73,286,0.477,4,0.359,0.0,21.93
2025-10-25 00:48:30,032,WAC_006_198_73,116,0.193,8,0.734,0.0,21.88
2025-10-25 00:58:33,032,WAC_006_198_73,188,0.313,6,0.561,0.0,21.88
2025-10-25 01:08:36,032,WAC_006_198_73,93,0.155,10,0.811,0.0,21.84
2025-10-25 01:18:39,032,WAC_006_198_73,70,0.116,11,0.863,0.0,21.85
2025-10-25 01:28:42,032,WAC_006_198_73,3,0.005,15,0.995,0.0,21.83
2025-10-25 01:38:45,032,WAC_006_198_73,154,0.256,6,0.609,0.0,21.83
2025-10-25 01:48:48,032,WAC_006_198_73,18,0.03,12,0.964,0.0,21.82
2025-10-25 01:58:50,032,WAC_006_198_73,49,0.082,11,0.9,0.0,21.81
2025-10-25 02:08:53,032,WAC_006_198_73,126,0.21,5,0.613,0.0,21.84
2025-10-25 02:18:56,032,WAC_006_198_73,260,0.433,2,0.235,0.0,21.88
2025-10-25 02:29:00,032,WAC_006_198_73,138,0.23,9,0.723,0.0,21.88
2025-10-25 02:39:02,032,WAC_006_198_73,132,0.22,8,0.708,0.0,21.87
2025-10-25 02:49:05,032,WAC_006_198_73,207,0.344,4,0.436,0.0,21.9
2025-10-25 02:59:08,032,WAC_006_198_73,86,0.143,11,0.837,0.0,21.85
2025-10-25 03:09:11,032,WAC_006_198_73,182,0.303,5,0.524,0.0,21.88
2025-10-25 03:19:14,032,WAC_006_198_73,26,0.043,12,0.949,0.0,21.87
2025-10-25 03:29:17,032,WAC_006_198_73,129,0.215,8,0.713,0.0,21.84
2025-10-25 03:39:20,032,WAC_006_198_73,89,0.148,11,0.832,0.0,21.82
2025-10-25 03:49:24,032,WAC_006_198_73,286,0.475,2,0.219,0.0,21.87
2025-10-25 03:59:27,032,WAC_006_198_73,29,0.048,12,0.943,0.0,21.84
2025-10-25 04:09:30,032,WAC_006_198_73,171,0.285,3,0.412,0.0,21.84
2025-10-25 04:19:49,032,WAC_006_198_73,311,0.518,2,0.205,0.0,21.92
2025-10-25 04:29:52,032,WAC_006_198_73,137,0.228,7,0.671,0.0,21.87
2025-10-25 04:39:55,032,WAC_006_198_73,179,0.298,8,0.641,0.0,21.87
2025-10-25 04:49:58,032,WAC_006_198_73,157,0.261,8,0.671,0.0,21.85
2025-10-25 05:00:01,032,WAC_006_198_73,223,0.37,6,0.518,0.0,21.84
2025-10-25 05:10:04,032,WAC_006_198_73,139,0.231,9,0.721,0.0,21.84
2025-10-25 05:20:07,032,WAC_006_198_73,212,0.353,5,0.485,0.0,21.88
2025-10-25 05:30:10,032,WAC_006_198_73,70,0.116,11,0.863,0.0,21.87
2025-10-25 05:40:13,032,WAC_006_198_73,123,0.205,8,0.722,0.0,21.88
2025-10-25 05:50:15,032,WAC_006_198_73,101,0.168,10,0.798,0.0,21.85
2025-10-25 06:00:19,032,WAC_006_198_73,145,0.241,7,0.659,0.162,21.85
2025-10-25 06:10:22,032,WAC_006_198_73,228,0.379,5,0.467,0.1584,21.87
2025-10-25 06:20:25,032,WAC_006_198_73,330,0.548,4,0.327,0.18,21.86
2025-10-25 06:30:28,032,WAC_006_198_73,346,0.577,2,0.188,0.3456,21.91
2025-10-25 06:40:31,032,WAC_006_198_73,339,0.563,0,0.0,0.1332,21.9
2025-10-25 06:50:34,032,WAC_006_198_73,29,0.048,11,0.938,0.144,21.86
2025-10-25 07:00:37,032,WAC_006_198_73,0,0.0,15,1.0,0.144,21.79
2025-10-25 07:10:39,032,WAC_006_198_73,0,0.0,15,1.0,0.1512,21.74
2025-10-25 07:20:42,032,WAC_006_198_73,0,0.0,15,1.0,0.1548,21.7
2025-10-25 07:30:46,032,WAC_006_198_73,0,0.0,15,1.0,0.144,21.65
2025-10-25 07:40:49,032,WAC_006_198_73,0,0.0,15,1.0,0.144,21.63
2025-10-25 07:50:52,032,WAC_006_198_73,0,0.0,15,1.0,0.1728,21.6
2025-10-25 08:00:55,032,WAC_006_198_73,0,0.0,15,1.0,0.1836,21.59
2025-10-25 08:10:58,032,WAC_006_198_73,0,0.0,15,1.0,0.1728,21.57
2025-10-25 08:21:15,032,WAC_006_198_73,0,0.0,15,1.0,0.1728,21.61
2025-10-25 08:31:18,032,WAC_006_198_73,4,0.007,14,0.993,0.1836,21.6
2025-10-25 08:41:21,032,WAC_006_198_73,0,0.0,15,1.0,0.198,21.59
2025-10-25 08:51:24,032,WAC_006_198_73,5,0.008,14,0.991,0.1908,21.59
2025-10-25 09:01:27,032,WAC_006_198_73,14,0.023,14,0.976,0.1584,21.6
2025-10-25 09:11:29,032,WAC_006_198_73,0,0.0,15,1.0,0.1692,21.6
2025-10-25 09:21:33,032,WAC_006_198_73,1,0.002,14,0.998,0.1656,21.6
2025-10-25 09:31:35,032,WAC_006_198_73,0,0.0,15,1.0,0.1656,21.6
2025-10-25 09:41:38,032,WAC_006_198_73,0,0.0,15,1.0,0.1656,21.58
2025-10-25 09:51:41,032,WAC_006_198_73,0,0.0,15,1.0,0.1656,21.59
2025-10-25 10:01:44,032,WAC_006_198_73,0,0.0,15,1.0,0.1728,21.58
2025-10-25 10:11:47,032,WAC_006_198_73,2,0.003,14,0.996,0.2016,21.6
2025-10-25 10:21:50,032,WAC_006_198_73,0,0.0,15,1.0,0.2124,21.6
2025-10-25 10:31:53,032,WAC_006_198_73,7,0.012,13,0.987,0.2016,21.63
2025-10-25 10:41:56,032,WAC_006_198_73,6,0.01,14,0.989,0.2124,21.68
2025-10-25 10:51:59,032,WAC_006_198_73,152,0.253,5,0.568,0.1584,21.75
2025-10-25 11:02:02,032,WAC_006_198_73,5,0.008,13,0.99,0.1692,21.83
2025-10-25 11:12:05,032,WAC_006_198_73,3,0.005,14,0.995,0.144,21.85
2025-10-25 11:22:08,032,WAC_006_198_73,0,0.0,15,1.0,0.1368,21.86
2025-10-25 11:32:11,032,WAC_006_198_73,0,0.0,15,1.0,0.1368,21.85
2025-10-25 11:42:14,032,WAC_006_198_73,0,0.0,15,1.0,0.1368,21.83
2025-10-25 11:52:17,032,WAC_006_198_73,0,0.0,15,1.0,0.1368,21.8
2025-10-25 12:02:20,032,WAC_006_198_73,0,0.0,15,1.0,0.1368,21.76
2025-10-25 12:12:23,032,WAC_006_198_73,0,0.0,15,1.0,0.1368,21.74
2025-10-25 12:22:35,032,WAC_006_198_73,0,0.0,15,1.0,0.1368,21.72
2025-10-25 12:32:38,032,WAC_006_198_73,0,0.0,15,1.0,0.1404,21.71
2025-10-25 12:42:41,032,WAC_006_198_73,0,0.0,15,1.0,0.1404,21.68
2025-10-25 12:52:44,032,WAC_006_198_73,6,0.01,14,0.989,0.1368,21.69
2025-10-25 13:02:48,032,WAC_006_198_73,0,0.0,15,1.0,0.1692,21.7
2025-10-25 13:12:50,032,WAC_006_198_73,0,0.0,15,1.0,0.1656,21.7
2025-10-25 13:22:53,032,WAC_006_198_73,0,0.0,15,1.0,0.1692,21.69
2025-10-25 13:32:56,032,WAC_006_198_73,0,0.0,15,1.0,0.1368,21.67
2025-10-25 13:42:59,032,WAC_006_198_73,0,0.0,15,1.0,0.1404,21.66
2025-10-25 13:53:02,032,WAC_006_198_73,0,0.0,15,1.0,0.1584,21.63
2025-10-25 14:03:04,032,WAC_006_198_73,0,0.0,15,1.0,0.1584,21.61
2025-10-25 14:13:08,032,WAC_006_198_73,0,0.0,15,1.0,0.1584,21.59
2025-10-25 14:23:11,032,WAC_006_198_73,0,0.0,15,1.0,0.1584,21.59
2025-10-25 14:33:14,032,WAC_006_198_73,0,0.0,15,1.0,0.1692,21.59
2025-10-25 14:43:16,032,WAC_006_198_73,1,0.002,14,0.998,0.1584,21.58
2025-10-25 14:53:19,032,WAC_006_198_73,1,0.002,14,0.998,0.1692,21.58
2025-10-25 15:03:22,032,WAC_006_198_73,0,0.0,15,1.0,0.1692,21.58
2025-10-25 15:13:25,032,WAC_006_198_73,0,0.0,15,1.0,0.1368,21.55
2025-10-25 15:23:28,032,WAC_006_198_73,29,0.048,11,0.938,0.1584,21.56
2025-10-25 15:33:31,032,WAC_006_198_73,59,0.098,10,0.871,0.1512,21.56
2025-10-25 15:43:34,032,WAC_006_198_73,77,0.128,8,0.806,0.1296,21.59
2025-10-25 15:53:37,032,WAC_006_198_73,178,0.296,4,0.473,0.1368,21.61
2025-10-25 16:03:40,032,WAC_006_198_73,13,0.022,12,0.974,0.144,21.6
2025-10-25 16:13:43,032,WAC_006_198_73,0,0.0,15,1.0,0.144,21.6
2025-10-25 16:23:56,032,WAC_006_198_73,0,0.0,15,1.0,0.144,21.6
2025-10-25 16:33:59,032,WAC_006_198_73,0,0.0,15,1.0,0.144,21.56
2025-10-25 16:44:01,032,WAC_006_198_73,6,0.01,13,0.989,0.144,21.55
2025-10-25 16:54:04,032,WAC_006_198_73,3,0.005,14,0.995,0.144,21.55
2025-10-25 17:04:07,032,WAC_006_198_73,2,0.003,15,0.997,0.144,21.56
2025-10-25 17:14:10,032,WAC_006_198_73,29,0.048,8,0.917,0.1512,21.57
2025-10-25 17:24:12,032,WAC_006_198_73,24,0.04,8,0.93,0.1512,21.61
2025-10-25 17:34:15,032,WAC_006_198_73,64,0.107,8,0.833,0.1584,21.64
2025-10-25 17:44:18,032,WAC_006_198_73,13,0.022,13,0.976,0.1692,21.66
2025-10-25 17:54:21,032,WAC_006_198_73,43,0.071,10,0.903,0.1656,21.66
2025-10-25 18:04:24,032,WAC_006_198_73,51,0.085,9,0.876,0.0,21.66
2025-10-25 18:14:27,032,WAC_006_198_73,108,0.179,6,0.69,0.0,21.69
2025-10-25 18:24:30,032,WAC_006_198_73,106,0.176,7,0.725,0.0,21.73
2025-10-25 18:34:33,032,WAC_006_198_73,106,0.176,9,0.773,0.0,21.75
2025-10-25 18:44:36,032,WAC_006_198_73,137,0.228,6,0.637,0.0,21.77
2025-10-25 18:54:39,032,WAC_006_198_73,5,0.008,15,0.992,0.0,21.75
2025-10-25 19:04:42,032,WAC_006_198_73,66,0.11,11,0.87,0.0,21.75
2025-10-25 19:14:45,032,WAC_006_198_73,254,0.422,3,0.321,0.0,21.83
2025-10-25 19:24:48,032,WAC_006_198_73,120,0.2,10,0.769,0.0,21.85
2025-10-25 19:34:52,032,WAC_006_198_73,152,0.253,7,0.648,0.0,21.84
2025-10-25 19:44:54,032,WAC_006_198_73,224,0.373,2,0.263,0.0,21.86
2025-10-25 19:54:57,032,WAC_006_198_73,158,0.263,1,0.202,0.0,21.85
2025-10-25 20:05:00,032,WAC_006_198_73,7,0.012,13,0.987,0.0,21.82
2025-10-25 20:15:04,032,WAC_006_198_73,0,0.0,15,1.0,0.0,21.78
2025-10-25 20:25:23,032,WAC_006_198_73,0,0.0,15,1.0,0.0,21.79
2025-10-25 20:35:26,032,WAC_006_198_73,5,0.008,14,0.991,0.0,21.76
2025-10-25 20:45:31,032,WAC_006_198_73,38,0.063,10,0.913,0.0,21.74
2025-10-25 20:55:33,032,WAC_006_198_73,49,0.082,7,0.851,0.0,21.75
2025-10-25 21:05:36,032,WAC_006_198_73,26,0.043,13,0.952,0.0,21.78
2025-10-25 21:15:39,032,WAC_006_198_73,89,0.148,10,0.818,0.0,21.77
2025-10-25 21:25:42,032,WAC_006_198_73,37,0.061,13,0.934,0.0,21.76
2025-10-25 21:35:45,032,WAC_006_198_73,203,0.338,6,0.542,0.0,21.8
2025-10-25 21:45:48,032,WAC_006_198_73,0,0.0,15,1.0,0.0,21.76
2025-10-25 21:55:50,032,WAC_006_198_73,106,0.176,9,0.773,0.0,21.76
2025-10-25 22:05:53,032,WAC_006_198_73,22,0.037,12,0.956,0.0,21.78
2025-10-25 22:15:56,032,WAC_006_198_73,2,0.003,15,0.997,0.0,21.79
2025-10-25 22:25:59,032,WAC_006_198_73,0,0.0,15,1.0,0.0,21.79
2025-10-25 22:36:02,032,WAC_006_198_73,5,0.008,13,0.99,0.0,21.79
2025-10-25 22:46:05,032,WAC_006_198_73,6,0.01,14,0.989,0.0,21.78
2025-10-25 22:56:07,032,WAC_006_198_73,37,0.062,11,0.922,0.0,21.77
2025-10-25 23:06:10,032,WAC_006_198_73,147,0.245,6,0.62,0.0,21.78
2025-10-25 23:16:13,032,WAC_006_198_73,84,0.14,12,0.851,0.0,21.74
2025-10-25 23:26:16,032,WAC_006_198_73,208,0.346,3,0.366,0.0,21.79
2025-10-25 23:36:19,032,WAC_006_198_73,41,0.068,12,0.921,0.0,21.77
2025-10-25 23:46:21,032,WAC_006_198_73,114,0.19,10,0.778,0.0,21.77
2025-10-25 23:56:25,032,WAC_006_198_73,101,0.168,10,0.798,0.0,21.75
2025-10-26 00:06:28,032,WAC_006_198_73,0,0.0,15,1.0,0.0,21.72
2025-10-26 00:16:31,032,WAC_006_198_73,185,0.308,6,0.565,0.0,21.73
2025-10-26 00:26:45,032,WAC_006_198_73,111,0.185,7,0.716,0.0,21.77
2025-10-26 00:36:48,032,WAC_006_198_73,0,0.0,15,1.0,0.0,21.76
2025-10-26 00:46:51,032,WAC_006_198_73,19,0.032,13,0.965,0.0,21.74
2025-10-26 00:56:54,032,WAC_006_198_73,0,0.0,15,1.0,0.0,21.72
2025-10-26 01:06:57,032,WAC_006_198_73,5,0.008,14,0.991,0.0,21.71
2025-10-26 01:17:00,032,WAC_006_198_73,0,0.0,15,1.0,0.0,21.7
2025-10-26 01:27:03,032,WAC_006_198_73,48,0.08,13,0.915,0.0,21.7
2025-10-26 01:37:06,032,WAC_006_198_73,108,0.18,6,0.69,0.0,21.72
2025-10-26 01:47:08,032,WAC_006_198_73,88,0.146,9,0.804,0.0,21.73
2025-10-26 01:57:11,032,WAC_006_198_73,108,0.18,6,0.69,0.0,21.75
2025-10-26 02:07:14,032,WAC_006_198_73,26,0.043,14,0.956,0.0,21.71
2025-10-26 02:17:17,032,WAC_006_198_73,70,0.116,10,0.851,0.0,21.72
2025-10-26 02:27:20,032,WAC_006_198_73,108,0.18,11,0.803,0.0,21.7
2025-10-26 02:37:22,032,WAC_006_198_73,168,0.28,4,0.488,0.0,21.73
2025-10-26 02:47:25,032,WAC_006_198_73,11,0.018,14,0.981,0.0,21.74
2025-10-26 02:57:28,032,WAC_006_198_73,11,0.018,14,0.981,0.0,21.74
2025-10-26 03:07:31,032,WAC_006_198_73,12,0.02,14,0.979,0.0,21.73
2025-10-26 03:17:34,032,WAC_006_198_73,3,0.005,14,0.995,0.0,21.71
2025-10-26 03:27:38,032,WAC_006_198_73,11,0.018,13,0.979,0.0,21.69
2025-10-26 03:37:41,032,WAC_006_198_73,4,0.007,13,0.992,0.0,21.69
2025-10-26 03:47:44,032,WAC_006_198_73,31,0.051,13,0.944,0.0,21.69
2025-10-26 03:57:48,032,WAC_006_198_73,190,0.316,4,0.457,0.0,21.7
2025-10-26 04:07:51,032,WAC_006_198_73,46,0.077,12,0.913,0.0,21.69
2025-10-26 04:17:54,032,WAC_006_198_73,54,0.09,13,0.906,0.0,21.66
2025-10-26 04:28:08,032,WAC_006_198_73,53,0.088,12,0.901,0.0,21.69
2025-10-26 04:38:11,032,WAC_006_198_73,43,0.071,12,0.918,0.0,21.69
2025-10-26 04:48:14,032,WAC_006_198_73,189,0.314,4,0.458,0.0,21.71
2025-10-26 04:58:16,032,WAC_006_198_73,150,0.25,9,0.706,0.0,21.71
2025-10-26 05:08:19,032,WAC_006_198_73,90,0.15,9,0.8,0.0,21.72
2025-10-26 05:18:22,032,WAC_006_198_73,32,0.053,13,0.942,0.0,21.68
2025-10-26 05:28:25,032,WAC_006_198_73,9,0.015,13,0.983,0.0,21.66
2025-10-26 05:38:29,032,WAC_006_198_73,66,0.11,11,0.87,0.0,21.7
2025-10-26 05:48:32,032,WAC_006_198_73,54,0.09,10,0.881,0.0,21.69
2025-10-26 05:58:35,032,WAC_006_198_73,46,0.077,13,0.919,0.0,21.66
2025-10-26 06:08:39,032,WAC_006_198_73,14,0.023,11,0.969,0.1296,21.71
2025-10-26 06:18:41,032,WAC_006_198_73,36,0.06,11,0.924,0.1584,21.74
2025-10-26 06:28:44,032,WAC_006_198_73,190,0.317,3,0.387,0.072,21.8
2025-10-26 06:38:47,032,WAC_006_198_73,175,0.291,8,0.646,0.0792,21.8
2025-10-26 06:48:50,032,WAC_006_198_73,408,0.679,0,0.0,0.0792,21.87
2025-10-26 06:58:53,032,WAC_006_198_73,209,0.347,7,0.573,0.1404,21.87
2025-10-26 07:08:56,032,WAC_006_198_73,131,0.218,5,0.604,0.216,21.83
2025-10-26 07:19:00,032,WAC_006_198_73,191,0.318,5,0.512,0.1368,21.87
2025-10-26 07:29:02,032,WAC_006_198_73,196,0.326,3,0.38,0.1944,21.85
2025-10-26 07:39:06,032,WAC_006_198_73,1,0.002,14,0.998,0.2052,21.82
2025-10-26 07:49:09,032,WAC_006_198_73,0,0.0,15,1.0,0.1944,21.8
2025-10-26 07:59:12,032,WAC_006_198_73,0,0.0,15,1.0,0.1944,21.76
2025-10-26 08:09:15,032,WAC_006_198_73,0,0.0,15,1.0,0.1944,21.73
2025-10-26 08:19:18,032,WAC_006_198_73,0,0.0,15,1.0,0.1944,21.7
2025-10-26 08:29:38,032,WAC_006_198_73,21,0.035,13,0.961,0.1944,21.72
2025-10-26 08:39:41,032,WAC_006_198_73,27,0.045,12,0.947,0.2016,21.71
2025-10-26 08:49:43,032,WAC_006_198_73,3,0.005,14,0.995,0.2016,21.68
2025-10-26 08:59:46,032,WAC_006_198_73,0,0.0,15,1.0,0.2016,21.67
2025-10-26 09:09:50,032,WAC_006_198_73,0,0.0,15,1.0,0.2016,21.65
2025-10-26 09:19:53,032,WAC_006_198_73,0,0.0,15,1.0,0.2016,21.65
2025-10-26 09:29:55,032,WAC_006_198_73,1,0.002,14,0.998,0.1944,21.65
2025-10-26 09:39:58,032,WAC_006_198_73,1,0.002,14,0.998,0.2016,21.67
2025-10-26 09:50:01,032,WAC_006_198_73,2,0.003,15,0.997,0.2016,21.66
2025-10-26 10:00:04,032,WAC_006_198_73,59,0.098,10,0.871,0.1512,21.69
2025-10-26 10:10:07,032,WAC_006_198_73,130,0.216,7,0.683,0.1368,21.73
2025-10-26 10:20:11,032,WAC_006_198_73,6,0.01,14,0.989,0.1368,21.73
2025-10-26 10:30:13,032,WAC_006_198_73,0,0.0,15,1.0,0.1368,21.72
2025-10-26 10:40:16,032,WAC_006_198_73,0,0.0,15,1.0,0.1368,21.71
2025-10-26 10:50:19,032,WAC_006_198_73,4,0.007,14,0.993,0.1368,21.72
2025-10-26 11:00:22,032,WAC_006_198_73,0,0.0,15,1.0,0.108,21.72
2025-10-26 11:10:25,032,WAC_006_198_73,11,0.018,13,0.979,0.108,21.7
2025-10-26 11:20:27,032,WAC_006_198_73,0,0.0,15,1.0,0.108,21.69
2025-10-26 11:30:31,032,WAC_006_198_73,0,0.0,15,1.0,0.108,21.66
2025-10-26 11:40:34,032,WAC_006_198_73,8,0.013,14,0.986,0.108,21.66
2025-10-26 11:50:38,032,WAC_006_198_73,8,0.013,13,0.985,0.108,21.67
2025-10-26 12:00:41,032,WAC_006_198_73,1,0.002,14,0.998,0.108,21.66
2025-10-26 12:10:45,032,WAC_006_198_73,0,0.0,15,1.0,0.108,21.66
2025-10-26 12:20:48,032,WAC_006_198_73,5,0.008,14,0.991,0.108,21.65
2025-10-26 12:31:00,032,WAC_006_198_73,0,0.0,15,1.0,0.108,21.66
2025-10-26 12:41:02,032,WAC_006_198_73,0,0.0,15,1.0,0.108,21.65
2025-10-26 12:51:05,032,WAC_006_198_73,22,0.037,12,0.956,0.1188,21.65
2025-10-26 13:01:09,032,WAC_006_198_73,12,0.02,13,0.977,0.1152,21.65
2025-10-26 13:11:12,032,WAC_006_198_73,1,0.002,14,0.998,0.1188,21.66
2025-10-26 13:21:15,032,WAC_006_198_73,0,0.0,15,1.0,0.1152,21.65
2025-10-26 13:31:18,032,WAC_006_198_73,0,0.0,15,1.0,0.1152,21.63
2025-10-26 13:41:21,032,WAC_006_198_73,0,0.0,15,1.0,0.1152,21.62
2025-10-26 13:51:24,032,WAC_006_198_73,23,0.038,12,0.954,0.108,21.63
2025-10-26 14:01:27,032,WAC_006_198_73,4,0.007,14,0.993,0.1188,21.62
2025-10-26 14:11:30,032,WAC_006_198_73,0,0.0,15,1.0,0.1152,21.62
2025-10-26 14:21:33,032,WAC_006_198_73,9,0.015,13,0.983,0.1476,21.62
2025-10-26 14:31:36,032,WAC_006_198_73,1,0.002,14,0.998,0.1368,21.62
2025-10-26 14:41:39,032,WAC_006_198_73,2,0.003,13,0.996,0.1476,21.63
2025-10-26 14:51:43,032,WAC_006_198_73,16,0.027,11,0.965,0.1476,21.65
2025-10-26 15:01:46,032,WAC_006_198_73,2,0.003,14,0.996,0.1476,21.65
2025-10-26 15:11:49,032,WAC_006_198_73,0,0.0,15,1.0,0.1476,21.64
2025-10-26 15:21:52,032,WAC_006_198_73,14,0.023,11,0.969,0.1368,21.64
2025-10-26 15:31:55,032,WAC_006_198_73,56,0.093,8,0.851,0.1512,21.66
2025-10-26 15:41:59,032,WAC_006_198_73,0,0.0,15,1.0,0.1332,21.66
2025-10-26 15:52:01,032,WAC_006_198_73,0,0.0,15,1.0,0.1512,21.67
2025-10-26 16:02:04,032,WAC_006_198_73,67,0.111,11,0.868,0.1368,21.71
2025-10-26 16:12:07,032,WAC_006_198_73,53,0.088,11,0.892,0.1548,21.7
2025-10-26 16:22:10,032,WAC_006_198_73,295,0.49,1,0.119,0.1584,21.77
2025-10-26 16:32:28,032,WAC_006_198_73,54,0.09,8,0.856,0.1656,21.83
2025-10-26 16:42:31,032,WAC_006_198_73,6,0.01,15,0.99,0.1692,21.81
2025-10-26 16:52:34,032,WAC_006_198_73,1,0.002,14,0.998,0.1656,21.8
2025-10-26 17:02:37,032,WAC_006_198_73,3,0.005,15,0.995,0.1656,21.79
2025-10-26 17:12:40,032,WAC_006_198_73,5,0.008,14,0.991,0.1656,21.79
2025-10-26 17:22:42,032,WAC_006_198_73,1,0.002,14,0.998,0.1656,21.79
2025-10-26 17:32:45,032,WAC_006_198_73,1,0.002,14,0.998,0.1656,21.79
2025-10-26 17:42:49,032,WAC_006_198_73,19,0.032,13,0.965,0.1656,21.79
2025-10-26 17:52:52,032,WAC_006_198_73,61,0.101,8,0.84,0.1764,21.8
2025-10-26 18:02:55,032,WAC_006_198_73,38,0.063,12,0.927,0.0,21.78
2025-10-26 18:12:57,032,WAC_006_198_73,114,0.19,7,0.711,0.0,21.8
2025-10-26 18:23:00,032,WAC_006_198_73,40,0.067,13,0.929,0.0,21.78
2025-10-26 18:33:03,032,WAC_006_198_73,127,0.211,6,0.654,0.0,21.79
2025-10-26 18:43:07,032,WAC_006_198_73,74,0.123,8,0.812,0.0,21.78
2025-10-26 18:53:10,032,WAC_006_198_73,79,0.131,11,0.848,0.0,21.8
2025-10-26 19:03:12,032,WAC_006_198_73,69,0.115,12,0.874,0.0,21.81
2025-10-26 19:13:15,032,WAC_006_198_73,163,0.271,7,0.632,0.0,21.86
2025-10-26 19:23:18,032,WAC_006_198_73,140,0.233,4,0.533,0.0,21.89
2025-10-26 19:33:21,032,WAC_006_198_73,66,0.11,11,0.87,0.0,21.89
2025-10-26 19:43:24,032,WAC_006_198_73,27,0.045,14,0.954,0.0,21.84
2025-10-26 19:53:27,032,WAC_006_198_73,232,0.385,2,0.256,0.0,21.89
2025-10-26 20:03:30,032,WAC_006_198_73,82,0.136,9,0.814,0.0,21.89
2025-10-26 20:13:34,032,WAC_006_198_73,8,0.013,14,0.986,0.0,21.88
2025-10-26 20:23:38,032,WAC_006_198_73,44,0.073,11,0.909,0.0,21.86
2025-10-26 20:33:49,032,WAC_006_198_73,16,0.027,13,0.97,0.0,21.88
2025-10-26 20:43:53,032,WAC_006_198_73,4,0.007,14,0.993,0.0,21.84
2025-10-26 20:53:56,032,WAC_006_198_73,13,0.022,14,0.977,0.0,21.79
2025-10-26 21:03:59,032,WAC_006_198_73,30,0.05,14,0.949,0.0,21.75
2025-10-26 21:14:02,032,WAC_006_198_73,213,0.354,2,0.273,0.0,21.8
2025-10-26 21:24:05,032,WAC_006_198_73,119,0.198,7,0.702,0.0,21.83
2025-10-26 21:34:08,032,WAC_006_198_73,171,0.284,6,0.584,0.0,21.84
2025-10-26 21:44:11,032,WAC_006_198_73,0,0.0,15,1.0,0.0,21.79
2025-10-26 21:54:13,032,WAC_006_198_73,139,0.232,7,0.668,0.0,21.79
2025-10-26 22:04:17,032,WAC_006_198_73,142,0.236,7,0.664,0.0,21.81
2025-10-26 22:14:20,032,WAC_006_198_73,0,0.0,15,1.0,0.0,21.78
2025-10-26 22:24:23,032,WAC_006_198_73,157,0.261,3,0.433,0.0,21.79
2025-10-26 22:34:26,032,WAC_006_198_73,30,0.05,11,0.936,0.0,21.81
2025-10-26 22:44:29,032,WAC_006_198_73,9,0.015,13,0.983,0.0,21.79
2025-10-26 22:54:32,032,WAC_006_198_73,162,0.27,4,0.497,0.0,21.8
2025-10-26 23:04:35,032,WAC_006_198_73,105,0.175,7,0.727,0.0,21.8
2025-10-26 23:14:38,032,WAC_006_198_73,93,0.154,11,0.826,0.0,21.78
2025-10-26 23:24:41,032,WAC_006_198_73,175,0.291,7,0.615,0.0,21.77
2025-10-26 23:34:44,032,WAC_006_198_73,29,0.048,14,0.951,0.0,21.75
2025-10-26 23:44:48,032,WAC_006_198_73,173,0.287,7,0.618,0.0,21.78
2025-10-26 23:54:50,032,WAC_006_198_73,29,0.048,13,0.947,0.0,21.76
2025-10-25 00:04:11,033,WAC_006_198_74,296,0.493,3,0.288,0.0,21.36
2025-10-25 00:14:14,033,WAC_006_198_74,59,0.098,10,0.871,0.0,21.3
2025-10-25 00:24:33,033,WAC_006_198_74,147,0.245,8,0.685,0.0,21.36
2025-10-25 00:34:37,033,WAC_006_198_74,138,0.23,9,0.723,0.0,21.32
2025-10-25 00:44:40,033,WAC_006_198_74,140,0.233,8,0.696,0.0,21.27
2025-10-25 00:54:42,033,WAC_006_198_74,152,0.253,8,0.678,0.0,21.25
2025-10-25 01:04:45,033,WAC_006_198_74,185,0.307,7,0.602,0.0,21.23
2025-10-25 01:14:49,033,WAC_006_198_74,215,0.357,6,0.527,0.0,21.26
2025-10-25 01:24:52,033,WAC_006_198_74,106,0.176,8,0.751,0.0,21.23
2025-10-25 01:34:56,033,WAC_006_198_74,180,0.299,3,0.4,0.0,21.22
2025-10-25 01:45:01,033,WAC_006_198_74,146,0.243,7,0.657,0.0,21.22
2025-10-25 01:55:04,033,WAC_006_198_74,118,0.196,4,0.576,0.0,21.23
2025-10-25 02:05:07,033,WAC_006_198_74,69,0.115,11,0.864,0.0,21.22
2025-10-25 02:15:11,033,WAC_006_198_74,78,0.13,8,0.804,0.0,21.22
2025-10-25 02:25:14,033,WAC_006_198_74,153,0.255,4,0.511,0.0,21.23
2025-10-25 02:35:17,033,WAC_006_198_74,205,0.342,4,0.438,0.0,21.27
2025-10-25 02:45:21,033,WAC_006_198_74,214,0.355,2,0.272,0.0,21.26
2025-10-25 02:55:24,033,WAC_006_198_74,98,0.163,7,0.741,0.0,21.22
2025-10-25 03:05:27,033,WAC_006_198_74,155,0.258,3,0.436,0.0,21.21
2025-10-25 03:15:29,033,WAC_006_198_74,73,0.121,9,0.831,0.0,21.18
2025-10-25 03:25:33,033,WAC_006_198_74,102,0.17,7,0.733,0.0,21.19
2025-10-25 03:35:35,033,WAC_006_198_74,123,0.205,4,0.565,0.0,21.16
2025-10-25 03:45:39,033,WAC_006_198_74,145,0.241,5,0.58,0.0,21.14
2025-10-25 03:55:42,033,WAC_006_198_74,1,0.002,14,0.998,0.0,21.1
2025-10-25 04:05:46,033,WAC_006_198_74,0,0.0,15,1.0,0.0,21.05
2025-10-25 04:15:50,033,WAC_006_198_74,0,0.0,15,1.0,0.0,21.01
2025-10-25 04:26:06,033,WAC_006_198_74,0,0.0,15,1.0,0.0,21.0
2025-10-25 04:36:10,033,WAC_006_198_74,0,0.0,15,1.0,0.0,20.98
2025-10-25 04:46:13,033,WAC_006_198_74,0,0.0,15,1.0,0.0,20.95
2025-10-25 04:56:17,033,WAC_006_198_74,0,0.0,15,1.0,0.0,20.94
2025-10-25 05:06:19,033,WAC_006_198_74,20,0.033,13,0.963,0.0,20.95
2025-10-25 05:16:22,033,WAC_006_198_74,28,0.047,10,0.935,0.0,20.96
2025-10-25 05:26:26,033,WAC_006_198_74,1,0.002,14,0.998,0.0,20.96
2025-10-25 05:36:28,033,WAC_006_198_74,0,0.0,15,1.0,0.0,20.96
2025-10-25 05:46:31,033,WAC_006_198_74,2,0.003,14,0.996,0.0,20.96
2025-10-25 05:56:34,033,WAC_006_198_74,28,0.047,11,0.94,0.0,20.99
2025-10-25 06:06:38,033,WAC_006_198_74,109,0.181,4,0.595,0.612,21.03
2025-10-25 06:16:41,033,WAC_006_198_74,21,0.035,12,0.958,0.3888,21.05
2025-10-25 06:26:44,033,WAC_006_198_74,7,0.012,14,0.988,0.4248,21.05
2025-10-25 06:36:48,033,WAC_006_198_74,0,0.0,15,1.0,0.4356,21.06
2025-10-25 06:46:51,033,WAC_006_198_74,2,0.003,14,0.996,0.4392,21.06
2025-10-25 06:56:55,033,WAC_006_198_74,1,0.002,14,0.998,0.4428,21.05
2025-10-25 07:06:58,033,WAC_006_198_74,0,0.0,15,1.0,0.4392,21.05
2025-10-25 07:17:01,033,WAC_006_198_74,3,0.005,14,0.995,0.4104,21.04
2025-10-25 07:27:04,033,WAC_006_198_74,4,0.007,14,0.993,0.45,21.03
2025-10-25 07:37:07,033,WAC_006_198_74,2,0.003,14,0.996,0.4032,21.03
2025-10-25 07:47:10,033,WAC_006_198_74,0,0.0,15,1.0,0.3816,21.02
2025-10-25 07:57:13,033,WAC_006_198_74,0,0.0,15,1.0,0.3888,21.02
2025-10-25 08:07:16,033,WAC_006_198_74,0,0.0,15,1.0,0.4032,21.01
2025-10-25 08:17:19,033,WAC_006_198_74,2,0.003,14,0.996,0.3924,21.02
2025-10-25 08:27:40,033,WAC_006_198_74,1,0.002,14,0.998,0.4032,21.05
2025-10-25 08:37:44,033,WAC_006_198_74,19,0.032,9,0.95,0.3636,21.04
2025-10-25 08:47:47,033,WAC_006_198_74,17,0.028,13,0.968,0.5112,21.05
2025-10-25 08:57:50,033,WAC_006_198_74,86,0.143,8,0.788,0.5832,21.12
2025-10-25 09:07:54,033,WAC_006_198_74,148,0.246,5,0.575,0.36,21.15
2025-10-25 09:17:57,033,WAC_006_198_74,4,0.007,14,0.993,0.4032,21.15
2025-10-25 09:28:00,033,WAC_006_198_74,41,0.068,7,0.872,0.4068,21.15
2025-10-25 09:38:04,033,WAC_006_198_74,5,0.008,13,0.99,0.3888,21.14
2025-10-25 09:48:06,033,WAC_006_198_74,2,0.003,15,0.997,0.4032,21.12
2025-10-25 09:58:10,033,WAC_006_198_74,3,0.005,14,0.995,0.4536,21.11
2025-10-25 10:08:13,033,WAC_006_198_74,0,0.0,15,1.0,0.4968,21.08
2025-10-25 10:18:16,033,WAC_006_198_74,0,0.0,15,1.0,0.5328,21.07
2025-10-25 10:28:21,033,WAC_006_198_74,13,0.022,11,0.971,0.4608,21.09
2025-10-25 10:38:24,033,WAC_006_198_74,37,0.062,8,0.896,0.6048,21.16
2025-10-25 10:48:28,033,WAC_006_198_74,197,0.327,5,0.504,0.5616,21.25
2025-10-25 10:58:30,033,WAC_006_198_74,194,0.323,6,0.553,0.7056,21.31
2025-10-25 11:08:34,033,WAC_006_198_74,70,0.116,8,0.821,0.4932,21.31
2025-10-25 11:18:37,033,WAC_006_198_74,0,0.0,15,1.0,0.4824,21.31
2025-10-25 11:28:39,033,WAC_006_198_74,0,0.0,15,1.0,0.504,21.27
2025-10-25 11:38:43,033,WAC_006_198_74,0,0.0,15,1.0,0.4896,21.23
2025-10-25 11:48:46,033,WAC_006_198_74,0,0.0,15,1.0,0.4824,21.2
2025-10-25 11:58:48,033,WAC_006_198_74,0,0.0,15,1.0,0.4896,21.17
2025-10-25 12:08:51,033,WAC_006_198_74,0,0.0,15,1.0,0.4968,21.13
2025-10-25 12:18:54,033,WAC_006_198_74,0,0.0,15,1.0,0.4896,21.11
2025-10-25 12:29:14,033,WAC_006_198_74,0,0.0,15,1.0,0.5184,21.12
2025-10-25 12:39:18,033,WAC_006_198_74,0,0.0,15,1.0,0.5112,21.09
2025-10-25 12:49:22,033,WAC_006_198_74,0,0.0,15,1.0,0.5004,21.08
2025-10-25 12:59:25,033,WAC_006_198_74,0,0.0,15,1.0,0.4896,21.07
2025-10-25 13:09:29,033,WAC_006_198_74,5,0.008,13,0.99,0.468,21.07
2025-10-25 13:19:32,033,WAC_006_198_74,21,0.035,10,0.95,0.4536,21.08
2025-10-25 13:29:36,033,WAC_006_198_74,7,0.012,13,0.987,0.4464,21.1
2025-10-25 13:39:40,033,WAC_006_198_74,0,0.0,15,1.0,0.4356,21.08
2025-10-25 13:49:44,033,WAC_006_198_74,1,0.002,14,0.998,0.4608,21.06
2025-10-25 13:59:48,033,WAC_006_198_74,6,0.01,14,0.989,0.5004,21.04
2025-10-25 14:09:52,033,WAC_006_198_74,170,0.282,4,0.485,0.576,21.06
2025-10-25 14:19:54,033,WAC_006_198_74,19,0.032,13,0.965,0.4968,21.07
2025-10-25 14:29:58,033,WAC_006_198_74,184,0.306,4,0.465,0.5688,21.1
2025-10-25 14:40:02,033,WAC_006_198_74,29,0.048,12,0.943,0.5688,21.09
2025-10-25 14:50:05,033,WAC_006_198_74,0,0.0,15,1.0,0.5688,21.06
2025-10-25 15:00:09,033,WAC_006_198_74,0,0.0,15,1.0,0.5688,21.04
2025-10-25 15:10:13,033,WAC_006_198_74,0,0.0,15,1.0,0.5328,21.0
2025-10-25 15:20:16,033,WAC_006_198_74,0,0.0,15,1.0,0.5796,20.98
2025-10-25 15:30:19,033,WAC_006_198_74,0,0.0,15,1.0,0.5796,20.96
2025-10-25 15:40:23,033,WAC_006_198_74,0,0.0,15,1.0,0.5256,20.94
2025-10-25 15:50:27,033,WAC_006_198_74,0,0.0,15,1.0,0.5256,20.92
2025-10-25 16:00:30,033,WAC_006_198_74,1,0.002,14,0.998,0.5436,20.91
2025-10-25 16:10:33,033,WAC_006_198_74,0,0.0,15,1.0,0.54,20.93
2025-10-25 16:20:36,033,WAC_006_198_74,0,0.0,15,1.0,0.5364,20.9
2025-10-25 16:30:49,033,WAC_006_198_74,0,0.0,15,1.0,0.5256,20.93
2025-10-25 16:40:52,033,WAC_006_198_74,9,0.015,14,0.984,0.504,20.94
2025-10-25 16:50:54,033,WAC_006_198_74,27,0.045,11,0.942,0.5328,20.98
2025-10-25 17:00:58,033,WAC_006_198_74,0,0.0,15,1.0,0.5328,20.99
2025-10-25 17:11:02,033,WAC_006_198_74,0,0.0,15,1.0,0.5328,21.0
2025-10-25 17:21:05,033,WAC_006_198_74,0,0.0,15,1.0,0.5328,20.99
2025-10-25 17:31:07,033,WAC_006_198_74,0,0.0,15,1.0,0.5328,21.0
2025-10-25 17:41:11,033,WAC_006_198_74,3,0.005,13,0.994,0.5328,21.0
2025-10-25 17:51:13,033,WAC_006_198_74,7,0.012,13,0.987,0.5328,21.02
2025-10-25 18:01:15,033,WAC_006_198_74,31,0.052,13,0.944,0.0,21.04
2025-10-25 18:11:19,033,WAC_006_198_74,163,0.271,5,0.551,0.0,21.1
2025-10-25 18:21:22,033,WAC_006_198_74,140,0.233,5,0.588,0.0,21.15
2025-10-25 18:31:25,033,WAC_006_198_74,115,0.191,7,0.709,0.0,21.18
2025-10-25 18:41:29,033,WAC_006_198_74,139,0.231,6,0.633,0.0,21.22
2025-10-25 18:51:32,033,WAC_006_198_74,46,0.076,9,0.887,0.0,21.24
2025-10-25 19:01:37,033,WAC_006_198_74,110,0.183,5,0.645,0.0,21.23
2025-10-25 19:11:39,033,WAC_006_198_74,124,0.206,8,0.721,0.0,21.24
2025-10-25 19:21:43,033,WAC_006_198_74,179,0.298,4,0.472,0.0,21.25
2025-10-25 19:31:47,033,WAC_006_198_74,24,0.04,14,0.959,0.0,21.23
2025-10-25 19:41:49,033,WAC_006_198_74,101,0.168,10,0.798,0.0,21.26
2025-10-25 19:51:54,033,WAC_006_198_74,56,0.093,12,0.896,0.0,21.25
2025-10-25 20:01:57,033,WAC_006_198_74,243,0.404,3,0.331,0.0,21.32
2025-10-25 20:12:00,033,WAC_006_198_74,114,0.19,6,0.678,0.0,21.32
2025-10-25 20:22:04,033,WAC_006_198_74,58,0.096,10,0.873,0.0,21.3
2025-10-25 20:32:29,033,WAC_006_198_74,24,0.04,13,0.956,0.0,21.33
2025-10-25 20:42:33,033,WAC_006_198_74,25,0.042,12,0.95,0.0,21.33
2025-10-25 20:52:35,033,WAC_006_198_74,26,0.043,13,0.952,0.0,21.35
2025-10-25 21:02:37,033,WAC_006_198_74,49,0.082,11,0.9,0.0,21.31
2025-10-25 21:12:41,033,WAC_006_198_74,297,0.493,0,0.0,0.0,21.35
2025-10-25 21:22:44,033,WAC_006_198_74,292,0.486,1,0.12,0.0,21.37
2025-10-25 21:32:47,033,WAC_006_198_74,169,0.281,5,0.542,0.0,21.35
2025-10-25 21:42:51,033,WAC_006_198_74,2,0.003,14,0.996,0.0,21.38
2025-10-25 21:52:55,033,WAC_006_198_74,28,0.047,12,0.945,0.0,21.38
2025-10-25 22:02:59,033,WAC_006_198_74,11,0.018,12,0.978,0.0,21.34
2025-10-25 22:13:02,033,WAC_006_198_74,8,0.013,14,0.986,0.0,21.33
2025-10-25 22:23:04,033,WAC_006_198_74,8,0.013,13,0.985,0.0,21.32
2025-10-25 22:33:06,033,WAC_006_198_74,68,0.113,9,0.841,0.0,21.29
2025-10-25 22:43:09,033,WAC_006_198_74,145,0.241,6,0.623,0.0,21.29
2025-10-25 22:53:12,033,WAC_006_198_74,124,0.206,8,0.721,0.0,21.26
2025-10-25 23:03:15,033,WAC_006_198_74,121,0.201,9,0.748,0.0,21.26
2025-10-25 23:13:18,033,WAC_006_198_74,119,0.198,9,0.752,0.0,21.27
2025-10-25 23:23:21,033,WAC_006_198_74,113,0.188,8,0.739,0.0,21.26
2025-10-25 23:33:24,033,WAC_006_198_74,67,0.111,9,0.843,0.0,21.26
2025-10-25 23:43:26,033,WAC_006_198_74,186,0.31,7,0.601,0.0,21.26
2025-10-25 23:53:31,033,WAC_006_198_74,156,0.259,7,0.642,0.0,21.28
2025-10-26 00:03:33,033,WAC_006_198_74,142,0.237,7,0.664,0.0,21.27
2025-10-26 00:13:35,033,WAC_006_198_74,121,0.201,9,0.748,0.0,21.25
2025-10-26 00:23:39,033,WAC_006_198_74,143,0.238,9,0.716,0.0,21.25
2025-10-26 00:34:06,033,WAC_006_198_74,125,0.208,8,0.719,0.0,21.31
2025-10-26 00:44:08,033,WAC_006_198_74,113,0.188,8,0.739,0.0,21.25
2025-10-26 00:54:11,033,WAC_006_198_74,146,0.243,7,0.657,0.0,21.24
2025-10-26 01:04:14,033,WAC_006_198_74,178,0.296,6,0.574,0.0,21.32
2025-10-26 01:14:17,033,WAC_006_198_74,3,0.005,15,0.995,0.0,21.28
2025-10-26 01:24:20,033,WAC_006_198_74,153,0.255,8,0.677,0.0,21.25
2025-10-26 01:34:24,033,WAC_006_198_74,421,0.699,0,0.0,0.0,21.23
2025-10-26 01:44:27,033,WAC_006_198_74,46,0.077,10,0.897,0.0,21.17
2025-10-26 01:54:30,033,WAC_006_198_74,0,0.0,15,1.0,0.0,21.14
2025-10-26 02:04:34,033,WAC_006_198_74,9,0.015,13,0.983,0.0,21.1
2025-10-26 02:14:38,033,WAC_006_198_74,97,0.161,10,0.805,0.0,21.1
2025-10-26 02:24:40,033,WAC_006_198_74,105,0.175,10,0.792,0.0,21.12
2025-10-26 02:34:44,033,WAC_006_198_74,54,0.09,5,0.787,0.0,21.13
2025-10-26 02:44:46,033,WAC_006_198_74,13,0.022,13,0.976,0.0,21.14
2025-10-26 02:54:49,033,WAC_006_198_74,15,0.025,13,0.972,0.0,21.14
2025-10-26 03:04:53,033,WAC_006_198_74,21,0.035,12,0.958,0.0,21.12
2025-10-26 03:14:55,033,WAC_006_198_74,110,0.183,5,0.645,0.0,21.14
2025-10-26 03:24:59,033,WAC_006_198_74,187,0.311,4,0.461,0.0,21.14
2025-10-26 03:35:03,033,WAC_006_198_74,34,0.056,13,0.939,0.0,21.12
2025-10-26 03:45:06,033,WAC_006_198_74,170,0.282,6,0.585,0.0,21.14
2025-10-26 03:55:10,033,WAC_006_198_74,302,0.502,2,0.209,0.0,21.17
2025-10-26 04:05:13,033,WAC_006_198_74,6,0.01,14,0.989,0.0,21.15
2025-10-26 04:15:16,033,WAC_006_198_74,196,0.326,6,0.55,0.0,21.18
2025-10-26 04:25:19,033,WAC_006_198_74,290,0.483,2,0.216,0.0,21.19
2025-10-26 04:35:30,033,WAC_006_198_74,8,0.013,14,0.986,0.0,21.21
2025-10-26 04:45:33,033,WAC_006_198_74,16,0.027,14,0.972,0.0,21.17
2025-10-26 04:55:36,033,WAC_006_198_74,7,0.012,13,0.987,0.0,21.13
2025-10-26 05:05:40,033,WAC_006_198_74,5,0.008,14,0.991,0.0,21.11
2025-10-26 05:15:45,033,WAC_006_198_74,66,0.109,8,0.829,0.0,21.09
2025-10-26 05:25:48,033,WAC_006_198_74,56,0.093,12,0.896,0.0,21.09
2025-10-26 05:35:51,033,WAC_006_198_74,79,0.131,10,0.835,0.0,21.12
2025-10-26 05:45:54,033,WAC_006_198_74,386,0.642,1,0.094,0.0,21.14
2025-10-26 05:55:57,033,WAC_006_198_74,270,0.45,0,0.0,0.0,21.16
2025-10-26 06:05:59,033,WAC_006_198_74,314,0.522,1,0.113,0.6408,21.2
2025-10-26 06:16:02,033,WAC_006_198_74,274,0.457,5,0.422,0.378,21.18
2025-10-26 06:26:05,033,WAC_006_198_74,90,0.15,6,0.727,0.4104,21.16
2025-10-26 06:36:09,033,WAC_006_198_74,199,0.331,3,0.376,0.3996,21.13
2025-10-26 06:46:13,033,WAC_006_198_74,1,0.002,14,0.998,0.3888,21.09
2025-10-26 06:56:15,033,WAC_006_198_74,4,0.007,14,0.993,0.3888,21.07
2025-10-26 07:06:19,033,WAC_006_198_74,4,0.007,14,0.993,0.3888,21.06
2025-10-26 07:16:22,033,WAC_006_198_74,0,0.0,15,1.0,0.3888,21.04
2025-10-26 07:26:26,033,WAC_006_198_74,0,0.0,15,1.0,0.3996,21.03
2025-10-26 07:36:30,033,WAC_006_198_74,0,0.0,15,1.0,0.3996,21.02
2025-10-26 07:46:34,033,WAC_006_198_74,3,0.005,15,0.995,0.3996,21.03
2025-10-26 07:56:36,033,WAC_006_198_74,0,0.0,15,1.0,0.3996,21.02
2025-10-26 08:06:39,033,WAC_006_198_74,0,0.0,15,1.0,0.396,21.02
2025-10-26 08:16:42,033,WAC_006_198_74,0,0.0,15,1.0,0.396,21.02
2025-10-26 08:26:46,033,WAC_006_198_74,0,0.0,15,1.0,0.396,21.02
2025-10-26 08:37:06,033,WAC_006_198_74,1,0.002,14,0.998,0.396,21.05
2025-10-26 08:47:09,033,WAC_006_198_74,26,0.043,10,0.939,0.3924,21.06
2025-10-26 08:57:11,033,WAC_006_198_74,31,0.052,11,0.934,0.3924,21.09
2025-10-26 09:07:14,033,WAC_006_198_74,59,0.098,6,0.803,0.3852,21.11
2025-10-26 09:17:18,033,WAC_006_198_74,89,0.148,7,0.759,0.3888,21.13
2025-10-26 09:27:21,033,WAC_006_198_74,139,0.231,7,0.668,0.3168,21.13
2025-10-26 09:37:24,033,WAC_006_198_74,20,0.033,12,0.96,0.3168,21.16
2025-10-26 09:47:27,033,WAC_006_198_74,1,0.002,14,0.998,0.3168,21.15
2025-10-26 09:57:30,033,WAC_006_198_74,2,0.003,14,0.996,0.3456,21.16
2025-10-26 10:07:34,033,WAC_006_198_74,90,0.15,9,0.8,0.3384,21.17
2025-10-26 10:17:37,033,WAC_006_198_74,0,0.0,15,1.0,0.3492,21.17
2025-10-26 10:27:42,033,WAC_006_198_74,3,0.005,14,0.995,0.3492,21.16
2025-10-26 10:37:46,033,WAC_006_198_74,0,0.0,15,1.0,0.3492,21.16
2025-10-26 10:47:49,033,WAC_006_198_74,0,0.0,15,1.0,0.3492,21.15
2025-10-26 10:57:53,033,WAC_006_198_74,0,0.0,15,1.0,0.3096,21.13
2025-10-26 11:07:57,033,WAC_006_198_74,1,0.002,15,0.998,0.3096,21.12
2025-10-26 11:18:00,033,WAC_006_198_74,0,0.0,15,1.0,0.3096,21.11
2025-10-26 11:28:03,033,WAC_006_198_74,13,0.022,12,0.974,0.3096,21.11
2025-10-26 11:38:07,033,WAC_006_198_74,17,0.028,11,0.963,0.3096,21.12
2025-10-26 11:48:10,033,WAC_006_198_74,0,0.0,15,1.0,0.3096,21.09
2025-10-26 11:58:13,033,WAC_006_198_74,3,0.005,14,0.995,0.3132,21.08
2025-10-26 12:08:16,033,WAC_006_198_74,0,0.0,15,1.0,0.3132,21.07
2025-10-26 12:18:19,033,WAC_006_198_74,0,0.0,15,1.0,0.3132,21.03
2025-10-26 12:28:24,033,WAC_006_198_74,0,0.0,15,1.0,0.3024,21.01
2025-10-26 12:38:44,033,WAC_006_198_74,5,0.008,13,0.99,0.3276,21.03
2025-10-26 12:48:47,033,WAC_006_198_74,0,0.0,15,1.0,0.3168,20.99
2025-10-26 12:58:50,033,WAC_006_198_74,0,0.0,15,1.0,0.3168,20.98
2025-10-26 13:08:53,033,WAC_006_198_74,0,0.0,15,1.0,0.3168,20.96
2025-10-26 13:18:56,033,WAC_006_198_74,2,0.003,14,0.996,0.3096,20.96
2025-10-26 13:28:59,033,WAC_006_198_74,2,0.003,15,0.997,0.3024,20.96
2025-10-26 13:39:02,033,WAC_006_198_74,32,0.053,11,0.932,0.3276,20.97
2025-10-26 13:49:06,033,WAC_006_198_74,78,0.13,7,0.782,0.3024,21.0
2025-10-26 13:59:09,033,WAC_006_198_74,19,0.032,14,0.967,0.3168,21.01
2025-10-26 14:09:11,033,WAC_006_198_74,211,0.352,8,0.603,0.3384,21.03
2025-10-26 14:19:14,033,WAC_006_198_74,403,0.671,0,0.0,0.4032,21.12
2025-10-26 14:29:18,033,WAC_006_198_74,217,0.361,4,0.424,0.4968,21.22
2025-10-26 14:39:21,033,WAC_006_198_74,2,0.003,14,0.996,0.504,21.25
2025-10-26 14:49:25,033,WAC_006_198_74,5,0.008,14,0.991,0.504,21.25
2025-10-26 14:59:28,033,WAC_006_198_74,3,0.005,14,0.995,0.504,21.23
2025-10-26 15:09:32,033,WAC_006_198_74,1,0.002,14,0.998,0.5076,21.22
2025-10-26 15:19:35,033,WAC_006_198_74,0,0.0,15,1.0,0.5076,21.22
2025-10-26 15:29:38,033,WAC_006_198_74,0,0.0,15,1.0,0.5112,21.23
2025-10-26 15:39:42,033,WAC_006_198_74,1,0.002,14,0.998,0.5076,21.21
2025-10-26 15:49:45,033,WAC_006_198_74,9,0.015,14,0.984,0.4752,21.18
2025-10-26 15:59:49,033,WAC_006_198_74,93,0.154,6,0.721,0.4752,21.2
2025-10-26 16:09:52,033,WAC_006_198_74,25,0.042,12,0.95,0.4824,21.2
2025-10-26 16:19:55,033,WAC_006_198_74,70,0.116,7,0.8,0.486,21.23
2025-10-26 16:29:59,033,WAC_006_198_74,67,0.111,8,0.827,0.4104,21.25
2025-10-26 16:40:13,033,WAC_006_198_74,21,0.035,14,0.964,0.3744,21.2
2025-10-26 16:50:16,033,WAC_006_198_74,118,0.196,9,0.753,0.3816,21.22
2025-10-26 17:00:19,033,WAC_006_198_74,27,0.045,11,0.942,0.3816,21.25
2025-10-26 17:10:22,033,WAC_006_198_74,5,0.008,14,0.991,0.3816,21.26
2025-10-26 17:20:25,033,WAC_006_198_74,8,0.013,14,0.986,0.3852,21.23
2025-10-26 17:30:29,033,WAC_006_198_74,0,0.0,15,1.0,0.3816,21.21
2025-10-26 17:40:33,033,WAC_006_198_74,1,0.002,15,0.998,0.3672,21.18
2025-10-26 17:50:36,033,WAC_006_198_74,66,0.11,10,0.858,0.3672,21.18
2025-10-26 18:00:40,033,WAC_006_198_74,10,0.017,13,0.981,0.0,21.18
2025-10-26 18:10:43,033,WAC_006_198_74,206,0.343,3,0.368,0.0,21.18
2025-10-26 18:20:45,033,WAC_006_198_74,64,0.106,8,0.833,0.0,21.16
2025-10-26 18:30:48,033,WAC_006_198_74,84,0.14,11,0.84,0.0,21.16
2025-10-26 18:40:52,033,WAC_006_198_74,162,0.269,8,0.664,0.0,21.17
2025-10-26 18:50:54,033,WAC_006_198_74,86,0.143,11,0.837,0.0,21.18
2025-10-26 19:00:58,033,WAC_006_198_74,295,0.49,5,0.404,0.0,21.24
2025-10-26 19:11:01,033,WAC_006_198_74,88,0.146,9,0.804,0.0,21.24
2025-10-26 19:21:04,033,WAC_006_198_74,290,0.483,3,0.293,0.0,21.3
2025-10-26 19:31:07,033,WAC_006_198_74,73,0.121,12,0.868,0.0,21.24
2025-10-26 19:41:11,033,WAC_006_198_74,146,0.243,4,0.523,0.0,21.31
2025-10-26 19:51:14,033,WAC_006_198_74,40,0.067,9,0.9,0.0,21.33
2025-10-26 20:01:17,033,WAC_006_198_74,7,0.012,14,0.988,0.0,21.31
2025-10-26 20:11:20,033,WAC_006_198_74,263,0.437,3,0.313,0.0,21.32
2025-10-26 20:21:24,033,WAC_006_198_74,141,0.234,8,0.694,0.0,21.33
2025-10-26 20:31:28,033,WAC_006_198_74,102,0.169,8,0.758,0.0,21.34
2025-10-26 20:41:51,033,WAC_006_198_74,93,0.155,10,0.811,0.0,21.34
2025-10-26 20:51:53,033,WAC_006_198_74,51,0.085,12,0.904,0.0,21.33
2025-10-26 21:01:56,033,WAC_006_198_74,23,0.038,13,0.958,0.0,21.29
2025-10-26 21:11:59,033,WAC_006_198_74,56,0.093,13,0.903,0.0,21.25
2025-10-26 21:22:02,033,WAC_006_198_74,105,0.174,8,0.753,0.0,21.25
2025-10-26 21:32:06,033,WAC_006_198_74,231,0.384,3,0.342,0.0,21.25
2025-10-26 21:42:08,033,WAC_006_198_74,126,0.21,8,0.717,0.0,21.28
2025-10-26 21:52:12,033,WAC_006_198_74,167,0.277,7,0.626,0.0,21.25
2025-10-26 22:02:15,033,WAC_006_198_74,108,0.18,10,0.787,0.0,21.23
2025-10-26 22:12:19,033,WAC_006_198_74,29,0.048,13,0.947,0.0,21.19
2025-10-26 22:22:22,033,WAC_006_198_74,153,0.255,6,0.611,0.0,21.24
2025-10-26 22:32:23,033,WAC_006_198_74,118,0.197,8,0.731,0.0,21.29
2025-10-26 22:42:26,033,WAC_006_198_74,114,0.19,8,0.737,0.0,21.32
2025-10-26 22:52:31,033,WAC_006_198_74,19,0.032,14,0.967,0.0,21.29
2025-10-26 23:02:34,033,WAC_006_198_74,30,0.05,13,0.945,0.0,21.25
2025-10-26 23:12:37,033,WAC_006_198_74,128,0.213,9,0.738,0.0,21.25
2025-10-26 23:22:39,033,WAC_006_198_74,179,0.298,7,0.61,0.0,21.25
2025-10-26 23:32:43,033,WAC_006_198_74,77,0.128,10,0.839,0.0,21.22
2025-10-26 23:42:46,033,WAC_006_198_74,168,0.279,5,0.543,0.0,21.21
2025-10-26 23:52:49,033,WAC_006_198_74,107,0.178,8,0.749,0.0,21.2
2025-10-25 00:09:31,035,WAC_006_198_79,219,0.364,2,0.268,0.0,21.56
2025-10-25 00:19:55,035,WAC_006_198_79,195,0.326,7,0.589,0.0,21.63
2025-10-25 00:29:57,035,WAC_006_198_79,187,0.311,3,0.391,0.0,21.64
2025-10-25 00:40:00,035,WAC_006_198_79,250,0.416,0,0.0,0.0,21.63
2025-10-25 00:50:03,035,WAC_006_198_79,44,0.073,8,0.879,0.0,21.59
2025-10-25 01:00:06,035,WAC_006_198_79,0,0.0,15,1.0,0.0,21.51
2025-10-25 01:10:09,035,WAC_006_198_79,2,0.003,14,0.996,0.0,21.46
2025-10-25 01:20:13,035,WAC_006_198_79,17,0.028,12,0.966,0.0,21.41
2025-10-25 01:30:15,035,WAC_006_198_79,0,0.0,15,1.0,0.0,21.36
2025-10-25 01:40:18,035,WAC_006_198_79,24,0.04,12,0.952,0.0,21.35
2025-10-25 01:50:21,035,WAC_006_198_79,282,0.469,2,0.221,0.0,21.43
2025-10-25 02:00:24,035,WAC_006_198_79,192,0.319,4,0.455,0.0,21.45
2025-10-25 02:10:26,035,WAC_006_198_79,232,0.386,4,0.408,0.0,21.48
2025-10-25 02:20:29,035,WAC_006_198_79,250,0.416,4,0.39,0.0,21.52
2025-10-25 02:30:32,035,WAC_006_198_79,151,0.251,6,0.614,0.0,21.51
2025-10-25 02:40:34,035,WAC_006_198_79,365,0.607,1,0.099,0.0,21.55
2025-10-25 02:50:37,035,WAC_006_198_79,207,0.344,7,0.575,0.0,21.55
2025-10-25 03:00:40,035,WAC_006_198_79,391,0.651,3,0.235,0.0,21.61
2025-10-25 03:10:43,035,WAC_006_198_79,255,0.424,4,0.386,0.0,21.65
2025-10-25 03:20:46,035,WAC_006_198_79,223,0.371,5,0.473,0.0,21.58
2025-10-25 03:30:49,035,WAC_006_198_79,190,0.316,7,0.596,0.0,21.55
2025-10-25 03:40:52,035,WAC_006_198_79,83,0.138,9,0.813,0.0,21.49
2025-10-25 03:50:54,035,WAC_006_198_79,295,0.491,2,0.213,0.0,21.51
2025-10-25 04:00:57,035,WAC_006_198_79,344,0.573,1,0.104,0.0,21.58
2025-10-25 04:11:00,035,WAC_006_198_79,149,0.248,4,0.518,0.0,21.55
2025-10-25 04:21:18,035,WAC_006_198_79,164,0.274,6,0.594,0.0,21.54
2025-10-25 04:31:21,035,WAC_006_198_79,284,0.473,1,0.123,0.0,21.51
2025-10-25 04:41:24,035,WAC_006_198_79,141,0.235,7,0.665,0.0,21.47
2025-10-25 04:51:26,035,WAC_006_198_79,128,0.213,8,0.714,0.0,21.46
2025-10-25 05:01:29,035,WAC_006_198_79,226,0.377,1,0.15,0.0,21.45
2025-10-25 05:11:31,035,WAC_006_198_79,331,0.551,0,0.0,0.0,21.5
2025-10-25 05:21:34,035,WAC_006_198_79,192,0.319,3,0.385,0.0,21.49
2025-10-25 05:31:37,035,WAC_006_198_79,202,0.336,6,0.543,0.0,21.49
2025-10-25 05:41:40,035,WAC_006_198_79,34,0.057,14,0.943,0.0,21.46
2025-10-25 05:51:42,035,WAC_006_198_79,1,0.002,14,0.998,0.0,21.42
2025-10-25 06:01:45,035,WAC_006_198_79,3,0.005,14,0.995,0.0864,21.38
2025-10-25 06:11:48,035,WAC_006_198_79,9,0.015,14,0.984,0.0936,21.36
2025-10-25 06:21:51,035,WAC_006_198_79,4,0.007,14,0.993,0.0972,21.32
2025-10-25 06:31:53,035,WAC_006_198_79,0,0.0,15,1.0,0.1008,21.31
2025-10-25 06:41:56,035,WAC_006_198_79,0,0.0,15,1.0,0.1008,21.29
2025-10-25 06:51:58,035,WAC_006_198_79,2,0.003,13,0.996,0.108,21.29
2025-10-25 07:02:01,035,WAC_006_198_79,1,0.002,14,0.998,0.108,21.27
2025-10-25 07:12:04,035,WAC_006_198_79,13,0.022,12,0.974,0.0828,21.25
2025-10-25 07:22:06,035,WAC_006_198_79,88,0.146,8,0.784,0.072,21.29
2025-10-25 07:32:09,035,WAC_006_198_79,9,0.015,13,0.983,0.09,21.29
2025-10-25 07:42:12,035,WAC_006_198_79,2,0.003,14,0.996,0.0864,21.28
2025-10-25 07:52:14,035,WAC_006_198_79,1,0.002,14,0.998,0.0936,21.27
2025-10-25 08:02:18,035,WAC_006_198_79,0,0.0,15,1.0,0.0972,21.26
2025-10-25 08:12:20,035,WAC_006_198_79,0,0.0,15,1.0,0.0648,21.26
2025-10-25 08:22:34,035,WAC_006_198_79,31,0.052,9,0.921,0.0828,21.3
2025-10-25 08:32:37,035,WAC_006_198_79,0,0.0,15,1.0,0.0792,21.29
2025-10-25 08:42:40,035,WAC_006_198_79,2,0.003,14,0.996,0.0864,21.28
2025-10-25 08:52:42,035,WAC_006_198_79,2,0.003,14,0.996,0.1044,21.25
2025-10-25 09:02:45,035,WAC_006_198_79,6,0.01,14,0.989,0.1008,21.31
2025-10-25 09:12:48,035,WAC_006_198_79,0,0.0,15,1.0,0.1008,21.33
2025-10-25 09:22:52,035,WAC_006_198_79,8,0.013,13,0.985,0.1044,21.32
2025-10-25 09:32:55,035,WAC_006_198_79,0,0.0,15,1.0,0.108,21.29
2025-10-25 09:42:58,035,WAC_006_198_79,1,0.002,15,0.998,0.1044,21.26
2025-10-25 09:53:01,035,WAC_006_198_79,34,0.056,10,0.922,0.0288,21.28
2025-10-25 10:03:03,035,WAC_006_198_79,40,0.067,10,0.909,0.0,21.29
2025-10-25 10:13:06,035,WAC_006_198_79,280,0.466,1,0.125,0.2556,21.38
2025-10-25 10:23:09,035,WAC_006_198_79,47,0.078,10,0.895,0.2628,21.4
2025-10-25 10:33:12,035,WAC_006_198_79,122,0.203,8,0.724,0.216,21.45
2025-10-25 10:43:15,035,WAC_006_198_79,128,0.213,5,0.61,0.126,21.49
2025-10-25 10:53:18,035,WAC_006_198_79,45,0.075,10,0.899,0.1728,21.52
2025-10-25 11:03:21,035,WAC_006_198_79,2,0.003,13,0.996,0.1512,21.5
2025-10-25 11:13:23,035,WAC_006_198_79,5,0.008,13,0.99,0.144,21.5
2025-10-25 11:23:26,035,WAC_006_198_79,9,0.015,13,0.983,0.144,21.49
2025-10-25 11:33:28,035,WAC_006_198_79,0,0.0,15,1.0,0.144,21.48
2025-10-25 11:43:31,035,WAC_006_198_79,13,0.022,13,0.976,0.144,21.47
2025-10-25 11:53:34,035,WAC_006_198_79,3,0.005,13,0.994,0.1296,21.45
2025-10-25 12:03:36,035,WAC_006_198_79,0,0.0,15,1.0,0.1368,21.4
2025-10-25 12:13:39,035,WAC_006_198_79,5,0.008,13,0.99,0.144,21.39
2025-10-25 12:23:48,035,WAC_006_198_79,1,0.002,14,0.998,0.1368,21.39
2025-10-25 12:33:52,035,WAC_006_198_79,23,0.038,12,0.954,0.1368,21.37
2025-10-25 12:43:55,035,WAC_006_198_79,1,0.002,14,0.998,0.144,21.36
2025-10-25 12:53:57,035,WAC_006_198_79,29,0.048,12,0.943,0.0432,21.36
2025-10-25 13:03:59,035,WAC_006_198_79,166,0.277,2,0.325,0.144,21.37
2025-10-25 13:14:03,035,WAC_006_198_79,94,0.156,4,0.63,0.1584,21.39
2025-10-25 13:24:05,035,WAC_006_198_79,4,0.007,13,0.992,0.1296,21.37
2025-10-25 13:34:08,035,WAC_006_198_79,3,0.005,14,0.995,0.1296,21.34
2025-10-25 13:44:11,035,WAC_006_198_79,4,0.007,14,0.993,0.1296,21.32
2025-10-25 13:54:13,035,WAC_006_198_79,7,0.012,12,0.986,0.1296,21.3
2025-10-25 14:04:16,035,WAC_006_198_79,0,0.0,15,1.0,0.144,21.29
2025-10-25 14:14:19,035,WAC_006_198_79,8,0.013,13,0.985,0.1512,21.26
2025-10-25 14:24:21,035,WAC_006_198_79,4,0.007,14,0.993,0.1584,21.24
2025-10-25 14:34:24,035,WAC_006_198_79,41,0.068,10,0.907,0.1224,21.27
2025-10-25 14:44:27,035,WAC_006_198_79,150,0.25,9,0.706,0.108,21.27
2025-10-25 14:54:30,035,WAC_006_198_79,189,0.314,5,0.514,0.0468,21.3
2025-10-25 15:04:32,035,WAC_006_198_79,277,0.461,6,0.464,0.2232,21.31
2025-10-25 15:14:35,035,WAC_006_198_79,214,0.356,2,0.272,0.09,21.32
2025-10-25 15:24:38,035,WAC_006_198_79,41,0.068,8,0.886,0.1188,21.29
2025-10-25 15:34:40,035,WAC_006_198_79,2,0.003,15,0.997,0.1044,21.25
2025-10-25 15:44:43,035,WAC_006_198_79,0,0.0,15,1.0,0.0972,21.2
2025-10-25 15:54:46,035,WAC_006_198_79,15,0.025,13,0.972,0.1008,21.18
2025-10-25 16:04:48,035,WAC_006_198_79,8,0.013,13,0.985,0.1044,21.2
2025-10-25 16:14:51,035,WAC_006_198_79,1,0.002,14,0.998,0.108,21.2
2025-10-25 16:25:06,035,WAC_006_198_79,0,0.0,15,1.0,0.1044,21.21
2025-10-25 16:35:08,035,WAC_006_198_79,8,0.013,14,0.986,0.0936,21.18
2025-10-25 16:45:12,035,WAC_006_198_79,9,0.015,13,0.983,0.0936,21.16
2025-10-25 16:55:15,035,WAC_006_198_79,0,0.0,15,1.0,0.0936,21.17
2025-10-25 17:05:17,035,WAC_006_198_79,60,0.1,9,0.857,0.0792,21.17
2025-10-25 17:15:20,035,WAC_006_198_79,136,0.226,2,0.37,0.0936,21.21
2025-10-25 17:25:24,035,WAC_006_198_79,120,0.2,7,0.7,0.0936,21.22
2025-10-25 17:35:27,035,WAC_006_198_79,47,0.078,11,0.903,0.0756,21.21
2025-10-25 17:45:29,035,WAC_006_198_79,5,0.008,14,0.991,0.1008,21.23
2025-10-25 17:55:31,035,WAC_006_198_79,0,0.0,15,1.0,0.1044,21.23
2025-10-25 18:05:34,035,WAC_006_198_79,137,0.228,4,0.539,0.0,21.24
2025-10-25 18:15:38,035,WAC_006_198_79,271,0.451,2,0.228,0.0,21.3
2025-10-25 18:25:40,035,WAC_006_198_79,178,0.296,5,0.529,0.0,21.32
2025-10-25 18:35:43,035,WAC_006_198_79,224,0.373,4,0.417,0.0,21.35
2025-10-25 18:45:46,035,WAC_006_198_79,164,0.273,6,0.594,0.0,21.35
2025-10-25 18:55:49,035,WAC_006_198_79,201,0.334,7,0.582,0.0,21.38
2025-10-25 19:05:52,035,WAC_006_198_79,211,0.351,7,0.57,0.0,21.43
2025-10-25 19:15:55,035,WAC_006_198_79,264,0.439,4,0.377,0.0,21.47
2025-10-25 19:25:57,035,WAC_006_198_79,356,0.592,0,0.0,0.0,21.57
2025-10-25 19:36:00,035,WAC_006_198_79,146,0.243,9,0.711,0.0,21.52
2025-10-25 19:46:02,035,WAC_006_198_79,253,0.422,4,0.387,0.0,21.54
2025-10-25 19:56:05,035,WAC_006_198_79,229,0.381,4,0.411,0.0,21.5
2025-10-25 20:06:08,035,WAC_006_198_79,81,0.135,8,0.798,0.0,21.5
2025-10-25 20:16:10,035,WAC_006_198_79,232,0.386,6,0.508,0.0,21.47
2025-10-25 20:26:24,035,WAC_006_198_79,237,0.396,3,0.336,0.0,21.5
2025-10-25 20:36:26,035,WAC_006_198_79,195,0.324,7,0.589,0.0,21.49
2025-10-25 20:46:29,035,WAC_006_198_79,107,0.178,4,0.599,0.0,21.54
2025-10-25 20:56:32,035,WAC_006_198_79,5,0.008,13,0.99,0.0,21.54
2025-10-25 21:06:35,035,WAC_006_198_79,8,0.013,14,0.986,0.0,21.5
2025-10-25 21:16:37,035,WAC_006_198_79,20,0.033,13,0.963,0.0,21.5
2025-10-25 21:26:40,035,WAC_006_198_79,1,0.002,14,0.998,0.0,21.5
2025-10-25 21:36:43,035,WAC_006_198_79,0,0.0,15,1.0,0.0,21.48
2025-10-25 21:46:46,035,WAC_006_198_79,315,0.524,2,0.203,0.0,21.47
2025-10-25 21:56:49,035,WAC_006_198_79,91,0.151,10,0.815,0.0,21.41
2025-10-25 22:06:51,035,WAC_006_198_79,138,0.23,9,0.723,0.0,21.41
2025-10-25 22:16:54,035,WAC_006_198_79,228,0.379,2,0.26,0.0,21.44
2025-10-25 22:26:57,035,WAC_006_198_79,305,0.507,2,0.208,0.0,21.48
2025-10-25 22:37:01,035,WAC_006_198_79,157,0.261,9,0.696,0.0,21.5
2025-10-25 22:47:03,035,WAC_006_198_79,71,0.118,8,0.818,0.0,21.5
2025-10-25 22:57:06,035,WAC_006_198_79,58,0.097,11,0.884,0.0,21.53
2025-10-25 23:07:09,035,WAC_006_198_79,80,0.133,7,0.778,0.0,21.54
2025-10-25 23:17:12,035,WAC_006_198_79,0,0.0,15,1.0,0.0,21.52
2025-10-25 23:27:15,035,WAC_006_198_79,12,0.02,13,0.977,0.0,21.43
2025-10-25 23:37:18,035,WAC_006_198_79,177,0.295,3,0.404,0.0,21.42
2025-10-25 23:47:21,035,WAC_006_198_79,175,0.291,3,0.407,0.0,21.41
2025-10-25 23:57:23,035,WAC_006_198_79,144,0.24,8,0.69,0.0,21.39
2025-10-26 00:07:26,035,WAC_006_198_79,215,0.358,6,0.527,0.0,21.4
2025-10-26 00:17:29,035,WAC_006_198_79,230,0.383,3,0.343,0.0,21.42
2025-10-26 00:27:46,035,WAC_006_198_79,8,0.013,13,0.985,0.0,21.41
2025-10-26 00:37:49,035,WAC_006_198_79,33,0.055,11,0.93,0.0,21.35
2025-10-26 00:47:52,035,WAC_006_198_79,86,0.143,7,0.765,0.0,21.32
2025-10-26 00:57:55,035,WAC_006_198_79,6,0.01,14,0.989,0.0,21.28
2025-10-26 01:07:57,035,WAC_006_198_79,2,0.003,14,0.996,0.0,21.25
2025-10-26 01:18:00,035,WAC_006_198_79,41,0.068,10,0.907,0.0,21.22
2025-10-26 01:28:02,035,WAC_006_198_79,22,0.037,10,0.948,0.0,21.23
2025-10-26 01:38:06,035,WAC_006_198_79,97,0.161,4,0.623,0.0,21.22
2025-10-26 01:48:09,035,WAC_006_198_79,97,0.161,8,0.767,0.0,21.23
2025-10-26 01:58:11,035,WAC_006_198_79,214,0.356,4,0.428,0.0,21.28
2025-10-26 02:08:14,035,WAC_006_198_79,194,0.323,7,0.591,0.0,21.28
2025-10-26 02:18:18,035,WAC_006_198_79,316,0.526,2,0.202,0.0,21.44
2025-10-26 02:28:20,035,WAC_006_198_79,99,0.165,9,0.784,0.0,21.39
2025-10-26 02:38:23,035,WAC_006_198_79,153,0.255,4,0.511,0.0,21.39
2025-10-26 02:48:26,035,WAC_006_198_79,219,0.364,3,0.354,0.0,21.41
2025-10-26 02:58:29,035,WAC_006_198_79,132,0.22,7,0.68,0.0,21.34
2025-10-26 03:08:31,035,WAC_006_198_79,62,0.103,11,0.876,0.0,21.31
2025-10-26 03:18:34,035,WAC_006_198_79,206,0.343,2,0.28,0.0,21.31
2025-10-26 03:28:36,035,WAC_006_198_79,80,0.133,10,0.833,0.0,21.29
2025-10-26 03:38:39,035,WAC_006_198_79,142,0.237,6,0.628,0.0,21.27
2025-10-26 03:48:41,035,WAC_006_198_79,147,0.245,8,0.685,0.0,21.28
2025-10-26 03:58:44,035,WAC_006_198_79,15,0.025,11,0.967,0.0,21.27
2025-10-26 04:08:47,035,WAC_006_198_79,95,0.158,7,0.747,0.0,21.24
2025-10-26 04:18:50,035,WAC_006_198_79,80,0.133,9,0.818,0.0,21.22
2025-10-26 04:29:02,035,WAC_006_198_79,176,0.294,6,0.577,0.0,21.29
2025-10-26 04:39:04,035,WAC_006_198_79,139,0.232,8,0.697,0.0,21.3
2025-10-26 04:49:06,035,WAC_006_198_79,129,0.215,4,0.554,0.0,21.32
2025-10-26 04:59:09,035,WAC_006_198_79,132,0.22,9,0.732,0.0,21.31
2025-10-26 05:09:12,035,WAC_006_198_79,258,0.429,4,0.383,0.0,21.35
2025-10-26 05:19:15,035,WAC_006_198_79,121,0.202,7,0.698,0.0,21.34
2025-10-26 05:29:18,035,WAC_006_198_79,164,0.273,6,0.594,0.0,21.33
2025-10-26 05:39:20,035,WAC_006_198_79,461,0.768,0,0.0,0.0,21.41
2025-10-26 05:49:23,035,WAC_006_198_79,514,0.855,0,0.0,0.0,21.39
2025-10-26 05:59:25,035,WAC_006_198_79,527,0.877,0,0.0,0.0,21.4
2025-10-26 06:09:28,035,WAC_006_198_79,132,0.22,6,0.645,0.072,21.37
2025-10-26 06:19:30,035,WAC_006_198_79,7,0.012,14,0.988,0.072,21.3
2025-10-26 06:29:33,035,WAC_006_198_79,10,0.017,13,0.981,0.072,21.26
2025-10-26 06:39:36,035,WAC_006_198_79,5,0.008,14,0.991,0.072,21.22
2025-10-26 06:49:39,035,WAC_006_198_79,25,0.042,9,0.935,0.072,21.19
2025-10-26 06:59:42,035,WAC_006_198_79,0,0.0,15,1.0,0.0756,21.15
2025-10-26 07:09:44,035,WAC_006_198_79,0,0.0,15,1.0,0.072,21.12
2025-10-26 07:19:46,035,WAC_006_198_79,5,0.008,13,0.99,0.0756,21.1
2025-10-26 07:29:49,035,WAC_006_198_79,6,0.01,14,0.989,0.0684,21.1
2025-10-26 07:39:51,035,WAC_006_198_79,67,0.111,9,0.843,0.0684,21.1
2025-10-26 07:49:54,035,WAC_006_198_79,41,0.068,11,0.915,0.0684,21.12
2025-10-26 07:59:56,035,WAC_006_198_79,3,0.005,13,0.994,0.0684,21.13
2025-10-26 08:10:00,035,WAC_006_198_79,3,0.005,13,0.994,0.072,21.12
2025-10-26 08:20:02,035,WAC_006_198_79,1,0.002,14,0.998,0.0756,21.13
2025-10-26 08:30:21,035,WAC_006_198_79,0,0.0,15,1.0,0.0756,21.16
2025-10-26 08:40:24,035,WAC_006_198_79,7,0.012,14,0.988,0.0648,21.15
2025-10-26 08:50:27,035,WAC_006_198_79,0,0.0,15,1.0,0.0648,21.16
2025-10-26 09:00:29,035,WAC_006_198_79,1,0.002,14,0.998,0.0648,21.16
2025-10-26 09:10:32,035,WAC_006_198_79,9,0.015,13,0.983,0.0648,21.18
2025-10-26 09:20:35,035,WAC_006_198_79,0,0.0,15,1.0,0.0648,21.16
2025-10-26 09:30:37,035,WAC_006_198_79,0,0.0,15,1.0,0.0648,21.15
2025-10-26 09:40:40,035,WAC_006_198_79,144,0.24,3,0.455,0.0612,21.16
2025-10-26 09:50:43,035,WAC_006_198_79,84,0.14,6,0.741,0.0504,21.18
2025-10-26 10:00:46,035,WAC_006_198_79,129,0.214,9,0.736,0.1116,21.2
2025-10-26 10:10:48,035,WAC_006_198_79,189,0.316,7,0.597,0.2232,21.22
2025-10-26 10:20:51,035,WAC_006_198_79,85,0.141,8,0.79,0.216,21.3
2025-10-26 10:30:54,035,WAC_006_198_79,4,0.007,14,0.993,0.216,21.3
2025-10-26 10:40:57,035,WAC_006_198_79,5,0.008,14,0.991,0.216,21.29
2025-10-26 10:50:59,035,WAC_006_198_79,6,0.01,14,0.989,0.216,21.28
2025-10-26 11:01:02,035,WAC_006_198_79,3,0.005,14,0.995,0.2016,21.27
2025-10-26 11:11:05,035,WAC_006_198_79,40,0.067,12,0.923,0.2376,21.27
2025-10-26 11:21:07,035,WAC_006_198_79,2,0.003,14,0.996,0.2376,21.25
2025-10-26 11:31:10,035,WAC_006_198_79,88,0.146,11,0.833,0.2016,21.27
2025-10-26 11:41:13,035,WAC_006_198_79,13,0.022,13,0.976,0.2016,21.27
2025-10-26 11:51:15,035,WAC_006_198_79,0,0.0,15,1.0,0.2088,21.27
2025-10-26 12:01:18,035,WAC_006_198_79,26,0.043,13,0.952,0.2088,21.26
2025-10-26 12:11:20,035,WAC_006_198_79,272,0.453,1,0.128,0.1944,21.28
2025-10-26 12:21:23,035,WAC_006_198_79,192,0.319,5,0.51,0.2016,21.32
2025-10-26 12:31:45,035,WAC_006_198_79,3,0.005,14,0.995,0.2016,21.37
2025-10-26 12:41:47,035,WAC_006_198_79,12,0.02,13,0.977,0.2016,21.32
2025-10-26 12:51:50,035,WAC_006_198_79,12,0.02,12,0.976,0.2124,21.32
2025-10-26 13:01:53,035,WAC_006_198_79,6,0.01,14,0.989,0.2016,21.29
2025-10-26 13:11:55,035,WAC_006_198_79,16,0.027,11,0.965,0.2052,21.29
2025-10-26 13:21:58,035,WAC_006_198_79,40,0.067,12,0.923,0.2016,21.23
2025-10-26 13:32:01,035,WAC_006_198_79,115,0.191,9,0.758,0.2016,21.22
2025-10-26 13:42:03,035,WAC_006_198_79,280,0.466,1,0.125,0.198,21.26
2025-10-26 13:52:06,035,WAC_006_198_79,147,0.245,6,0.62,0.1296,21.29
2025-10-26 14:02:09,035,WAC_006_198_79,104,0.173,9,0.776,0.1044,21.22
2025-10-26 14:12:12,035,WAC_006_198_79,400,0.666,3,0.231,0.1872,21.23
2025-10-26 14:22:14,035,WAC_006_198_79,355,0.591,2,0.184,0.1548,21.3
2025-10-26 14:32:17,035,WAC_006_198_79,86,0.143,7,0.765,0.1368,21.3
2025-10-26 14:42:20,035,WAC_006_198_79,12,0.02,11,0.973,0.144,21.27
2025-10-26 14:52:22,035,WAC_006_198_79,5,0.008,14,0.991,0.1476,21.24
2025-10-26 15:02:25,035,WAC_006_198_79,4,0.007,13,0.992,0.1368,21.23
2025-10-26 15:12:28,035,WAC_006_198_79,9,0.015,13,0.983,0.144,21.23
2025-10-26 15:22:31,035,WAC_006_198_79,10,0.017,14,0.982,0.1368,21.23
2025-10-26 15:32:33,035,WAC_006_198_79,16,0.027,13,0.97,0.144,21.23
2025-10-26 15:42:36,035,WAC_006_198_79,13,0.022,13,0.976,0.1368,21.22
2025-10-26 15:52:39,035,WAC_006_198_79,8,0.013,13,0.985,0.1512,21.22
2025-10-26 16:02:42,035,WAC_006_198_79,0,0.0,15,1.0,0.1512,21.19
2025-10-26 16:12:44,035,WAC_006_198_79,85,0.141,10,0.825,0.1296,21.19
2025-10-26 16:22:47,035,WAC_006_198_79,178,0.296,1,0.183,0.1224,21.2
2025-10-26 16:33:10,035,WAC_006_198_79,4,0.007,14,0.993,0.1368,21.24
2025-10-26 16:43:13,035,WAC_006_198_79,80,0.133,10,0.833,0.108,21.23
2025-10-26 16:53:16,035,WAC_006_198_79,57,0.095,7,0.831,0.108,21.26
2025-10-26 17:03:18,035,WAC_006_198_79,16,0.027,11,0.965,0.1008,21.26
2025-10-26 17:13:21,035,WAC_006_198_79,17,0.028,13,0.968,0.108,21.24
2025-10-26 17:23:24,035,WAC_006_198_79,7,0.012,14,0.988,0.108,21.21
2025-10-26 17:33:27,035,WAC_006_198_79,179,0.298,2,0.309,0.1152,21.23
2025-10-26 17:43:30,035,WAC_006_198_79,83,0.138,6,0.743,0.1152,21.25
2025-10-26 17:53:33,035,WAC_006_198_79,149,0.248,3,0.446,0.1116,21.25
2025-10-26 18:03:36,035,WAC_006_198_79,98,0.163,11,0.818,0.0,21.24
2025-10-26 18:13:38,035,WAC_006_198_79,225,0.374,4,0.416,0.0,21.3
2025-10-26 18:23:41,035,WAC_006_198_79,249,0.414,4,0.391,0.0,21.34
2025-10-26 18:33:44,035,WAC_006_198_79,111,0.185,9,0.764,0.0,21.35
2025-10-26 18:43:47,035,WAC_006_198_79,386,0.642,1,0.094,0.0,21.42
2025-10-26 18:53:49,035,WAC_006_198_79,178,0.296,8,0.643,0.0,21.45
2025-10-26 19:03:53,035,WAC_006_198_79,189,0.314,7,0.597,0.0,21.47
2025-10-26 19:13:56,035,WAC_006_198_79,78,0.13,11,0.849,0.0,21.44
2025-10-26 19:23:58,035,WAC_006_198_79,360,0.599,2,0.182,0.0,21.55
2025-10-26 19:34:01,035,WAC_006_198_79,241,0.401,5,0.454,0.0,21.52
2025-10-26 19:44:04,035,WAC_006_198_79,147,0.245,9,0.71,0.0,21.5
2025-10-26 19:54:07,035,WAC_006_198_79,331,0.551,2,0.195,0.0,21.52
2025-10-26 20:04:09,035,WAC_006_198_79,34,0.057,12,0.934,0.0,21.51
2025-10-26 20:14:12,035,WAC_006_198_79,0,0.0,15,1.0,0.0,21.48
2025-10-26 20:24:15,035,WAC_006_198_79,15,0.025,14,0.974,0.0,21.45
2025-10-26 20:34:36,035,WAC_006_198_79,20,0.033,12,0.96,0.0,21.44
2025-10-26 20:44:39,035,WAC_006_198_79,17,0.028,13,0.968,0.0,21.41
2025-10-26 20:54:41,035,WAC_006_198_79,64,0.106,8,0.833,0.0,21.37
2025-10-26 21:04:44,035,WAC_006_198_79,284,0.473,4,0.36,0.0,21.4
2025-10-26 21:14:46,035,WAC_006_198_79,294,0.489,4,0.352,0.0,21.44
2025-10-26 21:24:49,035,WAC_006_198_79,273,0.454,2,0.227,0.0,21.48
2025-10-26 21:34:52,035,WAC_006_198_79,380,0.632,0,0.0,0.0,21.46
2025-10-26 21:44:54,035,WAC_006_198_79,83,0.138,10,0.828,0.0,21.46
2025-10-26 21:54:57,035,WAC_006_198_79,9,0.015,12,0.982,0.0,21.41
2025-10-26 22:05:00,035,WAC_006_198_79,48,0.08,11,0.902,0.0,21.39
2025-10-26 22:15:03,035,WAC_006_198_79,19,0.032,13,0.965,0.0,21.37
2025-10-26 22:25:06,035,WAC_006_198_79,224,0.373,6,0.517,0.0,21.34
2025-10-26 22:35:08,035,WAC_006_198_79,216,0.359,5,0.481,0.0,21.35
2025-10-26 22:45:11,035,WAC_006_198_79,244,0.406,6,0.496,0.0,21.36
2025-10-26 22:55:14,035,WAC_006_198_79,310,0.516,4,0.34,0.0,21.39
2025-10-26 23:05:17,035,WAC_006_198_79,111,0.185,10,0.783,0.0,21.38
2025-10-26 23:15:19,035,WAC_006_198_79,291,0.484,4,0.355,0.0,21.44
2025-10-26 23:25:22,035,WAC_006_198_79,288,0.479,5,0.41,0.0,21.45
2025-10-26 23:35:25,035,WAC_006_198_79,230,0.383,4,0.41,0.0,21.46
2025-10-26 23:45:28,035,WAC_006_198_79,24,0.04,13,0.956,0.0,21.49
2025-10-26 23:55:30,035,WAC_006_198_79,9,0.015,12,0.982,0.0,21.51
2025-10-25 00:01:42,025,WAC_006_198_80,0,0.0,15,1.0,0.0,21.12
2025-10-25 00:12:05,025,WAC_006_198_80,15,0.025,14,0.974,0.0,21.18
2025-10-25 00:22:08,025,WAC_006_198_80,155,0.258,7,0.644,0.0,21.23
2025-10-25 00:32:10,025,WAC_006_198_80,76,0.126,11,0.853,0.0,21.27
2025-10-25 00:42:13,025,WAC_006_198_80,13,0.022,14,0.977,0.0,21.25
2025-10-25 00:52:17,025,WAC_006_198_80,203,0.338,1,0.165,0.0,21.34
2025-10-25 01:02:19,025,WAC_006_198_80,0,0.0,15,1.0,0.0,21.33
2025-10-25 01:12:22,025,WAC_006_198_80,189,0.315,6,0.559,0.0,21.4
2025-10-25 01:22:25,025,WAC_006_198_80,6,0.01,14,0.989,0.0,21.36
2025-10-25 01:32:27,025,WAC_006_198_80,39,0.065,11,0.919,0.0,21.33
2025-10-25 01:42:30,025,WAC_006_198_80,65,0.108,11,0.871,0.0,21.32
2025-10-25 01:52:33,025,WAC_006_198_80,35,0.058,14,0.941,0.0,21.3
2025-10-25 02:02:36,025,WAC_006_198_80,0,0.0,15,1.0,0.0,21.27
2025-10-25 02:12:38,025,WAC_006_198_80,32,0.053,13,0.942,0.0,21.27
2025-10-25 02:22:42,025,WAC_006_198_80,21,0.035,13,0.961,0.0,21.26
2025-10-25 02:32:45,025,WAC_006_198_80,0,0.0,15,1.0,0.0,21.25
2025-10-25 02:42:48,025,WAC_006_198_80,0,0.0,15,1.0,0.0,21.22
2025-10-25 02:52:51,025,WAC_006_198_80,0,0.0,15,1.0,0.0,21.2
2025-10-25 03:02:54,025,WAC_006_198_80,0,0.0,15,1.0,0.0,21.19
2025-10-25 03:12:57,025,WAC_006_198_80,0,0.0,15,1.0,0.0,21.19
2025-10-25 03:23:00,025,WAC_006_198_80,36,0.06,12,0.93,0.0,21.18
2025-10-25 03:33:03,025,WAC_006_198_80,0,0.0,15,1.0,0.0,21.16
2025-10-25 03:43:05,025,WAC_006_198_80,41,0.068,13,0.927,0.0,21.18
2025-10-25 03:53:08,025,WAC_006_198_80,37,0.062,13,0.934,0.0,21.19
2025-10-25 04:03:11,025,WAC_006_198_80,51,0.085,11,0.896,0.0,21.2
2025-10-25 04:13:29,025,WAC_006_198_80,36,0.06,13,0.935,0.0,21.27
2025-10-25 04:23:32,025,WAC_006_198_80,92,0.153,9,0.796,0.0,21.28
2025-10-25 04:33:35,025,WAC_006_198_80,137,0.228,9,0.724,0.0,21.43
2025-10-25 04:43:38,025,WAC_006_198_80,108,0.18,6,0.69,0.0,21.48
2025-10-25 04:53:40,025,WAC_006_198_80,0,0.0,15,1.0,0.0,21.41
2025-10-25 05:03:43,025,WAC_006_198_80,24,0.04,13,0.956,0.0,21.38
2025-10-25 05:13:46,025,WAC_006_198_80,13,0.022,14,0.977,0.0,21.33
2025-10-25 05:23:49,025,WAC_006_198_80,0,0.0,15,1.0,0.0,21.28
2025-10-25 05:33:52,025,WAC_006_198_80,0,0.0,15,1.0,0.0,21.24
2025-10-25 05:43:55,025,WAC_006_198_80,0,0.0,15,1.0,0.0,21.22
2025-10-25 05:53:58,025,WAC_006_198_80,0,0.0,15,1.0,0.0,21.21
2025-10-25 06:04:01,025,WAC_006_198_80,0,0.0,15,1.0,0.3312,21.2
2025-10-25 06:14:03,025,WAC_006_198_80,0,0.0,15,1.0,0.3312,21.2
2025-10-25 06:24:06,025,WAC_006_198_80,0,0.0,15,1.0,0.3312,21.18
2025-10-25 06:34:09,025,WAC_006_198_80,0,0.0,15,1.0,0.3348,21.18
2025-10-25 06:44:12,025,WAC_006_198_80,0,0.0,15,1.0,0.324,21.18
2025-10-25 06:54:15,025,WAC_006_198_80,0,0.0,15,1.0,0.324,21.19
2025-10-25 07:04:18,025,WAC_006_198_80,0,0.0,15,1.0,0.324,21.17
2025-10-25 07:14:22,025,WAC_006_198_80,0,0.0,15,1.0,0.324,21.17
2025-10-25 07:24:25,025,WAC_006_198_80,0,0.0,15,1.0,0.3348,21.18
2025-10-25 07:34:28,025,WAC_006_198_80,0,0.0,15,1.0,0.324,21.18
2025-10-25 07:44:31,025,WAC_006_198_80,0,0.0,15,1.0,0.3312,21.16
2025-10-25 07:54:33,025,WAC_006_198_80,0,0.0,15,1.0,0.324,21.16
2025-10-25 08:04:37,025,WAC_006_198_80,0,0.0,15,1.0,0.324,21.16
2025-10-25 08:14:50,025,WAC_006_198_80,0,0.0,15,1.0,0.324,21.18
2025-10-25 08:24:52,025,WAC_006_198_80,0,0.0,15,1.0,0.324,21.18
2025-10-25 08:34:55,025,WAC_006_198_80,0,0.0,15,1.0,0.3348,21.18
2025-10-25 08:44:59,025,WAC_006_198_80,0,0.0,15,1.0,0.324,21.18
2025-10-25 08:55:01,025,WAC_006_198_80,0,0.0,15,1.0,0.3348,21.17
2025-10-25 09:05:04,025,WAC_006_198_80,0,0.0,15,1.0,0.324,21.18
2025-10-25 09:15:07,025,WAC_006_198_80,0,0.0,15,1.0,0.324,21.17
2025-10-25 09:25:10,025,WAC_006_198_80,0,0.0,15,1.0,0.324,21.17
2025-10-25 09:35:14,025,WAC_006_198_80,0,0.0,15,1.0,0.324,21.18
2025-10-25 09:45:16,025,WAC_006_198_80,0,0.0,15,1.0,0.3348,21.17
2025-10-25 09:55:19,025,WAC_006_198_80,0,0.0,15,1.0,0.3348,21.16
2025-10-25 10:05:22,025,WAC_006_198_80,8,0.013,14,0.986,0.3636,21.15
2025-10-25 10:15:25,025,WAC_006_198_80,0,0.0,15,1.0,0.36,21.15
2025-10-25 10:25:28,025,WAC_006_198_80,0,0.0,15,1.0,0.5868,21.15
2025-10-25 10:35:31,025,WAC_006_198_80,0,0.0,15,1.0,0.6264,21.18
2025-10-25 10:45:34,025,WAC_006_198_80,14,0.023,14,0.976,0.3996,21.24
2025-10-25 10:55:37,025,WAC_006_198_80,0,0.0,15,1.0,0.3888,21.27
2025-10-25 11:05:40,025,WAC_006_198_80,0,0.0,15,1.0,0.3528,21.28
2025-10-25 11:15:43,025,WAC_006_198_80,0,0.0,15,1.0,0.3528,21.29
2025-10-25 11:25:45,025,WAC_006_198_80,0,0.0,15,1.0,0.3528,21.29
2025-10-25 11:35:48,025,WAC_006_198_80,0,0.0,15,1.0,0.3528,21.28
2025-10-25 11:45:51,025,WAC_006_198_80,0,0.0,15,1.0,0.3528,21.25
2025-10-25 11:55:55,025,WAC_006_198_80,0,0.0,15,1.0,0.3528,21.22
2025-10-25 12:05:57,025,WAC_006_198_80,0,0.0,15,1.0,0.3528,21.21
2025-10-25 12:16:17,025,WAC_006_198_80,0,0.0,15,1.0,0.3528,21.21
2025-10-25 12:26:20,025,WAC_006_198_80,0,0.0,15,1.0,0.3528,21.17
2025-10-25 12:36:23,025,WAC_006_198_80,0,0.0,15,1.0,0.3564,21.15
2025-10-25 12:46:26,025,WAC_006_198_80,36,0.06,14,0.94,0.3168,21.16
2025-10-25 12:56:29,025,WAC_006_198_80,32,0.053,14,0.946,0.3492,21.15
2025-10-25 13:06:31,025,WAC_006_198_80,40,0.067,12,0.923,0.3888,21.18
2025-10-25 13:16:34,025,WAC_006_198_80,0,0.0,15,1.0,0.3816,21.17
2025-10-25 13:26:36,025,WAC_006_198_80,0,0.0,15,1.0,0.3564,21.15
2025-10-25 13:36:38,025,WAC_006_198_80,0,0.0,15,1.0,0.3564,21.14
2025-10-25 13:46:42,025,WAC_006_198_80,0,0.0,15,1.0,0.3456,21.13
2025-10-25 13:56:44,025,WAC_006_198_80,0,0.0,15,1.0,0.3924,21.09
2025-10-25 14:06:47,025,WAC_006_198_80,0,0.0,15,1.0,0.3816,21.07
2025-10-25 14:16:50,025,WAC_006_198_80,0,0.0,15,1.0,0.3456,21.05
2025-10-25 14:26:53,025,WAC_006_198_80,0,0.0,15,1.0,0.3816,21.04
2025-10-25 14:36:56,025,WAC_006_198_80,0,0.0,15,1.0,0.3924,21.04
2025-10-25 14:46:58,025,WAC_006_198_80,0,0.0,15,1.0,0.3456,21.02
2025-10-25 14:57:01,025,WAC_006_198_80,0,0.0,15,1.0,0.3924,21.01
2025-10-25 15:07:04,025,WAC_006_198_80,0,0.0,15,1.0,0.3816,21.0
2025-10-25 15:17:07,025,WAC_006_198_80,0,0.0,15,1.0,0.3924,20.99
2025-10-25 15:27:09,025,WAC_006_198_80,4,0.007,14,0.993,0.3816,20.99
2025-10-25 15:37:12,025,WAC_006_198_80,0,0.0,15,1.0,0.3816,20.97
2025-10-25 15:47:15,025,WAC_006_198_80,50,0.083,10,0.889,0.3492,20.99
2025-10-25 15:57:18,025,WAC_006_198_80,94,0.157,9,0.793,0.3384,21.01
2025-10-25 16:07:21,025,WAC_006_198_80,43,0.072,11,0.911,0.342,21.06
2025-10-25 16:17:36,025,WAC_006_198_80,16,0.027,12,0.968,0.3456,21.11
2025-10-25 16:27:39,025,WAC_006_198_80,3,0.005,14,0.995,0.3456,21.07
2025-10-25 16:37:41,025,WAC_006_198_80,0,0.0,15,1.0,0.3384,21.04
2025-10-25 16:47:44,025,WAC_006_198_80,0,0.0,15,1.0,0.3492,21.01
2025-10-25 16:57:48,025,WAC_006_198_80,0,0.0,15,1.0,0.3528,20.99
2025-10-25 17:07:51,025,WAC_006_198_80,0,0.0,15,1.0,0.3492,20.98
2025-10-25 17:17:54,025,WAC_006_198_80,0,0.0,15,1.0,0.3492,20.97
2025-10-25 17:27:57,025,WAC_006_198_80,0,0.0,15,1.0,0.3456,20.98
2025-10-25 17:38:01,025,WAC_006_198_80,0,0.0,15,1.0,0.3492,20.98
2025-10-25 17:48:04,025,WAC_006_198_80,0,0.0,15,1.0,0.3384,20.98
2025-10-25 17:58:06,025,WAC_006_198_80,0,0.0,15,1.0,0.3492,20.98
2025-10-25 18:08:09,025,WAC_006_198_80,97,0.161,9,0.788,0.0,21.05
2025-10-25 18:18:12,025,WAC_006_198_80,91,0.151,10,0.815,0.0,21.12
2025-10-25 18:28:15,025,WAC_006_198_80,51,0.085,13,0.911,0.0,21.14
2025-10-25 18:38:18,025,WAC_006_198_80,41,0.068,13,0.927,0.0,21.17
2025-10-25 18:48:21,025,WAC_006_198_80,107,0.178,10,0.789,0.0,21.21
2025-10-25 18:58:24,025,WAC_006_198_80,69,0.115,9,0.839,0.0,21.21
2025-10-25 19:08:26,025,WAC_006_198_80,74,0.123,10,0.844,0.0,21.2
2025-10-25 19:18:29,025,WAC_006_198_80,264,0.439,2,0.233,0.0,21.3
2025-10-25 19:28:32,025,WAC_006_198_80,104,0.173,9,0.776,0.0,21.35
2025-10-25 19:38:34,025,WAC_006_198_80,99,0.165,11,0.816,0.0,21.34
2025-10-25 19:48:37,025,WAC_006_198_80,75,0.125,9,0.828,0.0,21.33
2025-10-25 19:58:40,025,WAC_006_198_80,173,0.288,5,0.536,0.0,21.39
2025-10-25 20:08:44,025,WAC_006_198_80,51,0.085,13,0.911,0.0,21.36
2025-10-25 20:19:01,025,WAC_006_198_80,74,0.124,12,0.866,0.0,21.38
2025-10-25 20:29:05,025,WAC_006_198_80,0,0.0,15,1.0,0.0,21.34
2025-10-25 20:39:08,025,WAC_006_198_80,0,0.0,15,1.0,0.0,21.29
2025-10-25 20:49:11,025,WAC_006_198_80,0,0.0,15,1.0,0.0,21.26
2025-10-25 20:59:14,025,WAC_006_198_80,0,0.0,15,1.0,0.0,21.23
2025-10-25 21:09:16,025,WAC_006_198_80,0,0.0,15,1.0,0.0,21.21
2025-10-25 21:19:18,025,WAC_006_198_80,0,0.0,15,1.0,0.0,21.18
2025-10-25 21:29:21,025,WAC_006_198_80,0,0.0,15,1.0,0.0,21.17
2025-10-25 21:39:24,025,WAC_006_198_80,69,0.115,11,0.864,0.0,21.2
2025-10-25 21:49:27,025,WAC_006_198_80,152,0.253,9,0.703,0.0,21.27
2025-10-25 21:59:30,025,WAC_006_198_80,49,0.082,12,0.907,0.0,21.26
2025-10-25 22:09:33,025,WAC_006_198_80,147,0.245,8,0.685,0.0,21.3
2025-10-25 22:19:36,025,WAC_006_198_80,36,0.06,13,0.935,0.0,21.31
2025-10-25 22:29:39,025,WAC_006_198_80,0,0.0,15,1.0,0.0,21.32
2025-10-25 22:39:42,025,WAC_006_198_80,1,0.002,15,0.998,0.0,21.3
2025-10-25 22:49:45,025,WAC_006_198_80,60,0.1,12,0.889,0.0,21.29
2025-10-25 22:59:48,025,WAC_006_198_80,263,0.438,3,0.313,0.0,21.38
2025-10-25 23:09:51,025,WAC_006_198_80,133,0.221,10,0.75,0.0,21.44
2025-10-25 23:19:54,025,WAC_006_198_80,92,0.153,9,0.796,0.0,21.42
2025-10-25 23:29:57,025,WAC_006_198_80,55,0.092,13,0.904,0.0,21.39
2025-10-25 23:40:00,025,WAC_006_198_80,168,0.28,6,0.588,0.0,21.37
2025-10-25 23:50:03,025,WAC_006_198_80,153,0.254,10,0.723,0.0,21.39
2025-10-26 00:00:06,025,WAC_006_198_80,96,0.16,10,0.806,0.0,21.38
2025-10-26 00:10:09,025,WAC_006_198_80,276,0.459,1,0.127,0.0,21.38
2025-10-26 00:20:27,025,WAC_006_198_80,145,0.242,7,0.659,0.0,21.42
2025-10-26 00:30:30,025,WAC_006_198_80,265,0.441,2,0.232,0.0,21.44
2025-10-26 00:40:34,025,WAC_006_198_80,78,0.13,11,0.849,0.0,21.4
2025-10-26 00:50:36,025,WAC_006_198_80,168,0.28,5,0.543,0.0,21.4
2025-10-26 01:00:40,025,WAC_006_198_80,321,0.534,1,0.111,0.0,21.48
2025-10-26 01:10:43,025,WAC_006_198_80,137,0.228,7,0.671,0.0,21.46
2025-10-26 01:20:45,025,WAC_006_198_80,232,0.386,3,0.341,0.0,21.5
2025-10-26 01:30:48,025,WAC_006_198_80,210,0.349,5,0.488,0.0,21.51
2025-10-26 01:40:51,025,WAC_006_198_80,342,0.57,2,0.19,0.0,21.55
2025-10-26 01:50:53,025,WAC_006_198_80,108,0.18,8,0.748,0.0,21.5
2025-10-26 02:00:56,025,WAC_006_198_80,182,0.303,6,0.569,0.0,21.49
2025-10-26 02:10:59,025,WAC_006_198_80,93,0.155,10,0.811,0.0,21.46
2025-10-26 02:21:01,025,WAC_006_198_80,116,0.193,9,0.756,0.0,21.4
2025-10-26 02:31:04,025,WAC_006_198_80,160,0.267,5,0.556,0.0,21.38
2025-10-26 02:41:06,025,WAC_006_198_80,126,0.21,10,0.76,0.0,21.35
2025-10-26 02:51:09,025,WAC_006_198_80,0,0.0,15,1.0,0.0,21.31
2025-10-26 03:01:12,025,WAC_006_198_80,47,0.078,11,0.903,0.0,21.28
2025-10-26 03:11:15,025,WAC_006_198_80,33,0.055,13,0.94,0.0,21.27
2025-10-26 03:21:19,025,WAC_006_198_80,143,0.238,7,0.662,0.0,21.27
2025-10-26 03:31:21,025,WAC_006_198_80,64,0.106,12,0.882,0.0,21.27
2025-10-26 03:41:24,025,WAC_006_198_80,0,0.0,15,1.0,0.0,21.23
2025-10-26 03:51:27,025,WAC_006_198_80,19,0.032,13,0.965,0.0,21.2
2025-10-26 04:01:30,025,WAC_006_198_80,37,0.061,13,0.934,0.0,21.19
2025-10-26 04:11:33,025,WAC_006_198_80,107,0.178,9,0.771,0.0,21.2
2025-10-26 04:21:50,025,WAC_006_198_80,170,0.284,3,0.414,0.0,21.27
2025-10-26 04:31:54,025,WAC_006_198_80,82,0.136,10,0.83,0.0,21.27
2025-10-26 04:41:57,025,WAC_006_198_80,118,0.196,9,0.753,0.0,21.28
2025-10-26 04:51:59,025,WAC_006_198_80,0,0.0,15,1.0,0.0,21.22
2025-10-26 05:02:03,025,WAC_006_198_80,26,0.043,13,0.952,0.0,21.2
2025-10-26 05:12:05,025,WAC_006_198_80,14,0.023,14,0.976,0.0,21.18
2025-10-26 05:22:08,025,WAC_006_198_80,26,0.043,13,0.952,0.0,21.17
2025-10-26 05:32:11,025,WAC_006_198_80,230,0.382,4,0.41,0.0,21.23
2025-10-26 05:42:14,025,WAC_006_198_80,164,0.272,5,0.549,0.0,21.32
2025-10-26 05:52:16,025,WAC_006_198_80,35,0.058,13,0.937,0.0,21.28
2025-10-26 06:02:19,025,WAC_006_198_80,0,0.0,15,1.0,0.4248,21.27
2025-10-26 06:12:22,025,WAC_006_198_80,17,0.028,14,0.971,0.4284,21.26
2025-10-26 06:22:25,025,WAC_006_198_80,13,0.022,14,0.977,0.4176,21.25
2025-10-26 06:32:28,025,WAC_006_198_80,52,0.086,10,0.885,0.4032,21.29
2025-10-26 06:42:31,025,WAC_006_198_80,16,0.027,14,0.972,0.396,21.28
2025-10-26 06:52:35,025,WAC_006_198_80,17,0.028,14,0.971,0.4104,21.27
2025-10-26 07:02:38,025,WAC_006_198_80,5,0.008,14,0.991,0.4104,21.27
2025-10-26 07:12:40,025,WAC_006_198_80,0,0.0,15,1.0,0.4104,21.24
2025-10-26 07:22:43,025,WAC_006_198_80,8,0.013,14,0.986,0.4104,21.23
2025-10-26 07:32:46,025,WAC_006_198_80,0,0.0,15,1.0,0.414,21.2
2025-10-26 07:42:49,025,WAC_006_198_80,0,0.0,15,1.0,0.4104,21.2
2025-10-26 07:52:52,025,WAC_006_198_80,0,0.0,15,1.0,0.4212,21.17
2025-10-26 08:02:55,025,WAC_006_198_80,15,0.025,14,0.974,0.4104,21.17
2025-10-26 08:12:58,025,WAC_006_198_80,0,0.0,15,1.0,0.4104,21.17
2025-10-26 08:23:13,025,WAC_006_198_80,10,0.017,14,0.982,0.4104,21.18
2025-10-26 08:33:16,025,WAC_006_198_80,0,0.0,15,1.0,0.4212,21.17
2025-10-26 08:43:19,025,WAC_006_198_80,13,0.022,13,0.976,0.4248,21.17
2025-10-26 08:53:22,025,WAC_006_198_80,106,0.176,7,0.725,0.432,21.3
2025-10-26 09:03:25,025,WAC_006_198_80,40,0.066,12,0.923,0.3816,21.26
2025-10-26 09:13:28,025,WAC_006_198_80,3,0.005,15,0.995,0.3672,21.22
2025-10-26 09:23:31,025,WAC_006_198_80,0,0.0,15,1.0,0.3744,21.18
2025-10-26 09:33:34,025,WAC_006_198_80,0,0.0,15,1.0,0.3744,21.16
2025-10-26 09:43:36,025,WAC_006_198_80,0,0.0,15,1.0,0.3852,21.12
2025-10-26 09:53:39,025,WAC_006_198_80,0,0.0,15,1.0,0.3852,21.1
2025-10-26 10:03:43,025,WAC_006_198_80,15,0.025,13,0.972,0.4032,21.13
2025-10-26 10:13:46,025,WAC_006_198_80,0,0.0,15,1.0,0.4032,21.13
2025-10-26 10:23:49,025,WAC_006_198_80,0,0.0,15,1.0,0.4032,21.14
2025-10-26 10:33:52,025,WAC_006_198_80,0,0.0,15,1.0,0.4032,21.15
2025-10-26 10:43:55,025,WAC_006_198_80,0,0.0,15,1.0,0.4032,21.15
2025-10-26 10:53:59,025,WAC_006_198_80,0,0.0,15,1.0,0.4032,21.16
2025-10-26 11:04:02,025,WAC_006_198_80,0,0.0,15,1.0,0.3672,21.16
2025-10-26 11:14:04,025,WAC_006_198_80,0,0.0,15,1.0,0.3708,21.14
2025-10-26 11:24:07,025,WAC_006_198_80,0,0.0,15,1.0,0.3672,21.13
2025-10-26 11:34:10,025,WAC_006_198_80,0,0.0,15,1.0,0.3672,21.1
2025-10-26 11:44:13,025,WAC_006_198_80,0,0.0,15,1.0,0.3672,21.1
2025-10-26 11:54:16,025,WAC_006_198_80,0,0.0,15,1.0,0.3708,21.09
2025-10-26 12:04:19,025,WAC_006_198_80,0,0.0,15,1.0,0.36,21.08
2025-10-26 12:14:22,025,WAC_006_198_80,0,0.0,15,1.0,0.3708,21.06
2025-10-26 12:24:35,025,WAC_006_198_80,0,0.0,15,1.0,0.36,21.06
2025-10-26 12:34:38,025,WAC_006_198_80,0,0.0,15,1.0,0.36,21.05
2025-10-26 12:44:40,025,WAC_006_198_80,0,0.0,15,1.0,0.36,21.04
2025-10-26 12:54:43,025,WAC_006_198_80,0,0.0,15,1.0,0.36,21.02
2025-10-26 13:04:45,025,WAC_006_198_80,0,0.0,15,1.0,0.36,21.01
2025-10-26 13:14:48,025,WAC_006_198_80,34,0.057,13,0.939,0.342,21.02
2025-10-26 13:24:51,025,WAC_006_198_80,24,0.04,13,0.956,0.3708,21.05
2025-10-26 13:34:54,025,WAC_006_198_80,0,0.0,15,1.0,0.3672,21.04
2025-10-26 13:44:57,025,WAC_006_198_80,0,0.0,15,1.0,0.3672,21.03
2025-10-26 13:55:00,025,WAC_006_198_80,0,0.0,15,1.0,0.3672,21.03
2025-10-26 14:05:03,025,WAC_006_198_80,0,0.0,15,1.0,0.3672,21.01
2025-10-26 14:15:05,025,WAC_006_198_80,0,0.0,15,1.0,0.4104,21.0
2025-10-26 14:25:08,025,WAC_006_198_80,0,0.0,15,1.0,0.4032,21.0
2025-10-26 14:35:11,025,WAC_006_198_80,0,0.0,15,1.0,0.4104,21.0
2025-10-26 14:45:14,025,WAC_006_198_80,0,0.0,15,1.0,0.4104,21.01
2025-10-26 14:55:18,025,WAC_006_198_80,0,0.0,15,1.0,0.4032,21.02
2025-10-26 15:05:21,025,WAC_006_198_80,0,0.0,15,1.0,0.4032,21.03
2025-10-26 15:15:24,025,WAC_006_198_80,0,0.0,15,1.0,0.4068,21.04
2025-10-26 15:25:27,025,WAC_006_198_80,0,0.0,15,1.0,0.4032,21.05
2025-10-26 15:35:30,025,WAC_006_198_80,0,0.0,15,1.0,0.4032,21.05
2025-10-26 15:45:33,025,WAC_006_198_80,0,0.0,15,1.0,0.378,21.05
2025-10-26 15:55:36,025,WAC_006_198_80,0,0.0,15,1.0,0.414,21.05
2025-10-26 16:05:39,025,WAC_006_198_80,0,0.0,15,1.0,0.4032,21.04
2025-10-26 16:15:42,025,WAC_006_198_80,22,0.037,14,0.962,0.396,21.07
2025-10-26 16:25:54,025,WAC_006_198_80,20,0.033,12,0.96,0.2592,21.14
2025-10-26 16:35:57,025,WAC_006_198_80,14,0.023,14,0.976,0.3744,21.15
2025-10-26 16:46:00,025,WAC_006_198_80,0,0.0,15,1.0,0.3744,21.17
2025-10-26 16:56:03,025,WAC_006_198_80,0,0.0,15,1.0,0.3744,21.17
2025-10-26 17:06:06,025,WAC_006_198_80,0,0.0,15,1.0,0.3744,21.17
2025-10-26 17:16:08,025,WAC_006_198_80,0,0.0,15,1.0,0.3852,21.17
2025-10-26 17:26:10,025,WAC_006_198_80,0,0.0,15,1.0,0.3744,21.18
2025-10-26 17:36:13,025,WAC_006_198_80,0,0.0,15,1.0,0.3744,21.16
2025-10-26 17:46:16,025,WAC_006_198_80,29,0.048,13,0.947,0.3744,21.19
2025-10-26 17:56:19,025,WAC_006_198_80,0,0.0,15,1.0,0.3816,21.2
2025-10-26 18:06:22,025,WAC_006_198_80,0,0.0,15,1.0,0.0,21.2
2025-10-26 18:16:25,025,WAC_006_198_80,114,0.19,8,0.737,0.0,21.25
2025-10-26 18:26:29,025,WAC_006_198_80,190,0.316,5,0.513,0.0,21.3
2025-10-26 18:36:32,025,WAC_006_198_80,34,0.057,13,0.939,0.0,21.3
2025-10-26 18:46:34,025,WAC_006_198_80,155,0.258,5,0.563,0.0,21.33
2025-10-26 18:56:38,025,WAC_006_198_80,251,0.417,4,0.389,0.0,21.41
2025-10-26 19:06:41,025,WAC_006_198_80,40,0.066,12,0.923,0.0,21.39
2025-10-26 19:16:43,025,WAC_006_198_80,58,0.097,12,0.892,0.0,21.36
2025-10-26 19:26:46,025,WAC_006_198_80,227,0.378,6,0.514,0.0,21.43
2025-10-26 19:36:49,025,WAC_006_198_80,107,0.178,10,0.789,0.0,21.4
2025-10-26 19:46:52,025,WAC_006_198_80,9,0.015,14,0.984,0.0,21.35
2025-10-26 19:56:55,025,WAC_006_198_80,45,0.075,10,0.899,0.0,21.33
2025-10-26 20:06:58,025,WAC_006_198_80,55,0.092,12,0.897,0.0,21.33
2025-10-26 20:17:01,025,WAC_006_198_80,0,0.0,15,1.0,0.0,21.3
2025-10-26 20:27:17,025,WAC_006_198_80,0,0.0,15,1.0,0.0,21.3
2025-10-26 20:37:20,025,WAC_006_198_80,0,0.0,15,1.0,0.0,21.24
2025-10-26 20:47:22,025,WAC_006_198_80,0,0.0,15,1.0,0.0,21.22
2025-10-26 20:57:25,025,WAC_006_198_80,0,0.0,15,1.0,0.0,21.18
2025-10-26 21:07:28,025,WAC_006_198_80,0,0.0,15,1.0,0.0,21.15
2025-10-26 21:17:30,025,WAC_006_198_80,6,0.01,15,0.99,0.0,21.14
2025-10-26 21:27:33,025,WAC_006_198_80,41,0.068,12,0.921,0.0,21.14
2025-10-26 21:37:36,025,WAC_006_198_80,167,0.278,7,0.626,0.0,21.25
2025-10-26 21:47:40,025,WAC_006_198_80,87,0.145,12,0.847,0.0,21.31
2025-10-26 21:57:44,025,WAC_006_198_80,44,0.073,11,0.909,0.0,21.28
2025-10-26 22:07:47,025,WAC_006_198_80,150,0.25,8,0.681,0.0,21.33
2025-10-26 22:17:49,025,WAC_006_198_80,0,0.0,15,1.0,0.0,21.29
2025-10-26 22:27:53,025,WAC_006_198_80,31,0.052,13,0.944,0.0,21.28
2025-10-26 22:37:55,025,WAC_006_198_80,10,0.017,15,0.984,0.0,21.29
2025-10-26 22:47:58,025,WAC_006_198_80,0,0.0,15,1.0,0.0,21.27
2025-10-26 22:58:00,025,WAC_006_198_80,0,0.0,15,1.0,0.0,21.25
2025-10-26 23:08:03,025,WAC_006_198_80,0,0.0,15,1.0,0.0,21.23
2025-10-26 23:18:06,025,WAC_006_198_80,0,0.0,15,1.0,0.0,21.21
2025-10-26 23:28:08,025,WAC_006_198_80,0,0.0,15,1.0,0.0,21.2
2025-10-26 23:38:11,025,WAC_006_198_80,0,0.0,15,1.0,0.0,21.17
2025-10-26 23:48:13,025,WAC_006_198_80,0,0.0,15,1.0,0.0,21.15
2025-10-26 23:58:16,025,WAC_006_198_80,0,0.0,15,1.0,0.0,21.12
2025-10-25 00:01:29,012,WAC_006_199_92,185,0.309,7,0.602,0.0,22.0
2025-10-25 00:11:31,012,WAC_006_199_92,78,0.13,8,0.804,0.0,21.99
2025-10-25 00:21:34,012,WAC_006_199_92,15,0.025,14,0.974,0.0,21.99
2025-10-25 00:31:37,012,WAC_006_199_92,13,0.022,12,0.974,0.0,22.0
2025-10-25 00:41:40,012,WAC_006_199_92,45,0.075,9,0.889,0.0,22.0
2025-10-25 00:51:42,012,WAC_006_199_92,31,0.052,13,0.944,0.0,22.0
2025-10-25 01:01:44,012,WAC_006_199_92,73,0.122,9,0.831,0.0,21.99
2025-10-25 01:11:48,012,WAC_006_199_92,113,0.188,6,0.68,0.0,21.99
2025-10-25 01:21:51,012,WAC_006_199_92,184,0.306,5,0.521,0.0,21.95
2025-10-25 01:31:54,012,WAC_006_199_92,92,0.153,8,0.777,0.0,21.89
2025-10-25 01:41:57,012,WAC_006_199_92,191,0.318,3,0.386,0.0,21.93
2025-10-25 01:52:00,012,WAC_006_199_92,9,0.015,13,0.983,0.0,21.94
2025-10-25 02:02:03,012,WAC_006_199_92,0,0.0,15,1.0,0.0,21.92
2025-10-25 02:12:06,012,WAC_006_199_92,0,0.0,15,1.0,0.0,21.89
2025-10-25 02:22:08,012,WAC_006_199_92,2,0.003,14,0.996,0.0,21.87
2025-10-25 02:32:11,012,WAC_006_199_92,8,0.013,14,0.986,0.0,21.84
2025-10-25 02:42:14,012,WAC_006_199_92,6,0.01,13,0.989,0.0,21.8
2025-10-25 02:52:16,012,WAC_006_199_92,0,0.0,15,1.0,0.0,21.79
2025-10-25 03:02:19,012,WAC_006_199_92,9,0.015,14,0.984,0.0,21.78
2025-10-25 03:12:22,012,WAC_006_199_92,45,0.075,11,0.907,0.0,21.79
2025-10-25 03:22:24,012,WAC_006_199_92,126,0.21,6,0.656,0.0,21.78
2025-10-25 03:32:27,012,WAC_006_199_92,69,0.115,11,0.864,0.0,21.79
2025-10-25 03:42:31,012,WAC_006_199_92,160,0.266,6,0.6,0.0,21.79
2025-10-25 03:52:33,012,WAC_006_199_92,158,0.263,8,0.669,0.0,21.78
2025-10-25 04:02:50,012,WAC_006_199_92,38,0.063,12,0.927,0.0,21.86
2025-10-25 04:12:53,012,WAC_006_199_92,20,0.033,13,0.963,0.0,21.84
2025-10-25 04:22:56,012,WAC_006_199_92,44,0.073,9,0.891,0.0,21.88
2025-10-25 04:32:59,012,WAC_006_199_92,192,0.319,3,0.385,0.0,21.95
2025-10-25 04:43:02,012,WAC_006_199_92,5,0.008,13,0.99,0.0,21.98
2025-10-25 04:53:05,012,WAC_006_199_92,31,0.052,9,0.921,0.0,22.02
2025-10-25 05:03:08,012,WAC_006_199_92,74,0.123,12,0.866,0.0,21.97
2025-10-25 05:13:11,012,WAC_006_199_92,136,0.227,8,0.702,0.0,21.94
2025-10-25 05:23:14,012,WAC_006_199_92,100,0.166,8,0.762,0.0,21.92
2025-10-25 05:33:17,012,WAC_006_199_92,109,0.181,9,0.768,0.0,21.89
2025-10-25 05:43:19,012,WAC_006_199_92,264,0.439,2,0.233,0.0,21.98
2025-10-25 05:53:22,012,WAC_006_199_92,29,0.048,11,0.938,0.0,22.03
2025-10-25 06:03:25,012,WAC_006_199_92,4,0.007,14,0.993,0.252,22.01
2025-10-25 06:13:27,012,WAC_006_199_92,1,0.002,15,0.998,0.2376,21.95
2025-10-25 06:23:30,012,WAC_006_199_92,0,0.0,15,1.0,0.2484,21.93
2025-10-25 06:33:33,012,WAC_006_199_92,26,0.043,14,0.956,0.234,21.88
2025-10-25 06:43:37,012,WAC_006_199_92,2,0.003,15,0.997,0.252,21.9
2025-10-25 06:53:39,012,WAC_006_199_92,0,0.0,15,1.0,0.252,21.92
2025-10-25 07:03:42,012,WAC_006_199_92,9,0.015,13,0.983,0.2304,21.95
2025-10-25 07:13:44,012,WAC_006_199_92,3,0.005,15,0.995,0.2484,21.93
2025-10-25 07:23:46,012,WAC_006_199_92,16,0.027,14,0.972,0.2304,21.93
2025-10-25 07:33:49,012,WAC_006_199_92,1,0.002,15,0.998,0.2376,21.91
2025-10-25 07:43:52,012,WAC_006_199_92,1,0.002,14,0.998,0.2304,21.89
2025-10-25 07:53:55,012,WAC_006_199_92,0,0.0,15,1.0,0.2304,21.89
2025-10-25 08:04:19,012,WAC_006_199_92,0,0.0,15,1.0,0.2376,21.95
2025-10-25 08:14:22,012,WAC_006_199_92,0,0.0,15,1.0,0.2376,21.93
2025-10-25 08:24:25,012,WAC_006_199_92,21,0.035,9,0.945,0.2088,21.94
2025-10-25 08:34:27,012,WAC_006_199_92,61,0.102,9,0.855,0.2844,21.96
2025-10-25 08:44:30,012,WAC_006_199_92,113,0.188,11,0.796,0.072,21.91
2025-10-25 08:54:33,012,WAC_006_199_92,70,0.116,11,0.863,0.0828,21.92
2025-10-25 09:04:36,012,WAC_006_199_92,0,0.0,15,1.0,0.0936,21.9
2025-10-25 09:14:38,012,WAC_006_199_92,0,0.0,15,1.0,0.1044,21.84
2025-10-25 09:24:41,012,WAC_006_199_92,0,0.0,15,1.0,0.0972,21.8
2025-10-25 09:34:44,012,WAC_006_199_92,0,0.0,15,1.0,0.1044,21.78
2025-10-25 09:44:47,012,WAC_006_199_92,0,0.0,15,1.0,0.1008,21.76
2025-10-25 09:54:50,012,WAC_006_199_92,0,0.0,15,1.0,0.108,21.75
2025-10-25 10:04:53,012,WAC_006_199_92,0,0.0,15,1.0,0.1152,21.75
2025-10-25 10:14:56,012,WAC_006_199_92,0,0.0,15,1.0,0.1152,21.75
2025-10-25 10:24:59,012,WAC_006_199_92,0,0.0,15,1.0,8.3088,21.73
2025-10-25 10:35:01,012,WAC_006_199_92,90,0.15,7,0.757,0.2844,21.81
2025-10-25 10:45:04,012,WAC_006_199_92,48,0.08,9,0.882,0.3528,21.82
2025-10-25 10:55:06,012,WAC_006_199_92,245,0.408,1,0.14,0.2232,21.91
2025-10-25 11:05:09,012,WAC_006_199_92,25,0.042,11,0.946,0.3168,21.98
2025-10-25 11:15:12,012,WAC_006_199_92,25,0.042,12,0.95,0.2628,21.99
2025-10-25 11:25:15,012,WAC_006_199_92,15,0.025,14,0.974,0.216,22.01
2025-10-25 11:35:18,012,WAC_006_199_92,15,0.025,14,0.974,0.2376,22.02
2025-10-25 11:45:21,012,WAC_006_199_92,18,0.03,14,0.969,0.216,22.03
2025-10-25 11:55:24,012,WAC_006_199_92,0,0.0,15,1.0,0.2268,22.02
2025-10-25 12:05:48,012,WAC_006_199_92,74,0.124,13,0.875,0.4212,22.05
2025-10-25 12:15:51,012,WAC_006_199_92,8,0.013,13,0.985,0.4104,22.03
2025-10-25 12:25:53,012,WAC_006_199_92,22,0.037,12,0.956,0.4176,22.0
2025-10-25 12:35:55,012,WAC_006_199_92,91,0.152,11,0.829,0.3096,21.99
2025-10-25 12:45:58,012,WAC_006_199_92,28,0.047,13,0.949,0.3096,21.99
2025-10-25 12:56:01,012,WAC_006_199_92,16,0.027,13,0.97,0.3132,21.99
2025-10-25 13:06:04,012,WAC_006_199_92,4,0.007,13,0.992,0.3312,22.0
2025-10-25 13:16:07,012,WAC_006_199_92,0,0.0,15,1.0,0.324,21.98
2025-10-25 13:26:09,012,WAC_006_199_92,0,0.0,15,1.0,0.3096,21.96
2025-10-25 13:36:12,012,WAC_006_199_92,140,0.233,10,0.741,0.2664,21.95
2025-10-25 13:46:15,012,WAC_006_199_92,269,0.448,1,0.129,0.2376,22.04
2025-10-25 13:56:18,012,WAC_006_199_92,195,0.324,4,0.451,0.2772,22.02
2025-10-25 14:06:20,012,WAC_006_199_92,94,0.156,12,0.836,0.2664,21.91
2025-10-25 14:16:23,012,WAC_006_199_92,403,0.671,0,0.0,0.216,21.97
2025-10-25 14:26:26,012,WAC_006_199_92,60,0.1,10,0.87,0.2088,22.0
2025-10-25 14:36:28,012,WAC_006_199_92,12,0.02,14,0.979,0.2196,22.01
2025-10-25 14:46:31,012,WAC_006_199_92,3,0.005,14,0.995,0.2052,21.98
2025-10-25 14:56:34,012,WAC_006_199_92,0,0.0,15,1.0,0.2088,21.93
2025-10-25 15:06:37,012,WAC_006_199_92,0,0.0,15,1.0,0.2088,21.91
2025-10-25 15:16:40,012,WAC_006_199_92,2,0.003,15,0.997,0.2052,21.89
2025-10-25 15:26:43,012,WAC_006_199_92,10,0.017,13,0.981,0.2088,21.91
2025-10-25 15:36:46,012,WAC_006_199_92,26,0.043,13,0.952,0.2196,21.91
2025-10-25 15:46:49,012,WAC_006_199_92,58,0.097,9,0.861,0.2196,21.87
2025-10-25 15:56:51,012,WAC_006_199_92,24,0.04,12,0.952,0.2088,21.85
2025-10-25 16:07:10,012,WAC_006_199_92,0,0.0,15,1.0,0.2196,21.85
2025-10-25 16:17:13,012,WAC_006_199_92,231,0.384,5,0.464,0.2016,21.85
2025-10-25 16:27:16,012,WAC_006_199_92,237,0.394,0,0.0,0.1908,21.89
2025-10-25 16:37:18,012,WAC_006_199_92,91,0.151,9,0.798,0.1944,21.87
2025-10-25 16:47:20,012,WAC_006_199_92,4,0.007,14,0.993,0.198,21.83
2025-10-25 16:57:23,012,WAC_006_199_92,4,0.007,14,0.993,0.1872,21.79
2025-10-25 17:07:26,012,WAC_006_199_92,103,0.171,7,0.731,0.1836,21.8
2025-10-25 17:17:29,012,WAC_006_199_92,78,0.13,10,0.837,0.2412,21.76
2025-10-25 17:27:32,012,WAC_006_199_92,27,0.045,13,0.951,0.162,21.72
2025-10-25 17:37:34,012,WAC_006_199_92,5,0.008,14,0.991,0.1728,21.79
2025-10-25 17:47:37,012,WAC_006_199_92,11,0.018,13,0.979,0.1728,21.84
2025-10-25 17:57:40,012,WAC_006_199_92,2,0.003,14,0.996,0.1728,21.88
2025-10-25 18:07:42,012,WAC_006_199_92,24,0.04,12,0.952,0.0,21.89
2025-10-25 18:17:45,012,WAC_006_199_92,99,0.165,4,0.618,0.0,21.93
2025-10-25 18:27:48,012,WAC_006_199_92,163,0.271,7,0.632,0.0,21.87
2025-10-25 18:37:51,012,WAC_006_199_92,28,0.047,13,0.949,0.0,21.78
2025-10-25 18:47:54,012,WAC_006_199_92,196,0.326,5,0.505,0.0,21.77
2025-10-25 18:57:57,012,WAC_006_199_92,58,0.097,10,0.873,0.0,21.74
2025-10-25 19:08:00,012,WAC_006_199_92,72,0.12,12,0.87,0.0,21.74
2025-10-25 19:18:03,012,WAC_006_199_92,29,0.048,13,0.947,0.0,21.71
2025-10-25 19:28:06,012,WAC_006_199_92,235,0.392,7,0.544,0.0,21.74
2025-10-25 19:38:09,012,WAC_006_199_92,8,0.013,14,0.986,0.0,21.72
2025-10-25 19:48:11,012,WAC_006_199_92,235,0.391,3,0.338,0.0,21.74
2025-10-25 19:58:14,012,WAC_006_199_92,49,0.082,11,0.9,0.0,21.77
2025-10-25 20:08:45,012,WAC_006_199_92,2,0.003,15,0.997,0.0,21.85
2025-10-25 20:18:48,012,WAC_006_199_92,73,0.121,12,0.868,0.0,21.86
2025-10-25 20:28:51,012,WAC_006_199_92,218,0.362,4,0.423,0.0,21.91
2025-10-25 20:38:54,012,WAC_006_199_92,121,0.201,8,0.726,0.0,21.93
2025-10-25 20:48:56,012,WAC_006_199_92,100,0.167,9,0.783,0.0,21.91
2025-10-25 20:58:59,012,WAC_006_199_92,77,0.128,10,0.839,0.0,21.87
2025-10-25 21:09:01,012,WAC_006_199_92,242,0.403,4,0.398,0.0,21.89
2025-10-25 21:19:04,012,WAC_006_199_92,57,0.095,12,0.894,0.0,21.89
2025-10-25 21:29:06,012,WAC_006_199_92,52,0.087,13,0.909,0.0,21.84
2025-10-25 21:39:09,012,WAC_006_199_92,118,0.196,9,0.753,0.0,21.81
2025-10-25 21:49:13,012,WAC_006_199_92,52,0.087,12,0.902,0.0,21.8
2025-10-25 21:59:16,012,WAC_006_199_92,127,0.211,9,0.739,0.0,21.77
2025-10-25 22:09:19,012,WAC_006_199_92,377,0.627,1,0.096,0.0,21.81
2025-10-25 22:19:21,012,WAC_006_199_92,99,0.165,8,0.764,0.0,21.92
2025-10-25 22:29:24,012,WAC_006_199_92,2,0.003,14,0.996,0.0,21.97
2025-10-25 22:39:27,012,WAC_006_199_92,17,0.028,13,0.968,0.0,21.98
2025-10-25 22:49:30,012,WAC_006_199_92,58,0.097,8,0.847,0.0,22.0
2025-10-25 22:59:33,012,WAC_006_199_92,29,0.048,14,0.951,0.0,21.9
2025-10-25 23:09:36,012,WAC_006_199_92,155,0.258,7,0.644,0.0,21.87
2025-10-25 23:19:39,012,WAC_006_199_92,233,0.388,3,0.34,0.0,21.97
2025-10-25 23:29:43,012,WAC_006_199_92,44,0.073,14,0.927,0.0,21.88
2025-10-25 23:39:46,012,WAC_006_199_92,352,0.585,2,0.185,0.0,21.92
2025-10-25 23:49:49,012,WAC_006_199_92,96,0.16,7,0.745,0.0,22.0
2025-10-25 23:59:52,012,WAC_006_199_92,36,0.06,12,0.93,0.0,22.06
2025-10-26 00:10:17,012,WAC_006_199_92,129,0.215,4,0.554,0.0,22.17
2025-10-26 00:20:20,012,WAC_006_199_92,110,0.183,7,0.718,0.0,22.04
2025-10-26 00:30:22,012,WAC_006_199_92,55,0.092,9,0.867,0.0,21.89
2025-10-26 00:40:25,012,WAC_006_199_92,84,0.14,10,0.826,0.0,21.83
2025-10-26 00:50:28,012,WAC_006_199_92,152,0.253,7,0.648,0.0,21.84
2025-10-26 01:00:31,012,WAC_006_199_92,48,0.08,10,0.893,0.0,21.98
2025-10-26 01:10:34,012,WAC_006_199_92,22,0.037,11,0.952,0.0,22.1
2025-10-26 01:20:37,012,WAC_006_199_92,12,0.02,14,0.979,0.0,22.14
2025-10-26 01:30:40,012,WAC_006_199_92,26,0.043,12,0.949,0.0,22.2
2025-10-26 01:40:42,012,WAC_006_199_92,55,0.092,9,0.867,0.0,22.25
2025-10-26 01:50:45,012,WAC_006_199_92,44,0.073,13,0.922,0.0,22.11
2025-10-26 02:00:49,012,WAC_006_199_92,32,0.053,12,0.938,0.0,22.13
2025-10-26 02:10:52,012,WAC_006_199_92,11,0.018,14,0.981,0.0,22.15
2025-10-26 02:20:55,012,WAC_006_199_92,8,0.013,14,0.986,0.0,22.2
2025-10-26 02:30:58,012,WAC_006_199_92,35,0.058,13,0.937,0.0,22.2
2025-10-26 02:41:00,012,WAC_006_199_92,24,0.04,12,0.952,0.0,22.22
2025-10-26 02:51:03,012,WAC_006_199_92,11,0.018,14,0.981,0.0,22.2
2025-10-26 03:01:05,012,WAC_006_199_92,149,0.248,3,0.446,0.0,22.2
2025-10-26 03:11:08,012,WAC_006_199_92,124,0.207,5,0.617,0.0,22.1
2025-10-26 03:21:11,012,WAC_006_199_92,59,0.098,13,0.898,0.0,21.93
2025-10-26 03:31:13,012,WAC_006_199_92,118,0.196,10,0.772,0.0,21.85
2025-10-26 03:41:16,012,WAC_006_199_92,65,0.108,8,0.831,0.0,21.8
2025-10-26 03:51:19,012,WAC_006_199_92,86,0.143,11,0.837,0.0,21.77
2025-10-26 04:01:22,012,WAC_006_199_92,262,0.436,2,0.234,0.0,21.86
2025-10-26 04:11:38,012,WAC_006_199_92,49,0.082,8,0.867,0.0,22.01
2025-10-26 04:21:40,012,WAC_006_199_92,113,0.188,5,0.639,0.0,22.08
2025-10-26 04:31:43,012,WAC_006_199_92,26,0.043,13,0.952,0.0,22.09
2025-10-26 04:41:46,012,WAC_006_199_92,49,0.082,10,0.891,0.0,22.1
2025-10-26 04:51:49,012,WAC_006_199_92,182,0.303,4,0.468,0.0,22.05
2025-10-26 05:01:52,012,WAC_006_199_92,150,0.25,6,0.615,0.0,21.94
2025-10-26 05:11:54,012,WAC_006_199_92,3,0.005,14,0.995,0.0,21.81
2025-10-26 05:21:57,012,WAC_006_199_92,127,0.211,8,0.716,0.0,21.77
2025-10-26 05:31:59,012,WAC_006_199_92,95,0.158,10,0.808,0.0,21.73
2025-10-26 05:42:02,012,WAC_006_199_92,441,0.734,0,0.0,0.0,21.89
2025-10-26 05:52:05,012,WAC_006_199_92,108,0.179,8,0.748,0.0,22.02
2025-10-26 06:02:08,012,WAC_006_199_92,3,0.005,14,0.995,0.1944,22.1
2025-10-26 06:12:10,012,WAC_006_199_92,5,0.008,14,0.991,0.1872,22.1
2025-10-26 06:22:13,012,WAC_006_199_92,3,0.005,14,0.995,0.1908,22.12
2025-10-26 06:32:16,012,WAC_006_199_92,3,0.005,15,0.995,0.1908,22.09
2025-10-26 06:42:19,012,WAC_006_199_92,0,0.0,15,1.0,0.1872,22.07
2025-10-26 06:52:22,012,WAC_006_199_92,1,0.002,14,0.998,0.198,22.07
2025-10-26 07:02:25,012,WAC_006_199_92,0,0.0,15,1.0,0.1944,22.07
2025-10-26 07:12:28,012,WAC_006_199_92,30,0.05,13,0.945,0.1944,22.07
2025-10-26 07:22:30,012,WAC_006_199_92,3,0.005,15,0.995,0.1944,22.06
2025-10-26 07:32:33,012,WAC_006_199_92,8,0.013,14,0.986,0.2052,22.07
2025-10-26 07:42:36,012,WAC_006_199_92,5,0.008,14,0.991,0.1944,22.07
2025-10-26 07:52:39,012,WAC_006_199_92,8,0.013,14,0.986,0.198,22.05
2025-10-26 08:02:42,012,WAC_006_199_92,0,0.0,15,1.0,0.1944,22.03
2025-10-26 08:13:03,012,WAC_006_199_92,14,0.023,13,0.974,0.1944,22.07
2025-10-26 08:23:06,012,WAC_006_199_92,3,0.005,14,0.995,0.1944,22.02
2025-10-26 08:33:09,012,WAC_006_199_92,84,0.14,5,0.704,0.18,22.07
2025-10-26 08:43:12,012,WAC_006_199_92,52,0.087,11,0.894,0.1656,21.95
2025-10-26 08:53:15,012,WAC_006_199_92,393,0.654,1,0.092,0.1008,22.06
2025-10-26 09:03:18,012,WAC_006_199_92,19,0.032,13,0.965,0.1476,22.09
2025-10-26 09:13:20,012,WAC_006_199_92,12,0.02,15,0.98,0.144,22.13
2025-10-26 09:23:23,012,WAC_006_199_92,0,0.0,15,1.0,0.144,22.13
2025-10-26 09:33:27,012,WAC_006_199_92,0,0.0,15,1.0,0.144,22.13
2025-10-26 09:43:30,012,WAC_006_199_92,2,0.003,14,0.996,0.144,22.12
2025-10-26 09:53:32,012,WAC_006_199_92,0,0.0,15,1.0,0.144,22.08
2025-10-26 10:03:35,012,WAC_006_199_92,34,0.057,12,0.934,0.1296,22.09
2025-10-26 10:13:38,012,WAC_006_199_92,7,0.012,14,0.988,0.1548,22.08
2025-10-26 10:23:41,012,WAC_006_199_92,3,0.005,14,0.995,0.1512,22.07
2025-10-26 10:33:44,012,WAC_006_199_92,13,0.022,14,0.977,0.1296,22.07
2025-10-26 10:43:47,012,WAC_006_199_92,18,0.03,14,0.969,0.1512,22.09
2025-10-26 10:53:49,012,WAC_006_199_92,2,0.003,15,0.997,0.1584,22.11
2025-10-26 11:03:52,012,WAC_006_199_92,7,0.012,15,0.988,0.1404,22.12
2025-10-26 11:13:55,012,WAC_006_199_92,0,0.0,15,1.0,0.1368,22.1
2025-10-26 11:23:58,012,WAC_006_199_92,16,0.027,14,0.972,0.144,22.1
2025-10-26 11:34:01,012,WAC_006_199_92,7,0.012,14,0.988,0.1404,22.1
2025-10-26 11:44:04,012,WAC_006_199_92,8,0.013,14,0.986,0.1584,22.07
2025-10-26 11:54:07,012,WAC_006_199_92,45,0.075,10,0.899,0.1584,22.11
2025-10-26 12:04:10,012,WAC_006_199_92,23,0.038,12,0.954,0.1692,22.11
2025-10-26 12:14:31,012,WAC_006_199_92,7,0.012,14,0.988,0.162,22.09
2025-10-26 12:24:35,012,WAC_006_199_92,0,0.0,15,1.0,0.1584,22.0
2025-10-26 12:34:37,012,WAC_006_199_92,1,0.002,15,0.998,0.1512,22.0
2025-10-26 12:44:39,012,WAC_006_199_92,5,0.008,15,0.992,0.1584,21.99
2025-10-26 12:54:41,012,WAC_006_199_92,0,0.0,15,1.0,0.1584,22.0
2025-10-26 13:04:45,012,WAC_006_199_92,19,0.032,13,0.965,0.1584,22.02
2025-10-26 13:14:48,012,WAC_006_199_92,0,0.0,15,1.0,0.1584,21.98
2025-10-26 13:24:51,012,WAC_006_199_92,0,0.0,15,1.0,0.1584,21.98
2025-10-26 13:34:54,012,WAC_006_199_92,134,0.223,4,0.544,0.0792,22.03
2025-10-26 13:44:56,012,WAC_006_199_92,113,0.188,7,0.712,0.162,22.04
2025-10-26 13:54:59,012,WAC_006_199_92,0,0.0,15,1.0,0.1512,21.95
2025-10-26 14:05:02,012,WAC_006_199_92,0,0.0,15,1.0,0.1512,21.89
2025-10-26 14:15:05,012,WAC_006_199_92,7,0.012,14,0.988,0.1656,21.88
2025-10-26 14:25:08,012,WAC_006_199_92,2,0.003,15,0.997,0.1656,21.86
2025-10-26 14:35:11,012,WAC_006_199_92,17,0.028,14,0.971,0.1764,21.8
2025-10-26 14:45:13,012,WAC_006_199_92,0,0.0,15,1.0,0.1656,21.75
2025-10-26 14:55:16,012,WAC_006_199_92,7,0.012,14,0.988,0.1728,21.72
2025-10-26 15:05:19,012,WAC_006_199_92,43,0.072,9,0.893,0.162,21.77
2025-10-26 15:15:22,012,WAC_006_199_92,92,0.153,3,0.566,0.1584,21.84
2025-10-26 15:25:25,012,WAC_006_199_92,126,0.21,8,0.717,0.1656,21.82
2025-10-26 15:35:28,012,WAC_006_199_92,10,0.017,15,0.984,0.1692,21.85
2025-10-26 15:45:31,012,WAC_006_199_92,0,0.0,15,1.0,0.1512,21.85
2025-10-26 15:55:35,012,WAC_006_199_92,5,0.008,14,0.991,0.1656,21.86
2025-10-26 16:05:37,012,WAC_006_199_92,6,0.01,15,0.99,0.1584,21.87
2025-10-26 16:16:04,012,WAC_006_199_92,3,0.005,15,0.995,0.162,21.93
2025-10-26 16:26:07,012,WAC_006_199_92,14,0.023,14,0.976,0.1512,21.91
2025-10-26 16:36:10,012,WAC_006_199_92,1,0.002,15,0.998,0.1548,21.9
2025-10-26 16:46:13,012,WAC_006_199_92,22,0.037,11,0.952,0.1548,21.89
2025-10-26 16:56:16,012,WAC_006_199_92,32,0.053,11,0.932,0.144,21.87
2025-10-26 17:06:19,012,WAC_006_199_92,176,0.293,3,0.405,0.0936,21.95
2025-10-26 17:16:21,012,WAC_006_199_92,53,0.088,14,0.914,0.1512,21.83
2025-10-26 17:26:24,012,WAC_006_199_92,266,0.443,2,0.231,0.108,21.97
2025-10-26 17:36:27,012,WAC_006_199_92,42,0.07,10,0.905,0.1152,22.02
2025-10-26 17:46:30,012,WAC_006_199_92,9,0.015,13,0.983,0.1152,22.03
2025-10-26 17:56:33,012,WAC_006_199_92,14,0.023,14,0.976,0.1188,22.05
2025-10-26 18:06:35,012,WAC_006_199_92,61,0.102,10,0.868,0.0,22.06
2025-10-26 18:16:38,012,WAC_006_199_92,212,0.353,3,0.361,0.0,22.11
2025-10-26 18:26:41,012,WAC_006_199_92,56,0.093,12,0.896,0.0,21.97
2025-10-26 18:36:44,012,WAC_006_199_92,121,0.201,8,0.726,0.0,21.92
2025-10-26 18:46:47,012,WAC_006_199_92,104,0.173,9,0.776,0.0,21.86
2025-10-26 18:56:50,012,WAC_006_199_92,215,0.358,3,0.358,0.0,21.98
2025-10-26 19:06:51,012,WAC_006_199_92,29,0.048,12,0.943,0.0,22.05
2025-10-26 19:16:53,012,WAC_006_199_92,76,0.127,9,0.826,0.0,22.08
2025-10-26 19:26:56,012,WAC_006_199_92,143,0.238,6,0.627,0.0,22.09
2025-10-26 19:36:59,012,WAC_006_199_92,174,0.29,8,0.648,0.0,22.07
2025-10-26 19:47:02,012,WAC_006_199_92,261,0.434,6,0.479,0.0,22.13
2025-10-26 19:57:05,012,WAC_006_199_92,99,0.164,9,0.784,0.0,22.17
2025-10-26 20:07:08,012,WAC_006_199_92,44,0.073,13,0.922,0.0,22.24
2025-10-26 20:17:34,012,WAC_006_199_92,32,0.054,12,0.938,0.0,22.37
2025-10-26 20:27:37,012,WAC_006_199_92,148,0.246,7,0.654,0.0,22.37
2025-10-26 20:37:40,012,WAC_006_199_92,30,0.05,14,0.949,0.0,22.24
2025-10-26 20:47:43,012,WAC_006_199_92,112,0.187,6,0.682,0.0,22.14
2025-10-26 20:57:45,012,WAC_006_199_92,106,0.176,8,0.751,0.0,22.09
2025-10-26 21:07:49,012,WAC_006_199_92,213,0.354,2,0.273,0.0,22.12
2025-10-26 21:17:51,012,WAC_006_199_92,21,0.035,13,0.961,0.0,22.06
2025-10-26 21:27:54,012,WAC_006_199_92,156,0.26,6,0.606,0.0,22.02
2025-10-26 21:37:57,012,WAC_006_199_92,42,0.07,13,0.925,0.0,21.98
2025-10-26 21:48:00,012,WAC_006_199_92,273,0.454,1,0.128,0.0,22.02
2025-10-26 21:58:03,012,WAC_006_199_92,64,0.106,13,0.89,0.0,21.97
2025-10-26 22:08:06,012,WAC_006_199_92,248,0.413,2,0.244,0.0,22.03
2025-10-26 22:18:08,012,WAC_006_199_92,168,0.28,7,0.625,0.0,22.1
2025-10-26 22:28:11,012,WAC_006_199_92,14,0.023,13,0.974,0.0,22.1
2025-10-26 22:38:14,012,WAC_006_199_92,23,0.038,13,0.958,0.0,22.09
2025-10-26 22:48:16,012,WAC_006_199_92,247,0.411,3,0.327,0.0,22.12
2025-10-26 22:58:19,012,WAC_006_199_92,65,0.108,13,0.889,0.0,22.03
2025-10-26 23:08:22,012,WAC_006_199_92,132,0.22,8,0.708,0.0,21.99
2025-10-26 23:18:25,012,WAC_006_199_92,55,0.092,12,0.897,0.0,21.95
2025-10-26 23:28:27,012,WAC_006_199_92,60,0.1,9,0.857,0.0,21.89
2025-10-26 23:38:30,012,WAC_006_199_92,7,0.012,14,0.988,0.0,21.88
2025-10-26 23:48:33,012,WAC_006_199_92,164,0.273,6,0.594,0.0,21.88
2025-10-26 23:58:36,012,WAC_006_199_92,29,0.048,14,0.951,0.0,21.87
2025-11-01 00:02:57,016,WAC_006_199_93,26,0.043,13,0.952,0.0,21.73
2025-11-01 00:13:00,016,WAC_006_199_93,0,0.0,15,1.0,0.0,21.69
2025-11-01 00:23:03,016,WAC_006_199_93,0,0.0,15,1.0,0.0,21.63
2025-11-01 00:33:06,016,WAC_006_199_93,0,0.0,15,1.0,0.0,21.58
2025-11-01 00:43:09,016,WAC_006_199_93,0,0.0,15,1.0,0.0,21.56
2025-11-01 00:53:12,016,WAC_006_199_93,0,0.0,15,1.0,0.0,21.55
2025-11-01 01:03:15,016,WAC_006_199_93,0,0.0,15,1.0,0.0,21.53
2025-11-01 01:13:18,016,WAC_006_199_93,0,0.0,15,1.0,0.0,21.53
2025-11-01 01:23:21,016,WAC_006_199_93,0,0.0,15,1.0,0.0,21.5
2025-11-01 01:33:24,016,WAC_006_199_93,0,0.0,15,1.0,0.0,21.48
2025-11-01 01:43:27,016,WAC_006_199_93,0,0.0,15,1.0,0.0,21.46
2025-11-01 01:53:30,016,WAC_006_199_93,0,0.0,15,1.0,0.0,21.46
2025-11-01 02:03:34,016,WAC_006_199_93,0,0.0,15,1.0,0.0,21.46
2025-11-01 02:13:37,016,WAC_006_199_93,0,0.0,15,1.0,0.0,21.46
2025-11-01 02:23:40,016,WAC_006_199_93,0,0.0,15,1.0,0.0,21.46
2025-11-01 02:33:43,016,WAC_006_199_93,16,0.027,14,0.972,0.0,21.5
2025-11-01 02:43:46,016,WAC_006_199_93,32,0.053,13,0.942,0.0,21.53
2025-11-01 02:53:48,016,WAC_006_199_93,86,0.143,9,0.807,0.0,21.57
2025-11-01 03:03:52,016,WAC_006_199_93,104,0.173,10,0.794,0.0,21.6
2025-11-01 03:13:55,016,WAC_006_199_93,100,0.166,7,0.737,0.0,21.61
2025-11-01 03:23:57,016,WAC_006_199_93,0,0.0,15,1.0,0.0,21.58
2025-11-01 03:34:00,016,WAC_006_199_93,0,0.0,15,1.0,0.0,21.54
2025-11-01 03:44:03,016,WAC_006_199_93,0,0.0,15,1.0,0.0,21.5
2025-11-01 03:54:23,016,WAC_006_199_93,0,0.0,15,1.0,0.0,21.51
2025-11-01 04:04:26,016,WAC_006_199_93,0,0.0,15,1.0,0.0,21.46
2025-11-01 04:14:29,016,WAC_006_199_93,0,0.0,15,1.0,0.0,21.44
2025-11-01 04:24:32,016,WAC_006_199_93,0,0.0,15,1.0,0.0,21.43
2025-11-01 04:34:35,016,WAC_006_199_93,0,0.0,15,1.0,0.0,21.41
2025-11-01 04:44:38,016,WAC_006_199_93,0,0.0,15,1.0,0.0,21.41
2025-11-01 04:54:41,016,WAC_006_199_93,4,0.007,15,0.993,0.0,21.41
2025-11-01 05:04:44,016,WAC_006_199_93,55,0.092,9,0.867,0.0,21.49
2025-11-01 05:14:47,016,WAC_006_199_93,151,0.251,6,0.614,0.0,21.54
2025-11-01 05:24:50,016,WAC_006_199_93,18,0.03,14,0.969,0.0,21.52
2025-11-01 05:34:53,016,WAC_006_199_93,33,0.055,12,0.936,0.0,21.52
2025-11-01 05:44:57,016,WAC_006_199_93,44,0.073,11,0.909,0.0,21.54
2025-11-01 05:55:00,016,WAC_006_199_93,29,0.048,12,0.943,0.0,21.54
2025-11-01 06:05:03,016,WAC_006_199_93,4,0.007,15,0.993,0.1512,21.56
2025-11-01 06:15:06,016,WAC_006_199_93,0,0.0,15,1.0,0.1512,21.56
2025-11-01 06:25:09,016,WAC_006_199_93,0,0.0,15,1.0,0.1512,21.54
2025-11-01 06:35:12,016,WAC_006_199_93,0,0.0,15,1.0,0.1512,21.51
2025-11-01 06:45:15,016,WAC_006_199_93,0,0.0,15,1.0,0.1512,21.48
2025-11-01 06:55:18,016,WAC_006_199_93,0,0.0,15,1.0,0.1512,21.46
2025-11-01 07:05:21,016,WAC_006_199_93,0,0.0,15,1.0,0.1512,21.44
2025-11-01 07:15:24,016,WAC_006_199_93,0,0.0,15,1.0,0.1512,21.41
2025-11-01 07:25:26,016,WAC_006_199_93,0,0.0,15,1.0,0.1512,21.4
2025-11-01 07:35:29,016,WAC_006_199_93,0,0.0,15,1.0,0.1512,21.39
2025-11-01 07:45:32,016,WAC_006_199_93,0,0.0,15,1.0,0.1512,21.39
2025-11-01 07:55:48,016,WAC_006_199_93,0,0.0,15,1.0,0.1512,21.42
2025-11-01 08:05:51,016,WAC_006_199_93,0,0.0,15,1.0,0.144,21.4
2025-11-01 08:15:54,016,WAC_006_199_93,9,0.015,14,0.984,0.1548,21.38
2025-11-01 08:25:57,016,WAC_006_199_93,10,0.017,14,0.982,0.1548,21.39
2025-11-01 08:36:00,016,WAC_006_199_93,0,0.0,15,1.0,0.18,21.4
2025-11-01 08:46:04,016,WAC_006_199_93,0,0.0,15,1.0,0.18,21.41
2025-11-01 08:56:07,016,WAC_006_199_93,0,0.0,15,1.0,0.1512,21.41
2025-11-01 09:06:10,016,WAC_006_199_93,0,0.0,15,1.0,0.1512,21.4
2025-11-01 09:16:13,016,WAC_006_199_93,0,0.0,15,1.0,0.1512,21.4
2025-11-01 09:26:15,016,WAC_006_199_93,0,0.0,15,1.0,0.1512,21.4
2025-11-01 09:36:19,016,WAC_006_199_93,0,0.0,15,1.0,0.1512,21.39
2025-11-01 09:46:22,016,WAC_006_199_93,0,0.0,15,1.0,0.1512,21.38
2025-11-01 09:56:25,016,WAC_006_199_93,0,0.0,15,1.0,0.1512,21.38
2025-11-01 10:06:28,016,WAC_006_199_93,0,0.0,15,1.0,0.1512,21.38
2025-11-01 10:16:31,016,WAC_006_199_93,0,0.0,15,1.0,0.1512,21.4
2025-11-01 10:26:34,016,WAC_006_199_93,0,0.0,15,1.0,0.1512,21.41
2025-11-01 10:36:37,016,WAC_006_199_93,0,0.0,15,1.0,0.1512,21.43
2025-11-01 10:46:40,016,WAC_006_199_93,20,0.033,13,0.963,0.1584,21.46
2025-11-01 10:56:43,016,WAC_006_199_93,0,0.0,15,1.0,0.144,21.48
2025-11-01 11:06:46,016,WAC_006_199_93,22,0.037,13,0.959,0.1764,21.49
2025-11-01 11:16:49,016,WAC_006_199_93,0,0.0,15,1.0,0.144,21.49
2025-11-01 11:26:52,016,WAC_006_199_93,0,0.0,15,1.0,0.1476,21.47
2025-11-01 11:36:56,016,WAC_006_199_93,0,0.0,15,1.0,0.144,21.45
2025-11-01 11:46:59,016,WAC_006_199_93,0,0.0,15,1.0,0.1476,21.44
2025-11-01 11:57:13,016,WAC_006_199_93,0,0.0,15,1.0,0.144,21.46
2025-11-01 12:07:17,016,WAC_006_199_93,0,0.0,15,1.0,0.144,21.45
2025-11-01 12:17:20,016,WAC_006_199_93,0,0.0,15,1.0,0.144,21.43
2025-11-01 12:27:23,016,WAC_006_199_93,0,0.0,15,1.0,0.144,21.43
2025-11-01 12:37:26,016,WAC_006_199_93,0,0.0,15,1.0,0.1476,21.41
2025-11-01 12:47:29,016,WAC_006_199_93,0,0.0,15,1.0,0.1476,21.41
2025-11-01 12:57:32,016,WAC_006_199_93,0,0.0,15,1.0,0.144,21.4
2025-11-01 13:07:35,016,WAC_006_199_93,0,0.0,15,1.0,0.1476,21.4
2025-11-01 13:17:38,016,WAC_006_199_93,0,0.0,15,1.0,0.1656,21.39
2025-11-01 13:27:41,016,WAC_006_199_93,0,0.0,15,1.0,0.1764,21.39
2025-11-01 13:37:45,016,WAC_006_199_93,0,0.0,15,1.0,0.1764,21.38
2025-11-01 13:47:47,016,WAC_006_199_93,0,0.0,15,1.0,0.144,21.36
2025-11-01 13:57:50,016,WAC_006_199_93,0,0.0,15,1.0,0.1476,21.35
2025-11-01 14:07:53,016,WAC_006_199_93,0,0.0,15,1.0,0.1476,21.34
2025-11-01 14:17:56,016,WAC_006_199_93,0,0.0,15,1.0,0.144,21.34
2025-11-01 14:28:00,016,WAC_006_199_93,0,0.0,15,1.0,0.144,21.33
2025-11-01 14:38:03,016,WAC_006_199_93,0,0.0,15,1.0,0.144,21.33
2025-11-01 14:48:06,016,WAC_006_199_93,0,0.0,15,1.0,0.144,21.32
2025-11-01 14:58:09,016,WAC_006_199_93,0,0.0,15,1.0,0.1728,21.29
2025-11-01 15:08:11,016,WAC_006_199_93,16,0.027,14,0.972,0.1512,21.3
2025-11-01 15:18:14,016,WAC_006_199_93,81,0.135,10,0.832,0.1656,21.42
2025-11-01 15:28:17,016,WAC_006_199_93,15,0.025,13,0.972,0.1728,21.44
2025-11-01 15:38:20,016,WAC_006_199_93,0,0.0,15,1.0,0.1728,21.45
2025-11-01 15:48:24,016,WAC_006_199_93,0,0.0,15,1.0,0.144,21.45
2025-11-01 15:58:42,016,WAC_006_199_93,0,0.0,15,1.0,0.144,21.46
2025-11-01 16:08:45,016,WAC_006_199_93,0,0.0,15,1.0,0.144,21.42
2025-11-01 16:18:49,016,WAC_006_199_93,0,0.0,15,1.0,0.144,21.38
2025-11-01 16:28:51,016,WAC_006_199_93,0,0.0,15,1.0,0.1512,21.34
2025-11-01 16:38:55,016,WAC_006_199_93,0,0.0,15,1.0,0.144,21.29
2025-11-01 16:48:58,016,WAC_006_199_93,0,0.0,15,1.0,0.144,21.25
2025-11-01 16:59:01,016,WAC_006_199_93,0,0.0,15,1.0,0.144,21.21
2025-11-01 17:09:04,016,WAC_006_199_93,47,0.078,12,0.911,0.144,21.22
2025-11-01 17:19:07,016,WAC_006_199_93,9,0.015,13,0.983,0.18,21.21
2025-11-01 17:29:10,016,WAC_006_199_93,0,0.0,15,1.0,0.18,21.22
2025-11-01 17:39:13,016,WAC_006_199_93,0,0.0,15,1.0,0.1512,21.22
2025-11-01 17:49:16,016,WAC_006_199_93,0,0.0,15,1.0,0.1512,21.21
2025-11-01 17:59:19,016,WAC_006_199_93,0,0.0,15,1.0,0.144,21.2
2025-11-01 18:09:22,016,WAC_006_199_93,6,0.01,14,0.989,0.0,21.18
2025-11-01 18:19:25,016,WAC_006_199_93,86,0.143,10,0.823,0.0,21.23
2025-11-01 18:29:29,016,WAC_006_199_93,137,0.228,9,0.724,0.0,21.39
2025-11-01 18:39:32,016,WAC_006_199_93,98,0.163,9,0.786,0.0,21.43
2025-11-01 18:49:34,016,WAC_006_199_93,175,0.291,7,0.615,0.0,21.44
2025-11-01 18:59:38,016,WAC_006_199_93,102,0.17,9,0.779,0.0,21.46
2025-11-01 19:09:41,016,WAC_006_199_93,142,0.236,6,0.628,0.0,21.52
2025-11-01 19:19:44,016,WAC_006_199_93,64,0.106,11,0.873,0.0,21.49
2025-11-01 19:29:47,016,WAC_006_199_93,169,0.281,6,0.587,0.0,21.5
2025-11-01 19:39:50,016,WAC_006_199_93,56,0.093,11,0.887,0.0,21.48
2025-11-01 19:49:53,016,WAC_006_199_93,265,0.44,3,0.312,0.0,21.68
2025-11-01 20:00:10,016,WAC_006_199_93,36,0.06,12,0.93,0.0,21.64
2025-11-01 20:10:13,016,WAC_006_199_93,65,0.108,9,0.847,0.0,21.59
2025-11-01 20:20:16,016,WAC_006_199_93,128,0.213,9,0.738,0.0,21.72
2025-11-01 20:30:19,016,WAC_006_199_93,41,0.068,13,0.927,0.0,21.71
2025-11-01 20:40:22,016,WAC_006_199_93,32,0.053,11,0.932,0.0,21.66
2025-11-01 20:50:25,016,WAC_006_199_93,193,0.321,6,0.554,0.0,21.7
2025-11-01 21:00:28,016,WAC_006_199_93,61,0.101,10,0.868,0.0,21.63
2025-11-01 21:10:31,016,WAC_006_199_93,52,0.087,13,0.909,0.0,21.58
2025-11-01 21:20:34,016,WAC_006_199_93,127,0.211,5,0.612,0.0,21.58
2025-11-01 21:30:37,016,WAC_006_199_93,41,0.068,9,0.898,0.0,21.57
2025-11-01 21:40:40,016,WAC_006_199_93,74,0.123,11,0.856,0.0,21.57
2025-11-01 21:50:43,016,WAC_006_199_93,225,0.374,3,0.348,0.0,21.71
2025-11-01 22:00:46,016,WAC_006_199_93,65,0.108,9,0.847,0.0,21.64
2025-11-01 22:10:49,016,WAC_006_199_93,92,0.153,8,0.777,0.0,21.58
2025-11-01 22:20:52,016,WAC_006_199_93,91,0.151,9,0.798,0.0,21.55
2025-11-01 22:30:55,016,WAC_006_199_93,17,0.028,14,0.971,0.0,21.52
2025-11-01 22:40:58,016,WAC_006_199_93,0,0.0,15,1.0,0.0,21.48
2025-11-01 22:51:01,016,WAC_006_199_93,0,0.0,15,1.0,0.0,21.47
2025-11-01 23:01:04,016,WAC_006_199_93,0,0.0,15,1.0,0.0,21.47
2025-11-01 23:11:07,016,WAC_006_199_93,0,0.0,15,1.0,0.0,21.46
2025-11-01 23:21:10,016,WAC_006_199_93,0,0.0,15,1.0,0.0,21.46
2025-11-01 23:31:13,016,WAC_006_199_93,0,0.0,15,1.0,0.0,21.47
2025-11-01 23:41:16,016,WAC_006_199_93,0,0.0,15,1.0,0.0,21.45
2025-11-01 23:51:19,016,WAC_006_199_93,0,0.0,15,1.0,0.0,21.44
2025-11-02 00:01:40,016,WAC_006_199_93,0,0.0,15,1.0,0.0,21.46
2025-11-02 00:11:43,016,WAC_006_199_93,0,0.0,15,1.0,0.0,21.43
2025-11-02 00:21:46,016,WAC_006_199_93,0,0.0,15,1.0,0.0,21.39
2025-11-02 00:31:49,016,WAC_006_199_93,0,0.0,15,1.0,0.0,21.35
2025-11-02 00:41:52,016,WAC_006_199_93,42,0.07,13,0.925,0.0,21.33
2025-11-02 00:51:55,016,WAC_006_199_93,145,0.241,8,0.688,0.0,21.45
2025-11-02 01:01:58,016,WAC_006_199_93,0,0.0,15,1.0,0.0,21.46
2025-11-02 01:12:01,016,WAC_006_199_93,50,0.083,10,0.889,0.0,21.47
2025-11-02 01:22:04,016,WAC_006_199_93,108,0.18,5,0.649,0.0,21.51
2025-11-02 01:32:08,016,WAC_006_199_93,92,0.153,9,0.796,0.0,21.54
2025-11-02 01:42:10,016,WAC_006_199_93,0,0.0,15,1.0,0.0,21.56
2025-11-02 01:52:13,016,WAC_006_199_93,87,0.145,8,0.786,0.0,21.63
2025-11-02 02:02:17,016,WAC_006_199_93,71,0.118,8,0.818,0.0,21.66
2025-11-02 02:12:20,016,WAC_006_199_93,77,0.128,10,0.839,0.0,21.66
2025-11-02 02:22:23,016,WAC_006_199_93,65,0.108,11,0.871,0.0,21.62
2025-11-02 02:32:26,016,WAC_006_199_93,39,0.065,12,0.925,0.0,21.6
2025-11-02 02:42:29,016,WAC_006_199_93,137,0.228,5,0.593,0.0,21.61
2025-11-02 02:52:31,016,WAC_006_199_93,114,0.19,7,0.711,0.0,21.6
2025-11-02 03:02:34,016,WAC_006_199_93,14,0.023,14,0.976,0.0,21.58
2025-11-02 03:03:03,016,WAC_006_199_93,74,0.123,10,0.844,0.0,21.64
2025-11-02 03:12:37,016,WAC_006_199_93,46,0.077,12,0.913,0.0,21.57
2025-11-02 03:13:05,016,WAC_006_199_93,54,0.09,12,0.899,0.0,21.61
2025-11-02 03:22:40,016,WAC_006_199_93,133,0.221,5,0.601,0.0,21.61
2025-11-02 03:23:08,016,WAC_006_199_93,45,0.075,12,0.914,0.0,21.6
2025-11-02 03:32:43,016,WAC_006_199_93,1,0.002,15,0.998,0.0,21.62
2025-11-02 03:33:11,016,WAC_006_199_93,45,0.075,11,0.907,0.0,21.58
2025-11-02 03:42:46,016,WAC_006_199_93,144,0.24,6,0.625,0.0,21.68
2025-11-02 03:43:14,016,WAC_006_199_93,0,0.0,15,1.0,0.0,21.54
2025-11-02 03:52:49,016,WAC_006_199_93,77,0.128,6,0.757,0.0,21.66
2025-11-02 03:53:17,016,WAC_006_199_93,0,0.0,15,1.0,0.0,21.5
2025-11-02 04:03:20,016,WAC_006_199_93,0,0.0,15,1.0,0.0,21.44
2025-11-02 04:13:23,016,WAC_006_199_93,0,0.0,15,1.0,0.0,21.39
2025-11-02 04:23:26,016,WAC_006_199_93,0,0.0,15,1.0,0.0,21.37
2025-11-02 04:33:29,016,WAC_006_199_93,0,0.0,15,1.0,0.0,21.36
2025-11-02 04:43:32,016,WAC_006_199_93,0,0.0,15,1.0,0.0,21.38
2025-11-02 04:53:36,016,WAC_006_199_93,0,0.0,15,1.0,0.0,21.38
2025-11-02 05:03:39,016,WAC_006_199_93,0,0.0,15,1.0,0.0,21.38
2025-11-02 05:13:41,016,WAC_006_199_93,0,0.0,15,1.0,0.0,21.36
2025-11-02 05:23:44,016,WAC_006_199_93,0,0.0,15,1.0,0.0,21.32
2025-11-02 05:33:47,016,WAC_006_199_93,0,0.0,15,1.0,0.0,21.3
2025-11-02 05:43:50,016,WAC_006_199_93,0,0.0,15,1.0,0.0,21.28
2025-11-02 05:53:54,016,WAC_006_199_93,79,0.131,9,0.82,0.0,21.36
2025-11-02 06:03:57,016,WAC_006_199_93,60,0.1,11,0.88,0.1368,21.43
2025-11-02 06:14:00,016,WAC_006_199_93,0,0.0,15,1.0,0.1368,21.44
2025-11-02 06:24:03,016,WAC_006_199_93,0,0.0,15,1.0,0.1368,21.43
2025-11-02 06:34:06,016,WAC_006_199_93,0,0.0,15,1.0,0.1368,21.42
2025-11-02 06:44:08,016,WAC_006_199_93,0,0.0,15,1.0,0.1368,21.4
2025-11-02 06:54:11,016,WAC_006_199_93,0,0.0,15,1.0,0.1368,21.4
2025-11-02 07:04:14,016,WAC_006_199_93,0,0.0,15,1.0,0.1368,21.4
2025-11-02 07:14:17,016,WAC_006_199_93,0,0.0,15,1.0,0.1368,21.4
2025-11-02 07:24:21,016,WAC_006_199_93,0,0.0,15,1.0,0.1368,21.39
2025-11-02 07:34:24,016,WAC_006_199_93,0,0.0,15,1.0,0.1368,21.4
2025-11-02 07:44:27,016,WAC_006_199_93,0,0.0,15,1.0,0.1368,21.41
2025-11-02 07:54:30,016,WAC_006_199_93,0,0.0,15,1.0,0.1368,21.39
2025-11-02 08:04:48,016,WAC_006_199_93,0,0.0,15,1.0,0.1368,21.42
2025-11-02 08:14:50,016,WAC_006_199_93,0,0.0,15,1.0,0.1368,21.41
2025-11-02 08:24:54,016,WAC_006_199_93,0,0.0,15,1.0,0.1368,21.41
2025-11-02 08:34:57,016,WAC_006_199_93,0,0.0,15,1.0,0.1368,21.4
2025-11-02 08:45:00,016,WAC_006_199_93,0,0.0,15,1.0,0.144,21.4
2025-11-02 08:55:02,016,WAC_006_199_93,0,0.0,15,1.0,0.1368,21.37
2025-11-02 09:05:06,016,WAC_006_199_93,0,0.0,15,1.0,0.1368,21.34
2025-11-02 09:15:09,016,WAC_006_199_93,0,0.0,15,1.0,0.1368,21.33
2025-11-02 09:25:12,016,WAC_006_199_93,0,0.0,15,1.0,0.1368,21.33
2025-11-02 09:35:15,016,WAC_006_199_93,0,0.0,15,1.0,0.144,21.3
2025-11-02 09:45:18,016,WAC_006_199_93,0,0.0,15,1.0,0.1368,21.32
2025-11-02 09:55:22,016,WAC_006_199_93,0,0.0,15,1.0,0.1368,21.31
2025-11-02 10:05:26,016,WAC_006_199_93,0,0.0,15,1.0,0.1368,21.29
2025-11-02 10:15:28,016,WAC_006_199_93,0,0.0,15,1.0,0.1368,21.28
2025-11-02 10:25:31,016,WAC_006_199_93,0,0.0,15,1.0,0.1368,21.26
2025-11-02 10:35:34,016,WAC_006_199_93,0,0.0,15,1.0,0.1368,21.26
2025-11-02 10:45:37,016,WAC_006_199_93,0,0.0,15,1.0,0.1692,21.24
2025-11-02 10:55:40,016,WAC_006_199_93,0,0.0,15,1.0,0.1656,21.26
2025-11-02 11:05:44,016,WAC_006_199_93,0,0.0,15,1.0,0.1656,21.24
2025-11-02 11:15:47,016,WAC_006_199_93,0,0.0,15,1.0,0.1404,21.25
2025-11-02 11:25:50,016,WAC_006_199_93,0,0.0,15,1.0,0.1368,21.25
2025-11-02 11:35:53,016,WAC_006_199_93,0,0.0,15,1.0,0.1476,21.26
2025-11-02 11:45:56,016,WAC_006_199_93,0,0.0,15,1.0,0.144,21.26
2025-11-02 11:55:59,016,WAC_006_199_93,0,0.0,15,1.0,0.1368,21.26
2025-11-02 12:06:15,016,WAC_006_199_93,0,0.0,15,1.0,0.1368,21.35
2025-11-02 12:16:17,016,WAC_006_199_93,0,0.0,15,1.0,0.1368,21.35
2025-11-02 12:26:20,016,WAC_006_199_93,0,0.0,15,1.0,0.1224,21.38
2025-11-02 12:36:22,016,WAC_006_199_93,10,0.017,14,0.982,0.1368,21.44
2025-11-02 12:46:25,016,WAC_006_199_93,0,0.0,15,1.0,0.1368,21.46
2025-11-02 12:56:28,016,WAC_006_199_93,0,0.0,15,1.0,0.1368,21.45
2025-11-02 13:06:32,016,WAC_006_199_93,0,0.0,15,1.0,0.1656,21.42
2025-11-02 13:16:35,016,WAC_006_199_93,0,0.0,15,1.0,0.1656,21.41
2025-11-02 13:26:38,016,WAC_006_199_93,0,0.0,15,1.0,0.1368,21.41
2025-11-02 13:36:41,016,WAC_006_199_93,0,0.0,15,1.0,0.1368,21.42
2025-11-02 13:46:44,016,WAC_006_199_93,0,0.0,15,1.0,0.1368,21.43
2025-11-02 13:56:48,016,WAC_006_199_93,0,0.0,15,1.0,0.1368,21.43
2025-11-02 14:06:51,016,WAC_006_199_93,0,0.0,15,1.0,0.1404,21.44
2025-11-02 14:16:54,016,WAC_006_199_93,0,0.0,15,1.0,0.1368,21.43
2025-11-02 14:26:57,016,WAC_006_199_93,0,0.0,15,1.0,0.1368,21.4
2025-11-02 14:37:00,016,WAC_006_199_93,0,0.0,15,1.0,0.1368,21.36
2025-11-02 14:47:03,016,WAC_006_199_93,0,0.0,15,1.0,0.1368,21.34
2025-11-02 14:57:06,016,WAC_006_199_93,6,0.01,14,0.989,0.126,21.33
2025-11-02 15:07:09,016,WAC_006_199_93,55,0.092,11,0.889,0.1008,21.4
2025-11-02 15:17:12,016,WAC_006_199_93,49,0.081,11,0.9,0.1224,21.47
2025-11-02 15:27:15,016,WAC_006_199_93,19,0.032,13,0.965,0.1332,21.48
2025-11-02 15:37:18,016,WAC_006_199_93,73,0.121,10,0.846,0.1368,21.57
2025-11-02 15:47:21,016,WAC_006_199_93,0,0.0,15,1.0,0.1368,21.56
2025-11-02 15:57:24,016,WAC_006_199_93,0,0.0,15,1.0,0.1368,21.54
2025-11-02 16:07:42,016,WAC_006_199_93,0,0.0,15,1.0,0.1656,21.53
2025-11-02 16:17:45,016,WAC_006_199_93,0,0.0,15,1.0,0.1656,21.5
2025-11-02 16:27:48,016,WAC_006_199_93,0,0.0,15,1.0,0.1656,21.46
2025-11-02 16:37:51,016,WAC_006_199_93,0,0.0,15,1.0,0.1656,21.43
2025-11-02 16:47:55,016,WAC_006_199_93,0,0.0,15,1.0,0.1656,21.44
2025-11-02 16:57:58,016,WAC_006_199_93,5,0.008,15,0.992,0.1152,21.45
2025-11-02 17:08:01,016,WAC_006_199_93,23,0.038,13,0.958,0.1368,21.5
2025-11-02 17:18:04,016,WAC_006_199_93,74,0.123,9,0.829,0.1692,21.52
2025-11-02 17:28:07,016,WAC_006_199_93,0,0.0,15,1.0,0.1656,21.51
2025-11-02 17:38:11,016,WAC_006_199_93,28,0.047,12,0.945,0.1368,21.52
2025-11-02 17:48:13,016,WAC_006_199_93,0,0.0,15,1.0,0.1368,21.47
2025-11-02 17:58:16,016,WAC_006_199_93,0,0.0,15,1.0,0.1368,21.43
2025-11-02 18:08:19,016,WAC_006_199_93,41,0.068,13,0.927,0.0,21.42
2025-11-02 18:18:23,016,WAC_006_199_93,249,0.414,4,0.391,0.0,21.64
2025-11-02 18:28:25,016,WAC_006_199_93,36,0.06,13,0.935,0.0,21.62
2025-11-02 18:38:28,016,WAC_006_199_93,88,0.146,9,0.804,0.0,21.61
2025-11-02 18:48:31,016,WAC_006_199_93,114,0.19,9,0.759,0.0,21.67
2025-11-02 18:58:34,016,WAC_006_199_93,20,0.033,12,0.96,0.0,21.61
2025-11-02 19:08:37,016,WAC_006_199_93,20,0.033,12,0.96,0.0,21.59
2025-11-02 19:18:40,016,WAC_006_199_93,120,0.199,7,0.7,0.0,21.59
2025-11-02 19:28:44,016,WAC_006_199_93,58,0.097,9,0.861,0.0,21.59
2025-11-02 19:38:47,016,WAC_006_199_93,50,0.083,10,0.889,0.0,21.61
2025-11-02 19:48:50,016,WAC_006_199_93,136,0.226,9,0.726,0.0,21.72
2025-11-02 19:58:53,016,WAC_006_199_93,0,0.0,15,1.0,0.0,21.66
2025-11-02 20:09:12,016,WAC_006_199_93,0,0.0,15,1.0,0.0,21.64
2025-11-02 20:19:14,016,WAC_006_199_93,0,0.0,15,1.0,0.0,21.58
2025-11-02 20:29:17,016,WAC_006_199_93,2,0.003,14,0.996,0.0,21.53
2025-11-02 20:39:20,016,WAC_006_199_93,41,0.068,11,0.915,0.0,21.5
2025-11-02 20:49:24,016,WAC_006_199_93,33,0.055,13,0.94,0.0,21.52
2025-11-02 20:59:27,016,WAC_006_199_93,76,0.126,10,0.84,0.0,21.54
2025-11-02 21:09:30,016,WAC_006_199_93,71,0.118,10,0.849,0.0,21.53
2025-11-02 21:19:32,016,WAC_006_199_93,30,0.05,12,0.941,0.0,21.54
2025-11-02 21:29:35,016,WAC_006_199_93,69,0.115,9,0.839,0.0,21.57
2025-11-02 21:39:38,016,WAC_006_199_93,55,0.092,10,0.879,0.0,21.58
2025-11-02 21:49:42,016,WAC_006_199_93,205,0.341,5,0.494,0.0,21.67
2025-11-02 21:59:44,016,WAC_006_199_93,139,0.231,6,0.633,0.0,21.68
2025-11-02 22:09:48,016,WAC_006_199_93,145,0.241,6,0.623,0.0,21.73
2025-11-02 22:19:50,016,WAC_006_199_93,31,0.052,12,0.939,0.0,21.7
2025-11-02 22:29:53,016,WAC_006_199_93,239,0.398,4,0.401,0.0,21.8
2025-11-02 22:39:56,016,WAC_006_199_93,49,0.082,12,0.907,0.0,21.77
2025-11-02 22:50:00,016,WAC_006_199_93,78,0.13,8,0.804,0.0,21.71
2025-11-02 23:00:03,016,WAC_006_199_93,43,0.071,10,0.903,0.0,21.66
2025-11-02 23:10:06,016,WAC_006_199_93,55,0.092,10,0.879,0.0,21.63
2025-11-02 23:20:09,016,WAC_006_199_93,156,0.26,6,0.606,0.0,21.67
2025-11-02 23:30:12,016,WAC_006_199_93,19,0.032,13,0.965,0.0,21.6
2025-11-02 23:40:15,016,WAC_006_199_93,0,0.0,15,1.0,0.0,21.52
2025-11-02 23:50:18,016,WAC_006_199_93,0,0.0,15,1.0,0.0,21.46
2025-11-01 00:09:18,001,WAC_006_199_95,0,0.0,15,1.0,0.0,21.38
2025-11-01 00:19:33,001,WAC_006_199_95,0,0.0,15,1.0,0.0,21.4
2025-11-01 00:29:36,001,WAC_006_199_95,6,0.01,14,0.989,0.0,21.38
2025-11-01 00:39:39,001,WAC_006_199_95,3,0.005,14,0.995,0.0,21.36
2025-11-01 00:49:43,001,WAC_006_199_95,1,0.002,14,0.998,0.0,21.36
2025-11-01 00:59:46,001,WAC_006_199_95,88,0.146,10,0.82,0.0,21.4
2025-11-01 01:09:49,001,WAC_006_199_95,141,0.235,8,0.694,0.0,21.49
2025-11-01 01:19:52,001,WAC_006_199_95,71,0.118,10,0.849,0.0,21.49
2025-11-01 01:29:55,001,WAC_006_199_95,120,0.2,8,0.727,0.0,21.52
2025-11-01 01:39:59,001,WAC_006_199_95,0,0.0,15,1.0,0.0,21.5
2025-11-01 01:50:02,001,WAC_006_199_95,0,0.0,15,1.0,0.0,21.45
2025-11-01 02:00:05,001,WAC_006_199_95,0,0.0,15,1.0,0.0,21.43
2025-11-01 02:10:08,001,WAC_006_199_95,98,0.163,11,0.818,0.0,21.47
2025-11-01 02:20:11,001,WAC_006_199_95,58,0.097,11,0.884,0.0,21.47
2025-11-01 02:30:14,001,WAC_006_199_95,162,0.27,8,0.664,0.0,21.53
2025-11-01 02:40:18,001,WAC_006_199_95,129,0.215,8,0.713,0.0,21.63
2025-11-01 02:50:20,001,WAC_006_199_95,7,0.012,13,0.987,0.0,21.57
2025-11-01 03:00:23,001,WAC_006_199_95,198,0.329,7,0.586,0.0,21.62
2025-11-01 03:10:26,001,WAC_006_199_95,256,0.426,4,0.385,0.0,21.64
2025-11-01 03:20:29,001,WAC_006_199_95,175,0.292,7,0.615,0.0,21.59
2025-11-01 03:30:32,001,WAC_006_199_95,1,0.002,14,0.998,0.0,21.52
2025-11-01 03:40:34,001,WAC_006_199_95,1,0.002,15,0.998,0.0,21.46
2025-11-01 03:50:38,001,WAC_006_199_95,0,0.0,15,1.0,0.0,21.4
2025-11-01 04:00:40,001,WAC_006_199_95,0,0.0,15,1.0,0.0,21.35
2025-11-01 04:10:43,001,WAC_006_199_95,0,0.0,15,1.0,0.0,21.31
2025-11-01 04:20:59,001,WAC_006_199_95,0,0.0,15,1.0,0.0,21.31
2025-11-01 04:31:02,001,WAC_006_199_95,0,0.0,15,1.0,0.0,21.3
2025-11-01 04:41:04,001,WAC_006_199_95,0,0.0,15,1.0,0.0,21.28
2025-11-01 04:51:07,001,WAC_006_199_95,2,0.003,14,0.996,0.0,21.27
2025-11-01 05:01:10,001,WAC_006_199_95,0,0.0,15,1.0,0.0,21.27
2025-11-01 05:11:13,001,WAC_006_199_95,0,0.0,15,1.0,0.0,21.27
2025-11-01 05:21:15,001,WAC_006_199_95,54,0.09,11,0.891,0.0,21.29
2025-11-01 05:31:18,001,WAC_006_199_95,31,0.052,13,0.944,0.0,21.33
2025-11-01 05:41:21,001,WAC_006_199_95,89,0.148,8,0.782,0.0,21.38
2025-11-01 05:51:24,001,WAC_006_199_95,83,0.138,10,0.828,0.0,21.41
2025-11-01 06:01:27,001,WAC_006_199_95,198,0.329,5,0.503,4.9536,21.52
2025-11-01 06:11:30,001,WAC_006_199_95,77,0.128,6,0.757,5.0904,21.49
2025-11-01 06:21:33,001,WAC_006_199_95,104,0.173,9,0.776,5.1264,21.49
2025-11-01 06:31:36,001,WAC_006_199_95,110,0.183,6,0.686,5.6412,21.47
2025-11-01 06:41:39,001,WAC_006_199_95,3,0.005,14,0.995,5.5296,21.43
2025-11-01 06:51:42,001,WAC_006_199_95,0,0.0,15,1.0,5.5368,21.39
2025-11-01 07:01:45,001,WAC_006_199_95,0,0.0,15,1.0,5.5224,21.36
2025-11-01 07:11:47,001,WAC_006_199_95,0,0.0,15,1.0,5.5296,21.33
2025-11-01 07:21:50,001,WAC_006_199_95,0,0.0,15,1.0,5.5404,21.31
2025-11-01 07:31:53,001,WAC_006_199_95,0,0.0,15,1.0,5.544,21.29
2025-11-01 07:41:57,001,WAC_006_199_95,0,0.0,15,1.0,5.5296,21.29
2025-11-01 07:52:00,001,WAC_006_199_95,0,0.0,15,1.0,5.5656,21.27
2025-11-01 08:02:03,001,WAC_006_199_95,0,0.0,15,1.0,5.5656,21.28
2025-11-01 08:12:06,001,WAC_006_199_95,0,0.0,15,1.0,5.634,21.27
2025-11-01 08:22:21,001,WAC_006_199_95,0,0.0,15,1.0,5.6232,21.3
2025-11-01 08:32:24,001,WAC_006_199_95,0,0.0,15,1.0,5.6772,21.29
2025-11-01 08:42:27,001,WAC_006_199_95,0,0.0,15,1.0,5.688,21.28
2025-11-01 08:52:30,001,WAC_006_199_95,0,0.0,15,1.0,5.6556,21.27
2025-11-01 09:02:33,001,WAC_006_199_95,0,0.0,15,1.0,5.6628,21.27
2025-11-01 09:12:36,001,WAC_006_199_95,0,0.0,15,1.0,5.6556,21.26
2025-11-01 09:22:39,001,WAC_006_199_95,34,0.056,11,0.928,5.544,21.27
2025-11-01 09:32:42,001,WAC_006_199_95,0,0.0,15,1.0,5.544,21.27
2025-11-01 09:42:45,001,WAC_006_199_95,0,0.0,15,1.0,5.544,21.26
2025-11-01 09:52:48,001,WAC_006_199_95,0,0.0,15,1.0,5.5548,21.26
2025-11-01 10:02:51,001,WAC_006_199_95,0,0.0,15,1.0,5.5512,21.26
2025-11-01 10:12:54,001,WAC_006_199_95,0,0.0,15,1.0,5.5368,21.27
2025-11-01 10:22:57,001,WAC_006_199_95,0,0.0,15,1.0,5.5476,21.27
2025-11-01 10:33:00,001,WAC_006_199_95,0,0.0,15,1.0,5.5476,21.29
2025-11-01 10:43:03,001,WAC_006_199_95,0,0.0,15,1.0,5.6088,21.3
2025-11-01 10:53:06,001,WAC_006_199_95,0,0.0,15,1.0,5.6196,21.3
2025-11-01 11:03:09,001,WAC_006_199_95,0,0.0,15,1.0,5.616,21.32
2025-11-01 11:13:13,001,WAC_006_199_95,0,0.0,15,1.0,5.5836,21.35
2025-11-01 11:23:16,001,WAC_006_199_95,24,0.04,13,0.956,5.562,21.38
2025-11-01 11:33:18,001,WAC_006_199_95,0,0.0,15,1.0,5.5656,21.4
2025-11-01 11:43:21,001,WAC_006_199_95,0,0.0,15,1.0,5.5764,21.43
2025-11-01 11:53:24,001,WAC_006_199_95,0,0.0,15,1.0,5.5656,21.44
2025-11-01 12:03:27,001,WAC_006_199_95,0,0.0,15,1.0,5.5656,21.45
2025-11-01 12:13:30,001,WAC_006_199_95,0,0.0,15,1.0,5.5764,21.46
2025-11-01 12:23:45,001,WAC_006_199_95,0,0.0,15,1.0,5.6016,21.5
2025-11-01 12:33:48,001,WAC_006_199_95,0,0.0,15,1.0,5.6124,21.5
2025-11-01 12:43:51,001,WAC_006_199_95,0,0.0,15,1.0,5.598,21.5
2025-11-01 12:53:54,001,WAC_006_199_95,0,0.0,15,1.0,5.5944,21.5
2025-11-01 13:03:57,001,WAC_006_199_95,0,0.0,15,1.0,5.6664,21.51
2025-11-01 13:14:00,001,WAC_006_199_95,0,0.0,15,1.0,5.7132,21.49
2025-11-01 13:24:03,001,WAC_006_199_95,0,0.0,15,1.0,5.6952,21.49
2025-11-01 13:34:07,001,WAC_006_199_95,0,0.0,15,1.0,5.6952,21.49
2025-11-01 13:44:10,001,WAC_006_199_95,0,0.0,15,1.0,5.6628,21.47
2025-11-01 13:54:13,001,WAC_006_199_95,0,0.0,15,1.0,5.6304,21.47
2025-11-01 14:04:16,001,WAC_006_199_95,0,0.0,15,1.0,5.634,21.47
2025-11-01 14:14:20,001,WAC_006_199_95,0,0.0,15,1.0,5.6412,21.48
2025-11-01 14:24:22,001,WAC_006_199_95,16,0.027,14,0.972,5.328,21.49
2025-11-01 14:34:26,001,WAC_006_199_95,55,0.091,10,0.879,5.5656,21.56
2025-11-01 14:44:29,001,WAC_006_199_95,100,0.166,9,0.783,6.0048,21.57
2025-11-01 14:54:32,001,WAC_006_199_95,95,0.158,9,0.791,6.3396,21.63
2025-11-01 15:04:35,001,WAC_006_199_95,32,0.053,12,0.938,6.5088,21.62
2025-11-01 15:14:38,001,WAC_006_199_95,0,0.0,15,1.0,6.5376,21.6
2025-11-01 15:24:41,001,WAC_006_199_95,0,0.0,15,1.0,6.534,21.59
2025-11-01 15:34:44,001,WAC_006_199_95,0,0.0,15,1.0,6.5412,21.57
2025-11-01 15:44:47,001,WAC_006_199_95,0,0.0,15,1.0,6.5196,21.55
2025-11-01 15:54:50,001,WAC_006_199_95,0,0.0,15,1.0,6.5196,21.53
2025-11-01 16:04:53,001,WAC_006_199_95,0,0.0,15,1.0,6.5304,21.51
2025-11-01 16:14:56,001,WAC_006_199_95,0,0.0,15,1.0,6.5484,21.49
2025-11-01 16:25:13,001,WAC_006_199_95,0,0.0,15,1.0,6.5196,21.5
2025-11-01 16:35:16,001,WAC_006_199_95,0,0.0,15,1.0,6.5016,21.46
2025-11-01 16:45:19,001,WAC_006_199_95,0,0.0,15,1.0,6.516,21.43
2025-11-01 16:55:22,001,WAC_006_199_95,0,0.0,15,1.0,6.516,21.4
2025-11-01 17:05:25,001,WAC_006_199_95,0,0.0,15,1.0,6.4872,21.38
2025-11-01 17:15:27,001,WAC_006_199_95,0,0.0,15,1.0,6.6096,21.38
2025-11-01 17:25:30,001,WAC_006_199_95,27,0.045,13,0.951,6.3828,21.38
2025-11-01 17:35:34,001,WAC_006_199_95,29,0.048,13,0.947,5.886,21.41
2025-11-01 17:45:37,001,WAC_006_199_95,48,0.08,10,0.893,5.454,21.42
2025-11-01 17:55:40,001,WAC_006_199_95,75,0.125,10,0.842,5.7816,21.42
2025-11-01 18:05:43,001,WAC_006_199_95,0,0.0,15,1.0,0.0,21.4
2025-11-01 18:15:46,001,WAC_006_199_95,23,0.038,14,0.961,0.0,21.35
2025-11-01 18:25:49,001,WAC_006_199_95,228,0.379,6,0.513,0.0,21.46
2025-11-01 18:35:52,001,WAC_006_199_95,46,0.077,11,0.905,0.0,21.42
2025-11-01 18:45:55,001,WAC_006_199_95,375,0.624,1,0.096,0.0,21.55
2025-11-01 18:55:58,001,WAC_006_199_95,101,0.168,10,0.798,0.0,21.52
2025-11-01 19:06:01,001,WAC_006_199_95,341,0.567,0,0.0,0.0,21.65
2025-11-01 19:16:03,001,WAC_006_199_95,238,0.396,5,0.457,0.0,21.72
2025-11-01 19:26:06,001,WAC_006_199_95,380,0.632,0,0.0,0.0,21.73
2025-11-01 19:36:09,001,WAC_006_199_95,103,0.171,10,0.795,0.0,21.67
2025-11-01 19:46:12,001,WAC_006_199_95,257,0.428,3,0.318,0.0,21.61
2025-11-01 19:56:15,001,WAC_006_199_95,147,0.245,9,0.71,0.0,21.61
2025-11-01 20:06:18,001,WAC_006_199_95,210,0.349,7,0.571,0.0,21.59
2025-11-01 20:16:21,001,WAC_006_199_95,327,0.544,3,0.268,0.0,21.71
2025-11-01 20:26:38,001,WAC_006_199_95,214,0.357,7,0.567,0.0,21.7
2025-11-01 20:36:41,001,WAC_006_199_95,300,0.498,2,0.211,0.0,21.73
2025-11-01 20:46:44,001,WAC_006_199_95,168,0.279,8,0.656,0.0,21.65
2025-11-01 20:56:47,001,WAC_006_199_95,175,0.292,6,0.578,0.0,21.62
2025-11-01 21:06:50,001,WAC_006_199_95,0,0.0,15,1.0,0.0,21.6
2025-11-01 21:16:53,001,WAC_006_199_95,175,0.291,7,0.615,0.0,21.59
2025-11-01 21:26:57,001,WAC_006_199_95,73,0.121,7,0.793,0.0,21.55
2025-11-01 21:36:59,001,WAC_006_199_95,209,0.348,3,0.365,0.0,21.53
2025-11-01 21:47:02,001,WAC_006_199_95,168,0.28,8,0.656,0.0,21.57
2025-11-01 21:57:05,001,WAC_006_199_95,249,0.414,3,0.325,0.0,21.64
2025-11-01 22:07:08,001,WAC_006_199_95,255,0.424,3,0.32,0.0,21.68
2025-11-01 22:17:11,001,WAC_006_199_95,132,0.22,8,0.708,0.0,21.68
2025-11-01 22:27:13,001,WAC_006_199_95,245,0.408,4,0.395,0.0,21.74
2025-11-01 22:37:16,001,WAC_006_199_95,173,0.288,5,0.536,0.0,21.7
2025-11-01 22:47:19,001,WAC_006_199_95,294,0.489,2,0.214,0.0,21.7
2025-11-01 22:57:23,001,WAC_006_199_95,209,0.348,2,0.277,0.0,21.7
2025-11-01 23:07:26,001,WAC_006_199_95,74,0.123,12,0.866,0.0,21.67
2025-11-01 23:17:29,001,WAC_006_199_95,153,0.254,6,0.611,0.0,21.6
2025-11-01 23:27:33,001,WAC_006_199_95,239,0.398,2,0.251,0.0,21.64
2025-11-01 23:37:35,001,WAC_006_199_95,277,0.461,5,0.419,0.0,21.65
2025-11-01 23:47:38,001,WAC_006_199_95,313,0.521,5,0.39,0.0,21.71
2025-11-01 23:57:41,001,WAC_006_199_95,215,0.358,5,0.482,0.0,21.69
2025-11-02 00:07:44,001,WAC_006_199_95,167,0.278,9,0.683,0.0,21.63
2025-11-02 00:17:47,001,WAC_006_199_95,246,0.409,3,0.328,0.0,21.64
2025-11-02 00:28:02,001,WAC_006_199_95,113,0.189,10,0.78,0.0,21.64
2025-11-02 00:38:05,001,WAC_006_199_95,250,0.416,5,0.444,0.0,21.63
2025-11-02 00:48:09,001,WAC_006_199_95,263,0.437,3,0.313,0.0,21.66
2025-11-02 00:58:12,001,WAC_006_199_95,147,0.245,5,0.576,0.0,21.62
2025-11-02 01:08:15,001,WAC_006_199_95,274,0.456,3,0.305,0.0,21.63
2025-11-02 01:18:18,001,WAC_006_199_95,119,0.198,8,0.729,0.0,21.63
2025-11-02 01:28:22,001,WAC_006_199_95,210,0.349,5,0.488,0.0,21.62
2025-11-02 01:38:25,001,WAC_006_199_95,69,0.115,10,0.853,0.0,21.54
2025-11-02 01:48:27,001,WAC_006_199_95,0,0.0,15,1.0,0.0,21.48
2025-11-02 01:58:30,001,WAC_006_199_95,0,0.0,15,1.0,0.0,21.41
2025-11-02 02:08:33,001,WAC_006_199_95,0,0.0,15,1.0,0.0,21.35
2025-11-02 02:18:37,001,WAC_006_199_95,0,0.0,15,1.0,0.0,21.31
2025-11-02 02:28:39,001,WAC_006_199_95,0,0.0,15,1.0,0.0,21.3
2025-11-02 02:38:43,001,WAC_006_199_95,0,0.0,15,1.0,0.0,21.28
2025-11-02 02:48:46,001,WAC_006_199_95,0,0.0,15,1.0,0.0,21.27
2025-11-02 02:58:49,001,WAC_006_199_95,0,0.0,15,1.0,0.0,21.25
2025-11-02 03:08:53,001,WAC_006_199_95,0,0.0,15,1.0,0.0,21.24
2025-11-02 03:18:56,001,WAC_006_199_95,0,0.0,15,1.0,0.0,21.25
2025-11-02 03:28:59,001,WAC_006_199_95,0,0.0,15,1.0,0.0,21.23
2025-11-02 03:29:32,001,WAC_006_199_95,45,0.075,11,0.907,0.0,21.49
2025-11-02 03:39:01,001,WAC_006_199_95,0,0.0,15,1.0,0.0,21.24
2025-11-02 03:39:35,001,WAC_006_199_95,83,0.138,10,0.828,0.0,21.49
2025-11-02 03:49:05,001,WAC_006_199_95,169,0.281,7,0.624,0.0,21.33
2025-11-02 03:49:38,001,WAC_006_199_95,128,0.213,9,0.738,0.0,21.52
2025-11-02 03:59:08,001,WAC_006_199_95,113,0.188,10,0.78,0.0,21.36
2025-11-02 03:59:42,001,WAC_006_199_95,119,0.198,8,0.729,0.0,21.54
2025-11-02 04:09:11,001,WAC_006_199_95,81,0.135,11,0.845,0.0,21.39
2025-11-02 04:09:44,001,WAC_006_199_95,104,0.173,10,0.794,0.0,21.55
2025-11-02 04:19:14,001,WAC_006_199_95,90,0.15,11,0.83,0.0,21.45
2025-11-02 04:19:48,001,WAC_006_199_95,104,0.173,9,0.776,0.0,21.51
2025-11-02 04:29:50,001,WAC_006_199_95,129,0.215,6,0.65,0.0,21.47
2025-11-02 04:39:54,001,WAC_006_199_95,260,0.433,1,0.133,0.0,21.54
2025-11-02 04:49:56,001,WAC_006_199_95,188,0.313,3,0.39,0.0,21.51
2025-11-02 04:59:59,001,WAC_006_199_95,67,0.111,9,0.843,0.0,21.48
2025-11-02 05:10:03,001,WAC_006_199_95,9,0.015,13,0.983,0.0,21.42
2025-11-02 05:20:05,001,WAC_006_199_95,0,0.0,15,1.0,0.0,21.38
2025-11-02 05:30:09,001,WAC_006_199_95,0,0.0,15,1.0,0.0,21.34
2025-11-02 05:40:12,001,WAC_006_199_95,0,0.0,15,1.0,0.0,21.31
2025-11-02 05:50:15,001,WAC_006_199_95,0,0.0,15,1.0,0.0,21.28
2025-11-02 06:00:17,001,WAC_006_199_95,0,0.0,15,1.0,7.8948,21.25
2025-11-02 06:10:20,001,WAC_006_199_95,0,0.0,15,1.0,7.8264,21.24
2025-11-02 06:20:23,001,WAC_006_199_95,0,0.0,15,1.0,7.866,21.24
2025-11-02 06:30:26,001,WAC_006_199_95,0,0.0,15,1.0,7.8516,21.26
2025-11-02 06:40:29,001,WAC_006_199_95,5,0.008,14,0.991,8.0784,21.28
2025-11-02 06:50:32,001,WAC_006_199_95,0,0.0,15,1.0,8.0712,21.27
2025-11-02 07:00:35,001,WAC_006_199_95,0,0.0,15,1.0,8.0676,21.29
2025-11-02 07:10:38,001,WAC_006_199_95,0,0.0,15,1.0,8.1216,21.3
2025-11-02 07:20:41,001,WAC_006_199_95,0,0.0,15,1.0,8.1072,21.31
2025-11-02 07:30:43,001,WAC_006_199_95,2,0.003,14,0.996,8.1072,21.31
2025-11-02 07:40:47,001,WAC_006_199_95,17,0.028,12,0.966,7.6536,21.33
2025-11-02 07:50:49,001,WAC_006_199_95,23,0.038,13,0.958,7.9452,21.35
2025-11-02 08:00:53,001,WAC_006_199_95,151,0.251,6,0.614,7.0776,21.4
2025-11-02 08:10:56,001,WAC_006_199_95,0,0.0,15,1.0,7.1244,21.4
2025-11-02 08:20:59,001,WAC_006_199_95,0,0.0,15,1.0,7.1532,21.38
2025-11-02 08:31:20,001,WAC_006_199_95,0,0.0,15,1.0,7.1532,21.42
2025-11-02 08:41:23,001,WAC_006_199_95,0,0.0,15,1.0,7.1424,21.4
2025-11-02 08:51:26,001,WAC_006_199_95,0,0.0,15,1.0,7.1712,21.38
2025-11-02 09:01:29,001,WAC_006_199_95,0,0.0,15,1.0,7.164,21.34
2025-11-02 09:11:32,001,WAC_006_199_95,0,0.0,15,1.0,7.1712,21.34
2025-11-02 09:21:35,001,WAC_006_199_95,0,0.0,15,1.0,7.146,21.31
2025-11-02 09:31:39,001,WAC_006_199_95,0,0.0,15,1.0,7.1784,21.31
2025-11-02 09:41:42,001,WAC_006_199_95,0,0.0,15,1.0,7.1856,21.3
2025-11-02 09:51:44,001,WAC_006_199_95,0,0.0,15,1.0,7.1712,21.28
2025-11-02 10:01:47,001,WAC_006_199_95,0,0.0,15,1.0,7.1568,21.28
2025-11-02 10:11:51,001,WAC_006_199_95,1,0.002,14,0.998,7.1568,21.28
2025-11-02 10:21:53,001,WAC_006_199_95,0,0.0,15,1.0,7.1964,21.27
2025-11-02 10:31:56,001,WAC_006_199_95,0,0.0,15,1.0,7.1784,21.27
2025-11-02 10:42:00,001,WAC_006_199_95,0,0.0,15,1.0,7.2036,21.25
2025-11-02 10:52:02,001,WAC_006_199_95,0,0.0,15,1.0,7.254,21.25
2025-11-02 11:02:05,001,WAC_006_199_95,0,0.0,15,1.0,7.1604,21.26
2025-11-02 11:12:08,001,WAC_006_199_95,32,0.053,12,0.938,6.7932,21.29
2025-11-02 11:22:11,001,WAC_006_199_95,0,0.0,15,1.0,6.8112,21.27
2025-11-02 11:32:14,001,WAC_006_199_95,0,0.0,15,1.0,6.822,21.27
2025-11-02 11:42:17,001,WAC_006_199_95,0,0.0,15,1.0,6.8112,21.26
2025-11-02 11:52:20,001,WAC_006_199_95,0,0.0,15,1.0,6.804,21.27
2025-11-02 12:02:22,001,WAC_006_199_95,0,0.0,15,1.0,6.8184,21.27
2025-11-02 12:12:25,001,WAC_006_199_95,3,0.005,14,0.995,6.8328,21.3
2025-11-02 12:22:28,001,WAC_006_199_95,0,0.0,15,1.0,6.8328,21.32
2025-11-02 12:32:49,001,WAC_006_199_95,1,0.002,15,0.998,7.1424,21.35
2025-11-02 12:42:52,001,WAC_006_199_95,0,0.0,15,1.0,7.1604,21.32
2025-11-02 12:52:55,001,WAC_006_199_95,0,0.0,15,1.0,7.1496,21.31
2025-11-02 13:02:58,001,WAC_006_199_95,0,0.0,15,1.0,7.2108,21.3
2025-11-02 13:13:02,001,WAC_006_199_95,0,0.0,15,1.0,7.2684,21.26
2025-11-02 13:23:05,001,WAC_006_199_95,15,0.025,12,0.97,7.0992,21.29
2025-11-02 13:33:07,001,WAC_006_199_95,61,0.101,11,0.878,7.0308,21.32
2025-11-02 13:43:11,001,WAC_006_199_95,88,0.146,8,0.784,7.2036,21.41
2025-11-02 13:53:14,001,WAC_006_199_95,0,0.0,15,1.0,7.1568,21.44
2025-11-02 14:03:16,001,WAC_006_199_95,0,0.0,15,1.0,7.164,21.41
2025-11-02 14:13:19,001,WAC_006_199_95,0,0.0,15,1.0,7.164,21.39
2025-11-02 14:23:22,001,WAC_006_199_95,0,0.0,15,1.0,7.182,21.36
2025-11-02 14:33:25,001,WAC_006_199_95,0,0.0,15,1.0,7.1568,21.34
2025-11-02 14:43:28,001,WAC_006_199_95,0,0.0,15,1.0,7.1676,21.32
2025-11-02 14:53:31,001,WAC_006_199_95,1,0.002,14,0.998,7.2504,21.31
2025-11-02 15:03:34,001,WAC_006_199_95,0,0.0,15,1.0,7.2432,21.3
2025-11-02 15:13:37,001,WAC_006_199_95,2,0.003,14,0.996,7.2468,21.28
2025-11-02 15:23:39,001,WAC_006_199_95,0,0.0,15,1.0,7.2468,21.28
2025-11-02 15:33:42,001,WAC_006_199_95,0,0.0,15,1.0,7.2288,21.29
2025-11-02 15:43:45,001,WAC_006_199_95,2,0.003,14,0.996,7.2288,21.29
2025-11-02 15:53:48,001,WAC_006_199_95,7,0.012,14,0.988,7.2108,21.32
2025-11-02 16:03:51,001,WAC_006_199_95,70,0.116,9,0.837,6.4656,21.37
2025-11-02 16:13:54,001,WAC_006_199_95,56,0.093,10,0.877,6.408,21.4
2025-11-02 16:23:57,001,WAC_006_199_95,38,0.063,12,0.927,6.4944,21.4
2025-11-02 16:34:15,001,WAC_006_199_95,0,0.0,15,1.0,6.4872,21.43
2025-11-02 16:44:18,001,WAC_006_199_95,0,0.0,15,1.0,6.4872,21.4
2025-11-02 16:54:21,001,WAC_006_199_95,0,0.0,15,1.0,6.444,21.38
2025-11-02 17:04:24,001,WAC_006_199_95,0,0.0,15,1.0,6.444,21.35
2025-11-02 17:14:26,001,WAC_006_199_95,4,0.007,14,0.993,6.3468,21.35
2025-11-02 17:24:29,001,WAC_006_199_95,74,0.123,10,0.844,5.706,21.38
2025-11-02 17:34:32,001,WAC_006_199_95,114,0.19,9,0.759,5.6376,21.39
2025-11-02 17:44:35,001,WAC_006_199_95,79,0.131,9,0.82,5.9688,21.47
2025-11-02 17:54:38,001,WAC_006_199_95,113,0.188,7,0.712,6.2208,21.44
2025-11-02 18:04:41,001,WAC_006_199_95,0,0.0,15,1.0,0.0,21.42
2025-11-02 18:14:44,001,WAC_006_199_95,123,0.205,9,0.745,0.0,21.4
2025-11-02 18:24:47,001,WAC_006_199_95,300,0.499,4,0.348,0.0,21.49
2025-11-02 18:34:50,001,WAC_006_199_95,176,0.293,6,0.577,0.0,21.53
2025-11-02 18:44:52,001,WAC_006_199_95,280,0.466,5,0.417,0.0,21.58
2025-11-02 18:54:55,001,WAC_006_199_95,195,0.325,6,0.552,0.0,21.66
2025-11-02 19:04:57,001,WAC_006_199_95,136,0.227,10,0.746,0.0,21.63
2025-11-02 19:15:00,001,WAC_006_199_95,167,0.278,9,0.683,0.0,21.61
2025-11-02 19:25:03,001,WAC_006_199_95,474,0.789,0,0.0,0.0,21.69
2025-11-02 19:35:06,001,WAC_006_199_95,174,0.289,6,0.58,0.0,21.69
2025-11-02 19:45:08,001,WAC_006_199_95,373,0.621,1,0.097,0.0,21.71
2025-11-02 19:55:11,001,WAC_006_199_95,214,0.356,6,0.529,0.0,21.7
2025-11-02 20:05:14,001,WAC_006_199_95,168,0.28,9,0.682,0.0,21.67
2025-11-02 20:15:17,001,WAC_006_199_95,411,0.684,0,0.0,0.0,21.71
2025-11-02 20:25:20,001,WAC_006_199_95,153,0.255,8,0.677,0.0,21.76
2025-11-02 20:35:35,001,WAC_006_199_95,355,0.592,2,0.184,0.0,21.74
2025-11-02 20:45:37,001,WAC_006_199_95,60,0.1,13,0.897,0.0,21.66
2025-11-02 20:55:40,001,WAC_006_199_95,211,0.351,6,0.532,0.0,21.65
2025-11-02 21:05:43,001,WAC_006_199_95,377,0.627,0,0.0,0.0,21.71
2025-11-02 21:15:46,001,WAC_006_199_95,76,0.126,11,0.853,0.0,21.63
2025-11-02 21:25:49,001,WAC_006_199_95,303,0.504,2,0.209,0.0,21.72
2025-11-02 21:35:52,001,WAC_006_199_95,238,0.396,5,0.457,0.0,21.75
2025-11-02 21:45:55,001,WAC_006_199_95,74,0.123,12,0.866,0.0,21.65
2025-11-02 21:55:58,001,WAC_006_199_95,323,0.537,1,0.11,0.0,21.7
2025-11-02 22:06:01,001,WAC_006_199_95,66,0.11,8,0.829,0.0,21.64
2025-11-02 22:16:04,001,WAC_006_199_95,35,0.058,12,0.932,0.0,21.57
2025-11-02 22:26:07,001,WAC_006_199_95,260,0.433,4,0.381,0.0,21.58
2025-11-02 22:36:10,001,WAC_006_199_95,70,0.116,11,0.863,0.0,21.59
2025-11-02 22:46:14,001,WAC_006_199_95,152,0.253,6,0.612,0.0,21.58
2025-11-02 22:56:16,001,WAC_006_199_95,99,0.165,8,0.764,0.0,21.55
2025-11-02 23:06:19,001,WAC_006_199_95,180,0.3,9,0.667,0.0,21.55
2025-11-02 23:16:22,001,WAC_006_199_95,193,0.321,4,0.453,0.0,21.55
2025-11-02 23:26:25,001,WAC_006_199_95,230,0.383,4,0.41,0.0,21.55
2025-11-02 23:36:29,001,WAC_006_199_95,97,0.161,9,0.788,0.0,21.48
2025-11-02 23:46:32,001,WAC_006_199_95,0,0.0,15,1.0,0.0,21.41
2025-11-02 23:56:35,001,WAC_006_199_95,0,0.0,15,1.0,0.0,21.36
2025-10-25 00:08:11,024,WAC_006_199_97,203,0.338,6,0.542,0.0,21.43
2025-10-25 00:18:14,024,WAC_006_199_97,250,0.417,3,0.324,0.0,21.53
2025-10-25 00:28:17,024,WAC_006_199_97,72,0.12,11,0.859,0.0,21.53
2025-10-25 00:38:20,024,WAC_006_199_97,197,0.328,5,0.504,0.0,21.56
2025-10-25 00:48:23,024,WAC_006_199_97,30,0.05,12,0.941,0.0,21.52
2025-10-25 00:58:26,024,WAC_006_199_97,289,0.482,3,0.293,0.0,21.68
2025-10-25 01:08:29,024,WAC_006_199_97,75,0.125,5,0.727,0.0,21.66
2025-10-25 01:18:32,024,WAC_006_199_97,255,0.424,3,0.32,0.0,21.65
2025-10-25 01:28:35,024,WAC_006_199_97,144,0.24,7,0.66,0.0,21.65
2025-10-25 01:38:38,024,WAC_006_199_97,65,0.108,11,0.871,0.0,21.58
2025-10-25 01:48:41,024,WAC_006_199_97,47,0.078,12,0.911,0.0,21.52
2025-10-25 01:58:44,024,WAC_006_199_97,193,0.321,8,0.624,0.0,21.55
2025-10-25 02:08:48,024,WAC_006_199_97,131,0.218,6,0.647,0.0,21.56
2025-10-25 02:18:50,024,WAC_006_199_97,51,0.085,11,0.896,0.0,21.55
2025-10-25 02:28:53,024,WAC_006_199_97,42,0.07,11,0.913,0.0,21.52
2025-10-25 02:38:56,024,WAC_006_199_97,137,0.228,9,0.724,0.0,21.53
2025-10-25 02:48:59,024,WAC_006_199_97,279,0.464,3,0.301,0.0,21.67
2025-10-25 02:59:03,024,WAC_006_199_97,82,0.136,9,0.814,0.0,21.64
2025-10-25 03:09:06,024,WAC_006_199_97,98,0.163,7,0.741,0.0,21.58
2025-10-25 03:19:09,024,WAC_006_199_97,97,0.161,5,0.673,0.0,21.56
2025-10-25 03:29:12,024,WAC_006_199_97,210,0.349,3,0.364,0.0,21.59
2025-10-25 03:39:14,024,WAC_006_199_97,49,0.082,9,0.88,0.0,21.58
2025-10-25 03:49:17,024,WAC_006_199_97,48,0.08,10,0.893,0.0,21.56
2025-10-25 03:59:20,024,WAC_006_199_97,14,0.023,13,0.974,0.0,21.55
2025-10-25 04:09:42,024,WAC_006_199_97,6,0.01,12,0.988,0.0,21.56
2025-10-25 04:19:45,024,WAC_006_199_97,4,0.007,14,0.993,0.0,21.52
2025-10-25 04:29:48,024,WAC_006_199_97,38,0.063,11,0.921,0.0,21.5
2025-10-25 04:39:51,024,WAC_006_199_97,0,0.0,15,1.0,0.0,21.48
2025-10-25 04:49:54,024,WAC_006_199_97,0,0.0,15,1.0,0.0,21.46
2025-10-25 04:59:56,024,WAC_006_199_97,3,0.005,14,0.995,0.0,21.43
2025-10-25 05:09:59,024,WAC_006_199_97,7,0.012,13,0.987,0.0,21.43
2025-10-25 05:20:03,024,WAC_006_199_97,0,0.0,15,1.0,0.0,21.42
2025-10-25 05:30:05,024,WAC_006_199_97,0,0.0,15,1.0,0.0,21.4
2025-10-25 05:40:09,024,WAC_006_199_97,0,0.0,15,1.0,0.0,21.37
2025-10-25 05:50:12,024,WAC_006_199_97,0,0.0,15,1.0,0.0,21.36
2025-10-25 06:00:15,024,WAC_006_199_97,0,0.0,15,1.0,0.18,21.37
2025-10-25 06:10:18,024,WAC_006_199_97,0,0.0,15,1.0,0.18,21.35
2025-10-25 06:20:21,024,WAC_006_199_97,0,0.0,15,1.0,0.1728,21.36
2025-10-25 06:30:23,024,WAC_006_199_97,1,0.002,14,0.998,0.1728,21.37
2025-10-25 06:40:26,024,WAC_006_199_97,0,0.0,15,1.0,0.1728,21.38
2025-10-25 06:50:29,024,WAC_006_199_97,0,0.0,15,1.0,0.1728,21.38
2025-10-25 07:00:32,024,WAC_006_199_97,0,0.0,15,1.0,0.1728,21.37
2025-10-25 07:10:35,024,WAC_006_199_97,0,0.0,15,1.0,0.1728,21.36
2025-10-25 07:20:38,024,WAC_006_199_97,23,0.038,13,0.958,0.1656,21.38
2025-10-25 07:30:41,024,WAC_006_199_97,51,0.085,10,0.887,0.1728,21.39
2025-10-25 07:40:44,024,WAC_006_199_97,0,0.0,15,1.0,0.1656,21.38
2025-10-25 07:50:47,024,WAC_006_199_97,54,0.09,10,0.881,0.1728,21.38
2025-10-25 08:00:50,024,WAC_006_199_97,1,0.002,14,0.998,0.1728,21.39
2025-10-25 08:11:02,024,WAC_006_199_97,0,0.0,15,1.0,0.1728,21.38
2025-10-25 08:21:05,024,WAC_006_199_97,0,0.0,15,1.0,0.1764,21.36
2025-10-25 08:31:08,024,WAC_006_199_97,0,0.0,15,1.0,0.1728,21.34
2025-10-25 08:41:11,024,WAC_006_199_97,0,0.0,15,1.0,0.1728,21.32
2025-10-25 08:51:14,024,WAC_006_199_97,0,0.0,15,1.0,0.1728,21.32
2025-10-25 09:01:18,024,WAC_006_199_97,0,0.0,15,1.0,0.1728,21.3
2025-10-25 09:11:21,024,WAC_006_199_97,0,0.0,15,1.0,0.1728,21.3
2025-10-25 09:21:24,024,WAC_006_199_97,0,0.0,15,1.0,0.1728,21.29
2025-10-25 09:31:27,024,WAC_006_199_97,0,0.0,15,1.0,0.1728,21.3
2025-10-25 09:41:30,024,WAC_006_199_97,0,0.0,15,1.0,0.1728,21.27
2025-10-25 09:51:34,024,WAC_006_199_97,0,0.0,15,1.0,0.1728,21.27
2025-10-25 10:01:37,024,WAC_006_199_97,0,0.0,15,1.0,0.1728,21.27
2025-10-25 10:11:41,024,WAC_006_199_97,2,0.003,15,0.997,0.2016,21.27
2025-10-25 10:21:43,024,WAC_006_199_97,115,0.191,6,0.676,0.1872,21.31
2025-10-25 10:31:47,024,WAC_006_199_97,47,0.078,8,0.872,0.2088,21.34
2025-10-25 10:41:50,024,WAC_006_199_97,83,0.138,7,0.771,0.3204,21.45
2025-10-25 10:51:53,024,WAC_006_199_97,3,0.005,14,0.995,0.3312,21.46
2025-10-25 11:01:56,024,WAC_006_199_97,2,0.003,14,0.996,0.3096,21.46
2025-10-25 11:11:58,024,WAC_006_199_97,0,0.0,15,1.0,0.2736,21.45
2025-10-25 11:22:01,024,WAC_006_199_97,0,0.0,15,1.0,0.2736,21.44
2025-10-25 11:32:04,024,WAC_006_199_97,0,0.0,15,1.0,0.2736,21.41
2025-10-25 11:42:07,024,WAC_006_199_97,1,0.002,14,0.998,0.2736,21.35
2025-10-25 11:52:10,024,WAC_006_199_97,0,0.0,15,1.0,0.2736,21.31
2025-10-25 12:02:13,024,WAC_006_199_97,0,0.0,15,1.0,0.2736,21.28
2025-10-25 12:12:29,024,WAC_006_199_97,0,0.0,15,1.0,0.2736,21.26
2025-10-25 12:22:32,024,WAC_006_199_97,0,0.0,15,1.0,0.2736,21.22
2025-10-25 12:32:35,024,WAC_006_199_97,0,0.0,15,1.0,0.2736,21.19
2025-10-25 12:42:38,024,WAC_006_199_97,0,0.0,15,1.0,0.2736,21.17
2025-10-25 12:52:41,024,WAC_006_199_97,0,0.0,15,1.0,0.2736,21.16
2025-10-25 13:02:44,024,WAC_006_199_97,0,0.0,15,1.0,0.3132,21.17
2025-10-25 13:12:47,024,WAC_006_199_97,0,0.0,15,1.0,0.3024,21.17
2025-10-25 13:22:50,024,WAC_006_199_97,39,0.065,12,0.925,0.2772,21.19
2025-10-25 13:32:53,024,WAC_006_199_97,111,0.184,6,0.684,0.2016,21.27
2025-10-25 13:42:56,024,WAC_006_199_97,166,0.276,5,0.546,0.2232,21.3
2025-10-25 13:52:59,024,WAC_006_199_97,18,0.03,10,0.957,0.288,21.26
2025-10-25 14:03:02,024,WAC_006_199_97,21,0.035,12,0.958,0.2448,21.25
2025-10-25 14:13:05,024,WAC_006_199_97,0,0.0,15,1.0,0.2448,21.22
2025-10-25 14:23:08,024,WAC_006_199_97,0,0.0,15,1.0,0.2448,21.2
2025-10-25 14:33:11,024,WAC_006_199_97,0,0.0,15,1.0,0.2448,21.18
2025-10-25 14:43:14,024,WAC_006_199_97,0,0.0,15,1.0,0.2448,21.15
2025-10-25 14:53:16,024,WAC_006_199_97,0,0.0,15,1.0,0.2556,21.12
2025-10-25 15:03:19,024,WAC_006_199_97,0,0.0,15,1.0,0.2448,21.11
2025-10-25 15:13:22,024,WAC_006_199_97,0,0.0,15,1.0,0.216,21.09
2025-10-25 15:23:26,024,WAC_006_199_97,0,0.0,15,1.0,0.2556,21.08
2025-10-25 15:33:28,024,WAC_006_199_97,0,0.0,15,1.0,0.2556,21.06
2025-10-25 15:43:31,024,WAC_006_199_97,0,0.0,15,1.0,0.2268,21.06
2025-10-25 15:53:34,024,WAC_006_199_97,0,0.0,15,1.0,0.216,21.05
2025-10-25 16:03:38,024,WAC_006_199_97,0,0.0,15,1.0,0.2268,21.05
2025-10-25 16:13:58,024,WAC_006_199_97,0,0.0,15,1.0,0.216,21.1
2025-10-25 16:24:01,024,WAC_006_199_97,0,0.0,15,1.0,0.2232,21.1
2025-10-25 16:34:04,024,WAC_006_199_97,6,0.01,14,0.989,0.2268,21.11
2025-10-25 16:44:06,024,WAC_006_199_97,62,0.103,11,0.876,0.2196,21.13
2025-10-25 16:54:09,024,WAC_006_199_97,78,0.13,8,0.804,0.2592,21.16
2025-10-25 17:04:12,024,WAC_006_199_97,0,0.0,15,1.0,0.27,21.18
2025-10-25 17:14:15,024,WAC_006_199_97,0,0.0,15,1.0,0.27,21.18
2025-10-25 17:24:18,024,WAC_006_199_97,0,0.0,15,1.0,0.2592,21.17
2025-10-25 17:34:21,024,WAC_006_199_97,0,0.0,15,1.0,0.2592,21.17
2025-10-25 17:44:25,024,WAC_006_199_97,0,0.0,15,1.0,0.27,21.17
2025-10-25 17:54:28,024,WAC_006_199_97,0,0.0,15,1.0,0.2592,21.17
2025-10-25 18:04:31,024,WAC_006_199_97,0,0.0,15,1.0,0.0,21.17
2025-10-25 18:14:33,024,WAC_006_199_97,0,0.0,15,1.0,0.0,21.17
2025-10-25 18:24:36,024,WAC_006_199_97,103,0.171,9,0.778,0.0,21.2
2025-10-25 18:34:40,024,WAC_006_199_97,143,0.238,7,0.662,0.0,21.3
2025-10-25 18:44:43,024,WAC_006_199_97,232,0.385,4,0.408,0.0,21.36
2025-10-25 18:54:46,024,WAC_006_199_97,58,0.096,10,0.873,0.0,21.33
2025-10-25 19:04:49,024,WAC_006_199_97,283,0.471,2,0.22,0.0,21.38
2025-10-25 19:14:52,024,WAC_006_199_97,116,0.193,5,0.633,0.0,21.41
2025-10-25 19:24:55,024,WAC_006_199_97,207,0.344,6,0.537,0.0,21.42
2025-10-25 19:34:59,024,WAC_006_199_97,286,0.476,3,0.296,0.0,21.46
2025-10-25 19:45:02,024,WAC_006_199_97,123,0.204,4,0.565,0.0,21.46
2025-10-25 19:55:05,024,WAC_006_199_97,168,0.279,4,0.488,0.0,21.45
2025-10-25 20:05:08,024,WAC_006_199_97,385,0.642,0,0.0,0.0,21.62
2025-10-25 20:15:33,024,WAC_006_199_97,249,0.416,3,0.325,0.0,21.76
2025-10-25 20:25:36,024,WAC_006_199_97,107,0.178,6,0.692,0.0,21.61
2025-10-25 20:35:40,024,WAC_006_199_97,103,0.171,8,0.757,0.0,21.53
2025-10-25 20:45:42,024,WAC_006_199_97,10,0.017,13,0.981,0.0,21.47
2025-10-25 20:55:45,024,WAC_006_199_97,0,0.0,15,1.0,0.0,21.44
2025-10-25 21:05:48,024,WAC_006_199_97,0,0.0,15,1.0,0.0,21.4
2025-10-25 21:15:51,024,WAC_006_199_97,2,0.003,14,0.996,0.0,21.35
2025-10-25 21:25:54,024,WAC_006_199_97,2,0.003,14,0.996,0.0,21.3
2025-10-25 21:35:57,024,WAC_006_199_97,4,0.007,14,0.993,0.0,21.28
2025-10-25 21:46:00,024,WAC_006_199_97,0,0.0,15,1.0,0.0,21.26
2025-10-25 21:56:03,024,WAC_006_199_97,9,0.015,12,0.982,0.0,21.26
2025-10-25 22:06:06,024,WAC_006_199_97,209,0.347,2,0.277,0.0,21.32
2025-10-25 22:16:09,024,WAC_006_199_97,218,0.363,5,0.478,0.0,21.4
2025-10-25 22:26:13,024,WAC_006_199_97,152,0.252,5,0.568,0.0,21.42
2025-10-25 22:36:16,024,WAC_006_199_97,44,0.073,12,0.916,0.0,21.42
2025-10-25 22:46:19,024,WAC_006_199_97,72,0.12,11,0.859,0.0,21.4
2025-10-25 22:56:22,024,WAC_006_199_97,206,0.343,2,0.28,0.0,21.4
2025-10-25 23:06:25,024,WAC_006_199_97,215,0.358,4,0.427,0.0,21.42
2025-10-25 23:16:28,024,WAC_006_199_97,165,0.275,3,0.421,0.0,21.43
2025-10-25 23:26:30,024,WAC_006_199_97,100,0.166,3,0.545,0.0,21.43
2025-10-25 23:36:33,024,WAC_006_199_97,30,0.05,10,0.93,0.0,21.41
2025-10-25 23:46:36,024,WAC_006_199_97,131,0.218,9,0.733,0.0,21.38
2025-10-25 23:56:39,024,WAC_006_199_97,149,0.248,3,0.446,0.0,21.41
2025-10-26 00:06:42,024,WAC_006_199_97,144,0.24,5,0.581,0.0,21.4
2025-10-26 00:17:09,024,WAC_006_199_97,338,0.563,0,0.0,0.0,21.51
2025-10-26 00:27:12,024,WAC_006_199_97,96,0.159,7,0.745,0.0,21.44
2025-10-26 00:37:16,024,WAC_006_199_97,170,0.283,7,0.622,0.0,21.43
2025-10-26 00:47:19,024,WAC_006_199_97,74,0.123,8,0.812,0.0,21.39
2025-10-26 00:57:22,024,WAC_006_199_97,66,0.11,9,0.845,0.0,21.41
2025-10-26 01:07:25,024,WAC_006_199_97,66,0.11,11,0.87,0.0,21.4
2025-10-26 01:17:29,024,WAC_006_199_97,20,0.033,11,0.957,0.0,21.37
2025-10-26 01:27:32,024,WAC_006_199_97,1,0.002,14,0.998,0.0,21.34
2025-10-26 01:37:35,024,WAC_006_199_97,18,0.03,14,0.969,0.0,21.33
2025-10-26 01:47:38,024,WAC_006_199_97,0,0.0,15,1.0,0.0,21.33
2025-10-26 01:57:42,024,WAC_006_199_97,4,0.007,14,0.993,0.0,21.31
2025-10-26 02:07:45,024,WAC_006_199_97,13,0.022,13,0.976,0.0,21.3
2025-10-26 02:17:47,024,WAC_006_199_97,30,0.05,10,0.93,0.0,21.29
2025-10-26 02:27:50,024,WAC_006_199_97,2,0.003,15,0.997,0.0,21.29
2025-10-26 02:37:54,024,WAC_006_199_97,4,0.007,14,0.993,0.0,21.27
2025-10-26 02:47:57,024,WAC_006_199_97,1,0.002,14,0.998,0.0,21.28
2025-10-26 02:57:59,024,WAC_006_199_97,71,0.118,10,0.849,0.0,21.27
2025-10-26 03:08:02,024,WAC_006_199_97,74,0.123,8,0.812,0.0,21.27
2025-10-26 03:18:06,024,WAC_006_199_97,195,0.324,6,0.552,0.0,21.27
2025-10-26 03:28:09,024,WAC_006_199_97,40,0.066,12,0.923,0.0,21.33
2025-10-26 03:38:12,024,WAC_006_199_97,180,0.3,7,0.609,0.0,21.36
2025-10-26 03:48:15,024,WAC_006_199_97,106,0.176,7,0.725,0.0,21.35
2025-10-26 03:58:17,024,WAC_006_199_97,101,0.168,8,0.76,0.0,21.35
2025-10-26 04:08:20,024,WAC_006_199_97,167,0.278,8,0.657,0.0,21.37
2025-10-26 04:18:35,024,WAC_006_199_97,87,0.145,10,0.821,0.0,21.36
2025-10-26 04:28:38,024,WAC_006_199_97,265,0.441,2,0.232,0.0,21.38
2025-10-26 04:38:41,024,WAC_006_199_97,152,0.253,8,0.678,0.0,21.4
2025-10-26 04:48:44,024,WAC_006_199_97,146,0.243,7,0.657,0.0,21.37
2025-10-26 04:58:47,024,WAC_006_199_97,215,0.358,5,0.482,0.0,21.35
2025-10-26 05:08:50,024,WAC_006_199_97,285,0.473,2,0.219,0.0,21.42
2025-10-26 05:18:53,024,WAC_006_199_97,211,0.351,4,0.431,0.0,21.41
2025-10-26 05:28:57,024,WAC_006_199_97,317,0.527,2,0.202,0.0,21.42
2025-10-26 05:38:59,024,WAC_006_199_97,417,0.694,1,0.088,0.0,21.42
2025-10-26 05:49:03,024,WAC_006_199_97,383,0.637,0,0.0,0.0,21.43
2025-10-26 05:59:06,024,WAC_006_199_97,496,0.825,0,0.0,0.0,21.43
2025-10-26 06:09:09,024,WAC_006_199_97,121,0.201,6,0.665,0.2304,21.38
2025-10-26 06:19:12,024,WAC_006_199_97,25,0.042,12,0.95,0.2304,21.35
2025-10-26 06:29:15,024,WAC_006_199_97,57,0.095,11,0.885,0.2232,21.33
2025-10-26 06:39:18,024,WAC_006_199_97,152,0.252,2,0.345,0.234,21.34
2025-10-26 06:49:21,024,WAC_006_199_97,17,0.028,13,0.968,0.234,21.31
2025-10-26 06:59:25,024,WAC_006_199_97,11,0.018,14,0.981,0.234,21.3
2025-10-26 07:09:28,024,WAC_006_199_97,33,0.055,12,0.936,0.234,21.29
2025-10-26 07:19:31,024,WAC_006_199_97,10,0.017,14,0.982,0.2232,21.28
2025-10-26 07:29:34,024,WAC_006_199_97,14,0.023,12,0.972,0.2232,21.28
2025-10-26 07:39:37,024,WAC_006_199_97,14,0.023,13,0.974,0.2232,21.28
2025-10-26 07:49:40,024,WAC_006_199_97,1,0.002,15,0.998,0.2232,21.29
2025-10-26 07:59:43,024,WAC_006_199_97,96,0.159,11,0.821,0.1872,21.27
2025-10-26 08:09:46,024,WAC_006_199_97,28,0.047,12,0.945,0.1944,21.27
2025-10-26 08:20:00,024,WAC_006_199_97,26,0.043,13,0.952,0.1944,21.29
2025-10-26 08:30:04,024,WAC_006_199_97,0,0.0,15,1.0,0.1944,21.27
2025-10-26 08:40:07,024,WAC_006_199_97,10,0.017,13,0.981,0.1944,21.26
2025-10-26 08:50:10,024,WAC_006_199_97,96,0.16,7,0.745,0.198,21.27
2025-10-26 09:00:14,024,WAC_006_199_97,157,0.261,7,0.641,0.1944,21.29
2025-10-26 09:10:17,024,WAC_006_199_97,15,0.025,12,0.97,0.1944,21.28
2025-10-26 09:20:20,024,WAC_006_199_97,1,0.002,15,0.998,0.1944,21.27
2025-10-26 09:30:23,024,WAC_006_199_97,16,0.027,13,0.97,0.1944,21.27
2025-10-26 09:40:26,024,WAC_006_199_97,4,0.007,14,0.993,0.1944,21.27
2025-10-26 09:50:29,024,WAC_006_199_97,140,0.233,4,0.533,0.198,21.28
2025-10-26 10:00:32,024,WAC_006_199_97,144,0.24,3,0.455,0.2304,21.31
2025-10-26 10:10:35,024,WAC_006_199_97,163,0.271,5,0.551,0.2268,21.37
2025-10-26 10:20:38,024,WAC_006_199_97,379,0.63,0,0.0,0.1872,21.43
2025-10-26 10:30:41,024,WAC_006_199_97,173,0.288,9,0.675,0.216,21.43
2025-10-26 10:40:45,024,WAC_006_199_97,250,0.416,1,0.138,0.2088,21.46
2025-10-26 10:50:48,024,WAC_006_199_97,284,0.472,0,0.0,0.144,21.49
2025-10-26 11:00:52,024,WAC_006_199_97,381,0.633,0,0.0,0.1656,21.59
2025-10-26 11:10:55,024,WAC_006_199_97,11,0.018,13,0.979,0.1728,21.58
2025-10-26 11:20:58,024,WAC_006_199_97,7,0.012,13,0.987,0.18,21.57
2025-10-26 11:31:01,024,WAC_006_199_97,0,0.0,15,1.0,0.1728,21.54
2025-10-26 11:41:04,024,WAC_006_199_97,17,0.028,12,0.966,0.1728,21.53
2025-10-26 11:51:07,024,WAC_006_199_97,28,0.047,12,0.945,0.1728,21.51
2025-10-26 12:01:10,024,WAC_006_199_97,28,0.047,12,0.945,0.1728,21.49
2025-10-26 12:11:12,024,WAC_006_199_97,21,0.035,12,0.958,0.1728,21.47
2025-10-26 12:21:30,024,WAC_006_199_97,7,0.012,13,0.987,0.1728,21.5
2025-10-26 12:31:34,024,WAC_006_199_97,12,0.02,12,0.976,0.1728,21.46
2025-10-26 12:41:37,024,WAC_006_199_97,15,0.025,13,0.972,0.1728,21.46
2025-10-26 12:51:40,024,WAC_006_199_97,94,0.156,8,0.773,0.1728,21.48
2025-10-26 13:01:43,024,WAC_006_199_97,218,0.363,3,0.355,0.1656,21.53
2025-10-26 13:11:46,024,WAC_006_199_97,87,0.145,10,0.821,0.1368,21.45
2025-10-26 13:21:50,024,WAC_006_199_97,199,0.331,5,0.501,0.1764,21.41
2025-10-26 13:31:53,024,WAC_006_199_97,352,0.585,1,0.102,0.18,21.42
2025-10-26 13:41:56,024,WAC_006_199_97,495,0.824,0,0.0,0.216,21.47
2025-10-26 13:51:59,024,WAC_006_199_97,119,0.198,6,0.669,0.2232,21.47
2025-10-26 14:02:02,024,WAC_006_199_97,27,0.045,12,0.947,0.2232,21.44
2025-10-26 14:12:05,024,WAC_006_199_97,19,0.032,12,0.962,0.252,21.43
2025-10-26 14:22:09,024,WAC_006_199_97,3,0.005,14,0.995,0.252,21.42
2025-10-26 14:32:11,024,WAC_006_199_97,26,0.043,12,0.949,0.252,21.42
2025-10-26 14:42:14,024,WAC_006_199_97,11,0.018,11,0.976,0.252,21.4
2025-10-26 14:52:17,024,WAC_006_199_97,15,0.025,13,0.972,0.2592,21.41
2025-10-26 15:02:20,024,WAC_006_199_97,3,0.005,13,0.994,0.2592,21.4
2025-10-26 15:12:23,024,WAC_006_199_97,20,0.033,13,0.963,0.2628,21.38
2025-10-26 15:22:25,024,WAC_006_199_97,26,0.043,12,0.949,0.2592,21.38
2025-10-26 15:32:28,024,WAC_006_199_97,8,0.013,13,0.985,0.2592,21.38
2025-10-26 15:42:32,024,WAC_006_199_97,149,0.248,3,0.446,0.2304,21.4
2025-10-26 15:52:35,024,WAC_006_199_97,299,0.498,1,0.118,0.2556,21.44
2025-10-26 16:02:38,024,WAC_006_199_97,227,0.378,4,0.413,0.2592,21.44
2025-10-26 16:12:41,024,WAC_006_199_97,41,0.068,11,0.915,0.2484,21.41
2025-10-26 16:23:00,024,WAC_006_199_97,171,0.285,8,0.652,0.2088,21.43
2025-10-26 16:33:04,024,WAC_006_199_97,157,0.261,7,0.641,0.2196,21.47
2025-10-26 16:43:07,024,WAC_006_199_97,19,0.032,12,0.962,0.2088,21.47
2025-10-26 16:53:10,024,WAC_006_199_97,17,0.028,11,0.963,0.2268,21.46
2025-10-26 17:03:13,024,WAC_006_199_97,24,0.04,12,0.952,0.216,21.45
2025-10-26 17:13:16,024,WAC_006_199_97,4,0.007,14,0.993,0.216,21.45
2025-10-26 17:23:19,024,WAC_006_199_97,8,0.013,14,0.986,0.2196,21.43
2025-10-26 17:33:22,024,WAC_006_199_97,16,0.027,13,0.97,0.216,21.44
2025-10-26 17:43:25,024,WAC_006_199_97,4,0.007,14,0.993,0.216,21.45
2025-10-26 17:53:28,024,WAC_006_199_97,234,0.389,5,0.461,0.2196,21.47
2025-10-26 18:03:32,024,WAC_006_199_97,298,0.496,2,0.212,0.0,21.5
2025-10-26 18:13:34,024,WAC_006_199_97,410,0.682,2,0.163,0.0,21.51
2025-10-26 18:23:37,024,WAC_006_199_97,168,0.28,8,0.656,0.0,21.54
2025-10-26 18:33:40,024,WAC_006_199_97,343,0.57,2,0.189,0.0,21.6
2025-10-26 18:43:43,024,WAC_006_199_97,232,0.386,6,0.508,0.0,21.63
2025-10-26 18:53:46,024,WAC_006_199_97,426,0.708,1,0.086,0.0,21.68
2025-10-26 19:03:49,024,WAC_006_199_97,231,0.384,7,0.548,0.0,21.66
2025-10-26 19:13:52,024,WAC_006_199_97,461,0.767,0,0.0,0.0,21.75
2025-10-26 19:23:54,024,WAC_006_199_97,183,0.304,9,0.663,0.0,21.71
2025-10-26 19:33:57,024,WAC_006_199_97,254,0.423,5,0.441,0.0,21.71
2025-10-26 19:44:00,024,WAC_006_199_97,376,0.626,1,0.096,0.0,21.77
2025-10-26 19:54:03,024,WAC_006_199_97,206,0.343,8,0.608,0.0,21.76
2025-10-26 20:04:07,024,WAC_006_199_97,187,0.311,7,0.6,0.0,21.73
2025-10-26 20:14:10,024,WAC_006_199_97,472,0.785,0,0.0,0.0,21.79
2025-10-26 20:24:35,024,WAC_006_199_97,368,0.614,1,0.098,0.0,21.89
2025-10-26 20:34:38,024,WAC_006_199_97,50,0.083,10,0.889,0.0,21.83
2025-10-26 20:44:41,024,WAC_006_199_97,56,0.093,9,0.865,0.0,21.81
2025-10-26 20:54:43,024,WAC_006_199_97,12,0.02,13,0.977,0.0,21.78
2025-10-26 21:04:46,024,WAC_006_199_97,19,0.032,13,0.965,0.0,21.73
2025-10-26 21:14:50,024,WAC_006_199_97,64,0.106,11,0.873,0.0,21.67
2025-10-26 21:24:53,024,WAC_006_199_97,117,0.195,11,0.79,0.0,21.63
2025-10-26 21:34:55,024,WAC_006_199_97,363,0.604,3,0.248,0.0,21.67
2025-10-26 21:44:59,024,WAC_006_199_97,490,0.815,0,0.0,0.0,21.69
2025-10-26 21:55:02,024,WAC_006_199_97,355,0.59,3,0.253,0.0,21.73
2025-10-26 22:05:05,024,WAC_006_199_97,125,0.208,10,0.762,0.0,21.67
2025-10-26 22:15:08,024,WAC_006_199_97,422,0.702,0,0.0,0.0,21.74
2025-10-26 22:25:11,024,WAC_006_199_97,239,0.398,4,0.401,0.0,21.72
2025-10-26 22:35:14,024,WAC_006_199_97,179,0.298,9,0.668,0.0,21.66
2025-10-26 22:45:17,024,WAC_006_199_97,388,0.646,1,0.093,0.0,21.78
2025-10-26 22:55:20,024,WAC_006_199_97,309,0.514,5,0.393,0.0,21.74
2025-10-26 23:05:23,024,WAC_006_199_97,317,0.527,2,0.202,0.0,21.73
2025-10-26 23:15:26,024,WAC_006_199_97,436,0.727,0,0.0,0.0,21.76
2025-10-26 23:25:29,024,WAC_006_199_97,208,0.346,5,0.49,0.0,21.71
2025-10-26 23:35:32,024,WAC_006_199_97,256,0.425,3,0.319,0.0,21.75
2025-10-26 23:45:35,024,WAC_006_199_97,439,0.73,0,0.0,0.0,21.77
2025-10-26 23:55:38,024,WAC_006_199_97,207,0.344,5,0.491,0.0,21.74
2025-11-01 00:02:11,003,WAC_006_200_85,10,0.017,13,0.981,0.0,21.43
2025-11-01 00:12:13,003,WAC_006_200_85,0,0.0,15,1.0,0.0,21.41
2025-11-01 00:22:16,003,WAC_006_200_85,0,0.0,15,1.0,0.0,21.41
2025-11-01 00:32:19,003,WAC_006_200_85,17,0.028,14,0.971,0.0,21.41
2025-11-01 00:42:22,003,WAC_006_200_85,5,0.008,14,0.991,0.0,21.4
2025-11-01 00:52:24,003,WAC_006_200_85,52,0.087,8,0.86,0.0,21.43
2025-11-01 01:02:27,003,WAC_006_200_85,89,0.148,9,0.802,0.0,21.49
2025-11-01 01:12:30,003,WAC_006_200_85,95,0.158,7,0.747,0.0,21.48
2025-11-01 01:22:34,003,WAC_006_200_85,59,0.098,10,0.871,0.0,21.54
2025-11-01 01:32:36,003,WAC_006_200_85,46,0.077,12,0.913,0.0,21.51
2025-11-01 01:42:39,003,WAC_006_200_85,182,0.303,4,0.468,0.0,21.5
2025-11-01 01:52:42,003,WAC_006_200_85,89,0.148,10,0.818,0.0,21.49
2025-11-01 02:02:44,003,WAC_006_200_85,1,0.002,15,0.998,0.0,21.45
2025-11-01 02:12:47,003,WAC_006_200_85,3,0.005,14,0.995,0.0,21.43
2025-11-01 02:22:50,003,WAC_006_200_85,4,0.007,14,0.993,0.0,21.41
2025-11-01 02:32:53,003,WAC_006_200_85,0,0.0,15,1.0,0.0,21.4
2025-11-01 02:42:56,003,WAC_006_200_85,1,0.002,15,0.998,0.0,21.4
2025-11-01 02:52:59,003,WAC_006_200_85,0,0.0,15,1.0,0.0,21.38
2025-11-01 03:03:01,003,WAC_006_200_85,0,0.0,15,1.0,0.0,21.37
2025-11-01 03:13:04,003,WAC_006_200_85,0,0.0,15,1.0,0.0,21.35
2025-11-01 03:23:06,003,WAC_006_200_85,0,0.0,15,1.0,0.0,21.34
2025-11-01 03:33:09,003,WAC_006_200_85,0,0.0,15,1.0,0.0,21.33
2025-11-01 03:43:12,003,WAC_006_200_85,0,0.0,15,1.0,0.0,21.31
2025-11-01 03:53:15,003,WAC_006_200_85,0,0.0,15,1.0,0.0,21.3
2025-11-01 04:03:29,003,WAC_006_200_85,3,0.005,14,0.995,0.0,21.33
2025-11-01 04:13:32,003,WAC_006_200_85,89,0.148,11,0.832,0.0,21.36
2025-11-01 04:23:34,003,WAC_006_200_85,190,0.316,5,0.513,0.0,21.5
2025-11-01 04:33:38,003,WAC_006_200_85,118,0.196,9,0.753,0.0,21.52
2025-11-01 04:43:40,003,WAC_006_200_85,71,0.118,11,0.861,0.0,21.51
2025-11-01 04:53:43,003,WAC_006_200_85,144,0.24,7,0.66,0.0,21.53
2025-11-01 05:03:47,003,WAC_006_200_85,154,0.256,8,0.675,0.0,21.5
2025-11-01 05:13:49,003,WAC_006_200_85,320,0.532,1,0.111,0.0,21.58
2025-11-01 05:23:53,003,WAC_006_200_85,97,0.161,9,0.788,0.0,21.62
2025-11-01 05:33:56,003,WAC_006_200_85,84,0.14,10,0.826,0.0,21.68
2025-11-01 05:43:59,003,WAC_006_200_85,223,0.371,5,0.473,0.0,21.71
2025-11-01 05:54:01,003,WAC_006_200_85,0,0.0,15,1.0,0.0,21.57
2025-11-01 06:04:04,003,WAC_006_200_85,0,0.0,15,1.0,1.5624,21.5
2025-11-01 06:14:07,003,WAC_006_200_85,0,0.0,15,1.0,1.5408,21.46
2025-11-01 06:24:10,003,WAC_006_200_85,0,0.0,15,1.0,1.5372,21.44
2025-11-01 06:34:14,003,WAC_006_200_85,0,0.0,15,1.0,1.5408,21.41
2025-11-01 06:44:17,003,WAC_006_200_85,0,0.0,15,1.0,1.5336,21.39
2025-11-01 06:54:20,003,WAC_006_200_85,0,0.0,15,1.0,1.5336,21.38
2025-11-01 07:04:22,003,WAC_006_200_85,0,0.0,15,1.0,1.5336,21.37
2025-11-01 07:14:24,003,WAC_006_200_85,0,0.0,15,1.0,1.5372,21.37
2025-11-01 07:24:27,003,WAC_006_200_85,0,0.0,15,1.0,1.5372,21.36
2025-11-01 07:34:30,003,WAC_006_200_85,0,0.0,15,1.0,1.5264,21.37
2025-11-01 07:44:32,003,WAC_006_200_85,0,0.0,15,1.0,1.5264,21.36
2025-11-01 07:54:35,003,WAC_006_200_85,15,0.025,14,0.974,1.3392,21.38
2025-11-01 08:04:52,003,WAC_006_200_85,65,0.109,9,0.847,1.5192,21.48
2025-11-01 08:14:54,003,WAC_006_200_85,108,0.18,8,0.748,1.4832,21.5
2025-11-01 08:24:57,003,WAC_006_200_85,0,0.0,15,1.0,1.4832,21.5
2025-11-01 08:35:00,003,WAC_006_200_85,0,0.0,15,1.0,1.4976,21.46
2025-11-01 08:45:03,003,WAC_006_200_85,0,0.0,15,1.0,1.4976,21.44
2025-11-01 08:55:06,003,WAC_006_200_85,0,0.0,15,1.0,1.4832,21.43
2025-11-01 09:05:09,003,WAC_006_200_85,0,0.0,15,1.0,1.4832,21.42
2025-11-01 09:15:12,003,WAC_006_200_85,0,0.0,15,1.0,1.476,21.39
2025-11-01 09:25:15,003,WAC_006_200_85,0,0.0,15,1.0,1.476,21.38
2025-11-01 09:35:18,003,WAC_006_200_85,0,0.0,15,1.0,1.476,21.38
2025-11-01 09:45:21,003,WAC_006_200_85,0,0.0,15,1.0,1.4868,21.38
2025-11-01 09:55:24,003,WAC_006_200_85,0,0.0,15,1.0,1.476,21.39
2025-11-01 10:05:27,003,WAC_006_200_85,0,0.0,15,1.0,1.476,21.38
2025-11-01 10:15:30,003,WAC_006_200_85,30,0.05,13,0.945,1.4544,21.43
2025-11-01 10:25:33,003,WAC_006_200_85,19,0.032,13,0.965,1.4688,21.47
2025-11-01 10:35:36,003,WAC_006_200_85,0,0.0,15,1.0,1.476,21.47
2025-11-01 10:45:39,003,WAC_006_200_85,0,0.0,15,1.0,1.5012,21.48
2025-11-01 10:55:41,003,WAC_006_200_85,0,0.0,15,1.0,1.4904,21.45
2025-11-01 11:05:45,003,WAC_006_200_85,0,0.0,15,1.0,1.5012,21.47
2025-11-01 11:15:47,003,WAC_006_200_85,0,0.0,15,1.0,1.476,21.48
2025-11-01 11:25:50,003,WAC_006_200_85,0,0.0,15,1.0,1.4832,21.49
2025-11-01 11:35:53,003,WAC_006_200_85,0,0.0,15,1.0,1.4832,21.5
2025-11-01 11:45:55,003,WAC_006_200_85,0,0.0,15,1.0,1.4832,21.52
2025-11-01 11:55:58,003,WAC_006_200_85,0,0.0,15,1.0,1.4832,21.53
2025-11-01 12:06:22,003,WAC_006_200_85,0,0.0,15,1.0,1.4832,21.59
2025-11-01 12:16:25,003,WAC_006_200_85,0,0.0,15,1.0,1.494,21.57
2025-11-01 12:26:27,003,WAC_006_200_85,11,0.018,14,0.981,1.4184,21.57
2025-11-01 12:36:30,003,WAC_006_200_85,27,0.045,14,0.954,1.4364,21.61
2025-11-01 12:46:33,003,WAC_006_200_85,53,0.088,8,0.858,1.3608,21.63
2025-11-01 12:56:36,003,WAC_006_200_85,0,0.0,15,1.0,1.3608,21.64
2025-11-01 13:06:39,003,WAC_006_200_85,0,0.0,15,1.0,1.3608,21.63
2025-11-01 13:16:42,003,WAC_006_200_85,0,0.0,15,1.0,1.3752,21.61
2025-11-01 13:26:45,003,WAC_006_200_85,0,0.0,15,1.0,1.368,21.6
2025-11-01 13:36:48,003,WAC_006_200_85,0,0.0,15,1.0,1.368,21.58
2025-11-01 13:46:51,003,WAC_006_200_85,0,0.0,15,1.0,1.368,21.56
2025-11-01 13:56:54,003,WAC_006_200_85,0,0.0,15,1.0,1.3752,21.56
2025-11-01 14:06:57,003,WAC_006_200_85,0,0.0,15,1.0,1.3752,21.55
2025-11-01 14:17:00,003,WAC_006_200_85,0,0.0,15,1.0,1.3752,21.56
2025-11-01 14:27:02,003,WAC_006_200_85,0,0.0,15,1.0,1.3752,21.56
2025-11-01 14:37:05,003,WAC_006_200_85,0,0.0,15,1.0,1.3932,21.56
2025-11-01 14:47:08,003,WAC_006_200_85,9,0.015,14,0.984,1.5912,21.57
2025-11-01 14:57:11,003,WAC_006_200_85,44,0.073,12,0.916,1.5948,21.6
2025-11-01 15:07:14,003,WAC_006_200_85,4,0.007,14,0.993,1.6092,21.62
2025-11-01 15:17:17,003,WAC_006_200_85,0,0.0,15,1.0,1.6056,21.62
2025-11-01 15:27:20,003,WAC_006_200_85,0,0.0,15,1.0,1.6056,21.61
2025-11-01 15:37:23,003,WAC_006_200_85,0,0.0,15,1.0,1.6056,21.59
2025-11-01 15:47:26,003,WAC_006_200_85,0,0.0,15,1.0,1.584,21.58
2025-11-01 15:57:29,003,WAC_006_200_85,0,0.0,15,1.0,1.584,21.57
2025-11-01 16:07:50,003,WAC_006_200_85,0,0.0,15,1.0,1.5912,21.59
2025-11-01 16:17:53,003,WAC_006_200_85,0,0.0,15,1.0,1.5948,21.55
2025-11-01 16:27:56,003,WAC_006_200_85,0,0.0,15,1.0,1.5912,21.52
2025-11-01 16:37:58,003,WAC_006_200_85,0,0.0,15,1.0,1.5912,21.5
2025-11-01 16:48:01,003,WAC_006_200_85,17,0.028,14,0.971,1.5768,21.5
2025-11-01 16:58:04,003,WAC_006_200_85,75,0.125,9,0.828,1.6704,21.5
2025-11-01 17:08:07,003,WAC_006_200_85,2,0.003,14,0.996,1.7604,21.49
2025-11-01 17:18:10,003,WAC_006_200_85,0,0.0,15,1.0,1.7712,21.49
2025-11-01 17:28:13,003,WAC_006_200_85,0,0.0,15,1.0,1.764,21.47
2025-11-01 17:38:16,003,WAC_006_200_85,24,0.04,14,0.959,1.728,21.46
2025-11-01 17:48:19,003,WAC_006_200_85,0,0.0,15,1.0,1.7424,21.47
2025-11-01 17:58:22,003,WAC_006_200_85,0,0.0,15,1.0,1.7604,21.45
2025-11-01 18:08:24,003,WAC_006_200_85,0,0.0,15,1.0,0.0,21.43
2025-11-01 18:18:28,003,WAC_006_200_85,118,0.196,9,0.753,0.0,21.47
2025-11-01 18:28:31,003,WAC_006_200_85,168,0.28,6,0.588,0.0,21.5
2025-11-01 18:38:33,003,WAC_006_200_85,233,0.388,4,0.407,0.0,21.65
2025-11-01 18:48:36,003,WAC_006_200_85,132,0.22,9,0.732,0.0,21.64
2025-11-01 18:58:38,003,WAC_006_200_85,301,0.501,4,0.347,0.0,21.67
2025-11-01 19:08:41,003,WAC_006_200_85,188,0.313,7,0.598,0.0,21.66
2025-11-01 19:18:45,003,WAC_006_200_85,193,0.321,5,0.509,0.0,21.68
2025-11-01 19:28:48,003,WAC_006_200_85,219,0.364,4,0.422,0.0,21.64
2025-11-01 19:38:51,003,WAC_006_200_85,47,0.078,13,0.917,0.0,21.58
2025-11-01 19:48:54,003,WAC_006_200_85,244,0.405,2,0.247,0.0,21.6
2025-11-01 19:58:57,003,WAC_006_200_85,143,0.238,8,0.691,0.0,21.57
2025-11-01 20:09:13,003,WAC_006_200_85,359,0.6,3,0.251,0.0,21.66
2025-11-01 20:19:16,003,WAC_006_200_85,51,0.085,12,0.904,0.0,21.62
2025-11-01 20:29:19,003,WAC_006_200_85,295,0.491,2,0.213,0.0,21.62
2025-11-01 20:39:22,003,WAC_006_200_85,323,0.537,1,0.11,0.0,21.77
2025-11-01 20:49:24,003,WAC_006_200_85,148,0.246,7,0.654,0.0,21.67
2025-11-01 20:59:27,003,WAC_006_200_85,121,0.201,10,0.768,0.0,21.61
2025-11-01 21:09:30,003,WAC_006_200_85,182,0.303,6,0.569,0.0,21.59
2025-11-01 21:19:33,003,WAC_006_200_85,132,0.22,7,0.68,0.0,21.56
2025-11-01 21:29:36,003,WAC_006_200_85,169,0.281,7,0.624,0.0,21.53
2025-11-01 21:39:39,003,WAC_006_200_85,148,0.246,9,0.709,0.0,21.51
2025-11-01 21:49:41,003,WAC_006_200_85,274,0.456,1,0.127,0.0,21.52
2025-11-01 21:59:44,003,WAC_006_200_85,104,0.173,10,0.794,0.0,21.51
2025-11-01 22:09:47,003,WAC_006_200_85,140,0.233,6,0.632,0.0,21.49
2025-11-01 22:19:50,003,WAC_006_200_85,203,0.338,2,0.283,0.0,21.51
2025-11-01 22:29:53,003,WAC_006_200_85,97,0.161,4,0.623,0.0,21.52
2025-11-01 22:39:55,003,WAC_006_200_85,21,0.035,12,0.958,0.0,21.51
2025-11-01 22:49:58,003,WAC_006_200_85,9,0.015,14,0.984,0.0,21.48
2025-11-01 23:00:01,003,WAC_006_200_85,5,0.008,14,0.991,0.0,21.47
2025-11-01 23:10:04,003,WAC_006_200_85,0,0.0,15,1.0,0.0,21.45
2025-11-01 23:20:07,003,WAC_006_200_85,4,0.007,15,0.993,0.0,21.44
2025-11-01 23:30:10,003,WAC_006_200_85,5,0.008,14,0.991,0.0,21.42
2025-11-01 23:40:13,003,WAC_006_200_85,16,0.027,13,0.97,0.0,21.41
2025-11-01 23:50:15,003,WAC_006_200_85,71,0.118,8,0.818,0.0,21.41
2025-11-02 00:00:18,003,WAC_006_200_85,144,0.24,3,0.455,0.0,21.44
2025-11-02 00:10:40,003,WAC_006_200_85,119,0.199,7,0.702,0.0,21.52
2025-11-02 00:20:43,003,WAC_006_200_85,277,0.461,2,0.224,0.0,21.6
2025-11-02 00:30:46,003,WAC_006_200_85,105,0.175,9,0.774,0.0,21.56
2025-11-02 00:40:49,003,WAC_006_200_85,135,0.225,9,0.727,0.0,21.55
2025-11-02 00:50:52,003,WAC_006_200_85,174,0.29,5,0.535,0.0,21.55
2025-11-02 01:00:55,003,WAC_006_200_85,60,0.1,13,0.897,0.0,21.52
2025-11-02 01:10:57,003,WAC_006_200_85,278,0.463,3,0.302,0.0,21.53
2025-11-02 01:21:00,003,WAC_006_200_85,228,0.379,4,0.412,0.0,21.55
2025-11-02 01:31:04,003,WAC_006_200_85,268,0.446,0,0.0,0.0,21.55
2025-11-02 01:41:06,003,WAC_006_200_85,17,0.028,13,0.968,0.0,21.54
2025-11-02 01:51:09,003,WAC_006_200_85,21,0.035,13,0.961,0.0,21.5
2025-11-02 02:01:13,003,WAC_006_200_85,31,0.052,13,0.944,0.0,21.47
2025-11-02 02:11:16,003,WAC_006_200_85,6,0.01,13,0.989,0.0,21.46
2025-11-02 02:21:19,003,WAC_006_200_85,0,0.0,15,1.0,0.0,21.44
2025-11-02 02:31:22,003,WAC_006_200_85,21,0.035,12,0.958,0.0,21.44
2025-11-02 02:41:25,003,WAC_006_200_85,17,0.028,14,0.971,0.0,21.43
2025-11-02 02:51:28,003,WAC_006_200_85,231,0.384,1,0.148,0.0,21.44
2025-11-02 03:01:31,003,WAC_006_200_85,162,0.27,7,0.633,0.0,21.48
2025-11-02 03:11:33,003,WAC_006_200_85,92,0.153,9,0.796,0.0,21.48
2025-11-02 03:12:03,003,WAC_006_200_85,4,0.007,14,0.993,0.0,21.53
2025-11-02 03:21:36,003,WAC_006_200_85,253,0.421,5,0.442,0.0,21.55
2025-11-02 03:22:06,003,WAC_006_200_85,0,0.0,15,1.0,0.0,21.48
2025-11-02 03:31:39,003,WAC_006_200_85,120,0.2,6,0.667,0.0,21.55
2025-11-02 03:32:09,003,WAC_006_200_85,6,0.01,14,0.989,0.0,21.45
2025-11-02 03:41:43,003,WAC_006_200_85,408,0.679,0,0.0,0.0,21.55
2025-11-02 03:42:12,003,WAC_006_200_85,6,0.01,14,0.989,0.0,21.43
2025-11-02 03:51:45,003,WAC_006_200_85,191,0.318,5,0.512,0.0,21.56
2025-11-02 03:52:16,003,WAC_006_200_85,2,0.003,14,0.996,0.0,21.41
2025-11-02 04:01:48,003,WAC_006_200_85,64,0.106,11,0.873,0.0,21.53
2025-11-02 04:02:18,003,WAC_006_200_85,77,0.128,8,0.806,0.0,21.43
2025-11-02 04:12:21,003,WAC_006_200_85,92,0.153,10,0.813,0.0,21.46
2025-11-02 04:22:25,003,WAC_006_200_85,83,0.138,9,0.813,0.0,21.46
2025-11-02 04:32:28,003,WAC_006_200_85,149,0.248,5,0.573,0.0,21.56
2025-11-02 04:42:31,003,WAC_006_200_85,346,0.576,2,0.188,0.0,21.54
2025-11-02 04:52:34,003,WAC_006_200_85,5,0.008,13,0.99,0.0,21.53
2025-11-02 05:02:37,003,WAC_006_200_85,6,0.01,13,0.989,0.0,21.49
2025-11-02 05:12:40,003,WAC_006_200_85,3,0.005,14,0.995,0.0,21.46
2025-11-02 05:22:43,003,WAC_006_200_85,0,0.0,15,1.0,0.0,21.44
2025-11-02 05:32:46,003,WAC_006_200_85,5,0.008,15,0.992,0.0,21.41
2025-11-02 05:42:49,003,WAC_006_200_85,0,0.0,15,1.0,0.0,21.39
2025-11-02 05:52:52,003,WAC_006_200_85,2,0.003,14,0.996,0.0,21.36
2025-11-02 06:02:54,003,WAC_006_200_85,0,0.0,15,1.0,1.8648,21.35
2025-11-02 06:12:57,003,WAC_006_200_85,0,0.0,15,1.0,1.8648,21.36
2025-11-02 06:23:00,003,WAC_006_200_85,0,0.0,15,1.0,1.8504,21.39
2025-11-02 06:33:03,003,WAC_006_200_85,98,0.163,8,0.766,2.0736,21.42
2025-11-02 06:43:05,003,WAC_006_200_85,58,0.097,9,0.861,2.088,21.45
2025-11-02 06:53:08,003,WAC_006_200_85,3,0.005,14,0.995,2.1132,21.46
2025-11-02 07:03:11,003,WAC_006_200_85,0,0.0,15,1.0,2.0952,21.46
2025-11-02 07:13:14,003,WAC_006_200_85,1,0.002,15,0.998,2.1024,21.46
2025-11-02 07:23:17,003,WAC_006_200_85,9,0.015,14,0.984,2.1024,21.47
2025-11-02 07:33:20,003,WAC_006_200_85,27,0.045,12,0.947,2.1888,21.46
2025-11-02 07:43:22,003,WAC_006_200_85,0,0.0,15,1.0,2.2068,21.47
2025-11-02 07:53:26,003,WAC_006_200_85,2,0.003,14,0.996,2.2248,21.47
2025-11-02 08:03:28,003,WAC_006_200_85,0,0.0,15,1.0,2.2104,21.47
2025-11-02 08:13:48,003,WAC_006_200_85,88,0.147,7,0.761,2.2248,21.53
2025-11-02 08:23:51,003,WAC_006_200_85,78,0.13,10,0.837,1.3896,21.56
2025-11-02 08:33:55,003,WAC_006_200_85,240,0.399,2,0.25,1.35,21.58
2025-11-02 08:43:58,003,WAC_006_200_85,156,0.259,4,0.506,1.7064,21.59
2025-11-02 08:54:01,003,WAC_006_200_85,3,0.005,15,0.995,1.7064,21.57
2025-11-02 09:04:04,003,WAC_006_200_85,0,0.0,15,1.0,1.7172,21.53
2025-11-02 09:14:07,003,WAC_006_200_85,0,0.0,15,1.0,1.7064,21.5
2025-11-02 09:24:10,003,WAC_006_200_85,9,0.015,14,0.984,1.7172,21.48
2025-11-02 09:34:13,003,WAC_006_200_85,0,0.0,15,1.0,1.7136,21.45
2025-11-02 09:44:15,003,WAC_006_200_85,31,0.052,13,0.944,1.6992,21.44
2025-11-02 09:54:18,003,WAC_006_200_85,8,0.013,13,0.985,1.6992,21.44
2025-11-02 10:04:21,003,WAC_006_200_85,2,0.003,14,0.996,1.6992,21.43
2025-11-02 10:14:23,003,WAC_006_200_85,4,0.007,15,0.993,1.7064,21.42
2025-11-02 10:24:26,003,WAC_006_200_85,8,0.013,14,0.986,1.6992,21.42
2025-11-02 10:34:30,003,WAC_006_200_85,36,0.06,11,0.924,1.6992,21.42
2025-11-02 10:44:33,003,WAC_006_200_85,119,0.198,4,0.573,1.692,21.43
2025-11-02 10:54:36,003,WAC_006_200_85,216,0.359,3,0.357,1.6344,21.48
2025-11-02 11:04:39,003,WAC_006_200_85,19,0.032,13,0.965,1.6848,21.5
2025-11-02 11:14:41,003,WAC_006_200_85,8,0.013,14,0.986,1.6884,21.52
2025-11-02 11:24:44,003,WAC_006_200_85,0,0.0,15,1.0,1.6776,21.51
2025-11-02 11:34:47,003,WAC_006_200_85,0,0.0,15,1.0,1.6776,21.5
2025-11-02 11:44:50,003,WAC_006_200_85,7,0.012,14,0.988,1.6704,21.49
2025-11-02 11:54:53,003,WAC_006_200_85,7,0.012,13,0.987,1.6704,21.49
2025-11-02 12:04:56,003,WAC_006_200_85,0,0.0,15,1.0,1.6776,21.52
2025-11-02 12:15:10,003,WAC_006_200_85,5,0.008,14,0.991,1.6776,21.57
2025-11-02 12:25:13,003,WAC_006_200_85,2,0.003,15,0.997,1.6776,21.58
2025-11-02 12:35:16,003,WAC_006_200_85,3,0.005,14,0.995,1.6884,21.58
2025-11-02 12:45:19,003,WAC_006_200_85,7,0.012,15,0.988,1.6956,21.56
2025-11-02 12:55:21,003,WAC_006_200_85,0,0.0,15,1.0,1.6956,21.53
2025-11-02 13:05:24,003,WAC_006_200_85,13,0.022,11,0.971,1.692,21.54
2025-11-02 13:15:27,003,WAC_006_200_85,45,0.075,12,0.914,1.62,21.53
2025-11-02 13:25:30,003,WAC_006_200_85,143,0.238,5,0.583,1.3752,21.55
2025-11-02 13:35:33,003,WAC_006_200_85,0,0.0,15,1.0,1.3932,21.57
2025-11-02 13:45:36,003,WAC_006_200_85,0,0.0,15,1.0,1.3896,21.59
2025-11-02 13:55:39,003,WAC_006_200_85,0,0.0,15,1.0,1.3896,21.58
2025-11-02 14:05:42,003,WAC_006_200_85,6,0.01,15,0.99,1.4076,21.57
2025-11-02 14:15:45,003,WAC_006_200_85,0,0.0,15,1.0,1.3968,21.56
2025-11-02 14:25:48,003,WAC_006_200_85,0,0.0,15,1.0,1.4004,21.54
2025-11-02 14:35:51,003,WAC_006_200_85,0,0.0,15,1.0,1.3968,21.53
2025-11-02 14:45:53,003,WAC_006_200_85,0,0.0,15,1.0,1.3968,21.5
2025-11-02 14:55:56,003,WAC_006_200_85,0,0.0,15,1.0,1.4076,21.5
2025-11-02 15:05:59,003,WAC_006_200_85,0,0.0,15,1.0,1.404,21.5
2025-11-02 15:16:02,003,WAC_006_200_85,1,0.002,15,0.998,1.4076,21.5
2025-11-02 15:26:05,003,WAC_006_200_85,13,0.022,14,0.977,1.3752,21.5
2025-11-02 15:36:08,003,WAC_006_200_85,179,0.298,6,0.573,1.4796,21.54
2025-11-02 15:46:10,003,WAC_006_200_85,194,0.323,7,0.591,1.4904,21.56
2025-11-02 15:56:13,003,WAC_006_200_85,93,0.155,8,0.775,1.4976,21.62
2025-11-02 16:06:16,003,WAC_006_200_85,54,0.09,7,0.838,1.5192,21.64
2025-11-02 16:16:31,003,WAC_006_200_85,3,0.005,14,0.995,1.5192,21.66
2025-11-02 16:26:34,003,WAC_006_200_85,2,0.003,15,0.997,1.5192,21.64
2025-11-02 16:36:37,003,WAC_006_200_85,16,0.027,13,0.97,1.512,21.64
2025-11-02 16:46:40,003,WAC_006_200_85,96,0.16,10,0.806,1.5048,21.62
2025-11-02 16:56:42,003,WAC_006_200_85,100,0.166,9,0.783,1.4616,21.63
2025-11-02 17:06:45,003,WAC_006_200_85,112,0.186,10,0.781,1.4328,21.6
2025-11-02 17:16:48,003,WAC_006_200_85,116,0.193,6,0.674,1.4688,21.66
2025-11-02 17:26:51,003,WAC_006_200_85,16,0.027,13,0.97,1.4652,21.63
2025-11-02 17:36:54,003,WAC_006_200_85,119,0.198,8,0.729,1.4472,21.63
2025-11-02 17:46:57,003,WAC_006_200_85,193,0.321,2,0.293,1.4112,21.68
2025-11-02 17:56:59,003,WAC_006_200_85,101,0.168,9,0.781,1.4328,21.64
2025-11-02 18:07:02,003,WAC_006_200_85,44,0.073,13,0.922,0.0,21.63
2025-11-02 18:17:05,003,WAC_006_200_85,245,0.407,5,0.449,0.0,21.69
2025-11-02 18:27:07,003,WAC_006_200_85,161,0.268,6,0.599,0.0,21.66
2025-11-02 18:37:10,003,WAC_006_200_85,200,0.333,4,0.444,0.0,21.66
2025-11-02 18:47:13,003,WAC_006_200_85,85,0.141,10,0.825,0.0,21.67
2025-11-02 18:57:16,003,WAC_006_200_85,199,0.331,7,0.585,0.0,21.64
2025-11-02 19:07:19,003,WAC_006_200_85,210,0.349,7,0.571,0.0,21.67
2025-11-02 19:17:22,003,WAC_006_200_85,247,0.411,3,0.327,0.0,21.75
2025-11-02 19:27:25,003,WAC_006_200_85,149,0.248,7,0.653,0.0,21.7
2025-11-02 19:37:29,003,WAC_006_200_85,215,0.358,2,0.271,0.0,21.69
2025-11-02 19:47:32,003,WAC_006_200_85,81,0.135,11,0.845,0.0,21.67
2025-11-02 19:57:34,003,WAC_006_200_85,302,0.502,2,0.209,0.0,21.67
2025-11-02 20:07:37,003,WAC_006_200_85,167,0.278,8,0.657,0.0,21.66
2025-11-02 20:17:57,003,WAC_006_200_85,277,0.462,1,0.126,0.0,21.83
2025-11-02 20:28:00,003,WAC_006_200_85,123,0.205,8,0.722,0.0,21.74
2025-11-02 20:38:03,003,WAC_006_200_85,167,0.278,8,0.657,0.0,21.66
2025-11-02 20:48:05,003,WAC_006_200_85,223,0.372,6,0.518,0.0,21.7
2025-11-02 20:58:08,003,WAC_006_200_85,161,0.267,7,0.635,0.0,21.7
2025-11-02 21:08:11,003,WAC_006_200_85,212,0.353,7,0.569,0.0,21.67
2025-11-02 21:18:13,003,WAC_006_200_85,163,0.271,7,0.632,0.0,21.67
2025-11-02 21:28:17,003,WAC_006_200_85,269,0.448,2,0.229,0.0,21.74
2025-11-02 21:38:19,003,WAC_006_200_85,332,0.552,1,0.108,0.0,21.71
2025-11-02 21:48:21,003,WAC_006_200_85,52,0.087,12,0.902,0.0,21.66
2025-11-02 21:58:24,003,WAC_006_200_85,238,0.396,2,0.252,0.0,21.69
2025-11-02 22:08:27,003,WAC_006_200_85,454,0.755,0,0.0,0.0,21.8
2025-11-02 22:18:30,003,WAC_006_200_85,473,0.787,0,0.0,0.0,21.77
2025-11-02 22:28:33,003,WAC_006_200_85,10,0.017,14,0.982,0.0,21.7
2025-11-02 22:38:36,003,WAC_006_200_85,29,0.048,13,0.947,0.0,21.64
2025-11-02 22:48:39,003,WAC_006_200_85,6,0.01,13,0.989,0.0,21.59
2025-11-02 22:58:42,003,WAC_006_200_85,130,0.216,9,0.735,0.0,21.55
2025-11-02 23:08:44,003,WAC_006_200_85,400,0.666,0,0.0,0.0,21.58
2025-11-02 23:18:47,003,WAC_006_200_85,208,0.347,7,0.574,0.0,21.67
2025-11-02 23:28:50,003,WAC_006_200_85,265,0.441,4,0.376,0.0,21.64
2025-11-02 23:38:52,003,WAC_006_200_85,332,0.552,2,0.194,0.0,21.66
2025-11-02 23:48:55,003,WAC_006_200_85,134,0.223,9,0.729,0.0,21.61
2025-11-02 23:58:58,003,WAC_006_200_85,319,0.531,2,0.201,0.0,21.78
2025-10-25 00:08:45,023,WAC_006_200_86,212,0.353,4,0.43,0.0,21.77
2025-10-25 00:18:48,023,WAC_006_200_86,153,0.254,7,0.647,0.0,21.75
2025-10-25 00:28:51,023,WAC_006_200_86,170,0.283,6,0.585,0.0,21.74
2025-10-25 00:38:54,023,WAC_006_200_86,186,0.309,4,0.462,0.0,21.74
2025-10-25 00:48:57,023,WAC_006_200_86,194,0.323,5,0.508,0.0,21.75
2025-10-25 00:59:00,023,WAC_006_200_86,75,0.125,11,0.854,0.0,21.7
2025-10-25 01:09:03,023,WAC_006_200_86,72,0.12,9,0.833,0.0,21.67
2025-10-25 01:19:06,023,WAC_006_200_86,129,0.215,7,0.685,0.0,21.63
2025-10-25 01:29:08,023,WAC_006_200_86,43,0.072,12,0.918,0.0,21.58
2025-10-25 01:39:11,023,WAC_006_200_86,52,0.087,10,0.885,0.0,21.55
2025-10-25 01:49:15,023,WAC_006_200_86,176,0.293,7,0.614,0.0,21.58
2025-10-25 01:59:18,023,WAC_006_200_86,150,0.249,4,0.516,0.0,21.6
2025-10-25 02:09:21,023,WAC_006_200_86,20,0.033,13,0.963,0.0,21.55
2025-10-25 02:19:25,023,WAC_006_200_86,150,0.25,7,0.651,0.0,21.55
2025-10-25 02:29:27,023,WAC_006_200_86,58,0.097,11,0.884,0.0,21.52
2025-10-25 02:39:30,023,WAC_006_200_86,0,0.0,15,1.0,0.0,21.47
2025-10-25 02:49:33,023,WAC_006_200_86,0,0.0,15,1.0,0.0,21.42
2025-10-25 02:59:36,023,WAC_006_200_86,0,0.0,15,1.0,0.0,21.39
2025-10-25 03:09:40,023,WAC_006_200_86,0,0.0,15,1.0,0.0,21.37
2025-10-25 03:19:43,023,WAC_006_200_86,0,0.0,15,1.0,0.0,21.36
2025-10-25 03:29:45,023,WAC_006_200_86,0,0.0,15,1.0,0.0,21.33
2025-10-25 03:39:48,023,WAC_006_200_86,0,0.0,15,1.0,0.0,21.31
2025-10-25 03:49:52,023,WAC_006_200_86,0,0.0,15,1.0,0.0,21.3
2025-10-25 03:59:55,023,WAC_006_200_86,0,0.0,15,1.0,0.0,21.29
2025-10-25 04:10:14,023,WAC_006_200_86,0,0.0,15,1.0,0.0,21.32
2025-10-25 04:20:17,023,WAC_006_200_86,0,0.0,15,1.0,0.0,21.29
2025-10-25 04:30:20,023,WAC_006_200_86,0,0.0,15,1.0,0.0,21.27
2025-10-25 04:40:23,023,WAC_006_200_86,0,0.0,15,1.0,0.0,21.25
2025-10-25 04:50:26,023,WAC_006_200_86,93,0.155,10,0.811,0.0,21.33
2025-10-25 05:00:29,023,WAC_006_200_86,89,0.148,9,0.802,0.0,21.38
2025-10-25 05:10:32,023,WAC_006_200_86,52,0.087,10,0.885,0.0,21.42
2025-10-25 05:20:35,023,WAC_006_200_86,117,0.195,7,0.705,0.0,21.47
2025-10-25 05:30:38,023,WAC_006_200_86,18,0.03,12,0.964,0.0,21.49
2025-10-25 05:40:41,023,WAC_006_200_86,257,0.428,1,0.135,0.0,21.58
2025-10-25 05:50:45,023,WAC_006_200_86,234,0.389,1,0.146,0.0,21.57
2025-10-25 06:00:48,023,WAC_006_200_86,156,0.259,4,0.506,0.1584,21.68
2025-10-25 06:10:51,023,WAC_006_200_86,5,0.008,14,0.991,0.1728,21.61
2025-10-25 06:20:54,023,WAC_006_200_86,11,0.018,13,0.979,0.1728,21.56
2025-10-25 06:30:57,023,WAC_006_200_86,4,0.007,14,0.993,0.18,21.52
2025-10-25 06:41:00,023,WAC_006_200_86,117,0.195,7,0.705,0.1728,21.49
2025-10-25 06:51:03,023,WAC_006_200_86,19,0.032,13,0.965,0.0864,21.46
2025-10-25 07:01:06,023,WAC_006_200_86,9,0.015,14,0.984,0.18,21.41
2025-10-25 07:11:09,023,WAC_006_200_86,0,0.0,15,1.0,0.18,21.39
2025-10-25 07:21:12,023,WAC_006_200_86,0,0.0,15,1.0,0.18,21.36
2025-10-25 07:31:15,023,WAC_006_200_86,0,0.0,15,1.0,0.18,21.31
2025-10-25 07:41:18,023,WAC_006_200_86,0,0.0,15,1.0,0.18,21.29
2025-10-25 07:51:21,023,WAC_006_200_86,0,0.0,15,1.0,0.1908,21.27
2025-10-25 08:01:24,023,WAC_006_200_86,0,0.0,15,1.0,0.18,21.24
2025-10-25 08:11:36,023,WAC_006_200_86,0,0.0,15,1.0,0.1872,21.26
2025-10-25 08:21:39,023,WAC_006_200_86,0,0.0,15,1.0,0.1872,21.26
2025-10-25 08:31:42,023,WAC_006_200_86,0,0.0,15,1.0,0.1872,21.24
2025-10-25 08:41:45,023,WAC_006_200_86,0,0.0,15,1.0,0.1908,21.22
2025-10-25 08:51:48,023,WAC_006_200_86,1,0.002,14,0.998,0.1872,21.23
2025-10-25 09:01:50,023,WAC_006_200_86,0,0.0,15,1.0,0.1908,21.23
2025-10-25 09:11:54,023,WAC_006_200_86,0,0.0,15,1.0,0.1908,21.22
2025-10-25 09:21:56,023,WAC_006_200_86,0,0.0,15,1.0,0.1224,21.23
2025-10-25 09:31:59,023,WAC_006_200_86,25,0.042,14,0.957,0.1224,21.23
2025-10-25 09:42:02,023,WAC_006_200_86,87,0.145,8,0.786,0.1188,21.31
2025-10-25 09:52:05,023,WAC_006_200_86,0,0.0,15,1.0,0.1476,21.33
2025-10-25 10:02:07,023,WAC_006_200_86,0,0.0,15,1.0,0.144,21.32
2025-10-25 10:12:10,023,WAC_006_200_86,0,0.0,15,1.0,0.1656,21.29
2025-10-25 10:22:13,023,WAC_006_200_86,0,0.0,15,1.0,0.1764,21.28
2025-10-25 10:32:16,023,WAC_006_200_86,0,0.0,15,1.0,0.1656,21.29
2025-10-25 10:42:19,023,WAC_006_200_86,173,0.288,5,0.536,0.162,21.42
2025-10-25 10:52:22,023,WAC_006_200_86,0,0.0,15,1.0,0.162,21.48
2025-10-25 11:02:26,023,WAC_006_200_86,23,0.038,13,0.958,0.162,21.52
2025-10-25 11:12:28,023,WAC_006_200_86,94,0.156,10,0.81,0.1368,21.57
2025-10-25 11:22:32,023,WAC_006_200_86,1,0.002,14,0.998,0.072,21.58
2025-10-25 11:32:34,023,WAC_006_200_86,169,0.281,6,0.587,0.1044,21.67
2025-10-25 11:42:37,023,WAC_006_200_86,50,0.083,10,0.889,0.108,21.65
2025-10-25 11:52:40,023,WAC_006_200_86,8,0.013,14,0.986,0.1224,21.56
2025-10-25 12:02:43,023,WAC_006_200_86,0,0.0,15,1.0,0.1152,21.5
2025-10-25 12:13:01,023,WAC_006_200_86,0,0.0,15,1.0,0.1152,21.46
2025-10-25 12:23:05,023,WAC_006_200_86,0,0.0,15,1.0,0.126,21.38
2025-10-25 12:33:09,023,WAC_006_200_86,0,0.0,15,1.0,0.126,21.34
2025-10-25 12:43:11,023,WAC_006_200_86,0,0.0,15,1.0,0.126,21.3
2025-10-25 12:53:14,023,WAC_006_200_86,0,0.0,15,1.0,0.1152,21.28
2025-10-25 13:03:17,023,WAC_006_200_86,1,0.002,15,0.998,0.1512,21.25
2025-10-25 13:13:20,023,WAC_006_200_86,0,0.0,15,1.0,0.1512,21.25
2025-10-25 13:23:23,023,WAC_006_200_86,0,0.0,15,1.0,0.1224,21.24
2025-10-25 13:33:26,023,WAC_006_200_86,0,0.0,15,1.0,0.126,21.24
2025-10-25 13:43:28,023,WAC_006_200_86,0,0.0,15,1.0,0.1152,21.21
2025-10-25 13:53:31,023,WAC_006_200_86,0,0.0,15,1.0,0.1548,21.2
2025-10-25 14:03:34,023,WAC_006_200_86,0,0.0,15,1.0,0.1512,21.18
2025-10-25 14:13:38,023,WAC_006_200_86,0,0.0,15,1.0,0.1512,21.19
2025-10-25 14:23:41,023,WAC_006_200_86,0,0.0,15,1.0,0.1512,21.17
2025-10-25 14:33:44,023,WAC_006_200_86,0,0.0,15,1.0,0.162,21.16
2025-10-25 14:43:47,023,WAC_006_200_86,0,0.0,15,1.0,0.1512,21.16
2025-10-25 14:53:50,023,WAC_006_200_86,0,0.0,15,1.0,0.1512,21.14
2025-10-25 15:03:52,023,WAC_006_200_86,0,0.0,15,1.0,0.1512,21.14
2025-10-25 15:13:55,023,WAC_006_200_86,0,0.0,15,1.0,0.1224,21.12
2025-10-25 15:23:58,023,WAC_006_200_86,1,0.002,14,0.998,0.1584,21.12
2025-10-25 15:34:01,023,WAC_006_200_86,0,0.0,15,1.0,0.1584,21.1
2025-10-25 15:44:05,023,WAC_006_200_86,0,0.0,15,1.0,0.126,21.1
2025-10-25 15:54:07,023,WAC_006_200_86,14,0.023,12,0.972,0.0864,21.1
2025-10-25 16:04:11,023,WAC_006_200_86,44,0.073,12,0.916,0.1188,21.17
2025-10-25 16:14:32,023,WAC_006_200_86,65,0.108,10,0.86,0.1224,21.24
2025-10-25 16:24:35,023,WAC_006_200_86,1,0.002,15,0.998,0.1224,21.22
2025-10-25 16:34:37,023,WAC_006_200_86,1,0.002,14,0.998,0.1224,21.2
2025-10-25 16:44:40,023,WAC_006_200_86,0,0.0,15,1.0,0.1296,21.19
2025-10-25 16:54:44,023,WAC_006_200_86,0,0.0,15,1.0,0.1332,21.18
2025-10-25 17:04:47,023,WAC_006_200_86,0,0.0,15,1.0,0.1296,21.18
2025-10-25 17:14:50,023,WAC_006_200_86,0,0.0,15,1.0,0.1224,21.18
2025-10-25 17:24:53,023,WAC_006_200_86,9,0.015,14,0.984,0.1224,21.21
2025-10-25 17:34:55,023,WAC_006_200_86,117,0.195,8,0.732,0.1152,21.29
2025-10-25 17:44:58,023,WAC_006_200_86,173,0.288,8,0.649,0.108,21.39
2025-10-25 17:55:01,023,WAC_006_200_86,45,0.075,11,0.907,0.108,21.41
2025-10-25 18:05:05,023,WAC_006_200_86,75,0.125,11,0.854,0.0,21.43
2025-10-25 18:15:08,023,WAC_006_200_86,152,0.252,7,0.648,0.0,21.45
2025-10-25 18:25:11,023,WAC_006_200_86,0,0.0,15,1.0,0.0,21.41
2025-10-25 18:35:13,023,WAC_006_200_86,0,0.0,15,1.0,0.0,21.39
2025-10-25 18:45:16,023,WAC_006_200_86,0,0.0,15,1.0,0.0,21.37
2025-10-25 18:55:19,023,WAC_006_200_86,160,0.266,8,0.667,0.0,21.41
2025-10-25 19:05:21,023,WAC_006_200_86,122,0.203,7,0.697,0.0,21.42
2025-10-25 19:15:25,023,WAC_006_200_86,162,0.27,8,0.664,0.0,21.47
2025-10-25 19:25:27,023,WAC_006_200_86,210,0.349,6,0.533,0.0,21.54
2025-10-25 19:35:30,023,WAC_006_200_86,11,0.018,14,0.981,0.0,21.54
2025-10-25 19:45:33,023,WAC_006_200_86,132,0.22,6,0.645,0.0,21.54
2025-10-25 19:55:36,023,WAC_006_200_86,123,0.205,7,0.695,0.0,21.55
2025-10-25 20:05:39,023,WAC_006_200_86,36,0.06,14,0.94,0.0,21.53
2025-10-25 20:15:56,023,WAC_006_200_86,246,0.411,5,0.448,0.0,21.64
2025-10-25 20:25:59,023,WAC_006_200_86,42,0.07,12,0.92,0.0,21.58
2025-10-25 20:36:02,023,WAC_006_200_86,0,0.0,15,1.0,0.0,21.58
2025-10-25 20:46:05,023,WAC_006_200_86,0,0.0,15,1.0,0.0,21.56
2025-10-25 20:56:07,023,WAC_006_200_86,0,0.0,15,1.0,0.0,21.53
2025-10-25 21:06:10,023,WAC_006_200_86,0,0.0,15,1.0,0.0,21.49
2025-10-25 21:16:13,023,WAC_006_200_86,0,0.0,15,1.0,0.0,21.46
2025-10-25 21:26:16,023,WAC_006_200_86,0,0.0,15,1.0,0.0,21.41
2025-10-25 21:36:18,023,WAC_006_200_86,0,0.0,15,1.0,0.0,21.41
2025-10-25 21:46:21,023,WAC_006_200_86,26,0.043,12,0.949,0.0,21.42
2025-10-25 21:56:24,023,WAC_006_200_86,121,0.201,9,0.748,0.0,21.47
2025-10-25 22:06:27,023,WAC_006_200_86,96,0.16,8,0.769,0.0,21.51
2025-10-25 22:16:31,023,WAC_006_200_86,41,0.068,12,0.921,0.0,21.52
2025-10-25 22:26:34,023,WAC_006_200_86,182,0.302,7,0.606,0.0,21.58
2025-10-25 22:36:37,023,WAC_006_200_86,57,0.095,10,0.875,0.0,21.57
2025-10-25 22:46:40,023,WAC_006_200_86,72,0.12,10,0.847,0.0,21.58
2025-10-25 22:56:44,023,WAC_006_200_86,108,0.18,7,0.722,0.0,21.56
2025-10-25 23:06:47,023,WAC_006_200_86,150,0.25,5,0.571,0.0,21.57
2025-10-25 23:16:50,023,WAC_006_200_86,97,0.161,9,0.788,0.0,21.55
2025-10-25 23:26:53,023,WAC_006_200_86,188,0.312,6,0.561,0.0,21.57
2025-10-25 23:36:56,023,WAC_006_200_86,123,0.205,5,0.619,0.0,21.57
2025-10-25 23:46:59,023,WAC_006_200_86,39,0.065,10,0.911,0.0,21.54
2025-10-25 23:57:02,023,WAC_006_200_86,106,0.176,8,0.751,0.0,21.53
2025-10-26 00:07:04,023,WAC_006_200_86,14,0.023,13,0.974,0.0,21.49
2025-10-26 00:17:34,023,WAC_006_200_86,125,0.209,8,0.719,0.0,21.57
2025-10-26 00:27:37,023,WAC_006_200_86,65,0.108,10,0.86,0.0,21.52
2025-10-26 00:37:39,023,WAC_006_200_86,49,0.082,11,0.9,0.0,21.5
2025-10-26 00:47:43,023,WAC_006_200_86,188,0.313,3,0.39,0.0,21.55
2025-10-26 00:57:46,023,WAC_006_200_86,92,0.153,7,0.753,0.0,21.51
2025-10-26 01:07:49,023,WAC_006_200_86,155,0.258,6,0.608,0.0,21.55
2025-10-26 01:17:52,023,WAC_006_200_86,71,0.118,7,0.798,0.0,21.53
2025-10-26 01:27:55,023,WAC_006_200_86,185,0.307,2,0.302,0.0,21.52
2025-10-26 01:37:58,023,WAC_006_200_86,66,0.11,11,0.87,0.0,21.49
2025-10-26 01:48:01,023,WAC_006_200_86,0,0.0,15,1.0,0.0,21.46
2025-10-26 01:58:04,023,WAC_006_200_86,0,0.0,15,1.0,0.0,21.39
2025-10-26 02:08:07,023,WAC_006_200_86,0,0.0,15,1.0,0.0,21.34
2025-10-26 02:18:10,023,WAC_006_200_86,0,0.0,15,1.0,0.0,21.3
2025-10-26 02:28:13,023,WAC_006_200_86,0,0.0,15,1.0,0.0,21.28
2025-10-26 02:38:16,023,WAC_006_200_86,0,0.0,15,1.0,0.0,21.24
2025-10-26 02:48:20,023,WAC_006_200_86,1,0.002,15,0.998,0.0,21.22
2025-10-26 02:58:23,023,WAC_006_200_86,0,0.0,15,1.0,0.0,21.21
2025-10-26 03:08:26,023,WAC_006_200_86,0,0.0,15,1.0,0.0,21.2
2025-10-26 03:18:29,023,WAC_006_200_86,0,0.0,15,1.0,0.0,21.2
2025-10-26 03:28:32,023,WAC_006_200_86,1,0.002,15,0.998,0.0,21.17
2025-10-26 03:38:35,023,WAC_006_200_86,0,0.0,15,1.0,0.0,21.16
2025-10-26 03:48:38,023,WAC_006_200_86,0,0.0,15,1.0,0.0,21.17
2025-10-26 03:58:41,023,WAC_006_200_86,88,0.146,9,0.804,0.0,21.2
2025-10-26 04:08:45,023,WAC_006_200_86,79,0.131,10,0.835,0.0,21.26
2025-10-26 04:18:56,023,WAC_006_200_86,221,0.368,4,0.42,0.0,21.38
2025-10-26 04:29:00,023,WAC_006_200_86,74,0.123,9,0.829,0.0,21.38
2025-10-26 04:39:02,023,WAC_006_200_86,81,0.135,10,0.832,0.0,21.4
2025-10-26 04:49:06,023,WAC_006_200_86,83,0.138,9,0.813,0.0,21.41
2025-10-26 04:59:10,023,WAC_006_200_86,174,0.289,8,0.648,0.0,21.45
2025-10-26 05:09:12,023,WAC_006_200_86,127,0.211,6,0.654,0.0,21.48
2025-10-26 05:19:15,023,WAC_006_200_86,48,0.08,9,0.882,0.0,21.47
2025-10-26 05:29:19,023,WAC_006_200_86,96,0.16,8,0.769,0.0,21.43
2025-10-26 05:39:22,023,WAC_006_200_86,190,0.316,4,0.457,0.0,21.45
2025-10-26 05:49:25,023,WAC_006_200_86,219,0.364,6,0.523,0.0,21.49
2025-10-26 05:59:29,023,WAC_006_200_86,40,0.066,11,0.917,0.0,21.47
2025-10-26 06:09:32,023,WAC_006_200_86,47,0.078,8,0.872,0.1908,21.53
2025-10-26 06:19:35,023,WAC_006_200_86,22,0.037,13,0.959,0.1944,21.46
2025-10-26 06:29:39,023,WAC_006_200_86,47,0.078,9,0.885,0.1512,21.41
2025-10-26 06:39:42,023,WAC_006_200_86,0,0.0,15,1.0,0.1656,21.38
2025-10-26 06:49:44,023,WAC_006_200_86,0,0.0,15,1.0,0.1584,21.33
2025-10-26 06:59:47,023,WAC_006_200_86,0,0.0,15,1.0,0.162,21.31
2025-10-26 07:09:50,023,WAC_006_200_86,0,0.0,15,1.0,0.1584,21.29
2025-10-26 07:19:53,023,WAC_006_200_86,0,0.0,15,1.0,0.162,21.26
2025-10-26 07:29:56,023,WAC_006_200_86,0,0.0,15,1.0,0.1584,21.24
2025-10-26 07:39:59,023,WAC_006_200_86,0,0.0,15,1.0,0.162,21.23
2025-10-26 07:50:03,023,WAC_006_200_86,0,0.0,15,1.0,0.162,21.22
2025-10-26 08:00:06,023,WAC_006_200_86,0,0.0,15,1.0,0.162,21.22
2025-10-26 08:10:09,023,WAC_006_200_86,0,0.0,15,1.0,0.162,21.21
2025-10-26 08:20:22,023,WAC_006_200_86,0,0.0,15,1.0,0.162,21.23
2025-10-26 08:30:24,023,WAC_006_200_86,0,0.0,15,1.0,0.162,21.2
2025-10-26 08:40:27,023,WAC_006_200_86,2,0.003,15,0.997,0.1584,21.19
2025-10-26 08:50:31,023,WAC_006_200_86,0,0.0,15,1.0,0.162,21.2
2025-10-26 09:00:34,023,WAC_006_200_86,0,0.0,15,1.0,0.1584,21.2
2025-10-26 09:10:36,023,WAC_006_200_86,0,0.0,15,1.0,0.162,21.2
2025-10-26 09:20:39,023,WAC_006_200_86,0,0.0,15,1.0,0.162,21.19
2025-10-26 09:30:42,023,WAC_006_200_86,0,0.0,15,1.0,0.1584,21.19
2025-10-26 09:40:46,023,WAC_006_200_86,0,0.0,15,1.0,0.1584,21.18
2025-10-26 09:50:49,023,WAC_006_200_86,0,0.0,15,1.0,0.162,21.17
2025-10-26 10:00:52,023,WAC_006_200_86,0,0.0,15,1.0,0.1584,21.19
2025-10-26 10:10:55,023,WAC_006_200_86,20,0.033,13,0.963,0.1584,21.22
2025-10-26 10:20:59,023,WAC_006_200_86,100,0.166,9,0.783,0.162,21.33
2025-10-26 10:31:02,023,WAC_006_200_86,33,0.055,9,0.916,0.1404,21.4
2025-10-26 10:41:04,023,WAC_006_200_86,210,0.349,2,0.276,0.18,21.5
2025-10-26 10:51:07,023,WAC_006_200_86,77,0.128,8,0.806,0.1584,21.49
2025-10-26 11:01:10,023,WAC_006_200_86,0,0.0,15,1.0,0.1404,21.43
2025-10-26 11:11:13,023,WAC_006_200_86,6,0.01,14,0.989,0.1152,21.41
2025-10-26 11:21:17,023,WAC_006_200_86,0,0.0,15,1.0,0.1152,21.36
2025-10-26 11:31:20,023,WAC_006_200_86,0,0.0,15,1.0,0.1152,21.32
2025-10-26 11:41:23,023,WAC_006_200_86,0,0.0,15,1.0,0.1224,21.29
2025-10-26 11:51:26,023,WAC_006_200_86,0,0.0,15,1.0,0.126,21.25
2025-10-26 12:01:29,023,WAC_006_200_86,0,0.0,15,1.0,0.126,21.22
2025-10-26 12:11:32,023,WAC_006_200_86,0,0.0,15,1.0,0.1224,21.2
2025-10-26 12:21:53,023,WAC_006_200_86,0,0.0,15,1.0,0.1224,21.22
2025-10-26 12:31:56,023,WAC_006_200_86,0,0.0,15,1.0,0.1224,21.2
2025-10-26 12:41:59,023,WAC_006_200_86,0,0.0,15,1.0,0.126,21.17
2025-10-26 12:52:03,023,WAC_006_200_86,0,0.0,15,1.0,0.126,21.17
2025-10-26 13:02:06,023,WAC_006_200_86,0,0.0,15,1.0,0.1224,21.16
2025-10-26 13:12:08,023,WAC_006_200_86,0,0.0,15,1.0,0.1224,21.15
2025-10-26 13:22:11,023,WAC_006_200_86,0,0.0,15,1.0,0.1224,21.14
2025-10-26 13:32:14,023,WAC_006_200_86,0,0.0,15,1.0,0.1296,21.14
2025-10-26 13:42:17,023,WAC_006_200_86,0,0.0,15,1.0,0.1332,21.15
2025-10-26 13:52:21,023,WAC_006_200_86,0,0.0,15,1.0,0.1296,21.15
2025-10-26 14:02:24,023,WAC_006_200_86,0,0.0,15,1.0,0.1296,21.16
2025-10-26 14:12:26,023,WAC_006_200_86,0,0.0,15,1.0,0.162,21.16
2025-10-26 14:22:29,023,WAC_006_200_86,7,0.012,14,0.988,0.1512,21.17
2025-10-26 14:32:32,023,WAC_006_200_86,2,0.003,15,0.997,0.1548,21.17
2025-10-26 14:42:35,023,WAC_006_200_86,30,0.05,12,0.941,0.1548,21.19
2025-10-26 14:52:38,023,WAC_006_200_86,49,0.081,11,0.9,0.1296,21.24
2025-10-26 15:02:41,023,WAC_006_200_86,96,0.16,11,0.821,0.162,21.34
2025-10-26 15:12:44,023,WAC_006_200_86,1,0.002,14,0.998,0.1512,21.34
2025-10-26 15:22:47,023,WAC_006_200_86,0,0.0,15,1.0,0.1512,21.31
2025-10-26 15:32:50,023,WAC_006_200_86,0,0.0,15,1.0,0.162,21.29
2025-10-26 15:42:53,023,WAC_006_200_86,0,0.0,15,1.0,0.1296,21.27
2025-10-26 15:52:56,023,WAC_006_200_86,0,0.0,15,1.0,0.162,21.26
2025-10-26 16:03:00,023,WAC_006_200_86,0,0.0,15,1.0,0.162,21.24
2025-10-26 16:13:03,023,WAC_006_200_86,0,0.0,15,1.0,0.1512,21.24
2025-10-26 16:23:24,023,WAC_006_200_86,0,0.0,15,1.0,0.1296,21.3
2025-10-26 16:33:27,023,WAC_006_200_86,11,0.018,13,0.979,0.1332,21.31
2025-10-26 16:43:30,023,WAC_006_200_86,74,0.123,11,0.856,0.126,21.36
2025-10-26 16:53:33,023,WAC_006_200_86,96,0.159,7,0.745,0.126,21.41
2025-10-26 17:03:36,023,WAC_006_200_86,0,0.0,15,1.0,0.1224,21.39
2025-10-26 17:13:40,023,WAC_006_200_86,0,0.0,15,1.0,0.1224,21.35
2025-10-26 17:23:42,023,WAC_006_200_86,0,0.0,15,1.0,0.1224,21.32
2025-10-26 17:33:46,023,WAC_006_200_86,0,0.0,15,1.0,0.1224,21.29
2025-10-26 17:43:48,023,WAC_006_200_86,0,0.0,15,1.0,0.1224,21.29
2025-10-26 17:53:52,023,WAC_006_200_86,0,0.0,15,1.0,0.1332,21.29
2025-10-26 18:03:54,023,WAC_006_200_86,0,0.0,15,1.0,0.0,21.27
2025-10-26 18:13:58,023,WAC_006_200_86,56,0.093,12,0.896,0.0,21.31
2025-10-26 18:24:01,023,WAC_006_200_86,157,0.261,5,0.56,0.0,21.39
2025-10-26 18:34:04,023,WAC_006_200_86,156,0.259,7,0.642,0.0,21.48
2025-10-26 18:44:07,023,WAC_006_200_86,111,0.185,9,0.764,0.0,21.53
2025-10-26 18:54:10,023,WAC_006_200_86,221,0.367,4,0.42,0.0,21.61
2025-10-26 19:04:13,023,WAC_006_200_86,111,0.184,8,0.742,0.0,21.64
2025-10-26 19:14:16,023,WAC_006_200_86,81,0.135,10,0.832,0.0,21.64
2025-10-26 19:24:19,023,WAC_006_200_86,153,0.255,5,0.567,0.0,21.66
2025-10-26 19:34:22,023,WAC_006_200_86,162,0.27,4,0.497,0.0,21.67
2025-10-26 19:44:26,023,WAC_006_200_86,37,0.062,11,0.922,0.0,21.68
2025-10-26 19:54:29,023,WAC_006_200_86,75,0.125,9,0.828,0.0,21.7
2025-10-26 20:04:32,023,WAC_006_200_86,221,0.368,4,0.42,0.0,21.75
2025-10-26 20:14:35,023,WAC_006_200_86,2,0.003,15,0.997,0.0,21.71
2025-10-26 20:24:58,023,WAC_006_200_86,93,0.155,8,0.775,0.0,21.74
2025-10-26 20:35:00,023,WAC_006_200_86,78,0.13,9,0.822,0.0,21.72
2025-10-26 20:45:04,023,WAC_006_200_86,92,0.153,8,0.777,0.0,21.7
2025-10-26 20:55:07,023,WAC_006_200_86,42,0.07,10,0.905,0.0,21.67
2025-10-26 21:05:11,023,WAC_006_200_86,181,0.301,5,0.525,0.0,21.66
2025-10-26 21:15:14,023,WAC_006_200_86,27,0.045,12,0.947,0.0,21.66
2025-10-26 21:25:17,023,WAC_006_200_86,147,0.245,6,0.62,0.0,21.64
2025-10-26 21:35:20,023,WAC_006_200_86,90,0.15,9,0.8,0.0,21.62
2025-10-26 21:45:23,023,WAC_006_200_86,204,0.34,3,0.37,0.0,21.64
2025-10-26 21:55:26,023,WAC_006_200_86,137,0.228,4,0.539,0.0,21.63
2025-10-26 22:05:29,023,WAC_006_200_86,168,0.28,5,0.543,0.0,21.66
2025-10-26 22:15:31,023,WAC_006_200_86,118,0.196,7,0.704,0.0,21.65
2025-10-26 22:25:34,023,WAC_006_200_86,206,0.343,5,0.493,0.0,21.67
2025-10-26 22:35:37,023,WAC_006_200_86,60,0.1,7,0.824,0.0,21.65
2025-10-26 22:45:40,023,WAC_006_200_86,173,0.287,4,0.48,0.0,21.62
2025-10-26 22:55:44,023,WAC_006_200_86,226,0.376,3,0.347,0.0,21.64
2025-10-26 23:05:46,023,WAC_006_200_86,183,0.304,3,0.396,0.0,21.66
2025-10-26 23:15:50,023,WAC_006_200_86,148,0.246,5,0.575,0.0,21.64
2025-10-26 23:25:52,023,WAC_006_200_86,106,0.176,8,0.751,0.0,21.65
2025-10-26 23:35:55,023,WAC_006_200_86,194,0.323,5,0.508,0.0,21.63
2025-10-26 23:45:57,023,WAC_006_200_86,104,0.173,8,0.755,0.0,21.62
2025-10-26 23:56:00,023,WAC_006_200_86,126,0.21,7,0.69,0.0,21.59
2025-10-25 00:02:15,013,WAC_006_200_87,304,0.508,1,0.116,0.0,21.99
2025-10-25 00:12:17,013,WAC_006_200_87,49,0.082,11,0.9,0.0,21.88
2025-10-25 00:22:21,013,WAC_006_200_87,176,0.293,6,0.577,0.0,21.88
2025-10-25 00:32:23,013,WAC_006_200_87,221,0.368,6,0.521,0.0,21.89
2025-10-25 00:42:25,013,WAC_006_200_87,275,0.458,2,0.225,0.0,22.1
2025-10-25 00:52:29,013,WAC_006_200_87,25,0.042,12,0.95,0.0,22.15
2025-10-25 01:02:31,013,WAC_006_200_87,23,0.038,12,0.954,0.0,22.17
2025-10-25 01:12:34,013,WAC_006_200_87,11,0.018,12,0.978,0.0,22.18
2025-10-25 01:22:37,013,WAC_006_200_87,32,0.053,11,0.932,0.0,22.12
2025-10-25 01:32:40,013,WAC_006_200_87,104,0.173,9,0.776,0.0,22.1
2025-10-25 01:42:44,013,WAC_006_200_87,391,0.651,0,0.0,0.0,22.17
2025-10-25 01:52:46,013,WAC_006_200_87,186,0.309,4,0.462,0.0,22.11
2025-10-25 02:02:49,013,WAC_006_200_87,205,0.341,3,0.369,0.0,21.98
2025-10-25 02:12:52,013,WAC_006_200_87,64,0.106,9,0.849,0.0,21.86
2025-10-25 02:22:55,013,WAC_006_200_87,47,0.078,9,0.885,0.0,21.78
2025-10-25 02:32:57,013,WAC_006_200_87,281,0.468,1,0.125,0.0,21.9
2025-10-25 02:43:00,013,WAC_006_200_87,224,0.373,6,0.517,0.0,21.86
2025-10-25 02:53:03,013,WAC_006_200_87,221,0.368,3,0.352,0.0,21.94
2025-10-25 03:03:06,013,WAC_006_200_87,18,0.03,12,0.964,0.0,21.92
2025-10-25 03:13:08,013,WAC_006_200_87,36,0.06,12,0.93,0.0,21.89
2025-10-25 03:23:11,013,WAC_006_200_87,137,0.228,6,0.637,0.0,21.89
2025-10-25 03:33:14,013,WAC_006_200_87,276,0.459,4,0.367,0.0,21.86
2025-10-25 03:43:17,013,WAC_006_200_87,105,0.175,9,0.774,0.0,21.75
2025-10-25 03:53:20,013,WAC_006_200_87,133,0.221,5,0.601,0.0,21.71
2025-10-25 04:03:35,013,WAC_006_200_87,149,0.249,8,0.682,0.0,21.79
2025-10-25 04:13:37,013,WAC_006_200_87,395,0.657,0,0.0,0.0,21.9
2025-10-25 04:23:41,013,WAC_006_200_87,101,0.168,10,0.798,0.0,21.96
2025-10-25 04:33:44,013,WAC_006_200_87,139,0.231,8,0.697,0.0,22.03
2025-10-25 04:43:46,013,WAC_006_200_87,15,0.025,13,0.972,0.0,22.04
2025-10-25 04:53:49,013,WAC_006_200_87,49,0.082,12,0.907,0.0,22.03
2025-10-25 05:03:52,013,WAC_006_200_87,342,0.569,0,0.0,0.0,22.02
2025-10-25 05:13:54,013,WAC_006_200_87,76,0.126,10,0.84,0.0,21.89
2025-10-25 05:23:57,013,WAC_006_200_87,113,0.188,8,0.739,0.0,21.78
2025-10-25 05:34:00,013,WAC_006_200_87,114,0.189,6,0.678,0.0,21.75
2025-10-25 05:44:03,013,WAC_006_200_87,328,0.547,0,0.0,0.0,21.85
2025-10-25 05:54:05,013,WAC_006_200_87,194,0.323,5,0.508,0.0,21.94
2025-10-25 06:04:08,013,WAC_006_200_87,7,0.012,14,0.988,0.2088,21.94
2025-10-25 06:14:10,013,WAC_006_200_87,14,0.023,13,0.974,0.216,21.88
2025-10-25 06:24:13,013,WAC_006_200_87,11,0.018,12,0.978,0.1944,21.86
2025-10-25 06:34:15,013,WAC_006_200_87,4,0.007,13,0.992,0.2016,21.81
2025-10-25 06:44:18,013,WAC_006_200_87,3,0.005,14,0.995,0.2016,21.78
2025-10-25 06:54:21,013,WAC_006_200_87,0,0.0,15,1.0,0.2016,21.76
2025-10-25 07:04:24,013,WAC_006_200_87,8,0.013,12,0.984,0.2016,21.77
2025-10-25 07:14:27,013,WAC_006_200_87,29,0.048,11,0.938,0.1872,21.76
2025-10-25 07:24:30,013,WAC_006_200_87,2,0.003,14,0.996,0.18,21.74
2025-10-25 07:34:33,013,WAC_006_200_87,5,0.008,14,0.991,0.1728,21.75
2025-10-25 07:44:35,013,WAC_006_200_87,2,0.003,14,0.996,0.1728,21.77
2025-10-25 07:54:39,013,WAC_006_200_87,85,0.141,7,0.767,0.1512,21.8
2025-10-25 08:05:03,013,WAC_006_200_87,207,0.346,0,0.0,0.1332,21.87
2025-10-25 08:15:06,013,WAC_006_200_87,27,0.045,11,0.942,0.144,21.86
2025-10-25 08:25:09,013,WAC_006_200_87,1,0.002,14,0.998,0.144,21.85
2025-10-25 08:35:12,013,WAC_006_200_87,26,0.043,12,0.949,0.1548,21.85
2025-10-25 08:45:15,013,WAC_006_200_87,4,0.007,14,0.993,0.144,21.87
2025-10-25 08:55:18,013,WAC_006_200_87,7,0.012,13,0.987,0.1476,21.89
2025-10-25 09:05:21,013,WAC_006_200_87,8,0.013,14,0.986,0.144,21.9
2025-10-25 09:15:24,013,WAC_006_200_87,3,0.005,14,0.995,0.1404,21.92
2025-10-25 09:25:27,013,WAC_006_200_87,81,0.135,5,0.712,0.1152,21.96
2025-10-25 09:35:29,013,WAC_006_200_87,144,0.24,3,0.455,0.1764,21.96
2025-10-25 09:45:32,013,WAC_006_200_87,43,0.072,10,0.903,0.18,21.81
2025-10-25 09:55:36,013,WAC_006_200_87,370,0.616,1,0.098,0.1152,21.89
2025-10-25 10:05:39,013,WAC_006_200_87,99,0.164,7,0.739,0.144,21.87
2025-10-25 10:15:42,013,WAC_006_200_87,12,0.02,13,0.977,0.144,21.87
2025-10-25 10:25:45,013,WAC_006_200_87,54,0.09,9,0.87,0.1908,21.83
2025-10-25 10:35:48,013,WAC_006_200_87,97,0.162,6,0.712,0.1044,22.05
2025-10-25 10:45:50,013,WAC_006_200_87,36,0.06,10,0.917,0.306,22.0
2025-10-25 10:55:53,013,WAC_006_200_87,15,0.025,13,0.972,0.3096,22.08
2025-10-25 11:05:56,013,WAC_006_200_87,0,0.0,15,1.0,0.2736,22.08
2025-10-25 11:15:59,013,WAC_006_200_87,0,0.0,15,1.0,0.2736,22.04
2025-10-25 11:26:01,013,WAC_006_200_87,0,0.0,15,1.0,0.2736,22.02
2025-10-25 11:36:04,013,WAC_006_200_87,0,0.0,15,1.0,0.2736,22.0
2025-10-25 11:46:07,013,WAC_006_200_87,0,0.0,15,1.0,0.2736,21.98
2025-10-25 11:56:10,013,WAC_006_200_87,0,0.0,15,1.0,0.2736,21.95
2025-10-25 12:06:35,013,WAC_006_200_87,0,0.0,15,1.0,0.2736,21.97
2025-10-25 12:16:37,013,WAC_006_200_87,0,0.0,15,1.0,0.2772,21.93
2025-10-25 12:26:40,013,WAC_006_200_87,0,0.0,15,1.0,0.2664,21.88
2025-10-25 12:36:43,013,WAC_006_200_87,0,0.0,15,1.0,0.2772,21.88
2025-10-25 12:46:46,013,WAC_006_200_87,0,0.0,15,1.0,0.27,21.92
2025-10-25 12:56:49,013,WAC_006_200_87,6,0.01,13,0.989,0.2772,22.04
2025-10-25 13:06:52,013,WAC_006_200_87,0,0.0,15,1.0,0.2628,21.95
2025-10-25 13:16:55,013,WAC_006_200_87,0,0.0,15,1.0,0.2592,21.89
2025-10-25 13:26:58,013,WAC_006_200_87,0,0.0,15,1.0,0.2376,21.87
2025-10-25 13:37:02,013,WAC_006_200_87,0,0.0,15,1.0,0.2376,21.83
2025-10-25 13:47:05,013,WAC_006_200_87,0,0.0,15,1.0,0.2448,21.79
2025-10-25 13:57:07,013,WAC_006_200_87,0,0.0,15,1.0,0.252,21.74
2025-10-25 14:07:10,013,WAC_006_200_87,11,0.018,13,0.979,0.2628,21.81
2025-10-25 14:17:13,013,WAC_006_200_87,3,0.005,13,0.994,0.2304,21.81
2025-10-25 14:27:16,013,WAC_006_200_87,0,0.0,15,1.0,0.252,21.79
2025-10-25 14:37:19,013,WAC_006_200_87,1,0.002,14,0.998,0.252,21.77
2025-10-25 14:47:22,013,WAC_006_200_87,1,0.002,14,0.998,0.2304,21.75
2025-10-25 14:57:24,013,WAC_006_200_87,2,0.003,13,0.996,0.2628,21.72
2025-10-25 15:07:26,013,WAC_006_200_87,2,0.003,14,0.996,0.2448,21.7
2025-10-25 15:17:29,013,WAC_006_200_87,3,0.005,14,0.995,0.2448,21.69
2025-10-25 15:27:31,013,WAC_006_200_87,1,0.002,14,0.998,0.2448,21.68
2025-10-25 15:37:34,013,WAC_006_200_87,4,0.007,14,0.993,0.252,21.7
2025-10-25 15:47:37,013,WAC_006_200_87,2,0.003,13,0.996,0.2304,21.7
2025-10-25 15:57:40,013,WAC_006_200_87,12,0.02,14,0.979,0.2988,22.02
2025-10-25 16:07:57,013,WAC_006_200_87,0,0.0,15,1.0,0.2952,21.87
2025-10-25 16:18:00,013,WAC_006_200_87,0,0.0,15,1.0,0.2988,21.78
2025-10-25 16:28:03,013,WAC_006_200_87,1,0.002,14,0.998,0.2988,21.73
2025-10-25 16:38:06,013,WAC_006_200_87,2,0.003,13,0.996,0.2988,21.69
2025-10-25 16:48:09,013,WAC_006_200_87,2,0.003,14,0.996,0.2988,21.68
2025-10-25 16:58:12,013,WAC_006_200_87,4,0.007,13,0.992,0.288,21.71
2025-10-25 17:08:15,013,WAC_006_200_87,2,0.003,13,0.996,0.288,21.76
2025-10-25 17:18:18,013,WAC_006_200_87,8,0.013,13,0.985,0.306,21.86
2025-10-25 17:28:21,013,WAC_006_200_87,81,0.135,9,0.816,0.1224,21.88
2025-10-25 17:38:23,013,WAC_006_200_87,55,0.092,10,0.879,0.1404,22.04
2025-10-25 17:48:26,013,WAC_006_200_87,5,0.008,14,0.991,0.1296,22.03
2025-10-25 17:58:29,013,WAC_006_200_87,7,0.012,13,0.987,0.1296,22.01
2025-10-25 18:08:32,013,WAC_006_200_87,15,0.025,13,0.972,0.0,22.02
2025-10-25 18:18:34,013,WAC_006_200_87,90,0.15,4,0.64,0.0,22.03
2025-10-25 18:28:37,013,WAC_006_200_87,124,0.207,4,0.563,0.0,22.0
2025-10-25 18:38:40,013,WAC_006_200_87,138,0.23,7,0.67,0.0,22.0
2025-10-25 18:48:43,013,WAC_006_200_87,191,0.318,1,0.173,0.0,22.07
2025-10-25 18:58:46,013,WAC_006_200_87,148,0.246,6,0.619,0.0,22.03
2025-10-25 19:08:48,013,WAC_006_200_87,150,0.25,3,0.444,0.0,22.11
2025-10-25 19:18:51,013,WAC_006_200_87,42,0.07,11,0.913,0.0,22.11
2025-10-25 19:28:53,013,WAC_006_200_87,50,0.083,10,0.889,0.0,22.12
2025-10-25 19:38:56,013,WAC_006_200_87,106,0.176,7,0.725,0.0,22.13
2025-10-25 19:49:00,013,WAC_006_200_87,264,0.439,2,0.233,0.0,22.18
2025-10-25 19:59:02,013,WAC_006_200_87,60,0.1,11,0.88,0.0,22.6
2025-10-25 20:09:31,013,WAC_006_200_87,93,0.156,8,0.775,0.0,22.73
2025-10-25 20:19:34,013,WAC_006_200_87,4,0.007,14,0.993,0.0,22.45
2025-10-25 20:29:37,013,WAC_006_200_87,13,0.022,13,0.976,0.0,22.55
2025-10-25 20:39:40,013,WAC_006_200_87,0,0.0,15,1.0,0.0,22.57
2025-10-25 20:49:43,013,WAC_006_200_87,0,0.0,15,1.0,0.0,22.57
2025-10-25 20:59:45,013,WAC_006_200_87,0,0.0,15,1.0,0.0,22.56
2025-10-25 21:09:49,013,WAC_006_200_87,0,0.0,15,1.0,0.0,22.57
2025-10-25 21:19:51,013,WAC_006_200_87,0,0.0,15,1.0,0.0,22.77
2025-10-25 21:29:54,013,WAC_006_200_87,47,0.078,11,0.903,0.0,22.64
2025-10-25 21:39:56,013,WAC_006_200_87,151,0.251,6,0.614,0.0,22.38
2025-10-25 21:50:00,013,WAC_006_200_87,56,0.093,11,0.887,0.0,22.46
2025-10-25 22:00:03,013,WAC_006_200_87,7,0.012,13,0.987,0.0,22.42
2025-10-25 22:10:06,013,WAC_006_200_87,16,0.027,12,0.968,0.0,22.22
2025-10-25 22:20:08,013,WAC_006_200_87,12,0.02,14,0.979,0.0,22.14
2025-10-25 22:30:11,013,WAC_006_200_87,44,0.073,11,0.909,0.0,22.16
2025-10-25 22:40:14,013,WAC_006_200_87,27,0.045,12,0.947,0.0,22.42
2025-10-25 22:50:17,013,WAC_006_200_87,0,0.0,15,1.0,0.0,22.36
2025-10-25 23:00:20,013,WAC_006_200_87,0,0.0,15,1.0,0.0,22.37
2025-10-25 23:10:22,013,WAC_006_200_87,0,0.0,15,1.0,0.0,22.49
2025-10-25 23:20:26,013,WAC_006_200_87,24,0.04,11,0.948,0.0,22.26
2025-10-25 23:30:29,013,WAC_006_200_87,15,0.025,13,0.972,0.0,22.08
2025-10-25 23:40:32,013,WAC_006_200_87,1,0.002,15,0.998,0.0,22.18
2025-10-25 23:50:35,013,WAC_006_200_87,188,0.313,4,0.46,0.0,22.29
2025-10-26 00:00:38,013,WAC_006_200_87,43,0.072,12,0.918,0.0,22.12
2025-10-26 00:11:07,013,WAC_006_200_87,164,0.274,5,0.549,0.0,22.22
2025-10-26 00:21:10,013,WAC_006_200_87,22,0.037,11,0.952,0.0,22.06
2025-10-26 00:31:14,013,WAC_006_200_87,130,0.216,5,0.606,0.0,22.11
2025-10-26 00:41:17,013,WAC_006_200_87,79,0.131,8,0.802,0.0,22.44
2025-10-26 00:51:20,013,WAC_006_200_87,65,0.108,9,0.847,0.0,22.31
2025-10-26 01:01:22,013,WAC_006_200_87,142,0.236,7,0.664,0.0,22.25
2025-10-26 01:11:25,013,WAC_006_200_87,0,0.0,15,1.0,0.0,22.12
2025-10-26 01:21:28,013,WAC_006_200_87,4,0.007,14,0.993,0.0,22.34
2025-10-26 01:31:31,013,WAC_006_200_87,15,0.025,12,0.97,0.0,22.32
2025-10-26 01:41:34,013,WAC_006_200_87,21,0.035,10,0.95,0.0,22.13
2025-10-26 01:51:37,013,WAC_006_200_87,43,0.072,12,0.918,0.0,22.42
2025-10-26 02:01:41,013,WAC_006_200_87,71,0.118,10,0.849,0.0,22.59
2025-10-26 02:11:44,013,WAC_006_200_87,1,0.002,15,0.998,0.0,22.53
2025-10-26 02:21:47,013,WAC_006_200_87,0,0.0,15,1.0,0.0,22.46
2025-10-26 02:31:49,013,WAC_006_200_87,0,0.0,15,1.0,0.0,22.41
2025-10-26 02:41:52,013,WAC_006_200_87,0,0.0,15,1.0,0.0,22.39
2025-10-26 02:51:55,013,WAC_006_200_87,0,0.0,15,1.0,0.0,22.33
2025-10-26 03:01:57,013,WAC_006_200_87,0,0.0,15,1.0,0.0,22.41
2025-10-26 03:12:00,013,WAC_006_200_87,7,0.012,13,0.987,0.0,22.68
2025-10-26 03:22:03,013,WAC_006_200_87,98,0.163,8,0.766,0.0,22.27
2025-10-26 03:32:06,013,WAC_006_200_87,67,0.111,9,0.843,0.0,22.06
2025-10-26 03:42:09,013,WAC_006_200_87,92,0.153,7,0.753,0.0,22.1
2025-10-26 03:52:13,013,WAC_006_200_87,81,0.135,11,0.845,0.0,22.27
2025-10-26 04:02:15,013,WAC_006_200_87,0,0.0,15,1.0,0.0,22.21
2025-10-26 04:12:32,013,WAC_006_200_87,1,0.002,14,0.998,0.0,22.24
2025-10-26 04:22:36,013,WAC_006_200_87,0,0.0,15,1.0,0.0,22.37
2025-10-26 04:32:39,013,WAC_006_200_87,118,0.196,5,0.629,0.0,22.11
2025-10-26 04:42:42,013,WAC_006_200_87,11,0.018,13,0.979,0.0,21.94
2025-10-26 04:52:45,013,WAC_006_200_87,48,0.08,10,0.893,0.0,21.94
2025-10-26 05:02:47,013,WAC_006_200_87,144,0.24,3,0.455,0.0,21.95
2025-10-26 05:12:50,013,WAC_006_200_87,39,0.065,11,0.919,0.0,21.9
2025-10-26 05:22:52,013,WAC_006_200_87,208,0.346,4,0.435,0.0,21.96
2025-10-26 05:32:55,013,WAC_006_200_87,50,0.083,12,0.906,0.0,22.24
2025-10-26 05:42:59,013,WAC_006_200_87,117,0.194,5,0.631,0.0,22.47
2025-10-26 05:53:02,013,WAC_006_200_87,10,0.017,13,0.981,0.0,22.7
2025-10-26 06:03:05,013,WAC_006_200_87,0,0.0,15,1.0,0.1584,22.56
2025-10-26 06:13:08,013,WAC_006_200_87,0,0.0,15,1.0,0.1584,22.52
2025-10-26 06:23:12,013,WAC_006_200_87,0,0.0,15,1.0,0.162,22.44
2025-10-26 06:33:15,013,WAC_006_200_87,0,0.0,15,1.0,0.162,22.52
2025-10-26 06:43:17,013,WAC_006_200_87,0,0.0,15,1.0,0.1656,22.5
2025-10-26 06:53:20,013,WAC_006_200_87,3,0.005,14,0.995,0.1584,22.45
2025-10-26 07:03:23,013,WAC_006_200_87,0,0.0,15,1.0,0.1656,22.51
2025-10-26 07:13:26,013,WAC_006_200_87,0,0.0,15,1.0,0.1656,22.47
2025-10-26 07:23:30,013,WAC_006_200_87,0,0.0,15,1.0,0.1656,22.34
2025-10-26 07:33:32,013,WAC_006_200_87,0,0.0,15,1.0,0.1656,22.28
2025-10-26 07:43:35,013,WAC_006_200_87,3,0.005,14,0.995,0.1656,22.37
2025-10-26 07:53:38,013,WAC_006_200_87,0,0.0,15,1.0,0.1656,22.33
2025-10-26 08:03:41,013,WAC_006_200_87,0,0.0,15,1.0,0.1584,22.54
2025-10-26 08:14:00,013,WAC_006_200_87,1,0.002,14,0.998,0.1584,22.64
2025-10-26 08:24:03,013,WAC_006_200_87,1,0.002,15,0.998,0.1584,22.51
2025-10-26 08:34:06,013,WAC_006_200_87,0,0.0,15,1.0,0.1656,22.44
2025-10-26 08:44:09,013,WAC_006_200_87,0,0.0,15,1.0,0.1584,22.43
2025-10-26 08:54:12,013,WAC_006_200_87,0,0.0,15,1.0,0.1692,22.49
2025-10-26 09:04:15,013,WAC_006_200_87,0,0.0,15,1.0,0.1764,22.44
2025-10-26 09:14:17,013,WAC_006_200_87,0,0.0,15,1.0,0.1584,22.52
2025-10-26 09:24:21,013,WAC_006_200_87,2,0.003,14,0.996,0.162,22.78
2025-10-26 09:34:24,013,WAC_006_200_87,24,0.04,11,0.948,0.144,22.22
2025-10-26 09:44:26,013,WAC_006_200_87,136,0.226,7,0.673,0.0936,22.61
2025-10-26 09:54:29,013,WAC_006_200_87,16,0.027,14,0.972,0.2664,22.86
2025-10-26 10:04:31,013,WAC_006_200_87,39,0.065,11,0.919,0.1548,22.79
2025-10-26 10:14:34,013,WAC_006_200_87,0,0.0,15,1.0,0.1512,22.63
2025-10-26 10:24:37,013,WAC_006_200_87,0,0.0,15,1.0,0.1548,22.59
2025-10-26 10:34:40,013,WAC_006_200_87,0,0.0,15,1.0,0.1512,22.64
2025-10-26 10:44:42,013,WAC_006_200_87,0,0.0,15,1.0,0.1512,22.6
2025-10-26 10:54:45,013,WAC_006_200_87,0,0.0,15,1.0,0.1512,22.56
2025-10-26 11:04:48,013,WAC_006_200_87,0,0.0,15,1.0,0.1296,22.52
2025-10-26 11:14:50,013,WAC_006_200_87,0,0.0,15,1.0,0.1296,22.53
2025-10-26 11:24:53,013,WAC_006_200_87,0,0.0,15,1.0,0.1368,22.74
2025-10-26 11:34:56,013,WAC_006_200_87,37,0.062,12,0.928,0.0504,22.63
2025-10-26 11:44:59,013,WAC_006_200_87,30,0.05,13,0.945,0.054,22.66
2025-10-26 11:55:02,013,WAC_006_200_87,0,0.0,15,1.0,0.054,22.57
2025-10-26 12:05:05,013,WAC_006_200_87,0,0.0,15,1.0,0.054,22.41
2025-10-26 12:15:27,013,WAC_006_200_87,0,0.0,15,1.0,0.054,22.37
2025-10-26 12:25:29,013,WAC_006_200_87,0,0.0,15,1.0,0.0504,22.29
2025-10-26 12:35:32,013,WAC_006_200_87,0,0.0,15,1.0,0.0612,22.26
2025-10-26 12:45:34,013,WAC_006_200_87,0,0.0,15,1.0,0.0612,22.2
2025-10-26 12:55:37,013,WAC_006_200_87,3,0.005,14,0.995,0.0612,22.21
2025-10-26 13:05:39,013,WAC_006_200_87,0,0.0,15,1.0,0.0612,22.2
2025-10-26 13:15:42,013,WAC_006_200_87,0,0.0,15,1.0,0.0612,22.19
2025-10-26 13:25:44,013,WAC_006_200_87,0,0.0,15,1.0,0.054,22.15
2025-10-26 13:35:47,013,WAC_006_200_87,0,0.0,15,1.0,0.0504,22.15
2025-10-26 13:45:50,013,WAC_006_200_87,0,0.0,15,1.0,0.0576,22.14
2025-10-26 13:55:53,013,WAC_006_200_87,0,0.0,15,1.0,0.0576,22.39
2025-10-26 14:05:56,013,WAC_006_200_87,6,0.01,14,0.989,0.0648,22.49
2025-10-26 14:15:59,013,WAC_006_200_87,0,0.0,15,1.0,0.09,21.99
2025-10-26 14:26:02,013,WAC_006_200_87,98,0.163,7,0.741,0.1764,22.48
2025-10-26 14:36:04,013,WAC_006_200_87,0,0.0,15,1.0,0.1656,22.41
2025-10-26 14:46:07,013,WAC_006_200_87,0,0.0,15,1.0,0.1584,22.4
2025-10-26 14:56:10,013,WAC_006_200_87,0,0.0,15,1.0,0.1728,22.31
2025-10-26 15:06:13,013,WAC_006_200_87,3,0.005,14,0.995,0.1692,22.29
2025-10-26 15:16:16,013,WAC_006_200_87,0,0.0,15,1.0,0.1656,22.25
2025-10-26 15:26:18,013,WAC_006_200_87,0,0.0,15,1.0,0.1656,22.25
2025-10-26 15:36:21,013,WAC_006_200_87,0,0.0,15,1.0,0.1656,22.25
2025-10-26 15:46:24,013,WAC_006_200_87,0,0.0,15,1.0,0.1404,22.28
2025-10-26 15:56:27,013,WAC_006_200_87,0,0.0,15,1.0,0.1692,22.24
2025-10-26 16:06:30,013,WAC_006_200_87,0,0.0,15,1.0,0.1584,22.19
2025-10-26 16:16:51,013,WAC_006_200_87,0,0.0,15,1.0,0.162,22.2
2025-10-26 16:26:54,013,WAC_006_200_87,0,0.0,15,1.0,0.1368,22.55
2025-10-26 16:36:57,013,WAC_006_200_87,3,0.005,13,0.994,0.1512,22.2
2025-10-26 16:46:59,013,WAC_006_200_87,12,0.02,13,0.977,0.1368,22.1
2025-10-26 16:57:02,013,WAC_006_200_87,6,0.01,14,0.989,0.1296,22.0
2025-10-26 17:07:05,013,WAC_006_200_87,0,0.0,15,1.0,0.1296,22.04
2025-10-26 17:17:07,013,WAC_006_200_87,0,0.0,15,1.0,0.1296,22.02
2025-10-26 17:27:10,013,WAC_006_200_87,0,0.0,15,1.0,0.1296,21.99
2025-10-26 17:37:12,013,WAC_006_200_87,0,0.0,15,1.0,0.1296,22.0
2025-10-26 17:47:15,013,WAC_006_200_87,0,0.0,15,1.0,0.1296,22.01
2025-10-26 17:57:18,013,WAC_006_200_87,0,0.0,15,1.0,0.1296,22.11
2025-10-26 18:07:21,013,WAC_006_200_87,19,0.032,13,0.965,0.0,22.05
2025-10-26 18:17:24,013,WAC_006_200_87,1,0.002,15,0.998,0.0,21.99
2025-10-26 18:27:26,013,WAC_006_200_87,161,0.268,3,0.427,0.0,21.97
2025-10-26 18:37:29,013,WAC_006_200_87,53,0.088,8,0.858,0.0,22.0
2025-10-26 18:47:32,013,WAC_006_200_87,74,0.123,8,0.812,0.0,22.0
2025-10-26 18:57:34,013,WAC_006_200_87,96,0.16,11,0.821,0.0,22.04
2025-10-26 19:07:36,013,WAC_006_200_87,81,0.135,9,0.816,0.0,21.93
2025-10-26 19:17:39,013,WAC_006_200_87,13,0.022,12,0.974,0.0,22.39
2025-10-26 19:27:42,013,WAC_006_200_87,0,0.0,15,1.0,0.0,22.44
2025-10-26 19:37:45,013,WAC_006_200_87,9,0.015,13,0.983,0.0,22.58
2025-10-26 19:47:48,013,WAC_006_200_87,0,0.0,15,1.0,0.0,22.56
2025-10-26 19:57:51,013,WAC_006_200_87,6,0.01,14,0.989,0.0,22.69
2025-10-26 20:07:54,013,WAC_006_200_87,0,0.0,15,1.0,0.0,22.64
2025-10-26 20:18:22,013,WAC_006_200_87,59,0.098,10,0.871,0.0,22.37
2025-10-26 20:28:25,013,WAC_006_200_87,31,0.052,12,0.939,0.0,22.24
2025-10-26 20:38:28,013,WAC_006_200_87,38,0.063,12,0.927,0.0,22.23
2025-10-26 20:48:31,013,WAC_006_200_87,102,0.169,8,0.758,0.0,22.31
2025-10-26 20:58:34,013,WAC_006_200_87,9,0.015,14,0.984,0.0,22.19
2025-10-26 21:08:37,013,WAC_006_200_87,3,0.005,14,0.995,0.0,22.19
2025-10-26 21:18:40,013,WAC_006_200_87,60,0.1,7,0.824,0.0,22.27
2025-10-26 21:28:42,013,WAC_006_200_87,0,0.0,15,1.0,0.0,22.44
2025-10-26 21:38:45,013,WAC_006_200_87,0,0.0,15,1.0,0.0,22.51
2025-10-26 21:48:48,013,WAC_006_200_87,0,0.0,15,1.0,0.0,22.46
2025-10-26 21:58:51,013,WAC_006_200_87,92,0.153,6,0.723,0.0,22.57
2025-10-26 22:08:53,013,WAC_006_200_87,77,0.128,9,0.824,0.0,22.29
2025-10-26 22:18:56,013,WAC_006_200_87,72,0.12,8,0.816,0.0,22.25
2025-10-26 22:28:59,013,WAC_006_200_87,0,0.0,15,1.0,0.0,22.13
2025-10-26 22:39:03,013,WAC_006_200_87,98,0.163,9,0.786,0.0,22.21
2025-10-26 22:49:06,013,WAC_006_200_87,0,0.0,15,1.0,0.0,22.39
2025-10-26 22:59:09,013,WAC_006_200_87,13,0.022,13,0.976,0.0,22.39
2025-10-26 23:09:12,013,WAC_006_200_87,27,0.045,13,0.951,0.0,22.46
2025-10-26 23:19:16,013,WAC_006_200_87,22,0.037,12,0.956,0.0,22.13
2025-10-26 23:29:18,013,WAC_006_200_87,226,0.376,4,0.415,0.0,22.08
2025-10-26 23:39:21,013,WAC_006_200_87,113,0.188,8,0.739,0.0,22.03
2025-10-26 23:49:24,013,WAC_006_200_87,82,0.137,10,0.83,0.0,21.98
2025-10-26 23:59:27,013,WAC_006_200_87,236,0.392,3,0.337,0.0,21.99
2025-10-25 00:08:44,034,WAC_006_200_89,207,0.345,3,0.367,0.0,21.57
2025-10-25 00:18:56,034,WAC_006_200_89,183,0.306,5,0.522,0.0,21.6
2025-10-25 00:28:59,034,WAC_006_200_89,226,0.377,4,0.415,0.0,21.6
2025-10-25 00:39:02,034,WAC_006_200_89,69,0.115,9,0.839,0.0,21.57
2025-10-25 00:49:05,034,WAC_006_200_89,133,0.221,4,0.546,0.0,21.57
2025-10-25 00:59:07,034,WAC_006_200_89,229,0.381,4,0.411,0.0,21.61
2025-10-25 01:09:10,034,WAC_006_200_89,167,0.278,4,0.489,0.0,21.59
2025-10-25 01:19:12,034,WAC_006_200_89,130,0.216,7,0.683,0.0,21.55
2025-10-25 01:29:16,034,WAC_006_200_89,87,0.145,9,0.805,0.0,21.52
2025-10-25 01:39:19,034,WAC_006_200_89,217,0.361,4,0.424,0.0,21.51
2025-10-25 01:49:21,034,WAC_006_200_89,66,0.11,8,0.829,0.0,21.48
2025-10-25 01:59:24,034,WAC_006_200_89,0,0.0,15,1.0,0.0,21.43
2025-10-25 02:09:26,034,WAC_006_200_89,0,0.0,15,1.0,0.0,21.38
2025-10-25 02:19:28,034,WAC_006_200_89,0,0.0,15,1.0,0.0,21.35
2025-10-25 02:29:31,034,WAC_006_200_89,0,0.0,15,1.0,0.0,21.31
2025-10-25 02:39:33,034,WAC_006_200_89,0,0.0,14,1.0,0.0,21.27
2025-10-25 02:49:36,034,WAC_006_200_89,4,0.007,13,0.992,0.0,21.25
2025-10-25 02:59:38,034,WAC_006_200_89,85,0.142,8,0.79,0.0,21.28
2025-10-25 03:09:42,034,WAC_006_200_89,118,0.196,5,0.629,0.0,21.33
2025-10-25 03:19:44,034,WAC_006_200_89,91,0.151,9,0.798,0.0,21.37
2025-10-25 03:29:47,034,WAC_006_200_89,30,0.05,11,0.936,0.0,21.38
2025-10-25 03:39:49,034,WAC_006_200_89,4,0.007,14,0.993,0.0,21.38
2025-10-25 03:49:52,034,WAC_006_200_89,11,0.018,13,0.979,0.0,21.37
2025-10-25 03:59:54,034,WAC_006_200_89,119,0.198,3,0.502,0.0,21.39
2025-10-25 04:09:57,034,WAC_006_200_89,116,0.193,6,0.674,0.0,21.41
2025-10-25 04:20:12,034,WAC_006_200_89,133,0.222,4,0.546,0.0,21.47
2025-10-25 04:30:14,034,WAC_006_200_89,139,0.231,5,0.59,0.0,21.5
2025-10-25 04:40:17,034,WAC_006_200_89,155,0.258,6,0.608,0.0,21.54
2025-10-25 04:50:19,034,WAC_006_200_89,127,0.212,7,0.688,0.0,21.54
2025-10-25 05:00:22,034,WAC_006_200_89,74,0.123,9,0.829,0.0,21.5
2025-10-25 05:10:24,034,WAC_006_200_89,167,0.278,4,0.489,0.0,21.55
2025-10-25 05:20:27,034,WAC_006_200_89,176,0.293,8,0.645,0.0,21.53
2025-10-25 05:30:28,034,WAC_006_200_89,183,0.305,3,0.396,0.0,21.54
2025-10-25 05:40:30,034,WAC_006_200_89,113,0.188,6,0.68,0.0,21.47
2025-10-25 05:50:33,034,WAC_006_200_89,161,0.268,3,0.427,0.0,21.44
2025-10-25 06:00:36,034,WAC_006_200_89,92,0.153,4,0.635,0.7488,21.42
2025-10-25 06:10:37,034,WAC_006_200_89,19,0.032,11,0.959,0.7488,21.41
2025-10-25 06:20:40,034,WAC_006_200_89,7,0.012,13,0.987,0.7416,21.37
2025-10-25 06:30:43,034,WAC_006_200_89,0,0.0,15,1.0,0.7452,21.36
2025-10-25 06:40:47,034,WAC_006_200_89,0,0.0,15,1.0,0.738,21.33
2025-10-25 06:50:50,034,WAC_006_200_89,16,0.027,12,0.968,0.7272,21.32
2025-10-25 07:00:53,034,WAC_006_200_89,11,0.018,13,0.979,0.7272,21.32
2025-10-25 07:10:55,034,WAC_006_200_89,0,0.0,15,1.0,0.738,21.31
2025-10-25 07:20:59,034,WAC_006_200_89,0,0.0,15,1.0,0.738,21.3
2025-10-25 07:31:01,034,WAC_006_200_89,9,0.015,13,0.983,0.7272,21.29
2025-10-25 07:41:04,034,WAC_006_200_89,0,0.0,15,1.0,0.7344,21.3
2025-10-25 07:51:06,034,WAC_006_200_89,0,0.0,15,1.0,0.7344,21.29
2025-10-25 08:01:09,034,WAC_006_200_89,20,0.033,11,0.957,0.7416,21.28
2025-10-25 08:11:11,034,WAC_006_200_89,72,0.12,6,0.769,0.72,21.31
2025-10-25 08:21:35,034,WAC_006_200_89,58,0.097,9,0.861,0.72,21.39
2025-10-25 08:31:38,034,WAC_006_200_89,153,0.255,6,0.611,0.5796,21.42
2025-10-25 08:41:40,034,WAC_006_200_89,260,0.433,3,0.316,0.7272,21.42
2025-10-25 08:51:43,034,WAC_006_200_89,0,0.0,15,1.0,0.7344,21.39
2025-10-25 09:01:45,034,WAC_006_200_89,0,0.0,15,1.0,0.738,21.35
2025-10-25 09:11:47,034,WAC_006_200_89,2,0.003,14,0.996,0.7344,21.33
2025-10-25 09:21:50,034,WAC_006_200_89,0,0.0,15,1.0,0.7452,21.3
2025-10-25 09:31:52,034,WAC_006_200_89,1,0.002,14,0.998,0.7488,21.27
2025-10-25 09:41:55,034,WAC_006_200_89,0,0.0,15,1.0,0.7416,21.25
2025-10-25 09:51:58,034,WAC_006_200_89,3,0.005,14,0.995,0.7416,21.24
2025-10-25 10:02:01,034,WAC_006_200_89,3,0.005,13,0.994,0.7488,21.23
2025-10-25 10:12:04,034,WAC_006_200_89,0,0.0,15,1.0,0.792,21.23
2025-10-25 10:22:07,034,WAC_006_200_89,0,0.0,15,1.0,0.7992,21.24
2025-10-25 10:32:10,034,WAC_006_200_89,0,0.0,15,1.0,0.7992,21.27
2025-10-25 10:42:13,034,WAC_006_200_89,33,0.055,7,0.895,0.7812,21.33
2025-10-25 10:52:16,034,WAC_006_200_89,45,0.075,8,0.877,0.7704,21.38
2025-10-25 11:02:18,034,WAC_006_200_89,130,0.216,3,0.48,0.7884,21.42
2025-10-25 11:12:21,034,WAC_006_200_89,245,0.408,2,0.246,0.6372,21.47
2025-10-25 11:22:23,034,WAC_006_200_89,144,0.24,4,0.526,0.612,21.51
2025-10-25 11:32:26,034,WAC_006_200_89,9,0.015,13,0.983,0.612,21.49
2025-10-25 11:42:29,034,WAC_006_200_89,4,0.007,14,0.993,0.6156,21.48
2025-10-25 11:52:32,034,WAC_006_200_89,31,0.052,12,0.939,0.6048,21.45
2025-10-25 12:02:35,034,WAC_006_200_89,5,0.008,14,0.991,0.6048,21.44
2025-10-25 12:12:37,034,WAC_006_200_89,4,0.007,13,0.992,0.6048,21.41
2025-10-25 12:22:55,034,WAC_006_200_89,16,0.027,13,0.97,0.6048,21.44
2025-10-25 12:32:58,034,WAC_006_200_89,0,0.0,15,1.0,0.6048,21.42
2025-10-25 12:43:01,034,WAC_006_200_89,49,0.082,12,0.907,0.5688,21.41
2025-10-25 12:53:04,034,WAC_006_200_89,0,0.0,15,1.0,0.576,21.41
2025-10-25 13:03:06,034,WAC_006_200_89,10,0.017,12,0.98,0.612,21.41
2025-10-25 13:13:09,034,WAC_006_200_89,8,0.013,13,0.985,0.612,21.38
2025-10-25 13:23:12,034,WAC_006_200_89,7,0.012,13,0.987,0.576,21.37
2025-10-25 13:33:14,034,WAC_006_200_89,35,0.058,8,0.901,0.558,21.36
2025-10-25 13:43:16,034,WAC_006_200_89,64,0.107,7,0.814,0.5472,21.36
2025-10-25 13:53:18,034,WAC_006_200_89,53,0.088,10,0.883,0.612,21.35
2025-10-25 14:03:20,034,WAC_006_200_89,92,0.153,10,0.813,0.504,21.34
2025-10-25 14:13:23,034,WAC_006_200_89,42,0.07,9,0.896,0.648,21.34
2025-10-25 14:23:26,034,WAC_006_200_89,0,0.0,15,1.0,0.6552,21.31
2025-10-25 14:33:29,034,WAC_006_200_89,0,0.0,15,1.0,0.6696,21.28
2025-10-25 14:43:32,034,WAC_006_200_89,0,0.0,15,1.0,0.6696,21.25
2025-10-25 14:53:35,034,WAC_006_200_89,0,0.0,15,1.0,0.6696,21.23
2025-10-25 15:03:38,034,WAC_006_200_89,0,0.0,15,1.0,0.6696,21.2
2025-10-25 15:13:40,034,WAC_006_200_89,0,0.0,15,1.0,0.6264,21.18
2025-10-25 15:23:43,034,WAC_006_200_89,4,0.007,14,0.993,0.6552,21.17
2025-10-25 15:33:45,034,WAC_006_200_89,0,0.0,15,1.0,0.6552,21.15
2025-10-25 15:43:47,034,WAC_006_200_89,3,0.005,14,0.995,0.6192,21.15
2025-10-25 15:53:49,034,WAC_006_200_89,0,0.0,15,1.0,0.6192,21.13
2025-10-25 16:03:52,034,WAC_006_200_89,1,0.002,14,0.998,0.63,21.12
2025-10-25 16:13:54,034,WAC_006_200_89,3,0.005,13,0.994,0.63,21.13
2025-10-25 16:24:17,034,WAC_006_200_89,6,0.01,12,0.988,0.6228,21.18
2025-10-25 16:34:20,034,WAC_006_200_89,17,0.028,10,0.959,0.6192,21.17
2025-10-25 16:44:23,034,WAC_006_200_89,0,0.0,15,1.0,0.6192,21.15
2025-10-25 16:54:25,034,WAC_006_200_89,0,0.0,15,1.0,0.63,21.15
2025-10-25 17:04:27,034,WAC_006_200_89,35,0.058,9,0.911,0.5976,21.16
2025-10-25 17:14:30,034,WAC_006_200_89,7,0.012,13,0.987,0.6192,21.17
2025-10-25 17:24:33,034,WAC_006_200_89,64,0.107,7,0.814,0.6264,21.2
2025-10-25 17:34:35,034,WAC_006_200_89,7,0.012,12,0.986,0.63,21.23
2025-10-25 17:44:38,034,WAC_006_200_89,10,0.017,14,0.982,0.6444,21.23
2025-10-25 17:54:40,034,WAC_006_200_89,18,0.03,12,0.964,0.6048,21.23
2025-10-25 18:04:43,034,WAC_006_200_89,46,0.077,9,0.887,0.0,21.25
2025-10-25 18:14:46,034,WAC_006_200_89,155,0.258,4,0.508,0.0,21.32
2025-10-25 18:24:48,034,WAC_006_200_89,112,0.187,6,0.682,0.0,21.34
2025-10-25 18:34:51,034,WAC_006_200_89,200,0.333,4,0.444,0.0,21.36
2025-10-25 18:44:54,034,WAC_006_200_89,117,0.195,9,0.755,0.0,21.4
2025-10-25 18:54:56,034,WAC_006_200_89,211,0.351,5,0.487,0.0,21.41
2025-10-25 19:04:59,034,WAC_006_200_89,175,0.291,8,0.646,0.0,21.39
2025-10-25 19:15:02,034,WAC_006_200_89,157,0.261,5,0.56,0.0,21.41
2025-10-25 19:25:03,034,WAC_006_200_89,158,0.264,8,0.669,0.0,21.4
2025-10-25 19:35:06,034,WAC_006_200_89,249,0.415,5,0.445,0.0,21.46
2025-10-25 19:45:07,034,WAC_006_200_89,267,0.445,1,0.13,0.0,21.48
2025-10-25 19:55:10,034,WAC_006_200_89,191,0.318,4,0.456,0.0,21.46
2025-10-25 20:05:14,034,WAC_006_200_89,238,0.396,3,0.335,0.0,21.5
2025-10-25 20:15:16,034,WAC_006_200_89,316,0.526,0,0.0,0.0,21.58
2025-10-25 20:25:45,034,WAC_006_200_89,214,0.358,3,0.359,0.0,21.69
2025-10-25 20:35:47,034,WAC_006_200_89,19,0.032,12,0.962,0.0,21.67
2025-10-25 20:45:50,034,WAC_006_200_89,10,0.017,13,0.981,0.0,21.61
2025-10-25 20:55:53,034,WAC_006_200_89,2,0.003,14,0.996,0.0,21.61
2025-10-25 21:05:56,034,WAC_006_200_89,174,0.29,3,0.408,0.0,21.63
2025-10-25 21:15:58,034,WAC_006_200_89,137,0.228,6,0.637,0.0,21.55
2025-10-25 21:26:01,034,WAC_006_200_89,121,0.201,8,0.726,0.0,21.5
2025-10-25 21:36:03,034,WAC_006_200_89,109,0.181,9,0.768,0.0,21.44
2025-10-25 21:46:06,034,WAC_006_200_89,194,0.323,3,0.382,0.0,21.5
2025-10-25 21:56:09,034,WAC_006_200_89,32,0.053,11,0.932,0.0,21.55
2025-10-25 22:06:11,034,WAC_006_200_89,29,0.048,12,0.943,0.0,21.59
2025-10-25 22:16:13,034,WAC_006_200_89,34,0.057,11,0.928,0.0,21.53
2025-10-25 22:26:15,034,WAC_006_200_89,5,0.008,14,0.991,0.0,21.55
2025-10-25 22:36:18,034,WAC_006_200_89,4,0.007,14,0.993,0.0,21.53
2025-10-25 22:46:20,034,WAC_006_200_89,65,0.108,10,0.86,0.0,21.52
2025-10-25 22:56:23,034,WAC_006_200_89,306,0.51,2,0.207,0.0,21.53
2025-10-25 23:06:26,034,WAC_006_200_89,95,0.158,8,0.771,0.0,21.47
2025-10-25 23:16:28,034,WAC_006_200_89,179,0.298,4,0.472,0.0,21.43
2025-10-25 23:26:31,034,WAC_006_200_89,181,0.301,7,0.607,0.0,21.42
2025-10-25 23:36:34,034,WAC_006_200_89,118,0.196,7,0.704,0.0,21.39
2025-10-25 23:46:36,034,WAC_006_200_89,94,0.157,8,0.773,0.0,21.36
2025-10-25 23:56:39,034,WAC_006_200_89,100,0.167,8,0.762,0.0,21.33
2025-10-26 00:06:41,034,WAC_006_200_89,391,0.652,0,0.0,0.0,21.41
2025-10-26 00:16:43,034,WAC_006_200_89,32,0.053,11,0.932,0.0,21.36
2025-10-26 00:27:08,034,WAC_006_200_89,159,0.266,5,0.557,0.0,21.43
2025-10-26 00:37:10,034,WAC_006_200_89,347,0.577,1,0.103,0.0,21.49
2025-10-26 00:47:12,034,WAC_006_200_89,126,0.21,10,0.76,0.0,21.53
2025-10-26 00:57:14,034,WAC_006_200_89,9,0.015,13,0.983,0.0,21.53
2025-10-26 01:07:17,034,WAC_006_200_89,9,0.015,14,0.984,0.0,21.52
2025-10-26 01:17:19,034,WAC_006_200_89,21,0.035,12,0.958,0.0,21.52
2025-10-26 01:27:21,034,WAC_006_200_89,27,0.045,12,0.947,0.0,21.49
2025-10-26 01:37:23,034,WAC_006_200_89,94,0.157,8,0.773,0.0,21.51
2025-10-26 01:47:25,034,WAC_006_200_89,71,0.118,10,0.849,0.0,21.44
2025-10-26 01:57:27,034,WAC_006_200_89,109,0.182,10,0.786,0.0,21.41
2025-10-26 02:07:29,034,WAC_006_200_89,260,0.433,2,0.235,0.0,21.48
2025-10-26 02:17:32,034,WAC_006_200_89,220,0.366,2,0.267,0.0,21.58
2025-10-26 02:27:35,034,WAC_006_200_89,114,0.19,5,0.637,0.0,21.61
2025-10-26 02:37:37,034,WAC_006_200_89,25,0.042,12,0.95,0.0,21.59
2025-10-26 02:47:40,034,WAC_006_200_89,6,0.01,14,0.989,0.0,21.58
2025-10-26 02:57:43,034,WAC_006_200_89,6,0.01,14,0.989,0.0,21.55
2025-10-26 03:07:46,034,WAC_006_200_89,3,0.005,14,0.995,0.0,21.53
2025-10-26 03:17:49,034,WAC_006_200_89,183,0.304,3,0.396,0.0,21.55
2025-10-26 03:27:51,034,WAC_006_200_89,136,0.226,5,0.595,0.0,21.47
2025-10-26 03:37:54,034,WAC_006_200_89,91,0.152,9,0.798,0.0,21.39
2025-10-26 03:47:56,034,WAC_006_200_89,137,0.228,6,0.637,0.0,21.43
2025-10-26 03:57:59,034,WAC_006_200_89,0,0.0,15,1.0,0.0,21.45
2025-10-26 04:08:02,034,WAC_006_200_89,91,0.152,5,0.687,0.0,21.49
2025-10-26 04:18:05,034,WAC_006_200_89,172,0.286,3,0.411,0.0,21.47
2025-10-26 04:28:27,034,WAC_006_200_89,57,0.095,10,0.875,0.0,21.42
2025-10-26 04:38:30,034,WAC_006_200_89,105,0.175,9,0.774,0.0,21.36
2025-10-26 04:48:32,034,WAC_006_200_89,102,0.17,10,0.797,0.0,21.35
2025-10-26 04:58:36,034,WAC_006_200_89,82,0.136,8,0.796,0.0,21.34
2025-10-26 05:08:38,034,WAC_006_200_89,134,0.223,7,0.676,0.0,21.35
2025-10-26 05:18:41,034,WAC_006_200_89,125,0.208,8,0.719,0.0,21.36
2025-10-26 05:28:43,034,WAC_006_200_89,100,0.167,7,0.737,0.0,21.37
2025-10-26 05:38:45,034,WAC_006_200_89,218,0.363,7,0.562,0.0,21.37
2025-10-26 05:48:48,034,WAC_006_200_89,31,0.052,11,0.934,0.0,21.33
2025-10-26 05:58:50,034,WAC_006_200_89,90,0.15,8,0.78,0.0,21.33
2025-10-26 06:08:52,034,WAC_006_200_89,156,0.26,8,0.672,0.3024,21.39
2025-10-26 06:18:55,034,WAC_006_200_89,462,0.77,0,0.0,0.576,21.57
2025-10-26 06:28:58,034,WAC_006_200_89,281,0.468,0,0.0,0.5832,21.71
2025-10-26 06:39:00,034,WAC_006_200_89,104,0.173,8,0.755,0.6084,21.74
2025-10-26 06:49:03,034,WAC_006_200_89,15,0.025,14,0.974,0.5904,21.73
2025-10-26 06:59:05,034,WAC_006_200_89,14,0.023,13,0.974,0.5904,21.69
2025-10-26 07:09:08,034,WAC_006_200_89,12,0.02,14,0.979,0.6084,21.7
2025-10-26 07:19:11,034,WAC_006_200_89,26,0.043,12,0.949,0.6012,21.68
2025-10-26 07:29:15,034,WAC_006_200_89,17,0.028,12,0.966,0.6012,21.66
2025-10-26 07:39:17,034,WAC_006_200_89,45,0.075,10,0.899,0.5904,21.69
2025-10-26 07:49:19,034,WAC_006_200_89,4,0.007,13,0.992,0.6012,21.67
2025-10-26 07:59:22,034,WAC_006_200_89,0,0.0,15,1.0,0.5976,21.66
2025-10-26 08:09:25,034,WAC_006_200_89,17,0.028,13,0.968,0.5616,21.67
2025-10-26 08:19:28,034,WAC_006_200_89,17,0.028,11,0.963,0.576,21.64
2025-10-26 08:29:59,034,WAC_006_200_89,165,0.275,3,0.421,0.576,21.79
2025-10-26 08:40:02,034,WAC_006_200_89,249,0.414,2,0.243,0.5616,21.73
2025-10-26 08:50:04,034,WAC_006_200_89,100,0.166,9,0.783,0.468,21.59
2025-10-26 09:00:07,034,WAC_006_200_89,440,0.733,0,0.0,0.54,21.66
2025-10-26 09:10:09,034,WAC_006_200_89,517,0.86,0,0.0,0.5616,21.71
2025-10-26 09:20:11,034,WAC_006_200_89,43,0.072,10,0.903,0.5688,21.68
2025-10-26 09:30:14,034,WAC_006_200_89,29,0.048,12,0.943,0.5544,21.63
2025-10-26 09:40:16,034,WAC_006_200_89,4,0.007,14,0.993,0.5616,21.57
2025-10-26 09:50:19,034,WAC_006_200_89,15,0.025,12,0.97,0.5688,21.53
2025-10-26 10:00:22,034,WAC_006_200_89,30,0.05,11,0.936,0.576,21.49
2025-10-26 10:10:24,034,WAC_006_200_89,26,0.043,11,0.944,0.5544,21.51
2025-10-26 10:20:27,034,WAC_006_200_89,93,0.155,9,0.795,0.5652,21.57
2025-10-26 10:30:30,034,WAC_006_200_89,1,0.002,14,0.998,0.5112,21.54
2025-10-26 10:40:33,034,WAC_006_200_89,7,0.012,14,0.988,0.5616,21.55
2025-10-26 10:50:35,034,WAC_006_200_89,1,0.002,14,0.998,0.5688,21.55
2025-10-26 11:00:38,034,WAC_006_200_89,10,0.017,12,0.98,0.5328,21.57
2025-10-26 11:10:39,034,WAC_006_200_89,10,0.017,12,0.98,0.54,21.58
2025-10-26 11:20:42,034,WAC_006_200_89,9,0.015,14,0.984,0.5112,21.57
2025-10-26 11:30:44,034,WAC_006_200_89,19,0.032,13,0.965,0.54,21.57
2025-10-26 11:40:47,034,WAC_006_200_89,0,0.0,15,1.0,0.54,21.59
2025-10-26 11:50:49,034,WAC_006_200_89,20,0.033,13,0.963,0.5256,21.59
2025-10-26 12:00:52,034,WAC_006_200_89,0,0.0,15,1.0,0.5364,21.58
2025-10-26 12:10:55,034,WAC_006_200_89,9,0.015,13,0.983,0.5184,21.55
2025-10-26 12:20:57,034,WAC_006_200_89,95,0.158,11,0.822,0.45,21.48
2025-10-26 12:31:21,034,WAC_006_200_89,312,0.521,0,0.0,0.4752,21.57
2025-10-26 12:41:23,034,WAC_006_200_89,212,0.353,8,0.602,0.3672,21.5
2025-10-26 12:51:26,034,WAC_006_200_89,136,0.227,8,0.702,0.5256,21.49
2025-10-26 13:01:28,034,WAC_006_200_89,405,0.674,0,0.0,0.396,21.53
2025-10-26 13:11:31,034,WAC_006_200_89,68,0.113,7,0.805,0.4572,21.53
2025-10-26 13:21:34,034,WAC_006_200_89,9,0.015,12,0.982,0.4464,21.49
2025-10-26 13:31:36,034,WAC_006_200_89,4,0.007,14,0.993,0.4788,21.51
2025-10-26 13:41:38,034,WAC_006_200_89,7,0.012,14,0.988,0.4788,21.51
2025-10-26 13:51:41,034,WAC_006_200_89,18,0.03,12,0.964,0.4644,21.52
2025-10-26 14:01:42,034,WAC_006_200_89,3,0.005,13,0.994,0.4608,21.5
2025-10-26 14:11:45,034,WAC_006_200_89,6,0.01,13,0.989,0.4896,21.47
2025-10-26 14:21:47,034,WAC_006_200_89,12,0.02,13,0.977,0.4824,21.45
2025-10-26 14:31:50,034,WAC_006_200_89,8,0.013,13,0.985,0.4824,21.44
2025-10-26 14:41:52,034,WAC_006_200_89,2,0.003,14,0.996,0.4896,21.49
2025-10-26 14:51:54,034,WAC_006_200_89,14,0.023,12,0.972,0.4824,21.53
2025-10-26 15:01:57,034,WAC_006_200_89,11,0.018,13,0.979,0.4932,21.56
2025-10-26 15:11:59,034,WAC_006_200_89,79,0.131,10,0.835,0.4464,21.6
2025-10-26 15:22:02,034,WAC_006_200_89,54,0.09,10,0.881,0.4896,21.64
2025-10-26 15:32:04,034,WAC_006_200_89,23,0.038,11,0.95,0.4752,21.62
2025-10-26 15:42:06,034,WAC_006_200_89,33,0.055,9,0.916,0.4572,21.67
2025-10-26 15:52:08,034,WAC_006_200_89,52,0.087,10,0.885,0.4608,21.7
2025-10-26 16:02:11,034,WAC_006_200_89,215,0.358,0,0.0,0.432,21.7
2025-10-26 16:12:14,034,WAC_006_200_89,219,0.364,5,0.477,0.522,21.68
2025-10-26 16:22:17,034,WAC_006_200_89,68,0.113,11,0.866,0.3924,21.57
2025-10-26 16:32:48,034,WAC_006_200_89,54,0.09,12,0.899,0.5112,21.58
2025-10-26 16:42:50,034,WAC_006_200_89,106,0.176,7,0.725,0.4392,21.52
2025-10-26 16:52:52,034,WAC_006_200_89,134,0.223,4,0.544,0.432,21.55
2025-10-26 17:02:54,034,WAC_006_200_89,3,0.005,13,0.994,0.4464,21.55
2025-10-26 17:12:57,034,WAC_006_200_89,144,0.24,5,0.581,0.3888,21.51
2025-10-26 17:23:00,034,WAC_006_200_89,45,0.075,9,0.889,0.4608,21.48
2025-10-26 17:33:02,034,WAC_006_200_89,18,0.03,12,0.964,0.45,21.44
2025-10-26 17:43:04,034,WAC_006_200_89,14,0.023,12,0.972,0.4536,21.42
2025-10-26 17:53:06,034,WAC_006_200_89,50,0.083,10,0.889,0.4392,21.41
2025-10-26 18:03:08,034,WAC_006_200_89,223,0.372,4,0.418,0.0,21.45
2025-10-26 18:13:11,034,WAC_006_200_89,202,0.336,4,0.442,0.0,21.45
2025-10-26 18:23:13,034,WAC_006_200_89,77,0.128,10,0.839,0.0,21.41
2025-10-26 18:33:15,034,WAC_006_200_89,193,0.322,6,0.554,0.0,21.44
2025-10-26 18:43:17,034,WAC_006_200_89,167,0.278,4,0.489,0.0,21.47
2025-10-26 18:53:20,034,WAC_006_200_89,189,0.314,6,0.559,0.0,21.48
2025-10-26 19:03:23,034,WAC_006_200_89,166,0.276,8,0.658,0.0,21.5
2025-10-26 19:13:26,034,WAC_006_200_89,207,0.344,4,0.436,0.0,21.51
2025-10-26 19:23:28,034,WAC_006_200_89,150,0.25,7,0.651,0.0,21.48
2025-10-26 19:33:30,034,WAC_006_200_89,190,0.317,6,0.558,0.0,21.5
2025-10-26 19:43:32,034,WAC_006_200_89,29,0.048,11,0.938,0.0,21.5
2025-10-26 19:53:36,034,WAC_006_200_89,139,0.231,4,0.535,0.0,21.54
2025-10-26 20:03:39,034,WAC_006_200_89,284,0.472,3,0.297,0.0,21.59
2025-10-26 20:13:41,034,WAC_006_200_89,99,0.165,9,0.784,0.0,21.55
2025-10-26 20:23:44,034,WAC_006_200_89,51,0.085,11,0.896,0.0,21.49
2025-10-26 20:34:12,034,WAC_006_200_89,94,0.157,6,0.719,0.0,21.54
2025-10-26 20:44:14,034,WAC_006_200_89,256,0.426,2,0.238,0.0,21.7
2025-10-26 20:54:16,034,WAC_006_200_89,95,0.158,10,0.808,0.0,21.77
2025-10-26 21:04:18,034,WAC_006_200_89,1,0.002,14,0.998,0.0,21.76
2025-10-26 21:14:21,034,WAC_006_200_89,32,0.053,12,0.938,0.0,21.73
2025-10-26 21:24:25,034,WAC_006_200_89,87,0.145,7,0.763,0.0,21.78
2025-10-26 21:34:27,034,WAC_006_200_89,146,0.243,3,0.451,0.0,21.71
2025-10-26 21:44:28,034,WAC_006_200_89,208,0.347,6,0.536,0.0,21.62
2025-10-26 21:54:31,034,WAC_006_200_89,143,0.238,9,0.716,0.0,21.56
2025-10-26 22:04:33,034,WAC_006_200_89,49,0.082,12,0.907,0.0,21.47
2025-10-26 22:14:36,034,WAC_006_200_89,168,0.28,5,0.543,0.0,21.51
2025-10-26 22:24:39,034,WAC_006_200_89,242,0.403,4,0.398,0.0,21.55
2025-10-26 22:34:41,034,WAC_006_200_89,2,0.003,13,0.996,0.0,21.59
2025-10-26 22:44:44,034,WAC_006_200_89,9,0.015,13,0.983,0.0,21.57
2025-10-26 22:54:46,034,WAC_006_200_89,2,0.003,14,0.996,0.0,21.59
2025-10-26 23:04:49,034,WAC_006_200_89,93,0.155,8,0.775,0.0,21.59
2025-10-26 23:14:50,034,WAC_006_200_89,272,0.453,0,0.0,0.0,21.58
2025-10-26 23:24:54,034,WAC_006_200_89,128,0.213,8,0.714,0.0,21.5
2025-10-26 23:34:55,034,WAC_006_200_89,97,0.162,11,0.819,0.0,21.45
2025-10-26 23:44:58,034,WAC_006_200_89,105,0.175,8,0.753,0.0,21.43
2025-10-26 23:55:00,034,WAC_006_200_89,126,0.21,8,0.717,0.0,21.44
2025-10-25 00:04:10,015,WAC_006_201_81,2,0.003,14,0.996,0.0,21.5
2025-10-25 00:14:14,015,WAC_006_201_81,0,0.0,15,1.0,0.0,21.44
2025-10-25 00:24:17,015,WAC_006_201_81,0,0.0,15,1.0,0.0,21.4
2025-10-25 00:34:20,015,WAC_006_201_81,0,0.0,15,1.0,0.0,21.35
2025-10-25 00:44:23,015,WAC_006_201_81,0,0.0,15,1.0,0.0,21.31
2025-10-25 00:54:26,015,WAC_006_201_81,0,0.0,15,1.0,0.0,21.29
2025-10-25 01:04:29,015,WAC_006_201_81,0,0.0,15,1.0,0.0,21.26
2025-10-25 01:14:33,015,WAC_006_201_81,0,0.0,15,1.0,0.0,21.23
2025-10-25 01:24:35,015,WAC_006_201_81,0,0.0,15,1.0,0.0,21.21
2025-10-25 01:34:38,015,WAC_006_201_81,2,0.003,15,0.997,0.0,21.2
2025-10-25 01:44:41,015,WAC_006_201_81,0,0.0,15,1.0,0.0,21.18
2025-10-25 01:54:44,015,WAC_006_201_81,3,0.005,14,0.995,0.0,21.17
2025-10-25 02:04:47,015,WAC_006_201_81,0,0.0,15,1.0,0.0,21.17
2025-10-25 02:14:50,015,WAC_006_201_81,0,0.0,15,1.0,0.0,21.16
2025-10-25 02:24:53,015,WAC_006_201_81,14,0.023,14,0.976,0.0,21.2
2025-10-25 02:34:57,015,WAC_006_201_81,74,0.123,10,0.844,0.0,21.26
2025-10-25 02:45:00,015,WAC_006_201_81,187,0.311,6,0.562,0.0,21.35
2025-10-25 02:55:03,015,WAC_006_201_81,55,0.092,11,0.889,0.0,21.41
2025-10-25 03:05:05,015,WAC_006_201_81,34,0.057,13,0.939,0.0,21.41
2025-10-25 03:15:08,015,WAC_006_201_81,0,0.0,15,1.0,0.0,21.36
2025-10-25 03:25:12,015,WAC_006_201_81,0,0.0,15,1.0,0.0,21.33
2025-10-25 03:35:15,015,WAC_006_201_81,0,0.0,15,1.0,0.0,21.28
2025-10-25 03:45:18,015,WAC_006_201_81,0,0.0,15,1.0,0.0,21.25
2025-10-25 03:55:21,015,WAC_006_201_81,0,0.0,15,1.0,0.0,21.22
2025-10-25 04:05:37,015,WAC_006_201_81,0,0.0,15,1.0,0.0,21.24
2025-10-25 04:15:40,015,WAC_006_201_81,0,0.0,15,1.0,0.0,21.24
2025-10-25 04:25:43,015,WAC_006_201_81,64,0.106,11,0.873,0.0,21.29
2025-10-25 04:35:46,015,WAC_006_201_81,123,0.204,7,0.695,0.0,21.34
2025-10-25 04:45:49,015,WAC_006_201_81,39,0.065,12,0.925,0.0,21.36
2025-10-25 04:55:52,015,WAC_006_201_81,27,0.045,13,0.951,0.0,21.39
2025-10-25 05:05:55,015,WAC_006_201_81,46,0.076,12,0.913,0.0,21.4
2025-10-25 05:15:58,015,WAC_006_201_81,11,0.018,13,0.979,0.0,21.38
2025-10-25 05:26:02,015,WAC_006_201_81,0,0.0,15,1.0,0.0,21.34
2025-10-25 05:36:04,015,WAC_006_201_81,0,0.0,15,1.0,0.0,21.31
2025-10-25 05:46:07,015,WAC_006_201_81,0,0.0,15,1.0,0.0,21.27
2025-10-25 05:56:10,015,WAC_006_201_81,0,0.0,15,1.0,0.0,21.25
2025-10-25 06:06:13,015,WAC_006_201_81,0,0.0,15,1.0,0.144,21.23
2025-10-25 06:16:16,015,WAC_006_201_81,0,0.0,15,1.0,0.144,21.2
2025-10-25 06:26:19,015,WAC_006_201_81,0,0.0,15,1.0,0.144,21.19
2025-10-25 06:36:22,015,WAC_006_201_81,0,0.0,15,1.0,0.1476,21.18
2025-10-25 06:46:26,015,WAC_006_201_81,0,0.0,15,1.0,0.1476,21.16
2025-10-25 06:56:29,015,WAC_006_201_81,0,0.0,15,1.0,0.1476,21.14
2025-10-25 07:06:32,015,WAC_006_201_81,0,0.0,15,1.0,0.1476,21.14
2025-10-25 07:16:35,015,WAC_006_201_81,0,0.0,15,1.0,0.1368,21.14
2025-10-25 07:26:37,015,WAC_006_201_81,0,0.0,15,1.0,0.1368,21.13
2025-10-25 07:36:41,015,WAC_006_201_81,0,0.0,15,1.0,0.144,21.13
2025-10-25 07:46:44,015,WAC_006_201_81,0,0.0,15,1.0,0.1368,21.12
2025-10-25 07:56:47,015,WAC_006_201_81,0,0.0,15,1.0,0.1476,21.12
2025-10-25 08:07:48,015,WAC_006_201_81,0,0.0,15,1.0,0.1368,21.23
2025-10-25 08:17:51,015,WAC_006_201_81,0,0.0,15,1.0,0.1476,21.19
2025-10-25 08:27:54,015,WAC_006_201_81,0,0.0,15,1.0,0.1368,21.16
2025-10-25 08:37:57,015,WAC_006_201_81,0,0.0,15,1.0,0.1368,21.15
2025-10-25 08:48:01,015,WAC_006_201_81,0,0.0,15,1.0,0.1368,21.14
2025-10-25 08:58:05,015,WAC_006_201_81,0,0.0,15,1.0,0.1368,21.14
2025-10-25 09:08:08,015,WAC_006_201_81,36,0.06,12,0.93,0.1152,21.17
2025-10-25 09:18:11,015,WAC_006_201_81,7,0.012,14,0.988,0.1476,21.23
2025-10-25 09:28:14,015,WAC_006_201_81,0,0.0,15,1.0,0.1368,21.21
2025-10-25 09:38:17,015,WAC_006_201_81,0,0.0,15,1.0,0.1368,21.19
2025-10-25 09:48:20,015,WAC_006_201_81,0,0.0,15,1.0,0.1368,21.17
2025-10-25 09:58:23,015,WAC_006_201_81,0,0.0,15,1.0,0.1368,21.16
2025-10-25 10:08:26,015,WAC_006_201_81,0,0.0,15,1.0,0.1584,21.15
2025-10-25 10:18:29,015,WAC_006_201_81,0,0.0,15,1.0,0.1584,21.13
2025-10-25 10:28:32,015,WAC_006_201_81,13,0.022,14,0.977,0.1728,21.14
2025-10-25 10:38:35,015,WAC_006_201_81,2,0.003,15,0.997,0.1296,21.19
2025-10-25 10:48:39,015,WAC_006_201_81,5,0.008,15,0.992,0.1944,21.27
2025-10-25 10:58:42,015,WAC_006_201_81,0,0.0,15,1.0,0.1944,21.32
2025-10-25 11:08:45,015,WAC_006_201_81,0,0.0,15,1.0,0.1764,21.35
2025-10-25 11:18:48,015,WAC_006_201_81,0,0.0,15,1.0,0.1728,21.37
2025-10-25 11:28:51,015,WAC_006_201_81,0,0.0,15,1.0,0.1764,21.37
2025-10-25 11:38:54,015,WAC_006_201_81,0,0.0,15,1.0,0.1728,21.35
2025-10-25 11:48:57,015,WAC_006_201_81,0,0.0,15,1.0,0.1764,21.33
2025-10-25 11:58:59,015,WAC_006_201_81,0,0.0,15,1.0,0.1692,21.29
2025-10-25 12:09:36,015,WAC_006_201_81,0,0.0,15,1.0,0.1656,21.35
2025-10-25 12:19:38,015,WAC_006_201_81,0,0.0,15,1.0,0.1656,21.28
2025-10-25 12:29:41,015,WAC_006_201_81,0,0.0,15,1.0,0.1548,21.27
2025-10-25 12:39:44,015,WAC_006_201_81,6,0.01,14,0.989,0.1692,21.28
2025-10-25 12:49:46,015,WAC_006_201_81,0,0.0,15,1.0,0.1692,21.27
2025-10-25 12:59:50,015,WAC_006_201_81,0,0.0,15,1.0,0.1692,21.25
2025-10-25 13:09:53,015,WAC_006_201_81,0,0.0,15,1.0,0.1872,21.22
2025-10-25 13:19:55,015,WAC_006_201_81,0,0.0,15,1.0,0.1872,21.23
2025-10-25 13:29:58,015,WAC_006_201_81,0,0.0,15,1.0,0.1692,21.22
2025-10-25 13:40:02,015,WAC_006_201_81,0,0.0,15,1.0,0.1692,21.21
2025-10-25 13:50:04,015,WAC_006_201_81,0,0.0,15,1.0,0.1692,21.18
2025-10-25 14:00:07,015,WAC_006_201_81,0,0.0,15,1.0,0.1872,21.16
2025-10-25 14:10:10,015,WAC_006_201_81,0,0.0,15,1.0,0.1944,21.14
2025-10-25 14:20:13,015,WAC_006_201_81,0,0.0,15,1.0,0.144,21.14
2025-10-25 14:30:17,015,WAC_006_201_81,27,0.045,13,0.951,0.1908,21.16
2025-10-25 14:40:21,015,WAC_006_201_81,16,0.027,14,0.972,0.1692,21.21
2025-10-25 14:50:23,015,WAC_006_201_81,0,0.0,15,1.0,0.1872,21.22
2025-10-25 15:00:26,015,WAC_006_201_81,0,0.0,15,1.0,0.1872,21.17
2025-10-25 15:10:29,015,WAC_006_201_81,0,0.0,15,1.0,0.1692,21.16
2025-10-25 15:20:32,015,WAC_006_201_81,0,0.0,15,1.0,0.1908,21.14
2025-10-25 15:30:35,015,WAC_006_201_81,0,0.0,15,1.0,0.1872,21.12
2025-10-25 15:40:38,015,WAC_006_201_81,0,0.0,15,1.0,0.1476,21.11
2025-10-25 15:50:42,015,WAC_006_201_81,0,0.0,15,1.0,0.1584,21.11
2025-10-25 16:00:45,015,WAC_006_201_81,0,0.0,15,1.0,0.1584,21.11
2025-10-25 16:11:11,015,WAC_006_201_81,0,0.0,15,1.0,0.1584,21.14
2025-10-25 16:21:15,015,WAC_006_201_81,0,0.0,15,1.0,0.1656,21.11
2025-10-25 16:31:18,015,WAC_006_201_81,0,0.0,15,1.0,0.1656,21.1
2025-10-25 16:41:21,015,WAC_006_201_81,0,0.0,15,1.0,0.1584,21.08
2025-10-25 16:51:24,015,WAC_006_201_81,0,0.0,15,1.0,0.1692,21.1
2025-10-25 17:01:27,015,WAC_006_201_81,0,0.0,15,1.0,0.1548,21.11
2025-10-25 17:11:31,015,WAC_006_201_81,19,0.032,14,0.967,0.144,21.17
2025-10-25 17:21:33,015,WAC_006_201_81,35,0.058,12,0.932,0.1692,21.24
2025-10-25 17:31:36,015,WAC_006_201_81,0,0.0,15,1.0,0.1692,21.23
2025-10-25 17:41:39,015,WAC_006_201_81,0,0.0,15,1.0,0.1692,21.21
2025-10-25 17:51:41,015,WAC_006_201_81,0,0.0,15,1.0,0.1584,21.19
2025-10-25 18:01:45,015,WAC_006_201_81,6,0.01,14,0.989,0.0,21.18
2025-10-25 18:11:48,015,WAC_006_201_81,111,0.184,8,0.742,0.0,21.26
2025-10-25 18:21:51,015,WAC_006_201_81,140,0.233,7,0.667,0.0,21.31
2025-10-25 18:31:54,015,WAC_006_201_81,144,0.24,8,0.69,0.0,21.37
2025-10-25 18:41:57,015,WAC_006_201_81,40,0.066,12,0.923,0.0,21.35
2025-10-25 18:52:00,015,WAC_006_201_81,207,0.344,6,0.537,0.0,21.42
2025-10-25 19:02:02,015,WAC_006_201_81,1,0.002,14,0.998,0.0,21.41
2025-10-25 19:12:05,015,WAC_006_201_81,65,0.108,12,0.881,0.0,21.41
2025-10-25 19:22:09,015,WAC_006_201_81,136,0.226,8,0.702,0.0,21.43
2025-10-25 19:32:11,015,WAC_006_201_81,11,0.018,15,0.982,0.0,21.4
2025-10-25 19:42:14,015,WAC_006_201_81,0,0.0,15,1.0,0.0,21.36
2025-10-25 19:52:17,015,WAC_006_201_81,0,0.0,15,1.0,0.0,21.31
2025-10-25 20:02:20,015,WAC_006_201_81,0,0.0,15,1.0,0.0,21.27
2025-10-25 20:12:49,015,WAC_006_201_81,0,0.0,15,1.0,0.0,21.31
2025-10-25 20:22:52,015,WAC_006_201_81,0,0.0,15,1.0,0.0,21.28
2025-10-25 20:32:55,015,WAC_006_201_81,157,0.261,6,0.605,0.0,21.38
2025-10-25 20:42:59,015,WAC_006_201_81,13,0.022,13,0.976,0.0,21.4
2025-10-25 20:53:02,015,WAC_006_201_81,31,0.051,13,0.944,0.0,21.4
2025-10-25 21:03:05,015,WAC_006_201_81,0,0.0,15,1.0,0.0,21.38
2025-10-25 21:13:08,015,WAC_006_201_81,0,0.0,15,1.0,0.0,21.33
2025-10-25 21:23:12,015,WAC_006_201_81,0,0.0,15,1.0,0.0,21.29
2025-10-25 21:33:15,015,WAC_006_201_81,10,0.017,14,0.982,0.0,21.27
2025-10-25 21:43:18,015,WAC_006_201_81,204,0.339,3,0.37,0.0,21.38
2025-10-25 21:53:20,015,WAC_006_201_81,90,0.15,10,0.816,0.0,21.39
2025-10-25 22:03:23,015,WAC_006_201_81,31,0.052,14,0.948,0.0,21.37
2025-10-25 22:13:26,015,WAC_006_201_81,120,0.2,7,0.7,0.0,21.47
2025-10-25 22:23:30,015,WAC_006_201_81,14,0.023,14,0.976,0.0,21.43
2025-10-25 22:33:34,015,WAC_006_201_81,0,0.0,15,1.0,0.0,21.38
2025-10-25 22:43:38,015,WAC_006_201_81,0,0.0,15,1.0,0.0,21.33
2025-10-25 22:53:41,015,WAC_006_201_81,37,0.061,13,0.934,0.0,21.31
2025-10-25 23:03:44,015,WAC_006_201_81,27,0.045,13,0.951,0.0,21.3
2025-10-25 23:13:47,015,WAC_006_201_81,16,0.027,14,0.972,0.0,21.27
2025-10-25 23:23:51,015,WAC_006_201_81,0,0.0,15,1.0,0.0,21.25
2025-10-25 23:33:54,015,WAC_006_201_81,0,0.0,15,1.0,0.0,21.23
2025-10-25 23:43:57,015,WAC_006_201_81,0,0.0,15,1.0,0.0,21.21
2025-10-25 23:54:00,015,WAC_006_201_81,0,0.0,15,1.0,0.0,21.2
2025-10-26 00:04:04,015,WAC_006_201_81,0,0.0,15,1.0,0.0,21.19
2025-10-26 00:14:31,015,WAC_006_201_81,68,0.114,12,0.876,0.0,21.29
2025-10-26 00:24:34,015,WAC_006_201_81,0,0.0,15,1.0,0.0,21.25
2025-10-26 00:34:37,015,WAC_006_201_81,0,0.0,15,1.0,0.0,21.23
2025-10-26 00:44:40,015,WAC_006_201_81,0,0.0,15,1.0,0.0,21.21
2025-10-26 00:54:42,015,WAC_006_201_81,0,0.0,15,1.0,0.0,21.19
2025-10-26 01:04:46,015,WAC_006_201_81,70,0.116,12,0.873,0.0,21.22
2025-10-26 01:14:50,015,WAC_006_201_81,123,0.204,7,0.695,0.0,21.3
2025-10-26 01:24:53,015,WAC_006_201_81,7,0.012,14,0.988,0.0,21.31
2025-10-26 01:34:56,015,WAC_006_201_81,1,0.002,14,0.998,0.0,21.32
2025-10-26 01:44:59,015,WAC_006_201_81,0,0.0,15,1.0,0.0,21.28
2025-10-26 01:55:02,015,WAC_006_201_81,0,0.0,15,1.0,0.0,21.26
2025-10-26 02:05:05,015,WAC_006_201_81,0,0.0,15,1.0,0.0,21.23
2025-10-26 02:15:08,015,WAC_006_201_81,0,0.0,15,1.0,0.0,21.21
2025-10-26 02:25:11,015,WAC_006_201_81,0,0.0,15,1.0,0.0,21.2
2025-10-26 02:35:14,015,WAC_006_201_81,36,0.06,13,0.935,0.0,21.21
2025-10-26 02:45:17,015,WAC_006_201_81,7,0.012,13,0.987,0.0,21.24
2025-10-26 02:55:21,015,WAC_006_201_81,104,0.173,8,0.755,0.0,21.3
2025-10-26 03:05:23,015,WAC_006_201_81,21,0.035,13,0.961,0.0,21.27
2025-10-26 03:15:27,015,WAC_006_201_81,0,0.0,15,1.0,0.0,21.24
2025-10-26 03:25:29,015,WAC_006_201_81,0,0.0,15,1.0,0.0,21.19
2025-10-26 03:35:33,015,WAC_006_201_81,14,0.023,14,0.976,0.0,21.17
2025-10-26 03:45:36,015,WAC_006_201_81,0,0.0,15,1.0,0.0,21.14
2025-10-26 03:55:39,015,WAC_006_201_81,96,0.159,9,0.789,0.0,21.19
2025-10-26 04:05:43,015,WAC_006_201_81,3,0.005,15,0.995,0.0,21.17
2025-10-26 04:16:03,015,WAC_006_201_81,0,0.0,15,1.0,0.0,21.2
2025-10-26 04:26:06,015,WAC_006_201_81,0,0.0,15,1.0,0.0,21.16
2025-10-26 04:36:10,015,WAC_006_201_81,11,0.018,14,0.981,0.0,21.15
2025-10-26 04:46:13,015,WAC_006_201_81,0,0.0,15,1.0,0.0,21.15
2025-10-26 04:56:16,015,WAC_006_201_81,0,0.0,15,1.0,0.0,21.15
2025-10-26 05:06:19,015,WAC_006_201_81,14,0.023,14,0.976,0.0,21.13
2025-10-26 05:16:22,015,WAC_006_201_81,0,0.0,15,1.0,0.0,21.13
2025-10-26 05:26:25,015,WAC_006_201_81,7,0.012,14,0.988,0.0,21.13
2025-10-26 05:36:28,015,WAC_006_201_81,37,0.061,11,0.922,0.0,21.15
2025-10-26 05:46:31,015,WAC_006_201_81,9,0.015,13,0.983,0.0,21.16
2025-10-26 05:56:33,015,WAC_006_201_81,0,0.0,15,1.0,0.0,21.14
2025-10-26 06:06:37,015,WAC_006_201_81,0,0.0,15,1.0,0.1836,21.12
2025-10-26 06:16:40,015,WAC_006_201_81,0,0.0,15,1.0,0.1836,21.12
2025-10-26 06:26:43,015,WAC_006_201_81,0,0.0,15,1.0,0.1728,21.11
2025-10-26 06:36:46,015,WAC_006_201_81,0,0.0,15,1.0,0.1728,21.09
2025-10-26 06:46:49,015,WAC_006_201_81,0,0.0,15,1.0,0.1728,21.08
2025-10-26 06:56:52,015,WAC_006_201_81,0,0.0,15,1.0,0.1728,21.08
2025-10-26 07:06:55,015,WAC_006_201_81,0,0.0,15,1.0,0.1728,21.09
2025-10-26 07:16:58,015,WAC_006_201_81,0,0.0,15,1.0,0.1728,21.08
2025-10-26 07:27:01,015,WAC_006_201_81,0,0.0,15,1.0,0.1728,21.08
2025-10-26 07:37:04,015,WAC_006_201_81,0,0.0,15,1.0,0.1728,21.08
2025-10-26 07:47:07,015,WAC_006_201_81,0,0.0,15,1.0,0.1728,21.08
2025-10-26 07:57:10,015,WAC_006_201_81,0,0.0,15,1.0,0.1728,21.07
2025-10-26 08:07:13,015,WAC_006_201_81,0,0.0,15,1.0,0.1728,21.08
2025-10-26 08:17:34,015,WAC_006_201_81,0,0.0,15,1.0,0.1728,21.12
2025-10-26 08:27:37,015,WAC_006_201_81,0,0.0,15,1.0,0.1728,21.1
2025-10-26 08:37:40,015,WAC_006_201_81,0,0.0,15,1.0,0.1728,21.1
2025-10-26 08:47:44,015,WAC_006_201_81,0,0.0,15,1.0,0.1728,21.1
2025-10-26 08:57:47,015,WAC_006_201_81,0,0.0,15,1.0,0.1728,21.09
2025-10-26 09:07:50,015,WAC_006_201_81,0,0.0,15,1.0,0.1728,21.09
2025-10-26 09:17:53,015,WAC_006_201_81,0,0.0,15,1.0,0.1728,21.09
2025-10-26 09:27:57,015,WAC_006_201_81,0,0.0,15,1.0,0.1728,21.08
2025-10-26 09:38:00,015,WAC_006_201_81,0,0.0,15,1.0,0.1728,21.08
2025-10-26 09:48:04,015,WAC_006_201_81,0,0.0,15,1.0,0.1656,21.09
2025-10-26 09:58:06,015,WAC_006_201_81,46,0.077,12,0.913,0.1764,21.1
2025-10-26 10:08:09,015,WAC_006_201_81,9,0.015,13,0.983,0.1656,21.18
2025-10-26 10:18:13,015,WAC_006_201_81,0,0.0,15,1.0,0.1656,21.21
2025-10-26 10:28:16,015,WAC_006_201_81,0,0.0,15,1.0,0.1764,21.22
2025-10-26 10:38:19,015,WAC_006_201_81,0,0.0,15,1.0,0.1764,21.24
2025-10-26 10:48:23,015,WAC_006_201_81,0,0.0,15,1.0,0.1764,21.22
2025-10-26 10:58:26,015,WAC_006_201_81,0,0.0,15,1.0,0.144,21.21
2025-10-26 11:08:29,015,WAC_006_201_81,0,0.0,15,1.0,0.144,21.2
2025-10-26 11:18:32,015,WAC_006_201_81,0,0.0,15,1.0,0.144,21.19
2025-10-26 11:28:35,015,WAC_006_201_81,0,0.0,15,1.0,0.144,21.17
2025-10-26 11:38:38,015,WAC_006_201_81,0,0.0,15,1.0,0.1476,21.15
2025-10-26 11:48:42,015,WAC_006_201_81,0,0.0,15,1.0,0.1548,21.14
2025-10-26 11:58:45,015,WAC_006_201_81,0,0.0,15,1.0,0.1548,21.14
2025-10-26 12:08:48,015,WAC_006_201_81,0,0.0,15,1.0,0.1548,21.13
2025-10-26 12:19:15,015,WAC_006_201_81,0,0.0,15,1.0,0.1548,21.17
2025-10-26 12:29:18,015,WAC_006_201_81,0,0.0,15,1.0,0.144,21.14
2025-10-26 12:39:21,015,WAC_006_201_81,0,0.0,15,1.0,0.144,21.13
2025-10-26 12:49:25,015,WAC_006_201_81,10,0.017,14,0.982,0.144,21.13
2025-10-26 12:59:28,015,WAC_006_201_81,0,0.0,15,1.0,0.144,21.13
2025-10-26 13:09:31,015,WAC_006_201_81,0,0.0,15,1.0,0.144,21.12
2025-10-26 13:19:34,015,WAC_006_201_81,0,0.0,15,1.0,0.144,21.12
2025-10-26 13:29:37,015,WAC_006_201_81,0,0.0,15,1.0,0.144,21.11
2025-10-26 13:39:41,015,WAC_006_201_81,0,0.0,15,1.0,0.144,21.11
2025-10-26 13:49:44,015,WAC_006_201_81,0,0.0,15,1.0,0.144,21.11
2025-10-26 13:59:47,015,WAC_006_201_81,0,0.0,15,1.0,0.144,21.11
2025-10-26 14:09:50,015,WAC_006_201_81,0,0.0,15,1.0,0.1512,21.1
2025-10-26 14:19:53,015,WAC_006_201_81,0,0.0,15,1.0,0.1764,21.11
2025-10-26 14:29:56,015,WAC_006_201_81,0,0.0,15,1.0,0.1656,21.11
2025-10-26 14:40:00,015,WAC_006_201_81,9,0.015,14,0.984,0.1764,21.13
2025-10-26 14:50:03,015,WAC_006_201_81,0,0.0,15,1.0,0.1764,21.14
2025-10-26 15:00:06,015,WAC_006_201_81,0,0.0,15,1.0,0.1764,21.13
2025-10-26 15:10:09,015,WAC_006_201_81,0,0.0,15,1.0,0.1656,21.14
2025-10-26 15:20:12,015,WAC_006_201_81,0,0.0,15,1.0,0.1764,21.14
2025-10-26 15:30:16,015,WAC_006_201_81,0,0.0,15,1.0,0.1656,21.14
2025-10-26 15:40:19,015,WAC_006_201_81,0,0.0,15,1.0,0.1656,21.12
2025-10-26 15:50:22,015,WAC_006_201_81,0,0.0,15,1.0,0.1764,21.12
2025-10-26 16:00:24,015,WAC_006_201_81,0,0.0,15,1.0,0.1512,21.13
2025-10-26 16:10:28,015,WAC_006_201_81,0,0.0,15,1.0,0.1656,21.15
2025-10-26 16:20:54,015,WAC_006_201_81,0,0.0,15,1.0,0.1728,21.22
2025-10-26 16:30:57,015,WAC_006_201_81,0,0.0,15,1.0,0.1548,21.2
2025-10-26 16:41:00,015,WAC_006_201_81,0,0.0,15,1.0,0.1548,21.17
2025-10-26 16:51:03,015,WAC_006_201_81,0,0.0,15,1.0,0.144,21.15
2025-10-26 17:01:06,015,WAC_006_201_81,0,0.0,15,1.0,0.1548,21.14
2025-10-26 17:11:09,015,WAC_006_201_81,0,0.0,15,1.0,0.1548,21.14
2025-10-26 17:21:12,015,WAC_006_201_81,12,0.02,13,0.977,0.144,21.14
2025-10-26 17:31:15,015,WAC_006_201_81,134,0.223,7,0.676,0.1404,21.2
2025-10-26 17:41:18,015,WAC_006_201_81,99,0.164,10,0.802,0.1296,21.28
2025-10-26 17:51:22,015,WAC_006_201_81,0,0.0,15,1.0,0.1476,21.33
2025-10-26 18:01:25,015,WAC_006_201_81,0,0.0,15,1.0,0.0,21.3
2025-10-26 18:11:28,015,WAC_006_201_81,0,0.0,15,1.0,0.0,21.28
2025-10-26 18:21:30,015,WAC_006_201_81,145,0.241,7,0.659,0.0,21.37
2025-10-26 18:31:33,015,WAC_006_201_81,125,0.208,10,0.762,0.0,21.42
2025-10-26 18:41:37,015,WAC_006_201_81,131,0.218,6,0.647,0.0,21.45
2025-10-26 18:51:39,015,WAC_006_201_81,158,0.263,7,0.639,0.0,21.53
2025-10-26 19:01:42,015,WAC_006_201_81,196,0.326,6,0.55,0.0,21.6
2025-10-26 19:11:46,015,WAC_006_201_81,80,0.133,10,0.833,0.0,21.63
2025-10-26 19:21:48,015,WAC_006_201_81,60,0.1,11,0.88,0.0,21.65
2025-10-26 19:31:52,015,WAC_006_201_81,126,0.21,6,0.656,0.0,21.66
2025-10-26 19:41:54,015,WAC_006_201_81,3,0.005,14,0.995,0.0,21.59
2025-10-26 19:51:58,015,WAC_006_201_81,0,0.0,15,1.0,0.0,21.54
2025-10-26 20:02:01,015,WAC_006_201_81,0,0.0,15,1.0,0.0,21.47
2025-10-26 20:12:05,015,WAC_006_201_81,0,0.0,15,1.0,0.0,21.41
2025-10-26 20:22:37,015,WAC_006_201_81,0,0.0,15,1.0,0.0,21.45
2025-10-26 20:32:41,015,WAC_006_201_81,78,0.13,9,0.822,0.0,21.45
2025-10-26 20:42:44,015,WAC_006_201_81,89,0.148,10,0.818,0.0,21.46
2025-10-26 20:52:47,015,WAC_006_201_81,7,0.012,14,0.988,0.0,21.45
2025-10-26 21:02:51,015,WAC_006_201_81,121,0.201,8,0.726,0.0,21.5
2025-10-26 21:12:54,015,WAC_006_201_81,122,0.203,7,0.697,0.0,21.53
2025-10-26 21:22:57,015,WAC_006_201_81,248,0.413,2,0.244,0.0,21.56
2025-10-26 21:33:00,015,WAC_006_201_81,132,0.22,6,0.645,0.0,21.58
2025-10-26 21:43:03,015,WAC_006_201_81,0,0.0,15,1.0,0.0,21.51
2025-10-26 21:53:07,015,WAC_006_201_81,5,0.008,15,0.992,0.0,21.47
2025-10-26 22:03:09,015,WAC_006_201_81,0,0.0,15,1.0,0.0,21.43
2025-10-26 22:13:13,015,WAC_006_201_81,0,0.0,15,1.0,0.0,21.39
2025-10-26 22:23:15,015,WAC_006_201_81,0,0.0,15,1.0,0.0,21.36
2025-10-26 22:33:19,015,WAC_006_201_81,15,0.025,14,0.974,0.0,21.34
2025-10-26 22:43:22,015,WAC_006_201_81,0,0.0,15,1.0,0.0,21.34
2025-10-26 22:53:25,015,WAC_006_201_81,0,0.0,15,1.0,0.0,21.32
2025-10-26 23:03:28,015,WAC_006_201_81,58,0.097,12,0.892,0.0,21.34
2025-10-26 23:13:31,015,WAC_006_201_81,139,0.231,5,0.59,0.0,21.4
2025-10-26 23:23:34,015,WAC_006_201_81,89,0.148,8,0.782,0.0,21.43
2025-10-26 23:33:37,015,WAC_006_201_81,118,0.196,9,0.753,0.0,21.46
2025-10-26 23:43:40,015,WAC_006_201_81,0,0.0,15,1.0,0.0,21.44
2025-10-26 23:53:43,015,WAC_006_201_81,7,0.012,14,0.988,0.0,21.43
2025-10-25 00:09:29,006,WAC_006_201_83,71,0.118,8,0.818,0.0,21.68
2025-10-25 00:19:32,006,WAC_006_201_83,0,0.0,14,1.0,0.0,21.64
2025-10-25 00:29:35,006,WAC_006_201_83,0,0.0,14,1.0,0.0,21.59
2025-10-25 00:39:38,006,WAC_006_201_83,0,0.0,14,1.0,0.0,21.55
2025-10-25 00:49:41,006,WAC_006_201_83,0,0.0,14,1.0,0.0,21.51
2025-10-25 00:59:43,006,WAC_006_201_83,0,0.0,14,1.0,0.0,21.5
2025-10-25 01:09:46,006,WAC_006_201_83,0,0.0,14,1.0,0.0,21.48
2025-10-25 01:19:49,006,WAC_006_201_83,0,0.0,14,1.0,0.0,21.45
2025-10-25 01:29:52,006,WAC_006_201_83,0,0.0,14,1.0,0.0,21.42
2025-10-25 01:39:55,006,WAC_006_201_83,0,0.0,14,1.0,0.0,21.42
2025-10-25 01:49:58,006,WAC_006_201_83,0,0.0,14,1.0,0.0,21.41
2025-10-25 02:00:00,006,WAC_006_201_83,5,0.008,12,0.99,0.0,21.42
2025-10-25 02:10:03,006,WAC_006_201_83,81,0.135,8,0.798,0.0,21.46
2025-10-25 02:20:06,006,WAC_006_201_83,91,0.151,8,0.779,0.0,21.49
2025-10-25 02:30:09,006,WAC_006_201_83,215,0.358,4,0.427,0.0,21.61
2025-10-25 02:40:12,006,WAC_006_201_83,169,0.281,7,0.624,0.0,21.61
2025-10-25 02:50:15,006,WAC_006_201_83,164,0.273,6,0.594,0.0,21.61
2025-10-25 03:00:18,006,WAC_006_201_83,101,0.168,6,0.704,0.0,21.59
2025-10-25 03:10:20,006,WAC_006_201_83,70,0.116,11,0.863,0.0,21.58
2025-10-25 03:20:23,006,WAC_006_201_83,0,0.0,14,1.0,0.0,21.56
2025-10-25 03:30:26,006,WAC_006_201_83,0,0.0,14,1.0,0.0,21.53
2025-10-25 03:40:28,006,WAC_006_201_83,4,0.007,14,0.993,0.0,21.49
2025-10-25 03:50:31,006,WAC_006_201_83,0,0.0,14,1.0,0.0,21.5
2025-10-25 04:00:54,006,WAC_006_201_83,0,0.0,14,1.0,0.0,21.53
2025-10-25 04:10:57,006,WAC_006_201_83,0,0.0,14,1.0,0.0,21.51
2025-10-25 04:21:00,006,WAC_006_201_83,0,0.0,14,1.0,0.0,21.49
2025-10-25 04:31:03,006,WAC_006_201_83,21,0.035,9,0.945,0.0,21.48
2025-10-25 04:41:06,006,WAC_006_201_83,103,0.171,9,0.778,0.0,21.52
2025-10-25 04:51:09,006,WAC_006_201_83,57,0.095,11,0.885,0.0,21.54
2025-10-25 05:01:12,006,WAC_006_201_83,180,0.299,4,0.471,0.0,21.62
2025-10-25 05:11:15,006,WAC_006_201_83,104,0.173,8,0.755,0.0,21.62
2025-10-25 05:21:18,006,WAC_006_201_83,167,0.277,5,0.545,0.0,21.65
2025-10-25 05:31:21,006,WAC_006_201_83,48,0.08,7,0.854,0.0,21.67
2025-10-25 05:41:24,006,WAC_006_201_83,14,0.023,12,0.972,0.0,21.68
2025-10-25 05:51:27,006,WAC_006_201_83,0,0.0,14,1.0,0.0,21.67
2025-10-25 06:01:29,006,WAC_006_201_83,0,0.0,14,1.0,0.396,21.65
2025-10-25 06:11:32,006,WAC_006_201_83,0,0.0,14,1.0,0.3744,21.63
2025-10-25 06:21:35,006,WAC_006_201_83,0,0.0,14,1.0,0.3672,21.61
2025-10-25 06:31:38,006,WAC_006_201_83,0,0.0,14,1.0,0.3672,21.59
2025-10-25 06:41:41,006,WAC_006_201_83,0,0.0,14,1.0,0.3672,21.58
2025-10-25 06:51:44,006,WAC_006_201_83,0,0.0,14,1.0,0.3672,21.59
2025-10-25 07:01:47,006,WAC_006_201_83,0,0.0,14,1.0,0.3672,21.58
2025-10-25 07:11:50,006,WAC_006_201_83,0,0.0,14,1.0,0.36,21.59
2025-10-25 07:21:53,006,WAC_006_201_83,9,0.015,12,0.982,0.3384,21.61
2025-10-25 07:31:56,006,WAC_006_201_83,30,0.05,11,0.936,0.252,21.62
2025-10-25 07:41:58,006,WAC_006_201_83,51,0.085,10,0.887,0.3096,21.62
2025-10-25 07:52:00,006,WAC_006_201_83,13,0.022,13,0.976,0.5004,21.63
2025-10-25 08:02:14,006,WAC_006_201_83,0,0.0,14,1.0,0.4572,21.63
2025-10-25 08:12:17,006,WAC_006_201_83,0,0.0,14,1.0,0.4464,21.6
2025-10-25 08:22:20,006,WAC_006_201_83,0,0.0,14,1.0,0.4572,21.58
2025-10-25 08:32:23,006,WAC_006_201_83,0,0.0,14,1.0,0.4464,21.56
2025-10-25 08:42:26,006,WAC_006_201_83,0,0.0,14,1.0,0.4464,21.55
2025-10-25 08:52:29,006,WAC_006_201_83,0,0.0,14,1.0,0.45,21.54
2025-10-25 09:02:32,006,WAC_006_201_83,0,0.0,14,1.0,0.4464,21.54
2025-10-25 09:12:36,006,WAC_006_201_83,0,0.0,14,1.0,0.4392,21.53
2025-10-25 09:22:39,006,WAC_006_201_83,0,0.0,14,1.0,0.4392,21.52
2025-10-25 09:32:41,006,WAC_006_201_83,7,0.012,13,0.987,0.4392,21.53
2025-10-25 09:42:44,006,WAC_006_201_83,100,0.166,8,0.762,0.4356,21.54
2025-10-25 09:52:47,006,WAC_006_201_83,156,0.26,4,0.506,0.4896,21.57
2025-10-25 10:02:50,006,WAC_006_201_83,41,0.068,13,0.927,0.522,21.58
2025-10-25 10:12:53,006,WAC_006_201_83,0,0.0,14,1.0,0.5436,21.55
2025-10-25 10:22:56,006,WAC_006_201_83,1,0.002,14,0.998,0.5544,21.53
2025-10-25 10:32:59,006,WAC_006_201_83,37,0.062,9,0.907,0.5616,21.56
2025-10-25 10:43:02,006,WAC_006_201_83,35,0.058,10,0.92,0.504,21.7
2025-10-25 10:53:05,006,WAC_006_201_83,64,0.106,8,0.833,0.4248,21.74
2025-10-25 11:03:08,006,WAC_006_201_83,0,0.0,14,1.0,0.4356,21.75
2025-10-25 11:13:11,006,WAC_006_201_83,0,0.0,14,1.0,0.4032,21.75
2025-10-25 11:23:13,006,WAC_006_201_83,0,0.0,14,1.0,0.4104,21.77
2025-10-25 11:33:16,006,WAC_006_201_83,0,0.0,14,1.0,0.4104,21.75
2025-10-25 11:43:19,006,WAC_006_201_83,0,0.0,14,1.0,0.4176,21.74
2025-10-25 11:53:22,006,WAC_006_201_83,0,0.0,14,1.0,0.4176,21.69
2025-10-25 12:03:38,006,WAC_006_201_83,0,0.0,14,1.0,0.4032,21.7
2025-10-25 12:13:41,006,WAC_006_201_83,15,0.025,10,0.964,0.3888,21.67
2025-10-25 12:23:44,006,WAC_006_201_83,95,0.158,8,0.771,0.3168,21.72
2025-10-25 12:33:48,006,WAC_006_201_83,21,0.035,11,0.954,0.3348,21.68
2025-10-25 12:43:51,006,WAC_006_201_83,0,0.0,14,1.0,0.324,21.65
2025-10-25 12:53:53,006,WAC_006_201_83,0,0.0,14,1.0,0.324,21.65
2025-10-25 13:03:56,006,WAC_006_201_83,0,0.0,14,1.0,0.3456,21.63
2025-10-25 13:13:59,006,WAC_006_201_83,0,0.0,14,1.0,0.3636,21.61
2025-10-25 13:24:01,006,WAC_006_201_83,3,0.005,13,0.994,0.3384,21.61
2025-10-25 13:34:04,006,WAC_006_201_83,0,0.0,14,1.0,0.342,21.59
2025-10-25 13:44:07,006,WAC_006_201_83,0,0.0,14,1.0,0.3384,21.57
2025-10-25 13:54:10,006,WAC_006_201_83,1,0.002,14,0.998,0.3636,21.53
2025-10-25 14:04:12,006,WAC_006_201_83,1,0.002,14,0.998,0.342,21.53
2025-10-25 14:14:15,006,WAC_006_201_83,0,0.0,14,1.0,0.3456,21.52
2025-10-25 14:24:18,006,WAC_006_201_83,0,0.0,14,1.0,0.3456,21.51
2025-10-25 14:34:21,006,WAC_006_201_83,0,0.0,14,1.0,0.3384,21.5
2025-10-25 14:44:24,006,WAC_006_201_83,15,0.025,11,0.967,0.3024,21.49
2025-10-25 14:54:27,006,WAC_006_201_83,34,0.057,9,0.914,0.3528,21.5
2025-10-25 15:04:30,006,WAC_006_201_83,63,0.105,10,0.864,0.3348,21.54
2025-10-25 15:14:33,006,WAC_006_201_83,102,0.17,6,0.702,0.4896,21.54
2025-10-25 15:24:35,006,WAC_006_201_83,4,0.007,13,0.992,0.5688,21.53
2025-10-25 15:34:38,006,WAC_006_201_83,0,0.0,14,1.0,0.5652,21.48
2025-10-25 15:44:41,006,WAC_006_201_83,0,0.0,14,1.0,0.5328,21.44
2025-10-25 15:54:44,006,WAC_006_201_83,0,0.0,14,1.0,0.5436,21.43
2025-10-25 16:04:59,006,WAC_006_201_83,0,0.0,14,1.0,0.5364,21.44
2025-10-25 16:15:01,006,WAC_006_201_83,0,0.0,14,1.0,0.5256,21.42
2025-10-25 16:25:05,006,WAC_006_201_83,0,0.0,14,1.0,0.5256,21.41
2025-10-25 16:35:07,006,WAC_006_201_83,0,0.0,14,1.0,0.54,21.4
2025-10-25 16:45:10,006,WAC_006_201_83,0,0.0,14,1.0,0.5328,21.39
2025-10-25 16:55:13,006,WAC_006_201_83,0,0.0,14,1.0,0.5328,21.4
2025-10-25 17:05:16,006,WAC_006_201_83,0,0.0,14,1.0,0.5328,21.4
2025-10-25 17:15:19,006,WAC_006_201_83,15,0.025,13,0.972,0.4536,21.45
2025-10-25 17:25:22,006,WAC_006_201_83,50,0.083,11,0.898,0.468,21.5
2025-10-25 17:35:25,006,WAC_006_201_83,0,0.0,14,1.0,0.4752,21.53
2025-10-25 17:45:28,006,WAC_006_201_83,2,0.003,14,0.996,0.4788,21.55
2025-10-25 17:55:31,006,WAC_006_201_83,17,0.028,13,0.968,0.4752,21.57
2025-10-25 18:05:34,006,WAC_006_201_83,0,0.0,14,1.0,0.0,21.54
2025-10-25 18:15:37,006,WAC_006_201_83,0,0.0,14,1.0,0.0,21.51
2025-10-25 18:25:40,006,WAC_006_201_83,89,0.148,10,0.818,0.0,21.56
2025-10-25 18:35:43,006,WAC_006_201_83,184,0.306,4,0.465,0.0,21.62
2025-10-25 18:45:46,006,WAC_006_201_83,127,0.211,7,0.688,0.0,21.64
2025-10-25 18:55:48,006,WAC_006_201_83,143,0.238,5,0.583,0.0,21.65
2025-10-25 19:05:51,006,WAC_006_201_83,198,0.329,2,0.288,0.0,21.7
2025-10-25 19:15:54,006,WAC_006_201_83,89,0.148,4,0.643,0.0,21.72
2025-10-25 19:25:57,006,WAC_006_201_83,96,0.16,8,0.769,0.0,21.71
2025-10-25 19:36:00,006,WAC_006_201_83,84,0.14,4,0.656,0.0,21.75
2025-10-25 19:46:03,006,WAC_006_201_83,0,0.0,14,1.0,0.0,21.76
2025-10-25 19:56:06,006,WAC_006_201_83,131,0.218,4,0.55,0.0,21.77
2025-10-25 20:06:28,006,WAC_006_201_83,198,0.331,2,0.288,0.0,21.87
2025-10-25 20:16:31,006,WAC_006_201_83,128,0.213,6,0.652,0.0,21.83
2025-10-25 20:26:34,006,WAC_006_201_83,190,0.317,3,0.387,0.0,21.91
2025-10-25 20:36:37,006,WAC_006_201_83,195,0.324,5,0.506,0.0,22.13
2025-10-25 20:46:40,006,WAC_006_201_83,191,0.318,5,0.512,0.0,21.96
2025-10-25 20:56:43,006,WAC_006_201_83,168,0.28,4,0.488,0.0,21.9
2025-10-25 21:06:46,006,WAC_006_201_83,154,0.256,5,0.565,0.0,21.88
2025-10-25 21:16:49,006,WAC_006_201_83,29,0.048,10,0.932,0.0,21.84
2025-10-25 21:26:52,006,WAC_006_201_83,46,0.077,8,0.874,0.0,21.83
2025-10-25 21:36:55,006,WAC_006_201_83,169,0.281,3,0.415,0.0,21.9
2025-10-25 21:46:58,006,WAC_006_201_83,92,0.153,8,0.777,0.0,21.8
2025-10-25 21:57:01,006,WAC_006_201_83,154,0.256,5,0.565,0.0,21.82
2025-10-25 22:07:04,006,WAC_006_201_83,157,0.261,5,0.56,0.0,21.78
2025-10-25 22:17:06,006,WAC_006_201_83,125,0.208,6,0.658,0.0,21.79
2025-10-25 22:27:09,006,WAC_006_201_83,83,0.138,8,0.794,0.0,21.79
2025-10-25 22:37:12,006,WAC_006_201_83,164,0.273,4,0.494,0.0,21.8
2025-10-25 22:47:15,006,WAC_006_201_83,109,0.181,7,0.72,0.0,21.76
2025-10-25 22:57:18,006,WAC_006_201_83,1,0.002,14,0.998,0.0,21.71
2025-10-25 23:07:21,006,WAC_006_201_83,0,0.0,14,1.0,0.0,21.64
2025-10-25 23:17:23,006,WAC_006_201_83,0,0.0,14,1.0,0.0,21.61
2025-10-25 23:27:27,006,WAC_006_201_83,0,0.0,14,1.0,0.0,21.56
2025-10-25 23:37:29,006,WAC_006_201_83,0,0.0,14,1.0,0.0,21.53
2025-10-25 23:47:33,006,WAC_006_201_83,0,0.0,14,1.0,0.0,21.5
2025-10-25 23:57:35,006,WAC_006_201_83,0,0.0,14,1.0,0.0,21.5
2025-10-26 00:07:52,006,WAC_006_201_83,0,0.0,14,1.0,0.0,21.51
2025-10-26 00:17:54,006,WAC_006_201_83,1,0.002,14,0.998,0.0,21.49
2025-10-26 00:27:57,006,WAC_006_201_83,109,0.181,7,0.72,0.0,21.54
2025-10-26 00:38:00,006,WAC_006_201_83,104,0.173,6,0.698,0.0,21.63
2025-10-26 00:48:03,006,WAC_006_201_83,47,0.078,10,0.895,0.0,21.6
2025-10-26 00:58:06,006,WAC_006_201_83,172,0.286,3,0.411,0.0,21.68
2025-10-26 01:08:09,006,WAC_006_201_83,92,0.153,8,0.777,0.0,21.66
2025-10-26 01:18:12,006,WAC_006_201_83,107,0.178,7,0.724,0.0,21.67
2025-10-26 01:28:15,006,WAC_006_201_83,0,0.0,14,1.0,0.0,21.68
2025-10-26 01:38:18,006,WAC_006_201_83,0,0.0,14,1.0,0.0,21.7
2025-10-26 01:48:21,006,WAC_006_201_83,0,0.0,14,1.0,0.0,21.67
2025-10-26 01:58:24,006,WAC_006_201_83,0,0.0,14,1.0,0.0,21.66
2025-10-26 02:08:27,006,WAC_006_201_83,0,0.0,14,1.0,0.0,21.65
2025-10-26 02:18:30,006,WAC_006_201_83,5,0.008,14,0.991,0.0,21.66
2025-10-26 02:28:32,006,WAC_006_201_83,63,0.105,9,0.851,0.0,21.69
2025-10-26 02:38:35,006,WAC_006_201_83,133,0.221,7,0.678,0.0,21.67
2025-10-26 02:48:38,006,WAC_006_201_83,72,0.12,7,0.795,0.0,21.66
2025-10-26 02:58:41,006,WAC_006_201_83,95,0.158,8,0.771,0.0,21.66
2025-10-26 03:08:44,006,WAC_006_201_83,13,0.022,10,0.969,0.0,21.64
2025-10-26 03:18:47,006,WAC_006_201_83,2,0.003,14,0.996,0.0,21.6
2025-10-26 03:28:50,006,WAC_006_201_83,0,0.0,14,1.0,0.0,21.56
2025-10-26 03:38:53,006,WAC_006_201_83,0,0.0,14,1.0,0.0,21.53
2025-10-26 03:48:56,006,WAC_006_201_83,0,0.0,14,1.0,0.0,21.51
2025-10-26 03:58:58,006,WAC_006_201_83,0,0.0,14,1.0,0.0,21.5
2025-10-26 04:09:09,006,WAC_006_201_83,0,0.0,14,1.0,0.0,21.51
2025-10-26 04:19:11,006,WAC_006_201_83,5,0.008,13,0.99,0.0,21.52
2025-10-26 04:29:14,006,WAC_006_201_83,78,0.13,10,0.837,0.0,21.57
2025-10-26 04:39:17,006,WAC_006_201_83,179,0.298,3,0.401,0.0,21.79
2025-10-26 04:49:19,006,WAC_006_201_83,164,0.273,4,0.494,0.0,21.73
2025-10-26 04:59:22,006,WAC_006_201_83,143,0.238,6,0.627,0.0,21.69
2025-10-26 05:09:25,006,WAC_006_201_83,208,0.346,5,0.49,0.0,21.73
2025-10-26 05:19:28,006,WAC_006_201_83,173,0.288,3,0.41,0.0,21.77
2025-10-26 05:29:32,006,WAC_006_201_83,111,0.185,8,0.742,0.0,21.74
2025-10-26 05:39:35,006,WAC_006_201_83,139,0.231,2,0.365,0.0,21.74
2025-10-26 05:49:38,006,WAC_006_201_83,4,0.007,14,0.993,0.0,21.66
2025-10-26 05:59:41,006,WAC_006_201_83,0,0.0,14,1.0,0.0,21.62
2025-10-26 06:09:43,006,WAC_006_201_83,2,0.003,14,0.996,0.3168,21.58
2025-10-26 06:19:46,006,WAC_006_201_83,0,0.0,14,1.0,0.3168,21.55
2025-10-26 06:29:48,006,WAC_006_201_83,0,0.0,14,1.0,0.342,21.54
2025-10-26 06:39:51,006,WAC_006_201_83,0,0.0,14,1.0,0.3492,21.51
2025-10-26 06:49:54,006,WAC_006_201_83,0,0.0,14,1.0,0.3384,21.51
2025-10-26 06:59:57,006,WAC_006_201_83,0,0.0,14,1.0,0.324,21.52
2025-10-26 07:10:00,006,WAC_006_201_83,0,0.0,14,1.0,0.3348,21.51
2025-10-26 07:20:03,006,WAC_006_201_83,0,0.0,14,1.0,0.324,21.51
2025-10-26 07:30:06,006,WAC_006_201_83,10,0.017,13,0.981,0.3024,21.51
2025-10-26 07:40:08,006,WAC_006_201_83,42,0.07,10,0.905,0.3564,21.55
2025-10-26 07:50:11,006,WAC_006_201_83,96,0.16,8,0.769,0.2592,21.59
2025-10-26 08:00:14,006,WAC_006_201_83,0,0.0,14,1.0,0.2736,21.56
2025-10-26 08:10:34,006,WAC_006_201_83,0,0.0,14,1.0,0.2772,21.57
2025-10-26 08:20:37,006,WAC_006_201_83,0,0.0,14,1.0,0.288,21.51
2025-10-26 08:30:39,006,WAC_006_201_83,0,0.0,14,1.0,0.2592,21.5
2025-10-26 08:40:42,006,WAC_006_201_83,2,0.003,14,0.996,0.2808,21.49
2025-10-26 08:50:45,006,WAC_006_201_83,0,0.0,14,1.0,0.2664,21.49
2025-10-26 09:00:47,006,WAC_006_201_83,2,0.003,14,0.996,0.2952,21.5
2025-10-26 09:10:50,006,WAC_006_201_83,0,0.0,14,1.0,0.2664,21.5
2025-10-26 09:20:53,006,WAC_006_201_83,0,0.0,14,1.0,0.2304,21.5
2025-10-26 09:30:57,006,WAC_006_201_83,6,0.01,13,0.989,0.324,21.52
2025-10-26 09:40:59,006,WAC_006_201_83,96,0.16,7,0.745,0.3024,21.58
2025-10-26 09:51:02,006,WAC_006_201_83,53,0.088,10,0.883,0.324,21.65
2025-10-26 10:01:05,006,WAC_006_201_83,35,0.058,11,0.926,0.2772,21.69
2025-10-26 10:11:08,006,WAC_006_201_83,18,0.03,11,0.961,0.27,21.74
2025-10-26 10:21:10,006,WAC_006_201_83,40,0.067,12,0.923,0.9288,21.77
2025-10-26 10:31:14,006,WAC_006_201_83,0,0.0,14,1.0,0.8352,21.77
2025-10-26 10:41:17,006,WAC_006_201_83,0,0.0,14,1.0,0.8208,21.74
2025-10-26 10:51:19,006,WAC_006_201_83,0,0.0,14,1.0,0.8784,21.7
2025-10-26 11:01:22,006,WAC_006_201_83,0,0.0,14,1.0,0.828,21.67
2025-10-26 11:11:26,006,WAC_006_201_83,0,0.0,14,1.0,0.81,21.65
2025-10-26 11:21:28,006,WAC_006_201_83,0,0.0,14,1.0,0.7992,21.62
2025-10-26 11:31:31,006,WAC_006_201_83,0,0.0,14,1.0,0.846,21.6
2025-10-26 11:41:34,006,WAC_006_201_83,0,0.0,14,1.0,0.8388,21.59
2025-10-26 11:51:37,006,WAC_006_201_83,0,0.0,14,1.0,0.828,21.58
2025-10-26 12:01:40,006,WAC_006_201_83,0,0.0,14,1.0,0.8388,21.57
2025-10-26 12:11:59,006,WAC_006_201_83,0,0.0,14,1.0,0.8424,21.58
2025-10-26 12:22:01,006,WAC_006_201_83,0,0.0,14,1.0,0.828,21.55
2025-10-26 12:32:05,006,WAC_006_201_83,0,0.0,14,1.0,0.8424,21.52
2025-10-26 12:42:07,006,WAC_006_201_83,0,0.0,14,1.0,0.8496,21.5
2025-10-26 12:52:10,006,WAC_006_201_83,0,0.0,14,1.0,0.8928,21.51
2025-10-26 13:02:13,006,WAC_006_201_83,0,0.0,14,1.0,0.9288,21.5
2025-10-26 13:12:16,006,WAC_006_201_83,41,0.068,12,0.921,0.3708,21.96
2025-10-26 13:22:18,006,WAC_006_201_83,28,0.047,10,0.935,0.3492,21.67
2025-10-26 13:32:21,006,WAC_006_201_83,3,0.005,14,0.995,0.3996,21.62
2025-10-26 13:42:24,006,WAC_006_201_83,0,0.0,14,1.0,0.3888,21.56
2025-10-26 13:52:27,006,WAC_006_201_83,0,0.0,14,1.0,0.3888,21.54
2025-10-26 14:02:30,006,WAC_006_201_83,0,0.0,14,1.0,0.3888,21.52
2025-10-26 14:12:33,006,WAC_006_201_83,0,0.0,14,1.0,0.4212,21.5
2025-10-26 14:22:36,006,WAC_006_201_83,0,0.0,14,1.0,0.4212,21.49
2025-10-26 14:32:39,006,WAC_006_201_83,0,0.0,14,1.0,0.4176,21.48
2025-10-26 14:42:42,006,WAC_006_201_83,0,0.0,14,1.0,0.4176,21.48
2025-10-26 14:52:45,006,WAC_006_201_83,0,0.0,14,1.0,0.4212,21.47
2025-10-26 15:02:48,006,WAC_006_201_83,0,0.0,14,1.0,0.4176,21.47
2025-10-26 15:12:51,006,WAC_006_201_83,0,0.0,14,1.0,0.4248,21.46
2025-10-26 15:22:53,006,WAC_006_201_83,0,0.0,14,1.0,0.4176,21.48
2025-10-26 15:32:57,006,WAC_006_201_83,0,0.0,14,1.0,0.4176,21.47
2025-10-26 15:42:59,006,WAC_006_201_83,0,0.0,14,1.0,0.396,21.47
2025-10-26 15:53:02,006,WAC_006_201_83,0,0.0,14,1.0,0.4176,21.48
2025-10-26 16:03:04,006,WAC_006_201_83,1,0.002,14,0.998,0.4212,21.59
2025-10-26 16:13:28,006,WAC_006_201_83,22,0.037,13,0.959,0.4752,21.64
2025-10-26 16:23:31,006,WAC_006_201_83,0,0.0,14,1.0,0.4464,21.61
2025-10-26 16:33:34,006,WAC_006_201_83,0,0.0,14,1.0,0.4464,21.57
2025-10-26 16:43:38,006,WAC_006_201_83,0,0.0,14,1.0,0.4464,21.55
2025-10-26 16:53:41,006,WAC_006_201_83,0,0.0,14,1.0,0.45,21.53
2025-10-26 17:03:44,006,WAC_006_201_83,0,0.0,14,1.0,0.45,21.5
2025-10-26 17:13:47,006,WAC_006_201_83,0,0.0,14,1.0,0.45,21.48
2025-10-26 17:23:49,006,WAC_006_201_83,0,0.0,14,1.0,0.4392,21.48
2025-10-26 17:33:52,006,WAC_006_201_83,0,0.0,14,1.0,0.4572,21.52
2025-10-26 17:43:55,006,WAC_006_201_83,8,0.013,13,0.985,0.3924,21.59
2025-10-26 17:53:58,006,WAC_006_201_83,16,0.027,13,0.97,0.3024,21.6
2025-10-26 18:04:01,006,WAC_006_201_83,0,0.0,14,1.0,0.0,21.59
2025-10-26 18:14:04,006,WAC_006_201_83,4,0.007,13,0.992,0.0,21.61
2025-10-26 18:24:07,006,WAC_006_201_83,140,0.233,6,0.632,0.0,21.77
2025-10-26 18:34:10,006,WAC_006_201_83,25,0.042,11,0.946,0.0,21.75
2025-10-26 18:44:13,006,WAC_006_201_83,31,0.052,12,0.939,0.0,21.75
2025-10-26 18:54:16,006,WAC_006_201_83,50,0.083,8,0.865,0.0,21.81
2025-10-26 19:04:19,006,WAC_006_201_83,66,0.11,8,0.829,0.0,21.83
2025-10-26 19:14:21,006,WAC_006_201_83,0,0.0,14,1.0,0.0,21.84
2025-10-26 19:24:24,006,WAC_006_201_83,40,0.067,11,0.917,0.0,21.86
2025-10-26 19:34:27,006,WAC_006_201_83,87,0.145,11,0.835,0.0,21.89
2025-10-26 19:44:30,006,WAC_006_201_83,150,0.25,5,0.571,0.0,21.89
2025-10-26 19:54:33,006,WAC_006_201_83,131,0.218,5,0.604,0.0,21.92
2025-10-26 20:04:36,006,WAC_006_201_83,90,0.15,7,0.757,0.0,21.9
2025-10-26 20:14:58,006,WAC_006_201_83,60,0.1,10,0.87,0.0,21.91
2025-10-26 20:25:01,006,WAC_006_201_83,15,0.025,13,0.972,0.0,21.84
2025-10-26 20:35:03,006,WAC_006_201_83,92,0.153,7,0.753,0.0,21.83
2025-10-26 20:45:06,006,WAC_006_201_83,167,0.278,6,0.59,0.0,21.86
2025-10-26 20:55:09,006,WAC_006_201_83,165,0.275,5,0.548,0.0,21.9
2025-10-26 21:05:12,006,WAC_006_201_83,163,0.271,6,0.596,0.0,21.92
2025-10-26 21:15:14,006,WAC_006_201_83,23,0.038,11,0.95,0.0,21.86
2025-10-26 21:25:17,006,WAC_006_201_83,81,0.135,7,0.776,0.0,21.88
2025-10-26 21:35:20,006,WAC_006_201_83,68,0.113,6,0.779,0.0,21.82
2025-10-26 21:45:23,006,WAC_006_201_83,0,0.0,14,1.0,0.0,21.78
2025-10-26 21:55:25,006,WAC_006_201_83,93,0.155,9,0.795,0.0,21.82
2025-10-26 22:05:29,006,WAC_006_201_83,85,0.141,9,0.809,0.0,21.8
2025-10-26 22:15:32,006,WAC_006_201_83,238,0.396,3,0.335,0.0,21.84
2025-10-26 22:25:35,006,WAC_006_201_83,142,0.236,3,0.458,0.0,21.9
2025-10-26 22:35:37,006,WAC_006_201_83,51,0.085,11,0.896,0.0,21.81
2025-10-26 22:45:41,006,WAC_006_201_83,142,0.236,4,0.53,0.0,21.94
2025-10-26 22:55:44,006,WAC_006_201_83,25,0.042,12,0.95,0.0,21.95
2025-10-26 23:05:46,006,WAC_006_201_83,0,0.0,14,1.0,0.0,21.91
2025-10-26 23:15:49,006,WAC_006_201_83,0,0.0,14,1.0,0.0,21.85
2025-10-26 23:25:52,006,WAC_006_201_83,0,0.0,14,1.0,0.0,21.79
2025-10-26 23:35:55,006,WAC_006_201_83,3,0.005,14,0.995,0.0,21.77
2025-10-26 23:45:58,006,WAC_006_201_83,21,0.035,12,0.958,0.0,21.86
2025-10-26 23:56:00,006,WAC_006_201_83,20,0.033,12,0.96,0.0,21.86
2025-10-25 00:07:45,004,WAC_006_201_84,230,0.383,4,0.41,0.0,21.7
2025-10-25 00:17:47,004,WAC_006_201_84,150,0.25,5,0.571,0.0,21.68
2025-10-25 00:27:49,004,WAC_006_201_84,298,0.497,1,0.118,0.0,21.72
2025-10-25 00:37:52,004,WAC_006_201_84,97,0.161,9,0.788,0.0,21.68
2025-10-25 00:47:55,004,WAC_006_201_84,0,0.0,15,1.0,0.0,21.59
2025-10-25 00:57:57,004,WAC_006_201_84,0,0.0,15,1.0,0.0,21.51
2025-10-25 01:07:59,004,WAC_006_201_84,0,0.0,15,1.0,0.0,21.46
2025-10-25 01:18:02,004,WAC_006_201_84,2,0.003,14,0.996,0.0,21.4
2025-10-25 01:28:04,004,WAC_006_201_84,4,0.007,14,0.993,0.0,21.37
2025-10-25 01:38:06,004,WAC_006_201_84,0,0.0,15,1.0,0.0,21.34
2025-10-25 01:48:08,004,WAC_006_201_84,0,0.0,15,1.0,0.0,21.32
2025-10-25 01:58:11,004,WAC_006_201_84,0,0.0,15,1.0,0.0,21.31
2025-10-25 02:08:14,004,WAC_006_201_84,0,0.0,15,1.0,0.0,21.31
2025-10-25 02:18:16,004,WAC_006_201_84,0,0.0,15,1.0,0.0,21.32
2025-10-25 02:28:18,004,WAC_006_201_84,0,0.0,15,1.0,0.0,21.34
2025-10-25 02:38:21,004,WAC_006_201_84,0,0.0,15,1.0,0.0,21.36
2025-10-25 02:48:23,004,WAC_006_201_84,34,0.057,12,0.934,0.0,21.4
2025-10-25 02:58:26,004,WAC_006_201_84,0,0.0,15,1.0,0.0,21.43
2025-10-25 03:08:28,004,WAC_006_201_84,116,0.193,9,0.756,0.0,21.49
2025-10-25 03:18:31,004,WAC_006_201_84,117,0.195,9,0.755,0.0,21.55
2025-10-25 03:28:33,004,WAC_006_201_84,143,0.238,6,0.627,0.0,21.59
2025-10-25 03:38:36,004,WAC_006_201_84,69,0.115,11,0.864,0.0,21.59
2025-10-25 03:48:38,004,WAC_006_201_84,228,0.379,2,0.26,0.0,21.63
2025-10-25 03:59:06,004,WAC_006_201_84,394,0.66,1,0.092,0.0,21.77
2025-10-25 04:09:09,004,WAC_006_201_84,195,0.324,6,0.552,0.0,21.7
2025-10-25 04:19:12,004,WAC_006_201_84,133,0.222,7,0.678,0.0,21.67
2025-10-25 04:29:15,004,WAC_006_201_84,165,0.275,6,0.593,0.0,21.63
2025-10-25 04:39:17,004,WAC_006_201_84,132,0.22,8,0.708,0.0,21.61
2025-10-25 04:49:19,004,WAC_006_201_84,38,0.063,11,0.921,0.0,21.57
2025-10-25 04:59:22,004,WAC_006_201_84,295,0.492,4,0.352,0.0,21.63
2025-10-25 05:09:25,004,WAC_006_201_84,245,0.408,6,0.495,0.0,21.69
2025-10-25 05:19:27,004,WAC_006_201_84,108,0.18,9,0.769,0.0,21.64
2025-10-25 05:29:30,004,WAC_006_201_84,2,0.003,14,0.996,0.0,21.57
2025-10-25 05:39:32,004,WAC_006_201_84,1,0.002,14,0.998,0.0,21.51
2025-10-25 05:49:35,004,WAC_006_201_84,0,0.0,15,1.0,0.0,21.46
2025-10-25 05:59:37,004,WAC_006_201_84,0,0.0,15,1.0,0.0,21.45
2025-10-25 06:09:39,004,WAC_006_201_84,0,0.0,15,1.0,0.4032,21.42
2025-10-25 06:19:41,004,WAC_006_201_84,0,0.0,15,1.0,0.4032,21.41
2025-10-25 06:29:44,004,WAC_006_201_84,0,0.0,15,1.0,0.396,21.4
2025-10-25 06:39:47,004,WAC_006_201_84,0,0.0,15,1.0,0.3888,21.39
2025-10-25 06:49:49,004,WAC_006_201_84,0,0.0,15,1.0,0.4032,21.39
2025-10-25 06:59:52,004,WAC_006_201_84,12,0.02,14,0.979,0.3816,21.38
2025-10-25 07:09:54,004,WAC_006_201_84,20,0.033,12,0.96,0.3672,21.41
2025-10-25 07:19:56,004,WAC_006_201_84,102,0.17,8,0.758,0.4068,21.48
2025-10-25 07:29:59,004,WAC_006_201_84,57,0.095,8,0.849,0.4032,21.49
2025-10-25 07:40:01,004,WAC_006_201_84,88,0.147,11,0.833,0.3672,21.49
2025-10-25 07:50:04,004,WAC_006_201_84,1,0.002,15,0.998,0.3528,21.47
2025-10-25 08:00:51,004,WAC_006_201_84,0,0.0,15,1.0,0.3816,21.54
2025-10-25 08:10:54,004,WAC_006_201_84,0,0.0,15,1.0,0.414,21.48
2025-10-25 08:20:56,004,WAC_006_201_84,0,0.0,15,1.0,0.3672,21.46
2025-10-25 08:30:58,004,WAC_006_201_84,0,0.0,15,1.0,0.36,21.42
2025-10-25 08:41:01,004,WAC_006_201_84,0,0.0,15,1.0,0.3708,21.41
2025-10-25 08:51:03,004,WAC_006_201_84,0,0.0,15,1.0,0.4608,21.4
2025-10-25 09:01:06,004,WAC_006_201_84,0,0.0,15,1.0,0.3528,21.39
2025-10-25 09:11:09,004,WAC_006_201_84,0,0.0,15,1.0,0.3816,21.37
2025-10-25 09:21:11,004,WAC_006_201_84,0,0.0,15,1.0,0.3744,21.36
2025-10-25 09:31:14,004,WAC_006_201_84,0,0.0,15,1.0,0.3636,21.35
2025-10-25 09:41:17,004,WAC_006_201_84,0,0.0,15,1.0,0.3816,21.36
2025-10-25 09:51:19,004,WAC_006_201_84,0,0.0,15,1.0,0.378,21.35
2025-10-25 10:01:22,004,WAC_006_201_84,0,0.0,15,1.0,0.3816,21.38
2025-10-25 10:11:25,004,WAC_006_201_84,0,0.0,15,1.0,0.396,21.36
2025-10-25 10:21:27,004,WAC_006_201_84,0,0.0,15,1.0,0.3816,21.35
2025-10-25 10:31:30,004,WAC_006_201_84,77,0.128,9,0.824,0.504,21.38
2025-10-25 10:41:32,004,WAC_006_201_84,103,0.171,9,0.778,0.4428,21.54
2025-10-25 10:51:35,004,WAC_006_201_84,0,0.0,15,1.0,0.432,21.57
2025-10-25 11:01:37,004,WAC_006_201_84,0,0.0,15,1.0,0.4104,21.57
2025-10-25 11:11:40,004,WAC_006_201_84,0,0.0,15,1.0,0.3816,21.57
2025-10-25 11:21:42,004,WAC_006_201_84,0,0.0,15,1.0,0.3816,21.58
2025-10-25 11:31:45,004,WAC_006_201_84,0,0.0,15,1.0,0.3888,21.59
2025-10-25 11:41:48,004,WAC_006_201_84,0,0.0,15,1.0,0.3888,21.6
2025-10-25 11:51:50,004,WAC_006_201_84,0,0.0,15,1.0,0.3816,21.59
2025-10-25 12:02:03,004,WAC_006_201_84,1,0.002,15,0.998,0.3816,21.61
2025-10-25 12:12:06,004,WAC_006_201_84,0,0.0,15,1.0,0.3852,21.59
2025-10-25 12:22:09,004,WAC_006_201_84,0,0.0,15,1.0,0.3852,21.58
2025-10-25 12:32:11,004,WAC_006_201_84,0,0.0,15,1.0,0.3816,21.58
2025-10-25 12:42:13,004,WAC_006_201_84,0,0.0,15,1.0,0.3852,21.58
2025-10-25 12:52:15,004,WAC_006_201_84,0,0.0,15,1.0,0.3744,21.59
2025-10-25 13:02:17,004,WAC_006_201_84,0,0.0,15,1.0,0.396,21.61
2025-10-25 13:12:20,004,WAC_006_201_84,0,0.0,15,1.0,0.396,21.61
2025-10-25 13:22:23,004,WAC_006_201_84,0,0.0,15,1.0,0.396,21.62
2025-10-25 13:32:25,004,WAC_006_201_84,0,0.0,15,1.0,0.3744,21.59
2025-10-25 13:42:28,004,WAC_006_201_84,0,0.0,15,1.0,0.3744,21.56
2025-10-25 13:52:30,004,WAC_006_201_84,13,0.022,13,0.976,0.3744,21.6
2025-10-25 14:02:33,004,WAC_006_201_84,0,0.0,15,1.0,0.3924,21.61
2025-10-25 14:12:35,004,WAC_006_201_84,0,0.0,15,1.0,0.396,21.58
2025-10-25 14:22:37,004,WAC_006_201_84,0,0.0,15,1.0,0.3528,21.54
2025-10-25 14:32:40,004,WAC_006_201_84,0,0.0,15,1.0,0.3744,21.52
2025-10-25 14:42:42,004,WAC_006_201_84,0,0.0,15,1.0,0.3672,21.5
2025-10-25 14:52:45,004,WAC_006_201_84,0,0.0,15,1.0,0.36,21.48
2025-10-25 15:02:47,004,WAC_006_201_84,0,0.0,15,1.0,0.3672,21.49
2025-10-25 15:12:49,004,WAC_006_201_84,0,0.0,15,1.0,0.3384,21.48
2025-10-25 15:22:52,004,WAC_006_201_84,0,0.0,15,1.0,0.3528,21.46
2025-10-25 15:32:55,004,WAC_006_201_84,0,0.0,15,1.0,0.3528,21.45
2025-10-25 15:42:57,004,WAC_006_201_84,0,0.0,15,1.0,0.3384,21.43
2025-10-25 15:53:00,004,WAC_006_201_84,0,0.0,15,1.0,0.342,21.43
2025-10-25 16:03:23,004,WAC_006_201_84,0,0.0,15,1.0,0.3384,21.47
2025-10-25 16:13:25,004,WAC_006_201_84,3,0.005,14,0.995,0.3312,21.48
2025-10-25 16:23:28,004,WAC_006_201_84,11,0.018,12,0.978,0.3312,21.49
2025-10-25 16:33:31,004,WAC_006_201_84,24,0.04,13,0.956,0.3636,21.5
2025-10-25 16:43:33,004,WAC_006_201_84,0,0.0,15,1.0,0.3312,21.5
2025-10-25 16:53:35,004,WAC_006_201_84,0,0.0,15,1.0,0.3384,21.48
2025-10-25 17:03:38,004,WAC_006_201_84,0,0.0,15,1.0,0.3384,21.47
2025-10-25 17:13:41,004,WAC_006_201_84,0,0.0,15,1.0,0.3348,21.47
2025-10-25 17:23:43,004,WAC_006_201_84,0,0.0,15,1.0,0.3312,21.44
2025-10-25 17:33:46,004,WAC_006_201_84,0,0.0,15,1.0,0.3348,21.43
2025-10-25 17:43:49,004,WAC_006_201_84,0,0.0,15,1.0,0.324,21.47
2025-10-25 17:53:51,004,WAC_006_201_84,37,0.062,13,0.934,0.3312,21.54
2025-10-25 18:03:54,004,WAC_006_201_84,114,0.19,9,0.759,0.0,21.64
2025-10-25 18:13:57,004,WAC_006_201_84,165,0.275,6,0.593,0.0,21.71
2025-10-25 18:23:59,004,WAC_006_201_84,67,0.112,9,0.843,0.0,21.69
2025-10-25 18:34:01,004,WAC_006_201_84,83,0.138,10,0.828,0.0,21.72
2025-10-25 18:44:04,004,WAC_006_201_84,72,0.12,8,0.816,0.0,21.73
2025-10-25 18:54:06,004,WAC_006_201_84,39,0.065,11,0.919,0.0,21.71
2025-10-25 19:04:08,004,WAC_006_201_84,80,0.133,7,0.778,0.0,21.73
2025-10-25 19:14:10,004,WAC_006_201_84,67,0.112,8,0.827,0.0,21.76
2025-10-25 19:24:13,004,WAC_006_201_84,48,0.08,11,0.902,0.0,21.74
2025-10-25 19:34:16,004,WAC_006_201_84,153,0.255,6,0.611,0.0,21.76
2025-10-25 19:44:19,004,WAC_006_201_84,3,0.005,13,0.994,0.0,21.73
2025-10-25 19:54:21,004,WAC_006_201_84,0,0.0,15,1.0,0.0,21.72
2025-10-25 20:04:41,004,WAC_006_201_84,0,0.0,15,1.0,0.0,21.73
2025-10-25 20:14:43,004,WAC_006_201_84,0,0.0,15,1.0,0.0,21.7
2025-10-25 20:24:45,004,WAC_006_201_84,0,0.0,15,1.0,0.0,21.69
2025-10-25 20:34:48,004,WAC_006_201_84,0,0.0,15,1.0,0.0,21.67
2025-10-25 20:44:50,004,WAC_006_201_84,1,0.002,14,0.998,0.0,21.69
2025-10-25 20:54:53,004,WAC_006_201_84,129,0.215,3,0.482,0.0,21.78
2025-10-25 21:04:55,004,WAC_006_201_84,18,0.03,12,0.964,0.0,21.79
2025-10-25 21:14:57,004,WAC_006_201_84,94,0.156,7,0.749,0.0,21.83
2025-10-25 21:25:00,004,WAC_006_201_84,73,0.121,9,0.831,0.0,21.82
2025-10-25 21:35:02,004,WAC_006_201_84,66,0.11,8,0.829,0.0,21.83
2025-10-25 21:45:05,004,WAC_006_201_84,21,0.035,13,0.961,0.0,21.82
2025-10-25 21:55:07,004,WAC_006_201_84,126,0.21,7,0.69,0.0,21.84
2025-10-25 22:05:09,004,WAC_006_201_84,61,0.101,10,0.868,0.0,21.83
2025-10-25 22:15:12,004,WAC_006_201_84,64,0.107,9,0.849,0.0,21.85
2025-10-25 22:25:14,004,WAC_006_201_84,26,0.043,11,0.944,0.0,21.84
2025-10-25 22:35:17,004,WAC_006_201_84,76,0.126,8,0.808,0.0,21.87
2025-10-25 22:45:20,004,WAC_006_201_84,110,0.183,6,0.686,0.0,21.89
2025-10-25 22:55:22,004,WAC_006_201_84,39,0.065,11,0.919,0.0,21.88
2025-10-25 23:05:25,004,WAC_006_201_84,82,0.136,8,0.796,0.0,21.89
2025-10-25 23:15:28,004,WAC_006_201_84,48,0.08,12,0.909,0.0,21.83
2025-10-25 23:25:30,004,WAC_006_201_84,97,0.161,7,0.743,0.0,21.84
2025-10-25 23:35:33,004,WAC_006_201_84,62,0.103,9,0.853,0.0,21.8
2025-10-25 23:45:35,004,WAC_006_201_84,19,0.032,12,0.962,0.0,21.74
2025-10-25 23:55:37,004,WAC_006_201_84,148,0.246,4,0.519,0.0,21.77
2025-10-26 00:05:50,004,WAC_006_201_84,2,0.003,15,0.997,0.0,21.73
2025-10-26 00:15:52,004,WAC_006_201_84,33,0.055,12,0.936,0.0,21.73
2025-10-26 00:25:55,004,WAC_006_201_84,47,0.078,10,0.895,0.0,21.7
2025-10-26 00:35:58,004,WAC_006_201_84,0,0.0,15,1.0,0.0,21.69
2025-10-26 00:46:00,004,WAC_006_201_84,0,0.0,15,1.0,0.0,21.66
2025-10-26 00:56:03,004,WAC_006_201_84,0,0.0,15,1.0,0.0,21.63
2025-10-26 01:06:05,004,WAC_006_201_84,0,0.0,15,1.0,0.0,21.61
2025-10-26 01:16:08,004,WAC_006_201_84,0,0.0,15,1.0,0.0,21.59
2025-10-26 01:26:10,004,WAC_006_201_84,0,0.0,15,1.0,0.0,21.56
2025-10-26 01:36:13,004,WAC_006_201_84,0,0.0,15,1.0,0.0,21.56
2025-10-26 01:46:15,004,WAC_006_201_84,0,0.0,15,1.0,0.0,21.53
2025-10-26 01:56:18,004,WAC_006_201_84,0,0.0,15,1.0,0.0,21.55
2025-10-26 02:06:20,004,WAC_006_201_84,0,0.0,15,1.0,0.0,21.58
2025-10-26 02:16:23,004,WAC_006_201_84,17,0.028,13,0.968,0.0,21.65
2025-10-26 02:26:26,004,WAC_006_201_84,22,0.037,14,0.962,0.0,21.69
2025-10-26 02:36:28,004,WAC_006_201_84,32,0.053,13,0.942,0.0,21.7
2025-10-26 02:46:31,004,WAC_006_201_84,117,0.195,7,0.705,0.0,21.74
2025-10-26 02:56:33,004,WAC_006_201_84,56,0.093,9,0.865,0.0,21.76
2025-10-26 03:06:35,004,WAC_006_201_84,3,0.005,14,0.995,0.0,21.8
2025-10-26 03:16:39,004,WAC_006_201_84,21,0.035,13,0.961,0.0,21.78
2025-10-26 03:26:41,004,WAC_006_201_84,60,0.1,8,0.842,0.0,21.79
2025-10-26 03:36:44,004,WAC_006_201_84,31,0.052,11,0.934,0.0,21.76
2025-10-26 03:46:46,004,WAC_006_201_84,19,0.032,11,0.959,0.0,21.72
2025-10-26 03:56:49,004,WAC_006_201_84,75,0.125,10,0.842,0.0,21.69
2025-10-26 04:07:04,004,WAC_006_201_84,69,0.115,11,0.864,0.0,21.7
2025-10-26 04:17:06,004,WAC_006_201_84,59,0.098,11,0.882,0.0,21.69
2025-10-26 04:27:09,004,WAC_006_201_84,24,0.04,10,0.943,0.0,21.66
2025-10-26 04:37:11,004,WAC_006_201_84,0,0.0,15,1.0,0.0,21.64
2025-10-26 04:47:14,004,WAC_006_201_84,0,0.0,15,1.0,0.0,21.62
2025-10-26 04:57:16,004,WAC_006_201_84,0,0.0,15,1.0,0.0,21.59
2025-10-26 05:07:19,004,WAC_006_201_84,0,0.0,15,1.0,0.0,21.57
2025-10-26 05:17:22,004,WAC_006_201_84,0,0.0,15,1.0,0.0,21.58
2025-10-26 05:27:24,004,WAC_006_201_84,14,0.023,13,0.974,0.0,21.66
2025-10-26 05:37:26,004,WAC_006_201_84,24,0.04,11,0.948,0.0,21.68
2025-10-26 05:47:29,004,WAC_006_201_84,144,0.24,6,0.625,0.0,21.72
2025-10-26 05:57:31,004,WAC_006_201_84,179,0.298,5,0.528,0.0,21.79
2025-10-26 06:07:34,004,WAC_006_201_84,24,0.04,11,0.948,0.3744,21.78
2025-10-26 06:17:36,004,WAC_006_201_84,58,0.097,10,0.873,0.2808,21.77
2025-10-26 06:27:38,004,WAC_006_201_84,48,0.08,12,0.909,0.3312,21.75
2025-10-26 06:37:41,004,WAC_006_201_84,112,0.187,9,0.763,0.3384,21.86
2025-10-26 06:47:43,004,WAC_006_201_84,19,0.032,12,0.962,0.4104,21.74
2025-10-26 06:57:46,004,WAC_006_201_84,0,0.0,15,1.0,0.4212,21.68
2025-10-26 07:07:48,004,WAC_006_201_84,0,0.0,15,1.0,0.414,21.64
2025-10-26 07:17:51,004,WAC_006_201_84,0,0.0,15,1.0,0.414,21.6
2025-10-26 07:27:53,004,WAC_006_201_84,0,0.0,15,1.0,0.4032,21.57
2025-10-26 07:37:55,004,WAC_006_201_84,0,0.0,15,1.0,0.4032,21.55
2025-10-26 07:47:57,004,WAC_006_201_84,0,0.0,15,1.0,0.4104,21.54
2025-10-26 07:58:00,004,WAC_006_201_84,0,0.0,15,1.0,0.4104,21.53
2025-10-26 08:08:12,004,WAC_006_201_84,0,0.0,15,1.0,0.4104,21.53
2025-10-26 08:18:15,004,WAC_006_201_84,0,0.0,15,1.0,0.4176,21.52
2025-10-26 08:28:18,004,WAC_006_201_84,0,0.0,15,1.0,0.4176,21.5
2025-10-26 08:38:21,004,WAC_006_201_84,0,0.0,15,1.0,0.4284,21.5
2025-10-26 08:48:23,004,WAC_006_201_84,0,0.0,15,1.0,0.4176,21.49
2025-10-26 08:58:26,004,WAC_006_201_84,0,0.0,15,1.0,0.4176,21.48
2025-10-26 09:08:28,004,WAC_006_201_84,0,0.0,15,1.0,0.4176,21.48
2025-10-26 09:18:30,004,WAC_006_201_84,0,0.0,15,1.0,0.4176,21.49
2025-10-26 09:28:33,004,WAC_006_201_84,0,0.0,15,1.0,0.4212,21.49
2025-10-26 09:38:36,004,WAC_006_201_84,0,0.0,15,1.0,0.4212,21.49
2025-10-26 09:48:38,004,WAC_006_201_84,0,0.0,15,1.0,0.4212,21.49
2025-10-26 09:58:41,004,WAC_006_201_84,2,0.003,15,0.997,0.4104,21.51
2025-10-26 10:08:43,004,WAC_006_201_84,1,0.002,15,0.998,0.4464,21.57
2025-10-26 10:18:45,004,WAC_006_201_84,16,0.027,13,0.97,0.432,21.59
2025-10-26 10:28:48,004,WAC_006_201_84,0,0.0,15,1.0,0.4248,21.63
2025-10-26 10:38:50,004,WAC_006_201_84,0,0.0,15,1.0,0.4248,21.64
2025-10-26 10:48:53,004,WAC_006_201_84,0,0.0,15,1.0,0.4176,21.64
2025-10-26 10:58:56,004,WAC_006_201_84,0,0.0,15,1.0,0.4032,21.64
2025-10-26 11:08:59,004,WAC_006_201_84,0,0.0,15,1.0,0.4032,21.63
2025-10-26 11:19:02,004,WAC_006_201_84,0,0.0,15,1.0,0.4032,21.62
2025-10-26 11:29:04,004,WAC_006_201_84,0,0.0,15,1.0,0.414,21.62
2025-10-26 11:39:07,004,WAC_006_201_84,0,0.0,15,1.0,0.414,21.6
2025-10-26 11:49:09,004,WAC_006_201_84,0,0.0,15,1.0,0.4032,21.6
2025-10-26 11:59:12,004,WAC_006_201_84,0,0.0,15,1.0,0.4104,21.58
2025-10-26 12:09:36,004,WAC_006_201_84,0,0.0,15,1.0,0.4104,21.62
2025-10-26 12:19:38,004,WAC_006_201_84,0,0.0,15,1.0,0.4104,21.59
2025-10-26 12:29:40,004,WAC_006_201_84,0,0.0,15,1.0,0.4104,21.58
2025-10-26 12:39:43,004,WAC_006_201_84,0,0.0,15,1.0,0.4104,21.56
2025-10-26 12:49:45,004,WAC_006_201_84,15,0.025,13,0.972,0.396,21.56
2025-10-26 12:59:48,004,WAC_006_201_84,4,0.007,13,0.992,0.5184,21.56
2025-10-26 13:09:50,004,WAC_006_201_84,0,0.0,15,1.0,0.4968,21.54
2025-10-26 13:19:53,004,WAC_006_201_84,0,0.0,15,1.0,0.5148,21.51
2025-10-26 13:29:55,004,WAC_006_201_84,0,0.0,15,1.0,0.5076,21.5
2025-10-26 13:39:57,004,WAC_006_201_84,0,0.0,15,1.0,0.504,21.48
2025-10-26 13:50:00,004,WAC_006_201_84,0,0.0,15,1.0,0.504,21.47
2025-10-26 14:00:02,004,WAC_006_201_84,0,0.0,15,1.0,0.5112,21.46
2025-10-26 14:10:05,004,WAC_006_201_84,0,0.0,15,1.0,0.5184,21.46
2025-10-26 14:20:07,004,WAC_006_201_84,0,0.0,15,1.0,0.5472,21.46
2025-10-26 14:30:10,004,WAC_006_201_84,0,0.0,15,1.0,0.54,21.43
2025-10-26 14:40:13,004,WAC_006_201_84,0,0.0,15,1.0,0.5868,21.43
2025-10-26 14:50:16,004,WAC_006_201_84,0,0.0,15,1.0,0.5688,21.42
2025-10-26 15:00:18,004,WAC_006_201_84,0,0.0,15,1.0,0.576,21.4
2025-10-26 15:10:21,004,WAC_006_201_84,0,0.0,15,1.0,0.5832,21.39
2025-10-26 15:20:24,004,WAC_006_201_84,0,0.0,15,1.0,0.576,21.4
2025-10-26 15:30:27,004,WAC_006_201_84,0,0.0,15,1.0,0.5904,21.41
2025-10-26 15:40:29,004,WAC_006_201_84,0,0.0,15,1.0,0.5832,21.43
2025-10-26 15:50:32,004,WAC_006_201_84,19,0.032,13,0.965,0.5616,21.47
2025-10-26 16:00:34,004,WAC_006_201_84,42,0.07,11,0.913,0.4968,21.52
2025-10-26 16:11:03,004,WAC_006_201_84,24,0.04,12,0.952,0.3816,21.63
2025-10-26 16:21:06,004,WAC_006_201_84,0,0.0,15,1.0,0.5724,21.58
2025-10-26 16:31:08,004,WAC_006_201_84,0,0.0,15,1.0,0.5688,21.55
2025-10-26 16:41:11,004,WAC_006_201_84,0,0.0,15,1.0,0.5616,21.51
2025-10-26 16:51:13,004,WAC_006_201_84,0,0.0,15,1.0,0.576,21.5
2025-10-26 17:01:16,004,WAC_006_201_84,0,0.0,15,1.0,0.5544,21.48
2025-10-26 17:11:18,004,WAC_006_201_84,0,0.0,15,1.0,0.6264,21.45
2025-10-26 17:21:21,004,WAC_006_201_84,0,0.0,15,1.0,0.6264,21.44
2025-10-26 17:31:23,004,WAC_006_201_84,8,0.013,13,0.985,0.63,21.49
2025-10-26 17:41:26,004,WAC_006_201_84,23,0.038,12,0.954,0.5616,21.54
2025-10-26 17:51:28,004,WAC_006_201_84,8,0.013,14,0.986,0.5292,21.58
2025-10-26 18:01:30,004,WAC_006_201_84,3,0.005,14,0.995,0.0,21.58
2025-10-26 18:11:33,004,WAC_006_201_84,0,0.0,15,1.0,0.0,21.54
2025-10-26 18:21:36,004,WAC_006_201_84,0,0.0,15,1.0,0.0,21.52
2025-10-26 18:31:38,004,WAC_006_201_84,28,0.047,11,0.94,0.0,21.55
2025-10-26 18:41:41,004,WAC_006_201_84,40,0.067,11,0.917,0.0,21.6
2025-10-26 18:51:44,004,WAC_006_201_84,16,0.027,12,0.968,0.0,21.62
2025-10-26 19:01:47,004,WAC_006_201_84,91,0.152,9,0.798,0.0,21.69
2025-10-26 19:11:49,004,WAC_006_201_84,150,0.25,5,0.571,0.0,21.74
2025-10-26 19:21:52,004,WAC_006_201_84,79,0.132,9,0.82,0.0,21.75
2025-10-26 19:31:55,004,WAC_006_201_84,35,0.058,11,0.926,0.0,21.77
2025-10-26 19:41:57,004,WAC_006_201_84,158,0.263,5,0.559,0.0,21.83
2025-10-26 19:52:00,004,WAC_006_201_84,186,0.31,5,0.518,0.0,21.87
2025-10-26 20:02:02,004,WAC_006_201_84,38,0.063,8,0.894,0.0,21.88
2025-10-26 20:12:32,004,WAC_006_201_84,118,0.197,7,0.704,0.0,21.92
2025-10-26 20:22:35,004,WAC_006_201_84,56,0.093,11,0.887,0.0,21.85
2025-10-26 20:32:37,004,WAC_006_201_84,284,0.473,1,0.123,0.0,21.94
2025-10-26 20:42:40,004,WAC_006_201_84,62,0.103,9,0.853,0.0,21.9
2025-10-26 20:52:43,004,WAC_006_201_84,0,0.0,15,1.0,0.0,21.84
2025-10-26 21:02:45,004,WAC_006_201_84,0,0.0,15,1.0,0.0,21.78
2025-10-26 21:12:48,004,WAC_006_201_84,2,0.003,14,0.996,0.0,21.73
2025-10-26 21:22:51,004,WAC_006_201_84,10,0.017,12,0.98,0.0,21.7
2025-10-26 21:32:53,004,WAC_006_201_84,134,0.223,6,0.642,0.0,21.75
2025-10-26 21:42:56,004,WAC_006_201_84,36,0.06,11,0.924,0.0,21.75
2025-10-26 21:52:59,004,WAC_006_201_84,28,0.047,8,0.92,0.0,21.77
2025-10-26 22:03:01,004,WAC_006_201_84,44,0.073,11,0.909,0.0,21.75
2025-10-26 22:13:03,004,WAC_006_201_84,87,0.145,10,0.821,0.0,21.73
2025-10-26 22:23:06,004,WAC_006_201_84,125,0.208,4,0.561,0.0,21.8
2025-10-26 22:33:09,004,WAC_006_201_84,145,0.242,5,0.58,0.0,21.92
2025-10-26 22:43:12,004,WAC_006_201_84,81,0.135,7,0.776,0.0,22.24
2025-10-26 22:53:14,004,WAC_006_201_84,31,0.052,12,0.939,0.0,22.03
2025-10-26 23:03:17,004,WAC_006_201_84,112,0.187,8,0.741,0.0,22.31
2025-10-26 23:13:20,004,WAC_006_201_84,109,0.181,9,0.768,0.0,22.11
2025-10-26 23:23:22,004,WAC_006_201_84,82,0.136,7,0.773,0.0,22.19
2025-10-26 23:33:25,004,WAC_006_201_84,86,0.143,9,0.807,0.0,22.07
2025-10-26 23:43:27,004,WAC_006_201_84,88,0.146,7,0.761,0.0,22.24
2025-10-26 23:53:30,004,WAC_006_201_84,169,0.281,4,0.486,0.0,22.11
2025-11-01 00:02:34,002,WAC_006_203_6,0,0.0,14,1.0,0.0,21.28
2025-11-01 00:12:37,002,WAC_006_203_6,26,0.043,13,0.952,0.0,21.27
2025-11-01 00:22:40,002,WAC_006_203_6,92,0.153,8,0.777,0.0,21.38
2025-11-01 00:32:43,002,WAC_006_203_6,68,0.113,8,0.825,0.0,21.46
2025-11-01 00:42:46,002,WAC_006_203_6,103,0.171,4,0.608,0.0,21.57
2025-11-01 00:52:48,002,WAC_006_203_6,50,0.083,11,0.898,0.0,21.54
2025-11-01 01:02:51,002,WAC_006_203_6,0,0.0,14,1.0,0.0,21.48
2025-11-01 01:12:53,002,WAC_006_203_6,0,0.0,14,1.0,0.0,21.4
2025-11-01 01:22:57,002,WAC_006_203_6,0,0.0,14,1.0,0.0,21.32
2025-11-01 01:32:59,002,WAC_006_203_6,0,0.0,14,1.0,0.0,21.28
2025-11-01 01:43:01,002,WAC_006_203_6,0,0.0,14,1.0,0.0,21.24
2025-11-01 01:53:04,002,WAC_006_203_6,0,0.0,14,1.0,0.0,21.21
2025-11-01 02:03:07,002,WAC_006_203_6,62,0.103,9,0.853,0.0,21.23
2025-11-01 02:13:10,002,WAC_006_203_6,87,0.145,9,0.805,0.0,21.33
2025-11-01 02:23:13,002,WAC_006_203_6,97,0.161,4,0.623,0.0,21.43
2025-11-01 02:33:16,002,WAC_006_203_6,59,0.098,11,0.882,0.0,21.45
2025-11-01 02:43:19,002,WAC_006_203_6,6,0.01,14,0.989,0.0,21.4
2025-11-01 02:53:21,002,WAC_006_203_6,36,0.06,10,0.917,0.0,21.4
2025-11-01 03:03:24,002,WAC_006_203_6,79,0.131,8,0.802,0.0,21.42
2025-11-01 03:13:28,002,WAC_006_203_6,131,0.218,5,0.604,0.0,21.54
2025-11-01 03:23:30,002,WAC_006_203_6,124,0.206,7,0.693,0.0,21.6
2025-11-01 03:33:33,002,WAC_006_203_6,26,0.043,13,0.952,0.0,21.53
2025-11-01 03:43:36,002,WAC_006_203_6,79,0.132,6,0.752,0.0,21.53
2025-11-01 03:53:38,002,WAC_006_203_6,0,0.0,14,1.0,0.0,21.46
2025-11-01 04:03:53,002,WAC_006_203_6,28,0.047,12,0.945,0.0,21.42
2025-11-01 04:13:55,002,WAC_006_203_6,131,0.218,5,0.604,0.0,21.55
2025-11-01 04:23:58,002,WAC_006_203_6,85,0.141,6,0.738,0.0,21.57
2025-11-01 04:34:00,002,WAC_006_203_6,7,0.012,14,0.988,0.0,21.51
2025-11-01 04:44:04,002,WAC_006_203_6,62,0.103,8,0.838,0.0,21.46
2025-11-01 04:54:07,002,WAC_006_203_6,35,0.058,9,0.911,0.0,21.43
2025-11-01 05:04:10,002,WAC_006_203_6,39,0.065,11,0.919,0.0,21.41
2025-11-01 05:14:13,002,WAC_006_203_6,61,0.101,11,0.878,0.0,21.41
2025-11-01 05:24:16,002,WAC_006_203_6,3,0.005,14,0.995,0.0,21.36
2025-11-01 05:34:18,002,WAC_006_203_6,26,0.043,8,0.925,0.0,21.34
2025-11-01 05:44:21,002,WAC_006_203_6,0,0.0,14,1.0,0.0,21.3
2025-11-01 05:54:24,002,WAC_006_203_6,0,0.0,14,1.0,0.0,21.26
2025-11-01 06:04:27,002,WAC_006_203_6,0,0.0,14,1.0,1.368,21.24
2025-11-01 06:14:30,002,WAC_006_203_6,0,0.0,14,1.0,1.3608,21.23
2025-11-01 06:24:33,002,WAC_006_203_6,0,0.0,14,1.0,1.3608,21.23
2025-11-01 06:34:35,002,WAC_006_203_6,0,0.0,14,1.0,1.3536,21.22
2025-11-01 06:44:38,002,WAC_006_203_6,1,0.002,14,0.998,1.3536,21.21
2025-11-01 06:54:42,002,WAC_006_203_6,0,0.0,14,1.0,1.3464,21.21
2025-11-01 07:04:45,002,WAC_006_203_6,1,0.002,13,0.998,1.3464,21.21
2025-11-01 07:14:48,002,WAC_006_203_6,0,0.0,14,1.0,1.3572,21.21
2025-11-01 07:24:51,002,WAC_006_203_6,0,0.0,14,1.0,1.3464,21.22
2025-11-01 07:34:53,002,WAC_006_203_6,0,0.0,14,1.0,1.3464,21.22
2025-11-01 07:44:55,002,WAC_006_203_6,0,0.0,14,1.0,1.3464,21.23
2025-11-01 07:54:59,002,WAC_006_203_6,0,0.0,14,1.0,1.3464,21.21
2025-11-01 08:05:16,002,WAC_006_203_6,0,0.0,14,1.0,1.3536,21.27
2025-11-01 08:15:19,002,WAC_006_203_6,0,0.0,14,1.0,1.35,21.25
2025-11-01 08:25:21,002,WAC_006_203_6,0,0.0,14,1.0,1.3392,21.25
2025-11-01 08:35:24,002,WAC_006_203_6,0,0.0,14,1.0,1.3608,21.24
2025-11-01 08:45:27,002,WAC_006_203_6,0,0.0,14,1.0,1.3644,21.24
2025-11-01 08:55:29,002,WAC_006_203_6,1,0.002,13,0.998,1.332,21.23
2025-11-01 09:05:33,002,WAC_006_203_6,0,0.0,14,1.0,1.3392,21.22
2025-11-01 09:15:36,002,WAC_006_203_6,3,0.005,13,0.994,1.3248,21.22
2025-11-01 09:25:39,002,WAC_006_203_6,0,0.0,14,1.0,1.3284,21.22
2025-11-01 09:35:42,002,WAC_006_203_6,0,0.0,14,1.0,1.3248,21.22
2025-11-01 09:45:45,002,WAC_006_203_6,0,0.0,14,1.0,1.3248,21.21
2025-11-01 09:55:47,002,WAC_006_203_6,0,0.0,14,1.0,1.3248,21.22
2025-11-01 10:05:50,002,WAC_006_203_6,0,0.0,14,1.0,1.3284,21.23
2025-11-01 10:15:53,002,WAC_006_203_6,0,0.0,14,1.0,1.3248,21.22
2025-11-01 10:25:56,002,WAC_006_203_6,0,0.0,14,1.0,1.3284,21.23
2025-11-01 10:35:59,002,WAC_006_203_6,0,0.0,14,1.0,1.3248,21.24
2025-11-01 10:46:02,002,WAC_006_203_6,0,0.0,14,1.0,1.3392,21.25
2025-11-01 10:56:05,002,WAC_006_203_6,0,0.0,14,1.0,1.3464,21.25
2025-11-01 11:06:08,002,WAC_006_203_6,1,0.002,14,0.998,1.3248,21.28
2025-11-01 11:16:10,002,WAC_006_203_6,2,0.003,13,0.996,1.3284,21.31
2025-11-01 11:26:13,002,WAC_006_203_6,0,0.0,14,1.0,1.3248,21.32
2025-11-01 11:36:16,002,WAC_006_203_6,0,0.0,14,1.0,1.3248,21.32
2025-11-01 11:46:19,002,WAC_006_203_6,0,0.0,14,1.0,1.3248,21.32
2025-11-01 11:56:21,002,WAC_006_203_6,0,0.0,14,1.0,1.3248,21.33
2025-11-01 12:06:47,002,WAC_006_203_6,0,0.0,14,1.0,1.3248,21.4
2025-11-01 12:16:49,002,WAC_006_203_6,0,0.0,14,1.0,1.3248,21.37
2025-11-01 12:26:52,002,WAC_006_203_6,0,0.0,14,1.0,1.3248,21.37
2025-11-01 12:36:55,002,WAC_006_203_6,0,0.0,14,1.0,1.3248,21.37
2025-11-01 12:46:58,002,WAC_006_203_6,0,0.0,14,1.0,1.3248,21.35
2025-11-01 12:57:01,002,WAC_006_203_6,4,0.007,14,0.993,1.332,21.37
2025-11-01 13:07:03,002,WAC_006_203_6,0,0.0,14,1.0,1.332,21.36
2025-11-01 13:17:05,002,WAC_006_203_6,0,0.0,14,1.0,1.3536,21.38
2025-11-01 13:27:08,002,WAC_006_203_6,0,0.0,14,1.0,1.3536,21.37
2025-11-01 13:37:11,002,WAC_006_203_6,0,0.0,14,1.0,1.3536,21.36
2025-11-01 13:47:13,002,WAC_006_203_6,0,0.0,14,1.0,1.3428,21.37
2025-11-01 13:57:16,002,WAC_006_203_6,0,0.0,14,1.0,1.3428,21.36
2025-11-01 14:07:18,002,WAC_006_203_6,0,0.0,14,1.0,1.332,21.36
2025-11-01 14:17:21,002,WAC_006_203_6,0,0.0,14,1.0,1.3392,21.34
2025-11-01 14:27:24,002,WAC_006_203_6,0,0.0,14,1.0,1.3248,21.35
2025-11-01 14:37:27,002,WAC_006_203_6,0,0.0,14,1.0,1.332,21.36
2025-11-01 14:47:29,002,WAC_006_203_6,0,0.0,14,1.0,1.3392,21.36
2025-11-01 14:57:32,002,WAC_006_203_6,0,0.0,14,1.0,1.3536,21.35
2025-11-01 15:07:35,002,WAC_006_203_6,0,0.0,14,1.0,1.3536,21.35
2025-11-01 15:17:38,002,WAC_006_203_6,0,0.0,14,1.0,1.3536,21.36
2025-11-01 15:27:41,002,WAC_006_203_6,0,0.0,14,1.0,1.3536,21.36
2025-11-01 15:37:43,002,WAC_006_203_6,0,0.0,14,1.0,1.3536,21.36
2025-11-01 15:47:45,002,WAC_006_203_6,0,0.0,14,1.0,1.3428,21.37
2025-11-01 15:57:47,002,WAC_006_203_6,0,0.0,14,1.0,1.332,21.36
2025-11-01 16:08:16,002,WAC_006_203_6,0,0.0,14,1.0,1.3248,21.42
2025-11-01 16:18:18,002,WAC_006_203_6,0,0.0,14,1.0,1.332,21.39
2025-11-01 16:28:21,002,WAC_006_203_6,0,0.0,14,1.0,1.332,21.35
2025-11-01 16:38:24,002,WAC_006_203_6,0,0.0,14,1.0,1.332,21.33
2025-11-01 16:48:27,002,WAC_006_203_6,0,0.0,14,1.0,1.332,21.29
2025-11-01 16:58:30,002,WAC_006_203_6,0,0.0,14,1.0,1.3392,21.27
2025-11-01 17:08:32,002,WAC_006_203_6,0,0.0,14,1.0,1.3392,21.25
2025-11-01 17:18:36,002,WAC_006_203_6,0,0.0,14,1.0,1.3644,21.24
2025-11-01 17:28:39,002,WAC_006_203_6,0,0.0,14,1.0,1.3536,21.24
2025-11-01 17:38:42,002,WAC_006_203_6,1,0.002,14,0.998,1.332,21.24
2025-11-01 17:48:45,002,WAC_006_203_6,0,0.0,14,1.0,1.3392,21.24
2025-11-01 17:58:47,002,WAC_006_203_6,0,0.0,14,1.0,1.332,21.23
2025-11-01 18:08:50,002,WAC_006_203_6,13,0.022,13,0.976,0.0,21.22
2025-11-01 18:18:52,002,WAC_006_203_6,0,0.0,14,1.0,0.0,21.21
2025-11-01 18:28:55,002,WAC_006_203_6,0,0.0,14,1.0,0.0,21.19
2025-11-01 18:38:58,002,WAC_006_203_6,0,0.0,14,1.0,0.0,21.18
2025-11-01 18:49:00,002,WAC_006_203_6,0,0.0,14,1.0,0.0,21.17
2025-11-01 18:59:04,002,WAC_006_203_6,0,0.0,14,1.0,0.0,21.17
2025-11-01 19:09:06,002,WAC_006_203_6,1,0.002,14,0.998,0.0,21.17
2025-11-01 19:19:09,002,WAC_006_203_6,0,0.0,14,1.0,0.0,21.17
2025-11-01 19:29:12,002,WAC_006_203_6,0,0.0,14,1.0,0.0,21.15
2025-11-01 19:39:15,002,WAC_006_203_6,0,0.0,14,1.0,0.0,21.15
2025-11-01 19:49:18,002,WAC_006_203_6,59,0.098,8,0.844,0.0,21.2
2025-11-01 19:59:21,002,WAC_006_203_6,0,0.0,14,1.0,0.0,21.22
2025-11-01 20:09:40,002,WAC_006_203_6,26,0.043,11,0.944,0.0,21.3
2025-11-01 20:19:43,002,WAC_006_203_6,5,0.008,13,0.99,0.0,21.29
2025-11-01 20:29:46,002,WAC_006_203_6,0,0.0,14,1.0,0.0,21.26
2025-11-01 20:39:49,002,WAC_006_203_6,0,0.0,14,1.0,0.0,21.24
2025-11-01 20:49:53,002,WAC_006_203_6,0,0.0,14,1.0,0.0,21.23
2025-11-01 20:59:55,002,WAC_006_203_6,0,0.0,14,1.0,0.0,21.21
2025-11-01 21:09:58,002,WAC_006_203_6,167,0.278,3,0.418,0.0,21.4
2025-11-01 21:20:00,002,WAC_006_203_6,66,0.11,7,0.809,0.0,21.5
2025-11-01 21:30:03,002,WAC_006_203_6,71,0.118,7,0.798,0.0,21.58
2025-11-01 21:40:06,002,WAC_006_203_6,67,0.111,8,0.827,0.0,21.57
2025-11-01 21:50:09,002,WAC_006_203_6,65,0.108,9,0.847,0.0,21.54
2025-11-01 22:00:13,002,WAC_006_203_6,61,0.101,8,0.84,0.0,21.52
2025-11-01 22:10:15,002,WAC_006_203_6,38,0.063,11,0.921,0.0,21.48
2025-11-01 22:20:18,002,WAC_006_203_6,202,0.336,1,0.165,0.0,21.61
2025-11-01 22:30:20,002,WAC_006_203_6,35,0.058,9,0.911,0.0,21.57
2025-11-01 22:40:23,002,WAC_006_203_6,69,0.115,10,0.853,0.0,21.61
2025-11-01 22:50:26,002,WAC_006_203_6,171,0.285,1,0.19,0.0,21.75
2025-11-01 23:00:28,002,WAC_006_203_6,17,0.028,10,0.959,0.0,21.72
2025-11-01 23:10:30,002,WAC_006_203_6,9,0.015,11,0.98,0.0,21.62
2025-11-01 23:20:34,002,WAC_006_203_6,0,0.0,14,1.0,0.0,21.5
2025-11-01 23:30:36,002,WAC_006_203_6,10,0.017,13,0.981,0.0,21.42
2025-11-01 23:40:39,002,WAC_006_203_6,0,0.0,14,1.0,0.0,21.36
2025-11-01 23:50:42,002,WAC_006_203_6,0,0.0,14,1.0,0.0,21.3
2025-11-02 00:00:45,002,WAC_006_203_6,0,0.0,14,1.0,0.0,21.26
2025-11-02 00:11:07,002,WAC_006_203_6,51,0.085,8,0.863,0.0,21.32
2025-11-02 00:21:10,002,WAC_006_203_6,4,0.007,13,0.992,0.0,21.4
2025-11-02 00:31:13,002,WAC_006_203_6,54,0.09,10,0.881,0.0,21.47
2025-11-02 00:41:16,002,WAC_006_203_6,39,0.065,11,0.919,0.0,21.51
2025-11-02 00:51:19,002,WAC_006_203_6,36,0.06,11,0.924,0.0,21.48
2025-11-02 01:01:22,002,WAC_006_203_6,28,0.047,12,0.945,0.0,21.59
2025-11-02 01:11:25,002,WAC_006_203_6,9,0.015,13,0.983,0.0,21.49
2025-11-02 01:21:27,002,WAC_006_203_6,0,0.0,14,1.0,0.0,21.4
2025-11-02 01:31:30,002,WAC_006_203_6,0,0.0,14,1.0,0.0,21.34
2025-11-02 01:41:33,002,WAC_006_203_6,0,0.0,14,1.0,0.0,21.28
2025-11-02 01:51:36,002,WAC_006_203_6,0,0.0,14,1.0,0.0,21.24
2025-11-02 02:01:39,002,WAC_006_203_6,0,0.0,14,1.0,0.0,21.21
2025-11-02 02:11:41,002,WAC_006_203_6,0,0.0,14,1.0,0.0,21.18
2025-11-02 02:21:44,002,WAC_006_203_6,0,0.0,14,1.0,0.0,21.18
2025-11-02 02:31:46,002,WAC_006_203_6,10,0.017,13,0.981,0.0,21.18
2025-11-02 02:41:49,002,WAC_006_203_6,1,0.002,14,0.998,0.0,21.33
2025-11-02 02:51:52,002,WAC_006_203_6,65,0.108,7,0.812,0.0,21.33
2025-11-02 03:01:56,002,WAC_006_203_6,15,0.025,13,0.972,0.0,21.4
2025-11-02 03:11:59,002,WAC_006_203_6,56,0.093,8,0.851,0.0,21.47
2025-11-02 03:12:29,002,WAC_006_203_6,126,0.211,4,0.559,0.0,21.79
2025-11-02 03:22:01,002,WAC_006_203_6,51,0.085,10,0.887,0.0,21.51
2025-11-02 03:22:32,002,WAC_006_203_6,105,0.175,8,0.753,0.0,22.0
2025-11-02 03:32:04,002,WAC_006_203_6,21,0.035,11,0.954,0.0,21.52
2025-11-02 03:32:34,002,WAC_006_203_6,7,0.012,12,0.986,0.0,21.75
2025-11-02 03:42:07,002,WAC_006_203_6,125,0.208,3,0.49,0.0,21.68
2025-11-02 03:42:37,002,WAC_006_203_6,64,0.107,7,0.814,0.0,21.71
2025-11-02 03:52:09,002,WAC_006_203_6,157,0.261,5,0.56,0.0,21.76
2025-11-02 03:52:39,002,WAC_006_203_6,14,0.023,12,0.972,0.0,21.71
2025-11-02 04:02:12,002,WAC_006_203_6,137,0.228,5,0.593,0.0,21.68
2025-11-02 04:02:42,002,WAC_006_203_6,9,0.015,14,0.984,0.0,21.56
2025-11-02 04:12:44,002,WAC_006_203_6,0,0.0,14,1.0,0.0,21.45
2025-11-02 04:22:47,002,WAC_006_203_6,0,0.0,14,1.0,0.0,21.34
2025-11-02 04:32:50,002,WAC_006_203_6,0,0.0,14,1.0,0.0,21.27
2025-11-02 04:42:53,002,WAC_006_203_6,0,0.0,14,1.0,0.0,21.23
2025-11-02 04:52:55,002,WAC_006_203_6,0,0.0,14,1.0,0.0,21.2
2025-11-02 05:02:58,002,WAC_006_203_6,0,0.0,14,1.0,0.0,21.16
2025-11-02 05:13:00,002,WAC_006_203_6,0,0.0,14,1.0,0.0,21.14
2025-11-02 05:23:04,002,WAC_006_203_6,4,0.007,13,0.992,0.0,21.13
2025-11-02 05:33:07,002,WAC_006_203_6,0,0.0,14,1.0,0.0,21.12
2025-11-02 05:43:09,002,WAC_006_203_6,0,0.0,14,1.0,0.0,21.1
2025-11-02 05:53:12,002,WAC_006_203_6,0,0.0,14,1.0,0.0,21.09
2025-11-02 06:03:14,002,WAC_006_203_6,0,0.0,14,1.0,1.4616,21.08
2025-11-02 06:13:17,002,WAC_006_203_6,0,0.0,14,1.0,1.4544,21.09
2025-11-02 06:23:19,002,WAC_006_203_6,1,0.002,14,0.998,1.4472,21.1
2025-11-02 06:33:22,002,WAC_006_203_6,0,0.0,14,1.0,1.4472,21.1
2025-11-02 06:43:25,002,WAC_006_203_6,0,0.0,14,1.0,1.4472,21.13
2025-11-02 06:53:27,002,WAC_006_203_6,0,0.0,14,1.0,1.4508,21.14
2025-11-02 07:03:29,002,WAC_006_203_6,0,0.0,14,1.0,1.44,21.14
2025-11-02 07:13:31,002,WAC_006_203_6,3,0.005,14,0.995,1.44,21.16
2025-11-02 07:23:34,002,WAC_006_203_6,1,0.002,14,0.998,1.44,21.16
2025-11-02 07:33:37,002,WAC_006_203_6,0,0.0,14,1.0,1.4328,21.17
2025-11-02 07:43:40,002,WAC_006_203_6,0,0.0,14,1.0,1.4328,21.18
2025-11-02 07:53:43,002,WAC_006_203_6,4,0.007,13,0.992,1.458,21.26
2025-11-02 08:03:46,002,WAC_006_203_6,0,0.0,14,1.0,1.44,21.26
2025-11-02 08:14:14,002,WAC_006_203_6,0,0.0,14,1.0,1.44,21.32
2025-11-02 08:24:17,002,WAC_006_203_6,0,0.0,14,1.0,1.4436,21.28
2025-11-02 08:34:19,002,WAC_006_203_6,0,0.0,14,1.0,1.44,21.26
2025-11-02 08:44:22,002,WAC_006_203_6,0,0.0,14,1.0,1.4508,21.24
2025-11-02 08:54:26,002,WAC_006_203_6,0,0.0,14,1.0,1.44,21.22
2025-11-02 09:04:28,002,WAC_006_203_6,0,0.0,14,1.0,1.44,21.21
2025-11-02 09:14:31,002,WAC_006_203_6,0,0.0,14,1.0,1.44,21.2
2025-11-02 09:24:33,002,WAC_006_203_6,0,0.0,14,1.0,1.44,21.19
2025-11-02 09:34:36,002,WAC_006_203_6,0,0.0,14,1.0,1.4508,21.18
2025-11-02 09:44:39,002,WAC_006_203_6,0,0.0,14,1.0,1.4436,21.16
2025-11-02 09:54:41,002,WAC_006_203_6,0,0.0,14,1.0,1.44,21.17
2025-11-02 10:04:45,002,WAC_006_203_6,15,0.025,11,0.967,1.1088,21.19
2025-11-02 10:14:48,002,WAC_006_203_6,4,0.007,13,0.992,1.44,21.28
2025-11-02 10:24:51,002,WAC_006_203_6,0,0.0,14,1.0,1.4436,21.25
2025-11-02 10:34:53,002,WAC_006_203_6,0,0.0,14,1.0,1.44,21.23
2025-11-02 10:44:57,002,WAC_006_203_6,0,0.0,14,1.0,1.4544,21.21
2025-11-02 10:55:00,002,WAC_006_203_6,0,0.0,14,1.0,1.4544,21.2
2025-11-02 11:05:03,002,WAC_006_203_6,0,0.0,14,1.0,1.4544,21.19
2025-11-02 11:15:06,002,WAC_006_203_6,0,0.0,14,1.0,1.44,21.19
2025-11-02 11:25:09,002,WAC_006_203_6,0,0.0,14,1.0,1.44,21.18
2025-11-02 11:35:11,002,WAC_006_203_6,2,0.003,14,0.996,1.44,21.19
2025-11-02 11:45:14,002,WAC_006_203_6,0,0.0,14,1.0,1.4436,21.18
2025-11-02 11:55:17,002,WAC_006_203_6,0,0.0,14,1.0,1.44,21.19
2025-11-02 12:05:20,002,WAC_006_203_6,0,0.0,14,1.0,1.4436,21.2
2025-11-02 12:15:35,002,WAC_006_203_6,1,0.002,13,0.998,1.44,21.25
2025-11-02 12:25:39,002,WAC_006_203_6,23,0.038,12,0.954,1.4184,21.3
2025-11-02 12:35:42,002,WAC_006_203_6,4,0.007,13,0.992,1.3752,21.4
2025-11-02 12:45:44,002,WAC_006_203_6,5,0.008,13,0.99,1.3392,21.39
2025-11-02 12:55:47,002,WAC_006_203_6,0,0.0,14,1.0,1.3464,21.33
2025-11-02 13:05:50,002,WAC_006_203_6,0,0.0,14,1.0,1.3608,21.3
2025-11-02 13:15:53,002,WAC_006_203_6,0,0.0,14,1.0,1.3608,21.25
2025-11-02 13:25:55,002,WAC_006_203_6,0,0.0,14,1.0,1.3392,21.25
2025-11-02 13:35:57,002,WAC_006_203_6,0,0.0,14,1.0,1.35,21.24
2025-11-02 13:46:00,002,WAC_006_203_6,0,0.0,14,1.0,1.3392,21.25
2025-11-02 13:56:02,002,WAC_006_203_6,0,0.0,14,1.0,1.35,21.25
2025-11-02 14:06:05,002,WAC_006_203_6,0,0.0,14,1.0,1.3392,21.26
2025-11-02 14:16:08,002,WAC_006_203_6,0,0.0,14,1.0,1.3392,21.24
2025-11-02 14:26:11,002,WAC_006_203_6,0,0.0,14,1.0,1.3392,21.24
2025-11-02 14:36:14,002,WAC_006_203_6,0,0.0,14,1.0,1.3392,21.22
2025-11-02 14:46:16,002,WAC_006_203_6,0,0.0,14,1.0,1.3392,21.21
2025-11-02 14:56:19,002,WAC_006_203_6,0,0.0,14,1.0,1.35,21.2
2025-11-02 15:06:22,002,WAC_006_203_6,0,0.0,14,1.0,1.3392,21.2
2025-11-02 15:16:24,002,WAC_006_203_6,0,0.0,14,1.0,1.3392,21.19
2025-11-02 15:26:27,002,WAC_006_203_6,4,0.007,14,0.993,1.2924,21.2
2025-11-02 15:36:30,002,WAC_006_203_6,7,0.012,12,0.986,1.2888,21.29
2025-11-02 15:46:33,002,WAC_006_203_6,0,0.0,14,1.0,1.3104,21.3
2025-11-02 15:56:34,002,WAC_006_203_6,0,0.0,14,1.0,1.3212,21.29
2025-11-02 16:06:37,002,WAC_006_203_6,0,0.0,14,1.0,1.3248,21.27
2025-11-02 16:16:58,002,WAC_006_203_6,0,0.0,14,1.0,1.3248,21.3
2025-11-02 16:27:01,002,WAC_006_203_6,0,0.0,14,1.0,1.3356,21.27
2025-11-02 16:37:05,002,WAC_006_203_6,0,0.0,14,1.0,1.332,21.26
2025-11-02 16:47:07,002,WAC_006_203_6,0,0.0,14,1.0,1.3356,21.25
2025-11-02 16:57:11,002,WAC_006_203_6,0,0.0,14,1.0,1.3176,21.25
2025-11-02 17:07:14,002,WAC_006_203_6,0,0.0,14,1.0,1.3104,21.23
2025-11-02 17:17:16,002,WAC_006_203_6,1,0.002,14,0.998,1.332,21.21
2025-11-02 17:27:19,002,WAC_006_203_6,0,0.0,14,1.0,1.332,21.2
2025-11-02 17:37:22,002,WAC_006_203_6,2,0.003,14,0.996,1.3104,21.19
2025-11-02 17:47:25,002,WAC_006_203_6,0,0.0,14,1.0,1.3104,21.19
2025-11-02 17:57:28,002,WAC_006_203_6,0,0.0,14,1.0,1.296,21.19
2025-11-02 18:07:31,002,WAC_006_203_6,51,0.085,11,0.896,0.0,21.25
2025-11-02 18:17:33,002,WAC_006_203_6,77,0.128,6,0.757,0.0,21.32
2025-11-02 18:27:36,002,WAC_006_203_6,0,0.0,14,1.0,0.0,21.3
2025-11-02 18:37:38,002,WAC_006_203_6,21,0.035,11,0.954,0.0,21.45
2025-11-02 18:47:41,002,WAC_006_203_6,0,0.0,14,1.0,0.0,21.42
2025-11-02 18:57:42,002,WAC_006_203_6,12,0.02,13,0.977,0.0,21.37
2025-11-02 19:07:45,002,WAC_006_203_6,13,0.022,12,0.974,0.0,21.47
2025-11-02 19:17:48,002,WAC_006_203_6,117,0.195,4,0.578,0.0,21.53
2025-11-02 19:27:51,002,WAC_006_203_6,29,0.048,12,0.943,0.0,21.58
2025-11-02 19:37:53,002,WAC_006_203_6,7,0.012,12,0.986,0.0,21.62
2025-11-02 19:47:56,002,WAC_006_203_6,110,0.183,5,0.645,0.0,21.69
2025-11-02 19:57:59,002,WAC_006_203_6,85,0.141,6,0.738,0.0,21.66
2025-11-02 20:08:02,002,WAC_006_203_6,60,0.1,9,0.857,0.0,21.65
2025-11-02 20:18:25,002,WAC_006_203_6,45,0.075,10,0.899,0.0,21.69
2025-11-02 20:28:27,002,WAC_006_203_6,0,0.0,14,1.0,0.0,21.55
2025-11-02 20:38:31,002,WAC_006_203_6,0,0.0,14,1.0,0.0,21.48
2025-11-02 20:48:34,002,WAC_006_203_6,8,0.013,14,0.986,0.0,21.4
2025-11-02 20:58:37,002,WAC_006_203_6,0,0.0,14,1.0,0.0,21.35
2025-11-02 21:08:39,002,WAC_006_203_6,0,0.0,14,1.0,0.0,21.32
2025-11-02 21:18:42,002,WAC_006_203_6,0,0.0,14,1.0,0.0,21.3
2025-11-02 21:28:45,002,WAC_006_203_6,0,0.0,14,1.0,0.0,21.28
2025-11-02 21:38:48,002,WAC_006_203_6,2,0.003,14,0.996,0.0,21.3
2025-11-02 21:48:51,002,WAC_006_203_6,0,0.0,14,1.0,0.0,21.3
2025-11-02 21:58:54,002,WAC_006_203_6,1,0.002,14,0.998,0.0,21.51
2025-11-02 22:08:57,002,WAC_006_203_6,89,0.148,5,0.692,0.0,21.58
2025-11-02 22:19:00,002,WAC_006_203_6,19,0.032,10,0.955,0.0,21.59
2025-11-02 22:29:03,002,WAC_006_203_6,2,0.003,14,0.996,0.0,21.53
2025-11-02 22:39:06,002,WAC_006_203_6,15,0.025,12,0.97,0.0,21.49
2025-11-02 22:49:08,002,WAC_006_203_6,0,0.0,14,1.0,0.0,21.41
2025-11-02 22:59:11,002,WAC_006_203_6,0,0.0,14,1.0,0.0,21.33
2025-11-02 23:09:14,002,WAC_006_203_6,0,0.0,14,1.0,0.0,21.27
2025-11-02 23:19:17,002,WAC_006_203_6,0,0.0,14,1.0,0.0,21.22
2025-11-02 23:29:20,002,WAC_006_203_6,0,0.0,14,1.0,0.0,21.19
2025-11-02 23:39:22,002,WAC_006_203_6,0,0.0,14,1.0,0.0,21.17
2025-11-02 23:49:25,002,WAC_006_203_6,2,0.003,14,0.996,0.0,21.18
2025-11-02 23:59:28,002,WAC_006_203_6,5,0.008,13,0.99,0.0,21.24
2025-10-25 00:09:55,007,WAC_006_206_11,119,0.198,8,0.729,0.0,21.36
2025-10-25 00:19:58,007,WAC_006_206_11,0,0.0,15,1.0,0.0,21.34
2025-10-25 00:30:01,007,WAC_006_206_11,0,0.0,15,1.0,0.0,21.32
2025-10-25 00:40:03,007,WAC_006_206_11,0,0.0,15,1.0,0.0,21.28
2025-10-25 00:50:06,007,WAC_006_206_11,0,0.0,15,1.0,0.0,21.25
2025-10-25 01:00:08,007,WAC_006_206_11,6,0.01,14,0.989,0.0,21.2
2025-10-25 01:10:11,007,WAC_006_206_11,0,0.0,15,1.0,0.0,21.18
2025-10-25 01:20:14,007,WAC_006_206_11,0,0.0,15,1.0,0.0,21.15
2025-10-25 01:30:17,007,WAC_006_206_11,41,0.068,13,0.927,0.0,21.15
2025-10-25 01:40:20,007,WAC_006_206_11,0,0.0,15,1.0,0.0,21.15
2025-10-25 01:50:23,007,WAC_006_206_11,18,0.03,14,0.969,0.0,21.16
2025-10-25 02:00:26,007,WAC_006_206_11,241,0.401,3,0.332,0.0,21.32
2025-10-25 02:10:28,007,WAC_006_206_11,199,0.331,5,0.501,0.0,21.44
2025-10-25 02:20:31,007,WAC_006_206_11,212,0.353,5,0.485,0.0,21.5
2025-10-25 02:30:34,007,WAC_006_206_11,0,0.0,15,1.0,0.0,21.39
2025-10-25 02:40:37,007,WAC_006_206_11,0,0.0,15,1.0,0.0,21.31
2025-10-25 02:50:40,007,WAC_006_206_11,0,0.0,15,1.0,0.0,21.24
2025-10-25 03:00:43,007,WAC_006_206_11,0,0.0,15,1.0,0.0,21.2
2025-10-25 03:10:45,007,WAC_006_206_11,0,0.0,15,1.0,0.0,21.14
2025-10-25 03:20:49,007,WAC_006_206_11,15,0.025,14,0.974,0.0,21.13
2025-10-25 03:30:52,007,WAC_006_206_11,0,0.0,15,1.0,0.0,21.11
2025-10-25 03:40:54,007,WAC_006_206_11,0,0.0,15,1.0,0.0,21.08
2025-10-25 03:50:57,007,WAC_006_206_11,0,0.0,15,1.0,0.0,21.07
2025-10-25 04:01:20,007,WAC_006_206_11,90,0.15,8,0.78,0.0,21.17
2025-10-25 04:11:23,007,WAC_006_206_11,171,0.285,7,0.621,0.0,21.23
2025-10-25 04:21:26,007,WAC_006_206_11,278,0.463,2,0.223,0.0,21.34
2025-10-25 04:31:29,007,WAC_006_206_11,71,0.118,12,0.871,0.0,21.36
2025-10-25 04:41:32,007,WAC_006_206_11,172,0.286,7,0.619,0.0,21.43
2025-10-25 04:51:34,007,WAC_006_206_11,236,0.393,3,0.337,0.0,21.47
2025-10-25 05:01:37,007,WAC_006_206_11,236,0.393,5,0.459,0.0,21.59
2025-10-25 05:11:40,007,WAC_006_206_11,213,0.354,6,0.53,0.0,21.59
2025-10-25 05:21:42,007,WAC_006_206_11,31,0.052,13,0.944,0.0,21.48
2025-10-25 05:31:45,007,WAC_006_206_11,78,0.13,10,0.837,0.0,21.44
2025-10-25 05:41:48,007,WAC_006_206_11,211,0.351,4,0.431,0.0,21.46
2025-10-25 05:51:51,007,WAC_006_206_11,92,0.153,9,0.796,0.0,21.4
2025-10-25 06:01:54,007,WAC_006_206_11,9,0.015,13,0.983,0.3024,21.35
2025-10-25 06:11:56,007,WAC_006_206_11,0,0.0,15,1.0,0.3168,21.3
2025-10-25 06:21:59,007,WAC_006_206_11,0,0.0,15,1.0,0.3168,21.25
2025-10-25 06:32:01,007,WAC_006_206_11,0,0.0,15,1.0,0.3204,21.21
2025-10-25 06:42:04,007,WAC_006_206_11,0,0.0,15,1.0,0.3276,21.17
2025-10-25 06:52:07,007,WAC_006_206_11,0,0.0,15,1.0,0.3204,21.14
2025-10-25 07:02:10,007,WAC_006_206_11,0,0.0,15,1.0,0.3204,21.11
2025-10-25 07:12:13,007,WAC_006_206_11,0,0.0,15,1.0,0.3204,21.09
2025-10-25 07:22:16,007,WAC_006_206_11,0,0.0,15,1.0,0.3096,21.08
2025-10-25 07:32:18,007,WAC_006_206_11,0,0.0,15,1.0,0.3096,21.05
2025-10-25 07:42:22,007,WAC_006_206_11,0,0.0,15,1.0,0.3096,21.06
2025-10-25 07:52:25,007,WAC_006_206_11,0,0.0,15,1.0,0.3168,21.04
2025-10-25 08:02:48,007,WAC_006_206_11,0,0.0,15,1.0,0.3204,21.08
2025-10-25 08:12:50,007,WAC_006_206_11,15,0.025,13,0.972,0.3204,21.08
2025-10-25 08:22:53,007,WAC_006_206_11,11,0.018,14,0.981,0.3132,21.06
2025-10-25 08:32:56,007,WAC_006_206_11,0,0.0,15,1.0,0.3132,21.06
2025-10-25 08:42:59,007,WAC_006_206_11,0,0.0,15,1.0,0.3132,21.06
2025-10-25 08:53:02,007,WAC_006_206_11,0,0.0,15,1.0,0.3132,21.04
2025-10-25 09:03:05,007,WAC_006_206_11,0,0.0,15,1.0,0.3132,21.04
2025-10-25 09:13:08,007,WAC_006_206_11,0,0.0,15,1.0,0.3024,21.02
2025-10-25 09:23:11,007,WAC_006_206_11,0,0.0,15,1.0,0.3024,21.02
2025-10-25 09:33:14,007,WAC_006_206_11,0,0.0,15,1.0,0.3132,21.01
2025-10-25 09:43:17,007,WAC_006_206_11,0,0.0,15,1.0,0.3132,21.01
2025-10-25 09:53:19,007,WAC_006_206_11,0,0.0,15,1.0,0.3132,21.01
2025-10-25 10:03:22,007,WAC_006_206_11,0,0.0,15,1.0,0.3132,21.0
2025-10-25 10:13:25,007,WAC_006_206_11,0,0.0,15,1.0,0.3168,20.99
2025-10-25 10:23:28,007,WAC_006_206_11,0,0.0,15,1.0,0.6048,20.97
2025-10-25 10:33:31,007,WAC_006_206_11,0,0.0,15,1.0,0.6408,21.01
2025-10-25 10:43:34,007,WAC_006_206_11,28,0.047,13,0.949,0.1908,21.09
2025-10-25 10:53:37,007,WAC_006_206_11,0,0.0,15,1.0,0.1872,21.15
2025-10-25 11:03:41,007,WAC_006_206_11,0,0.0,15,1.0,0.1836,21.17
2025-10-25 11:13:44,007,WAC_006_206_11,0,0.0,15,1.0,0.1728,21.21
2025-10-25 11:23:47,007,WAC_006_206_11,0,0.0,15,1.0,0.1764,21.21
2025-10-25 11:33:50,007,WAC_006_206_11,0,0.0,15,1.0,0.1728,21.2
2025-10-25 11:43:53,007,WAC_006_206_11,0,0.0,15,1.0,0.1728,21.17
2025-10-25 11:53:56,007,WAC_006_206_11,0,0.0,15,1.0,0.1728,21.15
2025-10-25 12:04:14,007,WAC_006_206_11,86,0.144,7,0.765,0.1656,21.63
2025-10-25 12:14:17,007,WAC_006_206_11,48,0.08,11,0.902,0.1908,21.48
2025-10-25 12:24:21,007,WAC_006_206_11,0,0.0,15,1.0,0.198,21.35
2025-10-25 12:34:24,007,WAC_006_206_11,0,0.0,15,1.0,0.1872,21.24
2025-10-25 12:44:27,007,WAC_006_206_11,0,0.0,15,1.0,0.198,21.18
2025-10-25 12:54:29,007,WAC_006_206_11,0,0.0,15,1.0,0.18,21.14
2025-10-25 13:04:32,007,WAC_006_206_11,0,0.0,15,1.0,0.2016,21.12
2025-10-25 13:14:35,007,WAC_006_206_11,0,0.0,15,1.0,0.2016,21.1
2025-10-25 13:24:38,007,WAC_006_206_11,0,0.0,15,1.0,0.198,21.08
2025-10-25 13:34:40,007,WAC_006_206_11,0,0.0,15,1.0,0.198,21.07
2025-10-25 13:44:43,007,WAC_006_206_11,0,0.0,15,1.0,0.198,21.04
2025-10-25 13:54:46,007,WAC_006_206_11,5,0.008,14,0.991,0.2016,21.05
2025-10-25 14:04:50,007,WAC_006_206_11,0,0.0,15,1.0,0.2016,21.02
2025-10-25 14:14:52,007,WAC_006_206_11,0,0.0,15,1.0,0.2016,21.02
2025-10-25 14:24:55,007,WAC_006_206_11,0,0.0,15,1.0,0.2016,21.0
2025-10-25 14:34:57,007,WAC_006_206_11,0,0.0,15,1.0,0.2016,20.99
2025-10-25 14:44:59,007,WAC_006_206_11,0,0.0,15,1.0,0.198,20.96
2025-10-25 14:55:02,007,WAC_006_206_11,0,0.0,15,1.0,0.2016,20.96
2025-10-25 15:05:05,007,WAC_006_206_11,0,0.0,15,1.0,0.2124,20.96
2025-10-25 15:15:08,007,WAC_006_206_11,0,0.0,15,1.0,0.2016,20.95
2025-10-25 15:25:11,007,WAC_006_206_11,0,0.0,15,1.0,0.2052,20.95
2025-10-25 15:35:14,007,WAC_006_206_11,1,0.002,15,0.998,0.2016,20.94
2025-10-25 15:45:17,007,WAC_006_206_11,0,0.0,15,1.0,0.198,20.94
2025-10-25 15:55:20,007,WAC_006_206_11,0,0.0,15,1.0,0.198,20.94
2025-10-25 16:05:34,007,WAC_006_206_11,0,0.0,15,1.0,0.1872,20.96
2025-10-25 16:15:37,007,WAC_006_206_11,0,0.0,15,1.0,0.1944,20.95
2025-10-25 16:25:41,007,WAC_006_206_11,1,0.002,14,0.998,0.1944,20.95
2025-10-25 16:35:43,007,WAC_006_206_11,0,0.0,15,1.0,0.1944,20.96
2025-10-25 16:45:46,007,WAC_006_206_11,0,0.0,15,1.0,0.1944,20.95
2025-10-25 16:55:49,007,WAC_006_206_11,0,0.0,15,1.0,0.2052,20.95
2025-10-25 17:05:52,007,WAC_006_206_11,0,0.0,15,1.0,0.1944,20.96
2025-10-25 17:15:55,007,WAC_006_206_11,2,0.003,15,0.997,0.1944,20.98
2025-10-25 17:25:57,007,WAC_006_206_11,1,0.002,15,0.998,0.1944,21.0
2025-10-25 17:36:00,007,WAC_006_206_11,0,0.0,15,1.0,0.2052,21.0
2025-10-25 17:46:03,007,WAC_006_206_11,0,0.0,15,1.0,0.2052,21.01
2025-10-25 17:56:06,007,WAC_006_206_11,0,0.0,15,1.0,0.1908,21.02
2025-10-25 18:06:10,007,WAC_006_206_11,71,0.118,10,0.849,0.0,21.2
2025-10-25 18:16:13,007,WAC_006_206_11,0,0.0,15,1.0,0.0,21.09
2025-10-25 18:26:16,007,WAC_006_206_11,0,0.0,15,1.0,0.0,21.09
2025-10-25 18:36:19,007,WAC_006_206_11,0,0.0,15,1.0,0.0,21.09
2025-10-25 18:46:22,007,WAC_006_206_11,0,0.0,15,1.0,0.0,21.09
2025-10-25 18:56:25,007,WAC_006_206_11,0,0.0,15,1.0,0.0,21.08
2025-10-25 19:06:28,007,WAC_006_206_11,0,0.0,15,1.0,0.0,21.13
2025-10-25 19:16:31,007,WAC_006_206_11,8,0.013,13,0.985,0.0,21.12
2025-10-25 19:26:34,007,WAC_006_206_11,0,0.0,15,1.0,0.0,21.11
2025-10-25 19:36:37,007,WAC_006_206_11,34,0.056,12,0.934,0.0,21.53
2025-10-25 19:46:40,007,WAC_006_206_11,110,0.183,9,0.766,0.0,21.52
2025-10-25 19:56:43,007,WAC_006_206_11,149,0.248,5,0.573,0.0,21.96
2025-10-25 20:07:03,007,WAC_006_206_11,0,0.0,15,1.0,0.0,21.63
2025-10-25 20:17:05,007,WAC_006_206_11,71,0.118,11,0.861,0.0,21.56
2025-10-25 20:27:08,007,WAC_006_206_11,46,0.077,12,0.913,0.0,21.5
2025-10-25 20:37:11,007,WAC_006_206_11,0,0.0,15,1.0,0.0,21.4
2025-10-25 20:47:15,007,WAC_006_206_11,0,0.0,15,1.0,0.0,21.35
2025-10-25 20:57:17,007,WAC_006_206_11,0,0.0,15,1.0,0.0,21.29
2025-10-25 21:07:20,007,WAC_006_206_11,0,0.0,15,1.0,0.0,21.24
2025-10-25 21:17:24,007,WAC_006_206_11,0,0.0,15,1.0,0.0,21.17
2025-10-25 21:27:27,007,WAC_006_206_11,0,0.0,15,1.0,0.0,21.14
2025-10-25 21:37:29,007,WAC_006_206_11,0,0.0,15,1.0,0.0,21.1
2025-10-25 21:47:33,007,WAC_006_206_11,0,0.0,15,1.0,0.0,21.08
2025-10-25 21:57:35,007,WAC_006_206_11,23,0.038,12,0.954,0.0,21.09
2025-10-25 22:07:38,007,WAC_006_206_11,0,0.0,15,1.0,0.0,21.1
2025-10-25 22:17:41,007,WAC_006_206_11,0,0.0,15,1.0,0.0,21.12
2025-10-25 22:27:44,007,WAC_006_206_11,0,0.0,15,1.0,0.0,21.13
2025-10-25 22:37:48,007,WAC_006_206_11,9,0.015,13,0.983,0.0,21.13
2025-10-25 22:47:51,007,WAC_006_206_11,0,0.0,15,1.0,0.0,21.14
2025-10-25 22:57:53,007,WAC_006_206_11,3,0.005,15,0.995,0.0,21.16
2025-10-25 23:07:56,007,WAC_006_206_11,0,0.0,15,1.0,0.0,21.16
2025-10-25 23:17:59,007,WAC_006_206_11,0,0.0,15,1.0,0.0,21.14
2025-10-25 23:28:02,007,WAC_006_206_11,0,0.0,15,1.0,0.0,21.13
2025-10-25 23:38:05,007,WAC_006_206_11,55,0.091,10,0.879,0.0,21.3
2025-10-25 23:48:08,007,WAC_006_206_11,29,0.048,12,0.943,0.0,21.25
2025-10-25 23:58:11,007,WAC_006_206_11,6,0.01,14,0.989,0.0,21.21
2025-10-26 00:08:27,007,WAC_006_206_11,0,0.0,15,1.0,0.0,21.18
2025-10-26 00:18:30,007,WAC_006_206_11,24,0.04,13,0.956,0.0,21.18
2025-10-26 00:28:33,007,WAC_006_206_11,0,0.0,15,1.0,0.0,21.13
2025-10-26 00:38:36,007,WAC_006_206_11,110,0.183,7,0.718,0.0,21.41
2025-10-26 00:48:38,007,WAC_006_206_11,0,0.0,15,1.0,0.0,21.28
2025-10-26 00:58:41,007,WAC_006_206_11,0,0.0,15,1.0,0.0,21.2
2025-10-26 01:08:45,007,WAC_006_206_11,0,0.0,15,1.0,0.0,21.14
2025-10-26 01:18:49,007,WAC_006_206_11,0,0.0,15,1.0,0.0,21.11
2025-10-26 01:28:51,007,WAC_006_206_11,0,0.0,15,1.0,0.0,21.09
2025-10-26 01:38:55,007,WAC_006_206_11,0,0.0,15,1.0,0.0,21.08
2025-10-26 01:48:58,007,WAC_006_206_11,0,0.0,15,1.0,0.0,21.08
2025-10-26 01:59:01,007,WAC_006_206_11,6,0.01,14,0.989,0.0,21.08
2025-10-26 02:09:04,007,WAC_006_206_11,0,0.0,15,1.0,0.0,21.08
2025-10-26 02:19:07,007,WAC_006_206_11,0,0.0,15,1.0,0.0,21.09
2025-10-26 02:29:10,007,WAC_006_206_11,0,0.0,15,1.0,0.0,21.07
2025-10-26 02:39:13,007,WAC_006_206_11,0,0.0,15,1.0,0.0,21.05
2025-10-26 02:49:15,007,WAC_006_206_11,0,0.0,15,1.0,0.0,21.03
2025-10-26 02:59:19,007,WAC_006_206_11,0,0.0,15,1.0,0.0,21.02
2025-10-26 03:09:22,007,WAC_006_206_11,0,0.0,15,1.0,0.0,21.01
2025-10-26 03:19:25,007,WAC_006_206_11,0,0.0,15,1.0,0.0,21.0
2025-10-26 03:29:28,007,WAC_006_206_11,0,0.0,15,1.0,0.0,21.0
2025-10-26 03:39:31,007,WAC_006_206_11,1,0.002,14,0.998,0.0,21.02
2025-10-26 03:49:33,007,WAC_006_206_11,0,0.0,15,1.0,0.0,21.01
2025-10-26 03:59:36,007,WAC_006_206_11,0,0.0,15,1.0,0.0,21.01
2025-10-26 04:09:54,007,WAC_006_206_11,13,0.022,14,0.977,0.0,21.07
2025-10-26 04:19:57,007,WAC_006_206_11,11,0.018,15,0.982,0.0,21.24
2025-10-26 04:30:00,007,WAC_006_206_11,81,0.135,11,0.845,0.0,21.24
2025-10-26 04:40:03,007,WAC_006_206_11,0,0.0,15,1.0,0.0,21.18
2025-10-26 04:50:06,007,WAC_006_206_11,6,0.01,14,0.989,0.0,21.16
2025-10-26 05:00:09,007,WAC_006_206_11,6,0.01,15,0.99,0.0,21.17
2025-10-26 05:10:11,007,WAC_006_206_11,0,0.0,15,1.0,0.0,21.15
2025-10-26 05:20:15,007,WAC_006_206_11,0,0.0,15,1.0,0.0,21.15
2025-10-26 05:30:17,007,WAC_006_206_11,0,0.0,15,1.0,0.0,21.16
2025-10-26 05:40:21,007,WAC_006_206_11,0,0.0,15,1.0,0.0,21.15
2025-10-26 05:50:23,007,WAC_006_206_11,0,0.0,15,1.0,0.0,21.15
2025-10-26 06:00:27,007,WAC_006_206_11,0,0.0,15,1.0,0.2088,21.13
2025-10-26 06:10:30,007,WAC_006_206_11,0,0.0,15,1.0,0.2124,21.13
2025-10-26 06:20:32,007,WAC_006_206_11,0,0.0,15,1.0,0.2052,21.15
2025-10-26 06:30:35,007,WAC_006_206_11,0,0.0,15,1.0,0.2016,21.13
2025-10-26 06:40:38,007,WAC_006_206_11,0,0.0,15,1.0,0.2016,21.13
2025-10-26 06:50:41,007,WAC_006_206_11,0,0.0,15,1.0,0.2016,21.12
2025-10-26 07:00:43,007,WAC_006_206_11,0,0.0,15,1.0,0.2016,21.11
2025-10-26 07:10:46,007,WAC_006_206_11,1,0.002,14,0.998,0.2016,21.09
2025-10-26 07:20:49,007,WAC_006_206_11,0,0.0,15,1.0,0.2016,21.09
2025-10-26 07:30:52,007,WAC_006_206_11,0,0.0,15,1.0,0.2016,21.09
2025-10-26 07:40:55,007,WAC_006_206_11,0,0.0,15,1.0,0.2016,21.11
2025-10-26 07:50:58,007,WAC_006_206_11,0,0.0,15,1.0,0.2016,21.13
2025-10-26 08:01:00,007,WAC_006_206_11,0,0.0,15,1.0,0.2016,21.13
2025-10-26 08:11:21,007,WAC_006_206_11,0,0.0,15,1.0,0.1944,21.17
2025-10-26 08:21:24,007,WAC_006_206_11,1,0.002,15,0.998,0.2016,21.14
2025-10-26 08:31:27,007,WAC_006_206_11,0,0.0,15,1.0,0.2016,21.13
2025-10-26 08:41:30,007,WAC_006_206_11,0,0.0,15,1.0,0.2124,21.13
2025-10-26 08:51:33,007,WAC_006_206_11,0,0.0,15,1.0,0.2124,21.13
2025-10-26 09:01:36,007,WAC_006_206_11,0,0.0,15,1.0,0.2124,21.1
2025-10-26 09:11:39,007,WAC_006_206_11,0,0.0,15,1.0,0.2016,21.07
2025-10-26 09:21:42,007,WAC_006_206_11,0,0.0,15,1.0,0.2016,21.04
2025-10-26 09:31:46,007,WAC_006_206_11,0,0.0,15,1.0,0.2016,21.02
2025-10-26 09:41:48,007,WAC_006_206_11,0,0.0,15,1.0,0.2016,21.0
2025-10-26 09:51:51,007,WAC_006_206_11,0,0.0,15,1.0,0.2016,20.99
2025-10-26 10:01:54,007,WAC_006_206_11,13,0.022,14,0.977,0.2016,21.04
2025-10-26 10:11:57,007,WAC_006_206_11,0,0.0,15,1.0,0.2016,21.06
2025-10-26 10:21:59,007,WAC_006_206_11,0,0.0,15,1.0,0.2052,21.08
2025-10-26 10:32:02,007,WAC_006_206_11,0,0.0,15,1.0,0.2016,21.09
2025-10-26 10:42:05,007,WAC_006_206_11,0,0.0,15,1.0,0.2052,21.08
2025-10-26 10:52:08,007,WAC_006_206_11,0,0.0,15,1.0,0.2052,21.09
2025-10-26 11:02:11,007,WAC_006_206_11,0,0.0,15,1.0,0.1944,21.08
2025-10-26 11:12:14,007,WAC_006_206_11,0,0.0,15,1.0,0.1872,21.06
2025-10-26 11:22:17,007,WAC_006_206_11,0,0.0,15,1.0,0.1872,21.05
2025-10-26 11:32:19,007,WAC_006_206_11,0,0.0,15,1.0,0.1872,21.04
2025-10-26 11:42:23,007,WAC_006_206_11,21,0.035,12,0.958,0.1872,21.15
2025-10-26 11:52:26,007,WAC_006_206_11,20,0.033,14,0.966,0.1836,21.15
2025-10-26 12:02:29,007,WAC_006_206_11,59,0.098,12,0.891,0.198,21.23
2025-10-26 12:12:45,007,WAC_006_206_11,3,0.005,14,0.995,0.1944,21.22
2025-10-26 12:22:47,007,WAC_006_206_11,0,0.0,15,1.0,0.1872,21.16
2025-10-26 12:32:51,007,WAC_006_206_11,0,0.0,15,1.0,0.1872,21.11
2025-10-26 12:42:53,007,WAC_006_206_11,0,0.0,15,1.0,0.1872,21.07
2025-10-26 12:52:56,007,WAC_006_206_11,0,0.0,15,1.0,0.1944,21.04
2025-10-26 13:02:59,007,WAC_006_206_11,0,0.0,15,1.0,0.1872,21.03
2025-10-26 13:13:02,007,WAC_006_206_11,25,0.042,11,0.946,0.1944,21.05
2025-10-26 13:23:04,007,WAC_006_206_11,8,0.013,13,0.985,0.198,21.05
2025-10-26 13:33:07,007,WAC_006_206_11,4,0.007,15,0.993,0.1872,21.03
2025-10-26 13:43:10,007,WAC_006_206_11,0,0.0,15,1.0,0.1872,21.03
2025-10-26 13:53:13,007,WAC_006_206_11,0,0.0,15,1.0,0.1872,21.01
2025-10-26 14:03:16,007,WAC_006_206_11,0,0.0,15,1.0,0.1872,21.03
2025-10-26 14:13:19,007,WAC_006_206_11,0,0.0,15,1.0,0.2016,21.04
2025-10-26 14:23:22,007,WAC_006_206_11,0,0.0,15,1.0,0.2052,21.03
2025-10-26 14:33:25,007,WAC_006_206_11,0,0.0,15,1.0,0.2016,21.02
2025-10-26 14:43:28,007,WAC_006_206_11,0,0.0,15,1.0,0.2016,21.02
2025-10-26 14:53:31,007,WAC_006_206_11,0,0.0,15,1.0,0.2052,21.01
2025-10-26 15:03:34,007,WAC_006_206_11,0,0.0,15,1.0,0.2052,21.01
2025-10-26 15:13:37,007,WAC_006_206_11,0,0.0,15,1.0,0.1872,21.0
2025-10-26 15:23:40,007,WAC_006_206_11,0,0.0,15,1.0,0.1944,21.0
2025-10-26 15:33:43,007,WAC_006_206_11,0,0.0,15,1.0,0.1944,20.99
2025-10-26 15:43:47,007,WAC_006_206_11,0,0.0,15,1.0,0.1872,20.99
2025-10-26 15:53:50,007,WAC_006_206_11,0,0.0,15,1.0,0.1944,21.0
2025-10-26 16:03:53,007,WAC_006_206_11,0,0.0,15,1.0,0.1944,21.02
2025-10-26 16:14:15,007,WAC_006_206_11,0,0.0,15,1.0,0.1944,21.06
2025-10-26 16:24:18,007,WAC_006_206_11,1,0.002,15,0.998,0.1872,21.05
2025-10-26 16:34:21,007,WAC_006_206_11,0,0.0,15,1.0,0.1872,21.04
2025-10-26 16:44:25,007,WAC_006_206_11,0,0.0,15,1.0,0.1872,21.01
2025-10-26 16:54:28,007,WAC_006_206_11,0,0.0,15,1.0,0.18,21.01
2025-10-26 17:04:30,007,WAC_006_206_11,0,0.0,15,1.0,0.1908,21.0
2025-10-26 17:14:33,007,WAC_006_206_11,0,0.0,15,1.0,0.1908,21.0
2025-10-26 17:24:36,007,WAC_006_206_11,0,0.0,15,1.0,0.18,21.0
2025-10-26 17:34:38,007,WAC_006_206_11,0,0.0,15,1.0,0.18,20.98
2025-10-26 17:44:42,007,WAC_006_206_11,0,0.0,15,1.0,0.1872,21.0
2025-10-26 17:54:45,007,WAC_006_206_11,0,0.0,15,1.0,0.1872,21.01
2025-10-26 18:04:48,007,WAC_006_206_11,67,0.111,10,0.857,0.0,21.14
2025-10-26 18:14:51,007,WAC_006_206_11,45,0.075,14,0.926,0.0,21.13
2025-10-26 18:24:53,007,WAC_006_206_11,2,0.003,14,0.996,0.0,21.14
2025-10-26 18:34:56,007,WAC_006_206_11,86,0.143,9,0.807,0.0,21.22
2025-10-26 18:44:59,007,WAC_006_206_11,0,0.0,15,1.0,0.0,21.21
2025-10-26 18:55:02,007,WAC_006_206_11,0,0.0,15,1.0,0.0,21.2
2025-10-26 19:05:06,007,WAC_006_206_11,0,0.0,15,1.0,0.0,21.19
2025-10-26 19:15:09,007,WAC_006_206_11,11,0.018,14,0.981,0.0,21.22
2025-10-26 19:25:12,007,WAC_006_206_11,0,0.0,15,1.0,0.0,21.21
2025-10-26 19:35:14,007,WAC_006_206_11,0,0.0,15,1.0,0.0,21.2
2025-10-26 19:45:16,007,WAC_006_206_11,0,0.0,15,1.0,0.0,21.2
2025-10-26 19:55:19,007,WAC_006_206_11,106,0.176,7,0.725,0.0,21.47
2025-10-26 20:05:22,007,WAC_006_206_11,34,0.057,13,0.939,0.0,21.36
2025-10-26 20:15:46,007,WAC_006_206_11,34,0.057,12,0.934,0.0,21.38
2025-10-26 20:25:48,007,WAC_006_206_11,66,0.11,11,0.87,0.0,21.61
2025-10-26 20:35:51,007,WAC_006_206_11,0,0.0,15,1.0,0.0,21.5
2025-10-26 20:45:53,007,WAC_006_206_11,0,0.0,15,1.0,0.0,21.44
2025-10-26 20:55:56,007,WAC_006_206_11,0,0.0,15,1.0,0.0,21.39
2025-10-26 21:05:59,007,WAC_006_206_11,39,0.065,13,0.93,0.0,21.39
2025-10-26 21:16:02,007,WAC_006_206_11,151,0.251,8,0.679,0.0,21.77
2025-10-26 21:26:05,007,WAC_006_206_11,19,0.032,14,0.967,0.0,21.55
2025-10-26 21:36:08,007,WAC_006_206_11,110,0.183,10,0.784,0.0,21.69
2025-10-26 21:46:11,007,WAC_006_206_11,121,0.201,10,0.768,0.0,21.81
2025-10-26 21:56:14,007,WAC_006_206_11,122,0.203,8,0.724,0.0,21.76
2025-10-26 22:06:17,007,WAC_006_206_11,8,0.013,14,0.986,0.0,21.64
2025-10-26 22:16:20,007,WAC_006_206_11,173,0.288,7,0.618,0.0,21.86
2025-10-26 22:26:23,007,WAC_006_206_11,188,0.313,4,0.46,0.0,21.94
2025-10-26 22:36:27,007,WAC_006_206_11,92,0.153,7,0.753,0.0,21.84
2025-10-26 22:46:30,007,WAC_006_206_11,87,0.145,10,0.821,0.0,21.73
2025-10-26 22:56:33,007,WAC_006_206_11,7,0.012,15,0.988,0.0,21.6
2025-10-26 23:06:37,007,WAC_006_206_11,100,0.166,8,0.762,0.0,21.54
2025-10-26 23:16:40,007,WAC_006_206_11,201,0.334,4,0.443,0.0,21.8
2025-10-26 23:26:43,007,WAC_006_206_11,14,0.023,11,0.969,0.0,21.66
2025-10-26 23:36:46,007,WAC_006_206_11,22,0.037,14,0.962,0.0,21.54
2025-10-26 23:46:49,007,WAC_006_206_11,0,0.0,15,1.0,0.0,21.43
2025-10-26 23:56:52,007,WAC_006_206_11,0,0.0,15,1.0,0.0,21.34
2025-10-25 00:01:06,011,WAC_006_206_9,0,0.0,15,1.0,0.0,22.59
2025-10-25 00:11:08,011,WAC_006_206_9,0,0.0,15,1.0,0.0,22.57
2025-10-25 00:21:11,011,WAC_006_206_9,12,0.02,13,0.977,0.0,22.54
2025-10-25 00:31:14,011,WAC_006_206_9,0,0.0,15,1.0,0.0,22.52
2025-10-25 00:41:17,011,WAC_006_206_9,4,0.007,14,0.993,0.0,22.5
2025-10-25 00:51:20,011,WAC_006_206_9,11,0.018,14,0.981,0.0,22.47
2025-10-25 01:01:22,011,WAC_006_206_9,8,0.013,14,0.986,0.0,22.45
2025-10-25 01:11:26,011,WAC_006_206_9,100,0.166,7,0.737,0.0,22.43
2025-10-25 01:21:28,011,WAC_006_206_9,284,0.473,2,0.22,0.0,22.46
2025-10-25 01:31:32,011,WAC_006_206_9,246,0.409,4,0.394,0.0,22.45
2025-10-25 01:41:36,011,WAC_006_206_9,328,0.545,0,0.0,0.0,22.48
2025-10-25 01:51:39,011,WAC_006_206_9,227,0.378,4,0.413,0.0,22.53
2025-10-25 02:01:42,011,WAC_006_206_9,281,0.468,2,0.222,0.0,22.53
2025-10-25 02:11:45,011,WAC_006_206_9,259,0.431,2,0.236,0.0,22.51
2025-10-25 02:21:48,011,WAC_006_206_9,283,0.471,2,0.22,0.0,22.56
2025-10-25 02:31:50,011,WAC_006_206_9,324,0.539,0,0.0,0.0,22.56
2025-10-25 02:41:54,011,WAC_006_206_9,276,0.459,4,0.367,0.0,22.62
2025-10-25 02:51:57,011,WAC_006_206_9,284,0.473,0,0.0,0.0,22.63
2025-10-25 03:02:00,011,WAC_006_206_9,117,0.195,5,0.631,0.0,22.58
2025-10-25 03:12:02,011,WAC_006_206_9,9,0.015,14,0.984,0.0,22.52
2025-10-25 03:22:05,011,WAC_006_206_9,6,0.01,14,0.989,0.0,22.47
2025-10-25 03:32:08,011,WAC_006_206_9,0,0.0,15,1.0,0.0,22.45
2025-10-25 03:42:11,011,WAC_006_206_9,12,0.02,13,0.977,0.0,22.43
2025-10-25 03:52:15,011,WAC_006_206_9,1,0.002,14,0.998,0.0,22.41
2025-10-25 04:02:28,011,WAC_006_206_9,5,0.008,13,0.99,0.0,22.41
2025-10-25 04:12:31,011,WAC_006_206_9,10,0.017,14,0.982,0.0,22.39
2025-10-25 04:22:34,011,WAC_006_206_9,27,0.045,11,0.942,0.0,22.39
2025-10-25 04:32:37,011,WAC_006_206_9,199,0.331,2,0.287,0.0,22.43
2025-10-25 04:42:40,011,WAC_006_206_9,193,0.321,4,0.453,0.0,22.46
2025-10-25 04:52:42,011,WAC_006_206_9,225,0.375,2,0.262,0.0,22.43
2025-10-25 05:02:45,011,WAC_006_206_9,230,0.383,5,0.465,0.0,22.43
2025-10-25 05:12:49,011,WAC_006_206_9,221,0.368,3,0.352,0.0,22.48
2025-10-25 05:22:52,011,WAC_006_206_9,284,0.472,2,0.22,0.0,22.51
2025-10-25 05:32:55,011,WAC_006_206_9,204,0.339,2,0.282,0.0,22.49
2025-10-25 05:42:59,011,WAC_006_206_9,261,0.434,3,0.315,0.0,22.54
2025-10-25 05:53:02,011,WAC_006_206_9,299,0.497,1,0.118,0.0,22.58
2025-10-25 06:03:04,011,WAC_006_206_9,306,0.509,3,0.282,0.252,22.58
2025-10-25 06:13:07,011,WAC_006_206_9,380,0.632,0,0.0,0.1944,22.6
2025-10-25 06:23:10,011,WAC_006_206_9,154,0.257,3,0.438,0.2232,22.63
2025-10-25 06:33:13,011,WAC_006_206_9,0,0.0,15,1.0,0.2304,22.6
2025-10-25 06:43:16,011,WAC_006_206_9,12,0.02,12,0.976,0.2232,22.56
2025-10-25 06:53:18,011,WAC_006_206_9,13,0.022,12,0.974,0.2376,22.54
2025-10-25 07:03:21,011,WAC_006_206_9,7,0.012,14,0.988,0.2376,22.51
2025-10-25 07:13:24,011,WAC_006_206_9,9,0.015,11,0.98,0.2304,22.49
2025-10-25 07:23:28,011,WAC_006_206_9,11,0.018,13,0.979,0.2376,22.46
2025-10-25 07:33:31,011,WAC_006_206_9,1,0.002,15,0.998,0.2304,22.43
2025-10-25 07:43:33,011,WAC_006_206_9,5,0.008,14,0.991,0.2412,22.41
2025-10-25 07:53:36,011,WAC_006_206_9,89,0.148,7,0.759,0.2232,22.4
2025-10-25 08:03:58,011,WAC_006_206_9,220,0.367,3,0.353,0.216,22.45
2025-10-25 08:14:01,011,WAC_006_206_9,73,0.121,10,0.846,0.2448,22.42
2025-10-25 08:24:04,011,WAC_006_206_9,6,0.01,14,0.989,0.2376,22.39
2025-10-25 08:34:07,011,WAC_006_206_9,9,0.015,14,0.984,0.252,22.38
2025-10-25 08:44:10,011,WAC_006_206_9,9,0.015,12,0.982,0.252,22.38
2025-10-25 08:54:13,011,WAC_006_206_9,13,0.022,14,0.977,0.2592,22.38
2025-10-25 09:04:16,011,WAC_006_206_9,4,0.007,14,0.993,0.2556,22.37
2025-10-25 09:14:19,011,WAC_006_206_9,10,0.017,12,0.98,0.2448,22.37
2025-10-25 09:24:21,011,WAC_006_206_9,0,0.0,15,1.0,0.2592,22.36
2025-10-25 09:34:24,011,WAC_006_206_9,106,0.176,7,0.725,0.234,22.36
2025-10-25 09:44:26,011,WAC_006_206_9,100,0.167,7,0.737,0.2772,22.35
2025-10-25 09:54:29,011,WAC_006_206_9,257,0.428,3,0.318,0.1296,22.38
2025-10-25 10:04:32,011,WAC_006_206_9,213,0.354,0,0.0,0.3528,22.44
2025-10-25 10:14:35,011,WAC_006_206_9,5,0.008,14,0.991,0.2412,22.44
2025-10-25 10:24:39,011,WAC_006_206_9,38,0.063,12,0.927,0.3528,22.43
2025-10-25 10:34:43,011,WAC_006_206_9,233,0.388,2,0.256,0.4572,22.51
2025-10-25 10:44:45,011,WAC_006_206_9,81,0.135,8,0.798,0.27,22.53
2025-10-25 10:54:48,011,WAC_006_206_9,6,0.01,14,0.989,0.2592,22.54
2025-10-25 11:04:51,011,WAC_006_206_9,21,0.035,13,0.961,0.2484,22.52
2025-10-25 11:14:54,011,WAC_006_206_9,12,0.02,13,0.977,0.2556,22.54
2025-10-25 11:24:57,011,WAC_006_206_9,1,0.002,14,0.998,0.2448,22.56
2025-10-25 11:35:00,011,WAC_006_206_9,7,0.012,13,0.987,0.2556,22.56
2025-10-25 11:45:04,011,WAC_006_206_9,73,0.121,8,0.814,0.216,22.61
2025-10-25 11:55:07,011,WAC_006_206_9,176,0.293,2,0.312,0.2376,22.61
2025-10-25 12:05:25,011,WAC_006_206_9,250,0.417,0,0.0,0.18,22.62
2025-10-25 12:15:29,011,WAC_006_206_9,50,0.083,10,0.889,0.216,22.6
2025-10-25 12:25:32,011,WAC_006_206_9,0,0.0,15,1.0,0.216,22.56
2025-10-25 12:35:34,011,WAC_006_206_9,10,0.017,14,0.982,0.2232,22.54
2025-10-25 12:45:37,011,WAC_006_206_9,1,0.002,14,0.998,0.2268,22.5
2025-10-25 12:55:40,011,WAC_006_206_9,16,0.027,13,0.97,0.216,22.48
2025-10-25 13:05:43,011,WAC_006_206_9,24,0.04,13,0.956,0.2304,22.47
2025-10-25 13:15:46,011,WAC_006_206_9,9,0.015,13,0.983,0.2304,22.46
2025-10-25 13:25:48,011,WAC_006_206_9,14,0.023,13,0.974,0.2196,22.43
2025-10-25 13:35:52,011,WAC_006_206_9,0,0.0,15,1.0,0.2196,22.4
2025-10-25 13:45:55,011,WAC_006_206_9,165,0.274,4,0.492,0.18,22.42
2025-10-25 13:55:58,011,WAC_006_206_9,140,0.233,2,0.364,0.216,22.44
2025-10-25 14:06:00,011,WAC_006_206_9,137,0.228,8,0.7,0.0,22.39
2025-10-25 14:16:03,011,WAC_006_206_9,281,0.468,1,0.125,0.2232,22.41
2025-10-25 14:26:06,011,WAC_006_206_9,180,0.3,3,0.4,0.2304,22.43
2025-10-25 14:36:09,011,WAC_006_206_9,20,0.033,11,0.957,0.2412,22.42
2025-10-25 14:46:13,011,WAC_006_206_9,3,0.005,14,0.995,0.2268,22.4
2025-10-25 14:56:16,011,WAC_006_206_9,13,0.022,13,0.976,0.2376,22.35
2025-10-25 15:06:19,011,WAC_006_206_9,14,0.023,13,0.974,0.2412,22.32
2025-10-25 15:16:22,011,WAC_006_206_9,9,0.015,13,0.983,0.216,22.29
2025-10-25 15:26:25,011,WAC_006_206_9,6,0.01,14,0.989,0.2304,22.24
2025-10-25 15:36:28,011,WAC_006_206_9,18,0.03,12,0.964,0.2232,22.21
2025-10-25 15:46:31,011,WAC_006_206_9,114,0.189,9,0.759,0.216,22.23
2025-10-25 15:56:34,011,WAC_006_206_9,63,0.105,10,0.864,0.1764,22.19
2025-10-25 16:06:49,011,WAC_006_206_9,256,0.427,1,0.135,0.1872,22.26
2025-10-25 16:16:52,011,WAC_006_206_9,164,0.273,3,0.423,0.2052,22.23
2025-10-25 16:26:56,011,WAC_006_206_9,128,0.213,7,0.686,0.1188,22.19
2025-10-25 16:36:58,011,WAC_006_206_9,184,0.306,4,0.465,0.2016,22.21
2025-10-25 16:47:02,011,WAC_006_206_9,1,0.002,14,0.998,0.2088,22.2
2025-10-25 16:57:04,011,WAC_006_206_9,20,0.033,12,0.96,0.2088,22.2
2025-10-25 17:07:08,011,WAC_006_206_9,16,0.027,13,0.97,0.1944,22.18
2025-10-25 17:17:11,011,WAC_006_206_9,3,0.005,14,0.995,0.2088,22.17
2025-10-25 17:27:14,011,WAC_006_206_9,27,0.045,12,0.947,0.2124,22.18
2025-10-25 17:37:17,011,WAC_006_206_9,72,0.12,7,0.795,0.2016,22.16
2025-10-25 17:47:20,011,WAC_006_206_9,280,0.466,0,0.0,0.18,22.2
2025-10-25 17:57:23,011,WAC_006_206_9,183,0.304,6,0.567,0.2124,22.19
2025-10-25 18:07:26,011,WAC_006_206_9,223,0.37,2,0.264,0.0,22.28
2025-10-25 18:17:29,011,WAC_006_206_9,300,0.499,0,0.0,0.0,22.32
2025-10-25 18:27:32,011,WAC_006_206_9,329,0.547,3,0.267,0.0,22.4
2025-10-25 18:37:35,011,WAC_006_206_9,355,0.591,1,0.101,0.0,22.4
2025-10-25 18:47:38,011,WAC_006_206_9,298,0.496,3,0.287,0.0,22.42
2025-10-25 18:57:42,011,WAC_006_206_9,295,0.49,2,0.213,0.0,22.41
2025-10-25 19:07:44,011,WAC_006_206_9,330,0.549,2,0.195,0.0,22.43
2025-10-25 19:17:47,011,WAC_006_206_9,300,0.499,3,0.286,0.0,22.42
2025-10-25 19:27:50,011,WAC_006_206_9,391,0.651,0,0.0,0.0,22.45
2025-10-25 19:37:53,011,WAC_006_206_9,213,0.355,3,0.36,0.0,22.46
2025-10-25 19:47:56,011,WAC_006_206_9,240,0.399,0,0.0,0.0,22.51
2025-10-25 19:58:00,011,WAC_006_206_9,338,0.562,1,0.106,0.0,22.66
2025-10-25 20:08:20,011,WAC_006_206_9,279,0.466,2,0.223,0.0,22.65
2025-10-25 20:18:24,011,WAC_006_206_9,242,0.403,3,0.331,0.0,22.59
2025-10-25 20:28:27,011,WAC_006_206_9,301,0.5,2,0.21,0.0,22.66
2025-10-25 20:38:30,011,WAC_006_206_9,50,0.083,10,0.889,0.0,22.58
2025-10-25 20:48:33,011,WAC_006_206_9,140,0.233,6,0.632,0.0,22.51
2025-10-25 20:58:36,011,WAC_006_206_9,263,0.437,2,0.233,0.0,22.53
2025-10-25 21:08:39,011,WAC_006_206_9,228,0.379,2,0.26,0.0,22.56
2025-10-25 21:18:42,011,WAC_006_206_9,211,0.351,5,0.487,0.0,22.53
2025-10-25 21:28:45,011,WAC_006_206_9,205,0.341,7,0.577,0.0,22.54
2025-10-25 21:38:49,011,WAC_006_206_9,230,0.383,3,0.343,0.0,22.51
2025-10-25 21:48:52,011,WAC_006_206_9,180,0.3,7,0.609,0.0,22.49
2025-10-25 21:58:55,011,WAC_006_206_9,235,0.39,5,0.46,0.0,22.5
2025-10-25 22:08:58,011,WAC_006_206_9,222,0.369,4,0.419,0.0,22.54
2025-10-25 22:19:01,011,WAC_006_206_9,184,0.306,5,0.521,0.0,22.54
2025-10-25 22:29:04,011,WAC_006_206_9,304,0.506,2,0.208,0.0,22.59
2025-10-25 22:39:07,011,WAC_006_206_9,292,0.486,2,0.215,0.0,22.59
2025-10-25 22:49:10,011,WAC_006_206_9,210,0.349,4,0.432,0.0,22.59
2025-10-25 22:59:13,011,WAC_006_206_9,159,0.265,5,0.557,0.0,22.62
2025-10-25 23:09:15,011,WAC_006_206_9,16,0.027,12,0.968,0.0,22.57
2025-10-25 23:19:18,011,WAC_006_206_9,10,0.017,14,0.982,0.0,22.54
2025-10-25 23:29:21,011,WAC_006_206_9,6,0.01,14,0.989,0.0,22.47
2025-10-25 23:39:25,011,WAC_006_206_9,0,0.0,15,1.0,0.0,22.41
2025-10-25 23:49:28,011,WAC_006_206_9,26,0.043,12,0.949,0.0,22.4
2025-10-25 23:59:31,011,WAC_006_206_9,3,0.005,14,0.995,0.0,22.37
2025-10-26 00:09:54,011,WAC_006_206_9,8,0.013,14,0.986,0.0,22.37
2025-10-26 00:19:57,011,WAC_006_206_9,4,0.007,14,0.993,0.0,22.34
2025-10-26 00:30:00,011,WAC_006_206_9,11,0.018,13,0.979,0.0,22.33
2025-10-26 00:40:03,011,WAC_006_206_9,50,0.083,12,0.906,0.0,22.35
2025-10-26 00:50:06,011,WAC_006_206_9,20,0.033,11,0.957,0.0,22.36
2025-10-26 01:00:09,011,WAC_006_206_9,23,0.038,11,0.95,0.0,22.34
2025-10-26 01:10:12,011,WAC_006_206_9,169,0.281,2,0.321,0.0,22.47
2025-10-26 01:20:15,011,WAC_006_206_9,202,0.336,5,0.498,0.0,22.42
2025-10-26 01:30:18,011,WAC_006_206_9,297,0.494,1,0.119,0.0,22.51
2025-10-26 01:40:21,011,WAC_006_206_9,256,0.426,4,0.385,0.0,22.52
2025-10-26 01:50:24,011,WAC_006_206_9,269,0.448,4,0.373,0.0,22.52
2025-10-26 02:00:28,011,WAC_006_206_9,379,0.63,1,0.095,0.0,22.58
2025-10-26 02:10:31,011,WAC_006_206_9,267,0.445,1,0.13,0.0,22.54
2025-10-26 02:20:33,011,WAC_006_206_9,206,0.343,5,0.493,0.0,22.5
2025-10-26 02:30:36,011,WAC_006_206_9,337,0.561,2,0.192,0.0,22.53
2025-10-26 02:40:39,011,WAC_006_206_9,216,0.359,3,0.357,0.0,22.52
2025-10-26 02:50:42,011,WAC_006_206_9,272,0.452,1,0.128,0.0,22.51
2025-10-26 03:00:45,011,WAC_006_206_9,236,0.392,4,0.404,0.0,22.51
2025-10-26 03:10:48,011,WAC_006_206_9,184,0.306,3,0.395,0.0,22.48
2025-10-26 03:20:51,011,WAC_006_206_9,352,0.586,2,0.185,0.0,22.51
2025-10-26 03:30:54,011,WAC_006_206_9,287,0.477,4,0.358,0.0,22.49
2025-10-26 03:40:58,011,WAC_006_206_9,217,0.36,4,0.424,0.0,22.43
2025-10-26 03:51:01,011,WAC_006_206_9,177,0.295,5,0.531,0.0,22.4
2025-10-26 04:01:04,011,WAC_006_206_9,230,0.383,1,0.148,0.0,22.44
2025-10-26 04:11:17,011,WAC_006_206_9,407,0.678,0,0.0,0.0,22.46
2025-10-26 04:21:20,011,WAC_006_206_9,257,0.428,3,0.318,0.0,22.44
2025-10-26 04:31:23,011,WAC_006_206_9,6,0.01,13,0.989,0.0,22.38
2025-10-26 04:41:25,011,WAC_006_206_9,12,0.02,13,0.977,0.0,22.34
2025-10-26 04:51:29,011,WAC_006_206_9,2,0.003,14,0.996,0.0,22.28
2025-10-26 05:01:33,011,WAC_006_206_9,14,0.023,12,0.972,0.0,22.25
2025-10-26 05:11:36,011,WAC_006_206_9,55,0.092,11,0.889,0.0,22.25
2025-10-26 05:21:39,011,WAC_006_206_9,24,0.04,14,0.959,0.0,22.25
2025-10-26 05:31:42,011,WAC_006_206_9,13,0.022,13,0.976,0.0,22.26
2025-10-26 05:41:45,011,WAC_006_206_9,130,0.216,8,0.711,0.0,22.27
2025-10-26 05:51:48,011,WAC_006_206_9,201,0.334,4,0.443,0.0,22.29
2025-10-26 06:01:51,011,WAC_006_206_9,169,0.281,5,0.542,0.2088,22.28
2025-10-26 06:11:53,011,WAC_006_206_9,309,0.515,2,0.206,0.3348,22.38
2025-10-26 06:21:57,011,WAC_006_206_9,107,0.178,4,0.599,0.3384,22.41
2025-10-26 06:32:00,011,WAC_006_206_9,23,0.038,13,0.958,0.3312,22.38
2025-10-26 06:42:03,011,WAC_006_206_9,5,0.008,14,0.991,0.3384,22.35
2025-10-26 06:52:06,011,WAC_006_206_9,7,0.012,12,0.986,0.3492,22.33
2025-10-26 07:02:09,011,WAC_006_206_9,40,0.066,11,0.917,0.3456,22.31
2025-10-26 07:12:11,011,WAC_006_206_9,8,0.013,14,0.986,0.3384,22.3
2025-10-26 07:22:15,011,WAC_006_206_9,12,0.02,13,0.977,0.3492,22.27
2025-10-26 07:32:17,011,WAC_006_206_9,4,0.007,14,0.993,0.3492,22.25
2025-10-26 07:42:20,011,WAC_006_206_9,8,0.013,12,0.984,0.3384,22.24
2025-10-26 07:52:23,011,WAC_006_206_9,4,0.007,13,0.992,0.3492,22.25
2025-10-26 08:02:26,011,WAC_006_206_9,8,0.013,13,0.985,0.3564,22.26
2025-10-26 08:12:42,011,WAC_006_206_9,0,0.0,15,1.0,0.3564,22.26
2025-10-26 08:22:45,011,WAC_006_206_9,14,0.023,12,0.972,0.3384,22.25
2025-10-26 08:32:49,011,WAC_006_206_9,53,0.088,10,0.883,0.324,22.25
2025-10-26 08:42:52,011,WAC_006_206_9,270,0.449,2,0.229,0.3348,22.32
2025-10-26 08:52:55,011,WAC_006_206_9,110,0.183,8,0.744,0.1944,22.27
2025-10-26 09:02:58,011,WAC_006_206_9,240,0.399,3,0.333,0.1908,22.39
2025-10-26 09:13:02,011,WAC_006_206_9,65,0.108,8,0.831,0.198,22.42
2025-10-26 09:23:05,011,WAC_006_206_9,2,0.003,14,0.996,0.198,22.42
2025-10-26 09:33:08,011,WAC_006_206_9,31,0.052,12,0.939,0.1908,22.41
2025-10-26 09:43:10,011,WAC_006_206_9,6,0.01,13,0.989,0.1872,22.4
2025-10-26 09:53:13,011,WAC_006_206_9,2,0.003,14,0.996,0.198,22.39
2025-10-26 10:03:16,011,WAC_006_206_9,245,0.408,1,0.14,0.18,22.46
2025-10-26 10:13:18,011,WAC_006_206_9,45,0.075,9,0.889,0.198,22.43
2025-10-26 10:23:22,011,WAC_006_206_9,28,0.047,11,0.94,0.198,22.42
2025-10-26 10:33:25,011,WAC_006_206_9,166,0.276,6,0.591,0.1908,22.42
2025-10-26 10:43:28,011,WAC_006_206_9,66,0.11,7,0.809,0.1872,22.43
2025-10-26 10:53:32,011,WAC_006_206_9,13,0.022,11,0.971,0.1872,22.39
2025-10-26 11:03:35,011,WAC_006_206_9,16,0.027,11,0.965,0.1728,22.4
2025-10-26 11:13:38,011,WAC_006_206_9,4,0.007,14,0.993,0.1836,22.41
2025-10-26 11:23:41,011,WAC_006_206_9,29,0.048,11,0.938,0.1728,22.41
2025-10-26 11:33:44,011,WAC_006_206_9,12,0.02,13,0.977,0.1764,22.42
2025-10-26 11:43:47,011,WAC_006_206_9,5,0.008,14,0.991,0.1728,22.42
2025-10-26 11:53:50,011,WAC_006_206_9,86,0.143,5,0.699,0.1728,22.45
2025-10-26 12:03:53,011,WAC_006_206_9,124,0.206,5,0.617,0.1764,22.45
2025-10-26 12:14:09,011,WAC_006_206_9,79,0.132,9,0.82,0.1728,22.48
2025-10-26 12:24:12,011,WAC_006_206_9,12,0.02,14,0.979,0.1728,22.43
2025-10-26 12:34:15,011,WAC_006_206_9,18,0.03,13,0.967,0.1656,22.39
2025-10-26 12:44:18,011,WAC_006_206_9,8,0.013,13,0.985,0.1836,22.36
2025-10-26 12:54:21,011,WAC_006_206_9,4,0.007,14,0.993,0.1728,22.35
2025-10-26 13:04:23,011,WAC_006_206_9,33,0.055,11,0.93,0.1728,22.32
2025-10-26 13:14:27,011,WAC_006_206_9,22,0.037,12,0.956,0.1728,22.31
2025-10-26 13:24:29,011,WAC_006_206_9,173,0.288,3,0.41,0.1656,22.36
2025-10-26 13:34:32,011,WAC_006_206_9,237,0.394,5,0.458,0.2016,22.34
2025-10-26 13:44:35,011,WAC_006_206_9,173,0.288,5,0.536,0.1908,22.31
2025-10-26 13:54:38,011,WAC_006_206_9,76,0.126,8,0.808,0.1872,22.36
2025-10-26 14:04:40,011,WAC_006_206_9,12,0.02,14,0.979,0.1872,22.36
2025-10-26 14:14:43,011,WAC_006_206_9,7,0.012,13,0.987,0.2016,22.35
2025-10-26 14:24:47,011,WAC_006_206_9,2,0.003,13,0.996,0.2016,22.38
2025-10-26 14:34:49,011,WAC_006_206_9,10,0.017,13,0.981,0.2016,22.36
2025-10-26 14:44:52,011,WAC_006_206_9,5,0.008,13,0.99,0.2052,22.34
2025-10-26 14:54:55,011,WAC_006_206_9,17,0.028,12,0.966,0.2016,22.35
2025-10-26 15:04:57,011,WAC_006_206_9,14,0.023,12,0.972,0.2016,22.34
2025-10-26 15:15:00,011,WAC_006_206_9,14,0.023,12,0.972,0.2016,22.34
2025-10-26 15:25:03,011,WAC_006_206_9,10,0.017,13,0.981,0.2016,22.35
2025-10-26 15:35:06,011,WAC_006_206_9,38,0.063,12,0.927,0.2088,22.36
2025-10-26 15:45:09,011,WAC_006_206_9,77,0.128,6,0.757,0.1872,22.41
2025-10-26 15:55:13,011,WAC_006_206_9,199,0.331,4,0.446,0.216,22.45
2025-10-26 16:05:16,011,WAC_006_206_9,121,0.201,7,0.698,0.1584,22.33
2025-10-26 16:15:40,011,WAC_006_206_9,198,0.331,6,0.548,0.2052,22.38
2025-10-26 16:25:43,011,WAC_006_206_9,235,0.391,5,0.46,0.1656,22.36
2025-10-26 16:35:46,011,WAC_006_206_9,348,0.578,0,0.0,0.1728,22.48
2025-10-26 16:45:49,011,WAC_006_206_9,113,0.188,8,0.739,0.1836,22.6
2025-10-26 16:55:52,011,WAC_006_206_9,26,0.043,13,0.952,0.1836,22.61
2025-10-26 17:05:55,011,WAC_006_206_9,15,0.025,14,0.974,0.18,22.62
2025-10-26 17:15:58,011,WAC_006_206_9,9,0.015,13,0.983,0.18,22.63
2025-10-26 17:26:01,011,WAC_006_206_9,23,0.038,10,0.946,0.18,22.63
2025-10-26 17:36:04,011,WAC_006_206_9,8,0.013,12,0.984,0.18,22.64
2025-10-26 17:46:07,011,WAC_006_206_9,270,0.449,5,0.426,0.1836,22.61
2025-10-26 17:56:10,011,WAC_006_206_9,211,0.351,5,0.487,0.1512,22.51
2025-10-26 18:06:13,011,WAC_006_206_9,249,0.414,4,0.391,0.0,22.46
2025-10-26 18:16:16,011,WAC_006_206_9,342,0.568,2,0.19,0.0,22.5
2025-10-26 18:26:19,011,WAC_006_206_9,233,0.388,4,0.407,0.0,22.51
2025-10-26 18:36:22,011,WAC_006_206_9,255,0.424,5,0.44,0.0,22.54
2025-10-26 18:46:25,011,WAC_006_206_9,298,0.496,3,0.287,0.0,22.56
2025-10-26 18:56:28,011,WAC_006_206_9,291,0.483,2,0.216,0.0,22.55
2025-10-26 19:06:31,011,WAC_006_206_9,321,0.534,2,0.2,0.0,22.56
2025-10-26 19:16:34,011,WAC_006_206_9,268,0.446,4,0.374,0.0,22.57
2025-10-26 19:26:37,011,WAC_006_206_9,338,0.561,3,0.262,0.0,22.56
2025-10-26 19:36:41,011,WAC_006_206_9,333,0.554,2,0.194,0.0,22.61
2025-10-26 19:46:44,011,WAC_006_206_9,331,0.551,4,0.326,0.0,22.71
2025-10-26 19:56:47,011,WAC_006_206_9,287,0.477,4,0.358,0.0,22.71
2025-10-26 20:06:50,011,WAC_006_206_9,398,0.663,1,0.091,0.0,22.75
2025-10-26 20:17:12,011,WAC_006_206_9,263,0.439,4,0.378,0.0,22.8
2025-10-26 20:27:15,011,WAC_006_206_9,174,0.29,8,0.648,0.0,22.69
2025-10-26 20:37:18,011,WAC_006_206_9,330,0.549,2,0.195,0.0,22.69
2025-10-26 20:47:21,011,WAC_006_206_9,319,0.531,3,0.273,0.0,22.68
2025-10-26 20:57:25,011,WAC_006_206_9,263,0.438,1,0.132,0.0,22.75
2025-10-26 21:07:29,011,WAC_006_206_9,304,0.505,2,0.208,0.0,22.72
2025-10-26 21:17:30,011,WAC_006_206_9,346,0.577,2,0.188,0.0,22.74
2025-10-26 21:27:33,011,WAC_006_206_9,272,0.453,4,0.37,0.0,22.71
2025-10-26 21:37:36,011,WAC_006_206_9,308,0.512,2,0.206,0.0,22.74
2025-10-26 21:47:39,011,WAC_006_206_9,269,0.448,4,0.373,0.0,22.7
2025-10-26 21:57:42,011,WAC_006_206_9,265,0.441,4,0.376,0.0,22.68
2025-10-26 22:07:45,011,WAC_006_206_9,142,0.236,7,0.664,0.0,22.63
2025-10-26 22:17:49,011,WAC_006_206_9,267,0.444,4,0.375,0.0,22.59
2025-10-26 22:27:51,011,WAC_006_206_9,386,0.642,1,0.094,0.0,22.77
2025-10-26 22:37:54,011,WAC_006_206_9,261,0.434,4,0.38,0.0,22.72
2025-10-26 22:47:58,011,WAC_006_206_9,382,0.636,1,0.095,0.0,22.72
2025-10-26 22:58:00,011,WAC_006_206_9,131,0.218,6,0.647,0.0,22.72
2025-10-26 23:08:04,011,WAC_006_206_9,7,0.012,14,0.988,0.0,22.68
2025-10-26 23:18:06,011,WAC_006_206_9,15,0.025,13,0.972,0.0,22.65
2025-10-26 23:28:09,011,WAC_006_206_9,8,0.013,14,0.986,0.0,22.62
2025-10-26 23:38:12,011,WAC_006_206_9,4,0.007,14,0.993,0.0,22.59
2025-10-26 23:48:15,011,WAC_006_206_9,7,0.012,13,0.987,0.0,22.56
2025-10-26 23:58:18,011,WAC_006_206_9,5,0.008,14,0.991,0.0,22.54
2025-11-01 00:08:24,008,WAC_006_235_13,303,0.504,1,0.117,0.0,21.88
2025-11-01 00:18:26,008,WAC_006_235_13,335,0.557,1,0.107,0.0,21.98
2025-11-01 00:28:29,008,WAC_006_235_13,110,0.183,9,0.766,0.0,22.01
2025-11-01 00:38:32,008,WAC_006_235_13,15,0.025,12,0.97,0.0,22.04
2025-11-01 00:48:35,008,WAC_006_235_13,14,0.023,13,0.974,0.0,22.03
2025-11-01 00:58:37,008,WAC_006_235_13,6,0.01,13,0.989,0.0,22.01
2025-11-01 01:08:40,008,WAC_006_235_13,33,0.055,12,0.936,0.0,22.02
2025-11-01 01:18:43,008,WAC_006_235_13,6,0.01,14,0.989,0.0,21.97
2025-11-01 01:28:46,008,WAC_006_235_13,220,0.365,5,0.476,0.0,21.97
2025-11-01 01:38:49,008,WAC_006_235_13,372,0.619,0,0.0,0.0,21.95
2025-11-01 01:48:52,008,WAC_006_235_13,118,0.196,7,0.704,0.0,21.83
2025-11-01 01:58:55,008,WAC_006_235_13,168,0.28,5,0.543,0.0,21.74
2025-11-01 02:08:58,008,WAC_006_235_13,111,0.185,8,0.742,0.0,21.69
2025-11-01 02:19:01,008,WAC_006_235_13,235,0.391,4,0.405,0.0,21.68
2025-11-01 02:29:04,008,WAC_006_235_13,255,0.424,2,0.239,0.0,21.71
2025-11-01 02:39:07,008,WAC_006_235_13,220,0.365,3,0.353,0.0,21.7
2025-11-01 02:49:10,008,WAC_006_235_13,136,0.226,8,0.702,0.0,21.71
2025-11-01 02:59:13,008,WAC_006_235_13,197,0.328,2,0.289,0.0,21.71
2025-11-01 03:09:16,008,WAC_006_235_13,429,0.714,0,0.0,0.0,21.8
2025-11-01 03:19:19,008,WAC_006_235_13,122,0.203,1,0.247,0.0,21.8
2025-11-01 03:29:22,008,WAC_006_235_13,4,0.007,13,0.992,0.0,21.77
2025-11-01 03:39:25,008,WAC_006_235_13,6,0.01,13,0.989,0.0,21.75
2025-11-01 03:49:28,008,WAC_006_235_13,0,0.0,14,1.0,0.0,21.73
2025-11-01 03:59:49,008,WAC_006_235_13,0,0.0,14,1.0,0.0,21.72
2025-11-01 04:09:52,008,WAC_006_235_13,22,0.037,11,0.952,0.0,21.67
2025-11-01 04:19:55,008,WAC_006_235_13,63,0.105,3,0.656,0.0,21.67
2025-11-01 04:29:58,008,WAC_006_235_13,170,0.283,5,0.541,0.0,21.61
2025-11-01 04:40:01,008,WAC_006_235_13,103,0.171,7,0.731,0.0,21.59
2025-11-01 04:50:04,008,WAC_006_235_13,199,0.331,2,0.287,0.0,21.58
2025-11-01 05:00:07,008,WAC_006_235_13,332,0.553,0,0.0,0.0,21.69
2025-11-01 05:10:10,008,WAC_006_235_13,13,0.022,12,0.974,0.0,21.76
2025-11-01 05:20:13,008,WAC_006_235_13,5,0.008,13,0.99,0.0,21.8
2025-11-01 05:30:16,008,WAC_006_235_13,0,0.0,14,1.0,0.0,21.79
2025-11-01 05:40:19,008,WAC_006_235_13,2,0.003,14,0.996,0.0,21.79
2025-11-01 05:50:22,008,WAC_006_235_13,6,0.01,14,0.989,0.0,21.78
2025-11-01 06:00:26,008,WAC_006_235_13,17,0.028,12,0.966,0.4032,21.77
2025-11-01 06:10:28,008,WAC_006_235_13,3,0.005,14,0.995,0.396,21.8
2025-11-01 06:20:32,008,WAC_006_235_13,59,0.098,7,0.826,0.27,21.83
2025-11-01 06:30:35,008,WAC_006_235_13,46,0.077,8,0.874,0.396,21.92
2025-11-01 06:40:38,008,WAC_006_235_13,3,0.005,13,0.994,0.3888,21.93
2025-11-01 06:50:41,008,WAC_006_235_13,0,0.0,14,1.0,0.3996,21.96
2025-11-01 07:00:44,008,WAC_006_235_13,0,0.0,14,1.0,0.4032,21.97
2025-11-01 07:10:47,008,WAC_006_235_13,1,0.002,14,0.998,0.4032,21.98
2025-11-01 07:20:50,008,WAC_006_235_13,8,0.013,14,0.986,0.396,21.93
2025-11-01 07:30:53,008,WAC_006_235_13,0,0.0,14,1.0,0.3816,21.89
2025-11-01 07:40:56,008,WAC_006_235_13,7,0.012,14,0.988,0.3996,21.9
2025-11-01 07:50:59,008,WAC_006_235_13,6,0.01,14,0.989,0.4032,21.94
2025-11-01 08:01:24,008,WAC_006_235_13,29,0.048,11,0.938,0.3168,22.01
2025-11-01 08:11:27,008,WAC_006_235_13,173,0.288,4,0.48,0.4068,21.99
2025-11-01 08:21:30,008,WAC_006_235_13,133,0.222,7,0.678,0.288,21.83
2025-11-01 08:31:33,008,WAC_006_235_13,231,0.384,5,0.464,0.4464,21.85
2025-11-01 08:41:36,008,WAC_006_235_13,20,0.033,12,0.96,0.4896,21.97
2025-11-01 08:51:39,008,WAC_006_235_13,4,0.007,13,0.992,0.4644,21.99
2025-11-01 09:01:42,008,WAC_006_235_13,9,0.015,13,0.983,0.468,21.94
2025-11-01 09:11:45,008,WAC_006_235_13,1,0.002,14,0.998,0.432,21.94
2025-11-01 09:21:48,008,WAC_006_235_13,9,0.015,13,0.983,0.4572,21.91
2025-11-01 09:31:51,008,WAC_006_235_13,2,0.003,14,0.996,0.4068,21.87
2025-11-01 09:41:54,008,WAC_006_235_13,4,0.007,14,0.993,0.4212,21.89
2025-11-01 09:51:57,008,WAC_006_235_13,0,0.0,14,1.0,0.4356,21.89
2025-11-01 10:01:59,008,WAC_006_235_13,6,0.01,14,0.989,0.4356,21.87
2025-11-01 10:12:02,008,WAC_006_235_13,3,0.005,14,0.995,0.396,21.85
2025-11-01 10:22:05,008,WAC_006_235_13,6,0.01,12,0.988,0.3996,21.84
2025-11-01 10:32:08,008,WAC_006_235_13,1,0.002,14,0.998,0.414,21.82
2025-11-01 10:42:11,008,WAC_006_235_13,10,0.017,11,0.978,0.4392,21.89
2025-11-01 10:52:14,008,WAC_006_235_13,72,0.12,5,0.735,0.3528,22.04
2025-11-01 11:02:17,008,WAC_006_235_13,112,0.186,7,0.714,0.3636,21.85
2025-11-01 11:12:20,008,WAC_006_235_13,246,0.409,3,0.328,0.3024,22.0
2025-11-01 11:22:23,008,WAC_006_235_13,20,0.033,13,0.963,0.3384,22.04
2025-11-01 11:32:25,008,WAC_006_235_13,5,0.008,13,0.99,0.342,22.07
2025-11-01 11:42:28,008,WAC_006_235_13,6,0.01,14,0.989,0.3276,22.1
2025-11-01 11:52:31,008,WAC_006_235_13,0,0.0,14,1.0,0.342,22.14
2025-11-01 12:02:51,008,WAC_006_235_13,0,0.0,14,1.0,0.3312,22.22
2025-11-01 12:12:54,008,WAC_006_235_13,38,0.063,11,0.921,0.2808,22.27
2025-11-01 12:22:56,008,WAC_006_235_13,91,0.151,6,0.725,0.3384,22.18
2025-11-01 12:32:59,008,WAC_006_235_13,205,0.341,3,0.369,0.216,22.12
2025-11-01 12:43:02,008,WAC_006_235_13,45,0.075,11,0.907,0.2844,22.22
2025-11-01 12:53:05,008,WAC_006_235_13,7,0.012,13,0.987,0.2664,22.28
2025-11-01 13:03:08,008,WAC_006_235_13,8,0.013,13,0.985,0.2844,22.32
2025-11-01 13:13:12,008,WAC_006_235_13,2,0.003,14,0.996,0.306,22.33
2025-11-01 13:23:15,008,WAC_006_235_13,9,0.015,13,0.983,0.2484,22.34
2025-11-01 13:33:17,008,WAC_006_235_13,5,0.008,14,0.991,0.2988,22.34
2025-11-01 13:43:20,008,WAC_006_235_13,4,0.007,14,0.993,0.27,22.33
2025-11-01 13:53:23,008,WAC_006_235_13,0,0.0,14,1.0,0.2664,22.29
2025-11-01 14:03:26,008,WAC_006_235_13,7,0.012,13,0.987,0.27,22.3
2025-11-01 14:13:29,008,WAC_006_235_13,115,0.191,3,0.511,0.2412,22.32
2025-11-01 14:23:33,008,WAC_006_235_13,141,0.235,5,0.587,0.2916,22.27
2025-11-01 14:33:36,008,WAC_006_235_13,71,0.118,11,0.861,0.4212,22.09
2025-11-01 14:43:39,008,WAC_006_235_13,168,0.28,2,0.323,0.2628,22.25
2025-11-01 14:53:43,008,WAC_006_235_13,2,0.003,14,0.996,0.36,22.32
2025-11-01 15:03:45,008,WAC_006_235_13,1,0.002,14,0.998,0.3996,22.34
2025-11-01 15:13:48,008,WAC_006_235_13,1,0.002,14,0.998,0.3888,22.34
2025-11-01 15:23:51,008,WAC_006_235_13,5,0.008,13,0.99,0.3024,22.29
2025-11-01 15:33:54,008,WAC_006_235_13,14,0.023,13,0.974,0.3276,22.23
2025-11-01 15:43:57,008,WAC_006_235_13,2,0.003,13,0.996,0.3312,22.22
2025-11-01 15:54:00,008,WAC_006_235_13,5,0.008,14,0.991,0.3168,22.18
2025-11-01 16:04:21,008,WAC_006_235_13,88,0.147,5,0.694,0.144,22.33
2025-11-01 16:14:25,008,WAC_006_235_13,109,0.181,7,0.72,0.3672,22.26
2025-11-01 16:24:27,008,WAC_006_235_13,96,0.16,8,0.769,0.36,22.06
2025-11-01 16:34:30,008,WAC_006_235_13,139,0.231,6,0.633,0.3024,21.99
2025-11-01 16:44:34,008,WAC_006_235_13,53,0.088,8,0.858,0.3852,22.14
2025-11-01 16:54:37,008,WAC_006_235_13,16,0.027,12,0.968,0.3852,22.16
2025-11-01 17:04:40,008,WAC_006_235_13,13,0.022,13,0.976,0.3816,22.14
2025-11-01 17:14:43,008,WAC_006_235_13,0,0.0,14,1.0,0.4032,22.1
2025-11-01 17:24:45,008,WAC_006_235_13,7,0.012,13,0.987,0.3168,22.08
2025-11-01 17:34:48,008,WAC_006_235_13,102,0.17,7,0.733,0.2304,22.12
2025-11-01 17:44:51,008,WAC_006_235_13,140,0.233,6,0.632,0.2844,21.95
2025-11-01 17:54:54,008,WAC_006_235_13,135,0.225,7,0.675,0.2736,21.94
2025-11-01 18:04:57,008,WAC_006_235_13,23,0.038,11,0.95,0.0,21.98
2025-11-01 18:14:59,008,WAC_006_235_13,0,0.0,14,1.0,0.0,21.94
2025-11-01 18:25:02,008,WAC_006_235_13,87,0.145,6,0.734,0.0,22.0
2025-11-01 18:35:05,008,WAC_006_235_13,272,0.453,1,0.128,0.0,22.1
2025-11-01 18:45:08,008,WAC_006_235_13,58,0.097,11,0.884,0.0,21.83
2025-11-01 18:55:10,008,WAC_006_235_13,244,0.406,2,0.247,0.0,21.76
2025-11-01 19:05:13,008,WAC_006_235_13,294,0.489,1,0.12,0.0,21.79
2025-11-01 19:15:16,008,WAC_006_235_13,34,0.057,13,0.939,0.0,21.7
2025-11-01 19:25:19,008,WAC_006_235_13,240,0.399,3,0.333,0.0,21.69
2025-11-01 19:35:22,008,WAC_006_235_13,358,0.595,1,0.101,0.0,21.69
2025-11-01 19:45:25,008,WAC_006_235_13,370,0.616,1,0.098,0.0,21.78
2025-11-01 19:55:28,008,WAC_006_235_13,196,0.326,2,0.29,0.0,21.99
2025-11-01 20:05:54,008,WAC_006_235_13,52,0.087,11,0.894,0.0,21.98
2025-11-01 20:15:57,008,WAC_006_235_13,92,0.153,6,0.723,0.0,21.92
2025-11-01 20:26:00,008,WAC_006_235_13,67,0.111,12,0.878,0.0,21.79
2025-11-01 20:36:02,008,WAC_006_235_13,183,0.304,3,0.396,0.0,21.78
2025-11-01 20:46:05,008,WAC_006_235_13,200,0.333,4,0.444,0.0,21.77
2025-11-01 20:56:08,008,WAC_006_235_13,139,0.231,7,0.668,0.0,21.76
2025-11-01 21:06:11,008,WAC_006_235_13,40,0.067,8,0.889,0.0,21.8
2025-11-01 21:16:14,008,WAC_006_235_13,37,0.062,10,0.915,0.0,21.82
2025-11-01 21:26:17,008,WAC_006_235_13,153,0.255,2,0.343,0.0,21.83
2025-11-01 21:36:19,008,WAC_006_235_13,214,0.356,6,0.529,0.0,21.76
2025-11-01 21:46:22,008,WAC_006_235_13,200,0.333,4,0.444,0.0,21.71
2025-11-01 21:56:25,008,WAC_006_235_13,18,0.03,12,0.964,0.0,21.64
2025-11-01 22:06:28,008,WAC_006_235_13,295,0.491,1,0.119,0.0,21.75
2025-11-01 22:16:31,008,WAC_006_235_13,295,0.491,2,0.213,0.0,21.73
2025-11-01 22:26:34,008,WAC_006_235_13,137,0.228,6,0.637,0.0,21.71
2025-11-01 22:36:36,008,WAC_006_235_13,134,0.223,8,0.705,0.0,21.73
2025-11-01 22:46:39,008,WAC_006_235_13,309,0.514,2,0.206,0.0,21.74
2025-11-01 22:56:42,008,WAC_006_235_13,192,0.32,2,0.294,0.0,21.78
2025-11-01 23:06:45,008,WAC_006_235_13,115,0.191,9,0.758,0.0,21.74
2025-11-01 23:16:48,008,WAC_006_235_13,338,0.562,1,0.106,0.0,21.8
2025-11-01 23:26:51,008,WAC_006_235_13,221,0.368,3,0.352,0.0,21.94
2025-11-01 23:36:54,008,WAC_006_235_13,255,0.424,4,0.386,0.0,21.93
2025-11-01 23:46:57,008,WAC_006_235_13,169,0.281,7,0.624,0.0,21.82
2025-11-01 23:57:00,008,WAC_006_235_13,302,0.502,1,0.117,0.0,21.84
2025-11-02 00:07:21,008,WAC_006_235_13,159,0.266,6,0.602,0.0,21.85
2025-11-02 00:17:24,008,WAC_006_235_13,260,0.433,2,0.235,0.0,21.92
2025-11-02 00:27:27,008,WAC_006_235_13,130,0.216,6,0.649,0.0,21.8
2025-11-02 00:37:29,008,WAC_006_235_13,299,0.498,2,0.211,0.0,21.77
2025-11-02 00:47:32,008,WAC_006_235_13,339,0.564,4,0.321,0.0,21.84
2025-11-02 00:57:35,008,WAC_006_235_13,159,0.265,6,0.602,0.0,21.96
2025-11-02 01:07:39,008,WAC_006_235_13,43,0.072,11,0.911,0.0,21.99
2025-11-02 01:17:42,008,WAC_006_235_13,7,0.012,14,0.988,0.0,21.98
2025-11-02 01:27:44,008,WAC_006_235_13,40,0.067,11,0.917,0.0,21.93
2025-11-02 01:37:47,008,WAC_006_235_13,401,0.667,2,0.166,0.0,21.95
2025-11-02 01:47:50,008,WAC_006_235_13,342,0.569,0,0.0,0.0,21.93
2025-11-02 01:57:54,008,WAC_006_235_13,115,0.191,10,0.777,0.0,21.83
2025-11-02 02:07:57,008,WAC_006_235_13,174,0.29,3,0.408,0.0,21.77
2025-11-02 02:17:59,008,WAC_006_235_13,196,0.326,5,0.505,0.0,21.72
2025-11-02 02:28:03,008,WAC_006_235_13,316,0.526,1,0.112,0.0,21.79
2025-11-02 02:38:06,008,WAC_006_235_13,344,0.572,0,0.0,0.0,21.94
2025-11-02 02:48:09,008,WAC_006_235_13,16,0.027,12,0.968,0.0,21.93
2025-11-02 02:58:12,008,WAC_006_235_13,27,0.045,11,0.942,0.0,21.93
2025-11-02 03:08:15,008,WAC_006_235_13,30,0.05,13,0.945,0.0,21.91
2025-11-02 03:08:49,008,WAC_006_235_13,221,0.37,5,0.475,0.0,21.74
2025-11-02 03:18:17,008,WAC_006_235_13,4,0.007,14,0.993,0.0,21.91
2025-11-02 03:18:52,008,WAC_006_235_13,155,0.258,4,0.508,0.0,21.88
2025-11-02 03:28:20,008,WAC_006_235_13,130,0.217,6,0.649,0.0,21.89
2025-11-02 03:28:55,008,WAC_006_235_13,35,0.058,10,0.92,0.0,21.88
2025-11-02 03:38:23,008,WAC_006_235_13,295,0.491,0,0.0,0.0,21.92
2025-11-02 03:38:58,008,WAC_006_235_13,16,0.027,11,0.965,0.0,21.87
2025-11-02 03:48:26,008,WAC_006_235_13,74,0.123,12,0.866,0.0,21.79
2025-11-02 03:49:00,008,WAC_006_235_13,14,0.023,12,0.972,0.0,21.84
2025-11-02 03:58:29,008,WAC_006_235_13,196,0.327,0,0.0,0.0,21.72
2025-11-02 03:59:03,008,WAC_006_235_13,203,0.338,5,0.496,0.0,21.87
2025-11-02 04:09:06,008,WAC_006_235_13,85,0.141,8,0.79,0.0,21.74
2025-11-02 04:19:09,008,WAC_006_235_13,304,0.506,0,0.0,0.0,21.7
2025-11-02 04:29:12,008,WAC_006_235_13,417,0.694,1,0.088,0.0,21.89
2025-11-02 04:39:15,008,WAC_006_235_13,52,0.087,9,0.874,0.0,22.04
2025-11-02 04:49:18,008,WAC_006_235_13,26,0.043,12,0.949,0.0,22.05
2025-11-02 04:59:21,008,WAC_006_235_13,62,0.103,9,0.853,0.0,22.09
2025-11-02 05:09:23,008,WAC_006_235_13,263,0.438,2,0.233,0.0,22.07
2025-11-02 05:19:26,008,WAC_006_235_13,107,0.178,8,0.749,0.0,22.1
2025-11-02 05:29:29,008,WAC_006_235_13,10,0.017,12,0.98,0.0,22.1
2025-11-02 05:39:31,008,WAC_006_235_13,9,0.015,13,0.983,0.0,22.08
2025-11-02 05:49:34,008,WAC_006_235_13,14,0.023,12,0.972,0.0,22.07
2025-11-02 05:59:37,008,WAC_006_235_13,271,0.451,2,0.228,0.0,22.08
2025-11-02 06:09:40,008,WAC_006_235_13,43,0.072,12,0.918,0.27,22.08
2025-11-02 06:19:43,008,WAC_006_235_13,6,0.01,13,0.989,0.288,22.06
2025-11-02 06:29:47,008,WAC_006_235_13,0,0.0,14,1.0,0.3096,22.0
2025-11-02 06:39:50,008,WAC_006_235_13,3,0.005,13,0.994,0.27,21.95
2025-11-02 06:49:53,008,WAC_006_235_13,41,0.068,11,0.915,0.3024,22.01
2025-11-02 06:59:56,008,WAC_006_235_13,4,0.007,14,0.993,0.3024,22.0
2025-11-02 07:10:00,008,WAC_006_235_13,7,0.012,13,0.987,0.3168,22.03
2025-11-02 07:20:03,008,WAC_006_235_13,1,0.002,14,0.998,0.2988,22.03
2025-11-02 07:30:05,008,WAC_006_235_13,20,0.033,13,0.963,0.288,22.04
2025-11-02 07:40:08,008,WAC_006_235_13,0,0.0,14,1.0,0.324,21.99
2025-11-02 07:50:12,008,WAC_006_235_13,7,0.012,14,0.988,0.3312,21.99
2025-11-02 08:00:15,008,WAC_006_235_13,0,0.0,14,1.0,0.2988,21.94
2025-11-02 08:10:38,008,WAC_006_235_13,124,0.207,2,0.392,0.2088,22.07
2025-11-02 08:20:41,008,WAC_006_235_13,133,0.221,5,0.601,0.3456,21.99
2025-11-02 08:30:44,008,WAC_006_235_13,171,0.285,1,0.19,0.2412,22.07
2025-11-02 08:40:46,008,WAC_006_235_13,72,0.12,9,0.833,0.2304,22.07
2025-11-02 08:50:50,008,WAC_006_235_13,0,0.0,14,1.0,0.216,22.04
2025-11-02 09:00:52,008,WAC_006_235_13,1,0.002,13,0.998,0.2124,22.0
2025-11-02 09:10:55,008,WAC_006_235_13,3,0.005,13,0.994,0.2088,21.96
2025-11-02 09:20:58,008,WAC_006_235_13,1,0.002,14,0.998,0.1836,21.93
2025-11-02 09:31:02,008,WAC_006_235_13,0,0.0,14,1.0,0.1872,21.88
2025-11-02 09:41:04,008,WAC_006_235_13,0,0.0,14,1.0,0.2088,21.89
2025-11-02 09:51:07,008,WAC_006_235_13,0,0.0,14,1.0,0.2088,21.89
2025-11-02 10:01:10,008,WAC_006_235_13,0,0.0,14,1.0,0.216,21.9
2025-11-02 10:11:13,008,WAC_006_235_13,5,0.008,13,0.99,0.216,21.86
2025-11-02 10:21:16,008,WAC_006_235_13,1,0.002,14,0.998,0.2232,21.83
2025-11-02 10:31:19,008,WAC_006_235_13,4,0.007,14,0.993,0.2088,21.79
2025-11-02 10:41:22,008,WAC_006_235_13,43,0.072,8,0.882,0.2376,21.89
2025-11-02 10:51:25,008,WAC_006_235_13,92,0.153,4,0.635,0.3384,21.93
2025-11-02 11:01:28,008,WAC_006_235_13,96,0.16,10,0.806,0.2412,21.74
2025-11-02 11:11:31,008,WAC_006_235_13,146,0.243,4,0.523,0.2412,21.92
2025-11-02 11:21:34,008,WAC_006_235_13,7,0.012,13,0.987,0.2376,21.91
2025-11-02 11:31:36,008,WAC_006_235_13,6,0.01,14,0.989,0.234,21.88
2025-11-02 11:41:39,008,WAC_006_235_13,0,0.0,14,1.0,0.2448,21.88
2025-11-02 11:51:42,008,WAC_006_235_13,21,0.035,11,0.954,0.2376,21.87
2025-11-02 12:01:45,008,WAC_006_235_13,40,0.066,10,0.909,0.252,21.88
2025-11-02 12:12:04,008,WAC_006_235_13,0,0.0,14,1.0,0.252,21.95
2025-11-02 12:22:07,008,WAC_006_235_13,0,0.0,14,1.0,0.2592,21.94
2025-11-02 12:32:10,008,WAC_006_235_13,1,0.002,14,0.998,0.27,21.93
2025-11-02 12:42:13,008,WAC_006_235_13,0,0.0,14,1.0,0.2736,21.91
2025-11-02 12:52:16,008,WAC_006_235_13,9,0.015,13,0.983,0.2664,21.89
2025-11-02 13:02:18,008,WAC_006_235_13,0,0.0,14,1.0,0.288,21.86
2025-11-02 13:12:21,008,WAC_006_235_13,59,0.098,7,0.826,0.2376,21.93
2025-11-02 13:22:24,008,WAC_006_235_13,32,0.053,10,0.926,0.414,21.83
2025-11-02 13:32:26,008,WAC_006_235_13,94,0.156,10,0.81,0.3024,21.95
2025-11-02 13:42:30,008,WAC_006_235_13,0,0.0,14,1.0,0.306,22.05
2025-11-02 13:52:32,008,WAC_006_235_13,0,0.0,14,1.0,0.2844,22.05
2025-11-02 14:02:35,008,WAC_006_235_13,7,0.012,13,0.987,0.288,22.06
2025-11-02 14:12:38,008,WAC_006_235_13,4,0.007,13,0.992,0.2772,22.07
2025-11-02 14:22:41,008,WAC_006_235_13,2,0.003,14,0.996,0.2736,22.08
2025-11-02 14:32:45,008,WAC_006_235_13,7,0.012,12,0.986,0.2808,22.07
2025-11-02 14:42:47,008,WAC_006_235_13,109,0.181,5,0.647,0.162,22.19
2025-11-02 14:52:50,008,WAC_006_235_13,161,0.268,3,0.427,0.3096,22.13
2025-11-02 15:02:53,008,WAC_006_235_13,46,0.077,12,0.913,0.3204,21.84
2025-11-02 15:12:57,008,WAC_006_235_13,91,0.151,8,0.779,0.288,21.72
2025-11-02 15:22:59,008,WAC_006_235_13,208,0.346,0,0.0,0.3528,21.9
2025-11-02 15:33:02,008,WAC_006_235_13,6,0.01,13,0.989,0.3456,21.87
2025-11-02 15:43:05,008,WAC_006_235_13,5,0.008,13,0.99,0.3492,21.86
2025-11-02 15:53:09,008,WAC_006_235_13,8,0.013,13,0.985,0.3744,21.83
2025-11-02 16:03:12,008,WAC_006_235_13,6,0.01,13,0.989,0.3276,21.83
2025-11-02 16:13:35,008,WAC_006_235_13,4,0.007,13,0.992,0.3456,21.89
2025-11-02 16:23:38,008,WAC_006_235_13,10,0.017,14,0.982,0.3636,21.85
2025-11-02 16:33:41,008,WAC_006_235_13,42,0.07,8,0.884,0.324,21.93
2025-11-02 16:43:44,008,WAC_006_235_13,86,0.143,7,0.765,0.3708,21.95
2025-11-02 16:53:47,008,WAC_006_235_13,6,0.01,14,0.989,0.3672,21.92
2025-11-02 17:03:49,008,WAC_006_235_13,0,0.0,14,1.0,0.36,21.89
2025-11-02 17:13:52,008,WAC_006_235_13,112,0.186,2,0.417,0.2484,22.0
2025-11-02 17:23:55,008,WAC_006_235_13,84,0.14,10,0.826,0.3852,21.76
2025-11-02 17:33:58,008,WAC_006_235_13,263,0.438,2,0.233,0.2664,21.81
2025-11-02 17:44:01,008,WAC_006_235_13,129,0.215,7,0.685,0.2664,21.95
2025-11-02 17:54:04,008,WAC_006_235_13,201,0.335,6,0.544,0.252,21.95
2025-11-02 18:04:07,008,WAC_006_235_13,143,0.238,6,0.627,0.0,21.81
2025-11-02 18:14:10,008,WAC_006_235_13,161,0.268,6,0.599,0.0,21.74
2025-11-02 18:24:13,008,WAC_006_235_13,339,0.564,3,0.261,0.0,21.7
2025-11-02 18:34:15,008,WAC_006_235_13,261,0.434,2,0.235,0.0,21.73
2025-11-02 18:44:18,008,WAC_006_235_13,187,0.311,6,0.562,0.0,21.69
2025-11-02 18:54:21,008,WAC_006_235_13,318,0.529,2,0.201,0.0,21.77
2025-11-02 19:04:24,008,WAC_006_235_13,149,0.248,8,0.682,0.0,21.74
2025-11-02 19:14:27,008,WAC_006_235_13,147,0.244,7,0.656,0.0,21.71
2025-11-02 19:24:30,008,WAC_006_235_13,291,0.485,2,0.216,0.0,21.76
2025-11-02 19:34:33,008,WAC_006_235_13,76,0.126,10,0.84,0.0,21.72
2025-11-02 19:44:36,008,WAC_006_235_13,324,0.539,1,0.11,0.0,21.8
2025-11-02 19:54:39,008,WAC_006_235_13,80,0.133,9,0.818,0.0,21.77
2025-11-02 20:04:43,008,WAC_006_235_13,309,0.514,5,0.393,0.0,21.83
2025-11-02 20:15:03,008,WAC_006_235_13,128,0.214,5,0.61,0.0,22.01
2025-11-02 20:25:06,008,WAC_006_235_13,151,0.251,6,0.614,0.0,22.03
2025-11-02 20:35:09,008,WAC_006_235_13,210,0.349,2,0.276,0.0,21.96
2025-11-02 20:45:12,008,WAC_006_235_13,166,0.276,4,0.491,0.0,21.93
2025-11-02 20:55:15,008,WAC_006_235_13,297,0.494,1,0.119,0.0,21.89
2025-11-02 21:05:18,008,WAC_006_235_13,74,0.123,10,0.844,0.0,21.82
2025-11-02 21:15:21,008,WAC_006_235_13,294,0.489,2,0.214,0.0,21.84
2025-11-02 21:25:24,008,WAC_006_235_13,78,0.13,10,0.837,0.0,21.79
2025-11-02 21:35:27,008,WAC_006_235_13,235,0.391,3,0.338,0.0,21.78
2025-11-02 21:45:29,008,WAC_006_235_13,168,0.28,4,0.488,0.0,21.75
2025-11-02 21:55:33,008,WAC_006_235_13,123,0.205,7,0.695,0.0,21.74
2025-11-02 22:05:35,008,WAC_006_235_13,114,0.19,8,0.737,0.0,21.73
2025-11-02 22:15:38,008,WAC_006_235_13,209,0.348,6,0.535,0.0,21.75
2025-11-02 22:25:41,008,WAC_006_235_13,330,0.549,0,0.0,0.0,21.79
2025-11-02 22:35:44,008,WAC_006_235_13,359,0.596,2,0.182,0.0,21.77
2025-11-02 22:45:47,008,WAC_006_235_13,170,0.283,4,0.485,0.0,21.8
2025-11-02 22:55:50,008,WAC_006_235_13,22,0.037,10,0.948,0.0,21.77
2025-11-02 23:05:53,008,WAC_006_235_13,26,0.043,12,0.949,0.0,21.74
2025-11-02 23:15:56,008,WAC_006_235_13,21,0.035,12,0.958,0.0,21.71
2025-11-02 23:25:59,008,WAC_006_235_13,180,0.3,5,0.526,0.0,21.72
2025-11-02 23:36:02,008,WAC_006_235_13,179,0.298,2,0.309,0.0,21.7
2025-11-02 23:46:05,008,WAC_006_235_13,111,0.185,8,0.742,0.0,21.64
2025-11-02 23:56:08,008,WAC_006_235_13,193,0.321,4,0.453,0.0,21.66
2025-10-25 00:03:27,039,WAC_006_235_14,233,0.388,4,0.407,0.0,21.6
2025-10-25 00:13:29,039,WAC_006_235_14,181,0.302,6,0.57,0.0,21.6
2025-10-25 00:23:43,039,WAC_006_235_14,318,0.532,2,0.201,0.0,21.61
2025-10-25 00:33:46,039,WAC_006_235_14,200,0.333,6,0.545,0.0,21.55
2025-10-25 00:43:49,039,WAC_006_235_14,396,0.659,1,0.092,0.0,21.62
2025-10-25 00:53:51,039,WAC_006_235_14,364,0.606,3,0.248,0.0,21.61
2025-10-25 01:03:54,039,WAC_006_235_14,55,0.092,12,0.897,0.0,21.62
2025-10-25 01:13:57,039,WAC_006_235_14,38,0.063,11,0.921,0.0,21.55
2025-10-25 01:23:59,039,WAC_006_235_14,251,0.418,5,0.443,0.0,21.5
2025-10-25 01:34:02,039,WAC_006_235_14,364,0.605,1,0.099,0.0,21.48
2025-10-25 01:44:05,039,WAC_006_235_14,147,0.245,7,0.656,0.0,21.44
2025-10-25 01:54:07,039,WAC_006_235_14,237,0.394,2,0.252,0.0,21.47
2025-10-25 02:04:10,039,WAC_006_235_14,273,0.453,2,0.227,0.0,21.57
2025-10-25 02:14:13,039,WAC_006_235_14,134,0.223,5,0.599,0.0,21.56
2025-10-25 02:24:16,039,WAC_006_235_14,210,0.349,3,0.364,0.0,21.59
2025-10-25 02:34:19,039,WAC_006_235_14,76,0.126,10,0.84,0.0,21.62
2025-10-25 02:44:22,039,WAC_006_235_14,63,0.105,11,0.875,0.0,21.67
2025-10-25 02:54:25,039,WAC_006_235_14,197,0.327,7,0.587,0.0,21.61
2025-10-25 03:04:27,039,WAC_006_235_14,374,0.623,1,0.097,0.0,21.61
2025-10-25 03:14:30,039,WAC_006_235_14,253,0.421,5,0.442,0.0,21.56
2025-10-25 03:24:33,039,WAC_006_235_14,181,0.301,5,0.525,0.0,21.51
2025-10-25 03:34:36,039,WAC_006_235_14,292,0.487,5,0.407,0.0,21.47
2025-10-25 03:44:39,039,WAC_006_235_14,223,0.371,5,0.473,0.0,21.44
2025-10-25 03:54:41,039,WAC_006_235_14,284,0.473,3,0.297,0.0,21.47
2025-10-25 04:04:44,039,WAC_006_235_14,257,0.428,3,0.318,0.0,21.45
2025-10-25 04:14:47,039,WAC_006_235_14,225,0.374,6,0.516,0.0,21.43
2025-10-25 04:24:57,039,WAC_006_235_14,200,0.334,3,0.375,0.0,21.42
2025-10-25 04:34:59,039,WAC_006_235_14,206,0.343,4,0.437,0.0,21.38
2025-10-25 04:45:02,039,WAC_006_235_14,20,0.033,13,0.963,0.0,21.35
2025-10-25 04:55:04,039,WAC_006_235_14,170,0.283,4,0.485,0.0,21.33
2025-10-25 05:05:06,039,WAC_006_235_14,148,0.246,7,0.654,0.0,21.33
2025-10-25 05:15:09,039,WAC_006_235_14,277,0.461,3,0.302,0.0,21.32
2025-10-25 05:25:11,039,WAC_006_235_14,328,0.546,2,0.196,0.0,21.37
2025-10-25 05:35:14,039,WAC_006_235_14,201,0.334,6,0.544,0.0,21.36
2025-10-25 05:45:17,039,WAC_006_235_14,249,0.414,3,0.325,0.0,21.37
2025-10-25 05:55:20,039,WAC_006_235_14,472,0.785,1,0.078,0.0,21.39
2025-10-25 06:05:23,039,WAC_006_235_14,264,0.44,3,0.312,0.0432,21.39
2025-10-25 06:15:26,039,WAC_006_235_14,325,0.541,2,0.198,0.0828,21.41
2025-10-25 06:25:28,039,WAC_006_235_14,131,0.218,7,0.681,0.0504,21.42
2025-10-25 06:35:31,039,WAC_006_235_14,5,0.008,14,0.991,0.0144,21.42
2025-10-25 06:45:34,039,WAC_006_235_14,2,0.003,15,0.997,0.0144,21.4
2025-10-25 06:55:37,039,WAC_006_235_14,10,0.017,13,0.981,0.0288,21.35
2025-10-25 07:05:39,039,WAC_006_235_14,4,0.007,14,0.993,0.0504,21.34
2025-10-25 07:15:42,039,WAC_006_235_14,16,0.027,14,0.972,0.0504,21.33
2025-10-25 07:25:44,039,WAC_006_235_14,26,0.043,10,0.939,0.036,21.34
2025-10-25 07:35:47,039,WAC_006_235_14,53,0.088,10,0.883,0.0612,21.35
2025-10-25 07:45:50,039,WAC_006_235_14,0,0.0,15,1.0,0.0828,21.34
2025-10-25 07:55:53,039,WAC_006_235_14,2,0.003,15,0.997,0.0864,21.32
2025-10-25 08:05:55,039,WAC_006_235_14,2,0.003,14,0.996,0.1188,21.31
2025-10-25 08:15:58,039,WAC_006_235_14,0,0.0,15,1.0,0.0936,21.3
2025-10-25 08:26:18,039,WAC_006_235_14,0,0.0,15,1.0,0.0864,21.34
2025-10-25 08:36:21,039,WAC_006_235_14,0,0.0,15,1.0,0.1152,21.31
2025-10-25 08:46:24,039,WAC_006_235_14,0,0.0,15,1.0,0.1152,21.29
2025-10-25 08:56:26,039,WAC_006_235_14,0,0.0,15,1.0,0.1152,21.31
2025-10-25 09:06:29,039,WAC_006_235_14,0,0.0,15,1.0,0.1008,21.29
2025-10-25 09:16:32,039,WAC_006_235_14,0,0.0,15,1.0,0.1008,21.27
2025-10-25 09:26:34,039,WAC_006_235_14,2,0.003,14,0.996,0.108,21.24
2025-10-25 09:36:36,039,WAC_006_235_14,2,0.003,15,0.997,0.0936,21.24
2025-10-25 09:46:38,039,WAC_006_235_14,2,0.003,15,0.997,0.0864,21.24
2025-10-25 09:56:40,039,WAC_006_235_14,28,0.047,13,0.949,0.1224,21.26
2025-10-25 10:06:43,039,WAC_006_235_14,88,0.146,6,0.732,0.0612,21.27
2025-10-25 10:16:46,039,WAC_006_235_14,7,0.012,13,0.987,0.072,21.31
2025-10-25 10:26:49,039,WAC_006_235_14,33,0.055,11,0.93,0.072,21.28
2025-10-25 10:36:51,039,WAC_006_235_14,139,0.231,5,0.59,0.0828,21.35
2025-10-25 10:46:54,039,WAC_006_235_14,349,0.581,1,0.103,0.0648,21.46
2025-10-25 10:56:58,039,WAC_006_235_14,164,0.272,3,0.423,0.1368,21.54
2025-10-25 11:07:00,039,WAC_006_235_14,21,0.035,14,0.964,0.1368,21.56
2025-10-25 11:17:03,039,WAC_006_235_14,5,0.008,15,0.992,0.1368,21.56
2025-10-25 11:27:06,039,WAC_006_235_14,12,0.02,14,0.979,0.1368,21.55
2025-10-25 11:37:08,039,WAC_006_235_14,19,0.032,11,0.959,0.1404,21.52
2025-10-25 11:47:10,039,WAC_006_235_14,15,0.025,13,0.972,0.1296,21.49
2025-10-25 11:57:13,039,WAC_006_235_14,1,0.002,14,0.998,0.1152,21.44
2025-10-25 12:07:16,039,WAC_006_235_14,19,0.032,13,0.965,0.1404,21.41
2025-10-25 12:17:19,039,WAC_006_235_14,2,0.003,15,0.997,0.1296,21.37
2025-10-25 12:27:31,039,WAC_006_235_14,11,0.018,13,0.979,0.1296,21.37
2025-10-25 12:37:33,039,WAC_006_235_14,0,0.0,15,1.0,0.1296,21.34
2025-10-25 12:47:36,039,WAC_006_235_14,85,0.141,4,0.653,0.1008,21.34
2025-10-25 12:57:39,039,WAC_006_235_14,52,0.087,10,0.885,0.108,21.34
2025-10-25 13:07:42,039,WAC_006_235_14,20,0.033,13,0.963,0.1368,21.34
2025-10-25 13:17:44,039,WAC_006_235_14,14,0.023,13,0.974,0.1476,21.33
2025-10-25 13:27:46,039,WAC_006_235_14,19,0.032,13,0.965,0.1224,21.33
2025-10-25 13:37:49,039,WAC_006_235_14,5,0.008,13,0.99,0.1152,21.32
2025-10-25 13:47:51,039,WAC_006_235_14,44,0.073,11,0.909,0.108,21.31
2025-10-25 13:57:54,039,WAC_006_235_14,33,0.055,11,0.93,0.1404,21.29
2025-10-25 14:07:57,039,WAC_006_235_14,116,0.193,3,0.508,0.1152,21.33
2025-10-25 14:17:59,039,WAC_006_235_14,60,0.1,10,0.87,0.1224,21.3
2025-10-25 14:28:01,039,WAC_006_235_14,301,0.501,4,0.347,0.0792,21.38
2025-10-25 14:38:04,039,WAC_006_235_14,215,0.358,2,0.271,0.0864,21.5
2025-10-25 14:48:07,039,WAC_006_235_14,5,0.008,15,0.992,0.0648,21.5
2025-10-25 14:58:09,039,WAC_006_235_14,6,0.01,14,0.989,0.0972,21.45
2025-10-25 15:08:11,039,WAC_006_235_14,7,0.012,14,0.988,0.0936,21.41
2025-10-25 15:18:14,039,WAC_006_235_14,18,0.03,13,0.967,0.0936,21.38
2025-10-25 15:28:17,039,WAC_006_235_14,14,0.023,12,0.972,0.0972,21.38
2025-10-25 15:38:19,039,WAC_006_235_14,0,0.0,15,1.0,0.072,21.36
2025-10-25 15:48:22,039,WAC_006_235_14,1,0.002,14,0.998,0.072,21.35
2025-10-25 15:58:24,039,WAC_006_235_14,2,0.003,14,0.996,0.0792,21.34
2025-10-25 16:08:27,039,WAC_006_235_14,12,0.02,14,0.979,0.0792,21.31
2025-10-25 16:18:30,039,WAC_006_235_14,109,0.182,8,0.746,0.0828,21.32
2025-10-25 16:28:51,039,WAC_006_235_14,128,0.214,4,0.556,0.0936,21.39
2025-10-25 16:38:54,039,WAC_006_235_14,174,0.29,8,0.648,0.0288,21.33
2025-10-25 16:48:57,039,WAC_006_235_14,78,0.13,6,0.755,0.0864,21.47
2025-10-25 16:58:59,039,WAC_006_235_14,8,0.013,14,0.986,0.0972,21.5
2025-10-25 17:09:02,039,WAC_006_235_14,7,0.012,13,0.987,0.09,21.52
2025-10-25 17:19:04,039,WAC_006_235_14,16,0.027,13,0.97,0.0864,21.53
2025-10-25 17:29:08,039,WAC_006_235_14,0,0.0,15,1.0,0.0936,21.55
2025-10-25 17:39:10,039,WAC_006_235_14,74,0.123,5,0.73,0.0756,21.62
2025-10-25 17:49:13,039,WAC_006_235_14,27,0.045,13,0.951,0.0864,21.51
2025-10-25 17:59:15,039,WAC_006_235_14,84,0.14,7,0.769,0.09,21.54
2025-10-25 18:09:18,039,WAC_006_235_14,6,0.01,13,0.989,0.0,21.57
2025-10-25 18:19:21,039,WAC_006_235_14,131,0.218,7,0.681,0.0,21.56
2025-10-25 18:29:23,039,WAC_006_235_14,191,0.318,3,0.386,0.0,21.63
2025-10-25 18:39:26,039,WAC_006_235_14,143,0.238,7,0.662,0.0,21.51
2025-10-25 18:49:28,039,WAC_006_235_14,161,0.268,5,0.554,0.0,21.47
2025-10-25 18:59:31,039,WAC_006_235_14,149,0.248,6,0.617,0.0,21.42
2025-10-25 19:09:34,039,WAC_006_235_14,166,0.276,8,0.658,0.0,21.42
2025-10-25 19:19:37,039,WAC_006_235_14,157,0.262,4,0.505,0.0,21.48
2025-10-25 19:29:40,039,WAC_006_235_14,184,0.306,5,0.521,0.0,21.45
2025-10-25 19:39:42,039,WAC_006_235_14,234,0.389,4,0.406,0.0,21.47
2025-10-25 19:49:45,039,WAC_006_235_14,91,0.152,6,0.725,0.0,21.65
2025-10-25 19:59:47,039,WAC_006_235_14,3,0.005,15,0.995,0.0,21.66
2025-10-25 20:09:50,039,WAC_006_235_14,4,0.007,15,0.993,0.0,21.67
2025-10-25 20:19:52,039,WAC_006_235_14,7,0.012,14,0.988,0.0,21.66
2025-10-25 20:30:24,039,WAC_006_235_14,16,0.027,12,0.968,0.0,21.72
2025-10-25 20:40:26,039,WAC_006_235_14,1,0.002,15,0.998,0.0,21.67
2025-10-25 20:50:28,039,WAC_006_235_14,20,0.033,13,0.963,0.0,21.66
2025-10-25 21:00:31,039,WAC_006_235_14,118,0.196,4,0.576,0.0,21.7
2025-10-25 21:10:35,039,WAC_006_235_14,127,0.211,6,0.654,0.0,21.64
2025-10-25 21:20:37,039,WAC_006_235_14,39,0.065,12,0.925,0.0,21.63
2025-10-25 21:30:40,039,WAC_006_235_14,9,0.015,14,0.984,0.0,21.49
2025-10-25 21:40:43,039,WAC_006_235_14,175,0.291,3,0.407,0.0,21.51
2025-10-25 21:50:46,039,WAC_006_235_14,156,0.26,6,0.606,0.0,21.66
2025-10-25 22:00:49,039,WAC_006_235_14,23,0.038,13,0.958,0.0,21.65
2025-10-25 22:10:51,039,WAC_006_235_14,4,0.007,14,0.993,0.0,21.65
2025-10-25 22:20:53,039,WAC_006_235_14,81,0.135,11,0.845,0.0,21.54
2025-10-25 22:30:56,039,WAC_006_235_14,311,0.518,1,0.114,0.0,21.67
2025-10-25 22:40:58,039,WAC_006_235_14,16,0.027,13,0.97,0.0,21.67
2025-10-25 22:51:01,039,WAC_006_235_14,21,0.035,12,0.958,0.0,21.62
2025-10-25 23:01:04,039,WAC_006_235_14,218,0.363,3,0.355,0.0,21.59
2025-10-25 23:11:07,039,WAC_006_235_14,163,0.271,5,0.551,0.0,21.58
2025-10-25 23:21:09,039,WAC_006_235_14,203,0.338,2,0.283,0.0,21.52
2025-10-25 23:31:11,039,WAC_006_235_14,219,0.365,2,0.268,0.0,21.51
2025-10-25 23:41:14,039,WAC_006_235_14,273,0.454,3,0.305,0.0,21.51
2025-10-25 23:51:16,039,WAC_006_235_14,320,0.533,2,0.2,0.0,21.53
2025-10-26 00:01:19,039,WAC_006_235_14,84,0.14,11,0.84,0.0,21.49
2025-10-26 00:11:21,039,WAC_006_235_14,18,0.03,13,0.967,0.0,21.49
2025-10-26 00:21:23,039,WAC_006_235_14,114,0.19,10,0.778,0.0,21.45
2025-10-26 00:31:52,039,WAC_006_235_14,175,0.293,5,0.533,0.0,21.5
2025-10-26 00:41:55,039,WAC_006_235_14,145,0.242,7,0.659,0.0,21.45
2025-10-26 00:51:57,039,WAC_006_235_14,257,0.428,1,0.135,0.0,21.42
2025-10-26 01:01:59,039,WAC_006_235_14,72,0.12,10,0.847,0.0,21.38
2025-10-26 01:12:01,039,WAC_006_235_14,60,0.1,8,0.842,0.0,21.45
2025-10-26 01:22:03,039,WAC_006_235_14,75,0.125,8,0.81,0.0,21.42
2025-10-26 01:32:06,039,WAC_006_235_14,4,0.007,14,0.993,0.0,21.46
2025-10-26 01:42:09,039,WAC_006_235_14,2,0.003,15,0.997,0.0,21.45
2025-10-26 01:52:11,039,WAC_006_235_14,83,0.138,7,0.771,0.0,21.51
2025-10-26 02:02:14,039,WAC_006_235_14,41,0.068,10,0.907,0.0,21.51
2025-10-26 02:12:17,039,WAC_006_235_14,55,0.092,10,0.879,0.0,21.45
2025-10-26 02:22:19,039,WAC_006_235_14,94,0.156,8,0.773,0.0,21.47
2025-10-26 02:32:22,039,WAC_006_235_14,135,0.225,7,0.675,0.0,21.44
2025-10-26 02:42:25,039,WAC_006_235_14,122,0.203,9,0.747,0.0,21.36
2025-10-26 02:52:28,039,WAC_006_235_14,79,0.131,10,0.835,0.0,21.32
2025-10-26 03:02:30,039,WAC_006_235_14,74,0.123,10,0.844,0.0,21.32
2025-10-26 03:12:32,039,WAC_006_235_14,161,0.268,4,0.498,0.0,21.32
2025-10-26 03:22:35,039,WAC_006_235_14,143,0.238,6,0.627,0.0,21.31
2025-10-26 03:32:37,039,WAC_006_235_14,256,0.426,4,0.385,0.0,21.39
2025-10-26 03:42:40,039,WAC_006_235_14,70,0.116,10,0.851,0.0,21.44
2025-10-26 03:52:43,039,WAC_006_235_14,127,0.211,7,0.688,0.0,21.38
2025-10-26 04:02:46,039,WAC_006_235_14,81,0.135,11,0.845,0.0,21.37
2025-10-26 04:12:49,039,WAC_006_235_14,154,0.256,6,0.609,0.0,21.35
2025-10-26 04:22:52,039,WAC_006_235_14,130,0.216,7,0.683,0.0,21.37
2025-10-26 04:33:19,039,WAC_006_235_14,104,0.174,8,0.755,0.0,21.37
2025-10-26 04:43:22,039,WAC_006_235_14,173,0.288,5,0.536,0.0,21.37
2025-10-26 04:53:24,039,WAC_006_235_14,103,0.171,6,0.7,0.0,21.33
2025-10-26 05:03:27,039,WAC_006_235_14,133,0.221,9,0.73,0.0,21.3
2025-10-26 05:13:30,039,WAC_006_235_14,246,0.409,4,0.394,0.0,21.35
2025-10-26 05:23:34,039,WAC_006_235_14,227,0.378,3,0.346,0.0,21.44
2025-10-26 05:33:37,039,WAC_006_235_14,86,0.143,10,0.823,0.0,21.36
2025-10-26 05:43:39,039,WAC_006_235_14,192,0.319,7,0.593,0.0,21.37
2025-10-26 05:53:41,039,WAC_006_235_14,251,0.418,6,0.489,0.0,21.43
2025-10-26 06:03:44,039,WAC_006_235_14,299,0.498,0,0.0,0.1152,21.56
2025-10-26 06:13:47,039,WAC_006_235_14,52,0.087,10,0.885,0.1044,21.7
2025-10-26 06:23:49,039,WAC_006_235_14,4,0.007,14,0.993,0.108,21.78
2025-10-26 06:33:52,039,WAC_006_235_14,0,0.0,15,1.0,0.1188,21.75
2025-10-26 06:43:54,039,WAC_006_235_14,0,0.0,15,1.0,0.1116,21.73
2025-10-26 06:53:57,039,WAC_006_235_14,0,0.0,15,1.0,0.108,21.71
2025-10-26 07:03:59,039,WAC_006_235_14,20,0.033,12,0.96,0.1224,21.74
2025-10-26 07:14:01,039,WAC_006_235_14,5,0.008,13,0.99,0.1296,21.7
2025-10-26 07:24:04,039,WAC_006_235_14,6,0.01,14,0.989,0.1476,21.66
2025-10-26 07:34:06,039,WAC_006_235_14,0,0.0,15,1.0,0.144,21.63
2025-10-26 07:44:09,039,WAC_006_235_14,15,0.025,12,0.97,0.1368,21.64
2025-10-26 07:54:12,039,WAC_006_235_14,80,0.133,6,0.75,0.162,21.6
2025-10-26 08:04:15,039,WAC_006_235_14,123,0.205,8,0.722,0.0396,21.49
2025-10-26 08:14:17,039,WAC_006_235_14,411,0.684,0,0.0,0.0792,21.57
2025-10-26 08:24:19,039,WAC_006_235_14,220,0.367,6,0.522,0.0576,21.67
2025-10-26 08:34:45,039,WAC_006_235_14,246,0.411,3,0.328,0.108,21.79
2025-10-26 08:44:47,039,WAC_006_235_14,15,0.025,13,0.972,0.108,21.74
2025-10-26 08:54:50,039,WAC_006_235_14,2,0.003,14,0.996,0.1188,21.7
2025-10-26 09:04:52,039,WAC_006_235_14,3,0.005,14,0.995,0.1188,21.68
2025-10-26 09:14:54,039,WAC_006_235_14,0,0.0,15,1.0,0.1152,21.66
2025-10-26 09:24:57,039,WAC_006_235_14,17,0.028,12,0.966,0.1152,21.65
2025-10-26 09:34:59,039,WAC_006_235_14,4,0.007,14,0.993,0.1188,21.63
2025-10-26 09:45:01,039,WAC_006_235_14,11,0.018,13,0.979,0.1152,21.6
2025-10-26 09:55:03,039,WAC_006_235_14,19,0.032,12,0.962,0.5148,21.58
2025-10-26 10:05:06,039,WAC_006_235_14,165,0.275,4,0.492,0.1656,21.52
2025-10-26 10:15:09,039,WAC_006_235_14,268,0.446,1,0.13,0.1872,21.54
2025-10-26 10:25:11,039,WAC_006_235_14,171,0.285,7,0.621,0.0576,21.56
2025-10-26 10:35:14,039,WAC_006_235_14,14,0.023,12,0.972,0.0684,21.66
2025-10-26 10:45:17,039,WAC_006_235_14,8,0.013,12,0.984,0.072,21.7
2025-10-26 10:55:20,039,WAC_006_235_14,2,0.003,14,0.996,0.0648,21.71
2025-10-26 11:05:23,039,WAC_006_235_14,21,0.035,13,0.961,0.0504,21.7
2025-10-26 11:15:26,039,WAC_006_235_14,10,0.017,13,0.981,0.0504,21.72
2025-10-26 11:25:29,039,WAC_006_235_14,17,0.028,13,0.968,0.0504,21.7
2025-10-26 11:35:31,039,WAC_006_235_14,36,0.06,12,0.93,0.0648,21.71
2025-10-26 11:45:34,039,WAC_006_235_14,0,0.0,15,1.0,0.0576,21.69
2025-10-26 11:55:36,039,WAC_006_235_14,0,0.0,15,1.0,0.0504,21.71
2025-10-26 12:05:39,039,WAC_006_235_14,0,0.0,15,1.0,0.0612,21.7
2025-10-26 12:15:42,039,WAC_006_235_14,0,0.0,15,1.0,0.0576,21.68
2025-10-26 12:25:45,039,WAC_006_235_14,0,0.0,15,1.0,0.0576,21.67
2025-10-26 12:36:03,039,WAC_006_235_14,0,0.0,15,1.0,0.054,21.68
2025-10-26 12:46:06,039,WAC_006_235_14,0,0.0,15,1.0,0.0504,21.63
2025-10-26 12:56:08,039,WAC_006_235_14,0,0.0,15,1.0,0.054,21.63
2025-10-26 13:06:11,039,WAC_006_235_14,0,0.0,15,1.0,0.0576,21.76
2025-10-26 13:16:14,039,WAC_006_235_14,9,0.015,13,0.983,0.0432,21.82
2025-10-26 13:26:17,039,WAC_006_235_14,16,0.027,12,0.968,0.0576,21.79
2025-10-26 13:36:19,039,WAC_006_235_14,0,0.0,15,1.0,0.0576,21.68
2025-10-26 13:46:21,039,WAC_006_235_14,6,0.01,14,0.989,0.0576,21.64
2025-10-26 13:56:24,039,WAC_006_235_14,0,0.0,15,1.0,0.0576,21.59
2025-10-26 14:06:27,039,WAC_006_235_14,2,0.003,14,0.996,0.0576,21.58
2025-10-26 14:16:30,039,WAC_006_235_14,8,0.013,14,0.986,0.0792,21.56
2025-10-26 14:26:33,039,WAC_006_235_14,10,0.017,13,0.981,0.0864,21.54
2025-10-26 14:36:35,039,WAC_006_235_14,2,0.003,15,0.997,0.0864,21.55
2025-10-26 14:46:38,039,WAC_006_235_14,1,0.002,14,0.998,0.09,21.53
2025-10-26 14:56:41,039,WAC_006_235_14,6,0.01,13,0.989,0.0792,21.59
2025-10-26 15:06:44,039,WAC_006_235_14,42,0.07,8,0.884,0.0648,21.61
2025-10-26 15:16:46,039,WAC_006_235_14,19,0.032,12,0.962,0.0648,21.55
2025-10-26 15:26:49,039,WAC_006_235_14,1,0.002,15,0.998,0.0756,21.51
2025-10-26 15:36:51,039,WAC_006_235_14,21,0.035,13,0.961,0.072,21.48
2025-10-26 15:46:54,039,WAC_006_235_14,16,0.027,13,0.97,0.0504,21.47
2025-10-26 15:56:56,039,WAC_006_235_14,21,0.035,13,0.961,0.0648,21.35
2025-10-26 16:06:59,039,WAC_006_235_14,96,0.16,11,0.821,0.0792,21.28
2025-10-26 16:17:02,039,WAC_006_235_14,107,0.178,6,0.692,0.0144,21.32
2025-10-26 16:27:05,039,WAC_006_235_14,231,0.384,1,0.148,0.1296,21.52
2025-10-26 16:37:26,039,WAC_006_235_14,96,0.161,7,0.745,0.1224,21.66
2025-10-26 16:47:29,039,WAC_006_235_14,8,0.013,14,0.986,0.1224,21.66
2025-10-26 16:57:31,039,WAC_006_235_14,4,0.007,13,0.992,0.1188,21.67
2025-10-26 17:07:34,039,WAC_006_235_14,10,0.017,14,0.982,0.1224,21.68
2025-10-26 17:17:36,039,WAC_006_235_14,42,0.07,11,0.913,0.1476,21.68
2025-10-26 17:27:39,039,WAC_006_235_14,281,0.468,1,0.125,0.0936,21.75
2025-10-26 17:37:41,039,WAC_006_235_14,50,0.083,11,0.898,0.0108,21.57
2025-10-26 17:47:44,039,WAC_006_235_14,294,0.489,1,0.12,0.0972,21.73
2025-10-26 17:57:46,039,WAC_006_235_14,30,0.05,11,0.936,0.0864,21.62
2025-10-26 18:07:49,039,WAC_006_235_14,57,0.095,9,0.863,0.0,21.66
2025-10-26 18:17:51,039,WAC_006_235_14,44,0.073,12,0.916,0.0,21.57
2025-10-26 18:27:54,039,WAC_006_235_14,220,0.366,3,0.353,0.0,21.57
2025-10-26 18:37:56,039,WAC_006_235_14,31,0.052,11,0.934,0.0,21.47
2025-10-26 18:47:59,039,WAC_006_235_14,247,0.412,3,0.327,0.0,21.45
2025-10-26 18:58:01,039,WAC_006_235_14,263,0.438,5,0.432,0.0,21.44
2025-10-26 19:08:04,039,WAC_006_235_14,261,0.434,3,0.315,0.0,21.44
2025-10-26 19:18:07,039,WAC_006_235_14,238,0.396,1,0.144,0.0,21.44
2025-10-26 19:28:10,039,WAC_006_235_14,50,0.083,13,0.912,0.0,21.39
2025-10-26 19:38:13,039,WAC_006_235_14,270,0.449,3,0.308,0.0,21.47
2025-10-26 19:48:16,039,WAC_006_235_14,18,0.03,11,0.961,0.0,21.55
2025-10-26 19:58:18,039,WAC_006_235_14,147,0.245,7,0.656,0.0,21.64
2025-10-26 20:08:21,039,WAC_006_235_14,39,0.065,12,0.925,0.0,21.66
2025-10-26 20:18:24,039,WAC_006_235_14,42,0.07,12,0.92,0.0,21.66
2025-10-26 20:28:26,039,WAC_006_235_14,24,0.04,12,0.952,0.0,21.65
2025-10-26 20:38:41,039,WAC_006_235_14,162,0.27,5,0.552,0.0,21.75
2025-10-26 20:48:43,039,WAC_006_235_14,88,0.147,11,0.833,0.0,21.57
2025-10-26 20:58:46,039,WAC_006_235_14,191,0.318,5,0.512,0.0,21.51
2025-10-26 21:08:48,039,WAC_006_235_14,103,0.172,8,0.757,0.0,21.45
2025-10-26 21:18:51,039,WAC_006_235_14,114,0.189,9,0.759,0.0,21.4
2025-10-26 21:28:53,039,WAC_006_235_14,153,0.255,5,0.567,0.0,21.4
2025-10-26 21:38:56,039,WAC_006_235_14,180,0.3,5,0.526,0.0,21.41
2025-10-26 21:48:58,039,WAC_006_235_14,406,0.677,1,0.09,0.0,21.6
2025-10-26 21:59:01,039,WAC_006_235_14,310,0.516,3,0.279,0.0,21.58
2025-10-26 22:09:04,039,WAC_006_235_14,12,0.02,14,0.979,0.0,21.53
2025-10-26 22:19:06,039,WAC_006_235_14,30,0.05,11,0.936,0.0,21.5
2025-10-26 22:29:09,039,WAC_006_235_14,19,0.032,14,0.967,0.0,21.48
2025-10-26 22:39:12,039,WAC_006_235_14,215,0.358,5,0.482,0.0,21.51
2025-10-26 22:49:14,039,WAC_006_235_14,326,0.542,2,0.197,0.0,21.51
2025-10-26 22:59:17,039,WAC_006_235_14,100,0.166,9,0.783,0.0,21.49
2025-10-26 23:09:19,039,WAC_006_235_14,244,0.406,5,0.45,0.0,21.49
2025-10-26 23:19:22,039,WAC_006_235_14,83,0.138,11,0.841,0.0,21.42
2025-10-26 23:29:25,039,WAC_006_235_14,136,0.227,10,0.746,0.0,21.36
2025-10-26 23:39:27,039,WAC_006_235_14,126,0.21,7,0.69,0.0,21.33
2025-10-26 23:49:30,039,WAC_006_235_14,216,0.359,5,0.481,0.0,21.35
2025-10-26 23:59:32,039,WAC_006_235_14,155,0.258,8,0.674,0.0,21.35
2025-10-25 00:01:27,036,WAC_006_235_15,332,0.552,3,0.265,0.0,21.63
2025-10-25 00:11:30,036,WAC_006_235_15,259,0.431,1,0.134,0.0,21.67
2025-10-25 00:21:51,036,WAC_006_235_15,241,0.402,6,0.499,0.0,21.71
2025-10-25 00:31:54,036,WAC_006_235_15,332,0.552,3,0.265,0.0,21.69
2025-10-25 00:41:56,036,WAC_006_235_15,296,0.493,3,0.288,0.0,21.7
2025-10-25 00:51:59,036,WAC_006_235_15,4,0.007,14,0.993,0.0,21.68
2025-10-25 01:02:02,036,WAC_006_235_15,30,0.05,11,0.936,0.0,21.67
2025-10-25 01:12:05,036,WAC_006_235_15,13,0.022,13,0.976,0.0,21.68
2025-10-25 01:22:09,036,WAC_006_235_15,99,0.165,7,0.739,0.0,21.65
2025-10-25 01:32:12,036,WAC_006_235_15,80,0.133,7,0.778,0.0,21.66
2025-10-25 01:42:14,036,WAC_006_235_15,229,0.381,5,0.466,0.0,21.65
2025-10-25 01:52:17,036,WAC_006_235_15,64,0.106,9,0.849,0.0,21.65
2025-10-25 02:02:20,036,WAC_006_235_15,145,0.241,6,0.623,0.0,21.64
2025-10-25 02:12:23,036,WAC_006_235_15,166,0.276,1,0.194,0.0,21.64
2025-10-25 02:22:26,036,WAC_006_235_15,203,0.338,3,0.372,0.0,21.62
2025-10-25 02:32:29,036,WAC_006_235_15,269,0.448,2,0.229,0.0,21.6
2025-10-25 02:42:32,036,WAC_006_235_15,207,0.344,3,0.367,0.0,21.57
2025-10-25 02:52:35,036,WAC_006_235_15,181,0.301,5,0.525,0.0,21.55
2025-10-25 03:02:38,036,WAC_006_235_15,248,0.413,3,0.326,0.0,21.56
2025-10-25 03:12:40,036,WAC_006_235_15,121,0.201,8,0.726,0.0,21.53
2025-10-25 03:22:43,036,WAC_006_235_15,348,0.579,0,0.0,0.0,21.59
2025-10-25 03:32:47,036,WAC_006_235_15,115,0.191,8,0.736,0.0,21.55
2025-10-25 03:42:50,036,WAC_006_235_15,173,0.288,7,0.618,0.0,21.59
2025-10-25 03:52:53,036,WAC_006_235_15,39,0.065,11,0.919,0.0,21.61
2025-10-25 04:02:56,036,WAC_006_235_15,255,0.424,3,0.32,0.0,21.55
2025-10-25 04:12:58,036,WAC_006_235_15,131,0.218,8,0.71,0.0,21.53
2025-10-25 04:23:11,036,WAC_006_235_15,186,0.31,3,0.392,0.0,21.56
2025-10-25 04:33:15,036,WAC_006_235_15,173,0.287,5,0.536,0.0,21.52
2025-10-25 04:43:17,036,WAC_006_235_15,85,0.141,9,0.809,0.0,21.49
2025-10-25 04:53:20,036,WAC_006_235_15,254,0.423,2,0.24,0.0,21.54
2025-10-25 05:03:23,036,WAC_006_235_15,101,0.168,8,0.76,0.0,21.51
2025-10-25 05:13:26,036,WAC_006_235_15,122,0.203,9,0.747,0.0,21.49
2025-10-25 05:23:29,036,WAC_006_235_15,339,0.564,2,0.191,0.0,21.55
2025-10-25 05:33:32,036,WAC_006_235_15,342,0.569,3,0.26,0.0,21.59
2025-10-25 05:43:35,036,WAC_006_235_15,237,0.394,6,0.503,0.0,21.56
2025-10-25 05:53:38,036,WAC_006_235_15,296,0.493,2,0.213,0.0,21.57
2025-10-25 06:03:41,036,WAC_006_235_15,232,0.386,3,0.341,0.0756,21.55
2025-10-25 06:13:44,036,WAC_006_235_15,277,0.46,7,0.503,0.0684,21.56
2025-10-25 06:23:47,036,WAC_006_235_15,546,0.908,0,0.0,0.0792,21.67
2025-10-25 06:33:51,036,WAC_006_235_15,557,0.927,0,0.0,0.2052,21.73
2025-10-25 06:43:54,036,WAC_006_235_15,229,0.38,6,0.512,0.2052,21.78
2025-10-25 06:53:57,036,WAC_006_235_15,14,0.023,12,0.972,0.2052,21.77
2025-10-25 07:04:00,036,WAC_006_235_15,5,0.008,13,0.99,0.2088,21.71
2025-10-25 07:14:03,036,WAC_006_235_15,23,0.038,13,0.958,0.1944,21.67
2025-10-25 07:24:05,036,WAC_006_235_15,4,0.007,12,0.992,0.1944,21.63
2025-10-25 07:34:08,036,WAC_006_235_15,14,0.023,13,0.974,0.198,21.6
2025-10-25 07:44:10,036,WAC_006_235_15,4,0.007,13,0.992,0.1872,21.6
2025-10-25 07:54:13,036,WAC_006_235_15,4,0.007,13,0.992,0.1872,21.59
2025-10-25 08:04:16,036,WAC_006_235_15,4,0.007,14,0.993,0.198,21.58
2025-10-25 08:14:19,036,WAC_006_235_15,34,0.057,11,0.928,0.1908,21.59
2025-10-25 08:24:38,036,WAC_006_235_15,2,0.003,14,0.996,0.1908,21.64
2025-10-25 08:34:41,036,WAC_006_235_15,18,0.03,12,0.964,0.18,21.63
2025-10-25 08:44:44,036,WAC_006_235_15,169,0.281,3,0.415,0.1728,21.65
2025-10-25 08:54:47,036,WAC_006_235_15,42,0.07,10,0.905,0.1836,21.68
2025-10-25 09:04:50,036,WAC_006_235_15,9,0.015,12,0.982,0.1764,21.66
2025-10-25 09:14:53,036,WAC_006_235_15,1,0.002,14,0.998,0.1728,21.63
2025-10-25 09:24:56,036,WAC_006_235_15,13,0.022,13,0.976,0.1728,21.62
2025-10-25 09:34:59,036,WAC_006_235_15,2,0.003,14,0.996,0.1728,21.59
2025-10-25 09:45:03,036,WAC_006_235_15,5,0.008,13,0.99,0.1728,21.59
2025-10-25 09:55:05,036,WAC_006_235_15,2,0.003,14,0.996,0.1764,21.6
2025-10-25 10:05:08,036,WAC_006_235_15,18,0.03,12,0.964,0.1872,21.6
2025-10-25 10:15:11,036,WAC_006_235_15,158,0.263,2,0.336,0.18,21.68
2025-10-25 10:25:14,036,WAC_006_235_15,133,0.221,4,0.546,0.27,21.76
2025-10-25 10:35:17,036,WAC_006_235_15,127,0.211,7,0.688,0.3456,21.81
2025-10-25 10:45:20,036,WAC_006_235_15,3,0.005,13,0.994,0.1872,21.84
2025-10-25 10:55:23,036,WAC_006_235_15,6,0.01,13,0.989,0.198,21.82
2025-10-25 11:05:26,036,WAC_006_235_15,3,0.005,14,0.995,0.1728,21.81
2025-10-25 11:15:29,036,WAC_006_235_15,19,0.032,12,0.962,0.1692,21.79
2025-10-25 11:25:32,036,WAC_006_235_15,11,0.018,13,0.979,0.1692,21.81
2025-10-25 11:35:36,036,WAC_006_235_15,8,0.013,13,0.985,0.1656,21.81
2025-10-25 11:45:38,036,WAC_006_235_15,31,0.052,11,0.934,0.1728,21.84
2025-10-25 11:55:42,036,WAC_006_235_15,166,0.276,3,0.42,0.1728,21.89
2025-10-25 12:05:44,036,WAC_006_235_15,163,0.271,4,0.495,0.1728,21.95
2025-10-25 12:15:47,036,WAC_006_235_15,5,0.008,14,0.991,0.1728,21.9
2025-10-25 12:26:04,036,WAC_006_235_15,18,0.03,12,0.964,0.1728,21.9
2025-10-25 12:36:07,036,WAC_006_235_15,17,0.028,13,0.968,0.1656,21.89
2025-10-25 12:46:10,036,WAC_006_235_15,17,0.028,13,0.968,0.1764,21.91
2025-10-25 12:56:13,036,WAC_006_235_15,24,0.04,12,0.952,0.1764,21.88
2025-10-25 13:06:16,036,WAC_006_235_15,15,0.025,12,0.97,0.198,21.83
2025-10-25 13:16:19,036,WAC_006_235_15,35,0.058,12,0.932,0.1944,21.8
2025-10-25 13:26:22,036,WAC_006_235_15,173,0.288,7,0.618,0.1656,21.78
2025-10-25 13:36:25,036,WAC_006_235_15,264,0.439,1,0.132,0.1584,21.87
2025-10-25 13:46:28,036,WAC_006_235_15,95,0.158,9,0.791,0.1116,21.72
2025-10-25 13:56:31,036,WAC_006_235_15,133,0.221,6,0.643,0.1008,21.75
2025-10-25 14:06:34,036,WAC_006_235_15,349,0.581,3,0.256,0.0936,21.76
2025-10-25 14:16:37,036,WAC_006_235_15,436,0.725,0,0.0,0.0684,21.85
2025-10-25 14:26:41,036,WAC_006_235_15,80,0.133,7,0.778,0.0936,21.91
2025-10-25 14:36:44,036,WAC_006_235_15,13,0.022,11,0.971,0.0936,21.92
2025-10-25 14:46:47,036,WAC_006_235_15,22,0.037,12,0.956,0.0684,21.88
2025-10-25 14:56:49,036,WAC_006_235_15,8,0.013,13,0.985,0.0972,21.82
2025-10-25 15:06:52,036,WAC_006_235_15,9,0.015,14,0.984,0.0972,21.79
2025-10-25 15:16:55,036,WAC_006_235_15,12,0.02,13,0.977,0.0684,21.73
2025-10-25 15:26:58,036,WAC_006_235_15,181,0.301,4,0.469,0.0972,21.8
2025-10-25 15:37:01,036,WAC_006_235_15,9,0.015,12,0.982,0.0936,21.77
2025-10-25 15:47:04,036,WAC_006_235_15,40,0.067,12,0.923,0.0648,21.6
2025-10-25 15:57:07,036,WAC_006_235_15,300,0.5,5,0.4,0.0612,21.58
2025-10-25 16:07:10,036,WAC_006_235_15,101,0.168,7,0.735,0.0648,21.65
2025-10-25 16:17:14,036,WAC_006_235_15,10,0.017,14,0.982,0.0648,21.64
2025-10-25 16:27:25,036,WAC_006_235_15,23,0.038,12,0.954,0.0648,21.68
2025-10-25 16:37:28,036,WAC_006_235_15,1,0.002,14,0.998,0.0648,21.68
2025-10-25 16:47:31,036,WAC_006_235_15,22,0.037,11,0.952,0.0648,21.69
2025-10-25 16:57:34,036,WAC_006_235_15,8,0.013,13,0.985,0.0648,21.68
2025-10-25 17:07:37,036,WAC_006_235_15,126,0.21,8,0.717,0.0648,21.72
2025-10-25 17:17:39,036,WAC_006_235_15,31,0.052,11,0.934,0.0648,21.71
2025-10-25 17:27:43,036,WAC_006_235_15,20,0.033,14,0.966,0.0216,21.58
2025-10-25 17:37:45,036,WAC_006_235_15,150,0.25,7,0.651,0.0576,21.62
2025-10-25 17:47:48,036,WAC_006_235_15,299,0.498,1,0.118,0.0576,21.68
2025-10-25 17:57:51,036,WAC_006_235_15,193,0.321,6,0.554,0.0432,21.64
2025-10-25 18:07:54,036,WAC_006_235_15,204,0.339,4,0.44,0.0,21.58
2025-10-25 18:17:57,036,WAC_006_235_15,168,0.28,5,0.543,0.0,21.54
2025-10-25 18:28:00,036,WAC_006_235_15,186,0.31,6,0.563,0.0,21.55
2025-10-25 18:38:03,036,WAC_006_235_15,29,0.048,13,0.947,0.0,21.49
2025-10-25 18:48:06,036,WAC_006_235_15,240,0.399,1,0.143,0.0,21.54
2025-10-25 18:58:09,036,WAC_006_235_15,142,0.236,8,0.693,0.0,21.55
2025-10-25 19:08:12,036,WAC_006_235_15,84,0.14,11,0.84,0.0,21.51
2025-10-25 19:18:15,036,WAC_006_235_15,358,0.595,2,0.183,0.0,21.59
2025-10-25 19:28:18,036,WAC_006_235_15,490,0.815,0,0.0,0.0,21.72
2025-10-25 19:38:21,036,WAC_006_235_15,110,0.183,7,0.718,0.0,21.82
2025-10-25 19:48:24,036,WAC_006_235_15,27,0.045,13,0.951,0.0,21.81
2025-10-25 19:58:27,036,WAC_006_235_15,18,0.03,13,0.967,0.0,21.8
2025-10-25 20:08:30,036,WAC_006_235_15,19,0.032,12,0.962,0.0,21.78
2025-10-25 20:18:33,036,WAC_006_235_15,36,0.06,11,0.924,0.0,21.75
2025-10-25 20:28:54,036,WAC_006_235_15,29,0.048,13,0.947,0.0,21.65
2025-10-25 20:38:56,036,WAC_006_235_15,164,0.273,5,0.549,0.0,21.6
2025-10-25 20:48:59,036,WAC_006_235_15,125,0.208,7,0.691,0.0,21.57
2025-10-25 20:59:03,036,WAC_006_235_15,315,0.524,3,0.276,0.0,21.63
2025-10-25 21:09:05,036,WAC_006_235_15,15,0.025,14,0.974,0.0,21.58
2025-10-25 21:19:09,036,WAC_006_235_15,343,0.571,2,0.189,0.0,21.74
2025-10-25 21:29:12,036,WAC_006_235_15,166,0.276,6,0.591,0.0,21.9
2025-10-25 21:39:15,036,WAC_006_235_15,7,0.012,13,0.987,0.0,21.93
2025-10-25 21:49:18,036,WAC_006_235_15,69,0.115,9,0.839,0.0,22.01
2025-10-25 21:59:21,036,WAC_006_235_15,159,0.265,6,0.602,0.0,22.05
2025-10-25 22:09:24,036,WAC_006_235_15,77,0.128,8,0.806,0.0,21.99
2025-10-25 22:19:27,036,WAC_006_235_15,232,0.386,3,0.341,0.0,21.95
2025-10-25 22:29:29,036,WAC_006_235_15,185,0.308,8,0.634,0.0,21.83
2025-10-25 22:39:33,036,WAC_006_235_15,131,0.218,9,0.733,0.0,21.73
2025-10-25 22:49:36,036,WAC_006_235_15,221,0.368,3,0.352,0.0,21.69
2025-10-25 22:59:40,036,WAC_006_235_15,103,0.171,9,0.778,0.0,21.62
2025-10-25 23:09:42,036,WAC_006_235_15,81,0.135,10,0.832,0.0,21.56
2025-10-25 23:19:45,036,WAC_006_235_15,164,0.273,7,0.631,0.0,21.53
2025-10-25 23:29:48,036,WAC_006_235_15,121,0.201,6,0.665,0.0,21.49
2025-10-25 23:39:51,036,WAC_006_235_15,95,0.158,7,0.747,0.0,21.46
2025-10-25 23:49:54,036,WAC_006_235_15,134,0.223,7,0.676,0.0,21.46
2025-10-25 23:59:58,036,WAC_006_235_15,291,0.484,1,0.121,0.0,21.56
2025-10-26 00:10:00,036,WAC_006_235_15,40,0.067,12,0.923,0.0,21.47
2025-10-26 00:20:03,036,WAC_006_235_15,400,0.666,0,0.0,0.0,21.58
2025-10-26 00:30:21,036,WAC_006_235_15,172,0.287,9,0.677,0.0,21.59
2025-10-26 00:40:24,036,WAC_006_235_15,104,0.173,9,0.776,0.0,21.52
2025-10-26 00:50:26,036,WAC_006_235_15,227,0.378,5,0.468,0.0,21.76
2025-10-26 01:00:29,036,WAC_006_235_15,43,0.072,12,0.918,0.0,21.86
2025-10-26 01:10:33,036,WAC_006_235_15,31,0.051,12,0.939,0.0,21.81
2025-10-26 01:20:36,036,WAC_006_235_15,283,0.47,0,0.0,0.0,21.87
2025-10-26 01:30:39,036,WAC_006_235_15,57,0.095,10,0.875,0.0,21.86
2025-10-26 01:40:42,036,WAC_006_235_15,163,0.271,4,0.495,0.0,21.93
2025-10-26 01:50:45,036,WAC_006_235_15,16,0.027,14,0.972,0.0,21.62
2025-10-26 02:00:48,036,WAC_006_235_15,40,0.066,10,0.909,0.0,21.62
2025-10-26 02:10:51,036,WAC_006_235_15,94,0.156,7,0.749,0.0,21.63
2025-10-26 02:20:54,036,WAC_006_235_15,92,0.153,9,0.796,0.0,21.59
2025-10-26 02:30:56,036,WAC_006_235_15,78,0.13,6,0.755,0.0,21.67
2025-10-26 02:40:59,036,WAC_006_235_15,45,0.075,11,0.907,0.0,21.58
2025-10-26 02:51:02,036,WAC_006_235_15,40,0.067,9,0.9,0.0,21.44
2025-10-26 03:01:05,036,WAC_006_235_15,122,0.203,6,0.663,0.0,21.49
2025-10-26 03:11:08,036,WAC_006_235_15,1,0.002,14,0.998,0.0,21.5
2025-10-26 03:21:11,036,WAC_006_235_15,8,0.013,14,0.986,0.0,21.37
2025-10-26 03:31:14,036,WAC_006_235_15,176,0.293,5,0.532,0.0,21.36
2025-10-26 03:41:17,036,WAC_006_235_15,109,0.181,9,0.768,0.0,21.48
2025-10-26 03:51:19,036,WAC_006_235_15,30,0.05,11,0.936,0.0,21.55
2025-10-26 04:01:23,036,WAC_006_235_15,41,0.068,11,0.915,0.0,21.5
2025-10-26 04:11:26,036,WAC_006_235_15,88,0.146,8,0.784,0.0,21.49
2025-10-26 04:21:29,036,WAC_006_235_15,61,0.101,9,0.855,0.0,21.55
2025-10-26 04:31:44,036,WAC_006_235_15,24,0.04,13,0.956,0.0,21.45
2025-10-26 04:41:47,036,WAC_006_235_15,251,0.418,3,0.323,0.0,21.46
2025-10-26 04:51:50,036,WAC_006_235_15,145,0.241,3,0.453,0.0,21.42
2025-10-26 05:01:53,036,WAC_006_235_15,224,0.372,6,0.517,0.0,21.48
2025-10-26 05:11:56,036,WAC_006_235_15,49,0.081,11,0.9,0.0,21.47
2025-10-26 05:22:00,036,WAC_006_235_15,157,0.261,6,0.605,0.0,21.65
2025-10-26 05:32:03,036,WAC_006_235_15,80,0.133,11,0.846,0.0,21.59
2025-10-26 05:42:06,036,WAC_006_235_15,165,0.275,5,0.548,0.0,21.54
2025-10-26 05:52:08,036,WAC_006_235_15,144,0.24,7,0.66,0.0,21.48
2025-10-26 06:02:12,036,WAC_006_235_15,159,0.264,6,0.602,0.0,21.46
2025-10-26 06:12:14,036,WAC_006_235_15,280,0.466,6,0.462,0.0144,21.52
2025-10-26 06:22:17,036,WAC_006_235_15,130,0.216,7,0.683,0.1152,21.69
2025-10-26 06:32:20,036,WAC_006_235_15,14,0.023,13,0.974,0.1152,21.72
2025-10-26 06:42:23,036,WAC_006_235_15,9,0.015,13,0.983,0.1116,21.74
2025-10-26 06:52:26,036,WAC_006_235_15,1,0.002,14,0.998,0.1116,21.71
2025-10-26 07:02:29,036,WAC_006_235_15,0,0.0,14,1.0,0.1188,21.71
2025-10-26 07:12:31,036,WAC_006_235_15,13,0.022,12,0.974,0.1116,21.66
2025-10-26 07:22:34,036,WAC_006_235_15,2,0.003,14,0.996,0.1188,21.6
2025-10-26 07:32:37,036,WAC_006_235_15,0,0.0,14,1.0,0.1188,21.58
2025-10-26 07:42:40,036,WAC_006_235_15,0,0.0,14,1.0,0.1188,21.58
2025-10-26 07:52:43,036,WAC_006_235_15,0,0.0,14,1.0,0.1188,21.59
2025-10-26 08:02:46,036,WAC_006_235_15,95,0.158,5,0.678,0.1044,21.67
2025-10-26 08:12:49,036,WAC_006_235_15,249,0.414,2,0.243,0.0864,21.72
2025-10-26 08:22:52,036,WAC_006_235_15,65,0.108,12,0.881,0.1188,21.68
2025-10-26 08:33:05,036,WAC_006_235_15,3,0.005,14,0.995,0.1152,21.62
2025-10-26 08:43:08,036,WAC_006_235_15,7,0.012,14,0.988,0.1224,21.57
2025-10-26 08:53:11,036,WAC_006_235_15,11,0.018,14,0.981,0.1224,21.56
2025-10-26 09:03:14,036,WAC_006_235_15,0,0.0,14,1.0,0.1152,21.53
2025-10-26 09:13:16,036,WAC_006_235_15,0,0.0,14,1.0,0.1152,21.5
2025-10-26 09:23:19,036,WAC_006_235_15,0,0.0,14,1.0,0.108,21.47
2025-10-26 09:33:22,036,WAC_006_235_15,5,0.008,14,0.991,0.1296,21.46
2025-10-26 09:43:25,036,WAC_006_235_15,5,0.008,14,0.991,0.1332,21.47
2025-10-26 09:53:28,036,WAC_006_235_15,31,0.052,11,0.934,0.1152,21.48
2025-10-26 10:03:31,036,WAC_006_235_15,132,0.22,6,0.645,0.1152,21.68
2025-10-26 10:13:34,036,WAC_006_235_15,44,0.073,10,0.901,0.1332,21.57
2025-10-26 10:23:37,036,WAC_006_235_15,19,0.032,11,0.959,0.0936,21.78
2025-10-26 10:33:40,036,WAC_006_235_15,8,0.013,14,0.986,0.054,21.95
2025-10-26 10:43:43,036,WAC_006_235_15,16,0.027,13,0.97,0.0468,21.99
2025-10-26 10:53:45,036,WAC_006_235_15,0,0.0,14,1.0,0.0432,21.9
2025-10-26 11:03:48,036,WAC_006_235_15,0,0.0,14,1.0,0.0252,21.84
2025-10-26 11:13:51,036,WAC_006_235_15,0,0.0,14,1.0,0.0252,21.82
2025-10-26 11:23:54,036,WAC_006_235_15,0,0.0,14,1.0,0.0252,21.79
2025-10-26 11:33:57,036,WAC_006_235_15,0,0.0,14,1.0,0.0216,21.74
2025-10-26 11:44:00,036,WAC_006_235_15,0,0.0,14,1.0,0.0252,21.69
2025-10-26 11:54:02,036,WAC_006_235_15,0,0.0,14,1.0,0.0252,21.69
2025-10-26 12:04:06,036,WAC_006_235_15,0,0.0,14,1.0,0.0216,21.66
2025-10-26 12:14:09,036,WAC_006_235_15,0,0.0,14,1.0,0.0216,21.68
2025-10-26 12:24:12,036,WAC_006_235_15,2,0.003,14,0.996,0.0504,21.71
2025-10-26 12:34:28,036,WAC_006_235_15,0,0.0,14,1.0,0.0504,21.76
2025-10-26 12:44:31,036,WAC_006_235_15,0,0.0,14,1.0,0.0468,21.69
2025-10-26 12:54:34,036,WAC_006_235_15,0,0.0,14,1.0,0.0504,21.67
2025-10-26 13:04:37,036,WAC_006_235_15,2,0.003,14,0.996,0.0504,21.64
2025-10-26 13:14:40,036,WAC_006_235_15,3,0.005,14,0.995,0.0504,21.61
2025-10-26 13:24:43,036,WAC_006_235_15,11,0.018,13,0.979,0.0324,21.4
2025-10-26 13:34:46,036,WAC_006_235_15,23,0.038,12,0.954,0.0432,21.69
2025-10-26 13:44:49,036,WAC_006_235_15,14,0.023,12,0.972,0.036,22.06
2025-10-26 13:54:52,036,WAC_006_235_15,0,0.0,14,1.0,0.036,21.91
2025-10-26 14:04:54,036,WAC_006_235_15,0,0.0,14,1.0,0.036,21.94
2025-10-26 14:14:57,036,WAC_006_235_15,0,0.0,14,1.0,0.0576,21.94
2025-10-26 14:25:00,036,WAC_006_235_15,0,0.0,14,1.0,0.0648,21.91
2025-10-26 14:35:03,036,WAC_006_235_15,0,0.0,14,1.0,0.0576,21.89
2025-10-26 14:45:06,036,WAC_006_235_15,0,0.0,14,1.0,0.0648,21.84
2025-10-26 14:55:09,036,WAC_006_235_15,0,0.0,14,1.0,0.0648,21.76
2025-10-26 15:05:12,036,WAC_006_235_15,3,0.005,14,0.995,0.0576,21.92
2025-10-26 15:15:15,036,WAC_006_235_15,5,0.008,14,0.991,0.0612,21.87
2025-10-26 15:25:17,036,WAC_006_235_15,2,0.003,14,0.996,0.0576,21.87
2025-10-26 15:35:20,036,WAC_006_235_15,6,0.01,13,0.989,0.0612,22.05
2025-10-26 15:45:23,036,WAC_006_235_15,27,0.045,10,0.937,0.036,22.05
2025-10-26 15:55:27,036,WAC_006_235_15,6,0.01,14,0.989,0.09,21.62
2025-10-26 16:05:30,036,WAC_006_235_15,14,0.023,13,0.974,0.0972,21.73
2025-10-26 16:15:33,036,WAC_006_235_15,0,0.0,14,1.0,0.0972,21.75
2025-10-26 16:25:36,036,WAC_006_235_15,0,0.0,14,1.0,0.072,21.73
2025-10-26 16:35:52,036,WAC_006_235_15,0,0.0,14,1.0,0.0684,21.77
2025-10-26 16:45:55,036,WAC_006_235_15,0,0.0,14,1.0,0.0648,21.78
2025-10-26 16:55:58,036,WAC_006_235_15,0,0.0,14,1.0,0.0684,21.72
2025-10-26 17:06:02,036,WAC_006_235_15,0,0.0,14,1.0,0.0756,21.8
2025-10-26 17:16:05,036,WAC_006_235_15,0,0.0,14,1.0,0.0612,21.84
2025-10-26 17:26:07,036,WAC_006_235_15,0,0.0,14,1.0,0.0648,21.95
2025-10-26 17:36:11,036,WAC_006_235_15,0,0.0,14,1.0,0.054,21.66
2025-10-26 17:46:13,036,WAC_006_235_15,45,0.075,11,0.907,0.036,21.71
2025-10-26 17:56:16,036,WAC_006_235_15,71,0.118,8,0.818,0.0576,21.79
2025-10-26 18:06:20,036,WAC_006_235_15,61,0.101,10,0.868,0.0,21.8
2025-10-26 18:16:23,036,WAC_006_235_15,55,0.092,10,0.879,0.0,21.64
2025-10-26 18:26:27,036,WAC_006_235_15,5,0.008,13,0.99,0.0,21.75
2025-10-26 18:36:29,036,WAC_006_235_15,44,0.073,11,0.909,0.0,21.95
2025-10-26 18:46:33,036,WAC_006_235_15,0,0.0,14,1.0,0.0,21.91
2025-10-26 18:56:36,036,WAC_006_235_15,0,0.0,14,1.0,0.0,21.89
2025-10-26 19:06:39,036,WAC_006_235_15,0,0.0,14,1.0,0.0,21.83
2025-10-26 19:16:42,036,WAC_006_235_15,0,0.0,14,1.0,0.0,21.7
2025-10-26 19:26:44,036,WAC_006_235_15,63,0.105,10,0.864,0.0,21.71
2025-10-26 19:36:47,036,WAC_006_235_15,3,0.005,13,0.994,0.0,21.66
2025-10-26 19:46:50,036,WAC_006_235_15,27,0.045,11,0.942,0.0,21.7
2025-10-26 19:56:53,036,WAC_006_235_15,16,0.027,13,0.97,0.0,21.69
2025-10-26 20:06:57,036,WAC_006_235_15,22,0.037,12,0.956,0.0,21.72
2025-10-26 20:17:00,036,WAC_006_235_15,38,0.063,13,0.932,0.0,21.68
2025-10-26 20:27:03,036,WAC_006_235_15,15,0.025,12,0.97,0.0,21.79
2025-10-26 20:37:16,036,WAC_006_235_15,14,0.023,11,0.969,0.0,21.87
2025-10-26 20:47:19,036,WAC_006_235_15,0,0.0,14,1.0,0.0,21.96
2025-10-26 20:57:22,036,WAC_006_235_15,2,0.003,13,0.996,0.0,22.0
2025-10-26 21:07:24,036,WAC_006_235_15,0,0.0,14,1.0,0.0,22.03
2025-10-26 21:17:28,036,WAC_006_235_15,1,0.002,14,0.998,0.0,21.71
2025-10-26 21:27:31,036,WAC_006_235_15,38,0.063,9,0.905,0.0,21.74
2025-10-26 21:37:34,036,WAC_006_235_15,0,0.0,14,1.0,0.0,21.6
2025-10-26 21:47:37,036,WAC_006_235_15,0,0.0,14,1.0,0.0,21.88
2025-10-26 21:57:41,036,WAC_006_235_15,0,0.0,14,1.0,0.0,21.85
2025-10-26 22:07:43,036,WAC_006_235_15,0,0.0,14,1.0,0.0,21.85
2025-10-26 22:17:46,036,WAC_006_235_15,0,0.0,14,1.0,0.0,21.69
2025-10-26 22:27:49,036,WAC_006_235_15,0,0.0,14,1.0,0.0,21.67
2025-10-26 22:37:52,036,WAC_006_235_15,0,0.0,14,1.0,0.0,21.81
2025-10-26 22:47:56,036,WAC_006_235_15,3,0.005,14,0.995,0.0,21.71
2025-10-26 22:57:59,036,WAC_006_235_15,0,0.0,14,1.0,0.0,21.65
2025-10-26 23:08:01,036,WAC_006_235_15,35,0.058,10,0.92,0.0,21.68
2025-10-26 23:18:04,036,WAC_006_235_15,21,0.035,12,0.958,0.0,21.62
2025-10-26 23:28:08,036,WAC_006_235_15,5,0.008,13,0.99,0.0,21.55
2025-10-26 23:38:11,036,WAC_006_235_15,12,0.02,13,0.977,0.0,21.7
2025-10-26 23:48:14,036,WAC_006_235_15,0,0.0,14,1.0,0.0,21.69
2025-10-26 23:58:16,036,WAC_006_235_15,4,0.007,14,0.993,0.0,21.58
2025-10-25 00:05:23,040,WAC_006_235_16,12,0.02,14,0.979,0.0,21.7
2025-10-25 00:15:26,040,WAC_006_235_16,166,0.276,6,0.591,0.0,21.66
2025-10-25 00:25:50,040,WAC_006_235_16,249,0.416,4,0.391,0.0,21.73
2025-10-25 00:35:54,040,WAC_006_235_16,174,0.289,5,0.535,0.0,21.66
2025-10-25 00:45:57,040,WAC_006_235_16,146,0.243,7,0.657,0.0,21.67
2025-10-25 00:56:00,040,WAC_006_235_16,238,0.396,3,0.335,0.0,21.64
2025-10-25 01:06:03,040,WAC_006_235_16,272,0.453,5,0.424,0.0,21.62
2025-10-25 01:16:06,040,WAC_006_235_16,233,0.388,4,0.407,0.0,21.61
2025-10-25 01:26:09,040,WAC_006_235_16,211,0.351,4,0.431,0.0,21.58
2025-10-25 01:36:12,040,WAC_006_235_16,388,0.645,1,0.093,0.0,21.61
2025-10-25 01:46:15,040,WAC_006_235_16,13,0.022,12,0.974,0.0,21.62
2025-10-25 01:56:18,040,WAC_006_235_16,2,0.003,14,0.996,0.0,21.6
2025-10-25 02:06:21,040,WAC_006_235_16,14,0.023,13,0.974,0.0,21.57
2025-10-25 02:16:25,040,WAC_006_235_16,47,0.078,11,0.903,0.0,21.62
2025-10-25 02:26:28,040,WAC_006_235_16,19,0.032,12,0.962,0.0,21.64
2025-10-25 02:36:32,040,WAC_006_235_16,64,0.106,9,0.849,0.0,21.64
2025-10-25 02:46:35,040,WAC_006_235_16,181,0.301,4,0.469,0.0,21.66
2025-10-25 02:56:38,040,WAC_006_235_16,116,0.193,10,0.775,0.0,21.56
2025-10-25 03:06:42,040,WAC_006_235_16,223,0.371,4,0.418,0.0,21.53
2025-10-25 03:16:45,040,WAC_006_235_16,239,0.397,4,0.401,0.0,21.55
2025-10-25 03:26:48,040,WAC_006_235_16,156,0.259,8,0.672,0.0,21.52
2025-10-25 03:36:52,040,WAC_006_235_16,308,0.512,3,0.28,0.0,21.6
2025-10-25 03:46:55,040,WAC_006_235_16,48,0.08,11,0.902,0.0,21.66
2025-10-25 03:56:58,040,WAC_006_235_16,0,0.0,15,1.0,0.0,21.62
2025-10-25 04:07:01,040,WAC_006_235_16,36,0.06,12,0.93,0.0,21.58
2025-10-25 04:17:03,040,WAC_006_235_16,138,0.23,9,0.723,0.0,21.53
2025-10-25 04:27:28,040,WAC_006_235_16,148,0.247,9,0.709,0.0,21.67
2025-10-25 04:37:31,040,WAC_006_235_16,11,0.018,13,0.979,0.0,21.65
2025-10-25 04:47:35,040,WAC_006_235_16,14,0.023,14,0.976,0.0,21.64
2025-10-25 04:57:38,040,WAC_006_235_16,4,0.007,14,0.993,0.0,21.62
2025-10-25 05:07:41,040,WAC_006_235_16,103,0.171,9,0.778,0.0,21.55
2025-10-25 05:17:45,040,WAC_006_235_16,297,0.494,1,0.119,0.0,21.5
2025-10-25 05:27:48,040,WAC_006_235_16,159,0.265,8,0.668,0.0,21.5
2025-10-25 05:37:50,040,WAC_006_235_16,266,0.443,4,0.376,0.0,21.58
2025-10-25 05:47:54,040,WAC_006_235_16,216,0.359,2,0.27,0.0,21.54
2025-10-25 05:57:57,040,WAC_006_235_16,191,0.317,4,0.456,0.0,21.53
2025-10-25 06:08:00,040,WAC_006_235_16,110,0.183,9,0.766,0.3672,21.51
2025-10-25 06:18:03,040,WAC_006_235_16,417,0.695,0,0.0,0.1692,21.64
2025-10-25 06:28:06,040,WAC_006_235_16,470,0.782,0,0.0,0.1152,21.7
2025-10-25 06:38:08,040,WAC_006_235_16,145,0.241,6,0.623,0.126,21.77
2025-10-25 06:48:11,040,WAC_006_235_16,21,0.035,11,0.954,0.1296,21.76
2025-10-25 06:58:14,040,WAC_006_235_16,2,0.003,14,0.996,0.1296,21.69
2025-10-25 07:08:17,040,WAC_006_235_16,15,0.025,13,0.972,0.1296,21.65
2025-10-25 07:18:20,040,WAC_006_235_16,13,0.022,11,0.971,0.1296,21.62
2025-10-25 07:28:23,040,WAC_006_235_16,159,0.265,7,0.638,0.0216,21.62
2025-10-25 07:38:26,040,WAC_006_235_16,15,0.025,14,0.974,0.144,21.58
2025-10-25 07:48:29,040,WAC_006_235_16,10,0.017,14,0.982,0.1584,21.55
2025-10-25 07:58:32,040,WAC_006_235_16,4,0.007,14,0.993,0.1584,21.54
2025-10-25 08:08:35,040,WAC_006_235_16,4,0.007,14,0.993,0.1728,21.5
2025-10-25 08:18:38,040,WAC_006_235_16,4,0.007,13,0.992,0.18,21.48
2025-10-25 08:29:03,040,WAC_006_235_16,34,0.057,9,0.914,0.108,21.51
2025-10-25 08:39:06,040,WAC_006_235_16,7,0.012,14,0.988,0.1872,21.48
2025-10-25 08:49:09,040,WAC_006_235_16,7,0.012,12,0.986,0.1872,21.47
2025-10-25 08:59:13,040,WAC_006_235_16,13,0.022,13,0.976,0.1872,21.45
2025-10-25 09:09:16,040,WAC_006_235_16,0,0.0,15,1.0,0.1872,21.47
2025-10-25 09:19:19,040,WAC_006_235_16,0,0.0,15,1.0,0.1944,21.45
2025-10-25 09:29:23,040,WAC_006_235_16,4,0.007,13,0.992,0.1944,21.45
2025-10-25 09:39:26,040,WAC_006_235_16,15,0.025,13,0.972,0.18,21.42
2025-10-25 09:49:29,040,WAC_006_235_16,7,0.012,14,0.988,0.1872,21.41
2025-10-25 09:59:32,040,WAC_006_235_16,77,0.128,5,0.722,0.1656,21.43
2025-10-25 10:09:34,040,WAC_006_235_16,89,0.148,8,0.782,0.1656,21.43
2025-10-25 10:19:38,040,WAC_006_235_16,163,0.271,5,0.551,0.1368,21.47
2025-10-25 10:29:41,040,WAC_006_235_16,246,0.409,2,0.245,0.1656,21.59
2025-10-25 10:39:44,040,WAC_006_235_16,224,0.373,4,0.417,0.3744,21.72
2025-10-25 10:49:47,040,WAC_006_235_16,343,0.571,2,0.189,0.108,21.77
2025-10-25 10:59:49,040,WAC_006_235_16,271,0.451,1,0.129,0.2952,21.87
2025-10-25 11:09:52,040,WAC_006_235_16,129,0.215,7,0.685,0.1224,21.92
2025-10-25 11:19:55,040,WAC_006_235_16,8,0.013,14,0.986,0.1296,21.9
2025-10-25 11:29:58,040,WAC_006_235_16,9,0.015,13,0.983,0.1224,21.87
2025-10-25 11:40:01,040,WAC_006_235_16,7,0.012,14,0.988,0.144,21.81
2025-10-25 11:50:04,040,WAC_006_235_16,5,0.008,14,0.991,0.1404,21.76
2025-10-25 12:00:06,040,WAC_006_235_16,14,0.023,14,0.976,0.1512,21.72
2025-10-25 12:10:10,040,WAC_006_235_16,13,0.022,14,0.977,0.1512,21.7
2025-10-25 12:20:12,040,WAC_006_235_16,5,0.008,14,0.991,0.1512,21.68
2025-10-25 12:30:31,040,WAC_006_235_16,22,0.037,12,0.956,0.1512,21.66
2025-10-25 12:40:35,040,WAC_006_235_16,9,0.015,13,0.983,0.1548,21.64
2025-10-25 12:50:37,040,WAC_006_235_16,5,0.008,14,0.991,0.1584,21.62
2025-10-25 13:00:40,040,WAC_006_235_16,100,0.166,5,0.667,0.1584,21.66
2025-10-25 13:10:43,040,WAC_006_235_16,167,0.278,6,0.59,0.1836,21.64
2025-10-25 13:20:47,040,WAC_006_235_16,329,0.547,1,0.108,0.2448,21.66
2025-10-25 13:30:50,040,WAC_006_235_16,29,0.048,8,0.917,0.2124,21.72
2025-10-25 13:40:53,040,WAC_006_235_16,4,0.007,13,0.992,0.2088,21.67
2025-10-25 13:50:56,040,WAC_006_235_16,12,0.02,12,0.976,0.2088,21.59
2025-10-25 14:01:00,040,WAC_006_235_16,16,0.027,13,0.97,0.2016,21.53
2025-10-25 14:11:03,040,WAC_006_235_16,2,0.003,14,0.996,0.2232,21.48
2025-10-25 14:21:06,040,WAC_006_235_16,34,0.057,8,0.904,0.2088,21.51
2025-10-25 14:31:10,040,WAC_006_235_16,12,0.02,13,0.977,0.2448,21.57
2025-10-25 14:41:13,040,WAC_006_235_16,7,0.012,14,0.988,0.2484,21.57
2025-10-25 14:51:17,040,WAC_006_235_16,0,0.0,15,1.0,0.2484,21.57
2025-10-25 15:01:20,040,WAC_006_235_16,10,0.017,14,0.982,0.2376,21.54
2025-10-25 15:11:22,040,WAC_006_235_16,8,0.013,14,0.986,0.2196,21.52
2025-10-25 15:21:26,040,WAC_006_235_16,0,0.0,15,1.0,0.2376,21.47
2025-10-25 15:31:28,040,WAC_006_235_16,10,0.017,14,0.982,0.252,21.46
2025-10-25 15:41:32,040,WAC_006_235_16,18,0.03,13,0.967,0.2232,21.46
2025-10-25 15:51:35,040,WAC_006_235_16,3,0.005,13,0.994,0.2232,21.45
2025-10-25 16:01:37,040,WAC_006_235_16,0,0.0,15,1.0,0.2232,21.46
2025-10-25 16:11:40,040,WAC_006_235_16,17,0.028,13,0.968,0.2196,21.49
2025-10-25 16:21:43,040,WAC_006_235_16,97,0.161,5,0.673,0.2376,21.51
2025-10-25 16:32:02,040,WAC_006_235_16,92,0.154,9,0.796,0.18,21.45
2025-10-25 16:42:05,040,WAC_006_235_16,190,0.316,6,0.558,0.108,21.53
2025-10-25 16:52:08,040,WAC_006_235_16,39,0.065,10,0.911,0.1152,21.57
2025-10-25 17:02:12,040,WAC_006_235_16,4,0.007,13,0.992,0.1152,21.56
2025-10-25 17:12:15,040,WAC_006_235_16,5,0.008,14,0.991,0.1188,21.56
2025-10-25 17:22:18,040,WAC_006_235_16,0,0.0,15,1.0,0.1188,21.57
2025-10-25 17:32:21,040,WAC_006_235_16,40,0.067,9,0.9,0.1152,21.61
2025-10-25 17:42:24,040,WAC_006_235_16,43,0.072,8,0.882,0.1224,21.6
2025-10-25 17:52:27,040,WAC_006_235_16,110,0.183,4,0.593,0.1332,21.65
2025-10-25 18:02:31,040,WAC_006_235_16,108,0.18,8,0.748,0.0,21.53
2025-10-25 18:12:34,040,WAC_006_235_16,223,0.371,4,0.418,0.0,21.53
2025-10-25 18:22:37,040,WAC_006_235_16,128,0.213,6,0.652,0.0,21.53
2025-10-25 18:32:40,040,WAC_006_235_16,181,0.301,6,0.57,0.0,21.56
2025-10-25 18:42:43,040,WAC_006_235_16,225,0.374,1,0.151,0.0,21.57
2025-10-25 18:52:47,040,WAC_006_235_16,108,0.179,9,0.769,0.0,21.59
2025-10-25 19:02:50,040,WAC_006_235_16,162,0.269,7,0.633,0.0,21.57
2025-10-25 19:12:53,040,WAC_006_235_16,286,0.476,1,0.123,0.0,21.65
2025-10-25 19:22:56,040,WAC_006_235_16,110,0.183,11,0.8,0.0,21.6
2025-10-25 19:33:00,040,WAC_006_235_16,262,0.436,2,0.234,0.0,21.77
2025-10-25 19:43:02,040,WAC_006_235_16,2,0.003,14,0.996,0.0,21.83
2025-10-25 19:53:05,040,WAC_006_235_16,1,0.002,14,0.998,0.0,21.85
2025-10-25 20:03:08,040,WAC_006_235_16,8,0.013,13,0.985,0.0,21.85
2025-10-25 20:13:11,040,WAC_006_235_16,146,0.243,1,0.215,0.0,21.92
2025-10-25 20:23:14,040,WAC_006_235_16,28,0.047,10,0.935,0.0,21.96
2025-10-25 20:33:42,040,WAC_006_235_16,217,0.362,2,0.269,0.0,21.94
2025-10-25 20:43:45,040,WAC_006_235_16,151,0.251,8,0.679,0.0,21.85
2025-10-25 20:53:48,040,WAC_006_235_16,195,0.324,5,0.506,0.0,21.81
2025-10-25 21:03:52,040,WAC_006_235_16,395,0.656,0,0.0,0.0,21.83
2025-10-25 21:13:55,040,WAC_006_235_16,20,0.033,13,0.963,0.0,21.91
2025-10-25 21:23:58,040,WAC_006_235_16,57,0.095,11,0.885,0.0,21.89
2025-10-25 21:34:01,040,WAC_006_235_16,9,0.015,14,0.984,0.0,21.85
2025-10-25 21:44:04,040,WAC_006_235_16,5,0.008,14,0.991,0.0,21.8
2025-10-25 21:54:08,040,WAC_006_235_16,21,0.035,13,0.961,0.0,21.77
2025-10-25 22:04:10,040,WAC_006_235_16,5,0.008,14,0.991,0.0,21.7
2025-10-25 22:14:13,040,WAC_006_235_16,177,0.295,8,0.644,0.0,21.61
2025-10-25 22:24:17,040,WAC_006_235_16,292,0.486,3,0.291,0.0,21.64
2025-10-25 22:34:20,040,WAC_006_235_16,230,0.382,3,0.343,0.0,21.61
2025-10-25 22:44:23,040,WAC_006_235_16,113,0.188,8,0.739,0.0,21.61
2025-10-25 22:54:26,040,WAC_006_235_16,247,0.411,2,0.245,0.0,21.63
2025-10-25 23:04:29,040,WAC_006_235_16,136,0.226,8,0.702,0.0,21.61
2025-10-25 23:14:33,040,WAC_006_235_16,197,0.327,7,0.587,0.0,21.59
2025-10-25 23:24:36,040,WAC_006_235_16,248,0.413,1,0.139,0.0,21.59
2025-10-25 23:34:39,040,WAC_006_235_16,242,0.403,6,0.498,0.0,21.57
2025-10-25 23:44:42,040,WAC_006_235_16,269,0.447,1,0.129,0.0,21.59
2025-10-25 23:54:45,040,WAC_006_235_16,107,0.178,7,0.724,0.0,21.59
2025-10-26 00:04:49,040,WAC_006_235_16,379,0.631,1,0.095,0.0,21.65
2025-10-26 00:14:51,040,WAC_006_235_16,86,0.143,10,0.823,0.0,21.56
2025-10-26 00:24:54,040,WAC_006_235_16,308,0.512,0,0.0,0.0,21.63
2025-10-26 00:35:19,040,WAC_006_235_16,113,0.189,6,0.68,0.0,21.75
2025-10-26 00:45:22,040,WAC_006_235_16,127,0.211,8,0.716,0.0,21.77
2025-10-26 00:55:25,040,WAC_006_235_16,14,0.023,14,0.976,0.0,21.76
2025-10-26 01:05:28,040,WAC_006_235_16,2,0.003,14,0.996,0.0,21.72
2025-10-26 01:15:31,040,WAC_006_235_16,51,0.085,12,0.904,0.0,21.64
2025-10-26 01:25:34,040,WAC_006_235_16,131,0.218,8,0.71,0.0,21.58
2025-10-26 01:35:37,040,WAC_006_235_16,233,0.387,4,0.407,0.0,21.56
2025-10-26 01:45:41,040,WAC_006_235_16,9,0.015,14,0.984,0.0,21.61
2025-10-26 01:55:45,040,WAC_006_235_16,82,0.136,6,0.745,0.0,21.64
2025-10-26 02:05:48,040,WAC_006_235_16,10,0.017,12,0.98,0.0,21.62
2025-10-26 02:15:51,040,WAC_006_235_16,20,0.033,12,0.96,0.0,21.61
2025-10-26 02:25:54,040,WAC_006_235_16,43,0.072,9,0.893,0.0,21.63
2025-10-26 02:35:57,040,WAC_006_235_16,149,0.248,7,0.653,0.0,21.59
2025-10-26 02:46:00,040,WAC_006_235_16,126,0.21,9,0.741,0.0,21.54
2025-10-26 02:56:03,040,WAC_006_235_16,34,0.057,11,0.928,0.0,21.64
2025-10-26 03:06:06,040,WAC_006_235_16,25,0.042,12,0.95,0.0,21.6
2025-10-26 03:16:10,040,WAC_006_235_16,234,0.389,3,0.339,0.0,21.55
2025-10-26 03:26:13,040,WAC_006_235_16,79,0.131,11,0.848,0.0,21.48
2025-10-26 03:36:15,040,WAC_006_235_16,141,0.235,7,0.665,0.0,21.45
2025-10-26 03:46:18,040,WAC_006_235_16,154,0.256,6,0.609,0.0,21.46
2025-10-26 03:56:21,040,WAC_006_235_16,178,0.296,4,0.473,0.0,21.46
2025-10-26 04:06:24,040,WAC_006_235_16,215,0.358,7,0.566,0.0,21.51
2025-10-26 04:16:27,040,WAC_006_235_16,113,0.188,7,0.712,0.0,21.52
2025-10-26 04:26:30,040,WAC_006_235_16,326,0.542,1,0.109,0.0,21.63
2025-10-26 04:36:58,040,WAC_006_235_16,255,0.426,1,0.136,0.0,21.74
2025-10-26 04:47:02,040,WAC_006_235_16,110,0.183,7,0.718,0.0,21.72
2025-10-26 04:57:05,040,WAC_006_235_16,192,0.319,4,0.455,0.0,21.71
2025-10-26 05:07:07,040,WAC_006_235_16,121,0.201,9,0.748,0.0,21.61
2025-10-26 05:17:11,040,WAC_006_235_16,160,0.266,6,0.6,0.0,21.54
2025-10-26 05:27:14,040,WAC_006_235_16,282,0.469,3,0.299,0.0,21.71
2025-10-26 05:37:17,040,WAC_006_235_16,0,0.0,15,1.0,0.0,21.71
2025-10-26 05:47:20,040,WAC_006_235_16,3,0.005,14,0.995,0.0,21.7
2025-10-26 05:57:23,040,WAC_006_235_16,0,0.0,15,1.0,0.0,21.69
2025-10-26 06:07:26,040,WAC_006_235_16,0,0.0,15,1.0,0.216,21.66
2025-10-26 06:17:29,040,WAC_006_235_16,0,0.0,15,1.0,0.216,21.63
2025-10-26 06:27:31,040,WAC_006_235_16,0,0.0,15,1.0,0.2124,21.62
2025-10-26 06:37:34,040,WAC_006_235_16,0,0.0,15,1.0,0.2016,21.67
2025-10-26 06:47:37,040,WAC_006_235_16,0,0.0,15,1.0,0.2016,21.67
2025-10-26 06:57:40,040,WAC_006_235_16,0,0.0,15,1.0,0.216,21.61
2025-10-26 07:07:43,040,WAC_006_235_16,0,0.0,15,1.0,0.2196,21.57
2025-10-26 07:17:46,040,WAC_006_235_16,0,0.0,15,1.0,0.2088,21.58
2025-10-26 07:27:49,040,WAC_006_235_16,0,0.0,15,1.0,0.2016,21.6
2025-10-26 07:37:51,040,WAC_006_235_16,2,0.003,14,0.996,0.2016,21.6
2025-10-26 07:47:54,040,WAC_006_235_16,0,0.0,15,1.0,0.2016,21.61
2025-10-26 07:57:57,040,WAC_006_235_16,0,0.0,15,1.0,0.2088,21.62
2025-10-26 08:08:00,040,WAC_006_235_16,0,0.0,15,1.0,0.2124,21.61
2025-10-26 08:18:03,040,WAC_006_235_16,1,0.002,14,0.998,0.2052,21.63
2025-10-26 08:28:05,040,WAC_006_235_16,1,0.002,14,0.998,0.2052,21.72
2025-10-26 08:38:28,040,WAC_006_235_16,61,0.102,10,0.868,0.1368,21.65
2025-10-26 08:48:31,040,WAC_006_235_16,109,0.181,7,0.72,0.1404,21.57
2025-10-26 08:58:34,040,WAC_006_235_16,244,0.406,7,0.534,0.126,21.59
2025-10-26 09:08:37,040,WAC_006_235_16,330,0.549,1,0.108,0.2016,21.67
2025-10-26 09:18:40,040,WAC_006_235_16,40,0.067,11,0.917,0.216,21.75
2025-10-26 09:28:43,040,WAC_006_235_16,2,0.003,14,0.996,0.2088,21.76
2025-10-26 09:38:46,040,WAC_006_235_16,0,0.0,15,1.0,0.2088,21.76
2025-10-26 09:48:49,040,WAC_006_235_16,1,0.002,14,0.998,0.2088,21.75
2025-10-26 09:58:52,040,WAC_006_235_16,64,0.106,10,0.862,0.2448,21.74
2025-10-26 10:08:55,040,WAC_006_235_16,139,0.231,4,0.535,0.2376,21.87
2025-10-26 10:18:58,040,WAC_006_235_16,124,0.206,4,0.563,0.1296,21.93
2025-10-26 10:29:01,040,WAC_006_235_16,18,0.03,9,0.952,0.1224,21.91
2025-10-26 10:39:04,040,WAC_006_235_16,5,0.008,14,0.991,0.1332,21.87
2025-10-26 10:49:07,040,WAC_006_235_16,2,0.003,14,0.996,0.1332,21.85
2025-10-26 10:59:10,040,WAC_006_235_16,3,0.005,13,0.994,0.1296,21.81
2025-10-26 11:09:12,040,WAC_006_235_16,0,0.0,15,1.0,0.1368,21.72
2025-10-26 11:19:16,040,WAC_006_235_16,0,0.0,15,1.0,0.1368,21.68
2025-10-26 11:29:19,040,WAC_006_235_16,0,0.0,15,1.0,0.1368,21.63
2025-10-26 11:39:22,040,WAC_006_235_16,11,0.018,13,0.979,0.1404,21.6
2025-10-26 11:49:25,040,WAC_006_235_16,10,0.017,12,0.98,0.1296,21.59
2025-10-26 11:59:29,040,WAC_006_235_16,2,0.003,13,0.996,0.1296,21.58
2025-10-26 12:09:32,040,WAC_006_235_16,2,0.003,13,0.996,0.1368,21.54
2025-10-26 12:19:36,040,WAC_006_235_16,3,0.005,14,0.995,0.1296,21.53
2025-10-26 12:29:39,040,WAC_006_235_16,11,0.018,12,0.978,0.1296,21.55
2025-10-26 12:39:56,040,WAC_006_235_16,104,0.174,3,0.536,0.1368,21.58
2025-10-26 12:49:59,040,WAC_006_235_16,87,0.145,8,0.786,0.144,21.54
2025-10-26 13:00:02,040,WAC_006_235_16,189,0.314,7,0.597,0.1476,21.51
2025-10-26 13:10:05,040,WAC_006_235_16,40,0.067,9,0.9,0.162,21.6
2025-10-26 13:20:08,040,WAC_006_235_16,3,0.005,14,0.995,0.1512,21.55
2025-10-26 13:30:11,040,WAC_006_235_16,0,0.0,15,1.0,0.1512,21.5
2025-10-26 13:40:14,040,WAC_006_235_16,0,0.0,15,1.0,0.1512,21.48
2025-10-26 13:50:17,040,WAC_006_235_16,2,0.003,14,0.996,0.162,21.46
2025-10-26 14:00:20,040,WAC_006_235_16,1,0.002,14,0.998,0.162,21.46
2025-10-26 14:10:24,040,WAC_006_235_16,5,0.008,13,0.99,0.162,21.45
2025-10-26 14:20:27,040,WAC_006_235_16,0,0.0,15,1.0,0.1872,21.47
2025-10-26 14:30:30,040,WAC_006_235_16,12,0.02,13,0.977,0.18,21.47
2025-10-26 14:40:33,040,WAC_006_235_16,2,0.003,14,0.996,0.1872,21.47
2025-10-26 14:50:36,040,WAC_006_235_16,4,0.007,12,0.992,0.1872,21.47
2025-10-26 15:00:39,040,WAC_006_235_16,5,0.008,14,0.991,0.1872,21.48
2025-10-26 15:10:42,040,WAC_006_235_16,5,0.008,14,0.991,0.1872,21.49
2025-10-26 15:20:45,040,WAC_006_235_16,25,0.042,10,0.941,0.1872,21.53
2025-10-26 15:30:49,040,WAC_006_235_16,56,0.093,5,0.781,0.198,21.63
2025-10-26 15:40:51,040,WAC_006_235_16,109,0.181,7,0.72,0.2052,21.6
2025-10-26 15:50:54,040,WAC_006_235_16,0,0.0,15,1.0,0.2016,21.56
2025-10-26 16:00:58,040,WAC_006_235_16,1,0.002,14,0.998,0.2016,21.53
2025-10-26 16:11:01,040,WAC_006_235_16,20,0.033,12,0.96,0.2124,21.5
2025-10-26 16:21:03,040,WAC_006_235_16,21,0.035,11,0.954,0.2124,21.49
2025-10-26 16:31:07,040,WAC_006_235_16,132,0.22,6,0.645,0.1656,21.51
2025-10-26 16:41:27,040,WAC_006_235_16,108,0.18,8,0.748,0.1728,21.52
2025-10-26 16:51:30,040,WAC_006_235_16,57,0.095,10,0.875,0.1548,21.44
2025-10-26 17:01:34,040,WAC_006_235_16,243,0.404,5,0.451,0.2088,21.45
2025-10-26 17:11:37,040,WAC_006_235_16,41,0.068,10,0.907,0.2196,21.45
2025-10-26 17:21:39,040,WAC_006_235_16,7,0.012,14,0.988,0.2088,21.43
2025-10-26 17:31:42,040,WAC_006_235_16,0,0.0,15,1.0,0.2088,21.41
2025-10-26 17:41:45,040,WAC_006_235_16,4,0.007,14,0.993,0.2088,21.38
2025-10-26 17:51:48,040,WAC_006_235_16,33,0.055,13,0.94,0.2088,21.38
2025-10-26 18:01:52,040,WAC_006_235_16,115,0.191,5,0.635,0.0,21.39
2025-10-26 18:11:55,040,WAC_006_235_16,111,0.184,8,0.742,0.0,21.41
2025-10-26 18:21:58,040,WAC_006_235_16,170,0.282,5,0.541,0.0,21.42
2025-10-26 18:32:01,040,WAC_006_235_16,179,0.298,3,0.401,0.0,21.44
2025-10-26 18:42:05,040,WAC_006_235_16,75,0.125,10,0.842,0.0,21.47
2025-10-26 18:52:08,040,WAC_006_235_16,238,0.395,2,0.252,0.0,21.48
2025-10-26 19:02:11,040,WAC_006_235_16,78,0.13,9,0.822,0.0,21.5
2025-10-26 19:12:14,040,WAC_006_235_16,158,0.263,10,0.717,0.0,21.49
2025-10-26 19:22:17,040,WAC_006_235_16,134,0.223,8,0.705,0.0,21.47
2025-10-26 19:32:20,040,WAC_006_235_16,157,0.261,5,0.56,0.0,21.5
2025-10-26 19:42:23,040,WAC_006_235_16,110,0.183,6,0.686,0.0,21.51
2025-10-26 19:52:26,040,WAC_006_235_16,328,0.546,1,0.109,0.0,21.58
2025-10-26 20:02:29,040,WAC_006_235_16,203,0.337,1,0.165,0.0,21.6
2025-10-26 20:12:32,040,WAC_006_235_16,19,0.032,14,0.967,0.0,21.56
2025-10-26 20:22:35,040,WAC_006_235_16,307,0.511,4,0.343,0.0,21.58
2025-10-26 20:32:38,040,WAC_006_235_16,60,0.1,10,0.87,0.0,21.81
2025-10-26 20:43:04,040,WAC_006_235_16,18,0.03,12,0.964,0.0,21.93
2025-10-26 20:53:07,040,WAC_006_235_16,8,0.013,13,0.985,0.0,21.93
2025-10-26 21:03:10,040,WAC_006_235_16,8,0.013,13,0.985,0.0,21.92
2025-10-26 21:13:14,040,WAC_006_235_16,18,0.03,13,0.967,0.0,21.97
2025-10-26 21:23:17,040,WAC_006_235_16,17,0.028,13,0.968,0.0,21.98
2025-10-26 21:33:20,040,WAC_006_235_16,180,0.299,5,0.526,0.0,22.08
2025-10-26 21:43:22,040,WAC_006_235_16,41,0.068,12,0.921,0.0,21.81
2025-10-26 21:53:25,040,WAC_006_235_16,179,0.298,4,0.472,0.0,21.69
2025-10-26 22:03:29,040,WAC_006_235_16,211,0.35,3,0.363,0.0,21.61
2025-10-26 22:13:32,040,WAC_006_235_16,97,0.161,10,0.805,0.0,21.56
2025-10-26 22:23:36,040,WAC_006_235_16,178,0.296,6,0.574,0.0,21.58
2025-10-26 22:33:38,040,WAC_006_235_16,120,0.2,9,0.75,0.0,21.56
2025-10-26 22:43:41,040,WAC_006_235_16,188,0.313,2,0.299,0.0,21.61
2025-10-26 22:53:44,040,WAC_006_235_16,24,0.04,11,0.948,0.0,21.82
2025-10-26 23:03:47,040,WAC_006_235_16,38,0.063,12,0.927,0.0,21.8
2025-10-26 23:13:51,040,WAC_006_235_16,57,0.095,6,0.808,0.0,21.75
2025-10-26 23:23:54,040,WAC_006_235_16,103,0.171,3,0.538,0.0,21.69
2025-10-26 23:33:57,040,WAC_006_235_16,50,0.083,12,0.906,0.0,21.68
2025-10-26 23:44:00,040,WAC_006_235_16,60,0.1,7,0.824,0.0,21.69
2025-10-26 23:54:03,040,WAC_006_235_16,34,0.057,11,0.928,0.0,21.63
2025-11-01 00:06:40,009,WAC_006_235_18,109,0.181,10,0.786,0.0,21.7
2025-11-01 00:16:43,009,WAC_006_235_18,42,0.07,12,0.92,0.0,21.69
2025-11-01 00:26:46,009,WAC_006_235_18,0,0.0,15,1.0,0.0,21.63
2025-11-01 00:36:48,009,WAC_006_235_18,0,0.0,15,1.0,0.0,21.58
2025-11-01 00:46:51,009,WAC_006_235_18,0,0.0,15,1.0,0.0,21.52
2025-11-01 00:56:54,009,WAC_006_235_18,0,0.0,15,1.0,0.0,21.47
2025-11-01 01:06:57,009,WAC_006_235_18,0,0.0,15,1.0,0.0,21.45
2025-11-01 01:16:59,009,WAC_006_235_18,0,0.0,15,1.0,0.0,21.4
2025-11-01 01:27:02,009,WAC_006_235_18,0,0.0,15,1.0,0.0,21.39
2025-11-01 01:37:06,009,WAC_006_235_18,0,0.0,15,1.0,0.0,21.37
2025-11-01 01:47:09,009,WAC_006_235_18,0,0.0,15,1.0,0.0,21.35
2025-11-01 01:57:12,009,WAC_006_235_18,0,0.0,15,1.0,0.0,21.32
2025-11-01 02:07:14,009,WAC_006_235_18,0,0.0,15,1.0,0.0,21.33
2025-11-01 02:17:17,009,WAC_006_235_18,56,0.093,12,0.896,0.0,21.37
2025-11-01 02:27:20,009,WAC_006_235_18,0,0.0,15,1.0,0.0,21.38
2025-11-01 02:37:23,009,WAC_006_235_18,0,0.0,15,1.0,0.0,21.38
2025-11-01 02:47:26,009,WAC_006_235_18,0,0.0,15,1.0,0.0,21.37
2025-11-01 02:57:28,009,WAC_006_235_18,0,0.0,15,1.0,0.0,21.35
2025-11-01 03:07:31,009,WAC_006_235_18,0,0.0,15,1.0,0.0,21.35
2025-11-01 03:17:34,009,WAC_006_235_18,170,0.283,7,0.622,0.0,21.4
2025-11-01 03:27:49,009,WAC_006_235_18,129,0.215,9,0.736,0.0,21.5
2025-11-01 03:37:52,009,WAC_006_235_18,48,0.08,12,0.909,0.0,21.49
2025-11-01 03:47:56,009,WAC_006_235_18,225,0.374,5,0.471,0.0,21.56
2025-11-01 03:57:59,009,WAC_006_235_18,85,0.141,8,0.79,0.0,21.56
2025-11-01 04:08:02,009,WAC_006_235_18,89,0.148,9,0.802,0.0,21.55
2025-11-01 04:18:04,009,WAC_006_235_18,137,0.228,6,0.637,0.0,21.55
2025-11-01 04:28:07,009,WAC_006_235_18,37,0.062,13,0.934,0.0,21.52
2025-11-01 04:38:10,009,WAC_006_235_18,0,0.0,15,1.0,0.0,21.45
2025-11-01 04:48:13,009,WAC_006_235_18,0,0.0,15,1.0,0.0,21.4
2025-11-01 04:58:16,009,WAC_006_235_18,0,0.0,15,1.0,0.0,21.36
2025-11-01 05:08:19,009,WAC_006_235_18,0,0.0,15,1.0,0.0,21.33
2025-11-01 05:18:22,009,WAC_006_235_18,0,0.0,15,1.0,0.0,21.3
2025-11-01 05:28:25,009,WAC_006_235_18,13,0.022,13,0.976,0.0,21.29
2025-11-01 05:38:28,009,WAC_006_235_18,29,0.048,13,0.947,0.0,21.31
2025-11-01 05:48:32,009,WAC_006_235_18,81,0.135,11,0.845,0.0,21.36
2025-11-01 05:58:36,009,WAC_006_235_18,202,0.336,5,0.498,0.0,21.48
2025-11-01 06:08:39,009,WAC_006_235_18,54,0.09,11,0.891,0.2664,21.48
2025-11-01 06:18:42,009,WAC_006_235_18,18,0.03,13,0.967,0.2628,21.45
2025-11-01 06:28:45,009,WAC_006_235_18,0,0.0,15,1.0,0.27,21.4
2025-11-01 06:38:48,009,WAC_006_235_18,0,0.0,15,1.0,0.2592,21.35
2025-11-01 06:48:51,009,WAC_006_235_18,0,0.0,15,1.0,0.27,21.32
2025-11-01 06:58:54,009,WAC_006_235_18,0,0.0,15,1.0,0.27,21.28
2025-11-01 07:08:56,009,WAC_006_235_18,0,0.0,15,1.0,0.27,21.27
2025-11-01 07:19:00,009,WAC_006_235_18,0,0.0,15,1.0,0.2592,21.26
2025-11-01 07:29:20,009,WAC_006_235_18,0,0.0,15,1.0,0.27,21.29
2025-11-01 07:39:23,009,WAC_006_235_18,0,0.0,15,1.0,0.27,21.27
2025-11-01 07:49:26,009,WAC_006_235_18,0,0.0,15,1.0,0.2592,21.25
2025-11-01 07:59:29,009,WAC_006_235_18,0,0.0,15,1.0,0.27,21.24
2025-11-01 08:09:32,009,WAC_006_235_18,0,0.0,15,1.0,0.27,21.24
2025-11-01 08:19:35,009,WAC_006_235_18,0,0.0,15,1.0,0.2592,21.24
2025-11-01 08:29:39,009,WAC_006_235_18,0,0.0,15,1.0,0.2592,21.24
2025-11-01 08:39:42,009,WAC_006_235_18,0,0.0,15,1.0,0.2952,21.25
2025-11-01 08:49:45,009,WAC_006_235_18,0,0.0,15,1.0,0.2952,21.24
2025-11-01 08:59:49,009,WAC_006_235_18,0,0.0,15,1.0,0.252,21.24
2025-11-01 09:09:52,009,WAC_006_235_18,0,0.0,15,1.0,0.2592,21.24
2025-11-01 09:19:55,009,WAC_006_235_18,0,0.0,15,1.0,0.2592,21.24
2025-11-01 09:29:57,009,WAC_006_235_18,0,0.0,15,1.0,0.2592,21.23
2025-11-01 09:40:00,009,WAC_006_235_18,0,0.0,15,1.0,0.2592,21.22
2025-11-01 09:50:03,009,WAC_006_235_18,0,0.0,15,1.0,0.2628,21.23
2025-11-01 10:00:06,009,WAC_006_235_18,0,0.0,15,1.0,0.2592,21.24
2025-11-01 10:10:09,009,WAC_006_235_18,0,0.0,15,1.0,0.2592,21.25
2025-11-01 10:20:13,009,WAC_006_235_18,0,0.0,15,1.0,0.252,21.26
2025-11-01 10:30:15,009,WAC_006_235_18,0,0.0,15,1.0,0.252,21.26
2025-11-01 10:40:18,009,WAC_006_235_18,0,0.0,15,1.0,0.2988,21.27
2025-11-01 10:50:21,009,WAC_006_235_18,0,0.0,15,1.0,0.288,21.29
2025-11-01 11:00:24,009,WAC_006_235_18,18,0.03,14,0.969,0.2592,21.31
2025-11-01 11:10:27,009,WAC_006_235_18,34,0.057,13,0.939,0.2484,21.39
2025-11-01 11:20:29,009,WAC_006_235_18,61,0.101,11,0.878,0.2772,21.44
2025-11-01 11:30:44,009,WAC_006_235_18,0,0.0,15,1.0,0.2664,21.5
2025-11-01 11:40:47,009,WAC_006_235_18,0,0.0,15,1.0,0.27,21.49
2025-11-01 11:50:50,009,WAC_006_235_18,0,0.0,15,1.0,0.2772,21.48
2025-11-01 12:00:53,009,WAC_006_235_18,0,0.0,15,1.0,0.2772,21.49
2025-11-01 12:10:57,009,WAC_006_235_18,0,0.0,15,1.0,0.2772,21.5
2025-11-01 12:20:59,009,WAC_006_235_18,0,0.0,15,1.0,0.27,21.49
2025-11-01 12:31:03,009,WAC_006_235_18,0,0.0,15,1.0,0.2664,21.49
2025-11-01 12:41:05,009,WAC_006_235_18,0,0.0,15,1.0,0.2736,21.5
2025-11-01 12:51:09,009,WAC_006_235_18,0,0.0,15,1.0,0.2736,21.51
2025-11-01 13:01:11,009,WAC_006_235_18,0,0.0,15,1.0,0.2736,21.5
2025-11-01 13:11:14,009,WAC_006_235_18,0,0.0,15,1.0,0.3168,21.51
2025-11-01 13:21:17,009,WAC_006_235_18,0,0.0,15,1.0,0.3096,21.5
2025-11-01 13:31:20,009,WAC_006_235_18,0,0.0,15,1.0,0.3204,21.49
2025-11-01 13:41:23,009,WAC_006_235_18,0,0.0,15,1.0,0.2772,21.49
2025-11-01 13:51:27,009,WAC_006_235_18,5,0.008,14,0.991,0.2592,21.49
2025-11-01 14:01:30,009,WAC_006_235_18,10,0.017,14,0.982,0.2844,21.51
2025-11-01 14:11:33,009,WAC_006_235_18,0,0.0,15,1.0,0.2628,21.52
2025-11-01 14:21:36,009,WAC_006_235_18,0,0.0,15,1.0,0.2628,21.53
2025-11-01 14:31:39,009,WAC_006_235_18,0,0.0,15,1.0,0.2592,21.54
2025-11-01 14:41:42,009,WAC_006_235_18,0,0.0,15,1.0,0.2592,21.53
2025-11-01 14:51:45,009,WAC_006_235_18,0,0.0,15,1.0,0.2664,21.52
2025-11-01 15:01:48,009,WAC_006_235_18,0,0.0,15,1.0,0.306,21.51
2025-11-01 15:11:51,009,WAC_006_235_18,0,0.0,15,1.0,0.3024,21.5
2025-11-01 15:21:55,009,WAC_006_235_18,0,0.0,15,1.0,0.3024,21.49
2025-11-01 15:32:08,009,WAC_006_235_18,0,0.0,15,1.0,0.306,21.53
2025-11-01 15:42:11,009,WAC_006_235_18,0,0.0,15,1.0,0.3132,21.52
2025-11-01 15:52:14,009,WAC_006_235_18,0,0.0,15,1.0,0.2664,21.52
2025-11-01 16:02:17,009,WAC_006_235_18,0,0.0,15,1.0,0.2664,21.51
2025-11-01 16:12:20,009,WAC_006_235_18,0,0.0,15,1.0,0.2664,21.49
2025-11-01 16:22:23,009,WAC_006_235_18,1,0.002,14,0.998,0.2736,21.49
2025-11-01 16:32:26,009,WAC_006_235_18,30,0.05,13,0.945,0.2736,21.5
2025-11-01 16:42:29,009,WAC_006_235_18,0,0.0,15,1.0,0.2808,21.48
2025-11-01 16:52:33,009,WAC_006_235_18,0,0.0,15,1.0,0.2808,21.44
2025-11-01 17:02:36,009,WAC_006_235_18,0,0.0,15,1.0,0.2844,21.41
2025-11-01 17:12:39,009,WAC_006_235_18,0,0.0,15,1.0,0.3168,21.38
2025-11-01 17:22:42,009,WAC_006_235_18,0,0.0,15,1.0,0.3168,21.38
2025-11-01 17:32:45,009,WAC_006_235_18,0,0.0,15,1.0,0.3168,21.38
2025-11-01 17:42:48,009,WAC_006_235_18,0,0.0,15,1.0,0.2844,21.38
2025-11-01 17:52:52,009,WAC_006_235_18,26,0.043,13,0.952,0.2844,21.4
2025-11-01 18:02:55,009,WAC_006_235_18,0,0.0,15,1.0,0.0,21.39
2025-11-01 18:12:58,009,WAC_006_235_18,0,0.0,15,1.0,0.0,21.37
2025-11-01 18:23:01,009,WAC_006_235_18,266,0.443,3,0.311,0.0,21.48
2025-11-01 18:33:04,009,WAC_006_235_18,18,0.03,14,0.969,0.0,21.48
2025-11-01 18:43:07,009,WAC_006_235_18,280,0.466,2,0.222,0.0,21.58
2025-11-01 18:53:10,009,WAC_006_235_18,282,0.468,1,0.124,0.0,21.62
2025-11-01 19:03:13,009,WAC_006_235_18,133,0.222,7,0.678,0.0,21.63
2025-11-01 19:13:16,009,WAC_006_235_18,44,0.073,12,0.916,0.0,21.59
2025-11-01 19:23:19,009,WAC_006_235_18,0,0.0,15,1.0,0.0,21.53
2025-11-01 19:33:35,009,WAC_006_235_18,81,0.135,10,0.832,0.0,21.56
2025-11-01 19:43:38,009,WAC_006_235_18,230,0.383,5,0.465,0.0,21.6
2025-11-01 19:53:41,009,WAC_006_235_18,14,0.023,14,0.976,0.0,21.55
2025-11-01 20:03:45,009,WAC_006_235_18,0,0.0,15,1.0,0.0,21.47
2025-11-01 20:13:48,009,WAC_006_235_18,0,0.0,15,1.0,0.0,21.44
2025-11-01 20:23:51,009,WAC_006_235_18,0,0.0,15,1.0,0.0,21.44
2025-11-01 20:33:55,009,WAC_006_235_18,0,0.0,15,1.0,0.0,21.41
2025-11-01 20:43:58,009,WAC_006_235_18,0,0.0,15,1.0,0.0,21.42
2025-11-01 20:54:01,009,WAC_006_235_18,34,0.057,13,0.939,0.0,21.43
2025-11-01 21:04:04,009,WAC_006_235_18,278,0.463,6,0.463,0.0,21.52
2025-11-01 21:14:07,009,WAC_006_235_18,92,0.153,10,0.813,0.0,21.53
2025-11-01 21:24:10,009,WAC_006_235_18,147,0.245,7,0.656,0.0,21.56
2025-11-01 21:34:12,009,WAC_006_235_18,236,0.393,5,0.459,0.0,21.59
2025-11-01 21:44:16,009,WAC_006_235_18,271,0.451,5,0.425,0.0,21.64
2025-11-01 21:54:18,009,WAC_006_235_18,146,0.243,4,0.523,0.0,21.62
2025-11-01 22:04:21,009,WAC_006_235_18,81,0.135,11,0.845,0.0,21.58
2025-11-01 22:14:24,009,WAC_006_235_18,180,0.3,3,0.4,0.0,21.6
2025-11-01 22:24:27,009,WAC_006_235_18,232,0.386,4,0.408,0.0,21.64
2025-11-01 22:34:31,009,WAC_006_235_18,107,0.178,10,0.789,0.0,21.61
2025-11-01 22:44:34,009,WAC_006_235_18,52,0.087,11,0.894,0.0,21.58
2025-11-01 22:54:37,009,WAC_006_235_18,6,0.01,15,0.99,0.0,21.55
2025-11-01 23:04:40,009,WAC_006_235_18,2,0.003,14,0.996,0.0,21.52
2025-11-01 23:14:43,009,WAC_006_235_18,0,0.0,15,1.0,0.0,21.48
2025-11-01 23:24:45,009,WAC_006_235_18,0,0.0,15,1.0,0.0,21.44
2025-11-01 23:35:04,009,WAC_006_235_18,0,0.0,15,1.0,0.0,21.45
2025-11-01 23:45:07,009,WAC_006_235_18,0,0.0,15,1.0,0.0,21.4
2025-11-01 23:55:10,009,WAC_006_235_18,0,0.0,15,1.0,0.0,21.38
2025-11-02 00:05:14,009,WAC_006_235_18,6,0.01,15,0.99,0.0,21.35
2025-11-02 00:15:16,009,WAC_006_235_18,9,0.015,15,0.985,0.0,21.36
2025-11-02 00:25:19,009,WAC_006_235_18,0,0.0,15,1.0,0.0,21.36
2025-11-02 00:35:22,009,WAC_006_235_18,70,0.116,10,0.851,0.0,21.39
2025-11-02 00:45:25,009,WAC_006_235_18,200,0.332,6,0.545,0.0,21.48
2025-11-02 00:55:28,009,WAC_006_235_18,245,0.407,6,0.495,0.0,21.54
2025-11-02 01:05:31,009,WAC_006_235_18,204,0.339,6,0.541,0.0,21.65
2025-11-02 01:15:34,009,WAC_006_235_18,99,0.165,10,0.802,0.0,21.62
2025-11-02 01:25:38,009,WAC_006_235_18,68,0.113,11,0.866,0.0,21.58
2025-11-02 01:35:41,009,WAC_006_235_18,22,0.037,14,0.962,0.0,21.52
2025-11-02 01:45:44,009,WAC_006_235_18,0,0.0,15,1.0,0.0,21.45
2025-11-02 01:55:46,009,WAC_006_235_18,0,0.0,15,1.0,0.0,21.39
2025-11-02 02:05:50,009,WAC_006_235_18,0,0.0,15,1.0,0.0,21.35
2025-11-02 02:15:52,009,WAC_006_235_18,0,0.0,15,1.0,0.0,21.32
2025-11-02 02:25:56,009,WAC_006_235_18,0,0.0,15,1.0,0.0,21.3
2025-11-02 02:35:59,009,WAC_006_235_18,0,0.0,15,1.0,0.0,21.28
2025-11-02 02:36:37,009,WAC_006_235_18,169,0.282,9,0.681,0.0,21.45
2025-11-02 02:46:02,009,WAC_006_235_18,0,0.0,15,1.0,0.0,21.26
2025-11-02 02:46:40,009,WAC_006_235_18,49,0.082,11,0.9,0.0,21.41
2025-11-02 02:56:05,009,WAC_006_235_18,0,0.0,15,1.0,0.0,21.25
2025-11-02 02:56:43,009,WAC_006_235_18,0,0.0,15,1.0,0.0,21.38
2025-11-02 03:06:08,009,WAC_006_235_18,16,0.027,14,0.972,0.0,21.27
2025-11-02 03:06:45,009,WAC_006_235_18,0,0.0,15,1.0,0.0,21.34
2025-11-02 03:16:11,009,WAC_006_235_18,27,0.045,14,0.954,0.0,21.3
2025-11-02 03:16:48,009,WAC_006_235_18,0,0.0,15,1.0,0.0,21.33
2025-11-02 03:26:14,009,WAC_006_235_18,75,0.125,12,0.865,0.0,21.35
2025-11-02 03:26:51,009,WAC_006_235_18,151,0.251,9,0.705,0.0,21.41
2025-11-02 03:36:55,009,WAC_006_235_18,141,0.235,10,0.739,0.0,21.45
2025-11-02 03:46:58,009,WAC_006_235_18,310,0.515,2,0.205,0.0,21.59
2025-11-02 03:57:02,009,WAC_006_235_18,119,0.198,8,0.729,0.0,21.62
2025-11-02 04:07:04,009,WAC_006_235_18,188,0.313,4,0.46,0.0,21.68
2025-11-02 04:17:07,009,WAC_006_235_18,11,0.018,14,0.981,0.0,21.58
2025-11-02 04:27:11,009,WAC_006_235_18,0,0.0,15,1.0,0.0,21.52
2025-11-02 04:37:14,009,WAC_006_235_18,0,0.0,15,1.0,0.0,21.45
2025-11-02 04:47:16,009,WAC_006_235_18,0,0.0,15,1.0,0.0,21.4
2025-11-02 04:57:19,009,WAC_006_235_18,0,0.0,15,1.0,0.0,21.37
2025-11-02 05:07:22,009,WAC_006_235_18,27,0.045,14,0.954,0.0,21.36
2025-11-02 05:17:25,009,WAC_006_235_18,318,0.529,2,0.201,0.0,21.5
2025-11-02 05:27:28,009,WAC_006_235_18,134,0.223,8,0.705,0.0,21.52
2025-11-02 05:37:31,009,WAC_006_235_18,48,0.08,12,0.909,0.0,21.48
2025-11-02 05:47:34,009,WAC_006_235_18,96,0.16,9,0.789,0.0,21.46
2025-11-02 05:57:37,009,WAC_006_235_18,0,0.0,15,1.0,0.0,21.4
2025-11-02 06:07:40,009,WAC_006_235_18,15,0.025,14,0.974,0.252,21.37
2025-11-02 06:17:43,009,WAC_006_235_18,0,0.0,15,1.0,0.252,21.34
2025-11-02 06:27:46,009,WAC_006_235_18,0,0.0,15,1.0,0.2556,21.31
2025-11-02 06:37:48,009,WAC_006_235_18,0,0.0,15,1.0,0.2556,21.3
2025-11-02 06:47:51,009,WAC_006_235_18,0,0.0,15,1.0,0.252,21.29
2025-11-02 06:57:54,009,WAC_006_235_18,0,0.0,15,1.0,0.2556,21.28
2025-11-02 07:07:57,009,WAC_006_235_18,0,0.0,15,1.0,0.2556,21.29
2025-11-02 07:18:00,009,WAC_006_235_18,0,0.0,15,1.0,0.2556,21.28
2025-11-02 07:28:03,009,WAC_006_235_18,0,0.0,15,1.0,0.2556,21.27
2025-11-02 07:38:19,009,WAC_006_235_18,0,0.0,15,1.0,0.2556,21.3
2025-11-02 07:48:22,009,WAC_006_235_18,0,0.0,15,1.0,0.2556,21.29
2025-11-02 07:58:25,009,WAC_006_235_18,0,0.0,15,1.0,0.2556,21.28
2025-11-02 08:08:28,009,WAC_006_235_18,0,0.0,15,1.0,0.2556,21.27
2025-11-02 08:18:31,009,WAC_006_235_18,0,0.0,15,1.0,0.2664,21.28
2025-11-02 08:28:33,009,WAC_006_235_18,0,0.0,15,1.0,0.2592,21.29
2025-11-02 08:38:36,009,WAC_006_235_18,0,0.0,15,1.0,0.252,21.28
2025-11-02 08:48:39,009,WAC_006_235_18,0,0.0,15,1.0,0.2556,21.28
2025-11-02 08:58:42,009,WAC_006_235_18,0,0.0,15,1.0,0.2556,21.28
2025-11-02 09:08:45,009,WAC_006_235_18,0,0.0,15,1.0,0.2556,21.26
2025-11-02 09:18:48,009,WAC_006_235_18,0,0.0,15,1.0,0.2556,21.26
2025-11-02 09:28:51,009,WAC_006_235_18,0,0.0,15,1.0,0.2556,21.25
2025-11-02 09:38:54,009,WAC_006_235_18,0,0.0,15,1.0,0.2556,21.25
2025-11-02 09:48:57,009,WAC_006_235_18,23,0.038,13,0.958,0.2592,21.26
2025-11-02 09:59:00,009,WAC_006_235_18,0,0.0,15,1.0,0.252,21.25
2025-11-02 10:09:03,009,WAC_006_235_18,0,0.0,15,1.0,0.252,21.25
2025-11-02 10:19:05,009,WAC_006_235_18,0,0.0,15,1.0,0.252,21.24
2025-11-02 10:29:09,009,WAC_006_235_18,0,0.0,15,1.0,0.252,21.23
2025-11-02 10:39:11,009,WAC_006_235_18,0,0.0,15,1.0,0.252,21.21
2025-11-02 10:49:14,009,WAC_006_235_18,0,0.0,15,1.0,0.288,21.22
2025-11-02 10:59:17,009,WAC_006_235_18,0,0.0,15,1.0,0.288,21.21
2025-11-02 11:09:20,009,WAC_006_235_18,0,0.0,15,1.0,0.288,21.23
2025-11-02 11:19:23,009,WAC_006_235_18,0,0.0,15,1.0,0.252,21.22
2025-11-02 11:29:26,009,WAC_006_235_18,0,0.0,15,1.0,0.2628,21.23
2025-11-02 11:39:40,009,WAC_006_235_18,0,0.0,15,1.0,0.252,21.25
2025-11-02 11:49:43,009,WAC_006_235_18,0,0.0,15,1.0,0.252,21.25
2025-11-02 11:59:46,009,WAC_006_235_18,0,0.0,15,1.0,0.252,21.27
2025-11-02 12:09:49,009,WAC_006_235_18,8,0.013,14,0.986,0.2556,21.31
2025-11-02 12:19:52,009,WAC_006_235_18,115,0.191,10,0.777,0.2772,21.38
2025-11-02 12:29:55,009,WAC_006_235_18,61,0.101,12,0.887,0.2664,21.43
2025-11-02 12:39:58,009,WAC_006_235_18,0,0.0,15,1.0,0.2772,21.42
2025-11-02 12:50:01,009,WAC_006_235_18,0,0.0,15,1.0,0.2772,21.39
2025-11-02 13:00:04,009,WAC_006_235_18,0,0.0,15,1.0,0.3096,21.36
2025-11-02 13:10:07,009,WAC_006_235_18,0,0.0,15,1.0,0.3096,21.33
2025-11-02 13:20:10,009,WAC_006_235_18,0,0.0,15,1.0,0.2664,21.3
2025-11-02 13:30:13,009,WAC_006_235_18,0,0.0,15,1.0,0.2664,21.3
2025-11-02 13:40:16,009,WAC_006_235_18,0,0.0,15,1.0,0.2664,21.32
2025-11-02 13:50:20,009,WAC_006_235_18,0,0.0,15,1.0,0.2664,21.34
2025-11-02 14:00:22,009,WAC_006_235_18,0,0.0,15,1.0,0.2664,21.35
2025-11-02 14:10:25,009,WAC_006_235_18,0,0.0,15,1.0,0.2664,21.34
2025-11-02 14:20:28,009,WAC_006_235_18,0,0.0,15,1.0,0.2664,21.34
2025-11-02 14:30:32,009,WAC_006_235_18,0,0.0,15,1.0,0.2772,21.33
2025-11-02 14:40:34,009,WAC_006_235_18,0,0.0,15,1.0,0.2772,21.33
2025-11-02 14:50:37,009,WAC_006_235_18,25,0.042,12,0.95,0.2736,21.34
2025-11-02 15:00:40,009,WAC_006_235_18,0,0.0,15,1.0,0.2916,21.37
2025-11-02 15:10:43,009,WAC_006_235_18,0,0.0,15,1.0,0.2916,21.37
2025-11-02 15:20:46,009,WAC_006_235_18,0,0.0,15,1.0,0.288,21.36
2025-11-02 15:30:49,009,WAC_006_235_18,0,0.0,15,1.0,0.288,21.35
2025-11-02 15:41:08,009,WAC_006_235_18,0,0.0,15,1.0,0.2952,21.39
2025-11-02 15:51:11,009,WAC_006_235_18,0,0.0,15,1.0,0.288,21.36
2025-11-02 16:01:14,009,WAC_006_235_18,0,0.0,15,1.0,0.3348,21.34
2025-11-02 16:11:17,009,WAC_006_235_18,0,0.0,15,1.0,0.324,21.34
2025-11-02 16:21:21,009,WAC_006_235_18,0,0.0,15,1.0,0.3168,21.34
2025-11-02 16:31:24,009,WAC_006_235_18,22,0.037,13,0.959,0.3096,21.37
2025-11-02 16:41:27,009,WAC_006_235_18,0,0.0,15,1.0,0.3096,21.39
2025-11-02 16:51:30,009,WAC_006_235_18,0,0.0,15,1.0,0.3168,21.38
2025-11-02 17:01:33,009,WAC_006_235_18,0,0.0,15,1.0,0.2808,21.39
2025-11-02 17:11:36,009,WAC_006_235_18,29,0.048,12,0.943,0.3096,21.4
2025-11-02 17:21:39,009,WAC_006_235_18,0,0.0,15,1.0,0.3024,21.38
2025-11-02 17:31:42,009,WAC_006_235_18,35,0.058,12,0.932,0.3096,21.43
2025-11-02 17:41:44,009,WAC_006_235_18,0,0.0,15,1.0,0.2844,21.42
2025-11-02 17:51:47,009,WAC_006_235_18,2,0.003,15,0.997,0.1728,21.41
2025-11-02 18:01:50,009,WAC_006_235_18,253,0.42,5,0.442,0.0,21.5
2025-11-02 18:11:53,009,WAC_006_235_18,265,0.441,4,0.376,0.0,21.6
2025-11-02 18:21:57,009,WAC_006_235_18,127,0.211,10,0.759,0.0,21.62
2025-11-02 18:32:00,009,WAC_006_235_18,85,0.141,10,0.825,0.0,21.62
2025-11-02 18:42:02,009,WAC_006_235_18,328,0.546,0,0.0,0.0,21.72
2025-11-02 18:52:05,009,WAC_006_235_18,136,0.226,7,0.673,0.0,21.75
2025-11-02 19:02:08,009,WAC_006_235_18,134,0.223,4,0.544,0.0,21.71
2025-11-02 19:12:11,009,WAC_006_235_18,174,0.289,6,0.58,0.0,21.71
2025-11-02 19:22:14,009,WAC_006_235_18,232,0.387,5,0.463,0.0,21.77
2025-11-02 19:32:16,009,WAC_006_235_18,122,0.203,8,0.724,0.0,21.75
2025-11-02 19:42:33,009,WAC_006_235_18,250,0.417,3,0.324,0.0,21.82
2025-11-02 19:52:36,009,WAC_006_235_18,148,0.246,9,0.709,0.0,21.77
2025-11-02 20:02:39,009,WAC_006_235_18,0,0.0,15,1.0,0.0,21.68
2025-11-02 20:12:42,009,WAC_006_235_18,14,0.023,13,0.974,0.0,21.61
2025-11-02 20:22:45,009,WAC_006_235_18,133,0.221,8,0.706,0.0,21.63
2025-11-02 20:32:48,009,WAC_006_235_18,25,0.042,12,0.95,0.0,21.64
2025-11-02 20:42:51,009,WAC_006_235_18,114,0.19,10,0.778,0.0,21.64
2025-11-02 20:52:54,009,WAC_006_235_18,245,0.407,1,0.14,0.0,21.69
2025-11-02 21:02:57,009,WAC_006_235_18,200,0.333,4,0.444,0.0,21.73
2025-11-02 21:13:00,009,WAC_006_235_18,6,0.01,14,0.989,0.0,21.66
2025-11-02 21:23:03,009,WAC_006_235_18,139,0.231,6,0.633,0.0,21.65
2025-11-02 21:33:06,009,WAC_006_235_18,97,0.161,8,0.767,0.0,21.65
2025-11-02 21:43:09,009,WAC_006_235_18,211,0.35,3,0.363,0.0,21.67
2025-11-02 21:53:12,009,WAC_006_235_18,131,0.218,8,0.71,0.0,21.67
2025-11-02 22:03:15,009,WAC_006_235_18,210,0.35,6,0.533,0.0,21.72
2025-11-02 22:13:17,009,WAC_006_235_18,0,0.0,15,1.0,0.0,21.66
2025-11-02 22:23:20,009,WAC_006_235_18,0,0.0,15,1.0,0.0,21.58
2025-11-02 22:33:24,009,WAC_006_235_18,0,0.0,15,1.0,0.0,21.53
2025-11-02 22:43:26,009,WAC_006_235_18,0,0.0,15,1.0,0.0,21.5
2025-11-02 22:53:29,009,WAC_006_235_18,0,0.0,15,1.0,0.0,21.46
2025-11-02 23:03:31,009,WAC_006_235_18,5,0.008,15,0.992,0.0,21.47
2025-11-02 23:13:34,009,WAC_006_235_18,0,0.0,15,1.0,0.0,21.48
2025-11-02 23:23:37,009,WAC_006_235_18,0,0.0,15,1.0,0.0,21.46
2025-11-02 23:33:40,009,WAC_006_235_18,260,0.433,4,0.381,0.0,21.54
2025-11-02 23:43:58,009,WAC_006_235_18,1,0.002,15,0.998,0.0,21.54
2025-11-02 23:54:01,009,WAC_006_235_18,89,0.148,8,0.782,0.0,21.58
2025-10-25 00:01:52,010,WAC_006_235_20,335,0.559,2,0.193,0.0,21.74
2025-10-25 00:11:55,010,WAC_006_235_20,299,0.497,2,0.211,0.0,21.74
2025-10-25 00:21:58,010,WAC_006_235_20,160,0.266,6,0.6,0.0,21.72
2025-10-25 00:32:01,010,WAC_006_235_20,122,0.203,6,0.663,0.0,21.7
2025-10-25 00:42:03,010,WAC_006_235_20,219,0.364,5,0.477,0.0,21.65
2025-10-25 00:52:07,010,WAC_006_235_20,263,0.438,4,0.378,0.0,21.66
2025-10-25 01:02:10,010,WAC_006_235_20,360,0.598,1,0.1,0.0,21.76
2025-10-25 01:12:13,010,WAC_006_235_20,282,0.468,0,0.0,0.0,21.73
2025-10-25 01:22:16,010,WAC_006_235_20,231,0.384,4,0.409,0.0,21.66
2025-10-25 01:32:18,010,WAC_006_235_20,261,0.435,7,0.518,0.0,21.63
2025-10-25 01:42:21,010,WAC_006_235_20,301,0.501,1,0.117,0.0,21.59
2025-10-25 01:52:24,010,WAC_006_235_20,228,0.379,5,0.467,0.0,21.57
2025-10-25 02:02:27,010,WAC_006_235_20,12,0.02,14,0.979,0.0,21.52
2025-10-25 02:12:30,010,WAC_006_235_20,6,0.01,15,0.99,0.0,21.48
2025-10-25 02:22:33,010,WAC_006_235_20,4,0.007,14,0.993,0.0,21.46
2025-10-25 02:32:35,010,WAC_006_235_20,17,0.028,12,0.966,0.0,21.43
2025-10-25 02:42:38,010,WAC_006_235_20,0,0.0,15,1.0,0.0,21.41
2025-10-25 02:52:42,010,WAC_006_235_20,15,0.025,13,0.972,0.0,21.4
2025-10-25 03:02:44,010,WAC_006_235_20,10,0.017,13,0.981,0.0,21.39
2025-10-25 03:12:47,010,WAC_006_235_20,21,0.035,12,0.958,0.0,21.38
2025-10-25 03:22:50,010,WAC_006_235_20,0,0.0,15,1.0,0.0,21.38
2025-10-25 03:32:52,010,WAC_006_235_20,44,0.073,12,0.916,0.0,21.38
2025-10-25 03:42:56,010,WAC_006_235_20,60,0.1,11,0.88,0.0,21.4
2025-10-25 03:52:59,010,WAC_006_235_20,302,0.502,1,0.117,0.0,21.4
2025-10-25 04:03:13,010,WAC_006_235_20,267,0.445,2,0.231,0.0,21.5
2025-10-25 04:13:16,010,WAC_006_235_20,233,0.388,6,0.507,0.0,21.58
2025-10-25 04:23:19,010,WAC_006_235_20,336,0.559,1,0.106,0.0,21.67
2025-10-25 04:33:22,010,WAC_006_235_20,240,0.399,3,0.333,0.0,21.7
2025-10-25 04:43:24,010,WAC_006_235_20,180,0.3,4,0.471,0.0,21.68
2025-10-25 04:53:28,010,WAC_006_235_20,366,0.609,0,0.0,0.0,21.76
2025-10-25 05:03:31,010,WAC_006_235_20,115,0.191,8,0.736,0.0,21.71
2025-10-25 05:13:34,010,WAC_006_235_20,145,0.241,5,0.58,0.0,21.64
2025-10-25 05:23:36,010,WAC_006_235_20,239,0.398,4,0.401,0.0,21.7
2025-10-25 05:33:40,010,WAC_006_235_20,283,0.471,2,0.22,0.0,21.68
2025-10-25 05:43:43,010,WAC_006_235_20,65,0.108,12,0.881,0.0,21.62
2025-10-25 05:53:45,010,WAC_006_235_20,158,0.263,8,0.669,0.0,21.58
2025-10-25 06:03:48,010,WAC_006_235_20,122,0.203,6,0.663,1.0224,21.56
2025-10-25 06:13:51,010,WAC_006_235_20,506,0.842,0,0.0,1.0692,21.59
2025-10-25 06:23:54,010,WAC_006_235_20,273,0.454,7,0.506,1.0152,21.6
2025-10-25 06:33:57,010,WAC_006_235_20,7,0.012,12,0.986,1.0224,21.56
2025-10-25 06:43:59,010,WAC_006_235_20,2,0.003,14,0.996,1.0224,21.51
2025-10-25 06:54:02,010,WAC_006_235_20,0,0.0,15,1.0,1.0224,21.46
2025-10-25 07:04:05,010,WAC_006_235_20,0,0.0,15,1.0,1.0224,21.44
2025-10-25 07:14:08,010,WAC_006_235_20,9,0.015,13,0.983,1.0224,21.42
2025-10-25 07:24:11,010,WAC_006_235_20,0,0.0,15,1.0,1.0332,21.41
2025-10-25 07:34:15,010,WAC_006_235_20,1,0.002,15,0.998,1.0224,21.38
2025-10-25 07:44:18,010,WAC_006_235_20,1,0.002,14,0.998,1.0296,21.39
2025-10-25 07:54:21,010,WAC_006_235_20,7,0.012,15,0.988,1.0224,21.37
2025-10-25 08:04:42,010,WAC_006_235_20,0,0.0,15,1.0,1.0332,21.41
2025-10-25 08:14:45,010,WAC_006_235_20,2,0.003,14,0.996,1.0476,21.38
2025-10-25 08:24:47,010,WAC_006_235_20,1,0.002,15,0.998,1.0368,21.36
2025-10-25 08:34:50,010,WAC_006_235_20,55,0.092,10,0.879,1.044,21.36
2025-10-25 08:44:53,010,WAC_006_235_20,5,0.008,14,0.991,1.044,21.37
2025-10-25 08:54:56,010,WAC_006_235_20,5,0.008,14,0.991,1.044,21.37
2025-10-25 09:04:59,010,WAC_006_235_20,0,0.0,15,1.0,1.044,21.36
2025-10-25 09:15:02,010,WAC_006_235_20,0,0.0,15,1.0,1.044,21.35
2025-10-25 09:25:05,010,WAC_006_235_20,21,0.035,12,0.958,1.0836,21.33
2025-10-25 09:35:08,010,WAC_006_235_20,0,0.0,15,1.0,1.0728,21.35
2025-10-25 09:45:11,010,WAC_006_235_20,20,0.033,13,0.963,1.0728,21.34
2025-10-25 09:55:14,010,WAC_006_235_20,11,0.018,14,0.981,1.0836,21.34
2025-10-25 10:05:17,010,WAC_006_235_20,1,0.002,15,0.998,1.1124,21.34
2025-10-25 10:15:20,010,WAC_006_235_20,54,0.09,10,0.881,1.1088,21.36
2025-10-25 10:25:23,010,WAC_006_235_20,109,0.181,7,0.72,1.2996,21.37
2025-10-25 10:35:26,010,WAC_006_235_20,267,0.444,4,0.375,1.332,21.43
2025-10-25 10:45:29,010,WAC_006_235_20,68,0.113,11,0.866,1.1736,21.51
2025-10-25 10:55:32,010,WAC_006_235_20,59,0.098,9,0.859,1.1952,21.55
2025-10-25 11:05:35,010,WAC_006_235_20,0,0.0,15,1.0,1.1772,21.55
2025-10-25 11:15:39,010,WAC_006_235_20,0,0.0,15,1.0,1.1772,21.53
2025-10-25 11:25:42,010,WAC_006_235_20,7,0.012,14,0.988,1.1736,21.52
2025-10-25 11:35:44,010,WAC_006_235_20,1,0.002,14,0.998,1.1736,21.51
2025-10-25 11:45:47,010,WAC_006_235_20,0,0.0,15,1.0,1.1808,21.48
2025-10-25 11:55:50,010,WAC_006_235_20,2,0.003,15,0.997,1.1952,21.47
2025-10-25 12:06:11,010,WAC_006_235_20,1,0.002,15,0.998,1.1952,21.48
2025-10-25 12:16:14,010,WAC_006_235_20,2,0.003,15,0.997,1.1952,21.47
2025-10-25 12:26:17,010,WAC_006_235_20,0,0.0,15,1.0,1.1952,21.43
2025-10-25 12:36:20,010,WAC_006_235_20,0,0.0,15,1.0,1.1988,21.41
2025-10-25 12:46:23,010,WAC_006_235_20,7,0.012,14,0.988,1.1952,21.41
2025-10-25 12:56:25,010,WAC_006_235_20,17,0.028,12,0.966,1.1952,21.41
2025-10-25 13:06:28,010,WAC_006_235_20,53,0.088,10,0.883,0.9504,21.42
2025-10-25 13:16:30,010,WAC_006_235_20,226,0.376,5,0.469,0.9828,21.42
2025-10-25 13:26:34,010,WAC_006_235_20,1,0.002,15,0.998,0.9432,21.4
2025-10-25 13:36:37,010,WAC_006_235_20,0,0.0,15,1.0,0.9432,21.36
2025-10-25 13:46:40,010,WAC_006_235_20,0,0.0,15,1.0,0.9432,21.32
2025-10-25 13:56:43,010,WAC_006_235_20,0,0.0,15,1.0,0.972,21.26
2025-10-25 14:06:46,010,WAC_006_235_20,0,0.0,15,1.0,0.972,21.23
2025-10-25 14:16:49,010,WAC_006_235_20,0,0.0,15,1.0,0.9432,21.23
2025-10-25 14:26:52,010,WAC_006_235_20,0,0.0,15,1.0,0.9792,21.2
2025-10-25 14:36:54,010,WAC_006_235_20,2,0.003,14,0.996,0.972,21.19
2025-10-25 14:46:57,010,WAC_006_235_20,0,0.0,15,1.0,0.9432,21.18
2025-10-25 14:57:00,010,WAC_006_235_20,0,0.0,15,1.0,0.9792,21.17
2025-10-25 15:07:03,010,WAC_006_235_20,0,0.0,15,1.0,0.9792,21.14
2025-10-25 15:17:05,010,WAC_006_235_20,0,0.0,15,1.0,0.972,21.13
2025-10-25 15:27:07,010,WAC_006_235_20,0,0.0,15,1.0,0.99,21.13
2025-10-25 15:37:11,010,WAC_006_235_20,33,0.055,13,0.94,0.9216,21.16
2025-10-25 15:47:13,010,WAC_006_235_20,109,0.181,8,0.746,1.008,21.2
2025-10-25 15:57:17,010,WAC_006_235_20,93,0.155,8,0.775,1.1088,21.16
2025-10-25 16:07:35,010,WAC_006_235_20,14,0.023,12,0.972,1.1196,21.18
2025-10-25 16:17:38,010,WAC_006_235_20,0,0.0,15,1.0,1.1088,21.12
2025-10-25 16:27:41,010,WAC_006_235_20,0,0.0,15,1.0,1.116,21.1
2025-10-25 16:37:44,010,WAC_006_235_20,0,0.0,15,1.0,1.1196,21.08
2025-10-25 16:47:47,010,WAC_006_235_20,11,0.018,15,0.982,1.1196,21.07
2025-10-25 16:57:50,010,WAC_006_235_20,14,0.023,14,0.976,1.116,21.07
2025-10-25 17:07:53,010,WAC_006_235_20,106,0.176,9,0.773,0.8784,21.09
2025-10-25 17:17:56,010,WAC_006_235_20,115,0.191,8,0.736,0.9288,21.14
2025-10-25 17:27:59,010,WAC_006_235_20,27,0.045,13,0.951,0.9324,21.18
2025-10-25 17:38:02,010,WAC_006_235_20,5,0.008,14,0.991,0.9288,21.18
2025-10-25 17:48:05,010,WAC_006_235_20,0,0.0,15,1.0,0.9288,21.17
2025-10-25 17:58:08,010,WAC_006_235_20,0,0.0,15,1.0,0.9288,21.16
2025-10-25 18:08:11,010,WAC_006_235_20,84,0.14,7,0.769,0.0,21.16
2025-10-25 18:18:14,010,WAC_006_235_20,319,0.53,2,0.201,0.0,21.28
2025-10-25 18:28:17,010,WAC_006_235_20,335,0.556,2,0.193,0.0,21.37
2025-10-25 18:38:19,010,WAC_006_235_20,177,0.295,7,0.613,0.0,21.47
2025-10-25 18:48:21,010,WAC_006_235_20,361,0.602,1,0.1,0.0,21.52
2025-10-25 18:58:24,010,WAC_006_235_20,395,0.657,1,0.092,0.0,21.52
2025-10-25 19:08:27,010,WAC_006_235_20,304,0.506,1,0.116,0.0,21.57
2025-10-25 19:18:30,010,WAC_006_235_20,149,0.248,9,0.707,0.0,21.6
2025-10-25 19:28:32,010,WAC_006_235_20,381,0.635,0,0.0,0.0,21.63
2025-10-25 19:38:34,010,WAC_006_235_20,359,0.598,2,0.182,0.0,21.64
2025-10-25 19:48:37,010,WAC_006_235_20,253,0.421,6,0.487,0.0,21.61
2025-10-25 19:58:40,010,WAC_006_235_20,275,0.458,4,0.368,0.0,21.58
2025-10-25 20:09:08,010,WAC_006_235_20,69,0.115,9,0.839,0.0,21.58
2025-10-25 20:19:12,010,WAC_006_235_20,228,0.379,1,0.149,0.0,21.55
2025-10-25 20:29:15,010,WAC_006_235_20,258,0.429,4,0.383,0.0,21.58
2025-10-25 20:39:18,010,WAC_006_235_20,199,0.331,8,0.617,0.0,21.53
2025-10-25 20:49:21,010,WAC_006_235_20,322,0.536,1,0.11,0.0,21.54
2025-10-25 20:59:24,010,WAC_006_235_20,291,0.484,5,0.407,0.0,21.56
2025-10-25 21:09:27,010,WAC_006_235_20,274,0.456,3,0.305,0.0,21.56
2025-10-25 21:19:30,010,WAC_006_235_20,344,0.572,3,0.259,0.0,21.54
2025-10-25 21:29:33,010,WAC_006_235_20,368,0.612,2,0.179,0.0,21.6
2025-10-25 21:39:36,010,WAC_006_235_20,52,0.087,11,0.894,0.0,21.6
2025-10-25 21:49:39,010,WAC_006_235_20,10,0.017,15,0.984,0.0,21.56
2025-10-25 21:59:42,010,WAC_006_235_20,10,0.017,14,0.982,0.0,21.53
2025-10-25 22:09:45,010,WAC_006_235_20,22,0.037,13,0.959,0.0,21.51
2025-10-25 22:19:48,010,WAC_006_235_20,9,0.015,15,0.985,0.0,21.5
2025-10-25 22:29:51,010,WAC_006_235_20,0,0.0,15,1.0,0.0,21.51
2025-10-25 22:39:54,010,WAC_006_235_20,2,0.003,14,0.996,0.0,21.5
2025-10-25 22:49:58,010,WAC_006_235_20,74,0.123,10,0.844,0.0,21.49
2025-10-25 23:00:01,010,WAC_006_235_20,172,0.286,5,0.538,0.0,21.48
2025-10-25 23:10:04,010,WAC_006_235_20,258,0.429,3,0.317,0.0,21.5
2025-10-25 23:20:07,010,WAC_006_235_20,252,0.42,5,0.442,0.0,21.5
2025-10-25 23:30:10,010,WAC_006_235_20,260,0.432,3,0.316,0.0,21.55
2025-10-25 23:40:13,010,WAC_006_235_20,361,0.601,1,0.1,0.0,21.56
2025-10-25 23:50:17,010,WAC_006_235_20,238,0.396,5,0.457,0.0,21.52
2025-10-26 00:00:20,010,WAC_006_235_20,450,0.749,0,0.0,0.0,21.64
2025-10-26 00:10:43,010,WAC_006_235_20,294,0.491,4,0.352,0.0,21.7
2025-10-26 00:20:46,010,WAC_006_235_20,256,0.426,4,0.385,0.0,21.68
2025-10-26 00:30:49,010,WAC_006_235_20,366,0.609,0,0.0,0.0,21.61
2025-10-26 00:40:52,010,WAC_006_235_20,291,0.484,2,0.216,0.0,21.59
2025-10-26 00:50:55,010,WAC_006_235_20,383,0.637,0,0.0,0.0,21.65
2025-10-26 01:00:57,010,WAC_006_235_20,255,0.424,7,0.523,0.0,21.65
2025-10-26 01:11:00,010,WAC_006_235_20,221,0.368,5,0.475,0.0,21.62
2025-10-26 01:21:03,010,WAC_006_235_20,309,0.514,2,0.206,0.0,21.56
2025-10-26 01:31:06,010,WAC_006_235_20,294,0.489,4,0.352,0.0,21.57
2025-10-26 01:41:08,010,WAC_006_235_20,374,0.623,1,0.097,0.0,21.58
2025-10-26 01:51:11,010,WAC_006_235_20,287,0.478,4,0.358,0.0,21.58
2025-10-26 02:01:14,010,WAC_006_235_20,307,0.511,1,0.115,0.0,21.56
2025-10-26 02:11:17,010,WAC_006_235_20,266,0.442,4,0.376,0.0,21.68
2025-10-26 02:21:20,010,WAC_006_235_20,381,0.634,1,0.095,0.0,21.61
2025-10-26 02:31:23,010,WAC_006_235_20,349,0.581,2,0.186,0.0,21.64
2025-10-26 02:41:26,010,WAC_006_235_20,363,0.603,1,0.099,0.0,21.62
2025-10-26 02:51:29,010,WAC_006_235_20,262,0.436,3,0.314,0.0,21.57
2025-10-26 03:01:32,010,WAC_006_235_20,385,0.641,1,0.094,0.0,21.62
2025-10-26 03:11:35,010,WAC_006_235_20,239,0.398,5,0.456,0.0,21.62
2025-10-26 03:21:39,010,WAC_006_235_20,373,0.621,3,0.243,0.0,21.64
2025-10-26 03:31:42,010,WAC_006_235_20,295,0.49,4,0.352,0.0,21.59
2025-10-26 03:41:45,010,WAC_006_235_20,208,0.347,6,0.536,0.0,21.61
2025-10-26 03:51:47,010,WAC_006_235_20,250,0.416,4,0.39,0.0,21.54
2025-10-26 04:01:50,010,WAC_006_235_20,234,0.389,3,0.339,0.0,21.53
2025-10-26 04:12:10,010,WAC_006_235_20,410,0.684,0,0.0,0.0,21.62
2025-10-26 04:22:14,010,WAC_006_235_20,240,0.399,4,0.4,0.0,21.57
2025-10-26 04:32:17,010,WAC_006_235_20,384,0.638,2,0.172,0.0,21.56
2025-10-26 04:42:19,010,WAC_006_235_20,255,0.424,3,0.32,0.0,21.55
2025-10-26 04:52:22,010,WAC_006_235_20,275,0.458,3,0.304,0.0,21.51
2025-10-26 05:02:25,010,WAC_006_235_20,370,0.616,1,0.098,0.0,21.5
2025-10-26 05:12:28,010,WAC_006_235_20,234,0.39,4,0.406,0.0,21.49
2025-10-26 05:22:31,010,WAC_006_235_20,404,0.672,2,0.165,0.0,21.53
2025-10-26 05:32:33,010,WAC_006_235_20,311,0.517,0,0.0,0.0,21.5
2025-10-26 05:42:36,010,WAC_006_235_20,372,0.619,0,0.0,0.0,21.46
2025-10-26 05:52:39,010,WAC_006_235_20,66,0.11,10,0.858,0.0,21.42
2025-10-26 06:02:43,010,WAC_006_235_20,12,0.02,13,0.977,1.152,21.39
2025-10-26 06:12:46,010,WAC_006_235_20,125,0.208,6,0.658,1.1016,21.38
2025-10-26 06:22:48,010,WAC_006_235_20,40,0.067,12,0.923,1.1376,21.36
2025-10-26 06:32:52,010,WAC_006_235_20,34,0.057,11,0.928,1.1772,21.34
2025-10-26 06:42:55,010,WAC_006_235_20,113,0.188,9,0.761,1.1664,21.34
2025-10-26 06:52:58,010,WAC_006_235_20,441,0.734,1,0.083,1.0368,21.42
2025-10-26 07:03:00,010,WAC_006_235_20,108,0.18,10,0.787,1.0152,21.43
2025-10-26 07:13:03,010,WAC_006_235_20,69,0.115,10,0.853,1.0224,21.44
2025-10-26 07:23:06,010,WAC_006_235_20,215,0.358,6,0.527,1.0152,21.42
2025-10-26 07:33:09,010,WAC_006_235_20,105,0.175,8,0.753,1.0188,21.42
2025-10-26 07:43:12,010,WAC_006_235_20,36,0.06,12,0.93,1.0152,21.44
2025-10-26 07:53:16,010,WAC_006_235_20,25,0.042,12,0.95,1.0152,21.45
2025-10-26 08:03:18,010,WAC_006_235_20,30,0.05,10,0.93,1.0188,21.46
2025-10-26 08:13:37,010,WAC_006_235_20,33,0.055,11,0.93,1.0152,21.49
2025-10-26 08:23:40,010,WAC_006_235_20,283,0.471,6,0.459,1.008,21.49
2025-10-26 08:33:43,010,WAC_006_235_20,383,0.637,2,0.173,1.0296,21.52
2025-10-26 08:43:46,010,WAC_006_235_20,316,0.526,2,0.202,1.1592,21.51
2025-10-26 08:53:49,010,WAC_006_235_20,17,0.028,13,0.968,1.188,21.5
2025-10-26 09:03:53,010,WAC_006_235_20,5,0.008,14,0.991,1.188,21.46
2025-10-26 09:13:56,010,WAC_006_235_20,11,0.018,13,0.979,1.188,21.43
2025-10-26 09:23:59,010,WAC_006_235_20,3,0.005,13,0.994,1.188,21.41
2025-10-26 09:34:02,010,WAC_006_235_20,6,0.01,14,0.989,1.1952,21.38
2025-10-26 09:44:04,010,WAC_006_235_20,11,0.018,15,0.982,1.1808,21.37
2025-10-26 09:54:07,010,WAC_006_235_20,24,0.04,14,0.959,1.4472,21.37
2025-10-26 10:04:11,010,WAC_006_235_20,83,0.138,6,0.743,1.224,21.4
2025-10-26 10:14:14,010,WAC_006_235_20,164,0.273,5,0.549,1.1448,21.41
2025-10-26 10:24:17,010,WAC_006_235_20,32,0.053,13,0.942,1.1376,21.44
2025-10-26 10:34:20,010,WAC_006_235_20,4,0.007,14,0.993,1.1448,21.43
2025-10-26 10:44:23,010,WAC_006_235_20,15,0.025,12,0.97,1.2168,21.46
2025-10-26 10:54:26,010,WAC_006_235_20,18,0.03,14,0.969,1.1628,21.46
2025-10-26 11:04:29,010,WAC_006_235_20,0,0.0,15,1.0,1.1232,21.44
2025-10-26 11:14:32,010,WAC_006_235_20,9,0.015,12,0.982,1.1232,21.44
2025-10-26 11:24:35,010,WAC_006_235_20,14,0.023,14,0.976,1.1376,21.43
2025-10-26 11:34:38,010,WAC_006_235_20,14,0.023,13,0.974,1.1376,21.42
2025-10-26 11:44:40,010,WAC_006_235_20,3,0.005,14,0.995,1.1304,21.41
2025-10-26 11:54:44,010,WAC_006_235_20,8,0.013,14,0.986,1.134,21.42
2025-10-26 12:04:47,010,WAC_006_235_20,13,0.022,13,0.976,1.134,21.38
2025-10-26 12:15:04,010,WAC_006_235_20,69,0.115,7,0.802,1.1304,21.41
2025-10-26 12:25:07,010,WAC_006_235_20,183,0.304,7,0.605,1.0872,21.41
2025-10-26 12:35:10,010,WAC_006_235_20,131,0.218,2,0.379,1.1376,21.42
2025-10-26 12:45:13,010,WAC_006_235_20,4,0.007,13,0.992,1.1448,21.42
2025-10-26 12:55:16,010,WAC_006_235_20,1,0.002,14,0.998,1.1376,21.39
2025-10-26 13:05:19,010,WAC_006_235_20,7,0.012,14,0.988,1.1376,21.37
2025-10-26 13:15:22,010,WAC_006_235_20,31,0.051,12,0.939,1.1376,21.36
2025-10-26 13:25:26,010,WAC_006_235_20,16,0.027,13,0.97,1.1376,21.38
2025-10-26 13:35:29,010,WAC_006_235_20,7,0.012,14,0.988,1.1484,21.37
2025-10-26 13:45:32,010,WAC_006_235_20,0,0.0,15,1.0,1.1448,21.34
2025-10-26 13:55:35,010,WAC_006_235_20,30,0.05,12,0.941,1.1448,21.32
2025-10-26 14:05:38,010,WAC_006_235_20,21,0.035,14,0.964,1.1448,21.35
2025-10-26 14:15:41,010,WAC_006_235_20,27,0.045,13,0.951,1.1808,21.36
2025-10-26 14:25:44,010,WAC_006_235_20,36,0.06,10,0.917,1.1808,21.36
2025-10-26 14:35:47,010,WAC_006_235_20,187,0.311,5,0.517,1.1736,21.36
2025-10-26 14:45:50,010,WAC_006_235_20,44,0.073,12,0.916,1.1304,21.34
2025-10-26 14:55:53,010,WAC_006_235_20,368,0.611,1,0.098,1.1304,21.4
2025-10-26 15:05:56,010,WAC_006_235_20,63,0.105,9,0.851,1.1304,21.43
2025-10-26 15:16:00,010,WAC_006_235_20,5,0.008,14,0.991,1.1304,21.42
2025-10-26 15:26:02,010,WAC_006_235_20,7,0.012,13,0.987,1.1304,21.42
2025-10-26 15:36:05,010,WAC_006_235_20,33,0.055,13,0.94,1.1304,21.42
2025-10-26 15:46:08,010,WAC_006_235_20,6,0.01,13,0.989,1.0944,21.43
2025-10-26 15:56:11,010,WAC_006_235_20,28,0.047,11,0.94,1.134,21.42
2025-10-26 16:06:14,010,WAC_006_235_20,13,0.022,14,0.977,1.1304,21.4
2025-10-26 16:16:29,010,WAC_006_235_20,182,0.304,3,0.397,1.1088,21.46
2025-10-26 16:26:32,010,WAC_006_235_20,210,0.349,5,0.488,1.0296,21.44
2025-10-26 16:36:35,010,WAC_006_235_20,255,0.424,0,0.0,1.0152,21.51
2025-10-26 16:46:39,010,WAC_006_235_20,53,0.088,12,0.901,1.0296,21.55
2025-10-26 16:56:42,010,WAC_006_235_20,7,0.012,14,0.988,1.0296,21.52
2025-10-26 17:06:45,010,WAC_006_235_20,20,0.033,11,0.957,1.0296,21.51
2025-10-26 17:16:47,010,WAC_006_235_20,35,0.058,12,0.932,1.0296,21.51
2025-10-26 17:26:50,010,WAC_006_235_20,171,0.285,9,0.678,1.0476,21.46
2025-10-26 17:36:53,010,WAC_006_235_20,70,0.116,11,0.863,1.0512,21.46
2025-10-26 17:46:56,010,WAC_006_235_20,24,0.04,12,0.952,1.044,21.46
2025-10-26 17:56:59,010,WAC_006_235_20,132,0.22,8,0.708,1.0512,21.48
2025-10-26 18:07:02,010,WAC_006_235_20,278,0.463,2,0.223,0.0,21.51
2025-10-26 18:17:05,010,WAC_006_235_20,168,0.279,6,0.588,0.0,21.51
2025-10-26 18:27:08,010,WAC_006_235_20,113,0.188,9,0.761,0.0,21.48
2025-10-26 18:37:11,010,WAC_006_235_20,310,0.516,1,0.114,0.0,21.53
2025-10-26 18:47:14,010,WAC_006_235_20,154,0.256,8,0.675,0.0,21.54
2025-10-26 18:57:17,010,WAC_006_235_20,282,0.468,5,0.415,0.0,21.66
2025-10-26 19:07:20,010,WAC_006_235_20,209,0.347,4,0.434,0.0,21.63
2025-10-26 19:17:23,010,WAC_006_235_20,436,0.727,0,0.0,0.0,21.63
2025-10-26 19:27:25,010,WAC_006_235_20,325,0.541,2,0.198,0.0,21.72
2025-10-26 19:37:28,010,WAC_006_235_20,150,0.25,9,0.706,0.0,21.68
2025-10-26 19:47:31,010,WAC_006_235_20,323,0.537,1,0.11,0.0,21.67
2025-10-26 19:57:35,010,WAC_006_235_20,350,0.582,1,0.103,0.0,21.72
2025-10-26 20:07:38,010,WAC_006_235_20,84,0.14,10,0.826,0.0,21.66
2025-10-26 20:18:00,010,WAC_006_235_20,241,0.402,5,0.454,0.0,21.66
2025-10-26 20:28:03,010,WAC_006_235_20,283,0.471,5,0.414,0.0,21.69
2025-10-26 20:38:06,010,WAC_006_235_20,126,0.209,8,0.717,0.0,21.69
2025-10-26 20:48:10,010,WAC_006_235_20,21,0.035,11,0.954,0.0,21.67
2025-10-26 20:58:12,010,WAC_006_235_20,18,0.03,13,0.967,0.0,21.66
2025-10-26 21:08:16,010,WAC_006_235_20,55,0.092,12,0.897,0.0,21.6
2025-10-26 21:18:18,010,WAC_006_235_20,9,0.015,14,0.984,0.0,21.56
2025-10-26 21:28:22,010,WAC_006_235_20,14,0.023,12,0.972,0.0,21.53
2025-10-26 21:38:24,010,WAC_006_235_20,25,0.042,13,0.954,0.0,21.5
2025-10-26 21:48:28,010,WAC_006_235_20,209,0.348,6,0.535,0.0,21.51
2025-10-26 21:58:30,010,WAC_006_235_20,82,0.136,11,0.843,0.0,21.49
2025-10-26 22:08:33,010,WAC_006_235_20,347,0.577,0,0.0,0.0,21.54
2025-10-26 22:18:36,010,WAC_006_235_20,260,0.433,4,0.381,0.0,21.54
2025-10-26 22:28:40,010,WAC_006_235_20,128,0.213,10,0.758,0.0,21.49
2025-10-26 22:38:43,010,WAC_006_235_20,352,0.585,1,0.102,0.0,21.61
2025-10-26 22:48:46,010,WAC_006_235_20,152,0.252,6,0.612,0.0,21.57
2025-10-26 22:58:49,010,WAC_006_235_20,196,0.326,5,0.505,0.0,21.57
2025-10-26 23:08:52,010,WAC_006_235_20,194,0.323,4,0.452,0.0,21.57
2025-10-26 23:18:55,010,WAC_006_235_20,371,0.617,0,0.0,0.0,21.57
2025-10-26 23:28:59,010,WAC_006_235_20,338,0.562,3,0.262,0.0,21.56
2025-10-26 23:39:02,010,WAC_006_235_20,199,0.331,6,0.547,0.0,21.57
2025-10-26 23:49:04,010,WAC_006_235_20,362,0.602,0,0.0,0.0,21.7
2025-10-26 23:59:07,010,WAC_006_235_20,144,0.24,8,0.69,0.0,21.61
2025-10-25 00:07:23,019,WAC_006_260_25,246,0.411,4,0.394,0.0,22.13
2025-10-25 00:17:25,019,WAC_006_260_25,196,0.326,4,0.449,0.0,22.1
2025-10-25 00:27:28,019,WAC_006_260_25,54,0.09,8,0.856,0.0,22.08
2025-10-25 00:37:30,019,WAC_006_260_25,14,0.023,13,0.974,0.0,22.02
2025-10-25 00:47:33,019,WAC_006_260_25,0,0.0,15,1.0,0.0,21.97
2025-10-25 00:57:36,019,WAC_006_260_25,6,0.01,14,0.989,0.0,21.91
2025-10-25 01:07:39,019,WAC_006_260_25,1,0.002,14,0.998,0.0,21.87
2025-10-25 01:17:42,019,WAC_006_260_25,9,0.015,13,0.983,0.0,21.83
2025-10-25 01:27:44,019,WAC_006_260_25,18,0.03,12,0.964,0.0,21.8
2025-10-25 01:37:47,019,WAC_006_260_25,88,0.146,11,0.833,0.0,21.78
2025-10-25 01:47:50,019,WAC_006_260_25,220,0.366,2,0.267,0.0,21.82
2025-10-25 01:57:52,019,WAC_006_260_25,126,0.21,7,0.69,0.0,21.85
2025-10-25 02:07:55,019,WAC_006_260_25,68,0.113,9,0.841,0.0,21.83
2025-10-25 02:17:58,019,WAC_006_260_25,187,0.311,3,0.391,0.0,21.89
2025-10-25 02:28:01,019,WAC_006_260_25,217,0.36,4,0.424,0.0,22.0
2025-10-25 02:38:03,019,WAC_006_260_25,196,0.326,6,0.55,0.0,21.98
2025-10-25 02:48:06,019,WAC_006_260_25,93,0.155,8,0.775,0.0,21.93
2025-10-25 02:58:09,019,WAC_006_260_25,17,0.028,9,0.955,0.0,21.9
2025-10-25 03:08:12,019,WAC_006_260_25,2,0.003,14,0.996,0.0,21.87
2025-10-25 03:18:15,019,WAC_006_260_25,5,0.008,12,0.99,0.0,21.84
2025-10-25 03:28:18,019,WAC_006_260_25,2,0.003,13,0.996,0.0,21.84
2025-10-25 03:38:20,019,WAC_006_260_25,2,0.003,13,0.996,0.0,21.83
2025-10-25 03:48:22,019,WAC_006_260_25,4,0.007,14,0.993,0.0,21.82
2025-10-25 03:58:26,019,WAC_006_260_25,2,0.003,13,0.996,0.0,21.8
2025-10-25 04:08:46,019,WAC_006_260_25,6,0.01,13,0.989,0.0,21.83
2025-10-25 04:18:48,019,WAC_006_260_25,53,0.088,8,0.858,0.0,21.84
2025-10-25 04:28:51,019,WAC_006_260_25,40,0.067,7,0.875,0.0,21.84
2025-10-25 04:38:54,019,WAC_006_260_25,122,0.203,8,0.724,0.0,21.86
2025-10-25 04:48:57,019,WAC_006_260_25,204,0.339,4,0.44,0.0,21.97
2025-10-25 04:58:59,019,WAC_006_260_25,127,0.211,7,0.688,0.0,21.97
2025-10-25 05:09:02,019,WAC_006_260_25,35,0.058,13,0.937,0.0,21.9
2025-10-25 05:19:05,019,WAC_006_260_25,225,0.375,1,0.151,0.0,21.88
2025-10-25 05:29:08,019,WAC_006_260_25,174,0.289,5,0.535,0.0,21.91
2025-10-25 05:39:11,019,WAC_006_260_25,59,0.098,6,0.803,0.0,21.88
2025-10-25 05:49:14,019,WAC_006_260_25,46,0.077,6,0.839,0.0,21.84
2025-10-25 05:59:17,019,WAC_006_260_25,1,0.002,14,0.998,0.0,21.8
2025-10-25 06:09:20,019,WAC_006_260_25,6,0.01,13,0.989,0.3168,21.78
2025-10-25 06:19:22,019,WAC_006_260_25,1,0.002,14,0.998,0.3096,21.76
2025-10-25 06:29:25,019,WAC_006_260_25,6,0.01,14,0.989,0.3096,21.75
2025-10-25 06:39:28,019,WAC_006_260_25,10,0.017,11,0.978,0.3168,21.76
2025-10-25 06:49:31,019,WAC_006_260_25,18,0.03,11,0.961,0.3132,21.77
2025-10-25 06:59:34,019,WAC_006_260_25,4,0.007,13,0.992,0.3024,21.76
2025-10-25 07:09:36,019,WAC_006_260_25,9,0.015,12,0.982,0.3024,21.77
2025-10-25 07:19:40,019,WAC_006_260_25,18,0.03,12,0.964,0.3024,21.76
2025-10-25 07:29:42,019,WAC_006_260_25,11,0.018,11,0.976,0.3024,21.77
2025-10-25 07:39:45,019,WAC_006_260_25,38,0.063,10,0.913,0.3024,21.76
2025-10-25 07:49:47,019,WAC_006_260_25,53,0.088,6,0.819,0.3024,21.76
2025-10-25 07:59:51,019,WAC_006_260_25,53,0.088,6,0.819,0.3096,21.77
2025-10-25 08:10:06,019,WAC_006_260_25,54,0.09,11,0.891,0.2376,21.82
2025-10-25 08:20:09,019,WAC_006_260_25,267,0.444,5,0.428,0.2448,21.84
2025-10-25 08:30:11,019,WAC_006_260_25,187,0.311,4,0.461,0.2088,21.86
2025-10-25 08:40:14,019,WAC_006_260_25,8,0.013,14,0.986,0.2124,21.86
2025-10-25 08:50:16,019,WAC_006_260_25,1,0.002,14,0.998,0.2016,21.84
2025-10-25 09:00:19,019,WAC_006_260_25,1,0.002,14,0.998,0.2124,21.84
2025-10-25 09:10:22,019,WAC_006_260_25,11,0.018,12,0.978,0.2052,21.83
2025-10-25 09:20:25,019,WAC_006_260_25,4,0.007,11,0.991,0.2016,21.82
2025-10-25 09:30:28,019,WAC_006_260_25,10,0.017,11,0.978,0.2124,21.81
2025-10-25 09:40:31,019,WAC_006_260_25,3,0.005,13,0.994,0.2016,21.8
2025-10-25 09:50:34,019,WAC_006_260_25,1,0.002,14,0.998,0.2016,21.78
2025-10-25 10:00:37,019,WAC_006_260_25,5,0.008,13,0.99,0.2052,21.74
2025-10-25 10:10:40,019,WAC_006_260_25,30,0.05,10,0.93,0.2016,21.74
2025-10-25 10:20:42,019,WAC_006_260_25,156,0.26,2,0.339,0.216,21.78
2025-10-25 10:30:45,019,WAC_006_260_25,45,0.075,10,0.899,0.2412,21.81
2025-10-25 10:40:48,019,WAC_006_260_25,166,0.277,4,0.491,0.2808,21.91
2025-10-25 10:50:51,019,WAC_006_260_25,136,0.226,3,0.469,0.4464,21.98
2025-10-25 11:00:54,019,WAC_006_260_25,1,0.002,15,0.998,0.468,21.93
2025-10-25 11:10:56,019,WAC_006_260_25,1,0.002,14,0.998,0.4392,21.91
2025-10-25 11:20:59,019,WAC_006_260_25,1,0.002,14,0.998,0.4392,21.89
2025-10-25 11:31:01,019,WAC_006_260_25,3,0.005,13,0.994,0.4428,21.87
2025-10-25 11:41:04,019,WAC_006_260_25,4,0.007,13,0.992,0.4428,21.85
2025-10-25 11:51:06,019,WAC_006_260_25,0,0.0,15,1.0,0.432,21.83
2025-10-25 12:01:09,019,WAC_006_260_25,2,0.003,14,0.996,0.432,21.81
2025-10-25 12:11:40,019,WAC_006_260_25,0,0.0,14,1.0,0.432,21.85
2025-10-25 12:21:44,019,WAC_006_260_25,0,0.0,15,1.0,0.432,21.81
2025-10-25 12:31:47,019,WAC_006_260_25,47,0.078,9,0.885,0.4608,21.81
2025-10-25 12:41:50,019,WAC_006_260_25,12,0.02,12,0.976,0.4608,21.8
2025-10-25 12:51:53,019,WAC_006_260_25,2,0.003,14,0.996,0.4608,21.76
2025-10-25 13:01:55,019,WAC_006_260_25,2,0.003,13,0.996,0.4536,21.74
2025-10-25 13:11:56,019,WAC_006_260_25,4,0.007,13,0.992,0.4896,21.71
2025-10-25 13:21:59,019,WAC_006_260_25,2,0.003,14,0.996,0.4932,21.7
2025-10-25 13:32:02,019,WAC_006_260_25,1,0.002,14,0.998,0.4536,21.68
2025-10-25 13:42:05,019,WAC_006_260_25,1,0.002,14,0.998,0.4536,21.66
2025-10-25 13:52:08,019,WAC_006_260_25,1,0.002,14,0.998,0.4536,21.62
2025-10-25 14:02:11,019,WAC_006_260_25,0,0.0,15,1.0,0.4824,21.59
2025-10-25 14:12:14,019,WAC_006_260_25,1,0.002,14,0.998,0.4824,21.56
2025-10-25 14:22:17,019,WAC_006_260_25,2,0.003,14,0.996,0.4464,21.55
2025-10-25 14:32:20,019,WAC_006_260_25,29,0.048,9,0.925,0.4464,21.56
2025-10-25 14:42:23,019,WAC_006_260_25,60,0.1,7,0.824,0.4608,21.6
2025-10-25 14:52:25,019,WAC_006_260_25,3,0.005,13,0.994,0.4608,21.61
2025-10-25 15:02:28,019,WAC_006_260_25,3,0.005,13,0.994,0.468,21.59
2025-10-25 15:12:31,019,WAC_006_260_25,2,0.003,14,0.996,0.4356,21.57
2025-10-25 15:22:35,019,WAC_006_260_25,1,0.002,14,0.998,0.4644,21.55
2025-10-25 15:32:38,019,WAC_006_260_25,0,0.0,15,1.0,0.4536,21.54
2025-10-25 15:42:41,019,WAC_006_260_25,2,0.003,13,0.996,0.4248,21.51
2025-10-25 15:52:44,019,WAC_006_260_25,0,0.0,15,1.0,0.4356,21.49
2025-10-25 16:02:46,019,WAC_006_260_25,4,0.007,13,0.992,0.4284,21.46
2025-10-25 16:13:12,019,WAC_006_260_25,16,0.027,13,0.97,0.4356,21.52
2025-10-25 16:23:15,019,WAC_006_260_25,39,0.065,11,0.919,0.414,21.51
2025-10-25 16:33:17,019,WAC_006_260_25,17,0.028,12,0.966,0.4284,21.51
2025-10-25 16:43:19,019,WAC_006_260_25,1,0.002,14,0.998,0.4248,21.49
2025-10-25 16:53:22,019,WAC_006_260_25,2,0.003,14,0.996,0.4284,21.48
2025-10-25 17:03:25,019,WAC_006_260_25,0,0.0,15,1.0,0.4284,21.49
2025-10-25 17:13:28,019,WAC_006_260_25,2,0.003,13,0.996,0.4176,21.49
2025-10-25 17:23:31,019,WAC_006_260_25,0,0.0,15,1.0,0.4176,21.5
2025-10-25 17:33:33,019,WAC_006_260_25,14,0.023,10,0.966,0.4176,21.51
2025-10-25 17:43:36,019,WAC_006_260_25,9,0.015,11,0.98,0.4248,21.54
2025-10-25 17:53:39,019,WAC_006_260_25,52,0.087,8,0.86,0.3852,21.6
2025-10-25 18:03:41,019,WAC_006_260_25,13,0.022,13,0.976,0.0,21.61
2025-10-25 18:13:44,019,WAC_006_260_25,95,0.158,8,0.771,0.0,21.64
2025-10-25 18:23:47,019,WAC_006_260_25,222,0.369,3,0.351,0.0,21.74
2025-10-25 18:33:49,019,WAC_006_260_25,220,0.367,3,0.353,0.0,21.87
2025-10-25 18:43:52,019,WAC_006_260_25,74,0.123,12,0.866,0.0,21.81
2025-10-25 18:53:55,019,WAC_006_260_25,247,0.412,2,0.245,0.0,21.83
2025-10-25 19:03:57,019,WAC_006_260_25,216,0.359,1,0.156,0.0,21.86
2025-10-25 19:14:00,019,WAC_006_260_25,135,0.225,9,0.727,0.0,21.87
2025-10-25 19:24:02,019,WAC_006_260_25,243,0.404,4,0.397,0.0,22.0
2025-10-25 19:34:05,019,WAC_006_260_25,258,0.429,3,0.317,0.0,22.08
2025-10-25 19:44:08,019,WAC_006_260_25,275,0.458,1,0.127,0.0,22.05
2025-10-25 19:54:11,019,WAC_006_260_25,142,0.236,8,0.693,0.0,21.96
2025-10-25 20:04:14,019,WAC_006_260_25,196,0.326,2,0.29,0.0,21.92
2025-10-25 20:14:46,019,WAC_006_260_25,3,0.005,14,0.995,0.0,21.9
2025-10-25 20:24:48,019,WAC_006_260_25,0,0.0,15,1.0,0.0,21.81
2025-10-25 20:34:51,019,WAC_006_260_25,3,0.005,13,0.994,0.0,21.76
2025-10-25 20:44:54,019,WAC_006_260_25,2,0.003,14,0.996,0.0,21.73
2025-10-25 20:54:57,019,WAC_006_260_25,9,0.015,12,0.982,0.0,21.69
2025-10-25 21:04:59,019,WAC_006_260_25,26,0.043,11,0.944,0.0,21.73
2025-10-25 21:15:01,019,WAC_006_260_25,30,0.05,8,0.914,0.0,21.74
2025-10-25 21:25:04,019,WAC_006_260_25,10,0.017,12,0.98,0.0,21.7
2025-10-25 21:35:06,019,WAC_006_260_25,11,0.018,11,0.976,0.0,21.69
2025-10-25 21:45:09,019,WAC_006_260_25,201,0.334,5,0.499,0.0,21.81
2025-10-25 21:55:12,019,WAC_006_260_25,75,0.125,8,0.81,0.0,21.8
2025-10-25 22:05:15,019,WAC_006_260_25,110,0.183,10,0.784,0.0,21.84
2025-10-25 22:15:18,019,WAC_006_260_25,138,0.23,9,0.723,0.0,21.84
2025-10-25 22:25:20,019,WAC_006_260_25,130,0.216,8,0.711,0.0,21.89
2025-10-25 22:35:23,019,WAC_006_260_25,139,0.231,6,0.633,0.0,21.9
2025-10-25 22:45:26,019,WAC_006_260_25,183,0.305,5,0.522,0.0,21.88
2025-10-25 22:55:29,019,WAC_006_260_25,30,0.05,13,0.945,0.0,21.85
2025-10-25 23:05:30,019,WAC_006_260_25,186,0.31,3,0.392,0.0,21.95
2025-10-25 23:15:33,019,WAC_006_260_25,185,0.308,2,0.302,0.0,21.92
2025-10-25 23:25:36,019,WAC_006_260_25,137,0.228,5,0.593,0.0,21.89
2025-10-25 23:35:35,019,WAC_006_260_25,184,0.308,4,0.465,0.0,21.87
2025-10-25 23:45:38,019,WAC_006_260_25,54,0.09,6,0.816,0.0,21.82
2025-10-25 23:55:41,019,WAC_006_260_25,6,0.01,13,0.989,0.0,21.76
2025-10-26 00:05:44,019,WAC_006_260_25,1,0.002,14,0.998,0.0,21.72
2025-10-26 00:16:17,019,WAC_006_260_25,1,0.002,14,0.998,0.0,21.74
2025-10-26 00:26:20,019,WAC_006_260_25,0,0.0,15,1.0,0.0,21.68
2025-10-26 00:36:23,019,WAC_006_260_25,2,0.003,14,0.996,0.0,21.63
2025-10-26 00:46:25,019,WAC_006_260_25,33,0.055,5,0.858,0.0,21.6
2025-10-26 00:56:28,019,WAC_006_260_25,98,0.163,6,0.71,0.0,21.65
2025-10-26 01:06:30,019,WAC_006_260_25,43,0.072,12,0.918,0.0,21.66
2025-10-26 01:16:33,019,WAC_006_260_25,86,0.143,10,0.823,0.0,21.68
2025-10-26 01:26:36,019,WAC_006_260_25,110,0.183,9,0.766,0.0,21.68
2025-10-26 01:36:39,019,WAC_006_260_25,138,0.23,7,0.67,0.0,21.74
2025-10-26 01:46:42,019,WAC_006_260_25,81,0.135,9,0.816,0.0,21.71
2025-10-26 01:56:45,019,WAC_006_260_25,126,0.209,6,0.656,0.0,21.7
2025-10-26 02:06:48,019,WAC_006_260_25,84,0.14,8,0.792,0.0,21.68
2025-10-26 02:16:50,019,WAC_006_260_25,156,0.26,7,0.642,0.0,21.7
2025-10-26 02:26:53,019,WAC_006_260_25,2,0.003,14,0.996,0.0,21.67
2025-10-26 02:36:56,019,WAC_006_260_25,2,0.003,14,0.996,0.0,21.63
2025-10-26 02:46:59,019,WAC_006_260_25,5,0.008,13,0.99,0.0,21.6
2025-10-26 02:57:02,019,WAC_006_260_25,1,0.002,14,0.998,0.0,21.57
2025-10-26 03:07:04,019,WAC_006_260_25,2,0.003,14,0.996,0.0,21.55
2025-10-26 03:17:07,019,WAC_006_260_25,1,0.002,14,0.998,0.0,21.54
2025-10-26 03:27:10,019,WAC_006_260_25,42,0.07,10,0.905,0.0,21.56
2025-10-26 03:37:12,019,WAC_006_260_25,83,0.138,9,0.813,0.0,21.57
2025-10-26 03:47:15,019,WAC_006_260_25,152,0.253,4,0.513,0.0,21.59
2025-10-26 03:57:18,019,WAC_006_260_25,42,0.07,7,0.87,0.0,21.56
2025-10-26 04:07:20,019,WAC_006_260_25,13,0.022,12,0.974,0.0,21.56
2025-10-26 04:17:40,019,WAC_006_260_25,5,0.008,13,0.99,0.0,21.58
2025-10-26 04:27:43,019,WAC_006_260_25,22,0.037,10,0.948,0.0,21.55
2025-10-26 04:37:45,019,WAC_006_260_25,83,0.138,3,0.591,0.0,21.58
2025-10-26 04:47:48,019,WAC_006_260_25,52,0.087,10,0.885,0.0,21.63
2025-10-26 04:57:50,019,WAC_006_260_25,130,0.216,6,0.649,0.0,21.7
2025-10-26 05:07:53,019,WAC_006_260_25,192,0.319,4,0.455,0.0,21.75
2025-10-26 05:17:55,019,WAC_006_260_25,197,0.328,3,0.379,0.0,21.81
2025-10-26 05:27:58,019,WAC_006_260_25,148,0.246,6,0.619,0.0,21.77
2025-10-26 05:38:02,019,WAC_006_260_25,184,0.306,3,0.395,0.0,21.77
2025-10-26 05:48:05,019,WAC_006_260_25,62,0.103,5,0.763,0.0,21.73
2025-10-26 05:58:07,019,WAC_006_260_25,6,0.01,12,0.988,0.0,21.69
2025-10-26 06:08:10,019,WAC_006_260_25,11,0.018,13,0.979,0.3924,21.63
2025-10-26 06:18:13,019,WAC_006_260_25,4,0.007,13,0.992,0.3816,21.59
2025-10-26 06:28:16,019,WAC_006_260_25,0,0.0,15,1.0,0.3816,21.56
2025-10-26 06:38:18,019,WAC_006_260_25,7,0.012,13,0.987,0.3816,21.55
2025-10-26 06:48:21,019,WAC_006_260_25,16,0.027,11,0.965,0.3744,21.54
2025-10-26 06:58:24,019,WAC_006_260_25,10,0.017,11,0.978,0.3816,21.55
2025-10-26 07:08:26,019,WAC_006_260_25,9,0.015,13,0.983,0.3744,21.54
2025-10-26 07:18:29,019,WAC_006_260_25,14,0.023,13,0.974,0.3852,21.54
2025-10-26 07:28:31,019,WAC_006_260_25,6,0.01,13,0.989,0.3744,21.53
2025-10-26 07:38:34,019,WAC_006_260_25,1,0.002,14,0.998,0.3744,21.53
2025-10-26 07:48:34,019,WAC_006_260_25,44,0.074,7,0.864,0.378,21.53
2025-10-26 07:58:37,019,WAC_006_260_25,108,0.18,2,0.426,0.288,21.57
2025-10-26 08:08:39,019,WAC_006_260_25,31,0.052,8,0.912,0.2988,21.58
2025-10-26 08:19:14,019,WAC_006_260_25,3,0.005,13,0.994,0.2988,21.63
2025-10-26 08:29:13,019,WAC_006_260_25,2,0.003,14,0.996,0.288,21.58
2025-10-26 08:39:16,019,WAC_006_260_25,0,0.0,15,1.0,0.288,21.56
2025-10-26 08:49:19,019,WAC_006_260_25,3,0.005,13,0.994,0.2952,21.54
2025-10-26 08:59:21,019,WAC_006_260_25,0,0.0,15,1.0,0.288,21.51
2025-10-26 09:09:23,019,WAC_006_260_25,4,0.007,14,0.993,0.2844,21.49
2025-10-26 09:19:26,019,WAC_006_260_25,11,0.018,13,0.979,0.2844,21.46
2025-10-26 09:29:29,019,WAC_006_260_25,2,0.003,14,0.996,0.2808,21.46
2025-10-26 09:39:32,019,WAC_006_260_25,5,0.008,13,0.99,0.2844,21.46
2025-10-26 09:49:34,019,WAC_006_260_25,38,0.063,8,0.894,0.2664,21.46
2025-10-26 09:59:37,019,WAC_006_260_25,46,0.077,7,0.859,0.2664,21.47
2025-10-26 10:09:40,019,WAC_006_260_25,102,0.17,8,0.758,0.3024,21.53
2025-10-26 10:19:43,019,WAC_006_260_25,81,0.135,6,0.748,0.36,21.58
2025-10-26 10:29:46,019,WAC_006_260_25,6,0.01,11,0.987,0.3636,21.59
2025-10-26 10:39:48,019,WAC_006_260_25,4,0.007,13,0.992,0.3636,21.6
2025-10-26 10:49:48,019,WAC_006_260_25,3,0.005,14,0.995,0.3528,21.59
2025-10-26 10:59:51,019,WAC_006_260_25,5,0.008,13,0.99,0.3312,21.59
2025-10-26 11:09:54,019,WAC_006_260_25,3,0.005,14,0.995,0.3312,21.6
2025-10-26 11:19:56,019,WAC_006_260_25,1,0.002,15,0.998,0.3312,21.59
2025-10-26 11:29:59,019,WAC_006_260_25,3,0.005,13,0.994,0.3348,21.6
2025-10-26 11:40:01,019,WAC_006_260_25,1,0.002,14,0.998,0.3348,21.59
2025-10-26 11:50:04,019,WAC_006_260_25,3,0.005,13,0.994,0.3348,21.58
2025-10-26 12:00:03,019,WAC_006_260_25,2,0.003,14,0.996,0.3312,21.57
2025-10-26 12:10:06,019,WAC_006_260_25,5,0.008,13,0.99,0.324,21.56
2025-10-26 12:20:43,019,WAC_006_260_25,4,0.007,13,0.992,0.3348,21.61
2025-10-26 12:30:46,019,WAC_006_260_25,3,0.005,13,0.994,0.324,21.56
2025-10-26 12:40:50,019,WAC_006_260_25,0,0.0,15,1.0,0.324,21.53
2025-10-26 12:50:50,019,WAC_006_260_25,2,0.003,14,0.996,0.324,21.51
2025-10-26 13:00:52,019,WAC_006_260_25,42,0.07,9,0.896,0.3204,21.51
2025-10-26 13:10:55,019,WAC_006_260_25,135,0.225,7,0.675,0.3816,21.5
2025-10-26 13:20:57,019,WAC_006_260_25,123,0.205,6,0.661,0.3456,21.51
2025-10-26 13:30:59,019,WAC_006_260_25,22,0.037,10,0.948,0.3528,21.51
2025-10-26 13:41:02,019,WAC_006_260_25,1,0.002,14,0.998,0.3528,21.49
2025-10-26 13:51:04,019,WAC_006_260_25,2,0.003,14,0.996,0.3528,21.46
2025-10-26 14:01:04,019,WAC_006_260_25,2,0.003,14,0.996,0.3564,21.44
2025-10-26 14:11:07,019,WAC_006_260_25,3,0.005,13,0.994,0.3564,21.43
2025-10-26 14:21:09,019,WAC_006_260_25,3,0.005,12,0.994,0.3672,21.44
2025-10-26 14:31:12,019,WAC_006_260_25,1,0.002,14,0.998,0.3744,21.42
2025-10-26 14:41:15,019,WAC_006_260_25,1,0.002,14,0.998,0.3744,21.42
2025-10-26 14:51:18,019,WAC_006_260_25,33,0.055,10,0.924,0.3744,21.45
2025-10-26 15:01:21,019,WAC_006_260_25,57,0.095,6,0.808,0.378,21.47
2025-10-26 15:11:24,019,WAC_006_260_25,74,0.123,8,0.812,0.3132,21.49
2025-10-26 15:21:26,019,WAC_006_260_25,165,0.275,6,0.593,0.3168,21.56
2025-10-26 15:31:28,019,WAC_006_260_25,92,0.153,4,0.635,0.3168,21.59
2025-10-26 15:41:31,019,WAC_006_260_25,7,0.012,13,0.987,0.3276,21.58
2025-10-26 15:51:34,019,WAC_006_260_25,8,0.013,13,0.985,0.3276,21.57
2025-10-26 16:01:37,019,WAC_006_260_25,2,0.003,14,0.996,0.3276,21.56
2025-10-26 16:11:41,019,WAC_006_260_25,1,0.002,14,0.998,0.3096,21.52
2025-10-26 16:22:14,019,WAC_006_260_25,0,0.0,14,1.0,0.2952,21.58
2025-10-26 16:32:17,019,WAC_006_260_25,3,0.005,13,0.994,0.2952,21.52
2025-10-26 16:42:20,019,WAC_006_260_25,3,0.005,14,0.995,0.2952,21.52
2025-10-26 16:52:22,019,WAC_006_260_25,1,0.002,14,0.998,0.2952,21.52
2025-10-26 17:02:25,019,WAC_006_260_25,7,0.012,13,0.987,0.3024,21.54
2025-10-26 17:12:28,019,WAC_006_260_25,25,0.042,9,0.935,0.306,21.56
2025-10-26 17:22:31,019,WAC_006_260_25,79,0.131,8,0.802,0.306,21.59
2025-10-26 17:32:34,019,WAC_006_260_25,143,0.238,3,0.456,0.2664,21.66
2025-10-26 17:42:36,019,WAC_006_260_25,8,0.013,11,0.982,0.2664,21.67
2025-10-26 17:52:39,019,WAC_006_260_25,20,0.033,11,0.957,0.2664,21.67
2025-10-26 18:02:41,019,WAC_006_260_25,78,0.13,6,0.755,0.0,21.68
2025-10-26 18:12:41,019,WAC_006_260_25,149,0.25,3,0.446,0.0,21.7
2025-10-26 18:22:43,019,WAC_006_260_25,134,0.223,9,0.729,0.0,21.75
2025-10-26 18:32:46,019,WAC_006_260_25,200,0.333,6,0.545,0.0,21.9
2025-10-26 18:42:49,019,WAC_006_260_25,278,0.463,0,0.0,0.0,21.95
2025-10-26 18:52:52,019,WAC_006_260_25,154,0.256,5,0.565,0.0,21.96
2025-10-26 19:02:55,019,WAC_006_260_25,69,0.115,11,0.864,0.0,21.91
2025-10-26 19:12:58,019,WAC_006_260_25,41,0.068,12,0.921,0.0,21.89
2025-10-26 19:23:00,019,WAC_006_260_25,326,0.542,1,0.109,0.0,21.97
2025-10-26 19:33:03,019,WAC_006_260_25,73,0.121,10,0.846,0.0,21.97
2025-10-26 19:43:06,019,WAC_006_260_25,331,0.55,1,0.108,0.0,22.08
2025-10-26 19:53:09,019,WAC_006_260_25,51,0.085,10,0.887,0.0,22.05
2025-10-26 20:03:12,019,WAC_006_260_25,23,0.038,13,0.958,0.0,22.03
2025-10-26 20:13:14,019,WAC_006_260_25,70,0.117,9,0.837,0.0,22.02
2025-10-26 20:23:47,019,WAC_006_260_25,245,0.41,3,0.329,0.0,22.11
2025-10-26 20:33:50,019,WAC_006_260_25,212,0.353,6,0.531,0.0,22.18
2025-10-26 20:43:53,019,WAC_006_260_25,156,0.26,7,0.642,0.0,22.17
2025-10-26 20:53:55,019,WAC_006_260_25,43,0.072,11,0.911,0.0,22.09
2025-10-26 21:03:58,019,WAC_006_260_25,245,0.408,4,0.395,0.0,22.23
2025-10-26 21:14:01,019,WAC_006_260_25,217,0.361,2,0.269,0.0,22.23
2025-10-26 21:24:04,019,WAC_006_260_25,83,0.138,10,0.828,0.0,22.19
2025-10-26 21:34:07,019,WAC_006_260_25,85,0.141,9,0.809,0.0,22.11
2025-10-26 21:44:10,019,WAC_006_260_25,211,0.351,4,0.431,0.0,22.09
2025-10-26 21:54:13,019,WAC_006_260_25,204,0.339,3,0.37,0.0,22.04
2025-10-26 22:04:15,019,WAC_006_260_25,60,0.1,8,0.842,0.0,22.0
2025-10-26 22:14:17,019,WAC_006_260_25,10,0.017,13,0.981,0.0,21.93
2025-10-26 22:24:21,019,WAC_006_260_25,17,0.028,12,0.966,0.0,21.89
2025-10-26 22:34:22,019,WAC_006_260_25,82,0.137,5,0.709,0.0,21.87
2025-10-26 22:44:25,019,WAC_006_260_25,136,0.226,6,0.638,0.0,21.9
2025-10-26 22:54:28,019,WAC_006_260_25,122,0.203,5,0.621,0.0,21.91
2025-10-26 23:04:30,019,WAC_006_260_25,142,0.236,7,0.664,0.0,21.99
2025-10-26 23:14:33,019,WAC_006_260_25,65,0.108,9,0.847,0.0,21.96
2025-10-26 23:24:36,019,WAC_006_260_25,181,0.302,6,0.57,0.0,22.11
2025-10-26 23:34:38,019,WAC_006_260_25,198,0.329,6,0.548,0.0,22.08
2025-10-26 23:44:41,019,WAC_006_260_25,217,0.361,6,0.525,0.0,22.12
2025-10-26 23:54:44,019,WAC_006_260_25,299,0.498,1,0.118,0.0,22.32
2025-10-25 00:07:01,021,WAC_006_260_28,177,0.295,6,0.576,0.0,21.92
2025-10-25 00:17:04,021,WAC_006_260_28,0,0.0,15,1.0,0.0,21.84
2025-10-25 00:27:07,021,WAC_006_260_28,0,0.0,15,1.0,0.0,21.78
2025-10-25 00:37:10,021,WAC_006_260_28,0,0.0,15,1.0,0.0,21.72
2025-10-25 00:47:13,021,WAC_006_260_28,0,0.0,15,1.0,0.0,21.66
2025-10-25 00:57:16,021,WAC_006_260_28,0,0.0,15,1.0,0.0,21.65
2025-10-25 01:07:20,021,WAC_006_260_28,0,0.0,15,1.0,0.0,21.67
2025-10-25 01:17:22,021,WAC_006_260_28,174,0.29,5,0.535,0.0,21.73
2025-10-25 01:27:25,021,WAC_006_260_28,80,0.133,9,0.818,0.0,21.75
2025-10-25 01:37:28,021,WAC_006_260_28,73,0.121,9,0.831,0.0,21.78
2025-10-25 01:47:30,021,WAC_006_260_28,310,0.516,2,0.205,0.0,21.87
2025-10-25 01:57:33,021,WAC_006_260_28,81,0.135,11,0.845,0.0,21.87
2025-10-25 02:07:36,021,WAC_006_260_28,0,0.0,15,1.0,0.0,21.82
2025-10-25 02:17:39,021,WAC_006_260_28,0,0.0,15,1.0,0.0,21.76
2025-10-25 02:27:42,021,WAC_006_260_28,0,0.0,15,1.0,0.0,21.7
2025-10-25 02:37:45,021,WAC_006_260_28,0,0.0,15,1.0,0.0,21.65
2025-10-25 02:47:49,021,WAC_006_260_28,0,0.0,15,1.0,0.0,21.63
2025-10-25 02:57:52,021,WAC_006_260_28,0,0.0,15,1.0,0.0,21.61
2025-10-25 03:07:54,021,WAC_006_260_28,0,0.0,15,1.0,0.0,21.61
2025-10-25 03:17:57,021,WAC_006_260_28,0,0.0,15,1.0,0.0,21.62
2025-10-25 03:28:00,021,WAC_006_260_28,47,0.078,12,0.911,0.0,21.66
2025-10-25 03:38:03,021,WAC_006_260_28,47,0.078,12,0.911,0.0,21.7
2025-10-25 03:48:06,021,WAC_006_260_28,47,0.078,10,0.895,0.0,21.72
2025-10-25 03:58:08,021,WAC_006_260_28,3,0.005,14,0.995,0.0,21.71
2025-10-25 04:08:25,021,WAC_006_260_28,158,0.263,6,0.603,0.0,21.79
2025-10-25 04:18:29,021,WAC_006_260_28,54,0.09,11,0.891,0.0,21.79
2025-10-25 04:28:32,021,WAC_006_260_28,0,0.0,15,1.0,0.0,21.76
2025-10-25 04:38:35,021,WAC_006_260_28,0,0.0,15,1.0,0.0,21.74
2025-10-25 04:48:38,021,WAC_006_260_28,0,0.0,15,1.0,0.0,21.73
2025-10-25 04:58:41,021,WAC_006_260_28,0,0.0,15,1.0,0.0,21.73
2025-10-25 05:08:44,021,WAC_006_260_28,197,0.328,5,0.504,0.0,21.77
2025-10-25 05:18:46,021,WAC_006_260_28,248,0.413,2,0.244,0.0,21.8
2025-10-25 05:28:49,021,WAC_006_260_28,87,0.145,10,0.821,0.0,21.79
2025-10-25 05:38:52,021,WAC_006_260_28,252,0.419,1,0.137,0.0,21.8
2025-10-25 05:48:55,021,WAC_006_260_28,57,0.095,9,0.863,0.0,21.77
2025-10-25 05:58:58,021,WAC_006_260_28,157,0.261,3,0.433,0.0,21.76
2025-10-25 06:09:00,021,WAC_006_260_28,44,0.073,11,0.909,0.2232,21.77
2025-10-25 06:19:03,021,WAC_006_260_28,11,0.018,11,0.976,0.2232,21.75
2025-10-25 06:29:05,021,WAC_006_260_28,0,0.0,15,1.0,0.2304,21.7
2025-10-25 06:39:08,021,WAC_006_260_28,0,0.0,15,1.0,0.234,21.67
2025-10-25 06:49:10,021,WAC_006_260_28,0,0.0,15,1.0,0.234,21.64
2025-10-25 06:59:13,021,WAC_006_260_28,0,0.0,15,1.0,0.2232,21.61
2025-10-25 07:09:16,021,WAC_006_260_28,0,0.0,15,1.0,0.2232,21.6
2025-10-25 07:19:18,021,WAC_006_260_28,0,0.0,15,1.0,0.2232,21.57
2025-10-25 07:29:21,021,WAC_006_260_28,0,0.0,15,1.0,0.2232,21.55
2025-10-25 07:39:24,021,WAC_006_260_28,0,0.0,15,1.0,0.2232,21.53
2025-10-25 07:49:26,021,WAC_006_260_28,0,0.0,15,1.0,0.2232,21.52
2025-10-25 07:59:29,021,WAC_006_260_28,0,0.0,15,1.0,0.2232,21.5
2025-10-25 08:09:45,021,WAC_006_260_28,0,0.0,15,1.0,0.2232,21.53
2025-10-25 08:19:49,021,WAC_006_260_28,0,0.0,15,1.0,0.2232,21.51
2025-10-25 08:29:51,021,WAC_006_260_28,0,0.0,15,1.0,0.2232,21.52
2025-10-25 08:39:54,021,WAC_006_260_28,0,0.0,15,1.0,0.2232,21.5
2025-10-25 08:49:57,021,WAC_006_260_28,0,0.0,15,1.0,0.2232,21.51
2025-10-25 09:00:00,021,WAC_006_260_28,23,0.038,13,0.958,0.2232,21.53
2025-10-25 09:10:02,021,WAC_006_260_28,89,0.148,7,0.759,0.1692,21.59
2025-10-25 09:20:06,021,WAC_006_260_28,20,0.033,14,0.966,0.1836,21.6
2025-10-25 09:30:09,021,WAC_006_260_28,0,0.0,15,1.0,0.1728,21.58
2025-10-25 09:40:13,021,WAC_006_260_28,0,0.0,15,1.0,0.18,21.56
2025-10-25 09:50:16,021,WAC_006_260_28,0,0.0,15,1.0,0.1728,21.52
2025-10-25 10:00:19,021,WAC_006_260_28,0,0.0,15,1.0,0.1908,21.51
2025-10-25 10:10:22,021,WAC_006_260_28,0,0.0,15,1.0,0.2088,21.5
2025-10-25 10:20:25,021,WAC_006_260_28,0,0.0,15,1.0,0.2088,21.49
2025-10-25 10:30:28,021,WAC_006_260_28,34,0.056,13,0.939,0.2196,21.51
2025-10-25 10:40:31,021,WAC_006_260_28,11,0.018,12,0.978,0.2664,21.66
2025-10-25 10:50:34,021,WAC_006_260_28,3,0.005,13,0.994,0.2736,21.73
2025-10-25 11:00:37,021,WAC_006_260_28,0,0.0,15,1.0,0.2736,21.75
2025-10-25 11:10:39,021,WAC_006_260_28,0,0.0,15,1.0,0.2484,21.78
2025-10-25 11:20:42,021,WAC_006_260_28,0,0.0,15,1.0,0.2448,21.8
2025-10-25 11:30:45,021,WAC_006_260_28,0,0.0,15,1.0,0.2448,21.81
2025-10-25 11:40:47,021,WAC_006_260_28,0,0.0,15,1.0,0.2484,21.79
2025-10-25 11:50:50,021,WAC_006_260_28,0,0.0,15,1.0,0.2448,21.77
2025-10-25 12:00:54,021,WAC_006_260_28,0,0.0,15,1.0,0.2484,21.75
2025-10-25 12:11:19,021,WAC_006_260_28,0,0.0,15,1.0,0.2484,21.77
2025-10-25 12:21:22,021,WAC_006_260_28,0,0.0,15,1.0,0.2484,21.75
2025-10-25 12:31:25,021,WAC_006_260_28,0,0.0,15,1.0,0.2484,21.72
2025-10-25 12:41:28,021,WAC_006_260_28,0,0.0,15,1.0,0.2376,21.71
2025-10-25 12:51:30,021,WAC_006_260_28,0,0.0,15,1.0,0.2376,21.71
2025-10-25 13:01:33,021,WAC_006_260_28,2,0.003,14,0.996,0.2304,21.71
2025-10-25 13:11:36,021,WAC_006_260_28,19,0.032,11,0.959,0.1692,21.72
2025-10-25 13:21:39,021,WAC_006_260_28,0,0.0,15,1.0,0.1692,21.73
2025-10-25 13:31:42,021,WAC_006_260_28,0,0.0,15,1.0,0.1368,21.72
2025-10-25 13:41:45,021,WAC_006_260_28,0,0.0,15,1.0,0.1368,21.7
2025-10-25 13:51:48,021,WAC_006_260_28,0,0.0,15,1.0,0.1368,21.67
2025-10-25 14:01:50,021,WAC_006_260_28,0,0.0,15,1.0,0.1692,21.64
2025-10-25 14:11:53,021,WAC_006_260_28,0,0.0,15,1.0,0.1584,21.61
2025-10-25 14:21:56,021,WAC_006_260_28,1,0.002,14,0.998,0.144,21.6
2025-10-25 14:31:59,021,WAC_006_260_28,0,0.0,15,1.0,0.1692,21.6
2025-10-25 14:42:02,021,WAC_006_260_28,0,0.0,15,1.0,0.1656,21.6
2025-10-25 14:52:05,021,WAC_006_260_28,0,0.0,15,1.0,0.1728,21.6
2025-10-25 15:02:08,021,WAC_006_260_28,1,0.002,15,0.998,0.18,21.61
2025-10-25 15:12:11,021,WAC_006_260_28,32,0.053,13,0.942,0.1764,21.63
2025-10-25 15:22:14,021,WAC_006_260_28,0,0.0,15,1.0,0.2052,21.62
2025-10-25 15:32:17,021,WAC_006_260_28,0,0.0,15,1.0,0.1944,21.59
2025-10-25 15:42:19,021,WAC_006_260_28,0,0.0,15,1.0,0.1728,21.55
2025-10-25 15:52:23,021,WAC_006_260_28,0,0.0,15,1.0,0.1764,21.51
2025-10-25 16:02:25,021,WAC_006_260_28,0,0.0,15,1.0,0.1728,21.49
2025-10-25 16:12:47,021,WAC_006_260_28,0,0.0,15,1.0,0.1728,21.5
2025-10-25 16:22:51,021,WAC_006_260_28,0,0.0,15,1.0,0.1728,21.47
2025-10-25 16:32:53,021,WAC_006_260_28,0,0.0,15,1.0,0.1728,21.47
2025-10-25 16:42:56,021,WAC_006_260_28,2,0.003,13,0.996,0.1908,21.49
2025-10-25 16:52:59,021,WAC_006_260_28,70,0.116,10,0.851,0.0648,21.56
2025-10-25 17:03:01,021,WAC_006_260_28,15,0.025,12,0.97,0.144,21.62
2025-10-25 17:13:03,021,WAC_006_260_28,0,0.0,15,1.0,0.144,21.61
2025-10-25 17:23:07,021,WAC_006_260_28,2,0.003,15,0.997,0.144,21.6
2025-10-25 17:33:11,021,WAC_006_260_28,1,0.002,14,0.998,0.1476,21.59
2025-10-25 17:43:13,021,WAC_006_260_28,2,0.003,14,0.996,0.1476,21.59
2025-10-25 17:53:16,021,WAC_006_260_28,4,0.007,14,0.993,0.1512,21.6
2025-10-25 18:03:19,021,WAC_006_260_28,17,0.028,10,0.959,0.0,21.67
2025-10-25 18:13:22,021,WAC_006_260_28,134,0.223,4,0.544,0.0,21.77
2025-10-25 18:23:25,021,WAC_006_260_28,28,0.047,11,0.94,0.0,21.78
2025-10-25 18:33:28,021,WAC_006_260_28,99,0.164,7,0.739,0.0,21.9
2025-10-25 18:43:31,021,WAC_006_260_28,36,0.06,10,0.917,0.0,22.01
2025-10-25 18:53:34,021,WAC_006_260_28,100,0.166,7,0.737,0.0,22.11
2025-10-25 19:03:37,021,WAC_006_260_28,94,0.157,9,0.793,0.0,22.12
2025-10-25 19:13:40,021,WAC_006_260_28,0,0.0,15,1.0,0.0,21.99
2025-10-25 19:23:42,021,WAC_006_260_28,129,0.215,6,0.65,0.0,22.06
2025-10-25 19:33:44,021,WAC_006_260_28,4,0.007,14,0.993,0.0,21.93
2025-10-25 19:43:47,021,WAC_006_260_28,84,0.14,9,0.811,0.0,21.95
2025-10-25 19:53:50,021,WAC_006_260_28,135,0.224,6,0.64,0.0,22.18
2025-10-25 20:03:52,021,WAC_006_260_28,41,0.068,10,0.907,0.0,22.06
2025-10-25 20:14:23,021,WAC_006_260_28,59,0.098,13,0.898,0.0,22.07
2025-10-25 20:24:25,021,WAC_006_260_28,27,0.045,13,0.951,0.0,22.04
2025-10-25 20:34:28,021,WAC_006_260_28,1,0.002,14,0.998,0.0,21.99
2025-10-25 20:44:31,021,WAC_006_260_28,0,0.0,15,1.0,0.0,21.93
2025-10-25 20:54:34,021,WAC_006_260_28,0,0.0,15,1.0,0.0,21.89
2025-10-25 21:04:37,021,WAC_006_260_28,0,0.0,15,1.0,0.0,21.87
2025-10-25 21:14:40,021,WAC_006_260_28,0,0.0,15,1.0,0.0,21.84
2025-10-25 21:24:43,021,WAC_006_260_28,0,0.0,15,1.0,0.0,21.82
2025-10-25 21:34:46,021,WAC_006_260_28,0,0.0,15,1.0,0.0,21.79
2025-10-25 21:44:49,021,WAC_006_260_28,0,0.0,15,1.0,0.0,21.76
2025-10-25 21:54:51,021,WAC_006_260_28,0,0.0,15,1.0,0.0,21.77
2025-10-25 22:04:54,021,WAC_006_260_28,70,0.116,9,0.837,0.0,21.88
2025-10-25 22:14:57,021,WAC_006_260_28,107,0.178,8,0.749,0.0,21.91
2025-10-25 22:25:00,021,WAC_006_260_28,36,0.06,13,0.935,0.0,22.12
2025-10-25 22:35:03,021,WAC_006_260_28,38,0.063,12,0.927,0.0,22.7
2025-10-25 22:45:06,021,WAC_006_260_28,25,0.042,13,0.954,0.0,22.76
2025-10-25 22:55:09,021,WAC_006_260_28,13,0.022,13,0.976,0.0,22.39
2025-10-25 23:05:12,021,WAC_006_260_28,122,0.203,9,0.747,0.0,22.61
2025-10-25 23:15:15,021,WAC_006_260_28,144,0.24,6,0.625,0.0,22.34
2025-10-25 23:25:18,021,WAC_006_260_28,140,0.233,5,0.588,0.0,22.36
2025-10-25 23:35:21,021,WAC_006_260_28,81,0.135,7,0.776,0.0,22.66
2025-10-25 23:45:24,021,WAC_006_260_28,190,0.316,2,0.296,0.0,22.33
2025-10-25 23:55:27,021,WAC_006_260_28,73,0.121,10,0.846,0.0,22.19
2025-10-26 00:05:29,021,WAC_006_260_28,116,0.193,4,0.58,0.0,22.1
2025-10-26 00:15:53,021,WAC_006_260_28,88,0.147,11,0.833,0.0,22.28
2025-10-26 00:25:56,021,WAC_006_260_28,47,0.078,10,0.895,0.0,22.17
2025-10-26 00:35:58,021,WAC_006_260_28,11,0.018,14,0.981,0.0,22.01
2025-10-26 00:46:01,021,WAC_006_260_28,45,0.075,12,0.914,0.0,22.13
2025-10-26 00:56:04,021,WAC_006_260_28,149,0.248,5,0.573,0.0,22.05
2025-10-26 01:06:07,021,WAC_006_260_28,1,0.002,15,0.998,0.0,21.91
2025-10-26 01:16:10,021,WAC_006_260_28,0,0.0,15,1.0,0.0,21.8
2025-10-26 01:26:12,021,WAC_006_260_28,0,0.0,15,1.0,0.0,21.75
2025-10-26 01:36:15,021,WAC_006_260_28,0,0.0,15,1.0,0.0,21.7
2025-10-26 01:46:19,021,WAC_006_260_28,0,0.0,15,1.0,0.0,21.66
2025-10-26 01:56:21,021,WAC_006_260_28,2,0.003,14,0.996,0.0,21.62
2025-10-26 02:06:24,021,WAC_006_260_28,0,0.0,15,1.0,0.0,21.6
2025-10-26 02:16:27,021,WAC_006_260_28,0,0.0,15,1.0,0.0,21.6
2025-10-26 02:26:30,021,WAC_006_260_28,0,0.0,15,1.0,0.0,21.6
2025-10-26 02:36:32,021,WAC_006_260_28,0,0.0,15,1.0,0.0,21.62
2025-10-26 02:46:35,021,WAC_006_260_28,0,0.0,15,1.0,0.0,21.62
2025-10-26 02:56:38,021,WAC_006_260_28,29,0.048,12,0.943,0.0,21.72
2025-10-26 03:06:41,021,WAC_006_260_28,54,0.09,11,0.891,0.0,21.76
2025-10-26 03:16:44,021,WAC_006_260_28,77,0.128,8,0.806,0.0,21.86
2025-10-26 03:26:46,021,WAC_006_260_28,0,0.0,15,1.0,0.0,21.76
2025-10-26 03:36:49,021,WAC_006_260_28,1,0.002,15,0.998,0.0,21.7
2025-10-26 03:46:52,021,WAC_006_260_28,0,0.0,15,1.0,0.0,21.66
2025-10-26 03:56:55,021,WAC_006_260_28,27,0.045,12,0.947,0.0,21.74
2025-10-26 04:06:58,021,WAC_006_260_28,69,0.115,9,0.839,0.0,21.87
2025-10-26 04:17:18,021,WAC_006_260_28,0,0.0,15,1.0,0.0,21.82
2025-10-26 04:27:21,021,WAC_006_260_28,0,0.0,15,1.0,0.0,21.76
2025-10-26 04:37:24,021,WAC_006_260_28,0,0.0,15,1.0,0.0,21.71
2025-10-26 04:47:27,021,WAC_006_260_28,0,0.0,15,1.0,0.0,21.67
2025-10-26 04:57:30,021,WAC_006_260_28,1,0.002,14,0.998,0.0,21.7
2025-10-26 05:07:33,021,WAC_006_260_28,13,0.022,14,0.977,0.0,21.71
2025-10-26 05:17:35,021,WAC_006_260_28,45,0.075,13,0.92,0.0,21.78
2025-10-26 05:27:38,021,WAC_006_260_28,158,0.263,5,0.559,0.0,21.86
2025-10-26 05:37:41,021,WAC_006_260_28,13,0.022,13,0.976,0.0,21.81
2025-10-26 05:47:43,021,WAC_006_260_28,42,0.07,10,0.905,0.0,21.8
2025-10-26 05:57:47,021,WAC_006_260_28,18,0.03,14,0.969,0.0,21.79
2025-10-26 06:07:50,021,WAC_006_260_28,19,0.032,12,0.962,0.2592,21.77
2025-10-26 06:17:52,021,WAC_006_260_28,0,0.0,15,1.0,0.2592,21.75
2025-10-26 06:27:55,021,WAC_006_260_28,0,0.0,15,1.0,0.252,21.71
2025-10-26 06:37:57,021,WAC_006_260_28,0,0.0,15,1.0,0.252,21.71
2025-10-26 06:48:01,021,WAC_006_260_28,0,0.0,15,1.0,0.2664,21.69
2025-10-26 06:58:03,021,WAC_006_260_28,0,0.0,15,1.0,0.27,21.68
2025-10-26 07:08:06,021,WAC_006_260_28,0,0.0,15,1.0,0.2592,21.66
2025-10-26 07:18:09,021,WAC_006_260_28,0,0.0,15,1.0,0.27,21.65
2025-10-26 07:28:12,021,WAC_006_260_28,0,0.0,15,1.0,0.2592,21.64
2025-10-26 07:38:15,021,WAC_006_260_28,1,0.002,15,0.998,0.2592,21.64
2025-10-26 07:48:18,021,WAC_006_260_28,0,0.0,15,1.0,0.2592,21.64
2025-10-26 07:58:21,021,WAC_006_260_28,0,0.0,15,1.0,0.2592,21.63
2025-10-26 08:08:24,021,WAC_006_260_28,0,0.0,15,1.0,0.2592,21.62
2025-10-26 08:18:52,021,WAC_006_260_28,0,0.0,15,1.0,0.2592,21.65
2025-10-26 08:28:56,021,WAC_006_260_28,0,0.0,15,1.0,0.2592,21.62
2025-10-26 08:38:59,021,WAC_006_260_28,0,0.0,15,1.0,0.2664,21.61
2025-10-26 08:49:02,021,WAC_006_260_28,0,0.0,15,1.0,0.2592,21.62
2025-10-26 08:59:05,021,WAC_006_260_28,0,0.0,15,1.0,0.2592,21.63
2025-10-26 09:09:08,021,WAC_006_260_28,0,0.0,15,1.0,0.2664,21.64
2025-10-26 09:19:11,021,WAC_006_260_28,0,0.0,15,1.0,0.2664,21.63
2025-10-26 09:29:15,021,WAC_006_260_28,0,0.0,15,1.0,0.2844,21.62
2025-10-26 09:39:17,021,WAC_006_260_28,0,0.0,15,1.0,0.2736,21.59
2025-10-26 09:49:21,021,WAC_006_260_28,3,0.005,14,0.995,0.3024,21.56
2025-10-26 09:59:23,021,WAC_006_260_28,10,0.017,13,0.981,0.36,21.61
2025-10-26 10:09:27,021,WAC_006_260_28,43,0.072,11,0.911,0.2952,21.7
2025-10-26 10:19:30,021,WAC_006_260_28,8,0.013,12,0.984,0.2592,21.73
2025-10-26 10:29:33,021,WAC_006_260_28,0,0.0,15,1.0,0.252,21.75
2025-10-26 10:39:36,021,WAC_006_260_28,0,0.0,15,1.0,0.252,21.74
2025-10-26 10:49:39,021,WAC_006_260_28,0,0.0,15,1.0,0.2556,21.75
2025-10-26 10:59:42,021,WAC_006_260_28,0,0.0,15,1.0,0.2232,21.72
2025-10-26 11:09:45,021,WAC_006_260_28,0,0.0,15,1.0,0.2232,21.71
2025-10-26 11:19:48,021,WAC_006_260_28,0,0.0,15,1.0,0.2232,21.7
2025-10-26 11:29:51,021,WAC_006_260_28,0,0.0,15,1.0,0.216,21.69
2025-10-26 11:39:53,021,WAC_006_260_28,0,0.0,15,1.0,0.216,21.67
2025-10-26 11:49:56,021,WAC_006_260_28,0,0.0,15,1.0,0.216,21.65
2025-10-26 11:59:59,021,WAC_006_260_28,0,0.0,15,1.0,0.216,21.65
2025-10-26 12:10:02,021,WAC_006_260_28,0,0.0,15,1.0,0.216,21.62
2025-10-26 12:20:22,021,WAC_006_260_28,0,0.0,15,1.0,0.216,21.64
2025-10-26 12:30:25,021,WAC_006_260_28,0,0.0,15,1.0,0.2268,21.62
2025-10-26 12:40:27,021,WAC_006_260_28,0,0.0,15,1.0,0.2088,21.62
2025-10-26 12:50:30,021,WAC_006_260_28,0,0.0,15,1.0,0.2196,21.6
2025-10-26 13:00:34,021,WAC_006_260_28,0,0.0,15,1.0,0.2016,21.59
2025-10-26 13:10:36,021,WAC_006_260_28,0,0.0,15,1.0,0.2052,21.58
2025-10-26 13:20:39,021,WAC_006_260_28,0,0.0,15,1.0,0.2052,21.54
2025-10-26 13:30:42,021,WAC_006_260_28,0,0.0,15,1.0,0.1944,21.54
2025-10-26 13:40:45,021,WAC_006_260_28,0,0.0,15,1.0,0.2124,21.53
2025-10-26 13:50:48,021,WAC_006_260_28,7,0.012,14,0.988,0.2448,21.63
2025-10-26 14:00:51,021,WAC_006_260_28,74,0.123,7,0.791,0.2052,21.77
2025-10-26 14:10:54,021,WAC_006_260_28,48,0.08,7,0.854,0.2592,21.78
2025-10-26 14:20:56,021,WAC_006_260_28,86,0.143,9,0.807,0.504,21.83
2025-10-26 14:31:00,021,WAC_006_260_28,22,0.037,14,0.962,0.4896,21.76
2025-10-26 14:41:03,021,WAC_006_260_28,0,0.0,15,1.0,0.504,21.69
2025-10-26 14:51:06,021,WAC_006_260_28,0,0.0,15,1.0,0.4968,21.64
2025-10-26 15:01:08,021,WAC_006_260_28,0,0.0,15,1.0,0.5004,21.61
2025-10-26 15:11:11,021,WAC_006_260_28,0,0.0,15,1.0,0.4896,21.58
2025-10-26 15:21:15,021,WAC_006_260_28,0,0.0,15,1.0,0.4932,21.57
2025-10-26 15:31:18,021,WAC_006_260_28,0,0.0,15,1.0,0.4824,21.57
2025-10-26 15:41:21,021,WAC_006_260_28,0,0.0,15,1.0,0.486,21.56
2025-10-26 15:51:24,021,WAC_006_260_28,0,0.0,15,1.0,0.5004,21.57
2025-10-26 16:01:27,021,WAC_006_260_28,0,0.0,15,1.0,0.4896,21.56
2025-10-26 16:11:29,021,WAC_006_260_28,0,0.0,15,1.0,0.4896,21.57
2025-10-26 16:21:51,021,WAC_006_260_28,0,0.0,15,1.0,0.4392,21.61
2025-10-26 16:31:54,021,WAC_006_260_28,0,0.0,15,1.0,0.4392,21.58
2025-10-26 16:41:57,021,WAC_006_260_28,0,0.0,15,1.0,0.432,21.59
2025-10-26 16:51:59,021,WAC_006_260_28,4,0.007,15,0.993,0.4212,21.6
2025-10-26 17:02:02,021,WAC_006_260_28,1,0.002,14,0.998,0.3744,21.64
2025-10-26 17:12:06,021,WAC_006_260_28,101,0.168,9,0.781,0.2592,21.69
2025-10-26 17:22:09,021,WAC_006_260_28,0,0.0,15,1.0,0.2628,21.67
2025-10-26 17:32:13,021,WAC_006_260_28,0,0.0,15,1.0,0.2592,21.65
2025-10-26 17:42:16,021,WAC_006_260_28,0,0.0,15,1.0,0.27,21.64
2025-10-26 17:52:19,021,WAC_006_260_28,0,0.0,15,1.0,0.27,21.62
2025-10-26 18:02:22,021,WAC_006_260_28,0,0.0,15,1.0,0.0,21.62
2025-10-26 18:12:25,021,WAC_006_260_28,7,0.012,13,0.987,0.0,21.64
2025-10-26 18:22:28,021,WAC_006_260_28,92,0.153,7,0.753,0.0,21.99
2025-10-26 18:32:31,021,WAC_006_260_28,62,0.103,11,0.876,0.0,21.92
2025-10-26 18:42:34,021,WAC_006_260_28,91,0.151,10,0.815,0.0,22.03
2025-10-26 18:52:36,021,WAC_006_260_28,20,0.033,13,0.963,0.0,21.98
2025-10-26 19:02:39,021,WAC_006_260_28,3,0.005,15,0.995,0.0,21.99
2025-10-26 19:12:41,021,WAC_006_260_28,28,0.047,13,0.949,0.0,21.99
2025-10-26 19:22:44,021,WAC_006_260_28,0,0.0,15,1.0,0.0,21.97
2025-10-26 19:32:47,021,WAC_006_260_28,11,0.018,12,0.978,0.0,21.99
2025-10-26 19:42:51,021,WAC_006_260_28,0,0.0,15,1.0,0.0,22.0
2025-10-26 19:52:53,021,WAC_006_260_28,0,0.0,15,1.0,0.0,21.99
2025-10-26 20:02:56,021,WAC_006_260_28,0,0.0,15,1.0,0.0,21.99
2025-10-26 20:12:59,021,WAC_006_260_28,0,0.0,15,1.0,0.0,22.01
2025-10-26 20:23:23,021,WAC_006_260_28,0,0.0,15,1.0,0.0,22.06
2025-10-26 20:33:26,021,WAC_006_260_28,147,0.244,5,0.576,0.0,22.17
2025-10-26 20:43:29,021,WAC_006_260_28,9,0.015,14,0.984,0.0,22.04
2025-10-26 20:53:32,021,WAC_006_260_28,122,0.203,8,0.724,0.0,22.18
2025-10-26 21:03:35,021,WAC_006_260_28,0,0.0,15,1.0,0.0,22.08
2025-10-26 21:13:37,021,WAC_006_260_28,0,0.0,15,1.0,0.0,22.01
2025-10-26 21:23:40,021,WAC_006_260_28,0,0.0,15,1.0,0.0,21.97
2025-10-26 21:33:43,021,WAC_006_260_28,0,0.0,15,1.0,0.0,21.95
2025-10-26 21:43:45,021,WAC_006_260_28,0,0.0,15,1.0,0.0,21.97
2025-10-26 21:53:48,021,WAC_006_260_28,16,0.027,14,0.972,0.0,22.05
2025-10-26 22:03:51,021,WAC_006_260_28,0,0.0,15,1.0,0.0,21.98
2025-10-26 22:13:54,021,WAC_006_260_28,7,0.012,15,0.988,0.0,21.97
2025-10-26 22:23:58,021,WAC_006_260_28,51,0.085,11,0.896,0.0,22.18
2025-10-26 22:34:01,021,WAC_006_260_28,5,0.008,14,0.991,0.0,22.03
2025-10-26 22:44:04,021,WAC_006_260_28,3,0.005,14,0.995,0.0,21.99
2025-10-26 22:54:07,021,WAC_006_260_28,51,0.085,11,0.896,0.0,22.01
2025-10-26 23:04:10,021,WAC_006_260_28,115,0.191,11,0.793,0.0,22.07
2025-10-26 23:14:13,021,WAC_006_260_28,123,0.205,7,0.695,0.0,22.09
2025-10-26 23:24:16,021,WAC_006_260_28,16,0.027,13,0.97,0.0,22.11
2025-10-26 23:34:19,021,WAC_006_260_28,0,0.0,15,1.0,0.0,21.93
2025-10-26 23:44:23,021,WAC_006_260_28,0,0.0,15,1.0,0.0,21.82
2025-10-26 23:54:25,021,WAC_006_260_28,0,0.0,15,1.0,0.0,21.76
2025-11-01 00:08:14,017,WAC_006_264_30,274,0.456,2,0.226,0.0,21.4
2025-11-01 00:18:17,017,WAC_006_264_30,13,0.022,14,0.977,0.0,21.47
2025-11-01 00:28:20,017,WAC_006_264_30,70,0.116,9,0.837,0.0,21.47
2025-11-01 00:38:23,017,WAC_006_264_30,188,0.312,3,0.39,0.0,21.48
2025-11-01 00:48:26,017,WAC_006_264_30,45,0.075,10,0.899,0.0,21.48
2025-11-01 00:58:28,017,WAC_006_264_30,47,0.078,11,0.903,0.0,21.5
2025-11-01 01:08:31,017,WAC_006_264_30,23,0.038,13,0.958,0.0,21.4
2025-11-01 01:18:34,017,WAC_006_264_30,207,0.344,6,0.537,0.0,21.36
2025-11-01 01:28:37,017,WAC_006_264_30,352,0.586,0,0.0,0.0,21.35
2025-11-01 01:38:40,017,WAC_006_264_30,108,0.18,7,0.722,0.0,21.3
2025-11-01 01:48:43,017,WAC_006_264_30,142,0.236,9,0.717,0.0,21.28
2025-11-01 01:58:47,017,WAC_006_264_30,41,0.068,12,0.921,0.0,21.44
2025-11-01 02:08:49,017,WAC_006_264_30,23,0.038,10,0.946,0.0,21.55
2025-11-01 02:18:52,017,WAC_006_264_30,304,0.506,4,0.345,0.0,21.66
2025-11-01 02:28:55,017,WAC_006_264_30,74,0.123,9,0.829,0.0,21.67
2025-11-01 02:38:58,017,WAC_006_264_30,182,0.303,5,0.524,0.0,21.69
2025-11-01 02:49:01,017,WAC_006_264_30,152,0.252,5,0.568,0.0,21.71
2025-11-01 02:59:04,017,WAC_006_264_30,235,0.391,1,0.145,0.0,21.67
2025-11-01 03:09:07,017,WAC_006_264_30,40,0.066,11,0.917,0.0,21.56
2025-11-01 03:19:10,017,WAC_006_264_30,129,0.215,4,0.554,0.0,21.67
2025-11-01 03:29:13,017,WAC_006_264_30,71,0.118,6,0.772,0.0,21.69
2025-11-01 03:39:16,017,WAC_006_264_30,123,0.205,7,0.695,0.0,21.52
2025-11-01 03:49:35,017,WAC_006_264_30,193,0.322,4,0.453,0.0,21.43
2025-11-01 03:59:38,017,WAC_006_264_30,143,0.238,4,0.528,0.0,21.36
2025-11-01 04:09:41,017,WAC_006_264_30,52,0.087,12,0.902,0.0,21.26
2025-11-01 04:19:44,017,WAC_006_264_30,339,0.563,2,0.191,0.0,21.31
2025-11-01 04:29:47,017,WAC_006_264_30,141,0.235,7,0.665,0.0,21.29
2025-11-01 04:39:50,017,WAC_006_264_30,449,0.747,0,0.0,0.0,21.4
2025-11-01 04:49:52,017,WAC_006_264_30,504,0.839,0,0.0,0.0,21.41
2025-11-01 04:59:55,017,WAC_006_264_30,58,0.097,10,0.873,0.0,21.32
2025-11-01 05:09:58,017,WAC_006_264_30,250,0.416,6,0.49,0.0,21.32
2025-11-01 05:20:01,017,WAC_006_264_30,127,0.211,8,0.716,0.0,21.39
2025-11-01 05:30:04,017,WAC_006_264_30,223,0.37,6,0.518,0.0,21.46
2025-11-01 05:40:07,017,WAC_006_264_30,81,0.135,6,0.748,0.0,21.34
2025-11-01 05:50:10,017,WAC_006_264_30,223,0.371,4,0.418,0.0,21.3
2025-11-01 06:00:13,017,WAC_006_264_30,52,0.087,9,0.874,0.108,21.23
2025-11-01 06:10:16,017,WAC_006_264_30,60,0.1,11,0.88,0.036,21.17
2025-11-01 06:20:19,017,WAC_006_264_30,424,0.704,1,0.086,0.108,21.26
2025-11-01 06:30:22,017,WAC_006_264_30,129,0.215,6,0.65,0.108,21.26
2025-11-01 06:40:25,017,WAC_006_264_30,16,0.027,12,0.968,0.1188,21.26
2025-11-01 06:50:28,017,WAC_006_264_30,23,0.038,12,0.954,0.1188,21.26
2025-11-01 07:00:31,017,WAC_006_264_30,24,0.04,12,0.952,0.108,21.28
2025-11-01 07:10:33,017,WAC_006_264_30,50,0.083,11,0.898,0.108,21.29
2025-11-01 07:20:37,017,WAC_006_264_30,7,0.012,13,0.987,0.1152,21.26
2025-11-01 07:30:40,017,WAC_006_264_30,9,0.015,13,0.983,0.1188,21.25
2025-11-01 07:40:43,017,WAC_006_264_30,177,0.295,2,0.311,0.108,21.3
2025-11-01 07:51:00,017,WAC_006_264_30,169,0.282,6,0.587,0.0828,21.29
2025-11-01 08:01:03,017,WAC_006_264_30,15,0.025,10,0.964,0.0828,21.22
2025-11-01 08:11:06,017,WAC_006_264_30,4,0.007,13,0.992,0.0828,21.18
2025-11-01 08:21:09,017,WAC_006_264_30,0,0.0,14,1.0,0.09,21.13
2025-11-01 08:31:12,017,WAC_006_264_30,4,0.007,13,0.992,0.0792,21.1
2025-11-01 08:41:15,017,WAC_006_264_30,3,0.005,14,0.995,0.1152,21.08
2025-11-01 08:51:18,017,WAC_006_264_30,8,0.013,13,0.985,0.0864,21.06
2025-11-01 09:01:21,017,WAC_006_264_30,11,0.018,13,0.979,0.0864,21.03
2025-11-01 09:11:24,017,WAC_006_264_30,1,0.002,14,0.998,0.0864,21.01
2025-11-01 09:21:28,017,WAC_006_264_30,2,0.003,14,0.996,0.0864,20.99
2025-11-01 09:31:31,017,WAC_006_264_30,7,0.012,14,0.988,0.0864,20.98
2025-11-01 09:41:34,017,WAC_006_264_30,13,0.022,14,0.977,0.0792,20.98
2025-11-01 09:51:37,017,WAC_006_264_30,0,0.0,14,1.0,0.0864,20.98
2025-11-01 10:01:39,017,WAC_006_264_30,1,0.002,14,0.998,0.0864,20.99
2025-11-01 10:11:42,017,WAC_006_264_30,7,0.012,14,0.988,0.0864,21.01
2025-11-01 10:21:45,017,WAC_006_264_30,6,0.01,14,0.989,0.0864,21.03
2025-11-01 10:31:48,017,WAC_006_264_30,19,0.032,13,0.965,0.0864,21.05
2025-11-01 10:41:52,017,WAC_006_264_30,5,0.008,12,0.99,0.1116,21.06
2025-11-01 10:51:54,017,WAC_006_264_30,23,0.038,13,0.958,0.1116,21.07
2025-11-01 11:01:57,017,WAC_006_264_30,18,0.03,12,0.964,0.108,21.1
2025-11-01 11:12:00,017,WAC_006_264_30,217,0.361,2,0.269,0.0828,21.14
2025-11-01 11:22:03,017,WAC_006_264_30,9,0.015,14,0.984,0.0828,21.15
2025-11-01 11:32:06,017,WAC_006_264_30,0,0.0,14,1.0,0.0828,21.17
2025-11-01 11:42:10,017,WAC_006_264_30,0,0.0,14,1.0,0.0828,21.19
2025-11-01 11:52:25,017,WAC_006_264_30,0,0.0,14,1.0,0.0828,21.24
2025-11-01 12:02:28,017,WAC_006_264_30,22,0.037,12,0.956,0.0828,21.25
2025-11-01 12:12:31,017,WAC_006_264_30,42,0.07,9,0.896,0.0828,21.3
2025-11-01 12:22:34,017,WAC_006_264_30,59,0.098,11,0.882,0.0792,21.32
2025-11-01 12:32:37,017,WAC_006_264_30,3,0.005,14,0.995,0.0792,21.35
2025-11-01 12:42:41,017,WAC_006_264_30,1,0.002,14,0.998,0.0792,21.33
2025-11-01 12:52:44,017,WAC_006_264_30,0,0.0,14,1.0,0.0828,21.34
2025-11-01 13:02:47,017,WAC_006_264_30,6,0.01,13,0.989,0.0792,21.33
2025-11-01 13:12:50,017,WAC_006_264_30,4,0.007,13,0.992,0.1116,21.32
2025-11-01 13:22:54,017,WAC_006_264_30,67,0.111,7,0.807,0.1008,21.34
2025-11-01 13:32:57,017,WAC_006_264_30,89,0.148,9,0.802,0.1008,21.34
2025-11-01 13:43:00,017,WAC_006_264_30,6,0.01,13,0.989,0.0792,21.33
2025-11-01 13:53:04,017,WAC_006_264_30,4,0.007,14,0.993,0.0792,21.3
2025-11-01 14:03:07,017,WAC_006_264_30,2,0.003,14,0.996,0.0792,21.29
2025-11-01 14:13:10,017,WAC_006_264_30,6,0.01,13,0.989,0.0792,21.28
2025-11-01 14:23:13,017,WAC_006_264_30,11,0.018,13,0.979,0.0792,21.28
2025-11-01 14:33:16,017,WAC_006_264_30,15,0.025,13,0.972,0.0792,21.26
2025-11-01 14:43:19,017,WAC_006_264_30,150,0.249,5,0.571,0.0504,21.24
2025-11-01 14:53:23,017,WAC_006_264_30,361,0.601,0,0.0,0.054,21.25
2025-11-01 15:03:26,017,WAC_006_264_30,23,0.038,11,0.95,0.0828,21.25
2025-11-01 15:13:29,017,WAC_006_264_30,2,0.003,14,0.996,0.0828,21.21
2025-11-01 15:23:32,017,WAC_006_264_30,0,0.0,14,1.0,0.0828,21.19
2025-11-01 15:33:35,017,WAC_006_264_30,0,0.0,14,1.0,0.0828,21.18
2025-11-01 15:43:38,017,WAC_006_264_30,6,0.01,14,0.989,0.0576,21.16
2025-11-01 15:53:51,017,WAC_006_264_30,1,0.002,14,0.998,0.0576,21.19
2025-11-01 16:03:54,017,WAC_006_264_30,0,0.0,14,1.0,0.0504,21.17
2025-11-01 16:13:58,017,WAC_006_264_30,7,0.012,14,0.988,0.0504,21.15
2025-11-01 16:24:01,017,WAC_006_264_30,3,0.005,13,0.994,0.0576,21.11
2025-11-01 16:34:04,017,WAC_006_264_30,42,0.07,7,0.87,0.0576,21.08
2025-11-01 16:44:07,017,WAC_006_264_30,22,0.037,10,0.948,0.0612,21.06
2025-11-01 16:54:10,017,WAC_006_264_30,35,0.058,12,0.932,0.054,21.02
2025-11-01 17:04:13,017,WAC_006_264_30,108,0.18,7,0.722,0.0576,21.01
2025-11-01 17:14:17,017,WAC_006_264_30,8,0.013,13,0.985,0.0864,20.98
2025-11-01 17:24:20,017,WAC_006_264_30,0,0.0,14,1.0,0.0864,20.95
2025-11-01 17:34:23,017,WAC_006_264_30,51,0.085,10,0.887,0.09,20.93
2025-11-01 17:44:26,017,WAC_006_264_30,131,0.218,5,0.604,0.0576,20.96
2025-11-01 17:54:29,017,WAC_006_264_30,55,0.092,10,0.879,0.0468,20.98
2025-11-01 18:04:32,017,WAC_006_264_30,139,0.231,4,0.535,0.0,21.01
2025-11-01 18:14:35,017,WAC_006_264_30,164,0.273,3,0.423,0.0,21.09
2025-11-01 18:24:38,017,WAC_006_264_30,160,0.266,4,0.5,0.0,21.08
2025-11-01 18:34:41,017,WAC_006_264_30,290,0.483,2,0.216,0.0,21.14
2025-11-01 18:44:44,017,WAC_006_264_30,73,0.121,11,0.858,0.0,21.1
2025-11-01 18:54:47,017,WAC_006_264_30,309,0.513,4,0.341,0.0,21.11
2025-11-01 19:04:49,017,WAC_006_264_30,149,0.248,5,0.573,0.0,21.19
2025-11-01 19:14:52,017,WAC_006_264_30,280,0.466,1,0.125,0.0,21.26
2025-11-01 19:24:55,017,WAC_006_264_30,67,0.111,9,0.843,0.0,21.26
2025-11-01 19:34:58,017,WAC_006_264_30,31,0.051,13,0.944,0.0,21.15
2025-11-01 19:45:01,017,WAC_006_264_30,365,0.606,0,0.0,0.0,21.27
2025-11-01 19:55:22,017,WAC_006_264_30,379,0.633,1,0.095,0.0,21.33
2025-11-01 20:05:25,017,WAC_006_264_30,216,0.359,5,0.481,0.0,21.34
2025-11-01 20:15:28,017,WAC_006_264_30,215,0.358,6,0.527,0.0,21.36
2025-11-01 20:25:31,017,WAC_006_264_30,112,0.186,9,0.763,0.0,21.35
2025-11-01 20:35:34,017,WAC_006_264_30,4,0.007,14,0.993,0.0,21.22
2025-11-01 20:45:37,017,WAC_006_264_30,315,0.524,2,0.203,0.0,21.24
2025-11-01 20:55:40,017,WAC_006_264_30,250,0.416,5,0.444,0.0,21.27
2025-11-01 21:05:43,017,WAC_006_264_30,48,0.08,12,0.909,0.0,21.21
2025-11-01 21:15:46,017,WAC_006_264_30,101,0.168,8,0.76,0.0,21.18
2025-11-01 21:25:49,017,WAC_006_264_30,205,0.341,4,0.438,0.0,21.17
2025-11-01 21:35:52,017,WAC_006_264_30,95,0.158,10,0.808,0.0,21.13
2025-11-01 21:45:55,017,WAC_006_264_30,236,0.393,4,0.404,0.0,21.15
2025-11-01 21:55:58,017,WAC_006_264_30,304,0.505,6,0.441,0.0,21.15
2025-11-01 22:06:01,017,WAC_006_264_30,92,0.153,10,0.813,0.0,21.12
2025-11-01 22:16:04,017,WAC_006_264_30,259,0.431,2,0.236,0.0,21.17
2025-11-01 22:26:07,017,WAC_006_264_30,264,0.439,1,0.132,0.0,21.17
2025-11-01 22:36:09,017,WAC_006_264_30,128,0.213,8,0.714,0.0,21.17
2025-11-01 22:46:12,017,WAC_006_264_30,105,0.175,10,0.792,0.0,21.13
2025-11-01 22:56:16,017,WAC_006_264_30,218,0.362,4,0.423,0.0,21.15
2025-11-01 23:06:19,017,WAC_006_264_30,306,0.508,5,0.395,0.0,21.29
2025-11-01 23:16:22,017,WAC_006_264_30,43,0.072,13,0.924,0.0,21.22
2025-11-01 23:26:25,017,WAC_006_264_30,180,0.3,4,0.471,0.0,21.22
2025-11-01 23:36:29,017,WAC_006_264_30,92,0.153,7,0.753,0.0,21.22
2025-11-01 23:46:32,017,WAC_006_264_30,26,0.043,12,0.949,0.0,21.21
2025-11-01 23:56:49,017,WAC_006_264_30,65,0.109,7,0.812,0.0,21.24
2025-11-02 00:06:52,017,WAC_006_264_30,286,0.475,3,0.296,0.0,21.26
2025-11-02 00:16:55,017,WAC_006_264_30,291,0.484,2,0.216,0.0,21.26
2025-11-02 00:26:58,017,WAC_006_264_30,168,0.28,9,0.682,0.0,21.25
2025-11-02 00:37:00,017,WAC_006_264_30,263,0.438,3,0.313,0.0,21.31
2025-11-02 00:47:03,017,WAC_006_264_30,98,0.163,11,0.818,0.0,21.25
2025-11-02 00:57:06,017,WAC_006_264_30,32,0.053,12,0.938,0.0,21.24
2025-11-02 01:07:09,017,WAC_006_264_30,17,0.028,12,0.966,0.0,21.22
2025-11-02 01:17:12,017,WAC_006_264_30,114,0.19,6,0.678,0.0,21.2
2025-11-02 01:27:15,017,WAC_006_264_30,66,0.11,9,0.845,0.0,21.17
2025-11-02 01:37:18,017,WAC_006_264_30,322,0.536,2,0.199,0.0,21.31
2025-11-02 01:47:21,017,WAC_006_264_30,70,0.116,10,0.851,0.0,21.21
2025-11-02 01:57:25,017,WAC_006_264_30,60,0.1,8,0.842,0.0,21.22
2025-11-02 02:07:28,017,WAC_006_264_30,14,0.023,12,0.972,0.0,21.2
2025-11-02 02:17:31,017,WAC_006_264_30,8,0.013,13,0.985,0.0,21.21
2025-11-02 02:27:34,017,WAC_006_264_30,70,0.116,8,0.821,0.0,21.25
2025-11-02 02:37:38,017,WAC_006_264_30,34,0.057,11,0.928,0.0,21.25
2025-11-02 02:47:40,017,WAC_006_264_30,172,0.286,7,0.619,0.0,21.2
2025-11-02 02:57:43,017,WAC_006_264_30,283,0.471,2,0.22,0.0,21.25
2025-11-02 02:58:14,017,WAC_006_264_30,26,0.043,12,0.949,0.0,21.29
2025-11-02 03:07:47,017,WAC_006_264_30,356,0.592,2,0.183,0.0,21.36
2025-11-02 03:08:17,017,WAC_006_264_30,242,0.402,3,0.331,0.0,21.27
2025-11-02 03:17:50,017,WAC_006_264_30,39,0.065,10,0.911,0.0,21.36
2025-11-02 03:18:20,017,WAC_006_264_30,298,0.495,1,0.118,0.0,21.29
2025-11-02 03:27:53,017,WAC_006_264_30,127,0.211,6,0.654,0.0,21.37
2025-11-02 03:28:23,017,WAC_006_264_30,50,0.083,11,0.898,0.0,21.23
2025-11-02 03:37:56,017,WAC_006_264_30,113,0.188,10,0.78,0.0,21.27
2025-11-02 03:38:26,017,WAC_006_264_30,104,0.173,4,0.606,0.0,21.2
2025-11-02 03:47:59,017,WAC_006_264_30,118,0.196,8,0.731,0.0,21.3
2025-11-02 03:48:29,017,WAC_006_264_30,82,0.136,7,0.773,0.0,21.17
2025-11-02 03:58:32,017,WAC_006_264_30,201,0.334,6,0.544,0.0,21.16
2025-11-02 04:08:35,017,WAC_006_264_30,226,0.376,7,0.553,0.0,21.18
2025-11-02 04:18:37,017,WAC_006_264_30,156,0.26,5,0.562,0.0,21.19
2025-11-02 04:28:40,017,WAC_006_264_30,298,0.496,3,0.287,0.0,21.21
2025-11-02 04:38:43,017,WAC_006_264_30,266,0.443,3,0.311,0.0,21.24
2025-11-02 04:48:46,017,WAC_006_264_30,92,0.153,11,0.827,0.0,21.24
2025-11-02 04:58:49,017,WAC_006_264_30,392,0.652,0,0.0,0.0,21.26
2025-11-02 05:08:53,017,WAC_006_264_30,290,0.482,2,0.216,0.0,21.25
2025-11-02 05:18:55,017,WAC_006_264_30,336,0.559,1,0.106,0.0,21.23
2025-11-02 05:28:58,017,WAC_006_264_30,426,0.709,0,0.0,0.0,21.27
2025-11-02 05:39:01,017,WAC_006_264_30,256,0.425,5,0.439,0.0,21.26
2025-11-02 05:49:04,017,WAC_006_264_30,2,0.003,14,0.996,0.0,21.21
2025-11-02 05:59:07,017,WAC_006_264_30,1,0.002,14,0.998,0.0,21.16
2025-11-02 06:09:10,017,WAC_006_264_30,5,0.008,14,0.991,0.0612,21.09
2025-11-02 06:19:13,017,WAC_006_264_30,34,0.056,12,0.934,0.0504,21.09
2025-11-02 06:29:16,017,WAC_006_264_30,16,0.027,13,0.97,0.054,21.12
2025-11-02 06:39:20,017,WAC_006_264_30,8,0.013,14,0.986,0.0504,21.13
2025-11-02 06:49:23,017,WAC_006_264_30,11,0.018,13,0.979,0.054,21.16
2025-11-02 06:59:26,017,WAC_006_264_30,3,0.005,14,0.995,0.054,21.19
2025-11-02 07:09:29,017,WAC_006_264_30,5,0.008,14,0.991,0.0504,21.2
2025-11-02 07:19:32,017,WAC_006_264_30,13,0.022,13,0.976,0.054,21.21
2025-11-02 07:29:35,017,WAC_006_264_30,31,0.052,12,0.939,0.0504,21.21
2025-11-02 07:39:38,017,WAC_006_264_30,15,0.025,14,0.974,0.0504,21.2
2025-11-02 07:49:41,017,WAC_006_264_30,19,0.032,11,0.959,0.0504,21.19
2025-11-02 07:59:57,017,WAC_006_264_30,0,0.0,14,1.0,0.054,21.21
2025-11-02 08:10:00,017,WAC_006_264_30,0,0.0,14,1.0,0.0504,21.19
2025-11-02 08:20:03,017,WAC_006_264_30,0,0.0,14,1.0,0.054,21.16
2025-11-02 08:30:06,017,WAC_006_264_30,0,0.0,14,1.0,0.054,21.13
2025-11-02 08:40:09,017,WAC_006_264_30,49,0.082,8,0.867,0.054,21.12
2025-11-02 08:50:13,017,WAC_006_264_30,6,0.01,13,0.989,0.054,21.13
2025-11-02 09:00:16,017,WAC_006_264_30,0,0.0,14,1.0,0.054,21.15
2025-11-02 09:10:19,017,WAC_006_264_30,9,0.015,13,0.983,0.054,21.14
2025-11-02 09:20:22,017,WAC_006_264_30,4,0.007,14,0.993,0.054,21.14
2025-11-02 09:30:25,017,WAC_006_264_30,0,0.0,14,1.0,0.054,21.14
2025-11-02 09:40:28,017,WAC_006_264_30,0,0.0,14,1.0,0.054,21.13
2025-11-02 09:50:31,017,WAC_006_264_30,33,0.055,12,0.936,0.054,21.11
2025-11-02 10:00:35,017,WAC_006_264_30,26,0.043,8,0.925,0.054,21.12
2025-11-02 10:10:38,017,WAC_006_264_30,133,0.221,7,0.678,0.0468,21.12
2025-11-02 10:20:41,017,WAC_006_264_30,6,0.01,13,0.989,0.0504,21.06
2025-11-02 10:30:44,017,WAC_006_264_30,7,0.012,14,0.988,0.0468,21.01
2025-11-02 10:40:47,017,WAC_006_264_30,0,0.0,14,1.0,0.054,20.98
2025-11-02 10:50:50,017,WAC_006_264_30,9,0.015,13,0.983,0.072,20.96
2025-11-02 11:00:54,017,WAC_006_264_30,0,0.0,14,1.0,0.072,20.94
2025-11-02 11:10:57,017,WAC_006_264_30,0,0.0,14,1.0,0.054,20.93
2025-11-02 11:21:00,017,WAC_006_264_30,0,0.0,14,1.0,0.054,20.94
2025-11-02 11:31:03,017,WAC_006_264_30,2,0.003,14,0.996,0.054,20.95
2025-11-02 11:41:06,017,WAC_006_264_30,6,0.01,13,0.989,0.054,20.96
2025-11-02 11:51:08,017,WAC_006_264_30,0,0.0,14,1.0,0.0504,20.97
2025-11-02 12:01:26,017,WAC_006_264_30,16,0.027,11,0.965,0.0504,21.04
2025-11-02 12:11:29,017,WAC_006_264_30,52,0.087,9,0.874,0.0504,21.12
2025-11-02 12:21:32,017,WAC_006_264_30,86,0.143,9,0.807,0.0648,21.2
2025-11-02 12:31:35,017,WAC_006_264_30,2,0.003,14,0.996,0.0576,21.21
2025-11-02 12:41:38,017,WAC_006_264_30,0,0.0,14,1.0,0.0576,21.19
2025-11-02 12:51:42,017,WAC_006_264_30,69,0.115,10,0.853,0.0612,21.17
2025-11-02 13:01:45,017,WAC_006_264_30,32,0.053,11,0.932,0.0864,21.17
2025-11-02 13:11:48,017,WAC_006_264_30,1,0.002,14,0.998,0.0864,21.15
2025-11-02 13:21:51,017,WAC_006_264_30,19,0.032,12,0.962,0.0648,21.15
2025-11-02 13:31:54,017,WAC_006_264_30,11,0.018,13,0.979,0.0576,21.14
2025-11-02 13:41:57,017,WAC_006_264_30,0,0.0,14,1.0,0.0576,21.16
2025-11-02 13:52:00,017,WAC_006_264_30,227,0.377,0,0.0,0.0612,21.24
2025-11-02 14:02:03,017,WAC_006_264_30,133,0.221,5,0.601,0.054,21.3
2025-11-02 14:12:06,017,WAC_006_264_30,54,0.09,12,0.899,0.054,21.24
2025-11-02 14:22:09,017,WAC_006_264_30,97,0.161,9,0.788,0.0468,21.21
2025-11-02 14:32:12,017,WAC_006_264_30,287,0.478,6,0.455,0.0432,21.21
2025-11-02 14:42:14,017,WAC_006_264_30,31,0.052,11,0.934,0.0504,21.22
2025-11-02 14:52:17,017,WAC_006_264_30,0,0.0,14,1.0,0.0504,21.19
2025-11-02 15:02:21,017,WAC_006_264_30,15,0.025,13,0.972,0.0504,21.15
2025-11-02 15:12:24,017,WAC_006_264_30,17,0.028,13,0.968,0.0504,21.13
2025-11-02 15:22:27,017,WAC_006_264_30,0,0.0,14,1.0,0.0504,21.09
2025-11-02 15:32:30,017,WAC_006_264_30,0,0.0,14,1.0,0.0504,21.09
2025-11-02 15:42:33,017,WAC_006_264_30,2,0.003,14,0.996,0.0504,21.06
2025-11-02 15:52:36,017,WAC_006_264_30,3,0.005,14,0.995,0.0504,21.05
2025-11-02 16:02:53,017,WAC_006_264_30,5,0.008,13,0.99,0.0756,21.08
2025-11-02 16:12:56,017,WAC_006_264_30,54,0.09,11,0.891,0.0792,21.07
2025-11-02 16:23:00,017,WAC_006_264_30,70,0.116,7,0.8,0.0792,21.07
2025-11-02 16:33:03,017,WAC_006_264_30,42,0.07,11,0.913,0.072,21.09
2025-11-02 16:43:05,017,WAC_006_264_30,40,0.067,12,0.923,0.0756,21.08
2025-11-02 16:53:08,017,WAC_006_264_30,34,0.057,12,0.934,0.0504,21.08
2025-11-02 17:03:12,017,WAC_006_264_30,304,0.506,1,0.116,0.0504,21.14
2025-11-02 17:13:15,017,WAC_006_264_30,150,0.249,5,0.571,0.072,21.24
2025-11-02 17:23:18,017,WAC_006_264_30,56,0.093,10,0.877,0.0828,21.22
2025-11-02 17:33:21,017,WAC_006_264_30,30,0.05,7,0.903,0.0504,21.22
2025-11-02 17:43:24,017,WAC_006_264_30,10,0.017,14,0.982,0.0504,21.2
2025-11-02 17:53:27,017,WAC_006_264_30,98,0.163,8,0.766,0.0,21.18
2025-11-02 18:03:30,017,WAC_006_264_30,169,0.281,5,0.542,0.0,21.16
2025-11-02 18:13:33,017,WAC_006_264_30,309,0.514,1,0.115,0.0,21.2
2025-11-02 18:23:37,017,WAC_006_264_30,0,0.0,14,1.0,0.0,21.14
2025-11-02 18:33:39,017,WAC_006_264_30,239,0.398,4,0.401,0.0,21.16
2025-11-02 18:43:43,017,WAC_006_264_30,228,0.379,7,0.551,0.0,21.16
2025-11-02 18:53:46,017,WAC_006_264_30,280,0.466,2,0.222,0.0,21.19
2025-11-02 19:03:48,017,WAC_006_264_30,167,0.278,3,0.418,0.0,21.22
2025-11-02 19:13:51,017,WAC_006_264_30,18,0.03,13,0.967,0.0,21.23
2025-11-02 19:23:54,017,WAC_006_264_30,5,0.008,13,0.99,0.0,21.2
2025-11-02 19:33:58,017,WAC_006_264_30,16,0.027,13,0.97,0.0,21.18
2025-11-02 19:44:01,017,WAC_006_264_30,34,0.057,11,0.928,0.0,21.17
2025-11-02 19:54:04,017,WAC_006_264_30,13,0.022,13,0.976,0.0,21.14
2025-11-02 20:04:23,017,WAC_006_264_30,197,0.328,2,0.289,0.0,21.16
2025-11-02 20:14:26,017,WAC_006_264_30,74,0.123,7,0.791,0.0,21.18
2025-11-02 20:24:29,017,WAC_006_264_30,74,0.123,9,0.829,0.0,21.18
2025-11-02 20:34:32,017,WAC_006_264_30,29,0.048,12,0.943,0.0,21.18
2025-11-02 20:44:35,017,WAC_006_264_30,54,0.09,11,0.891,0.0,21.14
2025-11-02 20:54:38,017,WAC_006_264_30,287,0.478,1,0.122,0.0,21.2
2025-11-02 21:04:41,017,WAC_006_264_30,87,0.145,9,0.805,0.0,21.16
2025-11-02 21:14:44,017,WAC_006_264_30,161,0.268,7,0.635,0.0,21.16
2025-11-02 21:24:47,017,WAC_006_264_30,255,0.424,3,0.32,0.0,21.22
2025-11-02 21:34:51,017,WAC_006_264_30,87,0.145,10,0.821,0.0,21.18
2025-11-02 21:44:53,017,WAC_006_264_30,75,0.125,11,0.854,0.0,21.13
2025-11-02 21:54:56,017,WAC_006_264_30,291,0.484,1,0.121,0.0,21.21
2025-11-02 22:05:00,017,WAC_006_264_30,237,0.394,1,0.144,0.0,21.19
2025-11-02 22:15:03,017,WAC_006_264_30,213,0.354,1,0.158,0.0,21.19
2025-11-02 22:25:06,017,WAC_006_264_30,11,0.018,12,0.978,0.0,21.17
2025-11-02 22:35:09,017,WAC_006_264_30,23,0.038,13,0.958,0.0,21.15
2025-11-02 22:45:13,017,WAC_006_264_30,10,0.017,13,0.981,0.0,21.11
2025-11-02 22:55:16,017,WAC_006_264_30,36,0.06,13,0.935,0.0,21.07
2025-11-02 23:05:19,017,WAC_006_264_30,234,0.389,5,0.461,0.0,21.05
2025-11-02 23:15:22,017,WAC_006_264_30,38,0.063,9,0.905,0.0,21.03
2025-11-02 23:25:25,017,WAC_006_264_30,14,0.023,12,0.972,0.0,21.02
2025-11-02 23:35:28,017,WAC_006_264_30,45,0.075,9,0.889,0.0,21.02
2025-11-02 23:45:32,017,WAC_006_264_30,9,0.015,13,0.983,0.0,21.01
2025-11-02 23:55:35,017,WAC_006_264_30,28,0.047,11,0.94,0.0,21.0
2025-10-25 00:01:52,037,WAC_006_264_31,22,0.037,12,0.956,0.0,21.28
2025-10-25 00:11:54,037,WAC_006_264_31,1,0.002,14,0.998,0.0,21.25
2025-10-25 00:22:19,037,WAC_006_264_31,113,0.189,9,0.761,0.0,21.3
2025-10-25 00:32:21,037,WAC_006_264_31,377,0.627,1,0.096,0.0,21.33
2025-10-25 00:42:25,037,WAC_006_264_31,334,0.556,0,0.0,0.0,21.37
2025-10-25 00:52:27,037,WAC_006_264_31,256,0.427,3,0.319,0.0,21.35
2025-10-25 01:02:29,037,WAC_006_264_31,206,0.343,6,0.538,0.0,21.32
2025-10-25 01:12:31,037,WAC_006_264_31,303,0.504,1,0.117,0.0,21.36
2025-10-25 01:22:35,037,WAC_006_264_31,243,0.404,4,0.397,0.0,21.32
2025-10-25 01:32:37,037,WAC_006_264_31,298,0.496,1,0.118,0.0,21.33
2025-10-25 01:42:41,037,WAC_006_264_31,317,0.527,1,0.112,0.0,21.32
2025-10-25 01:52:44,037,WAC_006_264_31,267,0.444,4,0.375,0.0,21.34
2025-10-25 02:02:47,037,WAC_006_264_31,260,0.433,3,0.316,0.0,21.35
2025-10-25 02:12:50,037,WAC_006_264_31,408,0.679,0,0.0,0.0,21.38
2025-10-25 02:22:52,037,WAC_006_264_31,313,0.521,2,0.204,0.0,21.38
2025-10-25 02:32:55,037,WAC_006_264_31,256,0.427,1,0.135,0.0,21.36
2025-10-25 02:42:57,037,WAC_006_264_31,169,0.281,6,0.587,0.0,21.35
2025-10-25 02:53:01,037,WAC_006_264_31,225,0.374,3,0.348,0.0,21.35
2025-10-25 03:03:03,037,WAC_006_264_31,207,0.345,0,0.0,0.0,21.34
2025-10-25 03:13:06,037,WAC_006_264_31,112,0.186,7,0.714,0.0,21.35
2025-10-25 03:23:09,037,WAC_006_264_31,39,0.065,12,0.925,0.0,21.31
2025-10-25 03:33:12,037,WAC_006_264_31,32,0.053,13,0.942,0.0,21.28
2025-10-25 03:43:15,037,WAC_006_264_31,233,0.388,3,0.34,0.0,21.28
2025-10-25 03:53:18,037,WAC_006_264_31,197,0.327,3,0.379,0.0,21.3
2025-10-25 04:03:21,037,WAC_006_264_31,263,0.438,4,0.378,0.0,21.29
2025-10-25 04:13:24,037,WAC_006_264_31,314,0.522,2,0.203,0.0,21.28
2025-10-25 04:23:49,037,WAC_006_264_31,192,0.321,6,0.556,0.0,21.32
2025-10-25 04:33:51,037,WAC_006_264_31,241,0.402,2,0.249,0.0,21.34
2025-10-25 04:43:53,037,WAC_006_264_31,165,0.275,4,0.492,0.0,21.33
2025-10-25 04:53:56,037,WAC_006_264_31,197,0.328,4,0.448,0.0,21.31
2025-10-25 05:03:59,037,WAC_006_264_31,169,0.281,6,0.587,0.0,21.29
2025-10-25 05:14:01,037,WAC_006_264_31,110,0.183,7,0.718,0.0,21.28
2025-10-25 05:24:04,037,WAC_006_264_31,190,0.316,3,0.387,0.0,21.28
2025-10-25 05:34:07,037,WAC_006_264_31,169,0.281,6,0.587,0.0,21.28
2025-10-25 05:44:11,037,WAC_006_264_31,202,0.336,3,0.373,0.0,21.28
2025-10-25 05:54:14,037,WAC_006_264_31,283,0.471,0,0.0,0.0,21.27
2025-10-25 06:04:17,037,WAC_006_264_31,269,0.448,1,0.129,0.1584,21.24
2025-10-25 06:14:19,037,WAC_006_264_31,50,0.083,9,0.878,0.1728,21.22
2025-10-25 06:24:22,037,WAC_006_264_31,0,0.0,15,1.0,0.1656,21.2
2025-10-25 06:34:25,037,WAC_006_264_31,0,0.0,15,1.0,0.1872,21.17
2025-10-25 06:44:28,037,WAC_006_264_31,0,0.0,15,1.0,0.1872,21.15
2025-10-25 06:54:30,037,WAC_006_264_31,0,0.0,15,1.0,0.18,21.11
2025-10-25 07:04:32,037,WAC_006_264_31,0,0.0,15,1.0,0.1872,21.08
2025-10-25 07:14:36,037,WAC_006_264_31,0,0.0,15,1.0,0.198,21.08
2025-10-25 07:24:38,037,WAC_006_264_31,0,0.0,15,1.0,0.1872,21.06
2025-10-25 07:34:41,037,WAC_006_264_31,0,0.0,15,1.0,0.1872,21.04
2025-10-25 07:44:43,037,WAC_006_264_31,4,0.007,13,0.992,0.108,21.03
2025-10-25 07:54:46,037,WAC_006_264_31,57,0.095,10,0.875,0.0864,21.05
2025-10-25 08:04:49,037,WAC_006_264_31,188,0.312,4,0.46,0.0972,21.08
2025-10-25 08:14:52,037,WAC_006_264_31,3,0.005,13,0.994,0.1044,21.1
2025-10-25 08:25:17,037,WAC_006_264_31,0,0.0,15,1.0,0.0936,21.15
2025-10-25 08:35:19,037,WAC_006_264_31,0,0.0,15,1.0,0.1044,21.13
2025-10-25 08:45:21,037,WAC_006_264_31,9,0.015,13,0.983,0.0936,21.11
2025-10-25 08:55:24,037,WAC_006_264_31,0,0.0,15,1.0,0.0864,21.1
2025-10-25 09:05:27,037,WAC_006_264_31,0,0.0,15,1.0,0.0936,21.09
2025-10-25 09:15:29,037,WAC_006_264_31,4,0.007,14,0.993,0.0936,21.09
2025-10-25 09:25:33,037,WAC_006_264_31,0,0.0,15,1.0,0.1008,21.08
2025-10-25 09:35:36,037,WAC_006_264_31,0,0.0,15,1.0,0.1008,21.07
2025-10-25 09:45:38,037,WAC_006_264_31,1,0.002,14,0.998,0.0936,21.07
2025-10-25 09:55:41,037,WAC_006_264_31,0,0.0,15,1.0,0.108,21.07
2025-10-25 10:05:43,037,WAC_006_264_31,0,0.0,15,1.0,0.1584,21.06
2025-10-25 10:15:46,037,WAC_006_264_31,17,0.028,12,0.966,0.1296,21.07
2025-10-25 10:25:49,037,WAC_006_264_31,39,0.065,11,0.919,0.2016,21.09
2025-10-25 10:35:52,037,WAC_006_264_31,80,0.133,8,0.8,0.2052,21.2
2025-10-25 10:45:55,037,WAC_006_264_31,53,0.088,11,0.892,0.1584,21.28
2025-10-25 10:55:58,037,WAC_006_264_31,214,0.356,0,0.0,0.1584,21.33
2025-10-25 11:06:01,037,WAC_006_264_31,7,0.012,14,0.988,0.1476,21.36
2025-10-25 11:16:04,037,WAC_006_264_31,0,0.0,15,1.0,0.1368,21.36
2025-10-25 11:26:06,037,WAC_006_264_31,0,0.0,15,1.0,0.1296,21.37
2025-10-25 11:36:09,037,WAC_006_264_31,0,0.0,15,1.0,0.1296,21.35
2025-10-25 11:46:11,037,WAC_006_264_31,0,0.0,15,1.0,0.1224,21.33
2025-10-25 11:56:14,037,WAC_006_264_31,0,0.0,15,1.0,0.1224,21.32
2025-10-25 12:06:17,037,WAC_006_264_31,0,0.0,15,1.0,0.1224,21.29
2025-10-25 12:16:20,037,WAC_006_264_31,0,0.0,15,1.0,0.1296,21.27
2025-10-25 12:26:41,037,WAC_006_264_31,0,0.0,15,1.0,0.1296,21.31
2025-10-25 12:36:44,037,WAC_006_264_31,4,0.007,14,0.993,0.108,21.29
2025-10-25 12:46:48,037,WAC_006_264_31,86,0.143,8,0.788,0.108,21.34
2025-10-25 12:56:50,037,WAC_006_264_31,172,0.286,2,0.317,0.1188,21.33
2025-10-25 13:06:54,037,WAC_006_264_31,117,0.195,10,0.774,0.1224,21.33
2025-10-25 13:16:57,037,WAC_006_264_31,1,0.002,15,0.998,0.1224,21.3
2025-10-25 13:27:00,037,WAC_006_264_31,0,0.0,15,1.0,0.0864,21.29
2025-10-25 13:37:03,037,WAC_006_264_31,0,0.0,15,1.0,0.0864,21.26
2025-10-25 13:47:05,037,WAC_006_264_31,0,0.0,15,1.0,0.0864,21.23
2025-10-25 13:57:09,037,WAC_006_264_31,0,0.0,15,1.0,0.1332,21.2
2025-10-25 14:07:11,037,WAC_006_264_31,0,0.0,15,1.0,0.1296,21.17
2025-10-25 14:17:14,037,WAC_006_264_31,0,0.0,15,1.0,0.0864,21.15
2025-10-25 14:27:17,037,WAC_006_264_31,0,0.0,15,1.0,0.1296,21.1
2025-10-25 14:37:19,037,WAC_006_264_31,0,0.0,15,1.0,0.1296,21.08
2025-10-25 14:47:22,037,WAC_006_264_31,0,0.0,15,1.0,0.0864,21.07
2025-10-25 14:57:25,037,WAC_006_264_31,0,0.0,15,1.0,0.1332,21.06
2025-10-25 15:07:28,037,WAC_006_264_31,0,0.0,15,1.0,0.1296,21.06
2025-10-25 15:17:31,037,WAC_006_264_31,0,0.0,15,1.0,0.1296,21.05
2025-10-25 15:27:34,037,WAC_006_264_31,4,0.007,13,0.992,0.1332,21.05
2025-10-25 15:37:36,037,WAC_006_264_31,6,0.01,13,0.989,0.1332,21.07
2025-10-25 15:47:39,037,WAC_006_264_31,116,0.193,4,0.58,0.1116,21.1
2025-10-25 15:57:42,037,WAC_006_264_31,29,0.048,13,0.947,0.108,21.09
2025-10-25 16:07:45,037,WAC_006_264_31,0,0.0,15,1.0,0.1188,21.07
2025-10-25 16:17:47,037,WAC_006_264_31,0,0.0,15,1.0,0.1152,21.06
2025-10-25 16:28:03,037,WAC_006_264_31,0,0.0,15,1.0,0.1152,21.08
2025-10-25 16:38:06,037,WAC_006_264_31,0,0.0,15,1.0,0.108,21.05
2025-10-25 16:48:08,037,WAC_006_264_31,0,0.0,15,1.0,0.1188,21.04
2025-10-25 16:58:10,037,WAC_006_264_31,3,0.005,14,0.995,0.1152,21.05
2025-10-25 17:08:14,037,WAC_006_264_31,12,0.02,12,0.976,0.1152,21.07
2025-10-25 17:18:15,037,WAC_006_264_31,1,0.002,14,0.998,0.1152,21.07
2025-10-25 17:28:19,037,WAC_006_264_31,7,0.012,13,0.987,0.1152,21.07
2025-10-25 17:38:22,037,WAC_006_264_31,46,0.076,9,0.887,0.108,21.11
2025-10-25 17:48:24,037,WAC_006_264_31,111,0.185,6,0.684,0.0936,21.14
2025-10-25 17:58:26,037,WAC_006_264_31,7,0.012,13,0.987,0.0936,21.18
2025-10-25 18:08:30,037,WAC_006_264_31,193,0.321,4,0.453,0.0,21.23
2025-10-25 18:18:32,037,WAC_006_264_31,313,0.521,2,0.204,0.0,21.29
2025-10-25 18:28:35,037,WAC_006_264_31,231,0.385,3,0.342,0.0,21.31
2025-10-25 18:38:39,037,WAC_006_264_31,282,0.468,1,0.124,0.0,21.33
2025-10-25 18:48:41,037,WAC_006_264_31,206,0.343,2,0.28,0.0,21.33
2025-10-25 18:58:45,037,WAC_006_264_31,246,0.409,4,0.394,0.0,21.35
2025-10-25 19:08:48,037,WAC_006_264_31,164,0.273,6,0.594,0.0,21.31
2025-10-25 19:18:51,037,WAC_006_264_31,259,0.431,2,0.236,0.0,21.33
2025-10-25 19:28:53,037,WAC_006_264_31,190,0.317,6,0.558,0.0,21.3
2025-10-25 19:38:56,037,WAC_006_264_31,232,0.385,3,0.341,0.0,21.43
2025-10-25 19:48:59,037,WAC_006_264_31,143,0.238,5,0.583,0.0,21.38
2025-10-25 19:59:02,037,WAC_006_264_31,222,0.369,5,0.474,0.0,21.36
2025-10-25 20:09:06,037,WAC_006_264_31,186,0.309,6,0.563,0.0,21.37
2025-10-25 20:19:08,037,WAC_006_264_31,231,0.385,4,0.409,0.0,21.39
2025-10-25 20:29:34,037,WAC_006_264_31,275,0.459,2,0.225,0.0,21.48
2025-10-25 20:39:38,037,WAC_006_264_31,159,0.265,8,0.668,0.0,21.47
2025-10-25 20:49:41,037,WAC_006_264_31,410,0.682,1,0.089,0.0,21.52
2025-10-25 20:59:43,037,WAC_006_264_31,408,0.679,1,0.089,0.0,21.54
2025-10-25 21:09:46,037,WAC_006_264_31,38,0.063,10,0.913,0.0,21.49
2025-10-25 21:19:48,037,WAC_006_264_31,32,0.053,9,0.918,0.0,21.43
2025-10-25 21:29:51,037,WAC_006_264_31,103,0.171,8,0.757,0.0,21.38
2025-10-25 21:39:54,037,WAC_006_264_31,342,0.569,0,0.0,0.0,21.38
2025-10-25 21:49:57,037,WAC_006_264_31,231,0.384,8,0.581,0.0,21.38
2025-10-25 22:00:00,037,WAC_006_264_31,335,0.557,1,0.107,0.0,21.41
2025-10-25 22:10:03,037,WAC_006_264_31,145,0.241,8,0.688,0.0,21.39
2025-10-25 22:20:05,037,WAC_006_264_31,374,0.623,1,0.097,0.0,21.43
2025-10-25 22:30:07,037,WAC_006_264_31,286,0.476,1,0.123,0.0,21.42
2025-10-25 22:40:10,037,WAC_006_264_31,102,0.17,10,0.797,0.0,21.39
2025-10-25 22:50:14,037,WAC_006_264_31,276,0.459,1,0.127,0.0,21.4
2025-10-25 23:00:17,037,WAC_006_264_31,359,0.597,0,0.0,0.0,21.44
2025-10-25 23:10:19,037,WAC_006_264_31,257,0.428,5,0.438,0.0,21.44
2025-10-25 23:20:22,037,WAC_006_264_31,245,0.408,4,0.395,0.0,21.4
2025-10-25 23:30:25,037,WAC_006_264_31,311,0.517,4,0.34,0.0,21.4
2025-10-25 23:40:27,037,WAC_006_264_31,341,0.567,1,0.105,0.0,21.39
2025-10-25 23:50:30,037,WAC_006_264_31,345,0.574,0,0.0,0.0,21.44
2025-10-26 00:00:32,037,WAC_006_264_31,259,0.432,6,0.481,0.0,21.44
2025-10-26 00:10:35,037,WAC_006_264_31,380,0.632,1,0.095,0.0,21.45
2025-10-26 00:20:38,037,WAC_006_264_31,261,0.434,5,0.434,0.0,21.42
2025-10-26 00:30:59,037,WAC_006_264_31,328,0.548,1,0.109,0.0,21.48
2025-10-26 00:41:02,037,WAC_006_264_31,251,0.418,4,0.389,0.0,21.44
2025-10-26 00:51:04,037,WAC_006_264_31,67,0.111,10,0.857,0.0,21.38
2025-10-26 01:01:07,037,WAC_006_264_31,23,0.038,11,0.95,0.0,21.33
2025-10-26 01:11:11,037,WAC_006_264_31,15,0.025,14,0.974,0.0,21.29
2025-10-26 01:21:13,037,WAC_006_264_31,33,0.055,12,0.936,0.0,21.25
2025-10-26 01:31:16,037,WAC_006_264_31,95,0.158,10,0.808,0.0,21.22
2025-10-26 01:41:19,037,WAC_006_264_31,205,0.341,4,0.438,0.0,21.24
2025-10-26 01:51:22,037,WAC_006_264_31,130,0.216,9,0.735,0.0,21.22
2025-10-26 02:01:25,037,WAC_006_264_31,216,0.359,4,0.426,0.0,21.23
2025-10-26 02:11:27,037,WAC_006_264_31,136,0.226,4,0.541,0.0,21.26
2025-10-26 02:21:29,037,WAC_006_264_31,203,0.338,6,0.542,0.0,21.29
2025-10-26 02:31:32,037,WAC_006_264_31,136,0.227,9,0.726,0.0,21.31
2025-10-26 02:41:35,037,WAC_006_264_31,27,0.045,12,0.947,0.0,21.31
2025-10-26 02:51:37,037,WAC_006_264_31,107,0.178,8,0.749,0.0,21.3
2025-10-26 03:01:40,037,WAC_006_264_31,37,0.062,13,0.934,0.0,21.28
2025-10-26 03:11:43,037,WAC_006_264_31,252,0.419,3,0.323,0.0,21.29
2025-10-26 03:21:46,037,WAC_006_264_31,218,0.363,6,0.524,0.0,21.27
2025-10-26 03:31:49,037,WAC_006_264_31,249,0.414,5,0.445,0.0,21.25
2025-10-26 03:41:51,037,WAC_006_264_31,220,0.367,7,0.56,0.0,21.26
2025-10-26 03:51:54,037,WAC_006_264_31,302,0.502,0,0.0,0.0,21.32
2025-10-26 04:01:56,037,WAC_006_264_31,184,0.306,5,0.521,0.0,21.27
2025-10-26 04:11:59,037,WAC_006_264_31,356,0.593,3,0.252,0.0,21.31
2025-10-26 04:22:02,037,WAC_006_264_31,160,0.266,3,0.429,0.0,21.34
2025-10-26 04:32:21,037,WAC_006_264_31,255,0.427,1,0.136,0.0,21.45
2025-10-26 04:42:24,037,WAC_006_264_31,135,0.225,7,0.675,0.0,21.37
2025-10-26 04:52:26,037,WAC_006_264_31,171,0.285,4,0.483,0.0,21.32
2025-10-26 05:02:30,037,WAC_006_264_31,242,0.403,4,0.398,0.0,21.29
2025-10-26 05:12:32,037,WAC_006_264_31,276,0.46,2,0.225,0.0,21.29
2025-10-26 05:22:34,037,WAC_006_264_31,195,0.324,4,0.451,0.0,21.39
2025-10-26 05:32:37,037,WAC_006_264_31,164,0.273,5,0.549,0.0,21.33
2025-10-26 05:42:40,037,WAC_006_264_31,312,0.52,3,0.278,0.0,21.32
2025-10-26 05:52:42,037,WAC_006_264_31,373,0.621,2,0.177,0.0,21.29
2025-10-26 06:02:46,037,WAC_006_264_31,386,0.642,2,0.172,0.1224,21.28
2025-10-26 06:12:48,037,WAC_006_264_31,41,0.068,6,0.854,0.1332,21.26
2025-10-26 06:22:51,037,WAC_006_264_31,4,0.007,15,0.993,0.1296,21.23
2025-10-26 06:32:54,037,WAC_006_264_31,0,0.0,15,1.0,0.1224,21.19
2025-10-26 06:42:57,037,WAC_006_264_31,1,0.002,14,0.998,0.1224,21.14
2025-10-26 06:53:00,037,WAC_006_264_31,0,0.0,15,1.0,0.1224,21.13
2025-10-26 07:03:03,037,WAC_006_264_31,2,0.003,14,0.996,0.1224,21.1
2025-10-26 07:13:05,037,WAC_006_264_31,28,0.047,11,0.94,0.1224,21.09
2025-10-26 07:23:08,037,WAC_006_264_31,12,0.02,13,0.977,0.1224,21.08
2025-10-26 07:33:11,037,WAC_006_264_31,3,0.005,14,0.995,0.1224,21.08
2025-10-26 07:43:14,037,WAC_006_264_31,2,0.003,14,0.996,0.1224,21.07
2025-10-26 07:53:17,037,WAC_006_264_31,0,0.0,15,1.0,0.1224,21.07
2025-10-26 08:03:20,037,WAC_006_264_31,2,0.003,14,0.996,0.1332,21.08
2025-10-26 08:13:22,037,WAC_006_264_31,0,0.0,15,1.0,0.1296,21.06
2025-10-26 08:23:25,037,WAC_006_264_31,57,0.095,10,0.875,0.1152,21.08
2025-10-26 08:33:54,037,WAC_006_264_31,50,0.084,6,0.828,0.1152,21.17
2025-10-26 08:43:58,037,WAC_006_264_31,162,0.27,3,0.426,0.1008,21.14
2025-10-26 08:54:00,037,WAC_006_264_31,15,0.025,14,0.974,0.1008,21.13
2025-10-26 09:04:03,037,WAC_006_264_31,2,0.003,14,0.996,0.1008,21.1
2025-10-26 09:14:05,037,WAC_006_264_31,1,0.002,14,0.998,0.1008,21.1
2025-10-26 09:24:08,037,WAC_006_264_31,0,0.0,15,1.0,0.1008,21.07
2025-10-26 09:34:11,037,WAC_006_264_31,2,0.003,14,0.996,0.1008,21.06
2025-10-26 09:44:14,037,WAC_006_264_31,2,0.003,14,0.996,0.1008,21.04
2025-10-26 09:54:16,037,WAC_006_264_31,1,0.002,14,0.998,0.1296,21.03
2025-10-26 10:04:19,037,WAC_006_264_31,22,0.037,13,0.959,0.1332,21.05
2025-10-26 10:14:21,037,WAC_006_264_31,58,0.097,9,0.861,0.1152,21.1
2025-10-26 10:24:24,037,WAC_006_264_31,202,0.336,2,0.284,0.1224,21.14
2025-10-26 10:34:27,037,WAC_006_264_31,220,0.365,1,0.154,0.2268,21.19
2025-10-26 10:44:30,037,WAC_006_264_31,102,0.17,9,0.779,0.1332,21.18
2025-10-26 10:54:32,037,WAC_006_264_31,1,0.002,15,0.998,0.1332,21.16
2025-10-26 11:04:35,037,WAC_006_264_31,0,0.0,15,1.0,0.0936,21.12
2025-10-26 11:14:37,037,WAC_006_264_31,0,0.0,15,1.0,0.0936,21.1
2025-10-26 11:24:40,037,WAC_006_264_31,4,0.007,14,0.993,0.0936,21.07
2025-10-26 11:34:43,037,WAC_006_264_31,0,0.0,15,1.0,0.0936,21.05
2025-10-26 11:44:46,037,WAC_006_264_31,0,0.0,15,1.0,0.0936,21.03
2025-10-26 11:54:48,037,WAC_006_264_31,0,0.0,15,1.0,0.0936,21.0
2025-10-26 12:04:51,037,WAC_006_264_31,0,0.0,15,1.0,0.0936,20.99
2025-10-26 12:14:55,037,WAC_006_264_31,0,0.0,15,1.0,0.0936,20.97
2025-10-26 12:24:58,037,WAC_006_264_31,0,0.0,15,1.0,0.0936,20.94
2025-10-26 12:35:18,037,WAC_006_264_31,2,0.003,14,0.996,0.0936,20.97
2025-10-26 12:45:21,037,WAC_006_264_31,4,0.007,14,0.993,0.0936,20.92
2025-10-26 12:55:23,037,WAC_006_264_31,0,0.0,15,1.0,0.0936,20.89
2025-10-26 13:05:26,037,WAC_006_264_31,0,0.0,15,1.0,0.0936,20.88
2025-10-26 13:15:30,037,WAC_006_264_31,0,0.0,15,1.0,0.0936,20.86
2025-10-26 13:25:33,037,WAC_006_264_31,0,0.0,15,1.0,0.0936,20.86
2025-10-26 13:35:35,037,WAC_006_264_31,5,0.008,14,0.991,0.0972,20.85
2025-10-26 13:45:38,037,WAC_006_264_31,31,0.052,12,0.939,0.1008,20.88
2025-10-26 13:55:41,037,WAC_006_264_31,315,0.524,2,0.203,0.1224,20.93
2025-10-26 14:05:44,037,WAC_006_264_31,248,0.413,4,0.392,0.1008,20.98
2025-10-26 14:15:47,037,WAC_006_264_31,2,0.003,15,0.997,0.1368,20.98
2025-10-26 14:25:51,037,WAC_006_264_31,6,0.01,13,0.989,0.1296,20.98
2025-10-26 14:35:54,037,WAC_006_264_31,8,0.013,14,0.986,0.1368,20.97
2025-10-26 14:45:56,037,WAC_006_264_31,2,0.003,15,0.997,0.1368,20.97
2025-10-26 14:55:58,037,WAC_006_264_31,1,0.002,14,0.998,0.1368,20.96
2025-10-26 15:06:01,037,WAC_006_264_31,0,0.0,15,1.0,0.1368,20.96
2025-10-26 15:16:04,037,WAC_006_264_31,0,0.0,15,1.0,0.1476,20.96
2025-10-26 15:26:07,037,WAC_006_264_31,11,0.018,13,0.979,0.1368,20.95
2025-10-26 15:36:10,037,WAC_006_264_31,5,0.008,14,0.991,0.1368,20.95
2025-10-26 15:46:12,037,WAC_006_264_31,0,0.0,15,1.0,0.1152,20.95
2025-10-26 15:56:15,037,WAC_006_264_31,5,0.008,14,0.991,0.1548,20.94
2025-10-26 16:06:18,037,WAC_006_264_31,81,0.135,6,0.748,0.162,20.96
2025-10-26 16:16:21,037,WAC_006_264_31,43,0.072,8,0.882,0.1692,20.97
2025-10-26 16:26:23,037,WAC_006_264_31,22,0.037,11,0.952,0.1368,20.97
2025-10-26 16:36:41,037,WAC_006_264_31,1,0.002,14,0.998,0.1368,21.0
2025-10-26 16:46:44,037,WAC_006_264_31,13,0.022,12,0.974,0.1368,20.99
2025-10-26 16:56:48,037,WAC_006_264_31,56,0.093,10,0.877,0.1368,20.98
2025-10-26 17:06:51,037,WAC_006_264_31,252,0.419,0,0.0,0.1368,21.02
2025-10-26 17:16:54,037,WAC_006_264_31,303,0.504,1,0.117,0.036,21.1
2025-10-26 17:26:56,037,WAC_006_264_31,260,0.433,1,0.133,0.0432,21.15
2025-10-26 17:36:59,037,WAC_006_264_31,295,0.492,3,0.289,0.054,21.17
2025-10-26 17:47:02,037,WAC_006_264_31,22,0.037,12,0.956,0.0432,21.14
2025-10-26 17:57:04,037,WAC_006_264_31,0,0.0,15,1.0,0.0432,21.12
2025-10-26 18:07:07,037,WAC_006_264_31,133,0.222,5,0.601,0.0,21.12
2025-10-26 18:17:10,037,WAC_006_264_31,300,0.499,2,0.211,0.0,21.18
2025-10-26 18:27:12,037,WAC_006_264_31,244,0.406,1,0.141,0.0,21.21
2025-10-26 18:37:15,037,WAC_006_264_31,240,0.399,5,0.455,0.0,21.23
2025-10-26 18:47:18,037,WAC_006_264_31,58,0.097,12,0.892,0.0,21.21
2025-10-26 18:57:21,037,WAC_006_264_31,194,0.323,8,0.623,0.0,21.21
2025-10-26 19:07:24,037,WAC_006_264_31,282,0.469,2,0.221,0.0,21.26
2025-10-26 19:17:27,037,WAC_006_264_31,301,0.501,0,0.0,0.0,21.29
2025-10-26 19:27:30,037,WAC_006_264_31,176,0.293,6,0.577,0.0,21.28
2025-10-26 19:37:33,037,WAC_006_264_31,256,0.426,3,0.319,0.0,21.29
2025-10-26 19:47:35,037,WAC_006_264_31,205,0.341,5,0.494,0.0,21.31
2025-10-26 19:57:37,037,WAC_006_264_31,348,0.58,1,0.103,0.0,21.35
2025-10-26 20:07:40,037,WAC_006_264_31,209,0.348,4,0.434,0.0,21.34
2025-10-26 20:17:43,037,WAC_006_264_31,269,0.448,1,0.129,0.0,21.34
2025-10-26 20:27:45,037,WAC_006_264_31,211,0.351,2,0.275,0.0,21.35
2025-10-26 20:38:08,037,WAC_006_264_31,208,0.347,2,0.278,0.0,21.38
2025-10-26 20:48:11,037,WAC_006_264_31,297,0.494,4,0.35,0.0,21.36
2025-10-26 20:58:14,037,WAC_006_264_31,101,0.168,10,0.798,0.0,21.33
2025-10-26 21:08:16,037,WAC_006_264_31,41,0.068,11,0.915,0.0,21.29
2025-10-26 21:18:19,037,WAC_006_264_31,136,0.226,7,0.673,0.0,21.25
2025-10-26 21:28:22,037,WAC_006_264_31,160,0.267,7,0.636,0.0,21.23
2025-10-26 21:38:24,037,WAC_006_264_31,213,0.354,1,0.158,0.0,21.25
2025-10-26 21:48:27,037,WAC_006_264_31,263,0.438,5,0.432,0.0,21.26
2025-10-26 21:58:29,037,WAC_006_264_31,156,0.26,2,0.339,0.0,21.26
2025-10-26 22:08:32,037,WAC_006_264_31,232,0.386,2,0.256,0.0,21.26
2025-10-26 22:18:35,037,WAC_006_264_31,153,0.255,7,0.647,0.0,21.24
2025-10-26 22:28:38,037,WAC_006_264_31,93,0.155,9,0.795,0.0,21.24
2025-10-26 22:38:41,037,WAC_006_264_31,236,0.393,3,0.337,0.0,21.26
2025-10-26 22:48:43,037,WAC_006_264_31,154,0.256,4,0.51,0.0,21.22
2025-10-26 22:58:46,037,WAC_006_264_31,243,0.405,3,0.331,0.0,21.23
2025-10-26 23:08:49,037,WAC_006_264_31,458,0.762,0,0.0,0.0,21.27
2025-10-26 23:18:52,037,WAC_006_264_31,94,0.156,6,0.719,0.0,21.23
2025-10-26 23:28:55,037,WAC_006_264_31,133,0.222,5,0.601,0.0,21.25
2025-10-26 23:38:58,037,WAC_006_264_31,72,0.12,9,0.833,0.0,21.2
2025-10-26 23:49:01,037,WAC_006_264_31,144,0.24,10,0.735,0.0,21.21
2025-10-26 23:59:03,037,WAC_006_264_31,24,0.04,12,0.952,0.0,21.21
2025-10-25 00:06:40,020,WAC_006_264_32,91,0.152,10,0.815,0.0,21.98
2025-10-25 00:16:42,020,WAC_006_264_32,406,0.676,2,0.165,0.0,21.98
2025-10-25 00:26:45,020,WAC_006_264_32,223,0.371,4,0.418,0.0,22.02
2025-10-25 00:36:48,020,WAC_006_264_32,13,0.022,13,0.976,0.0,22.0
2025-10-25 00:46:50,020,WAC_006_264_32,32,0.053,10,0.926,0.0,21.96
2025-10-25 00:56:53,020,WAC_006_264_32,3,0.005,13,0.994,0.0,21.92
2025-10-25 01:06:56,020,WAC_006_264_32,142,0.236,4,0.53,0.0,21.92
2025-10-25 01:17:00,020,WAC_006_264_32,288,0.479,1,0.122,0.0,21.94
2025-10-25 01:27:03,020,WAC_006_264_32,182,0.302,6,0.569,0.0,21.89
2025-10-25 01:37:06,020,WAC_006_264_32,177,0.295,10,0.693,0.0,21.83
2025-10-25 01:47:09,020,WAC_006_264_32,272,0.453,2,0.227,0.0,21.89
2025-10-25 01:57:12,020,WAC_006_264_32,239,0.398,3,0.334,0.0,22.0
2025-10-25 02:07:15,020,WAC_006_264_32,0,0.0,15,1.0,0.0,22.01
2025-10-25 02:17:18,020,WAC_006_264_32,25,0.042,12,0.95,0.0,22.0
2025-10-25 02:27:21,020,WAC_006_264_32,12,0.02,11,0.973,0.0,21.99
2025-10-25 02:37:24,020,WAC_006_264_32,20,0.033,13,0.963,0.0,21.97
2025-10-25 02:47:27,020,WAC_006_264_32,21,0.035,12,0.958,0.0,21.96
2025-10-25 02:57:31,020,WAC_006_264_32,62,0.103,6,0.795,0.0,21.99
2025-10-25 03:07:34,020,WAC_006_264_32,153,0.255,7,0.647,0.0,21.91
2025-10-25 03:17:37,020,WAC_006_264_32,172,0.286,6,0.583,0.0,21.96
2025-10-25 03:27:40,020,WAC_006_264_32,42,0.07,12,0.92,0.0,21.96
2025-10-25 03:37:43,020,WAC_006_264_32,33,0.055,12,0.936,0.0,21.93
2025-10-25 03:47:46,020,WAC_006_264_32,126,0.21,8,0.717,0.0,21.92
2025-10-25 03:57:49,020,WAC_006_264_32,119,0.198,11,0.787,0.0,21.83
2025-10-25 04:08:02,020,WAC_006_264_32,237,0.395,4,0.403,0.0,21.91
2025-10-25 04:18:05,020,WAC_006_264_32,106,0.176,5,0.654,0.0,21.93
2025-10-25 04:28:08,020,WAC_006_264_32,4,0.007,14,0.993,0.0,21.93
2025-10-25 04:38:11,020,WAC_006_264_32,72,0.12,8,0.816,0.0,21.92
2025-10-25 04:48:15,020,WAC_006_264_32,114,0.19,5,0.637,0.0,21.88
2025-10-25 04:58:18,020,WAC_006_264_32,133,0.221,9,0.73,0.0,21.91
2025-10-25 05:08:21,020,WAC_006_264_32,11,0.018,13,0.979,0.0,21.88
2025-10-25 05:18:24,020,WAC_006_264_32,20,0.033,13,0.963,0.0,21.81
2025-10-25 05:28:27,020,WAC_006_264_32,183,0.304,3,0.396,0.0,21.81
2025-10-25 05:38:30,020,WAC_006_264_32,339,0.564,1,0.106,0.0,21.84
2025-10-25 05:48:33,020,WAC_006_264_32,32,0.053,10,0.926,0.0,21.91
2025-10-25 05:58:36,020,WAC_006_264_32,14,0.023,13,0.974,0.0,21.91
2025-10-25 06:08:39,020,WAC_006_264_32,20,0.033,14,0.966,0.2628,21.93
2025-10-25 06:18:42,020,WAC_006_264_32,63,0.105,10,0.864,0.288,21.95
2025-10-25 06:28:44,020,WAC_006_264_32,2,0.003,14,0.996,0.2736,21.96
2025-10-25 06:38:47,020,WAC_006_264_32,0,0.0,15,1.0,0.2736,21.95
2025-10-25 06:48:50,020,WAC_006_264_32,2,0.003,14,0.996,0.2808,21.95
2025-10-25 06:58:53,020,WAC_006_264_32,4,0.007,14,0.993,0.2808,21.93
2025-10-25 07:08:57,020,WAC_006_264_32,2,0.003,14,0.996,0.2736,21.9
2025-10-25 07:19:00,020,WAC_006_264_32,21,0.035,12,0.958,0.3168,21.91
2025-10-25 07:29:03,020,WAC_006_264_32,169,0.281,5,0.542,0.3312,21.92
2025-10-25 07:39:07,020,WAC_006_264_32,167,0.277,8,0.657,0.2412,21.96
2025-10-25 07:49:10,020,WAC_006_264_32,18,0.03,11,0.961,0.2232,22.0
2025-10-25 07:59:13,020,WAC_006_264_32,0,0.0,15,1.0,0.216,21.98
2025-10-25 08:09:25,020,WAC_006_264_32,1,0.002,14,0.998,0.2088,21.98
2025-10-25 08:19:28,020,WAC_006_264_32,19,0.032,11,0.959,0.2664,21.97
2025-10-25 08:29:31,020,WAC_006_264_32,8,0.013,14,0.986,0.2628,21.97
2025-10-25 08:39:34,020,WAC_006_264_32,95,0.158,9,0.791,0.198,21.98
2025-10-25 08:49:37,020,WAC_006_264_32,288,0.478,4,0.357,0.0936,21.97
2025-10-25 08:59:40,020,WAC_006_264_32,82,0.136,8,0.796,0.1152,21.96
2025-10-25 09:09:43,020,WAC_006_264_32,4,0.007,14,0.993,0.126,21.92
2025-10-25 09:19:46,020,WAC_006_264_32,0,0.0,15,1.0,0.1152,21.9
2025-10-25 09:29:49,020,WAC_006_264_32,4,0.007,14,0.993,0.1116,21.89
2025-10-25 09:39:52,020,WAC_006_264_32,2,0.003,15,0.997,0.108,21.88
2025-10-25 09:49:56,020,WAC_006_264_32,9,0.015,13,0.983,0.1188,21.85
2025-10-25 09:59:59,020,WAC_006_264_32,4,0.007,13,0.992,0.108,21.87
2025-10-25 10:10:02,020,WAC_006_264_32,42,0.07,13,0.925,0.1296,21.85
2025-10-25 10:20:05,020,WAC_006_264_32,12,0.02,12,0.976,0.1296,21.87
2025-10-25 10:30:08,020,WAC_006_264_32,175,0.291,6,0.578,0.1764,21.87
2025-10-25 10:40:11,020,WAC_006_264_32,215,0.357,3,0.358,0.2988,21.92
2025-10-25 10:50:15,020,WAC_006_264_32,190,0.316,3,0.387,0.1548,21.9
2025-10-25 11:00:18,020,WAC_006_264_32,41,0.068,10,0.907,0.1512,21.89
2025-10-25 11:10:21,020,WAC_006_264_32,15,0.025,13,0.972,0.1296,21.87
2025-10-25 11:20:24,020,WAC_006_264_32,9,0.015,14,0.984,0.1296,21.88
2025-10-25 11:30:27,020,WAC_006_264_32,26,0.043,12,0.949,0.1332,21.88
2025-10-25 11:40:30,020,WAC_006_264_32,2,0.003,14,0.996,0.1296,21.89
2025-10-25 11:50:33,020,WAC_006_264_32,14,0.023,14,0.976,0.1296,21.86
2025-10-25 12:00:37,020,WAC_006_264_32,0,0.0,15,1.0,0.1296,21.85
2025-10-25 12:10:56,020,WAC_006_264_32,32,0.053,12,0.938,0.1332,21.87
2025-10-25 12:20:59,020,WAC_006_264_32,61,0.101,9,0.855,0.1152,21.86
2025-10-25 12:31:02,020,WAC_006_264_32,78,0.13,8,0.804,0.1152,21.85
2025-10-25 12:41:05,020,WAC_006_264_32,408,0.679,0,0.0,0.144,21.88
2025-10-25 12:51:08,020,WAC_006_264_32,288,0.479,3,0.294,0.1656,21.91
2025-10-25 13:01:11,020,WAC_006_264_32,39,0.065,10,0.911,0.1656,21.88
2025-10-25 13:11:14,020,WAC_006_264_32,20,0.033,13,0.963,0.1944,21.85
2025-10-25 13:21:18,020,WAC_006_264_32,2,0.003,14,0.996,0.1944,21.83
2025-10-25 13:31:20,020,WAC_006_264_32,2,0.003,14,0.996,0.1656,21.81
2025-10-25 13:41:23,020,WAC_006_264_32,8,0.013,13,0.985,0.1656,21.78
2025-10-25 13:51:26,020,WAC_006_264_32,9,0.015,13,0.983,0.1764,21.74
2025-10-25 14:01:29,020,WAC_006_264_32,8,0.013,13,0.985,0.2016,21.71
2025-10-25 14:11:32,020,WAC_006_264_32,19,0.032,12,0.962,0.1944,21.7
2025-10-25 14:21:36,020,WAC_006_264_32,11,0.018,14,0.981,0.1764,21.67
2025-10-25 14:31:39,020,WAC_006_264_32,127,0.211,5,0.612,0.198,21.67
2025-10-25 14:41:42,020,WAC_006_264_32,193,0.321,5,0.509,0.1224,21.72
2025-10-25 14:51:45,020,WAC_006_264_32,105,0.175,9,0.774,0.1224,21.71
2025-10-25 15:01:48,020,WAC_006_264_32,4,0.007,14,0.993,0.1224,21.68
2025-10-25 15:11:51,020,WAC_006_264_32,3,0.005,14,0.995,0.1008,21.65
2025-10-25 15:21:54,020,WAC_006_264_32,16,0.027,11,0.965,0.126,21.62
2025-10-25 15:31:57,020,WAC_006_264_32,0,0.0,15,1.0,0.126,21.62
2025-10-25 15:42:00,020,WAC_006_264_32,2,0.003,14,0.996,0.1008,21.63
2025-10-25 15:52:03,020,WAC_006_264_32,1,0.002,14,0.998,0.1044,21.61
2025-10-25 16:02:06,020,WAC_006_264_32,6,0.01,14,0.989,0.1008,21.59
2025-10-25 16:12:25,020,WAC_006_264_32,95,0.159,3,0.558,0.0936,21.63
2025-10-25 16:22:28,020,WAC_006_264_32,55,0.091,11,0.889,0.0936,21.58
2025-10-25 16:32:31,020,WAC_006_264_32,220,0.366,3,0.353,0.1044,21.59
2025-10-25 16:42:35,020,WAC_006_264_32,123,0.205,6,0.661,0.1008,21.64
2025-10-25 16:52:37,020,WAC_006_264_32,0,0.0,15,1.0,0.1008,21.64
2025-10-25 17:02:41,020,WAC_006_264_32,15,0.025,13,0.972,0.1008,21.65
2025-10-25 17:12:44,020,WAC_006_264_32,26,0.043,10,0.939,0.1008,21.65
2025-10-25 17:22:47,020,WAC_006_264_32,29,0.048,11,0.938,0.1008,21.65
2025-10-25 17:32:50,020,WAC_006_264_32,166,0.276,5,0.546,0.1044,21.67
2025-10-25 17:42:53,020,WAC_006_264_32,222,0.369,2,0.265,0.0936,21.69
2025-10-25 17:52:56,020,WAC_006_264_32,205,0.341,6,0.539,0.0936,21.68
2025-10-25 18:02:59,020,WAC_006_264_32,22,0.037,12,0.956,0.0,21.7
2025-10-25 18:13:03,020,WAC_006_264_32,158,0.263,7,0.639,0.0,21.69
2025-10-25 18:23:06,020,WAC_006_264_32,228,0.379,3,0.345,0.0,21.74
2025-10-25 18:33:08,020,WAC_006_264_32,301,0.501,3,0.285,0.0,21.79
2025-10-25 18:43:11,020,WAC_006_264_32,262,0.436,3,0.314,0.0,21.79
2025-10-25 18:53:15,020,WAC_006_264_32,137,0.228,5,0.593,0.0,21.76
2025-10-25 19:03:18,020,WAC_006_264_32,2,0.003,14,0.996,0.0,21.69
2025-10-25 19:13:21,020,WAC_006_264_32,140,0.233,6,0.632,0.0,21.7
2025-10-25 19:23:24,020,WAC_006_264_32,289,0.481,3,0.293,0.0,21.72
2025-10-25 19:33:28,020,WAC_006_264_32,103,0.171,8,0.757,0.0,21.74
2025-10-25 19:43:30,020,WAC_006_264_32,39,0.065,11,0.919,0.0,21.75
2025-10-25 19:53:34,020,WAC_006_264_32,106,0.176,11,0.806,0.0,21.73
2025-10-25 20:03:38,020,WAC_006_264_32,374,0.622,1,0.097,0.0,21.85
2025-10-25 20:14:00,020,WAC_006_264_32,9,0.015,12,0.982,0.0,21.97
2025-10-25 20:24:03,020,WAC_006_264_32,79,0.131,8,0.802,0.0,22.02
2025-10-25 20:34:06,020,WAC_006_264_32,34,0.057,11,0.928,0.0,22.08
2025-10-25 20:44:09,020,WAC_006_264_32,149,0.248,3,0.446,0.0,22.17
2025-10-25 20:54:12,020,WAC_006_264_32,87,0.145,11,0.835,0.0,22.05
2025-10-25 21:04:15,020,WAC_006_264_32,192,0.319,4,0.455,0.0,22.02
2025-10-25 21:14:18,020,WAC_006_264_32,202,0.336,4,0.442,0.0,22.07
2025-10-25 21:24:22,020,WAC_006_264_32,203,0.338,5,0.496,0.0,22.06
2025-10-25 21:34:25,020,WAC_006_264_32,206,0.342,2,0.28,0.0,22.01
2025-10-25 21:44:28,020,WAC_006_264_32,84,0.14,11,0.84,0.0,21.92
2025-10-25 21:54:31,020,WAC_006_264_32,178,0.296,4,0.473,0.0,21.89
2025-10-25 22:04:34,020,WAC_006_264_32,302,0.502,4,0.346,0.0,21.88
2025-10-25 22:14:37,020,WAC_006_264_32,245,0.408,4,0.395,0.0,21.93
2025-10-25 22:24:41,020,WAC_006_264_32,255,0.424,4,0.386,0.0,22.03
2025-10-25 22:34:43,020,WAC_006_264_32,26,0.043,12,0.949,0.0,22.06
2025-10-25 22:44:45,020,WAC_006_264_32,0,0.0,15,1.0,0.0,22.08
2025-10-25 22:54:48,020,WAC_006_264_32,3,0.005,14,0.995,0.0,22.08
2025-10-25 23:04:51,020,WAC_006_264_32,28,0.047,11,0.94,0.0,22.06
2025-10-25 23:14:54,020,WAC_006_264_32,111,0.185,6,0.684,0.0,22.03
2025-10-25 23:24:57,020,WAC_006_264_32,211,0.351,5,0.487,0.0,22.11
2025-10-25 23:35:00,020,WAC_006_264_32,3,0.005,14,0.995,0.0,22.06
2025-10-25 23:45:03,020,WAC_006_264_32,75,0.125,10,0.842,0.0,22.06
2025-10-25 23:55:06,020,WAC_006_264_32,152,0.253,6,0.612,0.0,22.0
2025-10-26 00:05:09,020,WAC_006_264_32,108,0.18,10,0.787,0.0,21.93
2025-10-26 00:15:29,020,WAC_006_264_32,115,0.192,6,0.676,0.0,21.91
2025-10-26 00:25:31,020,WAC_006_264_32,292,0.486,4,0.354,0.0,21.95
2025-10-26 00:35:36,020,WAC_006_264_32,99,0.164,5,0.669,0.0,22.01
2025-10-26 00:45:39,020,WAC_006_264_32,18,0.03,11,0.961,0.0,21.94
2025-10-26 00:55:42,020,WAC_006_264_32,13,0.022,12,0.974,0.0,21.91
2025-10-26 01:05:45,020,WAC_006_264_32,3,0.005,14,0.995,0.0,21.89
2025-10-26 01:15:48,020,WAC_006_264_32,14,0.023,13,0.974,0.0,21.88
2025-10-26 01:25:51,020,WAC_006_264_32,127,0.212,6,0.654,0.0,21.94
2025-10-26 01:35:53,020,WAC_006_264_32,142,0.236,8,0.693,0.0,21.92
2025-10-26 01:45:57,020,WAC_006_264_32,229,0.381,3,0.344,0.0,21.93
2025-10-26 01:56:00,020,WAC_006_264_32,308,0.512,2,0.206,0.0,21.99
2025-10-26 02:06:03,020,WAC_006_264_32,199,0.331,3,0.376,0.0,22.08
2025-10-26 02:16:06,020,WAC_006_264_32,0,0.0,15,1.0,0.0,22.11
2025-10-26 02:26:09,020,WAC_006_264_32,10,0.017,13,0.981,0.0,22.09
2025-10-26 02:36:12,020,WAC_006_264_32,7,0.012,13,0.987,0.0,22.06
2025-10-26 02:46:15,020,WAC_006_264_32,39,0.065,12,0.925,0.0,22.02
2025-10-26 02:56:18,020,WAC_006_264_32,78,0.13,7,0.782,0.0,22.05
2025-10-26 03:06:21,020,WAC_006_264_32,209,0.348,5,0.489,0.0,21.99
2025-10-26 03:16:24,020,WAC_006_264_32,157,0.261,6,0.605,0.0,21.88
2025-10-26 03:26:28,020,WAC_006_264_32,237,0.394,4,0.403,0.0,21.83
2025-10-26 03:36:31,020,WAC_006_264_32,61,0.101,10,0.868,0.0,21.89
2025-10-26 03:46:34,020,WAC_006_264_32,19,0.032,12,0.962,0.0,21.85
2025-10-26 03:56:37,020,WAC_006_264_32,26,0.043,11,0.944,0.0,21.76
2025-10-26 04:06:41,020,WAC_006_264_32,157,0.26,8,0.671,0.0,21.79
2025-10-26 04:16:58,020,WAC_006_264_32,7,0.012,13,0.987,0.0,21.89
2025-10-26 04:27:02,020,WAC_006_264_32,6,0.01,14,0.989,0.0,21.89
2025-10-26 04:37:05,020,WAC_006_264_32,28,0.047,12,0.945,0.0,21.89
2025-10-26 04:47:08,020,WAC_006_264_32,217,0.36,6,0.525,0.0,21.87
2025-10-26 04:57:12,020,WAC_006_264_32,140,0.233,7,0.667,0.0,21.79
2025-10-26 05:07:15,020,WAC_006_264_32,213,0.354,2,0.273,0.0,21.9
2025-10-26 05:17:18,020,WAC_006_264_32,39,0.065,11,0.919,0.0,21.89
2025-10-26 05:27:21,020,WAC_006_264_32,4,0.007,13,0.992,0.0,21.9
2025-10-26 05:37:24,020,WAC_006_264_32,286,0.476,3,0.296,0.0,21.91
2025-10-26 05:47:27,020,WAC_006_264_32,16,0.027,11,0.965,0.0,21.89
2025-10-26 05:57:30,020,WAC_006_264_32,10,0.017,11,0.978,0.0,21.87
2025-10-26 06:07:34,020,WAC_006_264_32,13,0.022,12,0.974,0.1332,21.88
2025-10-26 06:17:36,020,WAC_006_264_32,11,0.018,12,0.978,0.1332,21.89
2025-10-26 06:27:40,020,WAC_006_264_32,12,0.02,14,0.979,0.1224,21.88
2025-10-26 06:37:43,020,WAC_006_264_32,105,0.175,9,0.774,0.108,21.8
2025-10-26 06:47:46,020,WAC_006_264_32,166,0.276,7,0.628,0.1368,21.85
2025-10-26 06:57:49,020,WAC_006_264_32,111,0.185,4,0.59,0.144,21.96
2025-10-26 07:07:52,020,WAC_006_264_32,13,0.022,12,0.974,0.144,21.99
2025-10-26 07:17:55,020,WAC_006_264_32,0,0.0,15,1.0,0.1548,21.97
2025-10-26 07:27:58,020,WAC_006_264_32,0,0.0,15,1.0,0.1548,21.94
2025-10-26 07:38:02,020,WAC_006_264_32,0,0.0,15,1.0,0.1512,21.9
2025-10-26 07:48:05,020,WAC_006_264_32,0,0.0,15,1.0,0.1512,21.88
2025-10-26 07:58:08,020,WAC_006_264_32,0,0.0,15,1.0,0.1512,21.85
2025-10-26 08:08:11,020,WAC_006_264_32,9,0.015,13,0.983,0.1512,21.84
2025-10-26 08:18:30,020,WAC_006_264_32,0,0.0,15,1.0,0.1512,21.88
2025-10-26 08:28:34,020,WAC_006_264_32,0,0.0,15,1.0,0.1548,21.88
2025-10-26 08:38:37,020,WAC_006_264_32,93,0.154,6,0.721,0.1368,21.92
2025-10-26 08:48:40,020,WAC_006_264_32,176,0.293,5,0.532,0.1152,22.0
2025-10-26 08:58:43,020,WAC_006_264_32,5,0.008,14,0.991,0.1224,21.96
2025-10-26 09:08:46,020,WAC_006_264_32,0,0.0,15,1.0,0.1224,21.94
2025-10-26 09:18:49,020,WAC_006_264_32,3,0.005,14,0.995,0.1332,21.91
2025-10-26 09:28:52,020,WAC_006_264_32,2,0.003,14,0.996,0.1332,21.89
2025-10-26 09:38:55,020,WAC_006_264_32,13,0.022,13,0.976,0.1224,21.88
2025-10-26 09:48:58,020,WAC_006_264_32,0,0.0,15,1.0,0.1332,21.86
2025-10-26 09:59:01,020,WAC_006_264_32,51,0.085,12,0.904,0.1224,21.8
2025-10-26 10:09:04,020,WAC_006_264_32,164,0.273,6,0.594,0.1224,21.86
2025-10-26 10:19:07,020,WAC_006_264_32,2,0.003,14,0.996,0.1332,21.91
2025-10-26 10:29:11,020,WAC_006_264_32,2,0.003,14,0.996,0.1332,21.9
2025-10-26 10:39:14,020,WAC_006_264_32,0,0.0,15,1.0,0.1332,21.89
2025-10-26 10:49:17,020,WAC_006_264_32,0,0.0,15,1.0,0.1224,21.88
2025-10-26 10:59:19,020,WAC_006_264_32,0,0.0,15,1.0,0.0936,21.89
2025-10-26 11:09:23,020,WAC_006_264_32,35,0.058,11,0.926,0.0936,21.91
2025-10-26 11:19:26,020,WAC_006_264_32,0,0.0,15,1.0,0.1044,21.89
2025-10-26 11:29:29,020,WAC_006_264_32,0,0.0,15,1.0,0.1044,21.88
2025-10-26 11:39:32,020,WAC_006_264_32,0,0.0,15,1.0,0.1008,21.87
2025-10-26 11:49:35,020,WAC_006_264_32,4,0.007,14,0.993,0.1044,21.86
2025-10-26 11:59:38,020,WAC_006_264_32,6,0.01,14,0.989,0.0936,21.87
2025-10-26 12:09:41,020,WAC_006_264_32,9,0.015,13,0.983,0.0936,21.85
2025-10-26 12:20:01,020,WAC_006_264_32,130,0.217,5,0.606,0.0792,21.89
2025-10-26 12:30:04,020,WAC_006_264_32,8,0.013,11,0.982,0.0864,21.93
2025-10-26 12:40:07,020,WAC_006_264_32,5,0.008,14,0.991,0.0864,21.88
2025-10-26 12:50:10,020,WAC_006_264_32,0,0.0,15,1.0,0.09,21.83
2025-10-26 13:00:13,020,WAC_006_264_32,6,0.01,14,0.989,0.09,21.78
2025-10-26 13:10:16,020,WAC_006_264_32,0,0.0,15,1.0,0.09,21.77
2025-10-26 13:20:19,020,WAC_006_264_32,21,0.035,11,0.954,0.09,21.78
2025-10-26 13:30:22,020,WAC_006_264_32,0,0.0,15,1.0,0.0864,21.74
2025-10-26 13:40:25,020,WAC_006_264_32,0,0.0,15,1.0,0.0864,21.73
2025-10-26 13:50:29,020,WAC_006_264_32,4,0.007,14,0.993,0.0864,21.72
2025-10-26 14:00:32,020,WAC_006_264_32,31,0.051,10,0.928,0.09,21.76
2025-10-26 14:10:36,020,WAC_006_264_32,17,0.028,12,0.966,0.0792,21.84
2025-10-26 14:20:38,020,WAC_006_264_32,11,0.018,12,0.978,0.108,21.84
2025-10-26 14:30:42,020,WAC_006_264_32,4,0.007,14,0.993,0.108,21.79
2025-10-26 14:40:45,020,WAC_006_264_32,0,0.0,15,1.0,0.108,21.77
2025-10-26 14:50:48,020,WAC_006_264_32,0,0.0,15,1.0,0.108,21.76
2025-10-26 15:00:51,020,WAC_006_264_32,4,0.007,14,0.993,0.108,21.75
2025-10-26 15:10:55,020,WAC_006_264_32,3,0.005,13,0.994,0.108,21.74
2025-10-26 15:20:58,020,WAC_006_264_32,4,0.007,13,0.992,0.108,21.75
2025-10-26 15:31:01,020,WAC_006_264_32,12,0.02,12,0.976,0.1116,21.78
2025-10-26 15:41:05,020,WAC_006_264_32,31,0.052,12,0.939,0.126,21.8
2025-10-26 15:51:07,020,WAC_006_264_32,130,0.216,5,0.606,0.1152,21.67
2025-10-26 16:01:10,020,WAC_006_264_32,120,0.2,7,0.7,0.1152,21.75
2025-10-26 16:11:14,020,WAC_006_264_32,8,0.013,13,0.985,0.126,21.75
2025-10-26 16:21:28,020,WAC_006_264_32,0,0.0,15,1.0,0.126,21.78
2025-10-26 16:31:32,020,WAC_006_264_32,0,0.0,15,1.0,0.0936,21.76
2025-10-26 16:41:34,020,WAC_006_264_32,0,0.0,15,1.0,0.0936,21.74
2025-10-26 16:51:38,020,WAC_006_264_32,0,0.0,15,1.0,0.0936,21.74
2025-10-26 17:01:41,020,WAC_006_264_32,12,0.02,12,0.976,0.0972,21.74
2025-10-26 17:11:44,020,WAC_006_264_32,21,0.035,13,0.961,0.1008,21.77
2025-10-26 17:21:47,020,WAC_006_264_32,97,0.161,6,0.712,0.0936,21.79
2025-10-26 17:31:51,020,WAC_006_264_32,13,0.022,14,0.977,0.1008,21.74
2025-10-26 17:41:54,020,WAC_006_264_32,112,0.186,7,0.714,0.1044,21.77
2025-10-26 17:51:58,020,WAC_006_264_32,12,0.02,12,0.976,0.1008,21.8
2025-10-26 18:02:01,020,WAC_006_264_32,101,0.168,9,0.781,0.0,21.77
2025-10-26 18:12:05,020,WAC_006_264_32,31,0.052,12,0.939,0.0,21.81
2025-10-26 18:22:07,020,WAC_006_264_32,107,0.178,10,0.789,0.0,21.78
2025-10-26 18:32:10,020,WAC_006_264_32,235,0.39,3,0.338,0.0,21.78
2025-10-26 18:42:13,020,WAC_006_264_32,127,0.211,9,0.739,0.0,21.78
2025-10-26 18:52:16,020,WAC_006_264_32,298,0.495,0,0.0,0.0,21.83
2025-10-26 19:02:20,020,WAC_006_264_32,209,0.347,3,0.365,0.0,21.91
2025-10-26 19:12:23,020,WAC_006_264_32,35,0.058,9,0.911,0.0,21.95
2025-10-26 19:22:27,020,WAC_006_264_32,34,0.057,10,0.922,0.0,21.97
2025-10-26 19:32:30,020,WAC_006_264_32,41,0.068,13,0.927,0.0,21.89
2025-10-26 19:42:34,020,WAC_006_264_32,178,0.296,7,0.611,0.0,21.96
2025-10-26 19:52:37,020,WAC_006_264_32,40,0.066,11,0.917,0.0,22.01
2025-10-26 20:02:40,020,WAC_006_264_32,15,0.025,13,0.972,0.0,22.06
2025-10-26 20:12:43,020,WAC_006_264_32,22,0.037,11,0.952,0.0,22.03
2025-10-26 20:23:02,020,WAC_006_264_32,80,0.134,10,0.833,0.0,22.01
2025-10-26 20:33:05,020,WAC_006_264_32,156,0.26,6,0.606,0.0,22.0
2025-10-26 20:43:08,020,WAC_006_264_32,173,0.287,7,0.618,0.0,22.03
2025-10-26 20:53:12,020,WAC_006_264_32,131,0.218,9,0.733,0.0,21.98
2025-10-26 21:03:15,020,WAC_006_264_32,249,0.414,2,0.243,0.0,22.2
2025-10-26 21:13:18,020,WAC_006_264_32,178,0.296,2,0.31,0.0,22.2
2025-10-26 21:23:22,020,WAC_006_264_32,49,0.082,13,0.914,0.0,22.08
2025-10-26 21:33:26,020,WAC_006_264_32,338,0.561,1,0.106,0.0,22.12
2025-10-26 21:43:29,020,WAC_006_264_32,274,0.456,1,0.127,0.0,22.21
2025-10-26 21:53:32,020,WAC_006_264_32,123,0.204,7,0.695,0.0,22.11
2025-10-26 22:03:35,020,WAC_006_264_32,222,0.369,6,0.519,0.0,22.11
2025-10-26 22:13:38,020,WAC_006_264_32,151,0.251,6,0.614,0.0,22.02
2025-10-26 22:23:42,020,WAC_006_264_32,59,0.098,10,0.871,0.0,22.09
2025-10-26 22:33:45,020,WAC_006_264_32,4,0.007,14,0.993,0.0,22.11
2025-10-26 22:43:48,020,WAC_006_264_32,0,0.0,15,1.0,0.0,22.13
2025-10-26 22:53:51,020,WAC_006_264_32,22,0.037,11,0.952,0.0,22.21
2025-10-26 23:03:54,020,WAC_006_264_32,5,0.008,13,0.99,0.0,22.22
2025-10-26 23:13:57,020,WAC_006_264_32,7,0.012,14,0.988,0.0,22.07
2025-10-26 23:24:00,020,WAC_006_264_32,20,0.033,12,0.96,0.0,22.03
2025-10-26 23:34:03,020,WAC_006_264_32,18,0.03,13,0.967,0.0,22.04
2025-10-26 23:44:06,020,WAC_006_264_32,0,0.0,15,1.0,0.0,22.01
2025-10-26 23:54:09,020,WAC_006_264_32,6,0.01,13,0.989,0.0,22.01
2025-10-25 00:02:21,038,WAC_006_264_33,42,0.07,10,0.905,0.0,21.39
2025-10-25 00:12:24,038,WAC_006_264_33,71,0.118,9,0.835,0.0,21.39
2025-10-25 00:22:58,038,WAC_006_264_33,0,0.0,15,1.0,0.0,21.42
2025-10-25 00:33:02,038,WAC_006_264_33,0,0.0,15,1.0,0.0,21.34
2025-10-25 00:43:04,038,WAC_006_264_33,0,0.0,15,1.0,0.0,21.27
2025-10-25 00:53:07,038,WAC_006_264_33,0,0.0,15,1.0,0.0,21.22
2025-10-25 01:03:09,038,WAC_006_264_33,0,0.0,15,1.0,0.0,21.18
2025-10-25 01:13:12,038,WAC_006_264_33,0,0.0,15,1.0,0.0,21.14
2025-10-25 01:23:15,038,WAC_006_264_33,0,0.0,15,1.0,0.0,21.11
2025-10-25 01:33:18,038,WAC_006_264_33,0,0.0,15,1.0,0.0,21.1
2025-10-25 01:43:20,038,WAC_006_264_33,0,0.0,15,1.0,0.0,21.09
2025-10-25 01:53:23,038,WAC_006_264_33,0,0.0,15,1.0,0.0,21.09
2025-10-25 02:03:26,038,WAC_006_264_33,0,0.0,15,1.0,0.0,21.09
2025-10-25 02:13:29,038,WAC_006_264_33,0,0.0,15,1.0,0.0,21.09
2025-10-25 02:23:32,038,WAC_006_264_33,2,0.003,15,0.997,0.0,21.09
2025-10-25 02:33:35,038,WAC_006_264_33,113,0.188,7,0.712,0.0,21.16
2025-10-25 02:43:37,038,WAC_006_264_33,120,0.2,5,0.625,0.0,21.24
2025-10-25 02:53:40,038,WAC_006_264_33,118,0.196,3,0.504,0.0,21.34
2025-10-25 03:03:43,038,WAC_006_264_33,169,0.282,2,0.321,0.0,21.36
2025-10-25 03:13:46,038,WAC_006_264_33,68,0.113,7,0.805,0.0,21.37
2025-10-25 03:23:49,038,WAC_006_264_33,162,0.27,2,0.331,0.0,21.41
2025-10-25 03:33:51,038,WAC_006_264_33,66,0.11,8,0.829,0.0,21.41
2025-10-25 03:43:54,038,WAC_006_264_33,145,0.241,1,0.216,0.0,21.43
2025-10-25 03:53:57,038,WAC_006_264_33,177,0.295,2,0.311,0.0,21.43
2025-10-25 04:04:00,038,WAC_006_264_33,81,0.135,6,0.748,0.0,21.4
2025-10-25 04:14:02,038,WAC_006_264_33,74,0.123,9,0.829,0.0,21.4
2025-10-25 04:24:26,038,WAC_006_264_33,124,0.207,4,0.563,0.0,21.51
2025-10-25 04:34:29,038,WAC_006_264_33,46,0.077,10,0.897,0.0,21.43
2025-10-25 04:44:31,038,WAC_006_264_33,59,0.098,9,0.859,0.0,21.41
2025-10-25 04:54:34,038,WAC_006_264_33,114,0.19,7,0.711,0.0,21.41
2025-10-25 05:04:37,038,WAC_006_264_33,107,0.178,8,0.749,0.0,21.39
2025-10-25 05:14:40,038,WAC_006_264_33,148,0.246,5,0.575,0.0,21.38
2025-10-25 05:24:42,038,WAC_006_264_33,22,0.037,13,0.959,0.0,21.35
2025-10-25 05:34:45,038,WAC_006_264_33,47,0.078,9,0.885,0.0,21.31
2025-10-25 05:44:48,038,WAC_006_264_33,22,0.037,12,0.956,0.0,21.29
2025-10-25 05:54:52,038,WAC_006_264_33,61,0.101,9,0.855,0.0,21.27
2025-10-25 06:04:54,038,WAC_006_264_33,0,0.0,15,1.0,0.2232,21.23
2025-10-25 06:14:56,038,WAC_006_264_33,0,0.0,15,1.0,0.216,21.18
2025-10-25 06:24:59,038,WAC_006_264_33,0,0.0,15,1.0,0.216,21.15
2025-10-25 06:35:02,038,WAC_006_264_33,0,0.0,15,1.0,0.234,21.14
2025-10-25 06:45:04,038,WAC_006_264_33,0,0.0,15,1.0,0.2304,21.12
2025-10-25 06:55:07,038,WAC_006_264_33,0,0.0,15,1.0,0.2304,21.09
2025-10-25 07:05:10,038,WAC_006_264_33,21,0.035,13,0.961,0.1836,21.09
2025-10-25 07:15:13,038,WAC_006_264_33,90,0.15,4,0.64,0.162,21.14
2025-10-25 07:25:15,038,WAC_006_264_33,99,0.165,5,0.669,0.1404,21.2
2025-10-25 07:35:18,038,WAC_006_264_33,76,0.126,9,0.826,0.1224,21.24
2025-10-25 07:45:21,038,WAC_006_264_33,0,0.0,15,1.0,0.1296,21.21
2025-10-25 07:55:24,038,WAC_006_264_33,0,0.0,15,1.0,0.1296,21.18
2025-10-25 08:05:28,038,WAC_006_264_33,0,0.0,15,1.0,0.1296,21.16
2025-10-25 08:15:30,038,WAC_006_264_33,0,0.0,15,1.0,0.1296,21.15
2025-10-25 08:25:45,038,WAC_006_264_33,0,0.0,15,1.0,0.1404,21.16
2025-10-25 08:35:48,038,WAC_006_264_33,0,0.0,15,1.0,0.1368,21.15
2025-10-25 08:45:51,038,WAC_006_264_33,15,0.025,13,0.972,0.1332,21.15
2025-10-25 08:55:53,038,WAC_006_264_33,0,0.0,15,1.0,0.1404,21.16
2025-10-25 09:05:56,038,WAC_006_264_33,0,0.0,15,1.0,0.1296,21.15
2025-10-25 09:15:59,038,WAC_006_264_33,0,0.0,15,1.0,0.1404,21.13
2025-10-25 09:26:02,038,WAC_006_264_33,0,0.0,15,1.0,0.1368,21.11
2025-10-25 09:36:05,038,WAC_006_264_33,0,0.0,15,1.0,0.1368,21.11
2025-10-25 09:46:07,038,WAC_006_264_33,22,0.037,12,0.956,0.1728,21.13
2025-10-25 09:56:09,038,WAC_006_264_33,48,0.08,11,0.902,0.27,21.16
2025-10-25 10:06:12,038,WAC_006_264_33,6,0.01,14,0.989,0.288,21.16
2025-10-25 10:16:15,038,WAC_006_264_33,0,0.0,15,1.0,0.288,21.13
2025-10-25 10:26:18,038,WAC_006_264_33,7,0.012,14,0.988,0.2592,21.13
2025-10-25 10:36:21,038,WAC_006_264_33,25,0.042,10,0.941,0.27,21.18
2025-10-25 10:46:24,038,WAC_006_264_33,62,0.103,10,0.866,0.2412,21.29
2025-10-25 10:56:27,038,WAC_006_264_33,0,0.0,15,1.0,0.252,21.33
2025-10-25 11:06:29,038,WAC_006_264_33,0,0.0,15,1.0,0.2052,21.34
2025-10-25 11:16:32,038,WAC_006_264_33,0,0.0,15,1.0,0.2016,21.33
2025-10-25 11:26:35,038,WAC_006_264_33,0,0.0,15,1.0,0.2088,21.32
2025-10-25 11:36:38,038,WAC_006_264_33,0,0.0,15,1.0,0.2052,21.29
2025-10-25 11:46:41,038,WAC_006_264_33,0,0.0,15,1.0,0.2052,21.28
2025-10-25 11:56:43,038,WAC_006_264_33,0,0.0,15,1.0,0.2016,21.26
2025-10-25 12:06:46,038,WAC_006_264_33,0,0.0,15,1.0,0.2016,21.22
2025-10-25 12:16:49,038,WAC_006_264_33,2,0.003,14,0.996,0.2016,21.21
2025-10-25 12:27:08,038,WAC_006_264_33,0,0.0,15,1.0,0.2016,21.23
2025-10-25 12:37:11,038,WAC_006_264_33,0,0.0,15,1.0,0.2052,21.21
2025-10-25 12:47:14,038,WAC_006_264_33,0,0.0,15,1.0,0.2016,21.2
2025-10-25 12:57:17,038,WAC_006_264_33,0,0.0,15,1.0,0.2052,21.2
2025-10-25 13:07:19,038,WAC_006_264_33,0,0.0,15,1.0,0.2448,21.19
2025-10-25 13:17:22,038,WAC_006_264_33,14,0.023,14,0.976,0.2556,21.2
2025-10-25 13:27:25,038,WAC_006_264_33,0,0.0,15,1.0,0.2016,21.21
2025-10-25 13:37:28,038,WAC_006_264_33,0,0.0,15,1.0,0.2016,21.2
2025-10-25 13:47:31,038,WAC_006_264_33,0,0.0,15,1.0,0.2124,21.18
2025-10-25 13:57:33,038,WAC_006_264_33,0,0.0,15,1.0,0.252,21.15
2025-10-25 14:07:36,038,WAC_006_264_33,0,0.0,15,1.0,0.252,21.15
2025-10-25 14:17:37,038,WAC_006_264_33,0,0.0,15,1.0,0.2016,21.13
2025-10-25 14:27:40,038,WAC_006_264_33,0,0.0,15,1.0,0.2628,21.13
2025-10-25 14:37:42,038,WAC_006_264_33,0,0.0,15,1.0,0.252,21.12
2025-10-25 14:47:45,038,WAC_006_264_33,0,0.0,15,1.0,0.2124,21.1
2025-10-25 14:57:48,038,WAC_006_264_33,0,0.0,15,1.0,0.2592,21.1
2025-10-25 15:07:51,038,WAC_006_264_33,0,0.0,15,1.0,0.2448,21.09
2025-10-25 15:17:54,038,WAC_006_264_33,9,0.015,14,0.984,0.252,21.1
2025-10-25 15:27:57,038,WAC_006_264_33,2,0.003,14,0.996,0.252,21.09
2025-10-25 15:37:59,038,WAC_006_264_33,0,0.0,15,1.0,0.252,21.09
2025-10-25 15:48:02,038,WAC_006_264_33,0,0.0,15,1.0,0.2088,21.07
2025-10-25 15:58:04,038,WAC_006_264_33,0,0.0,15,1.0,0.2016,21.06
2025-10-25 16:08:07,038,WAC_006_264_33,0,0.0,15,1.0,0.2016,21.06
2025-10-25 16:18:10,038,WAC_006_264_33,0,0.0,15,1.0,0.2088,21.04
2025-10-25 16:28:29,038,WAC_006_264_33,0,0.0,15,1.0,0.2016,21.08
2025-10-25 16:38:32,038,WAC_006_264_33,0,0.0,15,1.0,0.2016,21.05
2025-10-25 16:48:35,038,WAC_006_264_33,0,0.0,15,1.0,0.2124,21.06
2025-10-25 16:58:37,038,WAC_006_264_33,0,0.0,15,1.0,0.2124,21.07
2025-10-25 17:08:40,038,WAC_006_264_33,0,0.0,15,1.0,0.2016,21.08
2025-10-25 17:18:43,038,WAC_006_264_33,0,0.0,15,1.0,0.2016,21.09
2025-10-25 17:28:46,038,WAC_006_264_33,37,0.062,11,0.922,0.1764,21.14
2025-10-25 17:38:48,038,WAC_006_264_33,85,0.141,3,0.585,0.1728,21.22
2025-10-25 17:48:51,038,WAC_006_264_33,168,0.28,1,0.192,0.1224,21.32
2025-10-25 17:58:54,038,WAC_006_264_33,130,0.216,3,0.48,0.144,21.36
2025-10-25 18:08:57,038,WAC_006_264_33,240,0.399,2,0.25,0.0,21.43
2025-10-25 18:18:59,038,WAC_006_264_33,104,0.173,5,0.658,0.0,21.47
2025-10-25 18:29:01,038,WAC_006_264_33,242,0.403,1,0.142,0.0,21.53
2025-10-25 18:39:04,038,WAC_006_264_33,113,0.188,7,0.712,0.0,21.53
2025-10-25 18:49:07,038,WAC_006_264_33,111,0.184,7,0.716,0.0,21.51
2025-10-25 18:59:10,038,WAC_006_264_33,169,0.281,3,0.415,0.0,21.51
2025-10-25 19:09:13,038,WAC_006_264_33,204,0.339,3,0.37,0.0,21.51
2025-10-25 19:19:16,038,WAC_006_264_33,185,0.308,5,0.519,0.0,21.52
2025-10-25 19:29:20,038,WAC_006_264_33,96,0.159,6,0.714,0.0,21.49
2025-10-25 19:39:22,038,WAC_006_264_33,98,0.163,5,0.671,0.0,21.5
2025-10-25 19:49:24,038,WAC_006_264_33,63,0.105,10,0.864,0.0,21.49
2025-10-25 19:59:27,038,WAC_006_264_33,252,0.42,3,0.323,0.0,21.55
2025-10-25 20:09:29,038,WAC_006_264_33,106,0.176,8,0.751,0.0,21.54
2025-10-25 20:19:32,038,WAC_006_264_33,108,0.18,6,0.69,0.0,21.53
2025-10-25 20:30:02,038,WAC_006_264_33,73,0.122,11,0.858,0.0,21.58
2025-10-25 20:40:05,038,WAC_006_264_33,97,0.161,8,0.767,0.0,21.57
2025-10-25 20:50:08,038,WAC_006_264_33,17,0.028,14,0.971,0.0,21.56
2025-10-25 21:00:11,038,WAC_006_264_33,130,0.217,5,0.606,0.0,21.57
2025-10-25 21:10:14,038,WAC_006_264_33,161,0.268,5,0.554,0.0,21.61
2025-10-25 21:20:17,038,WAC_006_264_33,56,0.093,8,0.851,0.0,21.56
2025-10-25 21:30:19,038,WAC_006_264_33,155,0.258,5,0.563,0.0,21.56
2025-10-25 21:40:22,038,WAC_006_264_33,209,0.347,1,0.161,0.0,21.55
2025-10-25 21:50:25,038,WAC_006_264_33,119,0.198,6,0.669,0.0,21.58
2025-10-25 22:00:28,038,WAC_006_264_33,111,0.184,8,0.742,0.0,21.54
2025-10-25 22:10:31,038,WAC_006_264_33,80,0.133,9,0.818,0.0,21.52
2025-10-25 22:20:34,038,WAC_006_264_33,11,0.018,14,0.981,0.0,21.49
2025-10-25 22:30:36,038,WAC_006_264_33,47,0.078,10,0.895,0.0,21.47
2025-10-25 22:40:38,038,WAC_006_264_33,88,0.146,8,0.784,0.0,21.46
2025-10-25 22:50:41,038,WAC_006_264_33,77,0.128,7,0.784,0.0,21.47
2025-10-25 23:00:44,038,WAC_006_264_33,107,0.178,8,0.749,0.0,21.47
2025-10-25 23:10:46,038,WAC_006_264_33,28,0.047,11,0.94,0.0,21.43
2025-10-25 23:20:49,038,WAC_006_264_33,66,0.11,10,0.858,0.0,21.43
2025-10-25 23:30:52,038,WAC_006_264_33,65,0.108,8,0.831,0.0,21.42
2025-10-25 23:40:55,038,WAC_006_264_33,18,0.03,13,0.967,0.0,21.38
2025-10-25 23:50:58,038,WAC_006_264_33,0,0.0,15,1.0,0.0,21.35
2025-10-26 00:01:01,038,WAC_006_264_33,0,0.0,15,1.0,0.0,21.28
2025-10-26 00:11:04,038,WAC_006_264_33,0,0.0,15,1.0,0.0,21.25
2025-10-26 00:21:07,038,WAC_006_264_33,0,0.0,15,1.0,0.0,21.23
2025-10-26 00:31:29,038,WAC_006_264_33,0,0.0,15,1.0,0.0,21.25
2025-10-26 00:41:32,038,WAC_006_264_33,0,0.0,15,1.0,0.0,21.21
2025-10-26 00:51:35,038,WAC_006_264_33,0,0.0,15,1.0,0.0,21.19
2025-10-26 01:01:38,038,WAC_006_264_33,0,0.0,15,1.0,0.0,21.19
2025-10-26 01:11:41,038,WAC_006_264_33,0,0.0,15,1.0,0.0,21.17
2025-10-26 01:21:44,038,WAC_006_264_33,0,0.0,15,1.0,0.0,21.17
2025-10-26 01:31:47,038,WAC_006_264_33,0,0.0,15,1.0,0.0,21.16
2025-10-26 01:41:49,038,WAC_006_264_33,0,0.0,15,1.0,0.0,21.16
2025-10-26 01:51:52,038,WAC_006_264_33,0,0.0,15,1.0,0.0,21.15
2025-10-26 02:01:54,038,WAC_006_264_33,0,0.0,15,1.0,0.0,21.16
2025-10-26 02:11:57,038,WAC_006_264_33,24,0.04,12,0.952,0.0,21.18
2025-10-26 02:22:00,038,WAC_006_264_33,81,0.135,6,0.748,0.0,21.23
2025-10-26 02:32:03,038,WAC_006_264_33,55,0.092,8,0.853,0.0,21.27
2025-10-26 02:42:06,038,WAC_006_264_33,87,0.145,9,0.805,0.0,21.31
2025-10-26 02:52:09,038,WAC_006_264_33,17,0.028,12,0.966,0.0,21.32
2025-10-26 03:02:12,038,WAC_006_264_33,57,0.095,9,0.863,0.0,21.34
2025-10-26 03:12:15,038,WAC_006_264_33,42,0.07,11,0.913,0.0,21.34
2025-10-26 03:22:17,038,WAC_006_264_33,45,0.075,9,0.889,0.0,21.35
2025-10-26 03:32:20,038,WAC_006_264_33,0,0.0,15,1.0,0.0,21.33
2025-10-26 03:42:23,038,WAC_006_264_33,68,0.113,8,0.825,0.0,21.35
2025-10-26 03:52:26,038,WAC_006_264_33,28,0.047,10,0.935,0.0,21.33
2025-10-26 04:02:29,038,WAC_006_264_33,17,0.028,12,0.966,0.0,21.31
2025-10-26 04:12:31,038,WAC_006_264_33,1,0.002,14,0.998,0.0,21.28
2025-10-26 04:22:34,038,WAC_006_264_33,0,0.0,15,1.0,0.0,21.26
2025-10-26 04:32:59,038,WAC_006_264_33,0,0.0,15,1.0,0.0,21.28
2025-10-26 04:43:01,038,WAC_006_264_33,0,0.0,15,1.0,0.0,21.23
2025-10-26 04:53:05,038,WAC_006_264_33,0,0.0,15,1.0,0.0,21.2
2025-10-26 05:03:07,038,WAC_006_264_33,6,0.01,14,0.989,0.0,21.2
2025-10-26 05:13:10,038,WAC_006_264_33,34,0.057,11,0.928,0.0,21.22
2025-10-26 05:23:13,038,WAC_006_264_33,11,0.018,14,0.981,0.0,21.23
2025-10-26 05:33:16,038,WAC_006_264_33,25,0.042,12,0.95,0.0,21.23
2025-10-26 05:43:18,038,WAC_006_264_33,74,0.123,10,0.844,0.0,21.26
2025-10-26 05:53:21,038,WAC_006_264_33,53,0.088,10,0.883,0.0,21.27
2025-10-26 06:03:24,038,WAC_006_264_33,63,0.105,10,0.864,0.3744,21.32
2025-10-26 06:13:27,038,WAC_006_264_33,14,0.023,14,0.976,0.2808,21.3
2025-10-26 06:23:29,038,WAC_006_264_33,0,0.0,15,1.0,0.288,21.28
2025-10-26 06:33:32,038,WAC_006_264_33,0,0.0,15,1.0,0.288,21.26
2025-10-26 06:43:35,038,WAC_006_264_33,0,0.0,15,1.0,0.288,21.23
2025-10-26 06:53:38,038,WAC_006_264_33,0,0.0,15,1.0,0.2916,21.21
2025-10-26 07:03:41,038,WAC_006_264_33,0,0.0,15,1.0,0.2808,21.19
2025-10-26 07:13:43,038,WAC_006_264_33,0,0.0,15,1.0,0.2808,21.18
2025-10-26 07:23:46,038,WAC_006_264_33,0,0.0,15,1.0,0.2808,21.16
2025-10-26 07:33:49,038,WAC_006_264_33,0,0.0,15,1.0,0.2808,21.16
2025-10-26 07:43:51,038,WAC_006_264_33,0,0.0,15,1.0,0.2808,21.15
2025-10-26 07:53:54,038,WAC_006_264_33,0,0.0,15,1.0,0.2808,21.14
2025-10-26 08:03:56,038,WAC_006_264_33,0,0.0,15,1.0,0.2808,21.14
2025-10-26 08:13:58,038,WAC_006_264_33,0,0.0,15,1.0,0.2808,21.14
2025-10-26 08:24:01,038,WAC_006_264_33,0,0.0,15,1.0,0.2952,21.14
2025-10-26 08:35:00,038,WAC_006_264_33,0,0.0,15,1.0,0.2952,21.26
2025-10-26 08:45:03,038,WAC_006_264_33,0,0.0,15,1.0,0.2952,21.21
2025-10-26 08:55:05,038,WAC_006_264_33,0,0.0,15,1.0,0.2952,21.19
2025-10-26 09:05:08,038,WAC_006_264_33,0,0.0,15,1.0,0.2952,21.17
2025-10-26 09:15:11,038,WAC_006_264_33,0,0.0,15,1.0,0.288,21.17
2025-10-26 09:25:14,038,WAC_006_264_33,24,0.04,13,0.956,0.2556,21.18
2025-10-26 09:35:17,038,WAC_006_264_33,41,0.068,12,0.921,0.2664,21.19
2025-10-26 09:45:19,038,WAC_006_264_33,33,0.055,11,0.93,0.306,21.21
2025-10-26 09:55:23,038,WAC_006_264_33,3,0.005,15,0.995,0.4932,21.21
2025-10-26 10:05:26,038,WAC_006_264_33,51,0.085,9,0.876,0.3276,21.27
2025-10-26 10:15:29,038,WAC_006_264_33,4,0.007,14,0.993,0.2844,21.28
2025-10-26 10:25:31,038,WAC_006_264_33,0,0.0,15,1.0,0.2916,21.29
2025-10-26 10:35:34,038,WAC_006_264_33,0,0.0,15,1.0,0.2916,21.3
2025-10-26 10:45:37,038,WAC_006_264_33,0,0.0,15,1.0,0.2808,21.29
2025-10-26 10:55:39,038,WAC_006_264_33,0,0.0,15,1.0,0.2952,21.28
2025-10-26 11:05:42,038,WAC_006_264_33,0,0.0,15,1.0,0.234,21.26
2025-10-26 11:15:45,038,WAC_006_264_33,0,0.0,15,1.0,0.2376,21.24
2025-10-26 11:25:48,038,WAC_006_264_33,0,0.0,15,1.0,0.2304,21.23
2025-10-26 11:35:50,038,WAC_006_264_33,0,0.0,15,1.0,0.2232,21.23
2025-10-26 11:45:53,038,WAC_006_264_33,0,0.0,15,1.0,0.234,21.2
2025-10-26 11:55:56,038,WAC_006_264_33,1,0.002,14,0.998,0.234,21.19
2025-10-26 12:05:59,038,WAC_006_264_33,0,0.0,15,1.0,0.2304,21.19
2025-10-26 12:16:02,038,WAC_006_264_33,0,0.0,15,1.0,0.2232,21.16
2025-10-26 12:26:05,038,WAC_006_264_33,0,0.0,15,1.0,0.2232,21.15
2025-10-26 12:36:31,038,WAC_006_264_33,0,0.0,15,1.0,0.2232,21.19
2025-10-26 12:46:34,038,WAC_006_264_33,0,0.0,15,1.0,0.2232,21.16
2025-10-26 12:56:37,038,WAC_006_264_33,8,0.013,14,0.986,0.252,21.16
2025-10-26 13:06:39,038,WAC_006_264_33,47,0.078,9,0.885,0.2592,21.17
2025-10-26 13:16:42,038,WAC_006_264_33,10,0.017,14,0.982,0.252,21.18
2025-10-26 13:26:45,038,WAC_006_264_33,0,0.0,15,1.0,0.2628,21.17
2025-10-26 13:36:48,038,WAC_006_264_33,0,0.0,15,1.0,0.252,21.15
2025-10-26 13:46:50,038,WAC_006_264_33,0,0.0,15,1.0,0.252,21.14
2025-10-26 13:56:53,038,WAC_006_264_33,0,0.0,15,1.0,0.252,21.13
2025-10-26 14:06:56,038,WAC_006_264_33,0,0.0,15,1.0,0.252,21.11
2025-10-26 14:17:00,038,WAC_006_264_33,0,0.0,15,1.0,0.306,21.12
2025-10-26 14:27:03,038,WAC_006_264_33,0,0.0,15,1.0,0.3024,21.1
2025-10-26 14:37:05,038,WAC_006_264_33,0,0.0,15,1.0,0.3024,21.1
2025-10-26 14:47:08,038,WAC_006_264_33,0,0.0,15,1.0,0.306,21.07
2025-10-26 14:57:11,038,WAC_006_264_33,0,0.0,15,1.0,0.3024,21.06
2025-10-26 15:07:14,038,WAC_006_264_33,0,0.0,15,1.0,0.3024,21.05
2025-10-26 15:17:17,038,WAC_006_264_33,0,0.0,15,1.0,0.3024,21.04
2025-10-26 15:27:19,038,WAC_006_264_33,0,0.0,15,1.0,0.306,21.03
2025-10-26 15:37:22,038,WAC_006_264_33,0,0.0,15,1.0,0.2952,21.03
2025-10-26 15:47:25,038,WAC_006_264_33,0,0.0,15,1.0,0.252,21.02
2025-10-26 15:57:28,038,WAC_006_264_33,0,0.0,15,1.0,0.2916,21.04
2025-10-26 16:07:31,038,WAC_006_264_33,65,0.108,9,0.847,0.1944,21.07
2025-10-26 16:17:33,038,WAC_006_264_33,90,0.15,9,0.8,0.2412,21.16
2025-10-26 16:27:36,038,WAC_006_264_33,47,0.078,8,0.872,0.1872,21.25
2025-10-26 16:37:55,038,WAC_006_264_33,79,0.132,9,0.82,0.0936,21.27
2025-10-26 16:47:58,038,WAC_006_264_33,61,0.101,12,0.887,0.234,21.22
2025-10-26 16:58:01,038,WAC_006_264_33,0,0.0,15,1.0,0.2304,21.17
2025-10-26 17:08:04,038,WAC_006_264_33,0,0.0,15,1.0,0.2412,21.14
2025-10-26 17:18:06,038,WAC_006_264_33,0,0.0,15,1.0,0.2304,21.12
2025-10-26 17:28:09,038,WAC_006_264_33,0,0.0,15,1.0,0.234,21.09
2025-10-26 17:38:13,038,WAC_006_264_33,0,0.0,15,1.0,0.2232,21.09
2025-10-26 17:48:15,038,WAC_006_264_33,0,0.0,15,1.0,0.2232,21.08
2025-10-26 17:58:18,038,WAC_006_264_33,0,0.0,15,1.0,0.2196,21.09
2025-10-26 18:08:21,038,WAC_006_264_33,157,0.262,4,0.505,0.0,21.17
2025-10-26 18:18:24,038,WAC_006_264_33,150,0.25,4,0.516,0.0,21.23
2025-10-26 18:28:26,038,WAC_006_264_33,113,0.188,5,0.639,0.0,21.26
2025-10-26 18:38:29,038,WAC_006_264_33,164,0.273,4,0.494,0.0,21.36
2025-10-26 18:48:31,038,WAC_006_264_33,56,0.093,9,0.865,0.0,21.36
2025-10-26 18:58:34,038,WAC_006_264_33,116,0.193,6,0.674,0.0,21.36
2025-10-26 19:08:37,038,WAC_006_264_33,135,0.225,8,0.703,0.0,21.43
2025-10-26 19:18:40,038,WAC_006_264_33,213,0.354,3,0.36,0.0,21.46
2025-10-26 19:28:43,038,WAC_006_264_33,76,0.127,11,0.853,0.0,21.42
2025-10-26 19:38:44,038,WAC_006_264_33,110,0.183,5,0.645,0.0,21.42
2025-10-26 19:48:48,038,WAC_006_264_33,88,0.146,6,0.732,0.0,21.41
2025-10-26 19:58:50,038,WAC_006_264_33,178,0.297,3,0.403,0.0,21.46
2025-10-26 20:08:53,038,WAC_006_264_33,72,0.12,7,0.795,0.0,21.46
2025-10-26 20:18:56,038,WAC_006_264_33,95,0.158,7,0.747,0.0,21.45
2025-10-26 20:28:59,038,WAC_006_264_33,101,0.168,9,0.781,0.0,21.43
2025-10-26 20:39:20,038,WAC_006_264_33,117,0.195,7,0.705,0.0,21.48
2025-10-26 20:49:24,038,WAC_006_264_33,65,0.108,9,0.847,0.0,21.42
2025-10-26 20:59:26,038,WAC_006_264_33,152,0.253,6,0.612,0.0,21.43
2025-10-26 21:09:29,038,WAC_006_264_33,40,0.067,12,0.923,0.0,21.38
2025-10-26 21:19:32,038,WAC_006_264_33,36,0.06,10,0.917,0.0,21.38
2025-10-26 21:29:35,038,WAC_006_264_33,167,0.278,5,0.545,0.0,21.4
2025-10-26 21:39:38,038,WAC_006_264_33,169,0.281,5,0.542,0.0,21.42
2025-10-26 21:49:40,038,WAC_006_264_33,55,0.092,7,0.836,0.0,21.41
2025-10-26 21:59:43,038,WAC_006_264_33,88,0.146,6,0.732,0.0,21.4
2025-10-26 22:09:46,038,WAC_006_264_33,35,0.058,11,0.926,0.0,21.38
2025-10-26 22:19:49,038,WAC_006_264_33,171,0.285,2,0.319,0.0,21.42
2025-10-26 22:29:52,038,WAC_006_264_33,137,0.228,5,0.593,0.0,21.45
2025-10-26 22:39:54,038,WAC_006_264_33,88,0.147,9,0.804,0.0,21.39
2025-10-26 22:49:57,038,WAC_006_264_33,152,0.252,5,0.568,0.0,21.39
2025-10-26 23:00:00,038,WAC_006_264_33,20,0.033,13,0.963,0.0,21.36
2025-10-26 23:10:03,038,WAC_006_264_33,180,0.3,3,0.4,0.0,21.42
2025-10-26 23:20:06,038,WAC_006_264_33,119,0.198,8,0.729,0.0,21.42
2025-10-26 23:30:09,038,WAC_006_264_33,143,0.238,3,0.456,0.0,21.42
2025-10-26 23:40:12,038,WAC_006_264_33,101,0.168,8,0.76,0.0,21.41
2025-10-26 23:50:15,038,WAC_006_264_33,52,0.087,8,0.86,0.0,21.36
2025-10-25 00:02:03,027,WAC_006_264_34,0,0.0,15,1.0,0.0,22.12
2025-10-25 00:12:32,027,WAC_006_264_34,1,0.002,14,0.998,0.0,22.16
2025-10-25 00:22:34,027,WAC_006_264_34,0,0.0,15,1.0,0.0,22.14
2025-10-25 00:32:37,027,WAC_006_264_34,3,0.005,14,0.995,0.0,22.14
2025-10-25 00:42:39,027,WAC_006_264_34,53,0.088,10,0.883,0.0,22.12
2025-10-25 00:52:42,027,WAC_006_264_34,2,0.003,14,0.996,0.0,22.08
2025-10-25 01:02:45,027,WAC_006_264_34,0,0.0,15,1.0,0.0,22.06
2025-10-25 01:12:48,027,WAC_006_264_34,11,0.018,13,0.979,0.0,22.03
2025-10-25 01:22:52,027,WAC_006_264_34,0,0.0,15,1.0,0.0,22.0
2025-10-25 01:32:54,027,WAC_006_264_34,0,0.0,15,1.0,0.0,21.98
2025-10-25 01:42:57,027,WAC_006_264_34,36,0.06,12,0.93,0.0,21.97
2025-10-25 01:52:59,027,WAC_006_264_34,260,0.433,2,0.235,0.0,22.0
2025-10-25 02:03:02,027,WAC_006_264_34,325,0.541,1,0.11,0.0,22.06
2025-10-25 02:13:04,027,WAC_006_264_34,250,0.416,2,0.242,0.0,22.08
2025-10-25 02:23:07,027,WAC_006_264_34,232,0.386,3,0.341,0.0,22.13
2025-10-25 02:33:10,027,WAC_006_264_34,341,0.567,1,0.105,0.0,22.12
2025-10-25 02:43:13,027,WAC_006_264_34,217,0.36,3,0.356,0.0,22.16
2025-10-25 02:53:16,027,WAC_006_264_34,256,0.427,3,0.319,0.0,22.19
2025-10-25 03:03:17,027,WAC_006_264_34,229,0.382,3,0.344,0.0,22.17
2025-10-25 03:13:20,027,WAC_006_264_34,331,0.552,2,0.195,0.0,22.18
2025-10-25 03:23:23,027,WAC_006_264_34,366,0.608,1,0.099,0.0,22.23
2025-10-25 03:33:26,027,WAC_006_264_34,233,0.388,6,0.507,0.0,22.25
2025-10-25 03:43:29,027,WAC_006_264_34,357,0.594,0,0.0,0.0,22.23
2025-10-25 03:53:32,027,WAC_006_264_34,208,0.346,4,0.435,0.0,22.21
2025-10-25 04:03:34,027,WAC_006_264_34,276,0.459,3,0.303,0.0,22.23
2025-10-25 04:13:52,027,WAC_006_264_34,188,0.314,4,0.46,0.0,22.24
2025-10-25 04:23:55,027,WAC_006_264_34,159,0.265,7,0.638,0.0,22.21
2025-10-25 04:33:58,027,WAC_006_264_34,165,0.275,7,0.629,0.0,22.17
2025-10-25 04:44:00,027,WAC_006_264_34,148,0.247,7,0.654,0.0,22.18
2025-10-25 04:54:03,027,WAC_006_264_34,175,0.291,4,0.478,0.0,22.14
2025-10-25 05:04:07,027,WAC_006_264_34,166,0.276,5,0.546,0.0,22.15
2025-10-25 05:14:09,027,WAC_006_264_34,247,0.411,3,0.327,0.0,22.16
2025-10-25 05:24:12,027,WAC_006_264_34,127,0.212,7,0.688,0.0,22.11
2025-10-25 05:34:14,027,WAC_006_264_34,139,0.231,4,0.535,0.0,22.09
2025-10-25 05:44:17,027,WAC_006_264_34,150,0.25,4,0.516,0.0,22.1
2025-10-25 05:54:19,027,WAC_006_264_34,86,0.143,10,0.823,0.0,22.06
2025-10-25 06:04:21,027,WAC_006_264_34,32,0.053,13,0.942,0.1152,22.0
2025-10-25 06:14:24,027,WAC_006_264_34,173,0.288,9,0.675,0.126,22.02
2025-10-25 06:24:27,027,WAC_006_264_34,0,0.0,15,1.0,0.1188,21.97
2025-10-25 06:34:29,027,WAC_006_264_34,0,0.0,15,1.0,0.1188,21.93
2025-10-25 06:44:32,027,WAC_006_264_34,0,0.0,15,1.0,0.1188,21.89
2025-10-25 06:54:35,027,WAC_006_264_34,0,0.0,15,1.0,0.126,21.86
2025-10-25 07:04:37,027,WAC_006_264_34,0,0.0,15,1.0,0.126,21.82
2025-10-25 07:14:40,027,WAC_006_264_34,0,0.0,15,1.0,0.1152,21.79
2025-10-25 07:24:42,027,WAC_006_264_34,0,0.0,15,1.0,0.126,21.77
2025-10-25 07:34:45,027,WAC_006_264_34,0,0.0,15,1.0,0.1152,21.74
2025-10-25 07:44:48,027,WAC_006_264_34,0,0.0,15,1.0,0.1152,21.73
2025-10-25 07:54:51,027,WAC_006_264_34,0,0.0,15,1.0,0.1152,21.73
2025-10-25 08:04:54,027,WAC_006_264_34,0,0.0,15,1.0,0.1152,21.71
2025-10-25 08:15:12,027,WAC_006_264_34,0,0.0,15,1.0,0.1152,21.73
2025-10-25 08:25:15,027,WAC_006_264_34,0,0.0,15,1.0,0.1152,21.68
2025-10-25 08:35:18,027,WAC_006_264_34,0,0.0,15,1.0,0.1152,21.67
2025-10-25 08:45:20,027,WAC_006_264_34,0,0.0,15,1.0,0.1152,21.66
2025-10-25 08:55:24,027,WAC_006_264_34,0,0.0,15,1.0,0.1152,21.68
2025-10-25 09:05:26,027,WAC_006_264_34,0,0.0,15,1.0,0.1152,21.68
2025-10-25 09:15:29,027,WAC_006_264_34,0,0.0,15,1.0,0.1152,21.69
2025-10-25 09:25:31,027,WAC_006_264_34,0,0.0,15,1.0,0.1152,21.69
2025-10-25 09:35:34,027,WAC_006_264_34,0,0.0,15,1.0,0.1152,21.68
2025-10-25 09:45:37,027,WAC_006_264_34,0,0.0,15,1.0,0.1152,21.69
2025-10-25 09:55:40,027,WAC_006_264_34,0,0.0,15,1.0,0.1152,21.66
2025-10-25 10:05:43,027,WAC_006_264_34,0,0.0,15,1.0,0.1476,21.66
2025-10-25 10:15:45,027,WAC_006_264_34,0,0.0,15,1.0,0.1368,21.67
2025-10-25 10:25:47,027,WAC_006_264_34,0,0.0,15,1.0,0.1368,21.69
2025-10-25 10:35:50,027,WAC_006_264_34,0,0.0,15,1.0,0.1584,21.72
2025-10-25 10:45:53,027,WAC_006_264_34,12,0.02,15,0.98,0.1548,21.77
2025-10-25 10:55:55,027,WAC_006_264_34,13,0.022,14,0.977,0.1548,21.79
2025-10-25 11:05:58,027,WAC_006_264_34,0,0.0,15,1.0,0.1332,21.8
2025-10-25 11:16:00,027,WAC_006_264_34,32,0.053,13,0.942,0.108,21.82
2025-10-25 11:26:03,027,WAC_006_264_34,0,0.0,15,1.0,0.108,21.83
2025-10-25 11:36:06,027,WAC_006_264_34,0,0.0,15,1.0,0.108,21.83
2025-10-25 11:46:09,027,WAC_006_264_34,0,0.0,15,1.0,0.108,21.83
2025-10-25 11:56:11,027,WAC_006_264_34,0,0.0,15,1.0,0.108,21.81
2025-10-25 12:06:13,027,WAC_006_264_34,0,0.0,15,1.0,0.108,21.81
2025-10-25 12:16:39,027,WAC_006_264_34,0,0.0,15,1.0,0.108,21.86
2025-10-25 12:26:42,027,WAC_006_264_34,0,0.0,15,1.0,0.1116,21.82
2025-10-25 12:36:45,027,WAC_006_264_34,0,0.0,15,1.0,0.1116,21.8
2025-10-25 12:46:47,027,WAC_006_264_34,0,0.0,15,1.0,0.1116,21.78
2025-10-25 12:56:51,027,WAC_006_264_34,0,0.0,15,1.0,0.1116,21.76
2025-10-25 13:06:53,027,WAC_006_264_34,0,0.0,15,1.0,0.1296,21.75
2025-10-25 13:16:56,027,WAC_006_264_34,0,0.0,15,1.0,0.1296,21.73
2025-10-25 13:26:59,027,WAC_006_264_34,0,0.0,15,1.0,0.1116,21.74
2025-10-25 13:37:02,027,WAC_006_264_34,0,0.0,15,1.0,0.1116,21.72
2025-10-25 13:47:04,027,WAC_006_264_34,0,0.0,15,1.0,0.1116,21.69
2025-10-25 13:57:08,027,WAC_006_264_34,0,0.0,15,1.0,0.1296,21.68
2025-10-25 14:07:10,027,WAC_006_264_34,33,0.055,14,0.944,0.1152,21.66
2025-10-25 14:17:13,027,WAC_006_264_34,177,0.295,5,0.531,0.1008,21.73
2025-10-25 14:27:16,027,WAC_006_264_34,195,0.324,6,0.552,0.1512,21.79
2025-10-25 14:37:19,027,WAC_006_264_34,3,0.005,15,0.995,0.1908,21.78
2025-10-25 14:47:21,027,WAC_006_264_34,0,0.0,15,1.0,0.1584,21.7
2025-10-25 14:57:23,027,WAC_006_264_34,0,0.0,15,1.0,0.18,21.63
2025-10-25 15:07:26,027,WAC_006_264_34,0,0.0,15,1.0,0.18,21.59
2025-10-25 15:17:29,027,WAC_006_264_34,0,0.0,15,1.0,0.18,21.55
2025-10-25 15:27:32,027,WAC_006_264_34,0,0.0,15,1.0,0.18,21.53
2025-10-25 15:37:35,027,WAC_006_264_34,0,0.0,15,1.0,0.18,21.52
2025-10-25 15:47:37,027,WAC_006_264_34,0,0.0,15,1.0,0.1584,21.48
2025-10-25 15:57:40,027,WAC_006_264_34,0,0.0,15,1.0,0.1584,21.46
2025-10-25 16:07:43,027,WAC_006_264_34,0,0.0,15,1.0,0.1584,21.44
2025-10-25 16:18:01,027,WAC_006_264_34,0,0.0,15,1.0,0.1584,21.47
2025-10-25 16:28:03,027,WAC_006_264_34,2,0.003,15,0.997,0.1404,21.45
2025-10-25 16:38:06,027,WAC_006_264_34,2,0.003,15,0.997,0.162,21.42
2025-10-25 16:48:09,027,WAC_006_264_34,69,0.115,8,0.823,0.1152,21.48
2025-10-25 16:58:12,027,WAC_006_264_34,84,0.14,10,0.826,0.1188,21.54
2025-10-25 17:08:13,027,WAC_006_264_34,0,0.0,15,1.0,0.1188,21.52
2025-10-25 17:18:16,027,WAC_006_264_34,0,0.0,15,1.0,0.1152,21.52
2025-10-25 17:28:18,027,WAC_006_264_34,0,0.0,15,1.0,0.1152,21.53
2025-10-25 17:38:21,027,WAC_006_264_34,0,0.0,15,1.0,0.1152,21.53
2025-10-25 17:48:24,027,WAC_006_264_34,0,0.0,15,1.0,0.1152,21.52
2025-10-25 17:58:27,027,WAC_006_264_34,59,0.098,11,0.882,0.1008,21.56
2025-10-25 18:08:30,027,WAC_006_264_34,32,0.053,12,0.938,0.0,21.57
2025-10-25 18:18:33,027,WAC_006_264_34,152,0.253,8,0.678,0.0,21.65
2025-10-25 18:28:36,027,WAC_006_264_34,165,0.275,6,0.593,0.0,21.71
2025-10-25 18:38:39,027,WAC_006_264_34,233,0.388,4,0.407,0.0,21.83
2025-10-25 18:48:41,027,WAC_006_264_34,154,0.256,8,0.675,0.0,21.88
2025-10-25 18:58:44,027,WAC_006_264_34,121,0.201,8,0.726,0.0,21.86
2025-10-25 19:08:47,027,WAC_006_264_34,161,0.268,8,0.665,0.0,21.91
2025-10-25 19:18:50,027,WAC_006_264_34,127,0.212,8,0.716,0.0,21.92
2025-10-25 19:28:52,027,WAC_006_264_34,87,0.145,10,0.821,0.0,21.89
2025-10-25 19:38:55,027,WAC_006_264_34,27,0.045,13,0.951,0.0,21.85
2025-10-25 19:48:58,027,WAC_006_264_34,111,0.185,9,0.764,0.0,21.86
2025-10-25 19:59:01,027,WAC_006_264_34,74,0.123,11,0.856,0.0,21.88
2025-10-25 20:09:04,027,WAC_006_264_34,23,0.038,13,0.958,0.0,21.85
2025-10-25 20:19:25,027,WAC_006_264_34,0,0.0,15,1.0,0.0,21.87
2025-10-25 20:29:28,027,WAC_006_264_34,0,0.0,15,1.0,0.0,21.83
2025-10-25 20:39:30,027,WAC_006_264_34,0,0.0,15,1.0,0.0,21.81
2025-10-25 20:49:33,027,WAC_006_264_34,31,0.052,13,0.944,0.0,21.81
2025-10-25 20:59:36,027,WAC_006_264_34,0,0.0,15,1.0,0.0,21.82
2025-10-25 21:09:38,027,WAC_006_264_34,0,0.0,15,1.0,0.0,21.8
2025-10-25 21:19:41,027,WAC_006_264_34,0,0.0,15,1.0,0.0,21.78
2025-10-25 21:29:44,027,WAC_006_264_34,113,0.188,10,0.78,0.0,21.82
2025-10-25 21:39:46,027,WAC_006_264_34,37,0.062,13,0.934,0.0,21.83
2025-10-25 21:49:49,027,WAC_006_264_34,90,0.15,11,0.83,0.0,21.87
2025-10-25 21:59:53,027,WAC_006_264_34,75,0.125,12,0.865,0.0,21.87
2025-10-25 22:09:56,027,WAC_006_264_34,48,0.08,11,0.902,0.0,21.86
2025-10-25 22:19:59,027,WAC_006_264_34,127,0.211,7,0.688,0.0,21.89
2025-10-25 22:30:02,027,WAC_006_264_34,36,0.06,13,0.935,0.0,21.89
2025-10-25 22:40:05,027,WAC_006_264_34,79,0.132,9,0.82,0.0,21.9
2025-10-25 22:50:07,027,WAC_006_264_34,18,0.03,14,0.969,0.0,21.87
2025-10-25 23:00:10,027,WAC_006_264_34,73,0.121,10,0.846,0.0,21.89
2025-10-25 23:10:13,027,WAC_006_264_34,58,0.097,11,0.884,0.0,21.88
2025-10-25 23:20:16,027,WAC_006_264_34,19,0.032,11,0.959,0.0,21.86
2025-10-25 23:30:18,027,WAC_006_264_34,96,0.16,5,0.676,0.0,21.9
2025-10-25 23:40:21,027,WAC_006_264_34,24,0.04,13,0.956,0.0,21.89
2025-10-25 23:50:24,027,WAC_006_264_34,91,0.151,9,0.798,0.0,21.92
2025-10-26 00:00:27,027,WAC_006_264_34,248,0.413,2,0.244,0.0,21.99
2025-10-26 00:10:30,027,WAC_006_264_34,212,0.353,5,0.485,0.0,22.03
2025-10-26 00:20:52,027,WAC_006_264_34,98,0.164,10,0.803,0.0,22.06
2025-10-26 00:30:55,027,WAC_006_264_34,63,0.105,10,0.864,0.0,22.02
2025-10-26 00:40:58,027,WAC_006_264_34,16,0.027,13,0.97,0.0,21.97
2025-10-26 00:51:00,027,WAC_006_264_34,47,0.078,12,0.911,0.0,21.93
2025-10-26 01:01:03,027,WAC_006_264_34,50,0.083,9,0.878,0.0,21.92
2025-10-26 01:11:06,027,WAC_006_264_34,53,0.088,9,0.872,0.0,21.91
2025-10-26 01:21:08,027,WAC_006_264_34,48,0.08,10,0.893,0.0,21.87
2025-10-26 01:31:11,027,WAC_006_264_34,17,0.028,13,0.968,0.0,21.86
2025-10-26 01:41:13,027,WAC_006_264_34,0,0.0,15,1.0,0.0,21.81
2025-10-26 01:51:16,027,WAC_006_264_34,0,0.0,15,1.0,0.0,21.75
2025-10-26 02:01:19,027,WAC_006_264_34,0,0.0,15,1.0,0.0,21.72
2025-10-26 02:11:21,027,WAC_006_264_34,0,0.0,15,1.0,0.0,21.67
2025-10-26 02:21:24,027,WAC_006_264_34,0,0.0,15,1.0,0.0,21.64
2025-10-26 02:31:27,027,WAC_006_264_34,0,0.0,15,1.0,0.0,21.64
2025-10-26 02:41:31,027,WAC_006_264_34,0,0.0,15,1.0,0.0,21.63
2025-10-26 02:51:34,027,WAC_006_264_34,0,0.0,15,1.0,0.0,21.63
2025-10-26 03:01:36,027,WAC_006_264_34,0,0.0,15,1.0,0.0,21.62
2025-10-26 03:11:38,027,WAC_006_264_34,0,0.0,15,1.0,0.0,21.62
2025-10-26 03:21:41,027,WAC_006_264_34,0,0.0,15,1.0,0.0,21.62
2025-10-26 03:31:44,027,WAC_006_264_34,0,0.0,15,1.0,0.0,21.62
2025-10-26 03:41:46,027,WAC_006_264_34,0,0.0,15,1.0,0.0,21.61
2025-10-26 03:51:49,027,WAC_006_264_34,23,0.038,13,0.958,0.0,21.6
2025-10-26 04:01:52,027,WAC_006_264_34,14,0.023,14,0.976,0.0,21.63
2025-10-26 04:11:54,027,WAC_006_264_34,106,0.176,7,0.725,0.0,21.69
2025-10-26 04:22:12,027,WAC_006_264_34,104,0.174,6,0.698,0.0,21.84
2025-10-26 04:32:15,027,WAC_006_264_34,17,0.028,14,0.971,0.0,21.81
2025-10-26 04:42:18,027,WAC_006_264_34,72,0.12,9,0.833,0.0,21.83
2025-10-26 04:52:20,027,WAC_006_264_34,84,0.14,8,0.792,0.0,21.86
2025-10-26 05:02:23,027,WAC_006_264_34,6,0.01,14,0.989,0.0,21.82
2025-10-26 05:12:26,027,WAC_006_264_34,27,0.045,11,0.942,0.0,21.79
2025-10-26 05:22:29,027,WAC_006_264_34,47,0.078,10,0.895,0.0,21.8
2025-10-26 05:32:32,027,WAC_006_264_34,46,0.077,11,0.905,0.0,21.79
2025-10-26 05:42:34,027,WAC_006_264_34,16,0.027,13,0.97,0.0,21.76
2025-10-26 05:52:37,027,WAC_006_264_34,78,0.13,11,0.849,0.0,21.82
2025-10-26 06:02:40,027,WAC_006_264_34,8,0.013,14,0.986,0.108,21.78
2025-10-26 06:12:43,027,WAC_006_264_34,0,0.0,15,1.0,0.1152,21.75
2025-10-26 06:22:46,027,WAC_006_264_34,0,0.0,15,1.0,0.1188,21.72
2025-10-26 06:32:48,027,WAC_006_264_34,0,0.0,15,1.0,0.1188,21.7
2025-10-26 06:42:51,027,WAC_006_264_34,0,0.0,15,1.0,0.1188,21.67
2025-10-26 06:52:54,027,WAC_006_264_34,0,0.0,15,1.0,0.108,21.65
2025-10-26 07:02:57,027,WAC_006_264_34,0,0.0,15,1.0,0.108,21.63
2025-10-26 07:12:59,027,WAC_006_264_34,0,0.0,15,1.0,0.108,21.6
2025-10-26 07:23:02,027,WAC_006_264_34,0,0.0,15,1.0,0.108,21.59
2025-10-26 07:33:06,027,WAC_006_264_34,0,0.0,15,1.0,0.108,21.58
2025-10-26 07:43:09,027,WAC_006_264_34,0,0.0,15,1.0,0.108,21.56
2025-10-26 07:53:11,027,WAC_006_264_34,0,0.0,15,1.0,0.108,21.58
2025-10-26 08:03:14,027,WAC_006_264_34,0,0.0,15,1.0,0.1188,21.56
2025-10-26 08:13:17,027,WAC_006_264_34,0,0.0,15,1.0,0.108,21.57
2025-10-26 08:23:37,027,WAC_006_264_34,0,0.0,15,1.0,0.108,21.6
2025-10-26 08:33:39,027,WAC_006_264_34,0,0.0,15,1.0,0.108,21.6
2025-10-26 08:43:42,027,WAC_006_264_34,0,0.0,15,1.0,0.108,21.58
2025-10-26 08:53:44,027,WAC_006_264_34,0,0.0,15,1.0,0.108,21.58
2025-10-26 09:03:48,027,WAC_006_264_34,0,0.0,15,1.0,0.108,21.57
2025-10-26 09:13:51,027,WAC_006_264_34,0,0.0,15,1.0,0.108,21.57
2025-10-26 09:23:53,027,WAC_006_264_34,0,0.0,15,1.0,0.108,21.57
2025-10-26 09:33:56,027,WAC_006_264_34,0,0.0,15,1.0,0.108,21.57
2025-10-26 09:43:59,027,WAC_006_264_34,45,0.075,12,0.914,0.108,21.57
2025-10-26 09:54:02,027,WAC_006_264_34,0,0.0,15,1.0,0.3276,21.59
2025-10-26 10:04:05,027,WAC_006_264_34,37,0.062,12,0.928,0.1224,21.67
2025-10-26 10:14:07,027,WAC_006_264_34,65,0.108,10,0.86,0.1152,21.79
2025-10-26 10:24:10,027,WAC_006_264_34,0,0.0,15,1.0,0.1152,21.77
2025-10-26 10:34:13,027,WAC_006_264_34,0,0.0,15,1.0,0.1188,21.74
2025-10-26 10:44:16,027,WAC_006_264_34,0,0.0,15,1.0,0.1152,21.71
2025-10-26 10:54:19,027,WAC_006_264_34,0,0.0,15,1.0,0.1152,21.72
2025-10-26 11:04:21,027,WAC_006_264_34,0,0.0,15,1.0,0.0936,21.7
2025-10-26 11:14:24,027,WAC_006_264_34,0,0.0,15,1.0,0.0936,21.71
2025-10-26 11:24:27,027,WAC_006_264_34,0,0.0,15,1.0,0.0936,21.71
2025-10-26 11:34:29,027,WAC_006_264_34,0,0.0,15,1.0,0.0936,21.71
2025-10-26 11:44:31,027,WAC_006_264_34,0,0.0,15,1.0,0.0936,21.7
2025-10-26 11:54:34,027,WAC_006_264_34,0,0.0,15,1.0,0.0936,21.68
2025-10-26 12:04:36,027,WAC_006_264_34,0,0.0,15,1.0,0.0936,21.68
2025-10-26 12:14:39,027,WAC_006_264_34,0,0.0,15,1.0,0.0936,21.66
2025-10-26 12:25:01,027,WAC_006_264_34,0,0.0,15,1.0,0.0936,21.69
2025-10-26 12:35:03,027,WAC_006_264_34,0,0.0,15,1.0,0.0936,21.65
2025-10-26 12:45:05,027,WAC_006_264_34,0,0.0,15,1.0,0.0936,21.63
2025-10-26 12:55:08,027,WAC_006_264_34,0,0.0,15,1.0,0.0972,21.6
2025-10-26 13:05:11,027,WAC_006_264_34,45,0.075,12,0.914,0.09,21.64
2025-10-26 13:15:14,027,WAC_006_264_34,64,0.106,10,0.862,0.0864,21.66
2025-10-26 13:25:16,027,WAC_006_264_34,3,0.005,14,0.995,0.0936,21.63
2025-10-26 13:35:19,027,WAC_006_264_34,0,0.0,15,1.0,0.0936,21.6
2025-10-26 13:45:21,027,WAC_006_264_34,0,0.0,15,1.0,0.0936,21.59
2025-10-26 13:55:24,027,WAC_006_264_34,0,0.0,15,1.0,0.0936,21.58
2025-10-26 14:05:27,027,WAC_006_264_34,0,0.0,15,1.0,0.0936,21.55
2025-10-26 14:15:29,027,WAC_006_264_34,0,0.0,15,1.0,0.1152,21.56
2025-10-26 14:25:31,027,WAC_006_264_34,0,0.0,15,1.0,0.1152,21.55
2025-10-26 14:35:34,027,WAC_006_264_34,1,0.002,14,0.998,0.1152,21.55
2025-10-26 14:45:37,027,WAC_006_264_34,0,0.0,15,1.0,0.1152,21.55
2025-10-26 14:55:39,027,WAC_006_264_34,0,0.0,15,1.0,0.1152,21.56
2025-10-26 15:05:42,027,WAC_006_264_34,0,0.0,15,1.0,0.1152,21.56
2025-10-26 15:15:45,027,WAC_006_264_34,0,0.0,15,1.0,0.1152,21.57
2025-10-26 15:25:48,027,WAC_006_264_34,0,0.0,15,1.0,0.1152,21.55
2025-10-26 15:35:51,027,WAC_006_264_34,0,0.0,15,1.0,0.1152,21.55
2025-10-26 15:45:54,027,WAC_006_264_34,0,0.0,15,1.0,0.0936,21.55
2025-10-26 15:55:57,027,WAC_006_264_34,0,0.0,15,1.0,0.1152,21.56
2025-10-26 16:05:59,027,WAC_006_264_34,0,0.0,15,1.0,0.1152,21.57
2025-10-26 16:16:02,027,WAC_006_264_34,26,0.043,12,0.949,0.1116,21.64
2025-10-26 16:26:17,027,WAC_006_264_34,43,0.072,11,0.911,0.0828,21.74
2025-10-26 16:36:20,027,WAC_006_264_34,35,0.058,12,0.932,0.0864,21.79
2025-10-26 16:46:24,027,WAC_006_264_34,32,0.053,13,0.942,0.0972,21.82
2025-10-26 16:56:26,027,WAC_006_264_34,0,0.0,15,1.0,0.0972,21.82
2025-10-26 17:06:29,027,WAC_006_264_34,0,0.0,15,1.0,0.0972,21.78
2025-10-26 17:16:32,027,WAC_006_264_34,0,0.0,15,1.0,0.0972,21.75
2025-10-26 17:26:34,027,WAC_006_264_34,0,0.0,15,1.0,0.0972,21.73
2025-10-26 17:36:37,027,WAC_006_264_34,0,0.0,15,1.0,0.0972,21.71
2025-10-26 17:46:39,027,WAC_006_264_34,0,0.0,15,1.0,0.0972,21.69
2025-10-26 17:56:42,027,WAC_006_264_34,0,0.0,15,1.0,0.0864,21.7
2025-10-26 18:06:44,027,WAC_006_264_34,50,0.083,12,0.906,0.0,21.75
2025-10-26 18:16:47,027,WAC_006_264_34,78,0.13,10,0.837,0.0,21.87
2025-10-26 18:26:50,027,WAC_006_264_34,91,0.151,7,0.755,0.0,22.49
2025-10-26 18:36:53,027,WAC_006_264_34,42,0.07,11,0.913,0.0,22.51
2025-10-26 18:46:55,027,WAC_006_264_34,58,0.097,9,0.861,0.0,22.32
2025-10-26 18:56:58,027,WAC_006_264_34,8,0.013,15,0.987,0.0,22.17
2025-10-26 19:07:01,027,WAC_006_264_34,43,0.072,11,0.911,0.0,22.46
2025-10-26 19:17:03,027,WAC_006_264_34,95,0.158,8,0.771,0.0,22.52
2025-10-26 19:27:06,027,WAC_006_264_34,0,0.0,15,1.0,0.0,22.3
2025-10-26 19:37:09,027,WAC_006_264_34,43,0.071,9,0.893,0.0,22.27
2025-10-26 19:47:12,027,WAC_006_264_34,72,0.12,8,0.816,0.0,22.42
2025-10-26 19:57:15,027,WAC_006_264_34,7,0.012,15,0.988,0.0,22.31
2025-10-26 20:07:17,027,WAC_006_264_34,93,0.155,5,0.683,0.0,22.5
2025-10-26 20:17:20,027,WAC_006_264_34,25,0.042,13,0.954,0.0,22.47
2025-10-26 20:27:41,027,WAC_006_264_34,39,0.065,10,0.911,0.0,22.52
2025-10-26 20:37:43,027,WAC_006_264_34,53,0.088,11,0.892,0.0,22.67
2025-10-26 20:47:46,027,WAC_006_264_34,63,0.105,9,0.851,0.0,22.42
2025-10-26 20:57:49,027,WAC_006_264_34,15,0.025,12,0.97,0.0,22.3
2025-10-26 21:07:52,027,WAC_006_264_34,13,0.022,13,0.976,0.0,22.24
2025-10-26 21:17:54,027,WAC_006_264_34,0,0.0,15,1.0,0.0,22.14
2025-10-26 21:27:57,027,WAC_006_264_34,0,0.0,15,1.0,0.0,22.07
2025-10-26 21:38:01,027,WAC_006_264_34,1,0.002,14,0.998,0.0,22.01
2025-10-26 21:48:03,027,WAC_006_264_34,24,0.04,13,0.956,0.0,22.07
2025-10-26 21:58:07,027,WAC_006_264_34,63,0.105,11,0.875,0.0,22.52
2025-10-26 22:08:09,027,WAC_006_264_34,18,0.03,13,0.967,0.0,22.35
2025-10-26 22:18:12,027,WAC_006_264_34,11,0.018,13,0.979,0.0,22.29
2025-10-26 22:28:14,027,WAC_006_264_34,22,0.037,13,0.959,0.0,22.27
2025-10-26 22:38:17,027,WAC_006_264_34,84,0.14,10,0.826,0.0,22.43
2025-10-26 22:48:20,027,WAC_006_264_34,23,0.038,13,0.958,0.0,22.34
2025-10-26 22:58:23,027,WAC_006_264_34,70,0.116,10,0.851,0.0,22.34
2025-10-26 23:08:25,027,WAC_006_264_34,8,0.013,13,0.985,0.0,22.34
2025-10-26 23:18:28,027,WAC_006_264_34,53,0.088,8,0.858,0.0,22.33
2025-10-26 23:28:31,027,WAC_006_264_34,18,0.03,12,0.964,0.0,22.23
2025-10-26 23:38:34,027,WAC_006_264_34,32,0.053,14,0.946,0.0,22.23
2025-10-26 23:48:36,027,WAC_006_264_34,9,0.015,14,0.984,0.0,22.2
2025-10-26 23:58:39,027,WAC_006_264_34,12,0.02,13,0.977,0.0,22.12
2025-10-25 00:04:55,018,WAC_006_264_35,130,0.217,9,0.735,0.0,21.54
2025-10-25 00:14:57,018,WAC_006_264_35,186,0.309,2,0.301,0.0,21.51
2025-10-25 00:25:00,018,WAC_006_264_35,40,0.067,12,0.923,0.0,21.48
2025-10-25 00:35:03,018,WAC_006_264_35,0,0.0,15,1.0,0.0,21.44
2025-10-25 00:45:06,018,WAC_006_264_35,0,0.0,15,1.0,0.0,21.39
2025-10-25 00:55:08,018,WAC_006_264_35,0,0.0,15,1.0,0.0,21.36
2025-10-25 01:05:11,018,WAC_006_264_35,0,0.0,15,1.0,0.0,21.32
2025-10-25 01:15:14,018,WAC_006_264_35,0,0.0,15,1.0,0.0,21.28
2025-10-25 01:25:16,018,WAC_006_264_35,4,0.007,15,0.993,0.0,21.26
2025-10-25 01:35:19,018,WAC_006_264_35,0,0.0,15,1.0,0.0,21.23
2025-10-25 01:45:21,018,WAC_006_264_35,40,0.067,11,0.917,0.0,21.25
2025-10-25 01:55:24,018,WAC_006_264_35,14,0.023,10,0.966,0.0,21.27
2025-10-25 02:05:27,018,WAC_006_264_35,96,0.16,9,0.789,0.0,21.32
2025-10-25 02:15:30,018,WAC_006_264_35,1,0.002,14,0.998,0.0,21.33
2025-10-25 02:25:32,018,WAC_006_264_35,2,0.003,14,0.996,0.0,21.34
2025-10-25 02:35:35,018,WAC_006_264_35,22,0.037,12,0.956,0.0,21.35
2025-10-25 02:45:37,018,WAC_006_264_35,58,0.097,10,0.873,0.0,21.37
2025-10-25 02:55:40,018,WAC_006_264_35,0,0.0,15,1.0,0.0,21.38
2025-10-25 03:05:43,018,WAC_006_264_35,0,0.0,15,1.0,0.0,21.38
2025-10-25 03:15:46,018,WAC_006_264_35,0,0.0,15,1.0,0.0,21.37
2025-10-25 03:25:49,018,WAC_006_264_35,1,0.002,14,0.998,0.0,21.38
2025-10-25 03:35:52,018,WAC_006_264_35,21,0.035,12,0.958,0.0,21.4
2025-10-25 03:45:55,018,WAC_006_264_35,96,0.16,9,0.789,0.0,21.4
2025-10-25 03:55:58,018,WAC_006_264_35,30,0.05,12,0.941,0.0,21.44
2025-10-25 04:06:20,018,WAC_006_264_35,0,0.0,15,1.0,0.0,21.46
2025-10-25 04:16:22,018,WAC_006_264_35,0,0.0,15,1.0,0.0,21.42
2025-10-25 04:26:25,018,WAC_006_264_35,10,0.017,14,0.982,0.0,21.42
2025-10-25 04:36:28,018,WAC_006_264_35,108,0.18,6,0.69,0.0,21.44
2025-10-25 04:46:30,018,WAC_006_264_35,63,0.105,8,0.836,0.0,21.45
2025-10-25 04:56:34,018,WAC_006_264_35,0,0.0,15,1.0,0.0,21.43
2025-10-25 05:06:36,018,WAC_006_264_35,19,0.032,11,0.959,0.0,21.42
2025-10-25 05:16:39,018,WAC_006_264_35,155,0.258,7,0.644,0.0,21.45
2025-10-25 05:26:41,018,WAC_006_264_35,194,0.323,5,0.508,0.0,21.61
2025-10-25 05:36:44,018,WAC_006_264_35,202,0.336,4,0.442,0.0,21.59
2025-10-25 05:46:47,018,WAC_006_264_35,19,0.032,12,0.962,0.0,21.56
2025-10-25 05:56:50,018,WAC_006_264_35,0,0.0,15,1.0,0.0,21.52
2025-10-25 06:06:53,018,WAC_006_264_35,0,0.0,15,1.0,0.7992,21.47
2025-10-25 06:16:56,018,WAC_006_264_35,0,0.0,15,1.0,0.8064,21.45
2025-10-25 06:26:59,018,WAC_006_264_35,33,0.055,10,0.924,0.828,21.45
2025-10-25 06:37:01,018,WAC_006_264_35,89,0.148,6,0.729,0.7776,21.45
2025-10-25 06:47:04,018,WAC_006_264_35,4,0.007,14,0.993,0.792,21.44
2025-10-25 06:57:07,018,WAC_006_264_35,9,0.015,13,0.983,0.792,21.43
2025-10-25 07:07:09,018,WAC_006_264_35,6,0.01,14,0.989,0.792,21.42
2025-10-25 07:17:13,018,WAC_006_264_35,0,0.0,15,1.0,0.792,21.4
2025-10-25 07:27:16,018,WAC_006_264_35,0,0.0,15,1.0,0.8028,21.38
2025-10-25 07:37:19,018,WAC_006_264_35,2,0.003,13,0.996,0.792,21.37
2025-10-25 07:47:22,018,WAC_006_264_35,3,0.005,14,0.995,0.7992,21.36
2025-10-25 07:57:25,018,WAC_006_264_35,3,0.005,13,0.994,0.792,21.35
2025-10-25 08:07:41,018,WAC_006_264_35,14,0.023,12,0.972,0.8064,21.38
2025-10-25 08:17:44,018,WAC_006_264_35,38,0.063,12,0.927,0.7704,21.39
2025-10-25 08:27:47,018,WAC_006_264_35,37,0.061,13,0.934,0.9936,21.39
2025-10-25 08:37:50,018,WAC_006_264_35,0,0.0,15,1.0,0.9792,21.37
2025-10-25 08:47:52,018,WAC_006_264_35,0,0.0,15,1.0,1.0044,21.36
2025-10-25 08:57:55,018,WAC_006_264_35,0,0.0,15,1.0,1.008,21.35
2025-10-25 09:07:57,018,WAC_006_264_35,0,0.0,15,1.0,1.0008,21.33
2025-10-25 09:18:00,018,WAC_006_264_35,0,0.0,15,1.0,1.0008,21.33
2025-10-25 09:28:03,018,WAC_006_264_35,0,0.0,15,1.0,1.0008,21.31
2025-10-25 09:38:06,018,WAC_006_264_35,0,0.0,15,1.0,1.0008,21.3
2025-10-25 09:48:08,018,WAC_006_264_35,0,0.0,15,1.0,1.0008,21.3
2025-10-25 09:58:11,018,WAC_006_264_35,0,0.0,15,1.0,1.0044,21.29
2025-10-25 10:08:14,018,WAC_006_264_35,0,0.0,15,1.0,1.0368,21.29
2025-10-25 10:18:16,018,WAC_006_264_35,1,0.002,14,0.998,1.0404,21.31
2025-10-25 10:28:19,018,WAC_006_264_35,92,0.153,7,0.753,0.9792,21.37
2025-10-25 10:38:22,018,WAC_006_264_35,112,0.186,6,0.682,0.972,21.48
2025-10-25 10:48:25,018,WAC_006_264_35,3,0.005,14,0.995,0.9576,21.54
2025-10-25 10:58:27,018,WAC_006_264_35,0,0.0,15,1.0,0.9684,21.57
2025-10-25 11:08:30,018,WAC_006_264_35,0,0.0,15,1.0,0.9216,21.57
2025-10-25 11:18:33,018,WAC_006_264_35,0,0.0,15,1.0,0.9216,21.53
2025-10-25 11:28:36,018,WAC_006_264_35,0,0.0,15,1.0,0.9252,21.52
2025-10-25 11:38:39,018,WAC_006_264_35,0,0.0,15,1.0,0.9324,21.49
2025-10-25 11:48:42,018,WAC_006_264_35,0,0.0,15,1.0,0.9216,21.45
2025-10-25 11:58:44,018,WAC_006_264_35,0,0.0,15,1.0,0.9252,21.43
2025-10-25 12:09:13,018,WAC_006_264_35,0,0.0,15,1.0,0.9252,21.46
2025-10-25 12:19:15,018,WAC_006_264_35,0,0.0,15,1.0,0.9216,21.43
2025-10-25 12:29:18,018,WAC_006_264_35,0,0.0,15,1.0,0.9288,21.4
2025-10-25 12:39:21,018,WAC_006_264_35,0,0.0,15,1.0,0.9252,21.39
2025-10-25 12:49:24,018,WAC_006_264_35,0,0.0,15,1.0,0.9216,21.39
2025-10-25 12:59:26,018,WAC_006_264_35,0,0.0,15,1.0,0.9216,21.37
2025-10-25 13:09:29,018,WAC_006_264_35,0,0.0,15,1.0,0.9648,21.35
2025-10-25 13:19:33,018,WAC_006_264_35,0,0.0,15,1.0,0.9648,21.33
2025-10-25 13:29:35,018,WAC_006_264_35,0,0.0,15,1.0,0.9252,21.31
2025-10-25 13:39:38,018,WAC_006_264_35,0,0.0,15,1.0,0.9216,21.3
2025-10-25 13:49:41,018,WAC_006_264_35,0,0.0,15,1.0,0.9144,21.29
2025-10-25 13:59:44,018,WAC_006_264_35,0,0.0,15,1.0,0.9576,21.26
2025-10-25 14:09:47,018,WAC_006_264_35,0,0.0,15,1.0,0.9576,21.25
2025-10-25 14:19:49,018,WAC_006_264_35,25,0.042,13,0.954,0.9072,21.29
2025-10-25 14:29:52,018,WAC_006_264_35,42,0.07,11,0.913,0.9684,21.3
2025-10-25 14:39:55,018,WAC_006_264_35,10,0.017,14,0.982,1.0512,21.3
2025-10-25 14:49:58,018,WAC_006_264_35,0,0.0,15,1.0,1.0656,21.29
2025-10-25 15:00:01,018,WAC_006_264_35,0,0.0,15,1.0,1.0692,21.27
2025-10-25 15:10:03,018,WAC_006_264_35,0,0.0,15,1.0,1.0584,21.25
2025-10-25 15:20:06,018,WAC_006_264_35,0,0.0,15,1.0,1.0656,21.22
2025-10-25 15:30:10,018,WAC_006_264_35,0,0.0,15,1.0,1.0692,21.21
2025-10-25 15:40:12,018,WAC_006_264_35,0,0.0,15,1.0,1.0188,21.2
2025-10-25 15:50:15,018,WAC_006_264_35,0,0.0,15,1.0,1.008,21.17
2025-10-25 16:00:18,018,WAC_006_264_35,0,0.0,15,1.0,1.0152,21.15
2025-10-25 16:10:47,018,WAC_006_264_35,0,0.0,15,1.0,1.0188,21.2
2025-10-25 16:20:50,018,WAC_006_264_35,0,0.0,15,1.0,1.008,21.19
2025-10-25 16:30:53,018,WAC_006_264_35,122,0.203,7,0.697,0.9972,21.24
2025-10-25 16:40:56,018,WAC_006_264_35,71,0.118,9,0.835,0.9828,21.25
2025-10-25 16:50:59,018,WAC_006_264_35,0,0.0,15,1.0,0.99,21.23
2025-10-25 17:01:02,018,WAC_006_264_35,0,0.0,15,1.0,0.9792,21.22
2025-10-25 17:11:05,018,WAC_006_264_35,0,0.0,15,1.0,0.9828,21.21
2025-10-25 17:21:08,018,WAC_006_264_35,0,0.0,15,1.0,0.9792,21.2
2025-10-25 17:31:10,018,WAC_006_264_35,0,0.0,15,1.0,0.9828,21.2
2025-10-25 17:41:13,018,WAC_006_264_35,0,0.0,15,1.0,0.9864,21.23
2025-10-25 17:51:15,018,WAC_006_264_35,25,0.042,13,0.954,0.9648,21.27
2025-10-25 18:01:18,018,WAC_006_264_35,43,0.072,12,0.918,0.0,21.3
2025-10-25 18:11:21,018,WAC_006_264_35,151,0.251,4,0.514,0.0,21.37
2025-10-25 18:21:24,018,WAC_006_264_35,200,0.333,6,0.545,0.0,21.39
2025-10-25 18:31:26,018,WAC_006_264_35,99,0.165,8,0.764,0.0,21.39
2025-10-25 18:41:30,018,WAC_006_264_35,228,0.379,4,0.412,0.0,21.4
2025-10-25 18:51:33,018,WAC_006_264_35,148,0.246,8,0.684,0.0,21.41
2025-10-25 19:01:35,018,WAC_006_264_35,28,0.047,12,0.945,0.0,21.41
2025-10-25 19:11:38,018,WAC_006_264_35,0,0.0,15,1.0,0.0,21.38
2025-10-25 19:21:41,018,WAC_006_264_35,30,0.05,11,0.936,0.0,21.37
2025-10-25 19:31:44,018,WAC_006_264_35,51,0.085,9,0.876,0.0,21.37
2025-10-25 19:41:46,018,WAC_006_264_35,199,0.331,4,0.446,0.0,21.43
2025-10-25 19:51:49,018,WAC_006_264_35,151,0.251,6,0.614,0.0,21.46
2025-10-25 20:01:52,018,WAC_006_264_35,102,0.17,6,0.702,0.0,21.42
2025-10-25 20:12:24,018,WAC_006_264_35,50,0.084,9,0.878,0.0,21.44
2025-10-25 20:22:27,018,WAC_006_264_35,0,0.0,15,1.0,0.0,21.37
2025-10-25 20:32:29,018,WAC_006_264_35,0,0.0,15,1.0,0.0,21.34
2025-10-25 20:42:33,018,WAC_006_264_35,0,0.0,15,1.0,0.0,21.29
2025-10-25 20:52:36,018,WAC_006_264_35,3,0.005,14,0.995,0.0,21.28
2025-10-25 21:02:38,018,WAC_006_264_35,33,0.055,9,0.916,0.0,21.27
2025-10-25 21:12:41,018,WAC_006_264_35,36,0.06,11,0.924,0.0,21.28
2025-10-25 21:22:44,018,WAC_006_264_35,171,0.285,5,0.539,0.0,21.34
2025-10-25 21:32:47,018,WAC_006_264_35,126,0.21,8,0.717,0.0,21.36
2025-10-25 21:42:50,018,WAC_006_264_35,149,0.248,6,0.617,0.0,21.4
2025-10-25 21:52:53,018,WAC_006_264_35,140,0.233,5,0.588,0.0,21.41
2025-10-25 22:02:56,018,WAC_006_264_35,120,0.2,7,0.7,0.0,21.44
2025-10-25 22:12:58,018,WAC_006_264_35,62,0.103,10,0.866,0.0,21.43
2025-10-25 22:23:01,018,WAC_006_264_35,307,0.51,1,0.115,0.0,21.41
2025-10-25 22:33:04,018,WAC_006_264_35,53,0.088,8,0.858,0.0,21.38
2025-10-25 22:43:07,018,WAC_006_264_35,31,0.052,13,0.944,0.0,21.34
2025-10-25 22:53:10,018,WAC_006_264_35,19,0.032,13,0.965,0.0,21.3
2025-10-25 23:03:12,018,WAC_006_264_35,23,0.038,14,0.961,0.0,21.27
2025-10-25 23:13:15,018,WAC_006_264_35,20,0.033,13,0.963,0.0,21.23
2025-10-25 23:23:17,018,WAC_006_264_35,253,0.422,1,0.137,0.0,21.21
2025-10-25 23:33:19,018,WAC_006_264_35,278,0.463,3,0.302,0.0,21.3
2025-10-25 23:43:22,018,WAC_006_264_35,111,0.185,8,0.742,0.0,21.29
2025-10-25 23:53:25,018,WAC_006_264_35,115,0.191,10,0.777,0.0,21.3
2025-10-26 00:03:28,018,WAC_006_264_35,134,0.223,6,0.642,0.0,21.33
2025-10-26 00:14:05,018,WAC_006_264_35,109,0.182,6,0.688,0.0,21.42
2025-10-26 00:24:09,018,WAC_006_264_35,217,0.361,3,0.356,0.0,21.46
2025-10-26 00:34:11,018,WAC_006_264_35,239,0.398,5,0.456,0.0,21.43
2025-10-26 00:44:14,018,WAC_006_264_35,88,0.146,8,0.784,0.0,21.39
2025-10-26 00:54:17,018,WAC_006_264_35,9,0.015,13,0.983,0.0,21.36
2025-10-26 01:04:20,018,WAC_006_264_35,0,0.0,15,1.0,0.0,21.32
2025-10-26 01:14:23,018,WAC_006_264_35,3,0.005,14,0.995,0.0,21.28
2025-10-26 01:24:26,018,WAC_006_264_35,0,0.0,15,1.0,0.0,21.26
2025-10-26 01:34:29,018,WAC_006_264_35,0,0.0,15,1.0,0.0,21.23
2025-10-26 01:44:32,018,WAC_006_264_35,0,0.0,15,1.0,0.0,21.21
2025-10-26 01:54:34,018,WAC_006_264_35,19,0.032,9,0.95,0.0,21.2
2025-10-26 02:04:37,018,WAC_006_264_35,0,0.0,15,1.0,0.0,21.2
2025-10-26 02:14:40,018,WAC_006_264_35,58,0.097,9,0.861,0.0,21.21
2025-10-26 02:24:42,018,WAC_006_264_35,78,0.13,10,0.837,0.0,21.23
2025-10-26 02:34:45,018,WAC_006_264_35,188,0.313,4,0.46,0.0,21.24
2025-10-26 02:44:48,018,WAC_006_264_35,21,0.035,11,0.954,0.0,21.23
2025-10-26 02:54:51,018,WAC_006_264_35,0,0.0,15,1.0,0.0,21.21
2025-10-26 03:04:53,018,WAC_006_264_35,1,0.002,14,0.998,0.0,21.18
2025-10-26 03:14:56,018,WAC_006_264_35,0,0.0,15,1.0,0.0,21.15
2025-10-26 03:24:59,018,WAC_006_264_35,0,0.0,15,1.0,0.0,21.13
2025-10-26 03:35:02,018,WAC_006_264_35,4,0.007,14,0.993,0.0,21.12
2025-10-26 03:45:05,018,WAC_006_264_35,5,0.008,14,0.991,0.0,21.12
2025-10-26 03:55:07,018,WAC_006_264_35,58,0.097,8,0.847,0.0,21.12
2025-10-26 04:05:10,018,WAC_006_264_35,69,0.115,10,0.853,0.0,21.13
2025-10-26 04:15:29,018,WAC_006_264_35,122,0.204,7,0.697,0.0,21.21
2025-10-26 04:25:32,018,WAC_006_264_35,105,0.174,7,0.727,0.0,21.21
2025-10-26 04:35:34,018,WAC_006_264_35,4,0.007,14,0.993,0.0,21.2
2025-10-26 04:45:38,018,WAC_006_264_35,2,0.003,14,0.996,0.0,21.19
2025-10-26 04:55:40,018,WAC_006_264_35,10,0.017,14,0.982,0.0,21.17
2025-10-26 05:05:43,018,WAC_006_264_35,136,0.227,8,0.702,0.0,21.21
2025-10-26 05:15:45,018,WAC_006_264_35,262,0.436,1,0.132,0.0,21.25
2025-10-26 05:25:48,018,WAC_006_264_35,181,0.301,6,0.57,0.0,21.26
2025-10-26 05:35:51,018,WAC_006_264_35,106,0.176,7,0.725,0.0,21.25
2025-10-26 05:45:53,018,WAC_006_264_35,0,0.0,15,1.0,0.0,21.23
2025-10-26 05:55:56,018,WAC_006_264_35,0,0.0,15,1.0,0.0,21.2
2025-10-26 06:05:58,018,WAC_006_264_35,3,0.005,14,0.995,0.99,21.18
2025-10-26 06:16:01,018,WAC_006_264_35,0,0.0,15,1.0,1.0044,21.15
2025-10-26 06:26:04,018,WAC_006_264_35,0,0.0,15,1.0,0.9792,21.15
2025-10-26 06:36:06,018,WAC_006_264_35,0,0.0,15,1.0,0.9828,21.14
2025-10-26 06:46:09,018,WAC_006_264_35,0,0.0,15,1.0,0.9792,21.14
2025-10-26 06:56:12,018,WAC_006_264_35,50,0.083,6,0.828,0.9396,21.14
2025-10-26 07:06:16,018,WAC_006_264_35,105,0.174,9,0.774,0.8352,21.17
2025-10-26 07:16:18,018,WAC_006_264_35,90,0.15,7,0.757,0.8316,21.2
2025-10-26 07:26:21,018,WAC_006_264_35,190,0.316,6,0.558,1.1448,21.22
2025-10-26 07:36:24,018,WAC_006_264_35,78,0.13,8,0.804,1.1952,21.24
2025-10-26 07:46:27,018,WAC_006_264_35,5,0.008,13,0.99,1.188,21.24
2025-10-26 07:56:30,018,WAC_006_264_35,0,0.0,15,1.0,1.1988,21.24
2025-10-26 08:06:33,018,WAC_006_264_35,0,0.0,15,1.0,1.1952,21.24
2025-10-26 08:17:11,018,WAC_006_264_35,3,0.005,14,0.995,1.1988,21.32
2025-10-26 08:27:14,018,WAC_006_264_35,2,0.003,14,0.996,1.188,21.27
2025-10-26 08:37:16,018,WAC_006_264_35,9,0.015,14,0.984,1.1736,21.26
2025-10-26 08:47:19,018,WAC_006_264_35,0,0.0,15,1.0,1.1844,21.24
2025-10-26 08:57:22,018,WAC_006_264_35,4,0.007,13,0.992,1.1844,21.24
2025-10-26 09:07:26,018,WAC_006_264_35,15,0.025,11,0.967,1.1664,21.24
2025-10-26 09:17:28,018,WAC_006_264_35,4,0.007,14,0.993,1.1772,21.23
2025-10-26 09:27:31,018,WAC_006_264_35,3,0.005,14,0.995,1.1664,21.22
2025-10-26 09:37:34,018,WAC_006_264_35,0,0.0,15,1.0,1.1772,21.2
2025-10-26 09:47:36,018,WAC_006_264_35,14,0.023,12,0.972,1.1592,21.2
2025-10-26 09:57:39,018,WAC_006_264_35,112,0.186,5,0.641,1.2384,21.23
2025-10-26 10:07:42,018,WAC_006_264_35,114,0.19,7,0.711,0.8496,21.28
2025-10-26 10:17:45,018,WAC_006_264_35,9,0.015,12,0.982,0.8424,21.3
2025-10-26 10:27:47,018,WAC_006_264_35,2,0.003,14,0.996,0.828,21.29
2025-10-26 10:37:50,018,WAC_006_264_35,0,0.0,15,1.0,0.8208,21.3
2025-10-26 10:47:53,018,WAC_006_264_35,0,0.0,15,1.0,0.8208,21.3
2025-10-26 10:57:56,018,WAC_006_264_35,0,0.0,15,1.0,0.7992,21.3
2025-10-26 11:07:59,018,WAC_006_264_35,0,0.0,15,1.0,0.8028,21.29
2025-10-26 11:18:01,018,WAC_006_264_35,1,0.002,14,0.998,0.7776,21.29
2025-10-26 11:28:04,018,WAC_006_264_35,2,0.003,14,0.996,0.7884,21.29
2025-10-26 11:38:06,018,WAC_006_264_35,0,0.0,15,1.0,0.7776,21.28
2025-10-26 11:48:09,018,WAC_006_264_35,0,0.0,15,1.0,0.7704,21.27
2025-10-26 11:58:12,018,WAC_006_264_35,2,0.003,14,0.996,0.7704,21.26
2025-10-26 12:08:15,018,WAC_006_264_35,23,0.038,11,0.95,0.7632,21.25
2025-10-26 12:18:51,018,WAC_006_264_35,128,0.214,6,0.652,0.864,21.33
2025-10-26 12:28:54,018,WAC_006_264_35,51,0.085,6,0.825,0.8568,21.29
2025-10-26 12:38:56,018,WAC_006_264_35,5,0.008,13,0.99,0.8604,21.26
2025-10-26 12:48:59,018,WAC_006_264_35,11,0.018,14,0.981,0.8352,21.21
2025-10-26 12:59:02,018,WAC_006_264_35,0,0.0,15,1.0,0.8352,21.19
2025-10-26 13:09:05,018,WAC_006_264_35,1,0.002,14,0.998,0.828,21.17
2025-10-26 13:19:07,018,WAC_006_264_35,5,0.008,14,0.991,0.8604,21.15
2025-10-26 13:29:10,018,WAC_006_264_35,8,0.013,13,0.985,0.8496,21.13
2025-10-26 13:39:13,018,WAC_006_264_35,0,0.0,15,1.0,0.8424,21.13
2025-10-26 13:49:16,018,WAC_006_264_35,1,0.002,14,0.998,0.8424,21.11
2025-10-26 13:59:18,018,WAC_006_264_35,3,0.005,14,0.995,0.8496,21.12
2025-10-26 14:09:21,018,WAC_006_264_35,12,0.02,13,0.977,0.8568,21.1
2025-10-26 14:19:24,018,WAC_006_264_35,72,0.12,6,0.769,0.8964,21.13
2025-10-26 14:29:26,018,WAC_006_264_35,65,0.108,8,0.831,0.9432,21.14
2025-10-26 14:39:29,018,WAC_006_264_35,31,0.052,10,0.928,0.9,21.18
2025-10-26 14:49:31,018,WAC_006_264_35,1,0.002,14,0.998,0.918,21.18
2025-10-26 14:59:34,018,WAC_006_264_35,1,0.002,15,0.998,0.9072,21.18
2025-10-26 15:09:37,018,WAC_006_264_35,5,0.008,12,0.99,0.9144,21.18
2025-10-26 15:19:40,018,WAC_006_264_35,0,0.0,15,1.0,0.9144,21.18
2025-10-26 15:29:43,018,WAC_006_264_35,2,0.003,14,0.996,0.9324,21.19
2025-10-26 15:39:46,018,WAC_006_264_35,4,0.007,13,0.992,0.9288,21.19
2025-10-26 15:49:49,018,WAC_006_264_35,28,0.047,10,0.935,0.9,21.2
2025-10-26 15:59:52,018,WAC_006_264_35,82,0.136,4,0.661,0.9288,21.23
2025-10-26 16:09:55,018,WAC_006_264_35,78,0.13,6,0.755,0.9216,21.25
2025-10-26 16:20:30,018,WAC_006_264_35,72,0.12,10,0.847,0.8352,21.34
2025-10-26 16:30:33,018,WAC_006_264_35,185,0.308,6,0.565,0.9324,21.32
2025-10-26 16:40:35,018,WAC_006_264_35,0,0.0,15,1.0,0.9288,21.3
2025-10-26 16:50:38,018,WAC_006_264_35,0,0.0,15,1.0,0.9396,21.27
2025-10-26 17:00:41,018,WAC_006_264_35,0,0.0,15,1.0,0.9396,21.25
2025-10-26 17:10:43,018,WAC_006_264_35,0,0.0,15,1.0,0.9216,21.23
2025-10-26 17:20:46,018,WAC_006_264_35,0,0.0,15,1.0,0.9288,21.24
2025-10-26 17:30:49,018,WAC_006_264_35,10,0.017,11,0.978,0.8856,21.23
2025-10-26 17:40:51,018,WAC_006_264_35,62,0.103,10,0.866,0.936,21.26
2025-10-26 17:50:54,018,WAC_006_264_35,181,0.301,4,0.469,0.81,21.28
2025-10-26 18:00:57,018,WAC_006_264_35,17,0.028,12,0.966,0.0,21.29
2025-10-26 18:11:00,018,WAC_006_264_35,4,0.007,15,0.993,0.0,21.28
2025-10-26 18:21:03,018,WAC_006_264_35,59,0.098,9,0.859,0.0,21.27
2025-10-26 18:31:06,018,WAC_006_264_35,109,0.181,8,0.746,0.0,21.31
2025-10-26 18:41:09,018,WAC_006_264_35,74,0.123,11,0.856,0.0,21.34
2025-10-26 18:51:12,018,WAC_006_264_35,220,0.366,2,0.267,0.0,21.37
2025-10-26 19:01:15,018,WAC_006_264_35,221,0.368,3,0.352,0.0,21.39
2025-10-26 19:11:17,018,WAC_006_264_35,49,0.082,11,0.9,0.0,21.4
2025-10-26 19:21:20,018,WAC_006_264_35,39,0.065,11,0.919,0.0,21.39
2025-10-26 19:31:23,018,WAC_006_264_35,35,0.058,13,0.937,0.0,21.38
2025-10-26 19:41:25,018,WAC_006_264_35,215,0.358,6,0.527,0.0,21.38
2025-10-26 19:51:28,018,WAC_006_264_35,7,0.012,14,0.988,0.0,21.38
2025-10-26 20:01:31,018,WAC_006_264_35,156,0.26,5,0.562,0.0,21.39
2025-10-26 20:11:33,018,WAC_006_264_35,173,0.288,6,0.581,0.0,21.39
2025-10-26 20:22:14,018,WAC_006_264_35,2,0.003,14,0.996,0.0,21.49
2025-10-26 20:32:16,018,WAC_006_264_35,37,0.062,10,0.915,0.0,21.45
2025-10-26 20:42:19,018,WAC_006_264_35,76,0.127,7,0.787,0.0,21.43
2025-10-26 20:52:22,018,WAC_006_264_35,103,0.171,10,0.795,0.0,21.42
2025-10-26 21:02:25,018,WAC_006_264_35,197,0.328,4,0.448,0.0,21.44
2025-10-26 21:12:28,018,WAC_006_264_35,152,0.253,9,0.703,0.0,21.45
2025-10-26 21:22:31,018,WAC_006_264_35,86,0.143,10,0.823,0.0,21.46
2025-10-26 21:32:34,018,WAC_006_264_35,92,0.153,7,0.753,0.0,21.45
2025-10-26 21:42:37,018,WAC_006_264_35,145,0.241,4,0.525,0.0,21.5
2025-10-26 21:52:39,018,WAC_006_264_35,88,0.146,9,0.804,0.0,21.49
2025-10-26 22:02:42,018,WAC_006_264_35,94,0.157,7,0.749,0.0,21.47
2025-10-26 22:12:44,018,WAC_006_264_35,69,0.115,8,0.823,0.0,21.45
2025-10-26 22:22:47,018,WAC_006_264_35,134,0.223,8,0.705,0.0,21.43
2025-10-26 22:32:50,018,WAC_006_264_35,107,0.178,9,0.771,0.0,21.41
2025-10-26 22:42:53,018,WAC_006_264_35,206,0.343,6,0.538,0.0,21.4
2025-10-26 22:52:56,018,WAC_006_264_35,302,0.502,5,0.398,0.0,21.44
2025-10-26 23:02:58,018,WAC_006_264_35,144,0.24,6,0.625,0.0,21.42
2025-10-26 23:13:01,018,WAC_006_264_35,196,0.326,7,0.588,0.0,21.41
2025-10-26 23:23:04,018,WAC_006_264_35,177,0.295,2,0.311,0.0,21.46
2025-10-26 23:33:07,018,WAC_006_264_35,31,0.052,12,0.939,0.0,21.48
2025-10-26 23:43:09,018,WAC_006_264_35,15,0.025,10,0.964,0.0,21.5
2025-10-26 23:53:12,018,WAC_006_264_35,266,0.443,1,0.131,0.0,21.51
2025-10-25 00:03:49,026,WAC_006_264_36,7,0.012,14,0.988,0.0,21.62
2025-10-25 00:14:15,026,WAC_006_264_36,21,0.035,14,0.964,0.0,21.65
2025-10-25 00:24:18,026,WAC_006_264_36,2,0.003,14,0.996,0.0,21.62
2025-10-25 00:34:20,026,WAC_006_264_36,17,0.028,13,0.968,0.0,21.58
2025-10-25 00:44:25,026,WAC_006_264_36,94,0.156,7,0.749,0.0,21.6
2025-10-25 00:54:28,026,WAC_006_264_36,7,0.012,13,0.987,0.0,21.59
2025-10-25 01:04:30,026,WAC_006_264_36,6,0.01,14,0.989,0.0,21.57
2025-10-25 01:14:33,026,WAC_006_264_36,16,0.027,13,0.97,0.0,21.6
2025-10-25 01:24:36,026,WAC_006_264_36,1,0.002,14,0.998,0.0,21.59
2025-10-25 01:34:38,026,WAC_006_264_36,2,0.003,13,0.996,0.0,21.59
2025-10-25 01:44:41,026,WAC_006_264_36,38,0.063,13,0.932,0.0,21.6
2025-10-25 01:54:43,026,WAC_006_264_36,9,0.015,12,0.982,0.0,21.58
2025-10-25 02:04:46,026,WAC_006_264_36,32,0.053,12,0.938,0.0,21.56
2025-10-25 02:14:49,026,WAC_006_264_36,178,0.296,7,0.611,0.0,21.56
2025-10-25 02:24:52,026,WAC_006_264_36,162,0.269,7,0.633,0.0,21.49
2025-10-25 02:34:55,026,WAC_006_264_36,191,0.318,6,0.557,0.0,21.46
2025-10-25 02:44:57,026,WAC_006_264_36,60,0.1,11,0.88,0.0,21.4
2025-10-25 02:55:00,026,WAC_006_264_36,306,0.508,0,0.0,0.0,21.46
2025-10-25 03:05:03,026,WAC_006_264_36,176,0.292,8,0.645,0.0,21.47
2025-10-25 03:15:05,026,WAC_006_264_36,250,0.417,4,0.39,0.0,21.47
2025-10-25 03:25:09,026,WAC_006_264_36,281,0.468,4,0.363,0.0,21.59
2025-10-25 03:35:12,026,WAC_006_264_36,97,0.161,11,0.819,0.0,21.49
2025-10-25 03:45:14,026,WAC_006_264_36,433,0.72,0,0.0,0.0,21.53
2025-10-25 03:55:17,026,WAC_006_264_36,413,0.688,1,0.088,0.0,21.56
2025-10-25 04:05:20,026,WAC_006_264_36,233,0.388,3,0.34,0.0,21.57
2025-10-25 04:15:44,026,WAC_006_264_36,37,0.062,11,0.922,0.0,21.58
2025-10-25 04:25:47,026,WAC_006_264_36,11,0.018,13,0.979,0.0,21.51
2025-10-25 04:35:49,026,WAC_006_264_36,19,0.032,12,0.962,0.0,21.48
2025-10-25 04:45:52,026,WAC_006_264_36,35,0.058,11,0.926,0.0,21.44
2025-10-25 04:55:55,026,WAC_006_264_36,84,0.14,10,0.826,0.0,21.43
2025-10-25 05:05:58,026,WAC_006_264_36,215,0.358,4,0.427,0.0,21.43
2025-10-25 05:16:02,026,WAC_006_264_36,286,0.474,3,0.296,0.0,21.45
2025-10-25 05:26:05,026,WAC_006_264_36,22,0.037,14,0.962,0.0,21.42
2025-10-25 05:36:07,026,WAC_006_264_36,274,0.457,4,0.369,0.0,21.41
2025-10-25 05:46:11,026,WAC_006_264_36,202,0.336,3,0.373,0.0,21.45
2025-10-25 05:56:13,026,WAC_006_264_36,217,0.361,2,0.269,0.0,21.45
2025-10-25 06:06:17,026,WAC_006_264_36,74,0.123,10,0.844,0.6336,21.48
2025-10-25 06:16:19,026,WAC_006_264_36,9,0.015,14,0.984,0.6156,21.45
2025-10-25 06:26:21,026,WAC_006_264_36,4,0.007,14,0.993,0.594,21.44
2025-10-25 06:36:24,026,WAC_006_264_36,1,0.002,14,0.998,0.5976,21.4
2025-10-25 06:46:27,026,WAC_006_264_36,0,0.0,15,1.0,0.6228,21.37
2025-10-25 06:56:29,026,WAC_006_264_36,4,0.007,13,0.992,0.612,21.34
2025-10-25 07:06:34,026,WAC_006_264_36,16,0.027,13,0.97,0.6048,21.34
2025-10-25 07:16:36,026,WAC_006_264_36,1,0.002,14,0.998,0.6228,21.33
2025-10-25 07:26:39,026,WAC_006_264_36,0,0.0,15,1.0,0.6192,21.32
2025-10-25 07:36:42,026,WAC_006_264_36,127,0.212,6,0.654,0.5832,21.31
2025-10-25 07:46:44,026,WAC_006_264_36,92,0.153,11,0.827,0.6696,21.31
2025-10-25 07:56:47,026,WAC_006_264_36,185,0.308,3,0.393,0.6408,21.34
2025-10-25 08:06:50,026,WAC_006_264_36,74,0.123,10,0.844,0.6408,21.34
2025-10-25 08:17:16,026,WAC_006_264_36,11,0.018,13,0.979,0.6408,21.39
2025-10-25 08:27:19,026,WAC_006_264_36,11,0.018,13,0.979,0.6516,21.34
2025-10-25 08:37:22,026,WAC_006_264_36,7,0.012,13,0.987,0.6336,21.33
2025-10-25 08:47:26,026,WAC_006_264_36,8,0.013,14,0.986,0.6408,21.33
2025-10-25 08:57:29,026,WAC_006_264_36,13,0.022,12,0.974,0.6408,21.32
2025-10-25 09:07:32,026,WAC_006_264_36,13,0.022,13,0.976,0.648,21.3
2025-10-25 09:17:34,026,WAC_006_264_36,7,0.012,14,0.988,0.648,21.3
2025-10-25 09:27:37,026,WAC_006_264_36,7,0.012,13,0.987,0.6336,21.3
2025-10-25 09:37:40,026,WAC_006_264_36,103,0.171,8,0.757,0.6048,21.28
2025-10-25 09:47:43,026,WAC_006_264_36,107,0.178,2,0.428,0.6048,21.31
2025-10-25 09:57:46,026,WAC_006_264_36,91,0.151,7,0.755,0.6336,21.31
2025-10-25 10:07:48,026,WAC_006_264_36,0,0.0,15,1.0,0.684,21.3
2025-10-25 10:17:51,026,WAC_006_264_36,18,0.03,13,0.967,0.6768,21.3
2025-10-25 10:27:55,026,WAC_006_264_36,48,0.08,12,0.909,0.666,21.32
2025-10-25 10:37:58,026,WAC_006_264_36,185,0.308,5,0.519,0.648,21.38
2025-10-25 10:48:01,026,WAC_006_264_36,99,0.165,5,0.669,0.6372,21.44
2025-10-25 10:58:03,026,WAC_006_264_36,19,0.032,11,0.959,0.6336,21.46
2025-10-25 11:08:05,026,WAC_006_264_36,9,0.015,13,0.983,0.576,21.48
2025-10-25 11:18:08,026,WAC_006_264_36,4,0.007,14,0.993,0.6048,21.47
2025-10-25 11:28:11,026,WAC_006_264_36,2,0.003,13,0.996,0.6048,21.45
2025-10-25 11:38:14,026,WAC_006_264_36,8,0.013,13,0.985,0.6048,21.44
2025-10-25 11:48:17,026,WAC_006_264_36,1,0.002,14,0.998,0.5976,21.43
2025-10-25 11:58:20,026,WAC_006_264_36,11,0.018,12,0.978,0.6012,21.41
2025-10-25 12:08:23,026,WAC_006_264_36,3,0.005,13,0.994,0.6048,21.41
2025-10-25 12:18:45,026,WAC_006_264_36,10,0.017,13,0.981,0.612,21.43
2025-10-25 12:28:49,026,WAC_006_264_36,5,0.008,13,0.99,0.6048,21.4
2025-10-25 12:38:52,026,WAC_006_264_36,3,0.005,13,0.994,0.5976,21.36
2025-10-25 12:48:54,026,WAC_006_264_36,96,0.16,5,0.676,0.5616,21.35
2025-10-25 12:58:57,026,WAC_006_264_36,50,0.083,7,0.848,0.5832,21.37
2025-10-25 13:09:00,026,WAC_006_264_36,12,0.02,14,0.979,0.648,21.37
2025-10-25 13:19:02,026,WAC_006_264_36,10,0.017,13,0.981,0.6552,21.36
2025-10-25 13:29:05,026,WAC_006_264_36,2,0.003,14,0.996,0.6048,21.34
2025-10-25 13:39:07,026,WAC_006_264_36,9,0.015,14,0.984,0.612,21.33
2025-10-25 13:49:12,026,WAC_006_264_36,4,0.007,14,0.993,0.6012,21.3
2025-10-25 13:59:15,026,WAC_006_264_36,13,0.022,12,0.974,0.612,21.29
2025-10-25 14:09:18,026,WAC_006_264_36,87,0.145,5,0.697,0.5832,21.3
2025-10-25 14:19:20,026,WAC_006_264_36,87,0.145,4,0.648,0.5904,21.32
2025-10-25 14:29:23,026,WAC_006_264_36,17,0.028,13,0.968,0.6192,21.29
2025-10-25 14:39:25,026,WAC_006_264_36,0,0.0,15,1.0,0.6516,21.27
2025-10-25 14:49:28,026,WAC_006_264_36,6,0.01,14,0.989,0.6372,21.26
2025-10-25 14:59:31,026,WAC_006_264_36,0,0.0,15,1.0,0.6336,21.24
2025-10-25 15:09:33,026,WAC_006_264_36,0,0.0,15,1.0,0.6408,21.22
2025-10-25 15:19:36,026,WAC_006_264_36,43,0.072,11,0.911,0.6228,21.22
2025-10-25 15:29:39,026,WAC_006_264_36,7,0.012,14,0.988,0.612,21.2
2025-10-25 15:39:42,026,WAC_006_264_36,0,0.0,15,1.0,0.576,21.19
2025-10-25 15:49:46,026,WAC_006_264_36,0,0.0,15,1.0,0.5904,21.17
2025-10-25 15:59:49,026,WAC_006_264_36,9,0.015,13,0.983,0.5832,21.16
2025-10-25 16:09:52,026,WAC_006_264_36,4,0.007,14,0.993,0.5832,21.15
2025-10-25 16:20:18,026,WAC_006_264_36,1,0.002,14,0.998,0.5904,21.21
2025-10-25 16:30:21,026,WAC_006_264_36,0,0.0,15,1.0,0.5904,21.19
2025-10-25 16:40:24,026,WAC_006_264_36,53,0.088,11,0.892,0.5328,21.18
2025-10-25 16:50:26,026,WAC_006_264_36,102,0.17,5,0.662,0.6192,21.23
2025-10-25 17:00:29,026,WAC_006_264_36,57,0.095,12,0.894,0.666,21.18
2025-10-25 17:10:32,026,WAC_006_264_36,123,0.205,8,0.722,0.6228,21.18
2025-10-25 17:20:35,026,WAC_006_264_36,323,0.537,0,0.0,0.5544,21.3
2025-10-25 17:30:38,026,WAC_006_264_36,82,0.136,10,0.83,0.6048,21.34
2025-10-25 17:40:41,026,WAC_006_264_36,7,0.012,12,0.986,0.5976,21.33
2025-10-25 17:50:43,026,WAC_006_264_36,2,0.003,13,0.996,0.5976,21.33
2025-10-25 18:00:46,026,WAC_006_264_36,208,0.346,2,0.278,0.0,21.35
2025-10-25 18:10:49,026,WAC_006_264_36,365,0.608,1,0.099,0.0,21.4
2025-10-25 18:20:51,026,WAC_006_264_36,223,0.371,6,0.518,0.0,21.39
2025-10-25 18:30:54,026,WAC_006_264_36,320,0.532,1,0.111,0.0,21.45
2025-10-25 18:40:57,026,WAC_006_264_36,60,0.1,10,0.87,0.0,21.41
2025-10-25 18:51:00,026,WAC_006_264_36,143,0.238,8,0.691,0.0,21.36
2025-10-25 19:01:03,026,WAC_006_264_36,397,0.659,1,0.092,0.0,21.45
2025-10-25 19:11:06,026,WAC_006_264_36,264,0.439,4,0.377,0.0,21.43
2025-10-25 19:21:09,026,WAC_006_264_36,67,0.111,11,0.868,0.0,21.36
2025-10-25 19:31:12,026,WAC_006_264_36,211,0.352,2,0.275,0.0,21.4
2025-10-25 19:41:15,026,WAC_006_264_36,31,0.052,12,0.939,0.0,21.37
2025-10-25 19:51:18,026,WAC_006_264_36,17,0.028,13,0.968,0.0,21.35
2025-10-25 20:01:20,026,WAC_006_264_36,25,0.042,11,0.946,0.0,21.32
2025-10-25 20:11:23,026,WAC_006_264_36,31,0.052,12,0.939,0.0,21.31
2025-10-25 20:21:45,026,WAC_006_264_36,79,0.132,6,0.752,0.0,21.35
2025-10-25 20:31:48,026,WAC_006_264_36,58,0.097,12,0.892,0.0,21.32
2025-10-25 20:41:51,026,WAC_006_264_36,190,0.316,5,0.513,0.0,21.37
2025-10-25 20:51:53,026,WAC_006_264_36,294,0.489,1,0.12,0.0,21.42
2025-10-25 21:01:57,026,WAC_006_264_36,201,0.334,3,0.374,0.0,21.43
2025-10-25 21:12:00,026,WAC_006_264_36,74,0.123,11,0.856,0.0,21.43
2025-10-25 21:22:03,026,WAC_006_264_36,150,0.249,8,0.681,0.0,21.42
2025-10-25 21:32:05,026,WAC_006_264_36,185,0.308,5,0.519,0.0,21.4
2025-10-25 21:42:08,026,WAC_006_264_36,242,0.403,2,0.248,0.0,21.4
2025-10-25 21:52:11,026,WAC_006_264_36,238,0.396,0,0.0,0.0,21.37
2025-10-25 22:02:14,026,WAC_006_264_36,27,0.045,13,0.951,0.0,21.34
2025-10-25 22:12:16,026,WAC_006_264_36,11,0.018,13,0.979,0.0,21.31
2025-10-25 22:22:19,026,WAC_006_264_36,88,0.146,8,0.784,0.0,21.28
2025-10-25 22:32:21,026,WAC_006_264_36,64,0.107,11,0.873,0.0,21.27
2025-10-25 22:42:23,026,WAC_006_264_36,97,0.161,9,0.788,0.0,21.28
2025-10-25 22:52:26,026,WAC_006_264_36,145,0.241,5,0.58,0.0,21.3
2025-10-25 23:02:29,026,WAC_006_264_36,278,0.463,3,0.302,0.0,21.34
2025-10-25 23:12:31,026,WAC_006_264_36,210,0.349,4,0.432,0.0,21.35
2025-10-25 23:22:34,026,WAC_006_264_36,175,0.291,6,0.578,0.0,21.37
2025-10-25 23:32:37,026,WAC_006_264_36,67,0.111,10,0.857,0.0,21.36
2025-10-25 23:42:40,026,WAC_006_264_36,261,0.434,2,0.235,0.0,21.38
2025-10-25 23:52:45,026,WAC_006_264_36,550,0.914,0,0.0,0.0,21.44
2025-10-26 00:02:47,026,WAC_006_264_36,297,0.494,1,0.119,0.0,21.44
2025-10-26 00:12:50,026,WAC_006_264_36,334,0.557,1,0.107,0.0,21.44
2025-10-26 00:23:12,026,WAC_006_264_36,314,0.524,0,0.0,0.0,21.57
2025-10-26 00:33:15,026,WAC_006_264_36,161,0.268,4,0.498,0.0,21.56
2025-10-26 00:43:18,026,WAC_006_264_36,71,0.118,6,0.772,0.0,21.5
2025-10-26 00:53:21,026,WAC_006_264_36,49,0.082,9,0.88,0.0,21.46
2025-10-26 01:03:23,026,WAC_006_264_36,43,0.072,11,0.911,0.0,21.41
2025-10-26 01:13:26,026,WAC_006_264_36,5,0.008,14,0.991,0.0,21.43
2025-10-26 01:23:30,026,WAC_006_264_36,3,0.005,13,0.994,0.0,21.42
2025-10-26 01:33:33,026,WAC_006_264_36,8,0.013,13,0.985,0.0,21.39
2025-10-26 01:43:35,026,WAC_006_264_36,14,0.023,13,0.974,0.0,21.37
2025-10-26 01:53:38,026,WAC_006_264_36,13,0.022,12,0.974,0.0,21.38
2025-10-26 02:03:41,026,WAC_006_264_36,10,0.017,12,0.98,0.0,21.36
2025-10-26 02:13:44,026,WAC_006_264_36,28,0.047,13,0.949,0.0,21.34
2025-10-26 02:23:46,026,WAC_006_264_36,12,0.02,13,0.977,0.0,21.34
2025-10-26 02:33:49,026,WAC_006_264_36,3,0.005,14,0.995,0.0,21.34
2025-10-26 02:43:52,026,WAC_006_264_36,14,0.023,14,0.976,0.0,21.3
2025-10-26 02:53:54,026,WAC_006_264_36,18,0.03,12,0.964,0.0,21.3
2025-10-26 03:03:57,026,WAC_006_264_36,223,0.37,3,0.35,0.0,21.36
2025-10-26 03:13:59,026,WAC_006_264_36,138,0.23,8,0.699,0.0,21.3
2025-10-26 03:24:04,026,WAC_006_264_36,179,0.297,6,0.573,0.0,21.26
2025-10-26 03:34:06,026,WAC_006_264_36,0,0.0,15,1.0,0.0,21.2
2025-10-26 03:44:10,026,WAC_006_264_36,273,0.454,1,0.128,0.0,21.31
2025-10-26 03:54:12,026,WAC_006_264_36,262,0.436,2,0.234,0.0,21.33
2025-10-26 04:04:16,026,WAC_006_264_36,396,0.659,0,0.0,0.0,21.38
2025-10-26 04:14:19,026,WAC_006_264_36,316,0.526,1,0.112,0.0,21.4
2025-10-26 04:24:40,026,WAC_006_264_36,259,0.432,1,0.134,0.0,21.4
2025-10-26 04:34:42,026,WAC_006_264_36,96,0.16,7,0.745,0.0,21.43
2025-10-26 04:44:45,026,WAC_006_264_36,287,0.478,2,0.218,0.0,21.38
2025-10-26 04:54:47,026,WAC_006_264_36,84,0.14,9,0.811,0.0,21.33
2025-10-26 05:04:50,026,WAC_006_264_36,2,0.003,14,0.996,0.0,21.28
2025-10-26 05:14:53,026,WAC_006_264_36,51,0.085,11,0.896,0.0,21.25
2025-10-26 05:24:56,026,WAC_006_264_36,120,0.199,7,0.7,0.0,21.23
2025-10-26 05:35:00,026,WAC_006_264_36,127,0.211,7,0.688,0.0,21.18
2025-10-26 05:45:03,026,WAC_006_264_36,6,0.01,13,0.989,0.0,21.2
2025-10-26 05:55:06,026,WAC_006_264_36,4,0.007,14,0.993,0.0,21.21
2025-10-26 06:05:08,026,WAC_006_264_36,9,0.015,13,0.983,0.6696,21.19
2025-10-26 06:15:11,026,WAC_006_264_36,0,0.0,15,1.0,0.6624,21.18
2025-10-26 06:25:14,026,WAC_006_264_36,4,0.007,14,0.993,0.6624,21.18
2025-10-26 06:35:16,026,WAC_006_264_36,5,0.008,14,0.991,0.6552,21.19
2025-10-26 06:45:19,026,WAC_006_264_36,47,0.078,10,0.895,0.6408,21.19
2025-10-26 06:55:21,026,WAC_006_264_36,0,0.0,15,1.0,0.6408,21.18
2025-10-26 07:05:26,026,WAC_006_264_36,2,0.003,14,0.996,0.648,21.18
2025-10-26 07:15:29,026,WAC_006_264_36,6,0.01,13,0.989,0.648,21.15
2025-10-26 07:25:31,026,WAC_006_264_36,4,0.007,14,0.993,0.6408,21.13
2025-10-26 07:35:34,026,WAC_006_264_36,6,0.01,14,0.989,0.6444,21.13
2025-10-26 07:45:37,026,WAC_006_264_36,1,0.002,14,0.998,0.6444,21.14
2025-10-26 07:55:39,026,WAC_006_264_36,27,0.045,11,0.942,0.6408,21.15
2025-10-26 08:05:42,026,WAC_006_264_36,159,0.265,0,0.0,0.7092,21.2
2025-10-26 08:15:45,026,WAC_006_264_36,82,0.137,9,0.814,0.684,21.19
2025-10-26 08:26:03,026,WAC_006_264_36,194,0.324,4,0.452,0.2736,21.3
2025-10-26 08:36:07,026,WAC_006_264_36,168,0.28,3,0.417,0.7344,21.39
2025-10-26 08:46:09,026,WAC_006_264_36,147,0.245,3,0.449,0.648,21.41
2025-10-26 08:56:12,026,WAC_006_264_36,1,0.002,15,0.998,0.6696,21.36
2025-10-26 09:06:15,026,WAC_006_264_36,4,0.007,13,0.992,0.6768,21.31
2025-10-26 09:16:18,026,WAC_006_264_36,2,0.003,14,0.996,0.6696,21.28
2025-10-26 09:26:21,026,WAC_006_264_36,2,0.003,15,0.997,0.6696,21.27
2025-10-26 09:36:23,026,WAC_006_264_36,0,0.0,15,1.0,0.666,21.25
2025-10-26 09:46:25,026,WAC_006_264_36,0,0.0,15,1.0,0.6696,21.25
2025-10-26 09:56:28,026,WAC_006_264_36,10,0.017,12,0.98,0.6048,21.22
2025-10-26 10:06:31,026,WAC_006_264_36,12,0.02,10,0.971,0.6336,21.27
2025-10-26 10:16:34,026,WAC_006_264_36,2,0.003,14,0.996,0.6264,21.25
2025-10-26 10:26:37,026,WAC_006_264_36,3,0.005,14,0.995,0.6264,21.26
2025-10-26 10:36:39,026,WAC_006_264_36,0,0.0,15,1.0,0.6264,21.25
2025-10-26 10:46:44,026,WAC_006_264_36,0,0.0,15,1.0,0.6372,21.26
2025-10-26 10:56:47,026,WAC_006_264_36,4,0.007,14,0.993,0.5616,21.29
2025-10-26 11:06:49,026,WAC_006_264_36,178,0.296,4,0.473,0.6156,21.33
2025-10-26 11:16:52,026,WAC_006_264_36,323,0.538,1,0.11,0.6552,21.4
2025-10-26 11:26:54,026,WAC_006_264_36,117,0.195,8,0.732,0.666,21.44
2025-10-26 11:36:57,026,WAC_006_264_36,2,0.003,13,0.996,0.6624,21.42
2025-10-26 11:47:00,026,WAC_006_264_36,3,0.005,14,0.995,0.6624,21.44
2025-10-26 11:57:05,026,WAC_006_264_36,19,0.032,11,0.959,0.6696,21.45
2025-10-26 12:07:07,026,WAC_006_264_36,11,0.018,13,0.979,0.6624,21.42
2025-10-26 12:17:10,026,WAC_006_264_36,4,0.007,13,0.992,0.6732,21.4
2025-10-26 12:27:28,026,WAC_006_264_36,8,0.013,13,0.985,0.6624,21.42
2025-10-26 12:37:31,026,WAC_006_264_36,12,0.02,14,0.979,0.6624,21.38
2025-10-26 12:47:34,026,WAC_006_264_36,15,0.025,12,0.97,0.6732,21.36
2025-10-26 12:57:36,026,WAC_006_264_36,12,0.02,13,0.977,0.6696,21.34
2025-10-26 13:07:39,026,WAC_006_264_36,23,0.038,13,0.958,0.6696,21.33
2025-10-26 13:17:42,026,WAC_006_264_36,17,0.028,13,0.968,0.6768,21.33
2025-10-26 13:27:44,026,WAC_006_264_36,15,0.025,13,0.972,0.6768,21.32
2025-10-26 13:37:47,026,WAC_006_264_36,0,0.0,15,1.0,0.684,21.34
2025-10-26 13:47:50,026,WAC_006_264_36,63,0.105,12,0.884,0.6912,21.35
2025-10-26 13:57:53,026,WAC_006_264_36,122,0.203,3,0.496,0.6768,21.35
2025-10-26 14:07:56,026,WAC_006_264_36,153,0.255,5,0.567,0.648,21.36
2025-10-26 14:17:59,026,WAC_006_264_36,156,0.26,5,0.562,0.7128,21.4
2025-10-26 14:28:02,026,WAC_006_264_36,84,0.14,7,0.769,0.6912,21.41
2025-10-26 14:38:05,026,WAC_006_264_36,6,0.01,14,0.989,0.6948,21.37
2025-10-26 14:48:08,026,WAC_006_264_36,7,0.012,14,0.988,0.6912,21.38
2025-10-26 14:58:10,026,WAC_006_264_36,28,0.047,11,0.94,0.702,21.38
2025-10-26 15:08:14,026,WAC_006_264_36,88,0.146,12,0.845,0.684,21.39
2025-10-26 15:18:16,026,WAC_006_264_36,87,0.145,7,0.763,0.6984,21.42
2025-10-26 15:28:20,026,WAC_006_264_36,4,0.007,13,0.992,0.6984,21.4
2025-10-26 15:38:23,026,WAC_006_264_36,1,0.002,14,0.998,0.6984,21.4
2025-10-26 15:48:26,026,WAC_006_264_36,1,0.002,14,0.998,0.7056,21.41
2025-10-26 15:58:29,026,WAC_006_264_36,9,0.015,12,0.982,0.7056,21.41
2025-10-26 16:08:34,026,WAC_006_264_36,1,0.002,15,0.998,0.6984,21.4
2025-10-26 16:18:37,026,WAC_006_264_36,5,0.008,13,0.99,0.7092,21.38
2025-10-26 16:29:00,026,WAC_006_264_36,0,0.0,15,1.0,0.6624,21.43
2025-10-26 16:39:03,026,WAC_006_264_36,0,0.0,15,1.0,0.6624,21.42
2025-10-26 16:49:06,026,WAC_006_264_36,91,0.151,6,0.725,0.6408,21.45
2025-10-26 16:59:10,026,WAC_006_264_36,197,0.327,2,0.289,0.558,21.47
2025-10-26 17:09:14,026,WAC_006_264_36,173,0.288,6,0.581,0.648,21.41
2025-10-26 17:19:17,026,WAC_006_264_36,142,0.236,5,0.585,0.6876,21.4
2025-10-26 17:29:20,026,WAC_006_264_36,35,0.058,8,0.901,0.702,21.4
2025-10-26 17:39:23,026,WAC_006_264_36,5,0.008,13,0.99,0.6984,21.38
2025-10-26 17:49:26,026,WAC_006_264_36,2,0.003,14,0.996,0.6876,21.34
2025-10-26 17:59:29,026,WAC_006_264_36,22,0.037,12,0.956,0.6948,21.32
2025-10-26 18:09:32,026,WAC_006_264_36,170,0.283,3,0.414,0.0,21.33
2025-10-26 18:19:35,026,WAC_006_264_36,188,0.313,2,0.299,0.0,21.33
2025-10-26 18:29:38,026,WAC_006_264_36,219,0.364,4,0.422,0.0,21.39
2025-10-26 18:39:41,026,WAC_006_264_36,150,0.25,7,0.651,0.0,21.42
2025-10-26 18:49:44,026,WAC_006_264_36,200,0.333,5,0.5,0.0,21.43
2025-10-26 18:59:48,026,WAC_006_264_36,98,0.163,10,0.803,0.0,21.43
2025-10-26 19:09:50,026,WAC_006_264_36,246,0.409,2,0.245,0.0,21.46
2025-10-26 19:19:53,026,WAC_006_264_36,273,0.454,2,0.227,0.0,21.49
2025-10-26 19:29:57,026,WAC_006_264_36,93,0.154,10,0.811,0.0,21.49
2025-10-26 19:40:00,026,WAC_006_264_36,230,0.382,0,0.0,0.0,21.5
2025-10-26 19:50:03,026,WAC_006_264_36,10,0.017,13,0.981,0.0,21.48
2025-10-26 20:00:05,026,WAC_006_264_36,5,0.008,13,0.99,0.0,21.43
2025-10-26 20:10:08,026,WAC_006_264_36,6,0.01,14,0.989,0.0,21.42
2025-10-26 20:20:11,026,WAC_006_264_36,29,0.048,10,0.932,0.0,21.41
2025-10-26 20:30:23,026,WAC_006_264_36,96,0.16,10,0.806,0.0,21.41
2025-10-26 20:40:26,026,WAC_006_264_36,123,0.205,8,0.722,0.0,21.4
2025-10-26 20:50:28,026,WAC_006_264_36,277,0.461,2,0.224,0.0,21.46
2025-10-26 21:00:31,026,WAC_006_264_36,27,0.045,13,0.951,0.0,21.42
2025-10-26 21:10:33,026,WAC_006_264_36,233,0.388,4,0.407,0.0,21.42
2025-10-26 21:20:36,026,WAC_006_264_36,230,0.383,1,0.148,0.0,21.46
2025-10-26 21:30:39,026,WAC_006_264_36,432,0.718,0,0.0,0.0,21.59
2025-10-26 21:40:42,026,WAC_006_264_36,7,0.012,14,0.988,0.0,21.49
2025-10-26 21:50:45,026,WAC_006_264_36,174,0.29,6,0.58,0.0,21.47
2025-10-26 22:00:48,026,WAC_006_264_36,223,0.37,6,0.518,0.0,21.48
2025-10-26 22:10:51,026,WAC_006_264_36,209,0.348,5,0.489,0.0,21.49
2025-10-26 22:20:53,026,WAC_006_264_36,141,0.235,4,0.532,0.0,21.5
2025-10-26 22:30:56,026,WAC_006_264_36,174,0.29,2,0.315,0.0,21.46
2025-10-26 22:40:59,026,WAC_006_264_36,181,0.301,5,0.525,0.0,21.42
2025-10-26 22:51:02,026,WAC_006_264_36,118,0.196,8,0.731,0.0,21.38
2025-10-26 23:01:04,026,WAC_006_264_36,172,0.286,5,0.538,0.0,21.37
2025-10-26 23:11:07,026,WAC_006_264_36,122,0.203,9,0.747,0.0,21.35
2025-10-26 23:21:10,026,WAC_006_264_36,149,0.248,7,0.653,0.0,21.34
2025-10-26 23:31:13,026,WAC_006_264_36,63,0.105,10,0.864,0.0,21.33
2025-10-26 23:41:16,026,WAC_006_264_36,249,0.414,3,0.325,0.0,21.37
2025-10-26 23:51:19,026,WAC_006_264_36,323,0.537,2,0.199,0.0,21.4
2025-10-25 00:07:12,029,WAC_006_264_37,3,0.005,14,0.995,0.0,21.81
2025-10-25 00:17:24,029,WAC_006_264_37,2,0.003,14,0.996,0.0,21.81
2025-10-25 00:27:27,029,WAC_006_264_37,0,0.0,15,1.0,0.0,21.77
2025-10-25 00:37:29,029,WAC_006_264_37,0,0.0,15,1.0,0.0,21.74
2025-10-25 00:47:32,029,WAC_006_264_37,8,0.013,14,0.986,0.0,21.73
2025-10-25 00:57:35,029,WAC_006_264_37,54,0.09,9,0.87,0.0,21.72
2025-10-25 01:07:37,029,WAC_006_264_37,42,0.07,12,0.92,0.0,21.89
2025-10-25 01:17:40,029,WAC_006_264_37,7,0.012,14,0.988,0.0,21.93
2025-10-25 01:27:43,029,WAC_006_264_37,5,0.008,14,0.991,0.0,21.85
2025-10-25 01:37:45,029,WAC_006_264_37,44,0.073,12,0.916,0.0,21.8
2025-10-25 01:47:49,029,WAC_006_264_37,141,0.235,2,0.362,0.0,21.84
2025-10-25 01:57:51,029,WAC_006_264_37,100,0.166,8,0.762,0.0,21.8
2025-10-25 02:07:54,029,WAC_006_264_37,135,0.225,9,0.727,0.0,21.76
2025-10-25 02:17:57,029,WAC_006_264_37,161,0.268,8,0.665,0.0,21.71
2025-10-25 02:28:00,029,WAC_006_264_37,35,0.058,11,0.926,0.0,21.66
2025-10-25 02:38:02,029,WAC_006_264_37,59,0.098,8,0.844,0.0,21.64
2025-10-25 02:48:05,029,WAC_006_264_37,320,0.532,3,0.273,0.0,21.66
2025-10-25 02:58:08,029,WAC_006_264_37,125,0.208,9,0.742,0.0,21.66
2025-10-25 03:08:10,029,WAC_006_264_37,197,0.328,2,0.289,0.0,21.71
2025-10-25 03:18:13,029,WAC_006_264_37,137,0.228,1,0.226,0.0,21.76
2025-10-25 03:28:17,029,WAC_006_264_37,173,0.288,0,0.0,0.0,21.76
2025-10-25 03:38:19,029,WAC_006_264_37,200,0.333,1,0.167,0.0,21.74
2025-10-25 03:48:22,029,WAC_006_264_37,62,0.103,9,0.853,0.0,21.68
2025-10-25 03:58:25,029,WAC_006_264_37,9,0.015,13,0.983,0.0,21.61
2025-10-25 04:08:27,029,WAC_006_264_37,247,0.411,5,0.447,0.0,21.62
2025-10-25 04:18:41,029,WAC_006_264_37,140,0.234,4,0.533,0.0,21.69
2025-10-25 04:28:44,029,WAC_006_264_37,43,0.072,9,0.893,0.0,21.67
2025-10-25 04:38:47,029,WAC_006_264_37,10,0.017,13,0.981,0.0,21.64
2025-10-25 04:48:50,029,WAC_006_264_37,24,0.04,12,0.952,0.0,21.65
2025-10-25 04:58:52,029,WAC_006_264_37,1,0.002,14,0.998,0.0,21.63
2025-10-25 05:08:56,029,WAC_006_264_37,8,0.013,14,0.986,0.0,21.62
2025-10-25 05:18:58,029,WAC_006_264_37,32,0.053,13,0.942,0.0,21.62
2025-10-25 05:29:01,029,WAC_006_264_37,87,0.145,5,0.697,0.0,21.63
2025-10-25 05:39:04,029,WAC_006_264_37,89,0.148,9,0.802,0.0,21.58
2025-10-25 05:49:06,029,WAC_006_264_37,65,0.108,11,0.871,0.0,21.58
2025-10-25 05:59:09,029,WAC_006_264_37,177,0.295,4,0.475,0.0,21.62
2025-10-25 06:09:12,029,WAC_006_264_37,153,0.255,4,0.511,0.1188,21.63
2025-10-25 06:19:15,029,WAC_006_264_37,10,0.017,14,0.982,0.108,21.62
2025-10-25 06:29:19,029,WAC_006_264_37,0,0.0,15,1.0,0.108,21.61
2025-10-25 06:39:21,029,WAC_006_264_37,7,0.012,13,0.987,0.1008,21.6
2025-10-25 06:49:24,029,WAC_006_264_37,1,0.002,14,0.998,0.1116,21.58
2025-10-25 06:59:27,029,WAC_006_264_37,12,0.02,14,0.979,0.108,21.57
2025-10-25 07:09:29,029,WAC_006_264_37,1,0.002,14,0.998,0.108,21.55
2025-10-25 07:19:32,029,WAC_006_264_37,5,0.008,14,0.991,0.108,21.54
2025-10-25 07:29:35,029,WAC_006_264_37,10,0.017,13,0.981,0.1116,21.53
2025-10-25 07:39:38,029,WAC_006_264_37,40,0.067,11,0.917,0.108,21.54
2025-10-25 07:49:40,029,WAC_006_264_37,9,0.015,13,0.983,0.108,21.54
2025-10-25 07:59:43,029,WAC_006_264_37,2,0.003,14,0.996,0.108,21.54
2025-10-25 08:09:46,029,WAC_006_264_37,8,0.013,14,0.986,0.1008,21.53
2025-10-25 08:20:07,029,WAC_006_264_37,0,0.0,15,1.0,0.108,21.57
2025-10-25 08:30:09,029,WAC_006_264_37,1,0.002,14,0.998,0.108,21.55
2025-10-25 08:40:12,029,WAC_006_264_37,209,0.348,3,0.365,0.0864,21.57
2025-10-25 08:50:15,029,WAC_006_264_37,98,0.163,8,0.766,0.108,21.61
2025-10-25 09:00:17,029,WAC_006_264_37,46,0.077,8,0.874,0.126,21.62
2025-10-25 09:10:20,029,WAC_006_264_37,0,0.0,15,1.0,0.1224,21.62
2025-10-25 09:20:23,029,WAC_006_264_37,2,0.003,14,0.996,0.1152,21.61
2025-10-25 09:30:26,029,WAC_006_264_37,2,0.003,14,0.996,0.1224,21.59
2025-10-25 09:40:29,029,WAC_006_264_37,0,0.0,15,1.0,0.1224,21.57
2025-10-25 09:50:31,029,WAC_006_264_37,8,0.013,14,0.986,0.1152,21.56
2025-10-25 10:00:34,029,WAC_006_264_37,22,0.037,12,0.956,0.1152,21.55
2025-10-25 10:10:38,029,WAC_006_264_37,3,0.005,14,0.995,0.1512,21.58
2025-10-25 10:20:40,029,WAC_006_264_37,4,0.007,14,0.993,0.1548,21.58
2025-10-25 10:30:43,029,WAC_006_264_37,25,0.042,12,0.95,0.1656,21.59
2025-10-25 10:40:46,029,WAC_006_264_37,36,0.06,11,0.924,0.2088,21.62
2025-10-25 10:50:49,029,WAC_006_264_37,263,0.438,3,0.313,0.1872,21.8
2025-10-25 11:00:51,029,WAC_006_264_37,252,0.419,3,0.323,0.18,21.87
2025-10-25 11:10:54,029,WAC_006_264_37,186,0.309,5,0.518,0.216,21.98
2025-10-25 11:20:57,029,WAC_006_264_37,21,0.035,12,0.958,0.2232,22.02
2025-10-25 11:31:00,029,WAC_006_264_37,5,0.008,14,0.991,0.2232,22.03
2025-10-25 11:41:03,029,WAC_006_264_37,4,0.007,14,0.993,0.2268,22.02
2025-10-25 11:51:06,029,WAC_006_264_37,0,0.0,15,1.0,0.2232,21.98
2025-10-25 12:01:09,029,WAC_006_264_37,17,0.028,13,0.968,0.2232,21.94
2025-10-25 12:11:11,029,WAC_006_264_37,5,0.008,13,0.99,0.2268,21.92
2025-10-25 12:21:22,029,WAC_006_264_37,39,0.065,9,0.902,0.2196,21.95
2025-10-25 12:31:25,029,WAC_006_264_37,56,0.093,9,0.865,0.216,21.93
2025-10-25 12:41:29,029,WAC_006_264_37,4,0.007,14,0.993,0.216,21.89
2025-10-25 12:51:31,029,WAC_006_264_37,0,0.0,15,1.0,0.2268,21.88
2025-10-25 13:01:33,029,WAC_006_264_37,2,0.003,14,0.996,0.2232,21.88
2025-10-25 13:11:36,029,WAC_006_264_37,9,0.015,12,0.982,0.252,21.86
2025-10-25 13:21:39,029,WAC_006_264_37,3,0.005,14,0.995,0.2592,21.87
2025-10-25 13:31:42,029,WAC_006_264_37,5,0.008,13,0.99,0.2196,21.88
2025-10-25 13:41:45,029,WAC_006_264_37,9,0.015,13,0.983,0.216,21.84
2025-10-25 13:51:47,029,WAC_006_264_37,41,0.068,11,0.915,0.2088,21.81
2025-10-25 14:01:49,029,WAC_006_264_37,116,0.193,4,0.58,0.2736,21.9
2025-10-25 14:11:53,029,WAC_006_264_37,43,0.072,11,0.911,0.2592,21.76
2025-10-25 14:21:54,029,WAC_006_264_37,85,0.142,10,0.825,0.2016,21.71
2025-10-25 14:31:58,029,WAC_006_264_37,142,0.236,9,0.717,0.2016,21.7
2025-10-25 14:42:01,029,WAC_006_264_37,245,0.408,2,0.246,0.2016,21.83
2025-10-25 14:52:03,029,WAC_006_264_37,9,0.015,14,0.984,0.2016,21.91
2025-10-25 15:02:06,029,WAC_006_264_37,4,0.007,14,0.993,0.2016,21.92
2025-10-25 15:12:09,029,WAC_006_264_37,14,0.023,13,0.974,0.1692,21.91
2025-10-25 15:22:11,029,WAC_006_264_37,5,0.008,13,0.99,0.2052,21.93
2025-10-25 15:32:14,029,WAC_006_264_37,2,0.003,14,0.996,0.2052,21.95
2025-10-25 15:42:17,029,WAC_006_264_37,14,0.023,13,0.974,0.1584,21.94
2025-10-25 15:52:20,029,WAC_006_264_37,6,0.01,13,0.989,0.1692,21.93
2025-10-25 16:02:22,029,WAC_006_264_37,5,0.008,14,0.991,0.1584,21.92
2025-10-25 16:12:25,029,WAC_006_264_37,2,0.003,14,0.996,0.1692,21.93
2025-10-25 16:22:46,029,WAC_006_264_37,8,0.013,13,0.985,0.1584,21.95
2025-10-25 16:32:49,029,WAC_006_264_37,19,0.032,11,0.959,0.1584,21.95
2025-10-25 16:42:52,029,WAC_006_264_37,9,0.015,13,0.983,0.1584,21.92
2025-10-25 16:52:54,029,WAC_006_264_37,27,0.045,11,0.942,0.1512,22.05
2025-10-25 17:02:58,029,WAC_006_264_37,68,0.113,5,0.746,0.162,22.15
2025-10-25 17:13:01,029,WAC_006_264_37,68,0.113,10,0.855,0.1656,22.08
2025-10-25 17:23:04,029,WAC_006_264_37,134,0.223,5,0.599,0.1548,22.04
2025-10-25 17:33:06,029,WAC_006_264_37,7,0.012,13,0.987,0.1548,22.04
2025-10-25 17:43:10,029,WAC_006_264_37,9,0.015,12,0.982,0.1512,22.03
2025-10-25 17:53:12,029,WAC_006_264_37,1,0.002,14,0.998,0.1548,22.04
2025-10-25 18:03:15,029,WAC_006_264_37,77,0.128,6,0.757,0.0,22.19
2025-10-25 18:13:17,029,WAC_006_264_37,135,0.225,7,0.675,0.0,22.0
2025-10-25 18:23:19,029,WAC_006_264_37,97,0.161,9,0.788,0.0,21.92
2025-10-25 18:33:22,029,WAC_006_264_37,213,0.354,5,0.484,0.0,21.88
2025-10-25 18:43:25,029,WAC_006_264_37,86,0.143,8,0.788,0.0,21.81
2025-10-25 18:53:27,029,WAC_006_264_37,142,0.236,8,0.693,0.0,21.84
2025-10-25 19:03:30,029,WAC_006_264_37,69,0.115,9,0.839,0.0,21.79
2025-10-25 19:13:32,029,WAC_006_264_37,115,0.191,7,0.709,0.0,21.76
2025-10-25 19:23:36,029,WAC_006_264_37,60,0.1,7,0.824,0.0,21.84
2025-10-25 19:33:38,029,WAC_006_264_37,30,0.05,9,0.923,0.0,21.99
2025-10-25 19:43:41,029,WAC_006_264_37,2,0.003,14,0.996,0.0,22.0
2025-10-25 19:53:44,029,WAC_006_264_37,3,0.005,13,0.994,0.0,21.96
2025-10-25 20:03:47,029,WAC_006_264_37,0,0.0,15,1.0,0.0,21.94
2025-10-25 20:13:50,029,WAC_006_264_37,0,0.0,15,1.0,0.0,21.91
2025-10-25 20:24:03,029,WAC_006_264_37,1,0.002,14,0.998,0.0,21.94
2025-10-25 20:34:06,029,WAC_006_264_37,0,0.0,15,1.0,0.0,21.9
2025-10-25 20:44:08,029,WAC_006_264_37,4,0.007,13,0.992,0.0,21.93
2025-10-25 20:54:11,029,WAC_006_264_37,42,0.07,11,0.913,0.0,21.89
2025-10-25 21:04:14,029,WAC_006_264_37,68,0.113,8,0.825,0.0,21.81
2025-10-25 21:14:17,029,WAC_006_264_37,87,0.145,7,0.763,0.0,21.92
2025-10-25 21:24:20,029,WAC_006_264_37,49,0.082,11,0.9,0.0,21.88
2025-10-25 21:34:23,029,WAC_006_264_37,157,0.261,2,0.338,0.0,21.94
2025-10-25 21:44:26,029,WAC_006_264_37,75,0.125,11,0.854,0.0,21.87
2025-10-25 21:54:28,029,WAC_006_264_37,127,0.211,5,0.612,0.0,21.89
2025-10-25 22:04:31,029,WAC_006_264_37,117,0.195,5,0.631,0.0,21.98
2025-10-25 22:14:34,029,WAC_006_264_37,86,0.143,7,0.765,0.0,21.98
2025-10-25 22:24:37,029,WAC_006_264_37,137,0.228,6,0.637,0.0,22.01
2025-10-25 22:34:40,029,WAC_006_264_37,41,0.068,11,0.915,0.0,21.9
2025-10-25 22:44:42,029,WAC_006_264_37,79,0.131,10,0.835,0.0,21.88
2025-10-25 22:54:45,029,WAC_006_264_37,26,0.043,12,0.949,0.0,21.83
2025-10-25 23:04:48,029,WAC_006_264_37,133,0.221,6,0.643,0.0,21.84
2025-10-25 23:14:50,029,WAC_006_264_37,60,0.1,8,0.842,0.0,21.8
2025-10-25 23:24:53,029,WAC_006_264_37,91,0.151,9,0.798,0.0,21.8
2025-10-25 23:34:56,029,WAC_006_264_37,187,0.311,5,0.517,0.0,21.82
2025-10-25 23:44:59,029,WAC_006_264_37,312,0.519,0,0.0,0.0,22.13
2025-10-25 23:55:01,029,WAC_006_264_37,13,0.022,10,0.969,0.0,22.25
2025-10-26 00:05:04,029,WAC_006_264_37,2,0.003,14,0.996,0.0,22.21
2025-10-26 00:15:07,029,WAC_006_264_37,0,0.0,15,1.0,0.0,22.14
2025-10-26 00:25:22,029,WAC_006_264_37,4,0.007,13,0.992,0.0,22.12
2025-10-26 00:35:25,029,WAC_006_264_37,6,0.01,13,0.989,0.0,22.09
2025-10-26 00:45:28,029,WAC_006_264_37,1,0.002,14,0.998,0.0,22.1
2025-10-26 00:55:30,029,WAC_006_264_37,0,0.0,15,1.0,0.0,22.05
2025-10-26 01:05:33,029,WAC_006_264_37,0,0.0,15,1.0,0.0,22.04
2025-10-26 01:15:35,029,WAC_006_264_37,0,0.0,15,1.0,0.0,22.03
2025-10-26 01:25:39,029,WAC_006_264_37,8,0.013,13,0.985,0.0,22.03
2025-10-26 01:35:41,029,WAC_006_264_37,0,0.0,15,1.0,0.0,22.01
2025-10-26 01:45:44,029,WAC_006_264_37,16,0.027,14,0.972,0.0,21.99
2025-10-26 01:55:47,029,WAC_006_264_37,0,0.0,15,1.0,0.0,21.95
2025-10-26 02:05:51,029,WAC_006_264_37,25,0.042,10,0.941,0.0,22.09
2025-10-26 02:15:53,029,WAC_006_264_37,17,0.028,12,0.966,0.0,22.01
2025-10-26 02:25:56,029,WAC_006_264_37,152,0.253,6,0.612,0.0,21.89
2025-10-26 02:35:59,029,WAC_006_264_37,44,0.073,12,0.916,0.0,21.77
2025-10-26 02:46:02,029,WAC_006_264_37,34,0.057,11,0.928,0.0,21.69
2025-10-26 02:56:05,029,WAC_006_264_37,110,0.183,6,0.686,0.0,21.73
2025-10-26 03:06:08,029,WAC_006_264_37,134,0.223,7,0.676,0.0,21.74
2025-10-26 03:16:10,029,WAC_006_264_37,114,0.19,8,0.737,0.0,21.72
2025-10-26 03:26:13,029,WAC_006_264_37,317,0.527,0,0.0,0.0,21.92
2025-10-26 03:36:16,029,WAC_006_264_37,70,0.116,9,0.837,0.0,21.98
2025-10-26 03:46:19,029,WAC_006_264_37,50,0.083,9,0.878,0.0,21.99
2025-10-26 03:56:22,029,WAC_006_264_37,0,0.0,15,1.0,0.0,21.96
2025-10-26 04:06:24,029,WAC_006_264_37,0,0.0,15,1.0,0.0,21.9
2025-10-26 04:16:27,029,WAC_006_264_37,0,0.0,15,1.0,0.0,21.85
2025-10-26 04:26:48,029,WAC_006_264_37,0,0.0,15,1.0,0.0,21.86
2025-10-26 04:36:51,029,WAC_006_264_37,0,0.0,15,1.0,0.0,21.83
2025-10-26 04:46:54,029,WAC_006_264_37,0,0.0,15,1.0,0.0,21.81
2025-10-26 04:56:56,029,WAC_006_264_37,0,0.0,15,1.0,0.0,21.79
2025-10-26 05:06:59,029,WAC_006_264_37,11,0.018,13,0.979,0.0,21.81
2025-10-26 05:17:02,029,WAC_006_264_37,25,0.042,12,0.95,0.0,21.69
2025-10-26 05:27:05,029,WAC_006_264_37,77,0.128,9,0.824,0.0,21.64
2025-10-26 05:37:07,029,WAC_006_264_37,173,0.288,4,0.48,0.0,21.62
2025-10-26 05:47:10,029,WAC_006_264_37,59,0.098,10,0.871,0.0,21.62
2025-10-26 05:57:13,029,WAC_006_264_37,1,0.002,14,0.998,0.0,21.78
2025-10-26 06:07:15,029,WAC_006_264_37,3,0.005,14,0.995,0.1368,21.83
2025-10-26 06:17:18,029,WAC_006_264_37,2,0.003,14,0.996,0.1368,21.83
2025-10-26 06:27:21,029,WAC_006_264_37,0,0.0,15,1.0,0.1404,21.81
2025-10-26 06:37:23,029,WAC_006_264_37,0,0.0,15,1.0,0.1296,21.79
2025-10-26 06:47:26,029,WAC_006_264_37,0,0.0,15,1.0,0.1296,21.76
2025-10-26 06:57:29,029,WAC_006_264_37,0,0.0,15,1.0,0.1296,21.74
2025-10-26 07:07:31,029,WAC_006_264_37,0,0.0,15,1.0,0.1296,21.73
2025-10-26 07:17:33,029,WAC_006_264_37,0,0.0,15,1.0,0.1296,21.72
2025-10-26 07:27:36,029,WAC_006_264_37,0,0.0,15,1.0,0.1332,21.75
2025-10-26 07:37:38,029,WAC_006_264_37,1,0.002,15,0.998,0.1332,21.75
2025-10-26 07:47:41,029,WAC_006_264_37,0,0.0,15,1.0,0.1296,21.75
2025-10-26 07:57:44,029,WAC_006_264_37,2,0.003,14,0.996,0.1296,21.74
2025-10-26 08:07:46,029,WAC_006_264_37,0,0.0,15,1.0,0.1296,21.75
2025-10-26 08:17:49,029,WAC_006_264_37,0,0.0,15,1.0,0.1296,21.78
2025-10-26 08:28:07,029,WAC_006_264_37,0,0.0,15,1.0,0.1296,21.79
2025-10-26 08:38:09,029,WAC_006_264_37,0,0.0,15,1.0,0.1296,21.74
2025-10-26 08:48:12,029,WAC_006_264_37,0,0.0,15,1.0,0.1296,21.73
2025-10-26 08:58:15,029,WAC_006_264_37,0,0.0,15,1.0,0.1296,21.71
2025-10-26 09:08:18,029,WAC_006_264_37,0,0.0,15,1.0,0.1296,21.71
2025-10-26 09:18:21,029,WAC_006_264_37,0,0.0,15,1.0,0.1368,21.71
2025-10-26 09:28:24,029,WAC_006_264_37,0,0.0,15,1.0,0.1404,21.71
2025-10-26 09:38:27,029,WAC_006_264_37,0,0.0,15,1.0,0.1224,21.71
2025-10-26 09:48:30,029,WAC_006_264_37,0,0.0,15,1.0,0.1296,21.8
2025-10-26 09:58:33,029,WAC_006_264_37,13,0.022,13,0.976,0.144,21.68
2025-10-26 10:08:36,029,WAC_006_264_37,1,0.002,14,0.998,0.1296,21.73
2025-10-26 10:18:38,029,WAC_006_264_37,51,0.085,10,0.887,0.144,21.84
2025-10-26 10:28:42,029,WAC_006_264_37,0,0.0,15,1.0,0.1512,21.94
2025-10-26 10:38:44,029,WAC_006_264_37,0,0.0,15,1.0,0.1548,21.94
2025-10-26 10:48:47,029,WAC_006_264_37,0,0.0,15,1.0,0.1548,21.93
2025-10-26 10:58:51,029,WAC_006_264_37,0,0.0,15,1.0,0.126,21.91
2025-10-26 11:08:54,029,WAC_006_264_37,0,0.0,15,1.0,0.126,21.9
2025-10-26 11:18:56,029,WAC_006_264_37,0,0.0,15,1.0,0.126,21.89
2025-10-26 11:28:59,029,WAC_006_264_37,0,0.0,15,1.0,0.1224,21.88
2025-10-26 11:39:02,029,WAC_006_264_37,0,0.0,15,1.0,0.1224,21.86
2025-10-26 11:49:05,029,WAC_006_264_37,0,0.0,15,1.0,0.1224,21.83
2025-10-26 11:59:08,029,WAC_006_264_37,0,0.0,15,1.0,0.1224,21.8
2025-10-26 12:09:11,029,WAC_006_264_37,0,0.0,15,1.0,0.1296,21.78
2025-10-26 12:19:13,029,WAC_006_264_37,0,0.0,15,1.0,0.1224,21.77
2025-10-26 12:29:25,029,WAC_006_264_37,9,0.015,13,0.983,0.1224,21.85
2025-10-26 12:39:27,029,WAC_006_264_37,18,0.03,13,0.967,0.126,21.79
2025-10-26 12:49:30,029,WAC_006_264_37,0,0.0,15,1.0,0.126,21.8
2025-10-26 12:59:33,029,WAC_006_264_37,0,0.0,15,1.0,0.126,21.78
2025-10-26 13:09:36,029,WAC_006_264_37,0,0.0,15,1.0,0.126,21.79
2025-10-26 13:19:38,029,WAC_006_264_37,0,0.0,15,1.0,0.126,21.75
2025-10-26 13:29:42,029,WAC_006_264_37,0,0.0,15,1.0,0.126,21.77
2025-10-26 13:39:45,029,WAC_006_264_37,0,0.0,15,1.0,0.126,21.76
2025-10-26 13:49:47,029,WAC_006_264_37,0,0.0,15,1.0,0.126,21.76
2025-10-26 13:59:50,029,WAC_006_264_37,0,0.0,15,1.0,0.1224,21.78
2025-10-26 14:09:53,029,WAC_006_264_37,0,0.0,15,1.0,0.126,21.77
2025-10-26 14:19:56,029,WAC_006_264_37,0,0.0,15,1.0,0.1512,21.74
2025-10-26 14:29:59,029,WAC_006_264_37,11,0.018,14,0.981,0.144,21.69
2025-10-26 14:40:02,029,WAC_006_264_37,0,0.0,15,1.0,0.1476,21.69
2025-10-26 14:50:05,029,WAC_006_264_37,0,0.0,15,1.0,0.1476,21.66
2025-10-26 15:00:08,029,WAC_006_264_37,0,0.0,15,1.0,0.1512,21.62
2025-10-26 15:10:11,029,WAC_006_264_37,0,0.0,15,1.0,0.144,21.6
2025-10-26 15:20:13,029,WAC_006_264_37,0,0.0,15,1.0,0.144,21.6
2025-10-26 15:30:16,029,WAC_006_264_37,0,0.0,15,1.0,0.1368,21.6
2025-10-26 15:40:19,029,WAC_006_264_37,0,0.0,15,1.0,0.1476,21.61
2025-10-26 15:50:22,029,WAC_006_264_37,0,0.0,15,1.0,0.1476,21.61
2025-10-26 16:00:25,029,WAC_006_264_37,6,0.01,14,0.989,0.1512,21.67
2025-10-26 16:10:28,029,WAC_006_264_37,14,0.023,14,0.976,0.1368,21.52
2025-10-26 16:20:30,029,WAC_006_264_37,68,0.113,9,0.841,0.1296,21.5
2025-10-26 16:30:42,029,WAC_006_264_37,12,0.02,13,0.977,0.0972,21.51
2025-10-26 16:40:45,029,WAC_006_264_37,136,0.226,6,0.638,0.09,21.51
2025-10-26 16:50:47,029,WAC_006_264_37,53,0.088,11,0.892,0.0936,21.54
2025-10-26 17:00:50,029,WAC_006_264_37,10,0.017,13,0.981,0.1188,21.62
2025-10-26 17:10:53,029,WAC_006_264_37,0,0.0,15,1.0,0.1224,21.64
2025-10-26 17:20:55,029,WAC_006_264_37,0,0.0,15,1.0,0.1224,21.62
2025-10-26 17:30:59,029,WAC_006_264_37,15,0.025,13,0.972,0.0864,21.6
2025-10-26 17:41:01,029,WAC_006_264_37,0,0.0,15,1.0,0.1152,21.67
2025-10-26 17:51:04,029,WAC_006_264_37,0,0.0,15,1.0,0.1152,21.66
2025-10-26 18:01:07,029,WAC_006_264_37,0,0.0,15,1.0,0.0,21.67
2025-10-26 18:11:09,029,WAC_006_264_37,1,0.002,14,0.998,0.0,21.73
2025-10-26 18:21:12,029,WAC_006_264_37,4,0.007,14,0.993,0.0,21.77
2025-10-26 18:31:15,029,WAC_006_264_37,108,0.18,9,0.769,0.0,21.66
2025-10-26 18:41:17,029,WAC_006_264_37,216,0.359,3,0.357,0.0,21.74
2025-10-26 18:51:20,029,WAC_006_264_37,117,0.195,9,0.755,0.0,21.74
2025-10-26 19:01:23,029,WAC_006_264_37,298,0.496,4,0.349,0.0,21.74
2025-10-26 19:11:26,029,WAC_006_264_37,279,0.464,4,0.364,0.0,21.76
2025-10-26 19:21:29,029,WAC_006_264_37,395,0.658,0,0.0,0.0,21.82
2025-10-26 19:31:31,029,WAC_006_264_37,239,0.398,5,0.456,0.0,21.81
2025-10-26 19:41:35,029,WAC_006_264_37,116,0.193,5,0.633,0.0,21.9
2025-10-26 19:51:37,029,WAC_006_264_37,65,0.108,7,0.812,0.0,21.95
2025-10-26 20:01:40,029,WAC_006_264_37,22,0.037,12,0.956,0.0,21.95
2025-10-26 20:11:43,029,WAC_006_264_37,12,0.02,13,0.977,0.0,21.95
2025-10-26 20:21:45,029,WAC_006_264_37,36,0.06,10,0.917,0.0,21.97
2025-10-26 20:32:06,029,WAC_006_264_37,147,0.245,5,0.576,0.0,21.97
2025-10-26 20:42:09,029,WAC_006_264_37,138,0.23,8,0.699,0.0,21.92
2025-10-26 20:52:12,029,WAC_006_264_37,184,0.306,6,0.566,0.0,21.92
2025-10-26 21:02:15,029,WAC_006_264_37,165,0.275,5,0.548,0.0,21.85
2025-10-26 21:12:17,029,WAC_006_264_37,121,0.201,9,0.748,0.0,21.82
2025-10-26 21:22:20,029,WAC_006_264_37,167,0.278,3,0.418,0.0,21.88
2025-10-26 21:32:23,029,WAC_006_264_37,4,0.007,14,0.993,0.0,21.9
2025-10-26 21:42:26,029,WAC_006_264_37,0,0.0,15,1.0,0.0,21.92
2025-10-26 21:52:29,029,WAC_006_264_37,0,0.0,15,1.0,0.0,21.9
2025-10-26 22:02:31,029,WAC_006_264_37,7,0.012,13,0.987,0.0,21.92
2025-10-26 22:12:34,029,WAC_006_264_37,2,0.003,13,0.996,0.0,21.97
2025-10-26 22:22:37,029,WAC_006_264_37,76,0.127,9,0.826,0.0,21.88
2025-10-26 22:32:40,029,WAC_006_264_37,167,0.277,3,0.418,0.0,21.82
2025-10-26 22:42:43,029,WAC_006_264_37,175,0.292,6,0.578,0.0,21.83
2025-10-26 22:52:46,029,WAC_006_264_37,155,0.258,5,0.563,0.0,21.8
2025-10-26 23:02:48,029,WAC_006_264_37,75,0.125,9,0.828,0.0,21.74
2025-10-26 23:12:51,029,WAC_006_264_37,93,0.155,7,0.751,0.0,21.72
2025-10-26 23:22:55,029,WAC_006_264_37,119,0.198,7,0.702,0.0,21.69
2025-10-26 23:32:58,029,WAC_006_264_37,90,0.15,8,0.78,0.0,21.7
2025-10-26 23:43:01,029,WAC_006_264_37,135,0.225,4,0.542,0.0,21.7
2025-10-26 23:53:03,029,WAC_006_264_37,53,0.088,10,0.883,0.0,21.72
2025-11-01 00:07:35,028,WAC_006_284_40,106,0.176,10,0.791,0.0,21.57
2025-11-01 00:17:38,028,WAC_006_284_40,193,0.321,3,0.383,0.0,21.55
2025-11-01 00:27:41,028,WAC_006_284_40,73,0.121,11,0.858,0.0,21.5
2025-11-01 00:37:45,028,WAC_006_284_40,0,0.0,15,1.0,0.0,21.42
2025-11-01 00:47:48,028,WAC_006_284_40,0,0.0,15,1.0,0.0,21.38
2025-11-01 00:57:51,028,WAC_006_284_40,0,0.0,15,1.0,0.0,21.34
2025-11-01 01:07:55,028,WAC_006_284_40,0,0.0,15,1.0,0.0,21.31
2025-11-01 01:17:58,028,WAC_006_284_40,3,0.005,14,0.995,0.0,21.27
2025-11-01 01:28:01,028,WAC_006_284_40,31,0.051,11,0.934,0.0,21.26
2025-11-01 01:38:04,028,WAC_006_284_40,1,0.002,14,0.998,0.0,21.24
2025-11-01 01:48:07,028,WAC_006_284_40,2,0.003,15,0.997,0.0,21.2
2025-11-01 01:58:10,028,WAC_006_284_40,5,0.008,13,0.99,0.0,21.19
2025-11-01 02:08:13,028,WAC_006_284_40,124,0.206,10,0.763,0.0,21.23
2025-11-01 02:18:16,028,WAC_006_284_40,97,0.161,10,0.805,0.0,21.26
2025-11-01 02:28:19,028,WAC_006_284_40,1,0.002,15,0.998,0.0,21.23
2025-11-01 02:38:21,028,WAC_006_284_40,14,0.023,13,0.974,0.0,21.2
2025-11-01 02:48:24,028,WAC_006_284_40,3,0.005,14,0.995,0.0,21.19
2025-11-01 02:58:27,028,WAC_006_284_40,0,0.0,15,1.0,0.0,21.17
2025-11-01 03:08:31,028,WAC_006_284_40,1,0.002,15,0.998,0.0,21.17
2025-11-01 03:18:34,028,WAC_006_284_40,150,0.249,6,0.615,0.0,21.24
2025-11-01 03:28:48,028,WAC_006_284_40,1,0.002,14,0.998,0.0,21.26
2025-11-01 03:38:51,028,WAC_006_284_40,32,0.053,11,0.932,0.0,21.28
2025-11-01 03:48:54,028,WAC_006_284_40,0,0.0,15,1.0,0.0,21.26
2025-11-01 03:58:57,028,WAC_006_284_40,1,0.002,14,0.998,0.0,21.25
2025-11-01 04:09:00,028,WAC_006_284_40,39,0.065,11,0.919,0.0,21.24
2025-11-01 04:19:04,028,WAC_006_284_40,188,0.313,6,0.561,0.0,21.33
2025-11-01 04:29:07,028,WAC_006_284_40,229,0.381,4,0.411,0.0,21.46
2025-11-01 04:39:10,028,WAC_006_284_40,284,0.472,1,0.123,0.0,21.45
2025-11-01 04:49:13,028,WAC_006_284_40,26,0.043,11,0.944,0.0,21.4
2025-11-01 04:59:17,028,WAC_006_284_40,6,0.01,14,0.989,0.0,21.36
2025-11-01 05:09:20,028,WAC_006_284_40,201,0.334,4,0.443,0.0,21.37
2025-11-01 05:19:23,028,WAC_006_284_40,315,0.523,2,0.203,0.0,21.43
2025-11-01 05:29:26,028,WAC_006_284_40,320,0.532,2,0.2,0.0,21.57
2025-11-01 05:39:30,028,WAC_006_284_40,322,0.536,1,0.11,0.0,21.52
2025-11-01 05:49:33,028,WAC_006_284_40,97,0.161,10,0.805,0.0,21.48
2025-11-01 05:59:36,028,WAC_006_284_40,236,0.393,2,0.253,0.0,21.46
2025-11-01 06:09:38,028,WAC_006_284_40,103,0.171,8,0.757,0.1152,21.41
2025-11-01 06:19:41,028,WAC_006_284_40,0,0.0,15,1.0,0.108,21.34
2025-11-01 06:29:44,028,WAC_006_284_40,0,0.0,15,1.0,0.108,21.28
2025-11-01 06:39:47,028,WAC_006_284_40,0,0.0,15,1.0,0.108,21.23
2025-11-01 06:49:50,028,WAC_006_284_40,0,0.0,15,1.0,0.1116,21.19
2025-11-01 06:59:53,028,WAC_006_284_40,0,0.0,15,1.0,0.1116,21.17
2025-11-01 07:09:56,028,WAC_006_284_40,0,0.0,15,1.0,0.1116,21.15
2025-11-01 07:19:59,028,WAC_006_284_40,1,0.002,15,0.998,0.108,21.14
2025-11-01 07:30:17,028,WAC_006_284_40,0,0.0,15,1.0,0.1008,21.15
2025-11-01 07:40:20,028,WAC_006_284_40,0,0.0,15,1.0,0.108,21.12
2025-11-01 07:50:22,028,WAC_006_284_40,0,0.0,15,1.0,0.1116,21.12
2025-11-01 08:00:26,028,WAC_006_284_40,0,0.0,15,1.0,0.1008,21.1
2025-11-01 08:10:29,028,WAC_006_284_40,0,0.0,15,1.0,0.108,21.09
2025-11-01 08:20:32,028,WAC_006_284_40,0,0.0,15,1.0,0.108,21.07
2025-11-01 08:30:35,028,WAC_006_284_40,0,0.0,15,1.0,0.108,21.06
2025-11-01 08:40:38,028,WAC_006_284_40,0,0.0,15,1.0,0.1404,21.06
2025-11-01 08:50:42,028,WAC_006_284_40,0,0.0,15,1.0,0.108,21.05
2025-11-01 09:00:45,028,WAC_006_284_40,43,0.071,10,0.903,0.1116,21.07
2025-11-01 09:10:48,028,WAC_006_284_40,1,0.002,15,0.998,0.1116,21.08
2025-11-01 09:20:51,028,WAC_006_284_40,10,0.017,14,0.982,0.1116,21.06
2025-11-01 09:30:54,028,WAC_006_284_40,35,0.058,12,0.932,0.108,21.07
2025-11-01 09:40:57,028,WAC_006_284_40,0,0.0,15,1.0,0.108,21.07
2025-11-01 09:51:00,028,WAC_006_284_40,0,0.0,15,1.0,0.108,21.06
2025-11-01 10:01:03,028,WAC_006_284_40,0,0.0,15,1.0,0.108,21.06
2025-11-01 10:11:07,028,WAC_006_284_40,1,0.002,14,0.998,0.1224,21.07
2025-11-01 10:21:10,028,WAC_006_284_40,1,0.002,14,0.998,0.1152,21.08
2025-11-01 10:31:13,028,WAC_006_284_40,0,0.0,15,1.0,0.1152,21.1
2025-11-01 10:41:16,028,WAC_006_284_40,0,0.0,15,1.0,0.1476,21.1
2025-11-01 10:51:19,028,WAC_006_284_40,0,0.0,15,1.0,0.1368,21.12
2025-11-01 11:01:22,028,WAC_006_284_40,0,0.0,15,1.0,0.1548,21.13
2025-11-01 11:11:26,028,WAC_006_284_40,1,0.002,15,0.998,0.108,21.16
2025-11-01 11:21:28,028,WAC_006_284_40,2,0.003,14,0.996,0.108,21.21
2025-11-01 11:31:42,028,WAC_006_284_40,0,0.0,15,1.0,0.108,21.27
2025-11-01 11:41:45,028,WAC_006_284_40,2,0.003,13,0.996,0.108,21.3
2025-11-01 11:51:48,028,WAC_006_284_40,1,0.002,14,0.998,0.108,21.32
2025-11-01 12:01:52,028,WAC_006_284_40,2,0.003,14,0.996,0.108,21.34
2025-11-01 12:11:54,028,WAC_006_284_40,0,0.0,15,1.0,0.108,21.36
2025-11-01 12:21:57,028,WAC_006_284_40,0,0.0,15,1.0,0.108,21.37
2025-11-01 12:32:00,028,WAC_006_284_40,2,0.003,14,0.996,0.108,21.37
2025-11-01 12:42:03,028,WAC_006_284_40,4,0.007,13,0.992,0.108,21.38
2025-11-01 12:52:06,028,WAC_006_284_40,0,0.0,15,1.0,0.108,21.39
2025-11-01 13:02:09,028,WAC_006_284_40,19,0.032,10,0.955,0.108,21.4
2025-11-01 13:12:12,028,WAC_006_284_40,59,0.098,7,0.826,0.1296,21.44
2025-11-01 13:22:15,028,WAC_006_284_40,148,0.246,6,0.619,0.1368,21.5
2025-11-01 13:32:19,028,WAC_006_284_40,19,0.032,12,0.962,0.144,21.49
2025-11-01 13:42:22,028,WAC_006_284_40,0,0.0,15,1.0,0.1188,21.48
2025-11-01 13:52:25,028,WAC_006_284_40,0,0.0,15,1.0,0.1152,21.46
2025-11-01 14:02:28,028,WAC_006_284_40,0,0.0,15,1.0,0.1152,21.43
2025-11-01 14:12:31,028,WAC_006_284_40,0,0.0,15,1.0,0.1188,21.43
2025-11-01 14:22:34,028,WAC_006_284_40,0,0.0,15,1.0,0.1152,21.42
2025-11-01 14:32:37,028,WAC_006_284_40,0,0.0,15,1.0,0.1152,21.41
2025-11-01 14:42:40,028,WAC_006_284_40,0,0.0,15,1.0,0.1152,21.4
2025-11-01 14:52:42,028,WAC_006_284_40,0,0.0,15,1.0,0.1152,21.4
2025-11-01 15:02:46,028,WAC_006_284_40,0,0.0,15,1.0,0.144,21.4
2025-11-01 15:12:49,028,WAC_006_284_40,1,0.002,14,0.998,0.144,21.39
2025-11-01 15:22:52,028,WAC_006_284_40,0,0.0,15,1.0,0.144,21.4
2025-11-01 15:33:07,028,WAC_006_284_40,9,0.015,13,0.983,0.1368,21.44
2025-11-01 15:43:10,028,WAC_006_284_40,101,0.168,10,0.798,0.1152,21.5
2025-11-01 15:53:13,028,WAC_006_284_40,94,0.156,9,0.793,0.1116,21.52
2025-11-01 16:03:16,028,WAC_006_284_40,17,0.028,13,0.968,0.108,21.5
2025-11-01 16:13:19,028,WAC_006_284_40,0,0.0,15,1.0,0.108,21.46
2025-11-01 16:23:22,028,WAC_006_284_40,0,0.0,15,1.0,0.108,21.42
2025-11-01 16:33:26,028,WAC_006_284_40,0,0.0,15,1.0,0.108,21.37
2025-11-01 16:43:29,028,WAC_006_284_40,0,0.0,15,1.0,0.108,21.31
2025-11-01 16:53:32,028,WAC_006_284_40,0,0.0,15,1.0,0.108,21.27
2025-11-01 17:03:35,028,WAC_006_284_40,0,0.0,15,1.0,0.108,21.25
2025-11-01 17:13:38,028,WAC_006_284_40,0,0.0,15,1.0,0.1368,21.23
2025-11-01 17:23:41,028,WAC_006_284_40,0,0.0,15,1.0,0.1368,21.21
2025-11-01 17:33:45,028,WAC_006_284_40,0,0.0,15,1.0,0.1368,21.19
2025-11-01 17:43:48,028,WAC_006_284_40,12,0.02,13,0.977,0.108,21.18
2025-11-01 17:53:51,028,WAC_006_284_40,8,0.013,13,0.985,0.1008,21.15
2025-11-01 18:03:54,028,WAC_006_284_40,58,0.097,12,0.892,0.0,21.14
2025-11-01 18:13:57,028,WAC_006_284_40,2,0.003,14,0.996,0.0,21.12
2025-11-01 18:24:01,028,WAC_006_284_40,56,0.093,8,0.851,0.0,21.12
2025-11-01 18:34:04,028,WAC_006_284_40,288,0.478,2,0.217,0.0,21.22
2025-11-01 18:44:07,028,WAC_006_284_40,123,0.205,7,0.695,0.0,21.24
2025-11-01 18:54:11,028,WAC_006_284_40,304,0.505,0,0.0,0.0,21.35
2025-11-01 19:04:14,028,WAC_006_284_40,338,0.561,1,0.106,0.0,21.38
2025-11-01 19:14:17,028,WAC_006_284_40,309,0.514,1,0.115,0.0,21.36
2025-11-01 19:24:20,028,WAC_006_284_40,218,0.363,7,0.562,0.0,21.45
2025-11-01 19:34:34,028,WAC_006_284_40,215,0.358,6,0.527,0.0,21.44
2025-11-01 19:44:38,028,WAC_006_284_40,240,0.399,2,0.25,0.0,21.42
2025-11-01 19:54:41,028,WAC_006_284_40,28,0.047,12,0.945,0.0,21.34
2025-11-01 20:04:44,028,WAC_006_284_40,0,0.0,15,1.0,0.0,21.28
2025-11-01 20:14:48,028,WAC_006_284_40,8,0.013,12,0.984,0.0,21.26
2025-11-01 20:24:51,028,WAC_006_284_40,103,0.171,8,0.757,0.0,21.31
2025-11-01 20:34:55,028,WAC_006_284_40,159,0.265,3,0.43,0.0,21.32
2025-11-01 20:44:58,028,WAC_006_284_40,135,0.225,6,0.64,0.0,21.4
2025-11-01 20:55:00,028,WAC_006_284_40,116,0.193,9,0.756,0.0,21.38
2025-11-01 21:05:04,028,WAC_006_284_40,198,0.329,4,0.447,0.0,21.34
2025-11-01 21:15:07,028,WAC_006_284_40,118,0.196,9,0.753,0.0,21.41
2025-11-01 21:25:11,028,WAC_006_284_40,122,0.203,5,0.621,0.0,21.37
2025-11-01 21:35:14,028,WAC_006_284_40,0,0.0,15,1.0,0.0,21.31
2025-11-01 21:45:18,028,WAC_006_284_40,0,0.0,15,1.0,0.0,21.26
2025-11-01 21:55:21,028,WAC_006_284_40,0,0.0,15,1.0,0.0,21.21
2025-11-01 22:05:24,028,WAC_006_284_40,17,0.028,11,0.963,0.0,21.19
2025-11-01 22:15:27,028,WAC_006_284_40,0,0.0,15,1.0,0.0,21.17
2025-11-01 22:25:30,028,WAC_006_284_40,7,0.012,12,0.986,0.0,21.17
2025-11-01 22:35:33,028,WAC_006_284_40,59,0.098,11,0.882,0.0,21.2
2025-11-01 22:45:36,028,WAC_006_284_40,174,0.29,1,0.187,0.0,21.26
2025-11-01 22:55:40,028,WAC_006_284_40,150,0.25,6,0.615,0.0,21.32
2025-11-01 23:05:43,028,WAC_006_284_40,182,0.302,6,0.569,0.0,21.35
2025-11-01 23:15:46,028,WAC_006_284_40,99,0.165,10,0.802,0.0,21.37
2025-11-01 23:25:49,028,WAC_006_284_40,254,0.423,3,0.321,0.0,21.42
2025-11-01 23:36:03,028,WAC_006_284_40,317,0.528,1,0.112,0.0,21.54
2025-11-01 23:46:07,028,WAC_006_284_40,57,0.095,8,0.849,0.0,21.5
2025-11-01 23:56:10,028,WAC_006_284_40,287,0.478,2,0.218,0.0,21.5
2025-11-02 00:06:13,028,WAC_006_284_40,171,0.284,3,0.412,0.0,21.45
2025-11-02 00:16:16,028,WAC_006_284_40,241,0.401,5,0.454,0.0,21.44
2025-11-02 00:26:19,028,WAC_006_284_40,277,0.461,2,0.224,0.0,21.45
2025-11-02 00:36:22,028,WAC_006_284_40,159,0.265,5,0.557,0.0,21.43
2025-11-02 00:46:25,028,WAC_006_284_40,133,0.221,6,0.643,0.0,21.36
2025-11-02 00:56:29,028,WAC_006_284_40,12,0.02,13,0.977,0.0,21.29
2025-11-02 01:06:32,028,WAC_006_284_40,4,0.007,13,0.992,0.0,21.27
2025-11-02 01:16:35,028,WAC_006_284_40,9,0.015,14,0.984,0.0,21.24
2025-11-02 01:26:37,028,WAC_006_284_40,18,0.03,12,0.964,0.0,21.23
2025-11-02 01:36:40,028,WAC_006_284_40,11,0.018,12,0.978,0.0,21.21
2025-11-02 01:46:43,028,WAC_006_284_40,123,0.205,8,0.722,0.0,21.26
2025-11-02 01:56:46,028,WAC_006_284_40,128,0.213,6,0.652,0.0,21.32
2025-11-02 02:06:49,028,WAC_006_284_40,0,0.0,15,1.0,0.0,21.26
2025-11-02 02:16:52,028,WAC_006_284_40,3,0.005,15,0.995,0.0,21.21
2025-11-02 02:26:55,028,WAC_006_284_40,0,0.0,15,1.0,0.0,21.19
2025-11-02 02:36:58,028,WAC_006_284_40,0,0.0,15,1.0,0.0,21.18
2025-11-02 02:37:38,028,WAC_006_284_40,293,0.488,1,0.12,0.0,21.42
2025-11-02 02:47:01,028,WAC_006_284_40,9,0.015,13,0.983,0.0,21.17
2025-11-02 02:47:41,028,WAC_006_284_40,66,0.11,8,0.829,0.0,21.38
2025-11-02 02:57:04,028,WAC_006_284_40,0,0.0,15,1.0,0.0,21.18
2025-11-02 02:57:44,028,WAC_006_284_40,5,0.008,12,0.99,0.0,21.35
2025-11-02 03:07:07,028,WAC_006_284_40,102,0.17,9,0.779,0.0,21.25
2025-11-02 03:07:47,028,WAC_006_284_40,3,0.005,14,0.995,0.0,21.31
2025-11-02 03:17:10,028,WAC_006_284_40,160,0.266,7,0.636,0.0,21.25
2025-11-02 03:17:50,028,WAC_006_284_40,12,0.02,11,0.973,0.0,21.27
2025-11-02 03:27:13,028,WAC_006_284_40,31,0.052,12,0.939,0.0,21.26
2025-11-02 03:27:53,028,WAC_006_284_40,61,0.101,9,0.855,0.0,21.27
2025-11-02 03:37:56,028,WAC_006_284_40,121,0.201,8,0.726,0.0,21.3
2025-11-02 03:48:00,028,WAC_006_284_40,281,0.468,4,0.363,0.0,21.37
2025-11-02 03:58:03,028,WAC_006_284_40,198,0.329,6,0.548,0.0,21.4
2025-11-02 04:08:06,028,WAC_006_284_40,252,0.419,3,0.323,0.0,21.53
2025-11-02 04:18:09,028,WAC_006_284_40,96,0.16,9,0.789,0.0,21.46
2025-11-02 04:28:12,028,WAC_006_284_40,190,0.316,6,0.558,0.0,21.48
2025-11-02 04:38:15,028,WAC_006_284_40,235,0.39,3,0.338,0.0,21.47
2025-11-02 04:48:19,028,WAC_006_284_40,163,0.271,4,0.495,0.0,21.47
2025-11-02 04:58:22,028,WAC_006_284_40,220,0.366,4,0.421,0.0,21.5
2025-11-02 05:08:25,028,WAC_006_284_40,178,0.296,4,0.473,0.0,21.46
2025-11-02 05:18:28,028,WAC_006_284_40,383,0.636,0,0.0,0.0,21.45
2025-11-02 05:28:31,028,WAC_006_284_40,225,0.375,3,0.348,0.0,21.43
2025-11-02 05:38:33,028,WAC_006_284_40,5,0.008,13,0.99,0.0,21.37
2025-11-02 05:48:37,028,WAC_006_284_40,0,0.0,15,1.0,0.0,21.32
2025-11-02 05:58:39,028,WAC_006_284_40,18,0.03,13,0.967,0.0,21.26
2025-11-02 06:08:42,028,WAC_006_284_40,4,0.007,14,0.993,0.1008,21.2
2025-11-02 06:18:45,028,WAC_006_284_40,0,0.0,15,1.0,0.1008,21.17
2025-11-02 06:28:49,028,WAC_006_284_40,0,0.0,15,1.0,0.1008,21.15
2025-11-02 06:38:52,028,WAC_006_284_40,0,0.0,15,1.0,0.1008,21.12
2025-11-02 06:48:55,028,WAC_006_284_40,2,0.003,13,0.996,0.108,21.13
2025-11-02 06:58:58,028,WAC_006_284_40,4,0.007,14,0.993,0.1008,21.11
2025-11-02 07:09:00,028,WAC_006_284_40,1,0.002,14,0.998,0.1008,21.13
2025-11-02 07:19:03,028,WAC_006_284_40,0,0.0,15,1.0,0.1008,21.12
2025-11-02 07:29:06,028,WAC_006_284_40,0,0.0,15,1.0,0.1008,21.12
2025-11-02 07:39:26,028,WAC_006_284_40,1,0.002,14,0.998,0.1008,21.15
2025-11-02 07:49:30,028,WAC_006_284_40,0,0.0,15,1.0,0.1008,21.15
2025-11-02 07:59:32,028,WAC_006_284_40,0,0.0,15,1.0,0.1008,21.14
2025-11-02 08:09:36,028,WAC_006_284_40,0,0.0,15,1.0,0.1008,21.15
2025-11-02 08:19:39,028,WAC_006_284_40,0,0.0,15,1.0,0.1008,21.14
2025-11-02 08:29:42,028,WAC_006_284_40,2,0.003,14,0.996,0.1008,21.14
2025-11-02 08:39:45,028,WAC_006_284_40,5,0.008,14,0.991,0.1008,21.12
2025-11-02 08:49:48,028,WAC_006_284_40,246,0.409,4,0.394,0.1008,21.15
2025-11-02 08:59:51,028,WAC_006_284_40,50,0.083,11,0.898,0.1116,21.16
2025-11-02 09:09:54,028,WAC_006_284_40,0,0.0,15,1.0,0.108,21.15
2025-11-02 09:19:58,028,WAC_006_284_40,0,0.0,15,1.0,0.1116,21.13
2025-11-02 09:30:01,028,WAC_006_284_40,0,0.0,15,1.0,0.1008,21.1
2025-11-02 09:40:04,028,WAC_006_284_40,0,0.0,15,1.0,0.1116,21.09
2025-11-02 09:50:07,028,WAC_006_284_40,3,0.005,14,0.995,0.108,21.08
2025-11-02 10:00:10,028,WAC_006_284_40,0,0.0,15,1.0,0.1116,21.06
2025-11-02 10:10:13,028,WAC_006_284_40,0,0.0,15,1.0,0.108,21.03
2025-11-02 10:20:16,028,WAC_006_284_40,0,0.0,15,1.0,0.108,21.02
2025-11-02 10:30:19,028,WAC_006_284_40,0,0.0,15,1.0,0.108,21.02
2025-11-02 10:40:22,028,WAC_006_284_40,0,0.0,15,1.0,0.108,21.01
2025-11-02 10:50:25,028,WAC_006_284_40,0,0.0,15,1.0,0.1404,21.01
2025-11-02 11:00:29,028,WAC_006_284_40,0,0.0,15,1.0,0.1368,21.01
2025-11-02 11:10:32,028,WAC_006_284_40,0,0.0,15,1.0,0.1404,21.0
2025-11-02 11:20:35,028,WAC_006_284_40,0,0.0,15,1.0,0.108,21.02
2025-11-02 11:30:38,028,WAC_006_284_40,0,0.0,15,1.0,0.108,21.03
2025-11-02 11:41:00,028,WAC_006_284_40,0,0.0,15,1.0,0.108,21.08
2025-11-02 11:51:03,028,WAC_006_284_40,3,0.005,14,0.995,0.1008,21.07
2025-11-02 12:01:05,028,WAC_006_284_40,118,0.196,9,0.753,0.108,21.12
2025-11-02 12:11:08,028,WAC_006_284_40,104,0.173,8,0.755,0.1008,21.18
2025-11-02 12:21:11,028,WAC_006_284_40,2,0.003,13,0.996,0.1008,21.2
2025-11-02 12:31:15,028,WAC_006_284_40,1,0.002,15,0.998,0.1008,21.23
2025-11-02 12:41:17,028,WAC_006_284_40,0,0.0,15,1.0,0.1008,21.21
2025-11-02 12:51:21,028,WAC_006_284_40,0,0.0,15,1.0,0.1008,21.2
2025-11-02 13:01:23,028,WAC_006_284_40,3,0.005,14,0.995,0.1296,21.18
2025-11-02 13:11:26,028,WAC_006_284_40,3,0.005,14,0.995,0.1296,21.16
2025-11-02 13:21:30,028,WAC_006_284_40,8,0.013,13,0.985,0.1008,21.15
2025-11-02 13:31:33,028,WAC_006_284_40,5,0.008,15,0.992,0.1008,21.16
2025-11-02 13:41:36,028,WAC_006_284_40,4,0.007,14,0.993,0.1008,21.17
2025-11-02 13:51:39,028,WAC_006_284_40,2,0.003,14,0.996,0.1008,21.17
2025-11-02 14:01:42,028,WAC_006_284_40,12,0.02,14,0.979,0.1008,21.19
2025-11-02 14:11:46,028,WAC_006_284_40,34,0.057,11,0.928,0.1008,21.18
2025-11-02 14:21:49,028,WAC_006_284_40,32,0.053,11,0.932,0.0792,21.21
2025-11-02 14:31:53,028,WAC_006_284_40,52,0.087,11,0.894,0.0864,21.22
2025-11-02 14:41:56,028,WAC_006_284_40,98,0.163,6,0.71,0.1044,21.24
2025-11-02 14:51:59,028,WAC_006_284_40,2,0.003,14,0.996,0.1008,21.24
2025-11-02 15:02:03,028,WAC_006_284_40,0,0.0,15,1.0,0.1008,21.23
2025-11-02 15:12:06,028,WAC_006_284_40,2,0.003,14,0.996,0.1044,21.2
2025-11-02 15:22:09,028,WAC_006_284_40,0,0.0,15,1.0,0.1044,21.17
2025-11-02 15:32:12,028,WAC_006_284_40,9,0.015,12,0.982,0.1044,21.17
2025-11-02 15:42:31,028,WAC_006_284_40,4,0.007,14,0.993,0.1044,21.22
2025-11-02 15:52:34,028,WAC_006_284_40,0,0.0,15,1.0,0.1044,21.23
2025-11-02 16:02:37,028,WAC_006_284_40,5,0.008,14,0.991,0.1296,21.23
2025-11-02 16:12:40,028,WAC_006_284_40,4,0.007,14,0.993,0.1296,21.22
2025-11-02 16:22:43,028,WAC_006_284_40,5,0.008,13,0.99,0.1296,21.23
2025-11-02 16:32:46,028,WAC_006_284_40,48,0.08,10,0.893,0.108,21.26
2025-11-02 16:42:49,028,WAC_006_284_40,152,0.253,5,0.568,0.1296,21.3
2025-11-02 16:52:53,028,WAC_006_284_40,55,0.092,8,0.853,0.1008,21.31
2025-11-02 17:02:56,028,WAC_006_284_40,0,0.0,15,1.0,0.1008,21.32
2025-11-02 17:12:59,028,WAC_006_284_40,0,0.0,15,1.0,0.1296,21.31
2025-11-02 17:23:02,028,WAC_006_284_40,23,0.038,12,0.954,0.1188,21.32
2025-11-02 17:33:06,028,WAC_006_284_40,49,0.082,11,0.9,0.1044,21.31
2025-11-02 17:43:08,028,WAC_006_284_40,53,0.088,10,0.883,0.0972,21.3
2025-11-02 17:53:12,028,WAC_006_284_40,82,0.136,10,0.83,0.1044,21.31
2025-11-02 18:03:14,028,WAC_006_284_40,27,0.045,11,0.942,0.0,21.3
2025-11-02 18:13:17,028,WAC_006_284_40,311,0.517,2,0.205,0.0,21.32
2025-11-02 18:23:20,028,WAC_006_284_40,242,0.403,3,0.331,0.0,21.36
2025-11-02 18:33:24,028,WAC_006_284_40,202,0.336,4,0.442,0.0,21.42
2025-11-02 18:43:27,028,WAC_006_284_40,225,0.374,7,0.554,0.0,21.44
2025-11-02 18:53:31,028,WAC_006_284_40,297,0.494,2,0.212,0.0,21.43
2025-11-02 19:03:33,028,WAC_006_284_40,316,0.526,2,0.202,0.0,21.43
2025-11-02 19:13:37,028,WAC_006_284_40,350,0.582,1,0.103,0.0,21.48
2025-11-02 19:23:40,028,WAC_006_284_40,210,0.349,6,0.533,0.0,21.48
2025-11-02 19:33:43,028,WAC_006_284_40,371,0.617,1,0.097,0.0,21.53
2025-11-02 19:43:55,028,WAC_006_284_40,210,0.35,7,0.571,0.0,21.59
2025-11-02 19:53:59,028,WAC_006_284_40,328,0.546,1,0.109,0.0,21.57
2025-11-02 20:04:02,028,WAC_006_284_40,253,0.421,1,0.137,0.0,21.53
2025-11-02 20:14:04,028,WAC_006_284_40,161,0.268,7,0.635,0.0,21.51
2025-11-02 20:24:08,028,WAC_006_284_40,128,0.213,7,0.686,0.0,21.48
2025-11-02 20:34:11,028,WAC_006_284_40,16,0.027,13,0.97,0.0,21.46
2025-11-02 20:44:14,028,WAC_006_284_40,33,0.055,12,0.936,0.0,21.45
2025-11-02 20:54:17,028,WAC_006_284_40,25,0.042,13,0.954,0.0,21.43
2025-11-02 21:04:20,028,WAC_006_284_40,29,0.048,13,0.947,0.0,21.42
2025-11-02 21:14:23,028,WAC_006_284_40,183,0.304,4,0.466,0.0,21.39
2025-11-02 21:24:26,028,WAC_006_284_40,218,0.363,1,0.155,0.0,21.43
2025-11-02 21:34:29,028,WAC_006_284_40,103,0.171,9,0.778,0.0,21.43
2025-11-02 21:44:32,028,WAC_006_284_40,172,0.286,5,0.538,0.0,21.43
2025-11-02 21:54:36,028,WAC_006_284_40,136,0.226,8,0.702,0.0,21.4
2025-11-02 22:04:40,028,WAC_006_284_40,292,0.484,2,0.215,0.0,21.46
2025-11-02 22:14:43,028,WAC_006_284_40,24,0.04,13,0.956,0.0,21.44
2025-11-02 22:24:46,028,WAC_006_284_40,179,0.298,5,0.528,0.0,21.43
2025-11-02 22:34:49,028,WAC_006_284_40,300,0.499,3,0.286,0.0,21.43
2025-11-02 22:44:52,028,WAC_006_284_40,141,0.235,9,0.719,0.0,21.43
2025-11-02 22:54:54,028,WAC_006_284_40,373,0.621,1,0.097,0.0,21.42
2025-11-02 23:04:58,028,WAC_006_284_40,49,0.082,12,0.907,0.0,21.41
2025-11-02 23:15:01,028,WAC_006_284_40,205,0.341,6,0.539,0.0,21.44
2025-11-02 23:25:04,028,WAC_006_284_40,4,0.007,14,0.993,0.0,21.46
2025-11-02 23:35:07,028,WAC_006_284_40,33,0.055,12,0.936,0.0,21.45
2025-11-02 23:45:32,028,WAC_006_284_40,13,0.022,13,0.976,0.0,21.47
2025-11-02 23:55:35,028,WAC_006_284_40,17,0.028,12,0.966,0.0,21.42
2025-10-25 00:00:03,042,WAC_006_284_46,0,0.0,15,1.0,0.0,20.97
2025-10-25 00:10:05,042,WAC_006_284_46,9,0.015,13,0.983,0.0,20.94
2025-10-25 00:20:08,042,WAC_006_284_46,2,0.003,13,0.996,0.0,20.9
2025-10-25 00:30:33,042,WAC_006_284_46,0,0.0,15,1.0,0.0,20.93
2025-10-25 00:40:37,042,WAC_006_284_46,1,0.002,15,0.998,0.0,20.86
2025-10-25 00:50:39,042,WAC_006_284_46,49,0.082,9,0.88,0.0,20.89
2025-10-25 01:00:43,042,WAC_006_284_46,203,0.338,2,0.283,0.0,20.98
2025-10-25 01:10:46,042,WAC_006_284_46,164,0.273,8,0.661,0.0,20.98
2025-10-25 01:20:49,042,WAC_006_284_46,333,0.554,0,0.0,0.0,21.08
2025-10-25 01:30:52,042,WAC_006_284_46,110,0.183,8,0.744,0.0,21.05
2025-10-25 01:40:56,042,WAC_006_284_46,173,0.288,5,0.536,0.0,21.06
2025-10-25 01:50:59,042,WAC_006_284_46,292,0.486,4,0.354,0.0,21.1
2025-10-25 02:01:02,042,WAC_006_284_46,106,0.176,9,0.773,0.0,21.11
2025-10-25 02:11:05,042,WAC_006_284_46,109,0.181,10,0.786,0.0,21.08
2025-10-25 02:21:08,042,WAC_006_284_46,281,0.468,0,0.0,0.0,21.11
2025-10-25 02:31:11,042,WAC_006_284_46,254,0.423,2,0.24,0.0,21.14
2025-10-25 02:41:14,042,WAC_006_284_46,160,0.266,6,0.6,0.0,21.08
2025-10-25 02:51:17,042,WAC_006_284_46,110,0.183,9,0.766,0.0,21.04
2025-10-25 03:01:20,042,WAC_006_284_46,285,0.474,2,0.219,0.0,21.11
2025-10-25 03:11:23,042,WAC_006_284_46,101,0.168,4,0.613,0.0,21.03
2025-10-25 03:21:26,042,WAC_006_284_46,229,0.381,2,0.259,0.0,21.01
2025-10-25 03:31:29,042,WAC_006_284_46,200,0.333,2,0.286,0.0,20.99
2025-10-25 03:41:32,042,WAC_006_284_46,10,0.017,11,0.978,0.0,20.92
2025-10-25 03:51:35,042,WAC_006_284_46,1,0.002,15,0.998,0.0,20.87
2025-10-25 04:01:39,042,WAC_006_284_46,7,0.012,12,0.986,0.0,20.82
2025-10-25 04:11:41,042,WAC_006_284_46,0,0.0,15,1.0,0.0,20.79
2025-10-25 04:21:45,042,WAC_006_284_46,3,0.005,13,0.994,0.0,20.76
2025-10-25 04:32:10,042,WAC_006_284_46,0,0.0,15,1.0,0.0,20.8
2025-10-25 04:42:14,042,WAC_006_284_46,1,0.002,15,0.998,0.0,20.77
2025-10-25 04:52:17,042,WAC_006_284_46,0,0.0,15,1.0,0.0,20.76
2025-10-25 05:02:20,042,WAC_006_284_46,18,0.03,13,0.967,0.0,20.75
2025-10-25 05:12:23,042,WAC_006_284_46,5,0.008,13,0.99,0.0,20.75
2025-10-25 05:22:27,042,WAC_006_284_46,0,0.0,15,1.0,0.0,20.73
2025-10-25 05:32:30,042,WAC_006_284_46,5,0.008,14,0.991,0.0,20.73
2025-10-25 05:42:33,042,WAC_006_284_46,65,0.108,8,0.831,0.0,20.75
2025-10-25 05:52:35,042,WAC_006_284_46,193,0.321,6,0.554,0.0,20.84
2025-10-25 06:02:38,042,WAC_006_284_46,157,0.261,7,0.641,0.5112,20.88
2025-10-25 06:12:41,042,WAC_006_284_46,147,0.245,7,0.656,0.5184,20.89
2025-10-25 06:22:45,042,WAC_006_284_46,151,0.251,3,0.443,0.4104,20.91
2025-10-25 06:32:48,042,WAC_006_284_46,42,0.07,8,0.884,0.3816,20.9
2025-10-25 06:42:51,042,WAC_006_284_46,0,0.0,15,1.0,0.396,20.89
2025-10-25 06:52:54,042,WAC_006_284_46,0,0.0,15,1.0,0.3888,20.87
2025-10-25 07:02:57,042,WAC_006_284_46,2,0.003,15,0.997,0.3888,20.85
2025-10-25 07:13:01,042,WAC_006_284_46,0,0.0,15,1.0,0.3924,20.84
2025-10-25 07:23:04,042,WAC_006_284_46,0,0.0,15,1.0,0.3888,20.83
2025-10-25 07:33:07,042,WAC_006_284_46,1,0.002,15,0.998,0.396,20.81
2025-10-25 07:43:10,042,WAC_006_284_46,0,0.0,15,1.0,0.3888,20.81
2025-10-25 07:53:13,042,WAC_006_284_46,2,0.003,14,0.996,0.3888,20.81
2025-10-25 08:03:17,042,WAC_006_284_46,0,0.0,15,1.0,0.3888,20.8
2025-10-25 08:13:21,042,WAC_006_284_46,0,0.0,15,1.0,0.4032,20.81
2025-10-25 08:23:24,042,WAC_006_284_46,0,0.0,15,1.0,0.4032,20.81
2025-10-25 08:33:46,042,WAC_006_284_46,3,0.005,14,0.995,0.3996,20.86
2025-10-25 08:43:49,042,WAC_006_284_46,0,0.0,15,1.0,0.396,20.84
2025-10-25 08:53:52,042,WAC_006_284_46,0,0.0,15,1.0,0.3888,20.83
2025-10-25 09:03:55,042,WAC_006_284_46,0,0.0,15,1.0,0.3924,20.81
2025-10-25 09:13:58,042,WAC_006_284_46,0,0.0,15,1.0,0.3888,20.8
2025-10-25 09:24:02,042,WAC_006_284_46,0,0.0,15,1.0,0.3816,20.79
2025-10-25 09:34:05,042,WAC_006_284_46,0,0.0,15,1.0,0.3888,20.79
2025-10-25 09:44:08,042,WAC_006_284_46,2,0.003,15,0.997,0.396,20.78
2025-10-25 09:54:11,042,WAC_006_284_46,0,0.0,15,1.0,0.3744,20.79
2025-10-25 10:04:14,042,WAC_006_284_46,14,0.023,13,0.974,0.3672,20.8
2025-10-25 10:14:17,042,WAC_006_284_46,112,0.186,9,0.763,0.4176,20.84
2025-10-25 10:24:21,042,WAC_006_284_46,77,0.128,10,0.839,0.8964,20.92
2025-10-25 10:34:24,042,WAC_006_284_46,37,0.062,12,0.928,0.8604,20.98
2025-10-25 10:44:26,042,WAC_006_284_46,107,0.178,8,0.749,0.6408,21.08
2025-10-25 10:54:30,042,WAC_006_284_46,5,0.008,14,0.991,0.702,21.11
2025-10-25 11:04:33,042,WAC_006_284_46,0,0.0,15,1.0,0.6408,21.1
2025-10-25 11:14:36,042,WAC_006_284_46,0,0.0,15,1.0,0.6408,21.09
2025-10-25 11:24:39,042,WAC_006_284_46,2,0.003,14,0.996,0.6408,21.07
2025-10-25 11:34:42,042,WAC_006_284_46,0,0.0,15,1.0,0.648,21.05
2025-10-25 11:44:46,042,WAC_006_284_46,3,0.005,13,0.994,0.648,21.04
2025-10-25 11:54:48,042,WAC_006_284_46,0,0.0,15,1.0,0.648,21.01
2025-10-25 12:04:51,042,WAC_006_284_46,0,0.0,15,1.0,0.648,20.98
2025-10-25 12:14:55,042,WAC_006_284_46,0,0.0,15,1.0,0.648,20.95
2025-10-25 12:24:58,042,WAC_006_284_46,0,0.0,15,1.0,0.648,20.93
2025-10-25 12:35:26,042,WAC_006_284_46,0,0.0,15,1.0,0.6516,20.98
2025-10-25 12:45:29,042,WAC_006_284_46,0,0.0,15,1.0,0.6408,20.94
2025-10-25 12:55:33,042,WAC_006_284_46,0,0.0,15,1.0,0.6408,20.92
2025-10-25 13:05:36,042,WAC_006_284_46,0,0.0,15,1.0,0.6984,20.92
2025-10-25 13:15:39,042,WAC_006_284_46,0,0.0,15,1.0,0.6912,20.93
2025-10-25 13:25:42,042,WAC_006_284_46,1,0.002,14,0.998,0.6264,20.92
2025-10-25 13:35:45,042,WAC_006_284_46,0,0.0,15,1.0,0.6408,20.92
2025-10-25 13:45:49,042,WAC_006_284_46,1,0.002,15,0.998,0.6408,20.9
2025-10-25 13:55:52,042,WAC_006_284_46,0,0.0,15,1.0,0.6912,20.87
2025-10-25 14:05:55,042,WAC_006_284_46,0,0.0,15,1.0,0.6912,20.85
2025-10-25 14:15:58,042,WAC_006_284_46,0,0.0,15,1.0,0.702,20.86
2025-10-25 14:26:01,042,WAC_006_284_46,0,0.0,15,1.0,0.6912,20.84
2025-10-25 14:36:04,042,WAC_006_284_46,0,0.0,15,1.0,0.6984,20.83
2025-10-25 14:46:07,042,WAC_006_284_46,0,0.0,15,1.0,0.6408,20.81
2025-10-25 14:56:10,042,WAC_006_284_46,0,0.0,15,1.0,0.6876,20.79
2025-10-25 15:06:13,042,WAC_006_284_46,0,0.0,15,1.0,0.684,20.8
2025-10-25 15:16:17,042,WAC_006_284_46,75,0.125,8,0.81,0.6048,20.84
2025-10-25 15:26:20,042,WAC_006_284_46,65,0.108,9,0.847,0.7416,20.88
2025-10-25 15:36:23,042,WAC_006_284_46,1,0.002,15,0.998,0.7308,20.86
2025-10-25 15:46:26,042,WAC_006_284_46,0,0.0,15,1.0,0.6696,20.84
2025-10-25 15:56:30,042,WAC_006_284_46,0,0.0,15,1.0,0.6696,20.81
2025-10-25 16:06:33,042,WAC_006_284_46,0,0.0,15,1.0,0.6696,20.78
2025-10-25 16:16:36,042,WAC_006_284_46,0,0.0,15,1.0,0.6696,20.78
2025-10-25 16:26:39,042,WAC_006_284_46,0,0.0,15,1.0,0.6696,20.76
2025-10-25 16:37:07,042,WAC_006_284_46,0,0.0,15,1.0,0.6624,20.8
2025-10-25 16:47:10,042,WAC_006_284_46,0,0.0,15,1.0,0.6732,20.79
2025-10-25 16:57:13,042,WAC_006_284_46,0,0.0,15,1.0,0.6624,20.79
2025-10-25 17:07:16,042,WAC_006_284_46,0,0.0,15,1.0,0.6624,20.8
2025-10-25 17:17:19,042,WAC_006_284_46,0,0.0,15,1.0,0.6624,20.8
2025-10-25 17:27:23,042,WAC_006_284_46,30,0.05,13,0.945,0.648,20.84
2025-10-25 17:37:26,042,WAC_006_284_46,0,0.0,15,1.0,0.648,20.86
2025-10-25 17:47:30,042,WAC_006_284_46,0,0.0,15,1.0,0.648,20.84
2025-10-25 17:57:33,042,WAC_006_284_46,0,0.0,15,1.0,0.666,20.85
2025-10-25 18:07:36,042,WAC_006_284_46,62,0.103,12,0.886,0.0,20.86
2025-10-25 18:17:39,042,WAC_006_284_46,197,0.328,6,0.549,0.0,20.93
2025-10-25 18:27:42,042,WAC_006_284_46,130,0.216,9,0.735,0.0,20.97
2025-10-25 18:37:45,042,WAC_006_284_46,349,0.581,1,0.103,0.0,21.06
2025-10-25 18:47:48,042,WAC_006_284_46,279,0.463,5,0.418,0.0,21.11
2025-10-25 18:57:52,042,WAC_006_284_46,188,0.312,8,0.63,0.0,21.12
2025-10-25 19:07:55,042,WAC_006_284_46,168,0.28,7,0.625,0.0,21.1
2025-10-25 19:17:58,042,WAC_006_284_46,231,0.384,0,0.0,0.0,21.12
2025-10-25 19:28:01,042,WAC_006_284_46,81,0.135,12,0.856,0.0,21.11
2025-10-25 19:38:05,042,WAC_006_284_46,344,0.571,1,0.104,0.0,21.15
2025-10-25 19:48:09,042,WAC_006_284_46,246,0.409,5,0.448,0.0,21.18
2025-10-25 19:58:13,042,WAC_006_284_46,162,0.269,9,0.69,0.0,21.16
2025-10-25 20:08:16,042,WAC_006_284_46,403,0.671,0,0.0,0.0,21.25
2025-10-25 20:18:18,042,WAC_006_284_46,189,0.314,6,0.559,0.0,21.24
2025-10-25 20:28:21,042,WAC_006_284_46,205,0.341,7,0.577,0.0,21.25
2025-10-25 20:38:49,042,WAC_006_284_46,317,0.528,1,0.112,0.0,21.35
2025-10-25 20:48:51,042,WAC_006_284_46,254,0.423,4,0.386,0.0,21.34
2025-10-25 20:58:55,042,WAC_006_284_46,102,0.17,10,0.797,0.0,21.27
2025-10-25 21:08:58,042,WAC_006_284_46,143,0.238,8,0.691,0.0,21.26
2025-10-25 21:19:01,042,WAC_006_284_46,295,0.491,0,0.0,0.0,21.3
2025-10-25 21:29:04,042,WAC_006_284_46,21,0.035,14,0.964,0.0,21.26
2025-10-25 21:39:08,042,WAC_006_284_46,9,0.015,14,0.984,0.0,21.23
2025-10-25 21:49:11,042,WAC_006_284_46,1,0.002,14,0.998,0.0,21.2
2025-10-25 21:59:14,042,WAC_006_284_46,5,0.008,14,0.991,0.0,21.19
2025-10-25 22:09:17,042,WAC_006_284_46,1,0.002,14,0.998,0.0,21.19
2025-10-25 22:19:21,042,WAC_006_284_46,63,0.105,7,0.816,0.0,21.23
2025-10-25 22:29:24,042,WAC_006_284_46,28,0.047,12,0.945,0.0,21.22
2025-10-25 22:39:27,042,WAC_006_284_46,117,0.194,5,0.631,0.0,21.28
2025-10-25 22:49:31,042,WAC_006_284_46,182,0.303,5,0.524,0.0,21.23
2025-10-25 22:59:33,042,WAC_006_284_46,91,0.151,11,0.829,0.0,21.19
2025-10-25 23:09:36,042,WAC_006_284_46,248,0.413,2,0.244,0.0,21.19
2025-10-25 23:19:40,042,WAC_006_284_46,97,0.161,10,0.805,0.0,21.14
2025-10-25 23:29:43,042,WAC_006_284_46,173,0.288,6,0.581,0.0,21.19
2025-10-25 23:39:46,042,WAC_006_284_46,259,0.431,1,0.134,0.0,21.19
2025-10-25 23:49:49,042,WAC_006_284_46,53,0.088,11,0.892,0.0,21.14
2025-10-25 23:59:52,042,WAC_006_284_46,102,0.169,9,0.779,0.0,21.16
2025-10-26 00:09:56,042,WAC_006_284_46,185,0.308,8,0.634,0.0,21.15
2025-10-26 00:19:59,042,WAC_006_284_46,170,0.283,6,0.585,0.0,21.11
2025-10-26 00:30:02,042,WAC_006_284_46,111,0.184,10,0.783,0.0,21.08
2025-10-26 00:40:26,042,WAC_006_284_46,170,0.284,5,0.541,0.0,21.12
2025-10-26 00:50:29,042,WAC_006_284_46,237,0.394,1,0.144,0.0,21.09
2025-10-26 01:00:32,042,WAC_006_284_46,143,0.238,9,0.716,0.0,21.05
2025-10-26 01:10:36,042,WAC_006_284_46,112,0.186,9,0.763,0.0,21.05
2025-10-26 01:20:39,042,WAC_006_284_46,173,0.287,5,0.536,0.0,21.07
2025-10-26 01:30:42,042,WAC_006_284_46,219,0.364,4,0.422,0.0,21.07
2025-10-26 01:40:45,042,WAC_006_284_46,224,0.373,5,0.472,0.0,21.1
2025-10-26 01:50:49,042,WAC_006_284_46,65,0.108,12,0.881,0.0,21.06
2025-10-26 02:00:52,042,WAC_006_284_46,119,0.198,6,0.669,0.0,21.05
2025-10-26 02:10:55,042,WAC_006_284_46,333,0.553,0,0.0,0.0,21.09
2025-10-26 02:20:58,042,WAC_006_284_46,70,0.117,7,0.8,0.0,21.04
2025-10-26 02:31:01,042,WAC_006_284_46,6,0.01,13,0.989,0.0,20.98
2025-10-26 02:41:04,042,WAC_006_284_46,1,0.002,14,0.998,0.0,20.94
2025-10-26 02:51:07,042,WAC_006_284_46,0,0.0,15,1.0,0.0,20.9
2025-10-26 03:01:10,042,WAC_006_284_46,5,0.008,14,0.991,0.0,20.87
2025-10-26 03:11:13,042,WAC_006_284_46,8,0.013,14,0.986,0.0,20.85
2025-10-26 03:21:17,042,WAC_006_284_46,0,0.0,15,1.0,0.0,20.84
2025-10-26 03:31:20,042,WAC_006_284_46,0,0.0,15,1.0,0.0,20.81
2025-10-26 03:41:23,042,WAC_006_284_46,1,0.002,14,0.998,0.0,20.8
2025-10-26 03:51:26,042,WAC_006_284_46,4,0.007,15,0.993,0.0,20.79
2025-10-26 04:01:30,042,WAC_006_284_46,103,0.171,6,0.7,0.0,20.83
2025-10-26 04:11:33,042,WAC_006_284_46,38,0.063,12,0.927,0.0,20.87
2025-10-26 04:21:36,042,WAC_006_284_46,98,0.163,10,0.803,0.0,20.9
2025-10-26 04:31:39,042,WAC_006_284_46,71,0.118,11,0.861,0.0,20.92
2025-10-26 04:42:02,042,WAC_006_284_46,89,0.148,9,0.802,0.0,21.02
2025-10-26 04:52:05,042,WAC_006_284_46,104,0.173,6,0.698,0.0,21.01
2025-10-26 05:02:08,042,WAC_006_284_46,179,0.297,6,0.573,0.0,21.01
2025-10-26 05:12:12,042,WAC_006_284_46,12,0.02,12,0.976,0.0,20.96
2025-10-26 05:22:14,042,WAC_006_284_46,1,0.002,14,0.998,0.0,20.93
2025-10-26 05:32:18,042,WAC_006_284_46,0,0.0,15,1.0,0.0,20.9
2025-10-26 05:42:21,042,WAC_006_284_46,2,0.003,15,0.997,0.0,20.86
2025-10-26 05:52:25,042,WAC_006_284_46,3,0.005,14,0.995,0.0,20.83
2025-10-26 06:02:28,042,WAC_006_284_46,0,0.0,15,1.0,0.468,20.81
2025-10-26 06:12:31,042,WAC_006_284_46,7,0.012,12,0.986,0.4968,20.82
2025-10-26 06:22:34,042,WAC_006_284_46,1,0.002,15,0.998,0.5076,20.83
2025-10-26 06:32:38,042,WAC_006_284_46,2,0.003,14,0.996,0.4968,20.81
2025-10-26 06:42:41,042,WAC_006_284_46,0,0.0,15,1.0,0.4824,20.81
2025-10-26 06:52:44,042,WAC_006_284_46,0,0.0,15,1.0,0.5076,20.81
2025-10-26 07:02:47,042,WAC_006_284_46,3,0.005,14,0.995,0.5076,20.81
2025-10-26 07:12:50,042,WAC_006_284_46,1,0.002,14,0.998,0.4896,20.81
2025-10-26 07:22:52,042,WAC_006_284_46,0,0.0,15,1.0,0.4896,20.82
2025-10-26 07:32:56,042,WAC_006_284_46,2,0.003,14,0.996,0.4932,20.81
2025-10-26 07:42:59,042,WAC_006_284_46,1,0.002,14,0.998,0.4608,20.83
2025-10-26 07:53:02,042,WAC_006_284_46,0,0.0,15,1.0,0.4608,20.83
2025-10-26 08:03:05,042,WAC_006_284_46,0,0.0,15,1.0,0.468,20.83
2025-10-26 08:13:09,042,WAC_006_284_46,17,0.028,12,0.966,0.4572,20.84
2025-10-26 08:23:12,042,WAC_006_284_46,21,0.035,11,0.954,0.4896,20.85
2025-10-26 08:33:15,042,WAC_006_284_46,91,0.152,6,0.725,0.6372,20.89
2025-10-26 08:43:33,042,WAC_006_284_46,93,0.155,11,0.826,0.486,21.0
2025-10-26 08:53:37,042,WAC_006_284_46,111,0.185,10,0.783,0.4752,21.02
2025-10-26 09:03:40,042,WAC_006_284_46,35,0.058,11,0.926,0.468,21.02
2025-10-26 09:13:43,042,WAC_006_284_46,2,0.003,14,0.996,0.4644,21.01
2025-10-26 09:23:47,042,WAC_006_284_46,0,0.0,15,1.0,0.4536,20.97
2025-10-26 09:33:50,042,WAC_006_284_46,0,0.0,15,1.0,0.4464,20.95
2025-10-26 09:43:53,042,WAC_006_284_46,0,0.0,15,1.0,0.4536,20.94
2025-10-26 09:53:56,042,WAC_006_284_46,2,0.003,15,0.997,0.8856,20.93
2025-10-26 10:03:59,042,WAC_006_284_46,6,0.01,14,0.989,0.4932,20.96
2025-10-26 10:14:02,042,WAC_006_284_46,1,0.002,15,0.998,0.468,20.98
2025-10-26 10:24:06,042,WAC_006_284_46,1,0.002,15,0.998,0.486,21.0
2025-10-26 10:34:09,042,WAC_006_284_46,1,0.002,14,0.998,0.486,21.0
2025-10-26 10:44:13,042,WAC_006_284_46,0,0.0,15,1.0,0.4824,21.0
2025-10-26 10:54:16,042,WAC_006_284_46,0,0.0,15,1.0,0.4824,20.99
2025-10-26 11:04:19,042,WAC_006_284_46,0,0.0,15,1.0,0.4392,20.99
2025-10-26 11:14:22,042,WAC_006_284_46,1,0.002,15,0.998,0.4464,20.99
2025-10-26 11:24:26,042,WAC_006_284_46,1,0.002,15,0.998,0.4464,20.96
2025-10-26 11:34:29,042,WAC_006_284_46,2,0.003,14,0.996,0.4248,20.95
2025-10-26 11:44:32,042,WAC_006_284_46,4,0.007,14,0.993,0.4248,20.95
2025-10-26 11:54:36,042,WAC_006_284_46,1,0.002,14,0.998,0.4176,20.94
2025-10-26 12:04:39,042,WAC_006_284_46,2,0.003,15,0.997,0.4176,20.92
2025-10-26 12:14:42,042,WAC_006_284_46,13,0.022,12,0.974,0.4104,20.91
2025-10-26 12:24:45,042,WAC_006_284_46,42,0.07,11,0.913,0.504,20.9
2025-10-26 12:34:48,042,WAC_006_284_46,2,0.003,15,0.997,0.504,20.87
2025-10-26 12:45:10,042,WAC_006_284_46,0,0.0,15,1.0,0.504,20.9
2025-10-26 12:55:14,042,WAC_006_284_46,1,0.002,15,0.998,0.504,20.86
2025-10-26 13:05:17,042,WAC_006_284_46,0,0.0,15,1.0,0.504,20.84
2025-10-26 13:15:20,042,WAC_006_284_46,0,0.0,15,1.0,0.5148,20.81
2025-10-26 13:25:24,042,WAC_006_284_46,0,0.0,15,1.0,0.5112,20.81
2025-10-26 13:35:26,042,WAC_006_284_46,0,0.0,15,1.0,0.5112,20.8
2025-10-26 13:45:30,042,WAC_006_284_46,0,0.0,15,1.0,0.5112,20.8
2025-10-26 13:55:33,042,WAC_006_284_46,0,0.0,15,1.0,0.5112,20.8
2025-10-26 14:05:36,042,WAC_006_284_46,0,0.0,15,1.0,0.522,20.79
2025-10-26 14:15:39,042,WAC_006_284_46,6,0.01,13,0.989,0.5436,20.8
2025-10-26 14:25:42,042,WAC_006_284_46,4,0.007,14,0.993,0.54,20.8
2025-10-26 14:35:45,042,WAC_006_284_46,0,0.0,15,1.0,0.5436,20.8
2025-10-26 14:45:49,042,WAC_006_284_46,0,0.0,15,1.0,0.5436,20.83
2025-10-26 14:55:52,042,WAC_006_284_46,3,0.005,14,0.995,0.5328,20.82
2025-10-26 15:05:55,042,WAC_006_284_46,3,0.005,14,0.995,0.5328,20.83
2025-10-26 15:15:59,042,WAC_006_284_46,50,0.083,9,0.878,0.6372,20.87
2025-10-26 15:26:02,042,WAC_006_284_46,103,0.171,9,0.778,0.5436,20.9
2025-10-26 15:36:06,042,WAC_006_284_46,75,0.125,12,0.865,0.288,20.91
2025-10-26 15:46:09,042,WAC_006_284_46,106,0.176,8,0.751,0.5256,20.92
2025-10-26 15:56:12,042,WAC_006_284_46,8,0.013,14,0.986,0.504,20.92
2025-10-26 16:06:16,042,WAC_006_284_46,1,0.002,15,0.998,0.504,20.89
2025-10-26 16:16:19,042,WAC_006_284_46,0,0.0,15,1.0,0.5076,20.86
2025-10-26 16:26:23,042,WAC_006_284_46,1,0.002,15,0.998,0.4752,20.83
2025-10-26 16:36:26,042,WAC_006_284_46,0,0.0,15,1.0,0.486,20.81
2025-10-26 16:46:53,042,WAC_006_284_46,0,0.0,15,1.0,0.486,20.84
2025-10-26 16:56:56,042,WAC_006_284_46,0,0.0,15,1.0,0.4752,20.79
2025-10-26 17:06:59,042,WAC_006_284_46,0,0.0,15,1.0,0.486,20.78
2025-10-26 17:17:03,042,WAC_006_284_46,0,0.0,15,1.0,0.4608,20.77
2025-10-26 17:27:06,042,WAC_006_284_46,0,0.0,15,1.0,0.4644,20.77
2025-10-26 17:37:10,042,WAC_006_284_46,0,0.0,15,1.0,0.4644,20.78
2025-10-26 17:47:13,042,WAC_006_284_46,0,0.0,15,1.0,0.4356,20.78
2025-10-26 17:57:16,042,WAC_006_284_46,23,0.038,13,0.958,0.4356,20.8
2025-10-26 18:07:19,042,WAC_006_284_46,48,0.08,13,0.915,0.0,20.82
2025-10-26 18:17:22,042,WAC_006_284_46,0,0.0,15,1.0,0.0,20.81
2025-10-26 18:27:26,042,WAC_006_284_46,118,0.196,10,0.772,0.0,20.86
2025-10-26 18:37:30,042,WAC_006_284_46,55,0.092,12,0.897,0.0,20.88
2025-10-26 18:47:33,042,WAC_006_284_46,206,0.343,5,0.493,0.0,20.94
2025-10-26 18:57:36,042,WAC_006_284_46,156,0.259,5,0.562,0.0,21.03
2025-10-26 19:07:39,042,WAC_006_284_46,64,0.107,11,0.873,0.0,21.0
2025-10-26 19:17:42,042,WAC_006_284_46,236,0.393,4,0.404,0.0,21.06
2025-10-26 19:27:45,042,WAC_006_284_46,178,0.296,5,0.529,0.0,21.07
2025-10-26 19:37:48,042,WAC_006_284_46,167,0.278,7,0.626,0.0,21.1
2025-10-26 19:47:51,042,WAC_006_284_46,130,0.216,9,0.735,0.0,21.08
2025-10-26 19:57:54,042,WAC_006_284_46,244,0.406,4,0.396,0.0,21.15
2025-10-26 20:07:57,042,WAC_006_284_46,69,0.115,10,0.853,0.0,21.12
2025-10-26 20:18:00,042,WAC_006_284_46,198,0.329,3,0.377,0.0,21.15
2025-10-26 20:28:03,042,WAC_006_284_46,147,0.245,5,0.576,0.0,21.17
2025-10-26 20:38:06,042,WAC_006_284_46,2,0.003,14,0.996,0.0,21.16
2025-10-26 20:48:32,042,WAC_006_284_46,4,0.007,14,0.993,0.0,21.18
2025-10-26 20:58:35,042,WAC_006_284_46,20,0.033,12,0.96,0.0,21.13
2025-10-26 21:08:38,042,WAC_006_284_46,2,0.003,15,0.997,0.0,21.1
2025-10-26 21:18:42,042,WAC_006_284_46,26,0.043,8,0.925,0.0,21.07
2025-10-26 21:28:44,042,WAC_006_284_46,45,0.075,11,0.907,0.0,21.03
2025-10-26 21:38:48,042,WAC_006_284_46,85,0.141,10,0.825,0.0,21.0
2025-10-26 21:48:51,042,WAC_006_284_46,253,0.42,4,0.387,0.0,21.03
2025-10-26 21:58:54,042,WAC_006_284_46,261,0.434,3,0.315,0.0,21.04
2025-10-26 22:08:57,042,WAC_006_284_46,217,0.362,1,0.156,0.0,21.12
2025-10-26 22:19:00,042,WAC_006_284_46,85,0.141,10,0.825,0.0,21.1
2025-10-26 22:29:03,042,WAC_006_284_46,67,0.111,10,0.857,0.0,21.06
2025-10-26 22:39:06,042,WAC_006_284_46,136,0.226,8,0.702,0.0,21.04
2025-10-26 22:49:09,042,WAC_006_284_46,2,0.003,15,0.997,0.0,20.98
2025-10-26 22:59:12,042,WAC_006_284_46,249,0.414,5,0.445,0.0,21.01
2025-10-26 23:09:15,042,WAC_006_284_46,253,0.421,1,0.137,0.0,21.08
2025-10-26 23:19:18,042,WAC_006_284_46,204,0.339,7,0.579,0.0,21.09
2025-10-26 23:29:21,042,WAC_006_284_46,150,0.249,6,0.615,0.0,21.07
2025-10-26 23:39:24,042,WAC_006_284_46,17,0.028,14,0.971,0.0,21.01
2025-10-26 23:49:27,042,WAC_006_284_46,250,0.415,2,0.242,0.0,21.06
2025-10-26 23:59:31,042,WAC_006_284_46,152,0.253,5,0.568,0.0,21.06
2025-10-25 00:07:46,022,WAC_006_302_54,43,0.072,11,0.911,0.0,21.47
2025-10-25 00:17:49,022,WAC_006_302_54,1,0.002,14,0.998,0.0,21.41
2025-10-25 00:27:52,022,WAC_006_302_54,0,0.0,15,1.0,0.0,21.36
2025-10-25 00:37:55,022,WAC_006_302_54,0,0.0,14,1.0,0.0,21.31
2025-10-25 00:47:58,022,WAC_006_302_54,0,0.0,15,1.0,0.0,21.27
2025-10-25 00:58:00,022,WAC_006_302_54,0,0.0,15,1.0,0.0,21.25
2025-10-25 01:08:03,022,WAC_006_302_54,0,0.0,14,1.0,0.0,21.21
2025-10-25 01:18:06,022,WAC_006_302_54,0,0.0,15,1.0,0.0,21.18
2025-10-25 01:28:08,022,WAC_006_302_54,0,0.0,14,1.0,0.0,21.17
2025-10-25 01:38:12,022,WAC_006_302_54,0,0.0,15,1.0,0.0,21.16
2025-10-25 01:48:15,022,WAC_006_302_54,0,0.0,15,1.0,0.0,21.14
2025-10-25 01:58:18,022,WAC_006_302_54,0,0.0,15,1.0,0.0,21.15
2025-10-25 02:08:21,022,WAC_006_302_54,0,0.0,15,1.0,0.0,21.15
2025-10-25 02:18:24,022,WAC_006_302_54,0,0.0,15,1.0,0.0,21.15
2025-10-25 02:28:27,022,WAC_006_302_54,33,0.055,11,0.93,0.0,21.17
2025-10-25 02:38:30,022,WAC_006_302_54,53,0.088,9,0.872,0.0,21.22
2025-10-25 02:48:33,022,WAC_006_302_54,53,0.088,10,0.883,0.0,21.25
2025-10-25 02:58:36,022,WAC_006_302_54,149,0.248,5,0.573,0.0,21.31
2025-10-25 03:08:39,022,WAC_006_302_54,40,0.067,8,0.889,0.0,21.31
2025-10-25 03:18:42,022,WAC_006_302_54,105,0.174,7,0.727,0.0,21.32
2025-10-25 03:28:44,022,WAC_006_302_54,167,0.278,5,0.545,0.0,21.33
2025-10-25 03:38:47,022,WAC_006_302_54,59,0.098,7,0.826,0.0,21.34
2025-10-25 03:48:51,022,WAC_006_302_54,39,0.065,11,0.919,0.0,21.32
2025-10-25 03:58:53,022,WAC_006_302_54,91,0.151,8,0.779,0.0,21.32
2025-10-25 04:09:08,022,WAC_006_302_54,20,0.033,13,0.963,0.0,21.33
2025-10-25 04:19:11,022,WAC_006_302_54,145,0.241,5,0.58,0.0,21.34
2025-10-25 04:29:15,022,WAC_006_302_54,61,0.101,9,0.855,0.0,21.34
2025-10-25 04:39:18,022,WAC_006_302_54,43,0.071,10,0.903,0.0,21.31
2025-10-25 04:49:21,022,WAC_006_302_54,63,0.105,6,0.792,0.0,21.33
2025-10-25 04:59:24,022,WAC_006_302_54,2,0.003,14,0.996,0.0,21.32
2025-10-25 05:09:27,022,WAC_006_302_54,0,0.0,14,1.0,0.0,21.3
2025-10-25 05:19:29,022,WAC_006_302_54,0,0.0,15,1.0,0.0,21.27
2025-10-25 05:29:32,022,WAC_006_302_54,0,0.0,15,1.0,0.0,21.25
2025-10-25 05:39:35,022,WAC_006_302_54,0,0.0,15,1.0,0.0,21.24
2025-10-25 05:49:38,022,WAC_006_302_54,11,0.018,13,0.979,0.0,21.23
2025-10-25 05:59:41,022,WAC_006_302_54,2,0.003,14,0.996,0.0,21.21
2025-10-25 06:09:44,022,WAC_006_302_54,0,0.0,15,1.0,0.1512,21.2
2025-10-25 06:19:47,022,WAC_006_302_54,0,0.0,15,1.0,0.1512,21.21
2025-10-25 06:29:49,022,WAC_006_302_54,0,0.0,14,1.0,0.1512,21.2
2025-10-25 06:39:52,022,WAC_006_302_54,0,0.0,15,1.0,0.1584,21.2
2025-10-25 06:49:56,022,WAC_006_302_54,0,0.0,15,1.0,0.1512,21.2
2025-10-25 06:59:58,022,WAC_006_302_54,0,0.0,15,1.0,0.1656,21.19
2025-10-25 07:10:01,022,WAC_006_302_54,2,0.003,14,0.996,0.1548,21.17
2025-10-25 07:20:03,022,WAC_006_302_54,0,0.0,14,1.0,0.1584,21.18
2025-10-25 07:30:06,022,WAC_006_302_54,0,0.0,15,1.0,0.1512,21.17
2025-10-25 07:40:09,022,WAC_006_302_54,0,0.0,15,1.0,0.162,21.17
2025-10-25 07:50:12,022,WAC_006_302_54,78,0.13,9,0.822,0.1548,21.18
2025-10-25 08:00:14,022,WAC_006_302_54,94,0.156,6,0.719,0.1728,21.2
2025-10-25 08:10:30,022,WAC_006_302_54,7,0.012,14,0.988,0.1116,21.25
2025-10-25 08:20:33,022,WAC_006_302_54,0,0.0,15,1.0,0.1188,21.24
2025-10-25 08:30:36,022,WAC_006_302_54,0,0.0,15,1.0,0.108,21.23
2025-10-25 08:40:39,022,WAC_006_302_54,0,0.0,15,1.0,0.126,21.21
2025-10-25 08:50:42,022,WAC_006_302_54,0,0.0,15,1.0,0.1188,21.2
2025-10-25 09:00:45,022,WAC_006_302_54,0,0.0,15,1.0,0.1188,21.2
2025-10-25 09:10:47,022,WAC_006_302_54,0,0.0,14,1.0,0.1188,21.2
2025-10-25 09:20:50,022,WAC_006_302_54,0,0.0,15,1.0,0.1152,21.2
2025-10-25 09:30:53,022,WAC_006_302_54,0,0.0,15,1.0,0.1188,21.18
2025-10-25 09:40:56,022,WAC_006_302_54,0,0.0,15,1.0,0.1152,21.18
2025-10-25 09:50:59,022,WAC_006_302_54,0,0.0,14,1.0,0.108,21.18
2025-10-25 10:01:01,022,WAC_006_302_54,0,0.0,14,1.0,0.1188,21.18
2025-10-25 10:11:04,022,WAC_006_302_54,0,0.0,14,1.0,0.1296,21.18
2025-10-25 10:21:07,022,WAC_006_302_54,0,0.0,14,1.0,0.1296,21.17
2025-10-25 10:31:10,022,WAC_006_302_54,0,0.0,15,1.0,0.1296,21.2
2025-10-25 10:41:12,022,WAC_006_302_54,65,0.108,7,0.812,0.18,21.29
2025-10-25 10:51:15,022,WAC_006_302_54,89,0.148,9,0.802,0.2016,21.39
2025-10-25 11:01:18,022,WAC_006_302_54,0,0.0,15,1.0,0.2088,21.42
2025-10-25 11:11:21,022,WAC_006_302_54,0,0.0,15,1.0,0.1872,21.43
2025-10-25 11:21:23,022,WAC_006_302_54,0,0.0,14,1.0,0.1908,21.44
2025-10-25 11:31:26,022,WAC_006_302_54,0,0.0,15,1.0,0.1908,21.42
2025-10-25 11:41:30,022,WAC_006_302_54,0,0.0,15,1.0,0.1872,21.41
2025-10-25 11:51:33,022,WAC_006_302_54,0,0.0,14,1.0,0.1944,21.38
2025-10-25 12:01:36,022,WAC_006_302_54,0,0.0,15,1.0,0.1908,21.35
2025-10-25 12:12:04,022,WAC_006_302_54,0,0.0,14,1.0,0.18,21.38
2025-10-25 12:22:06,022,WAC_006_302_54,0,0.0,15,1.0,0.1872,21.34
2025-10-25 12:32:10,022,WAC_006_302_54,0,0.0,15,1.0,0.18,21.31
2025-10-25 12:42:12,022,WAC_006_302_54,1,0.002,14,0.998,0.1872,21.29
2025-10-25 12:52:15,022,WAC_006_302_54,0,0.0,15,1.0,0.1944,21.29
2025-10-25 13:02:18,022,WAC_006_302_54,0,0.0,15,1.0,0.216,21.28
2025-10-25 13:12:21,022,WAC_006_302_54,0,0.0,15,1.0,0.2196,21.29
2025-10-25 13:22:24,022,WAC_006_302_54,0,0.0,15,1.0,0.2088,21.29
2025-10-25 13:32:28,022,WAC_006_302_54,0,0.0,15,1.0,0.18,21.32
2025-10-25 13:42:31,022,WAC_006_302_54,57,0.095,8,0.849,0.252,21.33
2025-10-25 13:52:34,022,WAC_006_302_54,95,0.158,4,0.627,0.1548,21.37
2025-10-25 14:02:37,022,WAC_006_302_54,83,0.138,7,0.771,0.2412,21.4
2025-10-25 14:12:40,022,WAC_006_302_54,0,0.0,14,1.0,0.2376,21.39
2025-10-25 14:22:43,022,WAC_006_302_54,0,0.0,15,1.0,0.2232,21.36
2025-10-25 14:32:45,022,WAC_006_302_54,1,0.002,14,0.998,0.2484,21.31
2025-10-25 14:42:48,022,WAC_006_302_54,0,0.0,15,1.0,0.2448,21.27
2025-10-25 14:52:51,022,WAC_006_302_54,0,0.0,15,1.0,0.2412,21.23
2025-10-25 15:02:54,022,WAC_006_302_54,0,0.0,14,1.0,0.2448,21.19
2025-10-25 15:12:57,022,WAC_006_302_54,0,0.0,15,1.0,0.216,21.19
2025-10-25 15:23:00,022,WAC_006_302_54,0,0.0,15,1.0,0.2376,21.16
2025-10-25 15:33:03,022,WAC_006_302_54,0,0.0,14,1.0,0.2484,21.13
2025-10-25 15:43:06,022,WAC_006_302_54,0,0.0,15,1.0,0.216,21.12
2025-10-25 15:53:08,022,WAC_006_302_54,0,0.0,14,1.0,0.216,21.11
2025-10-25 16:03:11,022,WAC_006_302_54,0,0.0,15,1.0,0.2196,21.1
2025-10-25 16:13:34,022,WAC_006_302_54,0,0.0,14,1.0,0.2196,21.17
2025-10-25 16:23:36,022,WAC_006_302_54,50,0.083,7,0.848,0.234,21.19
2025-10-25 16:33:39,022,WAC_006_302_54,91,0.151,8,0.779,0.1944,21.25
2025-10-25 16:43:43,022,WAC_006_302_54,7,0.012,14,0.988,0.1692,21.28
2025-10-25 16:53:45,022,WAC_006_302_54,0,0.0,14,1.0,0.1692,21.26
2025-10-25 17:03:48,022,WAC_006_302_54,0,0.0,14,1.0,0.1656,21.23
2025-10-25 17:13:51,022,WAC_006_302_54,0,0.0,15,1.0,0.1692,21.23
2025-10-25 17:23:54,022,WAC_006_302_54,0,0.0,15,1.0,0.1692,21.24
2025-10-25 17:33:57,022,WAC_006_302_54,0,0.0,15,1.0,0.1584,21.24
2025-10-25 17:43:59,022,WAC_006_302_54,14,0.023,13,0.974,0.144,21.29
2025-10-25 17:54:02,022,WAC_006_302_54,100,0.166,6,0.706,0.1476,21.29
2025-10-25 18:04:06,022,WAC_006_302_54,84,0.14,5,0.704,0.0,21.33
2025-10-25 18:14:08,022,WAC_006_302_54,98,0.163,9,0.786,0.0,21.33
2025-10-25 18:24:12,022,WAC_006_302_54,130,0.216,6,0.649,0.0,21.34
2025-10-25 18:34:14,022,WAC_006_302_54,182,0.303,5,0.524,0.0,21.39
2025-10-25 18:44:17,022,WAC_006_302_54,142,0.237,8,0.693,0.0,21.41
2025-10-25 18:54:20,022,WAC_006_302_54,329,0.547,0,0.0,0.0,21.48
2025-10-25 19:04:23,022,WAC_006_302_54,226,0.376,4,0.415,0.0,21.49
2025-10-25 19:14:26,022,WAC_006_302_54,162,0.269,6,0.597,0.0,21.48
2025-10-25 19:24:29,022,WAC_006_302_54,207,0.344,4,0.436,0.0,21.49
2025-10-25 19:34:32,022,WAC_006_302_54,124,0.206,7,0.693,0.0,21.48
2025-10-25 19:44:35,022,WAC_006_302_54,274,0.456,0,0.0,0.0,21.51
2025-10-25 19:54:39,022,WAC_006_302_54,67,0.111,9,0.843,0.0,21.5
2025-10-25 20:04:42,022,WAC_006_302_54,285,0.473,0,0.0,0.0,21.55
2025-10-25 20:15:10,022,WAC_006_302_54,151,0.253,6,0.614,0.0,21.58
2025-10-25 20:25:12,022,WAC_006_302_54,221,0.368,2,0.266,0.0,21.56
2025-10-25 20:35:15,022,WAC_006_302_54,215,0.358,3,0.358,0.0,21.58
2025-10-25 20:45:19,022,WAC_006_302_54,239,0.398,3,0.334,0.0,21.59
2025-10-25 20:55:22,022,WAC_006_302_54,169,0.281,5,0.542,0.0,21.57
2025-10-25 21:05:25,022,WAC_006_302_54,175,0.291,6,0.578,0.0,21.57
2025-10-25 21:15:27,022,WAC_006_302_54,255,0.424,1,0.136,0.0,21.58
2025-10-25 21:25:30,022,WAC_006_302_54,83,0.138,9,0.813,0.0,21.56
2025-10-25 21:35:33,022,WAC_006_302_54,245,0.408,4,0.395,0.0,21.55
2025-10-25 21:45:36,022,WAC_006_302_54,116,0.193,9,0.756,0.0,21.52
2025-10-25 21:55:38,022,WAC_006_302_54,270,0.449,1,0.129,0.0,21.52
2025-10-25 22:05:42,022,WAC_006_302_54,133,0.221,6,0.643,0.0,21.54
2025-10-25 22:15:45,022,WAC_006_302_54,189,0.314,2,0.297,0.0,21.54
2025-10-25 22:25:48,022,WAC_006_302_54,220,0.365,3,0.353,0.0,21.56
2025-10-25 22:35:50,022,WAC_006_302_54,168,0.28,3,0.417,0.0,21.55
2025-10-25 22:45:53,022,WAC_006_302_54,219,0.364,3,0.354,0.0,21.56
2025-10-25 22:55:56,022,WAC_006_302_54,115,0.191,5,0.635,0.0,21.55
2025-10-25 23:06:00,022,WAC_006_302_54,205,0.341,3,0.369,0.0,21.53
2025-10-25 23:16:02,022,WAC_006_302_54,165,0.275,5,0.548,0.0,21.53
2025-10-25 23:26:05,022,WAC_006_302_54,173,0.288,4,0.48,0.0,21.52
2025-10-25 23:36:08,022,WAC_006_302_54,235,0.391,0,0.0,0.0,21.52
2025-10-25 23:46:10,022,WAC_006_302_54,179,0.298,5,0.528,0.0,21.5
2025-10-25 23:56:13,022,WAC_006_302_54,217,0.361,3,0.356,0.0,21.49
2025-10-26 00:06:16,022,WAC_006_302_54,122,0.203,7,0.697,0.0,21.48
2025-10-26 00:16:43,022,WAC_006_302_54,177,0.295,3,0.404,0.0,21.54
2025-10-26 00:26:46,022,WAC_006_302_54,107,0.178,8,0.749,0.0,21.49
2025-10-26 00:36:49,022,WAC_006_302_54,218,0.363,1,0.155,0.0,21.49
2025-10-26 00:46:51,022,WAC_006_302_54,134,0.223,5,0.599,0.0,21.49
2025-10-26 00:56:54,022,WAC_006_302_54,110,0.183,8,0.744,0.0,21.49
2025-10-26 01:06:56,022,WAC_006_302_54,129,0.215,6,0.65,0.0,21.46
2025-10-26 01:16:59,022,WAC_006_302_54,116,0.193,3,0.508,0.0,21.45
2025-10-26 01:27:01,022,WAC_006_302_54,137,0.228,3,0.467,0.0,21.46
2025-10-26 01:37:04,022,WAC_006_302_54,133,0.221,6,0.643,0.0,21.43
2025-10-26 01:47:06,022,WAC_006_302_54,62,0.103,10,0.866,0.0,21.41
2025-10-26 01:57:09,022,WAC_006_302_54,73,0.121,7,0.793,0.0,21.39
2025-10-26 02:07:12,022,WAC_006_302_54,1,0.002,14,0.998,0.0,21.36
2025-10-26 02:17:15,022,WAC_006_302_54,0,0.0,15,1.0,0.0,21.32
2025-10-26 02:27:18,022,WAC_006_302_54,83,0.138,5,0.707,0.0,21.31
2025-10-26 02:37:22,022,WAC_006_302_54,5,0.008,13,0.99,0.0,21.29
2025-10-26 02:47:25,022,WAC_006_302_54,0,0.0,15,1.0,0.0,21.25
2025-10-26 02:57:27,022,WAC_006_302_54,1,0.002,14,0.998,0.0,21.24
2025-10-26 03:07:31,022,WAC_006_302_54,14,0.023,14,0.976,0.0,21.21
2025-10-26 03:17:34,022,WAC_006_302_54,38,0.063,12,0.927,0.0,21.22
2025-10-26 03:27:37,022,WAC_006_302_54,0,0.0,15,1.0,0.0,21.19
2025-10-26 03:37:40,022,WAC_006_302_54,0,0.0,15,1.0,0.0,21.17
2025-10-26 03:47:43,022,WAC_006_302_54,0,0.0,14,1.0,0.0,21.16
2025-10-26 03:57:46,022,WAC_006_302_54,0,0.0,15,1.0,0.0,21.16
2025-10-26 04:07:49,022,WAC_006_302_54,1,0.002,14,0.998,0.0,21.15
2025-10-26 04:18:02,022,WAC_006_302_54,0,0.0,14,1.0,0.0,21.17
2025-10-26 04:28:06,022,WAC_006_302_54,0,0.0,15,1.0,0.0,21.15
2025-10-26 04:38:09,022,WAC_006_302_54,13,0.022,13,0.976,0.0,21.17
2025-10-26 04:48:12,022,WAC_006_302_54,130,0.216,4,0.552,0.0,21.19
2025-10-26 04:58:15,022,WAC_006_302_54,135,0.225,8,0.703,0.0,21.23
2025-10-26 05:08:18,022,WAC_006_302_54,144,0.24,3,0.455,0.0,21.27
2025-10-26 05:18:21,022,WAC_006_302_54,134,0.223,9,0.729,0.0,21.28
2025-10-26 05:28:24,022,WAC_006_302_54,12,0.02,14,0.979,0.0,21.27
2025-10-26 05:38:27,022,WAC_006_302_54,97,0.161,6,0.712,0.0,21.28
2025-10-26 05:48:30,022,WAC_006_302_54,99,0.165,6,0.708,0.0,21.27
2025-10-26 05:58:32,022,WAC_006_302_54,58,0.097,9,0.861,0.0,21.27
2025-10-26 06:08:35,022,WAC_006_302_54,56,0.093,9,0.865,0.1224,21.28
2025-10-26 06:18:37,022,WAC_006_302_54,17,0.028,13,0.968,0.1224,21.27
2025-10-26 06:28:41,022,WAC_006_302_54,0,0.0,15,1.0,0.1224,21.28
2025-10-26 06:38:44,022,WAC_006_302_54,0,0.0,15,1.0,0.1404,21.28
2025-10-26 06:48:46,022,WAC_006_302_54,0,0.0,15,1.0,0.1332,21.25
2025-10-26 06:58:49,022,WAC_006_302_54,0,0.0,15,1.0,0.1296,21.22
2025-10-26 07:08:52,022,WAC_006_302_54,0,0.0,15,1.0,0.1296,21.21
2025-10-26 07:18:55,022,WAC_006_302_54,0,0.0,15,1.0,0.1296,21.2
2025-10-26 07:28:58,022,WAC_006_302_54,0,0.0,15,1.0,0.1404,21.18
2025-10-26 07:39:01,022,WAC_006_302_54,0,0.0,14,1.0,0.1296,21.18
2025-10-26 07:49:03,022,WAC_006_302_54,0,0.0,14,1.0,0.1404,21.17
2025-10-26 07:59:07,022,WAC_006_302_54,0,0.0,15,1.0,0.1296,21.16
2025-10-26 08:09:09,022,WAC_006_302_54,0,0.0,14,1.0,0.1296,21.16
2025-10-26 08:19:38,022,WAC_006_302_54,0,0.0,14,1.0,0.1296,21.22
2025-10-26 08:29:41,022,WAC_006_302_54,0,0.0,15,1.0,0.1296,21.18
2025-10-26 08:39:44,022,WAC_006_302_54,0,0.0,15,1.0,0.1404,21.16
2025-10-26 08:49:47,022,WAC_006_302_54,0,0.0,15,1.0,0.1404,21.15
2025-10-26 08:59:50,022,WAC_006_302_54,0,0.0,15,1.0,0.1296,21.16
2025-10-26 09:09:53,022,WAC_006_302_54,1,0.002,14,0.998,0.1152,21.15
2025-10-26 09:19:57,022,WAC_006_302_54,2,0.003,14,0.996,0.1224,21.15
2025-10-26 09:30:00,022,WAC_006_302_54,0,0.0,15,1.0,0.1332,21.16
2025-10-26 09:40:03,022,WAC_006_302_54,0,0.0,14,1.0,0.1296,21.15
2025-10-26 09:50:06,022,WAC_006_302_54,0,0.0,14,1.0,0.1296,21.15
2025-10-26 10:00:08,022,WAC_006_302_54,38,0.063,10,0.913,0.2808,21.18
2025-10-26 10:10:11,022,WAC_006_302_54,21,0.035,10,0.95,0.2952,21.2
2025-10-26 10:20:13,022,WAC_006_302_54,0,0.0,14,1.0,0.3096,21.21
2025-10-26 10:30:16,022,WAC_006_302_54,0,0.0,15,1.0,0.3096,21.23
2025-10-26 10:40:19,022,WAC_006_302_54,1,0.002,14,0.998,0.3132,21.22
2025-10-26 10:50:22,022,WAC_006_302_54,0,0.0,14,1.0,0.306,21.21
2025-10-26 11:00:24,022,WAC_006_302_54,0,0.0,14,1.0,0.2808,21.2
2025-10-26 11:10:27,022,WAC_006_302_54,0,0.0,14,1.0,0.2808,21.18
2025-10-26 11:20:29,022,WAC_006_302_54,0,0.0,15,1.0,0.2772,21.17
2025-10-26 11:30:31,022,WAC_006_302_54,0,0.0,14,1.0,0.2736,21.17
2025-10-26 11:40:34,022,WAC_006_302_54,0,0.0,14,1.0,0.2772,21.15
2025-10-26 11:50:37,022,WAC_006_302_54,0,0.0,15,1.0,0.2736,21.14
2025-10-26 12:00:40,022,WAC_006_302_54,0,0.0,15,1.0,0.2736,21.13
2025-10-26 12:10:43,022,WAC_006_302_54,0,0.0,14,1.0,0.2772,21.11
2025-10-26 12:21:07,022,WAC_006_302_54,0,0.0,14,1.0,0.2664,21.16
2025-10-26 12:31:10,022,WAC_006_302_54,50,0.083,11,0.898,0.252,21.18
2025-10-26 12:41:14,022,WAC_006_302_54,37,0.061,10,0.915,0.1944,21.18
2025-10-26 12:51:17,022,WAC_006_302_54,13,0.022,12,0.974,0.216,21.16
2025-10-26 13:01:20,022,WAC_006_302_54,0,0.0,15,1.0,0.2088,21.14
2025-10-26 13:11:23,022,WAC_006_302_54,0,0.0,14,1.0,0.2088,21.12
2025-10-26 13:21:25,022,WAC_006_302_54,0,0.0,14,1.0,0.2196,21.09
2025-10-26 13:31:29,022,WAC_006_302_54,0,0.0,15,1.0,0.216,21.09
2025-10-26 13:41:32,022,WAC_006_302_54,0,0.0,15,1.0,0.2088,21.08
2025-10-26 13:51:34,022,WAC_006_302_54,0,0.0,15,1.0,0.2268,21.06
2025-10-26 14:01:37,022,WAC_006_302_54,0,0.0,14,1.0,0.2088,21.06
2025-10-26 14:11:40,022,WAC_006_302_54,0,0.0,15,1.0,0.252,21.06
2025-10-26 14:21:44,022,WAC_006_302_54,0,0.0,15,1.0,0.2448,21.05
2025-10-26 14:31:47,022,WAC_006_302_54,0,0.0,15,1.0,0.2376,21.06
2025-10-26 14:41:50,022,WAC_006_302_54,0,0.0,15,1.0,0.2448,21.05
2025-10-26 14:51:54,022,WAC_006_302_54,1,0.002,14,0.998,0.2376,21.04
2025-10-26 15:01:56,022,WAC_006_302_54,0,0.0,15,1.0,0.2304,21.05
2025-10-26 15:12:00,022,WAC_006_302_54,0,0.0,15,1.0,0.2376,21.04
2025-10-26 15:22:03,022,WAC_006_302_54,0,0.0,15,1.0,0.216,21.05
2025-10-26 15:32:06,022,WAC_006_302_54,0,0.0,15,1.0,0.2088,21.05
2025-10-26 15:42:09,022,WAC_006_302_54,3,0.005,13,0.994,0.1836,21.04
2025-10-26 15:52:12,022,WAC_006_302_54,56,0.093,9,0.865,0.2412,21.09
2025-10-26 16:02:16,022,WAC_006_302_54,95,0.158,6,0.716,0.1944,21.13
2025-10-26 16:12:19,022,WAC_006_302_54,21,0.035,13,0.961,0.1404,21.16
2025-10-26 16:22:37,022,WAC_006_302_54,111,0.185,4,0.59,0.1152,21.22
2025-10-26 16:32:39,022,WAC_006_302_54,4,0.007,12,0.992,0.1296,21.2
2025-10-26 16:42:42,022,WAC_006_302_54,0,0.0,15,1.0,0.1224,21.16
2025-10-26 16:52:45,022,WAC_006_302_54,0,0.0,14,1.0,0.1224,21.14
2025-10-26 17:02:48,022,WAC_006_302_54,0,0.0,15,1.0,0.1152,21.12
2025-10-26 17:12:51,022,WAC_006_302_54,3,0.005,14,0.995,0.126,21.11
2025-10-26 17:22:54,022,WAC_006_302_54,0,0.0,15,1.0,0.1224,21.11
2025-10-26 17:32:56,022,WAC_006_302_54,0,0.0,14,1.0,0.1152,21.1
2025-10-26 17:42:59,022,WAC_006_302_54,5,0.008,14,0.991,0.144,21.12
2025-10-26 17:53:02,022,WAC_006_302_54,48,0.08,9,0.882,0.0972,21.16
2025-10-26 18:03:05,022,WAC_006_302_54,16,0.027,13,0.97,0.0,21.19
2025-10-26 18:13:08,022,WAC_006_302_54,101,0.168,5,0.664,0.0,21.23
2025-10-26 18:23:11,022,WAC_006_302_54,72,0.12,8,0.816,0.0,21.26
2025-10-26 18:33:14,022,WAC_006_302_54,151,0.251,5,0.57,0.0,21.3
2025-10-26 18:43:16,022,WAC_006_302_54,55,0.092,9,0.867,0.0,21.32
2025-10-26 18:53:19,022,WAC_006_302_54,203,0.338,0,0.0,0.0,21.35
2025-10-26 19:03:22,022,WAC_006_302_54,158,0.263,5,0.559,0.0,21.37
2025-10-26 19:13:25,022,WAC_006_302_54,183,0.304,1,0.179,0.0,21.4
2025-10-26 19:23:29,022,WAC_006_302_54,73,0.121,10,0.846,0.0,21.39
2025-10-26 19:33:32,022,WAC_006_302_54,223,0.371,0,0.0,0.0,21.46
2025-10-26 19:43:34,022,WAC_006_302_54,192,0.319,4,0.455,0.0,21.49
2025-10-26 19:53:38,022,WAC_006_302_54,146,0.243,2,0.354,0.0,21.5
2025-10-26 20:03:41,022,WAC_006_302_54,111,0.185,7,0.716,0.0,21.49
2025-10-26 20:13:44,022,WAC_006_302_54,194,0.323,2,0.292,0.0,21.5
2025-10-26 20:24:11,022,WAC_006_302_54,62,0.104,10,0.866,0.0,21.54
2025-10-26 20:34:14,022,WAC_006_302_54,189,0.314,0,0.0,0.0,21.53
2025-10-26 20:44:17,022,WAC_006_302_54,110,0.183,7,0.718,0.0,21.5
2025-10-26 20:54:19,022,WAC_006_302_54,196,0.326,0,0.0,0.0,21.52
2025-10-26 21:04:22,022,WAC_006_302_54,47,0.078,12,0.911,0.0,21.5
2025-10-26 21:14:25,022,WAC_006_302_54,203,0.338,0,0.0,0.0,21.49
2025-10-26 21:24:27,022,WAC_006_302_54,136,0.226,5,0.595,0.0,21.48
2025-10-26 21:34:30,022,WAC_006_302_54,171,0.285,3,0.412,0.0,21.43
2025-10-26 21:44:33,022,WAC_006_302_54,115,0.191,5,0.635,0.0,21.44
2025-10-26 21:54:35,022,WAC_006_302_54,140,0.233,6,0.632,0.0,21.42
2025-10-26 22:04:38,022,WAC_006_302_54,139,0.232,8,0.697,0.0,21.4
2025-10-26 22:14:40,022,WAC_006_302_54,211,0.351,2,0.275,0.0,21.43
2025-10-26 22:24:44,022,WAC_006_302_54,192,0.319,3,0.385,0.0,21.41
2025-10-26 22:34:46,022,WAC_006_302_54,248,0.413,0,0.0,0.0,21.4
2025-10-26 22:44:50,022,WAC_006_302_54,86,0.143,9,0.807,0.0,21.39
2025-10-26 22:54:52,022,WAC_006_302_54,183,0.304,2,0.304,0.0,21.39
2025-10-26 23:04:56,022,WAC_006_302_54,92,0.153,7,0.753,0.0,21.37
2025-10-26 23:14:58,022,WAC_006_302_54,247,0.411,0,0.0,0.0,21.37
2025-10-26 23:25:01,022,WAC_006_302_54,122,0.203,3,0.496,0.0,21.39
2025-10-26 23:35:04,022,WAC_006_302_54,146,0.243,4,0.523,0.0,21.38
2025-10-26 23:45:07,022,WAC_006_302_54,118,0.196,7,0.704,0.0,21.38
2025-10-26 23:55:10,022,WAC_006_302_54,100,0.166,8,0.762,0.0,21.38
2025-10-25 00:05:23,030,WAC_006_305_76,222,0.369,4,0.419,0.0,21.41
2025-10-25 00:15:40,030,WAC_006_305_76,168,0.281,8,0.656,0.0,21.51
2025-10-25 00:25:42,030,WAC_006_305_76,79,0.131,8,0.802,0.0,21.46
2025-10-25 00:35:45,030,WAC_006_305_76,292,0.487,1,0.12,0.0,21.53
2025-10-25 00:45:49,030,WAC_006_305_76,43,0.071,11,0.911,0.0,21.46
2025-10-25 00:55:51,030,WAC_006_305_76,53,0.088,11,0.892,0.0,21.38
2025-10-25 01:05:55,030,WAC_006_305_76,99,0.164,8,0.764,0.0,21.3
2025-10-25 01:15:58,030,WAC_006_305_76,93,0.155,10,0.811,0.0,21.27
2025-10-25 01:26:00,030,WAC_006_305_76,0,0.0,14,1.0,0.0,21.21
2025-10-25 01:36:04,030,WAC_006_305_76,0,0.0,14,1.0,0.0,21.14
2025-10-25 01:46:06,030,WAC_006_305_76,0,0.0,14,1.0,0.0,21.08
2025-10-25 01:56:09,030,WAC_006_305_76,0,0.0,14,1.0,0.0,21.05
2025-10-25 02:06:11,030,WAC_006_305_76,0,0.0,14,1.0,0.0,21.02
2025-10-25 02:16:13,030,WAC_006_305_76,0,0.0,14,1.0,0.0,21.0
2025-10-25 02:26:16,030,WAC_006_305_76,0,0.0,14,1.0,0.0,20.98
2025-10-25 02:36:20,030,WAC_006_305_76,0,0.0,14,1.0,0.0,20.97
2025-10-25 02:46:23,030,WAC_006_305_76,0,0.0,14,1.0,0.0,20.97
2025-10-25 02:56:26,030,WAC_006_305_76,0,0.0,14,1.0,0.0,20.95
2025-10-25 03:06:29,030,WAC_006_305_76,0,0.0,14,1.0,0.0,20.95
2025-10-25 03:16:31,030,WAC_006_305_76,0,0.0,14,1.0,0.0,20.95
2025-10-25 03:26:34,030,WAC_006_305_76,0,0.0,14,1.0,0.0,20.95
2025-10-25 03:36:36,030,WAC_006_305_76,7,0.012,13,0.987,0.0,20.94
2025-10-25 03:46:39,030,WAC_006_305_76,36,0.06,12,0.93,0.0,20.97
2025-10-25 03:56:43,030,WAC_006_305_76,121,0.201,7,0.698,0.0,21.05
2025-10-25 04:06:47,030,WAC_006_305_76,161,0.267,6,0.599,0.0,21.14
2025-10-25 04:17:02,030,WAC_006_305_76,210,0.351,4,0.432,0.0,21.35
2025-10-25 04:27:06,030,WAC_006_305_76,115,0.191,7,0.709,0.0,21.37
2025-10-25 04:37:10,030,WAC_006_305_76,49,0.081,9,0.88,0.0,21.34
2025-10-25 04:47:13,030,WAC_006_305_76,213,0.354,5,0.484,0.0,21.4
2025-10-25 04:57:15,030,WAC_006_305_76,37,0.062,10,0.915,0.0,21.36
2025-10-25 05:07:17,030,WAC_006_305_76,122,0.203,7,0.697,0.0,21.42
2025-10-25 05:17:21,030,WAC_006_305_76,73,0.121,9,0.831,0.0,21.43
2025-10-25 05:27:23,030,WAC_006_305_76,27,0.045,11,0.942,0.0,21.36
2025-10-25 05:37:25,030,WAC_006_305_76,11,0.018,14,0.981,0.0,21.29
2025-10-25 05:47:27,030,WAC_006_305_76,0,0.0,14,1.0,0.0,21.22
2025-10-25 05:57:31,030,WAC_006_305_76,0,0.0,14,1.0,0.0,21.15
2025-10-25 06:07:33,030,WAC_006_305_76,0,0.0,14,1.0,0.0864,21.12
2025-10-25 06:17:38,030,WAC_006_305_76,0,0.0,14,1.0,0.0792,21.08
2025-10-25 06:27:42,030,WAC_006_305_76,0,0.0,14,1.0,0.0792,21.06
2025-10-25 06:37:45,030,WAC_006_305_76,0,0.0,14,1.0,0.0792,21.03
2025-10-25 06:47:48,030,WAC_006_305_76,0,0.0,14,1.0,0.0792,21.02
2025-10-25 06:57:51,030,WAC_006_305_76,0,0.0,14,1.0,0.0792,21.0
2025-10-25 07:07:53,030,WAC_006_305_76,0,0.0,14,1.0,0.0792,20.99
2025-10-25 07:17:57,030,WAC_006_305_76,0,0.0,14,1.0,0.0792,20.97
2025-10-25 07:28:01,030,WAC_006_305_76,0,0.0,14,1.0,0.0792,20.96
2025-10-25 07:38:03,030,WAC_006_305_76,0,0.0,14,1.0,0.0792,20.96
2025-10-25 07:48:07,030,WAC_006_305_76,0,0.0,14,1.0,0.0792,20.95
2025-10-25 07:58:10,030,WAC_006_305_76,0,0.0,14,1.0,0.0792,20.95
2025-10-25 08:08:12,030,WAC_006_305_76,0,0.0,14,1.0,0.0792,20.94
2025-10-25 08:18:25,030,WAC_006_305_76,0,0.0,14,1.0,0.0792,20.97
2025-10-25 08:28:28,030,WAC_006_305_76,0,0.0,14,1.0,0.0792,20.96
2025-10-25 08:38:30,030,WAC_006_305_76,0,0.0,14,1.0,0.0792,20.95
2025-10-25 08:48:34,030,WAC_006_305_76,0,0.0,14,1.0,0.0792,20.95
2025-10-25 08:58:36,030,WAC_006_305_76,0,0.0,14,1.0,0.0792,20.95
2025-10-25 09:08:38,030,WAC_006_305_76,0,0.0,14,1.0,0.0792,20.94
2025-10-25 09:18:42,030,WAC_006_305_76,0,0.0,14,1.0,0.0792,20.93
2025-10-25 09:28:45,030,WAC_006_305_76,0,0.0,14,1.0,0.0792,20.92
2025-10-25 09:38:47,030,WAC_006_305_76,0,0.0,14,1.0,0.0792,20.93
2025-10-25 09:48:50,030,WAC_006_305_76,44,0.073,12,0.916,0.0648,20.94
2025-10-25 09:58:52,030,WAC_006_305_76,76,0.126,8,0.808,0.072,21.0
2025-10-25 10:08:55,030,WAC_006_305_76,10,0.017,14,0.982,0.108,21.04
2025-10-25 10:18:58,030,WAC_006_305_76,0,0.0,14,1.0,0.108,21.0
2025-10-25 10:29:01,030,WAC_006_305_76,0,0.0,14,1.0,0.1152,21.01
2025-10-25 10:39:02,030,WAC_006_305_76,0,0.0,14,1.0,0.2448,21.05
2025-10-25 10:49:04,030,WAC_006_305_76,0,0.0,14,1.0,0.108,21.09
2025-10-25 10:59:06,030,WAC_006_305_76,0,0.0,14,1.0,0.1152,21.12
2025-10-25 11:09:09,030,WAC_006_305_76,0,0.0,14,1.0,0.0864,21.16
2025-10-25 11:19:13,030,WAC_006_305_76,0,0.0,14,1.0,0.0864,21.18
2025-10-25 11:29:17,030,WAC_006_305_76,0,0.0,14,1.0,0.0864,21.18
2025-10-25 11:39:21,030,WAC_006_305_76,0,0.0,14,1.0,0.09,21.18
2025-10-25 11:49:24,030,WAC_006_305_76,0,0.0,14,1.0,0.0864,21.16
2025-10-25 11:59:25,030,WAC_006_305_76,0,0.0,14,1.0,0.0864,21.14
2025-10-25 12:09:27,030,WAC_006_305_76,0,0.0,14,1.0,0.09,21.12
2025-10-25 12:19:41,030,WAC_006_305_76,14,0.023,13,0.974,0.0792,21.13
2025-10-25 12:29:45,030,WAC_006_305_76,84,0.14,8,0.792,0.0792,21.16
2025-10-25 12:39:48,030,WAC_006_305_76,0,0.0,14,1.0,0.0792,21.13
2025-10-25 12:49:51,030,WAC_006_305_76,0,0.0,14,1.0,0.0792,21.12
2025-10-25 12:59:55,030,WAC_006_305_76,0,0.0,14,1.0,0.0792,21.12
2025-10-25 13:09:57,030,WAC_006_305_76,0,0.0,14,1.0,0.108,21.09
2025-10-25 13:19:59,030,WAC_006_305_76,0,0.0,14,1.0,0.108,21.09
2025-10-25 13:30:01,030,WAC_006_305_76,0,0.0,14,1.0,0.0792,21.08
2025-10-25 13:40:04,030,WAC_006_305_76,0,0.0,14,1.0,0.0792,21.07
2025-10-25 13:50:07,030,WAC_006_305_76,0,0.0,14,1.0,0.0792,21.05
2025-10-25 14:00:11,030,WAC_006_305_76,0,0.0,14,1.0,0.108,21.04
2025-10-25 14:10:13,030,WAC_006_305_76,10,0.017,14,0.982,0.108,21.02
2025-10-25 14:20:16,030,WAC_006_305_76,13,0.022,12,0.974,0.0792,21.04
2025-10-25 14:30:19,030,WAC_006_305_76,0,0.0,14,1.0,0.108,21.02
2025-10-25 14:40:21,030,WAC_006_305_76,0,0.0,14,1.0,0.108,21.01
2025-10-25 14:50:25,030,WAC_006_305_76,0,0.0,14,1.0,0.108,20.99
2025-10-25 15:00:28,030,WAC_006_305_76,0,0.0,14,1.0,0.108,20.97
2025-10-25 15:10:31,030,WAC_006_305_76,0,0.0,14,1.0,0.0792,20.96
2025-10-25 15:20:35,030,WAC_006_305_76,0,0.0,14,1.0,0.108,20.94
2025-10-25 15:30:37,030,WAC_006_305_76,0,0.0,14,1.0,0.108,20.93
2025-10-25 15:40:39,030,WAC_006_305_76,0,0.0,14,1.0,0.0792,20.91
2025-10-25 15:50:42,030,WAC_006_305_76,0,0.0,14,1.0,0.0792,20.9
2025-10-25 16:00:45,030,WAC_006_305_76,0,0.0,14,1.0,0.0792,20.89
2025-10-25 16:10:47,030,WAC_006_305_76,0,0.0,14,1.0,0.0792,20.88
2025-10-25 16:21:05,030,WAC_006_305_76,0,0.0,14,1.0,0.0792,20.9
2025-10-25 16:31:07,030,WAC_006_305_76,0,0.0,14,1.0,0.0792,20.89
2025-10-25 16:41:11,030,WAC_006_305_76,0,0.0,14,1.0,0.0792,20.88
2025-10-25 16:51:14,030,WAC_006_305_76,0,0.0,14,1.0,0.0792,20.88
2025-10-25 17:01:18,030,WAC_006_305_76,0,0.0,14,1.0,0.0792,20.88
2025-10-25 17:11:21,030,WAC_006_305_76,36,0.06,11,0.924,0.072,20.92
2025-10-25 17:21:26,030,WAC_006_305_76,19,0.032,13,0.965,0.0792,20.96
2025-10-25 17:31:28,030,WAC_006_305_76,0,0.0,14,1.0,0.0792,20.99
2025-10-25 17:41:30,030,WAC_006_305_76,0,0.0,14,1.0,0.0792,20.98
2025-10-25 17:51:32,030,WAC_006_305_76,4,0.007,14,0.993,0.0792,20.99
2025-10-25 18:01:36,030,WAC_006_305_76,17,0.028,14,0.971,0.0,21.0
2025-10-25 18:11:38,030,WAC_006_305_76,146,0.243,5,0.578,0.0,21.07
2025-10-25 18:21:40,030,WAC_006_305_76,111,0.185,10,0.783,0.0,21.13
2025-10-25 18:31:43,030,WAC_006_305_76,88,0.146,9,0.804,0.0,21.17
2025-10-25 18:41:46,030,WAC_006_305_76,75,0.125,9,0.828,0.0,21.21
2025-10-25 18:51:50,030,WAC_006_305_76,190,0.316,4,0.457,0.0,21.27
2025-10-25 19:01:52,030,WAC_006_305_76,72,0.12,9,0.833,0.0,21.28
2025-10-25 19:11:55,030,WAC_006_305_76,122,0.203,9,0.747,0.0,21.34
2025-10-25 19:21:57,030,WAC_006_305_76,183,0.304,3,0.396,0.0,21.39
2025-10-25 19:32:01,030,WAC_006_305_76,70,0.116,9,0.837,0.0,21.37
2025-10-25 19:42:03,030,WAC_006_305_76,60,0.1,12,0.889,0.0,21.33
2025-10-25 19:52:06,030,WAC_006_305_76,107,0.178,6,0.692,0.0,21.42
2025-10-25 20:02:10,030,WAC_006_305_76,94,0.156,7,0.749,0.0,21.35
2025-10-25 20:12:12,030,WAC_006_305_76,146,0.243,8,0.687,0.0,21.42
2025-10-25 20:22:29,030,WAC_006_305_76,89,0.149,9,0.802,0.0,21.42
2025-10-25 20:32:31,030,WAC_006_305_76,26,0.043,11,0.944,0.0,21.35
2025-10-25 20:42:35,030,WAC_006_305_76,0,0.0,14,1.0,0.0,21.3
2025-10-25 20:52:36,030,WAC_006_305_76,0,0.0,14,1.0,0.0,21.25
2025-10-25 21:02:39,030,WAC_006_305_76,0,0.0,14,1.0,0.0,21.22
2025-10-25 21:12:41,030,WAC_006_305_76,0,0.0,14,1.0,0.0,21.19
2025-10-25 21:22:43,030,WAC_006_305_76,100,0.167,9,0.783,0.0,21.22
2025-10-25 21:32:45,030,WAC_006_305_76,150,0.25,8,0.681,0.0,21.31
2025-10-25 21:42:47,030,WAC_006_305_76,40,0.067,12,0.923,0.0,21.27
2025-10-25 21:52:50,030,WAC_006_305_76,66,0.11,11,0.87,0.0,21.32
2025-10-25 22:02:52,030,WAC_006_305_76,176,0.293,5,0.532,0.0,21.37
2025-10-25 22:12:54,030,WAC_006_305_76,209,0.348,3,0.365,0.0,21.48
2025-10-25 22:22:56,030,WAC_006_305_76,50,0.083,10,0.889,0.0,21.43
2025-10-25 22:33:01,030,WAC_006_305_76,34,0.056,11,0.928,0.0,21.41
2025-10-25 22:43:03,030,WAC_006_305_76,118,0.196,5,0.629,0.0,21.41
2025-10-25 22:53:05,030,WAC_006_305_76,112,0.187,9,0.763,0.0,21.46
2025-10-25 23:03:07,030,WAC_006_305_76,194,0.323,5,0.508,0.0,21.45
2025-10-25 23:13:10,030,WAC_006_305_76,108,0.18,10,0.787,0.0,21.45
2025-10-25 23:23:11,030,WAC_006_305_76,41,0.068,11,0.915,0.0,21.37
2025-10-25 23:33:13,030,WAC_006_305_76,0,0.0,14,1.0,0.0,21.29
2025-10-25 23:43:15,030,WAC_006_305_76,34,0.057,11,0.928,0.0,21.28
2025-10-25 23:53:18,030,WAC_006_305_76,5,0.008,14,0.991,0.0,21.26
2025-10-26 00:03:23,030,WAC_006_305_76,137,0.228,5,0.593,0.0,21.31
2025-10-26 00:13:27,030,WAC_006_305_76,101,0.168,9,0.781,0.0,21.33
2025-10-26 00:23:47,030,WAC_006_305_76,145,0.242,6,0.623,0.0,21.37
2025-10-26 00:33:50,030,WAC_006_305_76,70,0.117,10,0.851,0.0,21.32
2025-10-26 00:43:54,030,WAC_006_305_76,158,0.262,6,0.603,0.0,21.34
2025-10-26 00:53:56,030,WAC_006_305_76,0,0.0,14,1.0,0.0,21.26
2025-10-26 01:04:00,030,WAC_006_305_76,0,0.0,14,1.0,0.0,21.19
2025-10-26 01:14:04,030,WAC_006_305_76,0,0.0,14,1.0,0.0,21.14
2025-10-26 01:24:07,030,WAC_006_305_76,0,0.0,14,1.0,0.0,21.09
2025-10-26 01:34:09,030,WAC_006_305_76,0,0.0,14,1.0,0.0,21.06
2025-10-26 01:44:12,030,WAC_006_305_76,0,0.0,14,1.0,0.0,21.04
2025-10-26 01:54:16,030,WAC_006_305_76,3,0.005,14,0.995,0.0,21.02
2025-10-26 02:04:18,030,WAC_006_305_76,42,0.07,9,0.896,0.0,21.03
2025-10-26 02:14:20,030,WAC_006_305_76,27,0.045,12,0.947,0.0,21.06
2025-10-26 02:24:24,030,WAC_006_305_76,67,0.111,10,0.857,0.0,21.13
2025-10-26 02:34:26,030,WAC_006_305_76,90,0.15,9,0.8,0.0,21.17
2025-10-26 02:44:28,030,WAC_006_305_76,155,0.258,6,0.608,0.0,21.22
2025-10-26 02:54:33,030,WAC_006_305_76,88,0.146,9,0.804,0.0,21.23
2025-10-26 03:04:37,030,WAC_006_305_76,25,0.042,13,0.954,0.0,21.21
2025-10-26 03:14:40,030,WAC_006_305_76,35,0.058,12,0.932,0.0,21.21
2025-10-26 03:24:43,030,WAC_006_305_76,79,0.132,10,0.835,0.0,21.2
2025-10-26 03:34:46,030,WAC_006_305_76,0,0.0,14,1.0,0.0,21.17
2025-10-26 03:44:48,030,WAC_006_305_76,0,0.0,14,1.0,0.0,21.13
2025-10-26 03:54:50,030,WAC_006_305_76,0,0.0,14,1.0,0.0,21.09
2025-10-26 04:04:53,030,WAC_006_305_76,0,0.0,14,1.0,0.0,21.07
2025-10-26 04:14:56,030,WAC_006_305_76,0,0.0,14,1.0,0.0,21.04
2025-10-26 04:25:20,030,WAC_006_305_76,0,0.0,14,1.0,0.0,21.07
2025-10-26 04:35:21,030,WAC_006_305_76,10,0.017,13,0.981,0.0,21.04
2025-10-26 04:45:25,030,WAC_006_305_76,23,0.038,12,0.954,0.0,21.04
2025-10-26 04:55:27,030,WAC_006_305_76,130,0.216,7,0.683,0.0,21.12
2025-10-26 05:05:31,030,WAC_006_305_76,45,0.075,10,0.899,0.0,21.14
2025-10-26 05:15:35,030,WAC_006_305_76,0,0.0,14,1.0,0.0,21.1
2025-10-26 05:25:38,030,WAC_006_305_76,0,0.0,14,1.0,0.0,21.06
2025-10-26 05:35:39,030,WAC_006_305_76,0,0.0,14,1.0,0.0,21.03
2025-10-26 05:45:42,030,WAC_006_305_76,0,0.0,14,1.0,0.0,21.03
2025-10-26 05:55:46,030,WAC_006_305_76,0,0.0,14,1.0,0.0,21.01
2025-10-26 06:05:50,030,WAC_006_305_76,0,0.0,14,1.0,0.1188,21.0
2025-10-26 06:15:51,030,WAC_006_305_76,18,0.03,13,0.967,0.108,21.01
2025-10-26 06:25:54,030,WAC_006_305_76,0,0.0,14,1.0,0.108,21.02
2025-10-26 06:35:56,030,WAC_006_305_76,0,0.0,14,1.0,0.108,21.01
2025-10-26 06:45:59,030,WAC_006_305_76,0,0.0,14,1.0,0.1188,21.01
2025-10-26 06:56:02,030,WAC_006_305_76,0,0.0,14,1.0,0.108,21.01
2025-10-26 07:06:04,030,WAC_006_305_76,0,0.0,14,1.0,0.108,21.01
2025-10-26 07:16:06,030,WAC_006_305_76,0,0.0,14,1.0,0.108,20.99
2025-10-26 07:26:09,030,WAC_006_305_76,0,0.0,14,1.0,0.108,20.98
2025-10-26 07:36:11,030,WAC_006_305_76,0,0.0,14,1.0,0.108,20.98
2025-10-26 07:46:14,030,WAC_006_305_76,0,0.0,14,1.0,0.108,20.97
2025-10-26 07:56:18,030,WAC_006_305_76,0,0.0,14,1.0,0.108,20.96
2025-10-26 08:06:22,030,WAC_006_305_76,0,0.0,14,1.0,0.108,20.96
2025-10-26 08:16:26,030,WAC_006_305_76,0,0.0,14,1.0,0.108,20.96
2025-10-26 08:26:37,030,WAC_006_305_76,0,0.0,14,1.0,0.1188,20.96
2025-10-26 08:36:41,030,WAC_006_305_76,0,0.0,14,1.0,0.108,20.95
2025-10-26 08:46:43,030,WAC_006_305_76,14,0.023,12,0.972,0.108,20.97
2025-10-26 08:56:47,030,WAC_006_305_76,0,0.0,14,1.0,0.108,20.97
2025-10-26 09:06:49,030,WAC_006_305_76,0,0.0,14,1.0,0.108,20.96
2025-10-26 09:16:52,030,WAC_006_305_76,0,0.0,14,1.0,0.108,20.95
2025-10-26 09:26:56,030,WAC_006_305_76,0,0.0,14,1.0,0.1188,20.95
2025-10-26 09:36:58,030,WAC_006_305_76,0,0.0,14,1.0,0.108,20.94
2025-10-26 09:47:03,030,WAC_006_305_76,0,0.0,14,1.0,0.1188,20.94
2025-10-26 09:57:05,030,WAC_006_305_76,0,0.0,14,1.0,0.1224,20.94
2025-10-26 10:07:07,030,WAC_006_305_76,0,0.0,14,1.0,0.1224,20.99
2025-10-26 10:17:09,030,WAC_006_305_76,0,0.0,14,1.0,0.1224,21.01
2025-10-26 10:27:13,030,WAC_006_305_76,0,0.0,14,1.0,0.1224,21.02
2025-10-26 10:37:16,030,WAC_006_305_76,0,0.0,14,1.0,0.1224,21.05
2025-10-26 10:47:18,030,WAC_006_305_76,0,0.0,14,1.0,0.1224,21.06
2025-10-26 10:57:20,030,WAC_006_305_76,0,0.0,14,1.0,0.1224,21.05
2025-10-26 11:07:22,030,WAC_006_305_76,0,0.0,14,1.0,0.0864,21.03
2025-10-26 11:17:24,030,WAC_006_305_76,15,0.025,12,0.97,0.0864,21.04
2025-10-26 11:27:27,030,WAC_006_305_76,0,0.0,14,1.0,0.0864,21.03
2025-10-26 11:37:29,030,WAC_006_305_76,0,0.0,14,1.0,0.0864,21.01
2025-10-26 11:47:33,030,WAC_006_305_76,0,0.0,14,1.0,0.0864,20.99
2025-10-26 11:57:35,030,WAC_006_305_76,0,0.0,14,1.0,0.0864,20.97
2025-10-26 12:07:37,030,WAC_006_305_76,0,0.0,14,1.0,0.0864,20.95
2025-10-26 12:17:40,030,WAC_006_305_76,0,0.0,14,1.0,0.0864,20.94
2025-10-26 12:27:51,030,WAC_006_305_76,0,0.0,14,1.0,0.0864,20.95
2025-10-26 12:37:55,030,WAC_006_305_76,0,0.0,14,1.0,0.0792,20.95
2025-10-26 12:47:58,030,WAC_006_305_76,37,0.062,11,0.922,0.0792,20.98
2025-10-26 12:58:00,030,WAC_006_305_76,2,0.003,14,0.996,0.0792,20.98
2025-10-26 13:08:02,030,WAC_006_305_76,0,0.0,14,1.0,0.0792,20.97
2025-10-26 13:18:06,030,WAC_006_305_76,0,0.0,14,1.0,0.0792,20.97
2025-10-26 13:28:10,030,WAC_006_305_76,0,0.0,14,1.0,0.0792,20.96
2025-10-26 13:38:14,030,WAC_006_305_76,0,0.0,14,1.0,0.0792,20.95
2025-10-26 13:48:17,030,WAC_006_305_76,0,0.0,14,1.0,0.0792,20.94
2025-10-26 13:58:19,030,WAC_006_305_76,0,0.0,14,1.0,0.0792,20.93
2025-10-26 14:08:23,030,WAC_006_305_76,0,0.0,14,1.0,0.0792,20.93
2025-10-26 14:18:26,030,WAC_006_305_76,0,0.0,14,1.0,0.108,20.93
2025-10-26 14:28:30,030,WAC_006_305_76,0,0.0,14,1.0,0.108,20.91
2025-10-26 14:38:34,030,WAC_006_305_76,0,0.0,14,1.0,0.108,20.9
2025-10-26 14:48:37,030,WAC_006_305_76,0,0.0,14,1.0,0.108,20.89
2025-10-26 14:58:42,030,WAC_006_305_76,0,0.0,14,1.0,0.108,20.88
2025-10-26 15:08:45,030,WAC_006_305_76,0,0.0,14,1.0,0.108,20.86
2025-10-26 15:18:49,030,WAC_006_305_76,0,0.0,14,1.0,0.1152,20.86
2025-10-26 15:28:51,030,WAC_006_305_76,0,0.0,14,1.0,0.108,20.85
2025-10-26 15:38:53,030,WAC_006_305_76,0,0.0,14,1.0,0.108,20.85
2025-10-26 15:48:55,030,WAC_006_305_76,11,0.018,13,0.979,0.1008,20.85
2025-10-26 15:58:58,030,WAC_006_305_76,62,0.103,10,0.866,0.1008,20.93
2025-10-26 16:09:00,030,WAC_006_305_76,9,0.015,13,0.983,0.1008,20.96
2025-10-26 16:19:04,030,WAC_006_305_76,0,0.0,14,1.0,0.1188,20.96
2025-10-26 16:29:23,030,WAC_006_305_76,0,0.0,14,1.0,0.0792,20.98
2025-10-26 16:39:26,030,WAC_006_305_76,0,0.0,14,1.0,0.0792,20.94
2025-10-26 16:49:27,030,WAC_006_305_76,0,0.0,14,1.0,0.09,20.92
2025-10-26 16:59:31,030,WAC_006_305_76,0,0.0,14,1.0,0.0792,20.9
2025-10-26 17:09:33,030,WAC_006_305_76,0,0.0,14,1.0,0.0792,20.89
2025-10-26 17:19:35,030,WAC_006_305_76,0,0.0,14,1.0,0.0792,20.88
2025-10-26 17:29:37,030,WAC_006_305_76,0,0.0,14,1.0,0.09,20.86
2025-10-26 17:39:39,030,WAC_006_305_76,0,0.0,14,1.0,0.0792,20.86
2025-10-26 17:49:41,030,WAC_006_305_76,0,0.0,14,1.0,0.0792,20.86
2025-10-26 17:59:45,030,WAC_006_305_76,0,0.0,14,1.0,0.0792,20.86
2025-10-26 18:09:48,030,WAC_006_305_76,69,0.115,10,0.853,0.0,20.91
2025-10-26 18:19:50,030,WAC_006_305_76,79,0.131,7,0.78,0.0,20.98
2025-10-26 18:29:52,030,WAC_006_305_76,65,0.108,7,0.812,0.0,21.06
2025-10-26 18:39:55,030,WAC_006_305_76,114,0.19,9,0.759,0.0,21.18
2025-10-26 18:49:57,030,WAC_006_305_76,48,0.08,10,0.893,0.0,21.18
2025-10-26 19:00:01,030,WAC_006_305_76,47,0.078,12,0.911,0.0,21.21
2025-10-26 19:10:05,030,WAC_006_305_76,117,0.194,6,0.672,0.0,21.23
2025-10-26 19:20:08,030,WAC_006_305_76,12,0.02,13,0.977,0.0,21.22
2025-10-26 19:30:10,030,WAC_006_305_76,139,0.231,8,0.697,0.0,21.27
2025-10-26 19:40:12,030,WAC_006_305_76,39,0.065,11,0.919,0.0,21.25
2025-10-26 19:50:16,030,WAC_006_305_76,115,0.191,8,0.736,0.0,21.27
2025-10-26 20:00:20,030,WAC_006_305_76,26,0.043,12,0.949,0.0,21.25
2025-10-26 20:10:24,030,WAC_006_305_76,68,0.113,11,0.866,0.0,21.28
2025-10-26 20:20:26,030,WAC_006_305_76,114,0.19,7,0.711,0.0,21.32
2025-10-26 20:30:45,030,WAC_006_305_76,124,0.207,6,0.659,0.0,21.35
2025-10-26 20:40:47,030,WAC_006_305_76,141,0.235,7,0.665,0.0,21.38
2025-10-26 20:50:49,030,WAC_006_305_76,97,0.162,9,0.788,0.0,21.4
2025-10-26 21:00:53,030,WAC_006_305_76,122,0.203,8,0.724,0.0,21.48
2025-10-26 21:10:58,030,WAC_006_305_76,0,0.0,14,1.0,0.0,21.33
2025-10-26 21:21:01,030,WAC_006_305_76,0,0.0,14,1.0,0.0,21.23
2025-10-26 21:31:03,030,WAC_006_305_76,0,0.0,14,1.0,0.0,21.15
2025-10-26 21:41:06,030,WAC_006_305_76,0,0.0,14,1.0,0.0,21.07
2025-10-26 21:51:09,030,WAC_006_305_76,42,0.07,12,0.92,0.0,21.09
2025-10-26 22:01:11,030,WAC_006_305_76,209,0.348,2,0.277,0.0,21.3
2025-10-26 22:11:14,030,WAC_006_305_76,31,0.051,13,0.944,0.0,21.26
2025-10-26 22:21:16,030,WAC_006_305_76,126,0.21,9,0.741,0.0,21.29
2025-10-26 22:31:20,030,WAC_006_305_76,57,0.095,11,0.885,0.0,21.25
2025-10-26 22:41:22,030,WAC_006_305_76,109,0.181,7,0.72,0.0,21.31
2025-10-26 22:51:23,030,WAC_006_305_76,40,0.067,12,0.923,0.0,21.25
2025-10-26 23:01:26,030,WAC_006_305_76,86,0.143,10,0.823,0.0,21.26
2025-10-26 23:11:30,030,WAC_006_305_76,55,0.091,10,0.879,0.0,21.25
2025-10-26 23:21:32,030,WAC_006_305_76,128,0.213,7,0.686,0.0,21.25
2025-10-26 23:31:34,030,WAC_006_305_76,64,0.106,10,0.862,0.0,21.28
2025-10-26 23:41:39,030,WAC_006_305_76,22,0.037,13,0.959,0.0,21.23
2025-10-26 23:51:41,030,WAC_006_305_76,0,0.0,14,1.0,0.0,21.18
2025-10-25 00:05:55,031,WAC_006_313_61,100,0.166,8,0.762,0.0,21.53
2025-10-25 00:16:14,031,WAC_006_313_61,208,0.347,3,0.366,0.0,21.59
2025-10-25 00:26:17,031,WAC_006_313_61,230,0.383,3,0.343,0.0,21.61
2025-10-25 00:36:20,031,WAC_006_313_61,200,0.333,4,0.444,0.0,21.57
2025-10-25 00:46:23,031,WAC_006_313_61,181,0.301,7,0.607,0.0,21.53
2025-10-25 00:56:26,031,WAC_006_313_61,215,0.358,3,0.358,0.0,21.52
2025-10-25 01:06:29,031,WAC_006_313_61,125,0.208,4,0.561,0.0,21.49
2025-10-25 01:16:32,031,WAC_006_313_61,152,0.253,7,0.648,0.0,21.47
2025-10-25 01:26:34,031,WAC_006_313_61,161,0.268,4,0.498,0.0,21.48
2025-10-25 01:36:38,031,WAC_006_313_61,235,0.391,4,0.405,0.0,21.49
2025-10-25 01:46:41,031,WAC_006_313_61,174,0.29,3,0.408,0.0,21.48
2025-10-25 01:56:43,031,WAC_006_313_61,152,0.253,4,0.513,0.0,21.48
2025-10-25 02:06:46,031,WAC_006_313_61,184,0.307,4,0.465,0.0,21.47
2025-10-25 02:16:49,031,WAC_006_313_61,167,0.278,4,0.489,0.0,21.5
2025-10-25 02:26:52,031,WAC_006_313_61,171,0.284,5,0.539,0.0,21.49
2025-10-25 02:36:55,031,WAC_006_313_61,236,0.393,2,0.253,0.0,21.49
2025-10-25 02:46:58,031,WAC_006_313_61,114,0.19,4,0.584,0.0,21.49
2025-10-25 02:57:01,031,WAC_006_313_61,211,0.351,3,0.363,0.0,21.49
2025-10-25 03:07:03,031,WAC_006_313_61,164,0.273,3,0.423,0.0,21.48
2025-10-25 03:17:07,031,WAC_006_313_61,158,0.263,5,0.559,0.0,21.47
2025-10-25 03:27:10,031,WAC_006_313_61,110,0.183,10,0.784,0.0,21.43
2025-10-25 03:37:12,031,WAC_006_313_61,177,0.295,4,0.475,0.0,21.44
2025-10-25 03:47:15,031,WAC_006_313_61,98,0.163,3,0.55,0.0,21.44
2025-10-25 03:57:18,031,WAC_006_313_61,299,0.498,0,0.0,0.0,21.5
2025-10-25 04:07:21,031,WAC_006_313_61,161,0.268,3,0.427,0.0,21.47
2025-10-25 04:17:34,031,WAC_006_313_61,128,0.214,7,0.686,0.0,21.48
2025-10-25 04:27:37,031,WAC_006_313_61,100,0.166,7,0.737,0.0,21.46
2025-10-25 04:37:40,031,WAC_006_313_61,148,0.246,6,0.619,0.0,21.44
2025-10-25 04:47:43,031,WAC_006_313_61,117,0.195,5,0.631,0.0,21.43
2025-10-25 04:57:45,031,WAC_006_313_61,113,0.188,9,0.761,0.0,21.41
2025-10-25 05:07:48,031,WAC_006_313_61,165,0.275,5,0.548,0.0,21.4
2025-10-25 05:17:51,031,WAC_006_313_61,156,0.26,4,0.506,0.0,21.4
2025-10-25 05:27:54,031,WAC_006_313_61,95,0.158,10,0.808,0.0,21.39
2025-10-25 05:37:56,031,WAC_006_313_61,162,0.27,5,0.552,0.0,21.41
2025-10-25 05:47:59,031,WAC_006_313_61,136,0.226,6,0.638,0.0,21.42
2025-10-25 05:58:02,031,WAC_006_313_61,136,0.226,5,0.595,0.0,21.42
2025-10-25 06:08:05,031,WAC_006_313_61,102,0.17,6,0.702,0.2628,21.42
2025-10-25 06:18:08,031,WAC_006_313_61,0,0.0,15,1.0,0.2376,21.34
2025-10-25 06:28:11,031,WAC_006_313_61,0,0.0,15,1.0,0.2448,21.28
2025-10-25 06:38:13,031,WAC_006_313_61,2,0.003,13,0.996,0.2484,21.22
2025-10-25 06:48:16,031,WAC_006_313_61,1,0.002,14,0.998,0.2484,21.16
2025-10-25 06:58:19,031,WAC_006_313_61,1,0.002,15,0.998,0.2376,21.12
2025-10-25 07:08:22,031,WAC_006_313_61,0,0.0,15,1.0,0.2484,21.08
2025-10-25 07:18:25,031,WAC_006_313_61,1,0.002,14,0.998,0.2484,21.06
2025-10-25 07:28:28,031,WAC_006_313_61,0,0.0,15,1.0,0.2376,21.04
2025-10-25 07:38:31,031,WAC_006_313_61,0,0.0,15,1.0,0.2484,21.03
2025-10-25 07:48:34,031,WAC_006_313_61,17,0.028,13,0.968,0.2016,21.02
2025-10-25 07:58:37,031,WAC_006_313_61,177,0.294,4,0.475,0.2196,21.1
2025-10-25 08:08:40,031,WAC_006_313_61,35,0.058,13,0.937,0.2268,21.12
2025-10-25 08:18:58,031,WAC_006_313_61,0,0.0,15,1.0,0.234,21.12
2025-10-25 08:29:00,031,WAC_006_313_61,0,0.0,15,1.0,0.2304,21.07
2025-10-25 08:39:04,031,WAC_006_313_61,0,0.0,15,1.0,0.234,21.05
2025-10-25 08:49:06,031,WAC_006_313_61,0,0.0,15,1.0,0.234,21.04
2025-10-25 08:59:09,031,WAC_006_313_61,0,0.0,15,1.0,0.234,21.01
2025-10-25 09:09:12,031,WAC_006_313_61,0,0.0,15,1.0,0.234,21.0
2025-10-25 09:19:15,031,WAC_006_313_61,1,0.002,14,0.998,0.234,20.99
2025-10-25 09:29:17,031,WAC_006_313_61,1,0.002,14,0.998,0.234,20.98
2025-10-25 09:39:20,031,WAC_006_313_61,0,0.0,15,1.0,0.234,20.97
2025-10-25 09:49:23,031,WAC_006_313_61,0,0.0,15,1.0,0.2232,20.96
2025-10-25 09:59:26,031,WAC_006_313_61,0,0.0,15,1.0,0.234,20.97
2025-10-25 10:09:29,031,WAC_006_313_61,1,0.002,14,0.998,0.2664,20.94
2025-10-25 10:19:32,031,WAC_006_313_61,0,0.0,15,1.0,0.27,20.95
2025-10-25 10:29:35,031,WAC_006_313_61,0,0.0,15,1.0,0.2664,20.98
2025-10-25 10:39:38,031,WAC_006_313_61,0,0.0,15,1.0,0.2736,21.04
2025-10-25 10:49:41,031,WAC_006_313_61,1,0.002,14,0.998,0.2664,21.12
2025-10-25 10:59:44,031,WAC_006_313_61,9,0.015,14,0.984,0.2772,21.16
2025-10-25 11:09:47,031,WAC_006_313_61,1,0.002,14,0.998,0.2304,21.2
2025-10-25 11:19:50,031,WAC_006_313_61,0,0.0,15,1.0,0.2304,21.22
2025-10-25 11:29:53,031,WAC_006_313_61,1,0.002,14,0.998,0.2304,21.22
2025-10-25 11:39:55,031,WAC_006_313_61,1,0.002,15,0.998,0.234,21.22
2025-10-25 11:49:58,031,WAC_006_313_61,0,0.0,15,1.0,0.234,21.2
2025-10-25 12:00:01,031,WAC_006_313_61,0,0.0,15,1.0,0.234,21.18
2025-10-25 12:10:04,031,WAC_006_313_61,1,0.002,15,0.998,0.2232,21.15
2025-10-25 12:20:19,031,WAC_006_313_61,0,0.0,15,1.0,0.234,21.16
2025-10-25 12:30:22,031,WAC_006_313_61,1,0.002,14,0.998,0.234,21.13
2025-10-25 12:40:25,031,WAC_006_313_61,1,0.002,14,0.998,0.234,21.11
2025-10-25 12:50:28,031,WAC_006_313_61,1,0.002,14,0.998,0.234,21.09
2025-10-25 13:00:31,031,WAC_006_313_61,0,0.0,15,1.0,0.234,21.1
2025-10-25 13:10:34,031,WAC_006_313_61,0,0.0,15,1.0,0.2664,21.08
2025-10-25 13:20:37,031,WAC_006_313_61,0,0.0,15,1.0,0.2664,21.09
2025-10-25 13:30:39,031,WAC_006_313_61,0,0.0,15,1.0,0.234,21.09
2025-10-25 13:40:42,031,WAC_006_313_61,27,0.045,13,0.951,0.2052,21.09
2025-10-25 13:50:44,031,WAC_006_313_61,60,0.1,10,0.87,0.1368,21.11
2025-10-25 14:00:47,031,WAC_006_313_61,23,0.038,13,0.958,0.144,21.12
2025-10-25 14:10:50,031,WAC_006_313_61,0,0.0,15,1.0,0.144,21.1
2025-10-25 14:20:53,031,WAC_006_313_61,1,0.002,15,0.998,0.1188,21.08
2025-10-25 14:30:55,031,WAC_006_313_61,0,0.0,15,1.0,0.144,21.06
2025-10-25 14:40:58,031,WAC_006_313_61,0,0.0,15,1.0,0.144,21.05
2025-10-25 14:51:01,031,WAC_006_313_61,0,0.0,15,1.0,0.144,21.03
2025-10-25 15:01:04,031,WAC_006_313_61,0,0.0,15,1.0,0.144,21.0
2025-10-25 15:11:07,031,WAC_006_313_61,0,0.0,15,1.0,0.1152,20.99
2025-10-25 15:21:09,031,WAC_006_313_61,0,0.0,15,1.0,0.144,20.98
2025-10-25 15:31:12,031,WAC_006_313_61,2,0.003,14,0.996,0.144,20.97
2025-10-25 15:41:16,031,WAC_006_313_61,0,0.0,15,1.0,0.1188,20.95
2025-10-25 15:51:18,031,WAC_006_313_61,0,0.0,15,1.0,0.1188,20.95
2025-10-25 16:01:21,031,WAC_006_313_61,0,0.0,15,1.0,0.1188,20.92
2025-10-25 16:11:24,031,WAC_006_313_61,0,0.0,15,1.0,0.108,20.92
2025-10-25 16:21:39,031,WAC_006_313_61,0,0.0,15,1.0,0.1188,20.96
2025-10-25 16:31:42,031,WAC_006_313_61,23,0.038,13,0.958,0.1044,20.95
2025-10-25 16:41:45,031,WAC_006_313_61,142,0.236,5,0.585,0.0936,21.04
2025-10-25 16:51:49,031,WAC_006_313_61,66,0.11,10,0.858,0.108,21.12
2025-10-25 17:01:51,031,WAC_006_313_61,0,0.0,15,1.0,0.1152,21.1
2025-10-25 17:11:54,031,WAC_006_313_61,0,0.0,15,1.0,0.1188,21.07
2025-10-25 17:21:57,031,WAC_006_313_61,3,0.005,13,0.994,0.1188,21.06
2025-10-25 17:32:00,031,WAC_006_313_61,0,0.0,15,1.0,0.1152,21.05
2025-10-25 17:42:04,031,WAC_006_313_61,0,0.0,15,1.0,0.1188,21.04
2025-10-25 17:52:07,031,WAC_006_313_61,0,0.0,15,1.0,0.1188,21.03
2025-10-25 18:02:10,031,WAC_006_313_61,123,0.204,9,0.745,0.0,21.08
2025-10-25 18:12:13,031,WAC_006_313_61,103,0.172,10,0.795,0.0,21.13
2025-10-25 18:22:15,031,WAC_006_313_61,1,0.002,14,0.998,0.0,21.13
2025-10-25 18:32:18,031,WAC_006_313_61,61,0.101,10,0.868,0.0,21.14
2025-10-25 18:42:21,031,WAC_006_313_61,66,0.11,10,0.858,0.0,21.16
2025-10-25 18:52:24,031,WAC_006_313_61,166,0.276,6,0.591,0.0,21.24
2025-10-25 19:02:27,031,WAC_006_313_61,71,0.118,8,0.818,0.0,21.28
2025-10-25 19:12:30,031,WAC_006_313_61,88,0.146,5,0.694,0.0,21.33
2025-10-25 19:22:33,031,WAC_006_313_61,49,0.081,11,0.9,0.0,21.33
2025-10-25 19:32:37,031,WAC_006_313_61,1,0.002,14,0.998,0.0,21.29
2025-10-25 19:42:39,031,WAC_006_313_61,0,0.0,15,1.0,0.0,21.25
2025-10-25 19:52:42,031,WAC_006_313_61,0,0.0,15,1.0,0.0,21.2
2025-10-25 20:02:45,031,WAC_006_313_61,0,0.0,15,1.0,0.0,21.16
2025-10-25 20:12:48,031,WAC_006_313_61,1,0.002,14,0.998,0.0,21.15
2025-10-25 20:23:04,031,WAC_006_313_61,0,0.0,15,1.0,0.0,21.16
2025-10-25 20:33:07,031,WAC_006_313_61,11,0.018,14,0.981,0.0,21.16
2025-10-25 20:43:10,031,WAC_006_313_61,11,0.018,14,0.981,0.0,21.16
2025-10-25 20:53:13,031,WAC_006_313_61,112,0.186,8,0.741,0.0,21.23
2025-10-25 21:03:16,031,WAC_006_313_61,26,0.043,12,0.949,0.0,21.24
2025-10-25 21:13:19,031,WAC_006_313_61,0,0.0,15,1.0,0.0,21.21
2025-10-25 21:23:23,031,WAC_006_313_61,0,0.0,15,1.0,0.0,21.18
2025-10-25 21:33:26,031,WAC_006_313_61,61,0.101,10,0.868,0.0,21.2
2025-10-25 21:43:30,031,WAC_006_313_61,0,0.0,15,1.0,0.0,21.17
2025-10-25 21:53:32,031,WAC_006_313_61,1,0.002,15,0.998,0.0,21.15
2025-10-25 22:03:35,031,WAC_006_313_61,0,0.0,15,1.0,0.0,21.15
2025-10-25 22:13:38,031,WAC_006_313_61,0,0.0,15,1.0,0.0,21.13
2025-10-25 22:23:41,031,WAC_006_313_61,0,0.0,15,1.0,0.0,21.11
2025-10-25 22:33:44,031,WAC_006_313_61,0,0.0,15,1.0,0.0,21.12
2025-10-25 22:43:47,031,WAC_006_313_61,0,0.0,15,1.0,0.0,21.11
2025-10-25 22:53:49,031,WAC_006_313_61,0,0.0,15,1.0,0.0,21.09
2025-10-25 23:03:52,031,WAC_006_313_61,7,0.012,14,0.988,0.0,21.09
2025-10-25 23:13:55,031,WAC_006_313_61,160,0.266,5,0.556,0.0,21.18
2025-10-25 23:23:58,031,WAC_006_313_61,76,0.126,7,0.787,0.0,21.33
2025-10-25 23:34:01,031,WAC_006_313_61,87,0.145,9,0.805,0.0,21.32
2025-10-25 23:44:04,031,WAC_006_313_61,85,0.141,11,0.838,0.0,21.35
2025-10-25 23:54:07,031,WAC_006_313_61,174,0.29,6,0.58,0.0,21.41
2025-10-26 00:04:11,031,WAC_006_313_61,92,0.153,6,0.723,0.0,21.42
2025-10-26 00:14:13,031,WAC_006_313_61,39,0.065,11,0.919,0.0,21.4
2025-10-26 00:24:35,031,WAC_006_313_61,78,0.13,8,0.804,0.0,21.44
2025-10-26 00:34:38,031,WAC_006_313_61,163,0.271,4,0.495,0.0,21.49
2025-10-26 00:44:41,031,WAC_006_313_61,132,0.22,6,0.645,0.0,21.5
2025-10-26 00:54:44,031,WAC_006_313_61,106,0.176,8,0.751,0.0,21.48
2025-10-26 01:04:47,031,WAC_006_313_61,15,0.025,13,0.972,0.0,21.42
2025-10-26 01:14:50,031,WAC_006_313_61,139,0.231,6,0.633,0.0,21.44
2025-10-26 01:24:53,031,WAC_006_313_61,25,0.042,13,0.954,0.0,21.39
2025-10-26 01:34:56,031,WAC_006_313_61,6,0.01,14,0.989,0.0,21.34
2025-10-26 01:44:59,031,WAC_006_313_61,0,0.0,15,1.0,0.0,21.29
2025-10-26 01:55:02,031,WAC_006_313_61,1,0.002,14,0.998,0.0,21.25
2025-10-26 02:05:05,031,WAC_006_313_61,0,0.0,15,1.0,0.0,21.21
2025-10-26 02:15:08,031,WAC_006_313_61,0,0.0,15,1.0,0.0,21.18
2025-10-26 02:25:10,031,WAC_006_313_61,0,0.0,15,1.0,0.0,21.15
2025-10-26 02:35:12,031,WAC_006_313_61,0,0.0,15,1.0,0.0,21.15
2025-10-26 02:45:15,031,WAC_006_313_61,39,0.065,13,0.93,0.0,21.16
2025-10-26 02:55:18,031,WAC_006_313_61,0,0.0,15,1.0,0.0,21.13
2025-10-26 03:05:20,031,WAC_006_313_61,0,0.0,15,1.0,0.0,21.1
2025-10-26 03:15:23,031,WAC_006_313_61,0,0.0,15,1.0,0.0,21.08
2025-10-26 03:25:26,031,WAC_006_313_61,1,0.002,14,0.998,0.0,21.06
2025-10-26 03:35:29,031,WAC_006_313_61,0,0.0,15,1.0,0.0,21.05
2025-10-26 03:45:32,031,WAC_006_313_61,25,0.042,12,0.95,0.0,21.06
2025-10-26 03:55:34,031,WAC_006_313_61,119,0.198,8,0.729,0.0,21.14
2025-10-26 04:05:37,031,WAC_006_313_61,42,0.07,12,0.92,0.0,21.17
2025-10-26 04:15:40,031,WAC_006_313_61,48,0.08,12,0.909,0.0,21.19
2025-10-26 04:25:53,031,WAC_006_313_61,24,0.04,14,0.959,0.0,21.21
2025-10-26 04:35:56,031,WAC_006_313_61,2,0.003,14,0.996,0.0,21.17
2025-10-26 04:45:59,031,WAC_006_313_61,0,0.0,15,1.0,0.0,21.14
2025-10-26 04:56:02,031,WAC_006_313_61,33,0.055,11,0.93,0.0,21.15
2025-10-26 05:06:05,031,WAC_006_313_61,207,0.344,2,0.279,0.0,21.22
2025-10-26 05:16:08,031,WAC_006_313_61,112,0.186,6,0.682,0.0,21.27
2025-10-26 05:26:11,031,WAC_006_313_61,18,0.03,13,0.967,0.0,21.26
2025-10-26 05:36:14,031,WAC_006_313_61,94,0.156,6,0.719,0.0,21.34
2025-10-26 05:46:17,031,WAC_006_313_61,61,0.101,10,0.868,0.0,21.32
2025-10-26 05:56:20,031,WAC_006_313_61,243,0.404,4,0.397,0.0,21.37
2025-10-26 06:06:22,031,WAC_006_313_61,54,0.09,10,0.881,0.1044,21.37
2025-10-26 06:16:25,031,WAC_006_313_61,52,0.087,9,0.874,0.1332,21.36
2025-10-26 06:26:29,031,WAC_006_313_61,36,0.06,10,0.917,0.126,21.33
2025-10-26 06:36:31,031,WAC_006_313_61,75,0.125,7,0.789,0.1224,21.34
2025-10-26 06:46:34,031,WAC_006_313_61,3,0.005,14,0.995,0.1188,21.3
2025-10-26 06:56:37,031,WAC_006_313_61,111,0.185,5,0.643,0.1224,21.34
2025-10-26 07:06:40,031,WAC_006_313_61,62,0.103,10,0.866,0.1296,21.36
2025-10-26 07:16:43,031,WAC_006_313_61,40,0.067,13,0.929,0.1224,21.32
2025-10-26 07:26:45,031,WAC_006_313_61,13,0.022,13,0.976,0.1296,21.27
2025-10-26 07:36:48,031,WAC_006_313_61,2,0.003,14,0.996,0.1368,21.22
2025-10-26 07:46:51,031,WAC_006_313_61,0,0.0,15,1.0,0.1404,21.19
2025-10-26 07:56:54,031,WAC_006_313_61,1,0.002,14,0.998,0.1404,21.15
2025-10-26 08:06:57,031,WAC_006_313_61,0,0.0,15,1.0,0.1404,21.14
2025-10-26 08:17:00,031,WAC_006_313_61,0,0.0,15,1.0,0.1404,21.11
2025-10-26 08:27:22,031,WAC_006_313_61,0,0.0,15,1.0,0.1404,21.11
2025-10-26 08:37:24,031,WAC_006_313_61,0,0.0,15,1.0,0.1404,21.09
2025-10-26 08:47:27,031,WAC_006_313_61,0,0.0,15,1.0,0.1404,21.09
2025-10-26 08:57:31,031,WAC_006_313_61,0,0.0,15,1.0,0.1404,21.06
2025-10-26 09:07:33,031,WAC_006_313_61,2,0.003,14,0.996,0.1404,21.04
2025-10-26 09:17:36,031,WAC_006_313_61,0,0.0,15,1.0,0.1368,21.03
2025-10-26 09:27:39,031,WAC_006_313_61,6,0.01,14,0.989,0.1368,21.04
2025-10-26 09:37:42,031,WAC_006_313_61,0,0.0,15,1.0,0.1368,21.03
2025-10-26 09:47:45,031,WAC_006_313_61,0,0.0,15,1.0,0.1368,21.02
2025-10-26 09:57:48,031,WAC_006_313_61,0,0.0,15,1.0,0.144,21.02
2025-10-26 10:07:51,031,WAC_006_313_61,0,0.0,15,1.0,0.144,21.06
2025-10-26 10:17:54,031,WAC_006_313_61,0,0.0,15,1.0,0.1476,21.11
2025-10-26 10:27:57,031,WAC_006_313_61,0,0.0,15,1.0,0.144,21.12
2025-10-26 10:37:59,031,WAC_006_313_61,0,0.0,15,1.0,0.144,21.15
2025-10-26 10:48:02,031,WAC_006_313_61,0,0.0,15,1.0,0.144,21.16
2025-10-26 10:58:05,031,WAC_006_313_61,1,0.002,14,0.998,0.108,21.16
2025-10-26 11:08:09,031,WAC_006_313_61,12,0.02,13,0.977,0.108,21.16
2025-10-26 11:18:12,031,WAC_006_313_61,1,0.002,14,0.998,0.108,21.16
2025-10-26 11:28:15,031,WAC_006_313_61,0,0.0,15,1.0,0.108,21.15
2025-10-26 11:38:19,031,WAC_006_313_61,0,0.0,15,1.0,0.108,21.14
2025-10-26 11:48:22,031,WAC_006_313_61,0,0.0,15,1.0,0.108,21.13
2025-10-26 11:58:25,031,WAC_006_313_61,0,0.0,15,1.0,0.108,21.12
2025-10-26 12:08:28,031,WAC_006_313_61,0,0.0,15,1.0,0.108,21.11
2025-10-26 12:18:31,031,WAC_006_313_61,1,0.002,14,0.998,0.108,21.1
2025-10-26 12:28:47,031,WAC_006_313_61,0,0.0,15,1.0,0.108,21.12
2025-10-26 12:38:50,031,WAC_006_313_61,0,0.0,15,1.0,0.108,21.09
2025-10-26 12:48:53,031,WAC_006_313_61,0,0.0,15,1.0,0.108,21.08
2025-10-26 12:58:56,031,WAC_006_313_61,1,0.002,14,0.998,0.108,21.06
2025-10-26 13:08:59,031,WAC_006_313_61,0,0.0,15,1.0,0.108,21.04
2025-10-26 13:19:02,031,WAC_006_313_61,1,0.002,14,0.998,0.108,21.04
2025-10-26 13:29:06,031,WAC_006_313_61,0,0.0,15,1.0,0.108,21.03
2025-10-26 13:39:09,031,WAC_006_313_61,0,0.0,15,1.0,0.108,21.02
2025-10-26 13:49:12,031,WAC_006_313_61,0,0.0,15,1.0,0.1188,21.03
2025-10-26 13:59:14,031,WAC_006_313_61,0,0.0,15,1.0,0.108,21.03
2025-10-26 14:09:17,031,WAC_006_313_61,0,0.0,15,1.0,0.108,21.05
2025-10-26 14:19:20,031,WAC_006_313_61,0,0.0,15,1.0,0.144,21.04
2025-10-26 14:29:23,031,WAC_006_313_61,0,0.0,15,1.0,0.144,21.03
2025-10-26 14:39:26,031,WAC_006_313_61,0,0.0,15,1.0,0.144,21.02
2025-10-26 14:49:29,031,WAC_006_313_61,0,0.0,15,1.0,0.144,21.01
2025-10-26 14:59:32,031,WAC_006_313_61,0,0.0,15,1.0,0.144,21.0
2025-10-26 15:09:34,031,WAC_006_313_61,2,0.003,14,0.996,0.144,20.98
2025-10-26 15:19:37,031,WAC_006_313_61,0,0.0,15,1.0,0.1548,20.98
2025-10-26 15:29:40,031,WAC_006_313_61,0,0.0,15,1.0,0.144,20.97
2025-10-26 15:39:43,031,WAC_006_313_61,7,0.012,14,0.988,0.144,20.97
2025-10-26 15:49:47,031,WAC_006_313_61,18,0.03,14,0.969,0.1224,20.99
2025-10-26 15:59:50,031,WAC_006_313_61,90,0.15,7,0.757,0.1404,21.06
2025-10-26 16:09:53,031,WAC_006_313_61,1,0.002,14,0.998,0.1476,21.09
2025-10-26 16:19:56,031,WAC_006_313_61,1,0.002,15,0.998,0.144,21.07
2025-10-26 16:30:09,031,WAC_006_313_61,0,0.0,15,1.0,0.108,21.08
2025-10-26 16:40:12,031,WAC_006_313_61,0,0.0,15,1.0,0.108,21.06
2025-10-26 16:50:15,031,WAC_006_313_61,0,0.0,15,1.0,0.108,21.05
2025-10-26 17:00:18,031,WAC_006_313_61,0,0.0,15,1.0,0.108,21.04
2025-10-26 17:10:21,031,WAC_006_313_61,2,0.003,14,0.996,0.108,21.02
2025-10-26 17:20:24,031,WAC_006_313_61,0,0.0,15,1.0,0.108,21.02
2025-10-26 17:30:27,031,WAC_006_313_61,0,0.0,15,1.0,0.108,21.01
2025-10-26 17:40:29,031,WAC_006_313_61,0,0.0,15,1.0,0.1116,21.0
2025-10-26 17:50:32,031,WAC_006_313_61,0,0.0,15,1.0,0.108,21.01
2025-10-26 18:00:35,031,WAC_006_313_61,84,0.14,10,0.826,0.0,21.05
2025-10-26 18:10:39,031,WAC_006_313_61,163,0.271,4,0.495,0.0,21.19
2025-10-26 18:20:42,031,WAC_006_313_61,91,0.151,8,0.779,0.0,21.24
2025-10-26 18:30:44,031,WAC_006_313_61,130,0.216,6,0.649,0.0,21.31
2025-10-26 18:40:47,031,WAC_006_313_61,112,0.186,5,0.641,0.0,21.39
2025-10-26 18:50:50,031,WAC_006_313_61,115,0.191,6,0.676,0.0,21.41
2025-10-26 19:00:53,031,WAC_006_313_61,56,0.093,11,0.887,0.0,21.41
2025-10-26 19:10:55,031,WAC_006_313_61,64,0.106,9,0.849,0.0,21.43
2025-10-26 19:20:58,031,WAC_006_313_61,92,0.153,9,0.796,0.0,21.43
2025-10-26 19:31:01,031,WAC_006_313_61,17,0.028,12,0.966,0.0,21.41
2025-10-26 19:41:04,031,WAC_006_313_61,17,0.028,12,0.966,0.0,21.4
2025-10-26 19:51:07,031,WAC_006_313_61,38,0.063,11,0.921,0.0,21.4
2025-10-26 20:01:10,031,WAC_006_313_61,1,0.002,14,0.998,0.0,21.35
2025-10-26 20:11:12,031,WAC_006_313_61,1,0.002,14,0.998,0.0,21.31
2025-10-26 20:21:15,031,WAC_006_313_61,0,0.0,15,1.0,0.0,21.26
2025-10-26 20:31:33,031,WAC_006_313_61,1,0.002,14,0.998,0.0,21.26
2025-10-26 20:41:35,031,WAC_006_313_61,0,0.0,15,1.0,0.0,21.21
2025-10-26 20:51:38,031,WAC_006_313_61,0,0.0,15,1.0,0.0,21.19
2025-10-26 21:01:42,031,WAC_006_313_61,0,0.0,15,1.0,0.0,21.16
2025-10-26 21:11:45,031,WAC_006_313_61,0,0.0,15,1.0,0.0,21.16
2025-10-26 21:21:48,031,WAC_006_313_61,1,0.002,14,0.998,0.0,21.16
2025-10-26 21:31:51,031,WAC_006_313_61,70,0.117,10,0.851,0.0,21.17
2025-10-26 21:41:54,031,WAC_006_313_61,42,0.07,12,0.92,0.0,21.2
2025-10-26 21:51:57,031,WAC_006_313_61,51,0.085,10,0.887,0.0,21.26
2025-10-26 22:02:00,031,WAC_006_313_61,110,0.183,6,0.686,0.0,21.32
2025-10-26 22:12:03,031,WAC_006_313_61,155,0.258,3,0.436,0.0,21.43
2025-10-26 22:22:05,031,WAC_006_313_61,131,0.218,3,0.478,0.0,21.45
2025-10-26 22:32:08,031,WAC_006_313_61,8,0.013,14,0.986,0.0,21.42
2025-10-26 22:42:12,031,WAC_006_313_61,23,0.038,12,0.954,0.0,21.37
2025-10-26 22:52:14,031,WAC_006_313_61,35,0.058,12,0.932,0.0,21.36
2025-10-26 23:02:17,031,WAC_006_313_61,124,0.206,8,0.721,0.0,21.39
2025-10-26 23:12:20,031,WAC_006_313_61,43,0.072,9,0.893,0.0,21.4
2025-10-26 23:22:23,031,WAC_006_313_61,90,0.15,8,0.78,0.0,21.42
2025-10-26 23:32:26,031,WAC_006_313_61,15,0.025,13,0.972,0.0,21.41
2025-10-26 23:42:29,031,WAC_006_313_61,51,0.085,8,0.863,0.0,21.4
2025-10-26 23:52:32,031,WAC_006_313_61,76,0.127,5,0.725,0.0,21.41
