datetime,BEAM,Mouse_ID,activity_count,activity_percent,inactivity_count,inactivity_percent,lux,temperature_c
2026-06-13 00:04:20,016,FBN1_016_710_86,109,0.181,9,0.768,0.0,21.55
2026-06-13 00:14:23,016,FBN1_016_710_86,124,0.206,8,0.721,0.0,21.51
2026-06-13 00:24:27,016,FBN1_016_710_86,124,0.206,7,0.693,0.0,21.65
2026-06-13 00:34:30,016,FBN1_016_710_86,113,0.188,7,0.712,0.0,21.73
2026-06-13 00:44:33,016,FBN1_016_710_86,54,0.09,10,0.881,0.0,21.73
2026-06-13 00:54:36,016,FBN1_016_710_86,226,0.376,2,0.261,0.0,21.72
2026-06-13 01:04:40,016,FBN1_016_710_86,114,0.19,8,0.737,0.0,21.7
2026-06-13 01:14:44,016,FBN1_016_710_86,150,0.249,5,0.571,0.0,21.69
2026-06-13 01:24:47,016,FBN1_016_710_86,173,0.288,5,0.536,0.0,21.66
2026-06-13 01:34:49,016,FBN1_016_710_86,1,0.002,14,0.998,0.0,21.65
2026-06-13 01:44:52,016,FBN1_016_710_86,2,0.003,15,0.997,0.0,21.6
2026-06-13 01:54:55,016,FBN1_016_710_86,0,0.0,15,1.0,0.0,21.55
2026-06-13 02:04:58,016,FBN1_016_710_86,0,0.0,15,1.0,0.0,21.5
2026-06-13 02:15:02,016,FBN1_016_710_86,3,0.005,14,0.995,0.0,21.29
2026-06-13 02:25:05,016,FBN1_016_710_86,0,0.0,15,1.0,0.0,21.43
2026-06-13 02:35:08,016,FBN1_016_710_86,2,0.003,14,0.996,0.0,21.17
2026-06-13 02:45:12,016,FBN1_016_710_86,3,0.005,14,0.995,0.0,21.41
2026-06-13 02:55:15,016,FBN1_016_710_86,0,0.0,15,1.0,0.0,21.45
2026-06-13 03:05:18,016,FBN1_016_710_86,8,0.013,13,0.985,0.0,21.51
2026-06-13 03:15:21,016,FBN1_016_710_86,10,0.017,13,0.981,0.0,21.49
2026-06-13 03:25:24,016,FBN1_016_710_86,6,0.01,13,0.989,0.0,21.32
2026-06-13 03:35:47,016,FBN1_016_710_86,1,0.002,14,0.998,0.0,21.43
2026-06-13 03:45:50,016,FBN1_016_710_86,13,0.022,12,0.974,0.0,21.53
2026-06-13 03:55:53,016,FBN1_016_710_86,40,0.067,11,0.917,0.0,21.5
2026-06-13 04:05:56,016,FBN1_016_710_86,35,0.058,10,0.92,0.0,21.59
2026-06-13 04:15:59,016,FBN1_016_710_86,184,0.306,2,0.303,0.0,21.58
2026-06-13 04:26:03,016,FBN1_016_710_86,133,0.221,8,0.706,0.0,21.54
2026-06-13 04:36:06,016,FBN1_016_710_86,104,0.173,7,0.729,0.0,21.61
2026-06-13 04:46:09,016,FBN1_016_710_86,57,0.095,12,0.894,0.0,21.68
2026-06-13 04:56:12,016,FBN1_016_710_86,152,0.252,3,0.441,0.0,21.73
2026-06-13 05:06:16,016,FBN1_016_710_86,98,0.163,6,0.71,0.0,21.64
2026-06-13 05:16:19,016,FBN1_016_710_86,189,0.314,7,0.597,0.0,21.69
2026-06-13 05:26:22,016,FBN1_016_710_86,106,0.176,5,0.654,0.0,21.77
2026-06-13 05:36:25,016,FBN1_016_710_86,187,0.311,5,0.517,0.0,21.82
2026-06-13 05:46:29,016,FBN1_016_710_86,0,0.0,15,1.0,0.0,21.73
2026-06-13 05:56:32,016,FBN1_016_710_86,1,0.002,14,0.998,0.0,21.61
2026-06-13 06:06:34,016,FBN1_016_710_86,1,0.002,15,0.998,0.6552,21.6
2026-06-13 06:16:37,016,FBN1_016_710_86,0,0.0,15,1.0,0.6588,21.56
2026-06-13 06:26:40,016,FBN1_016_710_86,4,0.007,14,0.993,0.648,21.55
2026-06-13 06:36:44,016,FBN1_016_710_86,0,0.0,15,1.0,0.6588,21.53
2026-06-13 06:46:47,016,FBN1_016_710_86,0,0.0,15,1.0,0.6588,21.6
2026-06-13 06:56:50,016,FBN1_016_710_86,0,0.0,15,1.0,0.6588,21.52
2026-06-13 07:06:53,016,FBN1_016_710_86,0,0.0,15,1.0,0.648,21.56
2026-06-13 07:16:56,016,FBN1_016_710_86,0,0.0,15,1.0,0.6552,21.6
2026-06-13 07:26:59,016,FBN1_016_710_86,0,0.0,15,1.0,0.6588,21.58
2026-06-13 07:37:14,016,FBN1_016_710_86,0,0.0,15,1.0,0.6588,21.55
2026-06-13 07:47:17,016,FBN1_016_710_86,0,0.0,15,1.0,0.6516,21.57
2026-06-13 07:57:20,016,FBN1_016_710_86,47,0.078,11,0.903,0.7632,21.59
2026-06-13 08:07:24,016,FBN1_016_710_86,42,0.07,11,0.913,0.6336,21.56
2026-06-13 08:17:27,016,FBN1_016_710_86,241,0.401,2,0.249,0.72,21.31
2026-06-13 08:27:29,016,FBN1_016_710_86,17,0.028,13,0.968,0.72,21.52
2026-06-13 08:37:33,016,FBN1_016_710_86,10,0.017,13,0.981,0.6876,21.24
2026-06-13 08:47:35,016,FBN1_016_710_86,0,0.0,15,1.0,0.6552,21.2
2026-06-13 08:57:38,016,FBN1_016_710_86,1,0.002,14,0.998,0.6624,21.55
2026-06-13 09:07:41,016,FBN1_016_710_86,2,0.003,14,0.996,0.6696,21.57
2026-06-13 09:17:44,016,FBN1_016_710_86,1,0.002,14,0.998,0.6804,21.58
2026-06-13 09:27:48,016,FBN1_016_710_86,6,0.01,14,0.989,0.6696,21.41
2026-06-13 09:37:50,016,FBN1_016_710_86,0,0.0,15,1.0,0.6696,21.32
2026-06-13 09:47:54,016,FBN1_016_710_86,12,0.02,14,0.979,0.684,21.46
2026-06-13 09:57:57,016,FBN1_016_710_86,0,0.0,15,1.0,0.684,21.48
2026-06-13 10:08:00,016,FBN1_016_710_86,21,0.035,14,0.964,0.6624,21.42
2026-06-13 10:18:03,016,FBN1_016_710_86,2,0.003,14,0.996,0.6624,21.41
2026-06-13 10:28:06,016,FBN1_016_710_86,12,0.02,14,0.979,0.6624,21.53
2026-06-13 10:38:09,016,FBN1_016_710_86,2,0.003,14,0.996,0.6768,21.5
2026-06-13 10:48:12,016,FBN1_016_710_86,53,0.088,10,0.883,0.6552,21.4
2026-06-13 10:58:15,016,FBN1_016_710_86,78,0.13,7,0.782,0.6408,21.42
2026-06-13 11:08:18,016,FBN1_016_710_86,85,0.141,10,0.825,0.648,21.38
2026-06-13 11:18:22,016,FBN1_016_710_86,42,0.07,8,0.884,0.6516,21.41
2026-06-13 11:28:25,016,FBN1_016_710_86,0,0.0,15,1.0,0.6552,21.33
2026-06-13 11:38:47,016,FBN1_016_710_86,9,0.015,14,0.984,0.666,21.31
2026-06-13 11:48:50,016,FBN1_016_710_86,3,0.005,14,0.995,0.6732,21.25
2026-06-13 11:58:53,016,FBN1_016_710_86,6,0.01,14,0.989,0.6552,21.2
2026-06-13 12:08:56,016,FBN1_016_710_86,1,0.002,14,0.998,0.6444,21.18
2026-06-13 12:18:59,016,FBN1_016_710_86,4,0.007,14,0.993,0.6408,21.12
2026-06-13 12:29:02,016,FBN1_016_710_86,7,0.012,14,0.988,0.6408,21.1
2026-06-13 12:39:05,016,FBN1_016_710_86,1,0.002,14,0.998,0.6444,21.09
2026-06-13 12:49:08,016,FBN1_016_710_86,46,0.076,8,0.874,0.6264,21.14
2026-06-13 12:59:12,016,FBN1_016_710_86,53,0.088,8,0.858,0.6408,21.32
2026-06-13 13:09:15,016,FBN1_016_710_86,22,0.037,13,0.959,0.5976,21.35
2026-06-13 13:19:18,016,FBN1_016_710_86,5,0.008,14,0.991,0.612,21.31
2026-06-13 13:29:21,016,FBN1_016_710_86,0,0.0,15,1.0,0.7272,21.28
2026-06-13 13:39:25,016,FBN1_016_710_86,0,0.0,15,1.0,0.72,21.38
2026-06-13 13:49:28,016,FBN1_016_710_86,0,0.0,15,1.0,0.7236,21.32
2026-06-13 13:59:31,016,FBN1_016_710_86,4,0.007,13,0.992,0.7128,21.47
2026-06-13 14:09:34,016,FBN1_016_710_86,2,0.003,14,0.996,0.7056,21.35
2026-06-13 14:19:37,016,FBN1_016_710_86,1,0.002,14,0.998,0.6912,21.33
2026-06-13 14:29:40,016,FBN1_016_710_86,2,0.003,13,0.996,0.6984,21.35
2026-06-13 14:39:43,016,FBN1_016_710_86,0,0.0,15,1.0,0.6984,21.4
2026-06-13 14:49:46,016,FBN1_016_710_86,0,0.0,15,1.0,0.7092,21.34
2026-06-13 14:59:49,016,FBN1_016_710_86,13,0.022,11,0.971,0.6984,21.33
2026-06-13 15:09:52,016,FBN1_016_710_86,46,0.077,9,0.887,0.7884,21.39
2026-06-13 15:19:55,016,FBN1_016_710_86,44,0.073,12,0.916,0.6912,21.37
2026-06-13 15:29:58,016,FBN1_016_710_86,108,0.18,9,0.769,0.7056,21.42
2026-06-13 15:40:17,016,FBN1_016_710_86,64,0.107,11,0.873,0.432,21.43
2026-06-13 15:50:21,016,FBN1_016_710_86,37,0.062,10,0.915,0.5112,21.46
2026-06-13 16:00:24,016,FBN1_016_710_86,4,0.007,14,0.993,0.54,21.44
2026-06-13 16:10:27,016,FBN1_016_710_86,1,0.002,15,0.998,0.5148,21.43
2026-06-13 16:20:29,016,FBN1_016_710_86,0,0.0,15,1.0,0.5328,21.41
2026-06-13 16:30:32,016,FBN1_016_710_86,0,0.0,15,1.0,0.4968,21.48
2026-06-13 16:40:35,016,FBN1_016_710_86,0,0.0,15,1.0,0.4896,21.46
2026-06-13 16:50:38,016,FBN1_016_710_86,0,0.0,15,1.0,0.468,21.38
2026-06-13 17:00:41,016,FBN1_016_710_86,16,0.027,11,0.965,0.4032,21.43
2026-06-13 17:10:45,016,FBN1_016_710_86,39,0.065,10,0.911,0.6264,21.41
2026-06-13 17:20:48,016,FBN1_016_710_86,106,0.176,8,0.751,0.6264,21.53
2026-06-13 17:30:51,016,FBN1_016_710_86,20,0.033,12,0.96,0.414,21.56
2026-06-13 17:40:54,016,FBN1_016_710_86,33,0.055,10,0.924,0.4536,21.48
2026-06-13 17:50:58,016,FBN1_016_710_86,8,0.013,12,0.984,0.4932,21.48
2026-06-13 18:01:01,016,FBN1_016_710_86,8,0.013,14,0.986,0.0,21.45
2026-06-13 18:11:04,016,FBN1_016_710_86,61,0.101,8,0.84,0.0,21.44
2026-06-13 18:21:07,016,FBN1_016_710_86,99,0.164,8,0.764,0.0,21.46
2026-06-13 18:31:10,016,FBN1_016_710_86,222,0.369,2,0.265,0.0,21.54
2026-06-13 18:41:13,016,FBN1_016_710_86,29,0.048,10,0.932,0.0,21.55
2026-06-13 18:51:16,016,FBN1_016_710_86,176,0.292,5,0.532,0.0,21.56
2026-06-13 19:01:20,016,FBN1_016_710_86,265,0.441,2,0.232,0.0,21.5
2026-06-13 19:11:23,016,FBN1_016_710_86,198,0.329,4,0.447,0.0,21.67
2026-06-13 19:21:26,016,FBN1_016_710_86,153,0.255,8,0.677,0.0,21.69
2026-06-13 19:31:29,016,FBN1_016_710_86,189,0.314,6,0.559,0.0,21.73
2026-06-13 19:41:52,016,FBN1_016_710_86,172,0.287,4,0.482,0.0,21.74
2026-06-13 19:51:55,016,FBN1_016_710_86,141,0.235,10,0.739,0.0,21.69
2026-06-13 20:01:58,016,FBN1_016_710_86,134,0.223,7,0.676,0.0,21.65
2026-06-13 20:12:01,016,FBN1_016_710_86,116,0.193,8,0.734,0.0,21.63
2026-06-13 20:22:04,016,FBN1_016_710_86,191,0.318,5,0.512,0.0,21.67
2026-06-13 20:32:07,016,FBN1_016_710_86,269,0.448,1,0.129,0.0,21.75
2026-06-13 20:42:10,016,FBN1_016_710_86,41,0.068,13,0.927,0.0,21.66
2026-06-13 20:52:13,016,FBN1_016_710_86,205,0.341,3,0.369,0.0,21.64
2026-06-13 21:02:16,016,FBN1_016_710_86,106,0.176,9,0.773,0.0,21.61
2026-06-13 21:12:19,016,FBN1_016_710_86,81,0.135,11,0.845,0.0,21.6
2026-06-13 21:22:22,016,FBN1_016_710_86,193,0.322,3,0.383,0.0,21.61
2026-06-13 21:32:25,016,FBN1_016_710_86,238,0.395,5,0.457,0.0,21.63
2026-06-13 21:42:28,016,FBN1_016_710_86,81,0.135,12,0.856,0.0,21.84
2026-06-13 21:52:31,016,FBN1_016_710_86,55,0.091,12,0.897,0.0,21.72
2026-06-13 22:02:35,016,FBN1_016_710_86,230,0.382,2,0.258,0.0,21.75
2026-06-13 22:12:38,016,FBN1_016_710_86,238,0.395,4,0.402,0.0,21.72
2026-06-13 22:22:42,016,FBN1_016_710_86,64,0.106,9,0.849,0.0,21.66
2026-06-13 22:32:45,016,FBN1_016_710_86,199,0.331,5,0.501,0.0,21.65
2026-06-13 22:42:48,016,FBN1_016_710_86,30,0.05,13,0.945,0.0,21.58
2026-06-13 22:52:51,016,FBN1_016_710_86,133,0.221,6,0.643,0.0,21.63
2026-06-13 23:02:54,016,FBN1_016_710_86,440,0.732,1,0.083,0.0,21.58
2026-06-13 23:12:58,016,FBN1_016_710_86,5,0.008,14,0.991,0.0,21.52
2026-06-13 23:23:01,016,FBN1_016_710_86,8,0.013,14,0.986,0.0,21.49
2026-06-13 23:33:04,016,FBN1_016_710_86,1,0.002,14,0.998,0.0,21.45
2026-06-13 23:43:23,016,FBN1_016_710_86,0,0.0,15,1.0,0.0,21.45
2026-06-13 23:53:26,016,FBN1_016_710_86,0,0.0,15,1.0,0.0,21.4
2026-06-14 00:03:29,016,FBN1_016_710_86,0,0.0,15,1.0,0.0,21.36
2026-06-14 00:13:32,016,FBN1_016_710_86,0,0.0,15,1.0,0.0,21.37
2026-06-14 00:23:35,016,FBN1_016_710_86,1,0.002,15,0.998,0.0,21.34
2026-06-14 00:33:38,016,FBN1_016_710_86,17,0.028,13,0.968,0.0,21.31
2026-06-14 00:43:42,016,FBN1_016_710_86,36,0.06,9,0.909,0.0,21.33
2026-06-14 00:53:45,016,FBN1_016_710_86,103,0.171,8,0.757,0.0,21.43
2026-06-14 01:03:48,016,FBN1_016_710_86,55,0.092,12,0.897,0.0,21.47
2026-06-14 01:13:51,016,FBN1_016_710_86,159,0.265,3,0.43,0.0,21.56
2026-06-14 01:23:54,016,FBN1_016_710_86,104,0.173,9,0.776,0.0,21.4
2026-06-14 01:33:58,016,FBN1_016_710_86,85,0.141,9,0.809,0.0,21.5
2026-06-14 01:44:01,016,FBN1_016_710_86,56,0.093,10,0.877,0.0,21.57
2026-06-14 01:54:04,016,FBN1_016_710_86,133,0.221,6,0.643,0.0,21.58
2026-06-14 02:04:07,016,FBN1_016_710_86,304,0.506,5,0.397,0.0,21.6
2026-06-14 02:14:11,016,FBN1_016_710_86,127,0.211,4,0.557,0.0,21.48
2026-06-14 02:24:14,016,FBN1_016_710_86,12,0.02,14,0.979,0.0,21.46
2026-06-14 02:34:18,016,FBN1_016_710_86,3,0.005,15,0.995,0.0,21.45
2026-06-14 02:44:20,016,FBN1_016_710_86,0,0.0,15,1.0,0.0,21.32
2026-06-14 02:54:24,016,FBN1_016_710_86,4,0.007,14,0.993,0.0,21.39
2026-06-14 03:04:26,016,FBN1_016_710_86,36,0.06,11,0.924,0.0,21.4
2026-06-14 03:14:29,016,FBN1_016_710_86,5,0.008,15,0.992,0.0,21.3
2026-06-14 03:24:32,016,FBN1_016_710_86,185,0.308,4,0.464,0.0,21.45
2026-06-14 03:34:36,016,FBN1_016_710_86,227,0.378,2,0.261,0.0,21.62
2026-06-14 03:44:59,016,FBN1_016_710_86,153,0.255,2,0.343,0.0,21.79
2026-06-14 03:55:01,016,FBN1_016_710_86,86,0.143,10,0.823,0.0,21.69
2026-06-14 04:05:04,016,FBN1_016_710_86,138,0.23,5,0.592,0.0,21.58
2026-06-14 04:15:07,016,FBN1_016_710_86,98,0.163,7,0.741,0.0,21.56
2026-06-14 04:25:10,016,FBN1_016_710_86,10,0.017,14,0.982,0.0,21.49
2026-06-14 04:35:14,016,FBN1_016_710_86,13,0.022,14,0.977,0.0,21.43
2026-06-14 04:45:16,016,FBN1_016_710_86,23,0.038,12,0.954,0.0,21.41
2026-06-14 04:55:19,016,FBN1_016_710_86,37,0.062,10,0.915,0.0,21.41
2026-06-14 05:05:22,016,FBN1_016_710_86,168,0.28,6,0.588,0.0,21.49
2026-06-14 05:15:25,016,FBN1_016_710_86,39,0.065,13,0.93,0.0,21.5
2026-06-14 05:25:28,016,FBN1_016_710_86,182,0.302,4,0.468,0.0,21.49
2026-06-14 05:35:31,016,FBN1_016_710_86,74,0.123,12,0.866,0.0,21.52
2026-06-14 05:45:34,016,FBN1_016_710_86,186,0.309,6,0.563,0.0,21.7
2026-06-14 05:55:38,016,FBN1_016_710_86,41,0.068,10,0.907,0.0,21.69
2026-06-14 06:05:41,016,FBN1_016_710_86,76,0.126,8,0.808,0.432,21.55
2026-06-14 06:15:45,016,FBN1_016_710_86,19,0.032,13,0.965,0.648,21.53
2026-06-14 06:25:47,016,FBN1_016_710_86,0,0.0,15,1.0,0.7056,21.46
2026-06-14 06:35:50,016,FBN1_016_710_86,0,0.0,15,1.0,0.7056,21.38
2026-06-14 06:45:53,016,FBN1_016_710_86,0,0.0,15,1.0,0.72,21.33
2026-06-14 06:55:56,016,FBN1_016_710_86,0,0.0,15,1.0,0.7056,21.29
2026-06-14 07:05:58,016,FBN1_016_710_86,0,0.0,15,1.0,0.7056,21.28
2026-06-14 07:16:01,016,FBN1_016_710_86,0,0.0,15,1.0,0.7056,21.24
2026-06-14 07:26:05,016,FBN1_016_710_86,0,0.0,15,1.0,0.7128,21.24
2026-06-14 07:36:08,016,FBN1_016_710_86,1,0.002,15,0.998,0.702,21.23
2026-06-14 07:46:30,016,FBN1_016_710_86,0,0.0,15,1.0,0.684,21.25
2026-06-14 07:56:33,016,FBN1_016_710_86,0,0.0,15,1.0,0.684,21.24
2026-06-14 08:06:37,016,FBN1_016_710_86,48,0.08,10,0.893,0.6876,21.28
2026-06-14 08:16:40,016,FBN1_016_710_86,68,0.113,10,0.855,0.54,21.32
2026-06-14 08:26:43,016,FBN1_016_710_86,113,0.188,8,0.739,0.6336,21.4
2026-06-14 08:36:46,016,FBN1_016_710_86,6,0.01,14,0.989,0.6408,21.39
2026-06-14 08:46:49,016,FBN1_016_710_86,0,0.0,15,1.0,0.6408,21.33
2026-06-14 08:56:52,016,FBN1_016_710_86,3,0.005,15,0.995,0.6408,21.28
2026-06-14 09:06:55,016,FBN1_016_710_86,0,0.0,15,1.0,0.6264,21.27
2026-06-14 09:16:58,016,FBN1_016_710_86,0,0.0,15,1.0,0.6624,21.22
2026-06-14 09:27:01,016,FBN1_016_710_86,0,0.0,15,1.0,0.6696,21.21
2026-06-14 09:37:04,016,FBN1_016_710_86,0,0.0,15,1.0,0.6984,21.21
2026-06-14 09:47:07,016,FBN1_016_710_86,0,0.0,15,1.0,0.7128,21.23
2026-06-14 09:57:11,016,FBN1_016_710_86,0,0.0,15,1.0,0.7056,21.22
2026-06-14 10:07:14,016,FBN1_016_710_86,0,0.0,15,1.0,0.6948,21.19
2026-06-14 10:17:17,016,FBN1_016_710_86,2,0.003,14,0.996,0.684,21.19
2026-06-14 10:27:20,016,FBN1_016_710_86,0,0.0,15,1.0,0.6948,21.16
2026-06-14 10:37:23,016,FBN1_016_710_86,2,0.003,15,0.997,0.4788,21.15
2026-06-14 10:47:26,016,FBN1_016_710_86,95,0.158,7,0.747,0.6264,21.22
2026-06-14 10:57:30,016,FBN1_016_710_86,49,0.082,11,0.9,0.594,21.32
2026-06-14 11:07:32,016,FBN1_016_710_86,29,0.048,11,0.938,0.5724,21.29
2026-06-14 11:17:35,016,FBN1_016_710_86,0,0.0,15,1.0,0.5688,21.29
2026-06-14 11:27:39,016,FBN1_016_710_86,0,0.0,15,1.0,0.576,21.24
2026-06-14 11:37:42,016,FBN1_016_710_86,1,0.002,15,0.998,0.594,21.26
2026-06-14 11:48:00,016,FBN1_016_710_86,0,0.0,15,1.0,0.5904,21.31
2026-06-14 11:58:03,016,FBN1_016_710_86,1,0.002,14,0.998,0.5724,21.32
2026-06-14 12:08:06,016,FBN1_016_710_86,0,0.0,15,1.0,0.6372,21.29
2026-06-14 12:18:09,016,FBN1_016_710_86,0,0.0,15,1.0,0.6228,21.19
2026-06-14 12:28:11,016,FBN1_016_710_86,0,0.0,15,1.0,0.6372,21.18
2026-06-14 12:38:14,016,FBN1_016_710_86,0,0.0,15,1.0,0.5976,21.19
2026-06-14 12:48:18,016,FBN1_016_710_86,5,0.008,14,0.991,0.6228,21.2
2026-06-14 12:58:21,016,FBN1_016_710_86,0,0.0,15,1.0,0.6192,21.18
2026-06-14 13:08:24,016,FBN1_016_710_86,0,0.0,15,1.0,0.6228,21.19
2026-06-14 13:18:27,016,FBN1_016_710_86,0,0.0,15,1.0,0.6048,21.18
2026-06-14 13:28:31,016,FBN1_016_710_86,4,0.007,13,0.992,0.6048,21.18
2026-06-14 13:38:34,016,FBN1_016_710_86,4,0.007,13,0.992,0.63,21.22
2026-06-14 13:48:37,016,FBN1_016_710_86,0,0.0,15,1.0,0.6192,21.08
2026-06-14 13:58:41,016,FBN1_016_710_86,0,0.0,15,1.0,0.6444,21.24
2026-06-14 14:08:43,016,FBN1_016_710_86,0,0.0,15,1.0,0.6552,21.25
2026-06-14 14:18:46,016,FBN1_016_710_86,0,0.0,15,1.0,0.5976,21.21
2026-06-14 14:28:49,016,FBN1_016_710_86,0,0.0,15,1.0,0.6048,21.28
2026-06-14 14:38:53,016,FBN1_016_710_86,0,0.0,15,1.0,0.5796,21.25
2026-06-14 14:48:56,016,FBN1_016_710_86,18,0.03,11,0.961,0.612,21.26
2026-06-14 14:58:58,016,FBN1_016_710_86,67,0.111,7,0.807,0.6264,21.24
2026-06-14 15:09:02,016,FBN1_016_710_86,118,0.196,4,0.576,0.5832,21.28
2026-06-14 15:19:05,016,FBN1_016_710_86,203,0.337,5,0.496,0.5904,21.3
2026-06-14 15:29:09,016,FBN1_016_710_86,37,0.062,10,0.915,0.6192,21.33
2026-06-14 15:39:12,016,FBN1_016_710_86,9,0.015,15,0.985,0.6264,21.3
2026-06-14 15:49:33,016,FBN1_016_710_86,23,0.038,14,0.961,0.6192,21.31
2026-06-14 15:59:36,016,FBN1_016_710_86,6,0.01,14,0.989,0.612,21.29
2026-06-14 16:09:39,016,FBN1_016_710_86,8,0.013,14,0.986,0.6552,21.2
2026-06-14 16:19:42,016,FBN1_016_710_86,23,0.038,13,0.958,0.6192,21.23
2026-06-14 16:29:46,016,FBN1_016_710_86,95,0.158,6,0.716,0.594,21.25
2026-06-14 16:39:49,016,FBN1_016_710_86,150,0.249,3,0.444,0.6192,21.29
2026-06-14 16:49:52,016,FBN1_016_710_86,8,0.013,14,0.986,0.5976,21.34
2026-06-14 16:59:56,016,FBN1_016_710_86,160,0.266,2,0.333,0.4644,21.3
2026-06-14 17:09:59,016,FBN1_016_710_86,52,0.087,12,0.902,0.2448,21.3
2026-06-14 17:20:01,016,FBN1_016_710_86,42,0.07,11,0.913,0.4068,21.3
2026-06-14 17:30:05,016,FBN1_016_710_86,20,0.033,13,0.963,0.396,21.29
2026-06-14 17:40:08,016,FBN1_016_710_86,54,0.09,6,0.816,0.3888,21.47
2026-06-14 17:50:12,016,FBN1_016_710_86,141,0.235,1,0.221,0.4356,21.41
2026-06-14 18:00:15,016,FBN1_016_710_86,47,0.078,12,0.911,0.0,21.39
2026-06-14 18:10:17,016,FBN1_016_710_86,196,0.326,3,0.38,0.0,21.43
2026-06-14 18:20:21,016,FBN1_016_710_86,81,0.135,9,0.816,0.0,21.51
2026-06-14 18:30:24,016,FBN1_016_710_86,181,0.301,2,0.307,0.0,21.55
2026-06-14 18:40:27,016,FBN1_016_710_86,100,0.166,6,0.706,0.0,21.4
2026-06-14 18:50:31,016,FBN1_016_710_86,189,0.314,2,0.297,0.0,21.43
2026-06-14 19:00:34,016,FBN1_016_710_86,153,0.255,5,0.567,0.0,21.51
2026-06-14 19:10:36,016,FBN1_016_710_86,74,0.123,10,0.844,0.0,21.46
2026-06-14 19:20:39,016,FBN1_016_710_86,150,0.25,5,0.571,0.0,21.48
2026-06-14 19:30:43,016,FBN1_016_710_86,163,0.271,5,0.551,0.0,21.68
2026-06-14 19:40:46,016,FBN1_016_710_86,55,0.092,10,0.879,0.0,21.67
2026-06-14 19:51:02,016,FBN1_016_710_86,177,0.295,3,0.404,0.0,21.71
2026-06-14 20:01:06,016,FBN1_016_710_86,32,0.053,13,0.942,0.0,21.77
2026-06-14 20:11:09,016,FBN1_016_710_86,185,0.307,4,0.464,0.0,21.63
2026-06-14 20:21:12,016,FBN1_016_710_86,175,0.291,6,0.578,0.0,21.82
2026-06-14 20:31:16,016,FBN1_016_710_86,19,0.032,13,0.965,0.0,21.82
2026-06-14 20:41:19,016,FBN1_016_710_86,139,0.231,5,0.59,0.0,21.57
2026-06-14 20:51:22,016,FBN1_016_710_86,37,0.061,12,0.928,0.0,21.49
2026-06-14 21:01:25,016,FBN1_016_710_86,229,0.381,1,0.149,0.0,21.7
2026-06-14 21:11:29,016,FBN1_016_710_86,77,0.128,11,0.851,0.0,21.54
2026-06-14 21:21:31,016,FBN1_016_710_86,7,0.012,13,0.987,0.0,21.53
2026-06-14 21:31:34,016,FBN1_016_710_86,153,0.255,5,0.567,0.0,21.54
2026-06-14 21:41:38,016,FBN1_016_710_86,45,0.075,13,0.92,0.0,21.5
2026-06-14 21:51:41,016,FBN1_016_710_86,255,0.424,2,0.239,0.0,21.52
2026-06-14 22:01:44,016,FBN1_016_710_86,95,0.158,10,0.808,0.0,21.51
2026-06-14 22:11:47,016,FBN1_016_710_86,129,0.215,4,0.554,0.0,21.55
2026-06-14 22:21:51,016,FBN1_016_710_86,70,0.116,10,0.851,0.0,21.52
2026-06-14 22:31:54,016,FBN1_016_710_86,40,0.067,11,0.917,0.0,21.48
2026-06-14 22:41:57,016,FBN1_016_710_86,246,0.409,5,0.448,0.0,21.63
2026-06-14 22:52:00,016,FBN1_016_710_86,113,0.188,6,0.68,0.0,21.51
2026-06-14 23:02:03,016,FBN1_016_710_86,215,0.358,7,0.566,0.0,21.52
2026-06-14 23:12:06,016,FBN1_016_710_86,9,0.015,13,0.983,0.0,21.44
2026-06-14 23:22:09,016,FBN1_016_710_86,0,0.0,15,1.0,0.0,21.38
2026-06-14 23:32:11,016,FBN1_016_710_86,0,0.0,15,1.0,0.0,21.32
2026-06-14 23:42:14,016,FBN1_016_710_86,0,0.0,15,1.0,0.0,21.24
2026-06-14 23:52:38,016,FBN1_016_710_86,0,0.0,15,1.0,0.0,21.28
2026-06-13 00:08:23,001,FBN1_016_710_87,270,0.449,1,0.129,0.0,21.67
2026-06-13 00:18:26,001,FBN1_016_710_87,176,0.293,5,0.532,0.0,21.51
2026-06-13 00:28:29,001,FBN1_016_710_87,175,0.291,7,0.615,0.0,21.45
2026-06-13 00:38:32,001,FBN1_016_710_87,183,0.304,7,0.605,0.0,21.44
2026-06-13 00:48:35,001,FBN1_016_710_87,137,0.228,6,0.637,0.0,21.38
2026-06-13 00:58:37,001,FBN1_016_710_87,218,0.363,5,0.478,0.0,21.35
2026-06-13 01:08:40,001,FBN1_016_710_87,278,0.463,3,0.302,0.0,21.35
2026-06-13 01:18:43,001,FBN1_016_710_87,223,0.371,3,0.35,0.0,21.29
2026-06-13 01:28:46,001,FBN1_016_710_87,117,0.195,8,0.732,0.0,21.27
2026-06-13 01:38:49,001,FBN1_016_710_87,266,0.443,1,0.131,0.0,21.33
2026-06-13 01:48:52,001,FBN1_016_710_87,360,0.599,1,0.1,0.0,21.31
2026-06-13 01:58:55,001,FBN1_016_710_87,389,0.647,0,0.0,0.0,21.33
2026-06-13 02:08:58,001,FBN1_016_710_87,72,0.12,10,0.847,0.0,21.31
2026-06-13 02:19:02,001,FBN1_016_710_87,58,0.096,9,0.861,0.0,21.28
2026-06-13 02:29:05,001,FBN1_016_710_87,37,0.062,12,0.928,0.0,21.25
2026-06-13 02:39:08,001,FBN1_016_710_87,4,0.007,14,0.993,0.0,21.22
2026-06-13 02:49:11,001,FBN1_016_710_87,16,0.027,12,0.968,0.0,21.2
2026-06-13 02:59:13,001,FBN1_016_710_87,7,0.012,13,0.987,0.0,21.18
2026-06-13 03:09:16,001,FBN1_016_710_87,13,0.022,12,0.974,0.0,21.17
2026-06-13 03:19:19,001,FBN1_016_710_87,28,0.047,11,0.94,0.0,21.16
2026-06-13 03:29:39,001,FBN1_016_710_87,6,0.01,13,0.989,0.0,21.18
2026-06-13 03:39:42,001,FBN1_016_710_87,6,0.01,13,0.989,0.0,21.15
2026-06-13 03:49:45,001,FBN1_016_710_87,182,0.302,5,0.524,0.0,21.16
2026-06-13 03:59:49,001,FBN1_016_710_87,268,0.446,4,0.374,0.0,21.22
2026-06-13 04:09:52,001,FBN1_016_710_87,53,0.088,11,0.892,0.0,21.16
2026-06-13 04:19:55,001,FBN1_016_710_87,192,0.319,7,0.593,0.0,21.2
2026-06-13 04:29:58,001,FBN1_016_710_87,390,0.649,0,0.0,0.0,21.21
2026-06-13 04:40:01,001,FBN1_016_710_87,197,0.328,7,0.587,0.0,21.23
2026-06-13 04:50:04,001,FBN1_016_710_87,124,0.206,10,0.763,0.0,21.21
2026-06-13 05:00:07,001,FBN1_016_710_87,302,0.502,3,0.284,0.0,21.31
2026-06-13 05:10:10,001,FBN1_016_710_87,170,0.283,7,0.622,0.0,21.3
2026-06-13 05:20:13,001,FBN1_016_710_87,155,0.258,7,0.644,0.0,21.24
2026-06-13 05:30:16,001,FBN1_016_710_87,128,0.213,5,0.61,0.0,21.3
2026-06-13 05:40:18,001,FBN1_016_710_87,294,0.489,1,0.12,0.0,21.22
2026-06-13 05:50:22,001,FBN1_016_710_87,217,0.361,4,0.424,0.0,21.17
2026-06-13 06:00:24,001,FBN1_016_710_87,173,0.288,2,0.316,14.166,21.14
2026-06-13 06:10:27,001,FBN1_016_710_87,19,0.032,12,0.962,14.508,21.11
2026-06-13 06:20:31,001,FBN1_016_710_87,4,0.007,14,0.993,14.436,21.09
2026-06-13 06:30:34,001,FBN1_016_710_87,19,0.032,11,0.959,14.346,21.08
2026-06-13 06:40:37,001,FBN1_016_710_87,4,0.007,13,0.992,14.3676,21.07
2026-06-13 06:50:40,001,FBN1_016_710_87,3,0.005,14,0.995,14.3388,21.05
2026-06-13 07:00:43,001,FBN1_016_710_87,2,0.003,14,0.996,14.3568,21.04
2026-06-13 07:10:46,001,FBN1_016_710_87,67,0.111,10,0.857,14.2488,21.05
2026-06-13 07:20:49,001,FBN1_016_710_87,12,0.02,13,0.977,14.2344,21.03
2026-06-13 07:31:07,001,FBN1_016_710_87,5,0.008,14,0.991,14.1696,21.07
2026-06-13 07:41:10,001,FBN1_016_710_87,9,0.015,13,0.983,14.1624,21.07
2026-06-13 07:51:13,001,FBN1_016_710_87,6,0.01,12,0.988,14.2596,21.06
2026-06-13 08:01:16,001,FBN1_016_710_87,147,0.245,3,0.449,15.9984,21.07
2026-06-13 08:11:19,001,FBN1_016_710_87,148,0.247,7,0.654,13.8312,21.12
2026-06-13 08:21:22,001,FBN1_016_710_87,37,0.062,13,0.934,8.3412,21.14
2026-06-13 08:31:25,001,FBN1_016_710_87,94,0.156,11,0.824,14.976,21.16
2026-06-13 08:41:28,001,FBN1_016_710_87,312,0.519,1,0.114,8.5752,21.18
2026-06-13 08:51:31,001,FBN1_016_710_87,76,0.126,10,0.84,7.326,21.21
2026-06-13 09:01:34,001,FBN1_016_710_87,3,0.005,14,0.995,7.4088,21.19
2026-06-13 09:11:37,001,FBN1_016_710_87,0,0.0,15,1.0,7.38,21.16
2026-06-13 09:21:40,001,FBN1_016_710_87,1,0.002,14,0.998,7.4808,21.14
2026-06-13 09:31:43,001,FBN1_016_710_87,0,0.0,15,1.0,7.488,21.12
2026-06-13 09:41:46,001,FBN1_016_710_87,3,0.005,14,0.995,7.5204,21.1
2026-06-13 09:51:49,001,FBN1_016_710_87,4,0.007,13,0.992,7.4664,21.09
2026-06-13 10:01:52,001,FBN1_016_710_87,1,0.002,15,0.998,7.3836,21.1
2026-06-13 10:11:56,001,FBN1_016_710_87,10,0.017,12,0.98,7.272,21.11
2026-06-13 10:21:59,001,FBN1_016_710_87,10,0.017,11,0.978,7.11,21.12
2026-06-13 10:32:01,001,FBN1_016_710_87,0,0.0,15,1.0,7.2864,21.11
2026-06-13 10:42:04,001,FBN1_016_710_87,1,0.002,14,0.998,7.398,21.11
2026-06-13 10:52:08,001,FBN1_016_710_87,0,0.0,15,1.0,7.3728,21.08
2026-06-13 11:02:11,001,FBN1_016_710_87,1,0.002,14,0.998,7.308,21.07
2026-06-13 11:12:14,001,FBN1_016_710_87,91,0.151,7,0.755,11.3004,21.08
2026-06-13 11:22:17,001,FBN1_016_710_87,90,0.15,8,0.78,6.9768,21.1
2026-06-13 11:32:36,001,FBN1_016_710_87,143,0.238,2,0.359,5.7744,21.21
2026-06-13 11:42:37,001,FBN1_016_710_87,124,0.207,4,0.563,8.892,21.23
2026-06-13 11:52:40,001,FBN1_016_710_87,12,0.02,13,0.977,8.3268,21.24
2026-06-13 12:02:43,001,FBN1_016_710_87,8,0.013,14,0.986,8.2152,21.23
2026-06-13 12:12:45,001,FBN1_016_710_87,5,0.008,14,0.991,8.298,21.18
2026-06-13 12:22:48,001,FBN1_016_710_87,11,0.018,12,0.978,8.28,21.15
2026-06-13 12:32:51,001,FBN1_016_710_87,8,0.013,13,0.985,8.3664,21.13
2026-06-13 12:42:54,001,FBN1_016_710_87,7,0.012,14,0.988,8.2584,21.12
2026-06-13 12:52:57,001,FBN1_016_710_87,8,0.013,12,0.984,8.5284,21.13
2026-06-13 13:03:00,001,FBN1_016_710_87,45,0.075,10,0.899,8.3808,21.13
2026-06-13 13:13:03,001,FBN1_016_710_87,169,0.281,2,0.321,7.956,21.2
2026-06-13 13:23:06,001,FBN1_016_710_87,149,0.248,3,0.446,8.496,21.25
2026-06-13 13:33:10,001,FBN1_016_710_87,127,0.211,7,0.688,7.5672,21.21
2026-06-13 13:43:12,001,FBN1_016_710_87,330,0.549,1,0.108,10.3428,21.26
2026-06-13 13:53:15,001,FBN1_016_710_87,397,0.661,0,0.0,6.7248,21.36
2026-06-13 14:03:18,001,FBN1_016_710_87,80,0.133,8,0.8,6.804,21.43
2026-06-13 14:13:21,001,FBN1_016_710_87,12,0.02,14,0.979,6.7896,21.42
2026-06-13 14:23:25,001,FBN1_016_710_87,3,0.005,14,0.995,6.8724,21.43
2026-06-13 14:33:28,001,FBN1_016_710_87,14,0.023,13,0.974,6.8796,21.41
2026-06-13 14:43:31,001,FBN1_016_710_87,26,0.043,12,0.949,7.0056,21.39
2026-06-13 14:53:34,001,FBN1_016_710_87,4,0.007,13,0.992,6.984,21.38
2026-06-13 15:03:37,001,FBN1_016_710_87,23,0.038,13,0.958,6.912,21.39
2026-06-13 15:13:40,001,FBN1_016_710_87,30,0.05,13,0.945,6.9408,21.4
2026-06-13 15:23:43,001,FBN1_016_710_87,17,0.028,11,0.963,6.9336,21.38
2026-06-13 15:34:03,001,FBN1_016_710_87,158,0.264,6,0.603,10.944,21.39
2026-06-13 15:44:06,001,FBN1_016_710_87,39,0.065,11,0.919,12.096,21.27
2026-06-13 15:54:09,001,FBN1_016_710_87,60,0.1,12,0.889,10.9008,21.21
2026-06-13 16:04:12,001,FBN1_016_710_87,270,0.449,1,0.129,11.5344,21.31
2026-06-13 16:14:15,001,FBN1_016_710_87,180,0.299,7,0.609,11.6964,21.36
2026-06-13 16:24:17,001,FBN1_016_710_87,14,0.023,14,0.976,11.5416,21.34
2026-06-13 16:34:21,001,FBN1_016_710_87,11,0.018,13,0.979,11.6712,21.33
2026-06-13 16:44:24,001,FBN1_016_710_87,14,0.023,12,0.972,11.6604,21.34
2026-06-13 16:54:27,001,FBN1_016_710_87,52,0.087,9,0.874,11.5128,21.33
2026-06-13 17:04:30,001,FBN1_016_710_87,249,0.414,1,0.138,11.8836,21.4
2026-06-13 17:14:33,001,FBN1_016_710_87,98,0.163,8,0.766,16.2828,21.38
2026-06-13 17:24:36,001,FBN1_016_710_87,5,0.008,13,0.99,16.3224,21.39
2026-06-13 17:34:39,001,FBN1_016_710_87,40,0.067,12,0.923,16.8696,21.39
2026-06-13 17:44:42,001,FBN1_016_710_87,98,0.163,8,0.766,16.4592,21.37
2026-06-13 17:54:46,001,FBN1_016_710_87,125,0.208,7,0.691,15.4584,21.32
2026-06-13 18:04:49,001,FBN1_016_710_87,263,0.438,4,0.378,0.0,21.34
2026-06-13 18:14:51,001,FBN1_016_710_87,306,0.509,3,0.282,0.0,21.34
2026-06-13 18:24:55,001,FBN1_016_710_87,315,0.524,4,0.337,0.0,21.36
2026-06-13 18:34:58,001,FBN1_016_710_87,233,0.388,6,0.507,0.0,21.32
2026-06-13 18:45:01,001,FBN1_016_710_87,327,0.544,3,0.268,0.0,21.33
2026-06-13 18:55:04,001,FBN1_016_710_87,339,0.563,2,0.191,0.0,21.36
2026-06-13 19:05:08,001,FBN1_016_710_87,288,0.479,2,0.217,0.0,21.38
2026-06-13 19:15:10,001,FBN1_016_710_87,322,0.536,3,0.271,0.0,21.46
2026-06-13 19:25:14,001,FBN1_016_710_87,191,0.318,7,0.594,0.0,21.37
2026-06-13 19:35:36,001,FBN1_016_710_87,18,0.03,12,0.964,0.0,21.33
2026-06-13 19:45:38,001,FBN1_016_710_87,2,0.003,14,0.996,0.0,21.26
2026-06-13 19:55:41,001,FBN1_016_710_87,239,0.398,1,0.143,0.0,21.22
2026-06-13 20:05:44,001,FBN1_016_710_87,327,0.544,2,0.197,0.0,21.42
2026-06-13 20:15:47,001,FBN1_016_710_87,48,0.08,12,0.909,0.0,21.33
2026-06-13 20:25:50,001,FBN1_016_710_87,382,0.637,1,0.095,0.0,21.34
2026-06-13 20:35:53,001,FBN1_016_710_87,361,0.6,1,0.1,0.0,21.41
2026-06-13 20:45:56,001,FBN1_016_710_87,165,0.275,6,0.593,0.0,21.41
2026-06-13 20:56:00,001,FBN1_016_710_87,63,0.105,12,0.884,0.0,21.3
2026-06-13 21:06:03,001,FBN1_016_710_87,263,0.438,6,0.477,0.0,21.32
2026-06-13 21:16:05,001,FBN1_016_710_87,168,0.28,8,0.656,0.0,21.32
2026-06-13 21:26:09,001,FBN1_016_710_87,121,0.201,10,0.768,0.0,21.26
2026-06-13 21:36:12,001,FBN1_016_710_87,267,0.444,4,0.375,0.0,21.29
2026-06-13 21:46:15,001,FBN1_016_710_87,187,0.311,8,0.631,0.0,21.32
2026-06-13 21:56:18,001,FBN1_016_710_87,124,0.206,8,0.721,0.0,21.26
2026-06-13 22:06:21,001,FBN1_016_710_87,52,0.087,13,0.909,0.0,21.21
2026-06-13 22:16:25,001,FBN1_016_710_87,171,0.285,7,0.621,0.0,21.18
2026-06-13 22:26:28,001,FBN1_016_710_87,347,0.577,1,0.103,0.0,21.18
2026-06-13 22:36:31,001,FBN1_016_710_87,124,0.206,9,0.744,0.0,21.17
2026-06-13 22:46:34,001,FBN1_016_710_87,32,0.053,12,0.938,0.0,21.13
2026-06-13 22:56:37,001,FBN1_016_710_87,21,0.035,11,0.954,0.0,21.08
2026-06-13 23:06:40,001,FBN1_016_710_87,6,0.01,14,0.989,0.0,21.06
2026-06-13 23:16:43,001,FBN1_016_710_87,18,0.03,13,0.967,0.0,21.03
2026-06-13 23:26:46,001,FBN1_016_710_87,2,0.003,14,0.996,0.0,21.03
2026-06-13 23:37:10,001,FBN1_016_710_87,26,0.043,11,0.944,0.0,21.07
2026-06-13 23:47:14,001,FBN1_016_710_87,27,0.045,13,0.951,0.0,21.03
2026-06-13 23:57:17,001,FBN1_016_710_87,278,0.463,0,0.0,0.0,21.07
2026-06-14 00:07:20,001,FBN1_016_710_87,369,0.614,0,0.0,0.0,21.13
2026-06-14 00:17:23,001,FBN1_016_710_87,145,0.241,8,0.688,0.0,21.13
2026-06-14 00:27:26,001,FBN1_016_710_87,344,0.572,2,0.189,0.0,21.24
2026-06-14 00:37:29,001,FBN1_016_710_87,180,0.3,5,0.526,0.0,21.19
2026-06-14 00:47:31,001,FBN1_016_710_87,226,0.377,7,0.553,0.0,21.16
2026-06-14 00:57:34,001,FBN1_016_710_87,355,0.59,2,0.184,0.0,21.24
2026-06-14 01:07:37,001,FBN1_016_710_87,142,0.237,8,0.693,0.0,21.24
2026-06-14 01:17:40,001,FBN1_016_710_87,27,0.045,13,0.951,0.0,21.13
2026-06-14 01:27:43,001,FBN1_016_710_87,181,0.302,7,0.607,0.0,21.15
2026-06-14 01:37:46,001,FBN1_016_710_87,160,0.266,8,0.667,0.0,21.15
2026-06-14 01:47:49,001,FBN1_016_710_87,220,0.366,7,0.56,0.0,21.23
2026-06-14 01:57:52,001,FBN1_016_710_87,208,0.346,7,0.574,0.0,21.16
2026-06-14 02:07:56,001,FBN1_016_710_87,444,0.739,0,0.0,0.0,21.2
2026-06-14 02:17:59,001,FBN1_016_710_87,268,0.446,4,0.374,0.0,21.22
2026-06-14 02:28:03,001,FBN1_016_710_87,72,0.12,7,0.795,0.0,21.26
2026-06-14 02:38:06,001,FBN1_016_710_87,37,0.061,9,0.907,0.0,21.27
2026-06-14 02:48:09,001,FBN1_016_710_87,0,0.0,15,1.0,0.0,21.23
2026-06-14 02:58:13,001,FBN1_016_710_87,9,0.015,12,0.982,0.0,21.18
2026-06-14 03:08:16,001,FBN1_016_710_87,9,0.015,13,0.983,0.0,21.16
2026-06-14 03:18:19,001,FBN1_016_710_87,2,0.003,14,0.996,0.0,21.15
2026-06-14 03:28:22,001,FBN1_016_710_87,12,0.02,13,0.977,0.0,21.13
2026-06-14 03:38:51,001,FBN1_016_710_87,5,0.008,14,0.991,0.0,21.16
2026-06-14 03:48:54,001,FBN1_016_710_87,15,0.025,13,0.972,0.0,21.13
2026-06-14 03:58:58,001,FBN1_016_710_87,14,0.023,11,0.969,0.0,21.13
2026-06-14 04:09:01,001,FBN1_016_710_87,131,0.218,7,0.681,0.0,21.11
2026-06-14 04:19:04,001,FBN1_016_710_87,286,0.476,2,0.219,0.0,21.1
2026-06-14 04:29:07,001,FBN1_016_710_87,186,0.309,7,0.601,0.0,21.08
2026-06-14 04:39:11,001,FBN1_016_710_87,126,0.21,10,0.76,0.0,21.1
2026-06-14 04:49:14,001,FBN1_016_710_87,292,0.486,3,0.291,0.0,21.1
2026-06-14 04:59:17,001,FBN1_016_710_87,142,0.236,9,0.717,0.0,21.09
2026-06-14 05:09:20,001,FBN1_016_710_87,214,0.355,5,0.483,0.0,21.1
2026-06-14 05:19:23,001,FBN1_016_710_87,170,0.283,7,0.622,0.0,21.1
2026-06-14 05:29:26,001,FBN1_016_710_87,64,0.106,13,0.89,0.0,21.06
2026-06-14 05:39:29,001,FBN1_016_710_87,404,0.671,0,0.0,0.0,21.09
2026-06-14 05:49:32,001,FBN1_016_710_87,30,0.05,11,0.936,0.0,21.07
2026-06-14 05:59:35,001,FBN1_016_710_87,11,0.018,13,0.979,0.0,21.02
2026-06-14 06:09:39,001,FBN1_016_710_87,11,0.018,14,0.981,10.6596,20.99
2026-06-14 06:19:42,001,FBN1_016_710_87,0,0.0,15,1.0,10.5552,21.0
2026-06-14 06:29:45,001,FBN1_016_710_87,0,0.0,15,1.0,10.548,20.98
2026-06-14 06:39:47,001,FBN1_016_710_87,0,0.0,15,1.0,10.53,20.97
2026-06-14 06:49:50,001,FBN1_016_710_87,27,0.045,13,0.951,10.6632,20.97
2026-06-14 06:59:53,001,FBN1_016_710_87,43,0.072,10,0.903,10.8468,20.98
2026-06-14 07:09:56,001,FBN1_016_710_87,29,0.048,12,0.943,10.71,20.98
2026-06-14 07:19:59,001,FBN1_016_710_87,0,0.0,15,1.0,10.7244,20.97
2026-06-14 07:30:02,001,FBN1_016_710_87,0,0.0,15,1.0,10.7568,20.97
2026-06-14 07:40:22,001,FBN1_016_710_87,0,0.0,15,1.0,10.7856,21.0
2026-06-14 07:50:26,001,FBN1_016_710_87,19,0.032,11,0.959,10.5984,20.99
2026-06-14 08:00:29,001,FBN1_016_710_87,130,0.216,10,0.755,10.5732,21.0
2026-06-14 08:10:32,001,FBN1_016_710_87,97,0.161,9,0.788,11.1312,21.02
2026-06-14 08:20:35,001,FBN1_016_710_87,14,0.023,14,0.976,10.8792,21.01
2026-06-14 08:30:39,001,FBN1_016_710_87,202,0.336,7,0.581,8.9352,21.1
2026-06-14 08:40:42,001,FBN1_016_710_87,111,0.185,8,0.742,14.6844,21.09
2026-06-14 08:50:45,001,FBN1_016_710_87,15,0.025,11,0.967,14.67,21.08
2026-06-14 09:00:48,001,FBN1_016_710_87,1,0.002,14,0.998,14.706,21.06
2026-06-14 09:10:51,001,FBN1_016_710_87,2,0.003,14,0.996,14.7492,21.02
2026-06-14 09:20:54,001,FBN1_016_710_87,0,0.0,15,1.0,14.742,21.01
2026-06-14 09:30:57,001,FBN1_016_710_87,0,0.0,15,1.0,14.7384,20.99
2026-06-14 09:41:00,001,FBN1_016_710_87,0,0.0,15,1.0,14.7708,20.99
2026-06-14 09:51:03,001,FBN1_016_710_87,8,0.013,14,0.986,14.8248,20.98
2026-06-14 10:01:06,001,FBN1_016_710_87,3,0.005,14,0.995,14.8212,20.98
2026-06-14 10:11:09,001,FBN1_016_710_87,8,0.013,14,0.986,14.8392,20.98
2026-06-14 10:21:13,001,FBN1_016_710_87,21,0.035,13,0.961,14.5584,20.98
2026-06-14 10:31:16,001,FBN1_016_710_87,11,0.018,14,0.981,14.6016,20.99
2026-06-14 10:41:19,001,FBN1_016_710_87,92,0.153,9,0.796,10.0944,21.01
2026-06-14 10:51:22,001,FBN1_016_710_87,257,0.428,4,0.384,12.1752,21.06
2026-06-14 11:01:25,001,FBN1_016_710_87,336,0.558,1,0.106,10.404,21.21
2026-06-14 11:11:28,001,FBN1_016_710_87,201,0.334,6,0.544,12.3588,21.19
2026-06-14 11:21:31,001,FBN1_016_710_87,0,0.0,15,1.0,12.4092,21.17
2026-06-14 11:31:34,001,FBN1_016_710_87,0,0.0,15,1.0,12.4452,21.14
2026-06-14 11:41:59,001,FBN1_016_710_87,0,0.0,15,1.0,12.4344,21.16
2026-06-14 11:52:02,001,FBN1_016_710_87,0,0.0,15,1.0,12.4308,21.12
2026-06-14 12:02:05,001,FBN1_016_710_87,0,0.0,15,1.0,12.438,21.1
2026-06-14 12:12:08,001,FBN1_016_710_87,0,0.0,15,1.0,12.4524,21.09
2026-06-14 12:22:11,001,FBN1_016_710_87,0,0.0,15,1.0,12.4344,21.08
2026-06-14 12:32:14,001,FBN1_016_710_87,0,0.0,15,1.0,12.456,21.07
2026-06-14 12:42:17,001,FBN1_016_710_87,0,0.0,15,1.0,12.4668,21.05
2026-06-14 12:52:20,001,FBN1_016_710_87,0,0.0,15,1.0,12.4596,21.05
2026-06-14 13:02:23,001,FBN1_016_710_87,0,0.0,15,1.0,12.492,21.04
2026-06-14 13:12:26,001,FBN1_016_710_87,4,0.007,14,0.993,12.6216,21.06
2026-06-14 13:22:29,001,FBN1_016_710_87,96,0.159,9,0.789,17.7516,21.07
2026-06-14 13:32:32,001,FBN1_016_710_87,238,0.397,4,0.402,13.8672,21.12
2026-06-14 13:42:35,001,FBN1_016_710_87,4,0.007,13,0.992,13.8708,21.11
2026-06-14 13:52:38,001,FBN1_016_710_87,1,0.002,14,0.998,13.6764,21.1
2026-06-14 14:02:41,001,FBN1_016_710_87,0,0.0,15,1.0,13.6584,21.08
2026-06-14 14:12:44,001,FBN1_016_710_87,0,0.0,15,1.0,13.6692,21.07
2026-06-14 14:22:47,001,FBN1_016_710_87,0,0.0,15,1.0,13.6656,21.06
2026-06-14 14:32:50,001,FBN1_016_710_87,1,0.002,14,0.998,13.6008,21.05
2026-06-14 14:42:54,001,FBN1_016_710_87,0,0.0,15,1.0,13.6944,21.04
2026-06-14 14:52:57,001,FBN1_016_710_87,0,0.0,15,1.0,13.6368,21.03
2026-06-14 15:03:00,001,FBN1_016_710_87,18,0.03,12,0.964,13.3092,21.04
2026-06-14 15:13:04,001,FBN1_016_710_87,3,0.005,14,0.995,12.7152,21.03
2026-06-14 15:23:07,001,FBN1_016_710_87,13,0.022,13,0.976,12.8268,21.03
2026-06-14 15:33:10,001,FBN1_016_710_87,59,0.098,10,0.871,15.39,21.02
2026-06-14 15:43:28,001,FBN1_016_710_87,78,0.13,8,0.804,14.8752,21.09
2026-06-14 15:53:30,001,FBN1_016_710_87,115,0.191,4,0.582,14.9004,21.09
2026-06-14 16:03:34,001,FBN1_016_710_87,6,0.01,13,0.989,14.904,21.08
2026-06-14 16:13:37,001,FBN1_016_710_87,2,0.003,13,0.996,14.8896,21.06
2026-06-14 16:23:40,001,FBN1_016_710_87,5,0.008,14,0.991,14.8896,21.06
2026-06-14 16:33:42,001,FBN1_016_710_87,12,0.02,13,0.977,14.8932,21.06
2026-06-14 16:43:45,001,FBN1_016_710_87,1,0.002,14,0.998,14.8752,21.04
2026-06-14 16:53:48,001,FBN1_016_710_87,67,0.111,11,0.868,14.832,21.05
2026-06-14 17:03:51,001,FBN1_016_710_87,99,0.164,7,0.739,14.7636,21.07
2026-06-14 17:13:54,001,FBN1_016_710_87,59,0.098,11,0.882,14.7852,21.09
2026-06-14 17:23:57,001,FBN1_016_710_87,2,0.003,14,0.996,14.7744,21.09
2026-06-14 17:34:00,001,FBN1_016_710_87,35,0.058,12,0.932,14.7456,21.09
2026-06-14 17:44:03,001,FBN1_016_710_87,131,0.218,5,0.604,14.5692,21.1
2026-06-14 17:54:06,001,FBN1_016_710_87,84,0.14,5,0.704,14.5584,21.13
2026-06-14 18:04:10,001,FBN1_016_710_87,7,0.012,13,0.987,0.0,21.11
2026-06-14 18:14:14,001,FBN1_016_710_87,277,0.46,5,0.419,0.0,21.18
2026-06-14 18:24:16,001,FBN1_016_710_87,341,0.567,3,0.26,0.0,21.24
2026-06-14 18:34:19,001,FBN1_016_710_87,274,0.456,3,0.305,0.0,21.27
2026-06-14 18:44:23,001,FBN1_016_710_87,166,0.276,9,0.684,0.0,21.24
2026-06-14 18:54:25,001,FBN1_016_710_87,294,0.489,2,0.214,0.0,21.28
2026-06-14 19:04:28,001,FBN1_016_710_87,340,0.566,0,0.0,0.0,21.39
2026-06-14 19:14:31,001,FBN1_016_710_87,283,0.472,3,0.298,0.0,21.36
2026-06-14 19:24:33,001,FBN1_016_710_87,314,0.522,4,0.338,0.0,21.34
2026-06-14 19:34:36,001,FBN1_016_710_87,222,0.369,5,0.474,0.0,21.3
2026-06-14 19:44:57,001,FBN1_016_710_87,221,0.369,7,0.559,0.0,21.4
2026-06-14 19:55:00,001,FBN1_016_710_87,254,0.423,4,0.386,0.0,21.43
2026-06-14 20:05:03,001,FBN1_016_710_87,96,0.16,9,0.789,0.0,21.37
2026-06-14 20:15:06,001,FBN1_016_710_87,102,0.17,11,0.812,0.0,21.29
2026-06-14 20:25:09,001,FBN1_016_710_87,279,0.464,4,0.364,0.0,21.29
2026-06-14 20:35:12,001,FBN1_016_710_87,431,0.716,1,0.085,0.0,21.38
2026-06-14 20:45:16,001,FBN1_016_710_87,185,0.308,7,0.602,0.0,21.4
2026-06-14 20:55:19,001,FBN1_016_710_87,195,0.324,4,0.451,0.0,21.36
2026-06-14 21:05:22,001,FBN1_016_710_87,39,0.065,13,0.93,0.0,21.29
2026-06-14 21:15:25,001,FBN1_016_710_87,328,0.546,2,0.196,0.0,21.3
2026-06-14 21:25:27,001,FBN1_016_710_87,257,0.428,6,0.483,0.0,21.26
2026-06-14 21:35:30,001,FBN1_016_710_87,122,0.203,9,0.747,0.0,21.25
2026-06-14 21:45:34,001,FBN1_016_710_87,13,0.022,13,0.976,0.0,21.19
2026-06-14 21:55:36,001,FBN1_016_710_87,14,0.023,12,0.972,0.0,21.16
2026-06-14 22:05:39,001,FBN1_016_710_87,15,0.025,14,0.974,0.0,21.13
2026-06-14 22:15:42,001,FBN1_016_710_87,22,0.037,14,0.962,0.0,21.11
2026-06-14 22:25:45,001,FBN1_016_710_87,16,0.027,12,0.968,0.0,21.1
2026-06-14 22:35:48,001,FBN1_016_710_87,82,0.136,10,0.83,0.0,21.09
2026-06-14 22:45:52,001,FBN1_016_710_87,384,0.639,1,0.094,0.0,21.16
2026-06-14 22:55:55,001,FBN1_016_710_87,223,0.37,6,0.518,0.0,21.18
2026-06-14 23:05:58,001,FBN1_016_710_87,109,0.181,9,0.768,0.0,21.15
2026-06-14 23:16:01,001,FBN1_016_710_87,275,0.458,4,0.368,0.0,21.17
2026-06-14 23:26:04,001,FBN1_016_710_87,123,0.205,9,0.745,0.0,21.25
2026-06-14 23:36:07,001,FBN1_016_710_87,66,0.11,10,0.858,0.0,21.23
2026-06-14 23:46:33,001,FBN1_016_710_87,181,0.302,7,0.607,0.0,21.33
2026-06-14 23:56:36,001,FBN1_016_710_87,18,0.03,14,0.969,0.0,21.28
2026-06-13 00:04:45,017,FBN1_016_710_89,0,0.0,14,1.0,0.0,21.15
2026-06-13 00:14:48,017,FBN1_016_710_89,0,0.0,14,1.0,0.0,21.09
2026-06-13 00:24:50,017,FBN1_016_710_89,0,0.0,14,1.0,0.0,21.02
2026-06-13 00:34:53,017,FBN1_016_710_89,0,0.0,14,1.0,0.0,20.99
2026-06-13 00:44:56,017,FBN1_016_710_89,0,0.0,14,1.0,0.0,20.98
2026-06-13 00:55:00,017,FBN1_016_710_89,0,0.0,14,1.0,0.0,20.95
2026-06-13 01:05:03,017,FBN1_016_710_89,0,0.0,14,1.0,0.0,20.94
2026-06-13 01:15:06,017,FBN1_016_710_89,0,0.0,14,1.0,0.0,20.93
2026-06-13 01:25:09,017,FBN1_016_710_89,0,0.0,14,1.0,0.0,20.93
2026-06-13 01:35:13,017,FBN1_016_710_89,0,0.0,14,1.0,0.0,20.93
2026-06-13 01:45:16,017,FBN1_016_710_89,15,0.025,14,0.974,0.0,20.94
2026-06-13 01:55:19,017,FBN1_016_710_89,162,0.27,6,0.597,0.0,21.01
2026-06-13 02:05:21,017,FBN1_016_710_89,91,0.151,10,0.815,0.0,21.04
2026-06-13 02:15:24,017,FBN1_016_710_89,169,0.281,6,0.587,0.0,21.3
2026-06-13 02:25:27,017,FBN1_016_710_89,113,0.188,9,0.761,0.0,21.25
2026-06-13 02:35:30,017,FBN1_016_710_89,301,0.501,3,0.285,0.0,21.51
2026-06-13 02:45:33,017,FBN1_016_710_89,62,0.103,12,0.886,0.0,21.33
2026-06-13 02:55:36,017,FBN1_016_710_89,44,0.073,13,0.922,0.0,21.24
2026-06-13 03:05:39,017,FBN1_016_710_89,96,0.159,9,0.789,0.0,21.18
2026-06-13 03:15:42,017,FBN1_016_710_89,94,0.156,10,0.81,0.0,21.15
2026-06-13 03:25:45,017,FBN1_016_710_89,82,0.136,7,0.773,0.0,21.1
2026-06-13 03:36:14,017,FBN1_016_710_89,0,0.0,14,1.0,0.0,21.09
2026-06-13 03:46:17,017,FBN1_016_710_89,0,0.0,14,1.0,0.0,21.01
2026-06-13 03:56:20,017,FBN1_016_710_89,0,0.0,14,1.0,0.0,20.95
2026-06-13 04:06:23,017,FBN1_016_710_89,0,0.0,14,1.0,0.0,20.92
2026-06-13 04:16:26,017,FBN1_016_710_89,0,0.0,14,1.0,0.0,20.89
2026-06-13 04:26:30,017,FBN1_016_710_89,0,0.0,14,1.0,0.0,20.86
2026-06-13 04:36:33,017,FBN1_016_710_89,0,0.0,14,1.0,0.0,20.86
2026-06-13 04:46:36,017,FBN1_016_710_89,11,0.018,12,0.978,0.0,20.87
2026-06-13 04:56:39,017,FBN1_016_710_89,0,0.0,14,1.0,0.0,20.86
2026-06-13 05:06:42,017,FBN1_016_710_89,0,0.0,14,1.0,0.0,20.85
2026-06-13 05:16:45,017,FBN1_016_710_89,0,0.0,14,1.0,0.0,20.86
2026-06-13 05:26:49,017,FBN1_016_710_89,0,0.0,14,1.0,0.0,20.85
2026-06-13 05:36:52,017,FBN1_016_710_89,15,0.025,13,0.972,0.0,20.87
2026-06-13 05:46:55,017,FBN1_016_710_89,81,0.135,11,0.845,0.0,20.93
2026-06-13 05:56:58,017,FBN1_016_710_89,115,0.191,7,0.709,0.0,20.99
2026-06-13 06:07:01,017,FBN1_016_710_89,47,0.078,9,0.885,0.5112,21.03
2026-06-13 06:17:04,017,FBN1_016_710_89,23,0.038,13,0.958,0.6264,21.02
2026-06-13 06:27:07,017,FBN1_016_710_89,0,0.0,14,1.0,0.612,20.98
2026-06-13 06:37:11,017,FBN1_016_710_89,0,0.0,14,1.0,0.594,20.94
2026-06-13 06:47:14,017,FBN1_016_710_89,0,0.0,14,1.0,0.5904,20.91
2026-06-13 06:57:16,017,FBN1_016_710_89,0,0.0,14,1.0,0.594,20.88
2026-06-13 07:07:19,017,FBN1_016_710_89,0,0.0,14,1.0,0.5832,20.85
2026-06-13 07:17:22,017,FBN1_016_710_89,0,0.0,14,1.0,0.5832,20.83
2026-06-13 07:27:26,017,FBN1_016_710_89,0,0.0,15,1.0,0.5832,20.82
2026-06-13 07:37:48,017,FBN1_016_710_89,0,0.0,14,1.0,0.5868,20.85
2026-06-13 07:47:51,017,FBN1_016_710_89,0,0.0,14,1.0,0.5868,20.83
2026-06-13 07:57:55,017,FBN1_016_710_89,0,0.0,14,1.0,0.5832,20.81
2026-06-13 08:07:58,017,FBN1_016_710_89,2,0.003,14,0.996,0.6012,20.82
2026-06-13 08:18:01,017,FBN1_016_710_89,0,0.0,14,1.0,0.576,20.82
2026-06-13 08:28:04,017,FBN1_016_710_89,0,0.0,14,1.0,0.5796,20.83
2026-06-13 08:38:08,017,FBN1_016_710_89,0,0.0,14,1.0,0.5796,20.81
2026-06-13 08:48:11,017,FBN1_016_710_89,0,0.0,14,1.0,0.5796,20.82
2026-06-13 08:58:13,017,FBN1_016_710_89,0,0.0,14,1.0,0.576,20.81
2026-06-13 09:08:17,017,FBN1_016_710_89,0,0.0,14,1.0,0.5796,20.82
2026-06-13 09:18:20,017,FBN1_016_710_89,0,0.0,14,1.0,0.5796,20.81
2026-06-13 09:28:23,017,FBN1_016_710_89,0,0.0,14,1.0,0.5796,20.81
2026-06-13 09:38:27,017,FBN1_016_710_89,59,0.098,11,0.882,0.468,20.85
2026-06-13 09:48:30,017,FBN1_016_710_89,13,0.022,13,0.976,0.5904,20.88
2026-06-13 09:58:33,017,FBN1_016_710_89,0,0.0,14,1.0,0.5796,20.89
2026-06-13 10:08:36,017,FBN1_016_710_89,0,0.0,14,1.0,0.5544,20.88
2026-06-13 10:18:40,017,FBN1_016_710_89,0,0.0,14,1.0,0.5688,20.88
2026-06-13 10:28:43,017,FBN1_016_710_89,0,0.0,14,1.0,0.5616,20.85
2026-06-13 10:38:46,017,FBN1_016_710_89,0,0.0,14,1.0,0.576,20.84
2026-06-13 10:48:49,017,FBN1_016_710_89,0,0.0,14,1.0,0.576,20.83
2026-06-13 10:58:52,017,FBN1_016_710_89,0,0.0,14,1.0,0.5688,20.83
2026-06-13 11:08:55,017,FBN1_016_710_89,0,0.0,14,1.0,0.5616,20.81
2026-06-13 11:18:58,017,FBN1_016_710_89,0,0.0,14,1.0,0.5544,20.81
2026-06-13 11:29:01,017,FBN1_016_710_89,0,0.0,14,1.0,0.5724,20.8
2026-06-13 11:39:25,017,FBN1_016_710_89,10,0.017,14,0.982,0.6552,20.87
2026-06-13 11:49:28,017,FBN1_016_710_89,0,0.0,14,1.0,0.6516,20.83
2026-06-13 11:59:30,017,FBN1_016_710_89,0,0.0,14,1.0,0.6336,20.76
2026-06-13 12:09:33,017,FBN1_016_710_89,0,0.0,14,1.0,0.6372,20.71
2026-06-13 12:19:36,017,FBN1_016_710_89,0,0.0,14,1.0,0.6336,20.65
2026-06-13 12:29:40,017,FBN1_016_710_89,0,0.0,14,1.0,0.6336,20.64
2026-06-13 12:39:43,017,FBN1_016_710_89,0,0.0,14,1.0,0.6444,20.63
2026-06-13 12:49:46,017,FBN1_016_710_89,0,0.0,14,1.0,0.6336,20.62
2026-06-13 12:59:49,017,FBN1_016_710_89,0,0.0,14,1.0,0.6372,20.65
2026-06-13 13:09:52,017,FBN1_016_710_89,0,0.0,14,1.0,0.6372,20.68
2026-06-13 13:19:56,017,FBN1_016_710_89,0,0.0,14,1.0,0.6336,20.71
2026-06-13 13:29:59,017,FBN1_016_710_89,0,0.0,14,1.0,0.6408,20.72
2026-06-13 13:40:02,017,FBN1_016_710_89,0,0.0,14,1.0,0.6408,20.73
2026-06-13 13:50:05,017,FBN1_016_710_89,0,0.0,14,1.0,0.6516,20.74
2026-06-13 14:00:08,017,FBN1_016_710_89,0,0.0,14,1.0,0.6516,20.73
2026-06-13 14:10:11,017,FBN1_016_710_89,0,0.0,14,1.0,0.6516,20.72
2026-06-13 14:20:14,017,FBN1_016_710_89,0,0.0,14,1.0,0.6408,20.71
2026-06-13 14:30:17,017,FBN1_016_710_89,0,0.0,14,1.0,0.6408,20.71
2026-06-13 14:40:20,017,FBN1_016_710_89,0,0.0,14,1.0,0.648,20.71
2026-06-13 14:50:23,017,FBN1_016_710_89,42,0.07,12,0.92,0.5976,20.73
2026-06-13 15:00:26,017,FBN1_016_710_89,45,0.075,11,0.907,0.6012,20.78
2026-06-13 15:10:29,017,FBN1_016_710_89,8,0.013,13,0.985,0.6948,20.81
2026-06-13 15:20:32,017,FBN1_016_710_89,0,0.0,14,1.0,0.72,20.82
2026-06-13 15:30:35,017,FBN1_016_710_89,0,0.0,14,1.0,0.72,20.82
2026-06-13 15:40:56,017,FBN1_016_710_89,0,0.0,14,1.0,0.7236,20.86
2026-06-13 15:50:59,017,FBN1_016_710_89,0,0.0,14,1.0,0.7272,20.84
2026-06-13 16:01:02,017,FBN1_016_710_89,0,0.0,14,1.0,0.7272,20.83
2026-06-13 16:11:05,017,FBN1_016_710_89,0,0.0,14,1.0,0.738,20.81
2026-06-13 16:21:08,017,FBN1_016_710_89,0,0.0,14,1.0,0.7236,20.8
2026-06-13 16:31:11,017,FBN1_016_710_89,0,0.0,14,1.0,0.738,20.8
2026-06-13 16:41:14,017,FBN1_016_710_89,0,0.0,14,1.0,0.7236,20.81
2026-06-13 16:51:17,017,FBN1_016_710_89,0,0.0,14,1.0,0.7164,20.82
2026-06-13 17:01:20,017,FBN1_016_710_89,7,0.012,14,0.988,0.7164,20.82
2026-06-13 17:11:23,017,FBN1_016_710_89,0,0.0,14,1.0,0.7056,20.8
2026-06-13 17:21:27,017,FBN1_016_710_89,0,0.0,14,1.0,0.7164,20.8
2026-06-13 17:31:30,017,FBN1_016_710_89,0,0.0,14,1.0,0.7164,20.78
2026-06-13 17:41:33,017,FBN1_016_710_89,0,0.0,14,1.0,0.7128,20.77
2026-06-13 17:51:36,017,FBN1_016_710_89,0,0.0,14,1.0,0.7128,20.77
2026-06-13 18:01:39,017,FBN1_016_710_89,8,0.013,14,0.986,0.0,20.79
2026-06-13 18:11:42,017,FBN1_016_710_89,94,0.156,10,0.81,0.0,20.86
2026-06-13 18:21:45,017,FBN1_016_710_89,143,0.238,7,0.662,0.0,21.01
2026-06-13 18:31:49,017,FBN1_016_710_89,169,0.281,6,0.587,0.0,21.32
2026-06-13 18:41:52,017,FBN1_016_710_89,171,0.285,5,0.539,0.0,21.43
2026-06-13 18:51:55,017,FBN1_016_710_89,179,0.298,6,0.573,0.0,21.34
2026-06-13 19:01:58,017,FBN1_016_710_89,266,0.443,1,0.131,0.0,21.37
2026-06-13 19:12:01,017,FBN1_016_710_89,248,0.412,2,0.244,0.0,21.36
2026-06-13 19:22:05,017,FBN1_016_710_89,150,0.25,9,0.706,0.0,21.35
2026-06-13 19:32:08,017,FBN1_016_710_89,303,0.504,3,0.284,0.0,21.48
2026-06-13 19:42:31,017,FBN1_016_710_89,214,0.357,3,0.359,0.0,21.43
2026-06-13 19:52:35,017,FBN1_016_710_89,203,0.337,4,0.441,0.0,21.4
2026-06-13 20:02:38,017,FBN1_016_710_89,137,0.228,8,0.7,0.0,21.37
2026-06-13 20:12:41,017,FBN1_016_710_89,115,0.191,10,0.777,0.0,21.29
2026-06-13 20:22:44,017,FBN1_016_710_89,174,0.29,4,0.479,0.0,21.33
2026-06-13 20:32:48,017,FBN1_016_710_89,76,0.126,10,0.84,0.0,21.3
2026-06-13 20:42:51,017,FBN1_016_710_89,163,0.271,8,0.663,0.0,21.28
2026-06-13 20:52:55,017,FBN1_016_710_89,203,0.338,7,0.58,0.0,21.23
2026-06-13 21:02:58,017,FBN1_016_710_89,137,0.228,7,0.671,0.0,21.23
2026-06-13 21:13:01,017,FBN1_016_710_89,0,0.0,14,1.0,0.0,21.17
2026-06-13 21:23:04,017,FBN1_016_710_89,0,0.0,14,1.0,0.0,21.1
2026-06-13 21:33:07,017,FBN1_016_710_89,0,0.0,14,1.0,0.0,21.03
2026-06-13 21:43:10,017,FBN1_016_710_89,0,0.0,14,1.0,0.0,21.0
2026-06-13 21:53:13,017,FBN1_016_710_89,0,0.0,14,1.0,0.0,20.97
2026-06-13 22:03:16,017,FBN1_016_710_89,0,0.0,14,1.0,0.0,20.96
2026-06-13 22:13:19,017,FBN1_016_710_89,1,0.002,14,0.998,0.0,20.98
2026-06-13 22:23:22,017,FBN1_016_710_89,84,0.14,10,0.826,0.0,21.01
2026-06-13 22:33:25,017,FBN1_016_710_89,94,0.156,9,0.793,0.0,21.06
2026-06-13 22:43:28,017,FBN1_016_710_89,261,0.434,3,0.315,0.0,21.35
2026-06-13 22:53:32,017,FBN1_016_710_89,64,0.106,10,0.862,0.0,21.3
2026-06-13 23:03:35,017,FBN1_016_710_89,149,0.248,5,0.573,0.0,21.32
2026-06-13 23:13:38,017,FBN1_016_710_89,130,0.216,8,0.711,0.0,21.28
2026-06-13 23:23:40,017,FBN1_016_710_89,114,0.19,10,0.778,0.0,21.19
2026-06-13 23:33:44,017,FBN1_016_710_89,226,0.376,3,0.347,0.0,21.25
2026-06-13 23:44:01,017,FBN1_016_710_89,41,0.068,12,0.921,0.0,21.28
2026-06-13 23:54:04,017,FBN1_016_710_89,42,0.07,12,0.92,0.0,21.21
2026-06-14 00:04:07,017,FBN1_016_710_89,42,0.07,12,0.92,0.0,21.15
2026-06-14 00:14:10,017,FBN1_016_710_89,107,0.178,9,0.771,0.0,21.16
2026-06-14 00:24:13,017,FBN1_016_710_89,29,0.048,12,0.943,0.0,21.12
2026-06-14 00:34:15,017,FBN1_016_710_89,105,0.175,9,0.774,0.0,21.08
2026-06-14 00:44:19,017,FBN1_016_710_89,49,0.081,11,0.9,0.0,21.03
2026-06-14 00:54:22,017,FBN1_016_710_89,0,0.0,14,1.0,0.0,20.98
2026-06-14 01:04:25,017,FBN1_016_710_89,0,0.0,14,1.0,0.0,20.92
2026-06-14 01:14:28,017,FBN1_016_710_89,0,0.0,14,1.0,0.0,20.89
2026-06-14 01:24:31,017,FBN1_016_710_89,0,0.0,14,1.0,0.0,20.86
2026-06-14 01:34:34,017,FBN1_016_710_89,0,0.0,14,1.0,0.0,20.82
2026-06-14 01:44:38,017,FBN1_016_710_89,0,0.0,15,1.0,0.0,20.81
2026-06-14 01:54:41,017,FBN1_016_710_89,0,0.0,14,1.0,0.0,20.78
2026-06-14 02:04:44,017,FBN1_016_710_89,0,0.0,14,1.0,0.0,20.76
2026-06-14 02:14:48,017,FBN1_016_710_89,0,0.0,14,1.0,0.0,20.76
2026-06-14 02:24:52,017,FBN1_016_710_89,0,0.0,14,1.0,0.0,20.76
2026-06-14 02:34:55,017,FBN1_016_710_89,0,0.0,14,1.0,0.0,20.73
2026-06-14 02:44:58,017,FBN1_016_710_89,0,0.0,14,1.0,0.0,20.73
2026-06-14 02:55:02,017,FBN1_016_710_89,0,0.0,14,1.0,0.0,20.73
2026-06-14 03:05:05,017,FBN1_016_710_89,22,0.037,13,0.959,0.0,20.73
2026-06-14 03:15:08,017,FBN1_016_710_89,189,0.314,3,0.388,0.0,20.84
2026-06-14 03:25:11,017,FBN1_016_710_89,32,0.053,12,0.938,0.0,20.87
2026-06-14 03:35:14,017,FBN1_016_710_89,190,0.316,6,0.558,0.0,21.03
2026-06-14 03:45:39,017,FBN1_016_710_89,215,0.359,4,0.427,0.0,21.19
2026-06-14 03:55:42,017,FBN1_016_710_89,89,0.148,8,0.782,0.0,21.11
2026-06-14 04:05:45,017,FBN1_016_710_89,102,0.169,10,0.797,0.0,21.08
2026-06-14 04:15:49,017,FBN1_016_710_89,167,0.278,6,0.59,0.0,21.22
2026-06-14 04:25:52,017,FBN1_016_710_89,149,0.248,10,0.729,0.0,21.31
2026-06-14 04:35:56,017,FBN1_016_710_89,85,0.141,10,0.825,0.0,21.21
2026-06-14 04:45:59,017,FBN1_016_710_89,53,0.088,11,0.892,0.0,21.17
2026-06-14 04:56:02,017,FBN1_016_710_89,82,0.136,10,0.83,0.0,21.11
2026-06-14 05:06:05,017,FBN1_016_710_89,111,0.184,8,0.742,0.0,21.13
2026-06-14 05:16:08,017,FBN1_016_710_89,30,0.05,12,0.941,0.0,21.06
2026-06-14 05:26:11,017,FBN1_016_710_89,79,0.131,9,0.82,0.0,21.04
2026-06-14 05:36:14,017,FBN1_016_710_89,109,0.181,7,0.72,0.0,21.0
2026-06-14 05:46:18,017,FBN1_016_710_89,45,0.075,10,0.899,0.0,20.96
2026-06-14 05:56:21,017,FBN1_016_710_89,7,0.012,12,0.986,0.0,20.92
2026-06-14 06:06:24,017,FBN1_016_710_89,0,0.0,14,1.0,0.7452,20.89
2026-06-14 06:16:27,017,FBN1_016_710_89,0,0.0,14,1.0,0.7524,20.86
2026-06-14 06:26:30,017,FBN1_016_710_89,0,0.0,14,1.0,0.7344,20.84
2026-06-14 06:36:33,017,FBN1_016_710_89,0,0.0,14,1.0,0.7416,20.82
2026-06-14 06:46:36,017,FBN1_016_710_89,0,0.0,14,1.0,0.7128,20.83
2026-06-14 06:56:40,017,FBN1_016_710_89,0,0.0,14,1.0,0.7344,20.81
2026-06-14 07:06:42,017,FBN1_016_710_89,0,0.0,14,1.0,0.7308,20.81
2026-06-14 07:16:45,017,FBN1_016_710_89,0,0.0,14,1.0,0.7092,20.8
2026-06-14 07:26:48,017,FBN1_016_710_89,0,0.0,14,1.0,0.7092,20.79
2026-06-14 07:36:51,017,FBN1_016_710_89,0,0.0,14,1.0,0.7092,20.8
2026-06-14 07:47:06,017,FBN1_016_710_89,0,0.0,14,1.0,0.7056,20.82
2026-06-14 07:57:09,017,FBN1_016_710_89,0,0.0,14,1.0,0.6804,20.81
2026-06-14 08:07:12,017,FBN1_016_710_89,65,0.108,10,0.86,0.6264,20.86
2026-06-14 08:17:15,017,FBN1_016_710_89,26,0.043,10,0.939,0.9756,20.86
2026-06-14 08:27:18,017,FBN1_016_710_89,30,0.05,11,0.936,0.8316,20.86
2026-06-14 08:37:21,017,FBN1_016_710_89,0,0.0,14,1.0,0.7992,20.84
2026-06-14 08:47:25,017,FBN1_016_710_89,0,0.0,14,1.0,0.7956,20.82
2026-06-14 08:57:28,017,FBN1_016_710_89,40,0.067,10,0.909,0.774,20.82
2026-06-14 09:07:31,017,FBN1_016_710_89,0,0.0,14,1.0,0.738,20.79
2026-06-14 09:17:34,017,FBN1_016_710_89,0,0.0,14,1.0,0.7272,20.77
2026-06-14 09:27:37,017,FBN1_016_710_89,0,0.0,14,1.0,0.7236,20.78
2026-06-14 09:37:40,017,FBN1_016_710_89,0,0.0,14,1.0,0.7344,20.77
2026-06-14 09:47:43,017,FBN1_016_710_89,0,0.0,14,1.0,0.7128,20.76
2026-06-14 09:57:46,017,FBN1_016_710_89,0,0.0,14,1.0,0.7164,20.76
2026-06-14 10:07:49,017,FBN1_016_710_89,0,0.0,14,1.0,0.6948,20.75
2026-06-14 10:17:52,017,FBN1_016_710_89,0,0.0,14,1.0,0.648,20.75
2026-06-14 10:27:55,017,FBN1_016_710_89,0,0.0,14,1.0,0.6408,20.76
2026-06-14 10:37:58,017,FBN1_016_710_89,0,0.0,14,1.0,0.6516,20.76
2026-06-14 10:48:01,017,FBN1_016_710_89,0,0.0,14,1.0,0.6408,20.75
2026-06-14 10:58:05,017,FBN1_016_710_89,0,0.0,14,1.0,0.648,20.74
2026-06-14 11:08:07,017,FBN1_016_710_89,0,0.0,14,1.0,0.6948,20.74
2026-06-14 11:18:10,017,FBN1_016_710_89,0,0.0,14,1.0,0.6264,20.75
2026-06-14 11:28:13,017,FBN1_016_710_89,0,0.0,14,1.0,0.6156,20.75
2026-06-14 11:38:16,017,FBN1_016_710_89,0,0.0,14,1.0,0.6228,20.74
2026-06-14 11:48:38,017,FBN1_016_710_89,0,0.0,14,1.0,0.6372,20.8
2026-06-14 11:58:41,017,FBN1_016_710_89,0,0.0,14,1.0,0.6084,20.77
2026-06-14 12:08:44,017,FBN1_016_710_89,0,0.0,14,1.0,0.6048,20.77
2026-06-14 12:18:47,017,FBN1_016_710_89,0,0.0,14,1.0,0.6264,20.75
2026-06-14 12:28:50,017,FBN1_016_710_89,0,0.0,14,1.0,0.6264,20.75
2026-06-14 12:38:53,017,FBN1_016_710_89,0,0.0,14,1.0,0.594,20.75
2026-06-14 12:48:56,017,FBN1_016_710_89,0,0.0,14,1.0,0.5832,20.74
2026-06-14 12:58:59,017,FBN1_016_710_89,0,0.0,14,1.0,0.5832,20.74
2026-06-14 13:09:02,017,FBN1_016_710_89,0,0.0,14,1.0,0.594,20.75
2026-06-14 13:19:05,017,FBN1_016_710_89,0,0.0,14,1.0,0.594,20.75
2026-06-14 13:29:08,017,FBN1_016_710_89,0,0.0,14,1.0,0.5832,20.73
2026-06-14 13:39:11,017,FBN1_016_710_89,0,0.0,14,1.0,0.5868,20.73
2026-06-14 13:49:15,017,FBN1_016_710_89,0,0.0,14,1.0,0.5868,20.73
2026-06-14 13:59:18,017,FBN1_016_710_89,30,0.05,13,0.945,0.54,20.77
2026-06-14 14:09:21,017,FBN1_016_710_89,67,0.111,10,0.857,0.99,20.79
2026-06-14 14:19:24,017,FBN1_016_710_89,34,0.056,11,0.928,1.044,20.82
2026-06-14 14:29:27,017,FBN1_016_710_89,0,0.0,14,1.0,1.0332,20.81
2026-06-14 14:39:30,017,FBN1_016_710_89,0,0.0,14,1.0,1.0152,20.81
2026-06-14 14:49:33,017,FBN1_016_710_89,0,0.0,14,1.0,1.0008,20.78
2026-06-14 14:59:36,017,FBN1_016_710_89,0,0.0,14,1.0,1.0116,20.78
2026-06-14 15:09:39,017,FBN1_016_710_89,0,0.0,14,1.0,1.0008,20.77
2026-06-14 15:19:42,017,FBN1_016_710_89,0,0.0,14,1.0,1.0008,20.76
2026-06-14 15:29:45,017,FBN1_016_710_89,0,0.0,14,1.0,1.0008,20.74
2026-06-14 15:39:48,017,FBN1_016_710_89,0,0.0,14,1.0,1.0008,20.74
2026-06-14 15:50:10,017,FBN1_016_710_89,0,0.0,14,1.0,1.0044,20.8
2026-06-14 16:00:13,017,FBN1_016_710_89,0,0.0,14,1.0,1.0008,20.76
2026-06-14 16:10:17,017,FBN1_016_710_89,0,0.0,14,1.0,1.0008,20.76
2026-06-14 16:20:19,017,FBN1_016_710_89,0,0.0,14,1.0,1.0368,20.75
2026-06-14 16:30:23,017,FBN1_016_710_89,11,0.018,13,0.979,1.008,20.76
2026-06-14 16:40:26,017,FBN1_016_710_89,27,0.045,12,0.947,1.008,20.79
2026-06-14 16:50:29,017,FBN1_016_710_89,0,0.0,14,1.0,1.0008,20.79
2026-06-14 17:00:31,017,FBN1_016_710_89,0,0.0,14,1.0,1.0008,20.8
2026-06-14 17:10:34,017,FBN1_016_710_89,0,0.0,14,1.0,0.9936,20.8
2026-06-14 17:20:38,017,FBN1_016_710_89,0,0.0,14,1.0,0.9972,20.77
2026-06-14 17:30:41,017,FBN1_016_710_89,0,0.0,14,1.0,0.9792,20.78
2026-06-14 17:40:43,017,FBN1_016_710_89,2,0.003,14,0.996,0.9756,20.79
2026-06-14 17:50:47,017,FBN1_016_710_89,29,0.048,13,0.947,1.026,20.84
2026-06-14 18:00:50,017,FBN1_016_710_89,0,0.0,14,1.0,0.0,20.83
2026-06-14 18:10:53,017,FBN1_016_710_89,0,0.0,14,1.0,0.0,20.83
2026-06-14 18:20:56,017,FBN1_016_710_89,197,0.328,5,0.504,0.0,20.9
2026-06-14 18:30:59,017,FBN1_016_710_89,202,0.336,4,0.442,0.0,21.13
2026-06-14 18:41:02,017,FBN1_016_710_89,168,0.28,4,0.488,0.0,21.1
2026-06-14 18:51:04,017,FBN1_016_710_89,233,0.388,2,0.256,0.0,21.2
2026-06-14 19:01:07,017,FBN1_016_710_89,180,0.3,5,0.526,0.0,21.22
2026-06-14 19:11:11,017,FBN1_016_710_89,253,0.421,1,0.137,0.0,21.54
2026-06-14 19:21:14,017,FBN1_016_710_89,40,0.067,9,0.9,0.0,21.37
2026-06-14 19:31:16,017,FBN1_016_710_89,222,0.369,3,0.351,0.0,21.35
2026-06-14 19:41:19,017,FBN1_016_710_89,196,0.326,5,0.505,0.0,21.34
2026-06-14 19:51:40,017,FBN1_016_710_89,119,0.199,9,0.752,0.0,21.34
2026-06-14 20:01:42,017,FBN1_016_710_89,81,0.135,5,0.712,0.0,21.35
2026-06-14 20:11:45,017,FBN1_016_710_89,194,0.323,7,0.591,0.0,21.38
2026-06-14 20:21:49,017,FBN1_016_710_89,188,0.313,4,0.46,0.0,21.37
2026-06-14 20:31:52,017,FBN1_016_710_89,126,0.209,9,0.741,0.0,21.45
2026-06-14 20:41:56,017,FBN1_016_710_89,136,0.226,8,0.702,0.0,21.38
2026-06-14 20:51:59,017,FBN1_016_710_89,268,0.446,1,0.13,0.0,21.44
2026-06-14 21:02:03,017,FBN1_016_710_89,107,0.178,9,0.771,0.0,21.33
2026-06-14 21:12:06,017,FBN1_016_710_89,48,0.08,10,0.893,0.0,21.24
2026-06-14 21:22:09,017,FBN1_016_710_89,168,0.279,3,0.417,0.0,21.27
2026-06-14 21:32:13,017,FBN1_016_710_89,305,0.507,2,0.208,0.0,21.48
2026-06-14 21:42:16,017,FBN1_016_710_89,91,0.151,6,0.725,0.0,21.45
2026-06-14 21:52:19,017,FBN1_016_710_89,171,0.285,4,0.483,0.0,21.36
2026-06-14 22:02:22,017,FBN1_016_710_89,233,0.387,3,0.34,0.0,21.36
2026-06-14 22:12:25,017,FBN1_016_710_89,142,0.236,9,0.717,0.0,21.39
2026-06-14 22:22:28,017,FBN1_016_710_89,181,0.301,6,0.57,0.0,21.31
2026-06-14 22:32:31,017,FBN1_016_710_89,256,0.426,2,0.238,0.0,21.27
2026-06-14 22:42:34,017,FBN1_016_710_89,192,0.319,7,0.593,0.0,21.44
2026-06-14 22:52:38,017,FBN1_016_710_89,223,0.371,0,0.0,0.0,21.57
2026-06-14 23:02:40,017,FBN1_016_710_89,258,0.429,1,0.134,0.0,21.51
2026-06-14 23:12:44,017,FBN1_016_710_89,90,0.15,9,0.8,0.0,21.37
2026-06-14 23:22:47,017,FBN1_016_710_89,125,0.208,8,0.719,0.0,21.29
2026-06-14 23:32:50,017,FBN1_016_710_89,232,0.386,3,0.341,0.0,21.42
2026-06-14 23:42:53,017,FBN1_016_710_89,148,0.246,4,0.519,0.0,21.41
2026-06-14 23:53:17,017,FBN1_016_710_89,106,0.177,10,0.791,0.0,21.31
2026-06-13 00:00:54,003,FBN1_016_711_90,154,0.256,9,0.7,0.0,21.61
2026-06-13 00:10:56,003,FBN1_016_711_90,210,0.349,5,0.488,0.0,21.58
2026-06-13 00:20:59,003,FBN1_016_711_90,213,0.355,7,0.568,0.0,21.58
2026-06-13 00:31:02,003,FBN1_016_711_90,0,0.0,15,1.0,0.0,21.46
2026-06-13 00:41:04,003,FBN1_016_711_90,0,0.0,15,1.0,0.0,21.36
2026-06-13 00:51:08,003,FBN1_016_711_90,0,0.0,15,1.0,0.0,21.26
2026-06-13 01:01:11,003,FBN1_016_711_90,0,0.0,15,1.0,0.0,21.21
2026-06-13 01:11:14,003,FBN1_016_711_90,135,0.225,9,0.727,0.0,21.18
2026-06-13 01:21:17,003,FBN1_016_711_90,223,0.371,6,0.518,0.0,21.27
2026-06-13 01:31:20,003,FBN1_016_711_90,193,0.321,7,0.592,0.0,21.37
2026-06-13 01:41:22,003,FBN1_016_711_90,268,0.446,4,0.374,0.0,21.39
2026-06-13 01:51:25,003,FBN1_016_711_90,255,0.425,5,0.44,0.0,21.48
2026-06-13 02:01:28,003,FBN1_016_711_90,149,0.248,10,0.729,0.0,21.46
2026-06-13 02:11:31,003,FBN1_016_711_90,351,0.584,1,0.102,0.0,21.51
2026-06-13 02:21:34,003,FBN1_016_711_90,109,0.181,11,0.801,0.0,21.47
2026-06-13 02:31:37,003,FBN1_016_711_90,147,0.245,9,0.71,0.0,21.44
2026-06-13 02:41:40,003,FBN1_016_711_90,213,0.354,6,0.53,0.0,21.48
2026-06-13 02:51:43,003,FBN1_016_711_90,126,0.21,9,0.741,0.0,21.44
2026-06-13 03:01:45,003,FBN1_016_711_90,92,0.153,11,0.827,0.0,21.39
2026-06-13 03:11:49,003,FBN1_016_711_90,219,0.364,4,0.422,0.0,21.44
2026-06-13 03:21:51,003,FBN1_016_711_90,11,0.018,14,0.981,0.0,21.36
2026-06-13 03:32:17,003,FBN1_016_711_90,33,0.055,13,0.94,0.0,21.35
2026-06-13 03:42:20,003,FBN1_016_711_90,0,0.0,15,1.0,0.0,21.24
2026-06-13 03:52:22,003,FBN1_016_711_90,0,0.0,15,1.0,0.0,21.2
2026-06-13 04:02:25,003,FBN1_016_711_90,116,0.193,10,0.775,0.0,21.18
2026-06-13 04:12:29,003,FBN1_016_711_90,229,0.381,6,0.512,0.0,21.29
2026-06-13 04:22:31,003,FBN1_016_711_90,165,0.275,8,0.66,0.0,21.41
2026-06-13 04:32:34,003,FBN1_016_711_90,231,0.384,5,0.464,0.0,21.48
2026-06-13 04:42:37,003,FBN1_016_711_90,256,0.426,4,0.385,0.0,21.64
2026-06-13 04:52:40,003,FBN1_016_711_90,0,0.0,15,1.0,0.0,21.5
2026-06-13 05:02:43,003,FBN1_016_711_90,176,0.293,5,0.532,0.0,21.52
2026-06-13 05:12:47,003,FBN1_016_711_90,70,0.116,12,0.873,0.0,21.44
2026-06-13 05:22:49,003,FBN1_016_711_90,112,0.186,8,0.741,0.0,21.4
2026-06-13 05:32:52,003,FBN1_016_711_90,0,0.0,15,1.0,0.0,21.31
2026-06-13 05:42:55,003,FBN1_016_711_90,0,0.0,15,1.0,0.0,21.25
2026-06-13 05:52:58,003,FBN1_016_711_90,148,0.246,5,0.575,0.0,21.26
2026-06-13 06:03:01,003,FBN1_016_711_90,126,0.21,9,0.741,2.9592,21.27
2026-06-13 06:13:04,003,FBN1_016_711_90,2,0.003,15,0.997,3.4416,21.25
2026-06-13 06:23:06,003,FBN1_016_711_90,0,0.0,15,1.0,3.42,21.23
2026-06-13 06:33:10,003,FBN1_016_711_90,0,0.0,15,1.0,3.4128,21.18
2026-06-13 06:43:13,003,FBN1_016_711_90,0,0.0,15,1.0,3.3984,21.17
2026-06-13 06:53:15,003,FBN1_016_711_90,0,0.0,15,1.0,3.3984,21.16
2026-06-13 07:03:18,003,FBN1_016_711_90,0,0.0,15,1.0,3.402,21.14
2026-06-13 07:13:21,003,FBN1_016_711_90,0,0.0,15,1.0,3.4056,21.13
2026-06-13 07:23:24,003,FBN1_016_711_90,0,0.0,15,1.0,3.3984,21.13
2026-06-13 07:33:49,003,FBN1_016_711_90,0,0.0,15,1.0,3.3948,21.18
2026-06-13 07:43:52,003,FBN1_016_711_90,0,0.0,15,1.0,3.3912,21.16
2026-06-13 07:53:55,003,FBN1_016_711_90,0,0.0,15,1.0,3.3912,21.15
2026-06-13 08:03:58,003,FBN1_016_711_90,0,0.0,15,1.0,3.3948,21.14
2026-06-13 08:14:01,003,FBN1_016_711_90,68,0.113,11,0.866,2.5848,21.19
2026-06-13 08:24:04,003,FBN1_016_711_90,15,0.025,13,0.972,2.88,21.22
2026-06-13 08:34:07,003,FBN1_016_711_90,16,0.027,14,0.972,3.096,21.21
2026-06-13 08:44:10,003,FBN1_016_711_90,0,0.0,15,1.0,3.114,21.21
2026-06-13 08:54:13,003,FBN1_016_711_90,0,0.0,15,1.0,3.1032,21.2
2026-06-13 09:04:16,003,FBN1_016_711_90,0,0.0,15,1.0,3.1104,21.17
2026-06-13 09:14:18,003,FBN1_016_711_90,0,0.0,15,1.0,3.1032,21.16
2026-06-13 09:24:21,003,FBN1_016_711_90,0,0.0,15,1.0,3.1032,21.15
2026-06-13 09:34:25,003,FBN1_016_711_90,0,0.0,15,1.0,3.1032,21.13
2026-06-13 09:44:27,003,FBN1_016_711_90,0,0.0,15,1.0,3.1212,21.12
2026-06-13 09:54:30,003,FBN1_016_711_90,0,0.0,15,1.0,3.1104,21.12
2026-06-13 10:04:32,003,FBN1_016_711_90,0,0.0,15,1.0,3.1104,21.12
2026-06-13 10:14:35,003,FBN1_016_711_90,0,0.0,15,1.0,3.1032,21.11
2026-06-13 10:24:38,003,FBN1_016_711_90,0,0.0,15,1.0,3.1212,21.11
2026-06-13 10:34:41,003,FBN1_016_711_90,0,0.0,15,1.0,3.114,21.1
2026-06-13 10:44:44,003,FBN1_016_711_90,0,0.0,15,1.0,3.1104,21.1
2026-06-13 10:54:47,003,FBN1_016_711_90,5,0.008,14,0.991,3.0852,21.1
2026-06-13 11:04:50,003,FBN1_016_711_90,17,0.028,14,0.971,3.1176,21.14
2026-06-13 11:14:53,003,FBN1_016_711_90,0,0.0,15,1.0,3.1176,21.14
2026-06-13 11:24:56,003,FBN1_016_711_90,0,0.0,15,1.0,3.1212,21.13
2026-06-13 11:35:19,003,FBN1_016_711_90,0,0.0,15,1.0,3.1248,21.17
2026-06-13 11:45:23,003,FBN1_016_711_90,0,0.0,15,1.0,3.1248,21.13
2026-06-13 11:55:26,003,FBN1_016_711_90,0,0.0,15,1.0,3.132,21.1
2026-06-13 12:05:28,003,FBN1_016_711_90,0,0.0,15,1.0,3.1248,21.05
2026-06-13 12:15:31,003,FBN1_016_711_90,0,0.0,15,1.0,3.1248,21.01
2026-06-13 12:25:34,003,FBN1_016_711_90,0,0.0,15,1.0,3.1248,20.98
2026-06-13 12:35:37,003,FBN1_016_711_90,0,0.0,15,1.0,3.1248,20.97
2026-06-13 12:45:40,003,FBN1_016_711_90,0,0.0,15,1.0,3.1248,20.97
2026-06-13 12:55:43,003,FBN1_016_711_90,0,0.0,15,1.0,3.1248,20.97
2026-06-13 13:05:46,003,FBN1_016_711_90,11,0.018,14,0.981,3.1428,21.0
2026-06-13 13:15:49,003,FBN1_016_711_90,0,0.0,15,1.0,3.1212,21.05
2026-06-13 13:25:52,003,FBN1_016_711_90,168,0.28,6,0.588,2.4984,21.18
2026-06-13 13:35:55,003,FBN1_016_711_90,0,0.0,15,1.0,2.502,21.18
2026-06-13 13:45:58,003,FBN1_016_711_90,0,0.0,15,1.0,2.4984,21.17
2026-06-13 13:56:01,003,FBN1_016_711_90,0,0.0,15,1.0,2.4984,21.15
2026-06-13 14:06:04,003,FBN1_016_711_90,0,0.0,15,1.0,2.5056,21.13
2026-06-13 14:16:07,003,FBN1_016_711_90,0,0.0,15,1.0,2.4984,21.11
2026-06-13 14:26:09,003,FBN1_016_711_90,0,0.0,15,1.0,2.5056,21.08
2026-06-13 14:36:12,003,FBN1_016_711_90,0,0.0,15,1.0,2.5056,21.06
2026-06-13 14:46:15,003,FBN1_016_711_90,0,0.0,15,1.0,2.5164,21.04
2026-06-13 14:56:18,003,FBN1_016_711_90,0,0.0,15,1.0,2.5128,21.05
2026-06-13 15:06:20,003,FBN1_016_711_90,0,0.0,15,1.0,2.5164,21.05
2026-06-13 15:16:24,003,FBN1_016_711_90,0,0.0,15,1.0,2.5164,21.04
2026-06-13 15:26:27,003,FBN1_016_711_90,0,0.0,15,1.0,2.4984,21.04
2026-06-13 15:36:50,003,FBN1_016_711_90,10,0.017,14,0.982,2.448,21.12
2026-06-13 15:46:53,003,FBN1_016_711_90,84,0.14,12,0.851,2.5272,21.17
2026-06-13 15:56:56,003,FBN1_016_711_90,97,0.161,9,0.788,2.7828,21.24
2026-06-13 16:06:58,003,FBN1_016_711_90,28,0.047,14,0.952,2.412,21.26
2026-06-13 16:17:01,003,FBN1_016_711_90,0,0.0,15,1.0,2.4336,21.25
2026-06-13 16:27:04,003,FBN1_016_711_90,0,0.0,15,1.0,2.4336,21.22
2026-06-13 16:37:07,003,FBN1_016_711_90,0,0.0,15,1.0,2.4372,21.2
2026-06-13 16:47:09,003,FBN1_016_711_90,0,0.0,15,1.0,2.4336,21.16
2026-06-13 16:57:12,003,FBN1_016_711_90,0,0.0,15,1.0,2.4264,21.14
2026-06-13 17:07:15,003,FBN1_016_711_90,0,0.0,15,1.0,2.4336,21.13
2026-06-13 17:17:18,003,FBN1_016_711_90,0,0.0,15,1.0,2.4372,21.11
2026-06-13 17:27:21,003,FBN1_016_711_90,24,0.04,13,0.956,2.3544,21.12
2026-06-13 17:37:24,003,FBN1_016_711_90,89,0.148,9,0.802,2.4336,21.21
2026-06-13 17:47:27,003,FBN1_016_711_90,81,0.135,11,0.845,2.4624,21.25
2026-06-13 17:57:30,003,FBN1_016_711_90,28,0.047,14,0.952,2.4696,21.26
2026-06-13 18:07:33,003,FBN1_016_711_90,331,0.55,2,0.195,0.0,21.37
2026-06-13 18:17:36,003,FBN1_016_711_90,212,0.353,6,0.531,0.0,21.42
2026-06-13 18:27:39,003,FBN1_016_711_90,246,0.409,3,0.328,0.0,21.57
2026-06-13 18:37:42,003,FBN1_016_711_90,42,0.07,14,0.93,0.0,21.48
2026-06-13 18:47:45,003,FBN1_016_711_90,279,0.464,3,0.301,0.0,21.49
2026-06-13 18:57:48,003,FBN1_016_711_90,136,0.226,8,0.702,0.0,21.57
2026-06-13 19:07:52,003,FBN1_016_711_90,183,0.304,6,0.567,0.0,21.52
2026-06-13 19:17:55,003,FBN1_016_711_90,176,0.293,6,0.577,0.0,21.5
2026-06-13 19:27:58,003,FBN1_016_711_90,158,0.263,9,0.695,0.0,21.54
2026-06-13 19:38:22,003,FBN1_016_711_90,153,0.256,7,0.647,0.0,21.53
2026-06-13 19:48:24,003,FBN1_016_711_90,133,0.221,9,0.73,0.0,21.47
2026-06-13 19:58:28,003,FBN1_016_711_90,20,0.033,14,0.966,0.0,21.41
2026-06-13 20:08:30,003,FBN1_016_711_90,0,0.0,15,1.0,0.0,21.32
2026-06-13 20:18:33,003,FBN1_016_711_90,0,0.0,15,1.0,0.0,21.23
2026-06-13 20:28:36,003,FBN1_016_711_90,0,0.0,15,1.0,0.0,21.18
2026-06-13 20:38:39,003,FBN1_016_711_90,0,0.0,15,1.0,0.0,21.13
2026-06-13 20:48:42,003,FBN1_016_711_90,0,0.0,15,1.0,0.0,21.09
2026-06-13 20:58:44,003,FBN1_016_711_90,107,0.178,9,0.771,0.0,21.12
2026-06-13 21:08:47,003,FBN1_016_711_90,244,0.406,4,0.396,0.0,21.32
2026-06-13 21:18:50,003,FBN1_016_711_90,122,0.203,10,0.766,0.0,21.42
2026-06-13 21:28:53,003,FBN1_016_711_90,252,0.419,4,0.388,0.0,21.45
2026-06-13 21:38:56,003,FBN1_016_711_90,180,0.299,7,0.609,0.0,21.44
2026-06-13 21:48:59,003,FBN1_016_711_90,218,0.363,6,0.524,0.0,21.46
2026-06-13 21:59:01,003,FBN1_016_711_90,170,0.283,7,0.622,0.0,21.4
2026-06-13 22:09:05,003,FBN1_016_711_90,244,0.406,4,0.396,0.0,21.44
2026-06-13 22:19:07,003,FBN1_016_711_90,50,0.083,12,0.906,0.0,21.39
2026-06-13 22:29:10,003,FBN1_016_711_90,76,0.126,12,0.863,0.0,21.35
2026-06-13 22:39:14,003,FBN1_016_711_90,171,0.285,8,0.652,0.0,21.39
2026-06-13 22:49:17,003,FBN1_016_711_90,146,0.243,8,0.687,0.0,21.45
2026-06-13 22:59:20,003,FBN1_016_711_90,303,0.503,2,0.209,0.0,21.49
2026-06-13 23:09:23,003,FBN1_016_711_90,177,0.295,6,0.576,0.0,21.51
2026-06-13 23:19:26,003,FBN1_016_711_90,69,0.115,11,0.864,0.0,21.45
2026-06-13 23:29:29,003,FBN1_016_711_90,12,0.02,14,0.979,0.0,21.37
2026-06-13 23:39:50,003,FBN1_016_711_90,223,0.372,5,0.473,0.0,21.42
2026-06-13 23:49:53,003,FBN1_016_711_90,74,0.123,12,0.866,0.0,21.33
2026-06-13 23:59:56,003,FBN1_016_711_90,1,0.002,15,0.998,0.0,21.27
2026-06-14 00:10:00,003,FBN1_016_711_90,53,0.088,12,0.901,0.0,21.22
2026-06-14 00:20:02,003,FBN1_016_711_90,0,0.0,15,1.0,0.0,21.15
2026-06-14 00:30:06,003,FBN1_016_711_90,0,0.0,15,1.0,0.0,21.11
2026-06-14 00:40:09,003,FBN1_016_711_90,0,0.0,15,1.0,0.0,21.05
2026-06-14 00:50:11,003,FBN1_016_711_90,0,0.0,15,1.0,0.0,21.01
2026-06-14 01:00:14,003,FBN1_016_711_90,0,0.0,15,1.0,0.0,20.99
2026-06-14 01:10:17,003,FBN1_016_711_90,0,0.0,15,1.0,0.0,20.97
2026-06-14 01:20:20,003,FBN1_016_711_90,0,0.0,15,1.0,0.0,20.96
2026-06-14 01:30:22,003,FBN1_016_711_90,0,0.0,15,1.0,0.0,20.95
2026-06-14 01:40:25,003,FBN1_016_711_90,109,0.181,9,0.768,0.0,20.99
2026-06-14 01:50:28,003,FBN1_016_711_90,274,0.456,3,0.305,0.0,21.08
2026-06-14 02:00:32,003,FBN1_016_711_90,164,0.273,8,0.661,0.0,21.24
2026-06-14 02:10:34,003,FBN1_016_711_90,36,0.06,13,0.935,0.0,21.21
2026-06-14 02:20:37,003,FBN1_016_711_90,159,0.265,7,0.638,0.0,21.24
2026-06-14 02:30:40,003,FBN1_016_711_90,91,0.152,12,0.841,0.0,21.23
2026-06-14 02:40:42,003,FBN1_016_711_90,83,0.138,11,0.841,0.0,21.25
2026-06-14 02:50:45,003,FBN1_016_711_90,132,0.22,8,0.708,0.0,21.25
2026-06-14 03:00:48,003,FBN1_016_711_90,201,0.334,7,0.582,0.0,21.27
2026-06-14 03:10:52,003,FBN1_016_711_90,412,0.684,0,0.0,0.0,21.5
2026-06-14 03:20:55,003,FBN1_016_711_90,34,0.057,13,0.939,0.0,21.41
2026-06-14 03:30:58,003,FBN1_016_711_90,254,0.423,3,0.321,0.0,21.4
2026-06-14 03:41:22,003,FBN1_016_711_90,112,0.187,9,0.763,0.0,21.39
2026-06-14 03:51:25,003,FBN1_016_711_90,0,0.0,15,1.0,0.0,21.29
2026-06-14 04:01:28,003,FBN1_016_711_90,95,0.158,8,0.771,0.0,21.26
2026-06-14 04:11:31,003,FBN1_016_711_90,81,0.135,8,0.798,0.0,21.23
2026-06-14 04:21:34,003,FBN1_016_711_90,172,0.286,7,0.619,0.0,21.26
2026-06-14 04:31:37,003,FBN1_016_711_90,27,0.045,12,0.947,0.0,21.22
2026-06-14 04:41:40,003,FBN1_016_711_90,0,0.0,15,1.0,0.0,21.15
2026-06-14 04:51:43,003,FBN1_016_711_90,0,0.0,15,1.0,0.0,21.08
2026-06-14 05:01:46,003,FBN1_016_711_90,0,0.0,15,1.0,0.0,21.03
2026-06-14 05:11:49,003,FBN1_016_711_90,0,0.0,15,1.0,0.0,20.97
2026-06-14 05:21:52,003,FBN1_016_711_90,0,0.0,15,1.0,0.0,20.96
2026-06-14 05:31:55,003,FBN1_016_711_90,0,0.0,15,1.0,0.0,20.94
2026-06-14 05:41:58,003,FBN1_016_711_90,81,0.135,10,0.832,0.0,20.96
2026-06-14 05:52:01,003,FBN1_016_711_90,154,0.256,7,0.645,0.0,21.06
2026-06-14 06:02:03,003,FBN1_016_711_90,117,0.195,7,0.705,3.1176,21.16
2026-06-14 06:12:06,003,FBN1_016_711_90,22,0.037,13,0.959,3.0744,21.17
2026-06-14 06:22:10,003,FBN1_016_711_90,59,0.098,12,0.891,2.6784,21.18
2026-06-14 06:32:13,003,FBN1_016_711_90,36,0.06,13,0.935,2.4624,21.18
2026-06-14 06:42:15,003,FBN1_016_711_90,0,0.0,15,1.0,2.448,21.15
2026-06-14 06:52:18,003,FBN1_016_711_90,0,0.0,15,1.0,2.466,21.14
2026-06-14 07:02:21,003,FBN1_016_711_90,0,0.0,15,1.0,2.448,21.12
2026-06-14 07:12:24,003,FBN1_016_711_90,0,0.0,15,1.0,2.4552,21.1
2026-06-14 07:22:27,003,FBN1_016_711_90,0,0.0,15,1.0,2.4552,21.09
2026-06-14 07:32:30,003,FBN1_016_711_90,0,0.0,15,1.0,2.448,21.08
2026-06-14 07:42:57,003,FBN1_016_711_90,0,0.0,15,1.0,2.4552,21.12
2026-06-14 07:53:00,003,FBN1_016_711_90,0,0.0,15,1.0,2.448,21.1
2026-06-14 08:03:03,003,FBN1_016_711_90,0,0.0,15,1.0,2.4408,21.09
2026-06-14 08:13:07,003,FBN1_016_711_90,0,0.0,15,1.0,2.4516,21.06
2026-06-14 08:23:10,003,FBN1_016_711_90,0,0.0,15,1.0,2.448,21.06
2026-06-14 08:33:13,003,FBN1_016_711_90,0,0.0,15,1.0,2.4408,21.06
2026-06-14 08:43:16,003,FBN1_016_711_90,0,0.0,15,1.0,2.4516,21.05
2026-06-14 08:53:19,003,FBN1_016_711_90,0,0.0,15,1.0,2.448,21.05
2026-06-14 09:03:22,003,FBN1_016_711_90,26,0.043,12,0.949,2.3652,21.06
2026-06-14 09:13:25,003,FBN1_016_711_90,32,0.053,13,0.942,2.4264,21.11
2026-06-14 09:23:28,003,FBN1_016_711_90,55,0.091,13,0.904,2.4264,21.16
2026-06-14 09:33:32,003,FBN1_016_711_90,0,0.0,15,1.0,2.3904,21.16
2026-06-14 09:43:34,003,FBN1_016_711_90,0,0.0,15,1.0,2.4048,21.13
2026-06-14 09:53:38,003,FBN1_016_711_90,0,0.0,15,1.0,2.4228,21.11
2026-06-14 10:03:41,003,FBN1_016_711_90,0,0.0,15,1.0,2.412,21.1
2026-06-14 10:13:44,003,FBN1_016_711_90,0,0.0,15,1.0,2.4048,21.08
2026-06-14 10:23:47,003,FBN1_016_711_90,0,0.0,15,1.0,2.4084,21.06
2026-06-14 10:33:50,003,FBN1_016_711_90,0,0.0,15,1.0,2.412,21.06
2026-06-14 10:43:53,003,FBN1_016_711_90,0,0.0,15,1.0,2.3976,21.04
2026-06-14 10:53:56,003,FBN1_016_711_90,0,0.0,15,1.0,2.4048,21.04
2026-06-14 11:03:58,003,FBN1_016_711_90,0,0.0,15,1.0,2.3976,21.01
2026-06-14 11:14:01,003,FBN1_016_711_90,0,0.0,15,1.0,2.4084,21.01
2026-06-14 11:24:04,003,FBN1_016_711_90,0,0.0,15,1.0,2.4048,21.03
2026-06-14 11:34:07,003,FBN1_016_711_90,0,0.0,15,1.0,2.412,21.0
2026-06-14 11:44:24,003,FBN1_016_711_90,0,0.0,15,1.0,2.4444,21.05
2026-06-14 11:54:27,003,FBN1_016_711_90,8,0.013,14,0.986,2.5056,21.05
2026-06-14 12:04:30,003,FBN1_016_711_90,0,0.0,15,1.0,2.466,21.06
2026-06-14 12:14:33,003,FBN1_016_711_90,44,0.073,12,0.916,2.2968,21.11
2026-06-14 12:24:36,003,FBN1_016_711_90,0,0.0,15,1.0,2.304,21.1
2026-06-14 12:34:39,003,FBN1_016_711_90,0,0.0,15,1.0,2.2968,21.08
2026-06-14 12:44:42,003,FBN1_016_711_90,0,0.0,15,1.0,2.304,21.07
2026-06-14 12:54:45,003,FBN1_016_711_90,0,0.0,15,1.0,2.304,21.06
2026-06-14 13:04:47,003,FBN1_016_711_90,0,0.0,15,1.0,2.2968,21.05
2026-06-14 13:14:50,003,FBN1_016_711_90,0,0.0,15,1.0,2.3076,21.04
2026-06-14 13:24:53,003,FBN1_016_711_90,0,0.0,15,1.0,2.3148,21.03
2026-06-14 13:34:56,003,FBN1_016_711_90,0,0.0,15,1.0,2.304,21.02
2026-06-14 13:44:59,003,FBN1_016_711_90,0,0.0,15,1.0,2.304,21.01
2026-06-14 13:55:02,003,FBN1_016_711_90,0,0.0,15,1.0,2.3148,21.03
2026-06-14 14:05:06,003,FBN1_016_711_90,0,0.0,15,1.0,2.304,21.01
2026-06-14 14:15:09,003,FBN1_016_711_90,19,0.032,14,0.967,2.3508,21.04
2026-06-14 14:25:12,003,FBN1_016_711_90,0,0.0,15,1.0,2.34,21.04
2026-06-14 14:35:14,003,FBN1_016_711_90,0,0.0,15,1.0,2.34,21.05
2026-06-14 14:45:17,003,FBN1_016_711_90,0,0.0,15,1.0,2.34,21.04
2026-06-14 14:55:20,003,FBN1_016_711_90,0,0.0,15,1.0,2.34,21.03
2026-06-14 15:05:24,003,FBN1_016_711_90,0,0.0,15,1.0,2.34,21.03
2026-06-14 15:15:26,003,FBN1_016_711_90,0,0.0,15,1.0,2.34,21.03
2026-06-14 15:25:29,003,FBN1_016_711_90,0,0.0,15,1.0,2.34,21.03
2026-06-14 15:35:32,003,FBN1_016_711_90,0,0.0,15,1.0,2.34,21.01
2026-06-14 15:45:52,003,FBN1_016_711_90,0,0.0,15,1.0,2.34,21.06
2026-06-14 15:55:55,003,FBN1_016_711_90,0,0.0,15,1.0,2.43,21.08
2026-06-14 16:05:58,003,FBN1_016_711_90,75,0.125,10,0.842,2.5704,21.14
2026-06-14 16:16:01,003,FBN1_016_711_90,72,0.12,11,0.859,2.7216,21.21
2026-06-14 16:26:04,003,FBN1_016_711_90,27,0.045,13,0.951,2.718,21.21
2026-06-14 16:36:08,003,FBN1_016_711_90,9,0.015,14,0.984,2.6064,21.2
2026-06-14 16:46:11,003,FBN1_016_711_90,14,0.023,14,0.976,2.5884,21.19
2026-06-14 16:56:13,003,FBN1_016_711_90,0,0.0,15,1.0,2.5848,21.17
2026-06-14 17:06:16,003,FBN1_016_711_90,0,0.0,15,1.0,2.5848,21.14
2026-06-14 17:16:19,003,FBN1_016_711_90,0,0.0,15,1.0,2.5848,21.13
2026-06-14 17:26:23,003,FBN1_016_711_90,0,0.0,15,1.0,2.5956,21.11
2026-06-14 17:36:25,003,FBN1_016_711_90,0,0.0,15,1.0,2.5956,21.1
2026-06-14 17:46:28,003,FBN1_016_711_90,0,0.0,15,1.0,2.6028,21.09
2026-06-14 17:56:31,003,FBN1_016_711_90,8,0.013,14,0.986,2.5164,21.1
2026-06-14 18:06:33,003,FBN1_016_711_90,268,0.446,5,0.427,0.0,21.18
2026-06-14 18:16:36,003,FBN1_016_711_90,197,0.328,6,0.549,0.0,21.25
2026-06-14 18:26:39,003,FBN1_016_711_90,184,0.306,6,0.566,0.0,21.33
2026-06-14 18:36:42,003,FBN1_016_711_90,159,0.264,7,0.638,0.0,21.35
2026-06-14 18:46:45,003,FBN1_016_711_90,36,0.06,13,0.935,0.0,21.29
2026-06-14 18:56:48,003,FBN1_016_711_90,154,0.256,5,0.565,0.0,21.29
2026-06-14 19:06:51,003,FBN1_016_711_90,0,0.0,15,1.0,0.0,21.26
2026-06-14 19:16:54,003,FBN1_016_711_90,171,0.285,8,0.652,0.0,21.28
2026-06-14 19:26:57,003,FBN1_016_711_90,179,0.298,6,0.573,0.0,21.29
2026-06-14 19:37:00,003,FBN1_016_711_90,56,0.093,11,0.887,0.0,21.25
2026-06-14 19:47:21,003,FBN1_016_711_90,94,0.157,11,0.824,0.0,21.3
2026-06-14 19:57:25,003,FBN1_016_711_90,200,0.333,6,0.545,0.0,21.36
2026-06-14 20:07:27,003,FBN1_016_711_90,0,0.0,15,1.0,0.0,21.31
2026-06-14 20:17:31,003,FBN1_016_711_90,155,0.258,6,0.608,0.0,21.29
2026-06-14 20:27:34,003,FBN1_016_711_90,96,0.16,10,0.806,0.0,21.3
2026-06-14 20:37:37,003,FBN1_016_711_90,90,0.15,11,0.83,0.0,21.28
2026-06-14 20:47:40,003,FBN1_016_711_90,69,0.115,10,0.853,0.0,21.27
2026-06-14 20:57:43,003,FBN1_016_711_90,44,0.073,12,0.916,0.0,21.25
2026-06-14 21:07:46,003,FBN1_016_711_90,58,0.096,12,0.892,0.0,21.23
2026-06-14 21:17:49,003,FBN1_016_711_90,171,0.285,7,0.621,0.0,21.31
2026-06-14 21:27:52,003,FBN1_016_711_90,26,0.043,14,0.956,0.0,21.3
2026-06-14 21:37:54,003,FBN1_016_711_90,160,0.266,7,0.636,0.0,21.3
2026-06-14 21:47:57,003,FBN1_016_711_90,0,0.0,15,1.0,0.0,21.25
2026-06-14 21:58:00,003,FBN1_016_711_90,210,0.349,4,0.432,0.0,21.29
2026-06-14 22:08:03,003,FBN1_016_711_90,150,0.25,8,0.681,0.0,21.29
2026-06-14 22:18:06,003,FBN1_016_711_90,27,0.045,14,0.954,0.0,21.25
2026-06-14 22:28:09,003,FBN1_016_711_90,0,0.0,15,1.0,0.0,21.18
2026-06-14 22:38:12,003,FBN1_016_711_90,0,0.0,15,1.0,0.0,21.12
2026-06-14 22:48:15,003,FBN1_016_711_90,0,0.0,15,1.0,0.0,21.07
2026-06-14 22:58:18,003,FBN1_016_711_90,0,0.0,15,1.0,0.0,21.03
2026-06-14 23:08:20,003,FBN1_016_711_90,4,0.007,15,0.993,0.0,21.01
2026-06-14 23:18:23,003,FBN1_016_711_90,211,0.352,7,0.57,0.0,21.1
2026-06-14 23:28:25,003,FBN1_016_711_90,254,0.423,4,0.386,0.0,21.17
2026-06-14 23:38:28,003,FBN1_016_711_90,153,0.255,8,0.677,0.0,21.27
2026-06-14 23:48:49,003,FBN1_016_711_90,0,0.0,15,1.0,0.0,21.29
2026-06-14 23:58:52,003,FBN1_016_711_90,164,0.273,7,0.631,0.0,21.29
2026-06-13 00:01:53,015,FBN1_016_711_91,0,0.0,15,1.0,0.0,21.26
2026-06-13 00:11:55,015,FBN1_016_711_91,0,0.0,15,1.0,0.0,21.22
2026-06-13 00:21:58,015,FBN1_016_711_91,0,0.0,15,1.0,0.0,21.2
2026-06-13 00:32:01,015,FBN1_016_711_91,0,0.0,15,1.0,0.0,21.17
2026-06-13 00:42:04,015,FBN1_016_711_91,0,0.0,15,1.0,0.0,21.16
2026-06-13 00:52:08,015,FBN1_016_711_91,0,0.0,15,1.0,0.0,21.15
2026-06-13 01:02:11,015,FBN1_016_711_91,0,0.0,15,1.0,0.0,21.15
2026-06-13 01:12:15,015,FBN1_016_711_91,5,0.008,14,0.991,0.0,21.15
2026-06-13 01:22:18,015,FBN1_016_711_91,0,0.0,15,1.0,0.0,21.15
2026-06-13 01:32:21,015,FBN1_016_711_91,0,0.0,15,1.0,0.0,21.14
2026-06-13 01:42:24,015,FBN1_016_711_91,0,0.0,15,1.0,0.0,21.15
2026-06-13 01:52:27,015,FBN1_016_711_91,68,0.113,10,0.855,0.0,21.17
2026-06-13 02:02:30,015,FBN1_016_711_91,156,0.26,8,0.672,0.0,21.32
2026-06-13 02:12:33,015,FBN1_016_711_91,130,0.216,8,0.711,0.0,21.33
2026-06-13 02:22:36,015,FBN1_016_711_91,121,0.201,9,0.748,0.0,21.36
2026-06-13 02:32:40,015,FBN1_016_711_91,48,0.08,12,0.909,0.0,21.37
2026-06-13 02:42:43,015,FBN1_016_711_91,168,0.279,7,0.625,0.0,21.45
2026-06-13 02:52:46,015,FBN1_016_711_91,77,0.128,10,0.839,0.0,21.42
2026-06-13 03:02:49,015,FBN1_016_711_91,59,0.098,12,0.891,0.0,21.42
2026-06-13 03:12:52,015,FBN1_016_711_91,223,0.371,4,0.418,0.0,21.43
2026-06-13 03:22:55,015,FBN1_016_711_91,84,0.14,10,0.826,0.0,21.48
2026-06-13 03:32:58,015,FBN1_016_711_91,121,0.201,9,0.748,0.0,21.42
2026-06-13 03:43:17,015,FBN1_016_711_91,29,0.048,13,0.947,0.0,21.43
2026-06-13 03:53:20,015,FBN1_016_711_91,41,0.068,12,0.921,0.0,21.39
2026-06-13 04:03:23,015,FBN1_016_711_91,69,0.115,10,0.853,0.0,21.36
2026-06-13 04:13:26,015,FBN1_016_711_91,70,0.116,11,0.863,0.0,21.35
2026-06-13 04:23:29,015,FBN1_016_711_91,243,0.404,2,0.248,0.0,21.46
2026-06-13 04:33:32,015,FBN1_016_711_91,48,0.08,11,0.902,0.0,21.4
2026-06-13 04:43:35,015,FBN1_016_711_91,69,0.115,11,0.864,0.0,21.41
2026-06-13 04:53:39,015,FBN1_016_711_91,106,0.176,8,0.751,0.0,21.48
2026-06-13 05:03:42,015,FBN1_016_711_91,169,0.281,6,0.587,0.0,21.48
2026-06-13 05:13:46,015,FBN1_016_711_91,13,0.022,13,0.976,0.0,21.4
2026-06-13 05:23:49,015,FBN1_016_711_91,0,0.0,15,1.0,0.0,21.33
2026-06-13 05:33:52,015,FBN1_016_711_91,0,0.0,15,1.0,0.0,21.27
2026-06-13 05:43:55,015,FBN1_016_711_91,0,0.0,15,1.0,0.0,21.23
2026-06-13 05:53:58,015,FBN1_016_711_91,0,0.0,15,1.0,0.0,21.19
2026-06-13 06:04:01,015,FBN1_016_711_91,0,0.0,15,1.0,0.4608,21.15
2026-06-13 06:14:04,015,FBN1_016_711_91,0,0.0,15,1.0,0.4536,21.14
2026-06-13 06:24:07,015,FBN1_016_711_91,0,0.0,15,1.0,0.4644,21.14
2026-06-13 06:34:10,015,FBN1_016_711_91,0,0.0,15,1.0,0.4536,21.13
2026-06-13 06:44:14,015,FBN1_016_711_91,0,0.0,15,1.0,0.4464,21.12
2026-06-13 06:54:16,015,FBN1_016_711_91,0,0.0,15,1.0,0.4464,21.13
2026-06-13 07:04:19,015,FBN1_016_711_91,0,0.0,15,1.0,0.4464,21.11
2026-06-13 07:14:23,015,FBN1_016_711_91,0,0.0,15,1.0,0.4464,21.11
2026-06-13 07:24:26,015,FBN1_016_711_91,0,0.0,15,1.0,0.4572,21.1
2026-06-13 07:34:29,015,FBN1_016_711_91,0,0.0,15,1.0,0.4464,21.09
2026-06-13 07:44:47,015,FBN1_016_711_91,0,0.0,15,1.0,0.4464,21.12
2026-06-13 07:54:50,015,FBN1_016_711_91,0,0.0,15,1.0,0.4464,21.11
2026-06-13 08:04:53,015,FBN1_016_711_91,0,0.0,15,1.0,0.4464,21.1
2026-06-13 08:14:56,015,FBN1_016_711_91,0,0.0,15,1.0,0.4464,21.11
2026-06-13 08:25:00,015,FBN1_016_711_91,0,0.0,15,1.0,0.4428,21.11
2026-06-13 08:35:04,015,FBN1_016_711_91,0,0.0,15,1.0,0.4392,21.09
2026-06-13 08:45:07,015,FBN1_016_711_91,0,0.0,15,1.0,0.4428,21.09
2026-06-13 08:55:11,015,FBN1_016_711_91,0,0.0,15,1.0,0.4392,21.1
2026-06-13 09:05:13,015,FBN1_016_711_91,0,0.0,15,1.0,0.4392,21.1
2026-06-13 09:15:17,015,FBN1_016_711_91,0,0.0,15,1.0,0.4392,21.1
2026-06-13 09:25:20,015,FBN1_016_711_91,0,0.0,15,1.0,0.3492,21.1
2026-06-13 09:35:22,015,FBN1_016_711_91,59,0.098,11,0.882,0.4248,21.15
2026-06-13 09:45:26,015,FBN1_016_711_91,50,0.083,12,0.906,0.4032,21.2
2026-06-13 09:55:29,015,FBN1_016_711_91,55,0.091,9,0.867,0.4284,21.23
2026-06-13 10:05:33,015,FBN1_016_711_91,0,0.0,15,1.0,0.4248,21.25
2026-06-13 10:15:36,015,FBN1_016_711_91,0,0.0,15,1.0,0.4284,21.23
2026-06-13 10:25:38,015,FBN1_016_711_91,0,0.0,15,1.0,0.4284,21.21
2026-06-13 10:35:42,015,FBN1_016_711_91,0,0.0,15,1.0,0.4284,21.19
2026-06-13 10:45:44,015,FBN1_016_711_91,0,0.0,15,1.0,0.4428,21.17
2026-06-13 10:55:48,015,FBN1_016_711_91,0,0.0,15,1.0,0.4392,21.17
2026-06-13 11:05:50,015,FBN1_016_711_91,0,0.0,15,1.0,0.4284,21.17
2026-06-13 11:15:53,015,FBN1_016_711_91,0,0.0,15,1.0,0.4248,21.16
2026-06-13 11:25:56,015,FBN1_016_711_91,0,0.0,15,1.0,0.4176,21.15
2026-06-13 11:35:59,015,FBN1_016_711_91,0,0.0,15,1.0,0.432,21.14
2026-06-13 11:46:17,015,FBN1_016_711_91,0,0.0,15,1.0,0.432,21.16
2026-06-13 11:56:20,015,FBN1_016_711_91,0,0.0,15,1.0,0.45,21.13
2026-06-13 12:06:24,015,FBN1_016_711_91,0,0.0,15,1.0,0.4284,21.12
2026-06-13 12:16:26,015,FBN1_016_711_91,0,0.0,15,1.0,0.4284,21.1
2026-06-13 12:26:29,015,FBN1_016_711_91,0,0.0,15,1.0,0.4284,21.09
2026-06-13 12:36:33,015,FBN1_016_711_91,0,0.0,15,1.0,0.4284,21.06
2026-06-13 12:46:36,015,FBN1_016_711_91,0,0.0,15,1.0,0.4248,21.06
2026-06-13 12:56:39,015,FBN1_016_711_91,0,0.0,15,1.0,0.4248,21.07
2026-06-13 13:06:42,015,FBN1_016_711_91,0,0.0,15,1.0,0.4248,21.07
2026-06-13 13:16:44,015,FBN1_016_711_91,0,0.0,15,1.0,0.4248,21.09
2026-06-13 13:26:48,015,FBN1_016_711_91,0,0.0,15,1.0,0.4248,21.1
2026-06-13 13:36:51,015,FBN1_016_711_91,0,0.0,15,1.0,0.4248,21.11
2026-06-13 13:46:54,015,FBN1_016_711_91,0,0.0,15,1.0,0.432,21.12
2026-06-13 13:56:57,015,FBN1_016_711_91,0,0.0,15,1.0,0.4356,21.11
2026-06-13 14:07:00,015,FBN1_016_711_91,0,0.0,15,1.0,0.432,21.12
2026-06-13 14:17:03,015,FBN1_016_711_91,42,0.07,12,0.92,0.4104,21.14
2026-06-13 14:27:07,015,FBN1_016_711_91,123,0.205,8,0.722,0.2808,21.25
2026-06-13 14:37:10,015,FBN1_016_711_91,123,0.204,7,0.695,0.414,21.28
2026-06-13 14:47:13,015,FBN1_016_711_91,11,0.018,14,0.981,0.4104,21.27
2026-06-13 14:57:17,015,FBN1_016_711_91,0,0.0,15,1.0,0.4248,21.22
2026-06-13 15:07:19,015,FBN1_016_711_91,0,0.0,15,1.0,0.4212,21.19
2026-06-13 15:17:22,015,FBN1_016_711_91,0,0.0,15,1.0,0.4356,21.15
2026-06-13 15:27:26,015,FBN1_016_711_91,0,0.0,15,1.0,0.432,21.13
2026-06-13 15:37:29,015,FBN1_016_711_91,0,0.0,15,1.0,0.4356,21.11
2026-06-13 15:48:02,015,FBN1_016_711_91,0,0.0,15,1.0,0.4356,21.17
2026-06-13 15:58:05,015,FBN1_016_711_91,0,0.0,15,1.0,0.4356,21.13
2026-06-13 16:08:08,015,FBN1_016_711_91,0,0.0,15,1.0,0.432,21.11
2026-06-13 16:18:11,015,FBN1_016_711_91,0,0.0,15,1.0,0.4356,21.09
2026-06-13 16:28:14,015,FBN1_016_711_91,0,0.0,15,1.0,0.432,21.07
2026-06-13 16:38:17,015,FBN1_016_711_91,9,0.015,13,0.983,0.4176,21.08
2026-06-13 16:48:21,015,FBN1_016_711_91,51,0.085,13,0.911,0.4392,21.12
2026-06-13 16:58:24,015,FBN1_016_711_91,23,0.038,13,0.958,0.432,21.13
2026-06-13 17:08:27,015,FBN1_016_711_91,0,0.0,15,1.0,0.432,21.15
2026-06-13 17:18:30,015,FBN1_016_711_91,0,0.0,15,1.0,0.432,21.14
2026-06-13 17:28:33,015,FBN1_016_711_91,0,0.0,15,1.0,0.432,21.12
2026-06-13 17:38:37,015,FBN1_016_711_91,1,0.002,15,0.998,0.414,21.12
2026-06-13 17:48:40,015,FBN1_016_711_91,51,0.085,11,0.896,0.4032,21.17
2026-06-13 17:58:44,015,FBN1_016_711_91,0,0.0,15,1.0,0.4104,21.15
2026-06-13 18:08:48,015,FBN1_016_711_91,0,0.0,15,1.0,0.0,21.14
2026-06-13 18:18:52,015,FBN1_016_711_91,9,0.015,14,0.984,0.0,21.13
2026-06-13 18:28:55,015,FBN1_016_711_91,137,0.228,10,0.745,0.0,21.22
2026-06-13 18:38:58,015,FBN1_016_711_91,301,0.502,1,0.117,0.0,21.39
2026-06-13 18:49:02,015,FBN1_016_711_91,88,0.146,10,0.82,0.0,21.48
2026-06-13 18:59:06,015,FBN1_016_711_91,114,0.189,10,0.778,0.0,21.48
2026-06-13 19:09:09,015,FBN1_016_711_91,150,0.249,7,0.651,0.0,21.51
2026-06-13 19:19:12,015,FBN1_016_711_91,130,0.216,8,0.711,0.0,21.53
2026-06-13 19:29:15,015,FBN1_016_711_91,183,0.304,6,0.567,0.0,21.53
2026-06-13 19:39:19,015,FBN1_016_711_91,32,0.053,12,0.938,0.0,21.49
2026-06-13 19:49:52,015,FBN1_016_711_91,136,0.227,8,0.702,0.0,21.64
2026-06-13 19:59:55,015,FBN1_016_711_91,71,0.118,10,0.849,0.0,21.57
2026-06-13 20:09:59,015,FBN1_016_711_91,90,0.15,10,0.816,0.0,21.55
2026-06-13 20:20:01,015,FBN1_016_711_91,82,0.136,10,0.83,0.0,21.55
2026-06-13 20:30:05,015,FBN1_016_711_91,13,0.022,14,0.977,0.0,21.49
2026-06-13 20:40:08,015,FBN1_016_711_91,0,0.0,15,1.0,0.0,21.44
2026-06-13 20:50:12,015,FBN1_016_711_91,0,0.0,15,1.0,0.0,21.38
2026-06-13 21:00:15,015,FBN1_016_711_91,0,0.0,15,1.0,0.0,21.33
2026-06-13 21:10:18,015,FBN1_016_711_91,0,0.0,15,1.0,0.0,21.3
2026-06-13 21:20:21,015,FBN1_016_711_91,0,0.0,15,1.0,0.0,21.29
2026-06-13 21:30:24,015,FBN1_016_711_91,0,0.0,15,1.0,0.0,21.31
2026-06-13 21:40:27,015,FBN1_016_711_91,234,0.389,2,0.255,0.0,21.43
2026-06-13 21:50:31,015,FBN1_016_711_91,17,0.028,11,0.963,0.0,21.39
2026-06-13 22:00:35,015,FBN1_016_711_91,248,0.412,4,0.392,0.0,21.47
2026-06-13 22:10:38,015,FBN1_016_711_91,59,0.098,11,0.882,0.0,21.44
2026-06-13 22:20:42,015,FBN1_016_711_91,211,0.351,4,0.431,0.0,21.52
2026-06-13 22:30:44,015,FBN1_016_711_91,209,0.348,5,0.489,0.0,21.53
2026-06-13 22:40:47,015,FBN1_016_711_91,194,0.323,6,0.553,0.0,21.61
2026-06-13 22:50:51,015,FBN1_016_711_91,46,0.077,13,0.919,0.0,21.53
2026-06-13 23:00:54,015,FBN1_016_711_91,45,0.075,12,0.914,0.0,21.47
2026-06-13 23:10:58,015,FBN1_016_711_91,128,0.213,7,0.686,0.0,21.51
2026-06-13 23:21:01,015,FBN1_016_711_91,36,0.06,13,0.935,0.0,21.43
2026-06-13 23:31:04,015,FBN1_016_711_91,115,0.191,8,0.736,0.0,21.41
2026-06-13 23:41:07,015,FBN1_016_711_91,79,0.131,11,0.848,0.0,21.4
2026-06-13 23:52:01,015,FBN1_016_711_91,112,0.187,5,0.641,0.0,21.5
2026-06-14 00:02:05,015,FBN1_016_711_91,42,0.07,11,0.913,0.0,21.45
2026-06-14 00:12:08,015,FBN1_016_711_91,138,0.23,5,0.592,0.0,21.42
2026-06-14 00:22:11,015,FBN1_016_711_91,45,0.075,10,0.899,0.0,21.41
2026-06-14 00:32:14,015,FBN1_016_711_91,6,0.01,13,0.989,0.0,21.36
2026-06-14 00:42:17,015,FBN1_016_711_91,37,0.061,11,0.922,0.0,21.35
2026-06-14 00:52:20,015,FBN1_016_711_91,188,0.313,6,0.561,0.0,21.4
2026-06-14 01:02:24,015,FBN1_016_711_91,210,0.349,4,0.432,0.0,21.42
2026-06-14 01:12:27,015,FBN1_016_711_91,238,0.395,2,0.252,0.0,21.61
2026-06-14 01:22:31,015,FBN1_016_711_91,94,0.156,7,0.749,0.0,21.48
2026-06-14 01:32:34,015,FBN1_016_711_91,113,0.188,9,0.761,0.0,21.42
2026-06-14 01:42:37,015,FBN1_016_711_91,10,0.017,13,0.981,0.0,21.37
2026-06-14 01:52:40,015,FBN1_016_711_91,37,0.062,11,0.922,0.0,21.34
2026-06-14 02:02:43,015,FBN1_016_711_91,150,0.25,5,0.571,0.0,21.35
2026-06-14 02:12:48,015,FBN1_016_711_91,81,0.135,7,0.776,0.0,21.33
2026-06-14 02:22:50,015,FBN1_016_711_91,62,0.103,12,0.886,0.0,21.31
2026-06-14 02:32:53,015,FBN1_016_711_91,77,0.128,8,0.806,0.0,21.29
2026-06-14 02:42:57,015,FBN1_016_711_91,207,0.344,5,0.491,0.0,21.35
2026-06-14 02:52:59,015,FBN1_016_711_91,19,0.032,12,0.962,0.0,21.28
2026-06-14 03:03:03,015,FBN1_016_711_91,0,0.0,15,1.0,0.0,21.24
2026-06-14 03:13:06,015,FBN1_016_711_91,0,0.0,15,1.0,0.0,21.2
2026-06-14 03:23:09,015,FBN1_016_711_91,0,0.0,15,1.0,0.0,21.15
2026-06-14 03:33:12,015,FBN1_016_711_91,0,0.0,15,1.0,0.0,21.12
2026-06-14 03:43:15,015,FBN1_016_711_91,0,0.0,15,1.0,0.0,21.09
2026-06-14 03:54:00,015,FBN1_016_711_91,0,0.0,15,1.0,0.0,21.18
2026-06-14 04:04:03,015,FBN1_016_711_91,0,0.0,15,1.0,0.0,21.13
2026-06-14 04:14:07,015,FBN1_016_711_91,0,0.0,15,1.0,0.0,21.09
2026-06-14 04:24:10,015,FBN1_016_711_91,0,0.0,15,1.0,0.0,21.08
2026-06-14 04:34:12,015,FBN1_016_711_91,0,0.0,15,1.0,0.0,21.08
2026-06-14 04:44:15,015,FBN1_016_711_91,0,0.0,15,1.0,0.0,21.07
2026-06-14 04:54:18,015,FBN1_016_711_91,65,0.108,11,0.871,0.0,21.12
2026-06-14 05:04:21,015,FBN1_016_711_91,100,0.166,8,0.762,0.0,21.17
2026-06-14 05:14:24,015,FBN1_016_711_91,52,0.087,10,0.885,0.0,21.19
2026-06-14 05:24:27,015,FBN1_016_711_91,117,0.195,7,0.705,0.0,21.28
2026-06-14 05:34:31,015,FBN1_016_711_91,126,0.21,8,0.717,0.0,21.36
2026-06-14 05:44:34,015,FBN1_016_711_91,76,0.126,11,0.853,0.0,21.34
2026-06-14 05:54:37,015,FBN1_016_711_91,193,0.321,6,0.554,0.0,21.35
2026-06-14 06:04:40,015,FBN1_016_711_91,43,0.072,11,0.911,0.4104,21.33
2026-06-14 06:14:43,015,FBN1_016_711_91,92,0.153,8,0.777,0.396,21.31
2026-06-14 06:24:46,015,FBN1_016_711_91,70,0.116,8,0.821,0.4644,21.32
2026-06-14 06:34:50,015,FBN1_016_711_91,157,0.261,7,0.641,0.4824,21.29
2026-06-14 06:44:53,015,FBN1_016_711_91,0,0.0,15,1.0,0.4824,21.24
2026-06-14 06:54:55,015,FBN1_016_711_91,0,0.0,15,1.0,0.4824,21.2
2026-06-14 07:04:59,015,FBN1_016_711_91,0,0.0,15,1.0,0.4824,21.15
2026-06-14 07:15:02,015,FBN1_016_711_91,0,0.0,15,1.0,0.4824,21.11
2026-06-14 07:25:05,015,FBN1_016_711_91,0,0.0,15,1.0,0.4824,21.09
2026-06-14 07:35:10,015,FBN1_016_711_91,0,0.0,15,1.0,0.4824,21.07
2026-06-14 07:45:13,015,FBN1_016_711_91,0,0.0,15,1.0,0.4824,21.06
2026-06-14 07:55:38,015,FBN1_016_711_91,0,0.0,15,1.0,0.4824,21.09
2026-06-14 08:05:41,015,FBN1_016_711_91,0,0.0,15,1.0,0.4824,21.07
2026-06-14 08:15:45,015,FBN1_016_711_91,0,0.0,15,1.0,0.4752,21.05
2026-06-14 08:25:48,015,FBN1_016_711_91,0,0.0,15,1.0,0.4896,21.05
2026-06-14 08:35:51,015,FBN1_016_711_91,0,0.0,15,1.0,0.4824,21.04
2026-06-14 08:45:55,015,FBN1_016_711_91,0,0.0,15,1.0,0.4752,21.04
2026-06-14 08:55:57,015,FBN1_016_711_91,0,0.0,15,1.0,0.4752,21.03
2026-06-14 09:06:00,015,FBN1_016_711_91,0,0.0,15,1.0,0.4788,21.03
2026-06-14 09:16:04,015,FBN1_016_711_91,0,0.0,15,1.0,0.468,21.03
2026-06-14 09:26:07,015,FBN1_016_711_91,0,0.0,15,1.0,0.4752,21.02
2026-06-14 09:36:11,015,FBN1_016_711_91,0,0.0,15,1.0,0.4932,21.02
2026-06-14 09:46:14,015,FBN1_016_711_91,0,0.0,15,1.0,0.4824,21.02
2026-06-14 09:56:17,015,FBN1_016_711_91,0,0.0,15,1.0,0.4824,21.04
2026-06-14 10:06:20,015,FBN1_016_711_91,0,0.0,15,1.0,0.468,21.04
2026-06-14 10:16:23,015,FBN1_016_711_91,0,0.0,15,1.0,0.468,21.02
2026-06-14 10:26:27,015,FBN1_016_711_91,0,0.0,15,1.0,0.468,21.01
2026-06-14 10:36:29,015,FBN1_016_711_91,0,0.0,15,1.0,0.468,20.99
2026-06-14 10:46:33,015,FBN1_016_711_91,0,0.0,15,1.0,0.468,20.99
2026-06-14 10:56:36,015,FBN1_016_711_91,0,0.0,15,1.0,0.468,20.98
2026-06-14 11:06:39,015,FBN1_016_711_91,0,0.0,15,1.0,0.4608,20.98
2026-06-14 11:16:42,015,FBN1_016_711_91,0,0.0,15,1.0,0.4608,20.97
2026-06-14 11:26:46,015,FBN1_016_711_91,0,0.0,15,1.0,0.4716,20.97
2026-06-14 11:36:49,015,FBN1_016_711_91,0,0.0,15,1.0,0.4896,20.96
2026-06-14 11:46:52,015,FBN1_016_711_91,39,0.065,11,0.919,0.5076,21.0
2026-06-14 11:57:13,015,FBN1_016_711_91,127,0.212,7,0.688,0.3564,21.14
2026-06-14 12:07:16,015,FBN1_016_711_91,184,0.306,4,0.465,0.3456,21.22
2026-06-14 12:17:19,015,FBN1_016_711_91,43,0.072,10,0.903,0.3816,21.21
2026-06-14 12:27:22,015,FBN1_016_711_91,6,0.01,14,0.989,0.4248,21.19
2026-06-14 12:37:25,015,FBN1_016_711_91,0,0.0,15,1.0,0.4248,21.16
2026-06-14 12:47:28,015,FBN1_016_711_91,0,0.0,15,1.0,0.4248,21.11
2026-06-14 12:57:32,015,FBN1_016_711_91,0,0.0,15,1.0,0.4248,21.1
2026-06-14 13:07:35,015,FBN1_016_711_91,0,0.0,15,1.0,0.432,21.08
2026-06-14 13:17:38,015,FBN1_016_711_91,0,0.0,15,1.0,0.4248,21.06
2026-06-14 13:27:41,015,FBN1_016_711_91,0,0.0,15,1.0,0.432,21.05
2026-06-14 13:37:44,015,FBN1_016_711_91,0,0.0,15,1.0,0.4248,21.04
2026-06-14 13:47:47,015,FBN1_016_711_91,0,0.0,15,1.0,0.4248,21.05
2026-06-14 13:57:50,015,FBN1_016_711_91,0,0.0,15,1.0,0.4356,21.03
2026-06-14 14:07:54,015,FBN1_016_711_91,0,0.0,15,1.0,0.4284,21.04
2026-06-14 14:17:58,015,FBN1_016_711_91,0,0.0,15,1.0,0.4284,21.04
2026-06-14 14:28:01,015,FBN1_016_711_91,0,0.0,15,1.0,0.4248,21.03
2026-06-14 14:38:04,015,FBN1_016_711_91,0,0.0,15,1.0,0.4176,21.02
2026-06-14 14:48:07,015,FBN1_016_711_91,0,0.0,15,1.0,0.4176,21.03
2026-06-14 14:58:11,015,FBN1_016_711_91,4,0.007,14,0.993,0.4104,21.04
2026-06-14 15:08:13,015,FBN1_016_711_91,81,0.135,9,0.816,0.3888,21.09
2026-06-14 15:18:16,015,FBN1_016_711_91,55,0.092,10,0.879,0.396,21.15
2026-06-14 15:28:20,015,FBN1_016_711_91,26,0.043,13,0.952,0.4392,21.15
2026-06-14 15:38:23,015,FBN1_016_711_91,8,0.013,13,0.985,0.4248,21.11
2026-06-14 15:48:26,015,FBN1_016_711_91,0,0.0,15,1.0,0.4176,21.09
2026-06-14 15:58:51,015,FBN1_016_711_91,0,0.0,15,1.0,0.4176,21.1
2026-06-14 16:08:54,015,FBN1_016_711_91,0,0.0,15,1.0,0.4284,21.06
2026-06-14 16:18:57,015,FBN1_016_711_91,0,0.0,15,1.0,0.4248,21.04
2026-06-14 16:29:00,015,FBN1_016_711_91,0,0.0,15,1.0,0.4248,21.03
2026-06-14 16:39:03,015,FBN1_016_711_91,0,0.0,15,1.0,0.4248,21.01
2026-06-14 16:49:07,015,FBN1_016_711_91,0,0.0,15,1.0,0.4284,21.01
2026-06-14 16:59:09,015,FBN1_016_711_91,0,0.0,15,1.0,0.4248,21.02
2026-06-14 17:09:13,015,FBN1_016_711_91,5,0.008,15,0.992,0.4032,21.02
2026-06-14 17:19:16,015,FBN1_016_711_91,41,0.068,13,0.927,0.4032,21.07
2026-06-14 17:29:19,015,FBN1_016_711_91,22,0.037,12,0.956,0.4428,21.12
2026-06-14 17:39:22,015,FBN1_016_711_91,0,0.0,15,1.0,0.4392,21.12
2026-06-14 17:49:25,015,FBN1_016_711_91,0,0.0,15,1.0,0.4392,21.1
2026-06-14 17:59:28,015,FBN1_016_711_91,0,0.0,15,1.0,0.4392,21.11
2026-06-14 18:09:31,015,FBN1_016_711_91,141,0.235,5,0.587,0.0,21.16
2026-06-14 18:19:34,015,FBN1_016_711_91,39,0.065,12,0.925,0.0,21.19
2026-06-14 18:29:38,015,FBN1_016_711_91,166,0.276,8,0.658,0.0,21.27
2026-06-14 18:39:41,015,FBN1_016_711_91,174,0.289,7,0.617,0.0,21.36
2026-06-14 18:49:45,015,FBN1_016_711_91,76,0.126,12,0.863,0.0,21.32
2026-06-14 18:59:48,015,FBN1_016_711_91,139,0.231,7,0.668,0.0,21.36
2026-06-14 19:09:51,015,FBN1_016_711_91,35,0.058,12,0.932,0.0,21.34
2026-06-14 19:19:53,015,FBN1_016_711_91,152,0.253,6,0.612,0.0,21.35
2026-06-14 19:29:57,015,FBN1_016_711_91,12,0.02,14,0.979,0.0,21.3
2026-06-14 19:40:00,015,FBN1_016_711_91,0,0.0,15,1.0,0.0,21.26
2026-06-14 19:50:03,015,FBN1_016_711_91,0,0.0,15,1.0,0.0,21.23
2026-06-14 20:00:24,015,FBN1_016_711_91,0,0.0,15,1.0,0.0,21.24
2026-06-14 20:10:26,015,FBN1_016_711_91,3,0.005,14,0.995,0.0,21.19
2026-06-14 20:20:29,015,FBN1_016_711_91,0,0.0,15,1.0,0.0,21.21
2026-06-14 20:30:32,015,FBN1_016_711_91,194,0.322,5,0.508,0.0,21.34
2026-06-14 20:40:35,015,FBN1_016_711_91,156,0.26,4,0.506,0.0,21.43
2026-06-14 20:50:39,015,FBN1_016_711_91,175,0.291,7,0.615,0.0,21.39
2026-06-14 21:00:42,015,FBN1_016_711_91,314,0.522,3,0.276,0.0,21.46
2026-06-14 21:10:45,015,FBN1_016_711_91,169,0.281,8,0.654,0.0,21.43
2026-06-14 21:20:49,015,FBN1_016_711_91,154,0.256,8,0.675,0.0,21.43
2026-06-14 21:30:52,015,FBN1_016_711_91,177,0.295,6,0.576,0.0,21.46
2026-06-14 21:40:55,015,FBN1_016_711_91,129,0.214,6,0.65,0.0,21.42
2026-06-14 21:50:58,015,FBN1_016_711_91,89,0.148,10,0.818,0.0,21.4
2026-06-14 22:01:01,015,FBN1_016_711_91,148,0.246,6,0.619,0.0,21.39
2026-06-14 22:11:05,015,FBN1_016_711_91,175,0.291,4,0.478,0.0,21.4
2026-06-14 22:21:08,015,FBN1_016_711_91,304,0.506,2,0.208,0.0,21.47
2026-06-14 22:31:11,015,FBN1_016_711_91,312,0.518,2,0.204,0.0,21.66
2026-06-14 22:41:14,015,FBN1_016_711_91,176,0.293,3,0.405,0.0,21.59
2026-06-14 22:51:18,015,FBN1_016_711_91,255,0.424,5,0.44,0.0,21.6
2026-06-14 23:01:21,015,FBN1_016_711_91,197,0.327,4,0.448,0.0,21.54
2026-06-14 23:11:24,015,FBN1_016_711_91,88,0.146,11,0.833,0.0,21.45
2026-06-14 23:21:28,015,FBN1_016_711_91,231,0.384,3,0.342,0.0,21.47
2026-06-14 23:31:31,015,FBN1_016_711_91,290,0.483,3,0.293,0.0,21.55
2026-06-14 23:41:35,015,FBN1_016_711_91,266,0.442,3,0.311,0.0,21.56
2026-06-14 23:51:39,015,FBN1_016_711_91,95,0.158,11,0.822,0.0,21.47
2026-06-13 00:09:16,024,FBN1_016_711_92,223,0.371,6,0.518,0.0,21.55
2026-06-13 00:19:20,024,FBN1_016_711_92,209,0.347,3,0.365,0.0,21.55
2026-06-13 00:29:22,024,FBN1_016_711_92,100,0.166,9,0.783,0.0,21.44
2026-06-13 00:39:25,024,FBN1_016_711_92,242,0.402,4,0.398,0.0,21.58
2026-06-13 00:49:28,024,FBN1_016_711_92,199,0.331,4,0.446,0.0,21.48
2026-06-13 00:59:31,024,FBN1_016_711_92,99,0.164,8,0.764,0.0,21.43
2026-06-13 01:09:34,024,FBN1_016_711_92,414,0.688,2,0.162,0.0,21.44
2026-06-13 01:19:37,024,FBN1_016_711_92,442,0.735,0,0.0,0.0,21.43
2026-06-13 01:29:40,024,FBN1_016_711_92,37,0.061,10,0.915,0.0,21.34
2026-06-13 01:39:44,024,FBN1_016_711_92,8,0.013,13,0.985,0.0,21.27
2026-06-13 01:49:46,024,FBN1_016_711_92,1,0.002,14,0.998,0.0,21.22
2026-06-13 01:59:49,024,FBN1_016_711_92,0,0.0,15,1.0,0.0,21.2
2026-06-13 02:09:52,024,FBN1_016_711_92,3,0.005,14,0.995,0.0,21.17
2026-06-13 02:19:56,024,FBN1_016_711_92,0,0.0,15,1.0,0.0,21.15
2026-06-13 02:29:59,024,FBN1_016_711_92,9,0.015,14,0.984,0.0,21.15
2026-06-13 02:40:02,024,FBN1_016_711_92,0,0.0,15,1.0,0.0,21.13
2026-06-13 02:50:05,024,FBN1_016_711_92,4,0.007,14,0.993,0.0,21.13
2026-06-13 03:00:08,024,FBN1_016_711_92,3,0.005,14,0.995,0.0,21.12
2026-06-13 03:10:11,024,FBN1_016_711_92,1,0.002,14,0.998,0.0,21.12
2026-06-13 03:20:15,024,FBN1_016_711_92,2,0.003,14,0.996,0.0,21.12
2026-06-13 03:30:18,024,FBN1_016_711_92,0,0.0,15,1.0,0.0,21.11
2026-06-13 03:40:51,024,FBN1_016_711_92,21,0.035,12,0.958,0.0,21.18
2026-06-13 03:50:53,024,FBN1_016_711_92,132,0.22,5,0.602,0.0,21.17
2026-06-13 04:00:56,024,FBN1_016_711_92,88,0.146,10,0.82,0.0,21.18
2026-06-13 04:10:59,024,FBN1_016_711_92,174,0.29,6,0.58,0.0,21.33
2026-06-13 04:21:03,024,FBN1_016_711_92,64,0.106,9,0.849,0.0,21.31
2026-06-13 04:31:06,024,FBN1_016_711_92,168,0.279,6,0.588,0.0,21.31
2026-06-13 04:41:09,024,FBN1_016_711_92,242,0.403,1,0.142,0.0,21.34
2026-06-13 04:51:12,024,FBN1_016_711_92,16,0.027,13,0.97,0.0,21.33
2026-06-13 05:01:15,024,FBN1_016_711_92,7,0.012,14,0.988,0.0,21.31
2026-06-13 05:11:17,024,FBN1_016_711_92,48,0.08,11,0.902,0.0,21.29
2026-06-13 05:21:20,024,FBN1_016_711_92,180,0.3,5,0.526,0.0,21.31
2026-06-13 05:31:23,024,FBN1_016_711_92,74,0.123,10,0.844,0.0,21.33
2026-06-13 05:41:26,024,FBN1_016_711_92,128,0.213,6,0.652,0.0,21.4
2026-06-13 05:51:29,024,FBN1_016_711_92,72,0.12,11,0.859,0.0,21.37
2026-06-13 06:01:32,024,FBN1_016_711_92,0,0.0,15,1.0,0.2016,21.3
2026-06-13 06:11:35,024,FBN1_016_711_92,147,0.244,6,0.62,0.2448,21.31
2026-06-13 06:21:38,024,FBN1_016_711_92,243,0.404,2,0.248,0.2304,21.32
2026-06-13 06:31:42,024,FBN1_016_711_92,118,0.196,6,0.67,0.252,21.33
2026-06-13 06:41:45,024,FBN1_016_711_92,13,0.022,12,0.974,0.2448,21.31
2026-06-13 06:51:48,024,FBN1_016_711_92,4,0.007,14,0.993,0.2556,21.28
2026-06-13 07:01:52,024,FBN1_016_711_92,19,0.032,12,0.962,0.2448,21.26
2026-06-13 07:11:54,024,FBN1_016_711_92,10,0.017,14,0.982,0.2448,21.24
2026-06-13 07:21:57,024,FBN1_016_711_92,14,0.023,13,0.974,0.2448,21.23
2026-06-13 07:32:01,024,FBN1_016_711_92,19,0.032,13,0.965,0.2484,21.21
2026-06-13 07:42:30,024,FBN1_016_711_92,1,0.002,14,0.998,0.2484,21.26
2026-06-13 07:52:33,024,FBN1_016_711_92,8,0.013,13,0.985,0.2448,21.22
2026-06-13 08:02:37,024,FBN1_016_711_92,19,0.032,12,0.962,0.2448,21.2
2026-06-13 08:12:40,024,FBN1_016_711_92,154,0.256,5,0.565,0.2664,21.22
2026-06-13 08:22:43,024,FBN1_016_711_92,0,0.0,15,1.0,0.2772,21.21
2026-06-13 08:32:46,024,FBN1_016_711_92,2,0.003,15,0.997,0.2736,21.19
2026-06-13 08:42:50,024,FBN1_016_711_92,0,0.0,15,1.0,0.2628,21.18
2026-06-13 08:52:53,024,FBN1_016_711_92,0,0.0,15,1.0,0.2664,21.18
2026-06-13 09:02:56,024,FBN1_016_711_92,4,0.007,14,0.993,0.2736,21.18
2026-06-13 09:12:59,024,FBN1_016_711_92,0,0.0,15,1.0,0.2736,21.18
2026-06-13 09:23:02,024,FBN1_016_711_92,6,0.01,14,0.989,0.2736,21.17
2026-06-13 09:33:05,024,FBN1_016_711_92,0,0.0,15,1.0,0.2772,21.17
2026-06-13 09:43:08,024,FBN1_016_711_92,46,0.077,9,0.887,0.2808,21.17
2026-06-13 09:53:11,024,FBN1_016_711_92,53,0.088,9,0.872,0.2772,21.22
2026-06-13 10:03:14,024,FBN1_016_711_92,312,0.519,2,0.204,0.2232,21.25
2026-06-13 10:13:18,024,FBN1_016_711_92,64,0.106,12,0.882,0.1656,21.22
2026-06-13 10:23:21,024,FBN1_016_711_92,318,0.529,3,0.274,0.1368,21.23
2026-06-13 10:33:24,024,FBN1_016_711_92,114,0.19,6,0.678,0.1584,21.22
2026-06-13 10:43:27,024,FBN1_016_711_92,35,0.058,8,0.901,0.1764,21.21
2026-06-13 10:53:30,024,FBN1_016_711_92,4,0.007,14,0.993,0.1656,21.18
2026-06-13 11:03:33,024,FBN1_016_711_92,3,0.005,14,0.995,0.1584,21.16
2026-06-13 11:13:36,024,FBN1_016_711_92,0,0.0,15,1.0,0.1584,21.14
2026-06-13 11:23:40,024,FBN1_016_711_92,5,0.008,14,0.991,0.1584,21.12
2026-06-13 11:33:42,024,FBN1_016_711_92,3,0.005,14,0.995,0.1764,21.11
2026-06-13 11:44:09,024,FBN1_016_711_92,10,0.017,13,0.981,0.1764,21.15
2026-06-13 11:54:11,024,FBN1_016_711_92,7,0.012,13,0.987,0.1728,21.09
2026-06-13 12:04:14,024,FBN1_016_711_92,2,0.003,13,0.996,0.1584,21.06
2026-06-13 12:14:18,024,FBN1_016_711_92,13,0.022,12,0.974,0.1584,21.01
2026-06-13 12:24:21,024,FBN1_016_711_92,9,0.015,13,0.983,0.1584,20.99
2026-06-13 12:34:24,024,FBN1_016_711_92,56,0.093,10,0.877,0.1512,20.99
2026-06-13 12:44:27,024,FBN1_016_711_92,38,0.063,10,0.913,0.1584,21.0
2026-06-13 12:54:29,024,FBN1_016_711_92,87,0.145,10,0.821,0.162,21.03
2026-06-13 13:04:33,024,FBN1_016_711_92,3,0.005,14,0.995,0.1584,21.03
2026-06-13 13:14:35,024,FBN1_016_711_92,12,0.02,12,0.976,0.1584,21.05
2026-06-13 13:24:38,024,FBN1_016_711_92,7,0.012,14,0.988,0.1584,21.07
2026-06-13 13:34:41,024,FBN1_016_711_92,0,0.0,15,1.0,0.1584,21.09
2026-06-13 13:44:44,024,FBN1_016_711_92,10,0.017,13,0.981,0.1584,21.1
2026-06-13 13:54:47,024,FBN1_016_711_92,5,0.008,14,0.991,0.1584,21.09
2026-06-13 14:04:50,024,FBN1_016_711_92,14,0.023,13,0.974,0.1584,21.09
2026-06-13 14:14:53,024,FBN1_016_711_92,10,0.017,13,0.981,0.1584,21.07
2026-06-13 14:24:56,024,FBN1_016_711_92,1,0.002,15,0.998,0.1584,21.06
2026-06-13 14:34:59,024,FBN1_016_711_92,8,0.013,14,0.986,0.1584,21.06
2026-06-13 14:45:02,024,FBN1_016_711_92,38,0.063,11,0.921,0.1512,21.05
2026-06-13 14:55:05,024,FBN1_016_711_92,153,0.255,3,0.44,0.126,21.09
2026-06-13 15:05:08,024,FBN1_016_711_92,126,0.21,9,0.741,0.1656,21.15
2026-06-13 15:15:11,024,FBN1_016_711_92,153,0.254,1,0.207,0.1656,21.16
2026-06-13 15:25:14,024,FBN1_016_711_92,26,0.043,13,0.952,0.1656,21.15
2026-06-13 15:35:17,024,FBN1_016_711_92,4,0.007,14,0.993,0.1764,21.14
2026-06-13 15:45:52,024,FBN1_016_711_92,13,0.022,13,0.976,0.1656,21.2
2026-06-13 15:55:55,024,FBN1_016_711_92,13,0.022,14,0.977,0.1656,21.17
2026-06-13 16:05:57,024,FBN1_016_711_92,32,0.053,12,0.938,0.1656,21.16
2026-06-13 16:16:01,024,FBN1_016_711_92,12,0.02,13,0.977,0.1656,21.13
2026-06-13 16:26:05,024,FBN1_016_711_92,29,0.048,12,0.943,0.1656,21.12
2026-06-13 16:36:08,024,FBN1_016_711_92,77,0.128,10,0.839,0.1656,21.11
2026-06-13 16:46:12,024,FBN1_016_711_92,141,0.235,4,0.532,0.1656,21.14
2026-06-13 16:56:15,024,FBN1_016_711_92,291,0.484,0,0.0,0.2376,21.19
2026-06-13 17:06:18,024,FBN1_016_711_92,7,0.012,13,0.987,0.2376,21.19
2026-06-13 17:16:22,024,FBN1_016_711_92,7,0.012,14,0.988,0.2376,21.19
2026-06-13 17:26:25,024,FBN1_016_711_92,14,0.023,12,0.972,0.2376,21.17
2026-06-13 17:36:28,024,FBN1_016_711_92,16,0.027,12,0.968,0.2412,21.17
2026-06-13 17:46:31,024,FBN1_016_711_92,270,0.449,4,0.372,0.2556,21.17
2026-06-13 17:56:34,024,FBN1_016_711_92,89,0.148,11,0.832,0.1512,21.21
2026-06-13 18:06:38,024,FBN1_016_711_92,76,0.126,10,0.84,0.0,21.23
2026-06-13 18:16:42,024,FBN1_016_711_92,169,0.28,4,0.486,0.0,21.33
2026-06-13 18:26:45,024,FBN1_016_711_92,193,0.321,5,0.509,0.0,21.34
2026-06-13 18:36:48,024,FBN1_016_711_92,117,0.194,9,0.755,0.0,21.43
2026-06-13 18:46:51,024,FBN1_016_711_92,223,0.372,5,0.473,0.0,21.58
2026-06-13 18:56:54,024,FBN1_016_711_92,282,0.469,3,0.299,0.0,21.51
2026-06-13 19:06:57,024,FBN1_016_711_92,183,0.304,6,0.567,0.0,21.5
2026-06-13 19:17:00,024,FBN1_016_711_92,370,0.615,2,0.178,0.0,21.59
2026-06-13 19:27:03,024,FBN1_016_711_92,112,0.186,10,0.781,0.0,21.59
2026-06-13 19:37:06,024,FBN1_016_711_92,377,0.628,0,0.0,0.0,21.57
2026-06-13 19:47:41,024,FBN1_016_711_92,31,0.052,12,0.939,0.0,21.58
2026-06-13 19:57:45,024,FBN1_016_711_92,3,0.005,15,0.995,0.0,21.51
2026-06-13 20:07:48,024,FBN1_016_711_92,13,0.022,14,0.977,0.0,21.45
2026-06-13 20:17:52,024,FBN1_016_711_92,170,0.283,5,0.541,0.0,21.44
2026-06-13 20:27:54,024,FBN1_016_711_92,205,0.341,4,0.438,0.0,21.48
2026-06-13 20:37:57,024,FBN1_016_711_92,222,0.369,5,0.474,0.0,21.51
2026-06-13 20:48:00,024,FBN1_016_711_92,240,0.399,4,0.4,0.0,21.51
2026-06-13 20:58:03,024,FBN1_016_711_92,9,0.015,14,0.984,0.0,21.47
2026-06-13 21:08:06,024,FBN1_016_711_92,318,0.529,3,0.274,0.0,21.52
2026-06-13 21:18:09,024,FBN1_016_711_92,260,0.433,3,0.316,0.0,21.63
2026-06-13 21:28:12,024,FBN1_016_711_92,310,0.516,5,0.392,0.0,21.58
2026-06-13 21:38:15,024,FBN1_016_711_92,181,0.301,8,0.639,0.0,21.55
2026-06-13 21:48:18,024,FBN1_016_711_92,230,0.383,6,0.511,0.0,21.47
2026-06-13 21:58:21,024,FBN1_016_711_92,173,0.288,7,0.618,0.0,21.45
2026-06-13 22:08:24,024,FBN1_016_711_92,1,0.002,14,0.998,0.0,21.42
2026-06-13 22:18:27,024,FBN1_016_711_92,27,0.045,12,0.947,0.0,21.37
2026-06-13 22:28:30,024,FBN1_016_711_92,231,0.384,3,0.342,0.0,21.38
2026-06-13 22:38:33,024,FBN1_016_711_92,42,0.07,11,0.913,0.0,21.36
2026-06-13 22:48:37,024,FBN1_016_711_92,27,0.045,13,0.951,0.0,21.32
2026-06-13 22:58:40,024,FBN1_016_711_92,7,0.012,14,0.988,0.0,21.29
2026-06-13 23:08:42,024,FBN1_016_711_92,300,0.499,3,0.286,0.0,21.36
2026-06-13 23:18:45,024,FBN1_016_711_92,155,0.258,7,0.644,0.0,21.5
2026-06-13 23:28:48,024,FBN1_016_711_92,192,0.319,7,0.593,0.0,21.44
2026-06-13 23:38:51,024,FBN1_016_711_92,148,0.246,8,0.684,0.0,21.44
2026-06-13 23:49:23,024,FBN1_016_711_92,288,0.482,4,0.357,0.0,21.53
2026-06-13 23:59:25,024,FBN1_016_711_92,177,0.295,7,0.613,0.0,21.5
2026-06-14 00:09:28,024,FBN1_016_711_92,99,0.165,9,0.784,0.0,21.46
2026-06-14 00:19:30,024,FBN1_016_711_92,148,0.246,9,0.709,0.0,21.45
2026-06-14 00:29:33,024,FBN1_016_711_92,384,0.639,2,0.172,0.0,21.54
2026-06-14 00:39:37,024,FBN1_016_711_92,155,0.258,8,0.674,0.0,21.53
2026-06-14 00:49:41,024,FBN1_016_711_92,251,0.417,4,0.389,0.0,21.56
2026-06-14 00:59:43,024,FBN1_016_711_92,157,0.261,6,0.605,0.0,21.52
2026-06-14 01:09:47,024,FBN1_016_711_92,70,0.116,10,0.851,0.0,21.4
2026-06-14 01:19:50,024,FBN1_016_711_92,205,0.341,7,0.577,0.0,21.35
2026-06-14 01:29:52,024,FBN1_016_711_92,117,0.195,7,0.705,0.0,21.34
2026-06-14 01:39:56,024,FBN1_016_711_92,88,0.146,8,0.784,0.0,21.27
2026-06-14 01:49:59,024,FBN1_016_711_92,59,0.098,9,0.859,0.0,21.24
2026-06-14 02:00:03,024,FBN1_016_711_92,246,0.409,5,0.448,0.0,21.28
2026-06-14 02:10:06,024,FBN1_016_711_92,460,0.765,2,0.148,0.0,21.28
2026-06-14 02:20:09,024,FBN1_016_711_92,269,0.448,3,0.308,0.0,21.29
2026-06-14 02:30:12,024,FBN1_016_711_92,27,0.045,12,0.947,0.0,21.26
2026-06-14 02:40:15,024,FBN1_016_711_92,7,0.012,12,0.986,0.0,21.23
2026-06-14 02:50:19,024,FBN1_016_711_92,305,0.507,4,0.344,0.0,21.23
2026-06-14 03:00:23,024,FBN1_016_711_92,345,0.573,2,0.188,0.0,21.25
2026-06-14 03:10:25,024,FBN1_016_711_92,124,0.206,10,0.763,0.0,21.26
2026-06-14 03:20:29,024,FBN1_016_711_92,270,0.449,3,0.308,0.0,21.34
2026-06-14 03:30:33,024,FBN1_016_711_92,174,0.29,9,0.674,0.0,21.33
2026-06-14 03:40:36,024,FBN1_016_711_92,330,0.548,2,0.195,0.0,21.35
2026-06-14 03:51:08,024,FBN1_016_711_92,146,0.244,6,0.622,0.0,21.37
2026-06-14 04:01:11,024,FBN1_016_711_92,246,0.409,2,0.245,0.0,21.33
2026-06-14 04:11:14,024,FBN1_016_711_92,57,0.095,11,0.885,0.0,21.26
2026-06-14 04:21:17,024,FBN1_016_711_92,99,0.164,10,0.802,0.0,21.22
2026-06-14 04:31:20,024,FBN1_016_711_92,97,0.161,10,0.805,0.0,21.18
2026-06-14 04:41:23,024,FBN1_016_711_92,144,0.239,7,0.66,0.0,21.2
2026-06-14 04:51:27,024,FBN1_016_711_92,274,0.456,3,0.305,0.0,21.3
2026-06-14 05:01:29,024,FBN1_016_711_92,365,0.607,1,0.099,0.0,21.29
2026-06-14 05:11:33,024,FBN1_016_711_92,78,0.13,10,0.837,0.0,21.26
2026-06-14 05:21:36,024,FBN1_016_711_92,143,0.238,8,0.691,0.0,21.24
2026-06-14 05:31:39,024,FBN1_016_711_92,110,0.183,9,0.766,0.0,21.25
2026-06-14 05:41:42,024,FBN1_016_711_92,324,0.539,4,0.331,0.0,21.3
2026-06-14 05:51:45,024,FBN1_016_711_92,451,0.75,0,0.0,0.0,21.29
2026-06-14 06:01:49,024,FBN1_016_711_92,71,0.118,9,0.835,0.1296,21.26
2026-06-14 06:11:52,024,FBN1_016_711_92,39,0.065,11,0.919,0.1296,21.23
2026-06-14 06:21:55,024,FBN1_016_711_92,46,0.077,11,0.905,0.1296,21.22
2026-06-14 06:31:58,024,FBN1_016_711_92,13,0.022,13,0.976,0.1296,21.2
2026-06-14 06:42:01,024,FBN1_016_711_92,21,0.035,12,0.958,0.1332,21.19
2026-06-14 06:52:04,024,FBN1_016_711_92,45,0.075,11,0.907,0.1332,21.2
2026-06-14 07:02:07,024,FBN1_016_711_92,8,0.013,13,0.985,0.1332,21.18
2026-06-14 07:12:10,024,FBN1_016_711_92,8,0.013,13,0.985,0.1296,21.18
2026-06-14 07:22:13,024,FBN1_016_711_92,175,0.291,4,0.478,0.1224,21.19
2026-06-14 07:32:16,024,FBN1_016_711_92,13,0.022,14,0.977,0.1224,21.19
2026-06-14 07:42:19,024,FBN1_016_711_92,12,0.02,13,0.977,0.1224,21.18
2026-06-14 07:52:46,024,FBN1_016_711_92,17,0.028,14,0.971,0.1224,21.22
2026-06-14 08:02:49,024,FBN1_016_711_92,12,0.02,13,0.977,0.1224,21.19
2026-06-14 08:12:52,024,FBN1_016_711_92,12,0.02,13,0.977,0.1224,21.19
2026-06-14 08:22:55,024,FBN1_016_711_92,89,0.148,8,0.782,0.126,21.17
2026-06-14 08:32:58,024,FBN1_016_711_92,298,0.496,2,0.212,0.1152,21.17
2026-06-14 08:43:01,024,FBN1_016_711_92,71,0.118,10,0.849,0.1152,21.17
2026-06-14 08:53:04,024,FBN1_016_711_92,8,0.013,14,0.986,0.1152,21.17
2026-06-14 09:03:07,024,FBN1_016_711_92,8,0.013,14,0.986,0.1152,21.16
2026-06-14 09:13:10,024,FBN1_016_711_92,15,0.025,13,0.972,0.1152,21.15
2026-06-14 09:23:14,024,FBN1_016_711_92,9,0.015,14,0.984,0.1152,21.14
2026-06-14 09:33:17,024,FBN1_016_711_92,26,0.043,13,0.952,0.1152,21.14
2026-06-14 09:43:20,024,FBN1_016_711_92,0,0.0,15,1.0,0.1332,21.14
2026-06-14 09:53:23,024,FBN1_016_711_92,1,0.002,14,0.998,0.1332,21.14
2026-06-14 10:03:26,024,FBN1_016_711_92,9,0.015,14,0.984,0.1152,21.12
2026-06-14 10:13:29,024,FBN1_016_711_92,23,0.038,13,0.958,0.1152,21.1
2026-06-14 10:23:33,024,FBN1_016_711_92,228,0.379,3,0.345,0.108,21.13
2026-06-14 10:33:37,024,FBN1_016_711_92,128,0.213,9,0.738,0.1152,21.15
2026-06-14 10:43:40,024,FBN1_016_711_92,397,0.661,1,0.092,0.1008,21.16
2026-06-14 10:53:42,024,FBN1_016_711_92,16,0.027,13,0.97,0.1224,21.14
2026-06-14 11:03:45,024,FBN1_016_711_92,2,0.003,14,0.996,0.1296,21.11
2026-06-14 11:13:48,024,FBN1_016_711_92,0,0.0,15,1.0,0.1296,21.08
2026-06-14 11:23:51,024,FBN1_016_711_92,0,0.0,15,1.0,0.1332,21.05
2026-06-14 11:33:54,024,FBN1_016_711_92,0,0.0,15,1.0,0.144,21.04
2026-06-14 11:43:57,024,FBN1_016_711_92,0,0.0,15,1.0,0.1404,21.03
2026-06-14 11:54:22,024,FBN1_016_711_92,0,0.0,15,1.0,0.1224,21.07
2026-06-14 12:04:24,024,FBN1_016_711_92,0,0.0,15,1.0,0.1332,21.05
2026-06-14 12:14:27,024,FBN1_016_711_92,0,0.0,15,1.0,0.1332,21.04
2026-06-14 12:24:30,024,FBN1_016_711_92,0,0.0,15,1.0,0.1332,21.04
2026-06-14 12:34:34,024,FBN1_016_711_92,0,0.0,15,1.0,0.1332,21.03
2026-06-14 12:44:37,024,FBN1_016_711_92,0,0.0,15,1.0,0.1332,21.02
2026-06-14 12:54:39,024,FBN1_016_711_92,18,0.03,12,0.964,0.1296,21.02
2026-06-14 13:04:43,024,FBN1_016_711_92,0,0.0,15,1.0,0.1296,21.02
2026-06-14 13:14:46,024,FBN1_016_711_92,0,0.0,15,1.0,0.1296,21.0
2026-06-14 13:24:49,024,FBN1_016_711_92,0,0.0,15,1.0,0.1332,20.99
2026-06-14 13:34:52,024,FBN1_016_711_92,1,0.002,14,0.998,0.1332,20.98
2026-06-14 13:44:55,024,FBN1_016_711_92,0,0.0,15,1.0,0.1368,20.98
2026-06-14 13:54:58,024,FBN1_016_711_92,0,0.0,15,1.0,0.1368,20.98
2026-06-14 14:05:00,024,FBN1_016_711_92,1,0.002,15,0.998,0.1368,20.99
2026-06-14 14:15:04,024,FBN1_016_711_92,14,0.023,14,0.976,0.108,21.01
2026-06-14 14:25:07,024,FBN1_016_711_92,66,0.11,11,0.87,0.1296,21.04
2026-06-14 14:35:11,024,FBN1_016_711_92,268,0.446,2,0.23,0.162,21.06
2026-06-14 14:45:13,024,FBN1_016_711_92,187,0.311,6,0.562,0.1224,21.17
2026-06-14 14:55:17,024,FBN1_016_711_92,2,0.003,14,0.996,0.1152,21.12
2026-06-14 15:05:20,024,FBN1_016_711_92,20,0.033,13,0.963,0.1152,21.09
2026-06-14 15:15:23,024,FBN1_016_711_92,7,0.012,13,0.987,0.1152,21.06
2026-06-14 15:25:26,024,FBN1_016_711_92,0,0.0,15,1.0,0.1152,21.05
2026-06-14 15:35:29,024,FBN1_016_711_92,9,0.015,13,0.983,0.1152,21.04
2026-06-14 15:45:33,024,FBN1_016_711_92,4,0.007,14,0.993,0.1152,21.03
2026-06-14 15:56:04,024,FBN1_016_711_92,2,0.003,14,0.996,0.1152,21.08
2026-06-14 16:06:07,024,FBN1_016_711_92,1,0.002,14,0.998,0.1224,21.06
2026-06-14 16:16:09,024,FBN1_016_711_92,10,0.017,13,0.981,0.1152,21.04
2026-06-14 16:26:12,024,FBN1_016_711_92,2,0.003,15,0.997,0.1224,21.04
2026-06-14 16:36:15,024,FBN1_016_711_92,34,0.057,10,0.922,0.1152,21.04
2026-06-14 16:46:18,024,FBN1_016_711_92,100,0.166,5,0.667,0.1152,21.06
2026-06-14 16:56:21,024,FBN1_016_711_92,93,0.155,6,0.721,0.1296,21.09
2026-06-14 17:06:24,024,FBN1_016_711_92,65,0.108,9,0.847,0.1296,21.1
2026-06-14 17:16:27,024,FBN1_016_711_92,6,0.01,13,0.989,0.1296,21.08
2026-06-14 17:26:30,024,FBN1_016_711_92,8,0.013,14,0.986,0.1296,21.06
2026-06-14 17:36:32,024,FBN1_016_711_92,21,0.035,13,0.961,0.1368,21.05
2026-06-14 17:46:36,024,FBN1_016_711_92,90,0.15,4,0.64,0.1224,21.07
2026-06-14 17:56:39,024,FBN1_016_711_92,84,0.14,9,0.811,0.1224,21.09
2026-06-14 18:06:42,024,FBN1_016_711_92,16,0.027,12,0.968,0.0,21.1
2026-06-14 18:16:45,024,FBN1_016_711_92,76,0.126,12,0.863,0.0,21.09
2026-06-14 18:26:48,024,FBN1_016_711_92,309,0.514,3,0.28,0.0,21.2
2026-06-14 18:36:50,024,FBN1_016_711_92,359,0.597,2,0.182,0.0,21.29
2026-06-14 18:46:53,024,FBN1_016_711_92,218,0.363,5,0.478,0.0,21.25
2026-06-14 18:56:56,024,FBN1_016_711_92,265,0.441,6,0.475,0.0,21.25
2026-06-14 19:06:59,024,FBN1_016_711_92,192,0.319,8,0.625,0.0,21.23
2026-06-14 19:17:02,024,FBN1_016_711_92,267,0.444,3,0.31,0.0,21.25
2026-06-14 19:27:06,024,FBN1_016_711_92,324,0.539,2,0.198,0.0,21.24
2026-06-14 19:37:09,024,FBN1_016_711_92,212,0.353,6,0.531,0.0,21.25
2026-06-14 19:47:12,024,FBN1_016_711_92,7,0.012,13,0.987,0.0,21.25
2026-06-14 19:57:45,024,FBN1_016_711_92,44,0.073,11,0.909,0.0,21.3
2026-06-14 20:07:48,024,FBN1_016_711_92,3,0.005,14,0.995,0.0,21.25
2026-06-14 20:17:51,024,FBN1_016_711_92,37,0.062,13,0.934,0.0,21.22
2026-06-14 20:27:54,024,FBN1_016_711_92,194,0.323,6,0.553,0.0,21.2
2026-06-14 20:37:58,024,FBN1_016_711_92,218,0.363,7,0.562,0.0,21.25
2026-06-14 20:48:01,024,FBN1_016_711_92,250,0.416,4,0.39,0.0,21.26
2026-06-14 20:58:04,024,FBN1_016_711_92,288,0.479,5,0.41,0.0,21.27
2026-06-14 21:08:07,024,FBN1_016_711_92,178,0.296,7,0.611,0.0,21.28
2026-06-14 21:18:10,024,FBN1_016_711_92,92,0.153,11,0.827,0.0,21.26
2026-06-14 21:28:12,024,FBN1_016_711_92,186,0.31,8,0.632,0.0,21.32
2026-06-14 21:38:15,024,FBN1_016_711_92,349,0.58,1,0.103,0.0,21.47
2026-06-14 21:48:18,024,FBN1_016_711_92,131,0.218,10,0.753,0.0,21.49
2026-06-14 21:58:21,024,FBN1_016_711_92,352,0.586,5,0.362,0.0,21.46
2026-06-14 22:08:24,024,FBN1_016_711_92,106,0.177,10,0.791,0.0,21.36
2026-06-14 22:18:27,024,FBN1_016_711_92,27,0.045,12,0.947,0.0,21.29
2026-06-14 22:28:31,024,FBN1_016_711_92,16,0.027,13,0.97,0.0,21.23
2026-06-14 22:38:33,024,FBN1_016_711_92,32,0.053,12,0.938,0.0,21.18
2026-06-14 22:48:37,024,FBN1_016_711_92,23,0.038,12,0.954,0.0,21.16
2026-06-14 22:58:40,024,FBN1_016_711_92,37,0.062,13,0.934,0.0,21.14
2026-06-14 23:08:42,024,FBN1_016_711_92,154,0.256,9,0.7,0.0,21.12
2026-06-14 23:18:46,024,FBN1_016_711_92,407,0.677,0,0.0,0.0,21.25
2026-06-14 23:28:48,024,FBN1_016_711_92,153,0.255,7,0.647,0.0,21.32
2026-06-14 23:38:52,024,FBN1_016_711_92,81,0.135,10,0.832,0.0,21.28
2026-06-14 23:48:55,024,FBN1_016_711_92,23,0.038,14,0.961,0.0,21.25
2026-06-14 23:59:26,024,FBN1_016_711_92,201,0.336,7,0.582,0.0,21.34
2026-06-13 00:09:40,025,FBN1_016_711_93,2,0.003,14,0.996,0.0,21.35
2026-06-13 00:19:42,025,FBN1_016_711_93,0,0.0,15,1.0,0.0,21.3
2026-06-13 00:29:46,025,FBN1_016_711_93,0,0.0,15,1.0,0.0,21.26
2026-06-13 00:39:49,025,FBN1_016_711_93,0,0.0,15,1.0,0.0,21.22
2026-06-13 00:49:52,025,FBN1_016_711_93,0,0.0,15,1.0,0.0,21.19
2026-06-13 00:59:55,025,FBN1_016_711_93,0,0.0,15,1.0,0.0,21.17
2026-06-13 01:09:58,025,FBN1_016_711_93,2,0.003,14,0.996,0.0,21.16
2026-06-13 01:20:01,025,FBN1_016_711_93,0,0.0,15,1.0,0.0,21.14
2026-06-13 01:30:04,025,FBN1_016_711_93,0,0.0,15,1.0,0.0,21.13
2026-06-13 01:40:07,025,FBN1_016_711_93,9,0.015,14,0.984,0.0,21.13
2026-06-13 01:50:10,025,FBN1_016_711_93,141,0.235,5,0.587,0.0,21.21
2026-06-13 02:00:13,025,FBN1_016_711_93,128,0.213,10,0.758,0.0,21.24
2026-06-13 02:10:16,025,FBN1_016_711_93,135,0.225,8,0.703,0.0,21.29
2026-06-13 02:20:19,025,FBN1_016_711_93,47,0.078,13,0.917,0.0,21.26
2026-06-13 02:30:22,025,FBN1_016_711_93,220,0.366,7,0.56,0.0,21.26
2026-06-13 02:40:25,025,FBN1_016_711_93,38,0.063,10,0.913,0.0,21.25
2026-06-13 02:50:28,025,FBN1_016_711_93,0,0.0,15,1.0,0.0,21.22
2026-06-13 03:00:32,025,FBN1_016_711_93,0,0.0,15,1.0,0.0,21.19
2026-06-13 03:10:35,025,FBN1_016_711_93,0,0.0,15,1.0,0.0,21.16
2026-06-13 03:20:38,025,FBN1_016_711_93,0,0.0,15,1.0,0.0,21.13
2026-06-13 03:30:41,025,FBN1_016_711_93,0,0.0,15,1.0,0.0,21.11
2026-06-13 03:41:18,025,FBN1_016_711_93,0,0.0,15,1.0,0.0,21.19
2026-06-13 03:51:21,025,FBN1_016_711_93,0,0.0,15,1.0,0.0,21.15
2026-06-13 04:01:24,025,FBN1_016_711_93,0,0.0,15,1.0,0.0,21.13
2026-06-13 04:11:27,025,FBN1_016_711_93,0,0.0,15,1.0,0.0,21.11
2026-06-13 04:21:30,025,FBN1_016_711_93,7,0.012,15,0.988,0.0,21.09
2026-06-13 04:31:33,025,FBN1_016_711_93,34,0.056,8,0.904,0.0,21.1
2026-06-13 04:41:37,025,FBN1_016_711_93,62,0.103,9,0.853,0.0,21.15
2026-06-13 04:51:40,025,FBN1_016_711_93,120,0.2,10,0.769,0.0,21.22
2026-06-13 05:01:43,025,FBN1_016_711_93,69,0.115,11,0.864,0.0,21.22
2026-06-13 05:11:46,025,FBN1_016_711_93,149,0.248,6,0.617,0.0,21.26
2026-06-13 05:21:49,025,FBN1_016_711_93,67,0.111,13,0.886,0.0,21.29
2026-06-13 05:31:51,025,FBN1_016_711_93,129,0.215,8,0.713,0.0,21.32
2026-06-13 05:41:54,025,FBN1_016_711_93,214,0.356,5,0.483,0.0,21.38
2026-06-13 05:51:58,025,FBN1_016_711_93,249,0.414,2,0.243,0.0,21.49
2026-06-13 06:02:00,025,FBN1_016_711_93,304,0.506,2,0.208,0.3456,21.46
2026-06-13 06:12:03,025,FBN1_016_711_93,181,0.301,7,0.607,0.2412,21.45
2026-06-13 06:22:06,025,FBN1_016_711_93,2,0.003,14,0.996,0.2304,21.36
2026-06-13 06:32:08,025,FBN1_016_711_93,2,0.003,15,0.997,0.2304,21.29
2026-06-13 06:42:11,025,FBN1_016_711_93,0,0.0,15,1.0,0.234,21.22
2026-06-13 06:52:14,025,FBN1_016_711_93,2,0.003,15,0.997,0.2304,21.18
2026-06-13 07:02:17,025,FBN1_016_711_93,0,0.0,15,1.0,0.2232,21.16
2026-06-13 07:12:20,025,FBN1_016_711_93,1,0.002,15,0.998,0.234,21.13
2026-06-13 07:22:24,025,FBN1_016_711_93,0,0.0,15,1.0,0.2232,21.1
2026-06-13 07:32:27,025,FBN1_016_711_93,1,0.002,14,0.998,0.2232,21.08
2026-06-13 07:42:57,025,FBN1_016_711_93,9,0.015,14,0.984,0.2232,21.15
2026-06-13 07:53:00,025,FBN1_016_711_93,0,0.0,15,1.0,0.2232,21.1
2026-06-13 08:03:03,025,FBN1_016_711_93,0,0.0,15,1.0,0.2232,21.09
2026-06-13 08:13:06,025,FBN1_016_711_93,0,0.0,15,1.0,0.2232,21.08
2026-06-13 08:23:09,025,FBN1_016_711_93,0,0.0,15,1.0,0.2376,21.07
2026-06-13 08:33:12,025,FBN1_016_711_93,2,0.003,15,0.997,0.234,21.06
2026-06-13 08:43:14,025,FBN1_016_711_93,53,0.088,9,0.872,0.2016,21.09
2026-06-13 08:53:18,025,FBN1_016_711_93,5,0.008,13,0.99,0.2088,21.1
2026-06-13 09:03:21,025,FBN1_016_711_93,0,0.0,15,1.0,0.2088,21.1
2026-06-13 09:13:24,025,FBN1_016_711_93,0,0.0,15,1.0,0.2124,21.07
2026-06-13 09:23:26,025,FBN1_016_711_93,0,0.0,15,1.0,0.2088,21.07
2026-06-13 09:33:29,025,FBN1_016_711_93,0,0.0,15,1.0,0.2088,21.06
2026-06-13 09:43:32,025,FBN1_016_711_93,0,0.0,15,1.0,0.2232,21.06
2026-06-13 09:53:35,025,FBN1_016_711_93,0,0.0,15,1.0,0.234,21.07
2026-06-13 10:03:38,025,FBN1_016_711_93,0,0.0,15,1.0,0.2232,21.05
2026-06-13 10:13:42,025,FBN1_016_711_93,0,0.0,15,1.0,0.2088,21.05
2026-06-13 10:23:45,025,FBN1_016_711_93,0,0.0,15,1.0,0.2124,21.05
2026-06-13 10:33:47,025,FBN1_016_711_93,16,0.027,13,0.97,0.2088,21.07
2026-06-13 10:43:50,025,FBN1_016_711_93,0,0.0,15,1.0,0.234,21.07
2026-06-13 10:53:53,025,FBN1_016_711_93,0,0.0,15,1.0,0.2304,21.07
2026-06-13 11:03:56,025,FBN1_016_711_93,0,0.0,15,1.0,0.2088,21.06
2026-06-13 11:13:59,025,FBN1_016_711_93,0,0.0,15,1.0,0.2088,21.05
2026-06-13 11:24:02,025,FBN1_016_711_93,0,0.0,15,1.0,0.2088,21.04
2026-06-13 11:34:05,025,FBN1_016_711_93,0,0.0,15,1.0,0.234,21.02
2026-06-13 11:44:35,025,FBN1_016_711_93,0,0.0,15,1.0,0.234,21.08
2026-06-13 11:54:38,025,FBN1_016_711_93,0,0.0,15,1.0,0.234,21.03
2026-06-13 12:04:41,025,FBN1_016_711_93,0,0.0,15,1.0,0.2088,20.98
2026-06-13 12:14:44,025,FBN1_016_711_93,0,0.0,15,1.0,0.2232,20.94
2026-06-13 12:24:47,025,FBN1_016_711_93,42,0.07,12,0.92,0.2016,20.95
2026-06-13 12:34:49,025,FBN1_016_711_93,50,0.083,9,0.878,0.1584,20.98
2026-06-13 12:44:52,025,FBN1_016_711_93,3,0.005,15,0.995,0.2124,20.98
2026-06-13 12:54:55,025,FBN1_016_711_93,0,0.0,15,1.0,0.2124,21.0
2026-06-13 13:04:57,025,FBN1_016_711_93,0,0.0,15,1.0,0.2088,20.99
2026-06-13 13:15:00,025,FBN1_016_711_93,0,0.0,15,1.0,0.2088,21.01
2026-06-13 13:25:03,025,FBN1_016_711_93,0,0.0,15,1.0,0.2124,21.01
2026-06-13 13:35:06,025,FBN1_016_711_93,0,0.0,15,1.0,0.2088,21.0
2026-06-13 13:45:10,025,FBN1_016_711_93,0,0.0,15,1.0,0.2088,21.01
2026-06-13 13:55:13,025,FBN1_016_711_93,0,0.0,15,1.0,0.2088,20.99
2026-06-13 14:05:16,025,FBN1_016_711_93,0,0.0,15,1.0,0.2088,20.97
2026-06-13 14:15:18,025,FBN1_016_711_93,0,0.0,15,1.0,0.2088,20.97
2026-06-13 14:25:22,025,FBN1_016_711_93,0,0.0,15,1.0,0.2088,20.96
2026-06-13 14:35:24,025,FBN1_016_711_93,0,0.0,15,1.0,0.2088,20.95
2026-06-13 14:45:27,025,FBN1_016_711_93,0,0.0,15,1.0,0.2016,20.96
2026-06-13 14:55:30,025,FBN1_016_711_93,61,0.101,11,0.878,0.252,21.02
2026-06-13 15:05:33,025,FBN1_016_711_93,196,0.326,4,0.449,0.2196,21.08
2026-06-13 15:15:36,025,FBN1_016_711_93,0,0.0,15,1.0,0.216,21.07
2026-06-13 15:25:38,025,FBN1_016_711_93,0,0.0,15,1.0,0.216,21.06
2026-06-13 15:35:41,025,FBN1_016_711_93,0,0.0,15,1.0,0.2196,21.02
2026-06-13 15:46:19,025,FBN1_016_711_93,0,0.0,15,1.0,0.216,21.1
2026-06-13 15:56:22,025,FBN1_016_711_93,0,0.0,15,1.0,0.216,21.05
2026-06-13 16:06:25,025,FBN1_016_711_93,0,0.0,15,1.0,0.216,21.02
2026-06-13 16:16:28,025,FBN1_016_711_93,0,0.0,15,1.0,0.216,21.01
2026-06-13 16:26:31,025,FBN1_016_711_93,0,0.0,15,1.0,0.216,20.99
2026-06-13 16:36:34,025,FBN1_016_711_93,1,0.002,15,0.998,0.216,21.0
2026-06-13 16:46:37,025,FBN1_016_711_93,25,0.042,13,0.954,0.216,21.03
2026-06-13 16:56:40,025,FBN1_016_711_93,0,0.0,15,1.0,0.2268,21.04
2026-06-13 17:06:43,025,FBN1_016_711_93,0,0.0,15,1.0,0.216,21.04
2026-06-13 17:16:46,025,FBN1_016_711_93,0,0.0,15,1.0,0.2232,21.03
2026-06-13 17:26:49,025,FBN1_016_711_93,0,0.0,15,1.0,0.2232,21.02
2026-06-13 17:36:53,025,FBN1_016_711_93,0,0.0,15,1.0,0.2232,21.02
2026-06-13 17:46:55,025,FBN1_016_711_93,4,0.007,15,0.993,0.2232,21.03
2026-06-13 17:56:58,025,FBN1_016_711_93,40,0.067,11,0.917,0.216,21.08
2026-06-13 18:07:02,025,FBN1_016_711_93,58,0.097,12,0.892,0.0,21.13
2026-06-13 18:17:05,025,FBN1_016_711_93,249,0.414,5,0.445,0.0,21.19
2026-06-13 18:27:08,025,FBN1_016_711_93,261,0.434,4,0.38,0.0,21.28
2026-06-13 18:37:11,025,FBN1_016_711_93,298,0.495,1,0.118,0.0,21.39
2026-06-13 18:47:14,025,FBN1_016_711_93,174,0.29,8,0.648,0.0,21.36
2026-06-13 18:57:17,025,FBN1_016_711_93,232,0.386,4,0.408,0.0,21.41
2026-06-13 19:07:21,025,FBN1_016_711_93,267,0.444,4,0.375,0.0,21.43
2026-06-13 19:17:24,025,FBN1_016_711_93,226,0.376,5,0.469,0.0,21.46
2026-06-13 19:27:27,025,FBN1_016_711_93,281,0.468,0,0.0,0.0,21.45
2026-06-13 19:37:30,025,FBN1_016_711_93,0,0.0,15,1.0,0.0,21.44
2026-06-13 19:48:08,025,FBN1_016_711_93,121,0.202,7,0.698,0.0,21.5
2026-06-13 19:58:10,025,FBN1_016_711_93,88,0.146,8,0.784,0.0,21.48
2026-06-13 20:08:13,025,FBN1_016_711_93,11,0.018,14,0.981,0.0,21.44
2026-06-13 20:18:17,025,FBN1_016_711_93,238,0.396,2,0.252,0.0,21.42
2026-06-13 20:28:19,025,FBN1_016_711_93,322,0.536,0,0.0,0.0,21.53
2026-06-13 20:38:22,025,FBN1_016_711_93,256,0.426,2,0.238,0.0,21.58
2026-06-13 20:48:25,025,FBN1_016_711_93,142,0.237,11,0.756,0.0,21.53
2026-06-13 20:58:28,025,FBN1_016_711_93,374,0.621,1,0.097,0.0,21.61
2026-06-13 21:08:32,025,FBN1_016_711_93,250,0.416,2,0.242,0.0,21.6
2026-06-13 21:18:34,025,FBN1_016_711_93,114,0.19,10,0.778,0.0,21.57
2026-06-13 21:28:37,025,FBN1_016_711_93,122,0.203,11,0.783,0.0,21.49
2026-06-13 21:38:40,025,FBN1_016_711_93,213,0.354,5,0.484,0.0,21.48
2026-06-13 21:48:44,025,FBN1_016_711_93,307,0.511,3,0.281,0.0,21.46
2026-06-13 21:58:46,025,FBN1_016_711_93,166,0.276,5,0.546,0.0,21.44
2026-06-13 22:08:49,025,FBN1_016_711_93,195,0.324,6,0.552,0.0,21.42
2026-06-13 22:18:52,025,FBN1_016_711_93,193,0.321,8,0.624,0.0,21.37
2026-06-13 22:28:55,025,FBN1_016_711_93,81,0.135,11,0.845,0.0,21.33
2026-06-13 22:38:58,025,FBN1_016_711_93,176,0.293,6,0.577,0.0,21.32
2026-06-13 22:49:01,025,FBN1_016_711_93,118,0.197,7,0.704,0.0,21.38
2026-06-13 22:59:03,025,FBN1_016_711_93,141,0.235,9,0.719,0.0,21.43
2026-06-13 23:09:06,025,FBN1_016_711_93,121,0.202,8,0.726,0.0,21.39
2026-06-13 23:19:09,025,FBN1_016_711_93,103,0.171,10,0.795,0.0,21.33
2026-06-13 23:29:11,025,FBN1_016_711_93,416,0.692,1,0.088,0.0,21.33
2026-06-13 23:39:14,025,FBN1_016_711_93,122,0.203,9,0.747,0.0,21.35
2026-06-13 23:49:50,025,FBN1_016_711_93,262,0.438,4,0.379,0.0,21.47
2026-06-13 23:59:53,025,FBN1_016_711_93,103,0.171,8,0.757,0.0,21.39
2026-06-14 00:09:57,025,FBN1_016_711_93,0,0.0,15,1.0,0.0,21.29
2026-06-14 00:20:00,025,FBN1_016_711_93,0,0.0,15,1.0,0.0,21.23
2026-06-14 00:30:02,025,FBN1_016_711_93,0,0.0,15,1.0,0.0,21.18
2026-06-14 00:40:06,025,FBN1_016_711_93,0,0.0,15,1.0,0.0,21.13
2026-06-14 00:50:09,025,FBN1_016_711_93,0,0.0,15,1.0,0.0,21.1
2026-06-14 01:00:12,025,FBN1_016_711_93,0,0.0,15,1.0,0.0,21.07
2026-06-14 01:10:15,025,FBN1_016_711_93,0,0.0,15,1.0,0.0,21.06
2026-06-14 01:20:18,025,FBN1_016_711_93,0,0.0,15,1.0,0.0,21.06
2026-06-14 01:30:21,025,FBN1_016_711_93,0,0.0,15,1.0,0.0,21.05
2026-06-14 01:40:24,025,FBN1_016_711_93,0,0.0,15,1.0,0.0,21.04
2026-06-14 01:50:27,025,FBN1_016_711_93,36,0.06,10,0.917,0.0,21.06
2026-06-14 02:00:30,025,FBN1_016_711_93,194,0.323,7,0.591,0.0,21.14
2026-06-14 02:10:33,025,FBN1_016_711_93,104,0.173,10,0.794,0.0,21.14
2026-06-14 02:20:36,025,FBN1_016_711_93,44,0.073,11,0.909,0.0,21.15
2026-06-14 02:30:40,025,FBN1_016_711_93,263,0.438,3,0.313,0.0,21.18
2026-06-14 02:40:43,025,FBN1_016_711_93,39,0.065,11,0.919,0.0,21.19
2026-06-14 02:50:47,025,FBN1_016_711_93,0,0.0,15,1.0,0.0,21.18
2026-06-14 03:00:50,025,FBN1_016_711_93,1,0.002,15,0.998,0.0,21.16
2026-06-14 03:10:53,025,FBN1_016_711_93,0,0.0,15,1.0,0.0,21.12
2026-06-14 03:20:56,025,FBN1_016_711_93,0,0.0,15,1.0,0.0,21.11
2026-06-14 03:30:59,025,FBN1_016_711_93,0,0.0,15,1.0,0.0,21.08
2026-06-14 03:41:02,025,FBN1_016_711_93,52,0.087,12,0.902,0.0,21.1
2026-06-14 03:51:36,025,FBN1_016_711_93,93,0.156,10,0.811,0.0,21.21
2026-06-14 04:01:38,025,FBN1_016_711_93,87,0.145,11,0.835,0.0,21.17
2026-06-14 04:11:41,025,FBN1_016_711_93,120,0.2,9,0.75,0.0,21.2
2026-06-14 04:21:44,025,FBN1_016_711_93,28,0.047,13,0.949,0.0,21.17
2026-06-14 04:31:47,025,FBN1_016_711_93,154,0.256,9,0.7,0.0,21.21
2026-06-14 04:41:50,025,FBN1_016_711_93,72,0.12,12,0.87,0.0,21.19
2026-06-14 04:51:52,025,FBN1_016_711_93,188,0.313,5,0.515,0.0,21.2
2026-06-14 05:01:55,025,FBN1_016_711_93,0,0.0,15,1.0,0.0,21.18
2026-06-14 05:11:58,025,FBN1_016_711_93,2,0.003,14,0.996,0.0,21.14
2026-06-14 05:22:01,025,FBN1_016_711_93,0,0.0,15,1.0,0.0,21.11
2026-06-14 05:32:04,025,FBN1_016_711_93,5,0.008,15,0.992,0.0,21.09
2026-06-14 05:42:07,025,FBN1_016_711_93,5,0.008,14,0.991,0.0,21.08
2026-06-14 05:52:10,025,FBN1_016_711_93,6,0.01,14,0.989,0.0,21.07
2026-06-14 06:02:13,025,FBN1_016_711_93,36,0.06,13,0.935,0.2016,21.06
2026-06-14 06:12:16,025,FBN1_016_711_93,67,0.111,10,0.857,0.2088,21.08
2026-06-14 06:22:19,025,FBN1_016_711_93,62,0.103,12,0.886,0.2052,21.11
2026-06-14 06:32:22,025,FBN1_016_711_93,78,0.13,9,0.822,0.18,21.13
2026-06-14 06:42:25,025,FBN1_016_711_93,219,0.364,5,0.477,0.1584,21.16
2026-06-14 06:52:28,025,FBN1_016_711_93,0,0.0,15,1.0,0.1584,21.16
2026-06-14 07:02:31,025,FBN1_016_711_93,0,0.0,15,1.0,0.1584,21.14
2026-06-14 07:12:35,025,FBN1_016_711_93,5,0.008,13,0.99,0.1584,21.11
2026-06-14 07:22:37,025,FBN1_016_711_93,0,0.0,15,1.0,0.1584,21.1
2026-06-14 07:32:40,025,FBN1_016_711_93,0,0.0,15,1.0,0.1584,21.08
2026-06-14 07:42:43,025,FBN1_016_711_93,0,0.0,15,1.0,0.1584,21.06
2026-06-14 07:53:11,025,FBN1_016_711_93,0,0.0,15,1.0,0.1584,21.13
2026-06-14 08:03:14,025,FBN1_016_711_93,19,0.032,12,0.962,0.1584,21.07
2026-06-14 08:13:17,025,FBN1_016_711_93,8,0.013,14,0.986,0.1584,21.06
2026-06-14 08:23:20,025,FBN1_016_711_93,0,0.0,15,1.0,0.1584,21.06
2026-06-14 08:33:24,025,FBN1_016_711_93,1,0.002,15,0.998,0.1584,21.05
2026-06-14 08:43:27,025,FBN1_016_711_93,0,0.0,15,1.0,0.1584,21.04
2026-06-14 08:53:30,025,FBN1_016_711_93,0,0.0,15,1.0,0.1584,21.02
2026-06-14 09:03:33,025,FBN1_016_711_93,1,0.002,15,0.998,0.1584,21.03
2026-06-14 09:13:36,025,FBN1_016_711_93,30,0.05,10,0.93,0.1584,21.02
2026-06-14 09:23:39,025,FBN1_016_711_93,63,0.105,10,0.864,0.1584,21.05
2026-06-14 09:33:43,025,FBN1_016_711_93,0,0.0,15,1.0,0.1584,21.06
2026-06-14 09:43:46,025,FBN1_016_711_93,4,0.007,14,0.993,0.1728,21.05
2026-06-14 09:53:49,025,FBN1_016_711_93,3,0.005,15,0.995,0.1728,21.05
2026-06-14 10:03:52,025,FBN1_016_711_93,0,0.0,15,1.0,0.1584,21.03
2026-06-14 10:13:55,025,FBN1_016_711_93,0,0.0,15,1.0,0.1584,21.03
2026-06-14 10:23:58,025,FBN1_016_711_93,2,0.003,14,0.996,0.1584,21.02
2026-06-14 10:34:01,025,FBN1_016_711_93,0,0.0,15,1.0,0.1584,21.01
2026-06-14 10:44:04,025,FBN1_016_711_93,0,0.0,15,1.0,0.1584,21.01
2026-06-14 10:54:07,025,FBN1_016_711_93,10,0.017,14,0.982,0.1584,21.01
2026-06-14 11:04:10,025,FBN1_016_711_93,21,0.035,10,0.95,0.1584,21.03
2026-06-14 11:14:13,025,FBN1_016_711_93,58,0.097,10,0.873,0.1584,21.06
2026-06-14 11:24:16,025,FBN1_016_711_93,323,0.537,2,0.199,0.1512,21.19
2026-06-14 11:34:19,025,FBN1_016_711_93,2,0.003,14,0.996,0.1872,21.16
2026-06-14 11:44:22,025,FBN1_016_711_93,0,0.0,15,1.0,0.1872,21.13
2026-06-14 11:54:46,025,FBN1_016_711_93,0,0.0,15,1.0,0.1728,21.15
2026-06-14 12:04:49,025,FBN1_016_711_93,0,0.0,15,1.0,0.1728,21.11
2026-06-14 12:14:52,025,FBN1_016_711_93,0,0.0,15,1.0,0.1728,21.06
2026-06-14 12:24:55,025,FBN1_016_711_93,0,0.0,15,1.0,0.1728,21.04
2026-06-14 12:34:58,025,FBN1_016_711_93,0,0.0,15,1.0,0.1728,21.02
2026-06-14 12:45:01,025,FBN1_016_711_93,0,0.0,15,1.0,0.1728,21.01
2026-06-14 12:55:04,025,FBN1_016_711_93,0,0.0,15,1.0,0.1728,20.99
2026-06-14 13:05:06,025,FBN1_016_711_93,0,0.0,15,1.0,0.1836,20.98
2026-06-14 13:15:09,025,FBN1_016_711_93,0,0.0,15,1.0,0.18,20.97
2026-06-14 13:25:12,025,FBN1_016_711_93,0,0.0,15,1.0,0.18,20.97
2026-06-14 13:35:15,025,FBN1_016_711_93,0,0.0,15,1.0,0.1872,20.96
2026-06-14 13:45:18,025,FBN1_016_711_93,14,0.023,14,0.976,0.18,20.99
2026-06-14 13:55:22,025,FBN1_016_711_93,21,0.035,13,0.961,0.18,21.0
2026-06-14 14:05:24,025,FBN1_016_711_93,103,0.171,8,0.757,0.1512,21.01
2026-06-14 14:15:27,025,FBN1_016_711_93,42,0.07,11,0.913,0.2016,21.08
2026-06-14 14:25:30,025,FBN1_016_711_93,0,0.0,15,1.0,0.2016,21.06
2026-06-14 14:35:33,025,FBN1_016_711_93,0,0.0,15,1.0,0.2016,21.03
2026-06-14 14:45:35,025,FBN1_016_711_93,0,0.0,15,1.0,0.2016,21.01
2026-06-14 14:55:38,025,FBN1_016_711_93,0,0.0,15,1.0,0.2016,20.98
2026-06-14 15:05:42,025,FBN1_016_711_93,0,0.0,15,1.0,0.2016,20.97
2026-06-14 15:15:45,025,FBN1_016_711_93,0,0.0,15,1.0,0.2016,20.96
2026-06-14 15:25:48,025,FBN1_016_711_93,0,0.0,15,1.0,0.2016,20.95
2026-06-14 15:35:50,025,FBN1_016_711_93,0,0.0,15,1.0,0.2124,20.95
2026-06-14 15:45:54,025,FBN1_016_711_93,0,0.0,15,1.0,0.2196,20.94
2026-06-14 15:56:31,025,FBN1_016_711_93,0,0.0,15,1.0,0.2196,21.01
2026-06-14 16:06:34,025,FBN1_016_711_93,8,0.013,14,0.986,0.2124,21.01
2026-06-14 16:16:37,025,FBN1_016_711_93,26,0.043,13,0.952,0.2736,21.02
2026-06-14 16:26:40,025,FBN1_016_711_93,0,0.0,15,1.0,0.2736,21.0
2026-06-14 16:36:43,025,FBN1_016_711_93,0,0.0,15,1.0,0.2664,21.0
2026-06-14 16:46:46,025,FBN1_016_711_93,0,0.0,15,1.0,0.2664,20.98
2026-06-14 16:56:49,025,FBN1_016_711_93,0,0.0,15,1.0,0.2664,20.97
2026-06-14 17:06:51,025,FBN1_016_711_93,0,0.0,15,1.0,0.2664,20.98
2026-06-14 17:16:54,025,FBN1_016_711_93,0,0.0,15,1.0,0.2592,20.98
2026-06-14 17:26:58,025,FBN1_016_711_93,1,0.002,14,0.998,0.2808,20.99
2026-06-14 17:37:01,025,FBN1_016_711_93,1,0.002,15,0.998,0.2772,21.0
2026-06-14 17:47:05,025,FBN1_016_711_93,159,0.264,5,0.557,0.1656,21.06
2026-06-14 17:57:08,025,FBN1_016_711_93,70,0.116,10,0.851,0.2952,21.11
2026-06-14 18:07:11,025,FBN1_016_711_93,112,0.186,10,0.781,0.0,21.13
2026-06-14 18:17:14,025,FBN1_016_711_93,298,0.495,0,0.0,0.0,21.21
2026-06-14 18:27:17,025,FBN1_016_711_93,101,0.168,8,0.76,0.0,21.21
2026-06-14 18:37:20,025,FBN1_016_711_93,119,0.198,10,0.771,0.0,21.2
2026-06-14 18:47:22,025,FBN1_016_711_93,323,0.537,2,0.199,0.0,21.28
2026-06-14 18:57:25,025,FBN1_016_711_93,32,0.053,13,0.942,0.0,21.27
2026-06-14 19:07:28,025,FBN1_016_711_93,334,0.555,1,0.107,0.0,21.31
2026-06-14 19:17:30,025,FBN1_016_711_93,171,0.285,8,0.652,0.0,21.36
2026-06-14 19:27:33,025,FBN1_016_711_93,352,0.587,1,0.102,0.0,21.58
2026-06-14 19:37:36,025,FBN1_016_711_93,109,0.181,11,0.801,0.0,21.5
2026-06-14 19:47:38,025,FBN1_016_711_93,301,0.501,1,0.117,0.0,21.51
2026-06-14 19:58:13,025,FBN1_016_711_93,205,0.343,2,0.281,0.0,21.62
2026-06-14 20:08:16,025,FBN1_016_711_93,25,0.042,13,0.954,0.0,21.51
2026-06-14 20:18:20,025,FBN1_016_711_93,15,0.025,13,0.972,0.0,21.43
2026-06-14 20:28:23,025,FBN1_016_711_93,15,0.025,13,0.972,0.0,21.36
2026-06-14 20:38:26,025,FBN1_016_711_93,5,0.008,14,0.991,0.0,21.31
2026-06-14 20:48:29,025,FBN1_016_711_93,204,0.339,6,0.541,0.0,21.29
2026-06-14 20:58:32,025,FBN1_016_711_93,290,0.483,2,0.216,0.0,21.35
2026-06-14 21:08:34,025,FBN1_016_711_93,127,0.211,7,0.688,0.0,21.43
2026-06-14 21:18:38,025,FBN1_016_711_93,0,0.0,15,1.0,0.0,21.38
2026-06-14 21:28:41,025,FBN1_016_711_93,134,0.223,6,0.642,0.0,21.35
2026-06-14 21:38:44,025,FBN1_016_711_93,18,0.03,13,0.967,0.0,21.32
2026-06-14 21:48:47,025,FBN1_016_711_93,205,0.341,5,0.494,0.0,21.34
2026-06-14 21:58:50,025,FBN1_016_711_93,28,0.047,11,0.94,0.0,21.36
2026-06-14 22:08:53,025,FBN1_016_711_93,99,0.165,6,0.708,0.0,21.36
2026-06-14 22:18:56,025,FBN1_016_711_93,12,0.02,15,0.98,0.0,21.34
2026-06-14 22:28:59,025,FBN1_016_711_93,91,0.151,11,0.829,0.0,21.31
2026-06-14 22:39:02,025,FBN1_016_711_93,4,0.007,13,0.992,0.0,21.32
2026-06-14 22:49:05,025,FBN1_016_711_93,21,0.035,14,0.964,0.0,21.31
2026-06-14 22:59:08,025,FBN1_016_711_93,17,0.028,13,0.968,0.0,21.3
2026-06-14 23:09:11,025,FBN1_016_711_93,4,0.007,14,0.993,0.0,21.29
2026-06-14 23:19:13,025,FBN1_016_711_93,13,0.022,13,0.976,0.0,21.28
2026-06-14 23:29:17,025,FBN1_016_711_93,129,0.215,2,0.383,0.0,21.31
2026-06-14 23:39:21,025,FBN1_016_711_93,95,0.158,9,0.791,0.0,21.31
2026-06-14 23:49:23,025,FBN1_016_711_93,226,0.377,7,0.553,0.0,21.4
2026-06-14 23:59:53,025,FBN1_016_711_93,232,0.387,4,0.408,0.0,21.48
2026-06-13 00:00:01,004,FBN1_016_711_94,11,0.018,14,0.981,0.0,21.06
2026-06-13 00:10:03,004,FBN1_016_711_94,0,0.0,15,1.0,0.0,21.01
2026-06-13 00:20:06,004,FBN1_016_711_94,0,0.0,15,1.0,0.0,20.98
2026-06-13 00:30:08,004,FBN1_016_711_94,0,0.0,15,1.0,0.0,20.95
2026-06-13 00:40:11,004,FBN1_016_711_94,0,0.0,15,1.0,0.0,20.94
2026-06-13 00:50:14,004,FBN1_016_711_94,12,0.02,12,0.976,0.0,20.93
2026-06-13 01:00:16,004,FBN1_016_711_94,0,0.0,15,1.0,0.0,20.93
2026-06-13 01:10:18,004,FBN1_016_711_94,12,0.02,14,0.979,0.0,20.91
2026-06-13 01:20:21,004,FBN1_016_711_94,1,0.002,14,0.998,0.0,20.9
2026-06-13 01:30:24,004,FBN1_016_711_94,51,0.085,10,0.887,0.0,20.92
2026-06-13 01:40:26,004,FBN1_016_711_94,91,0.151,7,0.755,0.0,20.95
2026-06-13 01:50:29,004,FBN1_016_711_94,92,0.153,11,0.827,0.0,20.98
2026-06-13 02:00:31,004,FBN1_016_711_94,441,0.734,0,0.0,0.0,21.05
2026-06-13 02:10:34,004,FBN1_016_711_94,179,0.298,6,0.573,0.0,21.07
2026-06-13 02:20:37,004,FBN1_016_711_94,6,0.01,14,0.989,0.0,21.05
2026-06-13 02:30:39,004,FBN1_016_711_94,0,0.0,15,1.0,0.0,21.01
2026-06-13 02:40:42,004,FBN1_016_711_94,0,0.0,15,1.0,0.0,20.99
2026-06-13 02:50:44,004,FBN1_016_711_94,0,0.0,15,1.0,0.0,20.97
2026-06-13 03:00:47,004,FBN1_016_711_94,0,0.0,15,1.0,0.0,20.94
2026-06-13 03:10:49,004,FBN1_016_711_94,0,0.0,15,1.0,0.0,20.93
2026-06-13 03:20:52,004,FBN1_016_711_94,0,0.0,15,1.0,0.0,20.92
2026-06-13 03:31:24,004,FBN1_016_711_94,81,0.135,10,0.832,0.0,21.0
2026-06-13 03:41:27,004,FBN1_016_711_94,84,0.14,8,0.792,0.0,21.01
2026-06-13 03:51:30,004,FBN1_016_711_94,43,0.072,12,0.918,0.0,21.01
2026-06-13 04:01:33,004,FBN1_016_711_94,13,0.022,12,0.974,0.0,20.98
2026-06-13 04:11:35,004,FBN1_016_711_94,0,0.0,15,1.0,0.0,20.95
2026-06-13 04:21:38,004,FBN1_016_711_94,0,0.0,15,1.0,0.0,20.93
2026-06-13 04:31:41,004,FBN1_016_711_94,0,0.0,15,1.0,0.0,20.92
2026-06-13 04:41:43,004,FBN1_016_711_94,34,0.057,12,0.934,0.0,20.94
2026-06-13 04:51:46,004,FBN1_016_711_94,32,0.053,11,0.932,0.0,20.96
2026-06-13 05:01:48,004,FBN1_016_711_94,23,0.038,13,0.958,0.0,20.97
2026-06-13 05:11:51,004,FBN1_016_711_94,126,0.21,7,0.69,0.0,21.0
2026-06-13 05:21:54,004,FBN1_016_711_94,55,0.092,11,0.889,0.0,21.0
2026-06-13 05:31:57,004,FBN1_016_711_94,2,0.003,14,0.996,0.0,20.97
2026-06-13 05:41:59,004,FBN1_016_711_94,11,0.018,12,0.978,0.0,20.93
2026-06-13 05:52:01,004,FBN1_016_711_94,0,0.0,15,1.0,0.0,20.9
2026-06-13 06:02:04,004,FBN1_016_711_94,0,0.0,15,1.0,4.4424,20.88
2026-06-13 06:12:06,004,FBN1_016_711_94,0,0.0,15,1.0,4.446,20.87
2026-06-13 06:22:09,004,FBN1_016_711_94,0,0.0,15,1.0,4.4208,20.88
2026-06-13 06:32:11,004,FBN1_016_711_94,0,0.0,15,1.0,4.4064,20.87
2026-06-13 06:42:14,004,FBN1_016_711_94,0,0.0,15,1.0,4.4136,20.88
2026-06-13 06:52:17,004,FBN1_016_711_94,0,0.0,15,1.0,4.536,20.88
2026-06-13 07:02:20,004,FBN1_016_711_94,0,0.0,15,1.0,4.5288,20.88
2026-06-13 07:12:23,004,FBN1_016_711_94,0,0.0,15,1.0,4.5216,20.88
2026-06-13 07:22:26,004,FBN1_016_711_94,0,0.0,15,1.0,4.4856,20.88
2026-06-13 07:32:48,004,FBN1_016_711_94,0,0.0,15,1.0,4.4928,20.93
2026-06-13 07:42:51,004,FBN1_016_711_94,0,0.0,15,1.0,4.5072,20.91
2026-06-13 07:52:53,004,FBN1_016_711_94,0,0.0,15,1.0,4.4928,20.9
2026-06-13 08:02:56,004,FBN1_016_711_94,0,0.0,15,1.0,4.5,20.9
2026-06-13 08:12:58,004,FBN1_016_711_94,0,0.0,15,1.0,4.4928,20.89
2026-06-13 08:23:00,004,FBN1_016_711_94,0,0.0,15,1.0,4.4352,20.9
2026-06-13 08:33:03,004,FBN1_016_711_94,0,0.0,15,1.0,4.4568,20.91
2026-06-13 08:43:06,004,FBN1_016_711_94,0,0.0,15,1.0,4.4856,20.9
2026-06-13 08:53:09,004,FBN1_016_711_94,0,0.0,15,1.0,4.4568,20.89
2026-06-13 09:03:12,004,FBN1_016_711_94,0,0.0,15,1.0,4.4604,20.9
2026-06-13 09:13:14,004,FBN1_016_711_94,0,0.0,15,1.0,4.464,20.89
2026-06-13 09:23:16,004,FBN1_016_711_94,0,0.0,15,1.0,4.4712,20.89
2026-06-13 09:33:19,004,FBN1_016_711_94,0,0.0,15,1.0,4.4856,20.9
2026-06-13 09:43:22,004,FBN1_016_711_94,0,0.0,15,1.0,4.4784,20.91
2026-06-13 09:53:25,004,FBN1_016_711_94,0,0.0,15,1.0,4.482,20.91
2026-06-13 10:03:28,004,FBN1_016_711_94,0,0.0,15,1.0,4.4712,20.91
2026-06-13 10:13:31,004,FBN1_016_711_94,0,0.0,15,1.0,4.4568,20.91
2026-06-13 10:23:33,004,FBN1_016_711_94,0,0.0,15,1.0,4.4784,20.9
2026-06-13 10:33:37,004,FBN1_016_711_94,0,0.0,15,1.0,4.428,20.9
2026-06-13 10:43:39,004,FBN1_016_711_94,0,0.0,15,1.0,4.4604,20.88
2026-06-13 10:53:42,004,FBN1_016_711_94,0,0.0,15,1.0,4.4352,20.87
2026-06-13 11:03:44,004,FBN1_016_711_94,0,0.0,15,1.0,4.4208,20.87
2026-06-13 11:13:47,004,FBN1_016_711_94,0,0.0,15,1.0,4.4208,20.85
2026-06-13 11:23:50,004,FBN1_016_711_94,0,0.0,15,1.0,4.4172,20.85
2026-06-13 11:34:16,004,FBN1_016_711_94,0,0.0,15,1.0,4.2336,20.91
2026-06-13 11:44:18,004,FBN1_016_711_94,111,0.185,7,0.716,5.0544,20.91
2026-06-13 11:54:21,004,FBN1_016_711_94,26,0.043,13,0.952,4.9392,20.91
2026-06-13 12:04:24,004,FBN1_016_711_94,0,0.0,15,1.0,4.7952,20.85
2026-06-13 12:14:27,004,FBN1_016_711_94,0,0.0,15,1.0,4.7808,20.79
2026-06-13 12:24:29,004,FBN1_016_711_94,0,0.0,15,1.0,4.788,20.76
2026-06-13 12:34:32,004,FBN1_016_711_94,0,0.0,15,1.0,4.788,20.73
2026-06-13 12:44:35,004,FBN1_016_711_94,0,0.0,15,1.0,4.8024,20.72
2026-06-13 12:54:38,004,FBN1_016_711_94,0,0.0,15,1.0,4.7952,20.73
2026-06-13 13:04:41,004,FBN1_016_711_94,0,0.0,15,1.0,4.7952,20.74
2026-06-13 13:14:43,004,FBN1_016_711_94,0,0.0,15,1.0,4.7952,20.78
2026-06-13 13:24:46,004,FBN1_016_711_94,0,0.0,15,1.0,4.7664,20.8
2026-06-13 13:34:48,004,FBN1_016_711_94,0,0.0,15,1.0,4.7736,20.83
2026-06-13 13:44:51,004,FBN1_016_711_94,0,0.0,15,1.0,4.8528,20.82
2026-06-13 13:54:54,004,FBN1_016_711_94,13,0.022,14,0.977,4.8168,20.84
2026-06-13 14:04:57,004,FBN1_016_711_94,0,0.0,15,1.0,4.7952,20.83
2026-06-13 14:15:00,004,FBN1_016_711_94,0,0.0,15,1.0,4.7664,20.83
2026-06-13 14:25:03,004,FBN1_016_711_94,0,0.0,15,1.0,4.7592,20.82
2026-06-13 14:35:05,004,FBN1_016_711_94,0,0.0,15,1.0,4.788,20.79
2026-06-13 14:45:08,004,FBN1_016_711_94,0,0.0,15,1.0,4.7916,20.79
2026-06-13 14:55:10,004,FBN1_016_711_94,0,0.0,15,1.0,4.7808,20.77
2026-06-13 15:05:13,004,FBN1_016_711_94,0,0.0,15,1.0,4.7376,20.78
2026-06-13 15:15:16,004,FBN1_016_711_94,0,0.0,15,1.0,4.7448,20.77
2026-06-13 15:25:18,004,FBN1_016_711_94,0,0.0,15,1.0,4.7376,20.78
2026-06-13 15:35:47,004,FBN1_016_711_94,0,0.0,15,1.0,4.6944,20.85
2026-06-13 15:45:50,004,FBN1_016_711_94,0,0.0,15,1.0,4.7088,20.83
2026-06-13 15:55:52,004,FBN1_016_711_94,0,0.0,15,1.0,4.4712,20.83
2026-06-13 16:05:55,004,FBN1_016_711_94,27,0.045,12,0.947,4.284,20.87
2026-06-13 16:15:57,004,FBN1_016_711_94,0,0.0,15,1.0,4.4784,20.88
2026-06-13 16:26:00,004,FBN1_016_711_94,0,0.0,15,1.0,4.4676,20.88
2026-06-13 16:36:03,004,FBN1_016_711_94,0,0.0,15,1.0,4.518,20.88
2026-06-13 16:46:06,004,FBN1_016_711_94,0,0.0,15,1.0,4.5,20.88
2026-06-13 16:56:09,004,FBN1_016_711_94,0,0.0,15,1.0,4.572,20.86
2026-06-13 17:06:11,004,FBN1_016_711_94,0,0.0,15,1.0,4.5432,20.85
2026-06-13 17:16:14,004,FBN1_016_711_94,0,0.0,15,1.0,4.5396,20.84
2026-06-13 17:26:16,004,FBN1_016_711_94,0,0.0,15,1.0,4.5792,20.84
2026-06-13 17:36:19,004,FBN1_016_711_94,0,0.0,15,1.0,4.5432,20.83
2026-06-13 17:46:22,004,FBN1_016_711_94,26,0.043,13,0.952,5.184,20.85
2026-06-13 17:56:24,004,FBN1_016_711_94,0,0.0,15,1.0,5.1984,20.89
2026-06-13 18:06:27,004,FBN1_016_711_94,5,0.008,13,0.99,0.0,20.88
2026-06-13 18:16:29,004,FBN1_016_711_94,22,0.037,13,0.959,0.0,20.88
2026-06-13 18:26:32,004,FBN1_016_711_94,56,0.093,10,0.877,0.0,20.92
2026-06-13 18:36:35,004,FBN1_016_711_94,27,0.045,12,0.947,0.0,20.94
2026-06-13 18:46:37,004,FBN1_016_711_94,149,0.248,7,0.653,0.0,21.01
2026-06-13 18:56:39,004,FBN1_016_711_94,21,0.035,12,0.958,0.0,21.03
2026-06-13 19:06:43,004,FBN1_016_711_94,0,0.0,15,1.0,0.0,21.01
2026-06-13 19:16:46,004,FBN1_016_711_94,0,0.0,15,1.0,0.0,21.02
2026-06-13 19:26:49,004,FBN1_016_711_94,56,0.093,10,0.877,0.0,21.02
2026-06-13 19:37:19,004,FBN1_016_711_94,58,0.097,11,0.884,0.0,21.1
2026-06-13 19:47:21,004,FBN1_016_711_94,103,0.171,9,0.778,0.0,21.09
2026-06-13 19:57:24,004,FBN1_016_711_94,184,0.306,7,0.603,0.0,21.1
2026-06-13 20:07:27,004,FBN1_016_711_94,64,0.106,11,0.873,0.0,21.09
2026-06-13 20:17:29,004,FBN1_016_711_94,102,0.17,10,0.797,0.0,21.08
2026-06-13 20:27:32,004,FBN1_016_711_94,2,0.003,15,0.997,0.0,21.07
2026-06-13 20:37:35,004,FBN1_016_711_94,225,0.374,6,0.516,0.0,21.09
2026-06-13 20:47:37,004,FBN1_016_711_94,152,0.253,6,0.612,0.0,21.11
2026-06-13 20:57:40,004,FBN1_016_711_94,28,0.047,12,0.945,0.0,21.1
2026-06-13 21:07:42,004,FBN1_016_711_94,77,0.128,10,0.839,0.0,21.07
2026-06-13 21:17:45,004,FBN1_016_711_94,99,0.165,6,0.708,0.0,21.07
2026-06-13 21:27:48,004,FBN1_016_711_94,20,0.033,13,0.963,0.0,21.05
2026-06-13 21:37:51,004,FBN1_016_711_94,3,0.005,14,0.995,0.0,21.03
2026-06-13 21:47:53,004,FBN1_016_711_94,14,0.023,11,0.969,0.0,21.0
2026-06-13 21:57:57,004,FBN1_016_711_94,0,0.0,15,1.0,0.0,20.97
2026-06-13 22:07:59,004,FBN1_016_711_94,0,0.0,15,1.0,0.0,20.93
2026-06-13 22:18:02,004,FBN1_016_711_94,1,0.002,15,0.998,0.0,20.89
2026-06-13 22:28:05,004,FBN1_016_711_94,10,0.017,13,0.981,0.0,20.88
2026-06-13 22:38:07,004,FBN1_016_711_94,10,0.017,13,0.981,0.0,20.88
2026-06-13 22:48:09,004,FBN1_016_711_94,110,0.183,9,0.766,0.0,20.92
2026-06-13 22:58:12,004,FBN1_016_711_94,75,0.125,10,0.842,0.0,20.96
2026-06-13 23:08:15,004,FBN1_016_711_94,0,0.0,15,1.0,0.0,20.97
2026-06-13 23:18:18,004,FBN1_016_711_94,163,0.271,5,0.551,0.0,20.99
2026-06-13 23:28:20,004,FBN1_016_711_94,476,0.792,0,0.0,0.0,21.15
2026-06-13 23:38:57,004,FBN1_016_711_94,406,0.68,0,0.0,0.0,21.39
2026-06-13 23:49:00,004,FBN1_016_711_94,23,0.038,13,0.958,0.0,21.28
2026-06-13 23:59:02,004,FBN1_016_711_94,18,0.03,13,0.967,0.0,21.18
2026-06-14 00:09:05,004,FBN1_016_711_94,263,0.438,5,0.432,0.0,21.21
2026-06-14 00:19:08,004,FBN1_016_711_94,136,0.226,8,0.702,0.0,21.18
2026-06-14 00:29:10,004,FBN1_016_711_94,169,0.281,8,0.654,0.0,21.16
2026-06-14 00:39:13,004,FBN1_016_711_94,241,0.402,4,0.399,0.0,21.22
2026-06-14 00:49:16,004,FBN1_016_711_94,216,0.359,6,0.526,0.0,21.24
2026-06-14 00:59:18,004,FBN1_016_711_94,187,0.311,7,0.6,0.0,21.17
2026-06-14 01:09:21,004,FBN1_016_711_94,169,0.282,8,0.654,0.0,21.17
2026-06-14 01:19:24,004,FBN1_016_711_94,71,0.118,11,0.861,0.0,21.11
2026-06-14 01:29:26,004,FBN1_016_711_94,51,0.085,8,0.863,0.0,21.08
2026-06-14 01:39:29,004,FBN1_016_711_94,38,0.063,11,0.921,0.0,21.01
2026-06-14 01:49:32,004,FBN1_016_711_94,44,0.073,12,0.916,0.0,20.98
2026-06-14 01:59:34,004,FBN1_016_711_94,41,0.068,11,0.915,0.0,20.93
2026-06-14 02:09:37,004,FBN1_016_711_94,2,0.003,14,0.996,0.0,20.9
2026-06-14 02:19:40,004,FBN1_016_711_94,0,0.0,15,1.0,0.0,20.86
2026-06-14 02:29:42,004,FBN1_016_711_94,0,0.0,15,1.0,0.0,20.81
2026-06-14 02:39:45,004,FBN1_016_711_94,0,0.0,15,1.0,0.0,20.76
2026-06-14 02:49:48,004,FBN1_016_711_94,0,0.0,15,1.0,0.0,20.74
2026-06-14 02:59:50,004,FBN1_016_711_94,0,0.0,15,1.0,0.0,20.71
2026-06-14 03:09:53,004,FBN1_016_711_94,0,0.0,15,1.0,0.0,20.69
2026-06-14 03:19:56,004,FBN1_016_711_94,0,0.0,15,1.0,0.0,20.68
2026-06-14 03:29:59,004,FBN1_016_711_94,0,0.0,15,1.0,0.0,20.7
2026-06-14 03:40:39,004,FBN1_016_711_94,81,0.136,10,0.832,0.0,20.85
2026-06-14 03:50:42,004,FBN1_016_711_94,80,0.133,10,0.833,0.0,20.84
2026-06-14 04:00:44,004,FBN1_016_711_94,27,0.045,13,0.951,0.0,20.85
2026-06-14 04:10:47,004,FBN1_016_711_94,297,0.494,1,0.119,0.0,20.95
2026-06-14 04:20:50,004,FBN1_016_711_94,19,0.032,13,0.965,0.0,20.93
2026-06-14 04:30:52,004,FBN1_016_711_94,15,0.025,14,0.974,0.0,20.89
2026-06-14 04:40:55,004,FBN1_016_711_94,0,0.0,15,1.0,0.0,20.86
2026-06-14 04:50:57,004,FBN1_016_711_94,0,0.0,15,1.0,0.0,20.82
2026-06-14 05:01:00,004,FBN1_016_711_94,0,0.0,15,1.0,0.0,20.78
2026-06-14 05:11:02,004,FBN1_016_711_94,0,0.0,15,1.0,0.0,20.74
2026-06-14 05:21:05,004,FBN1_016_711_94,172,0.286,4,0.482,0.0,20.83
2026-06-14 05:31:07,004,FBN1_016_711_94,173,0.288,5,0.536,0.0,20.93
2026-06-14 05:41:10,004,FBN1_016_711_94,68,0.113,11,0.866,0.0,20.92
2026-06-14 05:51:13,004,FBN1_016_711_94,20,0.033,14,0.966,0.0,20.89
2026-06-14 06:01:16,004,FBN1_016_711_94,0,0.0,15,1.0,5.7708,20.83
2026-06-14 06:11:18,004,FBN1_016_711_94,0,0.0,15,1.0,5.7816,20.82
2026-06-14 06:21:21,004,FBN1_016_711_94,0,0.0,15,1.0,5.8284,20.79
2026-06-14 06:31:23,004,FBN1_016_711_94,0,0.0,15,1.0,5.8248,20.79
2026-06-14 06:41:26,004,FBN1_016_711_94,0,0.0,15,1.0,5.796,20.79
2026-06-14 06:51:29,004,FBN1_016_711_94,0,0.0,15,1.0,5.7744,20.78
2026-06-14 07:01:32,004,FBN1_016_711_94,0,0.0,15,1.0,5.8176,20.78
2026-06-14 07:11:35,004,FBN1_016_711_94,0,0.0,15,1.0,5.8248,20.78
2026-06-14 07:21:37,004,FBN1_016_711_94,0,0.0,15,1.0,5.8248,20.79
2026-06-14 07:31:40,004,FBN1_016_711_94,0,0.0,15,1.0,5.922,20.78
2026-06-14 07:42:06,004,FBN1_016_711_94,0,0.0,15,1.0,5.8968,20.84
2026-06-14 07:52:09,004,FBN1_016_711_94,0,0.0,15,1.0,5.9832,20.81
2026-06-14 08:02:11,004,FBN1_016_711_94,15,0.025,14,0.974,5.9508,20.84
2026-06-14 08:12:14,004,FBN1_016_711_94,0,0.0,15,1.0,6.048,20.84
2026-06-14 08:22:16,004,FBN1_016_711_94,0,0.0,15,1.0,6.0624,20.85
2026-06-14 08:32:19,004,FBN1_016_711_94,0,0.0,15,1.0,6.0696,20.84
2026-06-14 08:42:22,004,FBN1_016_711_94,0,0.0,15,1.0,6.084,20.83
2026-06-14 08:52:24,004,FBN1_016_711_94,0,0.0,15,1.0,6.0624,20.83
2026-06-14 09:02:27,004,FBN1_016_711_94,0,0.0,15,1.0,6.1128,20.82
2026-06-14 09:12:29,004,FBN1_016_711_94,0,0.0,15,1.0,6.2352,20.82
2026-06-14 09:22:32,004,FBN1_016_711_94,0,0.0,15,1.0,6.2352,20.82
2026-06-14 09:32:35,004,FBN1_016_711_94,0,0.0,15,1.0,6.2856,20.8
2026-06-14 09:42:38,004,FBN1_016_711_94,0,0.0,15,1.0,6.3216,20.81
2026-06-14 09:52:41,004,FBN1_016_711_94,0,0.0,15,1.0,6.3288,20.82
2026-06-14 10:02:43,004,FBN1_016_711_94,0,0.0,15,1.0,6.336,20.82
2026-06-14 10:12:46,004,FBN1_016_711_94,0,0.0,15,1.0,6.3792,20.84
2026-06-14 10:22:48,004,FBN1_016_711_94,0,0.0,15,1.0,6.3684,20.84
2026-06-14 10:32:51,004,FBN1_016_711_94,0,0.0,15,1.0,6.3288,20.84
2026-06-14 10:42:54,004,FBN1_016_711_94,0,0.0,15,1.0,6.4152,20.84
2026-06-14 10:52:56,004,FBN1_016_711_94,0,0.0,15,1.0,6.3936,20.85
2026-06-14 11:02:59,004,FBN1_016_711_94,0,0.0,15,1.0,6.4872,20.85
2026-06-14 11:13:02,004,FBN1_016_711_94,28,0.047,11,0.94,5.8392,20.87
2026-06-14 11:23:04,004,FBN1_016_711_94,22,0.037,12,0.956,5.6592,20.91
2026-06-14 11:33:07,004,FBN1_016_711_94,0,0.0,15,1.0,6.6672,20.89
2026-06-14 11:43:42,004,FBN1_016_711_94,0,0.0,15,1.0,6.7572,20.97
2026-06-14 11:53:44,004,FBN1_016_711_94,0,0.0,15,1.0,6.7536,20.92
2026-06-14 12:03:48,004,FBN1_016_711_94,0,0.0,15,1.0,6.7536,20.9
2026-06-14 12:13:50,004,FBN1_016_711_94,0,0.0,15,1.0,6.7788,20.88
2026-06-14 12:23:53,004,FBN1_016_711_94,0,0.0,15,1.0,6.768,20.87
2026-06-14 12:33:55,004,FBN1_016_711_94,0,0.0,15,1.0,6.7968,20.87
2026-06-14 12:43:58,004,FBN1_016_711_94,0,0.0,15,1.0,6.8184,20.86
2026-06-14 12:54:01,004,FBN1_016_711_94,0,0.0,15,1.0,6.8148,20.85
2026-06-14 13:04:04,004,FBN1_016_711_94,0,0.0,15,1.0,6.8688,20.85
2026-06-14 13:14:06,004,FBN1_016_711_94,0,0.0,15,1.0,6.876,20.84
2026-06-14 13:24:08,004,FBN1_016_711_94,0,0.0,15,1.0,6.8544,20.84
2026-06-14 13:34:11,004,FBN1_016_711_94,0,0.0,15,1.0,6.8184,20.84
2026-06-14 13:44:14,004,FBN1_016_711_94,0,0.0,15,1.0,6.8328,20.83
2026-06-14 13:54:17,004,FBN1_016_711_94,0,0.0,15,1.0,6.8328,20.83
2026-06-14 14:04:19,004,FBN1_016_711_94,11,0.018,14,0.981,7.2828,20.85
2026-06-14 14:14:21,004,FBN1_016_711_94,16,0.027,14,0.972,6.948,20.88
2026-06-14 14:24:24,004,FBN1_016_711_94,0,0.0,15,1.0,6.9408,20.87
2026-06-14 14:34:26,004,FBN1_016_711_94,0,0.0,15,1.0,6.948,20.87
2026-06-14 14:44:28,004,FBN1_016_711_94,0,0.0,15,1.0,6.9912,20.86
2026-06-14 14:54:31,004,FBN1_016_711_94,0,0.0,15,1.0,6.9984,20.86
2026-06-14 15:04:34,004,FBN1_016_711_94,0,0.0,15,1.0,7.0128,20.84
2026-06-14 15:14:36,004,FBN1_016_711_94,0,0.0,15,1.0,6.984,20.85
2026-06-14 15:24:39,004,FBN1_016_711_94,0,0.0,15,1.0,6.984,20.85
2026-06-14 15:34:42,004,FBN1_016_711_94,0,0.0,15,1.0,6.9912,20.83
2026-06-14 15:45:12,004,FBN1_016_711_94,0,0.0,15,1.0,7.0056,20.89
2026-06-14 15:55:14,004,FBN1_016_711_94,0,0.0,15,1.0,6.9984,20.87
2026-06-14 16:05:16,004,FBN1_016_711_94,0,0.0,15,1.0,7.002,20.86
2026-06-14 16:15:19,004,FBN1_016_711_94,0,0.0,15,1.0,6.9696,20.86
2026-06-14 16:25:21,004,FBN1_016_711_94,0,0.0,15,1.0,6.9444,20.87
2026-06-14 16:35:24,004,FBN1_016_711_94,0,0.0,15,1.0,6.9552,20.87
2026-06-14 16:45:27,004,FBN1_016_711_94,0,0.0,15,1.0,6.948,20.87
2026-06-14 16:55:29,004,FBN1_016_711_94,0,0.0,15,1.0,6.9624,20.87
2026-06-14 17:05:32,004,FBN1_016_711_94,0,0.0,15,1.0,6.9336,20.87
2026-06-14 17:15:34,004,FBN1_016_711_94,0,0.0,15,1.0,6.9552,20.88
2026-06-14 17:25:37,004,FBN1_016_711_94,0,0.0,15,1.0,6.9768,20.87
2026-06-14 17:35:40,004,FBN1_016_711_94,0,0.0,15,1.0,6.9912,20.88
2026-06-14 17:45:42,004,FBN1_016_711_94,7,0.012,14,0.988,6.318,20.9
2026-06-14 17:55:45,004,FBN1_016_711_94,8,0.013,14,0.986,6.984,20.94
2026-06-14 18:05:49,004,FBN1_016_711_94,0,0.0,15,1.0,0.0,20.93
2026-06-14 18:15:51,004,FBN1_016_711_94,48,0.08,10,0.893,0.0,20.92
2026-06-14 18:25:53,004,FBN1_016_711_94,200,0.333,5,0.5,0.0,21.04
2026-06-14 18:35:56,004,FBN1_016_711_94,163,0.271,5,0.551,0.0,21.06
2026-06-14 18:45:58,004,FBN1_016_711_94,113,0.188,9,0.761,0.0,21.12
2026-06-14 18:56:01,004,FBN1_016_711_94,140,0.233,8,0.696,0.0,21.1
2026-06-14 19:06:03,004,FBN1_016_711_94,222,0.369,4,0.419,0.0,21.12
2026-06-14 19:16:06,004,FBN1_016_711_94,7,0.012,14,0.988,0.0,21.1
2026-06-14 19:26:09,004,FBN1_016_711_94,13,0.022,12,0.974,0.0,21.08
2026-06-14 19:36:11,004,FBN1_016_711_94,4,0.007,13,0.992,0.0,21.06
2026-06-14 19:46:39,004,FBN1_016_711_94,156,0.261,7,0.642,0.0,21.13
2026-06-14 19:56:42,004,FBN1_016_711_94,58,0.097,12,0.892,0.0,21.11
2026-06-14 20:06:44,004,FBN1_016_711_94,39,0.065,12,0.925,0.0,21.1
2026-06-14 20:16:47,004,FBN1_016_711_94,184,0.307,4,0.465,0.0,21.16
2026-06-14 20:26:50,004,FBN1_016_711_94,3,0.005,13,0.994,0.0,21.12
2026-06-14 20:36:52,004,FBN1_016_711_94,0,0.0,15,1.0,0.0,21.11
2026-06-14 20:46:55,004,FBN1_016_711_94,39,0.065,11,0.919,0.0,21.1
2026-06-14 20:56:57,004,FBN1_016_711_94,0,0.0,15,1.0,0.0,21.06
2026-06-14 21:07:00,004,FBN1_016_711_94,0,0.0,15,1.0,0.0,21.04
2026-06-14 21:17:02,004,FBN1_016_711_94,1,0.002,14,0.998,0.0,21.01
2026-06-14 21:27:04,004,FBN1_016_711_94,0,0.0,15,1.0,0.0,21.0
2026-06-14 21:37:06,004,FBN1_016_711_94,11,0.018,13,0.979,0.0,21.02
2026-06-14 21:47:09,004,FBN1_016_711_94,269,0.448,2,0.229,0.0,21.12
2026-06-14 21:57:12,004,FBN1_016_711_94,105,0.175,9,0.774,0.0,21.15
2026-06-14 22:07:14,004,FBN1_016_711_94,0,0.0,15,1.0,0.0,21.12
2026-06-14 22:17:17,004,FBN1_016_711_94,54,0.09,8,0.856,0.0,21.14
2026-06-14 22:27:20,004,FBN1_016_711_94,9,0.015,14,0.984,0.0,21.12
2026-06-14 22:37:22,004,FBN1_016_711_94,107,0.178,9,0.771,0.0,21.12
2026-06-14 22:47:25,004,FBN1_016_711_94,393,0.654,1,0.092,0.0,21.33
2026-06-14 22:57:28,004,FBN1_016_711_94,47,0.078,13,0.917,0.0,21.29
2026-06-14 23:07:30,004,FBN1_016_711_94,102,0.17,7,0.733,0.0,21.21
2026-06-14 23:17:32,004,FBN1_016_711_94,1,0.002,14,0.998,0.0,21.17
2026-06-14 23:27:35,004,FBN1_016_711_94,46,0.077,10,0.897,0.0,21.15
2026-06-14 23:37:38,004,FBN1_016_711_94,13,0.022,14,0.977,0.0,21.11
2026-06-14 23:48:06,004,FBN1_016_711_94,2,0.003,15,0.997,0.0,21.14
2026-06-14 23:58:09,004,FBN1_016_711_94,4,0.007,13,0.992,0.0,21.07
2026-06-13 00:05:18,050,FBN1_016_711_95,194,0.323,2,0.292,0.0,21.79
2026-06-13 00:15:20,050,FBN1_016_711_95,60,0.1,10,0.87,0.0,21.75
2026-06-13 00:25:24,050,FBN1_016_711_95,187,0.311,6,0.562,0.0,21.77
2026-06-13 00:35:27,050,FBN1_016_711_95,128,0.213,4,0.556,0.0,21.89
2026-06-13 00:45:30,050,FBN1_016_711_95,210,0.349,3,0.364,0.0,21.94
2026-06-13 00:55:32,050,FBN1_016_711_95,75,0.125,12,0.865,0.0,21.81
2026-06-13 01:05:35,050,FBN1_016_711_95,34,0.057,12,0.934,0.0,21.64
2026-06-13 01:15:38,050,FBN1_016_711_95,0,0.0,14,1.0,0.0,21.52
2026-06-13 01:25:41,050,FBN1_016_711_95,0,0.0,14,1.0,0.0,21.4
2026-06-13 01:35:44,050,FBN1_016_711_95,0,0.0,14,1.0,0.0,21.31
2026-06-13 01:45:48,050,FBN1_016_711_95,0,0.0,14,1.0,0.0,21.26
2026-06-13 01:55:50,050,FBN1_016_711_95,0,0.0,14,1.0,0.0,21.21
2026-06-13 02:05:53,050,FBN1_016_711_95,0,0.0,14,1.0,0.0,21.17
2026-06-13 02:15:57,050,FBN1_016_711_95,0,0.0,14,1.0,0.0,21.14
2026-06-13 02:25:58,050,FBN1_016_711_95,0,0.0,14,1.0,0.0,21.12
2026-06-13 02:36:01,050,FBN1_016_711_95,0,0.0,14,1.0,0.0,21.12
2026-06-13 02:46:03,050,FBN1_016_711_95,12,0.02,13,0.977,0.0,21.11
2026-06-13 02:56:06,050,FBN1_016_711_95,158,0.263,5,0.559,0.0,21.23
2026-06-13 03:06:09,050,FBN1_016_711_95,158,0.263,5,0.559,0.0,21.42
2026-06-13 03:16:12,050,FBN1_016_711_95,193,0.321,5,0.509,0.0,21.5
2026-06-13 03:26:14,050,FBN1_016_711_95,146,0.243,5,0.578,0.0,21.61
2026-06-13 03:36:17,050,FBN1_016_711_95,194,0.323,5,0.508,0.0,21.7
2026-06-13 03:46:20,050,FBN1_016_711_95,120,0.199,5,0.625,0.0,21.76
2026-06-13 03:56:45,050,FBN1_016_711_95,183,0.305,4,0.466,0.0,21.89
2026-06-13 04:06:48,050,FBN1_016_711_95,102,0.169,6,0.702,0.0,21.76
2026-06-13 04:16:52,050,FBN1_016_711_95,241,0.4,2,0.249,0.0,21.77
2026-06-13 04:26:56,050,FBN1_016_711_95,94,0.156,6,0.719,0.0,21.7
2026-06-13 04:36:58,050,FBN1_016_711_95,204,0.339,3,0.37,0.0,21.72
2026-06-13 04:47:01,050,FBN1_016_711_95,206,0.343,3,0.368,0.0,21.81
2026-06-13 04:57:04,050,FBN1_016_711_95,77,0.128,10,0.839,0.0,21.78
2026-06-13 05:07:08,050,FBN1_016_711_95,228,0.379,2,0.26,0.0,21.78
2026-06-13 05:17:10,050,FBN1_016_711_95,56,0.093,12,0.896,0.0,21.66
2026-06-13 05:27:13,050,FBN1_016_711_95,55,0.092,12,0.897,0.0,21.57
2026-06-13 05:37:17,050,FBN1_016_711_95,0,0.0,14,1.0,0.0,21.44
2026-06-13 05:47:20,050,FBN1_016_711_95,0,0.0,14,1.0,0.0,21.32
2026-06-13 05:57:23,050,FBN1_016_711_95,0,0.0,14,1.0,0.0,21.24
2026-06-13 06:07:26,050,FBN1_016_711_95,0,0.0,14,1.0,0.3024,21.19
2026-06-13 06:17:29,050,FBN1_016_711_95,0,0.0,14,1.0,0.306,21.17
2026-06-13 06:27:32,050,FBN1_016_711_95,0,0.0,14,1.0,0.3024,21.13
2026-06-13 06:37:35,050,FBN1_016_711_95,0,0.0,14,1.0,0.3024,21.1
2026-06-13 06:47:37,050,FBN1_016_711_95,0,0.0,14,1.0,0.2952,21.09
2026-06-13 06:57:41,050,FBN1_016_711_95,0,0.0,14,1.0,0.3024,21.06
2026-06-13 07:07:44,050,FBN1_016_711_95,23,0.038,13,0.958,0.2736,21.06
2026-06-13 07:17:47,050,FBN1_016_711_95,62,0.103,9,0.853,0.2556,21.12
2026-06-13 07:27:49,050,FBN1_016_711_95,122,0.203,8,0.724,0.3168,21.18
2026-06-13 07:37:52,050,FBN1_016_711_95,0,0.0,14,1.0,0.3204,21.17
2026-06-13 07:47:54,050,FBN1_016_711_95,0,0.0,14,1.0,0.3168,21.14
2026-06-13 07:58:16,050,FBN1_016_711_95,0,0.0,14,1.0,0.3168,21.16
2026-06-13 08:08:17,050,FBN1_016_711_95,0,0.0,14,1.0,0.3204,21.12
2026-06-13 08:18:20,050,FBN1_016_711_95,0,0.0,14,1.0,0.3204,21.1
2026-06-13 08:28:23,050,FBN1_016_711_95,0,0.0,14,1.0,0.324,21.08
2026-06-13 08:38:26,050,FBN1_016_711_95,0,0.0,14,1.0,0.3168,21.07
2026-06-13 08:48:28,050,FBN1_016_711_95,0,0.0,14,1.0,0.3168,21.06
2026-06-13 08:58:31,050,FBN1_016_711_95,0,0.0,14,1.0,0.3276,21.05
2026-06-13 09:08:33,050,FBN1_016_711_95,0,0.0,14,1.0,0.3168,21.05
2026-06-13 09:18:37,050,FBN1_016_711_95,0,0.0,14,1.0,0.3168,21.04
2026-06-13 09:28:39,050,FBN1_016_711_95,0,0.0,14,1.0,0.3168,21.04
2026-06-13 09:38:42,050,FBN1_016_711_95,0,0.0,14,1.0,0.3168,21.02
2026-06-13 09:48:46,050,FBN1_016_711_95,45,0.075,11,0.907,0.3384,21.09
2026-06-13 09:58:48,050,FBN1_016_711_95,36,0.06,11,0.924,0.3456,21.11
2026-06-13 10:08:50,050,FBN1_016_711_95,0,0.0,14,1.0,0.3024,21.11
2026-06-13 10:18:53,050,FBN1_016_711_95,0,0.0,14,1.0,0.3024,21.1
2026-06-13 10:28:56,050,FBN1_016_711_95,0,0.0,14,1.0,0.3024,21.1
2026-06-13 10:38:59,050,FBN1_016_711_95,0,0.0,14,1.0,0.3528,21.08
2026-06-13 10:49:01,050,FBN1_016_711_95,0,0.0,14,1.0,0.3528,21.07
2026-06-13 10:59:04,050,FBN1_016_711_95,0,0.0,14,1.0,0.3132,21.06
2026-06-13 11:09:07,050,FBN1_016_711_95,0,0.0,14,1.0,0.306,21.05
2026-06-13 11:19:10,050,FBN1_016_711_95,0,0.0,14,1.0,0.3024,21.04
2026-06-13 11:29:13,050,FBN1_016_711_95,39,0.065,12,0.925,0.3312,21.07
2026-06-13 11:39:16,050,FBN1_016_711_95,47,0.078,9,0.885,0.324,21.09
2026-06-13 11:49:19,050,FBN1_016_711_95,147,0.245,5,0.576,0.2016,21.25
2026-06-13 11:59:39,050,FBN1_016_711_95,29,0.048,13,0.947,0.342,21.23
2026-06-13 12:09:43,050,FBN1_016_711_95,0,0.0,14,1.0,0.3384,21.13
2026-06-13 12:19:46,050,FBN1_016_711_95,0,0.0,14,1.0,0.342,21.03
2026-06-13 12:29:49,050,FBN1_016_711_95,0,0.0,14,1.0,0.3456,20.97
2026-06-13 12:39:51,050,FBN1_016_711_95,0,0.0,14,1.0,0.3456,20.93
2026-06-13 12:49:54,050,FBN1_016_711_95,0,0.0,14,1.0,0.3492,20.91
2026-06-13 12:59:57,050,FBN1_016_711_95,0,0.0,14,1.0,0.3456,20.9
2026-06-13 13:09:59,050,FBN1_016_711_95,0,0.0,14,1.0,0.3456,20.91
2026-06-13 13:20:03,050,FBN1_016_711_95,0,0.0,14,1.0,0.3456,20.92
2026-06-13 13:30:06,050,FBN1_016_711_95,0,0.0,14,1.0,0.3384,20.95
2026-06-13 13:40:09,050,FBN1_016_711_95,39,0.065,10,0.911,0.3384,20.99
2026-06-13 13:50:12,050,FBN1_016_711_95,23,0.038,13,0.958,0.3492,21.01
2026-06-13 14:00:16,050,FBN1_016_711_95,0,0.0,14,1.0,0.3384,21.01
2026-06-13 14:10:18,050,FBN1_016_711_95,0,0.0,14,1.0,0.3492,21.0
2026-06-13 14:20:21,050,FBN1_016_711_95,0,0.0,14,1.0,0.3384,20.98
2026-06-13 14:30:24,050,FBN1_016_711_95,0,0.0,14,1.0,0.3384,20.96
2026-06-13 14:40:28,050,FBN1_016_711_95,0,0.0,14,1.0,0.3384,20.95
2026-06-13 14:50:31,050,FBN1_016_711_95,0,0.0,14,1.0,0.3384,20.94
2026-06-13 15:00:34,050,FBN1_016_711_95,20,0.033,13,0.963,0.3384,20.96
2026-06-13 15:10:37,050,FBN1_016_711_95,111,0.185,8,0.742,0.288,21.05
2026-06-13 15:20:39,050,FBN1_016_711_95,27,0.045,13,0.951,0.3096,21.09
2026-06-13 15:30:42,050,FBN1_016_711_95,0,0.0,14,1.0,0.3096,21.09
2026-06-13 15:40:45,050,FBN1_016_711_95,0,0.0,14,1.0,0.3168,21.07
2026-06-13 15:50:48,050,FBN1_016_711_95,0,0.0,14,1.0,0.3204,21.06
2026-06-13 16:01:09,050,FBN1_016_711_95,0,0.0,14,1.0,0.3132,21.08
2026-06-13 16:11:11,050,FBN1_016_711_95,0,0.0,14,1.0,0.3168,21.05
2026-06-13 16:21:14,050,FBN1_016_711_95,0,0.0,14,1.0,0.3132,21.03
2026-06-13 16:31:18,050,FBN1_016_711_95,0,0.0,14,1.0,0.3024,21.02
2026-06-13 16:41:21,050,FBN1_016_711_95,130,0.216,4,0.552,0.2772,21.16
2026-06-13 16:51:24,050,FBN1_016_711_95,82,0.136,6,0.745,0.2808,21.33
2026-06-13 17:01:27,050,FBN1_016_711_95,105,0.175,5,0.656,0.27,21.4
2026-06-13 17:11:31,050,FBN1_016_711_95,214,0.356,1,0.157,0.2628,21.54
2026-06-13 17:21:33,050,FBN1_016_711_95,31,0.052,11,0.934,0.2952,21.49
2026-06-13 17:31:36,050,FBN1_016_711_95,0,0.0,14,1.0,0.2952,21.41
2026-06-13 17:41:39,050,FBN1_016_711_95,0,0.0,14,1.0,0.2952,21.32
2026-06-13 17:51:42,050,FBN1_016_711_95,0,0.0,14,1.0,0.2952,21.25
2026-06-13 18:01:45,050,FBN1_016_711_95,69,0.115,10,0.853,0.0,21.25
2026-06-13 18:11:49,050,FBN1_016_711_95,187,0.311,2,0.3,0.0,21.35
2026-06-13 18:21:51,050,FBN1_016_711_95,219,0.364,4,0.422,0.0,21.52
2026-06-13 18:31:54,050,FBN1_016_711_95,204,0.339,3,0.37,0.0,21.62
2026-06-13 18:41:57,050,FBN1_016_711_95,210,0.349,3,0.364,0.0,21.72
2026-06-13 18:52:00,050,FBN1_016_711_95,201,0.334,5,0.499,0.0,21.79
2026-06-13 19:02:03,050,FBN1_016_711_95,212,0.353,4,0.43,0.0,21.8
2026-06-13 19:12:06,050,FBN1_016_711_95,239,0.397,1,0.143,0.0,21.81
2026-06-13 19:22:09,050,FBN1_016_711_95,128,0.213,7,0.686,0.0,21.78
2026-06-13 19:32:13,050,FBN1_016_711_95,207,0.344,3,0.367,0.0,21.76
2026-06-13 19:42:15,050,FBN1_016_711_95,149,0.248,4,0.518,0.0,21.79
2026-06-13 19:52:18,050,FBN1_016_711_95,180,0.3,4,0.471,0.0,21.88
2026-06-13 20:02:42,050,FBN1_016_711_95,123,0.206,7,0.695,0.0,21.87
2026-06-13 20:12:44,050,FBN1_016_711_95,130,0.216,8,0.711,0.0,21.82
2026-06-13 20:22:47,050,FBN1_016_711_95,73,0.121,9,0.831,0.0,21.73
2026-06-13 20:32:50,050,FBN1_016_711_95,190,0.316,5,0.513,0.0,21.72
2026-06-13 20:42:53,050,FBN1_016_711_95,208,0.346,4,0.435,0.0,21.75
2026-06-13 20:52:56,050,FBN1_016_711_95,97,0.161,8,0.767,0.0,21.7
2026-06-13 21:02:59,050,FBN1_016_711_95,126,0.21,7,0.69,0.0,21.64
2026-06-13 21:13:03,050,FBN1_016_711_95,181,0.301,3,0.399,0.0,21.74
2026-06-13 21:23:06,050,FBN1_016_711_95,102,0.17,7,0.733,0.0,21.67
2026-06-13 21:33:09,050,FBN1_016_711_95,176,0.292,4,0.476,0.0,21.67
2026-06-13 21:43:12,050,FBN1_016_711_95,105,0.175,6,0.696,0.0,21.64
2026-06-13 21:53:15,050,FBN1_016_711_95,123,0.205,6,0.661,0.0,21.62
2026-06-13 22:03:18,050,FBN1_016_711_95,155,0.257,5,0.563,0.0,21.63
2026-06-13 22:13:21,050,FBN1_016_711_95,139,0.231,6,0.633,0.0,21.65
2026-06-13 22:23:24,050,FBN1_016_711_95,140,0.233,6,0.632,0.0,21.66
2026-06-13 22:33:27,050,FBN1_016_711_95,115,0.191,8,0.736,0.0,21.6
2026-06-13 22:43:30,050,FBN1_016_711_95,176,0.293,4,0.476,0.0,21.69
2026-06-13 22:53:33,050,FBN1_016_711_95,138,0.23,7,0.67,0.0,21.67
2026-06-13 23:03:36,050,FBN1_016_711_95,116,0.193,8,0.734,0.0,21.64
2026-06-13 23:13:39,050,FBN1_016_711_95,193,0.321,3,0.383,0.0,21.66
2026-06-13 23:23:43,050,FBN1_016_711_95,89,0.148,8,0.782,0.0,21.62
2026-06-13 23:33:46,050,FBN1_016_711_95,55,0.092,10,0.879,0.0,21.56
2026-06-13 23:43:48,050,FBN1_016_711_95,0,0.0,14,1.0,0.0,21.49
2026-06-13 23:53:51,050,FBN1_016_711_95,0,0.0,14,1.0,0.0,21.42
2026-06-14 00:04:16,050,FBN1_016_711_95,0,0.0,14,1.0,0.0,21.37
2026-06-14 00:14:19,050,FBN1_016_711_95,0,0.0,14,1.0,0.0,21.31
2026-06-14 00:24:22,050,FBN1_016_711_95,0,0.0,14,1.0,0.0,21.26
2026-06-14 00:34:24,050,FBN1_016_711_95,0,0.0,14,1.0,0.0,21.22
2026-06-14 00:44:27,050,FBN1_016_711_95,0,0.0,14,1.0,0.0,21.2
2026-06-14 00:54:30,050,FBN1_016_711_95,0,0.0,14,1.0,0.0,21.17
2026-06-14 01:04:33,050,FBN1_016_711_95,0,0.0,14,1.0,0.0,21.17
2026-06-14 01:14:37,050,FBN1_016_711_95,0,0.0,14,1.0,0.0,21.17
2026-06-14 01:24:40,050,FBN1_016_711_95,106,0.176,7,0.725,0.0,21.21
2026-06-14 01:34:43,050,FBN1_016_711_95,180,0.299,5,0.526,0.0,21.33
2026-06-14 01:44:46,050,FBN1_016_711_95,163,0.271,6,0.596,0.0,21.45
2026-06-14 01:54:49,050,FBN1_016_711_95,208,0.346,4,0.435,0.0,21.54
2026-06-14 02:04:53,050,FBN1_016_711_95,193,0.321,3,0.383,0.0,21.56
2026-06-14 02:14:56,050,FBN1_016_711_95,96,0.16,7,0.745,0.0,21.5
2026-06-14 02:24:59,050,FBN1_016_711_95,287,0.478,2,0.218,0.0,21.63
2026-06-14 02:35:01,050,FBN1_016_711_95,71,0.118,10,0.849,0.0,21.52
2026-06-14 02:45:04,050,FBN1_016_711_95,68,0.113,9,0.841,0.0,21.46
2026-06-14 02:55:07,050,FBN1_016_711_95,58,0.097,11,0.884,0.0,21.43
2026-06-14 03:05:10,050,FBN1_016_711_95,0,0.0,14,1.0,0.0,21.35
2026-06-14 03:15:12,050,FBN1_016_711_95,0,0.0,14,1.0,0.0,21.27
2026-06-14 03:25:16,050,FBN1_016_711_95,0,0.0,14,1.0,0.0,21.23
2026-06-14 03:35:18,050,FBN1_016_711_95,0,0.0,14,1.0,0.0,21.19
2026-06-14 03:45:22,050,FBN1_016_711_95,0,0.0,14,1.0,0.0,21.14
2026-06-14 03:55:25,050,FBN1_016_711_95,0,0.0,14,1.0,0.0,21.12
2026-06-14 04:05:46,050,FBN1_016_711_95,0,0.0,14,1.0,0.0,21.14
2026-06-14 04:15:50,050,FBN1_016_711_95,0,0.0,14,1.0,0.0,21.1
2026-06-14 04:25:53,050,FBN1_016_711_95,41,0.068,12,0.921,0.0,21.11
2026-06-14 04:35:56,050,FBN1_016_711_95,134,0.223,5,0.599,0.0,21.3
2026-06-14 04:45:58,050,FBN1_016_711_95,114,0.19,9,0.759,0.0,21.35
2026-06-14 04:56:01,050,FBN1_016_711_95,156,0.26,5,0.562,0.0,21.45
2026-06-14 05:06:03,050,FBN1_016_711_95,247,0.411,2,0.245,0.0,21.55
2026-06-14 05:16:06,050,FBN1_016_711_95,168,0.28,6,0.588,0.0,21.52
2026-06-14 05:26:09,050,FBN1_016_711_95,175,0.291,6,0.578,0.0,21.57
2026-06-14 05:36:13,050,FBN1_016_711_95,69,0.115,9,0.839,0.0,21.44
2026-06-14 05:46:15,050,FBN1_016_711_95,204,0.339,4,0.44,0.0,21.55
2026-06-14 05:56:18,050,FBN1_016_711_95,116,0.193,6,0.674,0.0,21.52
2026-06-14 06:06:21,050,FBN1_016_711_95,65,0.108,10,0.86,0.216,21.44
2026-06-14 06:16:24,050,FBN1_016_711_95,0,0.0,14,1.0,0.1944,21.35
2026-06-14 06:26:26,050,FBN1_016_711_95,143,0.238,3,0.456,0.2412,21.32
2026-06-14 06:36:28,050,FBN1_016_711_95,32,0.053,11,0.932,0.2592,21.25
2026-06-14 06:46:32,050,FBN1_016_711_95,0,0.0,14,1.0,0.2628,21.18
2026-06-14 06:56:35,050,FBN1_016_711_95,0,0.0,14,1.0,0.2628,21.1
2026-06-14 07:06:37,050,FBN1_016_711_95,0,0.0,14,1.0,0.2664,21.04
2026-06-14 07:16:40,050,FBN1_016_711_95,0,0.0,14,1.0,0.2592,20.99
2026-06-14 07:26:42,050,FBN1_016_711_95,0,0.0,14,1.0,0.27,20.96
2026-06-14 07:36:46,050,FBN1_016_711_95,0,0.0,14,1.0,0.2592,20.93
2026-06-14 07:46:49,050,FBN1_016_711_95,0,0.0,14,1.0,0.2592,20.92
2026-06-14 07:56:52,050,FBN1_016_711_95,0,0.0,14,1.0,0.2592,20.91
2026-06-14 08:07:11,050,FBN1_016_711_95,0,0.0,14,1.0,0.2592,20.95
2026-06-14 08:17:15,050,FBN1_016_711_95,0,0.0,14,1.0,0.2592,20.92
2026-06-14 08:27:18,050,FBN1_016_711_95,0,0.0,14,1.0,0.2592,20.91
2026-06-14 08:37:21,050,FBN1_016_711_95,0,0.0,14,1.0,0.27,20.9
2026-06-14 08:47:24,050,FBN1_016_711_95,79,0.131,10,0.835,0.2268,20.95
2026-06-14 08:57:27,050,FBN1_016_711_95,24,0.04,13,0.956,0.1656,20.98
2026-06-14 09:07:31,050,FBN1_016_711_95,47,0.078,12,0.911,0.2628,21.02
2026-06-14 09:17:33,050,FBN1_016_711_95,13,0.022,13,0.976,0.2628,21.0
2026-06-14 09:27:37,050,FBN1_016_711_95,0,0.0,14,1.0,0.252,20.99
2026-06-14 09:37:39,050,FBN1_016_711_95,0,0.0,14,1.0,0.306,20.96
2026-06-14 09:47:42,050,FBN1_016_711_95,0,0.0,14,1.0,0.2952,20.95
2026-06-14 09:57:45,050,FBN1_016_711_95,0,0.0,14,1.0,0.2952,20.95
2026-06-14 10:07:48,050,FBN1_016_711_95,0,0.0,14,1.0,0.252,20.93
2026-06-14 10:17:51,050,FBN1_016_711_95,0,0.0,14,1.0,0.252,20.92
2026-06-14 10:27:54,050,FBN1_016_711_95,0,0.0,14,1.0,0.252,20.92
2026-06-14 10:37:57,050,FBN1_016_711_95,0,0.0,14,1.0,0.252,20.94
2026-06-14 10:48:00,050,FBN1_016_711_95,8,0.013,14,0.986,0.2448,20.91
2026-06-14 10:58:03,050,FBN1_016_711_95,20,0.033,11,0.957,0.2232,20.96
2026-06-14 11:08:06,050,FBN1_016_711_95,37,0.062,11,0.922,0.1224,20.98
2026-06-14 11:18:10,050,FBN1_016_711_95,14,0.023,12,0.972,0.2304,21.0
2026-06-14 11:28:13,050,FBN1_016_711_95,0,0.0,14,1.0,0.2304,20.96
2026-06-14 11:38:16,050,FBN1_016_711_95,0,0.0,14,1.0,0.2772,20.97
2026-06-14 11:48:17,050,FBN1_016_711_95,0,0.0,14,1.0,0.2736,20.96
2026-06-14 11:58:21,050,FBN1_016_711_95,0,0.0,14,1.0,0.234,20.95
2026-06-14 12:08:45,050,FBN1_016_711_95,0,0.0,14,1.0,0.234,21.0
2026-06-14 12:18:48,050,FBN1_016_711_95,0,0.0,14,1.0,0.2304,20.98
2026-06-14 12:28:52,050,FBN1_016_711_95,0,0.0,14,1.0,0.2304,20.97
2026-06-14 12:38:55,050,FBN1_016_711_95,0,0.0,14,1.0,0.2232,20.96
2026-06-14 12:48:59,050,FBN1_016_711_95,0,0.0,14,1.0,0.2232,20.96
2026-06-14 12:59:02,050,FBN1_016_711_95,50,0.083,9,0.878,0.2304,21.04
2026-06-14 13:09:05,050,FBN1_016_711_95,0,0.0,14,1.0,0.2376,21.03
2026-06-14 13:19:08,050,FBN1_016_711_95,0,0.0,14,1.0,0.2376,21.02
2026-06-14 13:29:10,050,FBN1_016_711_95,0,0.0,14,1.0,0.2376,21.01
2026-06-14 13:39:13,050,FBN1_016_711_95,0,0.0,14,1.0,0.2376,20.99
2026-06-14 13:49:16,050,FBN1_016_711_95,0,0.0,14,1.0,0.2304,20.99
2026-06-14 13:59:18,050,FBN1_016_711_95,24,0.04,12,0.952,0.2304,21.01
2026-06-14 14:09:21,050,FBN1_016_711_95,17,0.028,12,0.966,0.2232,21.01
2026-06-14 14:19:24,050,FBN1_016_711_95,0,0.0,14,1.0,0.2232,21.01
2026-06-14 14:29:27,050,FBN1_016_711_95,0,0.0,14,1.0,0.2232,20.99
2026-06-14 14:39:30,050,FBN1_016_711_95,0,0.0,14,1.0,0.2268,20.98
2026-06-14 14:49:33,050,FBN1_016_711_95,10,0.017,13,0.981,0.2232,20.98
2026-06-14 14:59:36,050,FBN1_016_711_95,0,0.0,14,1.0,0.2232,20.96
2026-06-14 15:09:39,050,FBN1_016_711_95,0,0.0,14,1.0,0.2232,20.97
2026-06-14 15:19:42,050,FBN1_016_711_95,0,0.0,14,1.0,0.2232,20.96
2026-06-14 15:29:45,050,FBN1_016_711_95,0,0.0,14,1.0,0.2232,20.96
2026-06-14 15:39:47,050,FBN1_016_711_95,74,0.123,8,0.812,0.2196,21.06
2026-06-14 15:49:50,050,FBN1_016_711_95,45,0.075,12,0.914,0.2268,21.11
2026-06-14 15:59:54,050,FBN1_016_711_95,16,0.027,13,0.97,0.2304,21.11
2026-06-14 16:10:09,050,FBN1_016_711_95,0,0.0,14,1.0,0.2304,21.1
2026-06-14 16:20:12,050,FBN1_016_711_95,0,0.0,14,1.0,0.2304,21.07
2026-06-14 16:30:14,050,FBN1_016_711_95,0,0.0,14,1.0,0.2304,21.04
2026-06-14 16:40:17,050,FBN1_016_711_95,0,0.0,14,1.0,0.2304,21.02
2026-06-14 16:50:21,050,FBN1_016_711_95,0,0.0,14,1.0,0.2304,21.02
2026-06-14 17:00:23,050,FBN1_016_711_95,20,0.033,13,0.963,0.2268,21.01
2026-06-14 17:10:25,050,FBN1_016_711_95,100,0.167,7,0.737,0.2304,21.12
2026-06-14 17:20:28,050,FBN1_016_711_95,84,0.14,9,0.811,0.2304,21.18
2026-06-14 17:30:31,050,FBN1_016_711_95,60,0.1,11,0.88,0.2196,21.2
2026-06-14 17:40:35,050,FBN1_016_711_95,0,0.0,14,1.0,0.216,21.19
2026-06-14 17:50:38,050,FBN1_016_711_95,0,0.0,14,1.0,0.216,21.14
2026-06-14 18:00:41,050,FBN1_016_711_95,0,0.0,14,1.0,0.0,21.12
2026-06-14 18:10:44,050,FBN1_016_711_95,189,0.314,4,0.458,0.0,21.21
2026-06-14 18:20:47,050,FBN1_016_711_95,234,0.389,3,0.339,0.0,21.45
2026-06-14 18:30:51,050,FBN1_016_711_95,196,0.326,4,0.449,0.0,21.53
2026-06-14 18:40:54,050,FBN1_016_711_95,179,0.298,4,0.472,0.0,21.59
2026-06-14 18:50:58,050,FBN1_016_711_95,96,0.16,8,0.769,0.0,21.52
2026-06-14 19:01:01,050,FBN1_016_711_95,175,0.291,5,0.533,0.0,21.6
2026-06-14 19:11:04,050,FBN1_016_711_95,129,0.215,7,0.685,0.0,21.54
2026-06-14 19:21:07,050,FBN1_016_711_95,159,0.265,5,0.557,0.0,21.56
2026-06-14 19:31:10,050,FBN1_016_711_95,236,0.392,1,0.145,0.0,21.66
2026-06-14 19:41:13,050,FBN1_016_711_95,51,0.085,12,0.904,0.0,21.67
2026-06-14 19:51:15,050,FBN1_016_711_95,210,0.349,3,0.364,0.0,21.65
2026-06-14 20:01:19,050,FBN1_016_711_95,149,0.248,4,0.518,0.0,21.7
2026-06-14 20:11:35,050,FBN1_016_711_95,161,0.269,5,0.554,0.0,21.73
2026-06-14 20:21:38,050,FBN1_016_711_95,194,0.322,3,0.382,0.0,21.78
2026-06-14 20:31:41,050,FBN1_016_711_95,210,0.349,3,0.364,0.0,21.76
2026-06-14 20:41:43,050,FBN1_016_711_95,194,0.323,4,0.452,0.0,21.8
2026-06-14 20:51:46,050,FBN1_016_711_95,128,0.213,6,0.652,0.0,21.74
2026-06-14 21:01:49,050,FBN1_016_711_95,134,0.223,6,0.642,0.0,21.7
2026-06-14 21:11:52,050,FBN1_016_711_95,158,0.263,4,0.503,0.0,21.67
2026-06-14 21:21:55,050,FBN1_016_711_95,181,0.301,5,0.525,0.0,21.66
2026-06-14 21:31:59,050,FBN1_016_711_95,92,0.153,9,0.796,0.0,21.66
2026-06-14 21:42:02,050,FBN1_016_711_95,142,0.236,4,0.53,0.0,21.67
2026-06-14 21:52:05,050,FBN1_016_711_95,151,0.251,3,0.443,0.0,21.66
2026-06-14 22:02:08,050,FBN1_016_711_95,209,0.348,3,0.365,0.0,21.69
2026-06-14 22:12:11,050,FBN1_016_711_95,101,0.168,6,0.704,0.0,21.71
2026-06-14 22:22:14,050,FBN1_016_711_95,217,0.361,3,0.356,0.0,21.72
2026-06-14 22:32:17,050,FBN1_016_711_95,190,0.316,3,0.387,0.0,21.76
2026-06-14 22:42:20,050,FBN1_016_711_95,91,0.152,9,0.798,0.0,21.71
2026-06-14 22:52:22,050,FBN1_016_711_95,121,0.201,7,0.698,0.0,21.7
2026-06-14 23:02:26,050,FBN1_016_711_95,112,0.186,7,0.714,0.0,21.63
2026-06-14 23:12:29,050,FBN1_016_711_95,83,0.138,8,0.794,0.0,21.59
2026-06-14 23:22:32,050,FBN1_016_711_95,124,0.206,6,0.659,0.0,21.59
2026-06-14 23:32:35,050,FBN1_016_711_95,132,0.219,6,0.645,0.0,21.55
2026-06-14 23:42:38,050,FBN1_016_711_95,110,0.183,8,0.744,0.0,21.54
2026-06-14 23:52:41,050,FBN1_016_711_95,93,0.155,8,0.775,0.0,21.51
2026-06-13 00:05:35,036,FBN1_016_711_96,257,0.427,2,0.237,0.0,21.94
2026-06-13 00:15:38,036,FBN1_016_711_96,211,0.351,3,0.363,0.0,22.05
2026-06-13 00:25:41,036,FBN1_016_711_96,113,0.188,10,0.78,0.0,21.88
2026-06-13 00:35:44,036,FBN1_016_711_96,105,0.174,10,0.792,0.0,21.73
2026-06-13 00:45:47,036,FBN1_016_711_96,29,0.048,12,0.943,0.0,21.6
2026-06-13 00:55:49,036,FBN1_016_711_96,0,0.0,14,1.0,0.0,21.48
2026-06-13 01:05:52,036,FBN1_016_711_96,0,0.0,14,1.0,0.0,21.38
2026-06-13 01:15:55,036,FBN1_016_711_96,0,0.0,14,1.0,0.0,21.3
2026-06-13 01:25:58,036,FBN1_016_711_96,0,0.0,14,1.0,0.0,21.25
2026-06-13 01:36:00,036,FBN1_016_711_96,0,0.0,14,1.0,0.0,21.22
2026-06-13 01:46:04,036,FBN1_016_711_96,0,0.0,14,1.0,0.0,21.19
2026-06-13 01:56:06,036,FBN1_016_711_96,1,0.002,14,0.998,0.0,21.16
2026-06-13 02:06:09,036,FBN1_016_711_96,0,0.0,14,1.0,0.0,21.14
2026-06-13 02:16:12,036,FBN1_016_711_96,0,0.0,14,1.0,0.0,21.14
2026-06-13 02:26:15,036,FBN1_016_711_96,0,0.0,14,1.0,0.0,21.12
2026-06-13 02:36:19,036,FBN1_016_711_96,2,0.003,14,0.996,0.0,21.11
2026-06-13 02:46:22,036,FBN1_016_711_96,0,0.0,14,1.0,0.0,21.09
2026-06-13 02:56:25,036,FBN1_016_711_96,0,0.0,14,1.0,0.0,21.1
2026-06-13 03:06:28,036,FBN1_016_711_96,0,0.0,14,1.0,0.0,21.11
2026-06-13 03:16:31,036,FBN1_016_711_96,85,0.141,10,0.825,0.0,21.17
2026-06-13 03:26:34,036,FBN1_016_711_96,118,0.196,8,0.731,0.0,21.25
2026-06-13 03:36:37,036,FBN1_016_711_96,0,0.0,14,1.0,0.0,21.26
2026-06-13 03:46:55,036,FBN1_016_711_96,259,0.432,0,0.0,0.0,21.63
2026-06-13 03:56:59,036,FBN1_016_711_96,120,0.199,9,0.75,0.0,21.68
2026-06-13 04:07:01,036,FBN1_016_711_96,19,0.032,11,0.959,0.0,21.58
2026-06-13 04:17:04,036,FBN1_016_711_96,0,0.0,14,1.0,0.0,21.49
2026-06-13 04:27:07,036,FBN1_016_711_96,0,0.0,14,1.0,0.0,21.42
2026-06-13 04:37:10,036,FBN1_016_711_96,0,0.0,14,1.0,0.0,21.38
2026-06-13 04:47:13,036,FBN1_016_711_96,0,0.0,14,1.0,0.0,21.33
2026-06-13 04:57:16,036,FBN1_016_711_96,0,0.0,14,1.0,0.0,21.29
2026-06-13 05:07:20,036,FBN1_016_711_96,0,0.0,14,1.0,0.0,21.25
2026-06-13 05:17:22,036,FBN1_016_711_96,0,0.0,14,1.0,0.0,21.23
2026-06-13 05:27:25,036,FBN1_016_711_96,38,0.063,13,0.932,0.0,21.23
2026-06-13 05:37:29,036,FBN1_016_711_96,108,0.18,10,0.787,0.0,21.29
2026-06-13 05:47:32,036,FBN1_016_711_96,247,0.411,3,0.327,0.0,21.47
2026-06-13 05:57:35,036,FBN1_016_711_96,97,0.161,8,0.767,0.0,21.45
2026-06-13 06:07:38,036,FBN1_016_711_96,54,0.09,11,0.891,0.1764,21.43
2026-06-13 06:17:41,036,FBN1_016_711_96,76,0.126,9,0.826,0.144,21.4
2026-06-13 06:27:45,036,FBN1_016_711_96,92,0.153,10,0.813,0.1476,21.39
2026-06-13 06:37:48,036,FBN1_016_711_96,63,0.105,10,0.864,0.1512,21.37
2026-06-13 06:47:51,036,FBN1_016_711_96,54,0.09,11,0.891,0.1512,21.33
2026-06-13 06:57:54,036,FBN1_016_711_96,0,0.0,14,1.0,0.1512,21.27
2026-06-13 07:07:58,036,FBN1_016_711_96,0,0.0,14,1.0,0.1512,21.22
2026-06-13 07:18:00,036,FBN1_016_711_96,0,0.0,14,1.0,0.1512,21.18
2026-06-13 07:28:03,036,FBN1_016_711_96,0,0.0,14,1.0,0.1512,21.14
2026-06-13 07:38:06,036,FBN1_016_711_96,0,0.0,14,1.0,0.1512,21.13
2026-06-13 07:48:21,036,FBN1_016_711_96,0,0.0,14,1.0,0.1512,21.12
2026-06-13 07:58:24,036,FBN1_016_711_96,0,0.0,14,1.0,0.1512,21.1
2026-06-13 08:08:27,036,FBN1_016_711_96,0,0.0,14,1.0,0.1512,21.09
2026-06-13 08:18:30,036,FBN1_016_711_96,0,0.0,14,1.0,0.1512,21.08
2026-06-13 08:28:33,036,FBN1_016_711_96,0,0.0,14,1.0,0.1512,21.07
2026-06-13 08:38:36,036,FBN1_016_711_96,0,0.0,14,1.0,0.1512,21.06
2026-06-13 08:48:39,036,FBN1_016_711_96,0,0.0,14,1.0,0.1548,21.06
2026-06-13 08:58:42,036,FBN1_016_711_96,0,0.0,14,1.0,0.1548,21.05
2026-06-13 09:08:45,036,FBN1_016_711_96,0,0.0,14,1.0,0.1512,21.06
2026-06-13 09:18:48,036,FBN1_016_711_96,0,0.0,14,1.0,0.1548,21.05
2026-06-13 09:28:52,036,FBN1_016_711_96,243,0.404,5,0.451,0.1476,21.21
2026-06-13 09:38:55,036,FBN1_016_711_96,18,0.03,13,0.967,0.1512,21.21
2026-06-13 09:48:58,036,FBN1_016_711_96,6,0.01,13,0.989,0.1728,21.2
2026-06-13 09:59:01,036,FBN1_016_711_96,0,0.0,14,1.0,0.1728,21.17
2026-06-13 10:09:04,036,FBN1_016_711_96,0,0.0,14,1.0,0.1548,21.15
2026-06-13 10:19:07,036,FBN1_016_711_96,0,0.0,14,1.0,0.1512,21.13
2026-06-13 10:29:10,036,FBN1_016_711_96,0,0.0,14,1.0,0.1548,21.11
2026-06-13 10:39:14,036,FBN1_016_711_96,0,0.0,14,1.0,0.1728,21.09
2026-06-13 10:49:17,036,FBN1_016_711_96,0,0.0,14,1.0,0.1728,21.09
2026-06-13 10:59:20,036,FBN1_016_711_96,0,0.0,14,1.0,0.1548,21.08
2026-06-13 11:09:24,036,FBN1_016_711_96,0,0.0,14,1.0,0.1548,21.07
2026-06-13 11:19:27,036,FBN1_016_711_96,0,0.0,14,1.0,0.1548,21.06
2026-06-13 11:29:30,036,FBN1_016_711_96,0,0.0,14,1.0,0.1764,21.03
2026-06-13 11:39:33,036,FBN1_016_711_96,0,0.0,14,1.0,0.1764,21.03
2026-06-13 11:49:48,036,FBN1_016_711_96,0,0.0,14,1.0,0.1656,21.05
2026-06-13 11:59:51,036,FBN1_016_711_96,0,0.0,14,1.0,0.144,21.01
2026-06-13 12:09:53,036,FBN1_016_711_96,7,0.012,14,0.988,0.144,21.0
2026-06-13 12:19:56,036,FBN1_016_711_96,33,0.055,12,0.936,0.1512,20.98
2026-06-13 12:29:59,036,FBN1_016_711_96,0,0.0,14,1.0,0.1548,20.97
2026-06-13 12:40:03,036,FBN1_016_711_96,0,0.0,14,1.0,0.1548,20.94
2026-06-13 12:50:06,036,FBN1_016_711_96,0,0.0,14,1.0,0.1548,20.94
2026-06-13 13:00:09,036,FBN1_016_711_96,0,0.0,14,1.0,0.144,20.96
2026-06-13 13:10:13,036,FBN1_016_711_96,0,0.0,14,1.0,0.1512,20.97
2026-06-13 13:20:16,036,FBN1_016_711_96,0,0.0,14,1.0,0.1548,20.98
2026-06-13 13:30:18,036,FBN1_016_711_96,0,0.0,14,1.0,0.1548,20.99
2026-06-13 13:40:21,036,FBN1_016_711_96,0,0.0,14,1.0,0.1512,21.01
2026-06-13 13:50:24,036,FBN1_016_711_96,0,0.0,14,1.0,0.1548,21.0
2026-06-13 14:00:28,036,FBN1_016_711_96,0,0.0,15,1.0,0.1548,21.0
2026-06-13 14:10:31,036,FBN1_016_711_96,0,0.0,14,1.0,0.1548,20.99
2026-06-13 14:20:33,036,FBN1_016_711_96,0,0.0,14,1.0,0.1512,20.99
2026-06-13 14:30:36,036,FBN1_016_711_96,0,0.0,14,1.0,0.1548,20.97
2026-06-13 14:40:38,036,FBN1_016_711_96,0,0.0,14,1.0,0.1512,20.97
2026-06-13 14:50:41,036,FBN1_016_711_96,0,0.0,14,1.0,0.1548,20.98
2026-06-13 15:00:44,036,FBN1_016_711_96,123,0.205,9,0.745,0.144,21.07
2026-06-13 15:10:48,036,FBN1_016_711_96,11,0.018,14,0.981,0.1548,21.1
2026-06-13 15:20:50,036,FBN1_016_711_96,0,0.0,14,1.0,0.144,21.08
2026-06-13 15:30:53,036,FBN1_016_711_96,0,0.0,14,1.0,0.1548,21.07
2026-06-13 15:40:56,036,FBN1_016_711_96,0,0.0,14,1.0,0.1548,21.06
2026-06-13 15:51:14,036,FBN1_016_711_96,0,0.0,14,1.0,0.1548,21.09
2026-06-13 16:01:16,036,FBN1_016_711_96,0,0.0,14,1.0,0.1548,21.07
2026-06-13 16:11:19,036,FBN1_016_711_96,0,0.0,14,1.0,0.1548,21.04
2026-06-13 16:21:22,036,FBN1_016_711_96,0,0.0,14,1.0,0.1548,21.04
2026-06-13 16:31:25,036,FBN1_016_711_96,0,0.0,14,1.0,0.144,21.05
2026-06-13 16:41:28,036,FBN1_016_711_96,66,0.11,10,0.858,0.144,21.09
2026-06-13 16:51:31,036,FBN1_016_711_96,122,0.203,7,0.697,0.1332,21.24
2026-06-13 17:01:35,036,FBN1_016_711_96,207,0.344,5,0.491,0.126,21.38
2026-06-13 17:11:38,036,FBN1_016_711_96,19,0.032,12,0.962,0.1368,21.32
2026-06-13 17:21:40,036,FBN1_016_711_96,0,0.0,14,1.0,0.1404,21.28
2026-06-13 17:31:43,036,FBN1_016_711_96,0,0.0,14,1.0,0.1404,21.24
2026-06-13 17:41:45,036,FBN1_016_711_96,0,0.0,14,1.0,0.1404,21.21
2026-06-13 17:51:48,036,FBN1_016_711_96,0,0.0,14,1.0,0.1368,21.19
2026-06-13 18:01:51,036,FBN1_016_711_96,0,0.0,14,1.0,0.0,21.17
2026-06-13 18:11:54,036,FBN1_016_711_96,1,0.002,14,0.998,0.0,21.16
2026-06-13 18:21:57,036,FBN1_016_711_96,0,0.0,14,1.0,0.0,21.16
2026-06-13 18:32:00,036,FBN1_016_711_96,108,0.18,8,0.748,0.0,21.26
2026-06-13 18:42:03,036,FBN1_016_711_96,251,0.417,1,0.137,0.0,21.52
2026-06-13 18:52:07,036,FBN1_016_711_96,165,0.274,5,0.548,0.0,21.5
2026-06-13 19:02:10,036,FBN1_016_711_96,210,0.349,3,0.364,0.0,21.62
2026-06-13 19:12:13,036,FBN1_016_711_96,140,0.233,8,0.696,0.0,21.65
2026-06-13 19:22:16,036,FBN1_016_711_96,333,0.553,0,0.0,0.0,21.71
2026-06-13 19:32:19,036,FBN1_016_711_96,171,0.285,6,0.584,0.0,21.73
2026-06-13 19:42:22,036,FBN1_016_711_96,73,0.121,11,0.858,0.0,21.67
2026-06-13 19:52:43,036,FBN1_016_711_96,139,0.232,9,0.721,0.0,21.69
2026-06-13 20:02:46,036,FBN1_016_711_96,245,0.408,1,0.14,0.0,21.91
2026-06-13 20:12:49,036,FBN1_016_711_96,84,0.14,11,0.84,0.0,21.75
2026-06-13 20:22:52,036,FBN1_016_711_96,254,0.423,3,0.321,0.0,21.74
2026-06-13 20:32:56,036,FBN1_016_711_96,108,0.179,7,0.722,0.0,21.74
2026-06-13 20:42:59,036,FBN1_016_711_96,96,0.159,8,0.769,0.0,21.69
2026-06-13 20:53:03,036,FBN1_016_711_96,52,0.087,11,0.894,0.0,21.58
2026-06-13 21:03:06,036,FBN1_016_711_96,185,0.308,3,0.393,0.0,21.57
2026-06-13 21:13:09,036,FBN1_016_711_96,192,0.319,5,0.51,0.0,21.54
2026-06-13 21:23:12,036,FBN1_016_711_96,24,0.04,12,0.952,0.0,21.49
2026-06-13 21:33:15,036,FBN1_016_711_96,0,0.0,14,1.0,0.0,21.41
2026-06-13 21:43:18,036,FBN1_016_711_96,0,0.0,14,1.0,0.0,21.35
2026-06-13 21:53:22,036,FBN1_016_711_96,0,0.0,14,1.0,0.0,21.3
2026-06-13 22:03:24,036,FBN1_016_711_96,0,0.0,14,1.0,0.0,21.26
2026-06-13 22:13:27,036,FBN1_016_711_96,0,0.0,14,1.0,0.0,21.21
2026-06-13 22:23:30,036,FBN1_016_711_96,0,0.0,14,1.0,0.0,21.19
2026-06-13 22:33:33,036,FBN1_016_711_96,0,0.0,14,1.0,0.0,21.17
2026-06-13 22:43:36,036,FBN1_016_711_96,45,0.075,12,0.914,0.0,21.18
2026-06-13 22:53:39,036,FBN1_016_711_96,60,0.1,10,0.87,0.0,21.21
2026-06-13 23:03:43,036,FBN1_016_711_96,180,0.299,6,0.571,0.0,21.35
2026-06-13 23:13:46,036,FBN1_016_711_96,76,0.126,10,0.84,0.0,21.38
2026-06-13 23:23:48,036,FBN1_016_711_96,73,0.122,9,0.831,0.0,21.37
2026-06-13 23:33:51,036,FBN1_016_711_96,242,0.403,5,0.452,0.0,21.51
2026-06-13 23:43:54,036,FBN1_016_711_96,175,0.291,4,0.478,0.0,21.49
2026-06-13 23:54:18,036,FBN1_016_711_96,194,0.324,5,0.508,0.0,21.66
2026-06-14 00:04:22,036,FBN1_016_711_96,106,0.176,8,0.751,0.0,21.67
2026-06-14 00:14:24,036,FBN1_016_711_96,247,0.411,0,0.0,0.0,21.91
2026-06-14 00:24:28,036,FBN1_016_711_96,173,0.288,6,0.581,0.0,22.04
2026-06-14 00:34:31,036,FBN1_016_711_96,141,0.235,7,0.665,0.0,21.9
2026-06-14 00:44:34,036,FBN1_016_711_96,162,0.27,6,0.597,0.0,21.85
2026-06-14 00:54:36,036,FBN1_016_711_96,121,0.201,7,0.698,0.0,21.73
2026-06-14 01:04:39,036,FBN1_016_711_96,145,0.241,6,0.623,0.0,21.65
2026-06-14 01:14:42,036,FBN1_016_711_96,62,0.103,10,0.866,0.0,21.58
2026-06-14 01:24:45,036,FBN1_016_711_96,27,0.045,10,0.937,0.0,21.51
2026-06-14 01:34:48,036,FBN1_016_711_96,81,0.135,9,0.816,0.0,21.47
2026-06-14 01:44:50,036,FBN1_016_711_96,193,0.321,5,0.509,0.0,21.52
2026-06-14 01:54:53,036,FBN1_016_711_96,350,0.582,0,0.0,0.0,21.8
2026-06-14 02:04:56,036,FBN1_016_711_96,50,0.083,12,0.906,0.0,21.61
2026-06-14 02:14:59,036,FBN1_016_711_96,96,0.16,9,0.789,0.0,21.5
2026-06-14 02:25:02,036,FBN1_016_711_96,92,0.153,10,0.813,0.0,21.46
2026-06-14 02:35:05,036,FBN1_016_711_96,6,0.01,13,0.989,0.0,21.35
2026-06-14 02:45:08,036,FBN1_016_711_96,0,0.0,14,1.0,0.0,21.28
2026-06-14 02:55:11,036,FBN1_016_711_96,0,0.0,14,1.0,0.0,21.21
2026-06-14 03:05:14,036,FBN1_016_711_96,1,0.002,14,0.998,0.0,21.15
2026-06-14 03:15:17,036,FBN1_016_711_96,1,0.002,14,0.998,0.0,21.11
2026-06-14 03:25:20,036,FBN1_016_711_96,0,0.0,14,1.0,0.0,21.09
2026-06-14 03:35:22,036,FBN1_016_711_96,0,0.0,14,1.0,0.0,21.06
2026-06-14 03:45:25,036,FBN1_016_711_96,0,0.0,14,1.0,0.0,21.03
2026-06-14 03:55:44,036,FBN1_016_711_96,0,0.0,14,1.0,0.0,21.06
2026-06-14 04:05:47,036,FBN1_016_711_96,0,0.0,14,1.0,0.0,21.01
2026-06-14 04:15:50,036,FBN1_016_711_96,0,0.0,14,1.0,0.0,21.01
2026-06-14 04:25:53,036,FBN1_016_711_96,134,0.223,7,0.676,0.0,21.07
2026-06-14 04:35:56,036,FBN1_016_711_96,236,0.392,5,0.459,0.0,21.19
2026-06-14 04:45:59,036,FBN1_016_711_96,121,0.201,7,0.698,0.0,21.24
2026-06-14 04:56:02,036,FBN1_016_711_96,242,0.403,4,0.398,0.0,21.42
2026-06-14 05:06:05,036,FBN1_016_711_96,130,0.216,10,0.755,0.0,21.41
2026-06-14 05:16:07,036,FBN1_016_711_96,134,0.223,7,0.676,0.0,21.39
2026-06-14 05:26:11,036,FBN1_016_711_96,177,0.295,8,0.644,0.0,21.46
2026-06-14 05:36:14,036,FBN1_016_711_96,259,0.431,2,0.236,0.0,21.64
2026-06-14 05:46:17,036,FBN1_016_711_96,98,0.163,9,0.786,0.0,21.49
2026-06-14 05:56:20,036,FBN1_016_711_96,0,0.0,14,1.0,0.0,21.37
2026-06-14 06:06:23,036,FBN1_016_711_96,0,0.0,14,1.0,0.1728,21.29
2026-06-14 06:16:25,036,FBN1_016_711_96,0,0.0,14,1.0,0.1764,21.22
2026-06-14 06:26:28,036,FBN1_016_711_96,0,0.0,14,1.0,0.1656,21.17
2026-06-14 06:36:31,036,FBN1_016_711_96,0,0.0,14,1.0,0.1692,21.12
2026-06-14 06:46:35,036,FBN1_016_711_96,0,0.0,14,1.0,0.1692,21.08
2026-06-14 06:56:38,036,FBN1_016_711_96,0,0.0,14,1.0,0.1692,21.07
2026-06-14 07:06:41,036,FBN1_016_711_96,0,0.0,14,1.0,0.1692,21.06
2026-06-14 07:16:45,036,FBN1_016_711_96,0,0.0,14,1.0,0.1764,21.06
2026-06-14 07:26:47,036,FBN1_016_711_96,0,0.0,14,1.0,0.1692,21.06
2026-06-14 07:36:51,036,FBN1_016_711_96,0,0.0,14,1.0,0.1692,21.06
2026-06-14 07:46:54,036,FBN1_016_711_96,0,0.0,14,1.0,0.1692,21.04
2026-06-14 07:57:16,036,FBN1_016_711_96,0,0.0,14,1.0,0.1656,21.09
2026-06-14 08:07:20,036,FBN1_016_711_96,64,0.106,11,0.873,0.1584,21.1
2026-06-14 08:17:22,036,FBN1_016_711_96,39,0.065,12,0.925,0.1728,21.13
2026-06-14 08:27:25,036,FBN1_016_711_96,0,0.0,14,1.0,0.1656,21.12
2026-06-14 08:37:28,036,FBN1_016_711_96,0,0.0,14,1.0,0.1656,21.1
2026-06-14 08:47:32,036,FBN1_016_711_96,0,0.0,14,1.0,0.1656,21.08
2026-06-14 08:57:35,036,FBN1_016_711_96,1,0.002,14,0.998,0.1656,21.04
2026-06-14 09:07:38,036,FBN1_016_711_96,1,0.002,14,0.998,0.1764,21.04
2026-06-14 09:17:41,036,FBN1_016_711_96,0,0.0,14,1.0,0.1728,21.03
2026-06-14 09:27:44,036,FBN1_016_711_96,0,0.0,14,1.0,0.1764,21.03
2026-06-14 09:37:48,036,FBN1_016_711_96,0,0.0,14,1.0,0.1944,21.01
2026-06-14 09:47:51,036,FBN1_016_711_96,0,0.0,14,1.0,0.198,21.02
2026-06-14 09:57:54,036,FBN1_016_711_96,0,0.0,14,1.0,0.1944,21.02
2026-06-14 10:07:57,036,FBN1_016_711_96,0,0.0,14,1.0,0.1656,21.02
2026-06-14 10:18:00,036,FBN1_016_711_96,0,0.0,14,1.0,0.1656,21.02
2026-06-14 10:28:03,036,FBN1_016_711_96,0,0.0,14,1.0,0.1764,21.03
2026-06-14 10:38:06,036,FBN1_016_711_96,0,0.0,14,1.0,0.1764,21.02
2026-06-14 10:48:09,036,FBN1_016_711_96,0,0.0,14,1.0,0.1656,21.02
2026-06-14 10:58:12,036,FBN1_016_711_96,74,0.123,10,0.844,0.1728,21.1
2026-06-14 11:08:15,036,FBN1_016_711_96,100,0.166,9,0.783,0.1476,21.15
2026-06-14 11:18:18,036,FBN1_016_711_96,84,0.14,10,0.826,0.144,21.2
2026-06-14 11:28:21,036,FBN1_016_711_96,133,0.221,8,0.706,0.1224,21.21
2026-06-14 11:38:24,036,FBN1_016_711_96,28,0.047,11,0.94,0.1548,21.21
2026-06-14 11:48:28,036,FBN1_016_711_96,0,0.0,14,1.0,0.1512,21.18
2026-06-14 11:58:51,036,FBN1_016_711_96,0,0.0,14,1.0,0.1296,21.19
2026-06-14 12:08:54,036,FBN1_016_711_96,0,0.0,14,1.0,0.1296,21.15
2026-06-14 12:18:57,036,FBN1_016_711_96,0,0.0,14,1.0,0.1332,21.14
2026-06-14 12:29:00,036,FBN1_016_711_96,0,0.0,14,1.0,0.1332,21.1
2026-06-14 12:39:03,036,FBN1_016_711_96,0,0.0,14,1.0,0.1332,21.08
2026-06-14 12:49:06,036,FBN1_016_711_96,0,0.0,14,1.0,0.1296,21.07
2026-06-14 12:59:10,036,FBN1_016_711_96,0,0.0,14,1.0,0.1332,21.06
2026-06-14 13:09:13,036,FBN1_016_711_96,0,0.0,14,1.0,0.1296,21.03
2026-06-14 13:19:16,036,FBN1_016_711_96,0,0.0,14,1.0,0.1296,21.03
2026-06-14 13:29:19,036,FBN1_016_711_96,0,0.0,14,1.0,0.1296,21.03
2026-06-14 13:39:22,036,FBN1_016_711_96,0,0.0,14,1.0,0.1296,21.03
2026-06-14 13:49:25,036,FBN1_016_711_96,0,0.0,14,1.0,0.1368,21.03
2026-06-14 13:59:27,036,FBN1_016_711_96,0,0.0,14,1.0,0.1368,21.02
2026-06-14 14:09:31,036,FBN1_016_711_96,0,0.0,14,1.0,0.1368,21.01
2026-06-14 14:19:33,036,FBN1_016_711_96,0,0.0,14,1.0,0.1368,21.01
2026-06-14 14:29:36,036,FBN1_016_711_96,7,0.012,14,0.988,0.1368,21.01
2026-06-14 14:39:39,036,FBN1_016_711_96,43,0.072,11,0.911,0.1404,21.07
2026-06-14 14:49:42,036,FBN1_016_711_96,0,0.0,14,1.0,0.1548,21.09
2026-06-14 14:59:46,036,FBN1_016_711_96,0,0.0,14,1.0,0.144,21.09
2026-06-14 15:09:48,036,FBN1_016_711_96,0,0.0,14,1.0,0.1548,21.08
2026-06-14 15:19:51,036,FBN1_016_711_96,0,0.0,14,1.0,0.1548,21.06
2026-06-14 15:29:54,036,FBN1_016_711_96,0,0.0,14,1.0,0.1548,21.04
2026-06-14 15:39:58,036,FBN1_016_711_96,0,0.0,14,1.0,0.1548,21.03
2026-06-14 15:50:00,036,FBN1_016_711_96,0,0.0,14,1.0,0.144,21.02
2026-06-14 16:00:30,036,FBN1_016_711_96,0,0.0,14,1.0,0.1548,21.09
2026-06-14 16:10:33,036,FBN1_016_711_96,0,0.0,14,1.0,0.1548,21.06
2026-06-14 16:20:37,036,FBN1_016_711_96,0,0.0,14,1.0,0.144,21.05
2026-06-14 16:30:39,036,FBN1_016_711_96,0,0.0,14,1.0,0.144,21.03
2026-06-14 16:40:42,036,FBN1_016_711_96,47,0.078,11,0.903,0.1404,21.08
2026-06-14 16:50:45,036,FBN1_016_711_96,166,0.276,6,0.591,0.1368,21.17
2026-06-14 17:00:49,036,FBN1_016_711_96,57,0.095,10,0.875,0.144,21.2
2026-06-14 17:10:52,036,FBN1_016_711_96,4,0.007,13,0.992,0.144,21.2
2026-06-14 17:20:55,036,FBN1_016_711_96,0,0.0,14,1.0,0.144,21.18
2026-06-14 17:30:58,036,FBN1_016_711_96,0,0.0,14,1.0,0.144,21.14
2026-06-14 17:41:02,036,FBN1_016_711_96,0,0.0,14,1.0,0.144,21.14
2026-06-14 17:51:04,036,FBN1_016_711_96,0,0.0,14,1.0,0.144,21.11
2026-06-14 18:01:08,036,FBN1_016_711_96,0,0.0,14,1.0,0.0,21.12
2026-06-14 18:11:11,036,FBN1_016_711_96,64,0.106,10,0.862,0.0,21.14
2026-06-14 18:21:14,036,FBN1_016_711_96,310,0.516,1,0.114,0.0,21.3
2026-06-14 18:31:17,036,FBN1_016_711_96,252,0.419,3,0.323,0.0,21.38
2026-06-14 18:41:20,036,FBN1_016_711_96,299,0.497,1,0.118,0.0,21.5
2026-06-14 18:51:23,036,FBN1_016_711_96,215,0.358,4,0.427,0.0,21.53
2026-06-14 19:01:26,036,FBN1_016_711_96,228,0.38,2,0.26,0.0,21.5
2026-06-14 19:11:28,036,FBN1_016_711_96,280,0.466,2,0.222,0.0,21.53
2026-06-14 19:21:32,036,FBN1_016_711_96,119,0.198,9,0.752,0.0,21.52
2026-06-14 19:31:35,036,FBN1_016_711_96,200,0.333,2,0.286,0.0,21.48
2026-06-14 19:41:38,036,FBN1_016_711_96,178,0.296,6,0.574,0.0,21.61
2026-06-14 19:51:41,036,FBN1_016_711_96,42,0.07,12,0.92,0.0,21.52
2026-06-14 20:02:05,036,FBN1_016_711_96,98,0.164,7,0.741,0.0,21.57
2026-06-14 20:12:08,036,FBN1_016_711_96,24,0.04,12,0.952,0.0,21.52
2026-06-14 20:22:11,036,FBN1_016_711_96,152,0.253,7,0.648,0.0,21.54
2026-06-14 20:32:14,036,FBN1_016_711_96,222,0.369,3,0.351,0.0,21.74
2026-06-14 20:42:17,036,FBN1_016_711_96,111,0.185,5,0.643,0.0,21.7
2026-06-14 20:52:20,036,FBN1_016_711_96,0,0.0,14,1.0,0.0,21.6
2026-06-14 21:02:23,036,FBN1_016_711_96,0,0.0,14,1.0,0.0,21.52
2026-06-14 21:12:26,036,FBN1_016_711_96,0,0.0,14,1.0,0.0,21.45
2026-06-14 21:22:29,036,FBN1_016_711_96,9,0.015,14,0.984,0.0,21.42
2026-06-14 21:32:32,036,FBN1_016_711_96,159,0.265,6,0.602,0.0,21.51
2026-06-14 21:42:35,036,FBN1_016_711_96,173,0.287,7,0.618,0.0,21.56
2026-06-14 21:52:38,036,FBN1_016_711_96,237,0.394,4,0.403,0.0,21.64
2026-06-14 22:02:42,036,FBN1_016_711_96,166,0.276,7,0.628,0.0,21.6
2026-06-14 22:12:44,036,FBN1_016_711_96,334,0.556,0,0.0,0.0,21.68
2026-06-14 22:22:47,036,FBN1_016_711_96,124,0.206,5,0.617,0.0,21.65
2026-06-14 22:32:51,036,FBN1_016_711_96,208,0.346,5,0.49,0.0,21.64
2026-06-14 22:42:54,036,FBN1_016_711_96,100,0.166,7,0.737,0.0,21.74
2026-06-14 22:52:57,036,FBN1_016_711_96,237,0.395,3,0.336,0.0,21.72
2026-06-14 23:03:00,036,FBN1_016_711_96,311,0.517,0,0.0,0.0,22.06
2026-06-14 23:13:03,036,FBN1_016_711_96,158,0.262,7,0.639,0.0,21.94
2026-06-14 23:23:06,036,FBN1_016_711_96,263,0.437,2,0.233,0.0,22.42
2026-06-14 23:33:10,036,FBN1_016_711_96,279,0.464,1,0.125,0.0,22.54
2026-06-14 23:43:12,036,FBN1_016_711_96,210,0.349,4,0.432,0.0,22.4
2026-06-14 23:53:15,036,FBN1_016_711_96,335,0.557,1,0.107,0.0,22.27
2026-06-13 00:01:22,006,FBN1_016_712_68,210,0.349,4,0.432,0.0,22.09
2026-06-13 00:11:25,006,FBN1_016_712_68,213,0.354,5,0.484,0.0,21.93
2026-06-13 00:21:28,006,FBN1_016_712_68,367,0.611,1,0.098,0.0,21.87
2026-06-13 00:31:30,006,FBN1_016_712_68,174,0.29,5,0.535,0.0,21.83
2026-06-13 00:41:33,006,FBN1_016_712_68,110,0.183,9,0.766,0.0,21.74
2026-06-13 00:51:36,006,FBN1_016_712_68,0,0.0,14,1.0,0.0,21.57
2026-06-13 01:01:40,006,FBN1_016_712_68,42,0.07,12,0.92,0.0,21.47
2026-06-13 01:11:42,006,FBN1_016_712_68,0,0.0,14,1.0,0.0,21.38
2026-06-13 01:21:45,006,FBN1_016_712_68,0,0.0,14,1.0,0.0,21.31
2026-06-13 01:31:48,006,FBN1_016_712_68,0,0.0,14,1.0,0.0,21.26
2026-06-13 01:41:51,006,FBN1_016_712_68,0,0.0,14,1.0,0.0,21.23
2026-06-13 01:51:54,006,FBN1_016_712_68,0,0.0,14,1.0,0.0,21.19
2026-06-13 02:01:57,006,FBN1_016_712_68,0,0.0,14,1.0,0.0,21.18
2026-06-13 02:12:00,006,FBN1_016_712_68,0,0.0,14,1.0,0.0,21.16
2026-06-13 02:22:03,006,FBN1_016_712_68,0,0.0,14,1.0,0.0,21.16
2026-06-13 02:32:06,006,FBN1_016_712_68,0,0.0,14,1.0,0.0,21.15
2026-06-13 02:42:09,006,FBN1_016_712_68,0,0.0,14,1.0,0.0,21.15
2026-06-13 02:52:12,006,FBN1_016_712_68,0,0.0,14,1.0,0.0,21.14
2026-06-13 03:02:15,006,FBN1_016_712_68,120,0.199,9,0.75,0.0,21.19
2026-06-13 03:12:18,006,FBN1_016_712_68,239,0.398,6,0.501,0.0,21.32
2026-06-13 03:22:21,006,FBN1_016_712_68,116,0.193,8,0.734,0.0,21.38
2026-06-13 03:32:47,006,FBN1_016_712_68,182,0.304,4,0.468,0.0,21.48
2026-06-13 03:42:50,006,FBN1_016_712_68,175,0.291,5,0.533,0.0,21.55
2026-06-13 03:52:53,006,FBN1_016_712_68,190,0.316,5,0.513,0.0,21.55
2026-06-13 04:02:57,006,FBN1_016_712_68,110,0.183,6,0.686,0.0,21.5
2026-06-13 04:13:00,006,FBN1_016_712_68,133,0.221,7,0.678,0.0,21.58
2026-06-13 04:23:02,006,FBN1_016_712_68,88,0.146,6,0.732,0.0,21.51
2026-06-13 04:33:06,006,FBN1_016_712_68,92,0.153,7,0.753,0.0,21.47
2026-06-13 04:43:09,006,FBN1_016_712_68,143,0.238,6,0.627,0.0,21.47
2026-06-13 04:53:12,006,FBN1_016_712_68,73,0.122,9,0.831,0.0,21.41
2026-06-13 05:03:16,006,FBN1_016_712_68,11,0.018,13,0.979,0.0,21.38
2026-06-13 05:13:18,006,FBN1_016_712_68,40,0.067,13,0.929,0.0,21.37
2026-06-13 05:23:21,006,FBN1_016_712_68,0,0.0,14,1.0,0.0,21.31
2026-06-13 05:33:25,006,FBN1_016_712_68,0,0.0,14,1.0,0.0,21.27
2026-06-13 05:43:28,006,FBN1_016_712_68,0,0.0,14,1.0,0.0,21.23
2026-06-13 05:53:30,006,FBN1_016_712_68,0,0.0,14,1.0,0.0,21.2
2026-06-13 06:03:34,006,FBN1_016_712_68,0,0.0,14,1.0,3.3732,21.17
2026-06-13 06:13:37,006,FBN1_016_712_68,0,0.0,14,1.0,3.3516,21.16
2026-06-13 06:23:40,006,FBN1_016_712_68,0,0.0,14,1.0,3.3372,21.17
2026-06-13 06:33:43,006,FBN1_016_712_68,0,0.0,14,1.0,3.33,21.17
2026-06-13 06:43:46,006,FBN1_016_712_68,0,0.0,14,1.0,3.3192,21.18
2026-06-13 06:53:50,006,FBN1_016_712_68,0,0.0,14,1.0,3.3264,21.17
2026-06-13 07:03:53,006,FBN1_016_712_68,13,0.022,12,0.974,3.1752,21.19
2026-06-13 07:13:56,006,FBN1_016_712_68,38,0.063,12,0.927,2.9088,21.24
2026-06-13 07:23:59,006,FBN1_016_712_68,0,0.0,14,1.0,2.9088,21.23
2026-06-13 07:34:16,006,FBN1_016_712_68,0,0.0,14,1.0,2.9088,21.26
2026-06-13 07:44:19,006,FBN1_016_712_68,0,0.0,14,1.0,2.9124,21.25
2026-06-13 07:54:22,006,FBN1_016_712_68,0,0.0,14,1.0,2.9088,21.23
2026-06-13 08:04:25,006,FBN1_016_712_68,0,0.0,14,1.0,2.9088,21.22
2026-06-13 08:14:28,006,FBN1_016_712_68,0,0.0,14,1.0,2.9088,21.21
2026-06-13 08:24:31,006,FBN1_016_712_68,0,0.0,14,1.0,2.9088,21.21
2026-06-13 08:34:34,006,FBN1_016_712_68,0,0.0,14,1.0,2.9088,21.2
2026-06-13 08:44:36,006,FBN1_016_712_68,0,0.0,14,1.0,2.9088,21.21
2026-06-13 08:54:39,006,FBN1_016_712_68,0,0.0,14,1.0,2.9088,21.2
2026-06-13 09:04:42,006,FBN1_016_712_68,0,0.0,14,1.0,2.9124,21.2
2026-06-13 09:14:45,006,FBN1_016_712_68,12,0.02,13,0.977,2.8728,21.21
2026-06-13 09:24:48,006,FBN1_016_712_68,66,0.11,11,0.87,2.8584,21.27
2026-06-13 09:34:50,006,FBN1_016_712_68,8,0.013,14,0.986,2.826,21.29
2026-06-13 09:44:53,006,FBN1_016_712_68,70,0.117,11,0.863,2.7036,21.32
2026-06-13 09:54:56,006,FBN1_016_712_68,0,0.0,14,1.0,2.6964,21.31
2026-06-13 10:04:59,006,FBN1_016_712_68,0,0.0,14,1.0,2.6712,21.28
2026-06-13 10:15:02,006,FBN1_016_712_68,0,0.0,14,1.0,2.6712,21.26
2026-06-13 10:25:05,006,FBN1_016_712_68,0,0.0,14,1.0,2.6784,21.23
2026-06-13 10:35:08,006,FBN1_016_712_68,0,0.0,14,1.0,2.6712,21.21
2026-06-13 10:45:11,006,FBN1_016_712_68,0,0.0,14,1.0,2.6856,21.2
2026-06-13 10:55:14,006,FBN1_016_712_68,0,0.0,14,1.0,2.6856,21.17
2026-06-13 11:05:17,006,FBN1_016_712_68,0,0.0,14,1.0,2.6784,21.16
2026-06-13 11:15:20,006,FBN1_016_712_68,0,0.0,14,1.0,2.682,21.14
2026-06-13 11:25:22,006,FBN1_016_712_68,0,0.0,14,1.0,2.6712,21.11
2026-06-13 11:35:47,006,FBN1_016_712_68,0,0.0,14,1.0,2.664,21.17
2026-06-13 11:45:50,006,FBN1_016_712_68,0,0.0,14,1.0,2.6892,21.12
2026-06-13 11:55:53,006,FBN1_016_712_68,26,0.043,12,0.949,2.646,21.11
2026-06-13 12:05:57,006,FBN1_016_712_68,0,0.0,14,1.0,2.6712,21.07
2026-06-13 12:15:59,006,FBN1_016_712_68,0,0.0,14,1.0,2.6712,21.03
2026-06-13 12:26:02,006,FBN1_016_712_68,0,0.0,14,1.0,2.682,20.99
2026-06-13 12:36:05,006,FBN1_016_712_68,0,0.0,14,1.0,2.6712,20.97
2026-06-13 12:46:08,006,FBN1_016_712_68,0,0.0,14,1.0,2.682,20.98
2026-06-13 12:56:11,006,FBN1_016_712_68,0,0.0,14,1.0,2.6784,20.99
2026-06-13 13:06:13,006,FBN1_016_712_68,0,0.0,14,1.0,2.6784,21.02
2026-06-13 13:16:16,006,FBN1_016_712_68,0,0.0,14,1.0,2.6712,21.03
2026-06-13 13:26:20,006,FBN1_016_712_68,0,0.0,14,1.0,2.6784,21.05
2026-06-13 13:36:23,006,FBN1_016_712_68,0,0.0,14,1.0,2.6784,21.07
2026-06-13 13:46:26,006,FBN1_016_712_68,0,0.0,14,1.0,2.6712,21.08
2026-06-13 13:56:29,006,FBN1_016_712_68,0,0.0,14,1.0,2.682,21.07
2026-06-13 14:06:32,006,FBN1_016_712_68,0,0.0,14,1.0,2.6784,21.07
2026-06-13 14:16:35,006,FBN1_016_712_68,0,0.0,14,1.0,2.6784,21.08
2026-06-13 14:26:38,006,FBN1_016_712_68,21,0.035,13,0.961,2.6352,21.09
2026-06-13 14:36:41,006,FBN1_016_712_68,58,0.096,11,0.884,2.7144,21.11
2026-06-13 14:46:44,006,FBN1_016_712_68,0,0.0,14,1.0,2.7144,21.09
2026-06-13 14:56:47,006,FBN1_016_712_68,0,0.0,14,1.0,2.718,21.09
2026-06-13 15:06:50,006,FBN1_016_712_68,0,0.0,14,1.0,2.7144,21.07
2026-06-13 15:16:54,006,FBN1_016_712_68,0,0.0,14,1.0,2.7144,21.07
2026-06-13 15:26:57,006,FBN1_016_712_68,0,0.0,14,1.0,2.7072,21.07
2026-06-13 15:37:18,006,FBN1_016_712_68,0,0.0,14,1.0,2.718,21.12
2026-06-13 15:47:20,006,FBN1_016_712_68,0,0.0,14,1.0,2.718,21.09
2026-06-13 15:57:24,006,FBN1_016_712_68,0,0.0,14,1.0,2.6352,21.1
2026-06-13 16:07:27,006,FBN1_016_712_68,49,0.082,12,0.907,2.5488,21.17
2026-06-13 16:17:29,006,FBN1_016_712_68,178,0.296,7,0.611,2.5452,21.3
2026-06-13 16:27:33,006,FBN1_016_712_68,10,0.017,13,0.981,2.5776,21.27
2026-06-13 16:37:36,006,FBN1_016_712_68,0,0.0,14,1.0,2.5812,21.26
2026-06-13 16:47:39,006,FBN1_016_712_68,0,0.0,14,1.0,2.5776,21.21
2026-06-13 16:57:42,006,FBN1_016_712_68,0,0.0,14,1.0,2.5776,21.19
2026-06-13 17:07:45,006,FBN1_016_712_68,0,0.0,14,1.0,2.5704,21.16
2026-06-13 17:17:48,006,FBN1_016_712_68,0,0.0,14,1.0,2.5812,21.14
2026-06-13 17:27:51,006,FBN1_016_712_68,0,0.0,14,1.0,2.5776,21.14
2026-06-13 17:37:54,006,FBN1_016_712_68,78,0.13,10,0.837,2.574,21.18
2026-06-13 17:47:57,006,FBN1_016_712_68,199,0.331,5,0.501,2.8008,21.37
2026-06-13 17:58:00,006,FBN1_016_712_68,12,0.02,13,0.977,2.8152,21.33
2026-06-13 18:08:03,006,FBN1_016_712_68,219,0.364,5,0.477,0.0,21.39
2026-06-13 18:18:06,006,FBN1_016_712_68,213,0.354,4,0.429,0.0,21.52
2026-06-13 18:28:09,006,FBN1_016_712_68,115,0.191,10,0.777,0.0,21.47
2026-06-13 18:38:13,006,FBN1_016_712_68,19,0.032,14,0.967,0.0,21.4
2026-06-13 18:48:16,006,FBN1_016_712_68,158,0.263,8,0.669,0.0,21.51
2026-06-13 18:58:19,006,FBN1_016_712_68,157,0.261,6,0.605,0.0,21.49
2026-06-13 19:08:22,006,FBN1_016_712_68,140,0.233,8,0.696,0.0,21.45
2026-06-13 19:18:26,006,FBN1_016_712_68,19,0.032,13,0.965,0.0,21.41
2026-06-13 19:28:29,006,FBN1_016_712_68,110,0.183,9,0.766,0.0,21.41
2026-06-13 19:38:51,006,FBN1_016_712_68,164,0.274,8,0.661,0.0,21.5
2026-06-13 19:48:54,006,FBN1_016_712_68,0,0.0,14,1.0,0.0,21.4
2026-06-13 19:58:57,006,FBN1_016_712_68,0,0.0,14,1.0,0.0,21.33
2026-06-13 20:09:00,006,FBN1_016_712_68,0,0.0,14,1.0,0.0,21.26
2026-06-13 20:19:03,006,FBN1_016_712_68,142,0.236,7,0.664,0.0,21.34
2026-06-13 20:29:06,006,FBN1_016_712_68,192,0.319,6,0.556,0.0,21.46
2026-06-13 20:39:09,006,FBN1_016_712_68,189,0.314,3,0.388,0.0,21.54
2026-06-13 20:49:12,006,FBN1_016_712_68,240,0.399,5,0.455,0.0,21.51
2026-06-13 20:59:15,006,FBN1_016_712_68,202,0.336,5,0.498,0.0,21.52
2026-06-13 21:09:18,006,FBN1_016_712_68,238,0.396,6,0.502,0.0,21.63
2026-06-13 21:19:21,006,FBN1_016_712_68,71,0.118,12,0.871,0.0,21.53
2026-06-13 21:29:24,006,FBN1_016_712_68,237,0.394,1,0.144,0.0,21.57
2026-06-13 21:39:27,006,FBN1_016_712_68,104,0.173,10,0.794,0.0,21.52
2026-06-13 21:49:30,006,FBN1_016_712_68,335,0.556,3,0.264,0.0,21.55
2026-06-13 21:59:33,006,FBN1_016_712_68,188,0.313,5,0.515,0.0,21.53
2026-06-13 22:09:36,006,FBN1_016_712_68,157,0.261,6,0.605,0.0,21.54
2026-06-13 22:19:39,006,FBN1_016_712_68,262,0.436,3,0.314,0.0,21.56
2026-06-13 22:29:42,006,FBN1_016_712_68,176,0.293,6,0.577,0.0,21.58
2026-06-13 22:39:45,006,FBN1_016_712_68,107,0.178,8,0.749,0.0,21.56
2026-06-13 22:49:47,006,FBN1_016_712_68,131,0.218,8,0.71,0.0,21.51
2026-06-13 22:59:50,006,FBN1_016_712_68,76,0.126,11,0.853,0.0,21.46
2026-06-13 23:09:53,006,FBN1_016_712_68,43,0.072,12,0.918,0.0,21.39
2026-06-13 23:19:56,006,FBN1_016_712_68,97,0.162,10,0.805,0.0,21.37
2026-06-13 23:29:59,006,FBN1_016_712_68,259,0.43,5,0.436,0.0,21.48
2026-06-13 23:40:19,006,FBN1_016_712_68,431,0.72,0,0.0,0.0,21.68
2026-06-13 23:50:22,006,FBN1_016_712_68,94,0.157,9,0.793,0.0,21.64
2026-06-14 00:00:25,006,FBN1_016_712_68,151,0.251,7,0.65,0.0,21.55
2026-06-14 00:10:28,006,FBN1_016_712_68,243,0.404,4,0.397,0.0,21.63
2026-06-14 00:20:31,006,FBN1_016_712_68,53,0.088,11,0.892,0.0,21.55
2026-06-14 00:30:34,006,FBN1_016_712_68,57,0.095,10,0.875,0.0,21.46
2026-06-14 00:40:37,006,FBN1_016_712_68,240,0.399,6,0.5,0.0,21.56
2026-06-14 00:50:40,006,FBN1_016_712_68,5,0.008,14,0.991,0.0,21.46
2026-06-14 01:00:43,006,FBN1_016_712_68,88,0.146,10,0.82,0.0,21.4
2026-06-14 01:10:46,006,FBN1_016_712_68,0,0.0,14,1.0,0.0,21.32
2026-06-14 01:20:49,006,FBN1_016_712_68,0,0.0,14,1.0,0.0,21.25
2026-06-14 01:30:52,006,FBN1_016_712_68,0,0.0,14,1.0,0.0,21.2
2026-06-14 01:40:55,006,FBN1_016_712_68,0,0.0,14,1.0,0.0,21.14
2026-06-14 01:50:58,006,FBN1_016_712_68,0,0.0,14,1.0,0.0,21.1
2026-06-14 02:01:01,006,FBN1_016_712_68,0,0.0,14,1.0,0.0,21.08
2026-06-14 02:11:04,006,FBN1_016_712_68,0,0.0,14,1.0,0.0,21.05
2026-06-14 02:21:07,006,FBN1_016_712_68,0,0.0,14,1.0,0.0,21.03
2026-06-14 02:31:10,006,FBN1_016_712_68,0,0.0,14,1.0,0.0,21.01
2026-06-14 02:41:13,006,FBN1_016_712_68,0,0.0,14,1.0,0.0,21.0
2026-06-14 02:51:16,006,FBN1_016_712_68,90,0.15,10,0.816,0.0,21.04
2026-06-14 03:01:19,006,FBN1_016_712_68,85,0.141,10,0.825,0.0,21.09
2026-06-14 03:11:22,006,FBN1_016_712_68,135,0.224,8,0.703,0.0,21.19
2026-06-14 03:21:26,006,FBN1_016_712_68,47,0.078,9,0.885,0.0,21.23
2026-06-14 03:31:29,006,FBN1_016_712_68,36,0.06,12,0.93,0.0,21.21
2026-06-14 03:41:54,006,FBN1_016_712_68,26,0.043,13,0.952,0.0,21.24
2026-06-14 03:51:57,006,FBN1_016_712_68,173,0.288,6,0.581,0.0,21.27
2026-06-14 04:02:00,006,FBN1_016_712_68,35,0.058,12,0.932,0.0,21.27
2026-06-14 04:12:02,006,FBN1_016_712_68,159,0.265,6,0.602,0.0,21.31
2026-06-14 04:22:05,006,FBN1_016_712_68,17,0.028,13,0.968,0.0,21.27
2026-06-14 04:32:08,006,FBN1_016_712_68,23,0.038,13,0.958,0.0,21.26
2026-06-14 04:42:11,006,FBN1_016_712_68,0,0.0,14,1.0,0.0,21.21
2026-06-14 04:52:14,006,FBN1_016_712_68,0,0.0,14,1.0,0.0,21.16
2026-06-14 05:02:17,006,FBN1_016_712_68,0,0.0,14,1.0,0.0,21.1
2026-06-14 05:12:20,006,FBN1_016_712_68,0,0.0,14,1.0,0.0,21.05
2026-06-14 05:22:23,006,FBN1_016_712_68,89,0.148,10,0.818,0.0,21.08
2026-06-14 05:32:26,006,FBN1_016_712_68,124,0.206,7,0.693,0.0,21.14
2026-06-14 05:42:29,006,FBN1_016_712_68,36,0.06,10,0.917,0.0,21.15
2026-06-14 05:52:32,006,FBN1_016_712_68,9,0.015,13,0.983,0.0,21.15
2026-06-14 06:02:35,006,FBN1_016_712_68,93,0.155,8,0.775,2.9196,21.18
2026-06-14 06:12:38,006,FBN1_016_712_68,88,0.146,9,0.804,2.844,21.22
2026-06-14 06:22:41,006,FBN1_016_712_68,6,0.01,13,0.989,3.168,21.21
2026-06-14 06:32:44,006,FBN1_016_712_68,24,0.04,12,0.952,2.8044,21.21
2026-06-14 06:42:47,006,FBN1_016_712_68,3,0.005,14,0.995,2.8152,21.2
2026-06-14 06:52:50,006,FBN1_016_712_68,0,0.0,14,1.0,2.808,21.17
2026-06-14 07:02:53,006,FBN1_016_712_68,0,0.0,14,1.0,2.8116,21.14
2026-06-14 07:12:56,006,FBN1_016_712_68,0,0.0,14,1.0,2.8008,21.11
2026-06-14 07:22:59,006,FBN1_016_712_68,0,0.0,14,1.0,2.8008,21.09
2026-06-14 07:33:02,006,FBN1_016_712_68,0,0.0,14,1.0,2.8116,21.06
2026-06-14 07:43:24,006,FBN1_016_712_68,0,0.0,14,1.0,2.8008,21.1
2026-06-14 07:53:27,006,FBN1_016_712_68,0,0.0,14,1.0,2.8008,21.07
2026-06-14 08:03:30,006,FBN1_016_712_68,0,0.0,14,1.0,2.8044,21.07
2026-06-14 08:13:33,006,FBN1_016_712_68,0,0.0,14,1.0,2.8008,21.05
2026-06-14 08:23:36,006,FBN1_016_712_68,0,0.0,14,1.0,2.8008,21.05
2026-06-14 08:33:39,006,FBN1_016_712_68,0,0.0,14,1.0,2.8044,21.05
2026-06-14 08:43:42,006,FBN1_016_712_68,0,0.0,14,1.0,2.8008,21.04
2026-06-14 08:53:45,006,FBN1_016_712_68,68,0.113,12,0.876,2.8296,21.08
2026-06-14 09:03:48,006,FBN1_016_712_68,76,0.126,11,0.853,2.8476,21.15
2026-06-14 09:13:51,006,FBN1_016_712_68,0,0.0,14,1.0,2.8548,21.14
2026-06-14 09:23:53,006,FBN1_016_712_68,0,0.0,14,1.0,2.8548,21.12
2026-06-14 09:33:57,006,FBN1_016_712_68,0,0.0,14,1.0,2.8512,21.1
2026-06-14 09:43:59,006,FBN1_016_712_68,0,0.0,14,1.0,2.8584,21.08
2026-06-14 09:54:02,006,FBN1_016_712_68,0,0.0,14,1.0,2.8584,21.09
2026-06-14 10:04:05,006,FBN1_016_712_68,0,0.0,14,1.0,2.8512,21.09
2026-06-14 10:14:08,006,FBN1_016_712_68,0,0.0,14,1.0,2.8512,21.1
2026-06-14 10:24:11,006,FBN1_016_712_68,0,0.0,14,1.0,2.844,21.11
2026-06-14 10:34:14,006,FBN1_016_712_68,0,0.0,14,1.0,2.844,21.12
2026-06-14 10:44:17,006,FBN1_016_712_68,0,0.0,14,1.0,2.8548,21.11
2026-06-14 10:54:20,006,FBN1_016_712_68,0,0.0,14,1.0,2.8548,21.12
2026-06-14 11:04:24,006,FBN1_016_712_68,0,0.0,14,1.0,2.844,21.12
2026-06-14 11:14:26,006,FBN1_016_712_68,0,0.0,14,1.0,2.8476,21.12
2026-06-14 11:24:30,006,FBN1_016_712_68,0,0.0,14,1.0,2.8548,21.13
2026-06-14 11:34:32,006,FBN1_016_712_68,0,0.0,14,1.0,2.8692,21.13
2026-06-14 11:44:51,006,FBN1_016_712_68,0,0.0,14,1.0,2.8584,21.17
2026-06-14 11:54:54,006,FBN1_016_712_68,0,0.0,14,1.0,2.844,21.17
2026-06-14 12:04:57,006,FBN1_016_712_68,70,0.116,10,0.851,2.8476,21.2
2026-06-14 12:15:00,006,FBN1_016_712_68,0,0.0,14,1.0,2.8728,21.22
2026-06-14 12:25:02,006,FBN1_016_712_68,0,0.0,14,1.0,2.8872,21.21
2026-06-14 12:35:05,006,FBN1_016_712_68,0,0.0,14,1.0,2.88,21.19
2026-06-14 12:45:08,006,FBN1_016_712_68,0,0.0,14,1.0,2.8728,21.18
2026-06-14 12:55:11,006,FBN1_016_712_68,0,0.0,14,1.0,2.88,21.18
2026-06-14 13:05:14,006,FBN1_016_712_68,0,0.0,14,1.0,2.88,21.18
2026-06-14 13:15:17,006,FBN1_016_712_68,0,0.0,14,1.0,2.88,21.19
2026-06-14 13:25:20,006,FBN1_016_712_68,0,0.0,14,1.0,2.8908,21.17
2026-06-14 13:35:22,006,FBN1_016_712_68,0,0.0,14,1.0,2.88,21.17
2026-06-14 13:45:25,006,FBN1_016_712_68,0,0.0,14,1.0,2.8908,21.17
2026-06-14 13:55:28,006,FBN1_016_712_68,0,0.0,14,1.0,2.88,21.17
2026-06-14 14:05:31,006,FBN1_016_712_68,0,0.0,14,1.0,2.88,21.17
2026-06-14 14:15:34,006,FBN1_016_712_68,0,0.0,14,1.0,2.88,21.17
2026-06-14 14:25:37,006,FBN1_016_712_68,10,0.017,14,0.982,2.772,21.18
2026-06-14 14:35:41,006,FBN1_016_712_68,36,0.06,12,0.93,2.8512,21.23
2026-06-14 14:45:44,006,FBN1_016_712_68,39,0.065,12,0.925,2.7144,21.28
2026-06-14 14:55:47,006,FBN1_016_712_68,0,0.0,14,1.0,2.7144,21.27
2026-06-14 15:05:50,006,FBN1_016_712_68,0,0.0,14,1.0,2.7072,21.25
2026-06-14 15:15:53,006,FBN1_016_712_68,0,0.0,14,1.0,2.7072,21.22
2026-06-14 15:25:56,006,FBN1_016_712_68,0,0.0,14,1.0,2.718,21.2
2026-06-14 15:35:59,006,FBN1_016_712_68,0,0.0,14,1.0,2.7072,21.2
2026-06-14 15:46:22,006,FBN1_016_712_68,0,0.0,14,1.0,2.7144,21.22
2026-06-14 15:56:25,006,FBN1_016_712_68,0,0.0,14,1.0,2.718,21.19
2026-06-14 16:06:28,006,FBN1_016_712_68,0,0.0,14,1.0,2.7144,21.19
2026-06-14 16:16:31,006,FBN1_016_712_68,30,0.05,12,0.941,2.7,21.21
2026-06-14 16:26:34,006,FBN1_016_712_68,38,0.063,12,0.927,2.5236,21.25
2026-06-14 16:36:38,006,FBN1_016_712_68,28,0.047,13,0.949,2.6928,21.29
2026-06-14 16:46:41,006,FBN1_016_712_68,0,0.0,14,1.0,2.6928,21.29
2026-06-14 16:56:44,006,FBN1_016_712_68,0,0.0,14,1.0,2.6928,21.27
2026-06-14 17:06:48,006,FBN1_016_712_68,0,0.0,14,1.0,2.6928,21.25
2026-06-14 17:16:50,006,FBN1_016_712_68,0,0.0,14,1.0,2.6964,21.24
2026-06-14 17:26:54,006,FBN1_016_712_68,0,0.0,14,1.0,2.6928,21.24
2026-06-14 17:36:57,006,FBN1_016_712_68,10,0.017,14,0.982,2.5524,21.23
2026-06-14 17:47:00,006,FBN1_016_712_68,160,0.266,9,0.692,2.6928,21.38
2026-06-14 17:57:03,006,FBN1_016_712_68,153,0.255,7,0.647,2.8008,21.43
2026-06-14 18:07:06,006,FBN1_016_712_68,144,0.24,8,0.69,0.0,21.48
2026-06-14 18:17:09,006,FBN1_016_712_68,110,0.183,8,0.744,0.0,21.5
2026-06-14 18:27:12,006,FBN1_016_712_68,21,0.035,13,0.961,0.0,21.46
2026-06-14 18:37:14,006,FBN1_016_712_68,84,0.14,10,0.826,0.0,21.43
2026-06-14 18:47:18,006,FBN1_016_712_68,143,0.238,7,0.662,0.0,21.47
2026-06-14 18:57:20,006,FBN1_016_712_68,0,0.0,14,1.0,0.0,21.41
2026-06-14 19:07:23,006,FBN1_016_712_68,0,0.0,14,1.0,0.0,21.35
2026-06-14 19:17:26,006,FBN1_016_712_68,0,0.0,14,1.0,0.0,21.31
2026-06-14 19:27:29,006,FBN1_016_712_68,0,0.0,14,1.0,0.0,21.27
2026-06-14 19:37:31,006,FBN1_016_712_68,10,0.017,13,0.981,0.0,21.28
2026-06-14 19:47:49,006,FBN1_016_712_68,124,0.207,9,0.744,0.0,21.38
2026-06-14 19:57:52,006,FBN1_016_712_68,0,0.0,14,1.0,0.0,21.37
2026-06-14 20:07:55,006,FBN1_016_712_68,105,0.175,10,0.792,0.0,21.43
2026-06-14 20:17:58,006,FBN1_016_712_68,363,0.604,0,0.0,0.0,21.65
2026-06-14 20:28:01,006,FBN1_016_712_68,83,0.138,11,0.841,0.0,21.63
2026-06-14 20:38:04,006,FBN1_016_712_68,42,0.07,12,0.92,0.0,21.57
2026-06-14 20:48:07,006,FBN1_016_712_68,146,0.243,7,0.657,0.0,21.62
2026-06-14 20:58:09,006,FBN1_016_712_68,0,0.0,14,1.0,0.0,21.52
2026-06-14 21:08:12,006,FBN1_016_712_68,0,0.0,14,1.0,0.0,21.44
2026-06-14 21:18:15,006,FBN1_016_712_68,0,0.0,14,1.0,0.0,21.38
2026-06-14 21:28:18,006,FBN1_016_712_68,0,0.0,14,1.0,0.0,21.33
2026-06-14 21:38:21,006,FBN1_016_712_68,0,0.0,14,1.0,0.0,21.31
2026-06-14 21:48:24,006,FBN1_016_712_68,181,0.302,7,0.607,0.0,21.34
2026-06-14 21:58:27,006,FBN1_016_712_68,182,0.303,5,0.524,0.0,21.49
2026-06-14 22:08:30,006,FBN1_016_712_68,55,0.091,11,0.889,0.0,21.49
2026-06-14 22:18:33,006,FBN1_016_712_68,90,0.15,11,0.83,0.0,21.49
2026-06-14 22:28:36,006,FBN1_016_712_68,336,0.559,1,0.106,0.0,21.58
2026-06-14 22:38:39,006,FBN1_016_712_68,121,0.202,8,0.726,0.0,21.62
2026-06-14 22:48:42,006,FBN1_016_712_68,89,0.148,9,0.802,0.0,21.64
2026-06-14 22:58:46,006,FBN1_016_712_68,81,0.135,10,0.832,0.0,21.62
2026-06-14 23:08:48,006,FBN1_016_712_68,3,0.005,13,0.994,0.0,21.56
2026-06-14 23:18:51,006,FBN1_016_712_68,207,0.344,4,0.436,0.0,21.59
2026-06-14 23:28:54,006,FBN1_016_712_68,346,0.576,0,0.0,0.0,21.78
2026-06-14 23:38:57,006,FBN1_016_712_68,220,0.365,6,0.522,0.0,21.89
2026-06-14 23:49:18,006,FBN1_016_712_68,32,0.053,12,0.938,0.0,21.8
2026-06-14 23:59:22,006,FBN1_016_712_68,155,0.258,5,0.563,0.0,21.75
2026-06-13 00:09:38,002,FBN1_016_712_70,81,0.135,8,0.798,0.0,21.63
2026-06-13 00:19:40,002,FBN1_016_712_70,130,0.216,5,0.606,0.0,21.59
2026-06-13 00:29:42,002,FBN1_016_712_70,0,0.0,14,1.0,0.0,21.52
2026-06-13 00:39:45,002,FBN1_016_712_70,62,0.103,11,0.876,0.0,21.49
2026-06-13 00:49:49,002,FBN1_016_712_70,4,0.007,14,0.993,0.0,21.41
2026-06-13 00:59:52,002,FBN1_016_712_70,0,0.0,14,1.0,0.0,21.32
2026-06-13 01:09:55,002,FBN1_016_712_70,0,0.0,14,1.0,0.0,21.24
2026-06-13 01:19:58,002,FBN1_016_712_70,0,0.0,14,1.0,0.0,21.19
2026-06-13 01:30:01,002,FBN1_016_712_70,0,0.0,14,1.0,0.0,21.16
2026-06-13 01:40:04,002,FBN1_016_712_70,1,0.002,14,0.998,0.0,21.13
2026-06-13 01:50:07,002,FBN1_016_712_70,0,0.0,14,1.0,0.0,21.11
2026-06-13 02:00:10,002,FBN1_016_712_70,1,0.002,14,0.998,0.0,21.13
2026-06-13 02:10:12,002,FBN1_016_712_70,79,0.131,9,0.82,0.0,21.17
2026-06-13 02:20:15,002,FBN1_016_712_70,196,0.326,3,0.38,0.0,21.31
2026-06-13 02:30:19,002,FBN1_016_712_70,81,0.135,8,0.798,0.0,21.36
2026-06-13 02:40:22,002,FBN1_016_712_70,6,0.01,12,0.988,0.0,21.35
2026-06-13 02:50:25,002,FBN1_016_712_70,183,0.304,3,0.396,0.0,21.43
2026-06-13 03:00:28,002,FBN1_016_712_70,150,0.25,6,0.615,0.0,21.47
2026-06-13 03:10:30,002,FBN1_016_712_70,0,0.0,14,1.0,0.0,21.45
2026-06-13 03:20:33,002,FBN1_016_712_70,77,0.128,8,0.806,0.0,21.45
2026-06-13 03:30:54,002,FBN1_016_712_70,29,0.048,11,0.938,0.0,21.46
2026-06-13 03:40:57,002,FBN1_016_712_70,0,0.0,14,1.0,0.0,21.37
2026-06-13 03:51:00,002,FBN1_016_712_70,0,0.0,14,1.0,0.0,21.29
2026-06-13 04:01:03,002,FBN1_016_712_70,1,0.002,13,0.998,0.0,21.24
2026-06-13 04:11:05,002,FBN1_016_712_70,1,0.002,14,0.998,0.0,21.18
2026-06-13 04:21:09,002,FBN1_016_712_70,1,0.002,14,0.998,0.0,21.15
2026-06-13 04:31:11,002,FBN1_016_712_70,0,0.0,14,1.0,0.0,21.13
2026-06-13 04:41:14,002,FBN1_016_712_70,105,0.174,9,0.774,0.0,21.18
2026-06-13 04:51:17,002,FBN1_016_712_70,161,0.268,4,0.498,0.0,21.3
2026-06-13 05:01:20,002,FBN1_016_712_70,92,0.153,9,0.796,0.0,21.35
2026-06-13 05:11:23,002,FBN1_016_712_70,83,0.138,7,0.771,0.0,21.36
2026-06-13 05:21:26,002,FBN1_016_712_70,76,0.126,10,0.84,0.0,21.37
2026-06-13 05:31:29,002,FBN1_016_712_70,75,0.125,10,0.842,0.0,21.41
2026-06-13 05:41:32,002,FBN1_016_712_70,19,0.032,11,0.959,0.0,21.37
2026-06-13 05:51:35,002,FBN1_016_712_70,0,0.0,14,1.0,0.0,21.31
2026-06-13 06:01:38,002,FBN1_016_712_70,1,0.002,14,0.998,3.2976,21.25
2026-06-13 06:11:41,002,FBN1_016_712_70,0,0.0,14,1.0,3.276,21.2
2026-06-13 06:21:44,002,FBN1_016_712_70,0,0.0,14,1.0,3.2796,21.18
2026-06-13 06:31:47,002,FBN1_016_712_70,1,0.002,14,0.998,3.2652,21.16
2026-06-13 06:41:49,002,FBN1_016_712_70,1,0.002,14,0.998,3.2508,21.16
2026-06-13 06:51:52,002,FBN1_016_712_70,3,0.005,14,0.995,3.24,21.15
2026-06-13 07:01:55,002,FBN1_016_712_70,1,0.002,14,0.998,3.2256,21.13
2026-06-13 07:11:58,002,FBN1_016_712_70,0,0.0,14,1.0,3.2256,21.14
2026-06-13 07:22:01,002,FBN1_016_712_70,1,0.002,14,0.998,3.2436,21.12
2026-06-13 07:32:21,002,FBN1_016_712_70,0,0.0,14,1.0,3.24,21.15
2026-06-13 07:42:24,002,FBN1_016_712_70,0,0.0,14,1.0,3.2328,21.15
2026-06-13 07:52:27,002,FBN1_016_712_70,2,0.003,14,0.996,3.2328,21.14
2026-06-13 08:02:30,002,FBN1_016_712_70,0,0.0,14,1.0,3.2292,21.14
2026-06-13 08:12:32,002,FBN1_016_712_70,0,0.0,14,1.0,3.2364,21.14
2026-06-13 08:22:36,002,FBN1_016_712_70,9,0.015,13,0.983,3.1752,21.15
2026-06-13 08:32:39,002,FBN1_016_712_70,17,0.028,13,0.968,3.1032,21.2
2026-06-13 08:42:42,002,FBN1_016_712_70,0,0.0,14,1.0,2.988,21.2
2026-06-13 08:52:45,002,FBN1_016_712_70,0,0.0,14,1.0,2.988,21.2
2026-06-13 09:02:48,002,FBN1_016_712_70,0,0.0,14,1.0,3.0024,21.2
2026-06-13 09:12:51,002,FBN1_016_712_70,0,0.0,14,1.0,3.0168,21.19
2026-06-13 09:22:54,002,FBN1_016_712_70,0,0.0,14,1.0,3.0312,21.18
2026-06-13 09:32:57,002,FBN1_016_712_70,0,0.0,14,1.0,3.024,21.17
2026-06-13 09:42:59,002,FBN1_016_712_70,0,0.0,14,1.0,3.0384,21.16
2026-06-13 09:53:02,002,FBN1_016_712_70,0,0.0,14,1.0,3.042,21.16
2026-06-13 10:03:05,002,FBN1_016_712_70,0,0.0,14,1.0,3.0564,21.15
2026-06-13 10:13:08,002,FBN1_016_712_70,1,0.002,14,0.998,3.0312,21.15
2026-06-13 10:23:11,002,FBN1_016_712_70,0,0.0,14,1.0,3.0312,21.16
2026-06-13 10:33:13,002,FBN1_016_712_70,1,0.002,14,0.998,3.024,21.14
2026-06-13 10:43:17,002,FBN1_016_712_70,0,0.0,14,1.0,3.042,21.14
2026-06-13 10:53:19,002,FBN1_016_712_70,2,0.003,14,0.996,3.0492,21.14
2026-06-13 11:03:23,002,FBN1_016_712_70,0,0.0,14,1.0,3.0276,21.14
2026-06-13 11:13:26,002,FBN1_016_712_70,1,0.002,14,0.998,3.0312,21.14
2026-06-13 11:23:29,002,FBN1_016_712_70,0,0.0,14,1.0,3.0672,21.12
2026-06-13 11:33:51,002,FBN1_016_712_70,18,0.03,12,0.964,3.1032,21.19
2026-06-13 11:43:54,002,FBN1_016_712_70,0,0.0,14,1.0,3.1752,21.2
2026-06-13 11:53:57,002,FBN1_016_712_70,1,0.002,14,0.998,3.1752,21.21
2026-06-13 12:04:00,002,FBN1_016_712_70,0,0.0,14,1.0,3.1716,21.19
2026-06-13 12:14:03,002,FBN1_016_712_70,0,0.0,14,1.0,3.1716,21.16
2026-06-13 12:24:06,002,FBN1_016_712_70,1,0.002,14,0.998,3.1608,21.13
2026-06-13 12:34:09,002,FBN1_016_712_70,1,0.002,13,0.998,3.1644,21.12
2026-06-13 12:44:12,002,FBN1_016_712_70,0,0.0,14,1.0,3.1536,21.11
2026-06-13 12:54:15,002,FBN1_016_712_70,0,0.0,14,1.0,3.1644,21.11
2026-06-13 13:04:19,002,FBN1_016_712_70,1,0.002,14,0.998,3.1536,21.12
2026-06-13 13:14:21,002,FBN1_016_712_70,0,0.0,14,1.0,3.168,21.15
2026-06-13 13:24:24,002,FBN1_016_712_70,2,0.003,14,0.996,3.1536,21.16
2026-06-13 13:34:27,002,FBN1_016_712_70,0,0.0,14,1.0,3.1464,21.16
2026-06-13 13:44:30,002,FBN1_016_712_70,1,0.002,14,0.998,3.1752,21.16
2026-06-13 13:54:33,002,FBN1_016_712_70,2,0.003,14,0.996,3.168,21.16
2026-06-13 14:04:36,002,FBN1_016_712_70,0,0.0,14,1.0,3.1536,21.16
2026-06-13 14:14:39,002,FBN1_016_712_70,1,0.002,13,0.998,3.1392,21.15
2026-06-13 14:24:42,002,FBN1_016_712_70,0,0.0,14,1.0,3.1536,21.13
2026-06-13 14:34:45,002,FBN1_016_712_70,0,0.0,14,1.0,3.1248,21.15
2026-06-13 14:44:48,002,FBN1_016_712_70,18,0.03,13,0.967,3.0672,21.17
2026-06-13 14:54:51,002,FBN1_016_712_70,67,0.112,9,0.843,3.0708,21.26
2026-06-13 15:04:54,002,FBN1_016_712_70,55,0.092,9,0.867,3.1536,21.27
2026-06-13 15:14:56,002,FBN1_016_712_70,36,0.06,11,0.924,3.1176,21.31
2026-06-13 15:24:59,002,FBN1_016_712_70,3,0.005,13,0.994,3.1392,21.27
2026-06-13 15:35:20,002,FBN1_016_712_70,0,0.0,14,1.0,3.1392,21.28
2026-06-13 15:45:23,002,FBN1_016_712_70,1,0.002,14,0.998,3.132,21.24
2026-06-13 15:55:26,002,FBN1_016_712_70,2,0.003,13,0.996,3.1536,21.21
2026-06-13 16:05:29,002,FBN1_016_712_70,0,0.0,14,1.0,3.1536,21.18
2026-06-13 16:15:32,002,FBN1_016_712_70,0,0.0,14,1.0,3.1536,21.17
2026-06-13 16:25:35,002,FBN1_016_712_70,0,0.0,14,1.0,3.1608,21.15
2026-06-13 16:35:38,002,FBN1_016_712_70,1,0.002,13,0.998,3.1536,21.14
2026-06-13 16:45:41,002,FBN1_016_712_70,0,0.0,14,1.0,3.1608,21.13
2026-06-13 16:55:45,002,FBN1_016_712_70,0,0.0,14,1.0,3.1716,21.13
2026-06-13 17:05:48,002,FBN1_016_712_70,1,0.002,14,0.998,3.1572,21.13
2026-06-13 17:15:51,002,FBN1_016_712_70,10,0.017,13,0.981,3.168,21.15
2026-06-13 17:25:54,002,FBN1_016_712_70,41,0.068,11,0.915,3.384,21.2
2026-06-13 17:35:57,002,FBN1_016_712_70,25,0.042,13,0.954,3.3264,21.26
2026-06-13 17:45:59,002,FBN1_016_712_70,1,0.002,14,0.998,3.312,21.27
2026-06-13 17:56:02,002,FBN1_016_712_70,2,0.003,13,0.996,3.3228,21.27
2026-06-13 18:06:05,002,FBN1_016_712_70,20,0.033,12,0.96,0.0,21.29
2026-06-13 18:16:07,002,FBN1_016_712_70,0,0.0,14,1.0,0.0,21.32
2026-06-13 18:26:10,002,FBN1_016_712_70,149,0.248,6,0.617,0.0,21.39
2026-06-13 18:36:12,002,FBN1_016_712_70,134,0.223,7,0.676,0.0,21.45
2026-06-13 18:46:15,002,FBN1_016_712_70,148,0.246,5,0.575,0.0,21.47
2026-06-13 18:56:18,002,FBN1_016_712_70,84,0.14,9,0.811,0.0,21.5
2026-06-13 19:06:21,002,FBN1_016_712_70,144,0.24,6,0.625,0.0,21.52
2026-06-13 19:16:24,002,FBN1_016_712_70,184,0.306,3,0.395,0.0,21.59
2026-06-13 19:26:27,002,FBN1_016_712_70,1,0.002,14,0.998,0.0,21.55
2026-06-13 19:36:52,002,FBN1_016_712_70,68,0.114,9,0.841,0.0,21.58
2026-06-13 19:46:55,002,FBN1_016_712_70,1,0.002,14,0.998,0.0,21.51
2026-06-13 19:56:57,002,FBN1_016_712_70,0,0.0,14,1.0,0.0,21.46
2026-06-13 20:07:01,002,FBN1_016_712_70,128,0.213,6,0.652,0.0,21.46
2026-06-13 20:17:03,002,FBN1_016_712_70,34,0.057,11,0.928,0.0,21.44
2026-06-13 20:27:06,002,FBN1_016_712_70,141,0.235,3,0.46,0.0,21.68
2026-06-13 20:37:09,002,FBN1_016_712_70,50,0.083,12,0.906,0.0,21.61
2026-06-13 20:47:12,002,FBN1_016_712_70,81,0.135,11,0.845,0.0,21.54
2026-06-13 20:57:15,002,FBN1_016_712_70,63,0.105,10,0.864,0.0,21.59
2026-06-13 21:07:18,002,FBN1_016_712_70,169,0.281,5,0.542,0.0,21.68
2026-06-13 21:17:21,002,FBN1_016_712_70,0,0.0,14,1.0,0.0,21.57
2026-06-13 21:27:24,002,FBN1_016_712_70,0,0.0,14,1.0,0.0,21.49
2026-06-13 21:37:27,002,FBN1_016_712_70,107,0.178,6,0.692,0.0,21.51
2026-06-13 21:47:30,002,FBN1_016_712_70,67,0.111,10,0.857,0.0,21.5
2026-06-13 21:57:33,002,FBN1_016_712_70,137,0.228,6,0.637,0.0,21.49
2026-06-13 22:07:36,002,FBN1_016_712_70,52,0.086,10,0.885,0.0,21.45
2026-06-13 22:17:39,002,FBN1_016_712_70,121,0.202,6,0.665,0.0,21.47
2026-06-13 22:27:42,002,FBN1_016_712_70,172,0.286,1,0.189,0.0,21.54
2026-06-13 22:37:45,002,FBN1_016_712_70,68,0.113,8,0.825,0.0,21.51
2026-06-13 22:47:47,002,FBN1_016_712_70,75,0.125,10,0.842,0.0,21.48
2026-06-13 22:57:50,002,FBN1_016_712_70,197,0.327,4,0.448,0.0,21.54
2026-06-13 23:07:53,002,FBN1_016_712_70,59,0.098,10,0.871,0.0,21.53
2026-06-13 23:17:56,002,FBN1_016_712_70,17,0.028,12,0.966,0.0,21.5
2026-06-13 23:27:58,002,FBN1_016_712_70,144,0.24,5,0.581,0.0,21.59
2026-06-13 23:38:29,002,FBN1_016_712_70,194,0.324,3,0.382,0.0,21.73
2026-06-13 23:48:31,002,FBN1_016_712_70,42,0.07,11,0.913,0.0,21.63
2026-06-13 23:58:34,002,FBN1_016_712_70,96,0.159,7,0.745,0.0,21.59
2026-06-14 00:08:38,002,FBN1_016_712_70,32,0.053,11,0.932,0.0,21.53
2026-06-14 00:18:41,002,FBN1_016_712_70,56,0.093,10,0.877,0.0,21.48
2026-06-14 00:28:44,002,FBN1_016_712_70,29,0.048,12,0.943,0.0,21.42
2026-06-14 00:38:47,002,FBN1_016_712_70,0,0.0,14,1.0,0.0,21.35
2026-06-14 00:48:51,002,FBN1_016_712_70,1,0.002,13,0.998,0.0,21.29
2026-06-14 00:58:53,002,FBN1_016_712_70,1,0.002,14,0.998,0.0,21.23
2026-06-14 01:08:56,002,FBN1_016_712_70,1,0.002,14,0.998,0.0,21.2
2026-06-14 01:18:58,002,FBN1_016_712_70,3,0.005,13,0.994,0.0,21.15
2026-06-14 01:29:01,002,FBN1_016_712_70,0,0.0,14,1.0,0.0,21.13
2026-06-14 01:39:04,002,FBN1_016_712_70,154,0.256,4,0.51,0.0,21.2
2026-06-14 01:49:07,002,FBN1_016_712_70,23,0.038,11,0.95,0.0,21.21
2026-06-14 01:59:10,002,FBN1_016_712_70,124,0.206,3,0.492,0.0,21.29
2026-06-14 02:09:14,002,FBN1_016_712_70,21,0.035,12,0.958,0.0,21.32
2026-06-14 02:19:17,002,FBN1_016_712_70,114,0.19,5,0.637,0.0,21.39
2026-06-14 02:29:20,002,FBN1_016_712_70,33,0.055,12,0.936,0.0,21.4
2026-06-14 02:39:24,002,FBN1_016_712_70,52,0.087,10,0.885,0.0,21.39
2026-06-14 02:49:27,002,FBN1_016_712_70,44,0.073,11,0.909,0.0,21.38
2026-06-14 02:59:30,002,FBN1_016_712_70,250,0.416,1,0.138,0.0,21.52
2026-06-14 03:09:33,002,FBN1_016_712_70,134,0.223,5,0.599,0.0,21.54
2026-06-14 03:19:36,002,FBN1_016_712_70,7,0.012,13,0.987,0.0,21.47
2026-06-14 03:29:39,002,FBN1_016_712_70,0,0.0,14,1.0,0.0,21.38
2026-06-14 03:40:10,002,FBN1_016_712_70,0,0.0,14,1.0,0.0,21.36
2026-06-14 03:50:12,002,FBN1_016_712_70,0,0.0,14,1.0,0.0,21.27
2026-06-14 04:00:16,002,FBN1_016_712_70,3,0.005,13,0.994,0.0,21.19
2026-06-14 04:10:18,002,FBN1_016_712_70,0,0.0,14,1.0,0.0,21.15
2026-06-14 04:20:22,002,FBN1_016_712_70,26,0.043,12,0.949,0.0,21.14
2026-06-14 04:30:26,002,FBN1_016_712_70,246,0.409,0,0.0,0.0,21.25
2026-06-14 04:40:28,002,FBN1_016_712_70,101,0.168,9,0.781,0.0,21.37
2026-06-14 04:50:31,002,FBN1_016_712_70,67,0.111,7,0.807,0.0,21.34
2026-06-14 05:00:35,002,FBN1_016_712_70,243,0.404,2,0.248,0.0,21.47
2026-06-14 05:10:37,002,FBN1_016_712_70,55,0.092,7,0.836,0.0,21.43
2026-06-14 05:20:40,002,FBN1_016_712_70,127,0.211,7,0.688,0.0,21.42
2026-06-14 05:30:44,002,FBN1_016_712_70,81,0.135,6,0.748,0.0,21.4
2026-06-14 05:40:47,002,FBN1_016_712_70,0,0.0,14,1.0,0.0,21.34
2026-06-14 05:50:50,002,FBN1_016_712_70,22,0.037,11,0.952,0.0,21.28
2026-06-14 06:00:53,002,FBN1_016_712_70,0,0.0,14,1.0,2.9808,21.22
2026-06-14 06:10:56,002,FBN1_016_712_70,0,0.0,14,1.0,2.9664,21.18
2026-06-14 06:20:59,002,FBN1_016_712_70,0,0.0,14,1.0,2.9376,21.16
2026-06-14 06:31:02,002,FBN1_016_712_70,3,0.005,12,0.994,2.9232,21.12
2026-06-14 06:41:05,002,FBN1_016_712_70,0,0.0,14,1.0,2.9088,21.11
2026-06-14 06:51:08,002,FBN1_016_712_70,0,0.0,14,1.0,2.9196,21.11
2026-06-14 07:01:11,002,FBN1_016_712_70,0,0.0,14,1.0,2.9052,21.1
2026-06-14 07:11:14,002,FBN1_016_712_70,0,0.0,14,1.0,2.9088,21.09
2026-06-14 07:21:17,002,FBN1_016_712_70,1,0.002,14,0.998,2.9088,21.1
2026-06-14 07:31:19,002,FBN1_016_712_70,1,0.002,14,0.998,2.9016,21.1
2026-06-14 07:41:39,002,FBN1_016_712_70,0,0.0,14,1.0,2.9016,21.14
2026-06-14 07:51:42,002,FBN1_016_712_70,1,0.002,14,0.998,2.9088,21.12
2026-06-14 08:01:45,002,FBN1_016_712_70,0,0.0,14,1.0,2.9088,21.12
2026-06-14 08:11:47,002,FBN1_016_712_70,0,0.0,14,1.0,2.916,21.1
2026-06-14 08:21:51,002,FBN1_016_712_70,0,0.0,14,1.0,2.9232,21.11
2026-06-14 08:31:53,002,FBN1_016_712_70,0,0.0,14,1.0,2.9268,21.1
2026-06-14 08:41:56,002,FBN1_016_712_70,0,0.0,14,1.0,2.916,21.1
2026-06-14 08:51:59,002,FBN1_016_712_70,36,0.06,12,0.93,2.9232,21.15
2026-06-14 09:02:02,002,FBN1_016_712_70,18,0.03,12,0.964,3.2868,21.18
2026-06-14 09:12:05,002,FBN1_016_712_70,28,0.047,12,0.945,3.0168,21.18
2026-06-14 09:22:08,002,FBN1_016_712_70,2,0.003,13,0.996,3.024,21.17
2026-06-14 09:32:11,002,FBN1_016_712_70,0,0.0,14,1.0,3.024,21.16
2026-06-14 09:42:13,002,FBN1_016_712_70,0,0.0,14,1.0,3.0384,21.15
2026-06-14 09:52:16,002,FBN1_016_712_70,0,0.0,14,1.0,3.0456,21.14
2026-06-14 10:02:19,002,FBN1_016_712_70,0,0.0,14,1.0,3.0312,21.12
2026-06-14 10:12:22,002,FBN1_016_712_70,1,0.002,14,0.998,3.0312,21.11
2026-06-14 10:22:25,002,FBN1_016_712_70,1,0.002,14,0.998,3.0384,21.12
2026-06-14 10:32:27,002,FBN1_016_712_70,0,0.0,14,1.0,3.0312,21.1
2026-06-14 10:42:31,002,FBN1_016_712_70,0,0.0,14,1.0,3.0636,21.11
2026-06-14 10:52:34,002,FBN1_016_712_70,1,0.002,14,0.998,3.0384,21.1
2026-06-14 11:02:37,002,FBN1_016_712_70,3,0.005,13,0.994,3.0312,21.1
2026-06-14 11:12:40,002,FBN1_016_712_70,1,0.002,14,0.998,3.0492,21.1
2026-06-14 11:22:43,002,FBN1_016_712_70,0,0.0,14,1.0,3.0492,21.1
2026-06-14 11:32:46,002,FBN1_016_712_70,0,0.0,14,1.0,3.0528,21.11
2026-06-14 11:43:15,002,FBN1_016_712_70,20,0.033,11,0.957,2.034,21.18
2026-06-14 11:53:18,002,FBN1_016_712_70,24,0.04,12,0.952,3.4272,21.21
2026-06-14 12:03:21,002,FBN1_016_712_70,1,0.002,14,0.998,3.4416,21.19
2026-06-14 12:13:24,002,FBN1_016_712_70,0,0.0,14,1.0,3.4416,21.18
2026-06-14 12:23:27,002,FBN1_016_712_70,1,0.002,14,0.998,3.4416,21.16
2026-06-14 12:33:30,002,FBN1_016_712_70,1,0.002,14,0.998,3.4416,21.15
2026-06-14 12:43:33,002,FBN1_016_712_70,3,0.005,13,0.994,3.4452,21.14
2026-06-14 12:53:36,002,FBN1_016_712_70,0,0.0,14,1.0,3.4524,21.13
2026-06-14 13:03:40,002,FBN1_016_712_70,0,0.0,14,1.0,3.4488,21.11
2026-06-14 13:13:43,002,FBN1_016_712_70,0,0.0,14,1.0,3.456,21.11
2026-06-14 13:23:46,002,FBN1_016_712_70,0,0.0,14,1.0,3.4632,21.1
2026-06-14 13:33:48,002,FBN1_016_712_70,0,0.0,14,1.0,3.4596,21.1
2026-06-14 13:43:52,002,FBN1_016_712_70,0,0.0,14,1.0,3.456,21.09
2026-06-14 13:53:54,002,FBN1_016_712_70,0,0.0,14,1.0,3.4776,21.11
2026-06-14 14:03:56,002,FBN1_016_712_70,35,0.058,11,0.926,2.9808,21.13
2026-06-14 14:13:58,002,FBN1_016_712_70,0,0.0,14,1.0,2.9808,21.15
2026-06-14 14:24:01,002,FBN1_016_712_70,0,0.0,14,1.0,2.9736,21.14
2026-06-14 14:34:04,002,FBN1_016_712_70,0,0.0,14,1.0,2.9844,21.12
2026-06-14 14:44:06,002,FBN1_016_712_70,1,0.002,13,0.998,2.9736,21.11
2026-06-14 14:54:09,002,FBN1_016_712_70,0,0.0,14,1.0,2.9844,21.1
2026-06-14 15:04:11,002,FBN1_016_712_70,0,0.0,14,1.0,2.9736,21.1
2026-06-14 15:14:14,002,FBN1_016_712_70,0,0.0,14,1.0,2.9736,21.08
2026-06-14 15:24:17,002,FBN1_016_712_70,0,0.0,14,1.0,2.9664,21.09
2026-06-14 15:34:21,002,FBN1_016_712_70,0,0.0,14,1.0,2.9808,21.08
2026-06-14 15:44:45,002,FBN1_016_712_70,0,0.0,14,1.0,2.9196,21.15
2026-06-14 15:54:48,002,FBN1_016_712_70,0,0.0,14,1.0,2.8656,21.15
2026-06-14 16:04:50,002,FBN1_016_712_70,25,0.042,11,0.946,3.0384,21.17
2026-06-14 16:14:53,002,FBN1_016_712_70,6,0.01,12,0.988,2.7792,21.2
2026-06-14 16:24:56,002,FBN1_016_712_70,0,0.0,14,1.0,2.7864,21.19
2026-06-14 16:34:58,002,FBN1_016_712_70,1,0.002,14,0.998,2.7864,21.18
2026-06-14 16:45:01,002,FBN1_016_712_70,0,0.0,14,1.0,2.7792,21.17
2026-06-14 16:55:03,002,FBN1_016_712_70,0,0.0,14,1.0,2.7792,21.16
2026-06-14 17:05:06,002,FBN1_016_712_70,0,0.0,14,1.0,2.7864,21.15
2026-06-14 17:15:09,002,FBN1_016_712_70,2,0.003,13,0.996,2.7792,21.15
2026-06-14 17:25:12,002,FBN1_016_712_70,0,0.0,14,1.0,2.7792,21.15
2026-06-14 17:35:15,002,FBN1_016_712_70,0,0.0,14,1.0,2.772,21.16
2026-06-14 17:45:18,002,FBN1_016_712_70,20,0.033,13,0.963,2.88,21.17
2026-06-14 17:55:20,002,FBN1_016_712_70,34,0.057,12,0.934,2.844,21.23
2026-06-14 18:05:22,002,FBN1_016_712_70,21,0.035,11,0.954,0.0,21.22
2026-06-14 18:15:25,002,FBN1_016_712_70,136,0.226,6,0.638,0.0,21.3
2026-06-14 18:25:28,002,FBN1_016_712_70,69,0.115,9,0.839,0.0,21.32
2026-06-14 18:35:31,002,FBN1_016_712_70,218,0.363,3,0.355,0.0,21.42
2026-06-14 18:45:34,002,FBN1_016_712_70,178,0.297,5,0.529,0.0,21.5
2026-06-14 18:55:36,002,FBN1_016_712_70,167,0.278,5,0.545,0.0,21.49
2026-06-14 19:05:39,002,FBN1_016_712_70,91,0.151,6,0.725,0.0,21.51
2026-06-14 19:15:42,002,FBN1_016_712_70,147,0.245,6,0.62,0.0,21.51
2026-06-14 19:25:45,002,FBN1_016_712_70,97,0.161,9,0.788,0.0,21.54
2026-06-14 19:35:48,002,FBN1_016_712_70,177,0.295,1,0.184,0.0,21.55
2026-06-14 19:46:11,002,FBN1_016_712_70,107,0.179,9,0.771,0.0,21.58
2026-06-14 19:56:14,002,FBN1_016_712_70,144,0.24,5,0.581,0.0,21.56
2026-06-14 20:06:17,002,FBN1_016_712_70,2,0.003,14,0.996,0.0,21.48
2026-06-14 20:16:20,002,FBN1_016_712_70,46,0.077,12,0.913,0.0,21.46
2026-06-14 20:26:22,002,FBN1_016_712_70,159,0.265,4,0.502,0.0,21.45
2026-06-14 20:36:26,002,FBN1_016_712_70,92,0.153,9,0.796,0.0,21.46
2026-06-14 20:46:28,002,FBN1_016_712_70,153,0.255,7,0.647,0.0,21.53
2026-06-14 20:56:31,002,FBN1_016_712_70,256,0.426,3,0.319,0.0,21.59
2026-06-14 21:06:34,002,FBN1_016_712_70,22,0.037,12,0.956,0.0,21.59
2026-06-14 21:16:37,002,FBN1_016_712_70,147,0.245,7,0.656,0.0,21.56
2026-06-14 21:26:39,002,FBN1_016_712_70,21,0.035,12,0.958,0.0,21.5
2026-06-14 21:36:42,002,FBN1_016_712_70,146,0.243,5,0.578,0.0,21.5
2026-06-14 21:46:44,002,FBN1_016_712_70,117,0.195,7,0.705,0.0,21.5
2026-06-14 21:56:47,002,FBN1_016_712_70,39,0.065,11,0.919,0.0,21.45
2026-06-14 22:06:50,002,FBN1_016_712_70,71,0.118,11,0.861,0.0,21.43
2026-06-14 22:16:53,002,FBN1_016_712_70,0,0.0,14,1.0,0.0,21.35
2026-06-14 22:26:56,002,FBN1_016_712_70,0,0.0,14,1.0,0.0,21.28
2026-06-14 22:36:59,002,FBN1_016_712_70,0,0.0,14,1.0,0.0,21.23
2026-06-14 22:47:02,002,FBN1_016_712_70,22,0.037,12,0.956,0.0,21.24
2026-06-14 22:57:05,002,FBN1_016_712_70,185,0.307,6,0.565,0.0,21.36
2026-06-14 23:07:09,002,FBN1_016_712_70,171,0.285,4,0.483,0.0,21.4
2026-06-14 23:17:12,002,FBN1_016_712_70,114,0.19,7,0.711,0.0,21.41
2026-06-14 23:27:15,002,FBN1_016_712_70,8,0.013,11,0.982,0.0,21.39
2026-06-14 23:37:18,002,FBN1_016_712_70,202,0.337,4,0.442,0.0,21.42
2026-06-14 23:47:38,002,FBN1_016_712_70,175,0.292,1,0.186,0.0,21.54
2026-06-14 23:57:40,002,FBN1_016_712_70,77,0.128,8,0.806,0.0,21.48
2026-06-13 00:07:29,056,FBN1_016_712_71,428,0.712,0,0.0,0.0,22.28
2026-06-13 00:17:31,056,FBN1_016_712_71,440,0.732,0,0.0,0.0,22.29
2026-06-13 00:27:34,056,FBN1_016_712_71,399,0.663,1,0.091,0.0,22.35
2026-06-13 00:37:38,056,FBN1_016_712_71,473,0.787,0,0.0,0.0,22.24
2026-06-13 00:47:40,056,FBN1_016_712_71,405,0.674,1,0.09,0.0,22.35
2026-06-13 00:57:43,056,FBN1_016_712_71,417,0.695,0,0.0,0.0,22.24
2026-06-13 01:07:46,056,FBN1_016_712_71,488,0.812,0,0.0,0.0,22.26
2026-06-13 01:17:48,056,FBN1_016_712_71,406,0.676,1,0.09,0.0,22.26
2026-06-13 01:27:51,056,FBN1_016_712_71,445,0.74,0,0.0,0.0,22.24
2026-06-13 01:37:53,056,FBN1_016_712_71,399,0.664,0,0.0,0.0,22.31
2026-06-13 01:47:56,056,FBN1_016_712_71,443,0.737,1,0.083,0.0,22.22
2026-06-13 01:57:59,056,FBN1_016_712_71,395,0.657,1,0.092,0.0,22.19
2026-06-13 02:08:03,056,FBN1_016_712_71,390,0.649,2,0.17,0.0,22.18
2026-06-13 02:18:06,056,FBN1_016_712_71,411,0.684,0,0.0,0.0,22.18
2026-06-13 02:28:08,056,FBN1_016_712_71,345,0.574,1,0.104,0.0,22.24
2026-06-13 02:38:11,056,FBN1_016_712_71,339,0.565,0,0.0,0.0,22.41
2026-06-13 02:48:14,056,FBN1_016_712_71,376,0.626,1,0.096,0.0,22.39
2026-06-13 02:58:16,056,FBN1_016_712_71,389,0.647,0,0.0,0.0,22.35
2026-06-13 03:08:19,056,FBN1_016_712_71,391,0.652,2,0.17,0.0,22.27
2026-06-13 03:18:22,056,FBN1_016_712_71,321,0.534,1,0.111,0.0,22.19
2026-06-13 03:28:24,056,FBN1_016_712_71,339,0.564,0,0.0,0.0,22.21
2026-06-13 03:38:27,056,FBN1_016_712_71,396,0.66,1,0.092,0.0,22.16
2026-06-13 03:48:30,056,FBN1_016_712_71,351,0.583,1,0.102,0.0,22.08
2026-06-13 03:58:48,056,FBN1_016_712_71,253,0.422,0,0.0,0.0,21.98
2026-06-13 04:08:51,056,FBN1_016_712_71,414,0.689,0,0.0,0.0,22.01
2026-06-13 04:18:53,056,FBN1_016_712_71,52,0.087,9,0.874,0.0,21.9
2026-06-13 04:28:56,056,FBN1_016_712_71,25,0.042,13,0.954,0.0,21.85
2026-06-13 04:38:59,056,FBN1_016_712_71,46,0.077,10,0.897,0.0,21.79
2026-06-13 04:49:01,056,FBN1_016_712_71,254,0.423,5,0.441,0.0,21.68
2026-06-13 04:59:04,056,FBN1_016_712_71,271,0.451,4,0.371,0.0,21.73
2026-06-13 05:09:06,056,FBN1_016_712_71,437,0.727,0,0.0,0.0,21.96
2026-06-13 05:19:09,056,FBN1_016_712_71,291,0.484,4,0.355,0.0,21.91
2026-06-13 05:29:12,056,FBN1_016_712_71,384,0.64,2,0.172,0.0,21.85
2026-06-13 05:39:15,056,FBN1_016_712_71,367,0.611,0,0.0,0.0,21.78
2026-06-13 05:49:17,056,FBN1_016_712_71,144,0.24,7,0.66,0.0,21.7
2026-06-13 05:59:20,056,FBN1_016_712_71,24,0.04,11,0.948,0.0,21.63
2026-06-13 06:09:23,056,FBN1_016_712_71,50,0.083,9,0.878,0.2268,21.6
2026-06-13 06:19:26,056,FBN1_016_712_71,36,0.06,11,0.924,0.2304,21.56
2026-06-13 06:29:29,056,FBN1_016_712_71,1,0.002,14,0.998,0.2304,21.52
2026-06-13 06:39:32,056,FBN1_016_712_71,5,0.008,13,0.99,0.216,21.5
2026-06-13 06:49:35,056,FBN1_016_712_71,23,0.038,13,0.958,0.2232,21.49
2026-06-13 06:59:38,056,FBN1_016_712_71,34,0.057,11,0.928,0.234,21.48
2026-06-13 07:09:40,056,FBN1_016_712_71,13,0.022,14,0.977,0.2088,21.52
2026-06-13 07:19:43,056,FBN1_016_712_71,199,0.331,8,0.617,0.2016,21.57
2026-06-13 07:29:46,056,FBN1_016_712_71,352,0.586,3,0.254,0.2664,21.66
2026-06-13 07:39:49,056,FBN1_016_712_71,260,0.433,0,0.0,0.252,21.66
2026-06-13 07:49:52,056,FBN1_016_712_71,184,0.306,6,0.566,0.2448,21.68
2026-06-13 08:00:23,056,FBN1_016_712_71,16,0.027,13,0.97,0.2664,21.73
2026-06-13 08:10:25,056,FBN1_016_712_71,27,0.045,11,0.942,0.2556,21.72
2026-06-13 08:20:28,056,FBN1_016_712_71,27,0.045,13,0.951,0.252,21.69
2026-06-13 08:30:31,056,FBN1_016_712_71,4,0.007,14,0.993,0.27,21.66
2026-06-13 08:40:35,056,FBN1_016_712_71,25,0.042,13,0.954,0.2448,21.65
2026-06-13 08:50:38,056,FBN1_016_712_71,19,0.032,13,0.965,0.252,21.65
2026-06-13 09:00:40,056,FBN1_016_712_71,4,0.007,14,0.993,0.27,21.63
2026-06-13 09:10:43,056,FBN1_016_712_71,11,0.018,11,0.976,0.2556,21.61
2026-06-13 09:20:46,056,FBN1_016_712_71,12,0.02,13,0.977,0.27,21.6
2026-06-13 09:30:49,056,FBN1_016_712_71,324,0.539,4,0.331,0.2916,21.62
2026-06-13 09:40:52,056,FBN1_016_712_71,305,0.507,2,0.208,0.2556,21.68
2026-06-13 09:50:55,056,FBN1_016_712_71,445,0.74,0,0.0,0.1944,21.81
2026-06-13 10:00:58,056,FBN1_016_712_71,369,0.613,0,0.0,0.1764,21.82
2026-06-13 10:11:01,056,FBN1_016_712_71,313,0.52,3,0.277,0.2052,21.81
2026-06-13 10:21:04,056,FBN1_016_712_71,23,0.038,12,0.954,0.2088,21.79
2026-06-13 10:31:07,056,FBN1_016_712_71,20,0.033,13,0.963,0.2052,21.77
2026-06-13 10:41:10,056,FBN1_016_712_71,22,0.037,13,0.959,0.2304,21.74
2026-06-13 10:51:13,056,FBN1_016_712_71,37,0.062,10,0.915,0.2304,21.72
2026-06-13 11:01:16,056,FBN1_016_712_71,20,0.033,12,0.96,0.2196,21.68
2026-06-13 11:11:19,056,FBN1_016_712_71,41,0.068,11,0.915,0.216,21.67
2026-06-13 11:21:22,056,FBN1_016_712_71,25,0.042,12,0.95,0.2196,21.64
2026-06-13 11:31:25,056,FBN1_016_712_71,15,0.025,13,0.972,0.2412,21.62
2026-06-13 11:41:27,056,FBN1_016_712_71,22,0.037,12,0.956,0.2412,21.61
2026-06-13 11:51:30,056,FBN1_016_712_71,32,0.053,10,0.926,0.2376,21.61
2026-06-13 12:02:02,056,FBN1_016_712_71,17,0.028,12,0.966,0.216,21.65
2026-06-13 12:12:05,056,FBN1_016_712_71,72,0.12,12,0.87,0.2196,21.57
2026-06-13 12:22:08,056,FBN1_016_712_71,371,0.617,0,0.0,0.2052,21.56
2026-06-13 12:32:11,056,FBN1_016_712_71,201,0.334,6,0.544,0.2376,21.58
2026-06-13 12:42:14,056,FBN1_016_712_71,299,0.498,2,0.211,0.1836,21.64
2026-06-13 12:52:17,056,FBN1_016_712_71,449,0.746,0,0.0,0.1944,21.7
2026-06-13 13:02:21,056,FBN1_016_712_71,312,0.518,3,0.278,0.18,21.73
2026-06-13 13:12:24,056,FBN1_016_712_71,34,0.057,11,0.928,0.1836,21.76
2026-06-13 13:22:27,056,FBN1_016_712_71,14,0.023,13,0.974,0.1872,21.78
2026-06-13 13:32:30,056,FBN1_016_712_71,3,0.005,14,0.995,0.1872,21.77
2026-06-13 13:42:33,056,FBN1_016_712_71,51,0.085,11,0.896,0.1872,21.78
2026-06-13 13:52:37,056,FBN1_016_712_71,26,0.043,13,0.952,0.1728,21.77
2026-06-13 14:02:39,056,FBN1_016_712_71,16,0.027,12,0.968,0.1908,21.74
2026-06-13 14:12:42,056,FBN1_016_712_71,48,0.08,10,0.893,0.1836,21.7
2026-06-13 14:22:44,056,FBN1_016_712_71,14,0.023,13,0.974,0.18,21.69
2026-06-13 14:32:47,056,FBN1_016_712_71,67,0.111,9,0.843,0.18,21.68
2026-06-13 14:42:50,056,FBN1_016_712_71,27,0.045,13,0.951,0.1908,21.66
2026-06-13 14:52:53,056,FBN1_016_712_71,16,0.027,13,0.97,0.1656,21.68
2026-06-13 15:02:55,056,FBN1_016_712_71,393,0.654,1,0.092,0.2124,21.73
2026-06-13 15:12:58,056,FBN1_016_712_71,283,0.47,3,0.298,0.1908,21.71
2026-06-13 15:23:01,056,FBN1_016_712_71,378,0.629,0,0.0,0.2016,21.77
2026-06-13 15:33:04,056,FBN1_016_712_71,348,0.578,3,0.256,0.2196,21.78
2026-06-13 15:43:07,056,FBN1_016_712_71,28,0.047,12,0.945,0.2124,21.77
2026-06-13 15:53:10,056,FBN1_016_712_71,21,0.035,13,0.961,0.2052,21.74
2026-06-13 16:03:44,056,FBN1_016_712_71,24,0.04,13,0.956,0.2196,21.8
2026-06-13 16:13:47,056,FBN1_016_712_71,23,0.038,11,0.95,0.2088,21.75
2026-06-13 16:23:50,056,FBN1_016_712_71,19,0.032,13,0.965,0.2052,21.75
2026-06-13 16:33:54,056,FBN1_016_712_71,87,0.145,8,0.786,0.2088,21.73
2026-06-13 16:43:57,056,FBN1_016_712_71,135,0.225,8,0.703,0.2376,21.71
2026-06-13 16:53:59,056,FBN1_016_712_71,357,0.594,3,0.252,0.1908,21.68
2026-06-13 17:04:02,056,FBN1_016_712_71,174,0.29,7,0.617,0.2232,21.72
2026-06-13 17:14:05,056,FBN1_016_712_71,290,0.483,3,0.293,0.2376,21.74
2026-06-13 17:24:08,056,FBN1_016_712_71,43,0.072,11,0.911,0.2304,21.74
2026-06-13 17:34:11,056,FBN1_016_712_71,37,0.062,10,0.915,0.2412,21.71
2026-06-13 17:44:13,056,FBN1_016_712_71,25,0.042,12,0.95,0.2448,21.69
2026-06-13 17:54:16,056,FBN1_016_712_71,19,0.032,12,0.962,0.2232,21.68
2026-06-13 18:04:19,056,FBN1_016_712_71,183,0.304,9,0.663,0.0,21.66
2026-06-13 18:14:22,056,FBN1_016_712_71,358,0.596,4,0.309,0.0,21.66
2026-06-13 18:24:24,056,FBN1_016_712_71,379,0.631,0,0.0,0.0,21.71
2026-06-13 18:34:27,056,FBN1_016_712_71,144,0.24,8,0.69,0.0,21.67
2026-06-13 18:44:30,056,FBN1_016_712_71,380,0.633,0,0.0,0.0,21.76
2026-06-13 18:54:33,056,FBN1_016_712_71,424,0.705,0,0.0,0.0,21.79
2026-06-13 19:04:36,056,FBN1_016_712_71,460,0.765,0,0.0,0.0,21.88
2026-06-13 19:14:39,056,FBN1_016_712_71,361,0.601,0,0.0,0.0,21.89
2026-06-13 19:24:42,056,FBN1_016_712_71,488,0.812,0,0.0,0.0,21.86
2026-06-13 19:34:44,056,FBN1_016_712_71,377,0.627,1,0.096,0.0,21.86
2026-06-13 19:44:47,056,FBN1_016_712_71,392,0.652,0,0.0,0.0,21.95
2026-06-13 19:54:50,056,FBN1_016_712_71,394,0.657,0,0.0,0.0,21.92
2026-06-13 20:05:30,056,FBN1_016_712_71,418,0.699,0,0.0,0.0,22.09
2026-06-13 20:15:33,056,FBN1_016_712_71,299,0.498,5,0.401,0.0,22.03
2026-06-13 20:25:36,056,FBN1_016_712_71,409,0.679,0,0.0,0.0,21.95
2026-06-13 20:35:40,056,FBN1_016_712_71,286,0.476,5,0.412,0.0,21.94
2026-06-13 20:45:43,056,FBN1_016_712_71,396,0.659,1,0.092,0.0,21.9
2026-06-13 20:55:46,056,FBN1_016_712_71,333,0.553,3,0.265,0.0,21.84
2026-06-13 21:05:50,056,FBN1_016_712_71,35,0.058,10,0.92,0.0,21.75
2026-06-13 21:15:52,056,FBN1_016_712_71,32,0.053,13,0.942,0.0,21.69
2026-06-13 21:25:54,056,FBN1_016_712_71,28,0.047,12,0.945,0.0,21.65
2026-06-13 21:35:57,056,FBN1_016_712_71,338,0.562,5,0.372,0.0,21.64
2026-06-13 21:46:01,056,FBN1_016_712_71,388,0.646,0,0.0,0.0,21.7
2026-06-13 21:56:03,056,FBN1_016_712_71,407,0.677,0,0.0,0.0,21.9
2026-06-13 22:06:06,056,FBN1_016_712_71,312,0.519,5,0.391,0.0,21.88
2026-06-13 22:16:09,056,FBN1_016_712_71,372,0.619,1,0.097,0.0,21.97
2026-06-13 22:26:12,056,FBN1_016_712_71,438,0.729,1,0.084,0.0,22.05
2026-06-13 22:36:15,056,FBN1_016_712_71,347,0.577,3,0.257,0.0,21.94
2026-06-13 22:46:18,056,FBN1_016_712_71,402,0.669,0,0.0,0.0,21.95
2026-06-13 22:56:21,056,FBN1_016_712_71,304,0.506,3,0.283,0.0,21.98
2026-06-13 23:06:24,056,FBN1_016_712_71,294,0.489,4,0.352,0.0,21.92
2026-06-13 23:16:27,056,FBN1_016_712_71,334,0.556,3,0.264,0.0,21.96
2026-06-13 23:26:30,056,FBN1_016_712_71,253,0.421,5,0.442,0.0,21.92
2026-06-13 23:36:33,056,FBN1_016_712_71,326,0.542,4,0.329,0.0,21.93
2026-06-13 23:46:36,056,FBN1_016_712_71,419,0.697,0,0.0,0.0,22.09
2026-06-13 23:56:39,056,FBN1_016_712_71,224,0.373,6,0.517,0.0,22.04
2026-06-14 00:07:17,056,FBN1_016_712_71,309,0.517,5,0.393,0.0,22.07
2026-06-14 00:17:20,056,FBN1_016_712_71,334,0.556,2,0.193,0.0,21.95
2026-06-14 00:27:22,056,FBN1_016_712_71,297,0.494,3,0.288,0.0,21.94
2026-06-14 00:37:25,056,FBN1_016_712_71,272,0.453,5,0.424,0.0,21.92
2026-06-14 00:47:28,056,FBN1_016_712_71,262,0.436,1,0.132,0.0,21.96
2026-06-14 00:57:32,056,FBN1_016_712_71,199,0.331,4,0.446,0.0,21.92
2026-06-14 01:07:34,056,FBN1_016_712_71,310,0.516,3,0.279,0.0,21.92
2026-06-14 01:17:37,056,FBN1_016_712_71,360,0.599,2,0.182,0.0,21.91
2026-06-14 01:27:40,056,FBN1_016_712_71,451,0.75,0,0.0,0.0,21.88
2026-06-14 01:37:43,056,FBN1_016_712_71,305,0.508,1,0.116,0.0,21.86
2026-06-14 01:47:45,056,FBN1_016_712_71,39,0.065,11,0.919,0.0,21.82
2026-06-14 01:57:48,056,FBN1_016_712_71,17,0.028,14,0.971,0.0,21.78
2026-06-14 02:07:51,056,FBN1_016_712_71,15,0.025,13,0.972,0.0,21.73
2026-06-14 02:17:54,056,FBN1_016_712_71,27,0.045,13,0.951,0.0,21.69
2026-06-14 02:27:57,056,FBN1_016_712_71,3,0.005,13,0.994,0.0,21.65
2026-06-14 02:37:59,056,FBN1_016_712_71,31,0.052,12,0.939,0.0,21.62
2026-06-14 02:48:03,056,FBN1_016_712_71,7,0.012,14,0.988,0.0,21.61
2026-06-14 02:58:06,056,FBN1_016_712_71,2,0.003,14,0.996,0.0,21.58
2026-06-14 03:08:09,056,FBN1_016_712_71,58,0.096,10,0.873,0.0,21.58
2026-06-14 03:18:12,056,FBN1_016_712_71,296,0.493,4,0.351,0.0,21.57
2026-06-14 03:28:15,056,FBN1_016_712_71,479,0.796,0,0.0,0.0,21.59
2026-06-14 03:38:18,056,FBN1_016_712_71,302,0.502,4,0.346,0.0,21.64
2026-06-14 03:48:20,056,FBN1_016_712_71,361,0.601,1,0.1,0.0,21.64
2026-06-14 03:58:23,056,FBN1_016_712_71,253,0.422,4,0.387,0.0,21.77
2026-06-14 04:08:51,056,FBN1_016_712_71,331,0.553,3,0.266,0.0,21.8
2026-06-14 04:18:54,056,FBN1_016_712_71,227,0.378,5,0.468,0.0,21.74
2026-06-14 04:28:57,056,FBN1_016_712_71,296,0.493,3,0.288,0.0,21.77
2026-06-14 04:39:00,056,FBN1_016_712_71,223,0.371,5,0.473,0.0,21.9
2026-06-14 04:49:03,056,FBN1_016_712_71,188,0.313,7,0.598,0.0,21.89
2026-06-14 04:59:06,056,FBN1_016_712_71,245,0.408,3,0.329,0.0,21.79
2026-06-14 05:09:08,056,FBN1_016_712_71,246,0.41,5,0.448,0.0,21.83
2026-06-14 05:19:11,056,FBN1_016_712_71,197,0.328,6,0.549,0.0,21.83
2026-06-14 05:29:13,056,FBN1_016_712_71,185,0.308,6,0.565,0.0,21.76
2026-06-14 05:39:17,056,FBN1_016_712_71,160,0.266,7,0.636,0.0,21.76
2026-06-14 05:49:20,056,FBN1_016_712_71,115,0.191,7,0.709,0.0,21.85
2026-06-14 05:59:22,056,FBN1_016_712_71,275,0.458,4,0.368,0.0,21.82
2026-06-14 06:09:25,056,FBN1_016_712_71,270,0.449,4,0.372,0.0468,21.74
2026-06-14 06:19:28,056,FBN1_016_712_71,324,0.539,4,0.331,0.2052,21.74
2026-06-14 06:29:32,056,FBN1_016_712_71,284,0.473,1,0.123,0.1764,21.77
2026-06-14 06:39:35,056,FBN1_016_712_71,118,0.196,11,0.789,0.1944,21.84
2026-06-14 06:49:38,056,FBN1_016_712_71,23,0.038,11,0.95,0.1836,21.78
2026-06-14 06:59:40,056,FBN1_016_712_71,17,0.028,13,0.968,0.1908,21.76
2026-06-14 07:09:43,056,FBN1_016_712_71,0,0.0,15,1.0,0.1908,21.73
2026-06-14 07:19:46,056,FBN1_016_712_71,5,0.008,14,0.991,0.1908,21.7
2026-06-14 07:29:49,056,FBN1_016_712_71,15,0.025,13,0.972,0.1872,21.68
2026-06-14 07:39:52,056,FBN1_016_712_71,26,0.043,12,0.949,0.198,21.67
2026-06-14 07:49:55,056,FBN1_016_712_71,2,0.003,14,0.996,0.1908,21.66
2026-06-14 07:59:57,056,FBN1_016_712_71,16,0.027,12,0.968,0.1872,21.68
2026-06-14 08:10:29,056,FBN1_016_712_71,334,0.559,2,0.193,0.2268,21.82
2026-06-14 08:20:33,056,FBN1_016_712_71,376,0.626,3,0.242,0.1728,21.79
2026-06-14 08:30:36,056,FBN1_016_712_71,247,0.411,5,0.447,0.162,21.72
2026-06-14 08:40:39,056,FBN1_016_712_71,267,0.444,3,0.31,0.2304,21.72
2026-06-14 08:50:42,056,FBN1_016_712_71,360,0.599,5,0.357,0.0756,21.72
2026-06-14 09:00:45,056,FBN1_016_712_71,107,0.178,8,0.749,0.1368,21.71
2026-06-14 09:10:48,056,FBN1_016_712_71,2,0.003,13,0.996,0.1368,21.65
2026-06-14 09:20:51,056,FBN1_016_712_71,2,0.003,14,0.996,0.1368,21.59
2026-06-14 09:30:54,056,FBN1_016_712_71,0,0.0,15,1.0,0.1404,21.56
2026-06-14 09:40:57,056,FBN1_016_712_71,5,0.008,13,0.99,0.1548,21.52
2026-06-14 09:51:00,056,FBN1_016_712_71,0,0.0,15,1.0,0.1512,21.49
2026-06-14 10:01:03,056,FBN1_016_712_71,1,0.002,14,0.998,0.1404,21.47
2026-06-14 10:11:06,056,FBN1_016_712_71,1,0.002,14,0.998,0.1368,21.47
2026-06-14 10:21:08,056,FBN1_016_712_71,51,0.085,9,0.876,0.1296,21.48
2026-06-14 10:31:11,056,FBN1_016_712_71,0,0.0,15,1.0,0.1296,21.47
2026-06-14 10:41:14,056,FBN1_016_712_71,19,0.032,12,0.962,0.1296,21.47
2026-06-14 10:51:17,056,FBN1_016_712_71,3,0.005,13,0.994,0.1296,21.46
2026-06-14 11:01:19,056,FBN1_016_712_71,23,0.038,11,0.95,0.1332,21.47
2026-06-14 11:11:23,056,FBN1_016_712_71,18,0.03,11,0.961,0.1296,21.47
2026-06-14 11:21:26,056,FBN1_016_712_71,11,0.018,13,0.979,0.1224,21.53
2026-06-14 11:31:29,056,FBN1_016_712_71,6,0.01,13,0.989,0.1404,21.54
2026-06-14 11:41:32,056,FBN1_016_712_71,191,0.318,5,0.512,0.09,21.58
2026-06-14 11:51:35,056,FBN1_016_712_71,14,0.023,13,0.974,0.0864,21.6
2026-06-14 12:01:38,056,FBN1_016_712_71,13,0.022,13,0.976,0.0864,21.6
2026-06-14 12:12:04,056,FBN1_016_712_71,10,0.017,14,0.982,0.0792,21.72
2026-06-14 12:22:06,056,FBN1_016_712_71,18,0.03,12,0.964,0.0972,21.57
2026-06-14 12:32:09,056,FBN1_016_712_71,0,0.0,15,1.0,0.0936,21.53
2026-06-14 12:42:12,056,FBN1_016_712_71,9,0.015,13,0.983,0.1152,21.63
2026-06-14 12:52:15,056,FBN1_016_712_71,24,0.04,12,0.952,0.0972,21.57
2026-06-14 13:02:18,056,FBN1_016_712_71,17,0.028,13,0.968,0.1044,21.63
2026-06-14 13:12:21,056,FBN1_016_712_71,24,0.04,11,0.948,0.09,21.64
2026-06-14 13:22:24,056,FBN1_016_712_71,4,0.007,14,0.993,0.0792,21.7
2026-06-14 13:32:27,056,FBN1_016_712_71,74,0.123,11,0.856,0.0288,21.62
2026-06-14 13:42:30,056,FBN1_016_712_71,146,0.243,3,0.451,0.0,21.64
2026-06-14 13:52:32,056,FBN1_016_712_71,127,0.211,9,0.739,0.0324,21.64
2026-06-14 14:02:35,056,FBN1_016_712_71,73,0.121,10,0.846,0.0864,21.73
2026-06-14 14:12:38,056,FBN1_016_712_71,2,0.003,14,0.996,0.0972,21.61
2026-06-14 14:22:41,056,FBN1_016_712_71,15,0.025,13,0.972,0.1332,21.57
2026-06-14 14:32:43,056,FBN1_016_712_71,17,0.028,12,0.966,0.1332,21.53
2026-06-14 14:42:47,056,FBN1_016_712_71,11,0.018,13,0.979,0.1116,21.63
2026-06-14 14:52:50,056,FBN1_016_712_71,0,0.0,15,1.0,0.1188,21.55
2026-06-14 15:02:53,056,FBN1_016_712_71,22,0.037,11,0.952,0.1296,21.66
2026-06-14 15:12:57,056,FBN1_016_712_71,17,0.028,13,0.968,0.1008,21.57
2026-06-14 15:22:59,056,FBN1_016_712_71,108,0.18,6,0.69,0.0504,21.55
2026-06-14 15:33:02,056,FBN1_016_712_71,144,0.239,4,0.526,0.0324,21.58
2026-06-14 15:43:05,056,FBN1_016_712_71,137,0.228,8,0.7,0.1692,21.57
2026-06-14 15:53:08,056,FBN1_016_712_71,325,0.541,3,0.27,0.1512,21.64
2026-06-14 16:03:12,056,FBN1_016_712_71,76,0.126,10,0.84,0.1764,21.64
2026-06-14 16:13:41,056,FBN1_016_712_71,307,0.513,2,0.207,0.1692,21.73
2026-06-14 16:23:44,056,FBN1_016_712_71,76,0.126,9,0.826,0.1764,21.76
2026-06-14 16:33:47,056,FBN1_016_712_71,17,0.028,13,0.968,0.1728,21.87
2026-06-14 16:43:50,056,FBN1_016_712_71,5,0.008,14,0.991,0.1728,21.89
2026-06-14 16:53:53,056,FBN1_016_712_71,16,0.027,12,0.968,0.1728,21.89
2026-06-14 17:03:56,056,FBN1_016_712_71,40,0.067,11,0.917,0.1728,21.95
2026-06-14 17:13:59,056,FBN1_016_712_71,118,0.196,9,0.753,0.1512,21.91
2026-06-14 17:24:02,056,FBN1_016_712_71,291,0.484,3,0.292,0.18,21.93
2026-06-14 17:34:06,056,FBN1_016_712_71,317,0.527,2,0.202,0.1692,21.89
2026-06-14 17:44:08,056,FBN1_016_712_71,162,0.27,8,0.664,0.1296,21.85
2026-06-14 17:54:11,056,FBN1_016_712_71,363,0.604,0,0.0,0.144,21.9
2026-06-14 18:04:14,056,FBN1_016_712_71,145,0.242,5,0.58,0.0,21.9
2026-06-14 18:14:17,056,FBN1_016_712_71,24,0.04,12,0.952,0.0,21.86
2026-06-14 18:24:19,056,FBN1_016_712_71,31,0.052,12,0.939,0.0,21.89
2026-06-14 18:34:22,056,FBN1_016_712_71,341,0.567,2,0.19,0.0,21.92
2026-06-14 18:44:25,056,FBN1_016_712_71,374,0.621,2,0.176,0.0,21.86
2026-06-14 18:54:28,056,FBN1_016_712_71,249,0.414,5,0.445,0.0,21.84
2026-06-14 19:04:30,056,FBN1_016_712_71,380,0.632,1,0.095,0.0,21.96
2026-06-14 19:14:33,056,FBN1_016_712_71,272,0.453,4,0.37,0.0,21.97
2026-06-14 19:24:36,056,FBN1_016_712_71,278,0.463,5,0.418,0.0,21.98
2026-06-14 19:34:40,056,FBN1_016_712_71,310,0.516,3,0.279,0.0,21.94
2026-06-14 19:44:43,056,FBN1_016_712_71,222,0.369,7,0.558,0.0,21.99
2026-06-14 19:54:46,056,FBN1_016_712_71,199,0.331,8,0.617,0.0,21.97
2026-06-14 20:04:49,056,FBN1_016_712_71,411,0.684,1,0.089,0.0,22.0
2026-06-14 20:15:19,056,FBN1_016_712_71,217,0.362,7,0.563,0.0,22.02
2026-06-14 20:25:22,056,FBN1_016_712_71,303,0.504,3,0.284,0.0,21.94
2026-06-14 20:35:25,056,FBN1_016_712_71,382,0.636,0,0.0,0.0,22.0
2026-06-14 20:45:28,056,FBN1_016_712_71,416,0.691,0,0.0,0.0,22.04
2026-06-14 20:55:31,056,FBN1_016_712_71,93,0.155,12,0.838,0.0,21.98
2026-06-14 21:05:33,056,FBN1_016_712_71,364,0.606,1,0.099,0.0,22.02
2026-06-14 21:15:36,056,FBN1_016_712_71,380,0.633,1,0.095,0.0,22.01
2026-06-14 21:25:38,056,FBN1_016_712_71,210,0.349,6,0.533,0.0,22.05
2026-06-14 21:35:41,056,FBN1_016_712_71,53,0.088,13,0.908,0.0,21.94
2026-06-14 21:45:44,056,FBN1_016_712_71,420,0.7,0,0.0,0.0,21.95
2026-06-14 21:55:47,056,FBN1_016_712_71,333,0.553,2,0.194,0.0,22.02
2026-06-14 22:05:50,056,FBN1_016_712_71,386,0.642,2,0.172,0.0,22.06
2026-06-14 22:15:53,056,FBN1_016_712_71,347,0.577,2,0.187,0.0,22.06
2026-06-14 22:25:56,056,FBN1_016_712_71,181,0.301,8,0.639,0.0,22.0
2026-06-14 22:35:59,056,FBN1_016_712_71,386,0.641,1,0.094,0.0,22.08
2026-06-14 22:46:02,056,FBN1_016_712_71,363,0.603,1,0.099,0.0,22.11
2026-06-14 22:56:05,056,FBN1_016_712_71,416,0.692,0,0.0,0.0,22.14
2026-06-14 23:06:08,056,FBN1_016_712_71,195,0.325,7,0.589,0.0,22.12
2026-06-14 23:16:11,056,FBN1_016_712_71,278,0.462,3,0.302,0.0,22.05
2026-06-14 23:26:14,056,FBN1_016_712_71,250,0.417,4,0.39,0.0,22.04
2026-06-14 23:36:16,056,FBN1_016_712_71,398,0.662,0,0.0,0.0,22.13
2026-06-14 23:46:20,056,FBN1_016_712_71,146,0.243,9,0.711,0.0,22.06
2026-06-14 23:56:23,056,FBN1_016_712_71,331,0.551,2,0.195,0.0,21.92
2026-06-13 00:02:41,028,FBN1_016_712_72,6,0.01,13,0.989,0.0,21.25
2026-06-13 00:12:44,028,FBN1_016_712_72,70,0.116,9,0.837,0.0,21.25
2026-06-13 00:22:47,028,FBN1_016_712_72,263,0.437,3,0.313,0.0,21.31
2026-06-13 00:32:50,028,FBN1_016_712_72,213,0.354,3,0.36,0.0,21.36
2026-06-13 00:42:53,028,FBN1_016_712_72,231,0.384,3,0.342,0.0,21.52
2026-06-13 00:52:57,028,FBN1_016_712_72,220,0.366,5,0.476,0.0,21.48
2026-06-13 01:03:00,028,FBN1_016_712_72,346,0.575,1,0.104,0.0,21.67
2026-06-13 01:13:03,028,FBN1_016_712_72,214,0.356,5,0.483,0.0,21.64
2026-06-13 01:23:06,028,FBN1_016_712_72,245,0.407,4,0.395,0.0,21.7
2026-06-13 01:33:10,028,FBN1_016_712_72,376,0.626,1,0.096,0.0,21.66
2026-06-13 01:43:13,028,FBN1_016_712_72,330,0.548,1,0.108,0.0,21.64
2026-06-13 01:53:16,028,FBN1_016_712_72,278,0.463,5,0.418,0.0,21.61
2026-06-13 02:03:19,028,FBN1_016_712_72,277,0.461,0,0.0,0.0,21.57
2026-06-13 02:13:22,028,FBN1_016_712_72,194,0.323,5,0.508,0.0,21.59
2026-06-13 02:23:25,028,FBN1_016_712_72,397,0.661,0,0.0,0.0,21.6
2026-06-13 02:33:29,028,FBN1_016_712_72,317,0.527,1,0.112,0.0,21.55
2026-06-13 02:43:32,028,FBN1_016_712_72,259,0.431,4,0.382,0.0,21.59
2026-06-13 02:53:35,028,FBN1_016_712_72,302,0.502,2,0.209,0.0,21.7
2026-06-13 03:03:38,028,FBN1_016_712_72,232,0.385,0,0.0,0.0,21.6
2026-06-13 03:13:42,028,FBN1_016_712_72,334,0.556,0,0.0,0.0,21.56
2026-06-13 03:23:45,028,FBN1_016_712_72,217,0.361,3,0.356,0.0,21.54
2026-06-13 03:33:48,028,FBN1_016_712_72,288,0.478,1,0.122,0.0,21.48
2026-06-13 03:44:07,028,FBN1_016_712_72,156,0.26,5,0.562,0.0,21.49
2026-06-13 03:54:10,028,FBN1_016_712_72,324,0.539,1,0.11,0.0,21.5
2026-06-13 04:04:13,028,FBN1_016_712_72,241,0.401,6,0.499,0.0,21.45
2026-06-13 04:14:16,028,FBN1_016_712_72,380,0.632,0,0.0,0.0,21.64
2026-06-13 04:24:20,028,FBN1_016_712_72,284,0.473,2,0.22,0.0,21.58
2026-06-13 04:34:23,028,FBN1_016_712_72,284,0.473,4,0.36,0.0,21.49
2026-06-13 04:44:26,028,FBN1_016_712_72,308,0.512,2,0.206,0.0,21.48
2026-06-13 04:54:29,028,FBN1_016_712_72,229,0.38,5,0.466,0.0,21.47
2026-06-13 05:04:32,028,FBN1_016_712_72,352,0.586,2,0.185,0.0,21.69
2026-06-13 05:14:35,028,FBN1_016_712_72,348,0.579,1,0.103,0.0,21.74
2026-06-13 05:24:39,028,FBN1_016_712_72,260,0.433,5,0.435,0.0,21.75
2026-06-13 05:34:42,028,FBN1_016_712_72,369,0.614,0,0.0,0.0,21.67
2026-06-13 05:44:45,028,FBN1_016_712_72,273,0.454,3,0.305,0.0,21.55
2026-06-13 05:54:48,028,FBN1_016_712_72,426,0.709,0,0.0,0.0,21.47
2026-06-13 06:04:51,028,FBN1_016_712_72,436,0.724,0,0.0,0.1512,21.44
2026-06-13 06:14:54,028,FBN1_016_712_72,86,0.143,9,0.807,0.1512,21.37
2026-06-13 06:24:57,028,FBN1_016_712_72,12,0.02,13,0.977,0.1512,21.3
2026-06-13 06:35:00,028,FBN1_016_712_72,20,0.033,13,0.963,0.1512,21.24
2026-06-13 06:45:03,028,FBN1_016_712_72,2,0.003,14,0.996,0.1512,21.18
2026-06-13 06:55:07,028,FBN1_016_712_72,133,0.221,9,0.73,0.1476,21.17
2026-06-13 07:05:09,028,FBN1_016_712_72,256,0.426,0,0.0,0.1368,21.23
2026-06-13 07:15:13,028,FBN1_016_712_72,292,0.486,2,0.215,0.144,21.26
2026-06-13 07:25:16,028,FBN1_016_712_72,6,0.01,14,0.989,0.144,21.24
2026-06-13 07:35:18,028,FBN1_016_712_72,12,0.02,13,0.977,0.144,21.22
2026-06-13 07:45:40,028,FBN1_016_712_72,1,0.002,14,0.998,0.144,21.24
2026-06-13 07:55:43,028,FBN1_016_712_72,4,0.007,14,0.993,0.144,21.2
2026-06-13 08:05:46,028,FBN1_016_712_72,13,0.022,13,0.976,0.1368,21.2
2026-06-13 08:15:50,028,FBN1_016_712_72,6,0.01,14,0.989,0.144,21.18
2026-06-13 08:25:53,028,FBN1_016_712_72,13,0.022,13,0.976,0.144,21.17
2026-06-13 08:35:56,028,FBN1_016_712_72,13,0.022,13,0.976,0.144,21.16
2026-06-13 08:46:00,028,FBN1_016_712_72,22,0.037,11,0.952,0.144,21.14
2026-06-13 08:56:03,028,FBN1_016_712_72,21,0.035,12,0.958,0.1476,21.15
2026-06-13 09:06:06,028,FBN1_016_712_72,3,0.005,14,0.995,0.144,21.14
2026-06-13 09:16:09,028,FBN1_016_712_72,152,0.253,5,0.568,0.144,21.16
2026-06-13 09:26:12,028,FBN1_016_712_72,239,0.397,1,0.143,0.1008,21.18
2026-06-13 09:36:15,028,FBN1_016_712_72,240,0.399,1,0.143,0.144,21.24
2026-06-13 09:46:18,028,FBN1_016_712_72,75,0.125,10,0.842,0.1656,21.23
2026-06-13 09:56:21,028,FBN1_016_712_72,18,0.03,11,0.961,0.1656,21.2
2026-06-13 10:06:24,028,FBN1_016_712_72,14,0.023,12,0.972,0.144,21.18
2026-06-13 10:16:27,028,FBN1_016_712_72,17,0.028,13,0.968,0.1476,21.16
2026-06-13 10:26:31,028,FBN1_016_712_72,16,0.027,13,0.97,0.1476,21.15
2026-06-13 10:36:34,028,FBN1_016_712_72,10,0.017,14,0.982,0.1548,21.13
2026-06-13 10:46:37,028,FBN1_016_712_72,2,0.003,14,0.996,0.1764,21.1
2026-06-13 10:56:40,028,FBN1_016_712_72,14,0.023,13,0.974,0.1656,21.09
2026-06-13 11:06:43,028,FBN1_016_712_72,7,0.012,12,0.986,0.1476,21.08
2026-06-13 11:16:46,028,FBN1_016_712_72,57,0.095,11,0.885,0.144,21.07
2026-06-13 11:26:49,028,FBN1_016_712_72,205,0.341,3,0.369,0.1548,21.09
2026-06-13 11:36:52,028,FBN1_016_712_72,163,0.271,8,0.663,0.1584,21.1
2026-06-13 11:47:07,028,FBN1_016_712_72,56,0.093,6,0.811,0.1692,21.11
2026-06-13 11:57:10,028,FBN1_016_712_72,8,0.013,13,0.985,0.1692,21.07
2026-06-13 12:07:13,028,FBN1_016_712_72,6,0.01,14,0.989,0.1368,21.0
2026-06-13 12:17:17,028,FBN1_016_712_72,7,0.012,13,0.987,0.1476,20.93
2026-06-13 12:27:20,028,FBN1_016_712_72,1,0.002,14,0.998,0.1476,20.9
2026-06-13 12:37:23,028,FBN1_016_712_72,3,0.005,14,0.995,0.1476,20.88
2026-06-13 12:47:26,028,FBN1_016_712_72,1,0.002,14,0.998,0.144,20.9
2026-06-13 12:57:30,028,FBN1_016_712_72,7,0.012,14,0.988,0.144,20.92
2026-06-13 13:07:33,028,FBN1_016_712_72,10,0.017,13,0.981,0.144,20.94
2026-06-13 13:17:35,028,FBN1_016_712_72,25,0.042,12,0.95,0.1512,20.97
2026-06-13 13:27:39,028,FBN1_016_712_72,79,0.131,8,0.802,0.144,21.01
2026-06-13 13:37:42,028,FBN1_016_712_72,139,0.231,8,0.697,0.1584,21.09
2026-06-13 13:47:45,028,FBN1_016_712_72,7,0.012,13,0.987,0.1512,21.09
2026-06-13 13:57:48,028,FBN1_016_712_72,3,0.005,14,0.995,0.162,21.09
2026-06-13 14:07:52,028,FBN1_016_712_72,3,0.005,15,0.995,0.1584,21.07
2026-06-13 14:17:55,028,FBN1_016_712_72,13,0.022,12,0.974,0.1584,21.05
2026-06-13 14:27:58,028,FBN1_016_712_72,0,0.0,15,1.0,0.1512,21.04
2026-06-13 14:38:01,028,FBN1_016_712_72,3,0.005,14,0.995,0.1512,21.05
2026-06-13 14:48:05,028,FBN1_016_712_72,9,0.015,14,0.984,0.1512,21.04
2026-06-13 14:58:08,028,FBN1_016_712_72,0,0.0,15,1.0,0.162,21.05
2026-06-13 15:08:12,028,FBN1_016_712_72,2,0.003,14,0.996,0.1584,21.05
2026-06-13 15:18:15,028,FBN1_016_712_72,139,0.231,2,0.365,0.1512,21.08
2026-06-13 15:28:18,028,FBN1_016_712_72,142,0.236,7,0.664,0.1512,21.13
2026-06-13 15:38:21,028,FBN1_016_712_72,168,0.28,4,0.488,0.1548,21.16
2026-06-13 15:49:16,028,FBN1_016_712_72,163,0.273,5,0.551,0.108,21.34
2026-06-13 15:59:19,028,FBN1_016_712_72,288,0.479,3,0.294,0.1296,21.31
2026-06-13 16:09:23,028,FBN1_016_712_72,83,0.138,5,0.707,0.1368,21.28
2026-06-13 16:19:26,028,FBN1_016_712_72,74,0.123,7,0.791,0.1404,21.24
2026-06-13 16:29:29,028,FBN1_016_712_72,23,0.038,13,0.958,0.1368,21.18
2026-06-13 16:39:33,028,FBN1_016_712_72,7,0.012,13,0.987,0.144,21.14
2026-06-13 16:49:36,028,FBN1_016_712_72,7,0.012,13,0.987,0.1368,21.11
2026-06-13 16:59:39,028,FBN1_016_712_72,6,0.01,14,0.989,0.1368,21.08
2026-06-13 17:09:42,028,FBN1_016_712_72,180,0.3,3,0.4,0.144,21.1
2026-06-13 17:19:46,028,FBN1_016_712_72,48,0.08,11,0.902,0.1368,21.11
2026-06-13 17:29:49,028,FBN1_016_712_72,226,0.375,3,0.347,0.1476,21.15
2026-06-13 17:39:52,028,FBN1_016_712_72,219,0.364,6,0.523,0.1368,21.19
2026-06-13 17:49:55,028,FBN1_016_712_72,139,0.231,5,0.59,0.144,21.21
2026-06-13 17:59:58,028,FBN1_016_712_72,5,0.008,14,0.991,0.0,21.2
2026-06-13 18:10:01,028,FBN1_016_712_72,93,0.155,9,0.795,0.0,21.18
2026-06-13 18:20:05,028,FBN1_016_712_72,375,0.624,2,0.176,0.0,21.34
2026-06-13 18:30:08,028,FBN1_016_712_72,238,0.396,6,0.502,0.0,21.47
2026-06-13 18:40:11,028,FBN1_016_712_72,202,0.336,6,0.543,0.0,21.41
2026-06-13 18:50:14,028,FBN1_016_712_72,283,0.471,3,0.298,0.0,21.5
2026-06-13 19:00:17,028,FBN1_016_712_72,295,0.491,3,0.289,0.0,21.45
2026-06-13 19:10:20,028,FBN1_016_712_72,338,0.561,3,0.262,0.0,21.63
2026-06-13 19:20:23,028,FBN1_016_712_72,237,0.394,5,0.458,0.0,21.59
2026-06-13 19:30:26,028,FBN1_016_712_72,258,0.429,6,0.482,0.0,21.54
2026-06-13 19:40:29,028,FBN1_016_712_72,226,0.376,4,0.415,0.0,21.53
2026-06-13 19:51:33,028,FBN1_016_712_72,36,0.06,10,0.917,0.0,21.61
2026-06-13 20:01:36,028,FBN1_016_712_72,12,0.02,12,0.976,0.0,21.5
2026-06-13 20:11:39,028,FBN1_016_712_72,21,0.035,12,0.958,0.0,21.43
2026-06-13 20:21:42,028,FBN1_016_712_72,58,0.097,10,0.873,0.0,21.38
2026-06-13 20:31:45,028,FBN1_016_712_72,18,0.03,14,0.969,0.0,21.34
2026-06-13 20:41:48,028,FBN1_016_712_72,73,0.121,9,0.831,0.0,21.32
2026-06-13 20:51:51,028,FBN1_016_712_72,324,0.539,2,0.198,0.0,21.34
2026-06-13 21:01:54,028,FBN1_016_712_72,174,0.29,7,0.617,0.0,21.4
2026-06-13 21:11:58,028,FBN1_016_712_72,298,0.495,3,0.287,0.0,21.39
2026-06-13 21:22:01,028,FBN1_016_712_72,146,0.243,9,0.711,0.0,21.36
2026-06-13 21:32:04,028,FBN1_016_712_72,295,0.491,5,0.404,0.0,21.57
2026-06-13 21:42:08,028,FBN1_016_712_72,311,0.517,0,0.0,0.0,21.5
2026-06-13 21:52:11,028,FBN1_016_712_72,198,0.329,8,0.618,0.0,21.47
2026-06-13 22:02:14,028,FBN1_016_712_72,253,0.421,4,0.387,0.0,21.59
2026-06-13 22:12:17,028,FBN1_016_712_72,216,0.359,5,0.481,0.0,21.58
2026-06-13 22:22:20,028,FBN1_016_712_72,317,0.527,1,0.112,0.0,21.53
2026-06-13 22:32:23,028,FBN1_016_712_72,236,0.392,6,0.504,0.0,21.51
2026-06-13 22:42:26,028,FBN1_016_712_72,295,0.49,2,0.213,0.0,21.5
2026-06-13 22:52:29,028,FBN1_016_712_72,167,0.278,7,0.626,0.0,21.42
2026-06-13 23:02:32,028,FBN1_016_712_72,231,0.384,3,0.342,0.0,21.45
2026-06-13 23:12:36,028,FBN1_016_712_72,108,0.18,10,0.787,0.0,21.39
2026-06-13 23:22:39,028,FBN1_016_712_72,399,0.664,0,0.0,0.0,21.48
2026-06-13 23:32:41,028,FBN1_016_712_72,216,0.359,6,0.526,0.0,21.43
2026-06-13 23:42:45,028,FBN1_016_712_72,241,0.401,3,0.332,0.0,21.41
2026-06-13 23:53:19,028,FBN1_016_712_72,383,0.639,2,0.173,0.0,21.58
2026-06-14 00:03:23,028,FBN1_016_712_72,126,0.21,10,0.76,0.0,21.48
2026-06-14 00:13:26,028,FBN1_016_712_72,228,0.379,3,0.345,0.0,21.4
2026-06-14 00:23:29,028,FBN1_016_712_72,158,0.262,6,0.603,0.0,21.35
2026-06-14 00:33:32,028,FBN1_016_712_72,123,0.205,9,0.745,0.0,21.29
2026-06-14 00:43:35,028,FBN1_016_712_72,364,0.607,0,0.0,0.0,21.31
2026-06-14 00:53:38,028,FBN1_016_712_72,228,0.379,4,0.412,0.0,21.29
2026-06-14 01:03:41,028,FBN1_016_712_72,165,0.275,5,0.548,0.0,21.27
2026-06-14 01:13:45,028,FBN1_016_712_72,254,0.423,5,0.441,0.0,21.41
2026-06-14 01:23:48,028,FBN1_016_712_72,284,0.472,1,0.123,0.0,21.4
2026-06-14 01:33:51,028,FBN1_016_712_72,165,0.275,6,0.593,0.0,21.35
2026-06-14 01:43:54,028,FBN1_016_712_72,280,0.466,2,0.222,0.0,21.34
2026-06-14 01:53:58,028,FBN1_016_712_72,208,0.346,4,0.435,0.0,21.29
2026-06-14 02:04:01,028,FBN1_016_712_72,321,0.534,2,0.2,0.0,21.28
2026-06-14 02:14:04,028,FBN1_016_712_72,247,0.41,2,0.245,0.0,21.28
2026-06-14 02:24:07,028,FBN1_016_712_72,150,0.25,8,0.681,0.0,21.23
2026-06-14 02:34:10,028,FBN1_016_712_72,296,0.492,3,0.288,0.0,21.42
2026-06-14 02:44:13,028,FBN1_016_712_72,339,0.564,1,0.106,0.0,21.36
2026-06-14 02:54:16,028,FBN1_016_712_72,300,0.498,3,0.286,0.0,21.31
2026-06-14 03:04:19,028,FBN1_016_712_72,383,0.637,0,0.0,0.0,21.27
2026-06-14 03:14:22,028,FBN1_016_712_72,236,0.393,6,0.504,0.0,21.23
2026-06-14 03:24:26,028,FBN1_016_712_72,19,0.032,13,0.965,0.0,21.17
2026-06-14 03:34:29,028,FBN1_016_712_72,38,0.063,13,0.932,0.0,21.11
2026-06-14 03:44:32,028,FBN1_016_712_72,5,0.008,14,0.991,0.0,21.07
2026-06-14 03:54:54,028,FBN1_016_712_72,0,0.0,15,1.0,0.0,21.08
2026-06-14 04:04:57,028,FBN1_016_712_72,52,0.087,11,0.894,0.0,21.04
2026-06-14 04:15:00,028,FBN1_016_712_72,329,0.547,1,0.108,0.0,21.07
2026-06-14 04:25:03,028,FBN1_016_712_72,300,0.499,2,0.211,0.0,21.1
2026-06-14 04:35:06,028,FBN1_016_712_72,102,0.17,10,0.797,0.0,21.14
2026-06-14 04:45:09,028,FBN1_016_712_72,172,0.286,4,0.482,0.0,21.14
2026-06-14 04:55:13,028,FBN1_016_712_72,173,0.288,7,0.618,0.0,21.13
2026-06-14 05:05:16,028,FBN1_016_712_72,171,0.284,3,0.412,0.0,21.14
2026-06-14 05:15:19,028,FBN1_016_712_72,296,0.493,1,0.119,0.0,21.45
2026-06-14 05:25:23,028,FBN1_016_712_72,107,0.178,10,0.789,0.0,21.38
2026-06-14 05:35:26,028,FBN1_016_712_72,161,0.268,6,0.599,0.0,21.3
2026-06-14 05:45:29,028,FBN1_016_712_72,191,0.318,8,0.626,0.0,21.28
2026-06-14 05:55:32,028,FBN1_016_712_72,330,0.549,1,0.108,0.0,21.33
2026-06-14 06:05:35,028,FBN1_016_712_72,259,0.431,4,0.382,0.1584,21.31
2026-06-14 06:15:37,028,FBN1_016_712_72,165,0.275,2,0.327,0.1584,21.28
2026-06-14 06:25:40,028,FBN1_016_712_72,74,0.123,10,0.844,0.1584,21.28
2026-06-14 06:35:43,028,FBN1_016_712_72,12,0.02,13,0.977,0.162,21.26
2026-06-14 06:45:46,028,FBN1_016_712_72,8,0.013,14,0.986,0.162,21.23
2026-06-14 06:55:49,028,FBN1_016_712_72,9,0.015,14,0.984,0.162,21.19
2026-06-14 07:05:52,028,FBN1_016_712_72,0,0.0,15,1.0,0.162,21.17
2026-06-14 07:15:55,028,FBN1_016_712_72,14,0.023,13,0.974,0.1584,21.14
2026-06-14 07:25:59,028,FBN1_016_712_72,34,0.057,10,0.922,0.1584,21.14
2026-06-14 07:36:02,028,FBN1_016_712_72,14,0.023,13,0.974,0.162,21.12
2026-06-14 07:46:05,028,FBN1_016_712_72,18,0.03,10,0.957,0.162,21.11
2026-06-14 07:56:25,028,FBN1_016_712_72,2,0.003,14,0.996,0.162,21.14
2026-06-14 08:06:28,028,FBN1_016_712_72,4,0.007,14,0.993,0.1512,21.12
2026-06-14 08:16:31,028,FBN1_016_712_72,9,0.015,14,0.984,0.1584,21.12
2026-06-14 08:26:35,028,FBN1_016_712_72,189,0.314,2,0.297,0.1368,21.13
2026-06-14 08:36:38,028,FBN1_016_712_72,92,0.153,10,0.813,0.1368,21.16
2026-06-14 08:46:41,028,FBN1_016_712_72,4,0.007,14,0.993,0.1476,21.13
2026-06-14 08:56:44,028,FBN1_016_712_72,9,0.015,14,0.984,0.1368,21.11
2026-06-14 09:06:47,028,FBN1_016_712_72,10,0.017,11,0.978,0.144,21.08
2026-06-14 09:16:50,028,FBN1_016_712_72,17,0.028,13,0.968,0.1368,21.08
2026-06-14 09:26:53,028,FBN1_016_712_72,3,0.005,14,0.995,0.1476,21.08
2026-06-14 09:36:57,028,FBN1_016_712_72,96,0.159,5,0.676,0.1656,21.08
2026-06-14 09:47:00,028,FBN1_016_712_72,183,0.304,4,0.466,0.1692,21.1
2026-06-14 09:57:04,028,FBN1_016_712_72,66,0.11,8,0.829,0.1692,21.09
2026-06-14 10:07:06,028,FBN1_016_712_72,20,0.033,13,0.963,0.1476,21.07
2026-06-14 10:17:09,028,FBN1_016_712_72,0,0.0,15,1.0,0.1476,21.05
2026-06-14 10:27:12,028,FBN1_016_712_72,9,0.015,14,0.984,0.144,21.05
2026-06-14 10:37:15,028,FBN1_016_712_72,27,0.045,11,0.942,0.1476,21.06
2026-06-14 10:47:19,028,FBN1_016_712_72,19,0.032,12,0.962,0.1476,21.06
2026-06-14 10:57:22,028,FBN1_016_712_72,17,0.028,12,0.966,0.144,21.05
2026-06-14 11:07:26,028,FBN1_016_712_72,14,0.023,13,0.974,0.1476,21.05
2026-06-14 11:17:29,028,FBN1_016_712_72,127,0.211,3,0.486,0.1368,21.07
2026-06-14 11:27:32,028,FBN1_016_712_72,151,0.251,5,0.57,0.144,21.12
2026-06-14 11:37:35,028,FBN1_016_712_72,102,0.17,10,0.797,0.1584,21.13
2026-06-14 11:47:38,028,FBN1_016_712_72,269,0.448,0,0.0,0.1584,21.17
2026-06-14 11:58:03,028,FBN1_016_712_72,254,0.424,2,0.24,0.1404,21.26
2026-06-14 12:08:07,028,FBN1_016_712_72,40,0.067,11,0.917,0.1404,21.25
2026-06-14 12:18:10,028,FBN1_016_712_72,9,0.015,13,0.983,0.1296,21.22
2026-06-14 12:28:13,028,FBN1_016_712_72,1,0.002,14,0.998,0.1296,21.19
2026-06-14 12:38:15,028,FBN1_016_712_72,40,0.067,10,0.909,0.1404,21.17
2026-06-14 12:48:18,028,FBN1_016_712_72,9,0.015,12,0.982,0.1404,21.15
2026-06-14 12:58:21,028,FBN1_016_712_72,15,0.025,14,0.974,0.1404,21.13
2026-06-14 13:08:24,028,FBN1_016_712_72,4,0.007,14,0.993,0.1368,21.11
2026-06-14 13:18:27,028,FBN1_016_712_72,0,0.0,15,1.0,0.1296,21.1
2026-06-14 13:28:31,028,FBN1_016_712_72,9,0.015,14,0.984,0.1404,21.1
2026-06-14 13:38:34,028,FBN1_016_712_72,5,0.008,14,0.991,0.1404,21.1
2026-06-14 13:48:37,028,FBN1_016_712_72,8,0.013,13,0.985,0.1368,21.1
2026-06-14 13:58:40,028,FBN1_016_712_72,2,0.003,14,0.996,0.1368,21.09
2026-06-14 14:08:43,028,FBN1_016_712_72,126,0.209,3,0.488,0.1296,21.11
2026-06-14 14:18:46,028,FBN1_016_712_72,94,0.156,6,0.719,0.1404,21.14
2026-06-14 14:28:50,028,FBN1_016_712_72,7,0.012,14,0.988,0.1404,21.14
2026-06-14 14:38:53,028,FBN1_016_712_72,13,0.022,13,0.976,0.1404,21.13
2026-06-14 14:48:56,028,FBN1_016_712_72,3,0.005,14,0.995,0.1368,21.11
2026-06-14 14:58:58,028,FBN1_016_712_72,6,0.01,14,0.989,0.1404,21.1
2026-06-14 15:09:01,028,FBN1_016_712_72,10,0.017,14,0.982,0.1368,21.11
2026-06-14 15:19:05,028,FBN1_016_712_72,15,0.025,13,0.972,0.1404,21.11
2026-06-14 15:29:08,028,FBN1_016_712_72,175,0.291,0,0.0,0.09,21.15
2026-06-14 15:39:11,028,FBN1_016_712_72,80,0.133,11,0.846,0.144,21.18
2026-06-14 15:49:14,028,FBN1_016_712_72,231,0.384,4,0.409,0.1584,21.25
2026-06-14 15:59:41,028,FBN1_016_712_72,174,0.29,4,0.479,0.1224,21.31
2026-06-14 16:09:44,028,FBN1_016_712_72,39,0.065,10,0.911,0.1224,21.29
2026-06-14 16:19:48,028,FBN1_016_712_72,7,0.012,13,0.987,0.1224,21.26
2026-06-14 16:29:51,028,FBN1_016_712_72,7,0.012,12,0.986,0.1224,21.23
2026-06-14 16:39:54,028,FBN1_016_712_72,3,0.005,14,0.995,0.1224,21.18
2026-06-14 16:49:57,028,FBN1_016_712_72,14,0.023,13,0.974,0.1224,21.17
2026-06-14 17:00:01,028,FBN1_016_712_72,10,0.017,14,0.982,0.1332,21.17
2026-06-14 17:10:04,028,FBN1_016_712_72,9,0.015,14,0.984,0.1224,21.16
2026-06-14 17:20:07,028,FBN1_016_712_72,144,0.24,4,0.526,0.018,21.2
2026-06-14 17:30:10,028,FBN1_016_712_72,122,0.203,5,0.621,0.1368,21.24
2026-06-14 17:40:13,028,FBN1_016_712_72,178,0.296,5,0.529,0.1368,21.3
2026-06-14 17:50:16,028,FBN1_016_712_72,67,0.111,9,0.843,0.144,21.32
2026-06-14 18:00:19,028,FBN1_016_712_72,10,0.017,12,0.98,0.0,21.31
2026-06-14 18:10:23,028,FBN1_016_712_72,217,0.36,5,0.48,0.0,21.32
2026-06-14 18:20:26,028,FBN1_016_712_72,256,0.425,3,0.319,0.0,21.37
2026-06-14 18:30:29,028,FBN1_016_712_72,34,0.056,12,0.934,0.0,21.35
2026-06-14 18:40:33,028,FBN1_016_712_72,224,0.373,6,0.517,0.0,21.33
2026-06-14 18:50:36,028,FBN1_016_712_72,329,0.547,2,0.196,0.0,21.39
2026-06-14 19:00:40,028,FBN1_016_712_72,223,0.37,7,0.557,0.0,21.42
2026-06-14 19:10:43,028,FBN1_016_712_72,271,0.45,5,0.425,0.0,21.49
2026-06-14 19:20:46,028,FBN1_016_712_72,269,0.448,5,0.426,0.0,21.46
2026-06-14 19:30:50,028,FBN1_016_712_72,272,0.453,2,0.227,0.0,21.57
2026-06-14 19:40:53,028,FBN1_016_712_72,171,0.285,6,0.584,0.0,21.52
2026-06-14 19:50:56,028,FBN1_016_712_72,255,0.424,4,0.386,0.0,21.67
2026-06-14 20:01:15,028,FBN1_016_712_72,259,0.432,4,0.382,0.0,21.68
2026-06-14 20:11:19,028,FBN1_016_712_72,23,0.038,10,0.946,0.0,21.63
2026-06-14 20:21:22,028,FBN1_016_712_72,21,0.035,12,0.958,0.0,21.59
2026-06-14 20:31:25,028,FBN1_016_712_72,3,0.005,13,0.994,0.0,21.53
2026-06-14 20:41:28,028,FBN1_016_712_72,147,0.244,6,0.62,0.0,21.51
2026-06-14 20:51:31,028,FBN1_016_712_72,112,0.186,9,0.763,0.0,21.47
2026-06-14 21:01:34,028,FBN1_016_712_72,91,0.152,10,0.815,0.0,21.43
2026-06-14 21:11:37,028,FBN1_016_712_72,284,0.473,3,0.297,0.0,21.46
2026-06-14 21:21:40,028,FBN1_016_712_72,309,0.513,2,0.206,0.0,21.5
2026-06-14 21:31:43,028,FBN1_016_712_72,253,0.421,6,0.487,0.0,21.49
2026-06-14 21:41:47,028,FBN1_016_712_72,256,0.426,4,0.385,0.0,21.48
2026-06-14 21:51:50,028,FBN1_016_712_72,226,0.376,7,0.553,0.0,21.48
2026-06-14 22:01:53,028,FBN1_016_712_72,414,0.688,0,0.0,0.0,21.58
2026-06-14 22:11:56,028,FBN1_016_712_72,97,0.161,9,0.788,0.0,21.55
2026-06-14 22:21:59,028,FBN1_016_712_72,215,0.358,5,0.482,0.0,21.49
2026-06-14 22:32:03,028,FBN1_016_712_72,140,0.233,8,0.696,0.0,21.53
2026-06-14 22:42:07,028,FBN1_016_712_72,379,0.63,0,0.0,0.0,21.78
2026-06-14 22:52:10,028,FBN1_016_712_72,304,0.505,1,0.116,0.0,21.72
2026-06-14 23:02:14,028,FBN1_016_712_72,115,0.191,10,0.777,0.0,21.65
2026-06-14 23:12:16,028,FBN1_016_712_72,339,0.564,2,0.191,0.0,21.58
2026-06-14 23:22:19,028,FBN1_016_712_72,296,0.493,6,0.448,0.0,21.57
2026-06-14 23:32:23,028,FBN1_016_712_72,144,0.24,10,0.735,0.0,21.55
2026-06-14 23:42:25,028,FBN1_016_712_72,257,0.428,4,0.384,0.0,21.58
2026-06-14 23:52:29,028,FBN1_016_712_72,267,0.444,5,0.428,0.0,21.62
2026-06-13 00:07:04,057,FBN1_016_712_73,13,0.022,14,0.977,0.0,21.14
2026-06-13 00:17:07,057,FBN1_016_712_73,95,0.158,10,0.808,0.0,21.22
2026-06-13 00:27:09,057,FBN1_016_712_73,230,0.383,4,0.41,0.0,21.27
2026-06-13 00:37:13,057,FBN1_016_712_73,140,0.233,7,0.667,0.0,21.33
2026-06-13 00:47:16,057,FBN1_016_712_73,129,0.214,7,0.685,0.0,21.41
2026-06-13 00:57:19,057,FBN1_016_712_73,113,0.188,6,0.68,0.0,21.44
2026-06-13 01:07:22,057,FBN1_016_712_73,198,0.329,6,0.548,0.0,21.51
2026-06-13 01:17:25,057,FBN1_016_712_73,33,0.055,11,0.93,0.0,21.47
2026-06-13 01:27:28,057,FBN1_016_712_73,38,0.063,11,0.921,0.0,21.43
2026-06-13 01:37:30,057,FBN1_016_712_73,0,0.0,15,1.0,0.0,21.36
2026-06-13 01:47:33,057,FBN1_016_712_73,0,0.0,15,1.0,0.0,21.27
2026-06-13 01:57:36,057,FBN1_016_712_73,0,0.0,15,1.0,0.0,21.22
2026-06-13 02:07:39,057,FBN1_016_712_73,0,0.0,15,1.0,0.0,21.2
2026-06-13 02:17:42,057,FBN1_016_712_73,0,0.0,15,1.0,0.0,21.17
2026-06-13 02:27:46,057,FBN1_016_712_73,0,0.0,15,1.0,0.0,21.15
2026-06-13 02:37:49,057,FBN1_016_712_73,27,0.045,13,0.951,0.0,21.16
2026-06-13 02:47:52,057,FBN1_016_712_73,19,0.032,14,0.967,0.0,21.19
2026-06-13 02:57:55,057,FBN1_016_712_73,0,0.0,15,1.0,0.0,21.18
2026-06-13 03:07:57,057,FBN1_016_712_73,0,0.0,15,1.0,0.0,21.17
2026-06-13 03:18:00,057,FBN1_016_712_73,0,0.0,15,1.0,0.0,21.18
2026-06-13 03:28:04,057,FBN1_016_712_73,208,0.346,6,0.536,0.0,21.3
2026-06-13 03:38:07,057,FBN1_016_712_73,113,0.188,7,0.712,0.0,21.33
2026-06-13 03:48:10,057,FBN1_016_712_73,98,0.163,8,0.766,0.0,21.38
2026-06-13 03:59:10,057,FBN1_016_712_73,256,0.428,2,0.238,0.0,21.59
2026-06-13 04:09:13,057,FBN1_016_712_73,118,0.196,6,0.67,0.0,21.55
2026-06-13 04:19:16,057,FBN1_016_712_73,87,0.145,9,0.805,0.0,21.5
2026-06-13 04:29:19,057,FBN1_016_712_73,0,0.0,15,1.0,0.0,21.42
2026-06-13 04:39:22,057,FBN1_016_712_73,0,0.0,15,1.0,0.0,21.35
2026-06-13 04:49:24,057,FBN1_016_712_73,0,0.0,15,1.0,0.0,21.28
2026-06-13 04:59:28,057,FBN1_016_712_73,74,0.123,8,0.812,0.0,21.28
2026-06-13 05:09:31,057,FBN1_016_712_73,168,0.28,3,0.417,0.0,21.5
2026-06-13 05:19:34,057,FBN1_016_712_73,67,0.111,9,0.843,0.0,21.43
2026-06-13 05:29:35,057,FBN1_016_712_73,44,0.073,11,0.909,0.0,21.41
2026-06-13 05:39:38,057,FBN1_016_712_73,171,0.285,5,0.539,0.0,21.51
2026-06-13 05:49:41,057,FBN1_016_712_73,18,0.03,13,0.967,0.0,21.44
2026-06-13 05:59:44,057,FBN1_016_712_73,42,0.07,11,0.913,0.0,21.4
2026-06-13 06:09:47,057,FBN1_016_712_73,16,0.027,13,0.97,0.2088,21.36
2026-06-13 06:19:50,057,FBN1_016_712_73,0,0.0,15,1.0,0.1944,21.28
2026-06-13 06:29:53,057,FBN1_016_712_73,0,0.0,15,1.0,0.1944,21.24
2026-06-13 06:39:56,057,FBN1_016_712_73,0,0.0,15,1.0,0.1944,21.21
2026-06-13 06:49:59,057,FBN1_016_712_73,0,0.0,15,1.0,0.1944,21.17
2026-06-13 07:00:02,057,FBN1_016_712_73,0,0.0,15,1.0,0.1944,21.16
2026-06-13 07:10:05,057,FBN1_016_712_73,1,0.002,14,0.998,0.1944,21.12
2026-06-13 07:20:08,057,FBN1_016_712_73,0,0.0,15,1.0,0.1944,21.12
2026-06-13 07:30:11,057,FBN1_016_712_73,0,0.0,15,1.0,0.1944,21.11
2026-06-13 07:40:14,057,FBN1_016_712_73,0,0.0,15,1.0,0.1944,21.11
2026-06-13 07:50:17,057,FBN1_016_712_73,0,0.0,15,1.0,0.1944,21.11
2026-06-13 08:00:44,057,FBN1_016_712_73,0,0.0,15,1.0,0.1944,21.16
2026-06-13 08:10:47,057,FBN1_016_712_73,0,0.0,15,1.0,0.1944,21.16
2026-06-13 08:20:50,057,FBN1_016_712_73,9,0.015,14,0.984,0.1836,21.16
2026-06-13 08:30:53,057,FBN1_016_712_73,23,0.038,14,0.961,0.1944,21.18
2026-06-13 08:40:56,057,FBN1_016_712_73,0,0.0,15,1.0,0.1872,21.18
2026-06-13 08:50:59,057,FBN1_016_712_73,0,0.0,15,1.0,0.1872,21.15
2026-06-13 09:01:02,057,FBN1_016_712_73,0,0.0,15,1.0,0.1872,21.14
2026-06-13 09:11:05,057,FBN1_016_712_73,0,0.0,15,1.0,0.1872,21.11
2026-06-13 09:21:07,057,FBN1_016_712_73,1,0.002,14,0.998,0.1872,21.1
2026-06-13 09:31:10,057,FBN1_016_712_73,0,0.0,15,1.0,0.1872,21.09
2026-06-13 09:41:12,057,FBN1_016_712_73,0,0.0,15,1.0,0.2124,21.08
2026-06-13 09:51:15,057,FBN1_016_712_73,10,0.017,14,0.982,0.1944,21.09
2026-06-13 10:01:18,057,FBN1_016_712_73,8,0.013,15,0.987,0.2088,21.13
2026-06-13 10:11:21,057,FBN1_016_712_73,1,0.002,14,0.998,0.1944,21.12
2026-06-13 10:21:24,057,FBN1_016_712_73,0,0.0,15,1.0,0.198,21.1
2026-06-13 10:31:27,057,FBN1_016_712_73,0,0.0,15,1.0,0.198,21.08
2026-06-13 10:41:30,057,FBN1_016_712_73,0,0.0,15,1.0,0.2088,21.07
2026-06-13 10:51:33,057,FBN1_016_712_73,0,0.0,15,1.0,0.2088,21.06
2026-06-13 11:01:36,057,FBN1_016_712_73,0,0.0,15,1.0,0.198,21.04
2026-06-13 11:11:39,057,FBN1_016_712_73,0,0.0,15,1.0,0.198,21.03
2026-06-13 11:21:42,057,FBN1_016_712_73,0,0.0,15,1.0,0.198,21.01
2026-06-13 11:31:45,057,FBN1_016_712_73,0,0.0,15,1.0,0.2088,21.01
2026-06-13 11:41:48,057,FBN1_016_712_73,0,0.0,15,1.0,0.2088,20.99
2026-06-13 11:51:51,057,FBN1_016_712_73,0,0.0,15,1.0,0.2088,20.97
2026-06-13 12:02:26,057,FBN1_016_712_73,0,0.0,15,1.0,0.198,21.04
2026-06-13 12:12:28,057,FBN1_016_712_73,0,0.0,15,1.0,0.198,20.98
2026-06-13 12:22:31,057,FBN1_016_712_73,0,0.0,15,1.0,0.198,20.95
2026-06-13 12:32:34,057,FBN1_016_712_73,0,0.0,15,1.0,0.198,20.92
2026-06-13 12:42:36,057,FBN1_016_712_73,0,0.0,15,1.0,0.18,20.91
2026-06-13 12:52:39,057,FBN1_016_712_73,50,0.083,12,0.906,0.1908,21.0
2026-06-13 13:02:42,057,FBN1_016_712_73,0,0.0,15,1.0,0.1944,21.01
2026-06-13 13:12:45,057,FBN1_016_712_73,0,0.0,15,1.0,0.1872,21.0
2026-06-13 13:22:48,057,FBN1_016_712_73,0,0.0,15,1.0,0.1872,21.0
2026-06-13 13:32:51,057,FBN1_016_712_73,1,0.002,14,0.998,0.1872,20.99
2026-06-13 13:42:54,057,FBN1_016_712_73,0,0.0,15,1.0,0.1872,20.99
2026-06-13 13:52:57,057,FBN1_016_712_73,0,0.0,15,1.0,0.1872,21.0
2026-06-13 14:03:00,057,FBN1_016_712_73,0,0.0,15,1.0,0.1872,20.96
2026-06-13 14:13:03,057,FBN1_016_712_73,0,0.0,15,1.0,0.1872,20.95
2026-06-13 14:23:06,057,FBN1_016_712_73,0,0.0,15,1.0,0.1872,20.95
2026-06-13 14:33:09,057,FBN1_016_712_73,0,0.0,15,1.0,0.1872,20.95
2026-06-13 14:43:12,057,FBN1_016_712_73,0,0.0,15,1.0,0.1872,20.94
2026-06-13 14:53:15,057,FBN1_016_712_73,16,0.027,13,0.97,0.1872,20.96
2026-06-13 15:03:19,057,FBN1_016_712_73,0,0.0,15,1.0,0.1944,20.95
2026-06-13 15:13:22,057,FBN1_016_712_73,1,0.002,15,0.998,0.1872,20.95
2026-06-13 15:23:25,057,FBN1_016_712_73,0,0.0,15,1.0,0.1872,20.96
2026-06-13 15:33:28,057,FBN1_016_712_73,0,0.0,15,1.0,0.1872,20.94
2026-06-13 15:43:31,057,FBN1_016_712_73,0,0.0,15,1.0,0.1872,20.98
2026-06-13 15:53:34,057,FBN1_016_712_73,0,0.0,15,1.0,0.1872,21.0
2026-06-13 16:04:07,057,FBN1_016_712_73,0,0.0,15,1.0,0.1872,21.07
2026-06-13 16:14:10,057,FBN1_016_712_73,0,0.0,15,1.0,0.198,21.03
2026-06-13 16:24:13,057,FBN1_016_712_73,0,0.0,15,1.0,0.1872,21.03
2026-06-13 16:34:16,057,FBN1_016_712_73,0,0.0,15,1.0,0.2052,21.01
2026-06-13 16:44:19,057,FBN1_016_712_73,0,0.0,15,1.0,0.1872,21.01
2026-06-13 16:54:23,057,FBN1_016_712_73,0,0.0,15,1.0,0.1872,21.0
2026-06-13 17:04:26,057,FBN1_016_712_73,0,0.0,15,1.0,0.1872,20.98
2026-06-13 17:14:28,057,FBN1_016_712_73,0,0.0,15,1.0,0.1872,20.99
2026-06-13 17:24:31,057,FBN1_016_712_73,30,0.05,13,0.945,0.18,21.01
2026-06-13 17:34:34,057,FBN1_016_712_73,73,0.121,8,0.814,0.1692,21.07
2026-06-13 17:44:37,057,FBN1_016_712_73,34,0.057,10,0.922,0.2016,21.11
2026-06-13 17:54:39,057,FBN1_016_712_73,0,0.0,15,1.0,0.2016,21.1
2026-06-13 18:04:42,057,FBN1_016_712_73,40,0.067,13,0.929,0.0,21.11
2026-06-13 18:14:45,057,FBN1_016_712_73,173,0.288,5,0.536,0.0,21.24
2026-06-13 18:24:48,057,FBN1_016_712_73,175,0.292,4,0.478,0.0,21.29
2026-06-13 18:34:50,057,FBN1_016_712_73,138,0.23,7,0.67,0.0,21.36
2026-06-13 18:44:53,057,FBN1_016_712_73,59,0.098,11,0.882,0.0,21.39
2026-06-13 18:54:56,057,FBN1_016_712_73,2,0.003,15,0.997,0.0,21.31
2026-06-13 19:04:59,057,FBN1_016_712_73,0,0.0,15,1.0,0.0,21.25
2026-06-13 19:15:01,057,FBN1_016_712_73,0,0.0,15,1.0,0.0,21.19
2026-06-13 19:25:04,057,FBN1_016_712_73,0,0.0,15,1.0,0.0,21.13
2026-06-13 19:35:07,057,FBN1_016_712_73,29,0.048,12,0.943,0.0,21.11
2026-06-13 19:45:10,057,FBN1_016_712_73,78,0.13,9,0.822,0.0,21.14
2026-06-13 19:55:12,057,FBN1_016_712_73,23,0.038,11,0.95,0.0,21.15
2026-06-13 20:05:53,057,FBN1_016_712_73,136,0.227,7,0.673,0.0,21.35
2026-06-13 20:15:56,057,FBN1_016_712_73,0,0.0,15,1.0,0.0,21.27
2026-06-13 20:25:58,057,FBN1_016_712_73,0,0.0,15,1.0,0.0,21.2
2026-06-13 20:36:01,057,FBN1_016_712_73,13,0.022,14,0.977,0.0,21.15
2026-06-13 20:46:04,057,FBN1_016_712_73,234,0.39,4,0.406,0.0,21.27
2026-06-13 20:56:07,057,FBN1_016_712_73,30,0.05,12,0.941,0.0,21.24
2026-06-13 21:06:10,057,FBN1_016_712_73,70,0.116,10,0.851,0.0,21.25
2026-06-13 21:16:13,057,FBN1_016_712_73,0,0.0,15,1.0,0.0,21.19
2026-06-13 21:26:16,057,FBN1_016_712_73,0,0.0,15,1.0,0.0,21.14
2026-06-13 21:36:19,057,FBN1_016_712_73,0,0.0,15,1.0,0.0,21.09
2026-06-13 21:46:22,057,FBN1_016_712_73,48,0.08,13,0.915,0.0,21.11
2026-06-13 21:56:25,057,FBN1_016_712_73,88,0.146,8,0.784,0.0,21.16
2026-06-13 22:06:27,057,FBN1_016_712_73,106,0.176,9,0.773,0.0,21.24
2026-06-13 22:16:31,057,FBN1_016_712_73,270,0.449,2,0.229,0.0,21.36
2026-06-13 22:26:33,057,FBN1_016_712_73,83,0.138,8,0.794,0.0,21.35
2026-06-13 22:36:36,057,FBN1_016_712_73,155,0.258,7,0.644,0.0,21.36
2026-06-13 22:46:39,057,FBN1_016_712_73,128,0.213,7,0.686,0.0,21.37
2026-06-13 22:56:42,057,FBN1_016_712_73,54,0.09,11,0.891,0.0,21.34
2026-06-13 23:06:46,057,FBN1_016_712_73,219,0.364,2,0.268,0.0,21.51
2026-06-13 23:16:49,057,FBN1_016_712_73,76,0.126,10,0.84,0.0,21.43
2026-06-13 23:26:52,057,FBN1_016_712_73,58,0.097,10,0.873,0.0,21.42
2026-06-13 23:36:55,057,FBN1_016_712_73,37,0.062,11,0.922,0.0,21.38
2026-06-13 23:46:58,057,FBN1_016_712_73,151,0.251,5,0.57,0.0,21.43
2026-06-13 23:57:01,057,FBN1_016_712_73,0,0.0,15,1.0,0.0,21.32
2026-06-14 00:07:41,057,FBN1_016_712_73,0,0.0,15,1.0,0.0,21.35
2026-06-14 00:17:44,057,FBN1_016_712_73,0,0.0,15,1.0,0.0,21.25
2026-06-14 00:27:47,057,FBN1_016_712_73,0,0.0,15,1.0,0.0,21.17
2026-06-14 00:37:50,057,FBN1_016_712_73,0,0.0,15,1.0,0.0,21.11
2026-06-14 00:47:54,057,FBN1_016_712_73,0,0.0,15,1.0,0.0,21.08
2026-06-14 00:57:56,057,FBN1_016_712_73,18,0.03,14,0.969,0.0,21.06
2026-06-14 01:07:59,057,FBN1_016_712_73,4,0.007,14,0.993,0.0,21.05
2026-06-14 01:18:02,057,FBN1_016_712_73,0,0.0,15,1.0,0.0,21.05
2026-06-14 01:28:05,057,FBN1_016_712_73,0,0.0,15,1.0,0.0,21.03
2026-06-14 01:38:08,057,FBN1_016_712_73,0,0.0,15,1.0,0.0,21.0
2026-06-14 01:48:12,057,FBN1_016_712_73,0,0.0,15,1.0,0.0,21.0
2026-06-14 01:58:14,057,FBN1_016_712_73,76,0.126,10,0.84,0.0,21.04
2026-06-14 02:08:17,057,FBN1_016_712_73,120,0.199,9,0.75,0.0,21.1
2026-06-14 02:18:20,057,FBN1_016_712_73,38,0.063,11,0.921,0.0,21.11
2026-06-14 02:28:23,057,FBN1_016_712_73,170,0.283,4,0.485,0.0,21.21
2026-06-14 02:38:26,057,FBN1_016_712_73,29,0.048,12,0.943,0.0,21.2
2026-06-14 02:48:29,057,FBN1_016_712_73,225,0.374,2,0.262,0.0,21.55
2026-06-14 02:58:32,057,FBN1_016_712_73,51,0.085,11,0.896,0.0,21.44
2026-06-14 03:08:35,057,FBN1_016_712_73,0,0.0,15,1.0,0.0,21.3
2026-06-14 03:18:38,057,FBN1_016_712_73,0,0.0,15,1.0,0.0,21.2
2026-06-14 03:28:41,057,FBN1_016_712_73,0,0.0,15,1.0,0.0,21.12
2026-06-14 03:38:44,057,FBN1_016_712_73,129,0.214,8,0.713,0.0,21.13
2026-06-14 03:48:47,057,FBN1_016_712_73,53,0.088,11,0.892,0.0,21.14
2026-06-14 03:58:50,057,FBN1_016_712_73,45,0.075,13,0.92,0.0,21.18
2026-06-14 04:09:13,057,FBN1_016_712_73,0,0.0,15,1.0,0.0,21.15
2026-06-14 04:19:16,057,FBN1_016_712_73,0,0.0,15,1.0,0.0,21.07
2026-06-14 04:29:19,057,FBN1_016_712_73,0,0.0,15,1.0,0.0,21.0
2026-06-14 04:39:22,057,FBN1_016_712_73,0,0.0,15,1.0,0.0,20.95
2026-06-14 04:49:25,057,FBN1_016_712_73,0,0.0,15,1.0,0.0,20.92
2026-06-14 04:59:27,057,FBN1_016_712_73,69,0.115,9,0.839,0.0,20.96
2026-06-14 05:09:30,057,FBN1_016_712_73,96,0.16,5,0.676,0.0,21.12
2026-06-14 05:19:33,057,FBN1_016_712_73,74,0.123,10,0.844,0.0,21.13
2026-06-14 05:29:36,057,FBN1_016_712_73,37,0.062,10,0.915,0.0,21.12
2026-06-14 05:39:39,057,FBN1_016_712_73,28,0.047,11,0.94,0.0,21.14
2026-06-14 05:49:43,057,FBN1_016_712_73,31,0.052,11,0.934,0.0,21.15
2026-06-14 05:59:46,057,FBN1_016_712_73,0,0.0,15,1.0,0.0,21.11
2026-06-14 06:09:48,057,FBN1_016_712_73,0,0.0,15,1.0,0.2124,21.08
2026-06-14 06:19:50,057,FBN1_016_712_73,0,0.0,15,1.0,0.2016,21.05
2026-06-14 06:29:53,057,FBN1_016_712_73,0,0.0,15,1.0,0.2016,21.02
2026-06-14 06:39:57,057,FBN1_016_712_73,0,0.0,15,1.0,0.2088,21.01
2026-06-14 06:49:59,057,FBN1_016_712_73,0,0.0,15,1.0,0.2016,21.0
2026-06-14 07:00:02,057,FBN1_016_712_73,0,0.0,15,1.0,0.2052,20.99
2026-06-14 07:10:05,057,FBN1_016_712_73,0,0.0,15,1.0,0.2052,20.97
2026-06-14 07:20:08,057,FBN1_016_712_73,0,0.0,15,1.0,0.2016,20.97
2026-06-14 07:30:10,057,FBN1_016_712_73,0,0.0,15,1.0,0.2016,20.96
2026-06-14 07:40:13,057,FBN1_016_712_73,11,0.018,14,0.981,0.2052,20.97
2026-06-14 07:50:16,057,FBN1_016_712_73,0,0.0,15,1.0,0.1836,21.0
2026-06-14 08:00:19,057,FBN1_016_712_73,99,0.165,6,0.708,0.1476,21.07
2026-06-14 08:10:51,057,FBN1_016_712_73,9,0.015,13,0.983,0.2052,21.16
2026-06-14 08:20:54,057,FBN1_016_712_73,0,0.0,15,1.0,0.198,21.11
2026-06-14 08:30:57,057,FBN1_016_712_73,0,0.0,15,1.0,0.1872,21.07
2026-06-14 08:41:00,057,FBN1_016_712_73,0,0.0,15,1.0,0.198,21.05
2026-06-14 08:51:03,057,FBN1_016_712_73,1,0.002,14,0.998,0.198,21.01
2026-06-14 09:01:06,057,FBN1_016_712_73,0,0.0,15,1.0,0.1872,20.99
2026-06-14 09:11:09,057,FBN1_016_712_73,1,0.002,15,0.998,0.198,20.97
2026-06-14 09:21:12,057,FBN1_016_712_73,0,0.0,15,1.0,0.198,20.96
2026-06-14 09:31:14,057,FBN1_016_712_73,0,0.0,15,1.0,0.198,20.95
2026-06-14 09:41:17,057,FBN1_016_712_73,0,0.0,15,1.0,0.2088,20.94
2026-06-14 09:51:20,057,FBN1_016_712_73,0,0.0,15,1.0,0.2088,20.94
2026-06-14 10:01:23,057,FBN1_016_712_73,0,0.0,15,1.0,0.1944,20.95
2026-06-14 10:11:26,057,FBN1_016_712_73,0,0.0,15,1.0,0.1872,20.96
2026-06-14 10:21:29,057,FBN1_016_712_73,0,0.0,15,1.0,0.1872,20.98
2026-06-14 10:31:31,057,FBN1_016_712_73,0,0.0,15,1.0,0.1872,20.99
2026-06-14 10:41:34,057,FBN1_016_712_73,1,0.002,14,0.998,0.1908,21.0
2026-06-14 10:51:36,057,FBN1_016_712_73,0,0.0,15,1.0,0.1872,20.99
2026-06-14 11:01:39,057,FBN1_016_712_73,24,0.04,13,0.956,0.1656,21.02
2026-06-14 11:11:42,057,FBN1_016_712_73,164,0.273,5,0.549,0.108,21.12
2026-06-14 11:21:46,057,FBN1_016_712_73,210,0.349,3,0.364,0.2124,21.24
2026-06-14 11:31:48,057,FBN1_016_712_73,0,0.0,15,1.0,0.234,21.19
2026-06-14 11:41:51,057,FBN1_016_712_73,0,0.0,15,1.0,0.2232,21.14
2026-06-14 11:51:54,057,FBN1_016_712_73,0,0.0,15,1.0,0.2016,21.1
2026-06-14 12:01:57,057,FBN1_016_712_73,0,0.0,15,1.0,0.2016,21.05
2026-06-14 12:12:27,057,FBN1_016_712_73,0,0.0,15,1.0,0.2088,21.11
2026-06-14 12:22:30,057,FBN1_016_712_73,0,0.0,15,1.0,0.2016,21.06
2026-06-14 12:32:33,057,FBN1_016_712_73,0,0.0,15,1.0,0.2016,21.03
2026-06-14 12:42:36,057,FBN1_016_712_73,0,0.0,15,1.0,0.2016,21.02
2026-06-14 12:52:39,057,FBN1_016_712_73,0,0.0,15,1.0,0.2016,21.0
2026-06-14 13:02:42,057,FBN1_016_712_73,0,0.0,15,1.0,0.2016,20.99
2026-06-14 13:12:46,057,FBN1_016_712_73,0,0.0,15,1.0,0.2016,20.98
2026-06-14 13:22:48,057,FBN1_016_712_73,0,0.0,15,1.0,0.2124,20.97
2026-06-14 13:32:51,057,FBN1_016_712_73,1,0.002,14,0.998,0.2088,20.97
2026-06-14 13:42:54,057,FBN1_016_712_73,14,0.023,13,0.974,0.1872,20.99
2026-06-14 13:52:57,057,FBN1_016_712_73,0,0.0,15,1.0,0.2016,21.0
2026-06-14 14:03:00,057,FBN1_016_712_73,0,0.0,15,1.0,0.2016,21.0
2026-06-14 14:13:03,057,FBN1_016_712_73,1,0.002,14,0.998,0.2016,20.98
2026-06-14 14:23:05,057,FBN1_016_712_73,0,0.0,15,1.0,0.2016,20.98
2026-06-14 14:33:08,057,FBN1_016_712_73,0,0.0,15,1.0,0.2016,20.97
2026-06-14 14:43:11,057,FBN1_016_712_73,0,0.0,15,1.0,0.2016,20.97
2026-06-14 14:53:14,057,FBN1_016_712_73,0,0.0,15,1.0,0.2016,20.96
2026-06-14 15:03:17,057,FBN1_016_712_73,0,0.0,15,1.0,0.2016,20.96
2026-06-14 15:13:20,057,FBN1_016_712_73,0,0.0,15,1.0,0.2016,20.96
2026-06-14 15:23:23,057,FBN1_016_712_73,0,0.0,15,1.0,0.2016,20.97
2026-06-14 15:33:26,057,FBN1_016_712_73,14,0.023,14,0.976,0.2016,20.99
2026-06-14 15:43:28,057,FBN1_016_712_73,0,0.0,15,1.0,0.2016,20.97
2026-06-14 15:53:31,057,FBN1_016_712_73,0,0.0,15,1.0,0.2016,20.97
2026-06-14 16:03:34,057,FBN1_016_712_73,0,0.0,15,1.0,0.2052,20.97
2026-06-14 16:14:04,057,FBN1_016_712_73,0,0.0,15,1.0,0.2016,21.05
2026-06-14 16:24:06,057,FBN1_016_712_73,0,0.0,15,1.0,0.2016,21.04
2026-06-14 16:34:09,057,FBN1_016_712_73,0,0.0,15,1.0,0.2016,21.04
2026-06-14 16:44:12,057,FBN1_016_712_73,20,0.033,14,0.966,0.18,21.08
2026-06-14 16:54:15,057,FBN1_016_712_73,84,0.14,8,0.792,0.1692,21.12
2026-06-14 17:04:18,057,FBN1_016_712_73,33,0.055,12,0.936,0.198,21.16
2026-06-14 17:14:21,057,FBN1_016_712_73,2,0.003,14,0.996,0.2052,21.14
2026-06-14 17:24:24,057,FBN1_016_712_73,0,0.0,15,1.0,0.2052,21.13
2026-06-14 17:34:27,057,FBN1_016_712_73,1,0.002,14,0.998,0.2052,21.11
2026-06-14 17:44:30,057,FBN1_016_712_73,0,0.0,15,1.0,0.1944,21.08
2026-06-14 17:54:33,057,FBN1_016_712_73,7,0.012,14,0.988,0.1944,21.06
2026-06-14 18:04:35,057,FBN1_016_712_73,0,0.0,15,1.0,0.0,21.05
2026-06-14 18:14:38,057,FBN1_016_712_73,1,0.002,14,0.998,0.0,21.05
2026-06-14 18:24:41,057,FBN1_016_712_73,62,0.103,12,0.886,0.0,21.1
2026-06-14 18:34:44,057,FBN1_016_712_73,115,0.191,6,0.676,0.0,21.17
2026-06-14 18:44:47,057,FBN1_016_712_73,135,0.224,6,0.64,0.0,21.28
2026-06-14 18:54:49,057,FBN1_016_712_73,112,0.187,7,0.714,0.0,21.29
2026-06-14 19:04:52,057,FBN1_016_712_73,0,0.0,15,1.0,0.0,21.24
2026-06-14 19:14:55,057,FBN1_016_712_73,0,0.0,15,1.0,0.0,21.2
2026-06-14 19:24:58,057,FBN1_016_712_73,1,0.002,15,0.998,0.0,21.14
2026-06-14 19:35:00,057,FBN1_016_712_73,0,0.0,15,1.0,0.0,21.11
2026-06-14 19:45:03,057,FBN1_016_712_73,0,0.0,15,1.0,0.0,21.07
2026-06-14 19:55:06,057,FBN1_016_712_73,2,0.003,14,0.996,0.0,21.05
2026-06-14 20:05:09,057,FBN1_016_712_73,95,0.158,8,0.771,0.0,21.12
2026-06-14 20:15:44,057,FBN1_016_712_73,122,0.204,10,0.766,0.0,21.25
2026-06-14 20:25:47,057,FBN1_016_712_73,92,0.153,8,0.777,0.0,21.3
2026-06-14 20:35:50,057,FBN1_016_712_73,16,0.027,14,0.972,0.0,21.27
2026-06-14 20:45:53,057,FBN1_016_712_73,124,0.206,7,0.693,0.0,21.29
2026-06-14 20:55:56,057,FBN1_016_712_73,70,0.117,9,0.837,0.0,21.32
2026-06-14 21:05:59,057,FBN1_016_712_73,0,0.0,15,1.0,0.0,21.29
2026-06-14 21:16:02,057,FBN1_016_712_73,0,0.0,15,1.0,0.0,21.25
2026-06-14 21:26:05,057,FBN1_016_712_73,0,0.0,15,1.0,0.0,21.22
2026-06-14 21:36:08,057,FBN1_016_712_73,0,0.0,15,1.0,0.0,21.17
2026-06-14 21:46:11,057,FBN1_016_712_73,0,0.0,15,1.0,0.0,21.14
2026-06-14 21:56:14,057,FBN1_016_712_73,0,0.0,15,1.0,0.0,21.12
2026-06-14 22:06:17,057,FBN1_016_712_73,0,0.0,15,1.0,0.0,21.1
2026-06-14 22:16:19,057,FBN1_016_712_73,178,0.296,6,0.574,0.0,21.21
2026-06-14 22:26:22,057,FBN1_016_712_73,39,0.065,13,0.93,0.0,21.25
2026-06-14 22:36:25,057,FBN1_016_712_73,191,0.318,2,0.295,0.0,21.34
2026-06-14 22:46:28,057,FBN1_016_712_73,97,0.161,8,0.767,0.0,21.38
2026-06-14 22:56:30,057,FBN1_016_712_73,149,0.248,5,0.573,0.0,21.42
2026-06-14 23:06:33,057,FBN1_016_712_73,5,0.008,13,0.99,0.0,21.36
2026-06-14 23:16:36,057,FBN1_016_712_73,0,0.0,15,1.0,0.0,21.28
2026-06-14 23:26:39,057,FBN1_016_712_73,0,0.0,15,1.0,0.0,21.22
2026-06-14 23:36:42,057,FBN1_016_712_73,0,0.0,15,1.0,0.0,21.16
2026-06-14 23:46:45,057,FBN1_016_712_73,0,0.0,15,1.0,0.0,21.13
2026-06-14 23:56:48,057,FBN1_016_712_73,0,0.0,15,1.0,0.0,21.14
2026-06-13 00:06:16,053,FBN1_016_712_74,2,0.003,15,0.997,0.0,21.43
2026-06-13 00:16:19,053,FBN1_016_712_74,0,0.0,15,1.0,0.0,21.39
2026-06-13 00:26:21,053,FBN1_016_712_74,0,0.0,15,1.0,0.0,21.37
2026-06-13 00:36:25,053,FBN1_016_712_74,1,0.002,14,0.998,0.0,21.34
2026-06-13 00:46:28,053,FBN1_016_712_74,6,0.01,14,0.989,0.0,21.33
2026-06-13 00:56:31,053,FBN1_016_712_74,4,0.007,15,0.993,0.0,21.33
2026-06-13 01:06:33,053,FBN1_016_712_74,24,0.04,11,0.948,0.0,21.32
2026-06-13 01:16:36,053,FBN1_016_712_74,378,0.628,1,0.096,0.0,21.4
2026-06-13 01:26:38,053,FBN1_016_712_74,338,0.564,4,0.321,0.0,21.44
2026-06-13 01:36:40,053,FBN1_016_712_74,112,0.186,11,0.797,0.0,21.46
2026-06-13 01:46:44,053,FBN1_016_712_74,324,0.538,3,0.27,0.0,21.56
2026-06-13 01:56:46,053,FBN1_016_712_74,234,0.39,5,0.461,0.0,21.66
2026-06-13 02:06:49,053,FBN1_016_712_74,196,0.326,7,0.588,0.0,21.63
2026-06-13 02:16:53,053,FBN1_016_712_74,147,0.245,9,0.71,0.0,21.59
2026-06-13 02:26:54,053,FBN1_016_712_74,238,0.397,6,0.502,0.0,21.66
2026-06-13 02:36:56,053,FBN1_016_712_74,271,0.452,6,0.47,0.0,21.61
2026-06-13 02:46:58,053,FBN1_016_712_74,104,0.173,9,0.776,0.0,21.54
2026-06-13 02:57:01,053,FBN1_016_712_74,81,0.135,11,0.845,0.0,21.5
2026-06-13 03:07:04,053,FBN1_016_712_74,382,0.635,0,0.0,0.0,21.5
2026-06-13 03:17:06,053,FBN1_016_712_74,9,0.015,13,0.983,0.0,21.45
2026-06-13 03:27:09,053,FBN1_016_712_74,3,0.005,15,0.995,0.0,21.39
2026-06-13 03:37:12,053,FBN1_016_712_74,0,0.0,15,1.0,0.0,21.36
2026-06-13 03:47:15,053,FBN1_016_712_74,0,0.0,15,1.0,0.0,21.32
2026-06-13 03:57:34,053,FBN1_016_712_74,0,0.0,15,1.0,0.0,21.32
2026-06-13 04:07:36,053,FBN1_016_712_74,2,0.003,15,0.997,0.0,21.29
2026-06-13 04:17:38,053,FBN1_016_712_74,0,0.0,15,1.0,0.0,21.27
2026-06-13 04:27:41,053,FBN1_016_712_74,2,0.003,14,0.996,0.0,21.25
2026-06-13 04:37:44,053,FBN1_016_712_74,8,0.013,13,0.985,0.0,21.24
2026-06-13 04:47:46,053,FBN1_016_712_74,138,0.23,8,0.699,0.0,21.29
2026-06-13 04:57:49,053,FBN1_016_712_74,271,0.45,5,0.425,0.0,21.36
2026-06-13 05:07:50,053,FBN1_016_712_74,270,0.45,5,0.426,0.0,21.44
2026-06-13 05:17:54,053,FBN1_016_712_74,108,0.18,10,0.787,0.0,21.48
2026-06-13 05:27:57,053,FBN1_016_712_74,71,0.118,13,0.88,0.0,21.47
2026-06-13 05:38:00,053,FBN1_016_712_74,80,0.133,10,0.833,0.0,21.47
2026-06-13 05:48:03,053,FBN1_016_712_74,246,0.409,2,0.245,0.0,21.47
2026-06-13 05:58:05,053,FBN1_016_712_74,270,0.45,0,0.0,0.0,21.52
2026-06-13 06:08:07,053,FBN1_016_712_74,82,0.136,10,0.83,0.2448,21.46
2026-06-13 06:18:10,053,FBN1_016_712_74,59,0.098,12,0.891,0.2916,21.44
2026-06-13 06:28:13,053,FBN1_016_712_74,1,0.002,14,0.998,0.2736,21.41
2026-06-13 06:38:16,053,FBN1_016_712_74,0,0.0,15,1.0,0.288,21.38
2026-06-13 06:48:18,053,FBN1_016_712_74,2,0.003,15,0.997,0.2952,21.36
2026-06-13 06:58:21,053,FBN1_016_712_74,2,0.003,14,0.996,0.2844,21.34
2026-06-13 07:08:23,053,FBN1_016_712_74,2,0.003,15,0.997,0.2808,21.33
2026-06-13 07:18:26,053,FBN1_016_712_74,0,0.0,15,1.0,0.2916,21.31
2026-06-13 07:28:30,053,FBN1_016_712_74,0,0.0,15,1.0,0.2808,21.31
2026-06-13 07:38:33,053,FBN1_016_712_74,9,0.015,14,0.984,0.2952,21.33
2026-06-13 07:48:36,053,FBN1_016_712_74,3,0.005,13,0.994,0.288,21.32
2026-06-13 07:58:50,053,FBN1_016_712_74,6,0.01,14,0.989,0.2952,21.35
2026-06-13 08:08:53,053,FBN1_016_712_74,0,0.0,15,1.0,0.2916,21.34
2026-06-13 08:18:56,053,FBN1_016_712_74,2,0.003,14,0.996,0.2988,21.33
2026-06-13 08:28:58,053,FBN1_016_712_74,1,0.002,14,0.998,0.2736,21.33
2026-06-13 08:39:01,053,FBN1_016_712_74,0,0.0,15,1.0,0.288,21.33
2026-06-13 08:49:04,053,FBN1_016_712_74,0,0.0,15,1.0,0.2952,21.32
2026-06-13 08:59:06,053,FBN1_016_712_74,0,0.0,15,1.0,0.2952,21.32
2026-06-13 09:09:08,053,FBN1_016_712_74,0,0.0,15,1.0,0.2988,21.3
2026-06-13 09:19:10,053,FBN1_016_712_74,18,0.03,11,0.961,0.306,21.31
2026-06-13 09:29:12,053,FBN1_016_712_74,144,0.24,7,0.66,0.27,21.32
2026-06-13 09:39:15,053,FBN1_016_712_74,73,0.121,11,0.858,0.2268,21.33
2026-06-13 09:49:17,053,FBN1_016_712_74,277,0.462,6,0.464,0.2448,21.38
2026-06-13 09:59:20,053,FBN1_016_712_74,115,0.191,9,0.758,0.3132,21.4
2026-06-13 10:09:23,053,FBN1_016_712_74,19,0.032,14,0.967,0.288,21.38
2026-06-13 10:19:25,053,FBN1_016_712_74,7,0.012,15,0.988,0.2844,21.37
2026-06-13 10:29:27,053,FBN1_016_712_74,24,0.04,13,0.956,0.2808,21.33
2026-06-13 10:39:29,053,FBN1_016_712_74,6,0.01,14,0.989,0.3168,21.31
2026-06-13 10:49:32,053,FBN1_016_712_74,10,0.017,13,0.981,0.324,21.28
2026-06-13 10:59:36,053,FBN1_016_712_74,0,0.0,15,1.0,0.2952,21.26
2026-06-13 11:09:39,053,FBN1_016_712_74,4,0.007,14,0.993,0.2952,21.25
2026-06-13 11:19:42,053,FBN1_016_712_74,5,0.008,15,0.992,0.2952,21.23
2026-06-13 11:29:43,053,FBN1_016_712_74,16,0.027,13,0.97,0.3384,21.22
2026-06-13 11:39:46,053,FBN1_016_712_74,8,0.013,14,0.986,0.3384,21.2
2026-06-13 11:49:50,053,FBN1_016_712_74,0,0.0,15,1.0,0.3384,21.19
2026-06-13 12:00:06,053,FBN1_016_712_74,5,0.008,14,0.991,0.3024,21.2
2026-06-13 12:10:09,053,FBN1_016_712_74,0,0.0,15,1.0,0.3024,21.14
2026-06-13 12:20:12,053,FBN1_016_712_74,6,0.01,15,0.99,0.2952,21.1
2026-06-13 12:30:15,053,FBN1_016_712_74,123,0.204,6,0.661,0.3096,21.1
2026-06-13 12:40:18,053,FBN1_016_712_74,7,0.012,14,0.988,0.3096,21.09
2026-06-13 12:50:22,053,FBN1_016_712_74,41,0.068,11,0.915,0.2916,21.13
2026-06-13 13:00:25,053,FBN1_016_712_74,0,0.0,15,1.0,0.2808,21.14
2026-06-13 13:10:28,053,FBN1_016_712_74,0,0.0,15,1.0,0.2916,21.16
2026-06-13 13:20:31,053,FBN1_016_712_74,0,0.0,15,1.0,0.288,21.17
2026-06-13 13:30:33,053,FBN1_016_712_74,4,0.007,13,0.992,0.2808,21.17
2026-06-13 13:40:36,053,FBN1_016_712_74,0,0.0,15,1.0,0.288,21.18
2026-06-13 13:50:38,053,FBN1_016_712_74,0,0.0,15,1.0,0.288,21.17
2026-06-13 14:00:39,053,FBN1_016_712_74,1,0.002,15,0.998,0.2808,21.16
2026-06-13 14:10:43,053,FBN1_016_712_74,0,0.0,15,1.0,0.2808,21.16
2026-06-13 14:20:46,053,FBN1_016_712_74,1,0.002,15,0.998,0.27,21.15
2026-06-13 14:30:48,053,FBN1_016_712_74,21,0.035,11,0.954,0.2232,21.17
2026-06-13 14:40:51,053,FBN1_016_712_74,56,0.093,10,0.877,0.2592,21.18
2026-06-13 14:50:53,053,FBN1_016_712_74,0,0.0,15,1.0,0.2592,21.16
2026-06-13 15:00:55,053,FBN1_016_712_74,0,0.0,15,1.0,0.2664,21.15
2026-06-13 15:10:56,053,FBN1_016_712_74,0,0.0,15,1.0,0.252,21.14
2026-06-13 15:20:59,053,FBN1_016_712_74,0,0.0,15,1.0,0.252,21.14
2026-06-13 15:31:02,053,FBN1_016_712_74,1,0.002,15,0.998,0.252,21.15
2026-06-13 15:41:06,053,FBN1_016_712_74,0,0.0,15,1.0,0.2664,21.16
2026-06-13 15:51:09,053,FBN1_016_712_74,4,0.007,12,0.992,0.2484,21.16
2026-06-13 16:01:31,053,FBN1_016_712_74,55,0.092,8,0.853,0.0072,21.23
2026-06-13 16:11:34,053,FBN1_016_712_74,82,0.136,9,0.814,0.18,21.25
2026-06-13 16:21:37,053,FBN1_016_712_74,77,0.128,11,0.851,0.1584,21.29
2026-06-13 16:31:39,053,FBN1_016_712_74,150,0.25,8,0.681,0.1584,21.33
2026-06-13 16:41:40,053,FBN1_016_712_74,205,0.342,4,0.438,0.2808,21.34
2026-06-13 16:51:43,053,FBN1_016_712_74,6,0.01,13,0.989,0.2808,21.34
2026-06-13 17:01:46,053,FBN1_016_712_74,6,0.01,14,0.989,0.288,21.31
2026-06-13 17:11:50,053,FBN1_016_712_74,0,0.0,15,1.0,0.288,21.29
2026-06-13 17:21:51,053,FBN1_016_712_74,7,0.012,14,0.988,0.2844,21.28
2026-06-13 17:31:55,053,FBN1_016_712_74,15,0.025,14,0.974,0.252,21.27
2026-06-13 17:41:58,053,FBN1_016_712_74,241,0.401,3,0.332,0.2808,21.29
2026-06-13 17:52:00,053,FBN1_016_712_74,81,0.135,9,0.816,0.1872,21.32
2026-06-13 18:02:02,053,FBN1_016_712_74,58,0.097,11,0.884,0.0,21.34
2026-06-13 18:12:05,053,FBN1_016_712_74,171,0.285,6,0.584,0.0,21.36
2026-06-13 18:22:07,053,FBN1_016_712_74,220,0.367,7,0.56,0.0,21.42
2026-06-13 18:32:08,053,FBN1_016_712_74,235,0.392,5,0.46,0.0,21.45
2026-06-13 18:42:12,053,FBN1_016_712_74,281,0.468,3,0.299,0.0,21.46
2026-06-13 18:52:15,053,FBN1_016_712_74,231,0.384,5,0.464,0.0,21.48
2026-06-13 19:02:17,053,FBN1_016_712_74,192,0.319,8,0.625,0.0,21.49
2026-06-13 19:12:20,053,FBN1_016_712_74,103,0.171,10,0.795,0.0,21.47
2026-06-13 19:22:21,053,FBN1_016_712_74,190,0.317,4,0.457,0.0,21.49
2026-06-13 19:32:25,053,FBN1_016_712_74,155,0.258,9,0.699,0.0,21.53
2026-06-13 19:42:28,053,FBN1_016_712_74,455,0.757,0,0.0,0.0,21.65
2026-06-13 19:52:29,053,FBN1_016_712_74,119,0.199,10,0.771,0.0,21.61
2026-06-13 20:03:05,053,FBN1_016_712_74,178,0.298,8,0.643,0.0,21.66
2026-06-13 20:13:07,053,FBN1_016_712_74,83,0.138,10,0.828,0.0,21.6
2026-06-13 20:23:11,053,FBN1_016_712_74,25,0.042,13,0.954,0.0,21.55
2026-06-13 20:33:12,053,FBN1_016_712_74,5,0.008,14,0.991,0.0,21.49
2026-06-13 20:43:16,053,FBN1_016_712_74,0,0.0,15,1.0,0.0,21.44
2026-06-13 20:53:19,053,FBN1_016_712_74,207,0.344,2,0.279,0.0,21.43
2026-06-13 21:03:22,053,FBN1_016_712_74,395,0.656,0,0.0,0.0,21.46
2026-06-13 21:13:25,053,FBN1_016_712_74,178,0.296,8,0.643,0.0,21.48
2026-06-13 21:23:27,053,FBN1_016_712_74,282,0.47,2,0.221,0.0,21.53
2026-06-13 21:33:29,053,FBN1_016_712_74,86,0.143,10,0.823,0.0,21.48
2026-06-13 21:43:33,053,FBN1_016_712_74,318,0.529,2,0.201,0.0,21.54
2026-06-13 21:53:36,053,FBN1_016_712_74,26,0.043,13,0.952,0.0,21.5
2026-06-13 22:03:37,053,FBN1_016_712_74,271,0.452,4,0.371,0.0,21.54
2026-06-13 22:13:40,053,FBN1_016_712_74,103,0.171,7,0.731,0.0,21.46
2026-06-13 22:23:42,053,FBN1_016_712_74,114,0.19,10,0.778,0.0,21.44
2026-06-13 22:33:46,053,FBN1_016_712_74,140,0.233,8,0.696,0.0,21.46
2026-06-13 22:43:49,053,FBN1_016_712_74,127,0.211,9,0.739,0.0,21.44
2026-06-13 22:53:52,053,FBN1_016_712_74,77,0.128,10,0.839,0.0,21.42
2026-06-13 23:03:55,053,FBN1_016_712_74,334,0.555,0,0.0,0.0,21.48
2026-06-13 23:13:58,053,FBN1_016_712_74,468,0.779,1,0.079,0.0,21.54
2026-06-13 23:24:01,053,FBN1_016_712_74,62,0.103,12,0.886,0.0,21.48
2026-06-13 23:34:04,053,FBN1_016_712_74,436,0.725,1,0.084,0.0,21.57
2026-06-13 23:44:06,053,FBN1_016_712_74,162,0.27,3,0.426,0.0,21.55
2026-06-13 23:54:08,053,FBN1_016_712_74,210,0.349,3,0.364,0.0,21.54
2026-06-14 00:04:41,053,FBN1_016_712_74,10,0.017,13,0.981,0.0,21.56
2026-06-14 00:14:44,053,FBN1_016_712_74,12,0.02,14,0.979,0.0,21.48
2026-06-14 00:24:46,053,FBN1_016_712_74,2,0.003,13,0.996,0.0,21.44
2026-06-14 00:34:50,053,FBN1_016_712_74,6,0.01,15,0.99,0.0,21.41
2026-06-14 00:44:52,053,FBN1_016_712_74,13,0.022,13,0.976,0.0,21.37
2026-06-14 00:54:53,053,FBN1_016_712_74,0,0.0,15,1.0,0.0,21.32
2026-06-14 01:04:57,053,FBN1_016_712_74,7,0.012,14,0.988,0.0,21.3
2026-06-14 01:14:58,053,FBN1_016_712_74,28,0.047,13,0.949,0.0,21.29
2026-06-14 01:25:02,053,FBN1_016_712_74,161,0.268,3,0.427,0.0,21.3
2026-06-14 01:35:05,053,FBN1_016_712_74,69,0.115,12,0.874,0.0,21.29
2026-06-14 01:45:08,053,FBN1_016_712_74,410,0.682,1,0.089,0.0,21.34
2026-06-14 01:55:11,053,FBN1_016_712_74,151,0.251,9,0.705,0.0,21.33
2026-06-14 02:05:14,053,FBN1_016_712_74,91,0.151,10,0.815,0.0,21.33
2026-06-14 02:15:17,053,FBN1_016_712_74,234,0.389,5,0.461,0.0,21.36
2026-06-14 02:25:20,053,FBN1_016_712_74,159,0.265,8,0.668,0.0,21.36
2026-06-14 02:35:24,053,FBN1_016_712_74,184,0.306,8,0.635,0.0,21.4
2026-06-14 02:45:25,053,FBN1_016_712_74,227,0.378,7,0.552,0.0,21.41
2026-06-14 02:55:29,053,FBN1_016_712_74,108,0.18,7,0.722,0.0,21.42
2026-06-14 03:05:31,053,FBN1_016_712_74,405,0.674,3,0.229,0.0,21.42
2026-06-14 03:15:33,053,FBN1_016_712_74,144,0.24,11,0.753,0.0,21.38
2026-06-14 03:25:36,053,FBN1_016_712_74,83,0.138,11,0.841,0.0,21.41
2026-06-14 03:35:38,053,FBN1_016_712_74,67,0.112,11,0.868,0.0,21.41
2026-06-14 03:45:41,053,FBN1_016_712_74,1,0.002,15,0.998,0.0,21.4
2026-06-14 03:55:44,053,FBN1_016_712_74,28,0.047,11,0.94,0.0,21.39
2026-06-14 04:06:09,053,FBN1_016_712_74,21,0.035,13,0.961,0.0,21.46
2026-06-14 04:16:12,053,FBN1_016_712_74,207,0.344,5,0.491,0.0,21.44
2026-06-14 04:26:14,053,FBN1_016_712_74,448,0.745,0,0.0,0.0,21.49
2026-06-14 04:36:17,053,FBN1_016_712_74,207,0.345,7,0.575,0.0,21.48
2026-06-14 04:46:20,053,FBN1_016_712_74,15,0.025,14,0.974,0.0,21.39
2026-06-14 04:56:23,053,FBN1_016_712_74,153,0.254,8,0.677,0.0,21.37
2026-06-14 05:06:26,053,FBN1_016_712_74,202,0.336,7,0.581,0.0,21.37
2026-06-14 05:16:29,053,FBN1_016_712_74,41,0.068,14,0.932,0.0,21.35
2026-06-14 05:26:33,053,FBN1_016_712_74,181,0.301,3,0.399,0.0,21.4
2026-06-14 05:36:36,053,FBN1_016_712_74,442,0.735,3,0.214,0.0,21.56
2026-06-14 05:46:39,053,FBN1_016_712_74,257,0.427,2,0.237,0.0,21.48
2026-06-14 05:56:41,053,FBN1_016_712_74,25,0.042,13,0.954,0.0,21.4
2026-06-14 06:06:45,053,FBN1_016_712_74,30,0.05,12,0.941,0.2304,21.33
2026-06-14 06:16:47,053,FBN1_016_712_74,3,0.005,13,0.994,0.2304,21.29
2026-06-14 06:26:50,053,FBN1_016_712_74,7,0.012,14,0.988,0.2304,21.25
2026-06-14 06:36:52,053,FBN1_016_712_74,5,0.008,14,0.991,0.2304,21.23
2026-06-14 06:46:55,053,FBN1_016_712_74,6,0.01,15,0.99,0.2304,21.2
2026-06-14 06:56:57,053,FBN1_016_712_74,4,0.007,14,0.993,0.234,21.19
2026-06-14 07:06:59,053,FBN1_016_712_74,1,0.002,14,0.998,0.2232,21.18
2026-06-14 07:17:02,053,FBN1_016_712_74,4,0.007,15,0.993,0.234,21.16
2026-06-14 07:27:05,053,FBN1_016_712_74,19,0.032,13,0.965,0.2232,21.15
2026-06-14 07:37:07,053,FBN1_016_712_74,15,0.025,13,0.972,0.234,21.16
2026-06-14 07:47:10,053,FBN1_016_712_74,0,0.0,15,1.0,0.234,21.16
2026-06-14 07:57:13,053,FBN1_016_712_74,7,0.012,14,0.988,0.2232,21.15
2026-06-14 08:07:35,053,FBN1_016_712_74,117,0.196,6,0.672,0.2232,21.22
2026-06-14 08:17:36,053,FBN1_016_712_74,129,0.215,7,0.685,0.1368,21.21
2026-06-14 08:27:40,053,FBN1_016_712_74,59,0.098,11,0.882,0.144,21.22
2026-06-14 08:37:43,053,FBN1_016_712_74,133,0.221,8,0.706,0.1584,21.25
2026-06-14 08:47:46,053,FBN1_016_712_74,420,0.699,1,0.087,0.1116,21.31
2026-06-14 08:57:47,053,FBN1_016_712_74,49,0.082,11,0.9,0.108,21.32
2026-06-14 09:07:50,053,FBN1_016_712_74,13,0.022,14,0.977,0.108,21.31
2026-06-14 09:17:53,053,FBN1_016_712_74,6,0.01,14,0.989,0.108,21.3
2026-06-14 09:27:56,053,FBN1_016_712_74,6,0.01,14,0.989,0.108,21.28
2026-06-14 09:37:59,053,FBN1_016_712_74,16,0.027,13,0.97,0.1224,21.28
2026-06-14 09:48:02,053,FBN1_016_712_74,0,0.0,15,1.0,0.1224,21.29
2026-06-14 09:58:05,053,FBN1_016_712_74,16,0.027,13,0.97,0.1224,21.3
2026-06-14 10:08:08,053,FBN1_016_712_74,42,0.07,13,0.925,0.108,21.32
2026-06-14 10:18:12,053,FBN1_016_712_74,29,0.048,12,0.943,0.108,21.31
2026-06-14 10:28:15,053,FBN1_016_712_74,10,0.017,14,0.982,0.1152,21.3
2026-06-14 10:38:18,053,FBN1_016_712_74,16,0.027,14,0.972,0.1152,21.29
2026-06-14 10:48:21,053,FBN1_016_712_74,22,0.037,13,0.959,0.1188,21.28
2026-06-14 10:58:23,053,FBN1_016_712_74,12,0.02,13,0.977,0.108,21.28
2026-06-14 11:08:25,053,FBN1_016_712_74,27,0.045,13,0.951,0.108,21.27
2026-06-14 11:18:28,053,FBN1_016_712_74,13,0.022,13,0.976,0.126,21.26
2026-06-14 11:28:30,053,FBN1_016_712_74,39,0.065,12,0.925,0.1152,21.25
2026-06-14 11:38:34,053,FBN1_016_712_74,218,0.363,3,0.355,0.1368,21.27
2026-06-14 11:48:37,053,FBN1_016_712_74,126,0.21,8,0.717,0.1512,21.28
2026-06-14 11:58:41,053,FBN1_016_712_74,179,0.297,8,0.641,0.108,21.27
2026-06-14 12:09:07,053,FBN1_016_712_74,324,0.541,2,0.198,0.1656,21.38
2026-06-14 12:19:10,053,FBN1_016_712_74,1,0.002,15,0.998,0.1656,21.37
2026-06-14 12:29:14,053,FBN1_016_712_74,0,0.0,15,1.0,0.1764,21.36
2026-06-14 12:39:17,053,FBN1_016_712_74,3,0.005,15,0.995,0.1656,21.33
2026-06-14 12:49:19,053,FBN1_016_712_74,1,0.002,15,0.998,0.1692,21.33
2026-06-14 12:59:20,053,FBN1_016_712_74,13,0.022,13,0.976,0.1656,21.31
2026-06-14 13:09:22,053,FBN1_016_712_74,0,0.0,15,1.0,0.1656,21.3
2026-06-14 13:19:24,053,FBN1_016_712_74,0,0.0,15,1.0,0.1656,21.29
2026-06-14 13:29:27,053,FBN1_016_712_74,7,0.012,14,0.988,0.1656,21.28
2026-06-14 13:39:29,053,FBN1_016_712_74,5,0.008,13,0.99,0.1728,21.28
2026-06-14 13:49:30,053,FBN1_016_712_74,25,0.042,12,0.95,0.1728,21.29
2026-06-14 13:59:33,053,FBN1_016_712_74,0,0.0,15,1.0,0.1728,21.29
2026-06-14 14:09:36,053,FBN1_016_712_74,9,0.015,14,0.984,0.1728,21.29
2026-06-14 14:19:39,053,FBN1_016_712_74,29,0.048,13,0.947,0.1584,21.28
2026-06-14 14:29:42,053,FBN1_016_712_74,10,0.017,13,0.981,0.1728,21.28
2026-06-14 14:39:45,053,FBN1_016_712_74,3,0.005,14,0.995,0.1728,21.27
2026-06-14 14:49:48,053,FBN1_016_712_74,47,0.078,9,0.885,0.1656,21.28
2026-06-14 14:59:51,053,FBN1_016_712_74,173,0.288,3,0.41,0.2052,21.3
2026-06-14 15:09:53,053,FBN1_016_712_74,55,0.092,11,0.889,0.1512,21.27
2026-06-14 15:19:57,053,FBN1_016_712_74,183,0.304,6,0.567,0.3168,21.3
2026-06-14 15:29:58,053,FBN1_016_712_74,149,0.248,7,0.653,0.2232,21.31
2026-06-14 15:40:01,053,FBN1_016_712_74,41,0.068,11,0.915,0.2232,21.34
2026-06-14 15:50:04,053,FBN1_016_712_74,2,0.003,14,0.996,0.2232,21.35
2026-06-14 16:00:06,053,FBN1_016_712_74,20,0.033,13,0.963,0.216,21.35
2026-06-14 16:10:33,053,FBN1_016_712_74,0,0.0,15,1.0,0.2268,21.4
2026-06-14 16:20:36,053,FBN1_016_712_74,15,0.025,13,0.972,0.2232,21.36
2026-06-14 16:30:40,053,FBN1_016_712_74,9,0.015,14,0.984,0.2232,21.34
2026-06-14 16:40:42,053,FBN1_016_712_74,17,0.028,13,0.968,0.2232,21.34
2026-06-14 16:50:44,053,FBN1_016_712_74,6,0.01,14,0.989,0.234,21.33
2026-06-14 17:00:47,053,FBN1_016_712_74,8,0.013,14,0.986,0.2232,21.32
2026-06-14 17:10:50,053,FBN1_016_712_74,111,0.184,10,0.783,0.216,21.33
2026-06-14 17:20:52,053,FBN1_016_712_74,316,0.528,0,0.0,0.2232,21.37
2026-06-14 17:30:54,053,FBN1_016_712_74,192,0.32,4,0.455,0.2304,21.38
2026-06-14 17:40:57,053,FBN1_016_712_74,144,0.239,8,0.69,0.2088,21.36
2026-06-14 17:51:00,053,FBN1_016_712_74,147,0.244,6,0.62,0.18,21.36
2026-06-14 18:01:04,053,FBN1_016_712_74,39,0.065,13,0.93,0.0,21.4
2026-06-14 18:11:05,053,FBN1_016_712_74,229,0.382,6,0.512,0.0,21.42
2026-06-14 18:21:09,053,FBN1_016_712_74,303,0.504,2,0.209,0.0,21.44
2026-06-14 18:31:11,053,FBN1_016_712_74,27,0.045,13,0.951,0.0,21.43
2026-06-14 18:41:13,053,FBN1_016_712_74,435,0.725,0,0.0,0.0,21.48
2026-06-14 18:51:17,053,FBN1_016_712_74,56,0.093,11,0.887,0.0,21.48
2026-06-14 19:01:20,053,FBN1_016_712_74,230,0.383,6,0.511,0.0,21.48
2026-06-14 19:11:23,053,FBN1_016_712_74,113,0.188,9,0.761,0.0,21.5
2026-06-14 19:21:25,053,FBN1_016_712_74,236,0.393,4,0.404,0.0,21.54
2026-06-14 19:31:27,053,FBN1_016_712_74,148,0.246,7,0.654,0.0,21.55
2026-06-14 19:41:29,053,FBN1_016_712_74,0,0.0,15,1.0,0.0,21.52
2026-06-14 19:51:32,053,FBN1_016_712_74,175,0.291,6,0.578,0.0,21.54
2026-06-14 20:01:35,053,FBN1_016_712_74,17,0.028,13,0.968,0.0,21.55
2026-06-14 20:11:59,053,FBN1_016_712_74,27,0.045,13,0.951,0.0,21.59
2026-06-14 20:22:01,053,FBN1_016_712_74,10,0.017,13,0.981,0.0,21.54
2026-06-14 20:32:04,053,FBN1_016_712_74,76,0.126,9,0.826,0.0,21.52
2026-06-14 20:42:07,053,FBN1_016_712_74,368,0.611,0,0.0,0.0,21.54
2026-06-14 20:52:10,053,FBN1_016_712_74,197,0.328,8,0.619,0.0,21.53
2026-06-14 21:02:12,053,FBN1_016_712_74,212,0.353,6,0.531,0.0,21.54
2026-06-14 21:12:15,053,FBN1_016_712_74,28,0.047,13,0.949,0.0,21.55
2026-06-14 21:22:18,053,FBN1_016_712_74,92,0.153,9,0.796,0.0,21.54
2026-06-14 21:32:21,053,FBN1_016_712_74,318,0.529,3,0.274,0.0,21.59
2026-06-14 21:42:24,053,FBN1_016_712_74,235,0.391,6,0.505,0.0,21.6
2026-06-14 21:52:26,053,FBN1_016_712_74,0,0.0,15,1.0,0.0,21.57
2026-06-14 22:02:29,053,FBN1_016_712_74,73,0.121,12,0.868,0.0,21.54
2026-06-14 22:12:32,053,FBN1_016_712_74,197,0.328,3,0.379,0.0,21.61
2026-06-14 22:22:34,053,FBN1_016_712_74,339,0.565,4,0.321,0.0,21.67
2026-06-14 22:32:37,053,FBN1_016_712_74,140,0.233,8,0.696,0.0,21.61
2026-06-14 22:42:40,053,FBN1_016_712_74,130,0.216,9,0.735,0.0,21.58
2026-06-14 22:52:43,053,FBN1_016_712_74,46,0.077,13,0.919,0.0,21.56
2026-06-14 23:02:46,053,FBN1_016_712_74,361,0.6,2,0.181,0.0,21.6
2026-06-14 23:12:49,053,FBN1_016_712_74,297,0.494,3,0.288,0.0,21.6
2026-06-14 23:22:51,053,FBN1_016_712_74,13,0.022,15,0.979,0.0,21.55
2026-06-14 23:32:55,053,FBN1_016_712_74,315,0.524,1,0.113,0.0,21.6
2026-06-14 23:42:56,053,FBN1_016_712_74,71,0.118,12,0.871,0.0,21.6
2026-06-14 23:53:00,053,FBN1_016_712_74,137,0.228,7,0.671,0.0,21.57
2026-06-13 00:00:03,019,FBN1_016_712_75,236,0.393,2,0.253,0.0,22.23
2026-06-13 00:10:05,019,FBN1_016_712_75,198,0.33,3,0.377,0.0,22.19
2026-06-13 00:20:08,019,FBN1_016_712_75,98,0.163,9,0.786,0.0,22.16
2026-06-13 00:30:12,019,FBN1_016_712_75,313,0.52,0,0.0,0.0,22.27
2026-06-13 00:40:14,019,FBN1_016_712_75,227,0.378,5,0.468,0.0,22.21
2026-06-13 00:50:17,019,FBN1_016_712_75,175,0.291,7,0.615,0.0,22.18
2026-06-13 01:00:20,019,FBN1_016_712_75,254,0.423,1,0.136,0.0,22.2
2026-06-13 01:10:23,019,FBN1_016_712_75,158,0.263,3,0.432,0.0,22.11
2026-06-13 01:20:25,019,FBN1_016_712_75,69,0.115,11,0.864,0.0,22.05
2026-06-13 01:30:28,019,FBN1_016_712_75,139,0.231,4,0.535,0.0,22.02
2026-06-13 01:40:30,019,FBN1_016_712_75,123,0.205,5,0.619,0.0,22.0
2026-06-13 01:50:33,019,FBN1_016_712_75,213,0.354,2,0.273,0.0,22.0
2026-06-13 02:00:36,019,FBN1_016_712_75,263,0.438,2,0.233,0.0,22.02
2026-06-13 02:10:39,019,FBN1_016_712_75,185,0.308,1,0.178,0.0,21.99
2026-06-13 02:20:42,019,FBN1_016_712_75,8,0.013,14,0.986,0.0,21.93
2026-06-13 02:30:45,019,FBN1_016_712_75,9,0.015,13,0.983,0.0,21.87
2026-06-13 02:40:47,019,FBN1_016_712_75,20,0.033,13,0.963,0.0,21.82
2026-06-13 02:50:51,019,FBN1_016_712_75,24,0.04,11,0.948,0.0,21.79
2026-06-13 03:00:54,019,FBN1_016_712_75,17,0.028,13,0.968,0.0,21.76
2026-06-13 03:10:56,019,FBN1_016_712_75,8,0.013,13,0.985,0.0,21.74
2026-06-13 03:20:59,019,FBN1_016_712_75,59,0.098,11,0.882,0.0,21.72
2026-06-13 03:31:02,019,FBN1_016_712_75,156,0.26,5,0.562,0.0,21.75
2026-06-13 03:41:45,019,FBN1_016_712_75,226,0.379,2,0.261,0.0,22.0
2026-06-13 03:51:45,019,FBN1_016_712_75,132,0.221,6,0.645,0.0,21.97
2026-06-13 04:01:47,019,FBN1_016_712_75,210,0.349,7,0.571,0.0,22.06
2026-06-13 04:11:50,019,FBN1_016_712_75,124,0.207,6,0.659,0.0,22.02
2026-06-13 04:21:53,019,FBN1_016_712_75,58,0.096,10,0.873,0.0,21.92
2026-06-13 04:31:55,019,FBN1_016_712_75,93,0.155,8,0.775,0.0,21.9
2026-06-13 04:41:59,019,FBN1_016_712_75,184,0.306,5,0.521,0.0,21.9
2026-06-13 04:52:01,019,FBN1_016_712_75,151,0.251,3,0.443,0.0,21.97
2026-06-13 05:02:04,019,FBN1_016_712_75,108,0.18,8,0.748,0.0,21.94
2026-06-13 05:12:07,019,FBN1_016_712_75,61,0.102,9,0.855,0.0,21.91
2026-06-13 05:22:09,019,FBN1_016_712_75,166,0.276,7,0.628,0.0,21.97
2026-06-13 05:32:12,019,FBN1_016_712_75,75,0.125,9,0.828,0.0,21.91
2026-06-13 05:42:15,019,FBN1_016_712_75,137,0.228,6,0.637,0.0,21.9
2026-06-13 05:52:17,019,FBN1_016_712_75,161,0.268,2,0.332,0.0,21.87
2026-06-13 06:02:20,019,FBN1_016_712_75,145,0.241,6,0.623,0.414,21.87
2026-06-13 06:12:23,019,FBN1_016_712_75,15,0.025,12,0.97,0.414,21.81
2026-06-13 06:22:26,019,FBN1_016_712_75,10,0.017,13,0.981,0.3852,21.74
2026-06-13 06:32:29,019,FBN1_016_712_75,1,0.002,14,0.998,0.3816,21.67
2026-06-13 06:42:32,019,FBN1_016_712_75,0,0.0,15,1.0,0.3816,21.61
2026-06-13 06:52:34,019,FBN1_016_712_75,1,0.002,14,0.998,0.3816,21.56
2026-06-13 07:02:36,019,FBN1_016_712_75,3,0.005,13,0.994,0.3852,21.52
2026-06-13 07:12:38,019,FBN1_016_712_75,0,0.0,15,1.0,0.3816,21.49
2026-06-13 07:22:42,019,FBN1_016_712_75,1,0.002,14,0.998,0.3852,21.47
2026-06-13 07:32:44,019,FBN1_016_712_75,0,0.0,15,1.0,0.3852,21.44
2026-06-13 07:43:21,019,FBN1_016_712_75,4,0.007,12,0.992,0.3852,21.49
2026-06-13 07:53:24,019,FBN1_016_712_75,1,0.002,14,0.998,0.3852,21.46
2026-06-13 08:03:27,019,FBN1_016_712_75,2,0.003,14,0.996,0.3816,21.45
2026-06-13 08:13:30,019,FBN1_016_712_75,77,0.128,8,0.806,0.2952,21.47
2026-06-13 08:23:32,019,FBN1_016_712_75,1,0.002,14,0.998,0.3312,21.47
2026-06-13 08:33:35,019,FBN1_016_712_75,1,0.002,14,0.998,0.3312,21.46
2026-06-13 08:43:38,019,FBN1_016_712_75,0,0.0,15,1.0,0.3312,21.44
2026-06-13 08:53:41,019,FBN1_016_712_75,2,0.003,14,0.996,0.3312,21.43
2026-06-13 09:03:44,019,FBN1_016_712_75,0,0.0,15,1.0,0.3312,21.43
2026-06-13 09:13:47,019,FBN1_016_712_75,0,0.0,15,1.0,0.3312,21.42
2026-06-13 09:23:50,019,FBN1_016_712_75,3,0.005,14,0.995,0.342,21.42
2026-06-13 09:33:52,019,FBN1_016_712_75,1,0.002,14,0.998,0.3312,21.41
2026-06-13 09:43:55,019,FBN1_016_712_75,1,0.002,14,0.998,0.3492,21.41
2026-06-13 09:53:58,019,FBN1_016_712_75,1,0.002,14,0.998,0.3564,21.42
2026-06-13 10:04:01,019,FBN1_016_712_75,0,0.0,15,1.0,0.3312,21.42
2026-06-13 10:14:03,019,FBN1_016_712_75,1,0.002,14,0.998,0.3312,21.39
2026-06-13 10:24:07,019,FBN1_016_712_75,17,0.028,13,0.968,0.3312,21.39
2026-06-13 10:34:09,019,FBN1_016_712_75,0,0.0,15,1.0,0.3456,21.42
2026-06-13 10:44:12,019,FBN1_016_712_75,2,0.003,14,0.996,0.3672,21.42
2026-06-13 10:54:12,019,FBN1_016_712_75,1,0.002,14,0.998,0.3672,21.42
2026-06-13 11:04:15,019,FBN1_016_712_75,0,0.0,15,1.0,0.3456,21.39
2026-06-13 11:14:18,019,FBN1_016_712_75,3,0.005,13,0.994,0.3456,21.39
2026-06-13 11:24:20,019,FBN1_016_712_75,0,0.0,15,1.0,0.3456,21.39
2026-06-13 11:34:23,019,FBN1_016_712_75,2,0.003,14,0.996,0.3672,21.37
2026-06-13 11:44:59,019,FBN1_016_712_75,24,0.04,12,0.952,0.3744,21.46
2026-06-13 11:55:02,019,FBN1_016_712_75,1,0.002,14,0.998,0.36,21.42
2026-06-13 12:05:05,019,FBN1_016_712_75,0,0.0,15,1.0,0.3456,21.35
2026-06-13 12:15:08,019,FBN1_016_712_75,1,0.002,14,0.998,0.3492,21.3
2026-06-13 12:25:10,019,FBN1_016_712_75,0,0.0,15,1.0,0.3492,21.25
2026-06-13 12:35:13,019,FBN1_016_712_75,1,0.002,14,0.998,0.3456,21.24
2026-06-13 12:45:16,019,FBN1_016_712_75,0,0.0,15,1.0,0.3492,21.24
2026-06-13 12:55:19,019,FBN1_016_712_75,1,0.002,14,0.998,0.3456,21.24
2026-06-13 13:05:22,019,FBN1_016_712_75,0,0.0,15,1.0,0.3492,21.27
2026-06-13 13:15:24,019,FBN1_016_712_75,13,0.022,13,0.976,0.3312,21.32
2026-06-13 13:25:28,019,FBN1_016_712_75,0,0.0,15,1.0,0.3384,21.34
2026-06-13 13:35:30,019,FBN1_016_712_75,0,0.0,15,1.0,0.342,21.35
2026-06-13 13:45:33,019,FBN1_016_712_75,1,0.002,14,0.998,0.3384,21.35
2026-06-13 13:55:36,019,FBN1_016_712_75,0,0.0,15,1.0,0.342,21.34
2026-06-13 14:05:38,019,FBN1_016_712_75,0,0.0,15,1.0,0.3384,21.33
2026-06-13 14:15:41,019,FBN1_016_712_75,0,0.0,15,1.0,0.342,21.32
2026-06-13 14:25:44,019,FBN1_016_712_75,0,0.0,15,1.0,0.3384,21.32
2026-06-13 14:35:47,019,FBN1_016_712_75,0,0.0,15,1.0,0.3384,21.32
2026-06-13 14:45:49,019,FBN1_016_712_75,0,0.0,15,1.0,0.342,21.31
2026-06-13 14:55:51,019,FBN1_016_712_75,0,0.0,15,1.0,0.3384,21.29
2026-06-13 15:05:54,019,FBN1_016_712_75,0,0.0,15,1.0,0.3384,21.3
2026-06-13 15:15:57,019,FBN1_016_712_75,0,0.0,15,1.0,0.3384,21.3
2026-06-13 15:25:59,019,FBN1_016_712_75,7,0.012,14,0.988,0.3096,21.33
2026-06-13 15:36:02,019,FBN1_016_712_75,42,0.07,12,0.92,0.3384,21.39
2026-06-13 15:46:45,019,FBN1_016_712_75,1,0.002,14,0.998,0.3492,21.48
2026-06-13 15:56:47,019,FBN1_016_712_75,2,0.003,13,0.996,0.3384,21.45
2026-06-13 16:06:50,019,FBN1_016_712_75,2,0.003,14,0.996,0.3384,21.42
2026-06-13 16:16:53,019,FBN1_016_712_75,1,0.002,14,0.998,0.3384,21.42
2026-06-13 16:26:56,019,FBN1_016_712_75,1,0.002,14,0.998,0.3492,21.39
2026-06-13 16:36:58,019,FBN1_016_712_75,1,0.002,14,0.998,0.3492,21.39
2026-06-13 16:47:01,019,FBN1_016_712_75,0,0.0,15,1.0,0.3384,21.38
2026-06-13 16:57:04,019,FBN1_016_712_75,14,0.023,14,0.976,0.3384,21.42
2026-06-13 17:07:06,019,FBN1_016_712_75,17,0.028,13,0.968,0.3384,21.46
2026-06-13 17:17:09,019,FBN1_016_712_75,1,0.002,14,0.998,0.3384,21.44
2026-06-13 17:27:12,019,FBN1_016_712_75,0,0.0,15,1.0,0.3384,21.43
2026-06-13 17:37:15,019,FBN1_016_712_75,54,0.09,11,0.891,0.3636,21.49
2026-06-13 17:47:18,019,FBN1_016_712_75,0,0.0,15,1.0,0.3672,21.52
2026-06-13 17:57:20,019,FBN1_016_712_75,1,0.002,14,0.998,0.36,21.52
2026-06-13 18:07:23,019,FBN1_016_712_75,84,0.14,9,0.811,0.0,21.6
2026-06-13 18:17:26,019,FBN1_016_712_75,123,0.205,7,0.695,0.0,21.69
2026-06-13 18:27:29,019,FBN1_016_712_75,248,0.413,1,0.139,0.0,21.8
2026-06-13 18:37:32,019,FBN1_016_712_75,188,0.312,5,0.515,0.0,21.88
2026-06-13 18:47:35,019,FBN1_016_712_75,158,0.263,4,0.503,0.0,21.86
2026-06-13 18:57:38,019,FBN1_016_712_75,98,0.163,8,0.766,0.0,21.86
2026-06-13 19:07:40,019,FBN1_016_712_75,175,0.291,7,0.615,0.0,21.93
2026-06-13 19:17:42,019,FBN1_016_712_75,42,0.07,12,0.92,0.0,21.89
2026-06-13 19:27:44,019,FBN1_016_712_75,199,0.332,4,0.446,0.0,21.94
2026-06-13 19:37:47,019,FBN1_016_712_75,118,0.196,9,0.753,0.0,21.98
2026-06-13 19:48:34,019,FBN1_016_712_75,89,0.149,7,0.759,0.0,22.06
2026-06-13 19:58:37,019,FBN1_016_712_75,125,0.208,8,0.719,0.0,22.06
2026-06-13 20:08:40,019,FBN1_016_712_75,71,0.118,6,0.772,0.0,21.99
2026-06-13 20:18:43,019,FBN1_016_712_75,0,0.0,15,1.0,0.0,21.92
2026-06-13 20:28:46,019,FBN1_016_712_75,0,0.0,15,1.0,0.0,21.87
2026-06-13 20:38:49,019,FBN1_016_712_75,0,0.0,15,1.0,0.0,21.81
2026-06-13 20:48:52,019,FBN1_016_712_75,10,0.017,10,0.976,0.0,21.79
2026-06-13 20:58:55,019,FBN1_016_712_75,199,0.331,5,0.501,0.0,21.88
2026-06-13 21:08:54,019,FBN1_016_712_75,194,0.325,5,0.508,0.0,22.0
2026-06-13 21:18:57,019,FBN1_016_712_75,219,0.364,3,0.354,0.0,22.06
2026-06-13 21:28:59,019,FBN1_016_712_75,118,0.196,7,0.704,0.0,22.01
2026-06-13 21:39:02,019,FBN1_016_712_75,75,0.125,9,0.828,0.0,21.93
2026-06-13 21:49:02,019,FBN1_016_712_75,216,0.361,2,0.27,0.0,21.92
2026-06-13 21:59:05,019,FBN1_016_712_75,180,0.3,4,0.471,0.0,21.97
2026-06-13 22:09:08,019,FBN1_016_712_75,178,0.296,5,0.529,0.0,22.01
2026-06-13 22:19:10,019,FBN1_016_712_75,184,0.306,5,0.521,0.0,21.97
2026-06-13 22:29:12,019,FBN1_016_712_75,143,0.238,6,0.627,0.0,21.96
2026-06-13 22:39:15,019,FBN1_016_712_75,25,0.042,10,0.941,0.0,21.89
2026-06-13 22:49:18,019,FBN1_016_712_75,267,0.444,1,0.13,0.0,21.93
2026-06-13 22:59:21,019,FBN1_016_712_75,285,0.474,0,0.0,0.0,22.05
2026-06-13 23:09:23,019,FBN1_016_712_75,180,0.3,4,0.471,0.0,22.1
2026-06-13 23:19:26,019,FBN1_016_712_75,129,0.215,6,0.65,0.0,22.04
2026-06-13 23:29:29,019,FBN1_016_712_75,113,0.188,8,0.739,0.0,21.96
2026-06-13 23:39:32,019,FBN1_016_712_75,211,0.351,3,0.363,0.0,22.0
2026-06-13 23:50:16,019,FBN1_016_712_75,78,0.131,6,0.755,0.0,22.07
2026-06-14 00:00:20,019,FBN1_016_712_75,141,0.235,8,0.694,0.0,21.99
2026-06-14 00:10:22,019,FBN1_016_712_75,132,0.22,6,0.645,0.0,21.93
2026-06-14 00:20:25,019,FBN1_016_712_75,277,0.462,1,0.126,0.0,21.96
2026-06-14 00:30:28,019,FBN1_016_712_75,190,0.316,2,0.296,0.0,22.02
2026-06-14 00:40:31,019,FBN1_016_712_75,140,0.233,5,0.588,0.0,21.97
2026-06-14 00:50:33,019,FBN1_016_712_75,208,0.346,4,0.435,0.0,22.07
2026-06-14 01:00:36,019,FBN1_016_712_75,134,0.223,8,0.705,0.0,22.02
2026-06-14 01:10:38,019,FBN1_016_712_75,0,0.0,15,1.0,0.0,21.88
2026-06-14 01:20:41,019,FBN1_016_712_75,3,0.005,12,0.994,0.0,21.8
2026-06-14 01:30:44,019,FBN1_016_712_75,1,0.002,14,0.998,0.0,21.72
2026-06-14 01:40:47,019,FBN1_016_712_75,153,0.254,6,0.611,0.0,21.76
2026-06-14 01:50:50,019,FBN1_016_712_75,196,0.326,3,0.38,0.0,21.83
2026-06-14 02:00:53,019,FBN1_016_712_75,314,0.523,2,0.203,0.0,22.15
2026-06-14 02:10:56,019,FBN1_016_712_75,191,0.318,6,0.557,0.0,22.06
2026-06-14 02:20:59,019,FBN1_016_712_75,157,0.261,6,0.605,0.0,22.02
2026-06-14 02:31:02,019,FBN1_016_712_75,225,0.374,6,0.516,0.0,21.98
2026-06-14 02:41:05,019,FBN1_016_712_75,197,0.328,1,0.169,0.0,22.01
2026-06-14 02:51:08,019,FBN1_016_712_75,128,0.213,9,0.738,0.0,21.92
2026-06-14 03:01:11,019,FBN1_016_712_75,163,0.271,6,0.596,0.0,21.87
2026-06-14 03:11:13,019,FBN1_016_712_75,100,0.166,7,0.737,0.0,21.85
2026-06-14 03:21:16,019,FBN1_016_712_75,17,0.028,13,0.968,0.0,21.74
2026-06-14 03:31:19,019,FBN1_016_712_75,69,0.115,12,0.874,0.0,21.71
2026-06-14 03:41:21,019,FBN1_016_712_75,3,0.005,13,0.994,0.0,21.61
2026-06-14 03:52:03,019,FBN1_016_712_75,0,0.0,14,1.0,0.0,21.62
2026-06-14 04:02:06,019,FBN1_016_712_75,61,0.102,10,0.868,0.0,21.55
2026-06-14 04:12:08,019,FBN1_016_712_75,140,0.233,8,0.696,0.0,21.6
2026-06-14 04:22:11,019,FBN1_016_712_75,172,0.287,6,0.583,0.0,21.71
2026-06-14 04:32:14,019,FBN1_016_712_75,108,0.18,7,0.722,0.0,21.71
2026-06-14 04:42:16,019,FBN1_016_712_75,229,0.382,3,0.344,0.0,21.73
2026-06-14 04:52:18,019,FBN1_016_712_75,129,0.215,7,0.685,0.0,21.75
2026-06-14 05:02:21,019,FBN1_016_712_75,64,0.106,11,0.873,0.0,21.69
2026-06-14 05:12:24,019,FBN1_016_712_75,127,0.212,9,0.739,0.0,21.7
2026-06-14 05:22:26,019,FBN1_016_712_75,114,0.19,5,0.637,0.0,21.68
2026-06-14 05:32:28,019,FBN1_016_712_75,11,0.018,14,0.981,0.0,21.62
2026-06-14 05:42:31,019,FBN1_016_712_75,2,0.003,14,0.996,0.0,21.57
2026-06-14 05:52:34,019,FBN1_016_712_75,3,0.005,13,0.994,0.0,21.53
2026-06-14 06:02:37,019,FBN1_016_712_75,49,0.082,10,0.891,0.3888,21.51
2026-06-14 06:12:39,019,FBN1_016_712_75,25,0.042,10,0.941,0.3672,21.49
2026-06-14 06:22:42,019,FBN1_016_712_75,2,0.003,13,0.996,0.3708,21.46
2026-06-14 06:32:45,019,FBN1_016_712_75,0,0.0,15,1.0,0.36,21.42
2026-06-14 06:42:48,019,FBN1_016_712_75,1,0.002,14,0.998,0.3636,21.39
2026-06-14 06:52:51,019,FBN1_016_712_75,1,0.002,14,0.998,0.36,21.37
2026-06-14 07:02:54,019,FBN1_016_712_75,2,0.003,14,0.996,0.3636,21.36
2026-06-14 07:12:57,019,FBN1_016_712_75,2,0.003,14,0.996,0.3636,21.34
2026-06-14 07:23:00,019,FBN1_016_712_75,0,0.0,15,1.0,0.3636,21.33
2026-06-14 07:33:02,019,FBN1_016_712_75,0,0.0,15,1.0,0.3636,21.32
2026-06-14 07:43:05,019,FBN1_016_712_75,0,0.0,15,1.0,0.3528,21.3
2026-06-14 07:53:35,019,FBN1_016_712_75,3,0.005,13,0.994,0.3528,21.36
2026-06-14 08:03:37,019,FBN1_016_712_75,0,0.0,15,1.0,0.3528,21.34
2026-06-14 08:13:40,019,FBN1_016_712_75,13,0.022,12,0.974,0.3528,21.33
2026-06-14 08:23:43,019,FBN1_016_712_75,1,0.002,14,0.998,0.3528,21.32
2026-06-14 08:33:46,019,FBN1_016_712_75,4,0.007,12,0.992,0.3564,21.32
2026-06-14 08:43:49,019,FBN1_016_712_75,3,0.005,13,0.994,0.36,21.32
2026-06-14 08:53:52,019,FBN1_016_712_75,0,0.0,15,1.0,0.3528,21.31
2026-06-14 09:03:55,019,FBN1_016_712_75,1,0.002,14,0.998,0.3456,21.3
2026-06-14 09:13:58,019,FBN1_016_712_75,0,0.0,15,1.0,0.3456,21.3
2026-06-14 09:24:01,019,FBN1_016_712_75,1,0.002,14,0.998,0.3528,21.3
2026-06-14 09:34:04,019,FBN1_016_712_75,0,0.0,15,1.0,0.3528,21.28
2026-06-14 09:44:06,019,FBN1_016_712_75,1,0.002,14,0.998,0.3744,21.29
2026-06-14 09:54:08,019,FBN1_016_712_75,2,0.003,14,0.996,0.3744,21.3
2026-06-14 10:04:11,019,FBN1_016_712_75,2,0.003,14,0.996,0.3636,21.31
2026-06-14 10:14:14,019,FBN1_016_712_75,0,0.0,15,1.0,0.3528,21.32
2026-06-14 10:24:17,019,FBN1_016_712_75,18,0.03,14,0.969,0.3528,21.35
2026-06-14 10:34:19,019,FBN1_016_712_75,27,0.045,11,0.942,0.3456,21.38
2026-06-14 10:44:22,019,FBN1_016_712_75,93,0.155,8,0.775,0.3744,21.45
2026-06-14 10:54:24,019,FBN1_016_712_75,44,0.073,9,0.891,0.3132,21.46
2026-06-14 11:04:27,019,FBN1_016_712_75,3,0.005,13,0.994,0.3096,21.46
2026-06-14 11:14:30,019,FBN1_016_712_75,0,0.0,15,1.0,0.3168,21.44
2026-06-14 11:24:33,019,FBN1_016_712_75,0,0.0,15,1.0,0.3168,21.42
2026-06-14 11:34:36,019,FBN1_016_712_75,1,0.002,14,0.998,0.3312,21.38
2026-06-14 11:44:38,019,FBN1_016_712_75,0,0.0,15,1.0,0.3312,21.36
2026-06-14 11:55:11,019,FBN1_016_712_75,0,0.0,14,1.0,0.3168,21.41
2026-06-14 12:05:14,019,FBN1_016_712_75,0,0.0,15,1.0,0.3204,21.37
2026-06-14 12:15:16,019,FBN1_016_712_75,1,0.002,14,0.998,0.3204,21.36
2026-06-14 12:25:20,019,FBN1_016_712_75,0,0.0,15,1.0,0.3168,21.34
2026-06-14 12:35:23,019,FBN1_016_712_75,1,0.002,14,0.998,0.3168,21.33
2026-06-14 12:45:26,019,FBN1_016_712_75,0,0.0,15,1.0,0.3168,21.33
2026-06-14 12:55:29,019,FBN1_016_712_75,0,0.0,15,1.0,0.3168,21.33
2026-06-14 13:05:31,019,FBN1_016_712_75,0,0.0,15,1.0,0.3276,21.34
2026-06-14 13:15:34,019,FBN1_016_712_75,0,0.0,15,1.0,0.324,21.34
2026-06-14 13:25:37,019,FBN1_016_712_75,0,0.0,15,1.0,0.324,21.35
2026-06-14 13:35:40,019,FBN1_016_712_75,1,0.002,14,0.998,0.324,21.35
2026-06-14 13:45:43,019,FBN1_016_712_75,0,0.0,15,1.0,0.324,21.35
2026-06-14 13:55:46,019,FBN1_016_712_75,1,0.002,14,0.998,0.324,21.34
2026-06-14 14:05:49,019,FBN1_016_712_75,0,0.0,15,1.0,0.3312,21.35
2026-06-14 14:15:52,019,FBN1_016_712_75,1,0.002,14,0.998,0.2448,21.36
2026-06-14 14:25:54,019,FBN1_016_712_75,13,0.022,14,0.977,0.324,21.38
2026-06-14 14:35:57,019,FBN1_016_712_75,31,0.052,13,0.944,0.3744,21.43
2026-06-14 14:46:00,019,FBN1_016_712_75,1,0.002,14,0.998,0.3672,21.43
2026-06-14 14:56:02,019,FBN1_016_712_75,2,0.003,14,0.996,0.3672,21.42
2026-06-14 15:06:06,019,FBN1_016_712_75,0,0.0,15,1.0,0.3708,21.41
2026-06-14 15:16:09,019,FBN1_016_712_75,2,0.003,14,0.996,0.3672,21.41
2026-06-14 15:26:12,019,FBN1_016_712_75,2,0.003,14,0.996,0.3672,21.39
2026-06-14 15:36:15,019,FBN1_016_712_75,1,0.002,14,0.998,0.3672,21.38
2026-06-14 15:46:17,019,FBN1_016_712_75,2,0.003,13,0.996,0.3672,21.38
2026-06-14 15:56:56,019,FBN1_016_712_75,0,0.0,14,1.0,0.3672,21.47
2026-06-14 16:06:59,019,FBN1_016_712_75,4,0.007,14,0.993,0.3672,21.43
2026-06-14 16:17:02,019,FBN1_016_712_75,1,0.002,14,0.998,0.3708,21.42
2026-06-14 16:27:04,019,FBN1_016_712_75,0,0.0,15,1.0,0.3672,21.42
2026-06-14 16:37:07,019,FBN1_016_712_75,0,0.0,15,1.0,0.3672,21.42
2026-06-14 16:47:10,019,FBN1_016_712_75,21,0.035,13,0.961,0.3564,21.45
2026-06-14 16:57:13,019,FBN1_016_712_75,7,0.012,14,0.988,0.3528,21.47
2026-06-14 17:07:15,019,FBN1_016_712_75,0,0.0,15,1.0,0.3528,21.47
2026-06-14 17:17:18,019,FBN1_016_712_75,1,0.002,14,0.998,0.3528,21.47
2026-06-14 17:27:21,019,FBN1_016_712_75,0,0.0,15,1.0,0.3636,21.46
2026-06-14 17:37:24,019,FBN1_016_712_75,3,0.005,12,0.994,0.3528,21.45
2026-06-14 17:47:27,019,FBN1_016_712_75,22,0.037,12,0.956,0.3384,21.48
2026-06-14 17:57:30,019,FBN1_016_712_75,21,0.035,12,0.958,0.396,21.53
2026-06-14 18:07:33,019,FBN1_016_712_75,0,0.0,15,1.0,0.0,21.54
2026-06-14 18:17:36,019,FBN1_016_712_75,1,0.002,14,0.998,0.0,21.56
2026-06-14 18:27:39,019,FBN1_016_712_75,109,0.182,6,0.688,0.0,21.62
2026-06-14 18:37:42,019,FBN1_016_712_75,104,0.173,9,0.776,0.0,21.7
2026-06-14 18:47:45,019,FBN1_016_712_75,209,0.348,3,0.365,0.0,21.86
2026-06-14 18:57:47,019,FBN1_016_712_75,111,0.185,6,0.684,0.0,21.9
2026-06-14 19:07:51,019,FBN1_016_712_75,209,0.348,3,0.365,0.0,21.93
2026-06-14 19:17:53,019,FBN1_016_712_75,67,0.112,9,0.843,0.0,21.92
2026-06-14 19:27:56,019,FBN1_016_712_75,122,0.203,7,0.697,0.0,21.99
2026-06-14 19:37:58,019,FBN1_016_712_75,200,0.333,2,0.286,0.0,22.11
2026-06-14 19:48:01,019,FBN1_016_712_75,129,0.215,3,0.482,0.0,22.07
2026-06-14 19:58:38,019,FBN1_016_712_75,167,0.28,5,0.545,0.0,22.14
2026-06-14 20:08:42,019,FBN1_016_712_75,48,0.08,10,0.893,0.0,22.05
2026-06-14 20:18:45,019,FBN1_016_712_75,0,0.0,15,1.0,0.0,21.97
2026-06-14 20:28:48,019,FBN1_016_712_75,0,0.0,15,1.0,0.0,21.9
2026-06-14 20:38:51,019,FBN1_016_712_75,0,0.0,15,1.0,0.0,21.86
2026-06-14 20:48:54,019,FBN1_016_712_75,3,0.005,14,0.995,0.0,21.83
2026-06-14 20:58:57,019,FBN1_016_712_75,3,0.005,13,0.994,0.0,21.81
2026-06-14 21:08:59,019,FBN1_016_712_75,6,0.01,13,0.989,0.0,21.81
2026-06-14 21:19:01,019,FBN1_016_712_75,184,0.306,4,0.465,0.0,21.9
2026-06-14 21:29:04,019,FBN1_016_712_75,130,0.216,7,0.683,0.0,21.97
2026-06-14 21:39:08,019,FBN1_016_712_75,129,0.215,8,0.713,0.0,22.01
2026-06-14 21:49:11,019,FBN1_016_712_75,347,0.576,1,0.103,0.0,22.11
2026-06-14 21:59:13,019,FBN1_016_712_75,199,0.331,4,0.446,0.0,22.13
2026-06-14 22:09:16,019,FBN1_016_712_75,90,0.15,9,0.8,0.0,22.07
2026-06-14 22:19:19,019,FBN1_016_712_75,231,0.384,3,0.342,0.0,22.16
2026-06-14 22:29:22,019,FBN1_016_712_75,146,0.243,6,0.622,0.0,22.14
2026-06-14 22:39:24,019,FBN1_016_712_75,182,0.303,5,0.524,0.0,22.2
2026-06-14 22:49:28,019,FBN1_016_712_75,84,0.14,5,0.704,0.0,22.12
2026-06-14 22:59:30,019,FBN1_016_712_75,64,0.106,10,0.862,0.0,22.09
2026-06-14 23:09:33,019,FBN1_016_712_75,156,0.26,7,0.642,0.0,22.08
2026-06-14 23:19:36,019,FBN1_016_712_75,156,0.26,6,0.606,0.0,22.1
2026-06-14 23:29:38,019,FBN1_016_712_75,90,0.15,4,0.64,0.0,22.07
2026-06-14 23:39:41,019,FBN1_016_712_75,162,0.27,5,0.552,0.0,22.02
2026-06-14 23:49:44,019,FBN1_016_712_75,98,0.163,7,0.741,0.0,22.04
2026-06-13 00:06:43,043,FBN1_016_713_5,117,0.195,8,0.732,0.0,21.05
2026-06-13 00:16:46,043,FBN1_016_713_5,355,0.591,0,0.0,0.0,21.05
2026-06-13 00:26:49,043,FBN1_016_713_5,324,0.539,1,0.11,0.0,21.06
2026-06-13 00:36:52,043,FBN1_016_713_5,280,0.465,2,0.222,0.0,21.06
2026-06-13 00:46:56,043,FBN1_016_713_5,47,0.078,11,0.903,0.0,21.01
2026-06-13 00:56:59,043,FBN1_016_713_5,266,0.443,2,0.231,0.0,21.05
2026-06-13 01:07:01,043,FBN1_016_713_5,239,0.398,4,0.401,0.0,21.06
2026-06-13 01:17:04,043,FBN1_016_713_5,173,0.288,6,0.581,0.0,21.04
2026-06-13 01:27:07,043,FBN1_016_713_5,317,0.527,1,0.112,0.0,21.05
2026-06-13 01:37:10,043,FBN1_016_713_5,281,0.467,2,0.222,0.0,21.01
2026-06-13 01:47:14,043,FBN1_016_713_5,96,0.16,9,0.789,0.0,20.97
2026-06-13 01:57:17,043,FBN1_016_713_5,4,0.007,14,0.993,0.0,20.94
2026-06-13 02:07:20,043,FBN1_016_713_5,1,0.002,14,0.998,0.0,20.91
2026-06-13 02:17:24,043,FBN1_016_713_5,0,0.0,14,1.0,0.0,20.89
2026-06-13 02:27:27,043,FBN1_016_713_5,5,0.008,13,0.99,0.0,20.86
2026-06-13 02:37:31,043,FBN1_016_713_5,7,0.012,12,0.986,0.0,20.83
2026-06-13 02:47:35,043,FBN1_016_713_5,7,0.012,13,0.987,0.0,20.8
2026-06-13 02:57:39,043,FBN1_016_713_5,4,0.007,12,0.992,0.0,20.79
2026-06-13 03:07:43,043,FBN1_016_713_5,4,0.007,12,0.992,0.0,20.79
2026-06-13 03:17:47,043,FBN1_016_713_5,81,0.135,6,0.748,0.0,20.82
2026-06-13 03:27:51,043,FBN1_016_713_5,54,0.09,8,0.856,0.0,20.84
2026-06-13 03:37:54,043,FBN1_016_713_5,179,0.297,1,0.183,0.0,20.89
2026-06-13 03:47:57,043,FBN1_016_713_5,333,0.553,1,0.107,0.0,20.95
2026-06-13 03:58:24,043,FBN1_016_713_5,290,0.483,2,0.216,0.0,21.07
2026-06-13 04:08:28,043,FBN1_016_713_5,224,0.372,3,0.349,0.0,21.05
2026-06-13 04:18:31,043,FBN1_016_713_5,78,0.13,10,0.837,0.0,21.01
2026-06-13 04:28:34,043,FBN1_016_713_5,254,0.422,0,0.0,0.0,21.0
2026-06-13 04:38:37,043,FBN1_016_713_5,168,0.28,2,0.323,0.0,20.98
2026-06-13 04:48:41,043,FBN1_016_713_5,163,0.271,4,0.495,0.0,21.0
2026-06-13 04:58:44,043,FBN1_016_713_5,132,0.219,6,0.645,0.0,20.96
2026-06-13 05:08:47,043,FBN1_016_713_5,200,0.332,1,0.167,0.0,20.93
2026-06-13 05:18:50,043,FBN1_016_713_5,91,0.151,8,0.779,0.0,20.89
2026-06-13 05:28:54,043,FBN1_016_713_5,3,0.005,13,0.994,0.0,20.84
2026-06-13 05:38:57,043,FBN1_016_713_5,93,0.155,9,0.795,0.0,20.83
2026-06-13 05:49:01,043,FBN1_016_713_5,175,0.291,4,0.478,0.0,20.83
2026-06-13 05:59:04,043,FBN1_016_713_5,60,0.1,10,0.87,0.0,20.84
2026-06-13 06:09:07,043,FBN1_016_713_5,4,0.007,13,0.992,0.1944,20.82
2026-06-13 06:19:11,043,FBN1_016_713_5,0,0.0,14,1.0,0.198,20.8
2026-06-13 06:29:13,043,FBN1_016_713_5,0,0.0,14,1.0,0.1872,20.76
2026-06-13 06:39:17,043,FBN1_016_713_5,0,0.0,14,1.0,0.1872,20.75
2026-06-13 06:49:20,043,FBN1_016_713_5,1,0.002,14,0.998,0.1872,20.73
2026-06-13 06:59:23,043,FBN1_016_713_5,5,0.008,11,0.989,0.1872,20.71
2026-06-13 07:09:27,043,FBN1_016_713_5,2,0.003,14,0.996,0.1872,20.69
2026-06-13 07:19:31,043,FBN1_016_713_5,1,0.002,14,0.998,0.1944,20.7
2026-06-13 07:29:35,043,FBN1_016_713_5,1,0.002,14,0.998,0.1872,20.68
2026-06-13 07:39:39,043,FBN1_016_713_5,3,0.005,14,0.995,0.1872,20.69
2026-06-13 07:49:43,043,FBN1_016_713_5,8,0.013,10,0.98,0.1872,20.69
2026-06-13 08:00:01,043,FBN1_016_713_5,33,0.055,11,0.93,0.18,20.75
2026-06-13 08:10:04,043,FBN1_016_713_5,2,0.003,13,0.996,0.18,20.76
2026-06-13 08:20:07,043,FBN1_016_713_5,4,0.007,12,0.992,0.18,20.75
2026-06-13 08:30:11,043,FBN1_016_713_5,2,0.003,13,0.996,0.18,20.75
2026-06-13 08:40:15,043,FBN1_016_713_5,3,0.005,14,0.995,0.18,20.73
2026-06-13 08:50:18,043,FBN1_016_713_5,2,0.003,13,0.996,0.18,20.71
2026-06-13 09:00:19,043,FBN1_016_713_5,2,0.003,14,0.996,0.18,20.72
2026-06-13 09:10:22,043,FBN1_016_713_5,2,0.003,14,0.996,0.18,20.71
2026-06-13 09:20:26,043,FBN1_016_713_5,3,0.005,14,0.995,0.18,20.71
2026-06-13 09:30:30,043,FBN1_016_713_5,1,0.002,14,0.998,0.18,20.71
2026-06-13 09:40:32,043,FBN1_016_713_5,3,0.005,13,0.994,0.2124,20.72
2026-06-13 09:50:35,043,FBN1_016_713_5,3,0.005,13,0.994,0.2016,20.72
2026-06-13 10:00:39,043,FBN1_016_713_5,1,0.002,14,0.998,0.2016,20.74
2026-06-13 10:10:43,043,FBN1_016_713_5,27,0.045,12,0.947,0.1692,20.75
2026-06-13 10:20:46,043,FBN1_016_713_5,1,0.002,14,0.998,0.1692,20.76
2026-06-13 10:30:49,043,FBN1_016_713_5,1,0.002,14,0.998,0.1692,20.75
2026-06-13 10:40:53,043,FBN1_016_713_5,4,0.007,13,0.992,0.1908,20.74
2026-06-13 10:50:56,043,FBN1_016_713_5,8,0.013,12,0.984,0.1908,20.73
2026-06-13 11:01:00,043,FBN1_016_713_5,3,0.005,13,0.994,0.1584,20.72
2026-06-13 11:11:04,043,FBN1_016_713_5,2,0.003,13,0.996,0.1692,20.71
2026-06-13 11:21:07,043,FBN1_016_713_5,2,0.003,13,0.996,0.1692,20.71
2026-06-13 11:31:11,043,FBN1_016_713_5,4,0.007,13,0.992,0.1908,20.68
2026-06-13 11:41:14,043,FBN1_016_713_5,1,0.002,14,0.998,0.1908,20.68
2026-06-13 11:51:18,043,FBN1_016_713_5,5,0.008,14,0.991,0.18,20.67
2026-06-13 12:01:40,043,FBN1_016_713_5,0,0.0,14,1.0,0.1692,20.67
2026-06-13 12:11:41,043,FBN1_016_713_5,1,0.002,14,0.998,0.1692,20.64
2026-06-13 12:21:43,043,FBN1_016_713_5,50,0.083,8,0.865,0.1692,20.63
2026-06-13 12:31:47,043,FBN1_016_713_5,125,0.208,5,0.615,0.1728,20.65
2026-06-13 12:41:49,043,FBN1_016_713_5,42,0.07,9,0.896,0.1836,20.64
2026-06-13 12:51:52,043,FBN1_016_713_5,3,0.005,13,0.994,0.1836,20.6
2026-06-13 13:01:54,043,FBN1_016_713_5,3,0.005,13,0.994,0.1836,20.58
2026-06-13 13:11:59,043,FBN1_016_713_5,4,0.007,13,0.992,0.1836,20.58
2026-06-13 13:22:02,043,FBN1_016_713_5,6,0.01,13,0.989,0.1836,20.58
2026-06-13 13:32:05,043,FBN1_016_713_5,2,0.003,13,0.996,0.18,20.58
2026-06-13 13:42:08,043,FBN1_016_713_5,0,0.0,14,1.0,0.1836,20.57
2026-06-13 13:52:12,043,FBN1_016_713_5,3,0.005,14,0.995,0.1836,20.56
2026-06-13 14:02:15,043,FBN1_016_713_5,0,0.0,14,1.0,0.1836,20.55
2026-06-13 14:12:20,043,FBN1_016_713_5,4,0.007,12,0.992,0.18,20.54
2026-06-13 14:22:23,043,FBN1_016_713_5,3,0.005,14,0.995,0.1836,20.54
2026-06-13 14:32:26,043,FBN1_016_713_5,1,0.002,14,0.998,0.18,20.53
2026-06-13 14:42:30,043,FBN1_016_713_5,1,0.002,13,0.998,0.18,20.54
2026-06-13 14:52:34,043,FBN1_016_713_5,0,0.0,14,1.0,0.18,20.53
2026-06-13 15:02:37,043,FBN1_016_713_5,2,0.003,14,0.996,0.18,20.53
2026-06-13 15:12:41,043,FBN1_016_713_5,2,0.003,13,0.996,0.18,20.53
2026-06-13 15:22:45,043,FBN1_016_713_5,2,0.003,14,0.996,0.1836,20.53
2026-06-13 15:32:47,043,FBN1_016_713_5,2,0.003,14,0.996,0.18,20.56
2026-06-13 15:42:52,043,FBN1_016_713_5,4,0.007,14,0.993,0.1908,20.56
2026-06-13 15:52:55,043,FBN1_016_713_5,0,0.0,14,1.0,0.1908,20.56
2026-06-13 16:03:20,043,FBN1_016_713_5,1,0.002,14,0.998,0.1908,20.6
2026-06-13 16:13:23,043,FBN1_016_713_5,3,0.005,13,0.994,0.1908,20.58
2026-06-13 16:23:26,043,FBN1_016_713_5,1,0.002,14,0.998,0.1872,20.57
2026-06-13 16:33:29,043,FBN1_016_713_5,0,0.0,14,1.0,0.1908,20.56
2026-06-13 16:43:32,043,FBN1_016_713_5,2,0.003,13,0.996,0.1908,20.55
2026-06-13 16:53:37,043,FBN1_016_713_5,1,0.002,14,0.998,0.18,20.55
2026-06-13 17:03:39,043,FBN1_016_713_5,20,0.033,13,0.963,0.1908,20.57
2026-06-13 17:13:43,043,FBN1_016_713_5,2,0.003,13,0.996,0.1908,20.58
2026-06-13 17:23:47,043,FBN1_016_713_5,4,0.007,13,0.992,0.1908,20.57
2026-06-13 17:33:51,043,FBN1_016_713_5,3,0.005,12,0.994,0.18,20.58
2026-06-13 17:43:53,043,FBN1_016_713_5,4,0.007,12,0.992,0.18,20.57
2026-06-13 17:53:57,043,FBN1_016_713_5,46,0.077,9,0.887,0.18,20.6
2026-06-13 18:04:01,043,FBN1_016_713_5,235,0.39,5,0.46,0.0,20.74
2026-06-13 18:14:05,043,FBN1_016_713_5,333,0.552,1,0.107,0.0,20.84
2026-06-13 18:24:08,043,FBN1_016_713_5,345,0.573,1,0.104,0.0,20.87
2026-06-13 18:34:12,043,FBN1_016_713_5,248,0.413,5,0.446,0.0,20.88
2026-06-13 18:44:15,043,FBN1_016_713_5,388,0.645,0,0.0,0.0,20.9
2026-06-13 18:54:17,043,FBN1_016_713_5,189,0.315,5,0.514,0.0,20.91
2026-06-13 19:04:21,043,FBN1_016_713_5,334,0.555,2,0.193,0.0,20.91
2026-06-13 19:14:23,043,FBN1_016_713_5,431,0.717,0,0.0,0.0,20.95
2026-06-13 19:24:26,043,FBN1_016_713_5,125,0.208,7,0.691,0.0,20.92
2026-06-13 19:34:30,043,FBN1_016_713_5,379,0.63,0,0.0,0.0,21.01
2026-06-13 19:44:34,043,FBN1_016_713_5,247,0.41,0,0.0,0.0,21.06
2026-06-13 19:54:38,043,FBN1_016_713_5,265,0.44,4,0.376,0.0,21.07
2026-06-13 20:05:06,043,FBN1_016_713_5,258,0.43,3,0.317,0.0,21.08
2026-06-13 20:15:10,043,FBN1_016_713_5,264,0.439,1,0.132,0.0,21.02
2026-06-13 20:25:13,043,FBN1_016_713_5,118,0.196,9,0.753,0.0,20.97
2026-06-13 20:35:16,043,FBN1_016_713_5,389,0.647,0,0.0,0.0,20.99
2026-06-13 20:45:19,043,FBN1_016_713_5,311,0.517,3,0.278,0.0,21.05
2026-06-13 20:55:23,043,FBN1_016_713_5,231,0.384,2,0.257,0.0,21.01
2026-06-13 21:05:26,043,FBN1_016_713_5,32,0.053,10,0.926,0.0,20.99
2026-06-13 21:15:30,043,FBN1_016_713_5,12,0.02,11,0.973,0.0,20.94
2026-06-13 21:25:34,043,FBN1_016_713_5,141,0.235,5,0.587,0.0,20.91
2026-06-13 21:35:38,043,FBN1_016_713_5,330,0.548,1,0.108,0.0,20.95
2026-06-13 21:45:41,043,FBN1_016_713_5,125,0.208,8,0.719,0.0,20.96
2026-06-13 21:55:45,043,FBN1_016_713_5,305,0.507,1,0.116,0.0,20.93
2026-06-13 22:05:48,043,FBN1_016_713_5,344,0.572,0,0.0,0.0,20.93
2026-06-13 22:15:51,043,FBN1_016_713_5,191,0.318,2,0.295,0.0,20.92
2026-06-13 22:25:55,043,FBN1_016_713_5,300,0.498,2,0.211,0.0,20.9
2026-06-13 22:35:59,043,FBN1_016_713_5,176,0.292,6,0.577,0.0,20.91
2026-06-13 22:46:03,043,FBN1_016_713_5,305,0.507,3,0.282,0.0,20.99
2026-06-13 22:56:07,043,FBN1_016_713_5,125,0.208,7,0.691,0.0,20.95
2026-06-13 23:06:10,043,FBN1_016_713_5,229,0.38,1,0.149,0.0,20.93
2026-06-13 23:16:13,043,FBN1_016_713_5,221,0.368,4,0.42,0.0,20.9
2026-06-13 23:26:17,043,FBN1_016_713_5,296,0.492,1,0.119,0.0,20.92
2026-06-13 23:36:19,043,FBN1_016_713_5,69,0.115,6,0.777,0.0,20.89
2026-06-13 23:46:23,043,FBN1_016_713_5,335,0.557,2,0.193,0.0,20.91
2026-06-13 23:56:26,043,FBN1_016_713_5,108,0.18,7,0.722,0.0,20.91
2026-06-14 00:06:52,043,FBN1_016_713_5,279,0.466,0,0.0,0.0,20.95
2026-06-14 00:16:55,043,FBN1_016_713_5,125,0.208,8,0.719,0.0,20.9
2026-06-14 00:26:59,043,FBN1_016_713_5,171,0.285,5,0.539,0.0,20.9
2026-06-14 00:37:02,043,FBN1_016_713_5,239,0.398,1,0.143,0.0,20.87
2026-06-14 00:47:06,043,FBN1_016_713_5,181,0.3,1,0.181,0.0,20.87
2026-06-14 00:57:10,043,FBN1_016_713_5,109,0.181,5,0.647,0.0,20.84
2026-06-14 01:07:13,043,FBN1_016_713_5,146,0.243,4,0.523,0.0,20.91
2026-06-14 01:17:17,043,FBN1_016_713_5,234,0.389,2,0.255,0.0,20.89
2026-06-14 01:27:20,043,FBN1_016_713_5,2,0.003,13,0.996,0.0,20.83
2026-06-14 01:37:24,043,FBN1_016_713_5,0,0.0,14,1.0,0.0,20.76
2026-06-14 01:47:26,043,FBN1_016_713_5,0,0.0,14,1.0,0.0,20.71
2026-06-14 01:57:30,043,FBN1_016_713_5,2,0.003,14,0.996,0.0,20.67
2026-06-14 02:07:33,043,FBN1_016_713_5,4,0.007,13,0.992,0.0,20.65
2026-06-14 02:17:35,043,FBN1_016_713_5,3,0.005,13,0.994,0.0,20.62
2026-06-14 02:27:39,043,FBN1_016_713_5,5,0.008,13,0.99,0.0,20.6
2026-06-14 02:37:42,043,FBN1_016_713_5,3,0.005,14,0.995,0.0,20.59
2026-06-14 02:47:45,043,FBN1_016_713_5,1,0.002,14,0.998,0.0,20.58
2026-06-14 02:57:47,043,FBN1_016_713_5,43,0.072,12,0.918,0.0,20.59
2026-06-14 03:07:50,043,FBN1_016_713_5,150,0.25,2,0.348,0.0,20.66
2026-06-14 03:17:54,043,FBN1_016_713_5,30,0.05,9,0.923,0.0,20.67
2026-06-14 03:27:57,043,FBN1_016_713_5,260,0.433,3,0.316,0.0,20.76
2026-06-14 03:37:59,043,FBN1_016_713_5,166,0.276,9,0.684,0.0,20.79
2026-06-14 03:48:02,043,FBN1_016_713_5,213,0.354,1,0.158,0.0,20.81
2026-06-14 03:58:06,043,FBN1_016_713_5,207,0.344,2,0.279,0.0,20.82
2026-06-14 04:08:28,043,FBN1_016_713_5,81,0.135,9,0.816,0.0,20.88
2026-06-14 04:18:32,043,FBN1_016_713_5,257,0.428,1,0.135,0.0,20.87
2026-06-14 04:28:35,043,FBN1_016_713_5,279,0.464,3,0.301,0.0,20.86
2026-06-14 04:38:38,043,FBN1_016_713_5,75,0.125,10,0.842,0.0,20.86
2026-06-14 04:48:42,043,FBN1_016_713_5,202,0.336,5,0.498,0.0,20.84
2026-06-14 04:58:45,043,FBN1_016_713_5,198,0.329,3,0.377,0.0,20.83
2026-06-14 05:08:49,043,FBN1_016_713_5,95,0.158,6,0.716,0.0,20.82
2026-06-14 05:18:50,043,FBN1_016_713_5,182,0.303,5,0.524,0.0,20.81
2026-06-14 05:28:54,043,FBN1_016_713_5,98,0.163,5,0.671,0.0,20.8
2026-06-14 05:38:58,043,FBN1_016_713_5,143,0.238,2,0.359,0.0,20.78
2026-06-14 05:49:00,043,FBN1_016_713_5,100,0.166,5,0.667,0.0,20.78
2026-06-14 05:59:04,043,FBN1_016_713_5,177,0.295,2,0.311,0.0,20.81
2026-06-14 06:09:07,043,FBN1_016_713_5,154,0.256,2,0.342,0.1512,20.81
2026-06-14 06:19:11,043,FBN1_016_713_5,36,0.06,10,0.917,0.1332,20.77
2026-06-14 06:29:14,043,FBN1_016_713_5,104,0.173,7,0.729,0.1764,20.75
2026-06-14 06:39:17,043,FBN1_016_713_5,2,0.003,14,0.996,0.1764,20.71
2026-06-14 06:49:20,043,FBN1_016_713_5,3,0.005,12,0.994,0.1728,20.68
2026-06-14 06:59:23,043,FBN1_016_713_5,5,0.008,13,0.99,0.1728,20.64
2026-06-14 07:09:27,043,FBN1_016_713_5,4,0.007,14,0.993,0.1728,20.62
2026-06-14 07:19:30,043,FBN1_016_713_5,3,0.005,13,0.994,0.1764,20.59
2026-06-14 07:29:34,043,FBN1_016_713_5,1,0.002,14,0.998,0.1656,20.56
2026-06-14 07:39:36,043,FBN1_016_713_5,8,0.013,12,0.984,0.1764,20.55
2026-06-14 07:49:39,043,FBN1_016_713_5,3,0.005,13,0.994,0.1764,20.54
2026-06-14 07:59:43,043,FBN1_016_713_5,0,0.0,14,1.0,0.1656,20.54
2026-06-14 08:10:06,043,FBN1_016_713_5,1,0.002,14,0.998,0.1764,20.58
2026-06-14 08:20:09,043,FBN1_016_713_5,3,0.005,14,0.995,0.1764,20.56
2026-06-14 08:30:11,043,FBN1_016_713_5,2,0.003,14,0.996,0.1764,20.55
2026-06-14 08:40:13,043,FBN1_016_713_5,1,0.002,14,0.998,0.1656,20.55
2026-06-14 08:50:16,043,FBN1_016_713_5,1,0.002,14,0.998,0.1656,20.54
2026-06-14 09:00:20,043,FBN1_016_713_5,1,0.002,14,0.998,0.1764,20.53
2026-06-14 09:10:23,043,FBN1_016_713_5,0,0.0,14,1.0,0.1656,20.52
2026-06-14 09:20:27,043,FBN1_016_713_5,1,0.002,14,0.998,0.1764,20.52
2026-06-14 09:30:29,043,FBN1_016_713_5,1,0.002,14,0.998,0.1764,20.52
2026-06-14 09:40:33,043,FBN1_016_713_5,1,0.002,14,0.998,0.1872,20.52
2026-06-14 09:50:36,043,FBN1_016_713_5,1,0.002,14,0.998,0.1872,20.52
2026-06-14 10:00:39,043,FBN1_016_713_5,1,0.002,14,0.998,0.1656,20.52
2026-06-14 10:10:43,043,FBN1_016_713_5,0,0.0,14,1.0,0.1656,20.53
2026-06-14 10:20:47,043,FBN1_016_713_5,1,0.002,14,0.998,0.1728,20.53
2026-06-14 10:30:50,043,FBN1_016_713_5,5,0.008,13,0.99,0.1728,20.54
2026-06-14 10:40:54,043,FBN1_016_713_5,31,0.051,11,0.934,0.1512,20.56
2026-06-14 10:50:57,043,FBN1_016_713_5,79,0.131,8,0.802,0.1584,20.59
2026-06-14 11:01:00,043,FBN1_016_713_5,8,0.013,13,0.985,0.144,20.59
2026-06-14 11:11:04,043,FBN1_016_713_5,7,0.012,12,0.986,0.144,20.59
2026-06-14 11:21:07,043,FBN1_016_713_5,4,0.007,13,0.992,0.144,20.57
2026-06-14 11:31:11,043,FBN1_016_713_5,1,0.002,14,0.998,0.1656,20.56
2026-06-14 11:41:15,043,FBN1_016_713_5,2,0.003,13,0.996,0.1656,20.55
2026-06-14 11:51:17,043,FBN1_016_713_5,3,0.005,13,0.994,0.1548,20.54
2026-06-14 12:01:21,043,FBN1_016_713_5,1,0.002,13,0.998,0.144,20.54
2026-06-14 12:11:41,043,FBN1_016_713_5,0,0.0,14,1.0,0.144,20.58
2026-06-14 12:21:45,043,FBN1_016_713_5,2,0.003,14,0.996,0.144,20.56
2026-06-14 12:31:47,043,FBN1_016_713_5,3,0.005,14,0.995,0.1548,20.57
2026-06-14 12:41:51,043,FBN1_016_713_5,1,0.002,14,0.998,0.144,20.56
2026-06-14 12:51:52,043,FBN1_016_713_5,0,0.0,14,1.0,0.144,20.55
2026-06-14 13:01:56,043,FBN1_016_713_5,1,0.002,13,0.998,0.144,20.54
2026-06-14 13:12:00,043,FBN1_016_713_5,0,0.0,14,1.0,0.144,20.54
2026-06-14 13:22:03,043,FBN1_016_713_5,2,0.003,14,0.996,0.1548,20.55
2026-06-14 13:32:06,043,FBN1_016_713_5,44,0.073,11,0.909,0.0792,20.6
2026-06-14 13:42:11,043,FBN1_016_713_5,141,0.234,3,0.46,0.1512,20.66
2026-06-14 13:52:14,043,FBN1_016_713_5,0,0.0,14,1.0,0.1512,20.65
2026-06-14 14:02:18,043,FBN1_016_713_5,6,0.01,13,0.989,0.1512,20.64
2026-06-14 14:12:21,043,FBN1_016_713_5,5,0.008,11,0.989,0.1512,20.64
2026-06-14 14:22:24,043,FBN1_016_713_5,4,0.007,11,0.991,0.1512,20.62
2026-06-14 14:32:28,043,FBN1_016_713_5,4,0.007,12,0.992,0.1512,20.6
2026-06-14 14:42:32,043,FBN1_016_713_5,7,0.012,11,0.984,0.1512,20.59
2026-06-14 14:52:35,043,FBN1_016_713_5,1,0.002,14,0.998,0.1512,20.57
2026-06-14 15:02:39,043,FBN1_016_713_5,0,0.0,14,1.0,0.1512,20.56
2026-06-14 15:12:42,043,FBN1_016_713_5,2,0.003,14,0.996,0.1512,20.56
2026-06-14 15:22:45,043,FBN1_016_713_5,1,0.002,14,0.998,0.1512,20.56
2026-06-14 15:32:48,043,FBN1_016_713_5,5,0.008,12,0.99,0.1512,20.56
2026-06-14 15:42:51,043,FBN1_016_713_5,3,0.005,13,0.994,0.1512,20.56
2026-06-14 15:52:55,043,FBN1_016_713_5,38,0.063,10,0.913,0.1512,20.57
2026-06-14 16:02:57,043,FBN1_016_713_5,37,0.062,12,0.928,0.1512,20.64
2026-06-14 16:13:18,043,FBN1_016_713_5,2,0.003,14,0.996,0.1512,20.69
2026-06-14 16:23:21,043,FBN1_016_713_5,1,0.002,14,0.998,0.162,20.67
2026-06-14 16:33:24,043,FBN1_016_713_5,7,0.012,12,0.986,0.162,20.65
2026-06-14 16:43:28,043,FBN1_016_713_5,2,0.003,13,0.996,0.1512,20.64
2026-06-14 16:53:31,043,FBN1_016_713_5,2,0.003,13,0.996,0.1512,20.63
2026-06-14 17:03:35,043,FBN1_016_713_5,1,0.002,14,0.998,0.1512,20.63
2026-06-14 17:13:37,043,FBN1_016_713_5,1,0.002,14,0.998,0.1512,20.63
2026-06-14 17:23:41,043,FBN1_016_713_5,9,0.015,13,0.983,0.1512,20.65
2026-06-14 17:33:44,043,FBN1_016_713_5,48,0.08,8,0.87,0.1512,20.67
2026-06-14 17:43:48,043,FBN1_016_713_5,19,0.032,13,0.965,0.162,20.7
2026-06-14 17:53:51,043,FBN1_016_713_5,56,0.093,8,0.851,0.162,20.7
2026-06-14 18:03:55,043,FBN1_016_713_5,185,0.307,6,0.565,0.0,20.76
2026-06-14 18:13:57,043,FBN1_016_713_5,429,0.714,0,0.0,0.0,20.83
2026-06-14 18:24:00,043,FBN1_016_713_5,215,0.358,6,0.527,0.0,20.86
2026-06-14 18:34:04,043,FBN1_016_713_5,198,0.329,5,0.503,0.0,20.9
2026-06-14 18:44:07,043,FBN1_016_713_5,277,0.46,4,0.366,0.0,20.89
2026-06-14 18:54:11,043,FBN1_016_713_5,419,0.697,0,0.0,0.0,20.91
2026-06-14 19:04:14,043,FBN1_016_713_5,197,0.328,6,0.549,0.0,20.91
2026-06-14 19:14:18,043,FBN1_016_713_5,228,0.378,6,0.513,0.0,20.91
2026-06-14 19:24:21,043,FBN1_016_713_5,340,0.566,1,0.105,0.0,20.91
2026-06-14 19:34:24,043,FBN1_016_713_5,341,0.567,1,0.105,0.0,20.96
2026-06-14 19:44:28,043,FBN1_016_713_5,77,0.128,9,0.824,0.0,20.94
2026-06-14 19:54:32,043,FBN1_016_713_5,426,0.708,0,0.0,0.0,20.93
2026-06-14 20:04:35,043,FBN1_016_713_5,246,0.409,3,0.328,0.0,20.92
2026-06-14 20:14:53,043,FBN1_016_713_5,375,0.626,1,0.096,0.0,20.98
2026-06-14 20:24:55,043,FBN1_016_713_5,276,0.46,1,0.127,0.0,20.99
2026-06-14 20:34:57,043,FBN1_016_713_5,141,0.235,8,0.694,0.0,20.99
2026-06-14 20:45:01,043,FBN1_016_713_5,380,0.632,0,0.0,0.0,20.97
2026-06-14 20:55:03,043,FBN1_016_713_5,66,0.11,5,0.752,0.0,20.97
2026-06-14 21:05:06,043,FBN1_016_713_5,1,0.002,14,0.998,0.0,20.96
2026-06-14 21:15:10,043,FBN1_016_713_5,30,0.05,12,0.941,0.0,20.93
2026-06-14 21:25:14,043,FBN1_016_713_5,222,0.368,5,0.474,0.0,20.91
2026-06-14 21:35:16,043,FBN1_016_713_5,436,0.728,0,0.0,0.0,20.97
2026-06-14 21:45:20,043,FBN1_016_713_5,200,0.332,6,0.545,0.0,20.97
2026-06-14 21:55:25,043,FBN1_016_713_5,300,0.498,2,0.211,0.0,20.98
2026-06-14 22:05:28,043,FBN1_016_713_5,257,0.428,3,0.318,0.0,20.96
2026-06-14 22:15:30,043,FBN1_016_713_5,184,0.306,6,0.566,0.0,20.96
2026-06-14 22:25:34,043,FBN1_016_713_5,395,0.656,0,0.0,0.0,21.14
2026-06-14 22:35:38,043,FBN1_016_713_5,102,0.17,6,0.702,0.0,21.09
2026-06-14 22:45:41,043,FBN1_016_713_5,310,0.516,0,0.0,0.0,21.2
2026-06-14 22:55:44,043,FBN1_016_713_5,185,0.307,3,0.393,0.0,21.18
2026-06-14 23:05:46,043,FBN1_016_713_5,200,0.333,4,0.444,0.0,21.12
2026-06-14 23:15:51,043,FBN1_016_713_5,174,0.289,2,0.315,0.0,21.09
2026-06-14 23:25:55,043,FBN1_016_713_5,76,0.126,10,0.84,0.0,21.02
2026-06-14 23:35:58,043,FBN1_016_713_5,202,0.336,3,0.373,0.0,20.98
2026-06-14 23:46:02,043,FBN1_016_713_5,93,0.154,8,0.775,0.0,20.93
2026-06-14 23:56:05,043,FBN1_016_713_5,160,0.266,5,0.556,0.0,20.97
2026-06-13 00:02:12,010,FBN1_016_713_6,18,0.03,11,0.961,0.0,21.73
2026-06-13 00:12:14,010,FBN1_016_713_6,0,0.0,15,1.0,0.0,21.7
2026-06-13 00:22:17,010,FBN1_016_713_6,13,0.022,14,0.977,0.0,21.67
2026-06-13 00:32:20,010,FBN1_016_713_6,34,0.057,12,0.934,0.0,21.65
2026-06-13 00:42:23,010,FBN1_016_713_6,16,0.027,12,0.968,0.0,21.63
2026-06-13 00:52:26,010,FBN1_016_713_6,102,0.169,10,0.797,0.0,21.62
2026-06-13 01:02:28,010,FBN1_016_713_6,233,0.388,4,0.407,0.0,21.62
2026-06-13 01:12:32,010,FBN1_016_713_6,206,0.343,7,0.576,0.0,21.62
2026-06-13 01:22:35,010,FBN1_016_713_6,238,0.396,2,0.252,0.0,21.68
2026-06-13 01:32:38,010,FBN1_016_713_6,171,0.284,7,0.621,0.0,21.7
2026-06-13 01:42:40,010,FBN1_016_713_6,214,0.356,1,0.157,0.0,21.81
2026-06-13 01:52:44,010,FBN1_016_713_6,144,0.24,7,0.66,0.0,21.9
2026-06-13 02:02:46,010,FBN1_016_713_6,257,0.428,2,0.237,0.0,21.88
2026-06-13 02:12:50,010,FBN1_016_713_6,147,0.245,6,0.62,0.0,21.88
2026-06-13 02:22:52,010,FBN1_016_713_6,187,0.311,7,0.6,0.0,21.84
2026-06-13 02:32:56,010,FBN1_016_713_6,7,0.012,15,0.988,0.0,21.75
2026-06-13 02:42:59,010,FBN1_016_713_6,4,0.007,15,0.993,0.0,21.69
2026-06-13 02:53:02,010,FBN1_016_713_6,2,0.003,15,0.997,0.0,21.63
2026-06-13 03:03:06,010,FBN1_016_713_6,14,0.023,13,0.974,0.0,21.58
2026-06-13 03:13:08,010,FBN1_016_713_6,5,0.008,14,0.991,0.0,21.56
2026-06-13 03:23:12,010,FBN1_016_713_6,5,0.008,14,0.991,0.0,21.53
2026-06-13 03:33:39,010,FBN1_016_713_6,14,0.023,14,0.976,0.0,21.59
2026-06-13 03:43:42,010,FBN1_016_713_6,1,0.002,15,0.998,0.0,21.55
2026-06-13 03:53:45,010,FBN1_016_713_6,5,0.008,15,0.992,0.0,21.53
2026-06-13 04:03:49,010,FBN1_016_713_6,184,0.306,5,0.521,0.0,21.54
2026-06-13 04:13:52,010,FBN1_016_713_6,246,0.409,6,0.494,0.0,21.57
2026-06-13 04:23:54,010,FBN1_016_713_6,167,0.278,7,0.626,0.0,21.59
2026-06-13 04:33:58,010,FBN1_016_713_6,230,0.383,5,0.465,0.0,21.6
2026-06-13 04:44:00,010,FBN1_016_713_6,208,0.347,5,0.49,0.0,21.68
2026-06-13 04:54:03,010,FBN1_016_713_6,190,0.316,1,0.174,0.0,21.72
2026-06-13 05:04:06,010,FBN1_016_713_6,225,0.374,3,0.348,0.0,21.75
2026-06-13 05:14:09,010,FBN1_016_713_6,228,0.379,6,0.513,0.0,21.76
2026-06-13 05:24:12,010,FBN1_016_713_6,202,0.336,1,0.165,0.0,21.9
2026-06-13 05:34:15,010,FBN1_016_713_6,117,0.195,9,0.755,0.0,21.76
2026-06-13 05:44:18,010,FBN1_016_713_6,171,0.284,7,0.621,0.0,21.68
2026-06-13 05:54:21,010,FBN1_016_713_6,103,0.171,8,0.757,0.0,21.61
2026-06-13 06:04:25,010,FBN1_016_713_6,400,0.666,1,0.091,3.4848,21.62
2026-06-13 06:14:27,010,FBN1_016_713_6,177,0.295,6,0.576,2.6424,21.6
2026-06-13 06:24:30,010,FBN1_016_713_6,453,0.755,3,0.209,3.4416,21.67
2026-06-13 06:34:32,010,FBN1_016_713_6,232,0.386,2,0.256,3.5928,21.71
2026-06-13 06:44:35,010,FBN1_016_713_6,29,0.048,12,0.943,3.6252,21.69
2026-06-13 06:54:38,010,FBN1_016_713_6,0,0.0,15,1.0,3.6072,21.65
2026-06-13 07:04:41,010,FBN1_016_713_6,3,0.005,15,0.995,3.6,21.64
2026-06-13 07:14:44,010,FBN1_016_713_6,17,0.028,14,0.971,3.5928,21.6
2026-06-13 07:24:47,010,FBN1_016_713_6,17,0.028,14,0.971,3.5208,21.59
2026-06-13 07:35:06,010,FBN1_016_713_6,6,0.01,14,0.989,3.5928,21.6
2026-06-13 07:45:09,010,FBN1_016_713_6,4,0.007,15,0.993,3.5712,21.59
2026-06-13 07:55:12,010,FBN1_016_713_6,243,0.404,0,0.0,3.474,21.63
2026-06-13 08:05:15,010,FBN1_016_713_6,232,0.386,5,0.463,2.4768,21.62
2026-06-13 08:15:18,010,FBN1_016_713_6,133,0.221,9,0.73,2.6424,21.66
2026-06-13 08:25:21,010,FBN1_016_713_6,32,0.053,13,0.942,2.5632,21.66
2026-06-13 08:35:25,010,FBN1_016_713_6,9,0.015,14,0.984,2.5776,21.64
2026-06-13 08:45:28,010,FBN1_016_713_6,14,0.023,13,0.974,2.5992,21.64
2026-06-13 08:55:31,010,FBN1_016_713_6,30,0.05,13,0.945,2.6352,21.63
2026-06-13 09:05:34,010,FBN1_016_713_6,21,0.035,12,0.958,2.6352,21.63
2026-06-13 09:15:37,010,FBN1_016_713_6,2,0.003,14,0.996,2.6424,21.63
2026-06-13 09:25:40,010,FBN1_016_713_6,17,0.028,13,0.968,2.6424,21.63
2026-06-13 09:35:43,010,FBN1_016_713_6,2,0.003,15,0.997,2.6496,21.62
2026-06-13 09:45:46,010,FBN1_016_713_6,14,0.023,14,0.976,2.6496,21.61
2026-06-13 09:55:49,010,FBN1_016_713_6,285,0.475,5,0.412,2.628,21.7
2026-06-13 10:05:52,010,FBN1_016_713_6,134,0.223,9,0.729,2.7432,21.67
2026-06-13 10:15:55,010,FBN1_016_713_6,325,0.541,0,0.0,3.3048,21.75
2026-06-13 10:25:58,010,FBN1_016_713_6,155,0.257,5,0.563,4.6728,21.87
2026-06-13 10:36:02,010,FBN1_016_713_6,11,0.018,13,0.979,4.644,21.81
2026-06-13 10:46:05,010,FBN1_016_713_6,2,0.003,14,0.996,4.6728,21.78
2026-06-13 10:56:08,010,FBN1_016_713_6,7,0.012,14,0.988,4.6512,21.75
2026-06-13 11:06:12,010,FBN1_016_713_6,20,0.033,13,0.963,4.7016,21.72
2026-06-13 11:16:15,010,FBN1_016_713_6,14,0.023,14,0.976,4.7484,21.71
2026-06-13 11:26:18,010,FBN1_016_713_6,13,0.022,14,0.977,4.7088,21.68
2026-06-13 11:36:38,010,FBN1_016_713_6,17,0.028,13,0.968,4.788,21.72
2026-06-13 11:46:42,010,FBN1_016_713_6,3,0.005,13,0.994,4.7448,21.69
2026-06-13 11:56:45,010,FBN1_016_713_6,189,0.314,4,0.458,4.7376,21.7
2026-06-13 12:06:48,010,FBN1_016_713_6,247,0.411,4,0.393,4.6188,21.74
2026-06-13 12:16:50,010,FBN1_016_713_6,117,0.195,7,0.705,4.2948,21.69
2026-06-13 12:26:53,010,FBN1_016_713_6,7,0.012,14,0.988,4.3056,21.66
2026-06-13 12:36:55,010,FBN1_016_713_6,10,0.017,13,0.981,4.3128,21.66
2026-06-13 12:46:58,010,FBN1_016_713_6,13,0.022,14,0.977,4.284,21.65
2026-06-13 12:57:02,010,FBN1_016_713_6,25,0.042,13,0.954,4.32,21.66
2026-06-13 13:07:05,010,FBN1_016_713_6,0,0.0,15,1.0,4.3344,21.65
2026-06-13 13:17:07,010,FBN1_016_713_6,6,0.01,13,0.989,4.3488,21.67
2026-06-13 13:27:10,010,FBN1_016_713_6,6,0.01,13,0.989,4.3272,21.68
2026-06-13 13:37:12,010,FBN1_016_713_6,20,0.033,11,0.957,4.3992,21.7
2026-06-13 13:47:15,010,FBN1_016_713_6,140,0.233,10,0.741,4.2192,21.71
2026-06-13 13:57:18,010,FBN1_016_713_6,134,0.223,6,0.642,3.1464,21.7
2026-06-13 14:07:21,010,FBN1_016_713_6,103,0.171,8,0.757,2.7864,21.62
2026-06-13 14:17:23,010,FBN1_016_713_6,152,0.253,7,0.648,2.6064,21.66
2026-06-13 14:27:27,010,FBN1_016_713_6,233,0.388,0,0.0,2.6784,21.77
2026-06-13 14:37:30,010,FBN1_016_713_6,18,0.03,12,0.964,2.6712,21.74
2026-06-13 14:47:33,010,FBN1_016_713_6,6,0.01,14,0.989,2.6928,21.69
2026-06-13 14:57:36,010,FBN1_016_713_6,27,0.045,11,0.942,2.6964,21.63
2026-06-13 15:07:39,010,FBN1_016_713_6,19,0.032,13,0.965,2.6532,21.64
2026-06-13 15:17:42,010,FBN1_016_713_6,7,0.012,14,0.988,2.6496,21.6
2026-06-13 15:27:44,010,FBN1_016_713_6,146,0.243,10,0.733,2.6316,21.61
2026-06-13 15:38:09,010,FBN1_016_713_6,210,0.351,7,0.571,2.7144,21.7
2026-06-13 15:48:12,010,FBN1_016_713_6,125,0.208,6,0.658,2.628,21.71
2026-06-13 15:58:16,010,FBN1_016_713_6,106,0.176,9,0.773,3.2688,21.65
2026-06-13 16:08:19,010,FBN1_016_713_6,123,0.205,8,0.722,3.456,21.6
2026-06-13 16:18:22,010,FBN1_016_713_6,138,0.23,9,0.723,4.5504,21.61
2026-06-13 16:28:25,010,FBN1_016_713_6,128,0.213,8,0.714,4.6404,21.63
2026-06-13 16:38:28,010,FBN1_016_713_6,10,0.017,13,0.981,4.5792,21.59
2026-06-13 16:48:30,010,FBN1_016_713_6,1,0.002,15,0.998,4.5504,21.56
2026-06-13 16:58:33,010,FBN1_016_713_6,0,0.0,15,1.0,4.5576,21.54
2026-06-13 17:08:36,010,FBN1_016_713_6,6,0.01,12,0.988,4.536,21.5
2026-06-13 17:18:39,010,FBN1_016_713_6,19,0.032,10,0.955,4.608,21.49
2026-06-13 17:28:42,010,FBN1_016_713_6,227,0.377,3,0.346,4.2336,21.52
2026-06-13 17:38:45,010,FBN1_016_713_6,250,0.416,4,0.39,4.0032,21.61
2026-06-13 17:48:48,010,FBN1_016_713_6,67,0.111,9,0.843,4.0824,21.67
2026-06-13 17:58:52,010,FBN1_016_713_6,18,0.03,13,0.967,4.0896,21.68
2026-06-13 18:08:54,010,FBN1_016_713_6,216,0.359,4,0.426,0.0,21.67
2026-06-13 18:18:58,010,FBN1_016_713_6,385,0.641,1,0.094,0.0,21.71
2026-06-13 18:29:01,010,FBN1_016_713_6,149,0.248,8,0.682,0.0,21.68
2026-06-13 18:39:03,010,FBN1_016_713_6,266,0.443,7,0.513,0.0,21.66
2026-06-13 18:49:07,010,FBN1_016_713_6,412,0.686,1,0.088,0.0,21.77
2026-06-13 18:59:10,010,FBN1_016_713_6,369,0.614,2,0.178,0.0,21.84
2026-06-13 19:09:13,010,FBN1_016_713_6,248,0.413,6,0.492,0.0,21.82
2026-06-13 19:19:16,010,FBN1_016_713_6,368,0.612,0,0.0,0.0,21.77
2026-06-13 19:29:19,010,FBN1_016_713_6,254,0.423,1,0.136,0.0,21.8
2026-06-13 19:39:43,010,FBN1_016_713_6,236,0.394,7,0.543,0.0,21.79
2026-06-13 19:49:46,010,FBN1_016_713_6,343,0.57,0,0.0,0.0,21.76
2026-06-13 19:59:49,010,FBN1_016_713_6,64,0.106,12,0.882,0.0,21.71
2026-06-13 20:09:52,010,FBN1_016_713_6,376,0.625,0,0.0,0.0,21.76
2026-06-13 20:19:55,010,FBN1_016_713_6,419,0.696,0,0.0,0.0,21.76
2026-06-13 20:29:59,010,FBN1_016_713_6,125,0.208,10,0.762,0.0,21.72
2026-06-13 20:40:02,010,FBN1_016_713_6,331,0.551,2,0.195,0.0,21.78
2026-06-13 20:50:05,010,FBN1_016_713_6,246,0.409,2,0.245,0.0,21.76
2026-06-13 21:00:07,010,FBN1_016_713_6,285,0.475,2,0.219,0.0,21.74
2026-06-13 21:10:10,010,FBN1_016_713_6,179,0.297,5,0.528,0.0,21.68
2026-06-13 21:20:13,010,FBN1_016_713_6,166,0.276,5,0.546,0.0,21.66
2026-06-13 21:30:16,010,FBN1_016_713_6,22,0.037,11,0.952,0.0,21.61
2026-06-13 21:40:19,010,FBN1_016_713_6,4,0.007,14,0.993,0.0,21.55
2026-06-13 21:50:22,010,FBN1_016_713_6,11,0.018,14,0.981,0.0,21.51
2026-06-13 22:00:25,010,FBN1_016_713_6,0,0.0,15,1.0,0.0,21.47
2026-06-13 22:10:28,010,FBN1_016_713_6,0,0.0,15,1.0,0.0,21.46
2026-06-13 22:20:30,010,FBN1_016_713_6,10,0.017,13,0.981,0.0,21.43
2026-06-13 22:30:33,010,FBN1_016_713_6,43,0.072,10,0.903,0.0,21.42
2026-06-13 22:40:35,010,FBN1_016_713_6,284,0.473,3,0.297,0.0,21.46
2026-06-13 22:50:38,010,FBN1_016_713_6,250,0.416,6,0.49,0.0,21.49
2026-06-13 23:00:42,010,FBN1_016_713_6,173,0.288,8,0.649,0.0,21.51
2026-06-13 23:10:45,010,FBN1_016_713_6,270,0.449,3,0.308,0.0,21.69
2026-06-13 23:20:48,010,FBN1_016_713_6,200,0.333,6,0.545,0.0,21.67
2026-06-13 23:30:51,010,FBN1_016_713_6,236,0.393,4,0.404,0.0,21.63
2026-06-13 23:41:12,010,FBN1_016_713_6,261,0.436,5,0.434,0.0,21.64
2026-06-13 23:51:16,010,FBN1_016_713_6,301,0.501,4,0.347,0.0,21.67
2026-06-14 00:01:19,010,FBN1_016_713_6,193,0.321,3,0.383,0.0,21.68
2026-06-14 00:11:21,010,FBN1_016_713_6,213,0.354,6,0.53,0.0,21.67
2026-06-14 00:21:24,010,FBN1_016_713_6,225,0.374,5,0.471,0.0,21.62
2026-06-14 00:31:28,010,FBN1_016_713_6,126,0.21,6,0.656,0.0,21.62
2026-06-14 00:41:31,010,FBN1_016_713_6,187,0.311,6,0.562,0.0,21.62
2026-06-14 00:51:34,010,FBN1_016_713_6,48,0.08,12,0.909,0.0,21.6
2026-06-14 01:01:37,010,FBN1_016_713_6,10,0.017,13,0.981,0.0,21.56
2026-06-14 01:11:40,010,FBN1_016_713_6,0,0.0,15,1.0,0.0,21.52
2026-06-14 01:21:44,010,FBN1_016_713_6,1,0.002,14,0.998,0.0,21.48
2026-06-14 01:31:47,010,FBN1_016_713_6,0,0.0,15,1.0,0.0,21.45
2026-06-14 01:41:50,010,FBN1_016_713_6,0,0.0,15,1.0,0.0,21.43
2026-06-14 01:51:53,010,FBN1_016_713_6,0,0.0,15,1.0,0.0,21.42
2026-06-14 02:01:56,010,FBN1_016_713_6,207,0.344,2,0.279,0.0,21.43
2026-06-14 02:12:00,010,FBN1_016_713_6,196,0.326,8,0.62,0.0,21.43
2026-06-14 02:22:03,010,FBN1_016_713_6,325,0.541,1,0.11,0.0,21.54
2026-06-14 02:32:06,010,FBN1_016_713_6,89,0.148,9,0.802,0.0,21.51
2026-06-14 02:42:08,010,FBN1_016_713_6,201,0.334,5,0.499,0.0,21.55
2026-06-14 02:52:11,010,FBN1_016_713_6,129,0.215,7,0.685,0.0,21.5
2026-06-14 03:02:14,010,FBN1_016_713_6,449,0.747,0,0.0,0.0,21.57
2026-06-14 03:12:18,010,FBN1_016_713_6,378,0.629,1,0.096,0.0,21.59
2026-06-14 03:22:21,010,FBN1_016_713_6,296,0.493,5,0.403,0.0,21.6
2026-06-14 03:32:25,010,FBN1_016_713_6,317,0.527,3,0.275,0.0,21.63
2026-06-14 03:42:49,010,FBN1_016_713_6,56,0.093,10,0.877,0.0,21.69
2026-06-14 03:52:52,010,FBN1_016_713_6,45,0.075,10,0.899,0.0,21.64
2026-06-14 04:02:55,010,FBN1_016_713_6,14,0.023,14,0.976,0.0,21.57
2026-06-14 04:12:58,010,FBN1_016_713_6,23,0.038,13,0.958,0.0,21.56
2026-06-14 04:23:01,010,FBN1_016_713_6,2,0.003,15,0.997,0.0,21.56
2026-06-14 04:33:04,010,FBN1_016_713_6,17,0.028,13,0.968,0.0,21.55
2026-06-14 04:43:07,010,FBN1_016_713_6,13,0.022,12,0.974,0.0,21.53
2026-06-14 04:53:11,010,FBN1_016_713_6,37,0.062,13,0.934,0.0,21.54
2026-06-14 05:03:13,010,FBN1_016_713_6,365,0.607,1,0.099,0.0,21.53
2026-06-14 05:13:16,010,FBN1_016_713_6,213,0.354,6,0.53,0.0,21.52
2026-06-14 05:23:19,010,FBN1_016_713_6,269,0.448,5,0.426,0.0,21.49
2026-06-14 05:33:23,010,FBN1_016_713_6,119,0.198,11,0.787,0.0,21.52
2026-06-14 05:43:25,010,FBN1_016_713_6,208,0.346,6,0.536,0.0,21.49
2026-06-14 05:53:28,010,FBN1_016_713_6,197,0.328,8,0.619,0.0,21.46
2026-06-14 06:03:31,010,FBN1_016_713_6,150,0.25,7,0.651,2.5848,21.46
2026-06-14 06:13:33,010,FBN1_016_713_6,184,0.306,3,0.395,2.34,21.44
2026-06-14 06:23:35,010,FBN1_016_713_6,321,0.534,0,0.0,1.7856,21.47
2026-06-14 06:33:38,010,FBN1_016_713_6,78,0.13,5,0.719,1.7856,21.43
2026-06-14 06:43:42,010,FBN1_016_713_6,28,0.047,10,0.935,1.8504,21.42
2026-06-14 06:53:45,010,FBN1_016_713_6,8,0.013,14,0.986,1.8432,21.39
2026-06-14 07:03:48,010,FBN1_016_713_6,6,0.01,14,0.989,1.8576,21.37
2026-06-14 07:13:52,010,FBN1_016_713_6,2,0.003,14,0.996,1.8648,21.36
2026-06-14 07:23:54,010,FBN1_016_713_6,8,0.013,14,0.986,1.8864,21.34
2026-06-14 07:33:57,010,FBN1_016_713_6,5,0.008,15,0.992,1.9152,21.33
2026-06-14 07:44:13,010,FBN1_016_713_6,13,0.022,12,0.974,1.9656,21.38
2026-06-14 07:54:16,010,FBN1_016_713_6,6,0.01,15,0.99,1.9584,21.38
2026-06-14 08:04:19,010,FBN1_016_713_6,39,0.065,11,0.919,1.98,21.38
2026-06-14 08:14:22,010,FBN1_016_713_6,230,0.382,2,0.258,1.8792,21.39
2026-06-14 08:24:25,010,FBN1_016_713_6,201,0.335,5,0.499,1.9656,21.4
2026-06-14 08:34:27,010,FBN1_016_713_6,4,0.007,15,0.993,1.9692,21.41
2026-06-14 08:44:31,010,FBN1_016_713_6,5,0.008,14,0.991,1.9692,21.4
2026-06-14 08:54:35,010,FBN1_016_713_6,15,0.025,14,0.974,1.9512,21.4
2026-06-14 09:04:38,010,FBN1_016_713_6,1,0.002,14,0.998,1.9512,21.4
2026-06-14 09:14:42,010,FBN1_016_713_6,0,0.0,15,1.0,1.9512,21.4
2026-06-14 09:24:44,010,FBN1_016_713_6,10,0.017,14,0.982,1.9656,21.38
2026-06-14 09:34:46,010,FBN1_016_713_6,22,0.037,13,0.959,1.944,21.39
2026-06-14 09:44:50,010,FBN1_016_713_6,163,0.271,6,0.596,1.944,21.43
2026-06-14 09:54:53,010,FBN1_016_713_6,114,0.19,8,0.737,2.0664,21.42
2026-06-14 10:04:56,010,FBN1_016_713_6,187,0.311,6,0.562,2.1168,21.43
2026-06-14 10:14:59,010,FBN1_016_713_6,35,0.058,11,0.926,2.1024,21.46
2026-06-14 10:25:02,010,FBN1_016_713_6,2,0.003,15,0.997,2.1132,21.44
2026-06-14 10:35:06,010,FBN1_016_713_6,40,0.067,11,0.917,2.1096,21.44
2026-06-14 10:45:09,010,FBN1_016_713_6,10,0.017,13,0.981,2.1024,21.45
2026-06-14 10:55:12,010,FBN1_016_713_6,6,0.01,15,0.99,2.1096,21.42
2026-06-14 11:05:15,010,FBN1_016_713_6,13,0.022,13,0.976,2.1024,21.42
2026-06-14 11:15:19,010,FBN1_016_713_6,13,0.022,15,0.979,2.1024,21.4
2026-06-14 11:25:22,010,FBN1_016_713_6,10,0.017,13,0.981,2.0952,21.4
2026-06-14 11:35:25,010,FBN1_016_713_6,7,0.012,15,0.988,2.1348,21.4
2026-06-14 11:45:41,010,FBN1_016_713_6,28,0.047,12,0.945,2.1168,21.43
2026-06-14 11:55:45,010,FBN1_016_713_6,112,0.186,5,0.641,2.0952,21.45
2026-06-14 12:05:48,010,FBN1_016_713_6,129,0.215,5,0.608,2.0304,21.48
2026-06-14 12:15:51,010,FBN1_016_713_6,274,0.456,5,0.422,2.1168,21.49
2026-06-14 12:25:54,010,FBN1_016_713_6,16,0.027,13,0.97,2.0988,21.49
2026-06-14 12:35:56,010,FBN1_016_713_6,21,0.035,11,0.954,2.1096,21.46
2026-06-14 12:45:59,010,FBN1_016_713_6,16,0.027,10,0.962,2.1168,21.44
2026-06-14 12:56:03,010,FBN1_016_713_6,2,0.003,15,0.997,2.124,21.43
2026-06-14 13:06:06,010,FBN1_016_713_6,21,0.035,14,0.964,2.0916,21.42
2026-06-14 13:16:08,010,FBN1_016_713_6,40,0.067,11,0.917,2.1312,21.43
2026-06-14 13:26:12,010,FBN1_016_713_6,15,0.025,13,0.972,2.1312,21.43
2026-06-14 13:36:15,010,FBN1_016_713_6,12,0.02,14,0.979,2.1456,21.43
2026-06-14 13:46:19,010,FBN1_016_713_6,12,0.02,13,0.977,2.1276,21.44
2026-06-14 13:56:21,010,FBN1_016_713_6,353,0.587,0,0.0,2.1672,21.48
2026-06-14 14:06:25,010,FBN1_016_713_6,28,0.047,13,0.949,2.2392,21.44
2026-06-14 14:16:28,010,FBN1_016_713_6,353,0.586,0,0.0,2.0448,21.49
2026-06-14 14:26:31,010,FBN1_016_713_6,209,0.347,7,0.573,2.1096,21.49
2026-06-14 14:36:34,010,FBN1_016_713_6,257,0.428,5,0.438,2.124,21.54
2026-06-14 14:46:38,010,FBN1_016_713_6,5,0.008,14,0.991,2.1672,21.55
2026-06-14 14:56:41,010,FBN1_016_713_6,11,0.018,13,0.979,2.16,21.55
2026-06-14 15:06:44,010,FBN1_016_713_6,37,0.062,10,0.915,2.1852,21.53
2026-06-14 15:16:47,010,FBN1_016_713_6,29,0.048,12,0.943,2.1744,21.53
2026-06-14 15:26:50,010,FBN1_016_713_6,9,0.015,13,0.983,2.1672,21.52
2026-06-14 15:36:53,010,FBN1_016_713_6,21,0.035,14,0.964,2.1816,21.51
2026-06-14 15:47:13,010,FBN1_016_713_6,193,0.322,7,0.592,2.1564,21.53
2026-06-14 15:57:15,010,FBN1_016_713_6,174,0.29,7,0.617,2.1744,21.52
2026-06-14 16:07:18,010,FBN1_016_713_6,359,0.597,0,0.0,2.1672,21.64
2026-06-14 16:17:21,010,FBN1_016_713_6,268,0.446,3,0.309,2.1564,21.65
2026-06-14 16:27:24,010,FBN1_016_713_6,24,0.04,12,0.952,2.1888,21.65
2026-06-14 16:37:27,010,FBN1_016_713_6,15,0.025,14,0.974,2.1672,21.65
2026-06-14 16:47:30,010,FBN1_016_713_6,26,0.043,13,0.952,2.2176,21.64
2026-06-14 16:57:33,010,FBN1_016_713_6,11,0.018,14,0.981,2.2104,21.62
2026-06-14 17:07:36,010,FBN1_016_713_6,181,0.301,8,0.639,2.1024,21.57
2026-06-14 17:17:39,010,FBN1_016_713_6,245,0.408,5,0.449,2.2248,21.62
2026-06-14 17:27:42,010,FBN1_016_713_6,115,0.191,9,0.758,2.0808,21.59
2026-06-14 17:37:45,010,FBN1_016_713_6,254,0.423,6,0.486,1.9476,21.55
2026-06-14 17:47:49,010,FBN1_016_713_6,21,0.035,12,0.958,1.98,21.55
2026-06-14 17:57:51,010,FBN1_016_713_6,98,0.163,11,0.818,2.016,21.54
2026-06-14 18:07:54,010,FBN1_016_713_6,78,0.13,11,0.849,0.0,21.52
2026-06-14 18:17:57,010,FBN1_016_713_6,475,0.789,0,0.0,0.0,21.57
2026-06-14 18:28:00,010,FBN1_016_713_6,275,0.458,4,0.368,0.0,21.63
2026-06-14 18:38:04,010,FBN1_016_713_6,103,0.171,11,0.81,0.0,21.58
2026-06-14 18:48:06,010,FBN1_016_713_6,346,0.576,1,0.104,0.0,21.6
2026-06-14 18:58:10,010,FBN1_016_713_6,139,0.231,11,0.76,0.0,21.55
2026-06-14 19:08:12,010,FBN1_016_713_6,383,0.637,0,0.0,0.0,21.6
2026-06-14 19:18:15,010,FBN1_016_713_6,232,0.386,4,0.408,0.0,21.63
2026-06-14 19:28:18,010,FBN1_016_713_6,349,0.582,2,0.186,0.0,21.65
2026-06-14 19:38:21,010,FBN1_016_713_6,62,0.103,11,0.876,0.0,21.62
2026-06-14 19:48:42,010,FBN1_016_713_6,373,0.623,0,0.0,0.0,21.66
2026-06-14 19:58:45,010,FBN1_016_713_6,204,0.339,3,0.37,0.0,21.69
2026-06-14 20:08:49,010,FBN1_016_713_6,357,0.594,3,0.252,0.0,21.73
2026-06-14 20:18:51,010,FBN1_016_713_6,387,0.644,0,0.0,0.0,21.76
2026-06-14 20:28:54,010,FBN1_016_713_6,298,0.496,7,0.484,0.0,21.72
2026-06-14 20:38:58,010,FBN1_016_713_6,297,0.494,1,0.119,0.0,21.78
2026-06-14 20:49:01,010,FBN1_016_713_6,237,0.394,7,0.542,0.0,21.74
2026-06-14 20:59:04,010,FBN1_016_713_6,328,0.546,3,0.268,0.0,21.76
2026-06-14 21:09:07,010,FBN1_016_713_6,9,0.015,14,0.984,0.0,21.72
2026-06-14 21:19:10,010,FBN1_016_713_6,30,0.05,12,0.941,0.0,21.68
2026-06-14 21:29:14,010,FBN1_016_713_6,16,0.027,13,0.97,0.0,21.63
2026-06-14 21:39:17,010,FBN1_016_713_6,170,0.283,8,0.653,0.0,21.6
2026-06-14 21:49:20,010,FBN1_016_713_6,95,0.158,11,0.822,0.0,21.59
2026-06-14 21:59:23,010,FBN1_016_713_6,278,0.463,4,0.365,0.0,21.62
2026-06-14 22:09:25,010,FBN1_016_713_6,327,0.544,3,0.268,0.0,21.67
2026-06-14 22:19:29,010,FBN1_016_713_6,229,0.381,6,0.512,0.0,21.63
2026-06-14 22:29:31,010,FBN1_016_713_6,408,0.679,0,0.0,0.0,21.78
2026-06-14 22:39:34,010,FBN1_016_713_6,177,0.295,6,0.576,0.0,21.81
2026-06-14 22:49:37,010,FBN1_016_713_6,202,0.336,7,0.581,0.0,21.72
2026-06-14 22:59:40,010,FBN1_016_713_6,252,0.42,4,0.388,0.0,21.8
2026-06-14 23:09:43,010,FBN1_016_713_6,268,0.446,3,0.309,0.0,21.76
2026-06-14 23:19:45,010,FBN1_016_713_6,246,0.409,0,0.0,0.0,21.74
2026-06-14 23:29:48,010,FBN1_016_713_6,39,0.065,13,0.93,0.0,21.68
2026-06-14 23:39:51,010,FBN1_016_713_6,180,0.299,7,0.609,0.0,21.63
2026-06-14 23:50:17,010,FBN1_016_713_6,168,0.28,6,0.588,0.0,21.71
2026-06-13 00:06:23,035,FBN1_016_713_97,0,0.0,15,1.0,0.0,21.43
2026-06-13 00:16:26,035,FBN1_016_713_97,3,0.005,14,0.995,0.0,21.36
2026-06-13 00:26:28,035,FBN1_016_713_97,0,0.0,15,1.0,0.0,21.32
2026-06-13 00:36:31,035,FBN1_016_713_97,0,0.0,15,1.0,0.0,21.26
2026-06-13 00:46:34,035,FBN1_016_713_97,1,0.002,14,0.998,0.0,21.22
2026-06-13 00:56:36,035,FBN1_016_713_97,12,0.02,12,0.976,0.0,21.2
2026-06-13 01:06:39,035,FBN1_016_713_97,22,0.037,10,0.948,0.0,21.19
2026-06-13 01:16:42,035,FBN1_016_713_97,165,0.275,6,0.593,0.0,21.24
2026-06-13 01:26:45,035,FBN1_016_713_97,133,0.221,8,0.706,0.0,21.25
2026-06-13 01:36:48,035,FBN1_016_713_97,260,0.432,4,0.381,0.0,21.34
2026-06-13 01:46:51,035,FBN1_016_713_97,234,0.389,6,0.506,0.0,21.56
2026-06-13 01:56:54,035,FBN1_016_713_97,352,0.585,0,0.0,0.0,21.55
2026-06-13 02:06:57,035,FBN1_016_713_97,260,0.433,4,0.381,0.0,21.53
2026-06-13 02:17:00,035,FBN1_016_713_97,214,0.356,6,0.529,0.0,21.52
2026-06-13 02:27:03,035,FBN1_016_713_97,272,0.453,3,0.306,0.0,21.49
2026-06-13 02:37:06,035,FBN1_016_713_97,123,0.205,5,0.619,0.0,21.44
2026-06-13 02:47:09,035,FBN1_016_713_97,88,0.146,9,0.804,0.0,21.41
2026-06-13 02:57:12,035,FBN1_016_713_97,197,0.328,2,0.289,0.0,21.39
2026-06-13 03:07:15,035,FBN1_016_713_97,21,0.035,10,0.95,0.0,21.32
2026-06-13 03:17:18,035,FBN1_016_713_97,0,0.0,15,1.0,0.0,21.24
2026-06-13 03:27:21,035,FBN1_016_713_97,0,0.0,15,1.0,0.0,21.19
2026-06-13 03:37:23,035,FBN1_016_713_97,0,0.0,15,1.0,0.0,21.14
2026-06-13 03:47:45,035,FBN1_016_713_97,32,0.053,11,0.932,0.0,21.16
2026-06-13 03:57:47,035,FBN1_016_713_97,0,0.0,15,1.0,0.0,21.12
2026-06-13 04:07:50,035,FBN1_016_713_97,45,0.075,7,0.862,0.0,21.11
2026-06-13 04:17:53,035,FBN1_016_713_97,221,0.368,5,0.475,0.0,21.19
2026-06-13 04:27:56,035,FBN1_016_713_97,142,0.236,6,0.628,0.0,21.22
2026-06-13 04:37:59,035,FBN1_016_713_97,273,0.454,1,0.128,0.0,21.27
2026-06-13 04:48:02,035,FBN1_016_713_97,163,0.271,8,0.663,0.0,21.31
2026-06-13 04:58:05,035,FBN1_016_713_97,258,0.429,2,0.237,0.0,21.38
2026-06-13 05:08:08,035,FBN1_016_713_97,89,0.148,9,0.802,0.0,21.37
2026-06-13 05:18:10,035,FBN1_016_713_97,255,0.424,3,0.32,0.0,21.41
2026-06-13 05:28:13,035,FBN1_016_713_97,227,0.378,3,0.346,0.0,21.38
2026-06-13 05:38:16,035,FBN1_016_713_97,48,0.08,9,0.882,0.0,21.31
2026-06-13 05:48:18,035,FBN1_016_713_97,6,0.01,14,0.989,0.0,21.23
2026-06-13 05:58:21,035,FBN1_016_713_97,0,0.0,15,1.0,0.0,21.17
2026-06-13 06:08:23,035,FBN1_016_713_97,23,0.038,10,0.946,0.1584,21.11
2026-06-13 06:18:26,035,FBN1_016_713_97,6,0.01,14,0.989,0.1584,21.08
2026-06-13 06:28:29,035,FBN1_016_713_97,1,0.002,14,0.998,0.162,21.07
2026-06-13 06:38:31,035,FBN1_016_713_97,10,0.017,12,0.98,0.1584,21.06
2026-06-13 06:48:34,035,FBN1_016_713_97,8,0.013,13,0.985,0.162,21.06
2026-06-13 06:58:37,035,FBN1_016_713_97,3,0.005,14,0.995,0.1584,21.06
2026-06-13 07:08:39,035,FBN1_016_713_97,1,0.002,14,0.998,0.1584,21.06
2026-06-13 07:18:42,035,FBN1_016_713_97,0,0.0,15,1.0,0.1584,21.05
2026-06-13 07:28:45,035,FBN1_016_713_97,0,0.0,15,1.0,0.1584,21.05
2026-06-13 07:38:48,035,FBN1_016_713_97,6,0.01,13,0.989,0.1584,21.03
2026-06-13 07:49:08,035,FBN1_016_713_97,1,0.002,14,0.998,0.1584,21.07
2026-06-13 07:59:11,035,FBN1_016_713_97,2,0.003,14,0.996,0.1584,21.06
2026-06-13 08:09:14,035,FBN1_016_713_97,14,0.023,10,0.966,0.1584,21.05
2026-06-13 08:19:17,035,FBN1_016_713_97,55,0.092,8,0.853,0.1548,21.07
2026-06-13 08:29:20,035,FBN1_016_713_97,44,0.073,10,0.901,0.108,21.1
2026-06-13 08:39:23,035,FBN1_016_713_97,292,0.486,1,0.12,0.1584,21.14
2026-06-13 08:49:26,035,FBN1_016_713_97,66,0.11,5,0.752,0.216,21.13
2026-06-13 08:59:29,035,FBN1_016_713_97,0,0.0,15,1.0,0.2196,21.14
2026-06-13 09:09:32,035,FBN1_016_713_97,0,0.0,15,1.0,0.216,21.12
2026-06-13 09:19:35,035,FBN1_016_713_97,2,0.003,14,0.996,0.2196,21.11
2026-06-13 09:29:38,035,FBN1_016_713_97,0,0.0,15,1.0,0.2268,21.1
2026-06-13 09:39:40,035,FBN1_016_713_97,2,0.003,14,0.996,0.216,21.08
2026-06-13 09:49:43,035,FBN1_016_713_97,1,0.002,14,0.998,0.2448,21.07
2026-06-13 09:59:46,035,FBN1_016_713_97,0,0.0,15,1.0,0.2448,21.07
2026-06-13 10:09:49,035,FBN1_016_713_97,8,0.013,13,0.985,0.2232,21.05
2026-06-13 10:19:52,035,FBN1_016_713_97,0,0.0,15,1.0,0.216,21.06
2026-06-13 10:29:54,035,FBN1_016_713_97,2,0.003,14,0.996,0.2268,21.05
2026-06-13 10:39:57,035,FBN1_016_713_97,3,0.005,13,0.994,0.2376,21.04
2026-06-13 10:50:00,035,FBN1_016_713_97,20,0.033,12,0.96,0.2376,21.07
2026-06-13 11:00:03,035,FBN1_016_713_97,34,0.057,10,0.922,0.1512,21.09
2026-06-13 11:10:06,035,FBN1_016_713_97,0,0.0,15,1.0,0.1512,21.06
2026-06-13 11:20:09,035,FBN1_016_713_97,0,0.0,15,1.0,0.1512,21.05
2026-06-13 11:30:12,035,FBN1_016_713_97,0,0.0,15,1.0,0.1656,21.03
2026-06-13 11:40:15,035,FBN1_016_713_97,0,0.0,15,1.0,0.1656,21.0
2026-06-13 11:50:36,035,FBN1_016_713_97,0,0.0,15,1.0,0.1656,21.03
2026-06-13 12:00:38,035,FBN1_016_713_97,6,0.01,13,0.989,0.1548,21.0
2026-06-13 12:10:41,035,FBN1_016_713_97,55,0.092,10,0.879,0.1368,20.99
2026-06-13 12:20:44,035,FBN1_016_713_97,167,0.278,5,0.545,0.1404,21.01
2026-06-13 12:30:47,035,FBN1_016_713_97,39,0.065,12,0.925,0.198,21.0
2026-06-13 12:40:50,035,FBN1_016_713_97,0,0.0,15,1.0,0.198,20.99
2026-06-13 12:50:53,035,FBN1_016_713_97,0,0.0,15,1.0,0.198,20.98
2026-06-13 13:00:57,035,FBN1_016_713_97,1,0.002,14,0.998,0.198,20.96
2026-06-13 13:10:59,035,FBN1_016_713_97,0,0.0,15,1.0,0.1872,20.97
2026-06-13 13:21:02,035,FBN1_016_713_97,0,0.0,15,1.0,0.198,20.98
2026-06-13 13:31:05,035,FBN1_016_713_97,0,0.0,15,1.0,0.1872,20.99
2026-06-13 13:41:08,035,FBN1_016_713_97,0,0.0,15,1.0,0.1872,20.98
2026-06-13 13:51:11,035,FBN1_016_713_97,0,0.0,15,1.0,0.1872,21.0
2026-06-13 14:01:14,035,FBN1_016_713_97,6,0.01,13,0.989,0.1872,20.99
2026-06-13 14:11:17,035,FBN1_016_713_97,28,0.047,11,0.94,0.2016,20.99
2026-06-13 14:21:20,035,FBN1_016_713_97,97,0.161,6,0.712,0.1296,21.06
2026-06-13 14:31:22,035,FBN1_016_713_97,50,0.083,10,0.889,0.1368,21.08
2026-06-13 14:41:26,035,FBN1_016_713_97,11,0.018,13,0.979,0.1404,21.11
2026-06-13 14:51:28,035,FBN1_016_713_97,0,0.0,15,1.0,0.144,21.11
2026-06-13 15:01:31,035,FBN1_016_713_97,0,0.0,15,1.0,0.1476,21.09
2026-06-13 15:11:33,035,FBN1_016_713_97,0,0.0,15,1.0,0.1368,21.08
2026-06-13 15:21:37,035,FBN1_016_713_97,0,0.0,15,1.0,0.144,21.05
2026-06-13 15:31:40,035,FBN1_016_713_97,0,0.0,15,1.0,0.144,21.03
2026-06-13 15:41:43,035,FBN1_016_713_97,1,0.002,15,0.998,0.1476,21.03
2026-06-13 15:52:03,035,FBN1_016_713_97,0,0.0,15,1.0,0.1476,21.08
2026-06-13 16:02:06,035,FBN1_016_713_97,1,0.002,14,0.998,0.1476,21.05
2026-06-13 16:12:08,035,FBN1_016_713_97,0,0.0,15,1.0,0.1476,21.05
2026-06-13 16:22:11,035,FBN1_016_713_97,0,0.0,15,1.0,0.1368,21.02
2026-06-13 16:32:14,035,FBN1_016_713_97,0,0.0,15,1.0,0.1476,21.02
2026-06-13 16:42:17,035,FBN1_016_713_97,38,0.063,11,0.921,0.1332,21.07
2026-06-13 16:52:19,035,FBN1_016_713_97,181,0.301,6,0.57,0.1296,21.14
2026-06-13 17:02:22,035,FBN1_016_713_97,243,0.404,3,0.331,0.1224,21.26
2026-06-13 17:12:25,035,FBN1_016_713_97,51,0.085,10,0.887,0.1296,21.22
2026-06-13 17:22:28,035,FBN1_016_713_97,49,0.082,9,0.88,0.1476,21.22
2026-06-13 17:32:30,035,FBN1_016_713_97,3,0.005,14,0.995,0.1476,21.2
2026-06-13 17:42:33,035,FBN1_016_713_97,2,0.003,14,0.996,0.1548,21.18
2026-06-13 17:52:36,035,FBN1_016_713_97,27,0.045,10,0.937,0.144,21.16
2026-06-13 18:02:39,035,FBN1_016_713_97,119,0.198,5,0.627,0.0,21.17
2026-06-13 18:12:41,035,FBN1_016_713_97,265,0.441,5,0.43,0.0,21.22
2026-06-13 18:22:44,035,FBN1_016_713_97,352,0.586,0,0.0,0.0,21.43
2026-06-13 18:32:46,035,FBN1_016_713_97,317,0.527,1,0.112,0.0,21.45
2026-06-13 18:42:49,035,FBN1_016_713_97,98,0.163,10,0.803,0.0,21.43
2026-06-13 18:52:52,035,FBN1_016_713_97,420,0.699,0,0.0,0.0,21.49
2026-06-13 19:02:55,035,FBN1_016_713_97,361,0.602,0,0.0,0.0,21.54
2026-06-13 19:12:57,035,FBN1_016_713_97,406,0.676,1,0.09,0.0,21.52
2026-06-13 19:23:00,035,FBN1_016_713_97,44,0.073,12,0.916,0.0,21.44
2026-06-13 19:33:03,035,FBN1_016_713_97,358,0.596,0,0.0,0.0,21.44
2026-06-13 19:43:06,035,FBN1_016_713_97,189,0.314,4,0.458,0.0,21.43
2026-06-13 19:53:32,035,FBN1_016_713_97,334,0.558,0,0.0,0.0,21.52
2026-06-13 20:03:35,035,FBN1_016_713_97,172,0.286,8,0.65,0.0,21.46
2026-06-13 20:13:38,035,FBN1_016_713_97,94,0.157,7,0.749,0.0,21.39
2026-06-13 20:23:40,035,FBN1_016_713_97,14,0.023,12,0.972,0.0,21.35
2026-06-13 20:33:43,035,FBN1_016_713_97,0,0.0,15,1.0,0.0,21.28
2026-06-13 20:43:46,035,FBN1_016_713_97,0,0.0,15,1.0,0.0,21.23
2026-06-13 20:53:49,035,FBN1_016_713_97,4,0.007,14,0.993,0.0,21.17
2026-06-13 21:03:52,035,FBN1_016_713_97,4,0.007,14,0.993,0.0,21.14
2026-06-13 21:13:55,035,FBN1_016_713_97,51,0.085,8,0.863,0.0,21.14
2026-06-13 21:23:57,035,FBN1_016_713_97,154,0.256,7,0.645,0.0,21.19
2026-06-13 21:34:00,035,FBN1_016_713_97,297,0.494,2,0.212,0.0,21.25
2026-06-13 21:44:03,035,FBN1_016_713_97,72,0.12,12,0.87,0.0,21.26
2026-06-13 21:54:05,035,FBN1_016_713_97,239,0.398,3,0.334,0.0,21.27
2026-06-13 22:04:08,035,FBN1_016_713_97,114,0.19,8,0.737,0.0,21.27
2026-06-13 22:14:11,035,FBN1_016_713_97,13,0.022,12,0.974,0.0,21.26
2026-06-13 22:24:14,035,FBN1_016_713_97,7,0.012,14,0.988,0.0,21.24
2026-06-13 22:34:16,035,FBN1_016_713_97,1,0.002,14,0.998,0.0,21.2
2026-06-13 22:44:19,035,FBN1_016_713_97,87,0.145,6,0.734,0.0,21.21
2026-06-13 22:54:22,035,FBN1_016_713_97,33,0.055,10,0.924,0.0,21.25
2026-06-13 23:04:25,035,FBN1_016_713_97,209,0.348,7,0.573,0.0,21.31
2026-06-13 23:14:28,035,FBN1_016_713_97,220,0.365,4,0.421,0.0,21.3
2026-06-13 23:24:31,035,FBN1_016_713_97,316,0.527,0,0.0,0.0,21.35
2026-06-13 23:34:34,035,FBN1_016_713_97,216,0.359,6,0.526,0.0,21.38
2026-06-13 23:44:36,035,FBN1_016_713_97,289,0.481,2,0.217,0.0,21.55
2026-06-13 23:55:09,035,FBN1_016_713_97,57,0.095,12,0.894,0.0,21.49
2026-06-14 00:05:12,035,FBN1_016_713_97,139,0.231,4,0.535,0.0,21.41
2026-06-14 00:15:14,035,FBN1_016_713_97,248,0.413,1,0.139,0.0,21.4
2026-06-14 00:25:17,035,FBN1_016_713_97,308,0.512,2,0.206,0.0,21.37
2026-06-14 00:35:19,035,FBN1_016_713_97,10,0.017,14,0.982,0.0,21.34
2026-06-14 00:45:22,035,FBN1_016_713_97,345,0.574,1,0.104,0.0,21.45
2026-06-14 00:55:25,035,FBN1_016_713_97,348,0.578,0,0.0,0.0,21.39
2026-06-14 01:05:28,035,FBN1_016_713_97,340,0.566,2,0.19,0.0,21.57
2026-06-14 01:15:30,035,FBN1_016_713_97,339,0.564,1,0.106,0.0,21.6
2026-06-14 01:25:33,035,FBN1_016_713_97,114,0.189,8,0.737,0.0,21.5
2026-06-14 01:35:35,035,FBN1_016_713_97,18,0.03,10,0.957,0.0,21.38
2026-06-14 01:45:38,035,FBN1_016_713_97,6,0.01,14,0.989,0.0,21.28
2026-06-14 01:55:41,035,FBN1_016_713_97,6,0.01,14,0.989,0.0,21.19
2026-06-14 02:05:44,035,FBN1_016_713_97,1,0.002,14,0.998,0.0,21.14
2026-06-14 02:15:47,035,FBN1_016_713_97,17,0.028,12,0.966,0.0,21.1
2026-06-14 02:25:49,035,FBN1_016_713_97,12,0.02,11,0.973,0.0,21.07
2026-06-14 02:35:51,035,FBN1_016_713_97,1,0.002,14,0.998,0.0,21.06
2026-06-14 02:45:54,035,FBN1_016_713_97,67,0.111,6,0.782,0.0,21.05
2026-06-14 02:55:57,035,FBN1_016_713_97,82,0.136,6,0.745,0.0,21.07
2026-06-14 03:05:59,035,FBN1_016_713_97,210,0.35,4,0.432,0.0,21.08
2026-06-14 03:16:02,035,FBN1_016_713_97,202,0.336,4,0.442,0.0,21.18
2026-06-14 03:26:05,035,FBN1_016_713_97,236,0.393,3,0.337,0.0,21.17
2026-06-14 03:36:08,035,FBN1_016_713_97,122,0.203,9,0.747,0.0,21.16
2026-06-14 03:46:11,035,FBN1_016_713_97,109,0.181,10,0.786,0.0,21.18
2026-06-14 03:56:37,035,FBN1_016_713_97,146,0.244,7,0.657,0.0,21.23
2026-06-14 04:06:40,035,FBN1_016_713_97,26,0.043,12,0.949,0.0,21.17
2026-06-14 04:16:43,035,FBN1_016_713_97,35,0.058,12,0.932,0.0,21.13
2026-06-14 04:26:46,035,FBN1_016_713_97,15,0.025,13,0.972,0.0,21.09
2026-06-14 04:36:49,035,FBN1_016_713_97,12,0.02,12,0.976,0.0,21.06
2026-06-14 04:46:52,035,FBN1_016_713_97,10,0.017,13,0.981,0.0,21.06
2026-06-14 04:56:54,035,FBN1_016_713_97,103,0.171,5,0.66,0.0,21.05
2026-06-14 05:06:57,035,FBN1_016_713_97,82,0.136,10,0.83,0.0,21.07
2026-06-14 05:17:00,035,FBN1_016_713_97,172,0.286,7,0.619,0.0,21.16
2026-06-14 05:27:02,035,FBN1_016_713_97,259,0.431,3,0.317,0.0,21.24
2026-06-14 05:37:05,035,FBN1_016_713_97,147,0.245,4,0.521,0.0,21.24
2026-06-14 05:47:07,035,FBN1_016_713_97,168,0.28,4,0.488,0.0,21.21
2026-06-14 05:57:10,035,FBN1_016_713_97,288,0.48,1,0.122,0.0,21.22
2026-06-14 06:07:13,035,FBN1_016_713_97,137,0.228,8,0.7,0.1224,21.22
2026-06-14 06:17:15,035,FBN1_016_713_97,252,0.419,1,0.137,0.1368,21.2
2026-06-14 06:27:18,035,FBN1_016_713_97,166,0.276,4,0.491,0.18,21.18
2026-06-14 06:37:21,035,FBN1_016_713_97,169,0.282,6,0.587,0.1764,21.18
2026-06-14 06:47:24,035,FBN1_016_713_97,0,0.0,15,1.0,0.1728,21.14
2026-06-14 06:57:26,035,FBN1_016_713_97,0,0.0,15,1.0,0.1764,21.11
2026-06-14 07:07:29,035,FBN1_016_713_97,2,0.003,14,0.996,0.1728,21.08
2026-06-14 07:17:32,035,FBN1_016_713_97,0,0.0,15,1.0,0.1728,21.04
2026-06-14 07:27:35,035,FBN1_016_713_97,1,0.002,14,0.998,0.1728,21.01
2026-06-14 07:37:38,035,FBN1_016_713_97,0,0.0,15,1.0,0.1728,20.99
2026-06-14 07:47:41,035,FBN1_016_713_97,0,0.0,15,1.0,0.1728,20.97
2026-06-14 07:58:03,035,FBN1_016_713_97,0,0.0,15,1.0,0.1728,21.01
2026-06-14 08:08:06,035,FBN1_016_713_97,0,0.0,15,1.0,0.18,20.98
2026-06-14 08:18:08,035,FBN1_016_713_97,0,0.0,15,1.0,0.1728,20.96
2026-06-14 08:28:11,035,FBN1_016_713_97,1,0.002,14,0.998,0.1836,20.96
2026-06-14 08:38:14,035,FBN1_016_713_97,1,0.002,14,0.998,0.1728,20.93
2026-06-14 08:48:17,035,FBN1_016_713_97,3,0.005,14,0.995,0.1836,20.92
2026-06-14 08:58:20,035,FBN1_016_713_97,83,0.138,8,0.794,0.18,20.99
2026-06-14 09:08:23,035,FBN1_016_713_97,132,0.22,8,0.708,0.1224,20.99
2026-06-14 09:18:26,035,FBN1_016_713_97,16,0.027,10,0.962,0.1296,21.01
2026-06-14 09:28:29,035,FBN1_016_713_97,0,0.0,15,1.0,0.1332,21.0
2026-06-14 09:38:32,035,FBN1_016_713_97,0,0.0,15,1.0,0.144,20.99
2026-06-14 09:48:35,035,FBN1_016_713_97,1,0.002,14,0.998,0.1476,20.98
2026-06-14 09:58:38,035,FBN1_016_713_97,0,0.0,15,1.0,0.1476,20.96
2026-06-14 10:08:41,035,FBN1_016_713_97,0,0.0,15,1.0,0.1332,20.94
2026-06-14 10:18:44,035,FBN1_016_713_97,2,0.003,14,0.996,0.1332,20.93
2026-06-14 10:28:47,035,FBN1_016_713_97,1,0.002,14,0.998,0.1332,20.9
2026-06-14 10:38:50,035,FBN1_016_713_97,1,0.002,14,0.998,0.1296,20.9
2026-06-14 10:48:52,035,FBN1_016_713_97,0,0.0,15,1.0,0.1296,20.88
2026-06-14 10:58:55,035,FBN1_016_713_97,0,0.0,15,1.0,0.1296,20.87
2026-06-14 11:08:57,035,FBN1_016_713_97,0,0.0,15,1.0,0.1332,20.87
2026-06-14 11:19:00,035,FBN1_016_713_97,10,0.017,13,0.981,0.1332,20.89
2026-06-14 11:29:02,035,FBN1_016_713_97,54,0.09,9,0.87,0.1296,20.92
2026-06-14 11:39:05,035,FBN1_016_713_97,0,0.0,15,1.0,0.1548,20.93
2026-06-14 11:49:08,035,FBN1_016_713_97,1,0.002,14,0.998,0.1548,20.94
2026-06-14 11:59:39,035,FBN1_016_713_97,1,0.002,14,0.998,0.1368,21.01
2026-06-14 12:09:42,035,FBN1_016_713_97,0,0.0,15,1.0,0.1404,20.98
2026-06-14 12:19:45,035,FBN1_016_713_97,1,0.002,14,0.998,0.1296,20.96
2026-06-14 12:29:48,035,FBN1_016_713_97,1,0.002,14,0.998,0.1296,20.95
2026-06-14 12:39:51,035,FBN1_016_713_97,9,0.015,13,0.983,0.1404,20.93
2026-06-14 12:49:54,035,FBN1_016_713_97,1,0.002,15,0.998,0.1296,20.93
2026-06-14 12:59:57,035,FBN1_016_713_97,0,0.0,15,1.0,0.1404,20.91
2026-06-14 13:09:59,035,FBN1_016_713_97,1,0.002,14,0.998,0.1296,20.91
2026-06-14 13:20:02,035,FBN1_016_713_97,0,0.0,15,1.0,0.1296,20.9
2026-06-14 13:30:04,035,FBN1_016_713_97,1,0.002,14,0.998,0.1404,20.9
2026-06-14 13:40:07,035,FBN1_016_713_97,1,0.002,14,0.998,0.1296,20.9
2026-06-14 13:50:10,035,FBN1_016_713_97,2,0.003,14,0.996,0.1296,20.9
2026-06-14 14:00:13,035,FBN1_016_713_97,106,0.176,3,0.531,0.1296,20.95
2026-06-14 14:10:16,035,FBN1_016_713_97,33,0.055,12,0.936,0.1368,20.97
2026-06-14 14:20:19,035,FBN1_016_713_97,26,0.043,10,0.939,0.1368,20.98
2026-06-14 14:30:21,035,FBN1_016_713_97,0,0.0,15,1.0,0.1368,20.99
2026-06-14 14:40:24,035,FBN1_016_713_97,6,0.01,13,0.989,0.1368,20.97
2026-06-14 14:50:27,035,FBN1_016_713_97,0,0.0,15,1.0,0.1368,20.95
2026-06-14 15:00:30,035,FBN1_016_713_97,0,0.0,15,1.0,0.1368,20.94
2026-06-14 15:10:33,035,FBN1_016_713_97,1,0.002,14,0.998,0.1368,20.93
2026-06-14 15:20:36,035,FBN1_016_713_97,2,0.003,14,0.996,0.1368,20.93
2026-06-14 15:30:38,035,FBN1_016_713_97,0,0.0,15,1.0,0.1368,20.92
2026-06-14 15:40:41,035,FBN1_016_713_97,0,0.0,15,1.0,0.1368,20.92
2026-06-14 15:50:44,035,FBN1_016_713_97,8,0.013,13,0.985,0.144,20.92
2026-06-14 16:01:20,035,FBN1_016_713_97,3,0.005,14,0.995,0.1368,21.01
2026-06-14 16:11:23,035,FBN1_016_713_97,71,0.118,8,0.818,0.1368,21.01
2026-06-14 16:21:26,035,FBN1_016_713_97,121,0.201,8,0.726,0.144,21.07
2026-06-14 16:31:29,035,FBN1_016_713_97,39,0.065,11,0.919,0.1296,21.13
2026-06-14 16:41:31,035,FBN1_016_713_97,157,0.261,5,0.56,0.0936,21.15
2026-06-14 16:51:34,035,FBN1_016_713_97,116,0.193,6,0.674,0.1296,21.21
2026-06-14 17:01:37,035,FBN1_016_713_97,67,0.111,5,0.749,0.1296,21.18
2026-06-14 17:11:40,035,FBN1_016_713_97,4,0.007,13,0.992,0.1296,21.14
2026-06-14 17:21:43,035,FBN1_016_713_97,3,0.005,14,0.995,0.1296,21.1
2026-06-14 17:31:45,035,FBN1_016_713_97,6,0.01,13,0.989,0.1296,21.07
2026-06-14 17:41:49,035,FBN1_016_713_97,12,0.02,14,0.979,0.1296,21.05
2026-06-14 17:51:52,035,FBN1_016_713_97,92,0.153,7,0.753,0.126,21.06
2026-06-14 18:01:54,035,FBN1_016_713_97,43,0.072,12,0.918,0.0,21.06
2026-06-14 18:11:57,035,FBN1_016_713_97,86,0.143,8,0.788,0.0,21.09
2026-06-14 18:22:00,035,FBN1_016_713_97,405,0.674,0,0.0,0.0,21.31
2026-06-14 18:32:02,035,FBN1_016_713_97,6,0.01,11,0.987,0.0,21.28
2026-06-14 18:42:06,035,FBN1_016_713_97,195,0.324,6,0.552,0.0,21.32
2026-06-14 18:52:09,035,FBN1_016_713_97,381,0.634,0,0.0,0.0,21.34
2026-06-14 19:02:12,035,FBN1_016_713_97,130,0.216,8,0.711,0.0,21.32
2026-06-14 19:12:14,035,FBN1_016_713_97,381,0.634,0,0.0,0.0,21.35
2026-06-14 19:22:17,035,FBN1_016_713_97,89,0.148,9,0.802,0.0,21.29
2026-06-14 19:32:20,035,FBN1_016_713_97,192,0.319,7,0.593,0.0,21.27
2026-06-14 19:42:23,035,FBN1_016_713_97,356,0.592,0,0.0,0.0,21.29
2026-06-14 19:52:26,035,FBN1_016_713_97,147,0.245,1,0.214,0.0,21.25
2026-06-14 20:02:56,035,FBN1_016_713_97,19,0.032,12,0.962,0.0,21.29
2026-06-14 20:12:58,035,FBN1_016_713_97,0,0.0,15,1.0,0.0,21.21
2026-06-14 20:23:01,035,FBN1_016_713_97,1,0.002,14,0.998,0.0,21.17
2026-06-14 20:33:04,035,FBN1_016_713_97,91,0.152,7,0.755,0.0,21.14
2026-06-14 20:43:07,035,FBN1_016_713_97,44,0.073,12,0.916,0.0,21.14
2026-06-14 20:53:10,035,FBN1_016_713_97,277,0.461,3,0.302,0.0,21.23
2026-06-14 21:03:12,035,FBN1_016_713_97,282,0.47,2,0.221,0.0,21.31
2026-06-14 21:13:15,035,FBN1_016_713_97,239,0.398,4,0.401,0.0,21.31
2026-06-14 21:23:18,035,FBN1_016_713_97,154,0.256,7,0.645,0.0,21.33
2026-06-14 21:33:20,035,FBN1_016_713_97,439,0.73,0,0.0,0.0,21.44
2026-06-14 21:43:23,035,FBN1_016_713_97,266,0.443,2,0.231,0.0,21.41
2026-06-14 21:53:26,035,FBN1_016_713_97,8,0.013,13,0.985,0.0,21.34
2026-06-14 22:03:29,035,FBN1_016_713_97,160,0.266,4,0.5,0.0,21.33
2026-06-14 22:13:32,035,FBN1_016_713_97,61,0.101,11,0.878,0.0,21.32
2026-06-14 22:23:34,035,FBN1_016_713_97,4,0.007,14,0.993,0.0,21.29
2026-06-14 22:33:37,035,FBN1_016_713_97,0,0.0,15,1.0,0.0,21.25
2026-06-14 22:43:39,035,FBN1_016_713_97,3,0.005,14,0.995,0.0,21.22
2026-06-14 22:53:42,035,FBN1_016_713_97,1,0.002,14,0.998,0.0,21.21
2026-06-14 23:03:44,035,FBN1_016_713_97,0,0.0,15,1.0,0.0,21.2
2026-06-14 23:13:48,035,FBN1_016_713_97,70,0.116,6,0.774,0.0,21.2
2026-06-14 23:23:50,035,FBN1_016_713_97,66,0.11,8,0.829,0.0,21.19
2026-06-14 23:33:53,035,FBN1_016_713_97,0,0.0,15,1.0,0.0,21.16
2026-06-14 23:43:56,035,FBN1_016_713_97,321,0.535,1,0.111,0.0,21.28
2026-06-14 23:53:58,035,FBN1_016_713_97,302,0.502,1,0.117,0.0,21.31
2026-06-13 00:09:25,042,FBN1_016_713_98,128,0.213,10,0.758,0.0,21.24
2026-06-13 00:19:27,042,FBN1_016_713_98,44,0.073,12,0.916,0.0,21.16
2026-06-13 00:29:31,042,FBN1_016_713_98,27,0.045,13,0.951,0.0,21.09
2026-06-13 00:39:34,042,FBN1_016_713_98,0,0.0,15,1.0,0.0,21.01
2026-06-13 00:49:38,042,FBN1_016_713_98,1,0.002,15,0.998,0.0,20.93
2026-06-13 00:59:41,042,FBN1_016_713_98,1,0.002,15,0.998,0.0,20.88
2026-06-13 01:09:45,042,FBN1_016_713_98,0,0.0,15,1.0,0.0,20.82
2026-06-13 01:19:48,042,FBN1_016_713_98,0,0.0,15,1.0,0.0,20.79
2026-06-13 01:29:52,042,FBN1_016_713_98,19,0.032,14,0.967,0.0,20.78
2026-06-13 01:39:55,042,FBN1_016_713_98,19,0.032,14,0.967,0.0,20.76
2026-06-13 01:49:58,042,FBN1_016_713_98,22,0.037,14,0.962,0.0,20.77
2026-06-13 02:00:01,042,FBN1_016_713_98,9,0.015,14,0.984,0.0,20.76
2026-06-13 02:10:04,042,FBN1_016_713_98,0,0.0,15,1.0,0.0,20.74
2026-06-13 02:20:07,042,FBN1_016_713_98,86,0.143,11,0.837,0.0,20.78
2026-06-13 02:30:10,042,FBN1_016_713_98,137,0.228,10,0.745,0.0,20.85
2026-06-13 02:40:13,042,FBN1_016_713_98,0,0.0,15,1.0,0.0,20.83
2026-06-13 02:50:17,042,FBN1_016_713_98,0,0.0,15,1.0,0.0,20.78
2026-06-13 03:00:20,042,FBN1_016_713_98,0,0.0,15,1.0,0.0,20.77
2026-06-13 03:10:24,042,FBN1_016_713_98,163,0.271,6,0.596,0.0,20.89
2026-06-13 03:20:27,042,FBN1_016_713_98,86,0.143,11,0.837,0.0,20.92
2026-06-13 03:30:31,042,FBN1_016_713_98,0,0.0,15,1.0,0.0,20.88
2026-06-13 03:40:34,042,FBN1_016_713_98,18,0.03,14,0.969,0.0,20.85
2026-06-13 03:51:04,042,FBN1_016_713_98,10,0.017,14,0.982,0.0,20.89
2026-06-13 04:01:07,042,FBN1_016_713_98,3,0.005,15,0.995,0.0,20.84
2026-06-13 04:11:10,042,FBN1_016_713_98,253,0.42,2,0.24,0.0,20.96
2026-06-13 04:21:14,042,FBN1_016_713_98,296,0.493,1,0.119,0.0,21.11
2026-06-13 04:31:17,042,FBN1_016_713_98,27,0.045,13,0.951,0.0,21.05
2026-06-13 04:41:20,042,FBN1_016_713_98,157,0.261,4,0.505,0.0,21.06
2026-06-13 04:51:23,042,FBN1_016_713_98,79,0.131,10,0.835,0.0,21.02
2026-06-13 05:01:26,042,FBN1_016_713_98,417,0.694,0,0.0,0.0,21.23
2026-06-13 05:11:30,042,FBN1_016_713_98,103,0.171,10,0.795,0.0,21.21
2026-06-13 05:21:32,042,FBN1_016_713_98,46,0.077,12,0.913,0.0,21.11
2026-06-13 05:31:36,042,FBN1_016_713_98,34,0.057,13,0.939,0.0,21.03
2026-06-13 05:41:39,042,FBN1_016_713_98,0,0.0,15,1.0,0.0,20.94
2026-06-13 05:51:42,042,FBN1_016_713_98,0,0.0,15,1.0,0.0,20.86
2026-06-13 06:01:45,042,FBN1_016_713_98,0,0.0,15,1.0,0.18,20.8
2026-06-13 06:11:48,042,FBN1_016_713_98,0,0.0,15,1.0,0.18,20.76
2026-06-13 06:21:51,042,FBN1_016_713_98,0,0.0,15,1.0,0.1836,20.74
2026-06-13 06:31:54,042,FBN1_016_713_98,1,0.002,14,0.998,0.1728,20.71
2026-06-13 06:41:57,042,FBN1_016_713_98,0,0.0,15,1.0,0.1728,20.71
2026-06-13 06:52:01,042,FBN1_016_713_98,5,0.008,15,0.992,0.1728,20.69
2026-06-13 07:02:04,042,FBN1_016_713_98,0,0.0,15,1.0,0.18,20.69
2026-06-13 07:12:07,042,FBN1_016_713_98,0,0.0,15,1.0,0.1728,20.67
2026-06-13 07:22:11,042,FBN1_016_713_98,0,0.0,15,1.0,0.1548,20.66
2026-06-13 07:32:14,042,FBN1_016_713_98,95,0.158,9,0.791,0.1656,20.75
2026-06-13 07:42:18,042,FBN1_016_713_98,129,0.215,10,0.756,0.1584,20.82
2026-06-13 07:52:42,042,FBN1_016_713_98,203,0.339,8,0.612,0.1656,20.97
2026-06-13 08:02:45,042,FBN1_016_713_98,2,0.003,15,0.997,0.1728,20.93
2026-06-13 08:12:48,042,FBN1_016_713_98,0,0.0,15,1.0,0.1728,20.89
2026-06-13 08:22:52,042,FBN1_016_713_98,0,0.0,15,1.0,0.1728,20.87
2026-06-13 08:32:55,042,FBN1_016_713_98,0,0.0,15,1.0,0.1728,20.83
2026-06-13 08:42:59,042,FBN1_016_713_98,0,0.0,15,1.0,0.1728,20.8
2026-06-13 08:53:02,042,FBN1_016_713_98,0,0.0,15,1.0,0.1728,20.76
2026-06-13 09:03:05,042,FBN1_016_713_98,0,0.0,15,1.0,0.1728,20.75
2026-06-13 09:13:07,042,FBN1_016_713_98,0,0.0,15,1.0,0.1728,20.74
2026-06-13 09:23:11,042,FBN1_016_713_98,1,0.002,14,0.998,0.1728,20.73
2026-06-13 09:33:14,042,FBN1_016_713_98,0,0.0,15,1.0,0.1764,20.72
2026-06-13 09:43:17,042,FBN1_016_713_98,0,0.0,15,1.0,0.2016,20.71
2026-06-13 09:53:20,042,FBN1_016_713_98,0,0.0,15,1.0,0.2016,20.7
2026-06-13 10:03:24,042,FBN1_016_713_98,0,0.0,15,1.0,0.2016,20.7
2026-06-13 10:13:26,042,FBN1_016_713_98,0,0.0,15,1.0,0.1728,20.7
2026-06-13 10:23:30,042,FBN1_016_713_98,0,0.0,15,1.0,0.1728,20.7
2026-06-13 10:33:33,042,FBN1_016_713_98,0,0.0,15,1.0,0.1728,20.69
2026-06-13 10:43:36,042,FBN1_016_713_98,1,0.002,14,0.998,0.2016,20.67
2026-06-13 10:53:39,042,FBN1_016_713_98,0,0.0,15,1.0,0.2016,20.67
2026-06-13 11:03:42,042,FBN1_016_713_98,86,0.143,9,0.807,0.144,20.72
2026-06-13 11:13:45,042,FBN1_016_713_98,17,0.028,14,0.971,0.1656,20.75
2026-06-13 11:23:49,042,FBN1_016_713_98,0,0.0,15,1.0,0.1656,20.74
2026-06-13 11:33:51,042,FBN1_016_713_98,0,0.0,15,1.0,0.2052,20.72
2026-06-13 11:43:54,042,FBN1_016_713_98,0,0.0,15,1.0,0.2052,20.7
2026-06-13 11:54:25,042,FBN1_016_713_98,0,0.0,15,1.0,0.2052,20.73
2026-06-13 12:04:28,042,FBN1_016_713_98,0,0.0,15,1.0,0.1764,20.67
2026-06-13 12:14:31,042,FBN1_016_713_98,0,0.0,15,1.0,0.1656,20.61
2026-06-13 12:24:34,042,FBN1_016_713_98,0,0.0,15,1.0,0.1836,20.58
2026-06-13 12:34:38,042,FBN1_016_713_98,0,0.0,15,1.0,0.1764,20.55
2026-06-13 12:44:41,042,FBN1_016_713_98,0,0.0,15,1.0,0.1728,20.55
2026-06-13 12:54:44,042,FBN1_016_713_98,0,0.0,15,1.0,0.1728,20.55
2026-06-13 13:04:47,042,FBN1_016_713_98,0,0.0,15,1.0,0.1728,20.57
2026-06-13 13:14:50,042,FBN1_016_713_98,0,0.0,15,1.0,0.1764,20.6
2026-06-13 13:24:53,042,FBN1_016_713_98,0,0.0,15,1.0,0.1728,20.59
2026-06-13 13:34:55,042,FBN1_016_713_98,0,0.0,15,1.0,0.1764,20.61
2026-06-13 13:44:58,042,FBN1_016_713_98,0,0.0,15,1.0,0.1728,20.62
2026-06-13 13:55:02,042,FBN1_016_713_98,0,0.0,15,1.0,0.1764,20.62
2026-06-13 14:05:05,042,FBN1_016_713_98,44,0.073,12,0.916,0.144,20.64
2026-06-13 14:15:08,042,FBN1_016_713_98,10,0.017,13,0.981,0.1764,20.67
2026-06-13 14:25:12,042,FBN1_016_713_98,0,0.0,15,1.0,0.1728,20.65
2026-06-13 14:35:15,042,FBN1_016_713_98,0,0.0,15,1.0,0.1764,20.63
2026-06-13 14:45:18,042,FBN1_016_713_98,0,0.0,15,1.0,0.1728,20.62
2026-06-13 14:55:22,042,FBN1_016_713_98,0,0.0,15,1.0,0.1728,20.61
2026-06-13 15:05:25,042,FBN1_016_713_98,1,0.002,15,0.998,0.1728,20.6
2026-06-13 15:15:28,042,FBN1_016_713_98,0,0.0,15,1.0,0.18,20.6
2026-06-13 15:25:31,042,FBN1_016_713_98,0,0.0,15,1.0,0.1728,20.61
2026-06-13 15:35:34,042,FBN1_016_713_98,0,0.0,15,1.0,0.1728,20.6
2026-06-13 15:45:38,042,FBN1_016_713_98,0,0.0,15,1.0,0.1512,20.61
2026-06-13 15:56:04,042,FBN1_016_713_98,79,0.132,12,0.859,0.1728,20.72
2026-06-13 16:06:07,042,FBN1_016_713_98,0,0.0,15,1.0,0.1728,20.7
2026-06-13 16:16:11,042,FBN1_016_713_98,0,0.0,15,1.0,0.1764,20.69
2026-06-13 16:26:15,042,FBN1_016_713_98,0,0.0,15,1.0,0.1728,20.66
2026-06-13 16:36:18,042,FBN1_016_713_98,0,0.0,15,1.0,0.1764,20.64
2026-06-13 16:46:21,042,FBN1_016_713_98,0,0.0,15,1.0,0.1728,20.64
2026-06-13 16:56:24,042,FBN1_016_713_98,114,0.189,8,0.737,0.1764,20.77
2026-06-13 17:06:28,042,FBN1_016_713_98,0,0.0,15,1.0,0.1764,20.75
2026-06-13 17:16:31,042,FBN1_016_713_98,0,0.0,15,1.0,0.1764,20.73
2026-06-13 17:26:35,042,FBN1_016_713_98,0,0.0,15,1.0,0.1764,20.7
2026-06-13 17:36:38,042,FBN1_016_713_98,0,0.0,15,1.0,0.1764,20.68
2026-06-13 17:46:41,042,FBN1_016_713_98,0,0.0,15,1.0,0.1764,20.67
2026-06-13 17:56:45,042,FBN1_016_713_98,215,0.358,3,0.358,0.1584,20.79
2026-06-13 18:06:48,042,FBN1_016_713_98,218,0.363,6,0.524,0.0,20.93
2026-06-13 18:16:51,042,FBN1_016_713_98,188,0.312,6,0.561,0.0,21.04
2026-06-13 18:26:54,042,FBN1_016_713_98,333,0.554,3,0.265,0.0,21.24
2026-06-13 18:36:58,042,FBN1_016_713_98,233,0.388,6,0.507,0.0,21.25
2026-06-13 18:47:01,042,FBN1_016_713_98,234,0.389,5,0.461,0.0,21.36
2026-06-13 18:57:04,042,FBN1_016_713_98,278,0.463,6,0.463,0.0,21.44
2026-06-13 19:07:07,042,FBN1_016_713_98,311,0.517,2,0.205,0.0,21.42
2026-06-13 19:17:10,042,FBN1_016_713_98,146,0.243,8,0.687,0.0,21.35
2026-06-13 19:27:14,042,FBN1_016_713_98,45,0.075,14,0.926,0.0,21.23
2026-06-13 19:37:16,042,FBN1_016_713_98,0,0.0,15,1.0,0.0,21.08
2026-06-13 19:47:19,042,FBN1_016_713_98,165,0.275,9,0.686,0.0,21.05
2026-06-13 19:57:46,042,FBN1_016_713_98,105,0.175,8,0.753,0.0,21.16
2026-06-13 20:07:49,042,FBN1_016_713_98,59,0.098,13,0.898,0.0,21.08
2026-06-13 20:17:52,042,FBN1_016_713_98,191,0.318,5,0.512,0.0,21.1
2026-06-13 20:27:56,042,FBN1_016_713_98,0,0.0,15,1.0,0.0,21.01
2026-06-13 20:37:58,042,FBN1_016_713_98,0,0.0,15,1.0,0.0,20.92
2026-06-13 20:48:01,042,FBN1_016_713_98,2,0.003,14,0.996,0.0,20.83
2026-06-13 20:58:04,042,FBN1_016_713_98,0,0.0,15,1.0,0.0,20.77
2026-06-13 21:08:08,042,FBN1_016_713_98,15,0.025,14,0.974,0.0,20.75
2026-06-13 21:18:11,042,FBN1_016_713_98,172,0.286,7,0.619,0.0,20.85
2026-06-13 21:28:14,042,FBN1_016_713_98,81,0.135,11,0.845,0.0,20.88
2026-06-13 21:38:17,042,FBN1_016_713_98,267,0.444,3,0.31,0.0,21.06
2026-06-13 21:48:21,042,FBN1_016_713_98,204,0.339,8,0.611,0.0,21.07
2026-06-13 21:58:23,042,FBN1_016_713_98,69,0.115,12,0.874,0.0,21.0
2026-06-13 22:08:26,042,FBN1_016_713_98,152,0.253,8,0.678,0.0,21.02
2026-06-13 22:18:29,042,FBN1_016_713_98,33,0.055,12,0.936,0.0,20.98
2026-06-13 22:28:32,042,FBN1_016_713_98,261,0.434,5,0.434,0.0,21.1
2026-06-13 22:38:35,042,FBN1_016_713_98,22,0.037,14,0.962,0.0,21.01
2026-06-13 22:48:38,042,FBN1_016_713_98,131,0.218,8,0.71,0.0,21.01
2026-06-13 22:58:42,042,FBN1_016_713_98,0,0.0,15,1.0,0.0,20.94
2026-06-13 23:08:45,042,FBN1_016_713_98,0,0.0,15,1.0,0.0,20.85
2026-06-13 23:18:48,042,FBN1_016_713_98,0,0.0,15,1.0,0.0,20.76
2026-06-13 23:28:51,042,FBN1_016_713_98,0,0.0,15,1.0,0.0,20.72
2026-06-13 23:38:54,042,FBN1_016_713_98,0,0.0,15,1.0,0.0,20.68
2026-06-13 23:48:57,042,FBN1_016_713_98,8,0.013,14,0.986,0.0,20.64
2026-06-13 23:59:29,042,FBN1_016_713_98,0,0.0,15,1.0,0.0,20.69
2026-06-14 00:09:33,042,FBN1_016_713_98,0,0.0,15,1.0,0.0,20.64
2026-06-14 00:19:36,042,FBN1_016_713_98,0,0.0,15,1.0,0.0,20.62
2026-06-14 00:29:39,042,FBN1_016_713_98,174,0.29,8,0.648,0.0,20.75
2026-06-14 00:39:43,042,FBN1_016_713_98,273,0.453,4,0.37,0.0,20.9
2026-06-14 00:49:46,042,FBN1_016_713_98,123,0.204,8,0.722,0.0,20.93
2026-06-14 00:59:49,042,FBN1_016_713_98,0,0.0,15,1.0,0.0,20.87
2026-06-14 01:09:53,042,FBN1_016_713_98,0,0.0,15,1.0,0.0,20.79
2026-06-14 01:19:56,042,FBN1_016_713_98,2,0.003,15,0.997,0.0,20.74
2026-06-14 01:29:59,042,FBN1_016_713_98,0,0.0,15,1.0,0.0,20.68
2026-06-14 01:40:03,042,FBN1_016_713_98,30,0.05,14,0.949,0.0,20.68
2026-06-14 01:50:06,042,FBN1_016_713_98,243,0.404,3,0.331,0.0,20.78
2026-06-14 02:00:09,042,FBN1_016_713_98,277,0.461,3,0.302,0.0,21.05
2026-06-14 02:10:12,042,FBN1_016_713_98,0,0.0,15,1.0,0.0,20.94
2026-06-14 02:20:15,042,FBN1_016_713_98,2,0.003,15,0.997,0.0,20.84
2026-06-14 02:30:18,042,FBN1_016_713_98,0,0.0,15,1.0,0.0,20.75
2026-06-14 02:40:21,042,FBN1_016_713_98,0,0.0,15,1.0,0.0,20.7
2026-06-14 02:50:25,042,FBN1_016_713_98,0,0.0,15,1.0,0.0,20.66
2026-06-14 03:00:28,042,FBN1_016_713_98,108,0.179,9,0.769,0.0,20.7
2026-06-14 03:10:32,042,FBN1_016_713_98,0,0.0,15,1.0,0.0,20.7
2026-06-14 03:20:35,042,FBN1_016_713_98,0,0.0,15,1.0,0.0,20.68
2026-06-14 03:30:39,042,FBN1_016_713_98,87,0.145,11,0.835,0.0,20.73
2026-06-14 03:40:43,042,FBN1_016_713_98,0,0.0,15,1.0,0.0,20.72
2026-06-14 03:50:46,042,FBN1_016_713_98,0,0.0,15,1.0,0.0,20.68
2026-06-14 04:01:16,042,FBN1_016_713_98,0,0.0,15,1.0,0.0,20.72
2026-06-14 04:11:19,042,FBN1_016_713_98,0,0.0,15,1.0,0.0,20.66
2026-06-14 04:21:22,042,FBN1_016_713_98,31,0.052,14,0.948,0.0,20.67
2026-06-14 04:31:25,042,FBN1_016_713_98,127,0.211,10,0.759,0.0,20.71
2026-06-14 04:41:28,042,FBN1_016_713_98,209,0.348,2,0.277,0.0,20.81
2026-06-14 04:51:32,042,FBN1_016_713_98,184,0.306,6,0.566,0.0,20.94
2026-06-14 05:01:35,042,FBN1_016_713_98,65,0.108,12,0.881,0.0,20.92
2026-06-14 05:11:37,042,FBN1_016_713_98,70,0.116,12,0.873,0.0,20.92
2026-06-14 05:21:41,042,FBN1_016_713_98,23,0.038,14,0.961,0.0,20.87
2026-06-14 05:31:44,042,FBN1_016_713_98,69,0.115,10,0.853,0.0,20.84
2026-06-14 05:41:47,042,FBN1_016_713_98,168,0.28,6,0.588,0.0,20.9
2026-06-14 05:51:50,042,FBN1_016_713_98,0,0.0,15,1.0,0.0,20.83
2026-06-14 06:01:53,042,FBN1_016_713_98,0,0.0,15,1.0,0.1728,20.75
2026-06-14 06:11:57,042,FBN1_016_713_98,1,0.002,15,0.998,0.1728,20.69
2026-06-14 06:22:00,042,FBN1_016_713_98,0,0.0,15,1.0,0.1728,20.64
2026-06-14 06:32:02,042,FBN1_016_713_98,0,0.0,15,1.0,0.1764,20.62
2026-06-14 06:42:06,042,FBN1_016_713_98,0,0.0,15,1.0,0.1728,20.6
2026-06-14 06:52:09,042,FBN1_016_713_98,0,0.0,15,1.0,0.1764,20.58
2026-06-14 07:02:12,042,FBN1_016_713_98,0,0.0,15,1.0,0.1728,20.58
2026-06-14 07:12:16,042,FBN1_016_713_98,0,0.0,15,1.0,0.1728,20.58
2026-06-14 07:22:19,042,FBN1_016_713_98,0,0.0,15,1.0,0.1728,20.58
2026-06-14 07:32:23,042,FBN1_016_713_98,0,0.0,15,1.0,0.1764,20.57
2026-06-14 07:42:26,042,FBN1_016_713_98,10,0.017,15,0.984,0.1764,20.59
2026-06-14 07:52:30,042,FBN1_016_713_98,0,0.0,15,1.0,0.1728,20.59
2026-06-14 08:02:57,042,FBN1_016_713_98,0,0.0,15,1.0,0.1764,20.64
2026-06-14 08:13:00,042,FBN1_016_713_98,0,0.0,15,1.0,0.1728,20.61
2026-06-14 08:23:03,042,FBN1_016_713_98,0,0.0,15,1.0,0.18,20.6
2026-06-14 08:33:07,042,FBN1_016_713_98,0,0.0,15,1.0,0.1764,20.59
2026-06-14 08:43:10,042,FBN1_016_713_98,0,0.0,15,1.0,0.1728,20.58
2026-06-14 08:53:13,042,FBN1_016_713_98,185,0.307,3,0.393,0.1584,20.66
2026-06-14 09:03:17,042,FBN1_016_713_98,104,0.173,10,0.794,0.1656,20.76
2026-06-14 09:13:20,042,FBN1_016_713_98,44,0.073,12,0.916,0.1656,20.76
2026-06-14 09:23:24,042,FBN1_016_713_98,13,0.022,15,0.979,0.1656,20.73
2026-06-14 09:33:27,042,FBN1_016_713_98,0,0.0,15,1.0,0.1656,20.69
2026-06-14 09:43:30,042,FBN1_016_713_98,0,0.0,15,1.0,0.198,20.66
2026-06-14 09:53:33,042,FBN1_016_713_98,0,0.0,15,1.0,0.1944,20.63
2026-06-14 10:03:36,042,FBN1_016_713_98,0,0.0,15,1.0,0.1692,20.63
2026-06-14 10:13:40,042,FBN1_016_713_98,0,0.0,15,1.0,0.1692,20.61
2026-06-14 10:23:43,042,FBN1_016_713_98,0,0.0,15,1.0,0.1692,20.61
2026-06-14 10:33:46,042,FBN1_016_713_98,0,0.0,15,1.0,0.1692,20.6
2026-06-14 10:43:49,042,FBN1_016_713_98,0,0.0,15,1.0,0.1656,20.59
2026-06-14 10:53:52,042,FBN1_016_713_98,0,0.0,15,1.0,0.1692,20.58
2026-06-14 11:03:56,042,FBN1_016_713_98,34,0.056,13,0.939,0.1584,20.59
2026-06-14 11:13:59,042,FBN1_016_713_98,0,0.0,15,1.0,0.1584,20.6
2026-06-14 11:24:03,042,FBN1_016_713_98,0,0.0,15,1.0,0.1656,20.6
2026-06-14 11:34:06,042,FBN1_016_713_98,0,0.0,15,1.0,0.1872,20.6
2026-06-14 11:44:09,042,FBN1_016_713_98,0,0.0,15,1.0,0.1944,20.59
2026-06-14 11:54:12,042,FBN1_016_713_98,0,0.0,15,1.0,0.1656,20.59
2026-06-14 12:04:37,042,FBN1_016_713_98,0,0.0,15,1.0,0.1584,20.64
2026-06-14 12:14:40,042,FBN1_016_713_98,0,0.0,15,1.0,0.1584,20.62
2026-06-14 12:24:43,042,FBN1_016_713_98,0,0.0,15,1.0,0.1656,20.61
2026-06-14 12:34:46,042,FBN1_016_713_98,6,0.01,15,0.99,0.1656,20.6
2026-06-14 12:44:50,042,FBN1_016_713_98,0,0.0,15,1.0,0.1584,20.62
2026-06-14 12:54:53,042,FBN1_016_713_98,49,0.081,13,0.914,0.1584,20.63
2026-06-14 13:04:57,042,FBN1_016_713_98,10,0.017,13,0.981,0.1656,20.66
2026-06-14 13:15:00,042,FBN1_016_713_98,0,0.0,15,1.0,0.1692,20.67
2026-06-14 13:25:04,042,FBN1_016_713_98,0,0.0,15,1.0,0.1692,20.68
2026-06-14 13:35:07,042,FBN1_016_713_98,0,0.0,15,1.0,0.1692,20.66
2026-06-14 13:45:10,042,FBN1_016_713_98,0,0.0,15,1.0,0.1656,20.66
2026-06-14 13:55:14,042,FBN1_016_713_98,0,0.0,15,1.0,0.1692,20.65
2026-06-14 14:05:17,042,FBN1_016_713_98,0,0.0,15,1.0,0.1692,20.64
2026-06-14 14:15:20,042,FBN1_016_713_98,0,0.0,15,1.0,0.1656,20.63
2026-06-14 14:25:24,042,FBN1_016_713_98,0,0.0,15,1.0,0.1656,20.63
2026-06-14 14:35:27,042,FBN1_016_713_98,1,0.002,15,0.998,0.1656,20.63
2026-06-14 14:45:30,042,FBN1_016_713_98,0,0.0,15,1.0,0.1656,20.61
2026-06-14 14:55:34,042,FBN1_016_713_98,0,0.0,15,1.0,0.1656,20.62
2026-06-14 15:05:36,042,FBN1_016_713_98,0,0.0,15,1.0,0.1656,20.6
2026-06-14 15:15:40,042,FBN1_016_713_98,0,0.0,15,1.0,0.1656,20.59
2026-06-14 15:25:43,042,FBN1_016_713_98,0,0.0,15,1.0,0.1656,20.58
2026-06-14 15:35:46,042,FBN1_016_713_98,2,0.003,15,0.997,0.1656,20.59
2026-06-14 15:45:50,042,FBN1_016_713_98,46,0.077,12,0.913,0.144,20.61
2026-06-14 15:55:53,042,FBN1_016_713_98,63,0.105,11,0.875,0.1584,20.68
2026-06-14 16:06:20,042,FBN1_016_713_98,0,0.0,15,1.0,0.1656,20.74
2026-06-14 16:16:24,042,FBN1_016_713_98,2,0.003,15,0.997,0.1584,20.71
2026-06-14 16:26:27,042,FBN1_016_713_98,0,0.0,15,1.0,0.1584,20.68
2026-06-14 16:36:30,042,FBN1_016_713_98,0,0.0,15,1.0,0.1656,20.66
2026-06-14 16:46:34,042,FBN1_016_713_98,0,0.0,15,1.0,0.1584,20.63
2026-06-14 16:56:36,042,FBN1_016_713_98,0,0.0,15,1.0,0.1584,20.63
2026-06-14 17:06:40,042,FBN1_016_713_98,0,0.0,15,1.0,0.1584,20.62
2026-06-14 17:16:42,042,FBN1_016_713_98,0,0.0,15,1.0,0.1584,20.61
2026-06-14 17:26:45,042,FBN1_016_713_98,53,0.088,12,0.901,0.1584,20.63
2026-06-14 17:36:49,042,FBN1_016_713_98,110,0.183,10,0.784,0.1584,20.76
2026-06-14 17:46:53,042,FBN1_016_713_98,1,0.002,14,0.998,0.1584,20.74
2026-06-14 17:56:56,042,FBN1_016_713_98,0,0.0,15,1.0,0.1584,20.71
2026-06-14 18:06:59,042,FBN1_016_713_98,0,0.0,15,1.0,0.0,20.69
2026-06-14 18:17:02,042,FBN1_016_713_98,80,0.133,11,0.846,0.0,20.7
2026-06-14 18:27:06,042,FBN1_016_713_98,243,0.404,5,0.451,0.0,20.87
2026-06-14 18:37:09,042,FBN1_016_713_98,112,0.186,9,0.763,0.0,20.96
2026-06-14 18:47:12,042,FBN1_016_713_98,319,0.531,2,0.201,0.0,21.11
2026-06-14 18:57:15,042,FBN1_016_713_98,226,0.376,6,0.515,0.0,21.18
2026-06-14 19:07:19,042,FBN1_016_713_98,168,0.279,9,0.682,0.0,21.19
2026-06-14 19:17:22,042,FBN1_016_713_98,118,0.196,9,0.753,0.0,21.18
2026-06-14 19:27:25,042,FBN1_016_713_98,57,0.095,13,0.901,0.0,21.11
2026-06-14 19:37:28,042,FBN1_016_713_98,0,0.0,15,1.0,0.0,21.0
2026-06-14 19:47:31,042,FBN1_016_713_98,0,0.0,15,1.0,0.0,20.9
2026-06-14 19:57:35,042,FBN1_016_713_98,7,0.012,14,0.988,0.0,20.85
2026-06-14 20:07:58,042,FBN1_016_713_98,243,0.406,4,0.397,0.0,20.99
2026-06-14 20:18:02,042,FBN1_016_713_98,306,0.508,4,0.343,0.0,21.11
2026-06-14 20:28:05,042,FBN1_016_713_98,279,0.464,4,0.364,0.0,21.3
2026-06-14 20:38:08,042,FBN1_016_713_98,149,0.248,10,0.729,0.0,21.27
2026-06-14 20:48:12,042,FBN1_016_713_98,81,0.135,11,0.845,0.0,21.19
2026-06-14 20:58:15,042,FBN1_016_713_98,131,0.218,10,0.753,0.0,21.13
2026-06-14 21:08:19,042,FBN1_016_713_98,313,0.521,4,0.338,0.0,21.26
2026-06-14 21:18:22,042,FBN1_016_713_98,138,0.23,9,0.723,0.0,21.24
2026-06-14 21:28:25,042,FBN1_016_713_98,17,0.028,14,0.971,0.0,21.12
2026-06-14 21:38:28,042,FBN1_016_713_98,0,0.0,15,1.0,0.0,21.0
2026-06-14 21:48:31,042,FBN1_016_713_98,0,0.0,15,1.0,0.0,20.89
2026-06-14 21:58:34,042,FBN1_016_713_98,0,0.0,15,1.0,0.0,20.81
2026-06-14 22:08:37,042,FBN1_016_713_98,0,0.0,15,1.0,0.0,20.76
2026-06-14 22:18:40,042,FBN1_016_713_98,74,0.123,12,0.866,0.0,20.76
2026-06-14 22:28:44,042,FBN1_016_713_98,241,0.4,4,0.399,0.0,20.93
2026-06-14 22:38:48,042,FBN1_016_713_98,91,0.151,12,0.841,0.0,21.03
2026-06-14 22:48:51,042,FBN1_016_713_98,44,0.073,14,0.927,0.0,21.01
2026-06-14 22:58:55,042,FBN1_016_713_98,244,0.406,4,0.396,0.0,21.18
2026-06-14 23:08:57,042,FBN1_016_713_98,113,0.188,10,0.78,0.0,21.17
2026-06-14 23:19:01,042,FBN1_016_713_98,92,0.153,11,0.827,0.0,21.14
2026-06-14 23:29:05,042,FBN1_016_713_98,0,0.0,15,1.0,0.0,21.04
2026-06-14 23:39:08,042,FBN1_016_713_98,55,0.092,13,0.904,0.0,21.0
2026-06-14 23:49:11,042,FBN1_016_713_98,0,0.0,15,1.0,0.0,20.89
2026-06-14 23:59:14,042,FBN1_016_713_98,0,0.0,15,1.0,0.0,20.81
2026-06-13 00:02:15,021,FBN1_016_714_11,277,0.46,3,0.302,0.0,21.76
2026-06-13 00:12:18,021,FBN1_016_714_11,329,0.547,1,0.108,0.0,21.87
2026-06-13 00:22:22,021,FBN1_016_714_11,284,0.472,1,0.123,0.0,21.99
2026-06-13 00:32:24,021,FBN1_016_714_11,354,0.589,0,0.0,0.0,22.08
2026-06-13 00:42:27,021,FBN1_016_714_11,300,0.499,2,0.211,0.0,22.08
2026-06-13 00:52:30,021,FBN1_016_714_11,263,0.438,3,0.313,0.0,22.06
2026-06-13 01:02:33,021,FBN1_016_714_11,260,0.433,3,0.316,0.0,22.15
2026-06-13 01:12:36,021,FBN1_016_714_11,294,0.489,2,0.214,0.0,22.23
2026-06-13 01:22:38,021,FBN1_016_714_11,333,0.554,2,0.194,0.0,22.26
2026-06-13 01:32:41,021,FBN1_016_714_11,371,0.617,1,0.097,0.0,22.24
2026-06-13 01:42:45,021,FBN1_016_714_11,299,0.498,2,0.211,0.0,22.23
2026-06-13 01:52:47,021,FBN1_016_714_11,207,0.344,5,0.491,0.0,22.2
2026-06-13 02:02:51,021,FBN1_016_714_11,131,0.218,9,0.733,0.0,22.15
2026-06-13 02:12:53,021,FBN1_016_714_11,48,0.08,13,0.915,0.0,22.01
2026-06-13 02:22:56,021,FBN1_016_714_11,0,0.0,15,1.0,0.0,21.86
2026-06-13 02:32:59,021,FBN1_016_714_11,0,0.0,15,1.0,0.0,21.75
2026-06-13 02:43:02,021,FBN1_016_714_11,0,0.0,15,1.0,0.0,21.67
2026-06-13 02:53:05,021,FBN1_016_714_11,0,0.0,15,1.0,0.0,21.6
2026-06-13 03:03:08,021,FBN1_016_714_11,0,0.0,15,1.0,0.0,21.53
2026-06-13 03:13:12,021,FBN1_016_714_11,28,0.047,13,0.949,0.0,21.5
2026-06-13 03:23:14,021,FBN1_016_714_11,95,0.158,9,0.791,0.0,21.58
2026-06-13 03:33:17,021,FBN1_016_714_11,256,0.427,3,0.319,0.0,21.74
2026-06-13 03:43:40,021,FBN1_016_714_11,264,0.441,2,0.233,0.0,21.94
2026-06-13 03:53:43,021,FBN1_016_714_11,189,0.315,5,0.514,0.0,21.93
2026-06-13 04:03:46,021,FBN1_016_714_11,192,0.319,4,0.455,0.0,21.9
2026-06-13 04:13:49,021,FBN1_016_714_11,166,0.276,7,0.628,0.0,21.91
2026-06-13 04:23:53,021,FBN1_016_714_11,230,0.383,5,0.465,0.0,21.9
2026-06-13 04:33:56,021,FBN1_016_714_11,177,0.294,6,0.576,0.0,21.87
2026-06-13 04:43:59,021,FBN1_016_714_11,76,0.126,13,0.872,0.0,21.8
2026-06-13 04:54:02,021,FBN1_016_714_11,0,0.0,15,1.0,0.0,21.69
2026-06-13 05:04:05,021,FBN1_016_714_11,0,0.0,15,1.0,0.0,21.61
2026-06-13 05:14:08,021,FBN1_016_714_11,0,0.0,15,1.0,0.0,21.53
2026-06-13 05:24:12,021,FBN1_016_714_11,0,0.0,15,1.0,0.0,21.49
2026-06-13 05:34:15,021,FBN1_016_714_11,0,0.0,15,1.0,0.0,21.46
2026-06-13 05:44:18,021,FBN1_016_714_11,140,0.233,8,0.696,0.0,21.48
2026-06-13 05:54:20,021,FBN1_016_714_11,230,0.383,4,0.41,0.0,21.56
2026-06-13 06:04:24,021,FBN1_016_714_11,128,0.213,3,0.484,0.3672,21.62
2026-06-13 06:14:27,021,FBN1_016_714_11,41,0.068,13,0.927,0.5328,21.6
2026-06-13 06:24:30,021,FBN1_016_714_11,0,0.0,15,1.0,0.5256,21.57
2026-06-13 06:34:32,021,FBN1_016_714_11,0,0.0,15,1.0,0.5256,21.54
2026-06-13 06:44:35,021,FBN1_016_714_11,0,0.0,15,1.0,0.5292,21.49
2026-06-13 06:54:38,021,FBN1_016_714_11,0,0.0,15,1.0,0.5184,21.47
2026-06-13 07:04:41,021,FBN1_016_714_11,25,0.042,13,0.954,0.4896,21.47
2026-06-13 07:14:45,021,FBN1_016_714_11,39,0.065,13,0.93,0.4968,21.49
2026-06-13 07:24:47,021,FBN1_016_714_11,0,0.0,15,1.0,0.5004,21.48
2026-06-13 07:34:50,021,FBN1_016_714_11,0,0.0,15,1.0,0.4968,21.47
2026-06-13 07:45:13,021,FBN1_016_714_11,0,0.0,15,1.0,0.4968,21.5
2026-06-13 07:55:15,021,FBN1_016_714_11,0,0.0,15,1.0,0.4968,21.47
2026-06-13 08:05:18,021,FBN1_016_714_11,0,0.0,15,1.0,0.4968,21.45
2026-06-13 08:15:21,021,FBN1_016_714_11,0,0.0,15,1.0,0.4968,21.45
2026-06-13 08:25:24,021,FBN1_016_714_11,0,0.0,15,1.0,0.504,21.44
2026-06-13 08:35:27,021,FBN1_016_714_11,0,0.0,15,1.0,0.5004,21.42
2026-06-13 08:45:31,021,FBN1_016_714_11,92,0.153,10,0.813,0.468,21.46
2026-06-13 08:55:34,021,FBN1_016_714_11,129,0.214,8,0.713,0.5256,21.53
2026-06-13 09:05:37,021,FBN1_016_714_11,49,0.082,10,0.891,0.4968,21.52
2026-06-13 09:15:40,021,FBN1_016_714_11,0,0.0,15,1.0,0.504,21.49
2026-06-13 09:25:44,021,FBN1_016_714_11,0,0.0,15,1.0,0.5076,21.47
2026-06-13 09:35:47,021,FBN1_016_714_11,0,0.0,15,1.0,0.504,21.46
2026-06-13 09:45:50,021,FBN1_016_714_11,0,0.0,15,1.0,0.5112,21.44
2026-06-13 09:55:53,021,FBN1_016_714_11,0,0.0,15,1.0,0.5112,21.42
2026-06-13 10:05:55,021,FBN1_016_714_11,0,0.0,15,1.0,0.504,21.41
2026-06-13 10:15:58,021,FBN1_016_714_11,22,0.037,13,0.959,0.5112,21.41
2026-06-13 10:26:01,021,FBN1_016_714_11,0,0.0,15,1.0,0.5112,21.41
2026-06-13 10:36:04,021,FBN1_016_714_11,25,0.042,13,0.954,0.5292,21.42
2026-06-13 10:46:08,021,FBN1_016_714_11,0,0.0,15,1.0,0.54,21.41
2026-06-13 10:56:10,021,FBN1_016_714_11,0,0.0,15,1.0,0.54,21.39
2026-06-13 11:06:13,021,FBN1_016_714_11,0,0.0,15,1.0,0.5256,21.38
2026-06-13 11:16:16,021,FBN1_016_714_11,0,0.0,15,1.0,0.5256,21.38
2026-06-13 11:26:18,021,FBN1_016_714_11,0,0.0,15,1.0,0.5256,21.36
2026-06-13 11:36:21,021,FBN1_016_714_11,0,0.0,15,1.0,0.5508,21.36
2026-06-13 11:46:40,021,FBN1_016_714_11,0,0.0,15,1.0,0.5328,21.38
2026-06-13 11:56:43,021,FBN1_016_714_11,0,0.0,15,1.0,0.54,21.34
2026-06-13 12:06:46,021,FBN1_016_714_11,0,0.0,15,1.0,0.5184,21.31
2026-06-13 12:16:50,021,FBN1_016_714_11,159,0.264,5,0.557,0.4608,21.47
2026-06-13 12:26:52,021,FBN1_016_714_11,39,0.065,13,0.93,0.5076,21.42
2026-06-13 12:36:55,021,FBN1_016_714_11,27,0.045,13,0.951,0.4896,21.41
2026-06-13 12:46:57,021,FBN1_016_714_11,0,0.0,15,1.0,0.4968,21.38
2026-06-13 12:57:00,021,FBN1_016_714_11,0,0.0,15,1.0,0.4896,21.36
2026-06-13 13:07:03,021,FBN1_016_714_11,0,0.0,15,1.0,0.4896,21.34
2026-06-13 13:17:06,021,FBN1_016_714_11,0,0.0,15,1.0,0.4896,21.34
2026-06-13 13:27:09,021,FBN1_016_714_11,0,0.0,15,1.0,0.5004,21.33
2026-06-13 13:37:12,021,FBN1_016_714_11,0,0.0,15,1.0,0.5076,21.33
2026-06-13 13:47:15,021,FBN1_016_714_11,0,0.0,15,1.0,0.4896,21.31
2026-06-13 13:57:18,021,FBN1_016_714_11,0,0.0,15,1.0,0.4896,21.29
2026-06-13 14:07:21,021,FBN1_016_714_11,0,0.0,15,1.0,0.5004,21.29
2026-06-13 14:17:24,021,FBN1_016_714_11,0,0.0,15,1.0,0.4896,21.29
2026-06-13 14:27:27,021,FBN1_016_714_11,0,0.0,15,1.0,0.4896,21.3
2026-06-13 14:37:30,021,FBN1_016_714_11,0,0.0,15,1.0,0.4896,21.29
2026-06-13 14:47:33,021,FBN1_016_714_11,76,0.127,10,0.84,0.4464,21.33
2026-06-13 14:57:36,021,FBN1_016_714_11,12,0.02,14,0.979,0.4392,21.36
2026-06-13 15:07:39,021,FBN1_016_714_11,12,0.02,14,0.979,0.4392,21.35
2026-06-13 15:17:41,021,FBN1_016_714_11,0,0.0,15,1.0,0.45,21.35
2026-06-13 15:27:44,021,FBN1_016_714_11,0,0.0,15,1.0,0.4392,21.34
2026-06-13 15:37:47,021,FBN1_016_714_11,0,0.0,15,1.0,0.4392,21.34
2026-06-13 15:48:26,021,FBN1_016_714_11,0,0.0,15,1.0,0.45,21.4
2026-06-13 15:58:29,021,FBN1_016_714_11,0,0.0,15,1.0,0.4464,21.37
2026-06-13 16:08:32,021,FBN1_016_714_11,0,0.0,15,1.0,0.4536,21.35
2026-06-13 16:18:34,021,FBN1_016_714_11,0,0.0,15,1.0,0.4464,21.35
2026-06-13 16:28:37,021,FBN1_016_714_11,104,0.173,8,0.755,0.4428,21.4
2026-06-13 16:38:41,021,FBN1_016_714_11,123,0.204,7,0.695,0.4752,21.48
2026-06-13 16:48:44,021,FBN1_016_714_11,0,0.0,15,1.0,0.4752,21.46
2026-06-13 16:58:47,021,FBN1_016_714_11,35,0.058,12,0.932,0.4824,21.44
2026-06-13 17:08:50,021,FBN1_016_714_11,0,0.0,15,1.0,0.4824,21.43
2026-06-13 17:18:53,021,FBN1_016_714_11,0,0.0,15,1.0,0.486,21.42
2026-06-13 17:28:56,021,FBN1_016_714_11,0,0.0,15,1.0,0.4824,21.4
2026-06-13 17:38:59,021,FBN1_016_714_11,75,0.125,11,0.854,0.4752,21.42
2026-06-13 17:49:01,021,FBN1_016_714_11,142,0.237,8,0.693,0.4788,21.47
2026-06-13 17:59:04,021,FBN1_016_714_11,99,0.164,8,0.764,0.4752,21.52
2026-06-13 18:09:07,021,FBN1_016_714_11,330,0.549,2,0.195,0.0,21.61
2026-06-13 18:19:11,021,FBN1_016_714_11,304,0.505,4,0.345,0.0,21.76
2026-06-13 18:29:13,021,FBN1_016_714_11,266,0.443,4,0.376,0.0,21.78
2026-06-13 18:39:16,021,FBN1_016_714_11,244,0.405,5,0.45,0.0,21.8
2026-06-13 18:49:19,021,FBN1_016_714_11,302,0.502,3,0.284,0.0,21.8
2026-06-13 18:59:21,021,FBN1_016_714_11,175,0.291,7,0.615,0.0,21.8
2026-06-13 19:09:25,021,FBN1_016_714_11,248,0.413,4,0.392,0.0,21.9
2026-06-13 19:19:27,021,FBN1_016_714_11,200,0.333,6,0.545,0.0,21.91
2026-06-13 19:29:30,021,FBN1_016_714_11,267,0.445,4,0.375,0.0,21.93
2026-06-13 19:39:34,021,FBN1_016_714_11,201,0.334,7,0.582,0.0,21.99
2026-06-13 19:50:41,021,FBN1_016_714_11,0,0.0,15,1.0,0.0,22.01
2026-06-13 20:00:43,021,FBN1_016_714_11,0,0.0,15,1.0,0.0,21.86
2026-06-13 20:10:47,021,FBN1_016_714_11,217,0.361,5,0.48,0.0,21.86
2026-06-13 20:20:50,021,FBN1_016_714_11,278,0.463,4,0.365,0.0,21.91
2026-06-13 20:30:53,021,FBN1_016_714_11,245,0.408,4,0.395,0.0,22.05
2026-06-13 20:40:55,021,FBN1_016_714_11,260,0.433,4,0.381,0.0,22.11
2026-06-13 20:50:58,021,FBN1_016_714_11,221,0.368,5,0.475,0.0,22.15
2026-06-13 21:01:00,021,FBN1_016_714_11,98,0.163,10,0.803,0.0,22.05
2026-06-13 21:11:03,021,FBN1_016_714_11,0,0.0,15,1.0,0.0,21.89
2026-06-13 21:21:05,021,FBN1_016_714_11,189,0.314,7,0.597,0.0,21.84
2026-06-13 21:31:09,021,FBN1_016_714_11,277,0.461,3,0.302,0.0,21.94
2026-06-13 21:41:12,021,FBN1_016_714_11,168,0.279,7,0.625,0.0,21.95
2026-06-13 21:51:15,021,FBN1_016_714_11,192,0.319,6,0.556,0.0,21.95
2026-06-13 22:01:18,021,FBN1_016_714_11,148,0.246,9,0.709,0.0,22.0
2026-06-13 22:11:21,021,FBN1_016_714_11,147,0.245,10,0.731,0.0,21.98
2026-06-13 22:21:24,021,FBN1_016_714_11,252,0.419,4,0.388,0.0,21.97
2026-06-13 22:31:27,021,FBN1_016_714_11,17,0.028,14,0.971,0.0,21.89
2026-06-13 22:41:30,021,FBN1_016_714_11,137,0.228,9,0.724,0.0,21.84
2026-06-13 22:51:32,021,FBN1_016_714_11,0,0.0,15,1.0,0.0,21.78
2026-06-13 23:01:35,021,FBN1_016_714_11,0,0.0,15,1.0,0.0,21.7
2026-06-13 23:11:39,021,FBN1_016_714_11,0,0.0,15,1.0,0.0,21.65
2026-06-13 23:21:42,021,FBN1_016_714_11,0,0.0,15,1.0,0.0,21.61
2026-06-13 23:31:45,021,FBN1_016_714_11,199,0.331,6,0.547,0.0,21.64
2026-06-13 23:41:48,021,FBN1_016_714_11,216,0.359,4,0.426,0.0,21.79
2026-06-13 23:52:27,021,FBN1_016_714_11,128,0.214,8,0.714,0.0,21.87
2026-06-14 00:02:30,021,FBN1_016_714_11,273,0.454,5,0.423,0.0,21.93
2026-06-14 00:12:32,021,FBN1_016_714_11,247,0.411,2,0.245,0.0,21.96
2026-06-14 00:22:35,021,FBN1_016_714_11,227,0.378,5,0.468,0.0,21.92
2026-06-14 00:32:39,021,FBN1_016_714_11,251,0.417,2,0.242,0.0,21.91
2026-06-14 00:42:41,021,FBN1_016_714_11,258,0.43,5,0.437,0.0,21.95
2026-06-14 00:52:44,021,FBN1_016_714_11,186,0.309,6,0.563,0.0,21.92
2026-06-14 01:02:47,021,FBN1_016_714_11,378,0.629,0,0.0,0.0,22.18
2026-06-14 01:12:50,021,FBN1_016_714_11,200,0.333,4,0.444,0.0,22.23
2026-06-14 01:22:53,021,FBN1_016_714_11,227,0.378,5,0.468,0.0,22.11
2026-06-14 01:32:56,021,FBN1_016_714_11,104,0.173,10,0.794,0.0,22.0
2026-06-14 01:42:59,021,FBN1_016_714_11,191,0.317,6,0.557,0.0,21.92
2026-06-14 01:53:02,021,FBN1_016_714_11,79,0.131,10,0.835,0.0,21.84
2026-06-14 02:03:04,021,FBN1_016_714_11,0,0.0,15,1.0,0.0,21.78
2026-06-14 02:13:07,021,FBN1_016_714_11,0,0.0,15,1.0,0.0,21.7
2026-06-14 02:23:10,021,FBN1_016_714_11,0,0.0,15,1.0,0.0,21.63
2026-06-14 02:33:13,021,FBN1_016_714_11,0,0.0,15,1.0,0.0,21.58
2026-06-14 02:43:15,021,FBN1_016_714_11,0,0.0,15,1.0,0.0,21.53
2026-06-14 02:53:18,021,FBN1_016_714_11,0,0.0,15,1.0,0.0,21.52
2026-06-14 03:03:21,021,FBN1_016_714_11,96,0.159,10,0.806,0.0,21.57
2026-06-14 03:13:24,021,FBN1_016_714_11,299,0.498,2,0.211,0.0,21.62
2026-06-14 03:23:27,021,FBN1_016_714_11,295,0.491,3,0.289,0.0,21.72
2026-06-14 03:33:30,021,FBN1_016_714_11,255,0.424,6,0.485,0.0,21.73
2026-06-14 03:43:33,021,FBN1_016_714_11,221,0.368,7,0.559,0.0,21.78
2026-06-14 03:54:33,021,FBN1_016_714_11,193,0.323,5,0.509,0.0,21.92
2026-06-14 04:04:36,021,FBN1_016_714_11,276,0.459,3,0.303,0.0,21.99
2026-06-14 04:14:39,021,FBN1_016_714_11,247,0.411,4,0.393,0.0,21.9
2026-06-14 04:24:41,021,FBN1_016_714_11,122,0.203,9,0.747,0.0,21.86
2026-06-14 04:34:45,021,FBN1_016_714_11,162,0.27,7,0.633,0.0,21.82
2026-06-14 04:44:48,021,FBN1_016_714_11,97,0.161,10,0.805,0.0,21.77
2026-06-14 04:54:50,021,FBN1_016_714_11,65,0.108,10,0.86,0.0,21.69
2026-06-14 05:04:53,021,FBN1_016_714_11,0,0.0,15,1.0,0.0,21.59
2026-06-14 05:14:56,021,FBN1_016_714_11,0,0.0,15,1.0,0.0,21.51
2026-06-14 05:24:59,021,FBN1_016_714_11,0,0.0,15,1.0,0.0,21.45
2026-06-14 05:35:02,021,FBN1_016_714_11,0,0.0,15,1.0,0.0,21.41
2026-06-14 05:45:05,021,FBN1_016_714_11,0,0.0,15,1.0,0.0,21.39
2026-06-14 05:55:08,021,FBN1_016_714_11,82,0.136,11,0.843,0.0,21.39
2026-06-14 06:05:12,021,FBN1_016_714_11,193,0.321,6,0.554,0.5112,21.45
2026-06-14 06:15:15,021,FBN1_016_714_11,60,0.1,12,0.889,0.5184,21.5
2026-06-14 06:25:18,021,FBN1_016_714_11,0,0.0,15,1.0,0.504,21.47
2026-06-14 06:35:21,021,FBN1_016_714_11,0,0.0,15,1.0,0.504,21.43
2026-06-14 06:45:24,021,FBN1_016_714_11,0,0.0,15,1.0,0.504,21.41
2026-06-14 06:55:28,021,FBN1_016_714_11,0,0.0,15,1.0,0.5184,21.39
2026-06-14 07:05:30,021,FBN1_016_714_11,0,0.0,15,1.0,0.5184,21.36
2026-06-14 07:15:33,021,FBN1_016_714_11,0,0.0,15,1.0,0.522,21.33
2026-06-14 07:25:36,021,FBN1_016_714_11,0,0.0,15,1.0,0.504,21.31
2026-06-14 07:35:40,021,FBN1_016_714_11,0,0.0,15,1.0,0.5076,21.32
2026-06-14 07:45:42,021,FBN1_016_714_11,137,0.228,7,0.671,0.4356,21.37
2026-06-14 07:56:50,021,FBN1_016_714_11,98,0.164,10,0.803,0.4968,21.59
2026-06-14 08:06:54,021,FBN1_016_714_11,1,0.002,15,0.998,0.6084,21.53
2026-06-14 08:16:56,021,FBN1_016_714_11,6,0.01,14,0.989,0.6048,21.51
2026-06-14 08:27:00,021,FBN1_016_714_11,0,0.0,15,1.0,0.5976,21.48
2026-06-14 08:37:02,021,FBN1_016_714_11,135,0.225,6,0.64,0.5472,21.51
2026-06-14 08:47:05,021,FBN1_016_714_11,0,0.0,15,1.0,0.5544,21.49
2026-06-14 08:57:09,021,FBN1_016_714_11,0,0.0,15,1.0,0.5544,21.45
2026-06-14 09:07:11,021,FBN1_016_714_11,0,0.0,15,1.0,0.5544,21.43
2026-06-14 09:17:14,021,FBN1_016_714_11,0,0.0,15,1.0,0.5544,21.41
2026-06-14 09:27:17,021,FBN1_016_714_11,0,0.0,15,1.0,0.5544,21.4
2026-06-14 09:37:20,021,FBN1_016_714_11,0,0.0,15,1.0,0.5796,21.38
2026-06-14 09:47:22,021,FBN1_016_714_11,0,0.0,15,1.0,0.576,21.37
2026-06-14 09:57:25,021,FBN1_016_714_11,58,0.097,10,0.873,0.558,21.41
2026-06-14 10:07:28,021,FBN1_016_714_11,25,0.042,14,0.957,0.5364,21.42
2026-06-14 10:17:31,021,FBN1_016_714_11,0,0.0,15,1.0,0.5292,21.4
2026-06-14 10:27:34,021,FBN1_016_714_11,0,0.0,15,1.0,0.5256,21.39
2026-06-14 10:37:37,021,FBN1_016_714_11,0,0.0,15,1.0,0.5256,21.39
2026-06-14 10:47:40,021,FBN1_016_714_11,0,0.0,15,1.0,0.5256,21.37
2026-06-14 10:57:42,021,FBN1_016_714_11,0,0.0,15,1.0,0.5256,21.36
2026-06-14 11:07:46,021,FBN1_016_714_11,0,0.0,15,1.0,0.5256,21.36
2026-06-14 11:17:49,021,FBN1_016_714_11,0,0.0,15,1.0,0.5328,21.37
2026-06-14 11:27:52,021,FBN1_016_714_11,0,0.0,15,1.0,0.5256,21.35
2026-06-14 11:37:55,021,FBN1_016_714_11,0,0.0,15,1.0,0.5328,21.36
2026-06-14 11:47:58,021,FBN1_016_714_11,17,0.028,13,0.968,0.5256,21.38
2026-06-14 11:58:26,021,FBN1_016_714_11,61,0.102,10,0.868,0.522,21.48
2026-06-14 12:08:29,021,FBN1_016_714_11,69,0.115,10,0.853,0.6048,21.52
2026-06-14 12:18:32,021,FBN1_016_714_11,11,0.018,13,0.979,0.5256,21.5
2026-06-14 12:28:35,021,FBN1_016_714_11,0,0.0,15,1.0,0.54,21.49
2026-06-14 12:38:38,021,FBN1_016_714_11,0,0.0,15,1.0,0.5472,21.47
2026-06-14 12:48:42,021,FBN1_016_714_11,0,0.0,15,1.0,0.54,21.45
2026-06-14 12:58:45,021,FBN1_016_714_11,0,0.0,15,1.0,0.54,21.4
2026-06-14 13:08:48,021,FBN1_016_714_11,0,0.0,15,1.0,0.54,21.39
2026-06-14 13:18:50,021,FBN1_016_714_11,0,0.0,15,1.0,0.5436,21.38
2026-06-14 13:28:53,021,FBN1_016_714_11,0,0.0,15,1.0,0.54,21.37
2026-06-14 13:38:56,021,FBN1_016_714_11,0,0.0,15,1.0,0.54,21.36
2026-06-14 13:48:59,021,FBN1_016_714_11,0,0.0,15,1.0,0.54,21.36
2026-06-14 13:59:03,021,FBN1_016_714_11,0,0.0,15,1.0,0.5436,21.35
2026-06-14 14:09:05,021,FBN1_016_714_11,0,0.0,15,1.0,0.5364,21.34
2026-06-14 14:19:08,021,FBN1_016_714_11,20,0.033,13,0.963,0.4968,21.36
2026-06-14 14:29:10,021,FBN1_016_714_11,0,0.0,15,1.0,0.5364,21.39
2026-06-14 14:39:13,021,FBN1_016_714_11,0,0.0,15,1.0,0.5364,21.4
2026-06-14 14:49:16,021,FBN1_016_714_11,0,0.0,15,1.0,0.54,21.41
2026-06-14 14:59:20,021,FBN1_016_714_11,0,0.0,15,1.0,0.5328,21.4
2026-06-14 15:09:23,021,FBN1_016_714_11,0,0.0,15,1.0,0.5364,21.39
2026-06-14 15:19:26,021,FBN1_016_714_11,0,0.0,15,1.0,0.5328,21.38
2026-06-14 15:29:29,021,FBN1_016_714_11,0,0.0,15,1.0,0.5328,21.38
2026-06-14 15:39:32,021,FBN1_016_714_11,0,0.0,15,1.0,0.5328,21.4
2026-06-14 15:49:36,021,FBN1_016_714_11,0,0.0,15,1.0,0.5328,21.4
2026-06-14 16:00:06,021,FBN1_016_714_11,0,0.0,15,1.0,0.5112,21.47
2026-06-14 16:10:09,021,FBN1_016_714_11,49,0.081,12,0.907,0.504,21.46
2026-06-14 16:20:12,021,FBN1_016_714_11,59,0.098,10,0.871,0.4968,21.49
2026-06-14 16:30:15,021,FBN1_016_714_11,65,0.108,11,0.871,0.162,21.55
2026-06-14 16:40:19,021,FBN1_016_714_11,25,0.042,14,0.957,0.5004,21.57
2026-06-14 16:50:22,021,FBN1_016_714_11,0,0.0,15,1.0,0.4932,21.56
2026-06-14 17:00:24,021,FBN1_016_714_11,0,0.0,15,1.0,0.4896,21.51
2026-06-14 17:10:27,021,FBN1_016_714_11,0,0.0,15,1.0,0.4896,21.5
2026-06-14 17:20:30,021,FBN1_016_714_11,0,0.0,15,1.0,0.4896,21.5
2026-06-14 17:30:33,021,FBN1_016_714_11,52,0.087,13,0.909,0.4824,21.51
2026-06-14 17:40:36,021,FBN1_016_714_11,151,0.252,7,0.65,0.4824,21.58
2026-06-14 17:50:38,021,FBN1_016_714_11,79,0.131,11,0.848,0.4932,21.59
2026-06-14 18:00:41,021,FBN1_016_714_11,87,0.145,12,0.847,0.0,21.64
2026-06-14 18:10:45,021,FBN1_016_714_11,290,0.483,3,0.293,0.0,21.74
2026-06-14 18:20:48,021,FBN1_016_714_11,285,0.474,2,0.219,0.0,21.82
2026-06-14 18:30:51,021,FBN1_016_714_11,317,0.527,2,0.202,0.0,21.86
2026-06-14 18:40:54,021,FBN1_016_714_11,309,0.514,1,0.115,0.0,21.85
2026-06-14 18:50:57,021,FBN1_016_714_11,197,0.328,7,0.587,0.0,21.9
2026-06-14 19:00:59,021,FBN1_016_714_11,151,0.251,8,0.679,0.0,21.91
2026-06-14 19:11:03,021,FBN1_016_714_11,260,0.433,4,0.381,0.0,21.86
2026-06-14 19:21:06,021,FBN1_016_714_11,120,0.2,9,0.75,0.0,21.84
2026-06-14 19:31:09,021,FBN1_016_714_11,260,0.433,4,0.381,0.0,21.83
2026-06-14 19:41:12,021,FBN1_016_714_11,180,0.3,7,0.609,0.0,21.82
2026-06-14 19:51:15,021,FBN1_016_714_11,162,0.27,7,0.633,0.0,21.83
2026-06-14 20:01:39,021,FBN1_016_714_11,277,0.462,4,0.366,0.0,21.92
2026-06-14 20:11:42,021,FBN1_016_714_11,238,0.397,4,0.402,0.0,21.98
2026-06-14 20:21:45,021,FBN1_016_714_11,271,0.45,2,0.228,0.0,21.98
2026-06-14 20:31:48,021,FBN1_016_714_11,247,0.411,4,0.393,0.0,22.0
2026-06-14 20:41:51,021,FBN1_016_714_11,179,0.298,6,0.573,0.0,21.94
2026-06-14 20:51:54,021,FBN1_016_714_11,226,0.376,6,0.515,0.0,21.92
2026-06-14 21:01:57,021,FBN1_016_714_11,168,0.279,5,0.543,0.0,21.85
2026-06-14 21:12:00,021,FBN1_016_714_11,260,0.433,5,0.435,0.0,21.96
2026-06-14 21:22:03,021,FBN1_016_714_11,272,0.453,3,0.306,0.0,21.93
2026-06-14 21:32:05,021,FBN1_016_714_11,228,0.379,5,0.467,0.0,22.0
2026-06-14 21:42:08,021,FBN1_016_714_11,239,0.398,6,0.501,0.0,21.93
2026-06-14 21:52:11,021,FBN1_016_714_11,222,0.369,5,0.474,0.0,21.92
2026-06-14 22:02:14,021,FBN1_016_714_11,185,0.308,5,0.519,0.0,21.88
2026-06-14 22:12:17,021,FBN1_016_714_11,237,0.394,3,0.336,0.0,21.92
2026-06-14 22:22:20,021,FBN1_016_714_11,111,0.185,10,0.783,0.0,21.87
2026-06-14 22:32:22,021,FBN1_016_714_11,173,0.288,8,0.649,0.0,21.83
2026-06-14 22:42:26,021,FBN1_016_714_11,143,0.238,8,0.691,0.0,21.88
2026-06-14 22:52:28,021,FBN1_016_714_11,219,0.365,5,0.477,0.0,21.95
2026-06-14 23:02:31,021,FBN1_016_714_11,163,0.271,7,0.632,0.0,21.88
2026-06-14 23:12:33,021,FBN1_016_714_11,95,0.158,10,0.808,0.0,21.88
2026-06-14 23:22:37,021,FBN1_016_714_11,0,0.0,15,1.0,0.0,21.81
2026-06-14 23:32:40,021,FBN1_016_714_11,0,0.0,15,1.0,0.0,21.76
2026-06-14 23:42:43,021,FBN1_016_714_11,4,0.007,14,0.993,0.0,21.72
2026-06-14 23:52:47,021,FBN1_016_714_11,255,0.424,4,0.386,0.0,21.75
2026-06-13 00:03:47,046,FBN1_016_714_12,17,0.028,13,0.968,0.0,21.42
2026-06-13 00:13:51,046,FBN1_016_714_12,36,0.06,12,0.93,0.0,21.42
2026-06-13 00:23:53,046,FBN1_016_714_12,130,0.216,7,0.683,0.0,21.42
2026-06-13 00:33:56,046,FBN1_016_714_12,0,0.0,15,1.0,0.0,21.39
2026-06-13 00:43:59,046,FBN1_016_714_12,8,0.013,14,0.986,0.0,21.37
2026-06-13 00:54:02,046,FBN1_016_714_12,0,0.0,15,1.0,0.0,21.35
2026-06-13 01:04:05,046,FBN1_016_714_12,0,0.0,15,1.0,0.0,21.33
2026-06-13 01:14:08,046,FBN1_016_714_12,64,0.106,7,0.814,0.0,21.32
2026-06-13 01:24:11,046,FBN1_016_714_12,0,0.0,15,1.0,0.0,21.33
2026-06-13 01:34:13,046,FBN1_016_714_12,18,0.03,14,0.969,0.0,21.32
2026-06-13 01:44:17,046,FBN1_016_714_12,28,0.047,13,0.949,0.0,21.32
2026-06-13 01:54:20,046,FBN1_016_714_12,1,0.002,14,0.998,0.0,21.31
2026-06-13 02:04:24,046,FBN1_016_714_12,7,0.012,13,0.987,0.0,21.3
2026-06-13 02:14:26,046,FBN1_016_714_12,77,0.128,10,0.839,0.0,21.31
2026-06-13 02:24:29,046,FBN1_016_714_12,309,0.513,0,0.0,0.0,21.35
2026-06-13 02:34:33,046,FBN1_016_714_12,180,0.3,5,0.526,0.0,21.36
2026-06-13 02:44:36,046,FBN1_016_714_12,223,0.37,4,0.418,0.0,21.38
2026-06-13 02:54:39,046,FBN1_016_714_12,138,0.23,6,0.635,0.0,21.4
2026-06-13 03:04:42,046,FBN1_016_714_12,124,0.206,5,0.617,0.0,21.4
2026-06-13 03:14:45,046,FBN1_016_714_12,134,0.223,6,0.642,0.0,21.39
2026-06-13 03:24:49,046,FBN1_016_714_12,214,0.356,4,0.428,0.0,21.4
2026-06-13 03:34:52,046,FBN1_016_714_12,33,0.055,11,0.93,0.0,21.38
2026-06-13 03:44:55,046,FBN1_016_714_12,89,0.148,8,0.782,0.0,21.39
2026-06-13 03:55:12,046,FBN1_016_714_12,170,0.283,4,0.485,0.0,21.42
2026-06-13 04:05:15,046,FBN1_016_714_12,153,0.255,3,0.44,0.0,21.41
2026-06-13 04:15:18,046,FBN1_016_714_12,59,0.098,10,0.871,0.0,21.42
2026-06-13 04:25:21,046,FBN1_016_714_12,118,0.196,8,0.731,0.0,21.41
2026-06-13 04:35:24,046,FBN1_016_714_12,110,0.183,7,0.718,0.0,21.4
2026-06-13 04:45:27,046,FBN1_016_714_12,28,0.047,12,0.945,0.0,21.35
2026-06-13 04:55:31,046,FBN1_016_714_12,0,0.0,15,1.0,0.0,21.32
2026-06-13 05:05:34,046,FBN1_016_714_12,0,0.0,15,1.0,0.0,21.28
2026-06-13 05:15:37,046,FBN1_016_714_12,0,0.0,15,1.0,0.0,21.23
2026-06-13 05:25:40,046,FBN1_016_714_12,71,0.118,9,0.835,0.0,21.21
2026-06-13 05:35:43,046,FBN1_016_714_12,89,0.148,8,0.782,0.0,21.23
2026-06-13 05:45:46,046,FBN1_016_714_12,104,0.173,7,0.729,0.0,21.26
2026-06-13 05:55:49,046,FBN1_016_714_12,52,0.087,10,0.885,0.0,21.27
2026-06-13 06:05:52,046,FBN1_016_714_12,82,0.136,8,0.796,0.2916,21.27
2026-06-13 06:15:55,046,FBN1_016_714_12,23,0.038,13,0.958,0.3024,21.26
2026-06-13 06:25:58,046,FBN1_016_714_12,0,0.0,15,1.0,0.306,21.23
2026-06-13 06:36:01,046,FBN1_016_714_12,0,0.0,15,1.0,0.3024,21.2
2026-06-13 06:46:05,046,FBN1_016_714_12,0,0.0,15,1.0,0.3024,21.17
2026-06-13 06:56:08,046,FBN1_016_714_12,0,0.0,15,1.0,0.288,21.15
2026-06-13 07:06:11,046,FBN1_016_714_12,0,0.0,15,1.0,0.2808,21.14
2026-06-13 07:16:14,046,FBN1_016_714_12,0,0.0,15,1.0,0.2808,21.13
2026-06-13 07:26:16,046,FBN1_016_714_12,0,0.0,15,1.0,0.2844,21.13
2026-06-13 07:36:20,046,FBN1_016_714_12,0,0.0,15,1.0,0.2916,21.13
2026-06-13 07:46:23,046,FBN1_016_714_12,0,0.0,15,1.0,0.2808,21.13
2026-06-13 07:56:44,046,FBN1_016_714_12,0,0.0,15,1.0,0.2736,21.17
2026-06-13 08:06:47,046,FBN1_016_714_12,0,0.0,15,1.0,0.2736,21.15
2026-06-13 08:16:51,046,FBN1_016_714_12,0,0.0,15,1.0,0.2808,21.15
2026-06-13 08:26:53,046,FBN1_016_714_12,0,0.0,15,1.0,0.2844,21.14
2026-06-13 08:36:56,046,FBN1_016_714_12,0,0.0,15,1.0,0.2808,21.14
2026-06-13 08:46:59,046,FBN1_016_714_12,0,0.0,15,1.0,0.2808,21.14
2026-06-13 08:57:02,046,FBN1_016_714_12,0,0.0,15,1.0,0.2736,21.14
2026-06-13 09:07:05,046,FBN1_016_714_12,0,0.0,15,1.0,0.2808,21.13
2026-06-13 09:17:08,046,FBN1_016_714_12,0,0.0,15,1.0,0.2808,21.13
2026-06-13 09:27:11,046,FBN1_016_714_12,0,0.0,15,1.0,0.2808,21.12
2026-06-13 09:37:14,046,FBN1_016_714_12,0,0.0,15,1.0,0.2844,21.12
2026-06-13 09:47:17,046,FBN1_016_714_12,15,0.025,11,0.967,0.3204,21.14
2026-06-13 09:57:20,046,FBN1_016_714_12,0,0.0,15,1.0,0.3276,21.15
2026-06-13 10:07:22,046,FBN1_016_714_12,0,0.0,15,1.0,0.3024,21.14
2026-06-13 10:17:26,046,FBN1_016_714_12,0,0.0,15,1.0,0.2952,21.13
2026-06-13 10:27:29,046,FBN1_016_714_12,0,0.0,15,1.0,0.2952,21.14
2026-06-13 10:37:32,046,FBN1_016_714_12,0,0.0,15,1.0,0.324,21.14
2026-06-13 10:47:34,046,FBN1_016_714_12,0,0.0,15,1.0,0.3168,21.13
2026-06-13 10:57:37,046,FBN1_016_714_12,0,0.0,15,1.0,0.3168,21.12
2026-06-13 11:07:41,046,FBN1_016_714_12,0,0.0,15,1.0,0.288,21.13
2026-06-13 11:17:44,046,FBN1_016_714_12,0,0.0,15,1.0,0.288,21.12
2026-06-13 11:27:47,046,FBN1_016_714_12,0,0.0,15,1.0,0.3276,21.12
2026-06-13 11:37:51,046,FBN1_016_714_12,0,0.0,15,1.0,0.3168,21.1
2026-06-13 11:47:54,046,FBN1_016_714_12,0,0.0,15,1.0,0.3096,21.09
2026-06-13 11:58:09,046,FBN1_016_714_12,0,0.0,15,1.0,0.3168,21.09
2026-06-13 12:08:12,046,FBN1_016_714_12,0,0.0,15,1.0,0.2916,21.05
2026-06-13 12:18:14,046,FBN1_016_714_12,9,0.015,14,0.984,0.2808,21.01
2026-06-13 12:28:18,046,FBN1_016_714_12,13,0.022,13,0.976,0.3168,20.99
2026-06-13 12:38:21,046,FBN1_016_714_12,0,0.0,15,1.0,0.3204,21.0
2026-06-13 12:48:24,046,FBN1_016_714_12,0,0.0,15,1.0,0.324,21.0
2026-06-13 12:58:27,046,FBN1_016_714_12,0,0.0,15,1.0,0.324,21.01
2026-06-13 13:08:30,046,FBN1_016_714_12,0,0.0,15,1.0,0.3168,21.02
2026-06-13 13:18:33,046,FBN1_016_714_12,0,0.0,15,1.0,0.3204,21.03
2026-06-13 13:28:36,046,FBN1_016_714_12,0,0.0,15,1.0,0.3132,21.05
2026-06-13 13:38:39,046,FBN1_016_714_12,0,0.0,15,1.0,0.3168,21.06
2026-06-13 13:48:42,046,FBN1_016_714_12,0,0.0,15,1.0,0.3168,21.06
2026-06-13 13:58:45,046,FBN1_016_714_12,0,0.0,15,1.0,0.3096,21.06
2026-06-13 14:08:48,046,FBN1_016_714_12,0,0.0,15,1.0,0.3024,21.06
2026-06-13 14:18:51,046,FBN1_016_714_12,0,0.0,15,1.0,0.306,21.06
2026-06-13 14:28:54,046,FBN1_016_714_12,12,0.02,14,0.979,0.2988,21.07
2026-06-13 14:38:57,046,FBN1_016_714_12,1,0.002,14,0.998,0.2988,21.07
2026-06-13 14:49:00,046,FBN1_016_714_12,0,0.0,15,1.0,0.2988,21.06
2026-06-13 14:59:03,046,FBN1_016_714_12,0,0.0,15,1.0,0.2952,21.05
2026-06-13 15:09:07,046,FBN1_016_714_12,0,0.0,15,1.0,0.2952,21.04
2026-06-13 15:19:10,046,FBN1_016_714_12,0,0.0,15,1.0,0.2988,21.04
2026-06-13 15:29:13,046,FBN1_016_714_12,0,0.0,15,1.0,0.2952,21.03
2026-06-13 15:39:17,046,FBN1_016_714_12,0,0.0,15,1.0,0.2952,21.04
2026-06-13 15:49:20,046,FBN1_016_714_12,0,0.0,15,1.0,0.2952,21.04
2026-06-13 15:59:35,046,FBN1_016_714_12,0,0.0,15,1.0,0.2988,21.08
2026-06-13 16:09:38,046,FBN1_016_714_12,0,0.0,15,1.0,0.288,21.07
2026-06-13 16:19:42,046,FBN1_016_714_12,0,0.0,15,1.0,0.2952,21.07
2026-06-13 16:29:45,046,FBN1_016_714_12,0,0.0,15,1.0,0.2952,21.06
2026-06-13 16:39:48,046,FBN1_016_714_12,0,0.0,15,1.0,0.288,21.07
2026-06-13 16:49:51,046,FBN1_016_714_12,3,0.005,14,0.995,0.2988,21.09
2026-06-13 16:59:54,046,FBN1_016_714_12,50,0.083,9,0.878,0.2772,21.12
2026-06-13 17:09:57,046,FBN1_016_714_12,0,0.0,15,1.0,0.2736,21.13
2026-06-13 17:19:59,046,FBN1_016_714_12,0,0.0,15,1.0,0.2736,21.13
2026-06-13 17:30:03,046,FBN1_016_714_12,0,0.0,15,1.0,0.27,21.11
2026-06-13 17:40:06,046,FBN1_016_714_12,0,0.0,15,1.0,0.27,21.11
2026-06-13 17:50:09,046,FBN1_016_714_12,0,0.0,15,1.0,0.2592,21.11
2026-06-13 18:00:12,046,FBN1_016_714_12,15,0.025,13,0.972,0.0,21.11
2026-06-13 18:10:15,046,FBN1_016_714_12,255,0.424,3,0.32,0.0,21.17
2026-06-13 18:20:18,046,FBN1_016_714_12,128,0.213,7,0.686,0.0,21.2
2026-06-13 18:30:21,046,FBN1_016_714_12,75,0.125,9,0.828,0.0,21.26
2026-06-13 18:40:24,046,FBN1_016_714_12,0,0.0,15,1.0,0.0,21.25
2026-06-13 18:50:26,046,FBN1_016_714_12,7,0.012,13,0.987,0.0,21.24
2026-06-13 19:00:30,046,FBN1_016_714_12,220,0.365,3,0.353,0.0,21.27
2026-06-13 19:10:33,046,FBN1_016_714_12,229,0.38,2,0.259,0.0,21.34
2026-06-13 19:20:37,046,FBN1_016_714_12,270,0.449,2,0.229,0.0,21.47
2026-06-13 19:30:40,046,FBN1_016_714_12,101,0.168,10,0.798,0.0,21.43
2026-06-13 19:40:43,046,FBN1_016_714_12,27,0.045,13,0.951,0.0,21.4
2026-06-13 19:50:46,046,FBN1_016_714_12,38,0.063,11,0.921,0.0,21.35
2026-06-13 20:01:09,046,FBN1_016_714_12,0,0.0,15,1.0,0.0,21.35
2026-06-13 20:11:11,046,FBN1_016_714_12,0,0.0,15,1.0,0.0,21.29
2026-06-13 20:21:15,046,FBN1_016_714_12,4,0.007,14,0.993,0.0,21.27
2026-06-13 20:31:18,046,FBN1_016_714_12,0,0.0,15,1.0,0.0,21.24
2026-06-13 20:41:20,046,FBN1_016_714_12,81,0.135,12,0.856,0.0,21.22
2026-06-13 20:51:23,046,FBN1_016_714_12,317,0.527,1,0.112,0.0,21.3
2026-06-13 21:01:26,046,FBN1_016_714_12,73,0.121,12,0.868,0.0,21.33
2026-06-13 21:11:29,046,FBN1_016_714_12,199,0.331,5,0.501,0.0,21.34
2026-06-13 21:21:32,046,FBN1_016_714_12,329,0.547,0,0.0,0.0,21.4
2026-06-13 21:31:35,046,FBN1_016_714_12,428,0.711,2,0.157,0.0,21.67
2026-06-13 21:41:39,046,FBN1_016_714_12,92,0.153,10,0.813,0.0,21.54
2026-06-13 21:51:42,046,FBN1_016_714_12,361,0.6,0,0.0,0.0,21.74
2026-06-13 22:01:46,046,FBN1_016_714_12,395,0.656,1,0.092,0.0,21.75
2026-06-13 22:11:49,046,FBN1_016_714_12,51,0.085,11,0.896,0.0,21.63
2026-06-13 22:21:52,046,FBN1_016_714_12,391,0.651,1,0.093,0.0,21.64
2026-06-13 22:31:55,046,FBN1_016_714_12,197,0.327,6,0.549,0.0,21.6
2026-06-13 22:41:58,046,FBN1_016_714_12,75,0.125,12,0.865,0.0,21.54
2026-06-13 22:52:01,046,FBN1_016_714_12,4,0.007,14,0.993,0.0,21.43
2026-06-13 23:02:05,046,FBN1_016_714_12,228,0.379,6,0.513,0.0,21.45
2026-06-13 23:12:08,046,FBN1_016_714_12,290,0.482,2,0.216,0.0,21.52
2026-06-13 23:22:11,046,FBN1_016_714_12,373,0.621,1,0.097,0.0,21.7
2026-06-13 23:32:15,046,FBN1_016_714_12,150,0.25,8,0.681,0.0,21.58
2026-06-13 23:42:18,046,FBN1_016_714_12,257,0.428,1,0.135,0.0,21.56
2026-06-13 23:52:20,046,FBN1_016_714_12,460,0.765,0,0.0,0.0,21.62
2026-06-14 00:02:42,046,FBN1_016_714_12,319,0.533,3,0.273,0.0,21.69
2026-06-14 00:12:45,046,FBN1_016_714_12,459,0.762,0,0.0,0.0,21.82
2026-06-14 00:22:49,046,FBN1_016_714_12,195,0.324,3,0.381,0.0,21.82
2026-06-14 00:32:52,046,FBN1_016_714_12,207,0.344,5,0.491,0.0,21.7
2026-06-14 00:42:56,046,FBN1_016_714_12,309,0.514,2,0.206,0.0,21.64
2026-06-14 00:52:59,046,FBN1_016_714_12,348,0.578,1,0.103,0.0,21.68
2026-06-14 01:03:02,046,FBN1_016_714_12,220,0.366,0,0.0,0.0,21.62
2026-06-14 01:13:05,046,FBN1_016_714_12,352,0.586,1,0.102,0.0,21.69
2026-06-14 01:23:08,046,FBN1_016_714_12,52,0.086,11,0.894,0.0,21.57
2026-06-14 01:33:11,046,FBN1_016_714_12,439,0.729,0,0.0,0.0,21.65
2026-06-14 01:43:14,046,FBN1_016_714_12,283,0.471,4,0.361,0.0,21.61
2026-06-14 01:53:18,046,FBN1_016_714_12,207,0.344,1,0.162,0.0,21.52
2026-06-14 02:03:21,046,FBN1_016_714_12,199,0.331,2,0.287,0.0,21.6
2026-06-14 02:13:24,046,FBN1_016_714_12,5,0.008,13,0.99,0.0,21.45
2026-06-14 02:23:28,046,FBN1_016_714_12,0,0.0,15,1.0,0.0,21.35
2026-06-14 02:33:31,046,FBN1_016_714_12,0,0.0,15,1.0,0.0,21.26
2026-06-14 02:43:34,046,FBN1_016_714_12,1,0.002,15,0.998,0.0,21.2
2026-06-14 02:53:37,046,FBN1_016_714_12,12,0.02,12,0.976,0.0,21.16
2026-06-14 03:03:40,046,FBN1_016_714_12,115,0.191,6,0.676,0.0,21.18
2026-06-14 03:13:43,046,FBN1_016_714_12,73,0.121,10,0.846,0.0,21.19
2026-06-14 03:23:46,046,FBN1_016_714_12,284,0.473,4,0.36,0.0,21.33
2026-06-14 03:33:49,046,FBN1_016_714_12,154,0.256,4,0.51,0.0,21.38
2026-06-14 03:43:52,046,FBN1_016_714_12,26,0.043,14,0.956,0.0,21.33
2026-06-14 03:53:55,046,FBN1_016_714_12,264,0.439,2,0.233,0.0,21.38
2026-06-14 04:04:14,046,FBN1_016_714_12,193,0.322,4,0.453,0.0,21.44
2026-06-14 04:14:17,046,FBN1_016_714_12,1,0.002,14,0.998,0.0,21.34
2026-06-14 04:24:20,046,FBN1_016_714_12,1,0.002,14,0.998,0.0,21.28
2026-06-14 04:34:24,046,FBN1_016_714_12,1,0.002,15,0.998,0.0,21.23
2026-06-14 04:44:27,046,FBN1_016_714_12,5,0.008,13,0.99,0.0,21.2
2026-06-14 04:54:30,046,FBN1_016_714_12,27,0.045,12,0.947,0.0,21.18
2026-06-14 05:04:33,046,FBN1_016_714_12,150,0.25,6,0.615,0.0,21.21
2026-06-14 05:14:36,046,FBN1_016_714_12,204,0.339,6,0.541,0.0,21.26
2026-06-14 05:24:39,046,FBN1_016_714_12,169,0.281,5,0.542,0.0,21.31
2026-06-14 05:34:42,046,FBN1_016_714_12,160,0.267,7,0.636,0.0,21.32
2026-06-14 05:44:45,046,FBN1_016_714_12,197,0.328,6,0.549,0.0,21.34
2026-06-14 05:54:47,046,FBN1_016_714_12,132,0.22,2,0.377,0.0,21.42
2026-06-14 06:04:50,046,FBN1_016_714_12,213,0.354,4,0.429,0.4104,21.37
2026-06-14 06:14:53,046,FBN1_016_714_12,142,0.236,6,0.628,0.2664,21.37
2026-06-14 06:24:56,046,FBN1_016_714_12,0,0.0,15,1.0,0.2592,21.28
2026-06-14 06:34:59,046,FBN1_016_714_12,0,0.0,15,1.0,0.27,21.2
2026-06-14 06:45:02,046,FBN1_016_714_12,0,0.0,15,1.0,0.2664,21.16
2026-06-14 06:55:05,046,FBN1_016_714_12,0,0.0,15,1.0,0.2592,21.12
2026-06-14 07:05:09,046,FBN1_016_714_12,0,0.0,15,1.0,0.2664,21.08
2026-06-14 07:15:12,046,FBN1_016_714_12,0,0.0,15,1.0,0.2664,21.07
2026-06-14 07:25:14,046,FBN1_016_714_12,0,0.0,15,1.0,0.2628,21.06
2026-06-14 07:35:17,046,FBN1_016_714_12,0,0.0,15,1.0,0.27,21.04
2026-06-14 07:45:20,046,FBN1_016_714_12,0,0.0,15,1.0,0.2592,21.04
2026-06-14 07:55:23,046,FBN1_016_714_12,4,0.007,14,0.993,0.2448,21.04
2026-06-14 08:05:40,046,FBN1_016_714_12,20,0.033,12,0.96,0.216,21.11
2026-06-14 08:15:43,046,FBN1_016_714_12,0,0.0,15,1.0,0.2268,21.1
2026-06-14 08:25:46,046,FBN1_016_714_12,0,0.0,15,1.0,0.2196,21.08
2026-06-14 08:35:48,046,FBN1_016_714_12,0,0.0,15,1.0,0.2268,21.06
2026-06-14 08:45:51,046,FBN1_016_714_12,0,0.0,15,1.0,0.2196,21.04
2026-06-14 08:55:54,046,FBN1_016_714_12,0,0.0,15,1.0,0.2196,21.04
2026-06-14 09:05:57,046,FBN1_016_714_12,0,0.0,15,1.0,0.216,21.03
2026-06-14 09:16:00,046,FBN1_016_714_12,0,0.0,15,1.0,0.2268,21.03
2026-06-14 09:26:02,046,FBN1_016_714_12,0,0.0,15,1.0,0.2196,21.02
2026-06-14 09:36:05,046,FBN1_016_714_12,0,0.0,15,1.0,0.2376,21.02
2026-06-14 09:46:08,046,FBN1_016_714_12,0,0.0,15,1.0,0.234,21.02
2026-06-14 09:56:11,046,FBN1_016_714_12,0,0.0,15,1.0,0.2304,21.03
2026-06-14 10:06:15,046,FBN1_016_714_12,0,0.0,15,1.0,0.2124,21.03
2026-06-14 10:16:17,046,FBN1_016_714_12,0,0.0,15,1.0,0.216,21.04
2026-06-14 10:26:20,046,FBN1_016_714_12,0,0.0,15,1.0,0.2196,21.04
2026-06-14 10:36:23,046,FBN1_016_714_12,0,0.0,15,1.0,0.2196,21.04
2026-06-14 10:46:26,046,FBN1_016_714_12,0,0.0,15,1.0,0.2088,21.04
2026-06-14 10:56:28,046,FBN1_016_714_12,0,0.0,15,1.0,0.2196,21.04
2026-06-14 11:06:31,046,FBN1_016_714_12,1,0.002,14,0.998,0.2088,21.04
2026-06-14 11:16:34,046,FBN1_016_714_12,0,0.0,15,1.0,0.216,21.04
2026-06-14 11:26:38,046,FBN1_016_714_12,0,0.0,15,1.0,0.2196,21.03
2026-06-14 11:36:41,046,FBN1_016_714_12,4,0.007,15,0.993,0.2016,21.04
2026-06-14 11:46:44,046,FBN1_016_714_12,110,0.183,7,0.718,0.2232,21.23
2026-06-14 11:56:47,046,FBN1_016_714_12,132,0.22,8,0.708,0.3096,21.19
2026-06-14 12:07:11,046,FBN1_016_714_12,0,0.0,15,1.0,0.3024,21.21
2026-06-14 12:17:14,046,FBN1_016_714_12,0,0.0,15,1.0,0.3024,21.16
2026-06-14 12:27:17,046,FBN1_016_714_12,0,0.0,15,1.0,0.306,21.13
2026-06-14 12:37:20,046,FBN1_016_714_12,0,0.0,15,1.0,0.3024,21.1
2026-06-14 12:47:22,046,FBN1_016_714_12,0,0.0,15,1.0,0.306,21.08
2026-06-14 12:57:25,046,FBN1_016_714_12,0,0.0,15,1.0,0.3024,21.07
2026-06-14 13:07:28,046,FBN1_016_714_12,0,0.0,15,1.0,0.3024,21.06
2026-06-14 13:17:31,046,FBN1_016_714_12,0,0.0,15,1.0,0.2952,21.05
2026-06-14 13:27:34,046,FBN1_016_714_12,0,0.0,15,1.0,0.2952,21.05
2026-06-14 13:37:37,046,FBN1_016_714_12,0,0.0,15,1.0,0.2952,21.06
2026-06-14 13:47:40,046,FBN1_016_714_12,1,0.002,14,0.998,0.2952,21.05
2026-06-14 13:57:43,046,FBN1_016_714_12,1,0.002,14,0.998,0.288,21.08
2026-06-14 14:07:47,046,FBN1_016_714_12,0,0.0,15,1.0,0.288,21.08
2026-06-14 14:17:50,046,FBN1_016_714_12,0,0.0,15,1.0,0.2808,21.08
2026-06-14 14:27:53,046,FBN1_016_714_12,0,0.0,15,1.0,0.288,21.07
2026-06-14 14:37:56,046,FBN1_016_714_12,0,0.0,15,1.0,0.288,21.06
2026-06-14 14:47:59,046,FBN1_016_714_12,0,0.0,15,1.0,0.2916,21.05
2026-06-14 14:58:02,046,FBN1_016_714_12,0,0.0,15,1.0,0.2916,21.04
2026-06-14 15:08:05,046,FBN1_016_714_12,0,0.0,15,1.0,0.288,21.04
2026-06-14 15:18:08,046,FBN1_016_714_12,0,0.0,15,1.0,0.288,21.03
2026-06-14 15:28:12,046,FBN1_016_714_12,0,0.0,15,1.0,0.2916,21.02
2026-06-14 15:38:15,046,FBN1_016_714_12,0,0.0,15,1.0,0.2916,21.03
2026-06-14 15:48:18,046,FBN1_016_714_12,1,0.002,14,0.998,0.2988,21.04
2026-06-14 15:58:21,046,FBN1_016_714_12,0,0.0,15,1.0,0.288,21.04
2026-06-14 16:08:37,046,FBN1_016_714_12,0,0.0,15,1.0,0.2808,21.07
2026-06-14 16:18:40,046,FBN1_016_714_12,9,0.015,13,0.983,0.288,21.09
2026-06-14 16:28:42,046,FBN1_016_714_12,69,0.115,10,0.853,0.2916,21.13
2026-06-14 16:38:45,046,FBN1_016_714_12,0,0.0,15,1.0,0.288,21.13
2026-06-14 16:48:49,046,FBN1_016_714_12,0,0.0,15,1.0,0.2916,21.13
2026-06-14 16:58:51,046,FBN1_016_714_12,0,0.0,15,1.0,0.2916,21.12
2026-06-14 17:08:54,046,FBN1_016_714_12,0,0.0,15,1.0,0.2808,21.11
2026-06-14 17:18:57,046,FBN1_016_714_12,0,0.0,15,1.0,0.288,21.1
2026-06-14 17:28:59,046,FBN1_016_714_12,3,0.005,14,0.995,0.288,21.09
2026-06-14 17:39:02,046,FBN1_016_714_12,2,0.003,14,0.996,0.288,21.09
2026-06-14 17:49:05,046,FBN1_016_714_12,30,0.05,11,0.936,0.2232,21.11
2026-06-14 17:59:07,046,FBN1_016_714_12,144,0.24,7,0.66,0.1872,21.22
2026-06-14 18:09:10,046,FBN1_016_714_12,1,0.002,15,0.998,0.0,21.23
2026-06-14 18:19:13,046,FBN1_016_714_12,3,0.005,14,0.995,0.0,21.21
2026-06-14 18:29:16,046,FBN1_016_714_12,1,0.002,15,0.998,0.0,21.2
2026-06-14 18:39:19,046,FBN1_016_714_12,199,0.331,4,0.446,0.0,21.34
2026-06-14 18:49:22,046,FBN1_016_714_12,278,0.463,4,0.365,0.0,21.42
2026-06-14 18:59:25,046,FBN1_016_714_12,327,0.544,2,0.197,0.0,21.45
2026-06-14 19:09:28,046,FBN1_016_714_12,318,0.529,4,0.335,0.0,21.55
2026-06-14 19:19:32,046,FBN1_016_714_12,141,0.234,9,0.719,0.0,21.75
2026-06-14 19:29:34,046,FBN1_016_714_12,157,0.261,10,0.718,0.0,21.64
2026-06-14 19:39:37,046,FBN1_016_714_12,435,0.724,0,0.0,0.0,21.63
2026-06-14 19:49:39,046,FBN1_016_714_12,393,0.654,0,0.0,0.0,21.76
2026-06-14 19:59:42,046,FBN1_016_714_12,14,0.023,11,0.969,0.0,21.62
2026-06-14 20:10:02,046,FBN1_016_714_12,0,0.0,15,1.0,0.0,21.55
2026-06-14 20:20:05,046,FBN1_016_714_12,336,0.559,3,0.263,0.0,21.56
2026-06-14 20:30:08,046,FBN1_016_714_12,333,0.554,1,0.107,0.0,21.8
2026-06-14 20:40:11,046,FBN1_016_714_12,45,0.075,10,0.899,0.0,21.72
2026-06-14 20:50:14,046,FBN1_016_714_12,11,0.018,12,0.978,0.0,21.61
2026-06-14 21:00:18,046,FBN1_016_714_12,17,0.028,14,0.971,0.0,21.53
2026-06-14 21:10:21,046,FBN1_016_714_12,397,0.659,0,0.0,0.0,21.87
2026-06-14 21:20:24,046,FBN1_016_714_12,205,0.341,3,0.369,0.0,21.78
2026-06-14 21:30:27,046,FBN1_016_714_12,5,0.008,15,0.992,0.0,21.63
2026-06-14 21:40:30,046,FBN1_016_714_12,85,0.141,12,0.85,0.0,21.55
2026-06-14 21:50:33,046,FBN1_016_714_12,89,0.148,9,0.802,0.0,21.53
2026-06-14 22:00:36,046,FBN1_016_714_12,15,0.025,14,0.974,0.0,21.47
2026-06-14 22:10:38,046,FBN1_016_714_12,41,0.068,13,0.927,0.0,21.42
2026-06-14 22:20:41,046,FBN1_016_714_12,283,0.471,2,0.22,0.0,21.51
2026-06-14 22:30:44,046,FBN1_016_714_12,5,0.008,14,0.991,0.0,21.47
2026-06-14 22:40:47,046,FBN1_016_714_12,42,0.07,13,0.925,0.0,21.42
2026-06-14 22:50:51,046,FBN1_016_714_12,202,0.336,3,0.373,0.0,21.48
2026-06-14 23:00:54,046,FBN1_016_714_12,312,0.519,3,0.278,0.0,21.67
2026-06-14 23:10:57,046,FBN1_016_714_12,277,0.46,3,0.302,0.0,21.83
2026-06-14 23:21:00,046,FBN1_016_714_12,137,0.228,9,0.724,0.0,21.73
2026-06-14 23:31:03,046,FBN1_016_714_12,272,0.453,5,0.424,0.0,21.65
2026-06-14 23:41:06,046,FBN1_016_714_12,34,0.056,13,0.939,0.0,21.58
2026-06-14 23:51:10,046,FBN1_016_714_12,302,0.502,3,0.284,0.0,21.62
2026-06-13 00:01:04,022,FBN1_016_714_7,206,0.343,5,0.493,0.0,21.68
2026-06-13 00:11:07,022,FBN1_016_714_7,266,0.442,0,0.0,0.0,21.7
2026-06-13 00:21:09,022,FBN1_016_714_7,193,0.321,4,0.453,0.0,21.6
2026-06-13 00:31:13,022,FBN1_016_714_7,339,0.564,0,0.0,0.0,21.59
2026-06-13 00:41:16,022,FBN1_016_714_7,251,0.418,1,0.137,0.0,21.61
2026-06-13 00:51:19,022,FBN1_016_714_7,232,0.386,3,0.341,0.0,21.56
2026-06-13 01:01:21,022,FBN1_016_714_7,220,0.366,0,0.0,0.0,21.49
2026-06-13 01:11:25,022,FBN1_016_714_7,156,0.26,3,0.435,0.0,21.43
2026-06-13 01:21:28,022,FBN1_016_714_7,257,0.427,2,0.237,0.0,21.53
2026-06-13 01:31:31,022,FBN1_016_714_7,45,0.075,11,0.907,0.0,21.45
2026-06-13 01:41:34,022,FBN1_016_714_7,0,0.0,14,1.0,0.0,21.34
2026-06-13 01:51:37,022,FBN1_016_714_7,0,0.0,14,1.0,0.0,21.26
2026-06-13 02:01:39,022,FBN1_016_714_7,0,0.0,14,1.0,0.0,21.2
2026-06-13 02:11:43,022,FBN1_016_714_7,17,0.028,12,0.966,0.0,21.15
2026-06-13 02:21:46,022,FBN1_016_714_7,82,0.136,6,0.745,0.0,21.16
2026-06-13 02:31:49,022,FBN1_016_714_7,198,0.329,2,0.288,0.0,21.19
2026-06-13 02:41:52,022,FBN1_016_714_7,199,0.331,2,0.287,0.0,21.3
2026-06-13 02:51:54,022,FBN1_016_714_7,231,0.384,0,0.0,0.0,21.5
2026-06-13 03:01:57,022,FBN1_016_714_7,242,0.403,2,0.248,0.0,21.49
2026-06-13 03:12:01,022,FBN1_016_714_7,186,0.309,3,0.392,0.0,21.47
2026-06-13 03:22:03,022,FBN1_016_714_7,247,0.411,2,0.245,0.0,21.41
2026-06-13 03:32:07,022,FBN1_016_714_7,110,0.183,8,0.744,0.0,21.34
2026-06-13 03:42:38,022,FBN1_016_714_7,128,0.214,4,0.556,0.0,21.35
2026-06-13 03:52:40,022,FBN1_016_714_7,5,0.008,13,0.99,0.0,21.24
2026-06-13 04:02:43,022,FBN1_016_714_7,3,0.005,14,0.995,0.0,21.16
2026-06-13 04:12:46,022,FBN1_016_714_7,14,0.023,11,0.969,0.0,21.11
2026-06-13 04:22:48,022,FBN1_016_714_7,174,0.29,2,0.315,0.0,21.16
2026-06-13 04:32:52,022,FBN1_016_714_7,141,0.235,5,0.587,0.0,21.24
2026-06-13 04:42:54,022,FBN1_016_714_7,71,0.118,9,0.835,0.0,21.21
2026-06-13 04:52:57,022,FBN1_016_714_7,1,0.002,14,0.998,0.0,21.16
2026-06-13 05:03:01,022,FBN1_016_714_7,63,0.105,10,0.864,0.0,21.14
2026-06-13 05:13:04,022,FBN1_016_714_7,78,0.13,7,0.782,0.0,21.14
2026-06-13 05:23:07,022,FBN1_016_714_7,64,0.106,6,0.789,0.0,21.16
2026-06-13 05:33:10,022,FBN1_016_714_7,109,0.181,9,0.768,0.0,21.14
2026-06-13 05:43:13,022,FBN1_016_714_7,222,0.369,1,0.153,0.0,21.29
2026-06-13 05:53:16,022,FBN1_016_714_7,160,0.266,4,0.5,0.0,21.25
2026-06-13 06:03:18,022,FBN1_016_714_7,64,0.106,8,0.833,0.8784,21.2
2026-06-13 06:13:21,022,FBN1_016_714_7,1,0.002,14,0.998,0.8784,21.14
2026-06-13 06:23:24,022,FBN1_016_714_7,0,0.0,14,1.0,0.882,21.09
2026-06-13 06:33:27,022,FBN1_016_714_7,3,0.005,13,0.994,0.882,21.05
2026-06-13 06:43:30,022,FBN1_016_714_7,1,0.002,14,0.998,0.8712,21.0
2026-06-13 06:53:33,022,FBN1_016_714_7,2,0.003,14,0.996,0.8712,20.97
2026-06-13 07:03:36,022,FBN1_016_714_7,0,0.0,15,1.0,0.8712,20.96
2026-06-13 07:13:39,022,FBN1_016_714_7,1,0.002,14,0.998,0.8712,20.95
2026-06-13 07:23:42,022,FBN1_016_714_7,0,0.0,15,1.0,0.8712,20.94
2026-06-13 07:33:44,022,FBN1_016_714_7,0,0.0,14,1.0,0.8712,20.93
2026-06-13 07:44:11,022,FBN1_016_714_7,23,0.038,10,0.946,0.8316,20.99
2026-06-13 07:54:14,022,FBN1_016_714_7,140,0.233,6,0.632,0.9288,21.02
2026-06-13 08:04:17,022,FBN1_016_714_7,2,0.003,14,0.996,0.9432,21.02
2026-06-13 08:14:20,022,FBN1_016_714_7,1,0.002,14,0.998,0.954,21.01
2026-06-13 08:24:23,022,FBN1_016_714_7,1,0.002,14,0.998,0.954,20.99
2026-06-13 08:34:26,022,FBN1_016_714_7,2,0.003,14,0.996,0.9432,20.97
2026-06-13 08:44:29,022,FBN1_016_714_7,0,0.0,14,1.0,0.9432,20.95
2026-06-13 08:54:32,022,FBN1_016_714_7,0,0.0,14,1.0,0.9468,20.94
2026-06-13 09:04:34,022,FBN1_016_714_7,9,0.015,12,0.982,0.954,20.95
2026-06-13 09:14:37,022,FBN1_016_714_7,0,0.0,15,1.0,0.9432,20.95
2026-06-13 09:24:41,022,FBN1_016_714_7,0,0.0,15,1.0,0.954,20.95
2026-06-13 09:34:44,022,FBN1_016_714_7,0,0.0,14,1.0,0.954,20.94
2026-06-13 09:44:47,022,FBN1_016_714_7,0,0.0,15,1.0,0.972,20.94
2026-06-13 09:54:50,022,FBN1_016_714_7,0,0.0,15,1.0,0.972,20.93
2026-06-13 10:04:53,022,FBN1_016_714_7,0,0.0,14,1.0,0.9432,20.93
2026-06-13 10:14:56,022,FBN1_016_714_7,3,0.005,14,0.995,0.954,20.92
2026-06-13 10:24:59,022,FBN1_016_714_7,19,0.032,12,0.962,0.9432,20.95
2026-06-13 10:35:02,022,FBN1_016_714_7,10,0.017,13,0.981,0.9504,20.97
2026-06-13 10:45:05,022,FBN1_016_714_7,0,0.0,15,1.0,0.9792,20.96
2026-06-13 10:55:08,022,FBN1_016_714_7,0,0.0,15,1.0,0.972,20.94
2026-06-13 11:05:11,022,FBN1_016_714_7,3,0.005,14,0.995,0.9612,20.93
2026-06-13 11:15:14,022,FBN1_016_714_7,0,0.0,14,1.0,0.9612,20.92
2026-06-13 11:25:17,022,FBN1_016_714_7,0,0.0,15,1.0,0.9612,20.91
2026-06-13 11:35:20,022,FBN1_016_714_7,0,0.0,14,1.0,0.9792,20.89
2026-06-13 11:45:52,022,FBN1_016_714_7,9,0.015,11,0.98,0.972,20.96
2026-06-13 11:55:55,022,FBN1_016_714_7,32,0.053,10,0.926,0.9288,20.96
2026-06-13 12:05:57,022,FBN1_016_714_7,0,0.0,14,1.0,0.9072,20.92
2026-06-13 12:16:01,022,FBN1_016_714_7,0,0.0,15,1.0,0.918,20.87
2026-06-13 12:26:04,022,FBN1_016_714_7,0,0.0,15,1.0,0.9072,20.84
2026-06-13 12:36:07,022,FBN1_016_714_7,0,0.0,15,1.0,0.9072,20.82
2026-06-13 12:46:10,022,FBN1_016_714_7,0,0.0,15,1.0,0.9072,20.81
2026-06-13 12:56:13,022,FBN1_016_714_7,0,0.0,14,1.0,0.918,20.82
2026-06-13 13:06:15,022,FBN1_016_714_7,0,0.0,14,1.0,0.9072,20.82
2026-06-13 13:16:18,022,FBN1_016_714_7,4,0.007,13,0.992,0.9072,20.84
2026-06-13 13:26:21,022,FBN1_016_714_7,1,0.002,14,0.998,0.9072,20.85
2026-06-13 13:36:24,022,FBN1_016_714_7,3,0.005,14,0.995,0.9036,20.88
2026-06-13 13:46:28,022,FBN1_016_714_7,64,0.106,8,0.833,0.9216,20.95
2026-06-13 13:56:30,022,FBN1_016_714_7,113,0.188,7,0.712,0.9756,20.98
2026-06-13 14:06:33,022,FBN1_016_714_7,22,0.037,12,0.956,0.9504,20.95
2026-06-13 14:16:36,022,FBN1_016_714_7,0,0.0,15,1.0,0.9504,20.93
2026-06-13 14:26:39,022,FBN1_016_714_7,0,0.0,14,1.0,0.9612,20.9
2026-06-13 14:36:42,022,FBN1_016_714_7,0,0.0,15,1.0,0.9504,20.87
2026-06-13 14:46:45,022,FBN1_016_714_7,0,0.0,14,1.0,0.954,20.85
2026-06-13 14:56:48,022,FBN1_016_714_7,0,0.0,15,1.0,0.9504,20.84
2026-06-13 15:06:51,022,FBN1_016_714_7,0,0.0,14,1.0,0.9432,20.83
2026-06-13 15:16:54,022,FBN1_016_714_7,0,0.0,15,1.0,0.9432,20.82
2026-06-13 15:26:57,022,FBN1_016_714_7,0,0.0,15,1.0,0.936,20.82
2026-06-13 15:37:01,022,FBN1_016_714_7,0,0.0,15,1.0,0.9432,20.83
2026-06-13 15:47:36,022,FBN1_016_714_7,0,0.0,14,1.0,0.9324,20.91
2026-06-13 15:57:39,022,FBN1_016_714_7,0,0.0,14,1.0,0.9396,20.88
2026-06-13 16:07:42,022,FBN1_016_714_7,30,0.05,10,0.93,0.9072,20.88
2026-06-13 16:17:45,022,FBN1_016_714_7,100,0.166,10,0.8,0.8208,20.92
2026-06-13 16:27:48,022,FBN1_016_714_7,20,0.033,12,0.96,0.8352,20.95
2026-06-13 16:37:51,022,FBN1_016_714_7,1,0.002,14,0.998,0.8424,20.94
2026-06-13 16:47:54,022,FBN1_016_714_7,0,0.0,14,1.0,0.846,20.92
2026-06-13 16:57:57,022,FBN1_016_714_7,0,0.0,15,1.0,0.8424,20.91
2026-06-13 17:08:00,022,FBN1_016_714_7,1,0.002,14,0.998,0.8424,20.89
2026-06-13 17:18:03,022,FBN1_016_714_7,0,0.0,15,1.0,0.8496,20.9
2026-06-13 17:28:06,022,FBN1_016_714_7,0,0.0,14,1.0,0.8424,20.9
2026-06-13 17:38:09,022,FBN1_016_714_7,9,0.015,13,0.983,0.864,20.91
2026-06-13 17:48:12,022,FBN1_016_714_7,170,0.283,6,0.585,0.6984,21.04
2026-06-13 17:58:14,022,FBN1_016_714_7,134,0.223,5,0.599,0.6984,21.06
2026-06-13 18:08:17,022,FBN1_016_714_7,150,0.25,2,0.348,0.0,21.11
2026-06-13 18:18:20,022,FBN1_016_714_7,193,0.322,2,0.293,0.0,21.16
2026-06-13 18:28:23,022,FBN1_016_714_7,71,0.118,11,0.861,0.0,21.19
2026-06-13 18:38:25,022,FBN1_016_714_7,306,0.509,0,0.0,0.0,21.26
2026-06-13 18:48:28,022,FBN1_016_714_7,247,0.412,2,0.245,0.0,21.31
2026-06-13 18:58:30,022,FBN1_016_714_7,230,0.383,4,0.41,0.0,21.33
2026-06-13 19:08:33,022,FBN1_016_714_7,225,0.374,5,0.471,0.0,21.35
2026-06-13 19:18:37,022,FBN1_016_714_7,298,0.496,1,0.118,0.0,21.43
2026-06-13 19:28:40,022,FBN1_016_714_7,199,0.331,4,0.446,0.0,21.43
2026-06-13 19:38:42,022,FBN1_016_714_7,149,0.248,8,0.682,0.0,21.4
2026-06-13 19:49:02,022,FBN1_016_714_7,148,0.247,3,0.448,0.0,21.43
2026-06-13 19:59:05,022,FBN1_016_714_7,4,0.007,13,0.992,0.0,21.36
2026-06-13 20:09:08,022,FBN1_016_714_7,61,0.101,10,0.868,0.0,21.29
2026-06-13 20:19:11,022,FBN1_016_714_7,147,0.245,6,0.62,0.0,21.29
2026-06-13 20:29:14,022,FBN1_016_714_7,20,0.033,12,0.96,0.0,21.22
2026-06-13 20:39:17,022,FBN1_016_714_7,198,0.33,4,0.447,0.0,21.21
2026-06-13 20:49:20,022,FBN1_016_714_7,134,0.223,9,0.729,0.0,21.21
2026-06-13 20:59:23,022,FBN1_016_714_7,267,0.444,0,0.0,0.0,21.3
2026-06-13 21:09:26,022,FBN1_016_714_7,262,0.437,1,0.132,0.0,21.31
2026-06-13 21:19:29,022,FBN1_016_714_7,64,0.106,10,0.862,0.0,21.27
2026-06-13 21:29:32,022,FBN1_016_714_7,279,0.464,0,0.0,0.0,21.3
2026-06-13 21:39:34,022,FBN1_016_714_7,102,0.17,10,0.797,0.0,21.34
2026-06-13 21:49:37,022,FBN1_016_714_7,244,0.405,2,0.247,0.0,21.29
2026-06-13 21:59:40,022,FBN1_016_714_7,203,0.337,1,0.165,0.0,21.28
2026-06-13 22:09:43,022,FBN1_016_714_7,109,0.181,9,0.768,0.0,21.28
2026-06-13 22:19:45,022,FBN1_016_714_7,226,0.376,3,0.347,0.0,21.26
2026-06-13 22:29:48,022,FBN1_016_714_7,253,0.421,3,0.322,0.0,21.4
2026-06-13 22:39:51,022,FBN1_016_714_7,281,0.468,0,0.0,0.0,21.4
2026-06-13 22:49:54,022,FBN1_016_714_7,108,0.179,8,0.748,0.0,21.37
2026-06-13 22:59:56,022,FBN1_016_714_7,188,0.313,4,0.46,0.0,21.35
2026-06-13 23:09:59,022,FBN1_016_714_7,166,0.276,6,0.591,0.0,21.29
2026-06-13 23:20:03,022,FBN1_016_714_7,168,0.28,4,0.488,0.0,21.36
2026-06-13 23:30:06,022,FBN1_016_714_7,188,0.312,3,0.39,0.0,21.34
2026-06-13 23:40:09,022,FBN1_016_714_7,86,0.143,10,0.823,0.0,21.25
2026-06-13 23:50:43,022,FBN1_016_714_7,94,0.157,4,0.63,0.0,21.25
2026-06-14 00:00:46,022,FBN1_016_714_7,95,0.158,3,0.558,0.0,21.19
2026-06-14 00:10:49,022,FBN1_016_714_7,3,0.005,13,0.994,0.0,21.12
2026-06-14 00:20:52,022,FBN1_016_714_7,5,0.008,13,0.99,0.0,21.07
2026-06-14 00:30:54,022,FBN1_016_714_7,11,0.018,13,0.979,0.0,21.03
2026-06-14 00:40:57,022,FBN1_016_714_7,5,0.008,13,0.99,0.0,21.01
2026-06-14 00:51:01,022,FBN1_016_714_7,4,0.007,14,0.993,0.0,20.97
2026-06-14 01:01:04,022,FBN1_016_714_7,0,0.0,15,1.0,0.0,20.94
2026-06-14 01:11:06,022,FBN1_016_714_7,24,0.04,12,0.952,0.0,20.94
2026-06-14 01:21:09,022,FBN1_016_714_7,0,0.0,15,1.0,0.0,20.91
2026-06-14 01:31:12,022,FBN1_016_714_7,5,0.008,13,0.99,0.0,20.9
2026-06-14 01:41:16,022,FBN1_016_714_7,16,0.027,12,0.968,0.0,20.89
2026-06-14 01:51:19,022,FBN1_016_714_7,72,0.12,5,0.735,0.0,20.9
2026-06-14 02:01:21,022,FBN1_016_714_7,211,0.351,4,0.431,0.0,20.97
2026-06-14 02:11:24,022,FBN1_016_714_7,194,0.323,4,0.452,0.0,21.07
2026-06-14 02:21:27,022,FBN1_016_714_7,205,0.341,4,0.438,0.0,21.25
2026-06-14 02:31:30,022,FBN1_016_714_7,181,0.301,6,0.57,0.0,21.35
2026-06-14 02:41:33,022,FBN1_016_714_7,272,0.453,2,0.227,0.0,21.35
2026-06-14 02:51:36,022,FBN1_016_714_7,299,0.498,2,0.211,0.0,21.44
2026-06-14 03:01:40,022,FBN1_016_714_7,142,0.236,6,0.628,0.0,21.4
2026-06-14 03:11:42,022,FBN1_016_714_7,129,0.215,7,0.685,0.0,21.32
2026-06-14 03:21:46,022,FBN1_016_714_7,146,0.243,6,0.622,0.0,21.3
2026-06-14 03:31:48,022,FBN1_016_714_7,250,0.416,4,0.39,0.0,21.34
2026-06-14 03:41:52,022,FBN1_016_714_7,130,0.216,8,0.711,0.0,21.37
2026-06-14 03:52:33,022,FBN1_016_714_7,207,0.346,2,0.279,0.0,21.41
2026-06-14 04:02:36,022,FBN1_016_714_7,231,0.384,4,0.409,0.0,21.32
2026-06-14 04:12:39,022,FBN1_016_714_7,123,0.205,6,0.661,0.0,21.29
2026-06-14 04:22:42,022,FBN1_016_714_7,171,0.284,2,0.319,0.0,21.2
2026-06-14 04:32:45,022,FBN1_016_714_7,31,0.051,11,0.934,0.0,21.14
2026-06-14 04:42:48,022,FBN1_016_714_7,13,0.022,13,0.976,0.0,21.1
2026-06-14 04:52:51,022,FBN1_016_714_7,10,0.017,12,0.98,0.0,21.05
2026-06-14 05:02:55,022,FBN1_016_714_7,7,0.012,13,0.987,0.0,21.02
2026-06-14 05:12:57,022,FBN1_016_714_7,1,0.002,14,0.998,0.0,21.0
2026-06-14 05:23:00,022,FBN1_016_714_7,271,0.451,1,0.129,0.0,21.03
2026-06-14 05:33:04,022,FBN1_016_714_7,164,0.273,5,0.549,0.0,21.05
2026-06-14 05:43:06,022,FBN1_016_714_7,116,0.193,9,0.756,0.0,21.08
2026-06-14 05:53:10,022,FBN1_016_714_7,237,0.394,4,0.403,0.0,21.1
2026-06-14 06:03:13,022,FBN1_016_714_7,111,0.184,10,0.783,0.7992,21.1
2026-06-14 06:13:17,022,FBN1_016_714_7,25,0.042,13,0.954,0.8172,21.02
2026-06-14 06:23:19,022,FBN1_016_714_7,184,0.306,2,0.303,0.7308,21.09
2026-06-14 06:33:22,022,FBN1_016_714_7,137,0.228,6,0.637,0.8496,21.04
2026-06-14 06:43:25,022,FBN1_016_714_7,3,0.005,13,0.994,0.864,20.99
2026-06-14 06:53:28,022,FBN1_016_714_7,21,0.035,12,0.958,0.4788,20.95
2026-06-14 07:03:31,022,FBN1_016_714_7,99,0.165,8,0.764,0.81,20.94
2026-06-14 07:13:34,022,FBN1_016_714_7,2,0.003,14,0.996,0.7992,20.9
2026-06-14 07:23:36,022,FBN1_016_714_7,3,0.005,13,0.994,0.8064,20.89
2026-06-14 07:33:39,022,FBN1_016_714_7,0,0.0,15,1.0,0.8064,20.85
2026-06-14 07:43:43,022,FBN1_016_714_7,4,0.007,14,0.993,0.8064,20.85
2026-06-14 07:54:01,022,FBN1_016_714_7,2,0.003,14,0.996,0.8064,20.86
2026-06-14 08:04:04,022,FBN1_016_714_7,8,0.013,13,0.985,0.7992,20.83
2026-06-14 08:14:07,022,FBN1_016_714_7,0,0.0,14,1.0,0.7992,20.82
2026-06-14 08:24:11,022,FBN1_016_714_7,0,0.0,15,1.0,0.7992,20.83
2026-06-14 08:34:14,022,FBN1_016_714_7,4,0.007,13,0.992,0.7992,20.8
2026-06-14 08:44:17,022,FBN1_016_714_7,10,0.017,13,0.981,0.7992,20.8
2026-06-14 08:54:19,022,FBN1_016_714_7,0,0.0,14,1.0,0.81,20.79
2026-06-14 09:04:22,022,FBN1_016_714_7,0,0.0,14,1.0,0.7884,20.78
2026-06-14 09:14:25,022,FBN1_016_714_7,67,0.111,2,0.544,0.8136,20.82
2026-06-14 09:24:29,022,FBN1_016_714_7,100,0.166,8,0.762,0.7956,20.9
2026-06-14 09:34:32,022,FBN1_016_714_7,143,0.238,6,0.627,0.8712,20.92
2026-06-14 09:44:35,022,FBN1_016_714_7,98,0.163,8,0.766,0.9612,20.92
2026-06-14 09:54:38,022,FBN1_016_714_7,0,0.0,15,1.0,0.9504,20.9
2026-06-14 10:04:40,022,FBN1_016_714_7,0,0.0,14,1.0,0.9288,20.88
2026-06-14 10:14:43,022,FBN1_016_714_7,1,0.002,14,0.998,0.9324,20.86
2026-06-14 10:24:46,022,FBN1_016_714_7,1,0.002,14,0.998,0.9288,20.85
2026-06-14 10:34:48,022,FBN1_016_714_7,0,0.0,14,1.0,0.9288,20.82
2026-06-14 10:44:51,022,FBN1_016_714_7,2,0.003,14,0.996,0.9324,20.81
2026-06-14 10:54:54,022,FBN1_016_714_7,1,0.002,14,0.998,0.9324,20.81
2026-06-14 11:04:57,022,FBN1_016_714_7,2,0.003,14,0.996,0.9324,20.8
2026-06-14 11:15:00,022,FBN1_016_714_7,0,0.0,14,1.0,0.9288,20.78
2026-06-14 11:25:03,022,FBN1_016_714_7,0,0.0,15,1.0,0.9216,20.78
2026-06-14 11:35:06,022,FBN1_016_714_7,2,0.003,14,0.996,0.9432,20.78
2026-06-14 11:45:09,022,FBN1_016_714_7,0,0.0,15,1.0,0.9432,20.8
2026-06-14 11:55:36,022,FBN1_016_714_7,0,0.0,14,1.0,0.9288,20.85
2026-06-14 12:05:40,022,FBN1_016_714_7,0,0.0,15,1.0,0.936,20.82
2026-06-14 12:15:43,022,FBN1_016_714_7,0,0.0,15,1.0,0.9288,20.81
2026-06-14 12:25:46,022,FBN1_016_714_7,4,0.007,14,0.993,0.9288,20.81
2026-06-14 12:35:49,022,FBN1_016_714_7,0,0.0,15,1.0,0.9216,20.8
2026-06-14 12:45:52,022,FBN1_016_714_7,1,0.002,14,0.998,0.9324,20.8
2026-06-14 12:55:55,022,FBN1_016_714_7,0,0.0,14,1.0,0.9216,20.78
2026-06-14 13:05:58,022,FBN1_016_714_7,3,0.005,13,0.994,0.9216,20.78
2026-06-14 13:16:01,022,FBN1_016_714_7,0,0.0,14,1.0,0.9216,20.78
2026-06-14 13:26:04,022,FBN1_016_714_7,2,0.003,14,0.996,0.9216,20.78
2026-06-14 13:36:07,022,FBN1_016_714_7,36,0.06,10,0.917,0.8856,20.81
2026-06-14 13:46:10,022,FBN1_016_714_7,139,0.231,7,0.668,0.6768,20.89
2026-06-14 13:56:13,022,FBN1_016_714_7,88,0.146,7,0.761,0.7272,20.9
2026-06-14 14:06:17,022,FBN1_016_714_7,43,0.071,8,0.882,0.756,20.9
2026-06-14 14:16:20,022,FBN1_016_714_7,3,0.005,13,0.994,0.774,20.89
2026-06-14 14:26:23,022,FBN1_016_714_7,11,0.018,13,0.979,0.7704,20.88
2026-06-14 14:36:25,022,FBN1_016_714_7,10,0.017,13,0.981,0.774,20.87
2026-06-14 14:46:28,022,FBN1_016_714_7,6,0.01,14,0.989,0.7632,20.85
2026-06-14 14:56:32,022,FBN1_016_714_7,12,0.02,13,0.977,0.7596,20.84
2026-06-14 15:06:35,022,FBN1_016_714_7,0,0.0,14,1.0,0.756,20.83
2026-06-14 15:16:38,022,FBN1_016_714_7,2,0.003,14,0.996,0.756,20.81
2026-06-14 15:26:41,022,FBN1_016_714_7,57,0.095,9,0.863,0.7344,20.82
2026-06-14 15:36:44,022,FBN1_016_714_7,23,0.038,9,0.94,0.7596,20.83
2026-06-14 15:46:47,022,FBN1_016_714_7,63,0.105,11,0.875,0.7488,20.83
2026-06-14 15:57:23,022,FBN1_016_714_7,115,0.192,7,0.709,0.7272,20.94
2026-06-14 16:07:26,022,FBN1_016_714_7,77,0.128,6,0.757,0.7164,20.98
2026-06-14 16:17:29,022,FBN1_016_714_7,14,0.023,13,0.974,0.6768,20.95
2026-06-14 16:27:32,022,FBN1_016_714_7,8,0.013,13,0.985,0.6984,20.93
2026-06-14 16:37:35,022,FBN1_016_714_7,9,0.015,13,0.983,0.6588,20.9
2026-06-14 16:47:37,022,FBN1_016_714_7,2,0.003,14,0.996,0.6768,20.89
2026-06-14 16:57:40,022,FBN1_016_714_7,98,0.163,6,0.71,0.612,20.91
2026-06-14 17:07:43,022,FBN1_016_714_7,49,0.081,12,0.907,0.7632,20.91
2026-06-14 17:17:46,022,FBN1_016_714_7,95,0.158,8,0.771,0.4464,20.95
2026-06-14 17:27:49,022,FBN1_016_714_7,244,0.405,0,0.0,0.4896,21.04
2026-06-14 17:37:52,022,FBN1_016_714_7,197,0.328,5,0.504,0.5976,21.09
2026-06-14 17:47:55,022,FBN1_016_714_7,206,0.343,3,0.368,0.6732,21.12
2026-06-14 17:57:57,022,FBN1_016_714_7,6,0.01,14,0.989,0.6408,21.08
2026-06-14 18:08:00,022,FBN1_016_714_7,2,0.003,14,0.996,0.0,21.04
2026-06-14 18:18:03,022,FBN1_016_714_7,84,0.14,11,0.84,0.0,21.01
2026-06-14 18:28:07,022,FBN1_016_714_7,107,0.178,9,0.771,0.0,21.05
2026-06-14 18:38:10,022,FBN1_016_714_7,341,0.567,0,0.0,0.0,21.14
2026-06-14 18:48:13,022,FBN1_016_714_7,334,0.556,0,0.0,0.0,21.3
2026-06-14 18:58:16,022,FBN1_016_714_7,287,0.478,1,0.122,0.0,21.31
2026-06-14 19:08:19,022,FBN1_016_714_7,229,0.381,4,0.411,0.0,21.31
2026-06-14 19:18:21,022,FBN1_016_714_7,120,0.2,8,0.727,0.0,21.27
2026-06-14 19:28:25,022,FBN1_016_714_7,316,0.526,1,0.112,0.0,21.36
2026-06-14 19:38:28,022,FBN1_016_714_7,155,0.258,4,0.508,0.0,21.35
2026-06-14 19:48:31,022,FBN1_016_714_7,175,0.291,6,0.578,0.0,21.3
2026-06-14 19:59:05,022,FBN1_016_714_7,191,0.32,6,0.557,0.0,21.37
2026-06-14 20:09:08,022,FBN1_016_714_7,164,0.273,6,0.594,0.0,21.31
2026-06-14 20:19:11,022,FBN1_016_714_7,159,0.264,5,0.557,0.0,21.42
2026-06-14 20:29:14,022,FBN1_016_714_7,181,0.301,4,0.469,0.0,21.38
2026-06-14 20:39:16,022,FBN1_016_714_7,106,0.176,7,0.725,0.0,21.37
2026-06-14 20:49:19,022,FBN1_016_714_7,141,0.235,7,0.665,0.0,21.31
2026-06-14 20:59:21,022,FBN1_016_714_7,65,0.108,12,0.881,0.0,21.25
2026-06-14 21:09:24,022,FBN1_016_714_7,251,0.418,2,0.242,0.0,21.26
2026-06-14 21:19:28,022,FBN1_016_714_7,16,0.027,14,0.972,0.0,21.18
2026-06-14 21:29:31,022,FBN1_016_714_7,216,0.359,2,0.27,0.0,21.21
2026-06-14 21:39:33,022,FBN1_016_714_7,176,0.293,4,0.476,0.0,21.21
2026-06-14 21:49:36,022,FBN1_016_714_7,88,0.146,8,0.784,0.0,21.21
2026-06-14 21:59:39,022,FBN1_016_714_7,239,0.398,4,0.401,0.0,21.27
2026-06-14 22:09:42,022,FBN1_016_714_7,192,0.319,4,0.455,0.0,21.29
2026-06-14 22:19:44,022,FBN1_016_714_7,217,0.361,4,0.424,0.0,21.24
2026-06-14 22:29:48,022,FBN1_016_714_7,106,0.176,7,0.725,0.0,21.22
2026-06-14 22:39:51,022,FBN1_016_714_7,51,0.085,10,0.887,0.0,21.18
2026-06-14 22:49:53,022,FBN1_016_714_7,14,0.023,13,0.974,0.0,21.14
2026-06-14 22:59:56,022,FBN1_016_714_7,5,0.008,14,0.991,0.0,21.1
2026-06-14 23:09:59,022,FBN1_016_714_7,0,0.0,14,1.0,0.0,21.07
2026-06-14 23:20:02,022,FBN1_016_714_7,8,0.013,14,0.986,0.0,21.05
2026-06-14 23:30:05,022,FBN1_016_714_7,7,0.012,14,0.988,0.0,21.03
2026-06-14 23:40:07,022,FBN1_016_714_7,32,0.053,9,0.918,0.0,21.02
2026-06-14 23:50:11,022,FBN1_016_714_7,124,0.206,7,0.693,0.0,21.03
2026-06-13 00:08:41,038,FBN1_016_715_76,4,0.007,14,0.993,0.0,21.59
2026-06-13 00:18:44,038,FBN1_016_715_76,28,0.047,10,0.935,0.0,21.61
2026-06-13 00:28:47,038,FBN1_016_715_76,4,0.007,14,0.993,0.0,21.6
2026-06-13 00:38:49,038,FBN1_016_715_76,0,0.0,15,1.0,0.0,21.58
2026-06-13 00:48:52,038,FBN1_016_715_76,0,0.0,15,1.0,0.0,21.57
2026-06-13 00:58:55,038,FBN1_016_715_76,0,0.0,15,1.0,0.0,21.54
2026-06-13 01:08:58,038,FBN1_016_715_76,0,0.0,15,1.0,0.0,21.52
2026-06-13 01:19:01,038,FBN1_016_715_76,0,0.0,15,1.0,0.0,21.5
2026-06-13 01:29:03,038,FBN1_016_715_76,27,0.045,9,0.93,0.0,21.54
2026-06-13 01:39:06,038,FBN1_016_715_76,2,0.003,14,0.996,0.0,21.57
2026-06-13 01:49:09,038,FBN1_016_715_76,45,0.075,8,0.877,0.0,21.6
2026-06-13 01:59:12,038,FBN1_016_715_76,29,0.048,10,0.932,0.0,21.62
2026-06-13 02:09:15,038,FBN1_016_715_76,2,0.003,14,0.996,0.0,21.66
2026-06-13 02:19:18,038,FBN1_016_715_76,22,0.037,12,0.956,0.0,21.66
2026-06-13 02:29:20,038,FBN1_016_715_76,32,0.053,10,0.926,0.0,21.65
2026-06-13 02:39:23,038,FBN1_016_715_76,15,0.025,11,0.967,0.0,21.65
2026-06-13 02:49:26,038,FBN1_016_715_76,12,0.02,12,0.976,0.0,21.64
2026-06-13 02:59:29,038,FBN1_016_715_76,105,0.175,5,0.656,0.0,21.65
2026-06-13 03:09:31,038,FBN1_016_715_76,64,0.107,8,0.833,0.0,21.68
2026-06-13 03:19:34,038,FBN1_016_715_76,55,0.091,9,0.867,0.0,21.68
2026-06-13 03:29:37,038,FBN1_016_715_76,9,0.015,12,0.982,0.0,21.66
2026-06-13 03:39:41,038,FBN1_016_715_76,26,0.043,12,0.949,0.0,21.68
2026-06-13 03:50:19,038,FBN1_016_715_76,61,0.102,9,0.855,0.0,21.77
2026-06-13 04:00:22,038,FBN1_016_715_76,98,0.163,8,0.766,0.0,21.75
2026-06-13 04:10:25,038,FBN1_016_715_76,50,0.083,8,0.865,0.0,21.74
2026-06-13 04:20:28,038,FBN1_016_715_76,21,0.035,12,0.958,0.0,21.73
2026-06-13 04:30:31,038,FBN1_016_715_76,133,0.221,3,0.474,0.0,21.72
2026-06-13 04:40:34,038,FBN1_016_715_76,25,0.042,11,0.946,0.0,21.7
2026-06-13 04:50:37,038,FBN1_016_715_76,38,0.063,9,0.905,0.0,21.67
2026-06-13 05:00:40,038,FBN1_016_715_76,46,0.077,9,0.887,0.0,21.66
2026-06-13 05:10:43,038,FBN1_016_715_76,36,0.06,8,0.899,0.0,21.64
2026-06-13 05:20:46,038,FBN1_016_715_76,30,0.05,9,0.923,0.0,21.65
2026-06-13 05:30:49,038,FBN1_016_715_76,28,0.047,10,0.935,0.0,21.64
2026-06-13 05:40:52,038,FBN1_016_715_76,49,0.082,7,0.851,0.0,21.65
2026-06-13 05:50:55,038,FBN1_016_715_76,33,0.055,11,0.93,0.0,21.65
2026-06-13 06:00:58,038,FBN1_016_715_76,49,0.082,8,0.867,0.1692,21.65
2026-06-13 06:11:01,038,FBN1_016_715_76,18,0.03,13,0.967,0.162,21.65
2026-06-13 06:21:04,038,FBN1_016_715_76,100,0.166,6,0.706,0.1224,21.66
2026-06-13 06:31:07,038,FBN1_016_715_76,45,0.075,10,0.899,0.162,21.62
2026-06-13 06:41:10,038,FBN1_016_715_76,11,0.018,11,0.976,0.1476,21.58
2026-06-13 06:51:13,038,FBN1_016_715_76,9,0.015,14,0.984,0.1584,21.54
2026-06-13 07:01:17,038,FBN1_016_715_76,3,0.005,14,0.995,0.1368,21.5
2026-06-13 07:11:20,038,FBN1_016_715_76,3,0.005,15,0.995,0.1296,21.48
2026-06-13 07:21:22,038,FBN1_016_715_76,12,0.02,13,0.977,0.1476,21.46
2026-06-13 07:31:25,038,FBN1_016_715_76,0,0.0,15,1.0,0.144,21.42
2026-06-13 07:41:28,038,FBN1_016_715_76,0,0.0,15,1.0,0.144,21.39
2026-06-13 07:51:59,038,FBN1_016_715_76,0,0.0,15,1.0,0.1368,21.45
2026-06-13 08:02:01,038,FBN1_016_715_76,0,0.0,15,1.0,0.144,21.4
2026-06-13 08:12:04,038,FBN1_016_715_76,0,0.0,15,1.0,0.144,21.36
2026-06-13 08:22:07,038,FBN1_016_715_76,0,0.0,15,1.0,0.144,21.33
2026-06-13 08:32:10,038,FBN1_016_715_76,0,0.0,15,1.0,0.144,21.31
2026-06-13 08:42:13,038,FBN1_016_715_76,0,0.0,15,1.0,0.1476,21.3
2026-06-13 08:52:16,038,FBN1_016_715_76,0,0.0,15,1.0,0.1548,21.28
2026-06-13 09:02:18,038,FBN1_016_715_76,0,0.0,15,1.0,0.1476,21.28
2026-06-13 09:12:21,038,FBN1_016_715_76,0,0.0,15,1.0,0.1368,21.27
2026-06-13 09:22:24,038,FBN1_016_715_76,0,0.0,15,1.0,0.1368,21.26
2026-06-13 09:32:27,038,FBN1_016_715_76,16,0.027,12,0.968,0.1476,21.28
2026-06-13 09:42:30,038,FBN1_016_715_76,8,0.013,14,0.986,0.1584,21.29
2026-06-13 09:52:33,038,FBN1_016_715_76,0,0.0,15,1.0,0.1692,21.31
2026-06-13 10:02:36,038,FBN1_016_715_76,0,0.0,15,1.0,0.1584,21.32
2026-06-13 10:12:39,038,FBN1_016_715_76,0,0.0,15,1.0,0.1476,21.32
2026-06-13 10:22:42,038,FBN1_016_715_76,0,0.0,15,1.0,0.1476,21.31
2026-06-13 10:32:45,038,FBN1_016_715_76,0,0.0,15,1.0,0.144,21.31
2026-06-13 10:42:48,038,FBN1_016_715_76,0,0.0,15,1.0,0.1692,21.31
2026-06-13 10:52:52,038,FBN1_016_715_76,0,0.0,15,1.0,0.1584,21.3
2026-06-13 11:02:55,038,FBN1_016_715_76,0,0.0,15,1.0,0.1476,21.28
2026-06-13 11:12:57,038,FBN1_016_715_76,0,0.0,15,1.0,0.1368,21.27
2026-06-13 11:22:59,038,FBN1_016_715_76,0,0.0,15,1.0,0.1476,21.27
2026-06-13 11:33:02,038,FBN1_016_715_76,11,0.018,13,0.979,0.1512,21.27
2026-06-13 11:43:05,038,FBN1_016_715_76,9,0.015,13,0.983,0.1692,21.27
2026-06-13 11:53:41,038,FBN1_016_715_76,0,0.0,15,1.0,0.1584,21.35
2026-06-13 12:03:44,038,FBN1_016_715_76,0,0.0,15,1.0,0.1476,21.26
2026-06-13 12:13:47,038,FBN1_016_715_76,0,0.0,15,1.0,0.1476,21.21
2026-06-13 12:23:50,038,FBN1_016_715_76,0,0.0,15,1.0,0.1476,21.16
2026-06-13 12:33:53,038,FBN1_016_715_76,0,0.0,15,1.0,0.1476,21.13
2026-06-13 12:43:56,038,FBN1_016_715_76,0,0.0,15,1.0,0.1368,21.12
2026-06-13 12:53:59,038,FBN1_016_715_76,0,0.0,15,1.0,0.1476,21.12
2026-06-13 13:04:02,038,FBN1_016_715_76,0,0.0,15,1.0,0.1476,21.15
2026-06-13 13:14:05,038,FBN1_016_715_76,0,0.0,15,1.0,0.1476,21.16
2026-06-13 13:24:08,038,FBN1_016_715_76,0,0.0,15,1.0,0.1476,21.17
2026-06-13 13:34:10,038,FBN1_016_715_76,0,0.0,15,1.0,0.1476,21.17
2026-06-13 13:44:13,038,FBN1_016_715_76,0,0.0,15,1.0,0.1476,21.19
2026-06-13 13:54:16,038,FBN1_016_715_76,0,0.0,15,1.0,0.1368,21.18
2026-06-13 14:04:19,038,FBN1_016_715_76,0,0.0,15,1.0,0.1476,21.19
2026-06-13 14:14:22,038,FBN1_016_715_76,16,0.027,12,0.968,0.144,21.21
2026-06-13 14:24:24,038,FBN1_016_715_76,8,0.013,13,0.985,0.1476,21.21
2026-06-13 14:34:27,038,FBN1_016_715_76,13,0.022,14,0.977,0.1296,21.22
2026-06-13 14:44:30,038,FBN1_016_715_76,16,0.027,12,0.968,0.1008,21.24
2026-06-13 14:54:33,038,FBN1_016_715_76,0,0.0,15,1.0,0.1296,21.25
2026-06-13 15:04:36,038,FBN1_016_715_76,2,0.003,15,0.997,0.1296,21.22
2026-06-13 15:14:39,038,FBN1_016_715_76,0,0.0,15,1.0,0.1296,21.23
2026-06-13 15:24:41,038,FBN1_016_715_76,0,0.0,15,1.0,0.1296,21.23
2026-06-13 15:34:45,038,FBN1_016_715_76,0,0.0,15,1.0,0.1296,21.24
2026-06-13 15:44:47,038,FBN1_016_715_76,0,0.0,15,1.0,0.1296,21.23
2026-06-13 15:55:19,038,FBN1_016_715_76,0,0.0,15,1.0,0.1296,21.29
2026-06-13 16:05:21,038,FBN1_016_715_76,0,0.0,15,1.0,0.1296,21.27
2026-06-13 16:15:24,038,FBN1_016_715_76,0,0.0,15,1.0,0.1368,21.26
2026-06-13 16:25:27,038,FBN1_016_715_76,0,0.0,15,1.0,0.1332,21.25
2026-06-13 16:35:29,038,FBN1_016_715_76,25,0.042,12,0.95,0.1152,21.27
2026-06-13 16:45:32,038,FBN1_016_715_76,15,0.025,13,0.972,0.1368,21.3
2026-06-13 16:55:35,038,FBN1_016_715_76,5,0.008,14,0.991,0.1368,21.31
2026-06-13 17:05:38,038,FBN1_016_715_76,3,0.005,15,0.995,0.1296,21.31
2026-06-13 17:15:41,038,FBN1_016_715_76,0,0.0,15,1.0,0.1368,21.3
2026-06-13 17:25:44,038,FBN1_016_715_76,0,0.0,15,1.0,0.1404,21.3
2026-06-13 17:35:47,038,FBN1_016_715_76,0,0.0,15,1.0,0.1224,21.31
2026-06-13 17:45:50,038,FBN1_016_715_76,22,0.037,11,0.952,0.1152,21.33
2026-06-13 17:55:53,038,FBN1_016_715_76,17,0.028,11,0.963,0.1152,21.36
2026-06-13 18:05:56,038,FBN1_016_715_76,103,0.171,5,0.66,0.0,21.41
2026-06-13 18:15:58,038,FBN1_016_715_76,5,0.008,14,0.991,0.0,21.43
2026-06-13 18:26:02,038,FBN1_016_715_76,26,0.043,12,0.949,0.0,21.45
2026-06-13 18:36:05,038,FBN1_016_715_76,75,0.125,8,0.81,0.0,21.51
2026-06-13 18:46:07,038,FBN1_016_715_76,97,0.161,7,0.743,0.0,21.55
2026-06-13 18:56:10,038,FBN1_016_715_76,13,0.022,13,0.976,0.0,21.55
2026-06-13 19:06:13,038,FBN1_016_715_76,0,0.0,15,1.0,0.0,21.53
2026-06-13 19:16:16,038,FBN1_016_715_76,0,0.0,15,1.0,0.0,21.49
2026-06-13 19:26:19,038,FBN1_016_715_76,9,0.015,14,0.984,0.0,21.48
2026-06-13 19:36:22,038,FBN1_016_715_76,69,0.115,8,0.823,0.0,21.52
2026-06-13 19:46:25,038,FBN1_016_715_76,96,0.16,8,0.769,0.0,21.57
2026-06-13 19:57:01,038,FBN1_016_715_76,11,0.018,14,0.981,0.0,21.69
2026-06-13 20:07:05,038,FBN1_016_715_76,112,0.186,4,0.588,0.0,21.68
2026-06-13 20:17:07,038,FBN1_016_715_76,85,0.142,9,0.809,0.0,21.69
2026-06-13 20:27:10,038,FBN1_016_715_76,19,0.032,13,0.965,0.0,21.7
2026-06-13 20:37:13,038,FBN1_016_715_76,0,0.0,15,1.0,0.0,21.62
2026-06-13 20:47:15,038,FBN1_016_715_76,0,0.0,15,1.0,0.0,21.58
2026-06-13 20:57:18,038,FBN1_016_715_76,0,0.0,15,1.0,0.0,21.54
2026-06-13 21:07:20,038,FBN1_016_715_76,0,0.0,15,1.0,0.0,21.51
2026-06-13 21:17:23,038,FBN1_016_715_76,0,0.0,15,1.0,0.0,21.48
2026-06-13 21:27:26,038,FBN1_016_715_76,3,0.005,14,0.995,0.0,21.47
2026-06-13 21:37:28,038,FBN1_016_715_76,79,0.131,9,0.82,0.0,21.49
2026-06-13 21:47:31,038,FBN1_016_715_76,54,0.09,9,0.87,0.0,21.5
2026-06-13 21:57:34,038,FBN1_016_715_76,24,0.04,13,0.956,0.0,21.51
2026-06-13 22:07:36,038,FBN1_016_715_76,110,0.183,7,0.718,0.0,21.57
2026-06-13 22:17:39,038,FBN1_016_715_76,50,0.083,11,0.898,0.0,21.58
2026-06-13 22:27:42,038,FBN1_016_715_76,44,0.073,9,0.891,0.0,21.59
2026-06-13 22:37:45,038,FBN1_016_715_76,53,0.088,8,0.858,0.0,21.6
2026-06-13 22:47:47,038,FBN1_016_715_76,42,0.07,10,0.905,0.0,21.59
2026-06-13 22:57:50,038,FBN1_016_715_76,44,0.073,10,0.901,0.0,21.6
2026-06-13 23:07:52,038,FBN1_016_715_76,46,0.077,9,0.887,0.0,21.62
2026-06-13 23:17:55,038,FBN1_016_715_76,142,0.236,4,0.53,0.0,21.68
2026-06-13 23:27:58,038,FBN1_016_715_76,39,0.065,9,0.902,0.0,21.66
2026-06-13 23:38:01,038,FBN1_016_715_76,26,0.043,12,0.949,0.0,21.66
2026-06-13 23:48:04,038,FBN1_016_715_76,26,0.043,11,0.944,0.0,21.61
2026-06-13 23:58:43,038,FBN1_016_715_76,28,0.047,11,0.94,0.0,21.69
2026-06-14 00:08:46,038,FBN1_016_715_76,12,0.02,14,0.979,0.0,21.63
2026-06-14 00:18:48,038,FBN1_016_715_76,76,0.126,6,0.759,0.0,21.59
2026-06-14 00:28:51,038,FBN1_016_715_76,29,0.048,11,0.938,0.0,21.58
2026-06-14 00:38:54,038,FBN1_016_715_76,48,0.08,9,0.882,0.0,21.57
2026-06-14 00:48:57,038,FBN1_016_715_76,0,0.0,15,1.0,0.0,21.52
2026-06-14 00:59:00,038,FBN1_016_715_76,0,0.0,15,1.0,0.0,21.47
2026-06-14 01:09:03,038,FBN1_016_715_76,0,0.0,15,1.0,0.0,21.42
2026-06-14 01:19:05,038,FBN1_016_715_76,0,0.0,15,1.0,0.0,21.39
2026-06-14 01:29:08,038,FBN1_016_715_76,6,0.01,14,0.989,0.0,21.36
2026-06-14 01:39:11,038,FBN1_016_715_76,0,0.0,15,1.0,0.0,21.33
2026-06-14 01:49:14,038,FBN1_016_715_76,0,0.0,15,1.0,0.0,21.32
2026-06-14 01:59:17,038,FBN1_016_715_76,0,0.0,15,1.0,0.0,21.31
2026-06-14 02:09:20,038,FBN1_016_715_76,0,0.0,15,1.0,0.0,21.29
2026-06-14 02:19:23,038,FBN1_016_715_76,0,0.0,15,1.0,0.0,21.29
2026-06-14 02:29:25,038,FBN1_016_715_76,0,0.0,15,1.0,0.0,21.28
2026-06-14 02:39:28,038,FBN1_016_715_76,0,0.0,15,1.0,0.0,21.28
2026-06-14 02:49:31,038,FBN1_016_715_76,24,0.04,11,0.948,0.0,21.29
2026-06-14 02:59:33,038,FBN1_016_715_76,46,0.077,11,0.905,0.0,21.33
2026-06-14 03:09:36,038,FBN1_016_715_76,133,0.222,5,0.601,0.0,21.36
2026-06-14 03:19:39,038,FBN1_016_715_76,15,0.025,13,0.972,0.0,21.41
2026-06-14 03:29:42,038,FBN1_016_715_76,36,0.06,12,0.93,0.0,21.42
2026-06-14 03:39:45,038,FBN1_016_715_76,141,0.235,3,0.46,0.0,21.46
2026-06-14 03:49:47,038,FBN1_016_715_76,18,0.03,13,0.967,0.0,21.48
2026-06-14 04:00:29,038,FBN1_016_715_76,67,0.112,8,0.827,0.0,21.58
2026-06-14 04:10:31,038,FBN1_016_715_76,6,0.01,13,0.989,0.0,21.54
2026-06-14 04:20:34,038,FBN1_016_715_76,16,0.027,13,0.97,0.0,21.53
2026-06-14 04:30:38,038,FBN1_016_715_76,88,0.146,6,0.732,0.0,21.55
2026-06-14 04:40:40,038,FBN1_016_715_76,61,0.101,11,0.878,0.0,21.55
2026-06-14 04:50:43,038,FBN1_016_715_76,61,0.101,8,0.84,0.0,21.53
2026-06-14 05:00:46,038,FBN1_016_715_76,133,0.221,4,0.546,0.0,21.57
2026-06-14 05:10:49,038,FBN1_016_715_76,43,0.072,11,0.911,0.0,21.55
2026-06-14 05:20:52,038,FBN1_016_715_76,37,0.062,12,0.928,0.0,21.56
2026-06-14 05:30:55,038,FBN1_016_715_76,46,0.077,10,0.897,0.0,21.56
2026-06-14 05:40:58,038,FBN1_016_715_76,57,0.095,11,0.885,0.0,21.52
2026-06-14 05:51:01,038,FBN1_016_715_76,109,0.181,5,0.647,0.0,21.56
2026-06-14 06:01:03,038,FBN1_016_715_76,199,0.331,3,0.376,0.1296,21.58
2026-06-14 06:11:06,038,FBN1_016_715_76,19,0.032,13,0.965,0.1836,21.56
2026-06-14 06:21:09,038,FBN1_016_715_76,11,0.018,13,0.979,0.1728,21.52
2026-06-14 06:31:12,038,FBN1_016_715_76,39,0.065,11,0.919,0.18,21.5
2026-06-14 06:41:14,038,FBN1_016_715_76,0,0.0,15,1.0,0.1404,21.46
2026-06-14 06:51:17,038,FBN1_016_715_76,15,0.025,13,0.972,0.1008,21.4
2026-06-14 07:01:20,038,FBN1_016_715_76,18,0.03,12,0.964,0.0972,21.39
2026-06-14 07:11:23,038,FBN1_016_715_76,15,0.025,14,0.974,0.0936,21.37
2026-06-14 07:21:26,038,FBN1_016_715_76,9,0.015,13,0.983,0.0936,21.36
2026-06-14 07:31:29,038,FBN1_016_715_76,0,0.0,15,1.0,0.0936,21.34
2026-06-14 07:41:32,038,FBN1_016_715_76,0,0.0,15,1.0,0.0936,21.29
2026-06-14 07:51:35,038,FBN1_016_715_76,0,0.0,15,1.0,0.0936,21.25
2026-06-14 08:02:03,038,FBN1_016_715_76,1,0.002,15,0.998,0.0936,21.28
2026-06-14 08:12:06,038,FBN1_016_715_76,0,0.0,15,1.0,0.0936,21.22
2026-06-14 08:22:09,038,FBN1_016_715_76,0,0.0,15,1.0,0.0936,21.2
2026-06-14 08:32:12,038,FBN1_016_715_76,0,0.0,15,1.0,0.0936,21.18
2026-06-14 08:42:14,038,FBN1_016_715_76,0,0.0,15,1.0,0.0936,21.17
2026-06-14 08:52:17,038,FBN1_016_715_76,2,0.003,15,0.997,0.0936,21.18
2026-06-14 09:02:20,038,FBN1_016_715_76,0,0.0,15,1.0,0.0936,21.18
2026-06-14 09:12:23,038,FBN1_016_715_76,0,0.0,15,1.0,0.0936,21.17
2026-06-14 09:22:25,038,FBN1_016_715_76,0,0.0,15,1.0,0.0936,21.16
2026-06-14 09:32:27,038,FBN1_016_715_76,0,0.0,15,1.0,0.0936,21.16
2026-06-14 09:42:31,038,FBN1_016_715_76,0,0.0,15,1.0,0.1152,21.16
2026-06-14 09:52:33,038,FBN1_016_715_76,0,0.0,15,1.0,0.1152,21.15
2026-06-14 10:02:36,038,FBN1_016_715_76,1,0.002,14,0.998,0.0936,21.17
2026-06-14 10:12:39,038,FBN1_016_715_76,0,0.0,15,1.0,0.0936,21.16
2026-06-14 10:22:42,038,FBN1_016_715_76,0,0.0,15,1.0,0.0936,21.17
2026-06-14 10:32:45,038,FBN1_016_715_76,0,0.0,15,1.0,0.0936,21.16
2026-06-14 10:42:48,038,FBN1_016_715_76,0,0.0,15,1.0,0.0936,21.17
2026-06-14 10:52:51,038,FBN1_016_715_76,0,0.0,15,1.0,0.0936,21.17
2026-06-14 11:02:55,038,FBN1_016_715_76,0,0.0,15,1.0,0.0936,21.18
2026-06-14 11:12:58,038,FBN1_016_715_76,19,0.032,12,0.962,0.0936,21.2
2026-06-14 11:23:00,038,FBN1_016_715_76,7,0.012,14,0.988,0.1044,21.21
2026-06-14 11:33:03,038,FBN1_016_715_76,0,0.0,15,1.0,0.1224,21.21
2026-06-14 11:43:06,038,FBN1_016_715_76,0,0.0,15,1.0,0.126,21.2
2026-06-14 11:53:09,038,FBN1_016_715_76,0,0.0,15,1.0,0.1008,21.19
2026-06-14 12:03:31,038,FBN1_016_715_76,0,0.0,15,1.0,0.1044,21.23
2026-06-14 12:13:34,038,FBN1_016_715_76,0,0.0,15,1.0,0.1044,21.21
2026-06-14 12:23:37,038,FBN1_016_715_76,0,0.0,15,1.0,0.1044,21.21
2026-06-14 12:33:40,038,FBN1_016_715_76,0,0.0,15,1.0,0.1044,21.21
2026-06-14 12:43:42,038,FBN1_016_715_76,0,0.0,15,1.0,0.1116,21.21
2026-06-14 12:53:45,038,FBN1_016_715_76,0,0.0,15,1.0,0.1044,21.2
2026-06-14 13:03:48,038,FBN1_016_715_76,0,0.0,15,1.0,0.1044,21.2
2026-06-14 13:13:51,038,FBN1_016_715_76,0,0.0,15,1.0,0.0936,21.2
2026-06-14 13:23:54,038,FBN1_016_715_76,0,0.0,15,1.0,0.1044,21.18
2026-06-14 13:33:56,038,FBN1_016_715_76,0,0.0,15,1.0,0.1044,21.19
2026-06-14 13:43:59,038,FBN1_016_715_76,0,0.0,15,1.0,0.1044,21.19
2026-06-14 13:54:03,038,FBN1_016_715_76,0,0.0,15,1.0,0.0936,21.2
2026-06-14 14:04:05,038,FBN1_016_715_76,8,0.013,14,0.986,0.1044,21.21
2026-06-14 14:14:09,038,FBN1_016_715_76,27,0.045,13,0.951,0.1008,21.26
2026-06-14 14:24:12,038,FBN1_016_715_76,44,0.073,11,0.909,0.0936,21.29
2026-06-14 14:34:14,038,FBN1_016_715_76,4,0.007,13,0.992,0.0936,21.31
2026-06-14 14:44:17,038,FBN1_016_715_76,0,0.0,15,1.0,0.0936,21.31
2026-06-14 14:54:20,038,FBN1_016_715_76,0,0.0,15,1.0,0.0936,21.29
2026-06-14 15:04:23,038,FBN1_016_715_76,0,0.0,15,1.0,0.0936,21.27
2026-06-14 15:14:26,038,FBN1_016_715_76,0,0.0,15,1.0,0.0936,21.26
2026-06-14 15:24:28,038,FBN1_016_715_76,0,0.0,15,1.0,0.0936,21.25
2026-06-14 15:34:31,038,FBN1_016_715_76,0,0.0,15,1.0,0.0936,21.24
2026-06-14 15:44:34,038,FBN1_016_715_76,0,0.0,15,1.0,0.0936,21.24
2026-06-14 15:54:38,038,FBN1_016_715_76,0,0.0,15,1.0,0.0936,21.26
2026-06-14 16:05:14,038,FBN1_016_715_76,0,0.0,15,1.0,0.0936,21.34
2026-06-14 16:15:16,038,FBN1_016_715_76,0,0.0,15,1.0,0.0936,21.29
2026-06-14 16:25:20,038,FBN1_016_715_76,8,0.013,14,0.986,0.0972,21.3
2026-06-14 16:35:23,038,FBN1_016_715_76,43,0.072,9,0.893,0.0936,21.35
2026-06-14 16:45:26,038,FBN1_016_715_76,38,0.063,10,0.913,0.09,21.38
2026-06-14 16:55:28,038,FBN1_016_715_76,42,0.07,9,0.896,0.0936,21.41
2026-06-14 17:05:31,038,FBN1_016_715_76,15,0.025,12,0.97,0.108,21.42
2026-06-14 17:15:34,038,FBN1_016_715_76,16,0.027,13,0.97,0.1152,21.43
2026-06-14 17:25:37,038,FBN1_016_715_76,0,0.0,15,1.0,0.1152,21.42
2026-06-14 17:35:40,038,FBN1_016_715_76,0,0.0,15,1.0,0.1188,21.39
2026-06-14 17:45:42,038,FBN1_016_715_76,0,0.0,15,1.0,0.1188,21.37
2026-06-14 17:55:45,038,FBN1_016_715_76,2,0.003,14,0.996,0.1152,21.35
2026-06-14 18:05:47,038,FBN1_016_715_76,31,0.052,12,0.939,0.0,21.36
2026-06-14 18:15:50,038,FBN1_016_715_76,36,0.06,12,0.93,0.0,21.4
2026-06-14 18:25:54,038,FBN1_016_715_76,328,0.546,1,0.109,0.0,21.68
2026-06-14 18:35:57,038,FBN1_016_715_76,131,0.218,9,0.733,0.0,21.74
2026-06-14 18:46:00,038,FBN1_016_715_76,141,0.235,8,0.694,0.0,21.77
2026-06-14 18:56:03,038,FBN1_016_715_76,21,0.035,12,0.958,0.0,21.72
2026-06-14 19:06:06,038,FBN1_016_715_76,306,0.509,1,0.116,0.0,21.9
2026-06-14 19:16:08,038,FBN1_016_715_76,175,0.291,5,0.533,0.0,21.95
2026-06-14 19:26:11,038,FBN1_016_715_76,67,0.112,11,0.868,0.0,21.88
2026-06-14 19:36:14,038,FBN1_016_715_76,62,0.103,9,0.853,0.0,21.82
2026-06-14 19:46:17,038,FBN1_016_715_76,262,0.436,2,0.234,0.0,21.96
2026-06-14 19:56:20,038,FBN1_016_715_76,152,0.253,7,0.648,0.0,22.06
2026-06-14 20:07:01,038,FBN1_016_715_76,210,0.352,3,0.364,0.0,22.14
2026-06-14 20:17:03,038,FBN1_016_715_76,89,0.148,8,0.782,0.0,22.02
2026-06-14 20:27:06,038,FBN1_016_715_76,0,0.0,15,1.0,0.0,21.92
2026-06-14 20:37:09,038,FBN1_016_715_76,0,0.0,15,1.0,0.0,21.83
2026-06-14 20:47:12,038,FBN1_016_715_76,0,0.0,15,1.0,0.0,21.77
2026-06-14 20:57:15,038,FBN1_016_715_76,0,0.0,15,1.0,0.0,21.72
2026-06-14 21:07:18,038,FBN1_016_715_76,0,0.0,15,1.0,0.0,21.72
2026-06-14 21:17:20,038,FBN1_016_715_76,34,0.057,12,0.934,0.0,21.71
2026-06-14 21:27:23,038,FBN1_016_715_76,167,0.278,6,0.59,0.0,21.85
2026-06-14 21:37:26,038,FBN1_016_715_76,54,0.09,13,0.906,0.0,21.86
2026-06-14 21:47:29,038,FBN1_016_715_76,109,0.181,7,0.72,0.0,21.87
2026-06-14 21:57:32,038,FBN1_016_715_76,139,0.231,6,0.633,0.0,21.98
2026-06-14 22:07:35,038,FBN1_016_715_76,0,0.0,15,1.0,0.0,21.9
2026-06-14 22:17:37,038,FBN1_016_715_76,167,0.278,4,0.489,0.0,21.97
2026-06-14 22:27:40,038,FBN1_016_715_76,1,0.002,14,0.998,0.0,21.9
2026-06-14 22:37:43,038,FBN1_016_715_76,225,0.374,4,0.416,0.0,22.04
2026-06-14 22:47:46,038,FBN1_016_715_76,222,0.369,5,0.474,0.0,22.13
2026-06-14 22:57:49,038,FBN1_016_715_76,40,0.067,10,0.909,0.0,22.01
2026-06-14 23:07:52,038,FBN1_016_715_76,33,0.055,12,0.936,0.0,21.91
2026-06-14 23:17:55,038,FBN1_016_715_76,45,0.075,13,0.92,0.0,21.88
2026-06-14 23:27:58,038,FBN1_016_715_76,178,0.296,2,0.31,0.0,21.98
2026-06-14 23:38:00,038,FBN1_016_715_76,243,0.404,1,0.141,0.0,22.08
2026-06-14 23:48:03,038,FBN1_016_715_76,143,0.238,5,0.583,0.0,22.07
2026-06-14 23:58:06,038,FBN1_016_715_76,78,0.13,7,0.782,0.0,22.03
2026-06-13 00:07:48,032,FBN1_016_715_77,357,0.594,2,0.183,0.0,21.7
2026-06-13 00:17:51,032,FBN1_016_715_77,108,0.179,3,0.526,0.0,21.71
2026-06-13 00:27:55,032,FBN1_016_715_77,0,0.0,15,1.0,0.0,21.69
2026-06-13 00:37:57,032,FBN1_016_715_77,17,0.028,12,0.966,0.0,21.64
2026-06-13 00:48:01,032,FBN1_016_715_77,1,0.002,15,0.998,0.0,21.59
2026-06-13 00:58:04,032,FBN1_016_715_77,0,0.0,15,1.0,0.0,21.55
2026-06-13 01:08:06,032,FBN1_016_715_77,0,0.0,15,1.0,0.0,21.49
2026-06-13 01:18:09,032,FBN1_016_715_77,9,0.015,14,0.984,0.0,21.47
2026-06-13 01:28:13,032,FBN1_016_715_77,46,0.077,7,0.859,0.0,21.47
2026-06-13 01:38:15,032,FBN1_016_715_77,42,0.07,11,0.913,0.0,21.48
2026-06-13 01:48:19,032,FBN1_016_715_77,31,0.051,9,0.921,0.0,21.48
2026-06-13 01:58:22,032,FBN1_016_715_77,21,0.035,14,0.964,0.0,21.48
2026-06-13 02:08:25,032,FBN1_016_715_77,12,0.02,13,0.977,0.0,21.47
2026-06-13 02:18:28,032,FBN1_016_715_77,126,0.21,8,0.717,0.0,21.49
2026-06-13 02:28:30,032,FBN1_016_715_77,160,0.266,5,0.556,0.0,21.53
2026-06-13 02:38:33,032,FBN1_016_715_77,111,0.185,4,0.59,0.0,21.53
2026-06-13 02:48:36,032,FBN1_016_715_77,0,0.0,15,1.0,0.0,21.48
2026-06-13 02:58:39,032,FBN1_016_715_77,5,0.008,12,0.99,0.0,21.44
2026-06-13 03:08:42,032,FBN1_016_715_77,0,0.0,15,1.0,0.0,21.4
2026-06-13 03:18:46,032,FBN1_016_715_77,1,0.002,15,0.998,0.0,21.38
2026-06-13 03:28:48,032,FBN1_016_715_77,0,0.0,15,1.0,0.0,21.34
2026-06-13 03:38:52,032,FBN1_016_715_77,3,0.005,14,0.995,0.0,21.31
2026-06-13 03:49:24,032,FBN1_016_715_77,40,0.067,10,0.909,0.0,21.4
2026-06-13 03:59:27,032,FBN1_016_715_77,8,0.013,13,0.985,0.0,21.37
2026-06-13 04:09:30,032,FBN1_016_715_77,10,0.017,12,0.98,0.0,21.37
2026-06-13 04:19:32,032,FBN1_016_715_77,68,0.113,9,0.841,0.0,21.38
2026-06-13 04:29:35,032,FBN1_016_715_77,78,0.13,10,0.837,0.0,21.43
2026-06-13 04:39:38,032,FBN1_016_715_77,232,0.386,2,0.256,0.0,21.51
2026-06-13 04:49:41,032,FBN1_016_715_77,117,0.195,11,0.79,0.0,21.53
2026-06-13 04:59:44,032,FBN1_016_715_77,184,0.306,6,0.566,0.0,21.57
2026-06-13 05:09:48,032,FBN1_016_715_77,128,0.213,8,0.714,0.0,21.57
2026-06-13 05:19:51,032,FBN1_016_715_77,195,0.324,6,0.552,0.0,21.59
2026-06-13 05:29:54,032,FBN1_016_715_77,199,0.331,4,0.446,0.0,21.65
2026-06-13 05:39:57,032,FBN1_016_715_77,271,0.45,3,0.307,0.0,21.64
2026-06-13 05:50:00,032,FBN1_016_715_77,185,0.308,2,0.302,0.0,21.61
2026-06-13 06:00:04,032,FBN1_016_715_77,26,0.043,11,0.944,0.8928,21.57
2026-06-13 06:10:07,032,FBN1_016_715_77,3,0.005,14,0.995,0.8784,21.5
2026-06-13 06:20:11,032,FBN1_016_715_77,1,0.002,14,0.998,0.882,21.45
2026-06-13 06:30:13,032,FBN1_016_715_77,0,0.0,15,1.0,0.8748,21.41
2026-06-13 06:40:17,032,FBN1_016_715_77,0,0.0,15,1.0,0.864,21.38
2026-06-13 06:50:20,032,FBN1_016_715_77,0,0.0,15,1.0,0.864,21.36
2026-06-13 07:00:24,032,FBN1_016_715_77,76,0.126,10,0.84,0.8568,21.35
2026-06-13 07:10:27,032,FBN1_016_715_77,3,0.005,14,0.995,0.8568,21.36
2026-06-13 07:20:30,032,FBN1_016_715_77,25,0.042,11,0.946,0.864,21.35
2026-06-13 07:30:32,032,FBN1_016_715_77,2,0.003,14,0.996,0.8568,21.35
2026-06-13 07:40:35,032,FBN1_016_715_77,59,0.098,12,0.891,0.7632,21.37
2026-06-13 07:51:05,032,FBN1_016_715_77,268,0.447,2,0.23,0.756,21.49
2026-06-13 08:01:08,032,FBN1_016_715_77,29,0.048,11,0.938,0.7704,21.49
2026-06-13 08:11:11,032,FBN1_016_715_77,4,0.007,15,0.993,0.7632,21.46
2026-06-13 08:21:14,032,FBN1_016_715_77,0,0.0,15,1.0,0.7704,21.46
2026-06-13 08:31:17,032,FBN1_016_715_77,2,0.003,15,0.997,0.7632,21.46
2026-06-13 08:41:21,032,FBN1_016_715_77,9,0.015,12,0.982,0.774,21.44
2026-06-13 08:51:23,032,FBN1_016_715_77,13,0.022,13,0.976,0.7632,21.43
2026-06-13 09:01:26,032,FBN1_016_715_77,3,0.005,15,0.995,0.7632,21.42
2026-06-13 09:11:29,032,FBN1_016_715_77,32,0.053,11,0.932,0.756,21.43
2026-06-13 09:21:32,032,FBN1_016_715_77,27,0.045,10,0.937,0.7668,21.44
2026-06-13 09:31:35,032,FBN1_016_715_77,25,0.042,12,0.95,0.756,21.45
2026-06-13 09:41:38,032,FBN1_016_715_77,79,0.131,7,0.78,0.7956,21.46
2026-06-13 09:51:41,032,FBN1_016_715_77,3,0.005,14,0.995,0.7956,21.46
2026-06-13 10:01:45,032,FBN1_016_715_77,13,0.022,13,0.976,0.7956,21.45
2026-06-13 10:11:47,032,FBN1_016_715_77,7,0.012,14,0.988,0.774,21.44
2026-06-13 10:21:50,032,FBN1_016_715_77,32,0.053,11,0.932,0.756,21.43
2026-06-13 10:31:53,032,FBN1_016_715_77,5,0.008,13,0.99,0.756,21.43
2026-06-13 10:41:56,032,FBN1_016_715_77,9,0.015,13,0.983,0.7848,21.43
2026-06-13 10:51:59,032,FBN1_016_715_77,43,0.072,11,0.911,0.7704,21.42
2026-06-13 11:02:02,032,FBN1_016_715_77,181,0.301,6,0.57,0.7812,21.44
2026-06-13 11:12:05,032,FBN1_016_715_77,3,0.005,14,0.995,0.7704,21.42
2026-06-13 11:22:07,032,FBN1_016_715_77,0,0.0,15,1.0,0.7704,21.38
2026-06-13 11:32:10,032,FBN1_016_715_77,0,0.0,15,1.0,0.8064,21.33
2026-06-13 11:42:13,032,FBN1_016_715_77,0,0.0,15,1.0,0.8136,21.3
2026-06-13 11:52:47,032,FBN1_016_715_77,2,0.003,14,0.996,0.828,21.36
2026-06-13 12:02:50,032,FBN1_016_715_77,0,0.0,15,1.0,0.8064,21.29
2026-06-13 12:12:53,032,FBN1_016_715_77,0,0.0,15,1.0,0.8064,21.24
2026-06-13 12:22:56,032,FBN1_016_715_77,14,0.023,13,0.974,0.8064,21.22
2026-06-13 12:32:59,032,FBN1_016_715_77,0,0.0,15,1.0,0.8064,21.18
2026-06-13 12:43:03,032,FBN1_016_715_77,0,0.0,15,1.0,0.8136,21.18
2026-06-13 12:53:06,032,FBN1_016_715_77,4,0.007,14,0.993,0.8316,21.17
2026-06-13 13:03:09,032,FBN1_016_715_77,2,0.003,14,0.996,0.828,21.19
2026-06-13 13:13:13,032,FBN1_016_715_77,2,0.003,14,0.996,0.828,21.21
2026-06-13 13:23:15,032,FBN1_016_715_77,63,0.105,10,0.864,0.612,21.24
2026-06-13 13:33:19,032,FBN1_016_715_77,129,0.214,9,0.736,0.7272,21.29
2026-06-13 13:43:22,032,FBN1_016_715_77,0,0.0,15,1.0,0.7452,21.29
2026-06-13 13:53:25,032,FBN1_016_715_77,0,0.0,15,1.0,0.7452,21.28
2026-06-13 14:03:28,032,FBN1_016_715_77,0,0.0,15,1.0,0.7344,21.25
2026-06-13 14:13:31,032,FBN1_016_715_77,0,0.0,15,1.0,0.7488,21.23
2026-06-13 14:23:35,032,FBN1_016_715_77,0,0.0,15,1.0,0.7488,21.23
2026-06-13 14:33:38,032,FBN1_016_715_77,0,0.0,15,1.0,0.7488,21.19
2026-06-13 14:43:41,032,FBN1_016_715_77,0,0.0,15,1.0,0.7416,21.18
2026-06-13 14:53:44,032,FBN1_016_715_77,0,0.0,15,1.0,0.7704,21.19
2026-06-13 15:03:47,032,FBN1_016_715_77,0,0.0,15,1.0,0.7632,21.21
2026-06-13 15:13:50,032,FBN1_016_715_77,1,0.002,15,0.998,0.7344,21.23
2026-06-13 15:23:53,032,FBN1_016_715_77,27,0.045,12,0.947,0.8352,21.25
2026-06-13 15:33:56,032,FBN1_016_715_77,0,0.0,15,1.0,0.8352,21.26
2026-06-13 15:44:00,032,FBN1_016_715_77,0,0.0,15,1.0,0.8352,21.27
2026-06-13 15:54:24,032,FBN1_016_715_77,0,0.0,15,1.0,0.8352,21.29
2026-06-13 16:04:27,032,FBN1_016_715_77,0,0.0,15,1.0,0.8424,21.27
2026-06-13 16:14:30,032,FBN1_016_715_77,0,0.0,15,1.0,0.8424,21.25
2026-06-13 16:24:33,032,FBN1_016_715_77,0,0.0,15,1.0,0.8352,21.24
2026-06-13 16:34:36,032,FBN1_016_715_77,0,0.0,15,1.0,0.8352,21.26
2026-06-13 16:44:39,032,FBN1_016_715_77,0,0.0,15,1.0,0.8496,21.25
2026-06-13 16:54:42,032,FBN1_016_715_77,0,0.0,15,1.0,0.8496,21.25
2026-06-13 17:04:45,032,FBN1_016_715_77,1,0.002,14,0.998,0.8568,21.24
2026-06-13 17:14:48,032,FBN1_016_715_77,0,0.0,15,1.0,0.8496,21.26
2026-06-13 17:24:51,032,FBN1_016_715_77,15,0.025,12,0.97,0.7344,21.29
2026-06-13 17:34:54,032,FBN1_016_715_77,38,0.063,9,0.905,0.6984,21.32
2026-06-13 17:44:57,032,FBN1_016_715_77,1,0.002,14,0.998,0.6984,21.33
2026-06-13 17:55:00,032,FBN1_016_715_77,2,0.003,14,0.996,0.6984,21.32
2026-06-13 18:05:03,032,FBN1_016_715_77,9,0.015,15,0.985,0.0,21.33
2026-06-13 18:15:06,032,FBN1_016_715_77,99,0.165,9,0.784,0.0,21.38
2026-06-13 18:25:10,032,FBN1_016_715_77,101,0.168,8,0.76,0.0,21.47
2026-06-13 18:35:12,032,FBN1_016_715_77,248,0.413,2,0.244,0.0,21.66
2026-06-13 18:45:15,032,FBN1_016_715_77,51,0.085,11,0.896,0.0,21.65
2026-06-13 18:55:19,032,FBN1_016_715_77,144,0.24,8,0.69,0.0,21.65
2026-06-13 19:05:21,032,FBN1_016_715_77,183,0.304,2,0.304,0.0,21.66
2026-06-13 19:15:25,032,FBN1_016_715_77,92,0.153,7,0.753,0.0,21.62
2026-06-13 19:25:28,032,FBN1_016_715_77,35,0.058,11,0.926,0.0,21.56
2026-06-13 19:35:31,032,FBN1_016_715_77,40,0.067,12,0.923,0.0,21.5
2026-06-13 19:45:34,032,FBN1_016_715_77,74,0.123,11,0.856,0.0,21.5
2026-06-13 19:56:06,032,FBN1_016_715_77,9,0.015,14,0.984,0.0,21.56
2026-06-13 20:06:09,032,FBN1_016_715_77,193,0.321,6,0.554,0.0,21.58
2026-06-13 20:16:12,032,FBN1_016_715_77,65,0.108,10,0.86,0.0,21.6
2026-06-13 20:26:15,032,FBN1_016_715_77,90,0.15,9,0.8,0.0,21.62
2026-06-13 20:36:18,032,FBN1_016_715_77,131,0.218,9,0.733,0.0,21.65
2026-06-13 20:46:22,032,FBN1_016_715_77,99,0.164,10,0.802,0.0,21.59
2026-06-13 20:56:25,032,FBN1_016_715_77,7,0.012,14,0.988,0.0,21.53
2026-06-13 21:06:28,032,FBN1_016_715_77,174,0.29,5,0.535,0.0,21.5
2026-06-13 21:16:31,032,FBN1_016_715_77,136,0.226,8,0.702,0.0,21.5
2026-06-13 21:26:34,032,FBN1_016_715_77,8,0.013,14,0.986,0.0,21.46
2026-06-13 21:36:37,032,FBN1_016_715_77,151,0.251,7,0.65,0.0,21.51
2026-06-13 21:46:40,032,FBN1_016_715_77,257,0.428,4,0.384,0.0,21.7
2026-06-13 21:56:43,032,FBN1_016_715_77,290,0.483,4,0.356,0.0,21.72
2026-06-13 22:06:46,032,FBN1_016_715_77,27,0.045,13,0.951,0.0,21.67
2026-06-13 22:16:49,032,FBN1_016_715_77,81,0.135,10,0.832,0.0,21.66
2026-06-13 22:26:53,032,FBN1_016_715_77,88,0.146,10,0.82,0.0,21.62
2026-06-13 22:36:56,032,FBN1_016_715_77,272,0.452,3,0.306,0.0,21.76
2026-06-13 22:46:59,032,FBN1_016_715_77,239,0.397,3,0.334,0.0,21.7
2026-06-13 22:57:02,032,FBN1_016_715_77,68,0.113,8,0.825,0.0,21.63
2026-06-13 23:07:06,032,FBN1_016_715_77,36,0.06,9,0.909,0.0,21.59
2026-06-13 23:17:10,032,FBN1_016_715_77,2,0.003,14,0.996,0.0,21.54
2026-06-13 23:27:13,032,FBN1_016_715_77,23,0.038,10,0.946,0.0,21.5
2026-06-13 23:37:17,032,FBN1_016_715_77,36,0.06,10,0.917,0.0,21.48
2026-06-13 23:47:20,032,FBN1_016_715_77,105,0.175,6,0.696,0.0,21.61
2026-06-13 23:57:46,032,FBN1_016_715_77,97,0.162,8,0.767,0.0,21.61
2026-06-14 00:07:49,032,FBN1_016_715_77,68,0.113,10,0.855,0.0,21.57
2026-06-14 00:17:52,032,FBN1_016_715_77,205,0.341,5,0.494,0.0,21.58
2026-06-14 00:27:55,032,FBN1_016_715_77,211,0.351,4,0.431,0.0,21.64
2026-06-14 00:37:58,032,FBN1_016_715_77,11,0.018,12,0.978,0.0,21.57
2026-06-14 00:48:01,032,FBN1_016_715_77,0,0.0,15,1.0,0.0,21.49
2026-06-14 00:58:03,032,FBN1_016_715_77,0,0.0,15,1.0,0.0,21.42
2026-06-14 01:08:06,032,FBN1_016_715_77,0,0.0,15,1.0,0.0,21.37
2026-06-14 01:18:09,032,FBN1_016_715_77,0,0.0,15,1.0,0.0,21.32
2026-06-14 01:28:12,032,FBN1_016_715_77,0,0.0,15,1.0,0.0,21.28
2026-06-14 01:38:14,032,FBN1_016_715_77,0,0.0,15,1.0,0.0,21.27
2026-06-14 01:48:17,032,FBN1_016_715_77,0,0.0,15,1.0,0.0,21.25
2026-06-14 01:58:20,032,FBN1_016_715_77,0,0.0,15,1.0,0.0,21.25
2026-06-14 02:08:23,032,FBN1_016_715_77,0,0.0,15,1.0,0.0,21.24
2026-06-14 02:18:26,032,FBN1_016_715_77,0,0.0,15,1.0,0.0,21.22
2026-06-14 02:28:29,032,FBN1_016_715_77,3,0.005,14,0.995,0.0,21.25
2026-06-14 02:38:33,032,FBN1_016_715_77,0,0.0,15,1.0,0.0,21.24
2026-06-14 02:48:35,032,FBN1_016_715_77,0,0.0,15,1.0,0.0,21.24
2026-06-14 02:58:38,032,FBN1_016_715_77,70,0.116,10,0.851,0.0,21.28
2026-06-14 03:08:41,032,FBN1_016_715_77,22,0.037,14,0.962,0.0,21.34
2026-06-14 03:18:44,032,FBN1_016_715_77,131,0.218,5,0.604,0.0,21.39
2026-06-14 03:28:47,032,FBN1_016_715_77,186,0.309,5,0.518,0.0,21.48
2026-06-14 03:38:50,032,FBN1_016_715_77,17,0.028,12,0.966,0.0,21.39
2026-06-14 03:48:53,032,FBN1_016_715_77,0,0.0,15,1.0,0.0,21.33
2026-06-14 03:59:26,032,FBN1_016_715_77,0,0.0,15,1.0,0.0,21.35
2026-06-14 04:09:29,032,FBN1_016_715_77,0,0.0,15,1.0,0.0,21.29
2026-06-14 04:19:32,032,FBN1_016_715_77,0,0.0,15,1.0,0.0,21.27
2026-06-14 04:29:35,032,FBN1_016_715_77,8,0.013,14,0.986,0.0,21.28
2026-06-14 04:39:38,032,FBN1_016_715_77,140,0.233,7,0.667,0.0,21.36
2026-06-14 04:49:41,032,FBN1_016_715_77,92,0.153,8,0.777,0.0,21.45
2026-06-14 04:59:44,032,FBN1_016_715_77,77,0.128,10,0.839,0.0,21.45
2026-06-14 05:09:47,032,FBN1_016_715_77,61,0.101,8,0.84,0.0,21.43
2026-06-14 05:19:51,032,FBN1_016_715_77,126,0.209,7,0.69,0.0,21.45
2026-06-14 05:29:54,032,FBN1_016_715_77,68,0.113,10,0.855,0.0,21.42
2026-06-14 05:39:57,032,FBN1_016_715_77,188,0.313,4,0.46,0.0,21.44
2026-06-14 05:50:00,032,FBN1_016_715_77,0,0.0,15,1.0,0.0,21.38
2026-06-14 06:00:03,032,FBN1_016_715_77,0,0.0,15,1.0,0.6048,21.31
2026-06-14 06:10:06,032,FBN1_016_715_77,0,0.0,15,1.0,0.6084,21.26
2026-06-14 06:20:09,032,FBN1_016_715_77,0,0.0,15,1.0,0.5976,21.21
2026-06-14 06:30:12,032,FBN1_016_715_77,0,0.0,15,1.0,0.6012,21.19
2026-06-14 06:40:15,032,FBN1_016_715_77,0,0.0,15,1.0,0.5904,21.18
2026-06-14 06:50:18,032,FBN1_016_715_77,0,0.0,15,1.0,0.5904,21.16
2026-06-14 07:00:21,032,FBN1_016_715_77,0,0.0,15,1.0,0.5904,21.17
2026-06-14 07:10:24,032,FBN1_016_715_77,0,0.0,15,1.0,0.5904,21.15
2026-06-14 07:20:27,032,FBN1_016_715_77,0,0.0,15,1.0,0.5904,21.15
2026-06-14 07:30:30,032,FBN1_016_715_77,0,0.0,15,1.0,0.5904,21.15
2026-06-14 07:40:33,032,FBN1_016_715_77,0,0.0,15,1.0,0.5904,21.15
2026-06-14 07:50:36,032,FBN1_016_715_77,0,0.0,15,1.0,0.5904,21.15
2026-06-14 08:00:57,032,FBN1_016_715_77,0,0.0,15,1.0,0.6012,21.2
2026-06-14 08:11:01,032,FBN1_016_715_77,0,0.0,15,1.0,0.5904,21.18
2026-06-14 08:21:04,032,FBN1_016_715_77,0,0.0,15,1.0,0.5904,21.19
2026-06-14 08:31:08,032,FBN1_016_715_77,0,0.0,15,1.0,0.5904,21.18
2026-06-14 08:41:10,032,FBN1_016_715_77,11,0.018,14,0.981,0.6012,21.19
2026-06-14 08:51:13,032,FBN1_016_715_77,119,0.198,5,0.627,0.5832,21.43
2026-06-14 09:01:17,032,FBN1_016_715_77,65,0.108,10,0.86,0.5508,21.39
2026-06-14 09:11:19,032,FBN1_016_715_77,188,0.313,3,0.39,0.5904,21.38
2026-06-14 09:21:23,032,FBN1_016_715_77,45,0.075,11,0.907,0.5976,21.35
2026-06-14 09:31:25,032,FBN1_016_715_77,0,0.0,15,1.0,0.5976,21.31
2026-06-14 09:41:28,032,FBN1_016_715_77,0,0.0,15,1.0,0.6372,21.26
2026-06-14 09:51:31,032,FBN1_016_715_77,2,0.003,14,0.996,0.6372,21.24
2026-06-14 10:01:35,032,FBN1_016_715_77,3,0.005,15,0.995,0.5976,21.23
2026-06-14 10:11:38,032,FBN1_016_715_77,0,0.0,15,1.0,0.5976,21.22
2026-06-14 10:21:41,032,FBN1_016_715_77,0,0.0,15,1.0,0.5976,21.2
2026-06-14 10:31:44,032,FBN1_016_715_77,3,0.005,14,0.995,0.5976,21.21
2026-06-14 10:41:47,032,FBN1_016_715_77,1,0.002,15,0.998,0.5976,21.2
2026-06-14 10:51:50,032,FBN1_016_715_77,3,0.005,14,0.995,0.6048,21.2
2026-06-14 11:01:53,032,FBN1_016_715_77,0,0.0,15,1.0,0.6048,21.21
2026-06-14 11:11:55,032,FBN1_016_715_77,3,0.005,14,0.995,0.6084,21.2
2026-06-14 11:21:58,032,FBN1_016_715_77,0,0.0,15,1.0,0.6048,21.18
2026-06-14 11:32:01,032,FBN1_016_715_77,0,0.0,15,1.0,0.6336,21.19
2026-06-14 11:42:04,032,FBN1_016_715_77,0,0.0,15,1.0,0.6336,21.18
2026-06-14 11:52:08,032,FBN1_016_715_77,4,0.007,14,0.993,0.6048,21.21
2026-06-14 12:02:36,032,FBN1_016_715_77,0,0.0,15,1.0,0.6048,21.28
2026-06-14 12:12:39,032,FBN1_016_715_77,4,0.007,14,0.993,0.6048,21.25
2026-06-14 12:22:42,032,FBN1_016_715_77,9,0.015,13,0.983,0.6048,21.24
2026-06-14 12:32:45,032,FBN1_016_715_77,0,0.0,15,1.0,0.6048,21.24
2026-06-14 12:42:49,032,FBN1_016_715_77,0,0.0,15,1.0,0.6048,21.21
2026-06-14 12:52:52,032,FBN1_016_715_77,0,0.0,15,1.0,0.6048,21.21
2026-06-14 13:02:55,032,FBN1_016_715_77,2,0.003,14,0.996,0.6048,21.2
2026-06-14 13:12:58,032,FBN1_016_715_77,1,0.002,15,0.998,0.6156,21.2
2026-06-14 13:23:01,032,FBN1_016_715_77,2,0.003,14,0.996,0.612,21.21
2026-06-14 13:33:04,032,FBN1_016_715_77,0,0.0,15,1.0,0.612,21.19
2026-06-14 13:43:07,032,FBN1_016_715_77,2,0.003,14,0.996,0.612,21.19
2026-06-14 13:53:10,032,FBN1_016_715_77,13,0.022,12,0.974,0.612,21.21
2026-06-14 14:03:12,032,FBN1_016_715_77,3,0.005,13,0.994,0.612,21.22
2026-06-14 14:13:15,032,FBN1_016_715_77,0,0.0,15,1.0,0.612,21.22
2026-06-14 14:23:19,032,FBN1_016_715_77,6,0.01,14,0.989,0.612,21.22
2026-06-14 14:33:22,032,FBN1_016_715_77,7,0.012,14,0.988,0.612,21.22
2026-06-14 14:43:25,032,FBN1_016_715_77,9,0.015,13,0.983,0.5616,21.24
2026-06-14 14:53:28,032,FBN1_016_715_77,67,0.111,9,0.843,0.5904,21.27
2026-06-14 15:03:31,032,FBN1_016_715_77,5,0.008,14,0.991,0.6372,21.28
2026-06-14 15:13:35,032,FBN1_016_715_77,0,0.0,15,1.0,0.6336,21.27
2026-06-14 15:23:38,032,FBN1_016_715_77,0,0.0,15,1.0,0.6336,21.26
2026-06-14 15:33:40,032,FBN1_016_715_77,0,0.0,15,1.0,0.6444,21.25
2026-06-14 15:43:44,032,FBN1_016_715_77,0,0.0,15,1.0,0.6444,21.24
2026-06-14 15:53:47,032,FBN1_016_715_77,1,0.002,15,0.998,0.6408,21.24
2026-06-14 16:04:17,032,FBN1_016_715_77,50,0.083,12,0.906,0.6516,21.29
2026-06-14 16:14:20,032,FBN1_016_715_77,13,0.022,13,0.976,0.648,21.3
2026-06-14 16:24:23,032,FBN1_016_715_77,12,0.02,14,0.979,0.648,21.31
2026-06-14 16:34:27,032,FBN1_016_715_77,30,0.05,13,0.945,0.648,21.31
2026-06-14 16:44:29,032,FBN1_016_715_77,12,0.02,12,0.976,0.6408,21.33
2026-06-14 16:54:33,032,FBN1_016_715_77,125,0.208,7,0.691,0.648,21.4
2026-06-14 17:04:36,032,FBN1_016_715_77,1,0.002,15,0.998,0.648,21.4
2026-06-14 17:14:39,032,FBN1_016_715_77,0,0.0,15,1.0,0.648,21.38
2026-06-14 17:24:42,032,FBN1_016_715_77,0,0.0,15,1.0,0.648,21.36
2026-06-14 17:34:45,032,FBN1_016_715_77,12,0.02,14,0.979,0.6156,21.36
2026-06-14 17:44:48,032,FBN1_016_715_77,31,0.051,11,0.934,0.6552,21.36
2026-06-14 17:54:51,032,FBN1_016_715_77,0,0.0,15,1.0,0.6552,21.35
2026-06-14 18:04:54,032,FBN1_016_715_77,38,0.063,9,0.905,0.0,21.36
2026-06-14 18:14:57,032,FBN1_016_715_77,183,0.304,6,0.567,0.0,21.46
2026-06-14 18:25:00,032,FBN1_016_715_77,204,0.339,6,0.541,0.0,21.6
2026-06-14 18:35:03,032,FBN1_016_715_77,140,0.233,5,0.588,0.0,21.6
2026-06-14 18:45:07,032,FBN1_016_715_77,145,0.241,9,0.713,0.0,21.61
2026-06-14 18:55:10,032,FBN1_016_715_77,314,0.522,3,0.276,0.0,21.66
2026-06-14 19:05:13,032,FBN1_016_715_77,202,0.336,7,0.581,0.0,21.78
2026-06-14 19:15:17,032,FBN1_016_715_77,105,0.174,10,0.792,0.0,21.72
2026-06-14 19:25:20,032,FBN1_016_715_77,215,0.358,7,0.566,0.0,21.71
2026-06-14 19:35:23,032,FBN1_016_715_77,237,0.394,5,0.458,0.0,21.66
2026-06-14 19:45:26,032,FBN1_016_715_77,57,0.095,12,0.894,0.0,21.62
2026-06-14 19:55:28,032,FBN1_016_715_77,0,0.0,15,1.0,0.0,21.55
2026-06-14 20:06:04,032,FBN1_016_715_77,3,0.005,13,0.994,0.0,21.56
2026-06-14 20:16:06,032,FBN1_016_715_77,1,0.002,14,0.998,0.0,21.48
2026-06-14 20:26:09,032,FBN1_016_715_77,5,0.008,14,0.991,0.0,21.44
2026-06-14 20:36:12,032,FBN1_016_715_77,45,0.075,7,0.862,0.0,21.44
2026-06-14 20:46:15,032,FBN1_016_715_77,116,0.193,6,0.674,0.0,21.48
2026-06-14 20:56:19,032,FBN1_016_715_77,201,0.334,6,0.544,0.0,21.67
2026-06-14 21:06:23,032,FBN1_016_715_77,85,0.141,10,0.825,0.0,21.63
2026-06-14 21:16:26,032,FBN1_016_715_77,76,0.126,12,0.863,0.0,21.6
2026-06-14 21:26:29,032,FBN1_016_715_77,196,0.326,7,0.588,0.0,21.65
2026-06-14 21:36:33,032,FBN1_016_715_77,226,0.375,7,0.553,0.0,21.64
2026-06-14 21:46:36,032,FBN1_016_715_77,124,0.206,9,0.744,0.0,21.6
2026-06-14 21:56:39,032,FBN1_016_715_77,72,0.12,6,0.769,0.0,21.61
2026-06-14 22:06:42,032,FBN1_016_715_77,79,0.131,10,0.835,0.0,21.57
2026-06-14 22:16:45,032,FBN1_016_715_77,83,0.138,10,0.828,0.0,21.55
2026-06-14 22:26:48,032,FBN1_016_715_77,23,0.038,12,0.954,0.0,21.54
2026-06-14 22:36:51,032,FBN1_016_715_77,273,0.454,5,0.423,0.0,21.61
2026-06-14 22:46:54,032,FBN1_016_715_77,96,0.16,11,0.821,0.0,21.6
2026-06-14 22:56:57,032,FBN1_016_715_77,280,0.466,4,0.364,0.0,21.62
2026-06-14 23:07:00,032,FBN1_016_715_77,62,0.103,12,0.886,0.0,21.62
2026-06-14 23:17:04,032,FBN1_016_715_77,70,0.116,12,0.873,0.0,21.61
2026-06-14 23:27:07,032,FBN1_016_715_77,139,0.231,8,0.697,0.0,21.62
2026-06-14 23:37:10,032,FBN1_016_715_77,144,0.239,7,0.66,0.0,21.65
2026-06-14 23:47:13,032,FBN1_016_715_77,31,0.052,13,0.944,0.0,21.6
2026-06-14 23:57:16,032,FBN1_016_715_77,230,0.383,5,0.465,0.0,21.63
2026-06-13 00:03:02,029,FBN1_016_715_78,0,0.0,15,1.0,0.0,21.87
2026-06-13 00:13:05,029,FBN1_016_715_78,0,0.0,15,1.0,0.0,21.81
2026-06-13 00:23:08,029,FBN1_016_715_78,0,0.0,15,1.0,0.0,21.77
2026-06-13 00:33:11,029,FBN1_016_715_78,48,0.08,10,0.893,0.0,21.77
2026-06-13 00:43:13,029,FBN1_016_715_78,29,0.048,13,0.947,0.0,21.79
2026-06-13 00:53:16,029,FBN1_016_715_78,331,0.551,1,0.108,0.0,22.2
2026-06-13 01:03:19,029,FBN1_016_715_78,105,0.175,8,0.753,0.0,22.14
2026-06-13 01:13:22,029,FBN1_016_715_78,89,0.148,10,0.818,0.0,22.12
2026-06-13 01:23:25,029,FBN1_016_715_78,117,0.195,6,0.672,0.0,22.12
2026-06-13 01:33:27,029,FBN1_016_715_78,190,0.316,5,0.513,0.0,22.15
2026-06-13 01:43:30,029,FBN1_016_715_78,33,0.055,11,0.93,0.0,22.08
2026-06-13 01:53:33,029,FBN1_016_715_78,0,0.0,15,1.0,0.0,22.03
2026-06-13 02:03:36,029,FBN1_016_715_78,0,0.0,15,1.0,0.0,21.96
2026-06-13 02:13:39,029,FBN1_016_715_78,0,0.0,15,1.0,0.0,21.89
2026-06-13 02:23:41,029,FBN1_016_715_78,0,0.0,15,1.0,0.0,21.85
2026-06-13 02:33:44,029,FBN1_016_715_78,0,0.0,15,1.0,0.0,21.83
2026-06-13 02:43:46,029,FBN1_016_715_78,15,0.025,14,0.974,0.0,21.82
2026-06-13 02:53:49,029,FBN1_016_715_78,0,0.0,15,1.0,0.0,21.82
2026-06-13 03:03:52,029,FBN1_016_715_78,7,0.012,14,0.988,0.0,21.8
2026-06-13 03:13:54,029,FBN1_016_715_78,118,0.196,8,0.731,0.0,21.93
2026-06-13 03:23:57,029,FBN1_016_715_78,123,0.204,8,0.722,0.0,21.98
2026-06-13 03:34:00,029,FBN1_016_715_78,64,0.106,10,0.862,0.0,22.0
2026-06-13 03:44:31,029,FBN1_016_715_78,81,0.136,6,0.748,0.0,22.04
2026-06-13 03:54:34,029,FBN1_016_715_78,163,0.271,7,0.632,0.0,22.08
2026-06-13 04:04:36,029,FBN1_016_715_78,0,0.0,15,1.0,0.0,21.99
2026-06-13 04:14:39,029,FBN1_016_715_78,28,0.047,12,0.945,0.0,21.95
2026-06-13 04:24:42,029,FBN1_016_715_78,1,0.002,15,0.998,0.0,21.89
2026-06-13 04:34:44,029,FBN1_016_715_78,0,0.0,15,1.0,0.0,21.82
2026-06-13 04:44:47,029,FBN1_016_715_78,1,0.002,15,0.998,0.0,21.78
2026-06-13 04:54:49,029,FBN1_016_715_78,29,0.048,11,0.938,0.0,21.76
2026-06-13 05:04:52,029,FBN1_016_715_78,122,0.203,4,0.567,0.0,21.82
2026-06-13 05:14:54,029,FBN1_016_715_78,120,0.2,7,0.7,0.0,21.92
2026-06-13 05:24:57,029,FBN1_016_715_78,49,0.082,7,0.851,0.0,21.89
2026-06-13 05:35:00,029,FBN1_016_715_78,92,0.153,9,0.796,0.0,21.93
2026-06-13 05:45:03,029,FBN1_016_715_78,147,0.245,5,0.576,0.0,22.1
2026-06-13 05:55:06,029,FBN1_016_715_78,258,0.429,1,0.134,0.0,22.48
2026-06-13 06:05:09,029,FBN1_016_715_78,75,0.125,10,0.842,0.2304,22.39
2026-06-13 06:15:12,029,FBN1_016_715_78,7,0.012,13,0.987,0.2952,22.18
2026-06-13 06:25:15,029,FBN1_016_715_78,20,0.033,14,0.966,0.3564,22.06
2026-06-13 06:35:17,029,FBN1_016_715_78,1,0.002,15,0.998,0.3456,21.92
2026-06-13 06:45:20,029,FBN1_016_715_78,0,0.0,15,1.0,0.3456,21.8
2026-06-13 06:55:23,029,FBN1_016_715_78,0,0.0,15,1.0,0.3456,21.74
2026-06-13 07:05:26,029,FBN1_016_715_78,0,0.0,15,1.0,0.3492,21.67
2026-06-13 07:15:29,029,FBN1_016_715_78,0,0.0,15,1.0,0.3456,21.62
2026-06-13 07:25:32,029,FBN1_016_715_78,0,0.0,15,1.0,0.3456,21.57
2026-06-13 07:35:34,029,FBN1_016_715_78,0,0.0,15,1.0,0.3456,21.54
2026-06-13 07:46:03,029,FBN1_016_715_78,0,0.0,15,1.0,0.3492,21.57
2026-06-13 07:56:06,029,FBN1_016_715_78,0,0.0,15,1.0,0.3456,21.54
2026-06-13 08:06:09,029,FBN1_016_715_78,0,0.0,15,1.0,0.3456,21.53
2026-06-13 08:16:11,029,FBN1_016_715_78,0,0.0,15,1.0,0.3456,21.51
2026-06-13 08:26:14,029,FBN1_016_715_78,0,0.0,15,1.0,0.3456,21.5
2026-06-13 08:36:17,029,FBN1_016_715_78,23,0.038,13,0.958,0.3096,21.51
2026-06-13 08:46:20,029,FBN1_016_715_78,6,0.01,14,0.989,0.3276,21.52
2026-06-13 08:56:23,029,FBN1_016_715_78,6,0.01,14,0.989,0.36,21.55
2026-06-13 09:06:26,029,FBN1_016_715_78,0,0.0,15,1.0,0.36,21.54
2026-06-13 09:16:29,029,FBN1_016_715_78,0,0.0,15,1.0,0.36,21.52
2026-06-13 09:26:31,029,FBN1_016_715_78,0,0.0,15,1.0,0.3672,21.53
2026-06-13 09:36:34,029,FBN1_016_715_78,0,0.0,15,1.0,0.3672,21.52
2026-06-13 09:46:37,029,FBN1_016_715_78,0,0.0,15,1.0,0.414,21.51
2026-06-13 09:56:40,029,FBN1_016_715_78,0,0.0,15,1.0,0.4104,21.52
2026-06-13 10:06:42,029,FBN1_016_715_78,0,0.0,15,1.0,0.3672,21.5
2026-06-13 10:16:45,029,FBN1_016_715_78,0,0.0,15,1.0,0.3672,21.49
2026-06-13 10:26:48,029,FBN1_016_715_78,0,0.0,15,1.0,0.3744,21.48
2026-06-13 10:36:51,029,FBN1_016_715_78,8,0.013,14,0.986,0.3456,21.49
2026-06-13 10:46:54,029,FBN1_016_715_78,0,0.0,15,1.0,0.3384,21.49
2026-06-13 10:56:57,029,FBN1_016_715_78,0,0.0,15,1.0,0.3384,21.47
2026-06-13 11:07:00,029,FBN1_016_715_78,0,0.0,15,1.0,0.3024,21.45
2026-06-13 11:17:03,029,FBN1_016_715_78,0,0.0,15,1.0,0.3024,21.44
2026-06-13 11:27:06,029,FBN1_016_715_78,0,0.0,15,1.0,0.306,21.43
2026-06-13 11:37:09,029,FBN1_016_715_78,0,0.0,15,1.0,0.3384,21.43
2026-06-13 11:47:29,029,FBN1_016_715_78,0,0.0,15,1.0,0.3312,21.46
2026-06-13 11:57:32,029,FBN1_016_715_78,26,0.043,13,0.952,0.3312,21.44
2026-06-13 12:07:35,029,FBN1_016_715_78,0,0.0,15,1.0,0.3024,21.38
2026-06-13 12:17:38,029,FBN1_016_715_78,0,0.0,15,1.0,0.3024,21.34
2026-06-13 12:27:41,029,FBN1_016_715_78,0,0.0,15,1.0,0.3024,21.29
2026-06-13 12:37:43,029,FBN1_016_715_78,0,0.0,15,1.0,0.3024,21.29
2026-06-13 12:47:46,029,FBN1_016_715_78,0,0.0,15,1.0,0.306,21.28
2026-06-13 12:57:49,029,FBN1_016_715_78,0,0.0,15,1.0,0.3024,21.3
2026-06-13 13:07:52,029,FBN1_016_715_78,0,0.0,15,1.0,0.3024,21.31
2026-06-13 13:17:55,029,FBN1_016_715_78,0,0.0,15,1.0,0.306,21.33
2026-06-13 13:27:58,029,FBN1_016_715_78,0,0.0,15,1.0,0.3024,21.34
2026-06-13 13:38:01,029,FBN1_016_715_78,0,0.0,15,1.0,0.3024,21.35
2026-06-13 13:48:03,029,FBN1_016_715_78,0,0.0,15,1.0,0.306,21.36
2026-06-13 13:58:06,029,FBN1_016_715_78,0,0.0,15,1.0,0.3024,21.37
2026-06-13 14:08:09,029,FBN1_016_715_78,0,0.0,15,1.0,0.3024,21.36
2026-06-13 14:18:12,029,FBN1_016_715_78,0,0.0,15,1.0,0.3024,21.35
2026-06-13 14:28:15,029,FBN1_016_715_78,0,0.0,15,1.0,0.3132,21.34
2026-06-13 14:38:18,029,FBN1_016_715_78,8,0.013,13,0.985,0.324,21.36
2026-06-13 14:48:21,029,FBN1_016_715_78,0,0.0,15,1.0,0.3348,21.36
2026-06-13 14:58:24,029,FBN1_016_715_78,0,0.0,15,1.0,0.3348,21.35
2026-06-13 15:08:27,029,FBN1_016_715_78,0,0.0,15,1.0,0.324,21.36
2026-06-13 15:18:29,029,FBN1_016_715_78,0,0.0,15,1.0,0.3312,21.37
2026-06-13 15:28:32,029,FBN1_016_715_78,0,0.0,15,1.0,0.3312,21.36
2026-06-13 15:38:34,029,FBN1_016_715_78,0,0.0,15,1.0,0.3348,21.38
2026-06-13 15:48:52,029,FBN1_016_715_78,0,0.0,15,1.0,0.324,21.43
2026-06-13 15:58:54,029,FBN1_016_715_78,0,0.0,15,1.0,0.3348,21.43
2026-06-13 16:08:57,029,FBN1_016_715_78,0,0.0,15,1.0,0.3312,21.43
2026-06-13 16:19:00,029,FBN1_016_715_78,0,0.0,15,1.0,0.3348,21.43
2026-06-13 16:29:03,029,FBN1_016_715_78,0,0.0,15,1.0,0.3312,21.43
2026-06-13 16:39:05,029,FBN1_016_715_78,0,0.0,15,1.0,0.3312,21.44
2026-06-13 16:49:08,029,FBN1_016_715_78,0,0.0,15,1.0,0.3312,21.43
2026-06-13 16:59:11,029,FBN1_016_715_78,0,0.0,15,1.0,0.3312,21.43
2026-06-13 17:09:14,029,FBN1_016_715_78,0,0.0,15,1.0,0.3348,21.46
2026-06-13 17:19:17,029,FBN1_016_715_78,20,0.033,13,0.963,0.3312,21.49
2026-06-13 17:29:20,029,FBN1_016_715_78,0,0.0,15,1.0,0.3312,21.51
2026-06-13 17:39:22,029,FBN1_016_715_78,0,0.0,15,1.0,0.3312,21.52
2026-06-13 17:49:25,029,FBN1_016_715_78,0,0.0,15,1.0,0.3312,21.52
2026-06-13 17:59:28,029,FBN1_016_715_78,17,0.028,13,0.968,0.3168,21.54
2026-06-13 18:09:31,029,FBN1_016_715_78,0,0.0,15,1.0,0.0,21.55
2026-06-13 18:19:34,029,FBN1_016_715_78,118,0.196,6,0.67,0.0,21.69
2026-06-13 18:29:36,029,FBN1_016_715_78,99,0.165,9,0.784,0.0,21.73
2026-06-13 18:39:39,029,FBN1_016_715_78,95,0.158,7,0.747,0.0,21.8
2026-06-13 18:49:42,029,FBN1_016_715_78,73,0.121,10,0.846,0.0,21.95
2026-06-13 18:59:45,029,FBN1_016_715_78,196,0.327,3,0.38,0.0,21.97
2026-06-13 19:09:48,029,FBN1_016_715_78,79,0.131,9,0.82,0.0,21.94
2026-06-13 19:19:51,029,FBN1_016_715_78,166,0.276,5,0.546,0.0,22.03
2026-06-13 19:29:54,029,FBN1_016_715_78,116,0.193,7,0.707,0.0,22.04
2026-06-13 19:39:57,029,FBN1_016_715_78,138,0.229,7,0.67,0.0,22.14
2026-06-13 19:50:17,029,FBN1_016_715_78,121,0.202,6,0.665,0.0,22.1
2026-06-13 20:00:20,029,FBN1_016_715_78,20,0.033,13,0.963,0.0,22.02
2026-06-13 20:10:23,029,FBN1_016_715_78,1,0.002,14,0.998,0.0,21.94
2026-06-13 20:20:26,029,FBN1_016_715_78,0,0.0,15,1.0,0.0,21.88
2026-06-13 20:30:28,029,FBN1_016_715_78,0,0.0,15,1.0,0.0,21.81
2026-06-13 20:40:31,029,FBN1_016_715_78,0,0.0,15,1.0,0.0,21.77
2026-06-13 20:50:34,029,FBN1_016_715_78,0,0.0,15,1.0,0.0,21.74
2026-06-13 21:00:37,029,FBN1_016_715_78,19,0.032,14,0.967,0.0,21.72
2026-06-13 21:10:39,029,FBN1_016_715_78,11,0.018,13,0.979,0.0,21.72
2026-06-13 21:20:42,029,FBN1_016_715_78,35,0.058,12,0.932,0.0,21.73
2026-06-13 21:30:45,029,FBN1_016_715_78,0,0.0,15,1.0,0.0,21.73
2026-06-13 21:40:48,029,FBN1_016_715_78,0,0.0,15,1.0,0.0,21.73
2026-06-13 21:50:51,029,FBN1_016_715_78,0,0.0,15,1.0,0.0,21.72
2026-06-13 22:00:54,029,FBN1_016_715_78,0,0.0,15,1.0,0.0,21.72
2026-06-13 22:10:57,029,FBN1_016_715_78,0,0.0,15,1.0,0.0,21.71
2026-06-13 22:21:00,029,FBN1_016_715_78,0,0.0,15,1.0,0.0,21.72
2026-06-13 22:31:03,029,FBN1_016_715_78,0,0.0,15,1.0,0.0,21.73
2026-06-13 22:41:05,029,FBN1_016_715_78,0,0.0,15,1.0,0.0,21.72
2026-06-13 22:51:07,029,FBN1_016_715_78,0,0.0,15,1.0,0.0,21.73
2026-06-13 23:01:10,029,FBN1_016_715_78,113,0.188,5,0.639,0.0,21.96
2026-06-13 23:11:13,029,FBN1_016_715_78,29,0.048,12,0.943,0.0,21.88
2026-06-13 23:21:16,029,FBN1_016_715_78,240,0.399,2,0.25,0.0,21.99
2026-06-13 23:31:19,029,FBN1_016_715_78,148,0.247,4,0.519,0.0,22.0
2026-06-13 23:41:21,029,FBN1_016_715_78,29,0.048,14,0.951,0.0,21.97
2026-06-13 23:51:36,029,FBN1_016_715_78,149,0.249,2,0.349,0.0,22.02
2026-06-14 00:01:39,029,FBN1_016_715_78,84,0.14,8,0.792,0.0,21.99
2026-06-14 00:11:42,029,FBN1_016_715_78,237,0.394,6,0.503,0.0,22.15
2026-06-14 00:21:45,029,FBN1_016_715_78,21,0.035,11,0.954,0.0,22.03
2026-06-14 00:31:47,029,FBN1_016_715_78,40,0.067,13,0.929,0.0,21.97
2026-06-14 00:41:50,029,FBN1_016_715_78,143,0.238,4,0.528,0.0,21.98
2026-06-14 00:51:53,029,FBN1_016_715_78,42,0.07,12,0.92,0.0,21.93
2026-06-14 01:01:55,029,FBN1_016_715_78,26,0.043,13,0.952,0.0,21.86
2026-06-14 01:11:58,029,FBN1_016_715_78,113,0.188,8,0.739,0.0,21.82
2026-06-14 01:22:01,029,FBN1_016_715_78,0,0.0,15,1.0,0.0,21.74
2026-06-14 01:32:04,029,FBN1_016_715_78,0,0.0,15,1.0,0.0,21.67
2026-06-14 01:42:07,029,FBN1_016_715_78,0,0.0,15,1.0,0.0,21.61
2026-06-14 01:52:10,029,FBN1_016_715_78,0,0.0,15,1.0,0.0,21.56
2026-06-14 02:02:12,029,FBN1_016_715_78,0,0.0,15,1.0,0.0,21.51
2026-06-14 02:12:16,029,FBN1_016_715_78,49,0.082,12,0.907,0.0,21.53
2026-06-14 02:22:19,029,FBN1_016_715_78,36,0.06,11,0.924,0.0,21.55
2026-06-14 02:32:22,029,FBN1_016_715_78,48,0.08,13,0.915,0.0,21.57
2026-06-14 02:42:24,029,FBN1_016_715_78,93,0.155,9,0.795,0.0,21.59
2026-06-14 02:52:26,029,FBN1_016_715_78,0,0.0,15,1.0,0.0,21.58
2026-06-14 03:02:29,029,FBN1_016_715_78,0,0.0,15,1.0,0.0,21.56
2026-06-14 03:12:32,029,FBN1_016_715_78,0,0.0,15,1.0,0.0,21.54
2026-06-14 03:22:34,029,FBN1_016_715_78,0,0.0,15,1.0,0.0,21.52
2026-06-14 03:32:37,029,FBN1_016_715_78,0,0.0,15,1.0,0.0,21.5
2026-06-14 03:42:40,029,FBN1_016_715_78,0,0.0,15,1.0,0.0,21.49
2026-06-14 03:53:00,029,FBN1_016_715_78,52,0.087,11,0.894,0.0,21.55
2026-06-14 04:03:03,029,FBN1_016_715_78,37,0.062,12,0.928,0.0,21.57
2026-06-14 04:13:06,029,FBN1_016_715_78,122,0.203,4,0.567,0.0,21.65
2026-06-14 04:23:09,029,FBN1_016_715_78,134,0.223,6,0.642,0.0,21.69
2026-06-14 04:33:11,029,FBN1_016_715_78,70,0.116,8,0.821,0.0,21.73
2026-06-14 04:43:15,029,FBN1_016_715_78,69,0.115,9,0.839,0.0,21.75
2026-06-14 04:53:17,029,FBN1_016_715_78,101,0.168,5,0.664,0.0,21.9
2026-06-14 05:03:20,029,FBN1_016_715_78,127,0.211,8,0.716,0.0,21.98
2026-06-14 05:13:23,029,FBN1_016_715_78,53,0.088,12,0.901,0.0,21.91
2026-06-14 05:23:25,029,FBN1_016_715_78,60,0.1,9,0.857,0.0,21.83
2026-06-14 05:33:27,029,FBN1_016_715_78,29,0.048,12,0.943,0.0,21.79
2026-06-14 05:43:30,029,FBN1_016_715_78,30,0.05,13,0.945,0.0,21.75
2026-06-14 05:53:33,029,FBN1_016_715_78,0,0.0,15,1.0,0.0,21.7
2026-06-14 06:03:36,029,FBN1_016_715_78,0,0.0,15,1.0,0.2736,21.65
2026-06-14 06:13:38,029,FBN1_016_715_78,0,0.0,15,1.0,0.2772,21.62
2026-06-14 06:23:41,029,FBN1_016_715_78,0,0.0,15,1.0,0.2772,21.58
2026-06-14 06:33:44,029,FBN1_016_715_78,0,0.0,15,1.0,0.2772,21.55
2026-06-14 06:43:47,029,FBN1_016_715_78,0,0.0,15,1.0,0.2592,21.54
2026-06-14 06:53:50,029,FBN1_016_715_78,45,0.075,8,0.877,0.2664,21.79
2026-06-14 07:03:52,029,FBN1_016_715_78,0,0.0,15,1.0,0.2772,21.67
2026-06-14 07:13:55,029,FBN1_016_715_78,0,0.0,15,1.0,0.2772,21.6
2026-06-14 07:23:58,029,FBN1_016_715_78,0,0.0,15,1.0,0.2772,21.54
2026-06-14 07:34:00,029,FBN1_016_715_78,0,0.0,15,1.0,0.2664,21.49
2026-06-14 07:44:03,029,FBN1_016_715_78,0,0.0,15,1.0,0.2664,21.47
2026-06-14 07:54:25,029,FBN1_016_715_78,0,0.0,15,1.0,0.2664,21.49
2026-06-14 08:04:28,029,FBN1_016_715_78,0,0.0,15,1.0,0.2664,21.46
2026-06-14 08:14:31,029,FBN1_016_715_78,0,0.0,15,1.0,0.2664,21.44
2026-06-14 08:24:34,029,FBN1_016_715_78,0,0.0,15,1.0,0.2664,21.42
2026-06-14 08:34:37,029,FBN1_016_715_78,0,0.0,15,1.0,0.27,21.41
2026-06-14 08:44:39,029,FBN1_016_715_78,12,0.02,13,0.977,0.2592,21.42
2026-06-14 08:54:42,029,FBN1_016_715_78,0,0.0,15,1.0,0.2952,21.43
2026-06-14 09:04:44,029,FBN1_016_715_78,0,0.0,15,1.0,0.2952,21.42
2026-06-14 09:14:47,029,FBN1_016_715_78,0,0.0,15,1.0,0.2952,21.41
2026-06-14 09:24:49,029,FBN1_016_715_78,0,0.0,15,1.0,0.288,21.4
2026-06-14 09:34:52,029,FBN1_016_715_78,0,0.0,15,1.0,0.2952,21.38
2026-06-14 09:44:55,029,FBN1_016_715_78,0,0.0,15,1.0,0.324,21.36
2026-06-14 09:54:58,029,FBN1_016_715_78,0,0.0,15,1.0,0.3348,21.38
2026-06-14 10:05:00,029,FBN1_016_715_78,0,0.0,15,1.0,0.2988,21.37
2026-06-14 10:15:03,029,FBN1_016_715_78,0,0.0,15,1.0,0.2916,21.38
2026-06-14 10:25:06,029,FBN1_016_715_78,38,0.063,11,0.921,0.2808,21.42
2026-06-14 10:35:08,029,FBN1_016_715_78,13,0.022,14,0.977,0.2736,21.44
2026-06-14 10:45:11,029,FBN1_016_715_78,0,0.0,15,1.0,0.2808,21.43
2026-06-14 10:55:14,029,FBN1_016_715_78,0,0.0,15,1.0,0.2808,21.43
2026-06-14 11:05:17,029,FBN1_016_715_78,0,0.0,15,1.0,0.2844,21.41
2026-06-14 11:15:20,029,FBN1_016_715_78,0,0.0,15,1.0,0.2844,21.41
2026-06-14 11:25:22,029,FBN1_016_715_78,0,0.0,15,1.0,0.2808,21.4
2026-06-14 11:35:25,029,FBN1_016_715_78,0,0.0,15,1.0,0.3276,21.4
2026-06-14 11:45:28,029,FBN1_016_715_78,0,0.0,15,1.0,0.3204,21.4
2026-06-14 11:56:00,029,FBN1_016_715_78,0,0.0,15,1.0,0.2844,21.45
2026-06-14 12:06:03,029,FBN1_016_715_78,0,0.0,15,1.0,0.2844,21.43
2026-06-14 12:16:06,029,FBN1_016_715_78,0,0.0,15,1.0,0.2844,21.43
2026-06-14 12:26:09,029,FBN1_016_715_78,10,0.017,14,0.982,0.2844,21.42
2026-06-14 12:36:12,029,FBN1_016_715_78,0,0.0,15,1.0,0.288,21.42
2026-06-14 12:46:16,029,FBN1_016_715_78,0,0.0,15,1.0,0.2808,21.43
2026-06-14 12:56:18,029,FBN1_016_715_78,0,0.0,15,1.0,0.288,21.42
2026-06-14 13:06:21,029,FBN1_016_715_78,0,0.0,15,1.0,0.288,21.41
2026-06-14 13:16:23,029,FBN1_016_715_78,0,0.0,15,1.0,0.288,21.41
2026-06-14 13:26:27,029,FBN1_016_715_78,0,0.0,15,1.0,0.288,21.4
2026-06-14 13:36:29,029,FBN1_016_715_78,0,0.0,15,1.0,0.2916,21.4
2026-06-14 13:46:32,029,FBN1_016_715_78,0,0.0,15,1.0,0.288,21.4
2026-06-14 13:56:35,029,FBN1_016_715_78,0,0.0,15,1.0,0.288,21.42
2026-06-14 14:06:37,029,FBN1_016_715_78,0,0.0,15,1.0,0.288,21.4
2026-06-14 14:16:40,029,FBN1_016_715_78,0,0.0,15,1.0,0.288,21.41
2026-06-14 14:26:44,029,FBN1_016_715_78,0,0.0,15,1.0,0.288,21.4
2026-06-14 14:36:46,029,FBN1_016_715_78,0,0.0,15,1.0,0.2916,21.41
2026-06-14 14:46:49,029,FBN1_016_715_78,0,0.0,15,1.0,0.2916,21.41
2026-06-14 14:56:51,029,FBN1_016_715_78,0,0.0,15,1.0,0.2808,21.42
2026-06-14 15:06:53,029,FBN1_016_715_78,11,0.018,14,0.981,0.2988,21.43
2026-06-14 15:16:56,029,FBN1_016_715_78,0,0.0,15,1.0,0.2952,21.44
2026-06-14 15:26:58,029,FBN1_016_715_78,0,0.0,15,1.0,0.2952,21.44
2026-06-14 15:37:01,029,FBN1_016_715_78,0,0.0,15,1.0,0.2952,21.43
2026-06-14 15:47:04,029,FBN1_016_715_78,0,0.0,15,1.0,0.2952,21.42
2026-06-14 15:57:48,029,FBN1_016_715_78,0,0.0,15,1.0,0.2952,21.5
2026-06-14 16:07:51,029,FBN1_016_715_78,0,0.0,15,1.0,0.2952,21.46
2026-06-14 16:17:54,029,FBN1_016_715_78,0,0.0,15,1.0,0.2952,21.44
2026-06-14 16:27:56,029,FBN1_016_715_78,0,0.0,15,1.0,0.288,21.43
2026-06-14 16:37:59,029,FBN1_016_715_78,0,0.0,15,1.0,0.2952,21.43
2026-06-14 16:48:02,029,FBN1_016_715_78,0,0.0,15,1.0,0.306,21.44
2026-06-14 16:58:05,029,FBN1_016_715_78,0,0.0,15,1.0,0.2952,21.45
2026-06-14 17:08:08,029,FBN1_016_715_78,15,0.025,14,0.974,0.2808,21.47
2026-06-14 17:18:10,029,FBN1_016_715_78,0,0.0,15,1.0,0.2844,21.49
2026-06-14 17:28:13,029,FBN1_016_715_78,0,0.0,15,1.0,0.2808,21.49
2026-06-14 17:38:16,029,FBN1_016_715_78,0,0.0,15,1.0,0.2844,21.49
2026-06-14 17:48:19,029,FBN1_016_715_78,0,0.0,15,1.0,0.2808,21.49
2026-06-14 17:58:22,029,FBN1_016_715_78,9,0.015,14,0.984,0.2736,21.5
2026-06-14 18:08:24,029,FBN1_016_715_78,23,0.038,13,0.958,0.0,21.51
2026-06-14 18:18:27,029,FBN1_016_715_78,108,0.18,8,0.748,0.0,21.62
2026-06-14 18:28:30,029,FBN1_016_715_78,194,0.323,1,0.171,0.0,21.76
2026-06-14 18:38:33,029,FBN1_016_715_78,84,0.14,9,0.811,0.0,21.79
2026-06-14 18:48:35,029,FBN1_016_715_78,159,0.265,4,0.502,0.0,21.85
2026-06-14 18:58:38,029,FBN1_016_715_78,106,0.176,8,0.751,0.0,21.93
2026-06-14 19:08:40,029,FBN1_016_715_78,217,0.361,2,0.269,0.0,22.1
2026-06-14 19:18:44,029,FBN1_016_715_78,163,0.271,7,0.632,0.0,22.26
2026-06-14 19:28:46,029,FBN1_016_715_78,155,0.258,5,0.563,0.0,22.41
2026-06-14 19:38:50,029,FBN1_016_715_78,147,0.245,6,0.62,0.0,22.38
2026-06-14 19:48:53,029,FBN1_016_715_78,40,0.067,12,0.923,0.0,22.22
2026-06-14 19:59:30,029,FBN1_016_715_78,165,0.276,4,0.492,0.0,22.46
2026-06-14 20:09:32,029,FBN1_016_715_78,75,0.125,10,0.842,0.0,22.39
2026-06-14 20:19:35,029,FBN1_016_715_78,0,0.0,15,1.0,0.0,22.2
2026-06-14 20:29:38,029,FBN1_016_715_78,104,0.173,7,0.729,0.0,22.17
2026-06-14 20:39:41,029,FBN1_016_715_78,177,0.295,3,0.404,0.0,22.35
2026-06-14 20:49:44,029,FBN1_016_715_78,179,0.297,4,0.472,0.0,22.35
2026-06-14 20:59:47,029,FBN1_016_715_78,32,0.053,10,0.926,0.0,22.21
2026-06-14 21:09:50,029,FBN1_016_715_78,0,0.0,15,1.0,0.0,22.09
2026-06-14 21:19:52,029,FBN1_016_715_78,0,0.0,15,1.0,0.0,22.0
2026-06-14 21:29:55,029,FBN1_016_715_78,126,0.21,7,0.69,0.0,22.11
2026-06-14 21:39:58,029,FBN1_016_715_78,81,0.135,9,0.816,0.0,22.06
2026-06-14 21:50:01,029,FBN1_016_715_78,0,0.0,15,1.0,0.0,22.0
2026-06-14 22:00:04,029,FBN1_016_715_78,0,0.0,15,1.0,0.0,21.93
2026-06-14 22:10:07,029,FBN1_016_715_78,0,0.0,15,1.0,0.0,21.89
2026-06-14 22:20:10,029,FBN1_016_715_78,0,0.0,15,1.0,0.0,21.85
2026-06-14 22:30:13,029,FBN1_016_715_78,0,0.0,15,1.0,0.0,21.82
2026-06-14 22:40:16,029,FBN1_016_715_78,0,0.0,15,1.0,0.0,21.81
2026-06-14 22:50:19,029,FBN1_016_715_78,0,0.0,15,1.0,0.0,21.81
2026-06-14 23:00:22,029,FBN1_016_715_78,160,0.266,5,0.556,0.0,21.99
2026-06-14 23:10:25,029,FBN1_016_715_78,72,0.12,10,0.847,0.0,22.04
2026-06-14 23:20:28,029,FBN1_016_715_78,107,0.178,7,0.724,0.0,22.08
2026-06-14 23:30:31,029,FBN1_016_715_78,130,0.216,7,0.683,0.0,22.22
2026-06-14 23:40:34,029,FBN1_016_715_78,58,0.097,10,0.873,0.0,22.16
2026-06-14 23:50:36,029,FBN1_016_715_78,149,0.248,6,0.617,0.0,22.29
2026-06-13 00:08:12,023,FBN1_016_716_80,0,0.0,15,1.0,0.0,21.54
2026-06-13 00:18:14,023,FBN1_016_716_80,31,0.052,12,0.939,0.0,21.29
2026-06-13 00:28:18,023,FBN1_016_716_80,0,0.0,15,1.0,0.0,21.27
2026-06-13 00:38:21,023,FBN1_016_716_80,1,0.002,14,0.998,0.0,21.27
2026-06-13 00:48:24,023,FBN1_016_716_80,95,0.158,10,0.808,0.0,21.31
2026-06-13 00:58:27,023,FBN1_016_716_80,118,0.196,8,0.731,0.0,21.45
2026-06-13 01:08:30,023,FBN1_016_716_80,84,0.14,11,0.84,0.0,21.46
2026-06-13 01:18:32,023,FBN1_016_716_80,102,0.17,10,0.797,0.0,21.5
2026-06-13 01:28:35,023,FBN1_016_716_80,165,0.275,2,0.327,0.0,21.53
2026-06-13 01:38:38,023,FBN1_016_716_80,88,0.146,8,0.784,0.0,21.58
2026-06-13 01:48:41,023,FBN1_016_716_80,22,0.037,12,0.956,0.0,21.55
2026-06-13 01:58:43,023,FBN1_016_716_80,0,0.0,15,1.0,0.0,21.47
2026-06-13 02:08:47,023,FBN1_016_716_80,0,0.0,15,1.0,0.0,21.4
2026-06-13 02:18:50,023,FBN1_016_716_80,0,0.0,15,1.0,0.0,21.34
2026-06-13 02:28:54,023,FBN1_016_716_80,0,0.0,15,1.0,0.0,21.28
2026-06-13 02:38:57,023,FBN1_016_716_80,0,0.0,15,1.0,0.0,21.24
2026-06-13 02:49:01,023,FBN1_016_716_80,0,0.0,15,1.0,0.0,21.21
2026-06-13 02:59:04,023,FBN1_016_716_80,6,0.01,14,0.989,0.0,21.19
2026-06-13 03:09:07,023,FBN1_016_716_80,0,0.0,15,1.0,0.0,21.2
2026-06-13 03:19:10,023,FBN1_016_716_80,11,0.018,13,0.979,0.0,21.19
2026-06-13 03:29:13,023,FBN1_016_716_80,106,0.176,8,0.751,0.0,21.24
2026-06-13 03:39:16,023,FBN1_016_716_80,91,0.151,10,0.815,0.0,21.3
2026-06-13 03:49:48,023,FBN1_016_716_80,69,0.115,11,0.864,0.0,21.4
2026-06-13 03:59:51,023,FBN1_016_716_80,141,0.235,7,0.665,0.0,21.5
2026-06-13 04:09:54,023,FBN1_016_716_80,182,0.303,5,0.524,0.0,21.59
2026-06-13 04:19:57,023,FBN1_016_716_80,99,0.165,10,0.802,0.0,21.56
2026-06-13 04:30:00,023,FBN1_016_716_80,40,0.066,13,0.929,0.0,21.51
2026-06-13 04:40:04,023,FBN1_016_716_80,204,0.339,5,0.495,0.0,21.56
2026-06-13 04:50:07,023,FBN1_016_716_80,114,0.189,5,0.637,0.0,21.55
2026-06-13 05:00:11,023,FBN1_016_716_80,14,0.023,13,0.974,0.0,21.5
2026-06-13 05:10:13,023,FBN1_016_716_80,191,0.318,4,0.456,0.0,21.55
2026-06-13 05:20:16,023,FBN1_016_716_80,23,0.038,12,0.954,0.0,21.51
2026-06-13 05:30:19,023,FBN1_016_716_80,41,0.068,12,0.921,0.0,21.46
2026-06-13 05:40:22,023,FBN1_016_716_80,32,0.053,12,0.938,0.0,21.43
2026-06-13 05:50:25,023,FBN1_016_716_80,0,0.0,15,1.0,0.0,21.38
2026-06-13 06:00:28,023,FBN1_016_716_80,0,0.0,15,1.0,0.1512,21.33
2026-06-13 06:10:31,023,FBN1_016_716_80,0,0.0,15,1.0,0.162,21.28
2026-06-13 06:20:34,023,FBN1_016_716_80,0,0.0,15,1.0,0.1584,21.26
2026-06-13 06:30:37,023,FBN1_016_716_80,0,0.0,15,1.0,0.1512,21.2
2026-06-13 06:40:40,023,FBN1_016_716_80,0,0.0,15,1.0,0.1584,21.17
2026-06-13 06:50:43,023,FBN1_016_716_80,1,0.002,15,0.998,0.1512,21.16
2026-06-13 07:00:46,023,FBN1_016_716_80,1,0.002,15,0.998,0.1584,21.14
2026-06-13 07:10:49,023,FBN1_016_716_80,0,0.0,15,1.0,0.1512,21.14
2026-06-13 07:20:52,023,FBN1_016_716_80,0,0.0,15,1.0,0.1584,21.12
2026-06-13 07:30:56,023,FBN1_016_716_80,0,0.0,15,1.0,0.1584,21.1
2026-06-13 07:40:58,023,FBN1_016_716_80,0,0.0,15,1.0,0.1512,21.11
2026-06-13 07:51:30,023,FBN1_016_716_80,0,0.0,15,1.0,0.1512,21.16
2026-06-13 08:01:33,023,FBN1_016_716_80,0,0.0,15,1.0,0.1584,21.14
2026-06-13 08:11:36,023,FBN1_016_716_80,0,0.0,15,1.0,0.1512,21.14
2026-06-13 08:21:38,023,FBN1_016_716_80,0,0.0,15,1.0,0.1548,21.12
2026-06-13 08:31:41,023,FBN1_016_716_80,0,0.0,15,1.0,0.1512,21.13
2026-06-13 08:41:44,023,FBN1_016_716_80,84,0.14,10,0.826,0.1368,21.16
2026-06-13 08:51:47,023,FBN1_016_716_80,125,0.208,6,0.658,0.1476,21.26
2026-06-13 09:01:50,023,FBN1_016_716_80,53,0.088,11,0.892,0.1512,21.29
2026-06-13 09:11:53,023,FBN1_016_716_80,0,0.0,15,1.0,0.1512,21.26
2026-06-13 09:21:56,023,FBN1_016_716_80,0,0.0,15,1.0,0.1512,21.24
2026-06-13 09:31:59,023,FBN1_016_716_80,0,0.0,15,1.0,0.1512,21.22
2026-06-13 09:42:02,023,FBN1_016_716_80,0,0.0,15,1.0,0.1764,21.19
2026-06-13 09:52:06,023,FBN1_016_716_80,0,0.0,15,1.0,0.1764,21.17
2026-06-13 10:02:09,023,FBN1_016_716_80,2,0.003,15,0.997,0.1656,21.17
2026-06-13 10:12:12,023,FBN1_016_716_80,0,0.0,15,1.0,0.1512,21.15
2026-06-13 10:22:15,023,FBN1_016_716_80,0,0.0,15,1.0,0.1548,21.14
2026-06-13 10:32:18,023,FBN1_016_716_80,0,0.0,15,1.0,0.1512,21.14
2026-06-13 10:42:21,023,FBN1_016_716_80,1,0.002,15,0.998,0.1728,21.13
2026-06-13 10:52:24,023,FBN1_016_716_80,0,0.0,15,1.0,0.1764,21.12
2026-06-13 11:02:27,023,FBN1_016_716_80,1,0.002,15,0.998,0.1512,21.12
2026-06-13 11:12:30,023,FBN1_016_716_80,0,0.0,15,1.0,0.1512,21.11
2026-06-13 11:22:33,023,FBN1_016_716_80,9,0.015,13,0.983,0.1584,21.13
2026-06-13 11:32:36,023,FBN1_016_716_80,0,0.0,15,1.0,0.1728,21.14
2026-06-13 11:42:40,023,FBN1_016_716_80,0,0.0,15,1.0,0.1836,21.12
2026-06-13 11:53:11,023,FBN1_016_716_80,0,0.0,15,1.0,0.1728,21.18
2026-06-13 12:03:14,023,FBN1_016_716_80,0,0.0,15,1.0,0.1584,21.14
2026-06-13 12:13:16,023,FBN1_016_716_80,1,0.002,15,0.998,0.1512,21.1
2026-06-13 12:23:19,023,FBN1_016_716_80,0,0.0,15,1.0,0.1584,21.06
2026-06-13 12:33:23,023,FBN1_016_716_80,0,0.0,15,1.0,0.1584,21.05
2026-06-13 12:43:26,023,FBN1_016_716_80,0,0.0,15,1.0,0.1584,21.04
2026-06-13 12:53:28,023,FBN1_016_716_80,0,0.0,15,1.0,0.1296,21.04
2026-06-13 13:03:31,023,FBN1_016_716_80,7,0.012,14,0.988,0.1584,21.08
2026-06-13 13:13:34,023,FBN1_016_716_80,0,0.0,15,1.0,0.1584,21.09
2026-06-13 13:23:38,023,FBN1_016_716_80,0,0.0,15,1.0,0.1584,21.08
2026-06-13 13:33:41,023,FBN1_016_716_80,0,0.0,15,1.0,0.1512,21.1
2026-06-13 13:43:43,023,FBN1_016_716_80,0,0.0,15,1.0,0.1512,21.1
2026-06-13 13:53:47,023,FBN1_016_716_80,0,0.0,15,1.0,0.1512,21.1
2026-06-13 14:03:49,023,FBN1_016_716_80,0,0.0,15,1.0,0.1512,21.09
2026-06-13 14:13:53,023,FBN1_016_716_80,0,0.0,15,1.0,0.1512,21.09
2026-06-13 14:23:56,023,FBN1_016_716_80,0,0.0,15,1.0,0.1512,21.06
2026-06-13 14:33:59,023,FBN1_016_716_80,0,0.0,15,1.0,0.1584,21.07
2026-06-13 14:44:02,023,FBN1_016_716_80,0,0.0,15,1.0,0.1584,21.06
2026-06-13 14:54:05,023,FBN1_016_716_80,12,0.02,14,0.979,0.1584,21.07
2026-06-13 15:04:09,023,FBN1_016_716_80,0,0.0,15,1.0,0.1512,21.08
2026-06-13 15:14:12,023,FBN1_016_716_80,0,0.0,15,1.0,0.1584,21.07
2026-06-13 15:24:15,023,FBN1_016_716_80,0,0.0,15,1.0,0.1512,21.06
2026-06-13 15:34:17,023,FBN1_016_716_80,0,0.0,15,1.0,0.1512,21.05
2026-06-13 15:44:21,023,FBN1_016_716_80,0,0.0,15,1.0,0.1584,21.06
2026-06-13 15:54:48,023,FBN1_016_716_80,0,0.0,15,1.0,0.1584,21.11
2026-06-13 16:04:50,023,FBN1_016_716_80,0,0.0,15,1.0,0.1548,21.09
2026-06-13 16:14:53,023,FBN1_016_716_80,0,0.0,15,1.0,0.1512,21.06
2026-06-13 16:24:56,023,FBN1_016_716_80,0,0.0,15,1.0,0.1512,21.05
2026-06-13 16:34:59,023,FBN1_016_716_80,0,0.0,15,1.0,0.1584,21.03
2026-06-13 16:45:02,023,FBN1_016_716_80,1,0.002,15,0.998,0.1548,21.03
2026-06-13 16:55:05,023,FBN1_016_716_80,0,0.0,15,1.0,0.1548,21.03
2026-06-13 17:05:09,023,FBN1_016_716_80,9,0.015,15,0.985,0.1296,21.03
2026-06-13 17:15:12,023,FBN1_016_716_80,48,0.08,11,0.902,0.1512,21.09
2026-06-13 17:25:15,023,FBN1_016_716_80,0,0.0,15,1.0,0.1512,21.11
2026-06-13 17:35:17,023,FBN1_016_716_80,0,0.0,15,1.0,0.144,21.11
2026-06-13 17:45:21,023,FBN1_016_716_80,0,0.0,15,1.0,0.1548,21.11
2026-06-13 17:55:24,023,FBN1_016_716_80,0,0.0,15,1.0,0.1512,21.11
2026-06-13 18:05:26,023,FBN1_016_716_80,144,0.24,8,0.69,0.0,21.16
2026-06-13 18:15:30,023,FBN1_016_716_80,217,0.361,6,0.525,0.0,21.3
2026-06-13 18:25:33,023,FBN1_016_716_80,205,0.341,3,0.369,0.0,21.42
2026-06-13 18:35:36,023,FBN1_016_716_80,86,0.143,10,0.823,0.0,21.47
2026-06-13 18:45:39,023,FBN1_016_716_80,295,0.491,2,0.213,0.0,21.62
2026-06-13 18:55:42,023,FBN1_016_716_80,186,0.309,4,0.462,0.0,21.62
2026-06-13 19:05:46,023,FBN1_016_716_80,264,0.439,2,0.233,0.0,21.69
2026-06-13 19:15:49,023,FBN1_016_716_80,183,0.304,6,0.567,0.0,21.7
2026-06-13 19:25:52,023,FBN1_016_716_80,142,0.236,7,0.664,0.0,21.71
2026-06-13 19:35:55,023,FBN1_016_716_80,73,0.121,10,0.846,0.0,21.68
2026-06-13 19:45:58,023,FBN1_016_716_80,133,0.222,7,0.678,0.0,21.64
2026-06-13 19:56:32,023,FBN1_016_716_80,184,0.307,4,0.465,0.0,21.73
2026-06-13 20:06:35,023,FBN1_016_716_80,73,0.121,11,0.858,0.0,21.63
2026-06-13 20:16:38,023,FBN1_016_716_80,0,0.0,15,1.0,0.0,21.54
2026-06-13 20:26:41,023,FBN1_016_716_80,45,0.075,13,0.92,0.0,21.49
2026-06-13 20:36:44,023,FBN1_016_716_80,0,0.0,15,1.0,0.0,21.4
2026-06-13 20:46:48,023,FBN1_016_716_80,0,0.0,15,1.0,0.0,21.33
2026-06-13 20:56:50,023,FBN1_016_716_80,0,0.0,15,1.0,0.0,21.28
2026-06-13 21:06:53,023,FBN1_016_716_80,0,0.0,15,1.0,0.0,21.22
2026-06-13 21:16:56,023,FBN1_016_716_80,12,0.02,14,0.979,0.0,21.2
2026-06-13 21:26:59,023,FBN1_016_716_80,10,0.017,14,0.982,0.0,21.19
2026-06-13 21:37:02,023,FBN1_016_716_80,0,0.0,15,1.0,0.0,21.17
2026-06-13 21:47:05,023,FBN1_016_716_80,0,0.0,15,1.0,0.0,21.15
2026-06-13 21:57:08,023,FBN1_016_716_80,7,0.012,15,0.988,0.0,21.13
2026-06-13 22:07:11,023,FBN1_016_716_80,224,0.373,1,0.152,0.0,21.26
2026-06-13 22:17:14,023,FBN1_016_716_80,41,0.068,13,0.927,0.0,21.26
2026-06-13 22:27:17,023,FBN1_016_716_80,218,0.362,3,0.355,0.0,21.42
2026-06-13 22:37:20,023,FBN1_016_716_80,196,0.326,5,0.505,0.0,21.51
2026-06-13 22:47:23,023,FBN1_016_716_80,176,0.293,7,0.614,0.0,21.55
2026-06-13 22:57:26,023,FBN1_016_716_80,229,0.381,3,0.344,0.0,21.64
2026-06-13 23:07:29,023,FBN1_016_716_80,120,0.2,9,0.75,0.0,21.62
2026-06-13 23:17:32,023,FBN1_016_716_80,101,0.168,9,0.781,0.0,21.6
2026-06-13 23:27:35,023,FBN1_016_716_80,48,0.08,11,0.902,0.0,21.54
2026-06-13 23:37:38,023,FBN1_016_716_80,145,0.241,6,0.623,0.0,21.53
2026-06-13 23:47:41,023,FBN1_016_716_80,53,0.088,9,0.872,0.0,21.48
2026-06-13 23:58:11,023,FBN1_016_716_80,0,0.0,15,1.0,0.0,21.47
2026-06-14 00:08:15,023,FBN1_016_716_80,0,0.0,15,1.0,0.0,21.38
2026-06-14 00:18:18,023,FBN1_016_716_80,0,0.0,15,1.0,0.0,21.26
2026-06-14 00:28:21,023,FBN1_016_716_80,0,0.0,15,1.0,0.0,21.2
2026-06-14 00:38:25,023,FBN1_016_716_80,1,0.002,14,0.998,0.0,21.16
2026-06-14 00:48:27,023,FBN1_016_716_80,0,0.0,15,1.0,0.0,21.11
2026-06-14 00:58:31,023,FBN1_016_716_80,0,0.0,15,1.0,0.0,21.08
2026-06-14 01:08:34,023,FBN1_016_716_80,0,0.0,15,1.0,0.0,21.06
2026-06-14 01:18:38,023,FBN1_016_716_80,9,0.015,15,0.985,0.0,21.03
2026-06-14 01:28:41,023,FBN1_016_716_80,34,0.056,12,0.934,0.0,21.05
2026-06-14 01:38:44,023,FBN1_016_716_80,54,0.09,11,0.891,0.0,21.11
2026-06-14 01:48:47,023,FBN1_016_716_80,227,0.378,3,0.346,0.0,21.17
2026-06-14 01:58:50,023,FBN1_016_716_80,48,0.08,12,0.909,0.0,21.2
2026-06-14 02:08:52,023,FBN1_016_716_80,146,0.243,5,0.578,0.0,21.34
2026-06-14 02:18:55,023,FBN1_016_716_80,72,0.12,10,0.847,0.0,21.36
2026-06-14 02:28:58,023,FBN1_016_716_80,18,0.03,14,0.969,0.0,21.34
2026-06-14 02:39:01,023,FBN1_016_716_80,0,0.0,15,1.0,0.0,21.29
2026-06-14 02:49:04,023,FBN1_016_716_80,0,0.0,15,1.0,0.0,21.22
2026-06-14 02:59:07,023,FBN1_016_716_80,11,0.018,14,0.981,0.0,21.2
2026-06-14 03:09:10,023,FBN1_016_716_80,0,0.0,15,1.0,0.0,21.19
2026-06-14 03:19:13,023,FBN1_016_716_80,31,0.052,12,0.939,0.0,21.19
2026-06-14 03:29:17,023,FBN1_016_716_80,0,0.0,15,1.0,0.0,21.17
2026-06-14 03:39:20,023,FBN1_016_716_80,0,0.0,15,1.0,0.0,21.15
2026-06-14 03:49:22,023,FBN1_016_716_80,4,0.007,14,0.993,0.0,21.14
2026-06-14 03:59:57,023,FBN1_016_716_80,0,0.0,15,1.0,0.0,21.2
2026-06-14 04:10:00,023,FBN1_016_716_80,173,0.288,5,0.536,0.0,21.27
2026-06-14 04:20:03,023,FBN1_016_716_80,81,0.135,7,0.776,0.0,21.3
2026-06-14 04:30:06,023,FBN1_016_716_80,48,0.08,9,0.882,0.0,21.32
2026-06-14 04:40:10,023,FBN1_016_716_80,172,0.286,5,0.538,0.0,21.4
2026-06-14 04:50:12,023,FBN1_016_716_80,35,0.058,12,0.932,0.0,21.38
2026-06-14 05:00:15,023,FBN1_016_716_80,59,0.098,7,0.826,0.0,21.37
2026-06-14 05:10:18,023,FBN1_016_716_80,32,0.053,11,0.932,0.0,21.33
2026-06-14 05:20:21,023,FBN1_016_716_80,59,0.098,11,0.882,0.0,21.32
2026-06-14 05:30:25,023,FBN1_016_716_80,14,0.023,14,0.976,0.0,21.28
2026-06-14 05:40:28,023,FBN1_016_716_80,0,0.0,15,1.0,0.0,21.21
2026-06-14 05:50:31,023,FBN1_016_716_80,0,0.0,15,1.0,0.0,21.16
2026-06-14 06:00:33,023,FBN1_016_716_80,0,0.0,15,1.0,0.1584,21.12
2026-06-14 06:10:37,023,FBN1_016_716_80,0,0.0,15,1.0,0.162,21.08
2026-06-14 06:20:40,023,FBN1_016_716_80,0,0.0,15,1.0,0.1548,21.06
2026-06-14 06:30:42,023,FBN1_016_716_80,0,0.0,15,1.0,0.1512,21.04
2026-06-14 06:40:45,023,FBN1_016_716_80,0,0.0,15,1.0,0.1512,21.03
2026-06-14 06:50:48,023,FBN1_016_716_80,2,0.003,14,0.996,0.162,21.02
2026-06-14 07:00:51,023,FBN1_016_716_80,0,0.0,15,1.0,0.1584,21.01
2026-06-14 07:10:53,023,FBN1_016_716_80,1,0.002,15,0.998,0.1584,21.0
2026-06-14 07:20:57,023,FBN1_016_716_80,0,0.0,15,1.0,0.162,20.99
2026-06-14 07:30:59,023,FBN1_016_716_80,0,0.0,15,1.0,0.1584,20.99
2026-06-14 07:41:02,023,FBN1_016_716_80,0,0.0,15,1.0,0.1548,20.97
2026-06-14 07:51:05,023,FBN1_016_716_80,0,0.0,15,1.0,0.162,20.97
2026-06-14 08:01:22,023,FBN1_016_716_80,0,0.0,15,1.0,0.1548,21.0
2026-06-14 08:11:25,023,FBN1_016_716_80,6,0.01,14,0.989,0.1512,21.0
2026-06-14 08:21:28,023,FBN1_016_716_80,5,0.008,14,0.991,0.1512,21.01
2026-06-14 08:31:31,023,FBN1_016_716_80,7,0.012,15,0.988,0.1476,21.03
2026-06-14 08:41:33,023,FBN1_016_716_80,0,0.0,15,1.0,0.1512,21.05
2026-06-14 08:51:37,023,FBN1_016_716_80,0,0.0,15,1.0,0.1512,21.06
2026-06-14 09:01:40,023,FBN1_016_716_80,0,0.0,15,1.0,0.1548,21.04
2026-06-14 09:11:43,023,FBN1_016_716_80,0,0.0,15,1.0,0.1548,21.05
2026-06-14 09:21:46,023,FBN1_016_716_80,1,0.002,14,0.998,0.1512,21.03
2026-06-14 09:31:49,023,FBN1_016_716_80,0,0.0,15,1.0,0.1512,21.02
2026-06-14 09:41:52,023,FBN1_016_716_80,0,0.0,15,1.0,0.1656,21.01
2026-06-14 09:51:56,023,FBN1_016_716_80,0,0.0,15,1.0,0.1656,21.01
2026-06-14 10:01:59,023,FBN1_016_716_80,0,0.0,15,1.0,0.1512,21.0
2026-06-14 10:12:02,023,FBN1_016_716_80,0,0.0,15,1.0,0.1512,20.99
2026-06-14 10:22:05,023,FBN1_016_716_80,0,0.0,15,1.0,0.1512,20.98
2026-06-14 10:32:07,023,FBN1_016_716_80,0,0.0,15,1.0,0.1512,20.98
2026-06-14 10:42:10,023,FBN1_016_716_80,0,0.0,15,1.0,0.162,20.97
2026-06-14 10:52:13,023,FBN1_016_716_80,0,0.0,15,1.0,0.1512,20.96
2026-06-14 11:02:16,023,FBN1_016_716_80,0,0.0,15,1.0,0.1512,20.95
2026-06-14 11:12:19,023,FBN1_016_716_80,0,0.0,15,1.0,0.1584,20.95
2026-06-14 11:22:22,023,FBN1_016_716_80,0,0.0,15,1.0,0.1512,20.96
2026-06-14 11:32:25,023,FBN1_016_716_80,0,0.0,15,1.0,0.1692,20.94
2026-06-14 11:42:28,023,FBN1_016_716_80,0,0.0,15,1.0,0.1836,20.94
2026-06-14 11:52:31,023,FBN1_016_716_80,8,0.013,14,0.986,0.1548,20.97
2026-06-14 12:03:01,023,FBN1_016_716_80,36,0.06,13,0.935,0.1512,21.07
2026-06-14 12:13:04,023,FBN1_016_716_80,0,0.0,15,1.0,0.1512,21.05
2026-06-14 12:23:07,023,FBN1_016_716_80,0,0.0,15,1.0,0.1512,21.03
2026-06-14 12:33:10,023,FBN1_016_716_80,0,0.0,15,1.0,0.1512,21.01
2026-06-14 12:43:13,023,FBN1_016_716_80,0,0.0,15,1.0,0.1512,21.0
2026-06-14 12:53:16,023,FBN1_016_716_80,0,0.0,15,1.0,0.1512,20.98
2026-06-14 13:03:19,023,FBN1_016_716_80,0,0.0,15,1.0,0.1512,20.97
2026-06-14 13:13:22,023,FBN1_016_716_80,0,0.0,15,1.0,0.1512,20.96
2026-06-14 13:23:26,023,FBN1_016_716_80,0,0.0,15,1.0,0.1512,20.94
2026-06-14 13:33:28,023,FBN1_016_716_80,0,0.0,15,1.0,0.1512,20.95
2026-06-14 13:43:31,023,FBN1_016_716_80,0,0.0,15,1.0,0.1512,20.94
2026-06-14 13:53:33,023,FBN1_016_716_80,0,0.0,15,1.0,0.1512,20.93
2026-06-14 14:03:36,023,FBN1_016_716_80,0,0.0,15,1.0,0.1512,20.93
2026-06-14 14:13:39,023,FBN1_016_716_80,0,0.0,15,1.0,0.1512,20.92
2026-06-14 14:23:44,023,FBN1_016_716_80,0,0.0,15,1.0,0.1512,20.94
2026-06-14 14:33:47,023,FBN1_016_716_80,0,0.0,15,1.0,0.1512,20.93
2026-06-14 14:43:50,023,FBN1_016_716_80,0,0.0,15,1.0,0.1548,20.92
2026-06-14 14:53:53,023,FBN1_016_716_80,0,0.0,15,1.0,0.1512,20.93
2026-06-14 15:03:56,023,FBN1_016_716_80,0,0.0,15,1.0,0.1512,20.92
2026-06-14 15:13:59,023,FBN1_016_716_80,1,0.002,14,0.998,0.1512,20.91
2026-06-14 15:24:03,023,FBN1_016_716_80,0,0.0,15,1.0,0.1512,20.91
2026-06-14 15:34:05,023,FBN1_016_716_80,8,0.013,14,0.986,0.144,20.94
2026-06-14 15:44:08,023,FBN1_016_716_80,42,0.07,11,0.913,0.1548,20.98
2026-06-14 15:54:11,023,FBN1_016_716_80,0,0.0,15,1.0,0.1548,20.99
2026-06-14 16:04:44,023,FBN1_016_716_80,0,0.0,15,1.0,0.1512,21.04
2026-06-14 16:14:47,023,FBN1_016_716_80,0,0.0,15,1.0,0.1512,21.01
2026-06-14 16:24:50,023,FBN1_016_716_80,0,0.0,15,1.0,0.1512,20.99
2026-06-14 16:34:53,023,FBN1_016_716_80,1,0.002,15,0.998,0.1512,20.98
2026-06-14 16:44:56,023,FBN1_016_716_80,0,0.0,15,1.0,0.1512,20.97
2026-06-14 16:55:00,023,FBN1_016_716_80,0,0.0,15,1.0,0.1512,20.95
2026-06-14 17:05:03,023,FBN1_016_716_80,0,0.0,15,1.0,0.1548,20.95
2026-06-14 17:15:06,023,FBN1_016_716_80,0,0.0,15,1.0,0.1476,20.97
2026-06-14 17:25:10,023,FBN1_016_716_80,11,0.018,14,0.981,0.144,21.01
2026-06-14 17:35:12,023,FBN1_016_716_80,0,0.0,15,1.0,0.1476,21.01
2026-06-14 17:45:15,023,FBN1_016_716_80,0,0.0,15,1.0,0.1512,21.0
2026-06-14 17:55:18,023,FBN1_016_716_80,1,0.002,14,0.998,0.1512,21.0
2026-06-14 18:05:21,023,FBN1_016_716_80,0,0.0,15,1.0,0.0,21.01
2026-06-14 18:15:25,023,FBN1_016_716_80,163,0.271,5,0.551,0.0,21.11
2026-06-14 18:25:27,023,FBN1_016_716_80,123,0.205,8,0.722,0.0,21.17
2026-06-14 18:35:30,023,FBN1_016_716_80,117,0.195,8,0.732,0.0,21.23
2026-06-14 18:45:33,023,FBN1_016_716_80,187,0.311,6,0.562,0.0,21.3
2026-06-14 18:55:36,023,FBN1_016_716_80,162,0.27,3,0.426,0.0,21.36
2026-06-14 19:05:38,023,FBN1_016_716_80,121,0.201,6,0.665,0.0,21.35
2026-06-14 19:15:41,023,FBN1_016_716_80,204,0.339,2,0.282,0.0,21.57
2026-06-14 19:25:45,023,FBN1_016_716_80,19,0.032,13,0.965,0.0,21.51
2026-06-14 19:35:47,023,FBN1_016_716_80,224,0.373,5,0.472,0.0,21.51
2026-06-14 19:45:51,023,FBN1_016_716_80,108,0.18,10,0.787,0.0,21.51
2026-06-14 19:55:53,023,FBN1_016_716_80,87,0.145,7,0.763,0.0,21.47
2026-06-14 20:06:30,023,FBN1_016_716_80,44,0.074,13,0.922,0.0,21.49
2026-06-14 20:16:33,023,FBN1_016_716_80,0,0.0,15,1.0,0.0,21.39
2026-06-14 20:26:35,023,FBN1_016_716_80,0,0.0,15,1.0,0.0,21.32
2026-06-14 20:36:38,023,FBN1_016_716_80,0,0.0,15,1.0,0.0,21.25
2026-06-14 20:46:41,023,FBN1_016_716_80,7,0.012,14,0.988,0.0,21.23
2026-06-14 20:56:44,023,FBN1_016_716_80,0,0.0,15,1.0,0.0,21.22
2026-06-14 21:06:48,023,FBN1_016_716_80,0,0.0,15,1.0,0.0,21.21
2026-06-14 21:16:50,023,FBN1_016_716_80,1,0.002,15,0.998,0.0,21.21
2026-06-14 21:26:54,023,FBN1_016_716_80,79,0.131,11,0.848,0.0,21.24
2026-06-14 21:36:57,023,FBN1_016_716_80,135,0.224,7,0.675,0.0,21.29
2026-06-14 21:47:00,023,FBN1_016_716_80,210,0.35,4,0.432,0.0,21.33
2026-06-14 21:57:03,023,FBN1_016_716_80,286,0.476,2,0.219,0.0,21.42
2026-06-14 22:07:06,023,FBN1_016_716_80,148,0.246,6,0.619,0.0,21.4
2026-06-14 22:17:09,023,FBN1_016_716_80,59,0.098,10,0.871,0.0,21.41
2026-06-14 22:27:12,023,FBN1_016_716_80,1,0.002,14,0.998,0.0,21.37
2026-06-14 22:37:14,023,FBN1_016_716_80,268,0.446,2,0.23,0.0,21.43
2026-06-14 22:47:18,023,FBN1_016_716_80,173,0.288,6,0.581,0.0,21.47
2026-06-14 22:57:21,023,FBN1_016_716_80,50,0.083,12,0.906,0.0,21.46
2026-06-14 23:07:25,023,FBN1_016_716_80,12,0.02,13,0.977,0.0,21.39
2026-06-14 23:17:27,023,FBN1_016_716_80,41,0.068,12,0.921,0.0,21.33
2026-06-14 23:27:30,023,FBN1_016_716_80,0,0.0,15,1.0,0.0,21.28
2026-06-14 23:37:33,023,FBN1_016_716_80,0,0.0,15,1.0,0.0,21.22
2026-06-14 23:47:36,023,FBN1_016_716_80,1,0.002,14,0.998,0.0,21.18
2026-06-14 23:57:40,023,FBN1_016_716_80,0,0.0,15,1.0,0.0,21.14
2026-06-13 00:00:40,020,FBN1_016_716_81,0,0.0,15,1.0,0.0,21.91
2026-06-13 00:10:43,020,FBN1_016_716_81,0,0.0,15,1.0,0.0,21.83
2026-06-13 00:20:47,020,FBN1_016_716_81,0,0.0,15,1.0,0.0,21.78
2026-06-13 00:30:50,020,FBN1_016_716_81,16,0.027,13,0.97,0.0,21.75
2026-06-13 00:40:53,020,FBN1_016_716_81,0,0.0,15,1.0,0.0,21.73
2026-06-13 00:50:57,020,FBN1_016_716_81,0,0.0,15,1.0,0.0,21.71
2026-06-13 01:01:00,020,FBN1_016_716_81,3,0.005,14,0.995,0.0,21.7
2026-06-13 01:11:03,020,FBN1_016_716_81,0,0.0,15,1.0,0.0,21.68
2026-06-13 01:21:06,020,FBN1_016_716_81,15,0.025,14,0.974,0.0,21.68
2026-06-13 01:31:09,020,FBN1_016_716_81,116,0.193,9,0.756,0.0,21.76
2026-06-13 01:41:12,020,FBN1_016_716_81,191,0.317,4,0.456,0.0,21.92
2026-06-13 01:51:16,020,FBN1_016_716_81,102,0.169,9,0.779,0.0,21.87
2026-06-13 02:01:19,020,FBN1_016_716_81,82,0.136,10,0.83,0.0,21.88
2026-06-13 02:11:22,020,FBN1_016_716_81,0,0.0,15,1.0,0.0,21.79
2026-06-13 02:21:25,020,FBN1_016_716_81,0,0.0,15,1.0,0.0,21.73
2026-06-13 02:31:28,020,FBN1_016_716_81,0,0.0,15,1.0,0.0,21.68
2026-06-13 02:41:32,020,FBN1_016_716_81,6,0.01,14,0.989,0.0,21.65
2026-06-13 02:51:35,020,FBN1_016_716_81,0,0.0,15,1.0,0.0,21.63
2026-06-13 03:01:39,020,FBN1_016_716_81,237,0.394,5,0.458,0.0,21.74
2026-06-13 03:11:42,020,FBN1_016_716_81,192,0.319,6,0.556,0.0,21.79
2026-06-13 03:21:45,020,FBN1_016_716_81,229,0.381,6,0.512,0.0,21.92
2026-06-13 03:31:48,020,FBN1_016_716_81,93,0.154,9,0.795,0.0,21.9
2026-06-13 03:42:13,020,FBN1_016_716_81,0,0.0,15,1.0,0.0,21.89
2026-06-13 03:52:17,020,FBN1_016_716_81,0,0.0,15,1.0,0.0,21.78
2026-06-13 04:02:20,020,FBN1_016_716_81,0,0.0,15,1.0,0.0,21.71
2026-06-13 04:12:23,020,FBN1_016_716_81,0,0.0,15,1.0,0.0,21.67
2026-06-13 04:22:26,020,FBN1_016_716_81,184,0.306,8,0.635,0.0,21.77
2026-06-13 04:32:30,020,FBN1_016_716_81,56,0.093,10,0.877,0.0,21.8
2026-06-13 04:42:33,020,FBN1_016_716_81,117,0.195,7,0.705,0.0,21.78
2026-06-13 04:52:36,020,FBN1_016_716_81,160,0.266,6,0.6,0.0,21.78
2026-06-13 05:02:40,020,FBN1_016_716_81,0,0.0,15,1.0,0.0,21.73
2026-06-13 05:12:43,020,FBN1_016_716_81,0,0.0,15,1.0,0.0,21.68
2026-06-13 05:22:45,020,FBN1_016_716_81,2,0.003,14,0.996,0.0,21.65
2026-06-13 05:32:49,020,FBN1_016_716_81,132,0.22,9,0.732,0.0,21.73
2026-06-13 05:42:52,020,FBN1_016_716_81,193,0.321,6,0.554,0.0,21.9
2026-06-13 05:52:55,020,FBN1_016_716_81,17,0.028,13,0.968,0.0,21.82
2026-06-13 06:02:58,020,FBN1_016_716_81,0,0.0,15,1.0,0.486,21.76
2026-06-13 06:13:01,020,FBN1_016_716_81,0,0.0,15,1.0,0.4608,21.72
2026-06-13 06:23:04,020,FBN1_016_716_81,0,0.0,15,1.0,0.4536,21.68
2026-06-13 06:33:07,020,FBN1_016_716_81,0,0.0,15,1.0,0.4536,21.64
2026-06-13 06:43:11,020,FBN1_016_716_81,0,0.0,15,1.0,0.4536,21.63
2026-06-13 06:53:14,020,FBN1_016_716_81,0,0.0,15,1.0,0.4536,21.63
2026-06-13 07:03:18,020,FBN1_016_716_81,0,0.0,15,1.0,0.4572,21.63
2026-06-13 07:13:22,020,FBN1_016_716_81,0,0.0,15,1.0,0.4392,21.62
2026-06-13 07:23:25,020,FBN1_016_716_81,0,0.0,15,1.0,0.4392,21.61
2026-06-13 07:33:28,020,FBN1_016_716_81,0,0.0,15,1.0,0.4392,21.59
2026-06-13 07:43:48,020,FBN1_016_716_81,0,0.0,15,1.0,0.45,21.62
2026-06-13 07:53:51,020,FBN1_016_716_81,9,0.015,14,0.984,0.3744,21.6
2026-06-13 08:03:54,020,FBN1_016_716_81,48,0.08,12,0.909,0.3528,21.62
2026-06-13 08:13:57,020,FBN1_016_716_81,2,0.003,15,0.997,0.3672,21.62
2026-06-13 08:24:00,020,FBN1_016_716_81,0,0.0,15,1.0,0.3672,21.58
2026-06-13 08:34:03,020,FBN1_016_716_81,0,0.0,15,1.0,0.3672,21.58
2026-06-13 08:44:06,020,FBN1_016_716_81,0,0.0,15,1.0,0.3672,21.56
2026-06-13 08:54:09,020,FBN1_016_716_81,0,0.0,15,1.0,0.3672,21.55
2026-06-13 09:04:12,020,FBN1_016_716_81,0,0.0,15,1.0,0.378,21.54
2026-06-13 09:14:15,020,FBN1_016_716_81,0,0.0,15,1.0,0.378,21.54
2026-06-13 09:24:18,020,FBN1_016_716_81,0,0.0,15,1.0,0.3672,21.54
2026-06-13 09:34:21,020,FBN1_016_716_81,0,0.0,15,1.0,0.3672,21.54
2026-06-13 09:44:24,020,FBN1_016_716_81,0,0.0,15,1.0,0.3996,21.53
2026-06-13 09:54:28,020,FBN1_016_716_81,0,0.0,15,1.0,0.3996,21.51
2026-06-13 10:04:31,020,FBN1_016_716_81,0,0.0,15,1.0,0.378,21.51
2026-06-13 10:14:34,020,FBN1_016_716_81,0,0.0,15,1.0,0.378,21.49
2026-06-13 10:24:38,020,FBN1_016_716_81,0,0.0,15,1.0,0.3744,21.48
2026-06-13 10:34:40,020,FBN1_016_716_81,18,0.03,13,0.967,0.2952,21.5
2026-06-13 10:44:43,020,FBN1_016_716_81,0,0.0,15,1.0,0.3204,21.51
2026-06-13 10:54:47,020,FBN1_016_716_81,0,0.0,15,1.0,0.3204,21.51
2026-06-13 11:04:49,020,FBN1_016_716_81,0,0.0,15,1.0,0.2952,21.49
2026-06-13 11:14:53,020,FBN1_016_716_81,0,0.0,15,1.0,0.3024,21.49
2026-06-13 11:24:56,020,FBN1_016_716_81,0,0.0,15,1.0,0.2952,21.5
2026-06-13 11:34:58,020,FBN1_016_716_81,0,0.0,15,1.0,0.3204,21.48
2026-06-13 11:45:27,020,FBN1_016_716_81,0,0.0,15,1.0,0.3168,21.52
2026-06-13 11:55:31,020,FBN1_016_716_81,0,0.0,15,1.0,0.3168,21.48
2026-06-13 12:05:34,020,FBN1_016_716_81,0,0.0,15,1.0,0.3024,21.42
2026-06-13 12:15:38,020,FBN1_016_716_81,24,0.04,13,0.956,0.3024,21.41
2026-06-13 12:25:41,020,FBN1_016_716_81,0,0.0,15,1.0,0.3096,21.37
2026-06-13 12:35:44,020,FBN1_016_716_81,0,0.0,15,1.0,0.3096,21.35
2026-06-13 12:45:47,020,FBN1_016_716_81,0,0.0,15,1.0,0.3096,21.35
2026-06-13 12:55:50,020,FBN1_016_716_81,0,0.0,15,1.0,0.3096,21.36
2026-06-13 13:05:54,020,FBN1_016_716_81,0,0.0,15,1.0,0.3132,21.37
2026-06-13 13:15:56,020,FBN1_016_716_81,0,0.0,15,1.0,0.3096,21.39
2026-06-13 13:25:59,020,FBN1_016_716_81,0,0.0,15,1.0,0.3024,21.38
2026-06-13 13:36:03,020,FBN1_016_716_81,13,0.022,14,0.977,0.306,21.42
2026-06-13 13:46:05,020,FBN1_016_716_81,19,0.032,13,0.965,0.2952,21.43
2026-06-13 13:56:08,020,FBN1_016_716_81,0,0.0,15,1.0,0.3024,21.43
2026-06-13 14:06:11,020,FBN1_016_716_81,0,0.0,15,1.0,0.3024,21.42
2026-06-13 14:16:14,020,FBN1_016_716_81,0,0.0,15,1.0,0.3024,21.4
2026-06-13 14:26:17,020,FBN1_016_716_81,0,0.0,15,1.0,0.3024,21.37
2026-06-13 14:36:21,020,FBN1_016_716_81,0,0.0,15,1.0,0.3024,21.36
2026-06-13 14:46:24,020,FBN1_016_716_81,0,0.0,15,1.0,0.3024,21.37
2026-06-13 14:56:27,020,FBN1_016_716_81,0,0.0,15,1.0,0.3024,21.38
2026-06-13 15:06:30,020,FBN1_016_716_81,0,0.0,15,1.0,0.3024,21.38
2026-06-13 15:16:34,020,FBN1_016_716_81,0,0.0,15,1.0,0.3024,21.38
2026-06-13 15:26:37,020,FBN1_016_716_81,0,0.0,15,1.0,0.2952,21.39
2026-06-13 15:36:40,020,FBN1_016_716_81,0,0.0,15,1.0,0.306,21.4
2026-06-13 15:47:12,020,FBN1_016_716_81,1,0.002,14,0.998,0.2952,21.46
2026-06-13 15:57:15,020,FBN1_016_716_81,0,0.0,15,1.0,0.3024,21.41
2026-06-13 16:07:18,020,FBN1_016_716_81,0,0.0,15,1.0,0.3096,21.39
2026-06-13 16:17:21,020,FBN1_016_716_81,1,0.002,14,0.998,0.306,21.37
2026-06-13 16:27:24,020,FBN1_016_716_81,0,0.0,15,1.0,0.3312,21.38
2026-06-13 16:37:28,020,FBN1_016_716_81,51,0.085,10,0.887,0.3528,21.43
2026-06-13 16:47:31,020,FBN1_016_716_81,0,0.0,15,1.0,0.3564,21.47
2026-06-13 16:57:34,020,FBN1_016_716_81,0,0.0,15,1.0,0.3636,21.48
2026-06-13 17:07:37,020,FBN1_016_716_81,0,0.0,15,1.0,0.3672,21.49
2026-06-13 17:17:41,020,FBN1_016_716_81,0,0.0,15,1.0,0.3708,21.48
2026-06-13 17:27:44,020,FBN1_016_716_81,0,0.0,15,1.0,0.3924,21.48
2026-06-13 17:37:47,020,FBN1_016_716_81,0,0.0,15,1.0,0.3924,21.48
2026-06-13 17:47:50,020,FBN1_016_716_81,36,0.06,11,0.924,0.4536,21.51
2026-06-13 17:57:54,020,FBN1_016_716_81,0,0.0,15,1.0,0.4536,21.5
2026-06-13 18:07:57,020,FBN1_016_716_81,26,0.043,13,0.952,0.0,21.53
2026-06-13 18:18:00,020,FBN1_016_716_81,324,0.538,0,0.0,0.0,21.63
2026-06-13 18:28:03,020,FBN1_016_716_81,66,0.11,8,0.829,0.0,21.65
2026-06-13 18:38:06,020,FBN1_016_716_81,132,0.219,8,0.708,0.0,21.7
2026-06-13 18:48:09,020,FBN1_016_716_81,259,0.431,5,0.436,0.0,21.83
2026-06-13 18:58:13,020,FBN1_016_716_81,78,0.13,8,0.804,0.0,21.78
2026-06-13 19:08:16,020,FBN1_016_716_81,187,0.311,4,0.461,0.0,21.86
2026-06-13 19:18:19,020,FBN1_016_716_81,97,0.161,10,0.805,0.0,21.82
2026-06-13 19:28:23,020,FBN1_016_716_81,7,0.012,13,0.987,0.0,21.77
2026-06-13 19:38:26,020,FBN1_016_716_81,0,0.0,15,1.0,0.0,21.72
2026-06-13 19:49:26,020,FBN1_016_716_81,0,0.0,15,1.0,0.0,21.82
2026-06-13 19:59:30,020,FBN1_016_716_81,133,0.221,8,0.706,0.0,21.82
2026-06-13 20:09:33,020,FBN1_016_716_81,95,0.158,11,0.822,0.0,21.83
2026-06-13 20:19:36,020,FBN1_016_716_81,205,0.341,6,0.539,0.0,21.83
2026-06-13 20:29:39,020,FBN1_016_716_81,21,0.035,13,0.961,0.0,21.78
2026-06-13 20:39:42,020,FBN1_016_716_81,65,0.108,12,0.881,0.0,21.75
2026-06-13 20:49:45,020,FBN1_016_716_81,1,0.002,14,0.998,0.0,21.71
2026-06-13 20:59:48,020,FBN1_016_716_81,6,0.01,14,0.989,0.0,21.68
2026-06-13 21:09:51,020,FBN1_016_716_81,14,0.023,12,0.972,0.0,21.66
2026-06-13 21:19:54,020,FBN1_016_716_81,211,0.351,4,0.431,0.0,21.75
2026-06-13 21:29:57,020,FBN1_016_716_81,48,0.08,10,0.893,0.0,21.73
2026-06-13 21:40:00,020,FBN1_016_716_81,183,0.304,9,0.663,0.0,21.87
2026-06-13 21:50:03,020,FBN1_016_716_81,235,0.391,3,0.338,0.0,21.95
2026-06-13 22:00:06,020,FBN1_016_716_81,16,0.027,14,0.972,0.0,21.85
2026-06-13 22:10:09,020,FBN1_016_716_81,125,0.208,9,0.742,0.0,21.9
2026-06-13 22:20:13,020,FBN1_016_716_81,153,0.255,5,0.567,0.0,21.87
2026-06-13 22:30:16,020,FBN1_016_716_81,199,0.331,5,0.501,0.0,21.91
2026-06-13 22:40:19,020,FBN1_016_716_81,75,0.125,8,0.81,0.0,21.82
2026-06-13 22:50:22,020,FBN1_016_716_81,7,0.012,14,0.988,0.0,21.72
2026-06-13 23:00:25,020,FBN1_016_716_81,0,0.0,15,1.0,0.0,21.66
2026-06-13 23:10:29,020,FBN1_016_716_81,0,0.0,15,1.0,0.0,21.6
2026-06-13 23:20:32,020,FBN1_016_716_81,0,0.0,15,1.0,0.0,21.56
2026-06-13 23:30:35,020,FBN1_016_716_81,0,0.0,15,1.0,0.0,21.53
2026-06-13 23:40:39,020,FBN1_016_716_81,76,0.126,11,0.853,0.0,21.53
2026-06-13 23:51:11,020,FBN1_016_716_81,240,0.401,4,0.4,0.0,21.82
2026-06-14 00:01:14,020,FBN1_016_716_81,22,0.037,13,0.959,0.0,21.76
2026-06-14 00:11:17,020,FBN1_016_716_81,22,0.037,12,0.956,0.0,21.71
2026-06-14 00:21:21,020,FBN1_016_716_81,0,0.0,15,1.0,0.0,21.66
2026-06-14 00:31:24,020,FBN1_016_716_81,0,0.0,15,1.0,0.0,21.62
2026-06-14 00:41:26,020,FBN1_016_716_81,0,0.0,15,1.0,0.0,21.58
2026-06-14 00:51:30,020,FBN1_016_716_81,0,0.0,15,1.0,0.0,21.55
2026-06-14 01:01:33,020,FBN1_016_716_81,0,0.0,15,1.0,0.0,21.52
2026-06-14 01:11:36,020,FBN1_016_716_81,9,0.015,14,0.984,0.0,21.52
2026-06-14 01:21:39,020,FBN1_016_716_81,59,0.098,9,0.859,0.0,21.53
2026-06-14 01:31:43,020,FBN1_016_716_81,77,0.128,10,0.839,0.0,21.61
2026-06-14 01:41:46,020,FBN1_016_716_81,9,0.015,13,0.983,0.0,21.6
2026-06-14 01:51:49,020,FBN1_016_716_81,0,0.0,15,1.0,0.0,21.56
2026-06-14 02:01:52,020,FBN1_016_716_81,0,0.0,15,1.0,0.0,21.53
2026-06-14 02:11:55,020,FBN1_016_716_81,0,0.0,15,1.0,0.0,21.49
2026-06-14 02:21:58,020,FBN1_016_716_81,0,0.0,15,1.0,0.0,21.46
2026-06-14 02:32:01,020,FBN1_016_716_81,0,0.0,15,1.0,0.0,21.45
2026-06-14 02:42:04,020,FBN1_016_716_81,86,0.143,9,0.807,0.0,21.48
2026-06-14 02:52:07,020,FBN1_016_716_81,318,0.529,0,0.0,0.0,21.83
2026-06-14 03:02:10,020,FBN1_016_716_81,34,0.056,11,0.928,0.0,21.78
2026-06-14 03:12:13,020,FBN1_016_716_81,49,0.082,9,0.88,0.0,21.72
2026-06-14 03:22:16,020,FBN1_016_716_81,156,0.259,5,0.562,0.0,21.79
2026-06-14 03:32:20,020,FBN1_016_716_81,40,0.066,10,0.909,0.0,21.7
2026-06-14 03:42:23,020,FBN1_016_716_81,0,0.0,15,1.0,0.0,21.61
2026-06-14 03:53:30,020,FBN1_016_716_81,0,0.0,15,1.0,0.0,21.67
2026-06-14 04:03:34,020,FBN1_016_716_81,0,0.0,15,1.0,0.0,21.56
2026-06-14 04:13:37,020,FBN1_016_716_81,3,0.005,13,0.994,0.0,21.51
2026-06-14 04:23:40,020,FBN1_016_716_81,0,0.0,15,1.0,0.0,21.48
2026-06-14 04:33:43,020,FBN1_016_716_81,18,0.03,13,0.967,0.0,21.48
2026-06-14 04:43:46,020,FBN1_016_716_81,85,0.141,11,0.838,0.0,21.48
2026-06-14 04:53:49,020,FBN1_016_716_81,74,0.123,9,0.829,0.0,21.52
2026-06-14 05:03:52,020,FBN1_016_716_81,121,0.201,7,0.698,0.0,21.6
2026-06-14 05:13:55,020,FBN1_016_716_81,152,0.253,8,0.678,0.0,21.7
2026-06-14 05:23:59,020,FBN1_016_716_81,28,0.047,12,0.945,0.0,21.67
2026-06-14 05:34:02,020,FBN1_016_716_81,0,0.0,15,1.0,0.0,21.6
2026-06-14 05:44:05,020,FBN1_016_716_81,0,0.0,15,1.0,0.0,21.55
2026-06-14 05:54:08,020,FBN1_016_716_81,6,0.01,14,0.989,0.0,21.49
2026-06-14 06:04:11,020,FBN1_016_716_81,0,0.0,15,1.0,0.3096,21.45
2026-06-14 06:14:14,020,FBN1_016_716_81,0,0.0,15,1.0,0.3204,21.42
2026-06-14 06:24:17,020,FBN1_016_716_81,0,0.0,15,1.0,0.3168,21.4
2026-06-14 06:34:20,020,FBN1_016_716_81,0,0.0,15,1.0,0.3168,21.38
2026-06-14 06:44:24,020,FBN1_016_716_81,0,0.0,15,1.0,0.3168,21.38
2026-06-14 06:54:27,020,FBN1_016_716_81,0,0.0,15,1.0,0.3204,21.38
2026-06-14 07:04:30,020,FBN1_016_716_81,0,0.0,15,1.0,0.3168,21.37
2026-06-14 07:14:34,020,FBN1_016_716_81,0,0.0,15,1.0,0.3168,21.36
2026-06-14 07:24:37,020,FBN1_016_716_81,0,0.0,15,1.0,0.3168,21.34
2026-06-14 07:34:41,020,FBN1_016_716_81,0,0.0,15,1.0,0.3132,21.33
2026-06-14 07:44:44,020,FBN1_016_716_81,0,0.0,15,1.0,0.3096,21.33
2026-06-14 07:55:02,020,FBN1_016_716_81,13,0.022,13,0.976,0.2916,21.37
2026-06-14 08:05:05,020,FBN1_016_716_81,17,0.028,12,0.966,0.3204,21.39
2026-06-14 08:15:08,020,FBN1_016_716_81,0,0.0,15,1.0,0.3204,21.39
2026-06-14 08:25:11,020,FBN1_016_716_81,0,0.0,15,1.0,0.3096,21.38
2026-06-14 08:35:13,020,FBN1_016_716_81,0,0.0,15,1.0,0.3132,21.35
2026-06-14 08:45:16,020,FBN1_016_716_81,0,0.0,15,1.0,0.3132,21.33
2026-06-14 08:55:19,020,FBN1_016_716_81,0,0.0,15,1.0,0.3132,21.32
2026-06-14 09:05:22,020,FBN1_016_716_81,0,0.0,15,1.0,0.3168,21.3
2026-06-14 09:15:26,020,FBN1_016_716_81,0,0.0,15,1.0,0.3204,21.3
2026-06-14 09:25:29,020,FBN1_016_716_81,0,0.0,15,1.0,0.3096,21.3
2026-06-14 09:35:32,020,FBN1_016_716_81,0,0.0,15,1.0,0.3276,21.3
2026-06-14 09:45:35,020,FBN1_016_716_81,0,0.0,15,1.0,0.3312,21.29
2026-06-14 09:55:38,020,FBN1_016_716_81,0,0.0,15,1.0,0.3312,21.28
2026-06-14 10:05:41,020,FBN1_016_716_81,0,0.0,15,1.0,0.3204,21.28
2026-06-14 10:15:44,020,FBN1_016_716_81,0,0.0,15,1.0,0.3204,21.29
2026-06-14 10:25:48,020,FBN1_016_716_81,0,0.0,15,1.0,0.3204,21.28
2026-06-14 10:35:51,020,FBN1_016_716_81,0,0.0,15,1.0,0.3132,21.32
2026-06-14 10:45:54,020,FBN1_016_716_81,0,0.0,15,1.0,0.3096,21.32
2026-06-14 10:55:57,020,FBN1_016_716_81,0,0.0,15,1.0,0.3096,21.33
2026-06-14 11:06:00,020,FBN1_016_716_81,0,0.0,15,1.0,0.3096,21.35
2026-06-14 11:16:03,020,FBN1_016_716_81,0,0.0,15,1.0,0.3132,21.36
2026-06-14 11:26:07,020,FBN1_016_716_81,0,0.0,15,1.0,0.3096,21.36
2026-06-14 11:36:10,020,FBN1_016_716_81,0,0.0,15,1.0,0.3348,21.35
2026-06-14 11:46:13,020,FBN1_016_716_81,0,0.0,15,1.0,0.3312,21.35
2026-06-14 11:56:37,020,FBN1_016_716_81,23,0.038,12,0.954,0.3096,21.42
2026-06-14 12:06:40,020,FBN1_016_716_81,0,0.0,15,1.0,0.3204,21.41
2026-06-14 12:16:42,020,FBN1_016_716_81,0,0.0,15,1.0,0.3168,21.39
2026-06-14 12:26:46,020,FBN1_016_716_81,0,0.0,15,1.0,0.3204,21.38
2026-06-14 12:36:48,020,FBN1_016_716_81,0,0.0,15,1.0,0.324,21.37
2026-06-14 12:46:52,020,FBN1_016_716_81,0,0.0,15,1.0,0.324,21.38
2026-06-14 12:56:55,020,FBN1_016_716_81,0,0.0,15,1.0,0.324,21.37
2026-06-14 13:06:58,020,FBN1_016_716_81,0,0.0,15,1.0,0.3168,21.37
2026-06-14 13:17:02,020,FBN1_016_716_81,0,0.0,15,1.0,0.3168,21.35
2026-06-14 13:27:05,020,FBN1_016_716_81,0,0.0,15,1.0,0.3024,21.38
2026-06-14 13:37:08,020,FBN1_016_716_81,0,0.0,15,1.0,0.324,21.41
2026-06-14 13:47:12,020,FBN1_016_716_81,0,0.0,15,1.0,0.324,21.42
2026-06-14 13:57:15,020,FBN1_016_716_81,0,0.0,15,1.0,0.3168,21.42
2026-06-14 14:07:18,020,FBN1_016_716_81,0,0.0,15,1.0,0.3204,21.41
2026-06-14 14:17:21,020,FBN1_016_716_81,0,0.0,15,1.0,0.3204,21.39
2026-06-14 14:27:24,020,FBN1_016_716_81,0,0.0,15,1.0,0.3276,21.39
2026-06-14 14:37:28,020,FBN1_016_716_81,0,0.0,15,1.0,0.3096,21.37
2026-06-14 14:47:31,020,FBN1_016_716_81,0,0.0,15,1.0,0.3168,21.38
2026-06-14 14:57:34,020,FBN1_016_716_81,0,0.0,15,1.0,0.3168,21.38
2026-06-14 15:07:37,020,FBN1_016_716_81,0,0.0,15,1.0,0.3168,21.38
2026-06-14 15:17:40,020,FBN1_016_716_81,0,0.0,15,1.0,0.3168,21.39
2026-06-14 15:27:44,020,FBN1_016_716_81,0,0.0,15,1.0,0.3096,21.39
2026-06-14 15:37:47,020,FBN1_016_716_81,0,0.0,15,1.0,0.288,21.4
2026-06-14 15:47:49,020,FBN1_016_716_81,16,0.027,14,0.972,0.3096,21.43
2026-06-14 15:58:15,020,FBN1_016_716_81,0,0.0,15,1.0,0.3132,21.45
2026-06-14 16:08:18,020,FBN1_016_716_81,0,0.0,15,1.0,0.3096,21.42
2026-06-14 16:18:21,020,FBN1_016_716_81,0,0.0,15,1.0,0.3168,21.4
2026-06-14 16:28:25,020,FBN1_016_716_81,0,0.0,15,1.0,0.3168,21.39
2026-06-14 16:38:29,020,FBN1_016_716_81,0,0.0,15,1.0,0.3168,21.4
2026-06-14 16:48:32,020,FBN1_016_716_81,0,0.0,15,1.0,0.2988,21.41
2026-06-14 16:58:35,020,FBN1_016_716_81,33,0.055,13,0.94,0.3096,21.48
2026-06-14 17:08:39,020,FBN1_016_716_81,0,0.0,15,1.0,0.3132,21.49
2026-06-14 17:18:42,020,FBN1_016_716_81,0,0.0,15,1.0,0.3096,21.48
2026-06-14 17:28:45,020,FBN1_016_716_81,0,0.0,15,1.0,0.3096,21.47
2026-06-14 17:38:49,020,FBN1_016_716_81,0,0.0,15,1.0,0.3096,21.45
2026-06-14 17:48:51,020,FBN1_016_716_81,0,0.0,15,1.0,0.3132,21.44
2026-06-14 17:58:54,020,FBN1_016_716_81,7,0.012,14,0.988,0.288,21.47
2026-06-14 18:08:57,020,FBN1_016_716_81,143,0.238,6,0.627,0.0,21.59
2026-06-14 18:19:01,020,FBN1_016_716_81,1,0.002,14,0.998,0.0,21.6
2026-06-14 18:29:04,020,FBN1_016_716_81,27,0.045,13,0.951,0.0,21.61
2026-06-14 18:39:07,020,FBN1_016_716_81,0,0.0,15,1.0,0.0,21.6
2026-06-14 18:49:10,020,FBN1_016_716_81,100,0.166,10,0.8,0.0,21.64
2026-06-14 18:59:14,020,FBN1_016_716_81,215,0.358,6,0.527,0.0,21.84
2026-06-14 19:09:17,020,FBN1_016_716_81,2,0.003,14,0.996,0.0,21.81
2026-06-14 19:19:21,020,FBN1_016_716_81,139,0.231,6,0.633,0.0,21.85
2026-06-14 19:29:24,020,FBN1_016_716_81,137,0.228,8,0.7,0.0,21.93
2026-06-14 19:39:28,020,FBN1_016_716_81,99,0.164,9,0.784,0.0,21.9
2026-06-14 19:49:31,020,FBN1_016_716_81,19,0.032,14,0.967,0.0,21.86
2026-06-14 19:59:57,020,FBN1_016_716_81,12,0.02,13,0.977,0.0,21.85
2026-06-14 20:10:01,020,FBN1_016_716_81,8,0.013,14,0.986,0.0,21.79
2026-06-14 20:20:04,020,FBN1_016_716_81,0,0.0,15,1.0,0.0,21.74
2026-06-14 20:30:08,020,FBN1_016_716_81,36,0.06,13,0.935,0.0,21.75
2026-06-14 20:40:12,020,FBN1_016_716_81,27,0.045,13,0.951,0.0,21.73
2026-06-14 20:50:15,020,FBN1_016_716_81,0,0.0,15,1.0,0.0,21.7
2026-06-14 21:00:19,020,FBN1_016_716_81,245,0.408,4,0.395,0.0,21.83
2026-06-14 21:10:22,020,FBN1_016_716_81,137,0.228,9,0.724,0.0,21.9
2026-06-14 21:20:25,020,FBN1_016_716_81,13,0.022,14,0.977,0.0,21.86
2026-06-14 21:30:29,020,FBN1_016_716_81,68,0.113,10,0.855,0.0,21.88
2026-06-14 21:40:32,020,FBN1_016_716_81,14,0.023,13,0.974,0.0,21.82
2026-06-14 21:50:35,020,FBN1_016_716_81,0,0.0,15,1.0,0.0,21.78
2026-06-14 22:00:38,020,FBN1_016_716_81,0,0.0,15,1.0,0.0,21.73
2026-06-14 22:10:41,020,FBN1_016_716_81,0,0.0,15,1.0,0.0,21.69
2026-06-14 22:20:44,020,FBN1_016_716_81,0,0.0,15,1.0,0.0,21.68
2026-06-14 22:30:47,020,FBN1_016_716_81,0,0.0,15,1.0,0.0,21.66
2026-06-14 22:40:51,020,FBN1_016_716_81,191,0.318,6,0.557,0.0,21.77
2026-06-14 22:50:54,020,FBN1_016_716_81,177,0.294,2,0.311,0.0,21.95
2026-06-14 23:00:57,020,FBN1_016_716_81,216,0.359,5,0.481,0.0,22.05
2026-06-14 23:10:59,020,FBN1_016_716_81,440,0.733,0,0.0,0.0,22.24
2026-06-14 23:21:03,020,FBN1_016_716_81,155,0.258,7,0.644,0.0,22.27
2026-06-14 23:31:06,020,FBN1_016_716_81,92,0.153,7,0.753,0.0,22.16
2026-06-14 23:41:09,020,FBN1_016_716_81,47,0.078,11,0.903,0.0,22.06
2026-06-14 23:51:12,020,FBN1_016_716_81,76,0.126,9,0.826,0.0,21.97
2026-06-13 00:05:59,031,FBN1_016_716_82,280,0.466,3,0.3,0.0,21.71
2026-06-13 00:16:02,031,FBN1_016_716_82,265,0.44,3,0.312,0.0,21.84
2026-06-13 00:26:05,031,FBN1_016_716_82,270,0.449,0,0.0,0.0,21.79
2026-06-13 00:36:08,031,FBN1_016_716_82,262,0.437,2,0.234,0.0,21.83
2026-06-13 00:46:11,031,FBN1_016_716_82,247,0.411,5,0.447,0.0,21.89
2026-06-13 00:56:14,031,FBN1_016_716_82,194,0.323,6,0.553,0.0,21.83
2026-06-13 01:06:16,031,FBN1_016_716_82,271,0.451,3,0.307,0.0,21.85
2026-06-13 01:16:19,031,FBN1_016_716_82,154,0.257,4,0.51,0.0,21.8
2026-06-13 01:26:22,031,FBN1_016_716_82,262,0.436,0,0.0,0.0,21.78
2026-06-13 01:36:25,031,FBN1_016_716_82,0,0.0,15,1.0,0.0,21.73
2026-06-13 01:46:28,031,FBN1_016_716_82,4,0.007,14,0.993,0.0,21.69
2026-06-13 01:56:31,031,FBN1_016_716_82,3,0.005,14,0.995,0.0,21.61
2026-06-13 02:06:34,031,FBN1_016_716_82,4,0.007,14,0.993,0.0,21.57
2026-06-13 02:16:37,031,FBN1_016_716_82,21,0.035,11,0.954,0.0,21.54
2026-06-13 02:26:40,031,FBN1_016_716_82,0,0.0,15,1.0,0.0,21.51
2026-06-13 02:36:43,031,FBN1_016_716_82,50,0.083,10,0.889,0.0,21.5
2026-06-13 02:46:46,031,FBN1_016_716_82,182,0.302,5,0.524,0.0,21.54
2026-06-13 02:56:49,031,FBN1_016_716_82,264,0.439,1,0.132,0.0,21.7
2026-06-13 03:06:52,031,FBN1_016_716_82,230,0.383,6,0.511,0.0,21.75
2026-06-13 03:16:56,031,FBN1_016_716_82,157,0.261,6,0.605,0.0,21.72
2026-06-13 03:26:59,031,FBN1_016_716_82,179,0.298,6,0.573,0.0,21.7
2026-06-13 03:37:02,031,FBN1_016_716_82,345,0.574,0,0.0,0.0,21.72
2026-06-13 03:47:20,031,FBN1_016_716_82,9,0.015,13,0.983,0.0,21.73
2026-06-13 03:57:23,031,FBN1_016_716_82,2,0.003,14,0.996,0.0,21.69
2026-06-13 04:07:27,031,FBN1_016_716_82,16,0.027,12,0.968,0.0,21.64
2026-06-13 04:17:29,031,FBN1_016_716_82,20,0.033,14,0.966,0.0,21.61
2026-06-13 04:27:33,031,FBN1_016_716_82,54,0.09,12,0.899,0.0,21.6
2026-06-13 04:37:36,031,FBN1_016_716_82,196,0.326,3,0.38,0.0,21.64
2026-06-13 04:47:39,031,FBN1_016_716_82,143,0.238,8,0.691,0.0,21.65
2026-06-13 04:57:42,031,FBN1_016_716_82,143,0.238,8,0.691,0.0,21.62
2026-06-13 05:07:44,031,FBN1_016_716_82,169,0.281,7,0.624,0.0,21.62
2026-06-13 05:17:47,031,FBN1_016_716_82,219,0.364,3,0.354,0.0,21.66
2026-06-13 05:27:50,031,FBN1_016_716_82,196,0.326,3,0.38,0.0,21.62
2026-06-13 05:37:53,031,FBN1_016_716_82,72,0.12,7,0.795,0.0,21.61
2026-06-13 05:47:56,031,FBN1_016_716_82,0,0.0,15,1.0,0.0,21.58
2026-06-13 05:57:59,031,FBN1_016_716_82,5,0.008,14,0.991,0.0,21.56
2026-06-13 06:08:02,031,FBN1_016_716_82,2,0.003,14,0.996,0.2124,21.53
2026-06-13 06:18:05,031,FBN1_016_716_82,1,0.002,15,0.998,0.2016,21.5
2026-06-13 06:28:08,031,FBN1_016_716_82,6,0.01,14,0.989,0.2052,21.46
2026-06-13 06:38:11,031,FBN1_016_716_82,2,0.003,15,0.997,0.2052,21.44
2026-06-13 06:48:14,031,FBN1_016_716_82,126,0.209,6,0.656,0.198,21.44
2026-06-13 06:58:17,031,FBN1_016_716_82,128,0.213,6,0.652,0.2088,21.48
2026-06-13 07:08:20,031,FBN1_016_716_82,157,0.261,4,0.505,0.1728,21.47
2026-06-13 07:18:23,031,FBN1_016_716_82,16,0.027,13,0.97,0.1656,21.47
2026-06-13 07:28:26,031,FBN1_016_716_82,3,0.005,14,0.995,0.1656,21.43
2026-06-13 07:38:29,031,FBN1_016_716_82,0,0.0,15,1.0,0.1656,21.41
2026-06-13 07:48:46,031,FBN1_016_716_82,2,0.003,14,0.996,0.1728,21.41
2026-06-13 07:58:49,031,FBN1_016_716_82,8,0.013,13,0.985,0.1656,21.4
2026-06-13 08:08:51,031,FBN1_016_716_82,7,0.012,14,0.988,0.1656,21.39
2026-06-13 08:18:54,031,FBN1_016_716_82,6,0.01,14,0.989,0.1656,21.37
2026-06-13 08:28:57,031,FBN1_016_716_82,3,0.005,14,0.995,0.1656,21.37
2026-06-13 08:39:00,031,FBN1_016_716_82,6,0.01,13,0.989,0.1728,21.36
2026-06-13 08:49:02,031,FBN1_016_716_82,14,0.023,14,0.976,0.1728,21.36
2026-06-13 08:59:05,031,FBN1_016_716_82,1,0.002,14,0.998,0.1728,21.36
2026-06-13 09:09:08,031,FBN1_016_716_82,10,0.017,13,0.981,0.1728,21.36
2026-06-13 09:19:11,031,FBN1_016_716_82,83,0.138,10,0.828,0.1656,21.37
2026-06-13 09:29:14,031,FBN1_016_716_82,225,0.374,0,0.0,0.1656,21.4
2026-06-13 09:39:17,031,FBN1_016_716_82,15,0.025,11,0.967,0.1728,21.41
2026-06-13 09:49:19,031,FBN1_016_716_82,13,0.022,12,0.974,0.1908,21.4
2026-06-13 09:59:22,031,FBN1_016_716_82,2,0.003,13,0.996,0.1908,21.39
2026-06-13 10:09:25,031,FBN1_016_716_82,18,0.03,12,0.964,0.1764,21.37
2026-06-13 10:19:28,031,FBN1_016_716_82,2,0.003,14,0.996,0.1764,21.37
2026-06-13 10:29:31,031,FBN1_016_716_82,6,0.01,13,0.989,0.1764,21.37
2026-06-13 10:39:34,031,FBN1_016_716_82,14,0.023,13,0.974,0.18,21.37
2026-06-13 10:49:37,031,FBN1_016_716_82,0,0.0,15,1.0,0.1908,21.36
2026-06-13 10:59:40,031,FBN1_016_716_82,76,0.126,6,0.759,0.1656,21.35
2026-06-13 11:09:43,031,FBN1_016_716_82,102,0.17,5,0.662,0.1728,21.38
2026-06-13 11:19:46,031,FBN1_016_716_82,228,0.379,4,0.412,0.1764,21.41
2026-06-13 11:29:49,031,FBN1_016_716_82,5,0.008,14,0.991,0.1872,21.39
2026-06-13 11:39:52,031,FBN1_016_716_82,1,0.002,15,0.998,0.1908,21.36
2026-06-13 11:50:12,031,FBN1_016_716_82,6,0.01,13,0.989,0.1908,21.37
2026-06-13 12:00:16,031,FBN1_016_716_82,3,0.005,14,0.995,0.1764,21.33
2026-06-13 12:10:18,031,FBN1_016_716_82,3,0.005,13,0.994,0.1836,21.28
2026-06-13 12:20:21,031,FBN1_016_716_82,0,0.0,15,1.0,0.1836,21.24
2026-06-13 12:30:23,031,FBN1_016_716_82,3,0.005,14,0.995,0.18,21.21
2026-06-13 12:40:26,031,FBN1_016_716_82,0,0.0,15,1.0,0.18,21.2
2026-06-13 12:50:29,031,FBN1_016_716_82,8,0.013,12,0.984,0.18,21.22
2026-06-13 13:00:32,031,FBN1_016_716_82,0,0.0,15,1.0,0.18,21.21
2026-06-13 13:10:34,031,FBN1_016_716_82,0,0.0,15,1.0,0.18,21.21
2026-06-13 13:20:37,031,FBN1_016_716_82,3,0.005,14,0.995,0.18,21.21
2026-06-13 13:30:40,031,FBN1_016_716_82,0,0.0,15,1.0,0.1836,21.23
2026-06-13 13:40:43,031,FBN1_016_716_82,39,0.065,10,0.911,0.1764,21.25
2026-06-13 13:50:47,031,FBN1_016_716_82,124,0.206,8,0.721,0.1728,21.32
2026-06-13 14:00:50,031,FBN1_016_716_82,121,0.201,7,0.698,0.1584,21.35
2026-06-13 14:10:52,031,FBN1_016_716_82,3,0.005,14,0.995,0.162,21.32
2026-06-13 14:20:55,031,FBN1_016_716_82,0,0.0,15,1.0,0.1584,21.3
2026-06-13 14:30:58,031,FBN1_016_716_82,0,0.0,15,1.0,0.162,21.27
2026-06-13 14:41:01,031,FBN1_016_716_82,0,0.0,15,1.0,0.1692,21.25
2026-06-13 14:51:04,031,FBN1_016_716_82,5,0.008,14,0.991,0.162,21.24
2026-06-13 15:01:07,031,FBN1_016_716_82,0,0.0,15,1.0,0.1692,21.23
2026-06-13 15:11:10,031,FBN1_016_716_82,4,0.007,14,0.993,0.1584,21.23
2026-06-13 15:21:13,031,FBN1_016_716_82,1,0.002,14,0.998,0.162,21.22
2026-06-13 15:31:15,031,FBN1_016_716_82,23,0.038,10,0.946,0.1476,21.26
2026-06-13 15:41:18,031,FBN1_016_716_82,165,0.274,1,0.195,0.1656,21.3
2026-06-13 15:51:39,031,FBN1_016_716_82,12,0.02,14,0.979,0.1728,21.34
2026-06-13 16:01:42,031,FBN1_016_716_82,0,0.0,15,1.0,0.1728,21.31
2026-06-13 16:11:44,031,FBN1_016_716_82,12,0.02,13,0.977,0.1728,21.3
2026-06-13 16:21:48,031,FBN1_016_716_82,9,0.015,12,0.982,0.1728,21.26
2026-06-13 16:31:51,031,FBN1_016_716_82,10,0.017,13,0.981,0.1728,21.26
2026-06-13 16:41:54,031,FBN1_016_716_82,27,0.045,9,0.93,0.1728,21.27
2026-06-13 16:51:56,031,FBN1_016_716_82,48,0.08,9,0.882,0.1728,21.29
2026-06-13 17:01:59,031,FBN1_016_716_82,105,0.175,9,0.774,0.1728,21.31
2026-06-13 17:12:03,031,FBN1_016_716_82,43,0.072,8,0.882,0.1764,21.33
2026-06-13 17:22:05,031,FBN1_016_716_82,5,0.008,14,0.991,0.1656,21.33
2026-06-13 17:32:08,031,FBN1_016_716_82,5,0.008,14,0.991,0.1764,21.32
2026-06-13 17:42:11,031,FBN1_016_716_82,25,0.042,12,0.95,0.1728,21.31
2026-06-13 17:52:14,031,FBN1_016_716_82,79,0.131,6,0.752,0.1512,21.32
2026-06-13 18:02:17,031,FBN1_016_716_82,165,0.275,3,0.421,0.0,21.37
2026-06-13 18:12:21,031,FBN1_016_716_82,224,0.373,6,0.517,0.0,21.43
2026-06-13 18:22:23,031,FBN1_016_716_82,299,0.498,2,0.211,0.0,21.52
2026-06-13 18:32:26,031,FBN1_016_716_82,297,0.494,3,0.288,0.0,21.57
2026-06-13 18:42:29,031,FBN1_016_716_82,207,0.344,6,0.537,0.0,21.63
2026-06-13 18:52:32,031,FBN1_016_716_82,293,0.488,1,0.12,0.0,21.7
2026-06-13 19:02:35,031,FBN1_016_716_82,184,0.306,7,0.603,0.0,21.67
2026-06-13 19:12:38,031,FBN1_016_716_82,358,0.596,2,0.183,0.0,21.77
2026-06-13 19:22:41,031,FBN1_016_716_82,286,0.476,3,0.296,0.0,21.83
2026-06-13 19:32:43,031,FBN1_016_716_82,270,0.449,1,0.129,0.0,21.84
2026-06-13 19:42:46,031,FBN1_016_716_82,232,0.387,6,0.508,0.0,21.84
2026-06-13 19:53:07,031,FBN1_016_716_82,294,0.492,1,0.12,0.0,21.88
2026-06-13 20:03:10,031,FBN1_016_716_82,145,0.241,7,0.659,0.0,21.8
2026-06-13 20:13:13,031,FBN1_016_716_82,267,0.444,1,0.13,0.0,21.8
2026-06-13 20:23:16,031,FBN1_016_716_82,285,0.473,1,0.123,0.0,21.93
2026-06-13 20:33:19,031,FBN1_016_716_82,153,0.254,5,0.567,0.0,21.88
2026-06-13 20:43:22,031,FBN1_016_716_82,216,0.359,5,0.481,0.0,21.83
2026-06-13 20:53:25,031,FBN1_016_716_82,146,0.243,9,0.711,0.0,21.77
2026-06-13 21:03:27,031,FBN1_016_716_82,210,0.349,0,0.0,0.0,21.74
2026-06-13 21:13:30,031,FBN1_016_716_82,328,0.546,1,0.109,0.0,21.82
2026-06-13 21:23:33,031,FBN1_016_716_82,9,0.015,14,0.984,0.0,21.86
2026-06-13 21:33:36,031,FBN1_016_716_82,3,0.005,14,0.995,0.0,21.85
2026-06-13 21:43:39,031,FBN1_016_716_82,14,0.023,13,0.974,0.0,21.82
2026-06-13 21:53:42,031,FBN1_016_716_82,33,0.055,12,0.936,0.0,21.85
2026-06-13 22:03:45,031,FBN1_016_716_82,113,0.188,10,0.78,0.0,21.85
2026-06-13 22:13:48,031,FBN1_016_716_82,358,0.597,0,0.0,0.0,21.77
2026-06-13 22:23:51,031,FBN1_016_716_82,201,0.334,6,0.544,0.0,21.81
2026-06-13 22:33:53,031,FBN1_016_716_82,323,0.537,0,0.0,0.0,21.95
2026-06-13 22:43:57,031,FBN1_016_716_82,189,0.314,6,0.559,0.0,21.86
2026-06-13 22:54:00,031,FBN1_016_716_82,259,0.431,3,0.317,0.0,21.79
2026-06-13 23:04:02,031,FBN1_016_716_82,198,0.329,6,0.548,0.0,21.75
2026-06-13 23:14:05,031,FBN1_016_716_82,209,0.348,5,0.489,0.0,21.81
2026-06-13 23:24:08,031,FBN1_016_716_82,218,0.363,4,0.423,0.0,21.75
2026-06-13 23:34:11,031,FBN1_016_716_82,233,0.388,1,0.147,0.0,21.77
2026-06-13 23:44:14,031,FBN1_016_716_82,178,0.296,7,0.611,0.0,21.75
2026-06-13 23:54:44,031,FBN1_016_716_82,232,0.388,3,0.341,0.0,21.87
2026-06-14 00:04:47,031,FBN1_016_716_82,351,0.584,1,0.102,0.0,21.81
2026-06-14 00:14:49,031,FBN1_016_716_82,155,0.258,7,0.644,0.0,21.74
2026-06-14 00:24:52,031,FBN1_016_716_82,235,0.391,4,0.405,0.0,21.73
2026-06-14 00:34:55,031,FBN1_016_716_82,405,0.675,2,0.165,0.0,21.7
2026-06-14 00:44:58,031,FBN1_016_716_82,198,0.329,2,0.288,0.0,21.65
2026-06-14 00:55:02,031,FBN1_016_716_82,252,0.419,3,0.323,0.0,21.65
2026-06-14 01:05:04,031,FBN1_016_716_82,170,0.283,4,0.485,0.0,21.63
2026-06-14 01:15:07,031,FBN1_016_716_82,19,0.032,12,0.962,0.0,21.59
2026-06-14 01:25:10,031,FBN1_016_716_82,7,0.012,14,0.988,0.0,21.53
2026-06-14 01:35:14,031,FBN1_016_716_82,0,0.0,15,1.0,0.0,21.48
2026-06-14 01:45:16,031,FBN1_016_716_82,6,0.01,13,0.989,0.0,21.42
2026-06-14 01:55:19,031,FBN1_016_716_82,3,0.005,14,0.995,0.0,21.39
2026-06-14 02:05:22,031,FBN1_016_716_82,12,0.02,12,0.976,0.0,21.37
2026-06-14 02:15:24,031,FBN1_016_716_82,0,0.0,15,1.0,0.0,21.34
2026-06-14 02:25:27,031,FBN1_016_716_82,13,0.022,12,0.974,0.0,21.32
2026-06-14 02:35:30,031,FBN1_016_716_82,116,0.193,7,0.707,0.0,21.36
2026-06-14 02:45:33,031,FBN1_016_716_82,180,0.3,6,0.571,0.0,21.45
2026-06-14 02:55:36,031,FBN1_016_716_82,165,0.275,6,0.593,0.0,21.47
2026-06-14 03:05:39,031,FBN1_016_716_82,168,0.279,7,0.625,0.0,21.46
2026-06-14 03:15:42,031,FBN1_016_716_82,68,0.113,8,0.825,0.0,21.45
2026-06-14 03:25:45,031,FBN1_016_716_82,13,0.022,14,0.977,0.0,21.43
2026-06-14 03:35:47,031,FBN1_016_716_82,31,0.052,13,0.944,0.0,21.41
2026-06-14 03:45:50,031,FBN1_016_716_82,5,0.008,14,0.991,0.0,21.37
2026-06-14 03:56:11,031,FBN1_016_716_82,10,0.017,14,0.982,0.0,21.4
2026-06-14 04:06:14,031,FBN1_016_716_82,117,0.195,7,0.705,0.0,21.37
2026-06-14 04:16:17,031,FBN1_016_716_82,173,0.288,4,0.48,0.0,21.4
2026-06-14 04:26:20,031,FBN1_016_716_82,215,0.358,3,0.358,0.0,21.47
2026-06-14 04:36:23,031,FBN1_016_716_82,176,0.293,6,0.577,0.0,21.52
2026-06-14 04:46:27,031,FBN1_016_716_82,217,0.361,4,0.424,0.0,21.55
2026-06-14 04:56:30,031,FBN1_016_716_82,93,0.154,9,0.795,0.0,21.54
2026-06-14 05:06:33,031,FBN1_016_716_82,232,0.387,3,0.341,0.0,21.53
2026-06-14 05:16:36,031,FBN1_016_716_82,47,0.078,10,0.895,0.0,21.54
2026-06-14 05:26:39,031,FBN1_016_716_82,12,0.02,14,0.979,0.0,21.51
2026-06-14 05:36:41,031,FBN1_016_716_82,18,0.03,13,0.967,0.0,21.49
2026-06-14 05:46:45,031,FBN1_016_716_82,3,0.005,14,0.995,0.0,21.47
2026-06-14 05:56:47,031,FBN1_016_716_82,0,0.0,15,1.0,0.0,21.44
2026-06-14 06:06:50,031,FBN1_016_716_82,104,0.173,6,0.698,0.1944,21.44
2026-06-14 06:16:53,031,FBN1_016_716_82,147,0.244,5,0.576,0.198,21.43
2026-06-14 06:26:56,031,FBN1_016_716_82,24,0.04,12,0.952,0.1944,21.43
2026-06-14 06:36:59,031,FBN1_016_716_82,14,0.023,13,0.974,0.2016,21.4
2026-06-14 06:47:02,031,FBN1_016_716_82,8,0.013,14,0.986,0.1944,21.37
2026-06-14 06:57:05,031,FBN1_016_716_82,18,0.03,13,0.967,0.2016,21.34
2026-06-14 07:07:08,031,FBN1_016_716_82,4,0.007,14,0.993,0.1944,21.32
2026-06-14 07:17:11,031,FBN1_016_716_82,1,0.002,14,0.998,0.2052,21.31
2026-06-14 07:27:14,031,FBN1_016_716_82,155,0.258,6,0.608,0.1872,21.33
2026-06-14 07:37:17,031,FBN1_016_716_82,51,0.085,12,0.904,0.1872,21.31
2026-06-14 07:47:20,031,FBN1_016_716_82,348,0.579,1,0.103,0.1872,21.37
2026-06-14 07:57:40,031,FBN1_016_716_82,12,0.02,12,0.976,0.1872,21.41
2026-06-14 08:07:43,031,FBN1_016_716_82,1,0.002,15,0.998,0.1944,21.37
2026-06-14 08:17:45,031,FBN1_016_716_82,9,0.015,13,0.983,0.1908,21.33
2026-06-14 08:27:49,031,FBN1_016_716_82,2,0.003,14,0.996,0.1872,21.32
2026-06-14 08:37:52,031,FBN1_016_716_82,5,0.008,14,0.991,0.1908,21.29
2026-06-14 08:47:55,031,FBN1_016_716_82,9,0.015,12,0.982,0.1872,21.28
2026-06-14 08:57:58,031,FBN1_016_716_82,9,0.015,13,0.983,0.1908,21.25
2026-06-14 09:08:01,031,FBN1_016_716_82,1,0.002,14,0.998,0.198,21.24
2026-06-14 09:18:04,031,FBN1_016_716_82,1,0.002,14,0.998,0.198,21.22
2026-06-14 09:28:08,031,FBN1_016_716_82,2,0.003,14,0.996,0.1872,21.21
2026-06-14 09:38:11,031,FBN1_016_716_82,2,0.003,14,0.996,0.2124,21.21
2026-06-14 09:48:14,031,FBN1_016_716_82,71,0.118,5,0.738,0.2016,21.23
2026-06-14 09:58:17,031,FBN1_016_716_82,11,0.018,13,0.979,0.2016,21.23
2026-06-14 10:08:20,031,FBN1_016_716_82,14,0.023,12,0.972,0.1872,21.23
2026-06-14 10:18:24,031,FBN1_016_716_82,2,0.003,14,0.996,0.1872,21.23
2026-06-14 10:28:26,031,FBN1_016_716_82,2,0.003,14,0.996,0.1872,21.22
2026-06-14 10:38:29,031,FBN1_016_716_82,9,0.015,14,0.984,0.1872,21.22
2026-06-14 10:48:32,031,FBN1_016_716_82,0,0.0,15,1.0,0.1872,21.22
2026-06-14 10:58:35,031,FBN1_016_716_82,5,0.008,12,0.99,0.1872,21.22
2026-06-14 11:08:38,031,FBN1_016_716_82,3,0.005,14,0.995,0.1872,21.23
2026-06-14 11:18:41,031,FBN1_016_716_82,88,0.146,6,0.732,0.1908,21.25
2026-06-14 11:28:44,031,FBN1_016_716_82,228,0.379,4,0.412,0.162,21.28
2026-06-14 11:38:47,031,FBN1_016_716_82,137,0.228,6,0.637,0.1692,21.33
2026-06-14 11:48:50,031,FBN1_016_716_82,0,0.0,15,1.0,0.1728,21.32
2026-06-14 11:59:15,031,FBN1_016_716_82,0,0.0,15,1.0,0.1512,21.36
2026-06-14 12:09:18,031,FBN1_016_716_82,0,0.0,15,1.0,0.162,21.31
2026-06-14 12:19:20,031,FBN1_016_716_82,1,0.002,14,0.998,0.1512,21.28
2026-06-14 12:29:23,031,FBN1_016_716_82,0,0.0,15,1.0,0.1584,21.27
2026-06-14 12:39:26,031,FBN1_016_716_82,3,0.005,13,0.994,0.1584,21.24
2026-06-14 12:49:29,031,FBN1_016_716_82,1,0.002,14,0.998,0.1584,21.24
2026-06-14 12:59:32,031,FBN1_016_716_82,0,0.0,15,1.0,0.1584,21.24
2026-06-14 13:09:35,031,FBN1_016_716_82,2,0.003,14,0.996,0.1584,21.23
2026-06-14 13:19:38,031,FBN1_016_716_82,3,0.005,14,0.995,0.1584,21.22
2026-06-14 13:29:42,031,FBN1_016_716_82,0,0.0,15,1.0,0.1584,21.21
2026-06-14 13:39:45,031,FBN1_016_716_82,1,0.002,14,0.998,0.1584,21.2
2026-06-14 13:49:48,031,FBN1_016_716_82,6,0.01,14,0.989,0.1584,21.22
2026-06-14 13:59:51,031,FBN1_016_716_82,0,0.0,15,1.0,0.1584,21.22
2026-06-14 14:09:54,031,FBN1_016_716_82,0,0.0,15,1.0,0.1584,21.23
2026-06-14 14:19:57,031,FBN1_016_716_82,0,0.0,15,1.0,0.1584,21.22
2026-06-14 14:30:00,031,FBN1_016_716_82,1,0.002,14,0.998,0.1584,21.21
2026-06-14 14:40:03,031,FBN1_016_716_82,0,0.0,15,1.0,0.1584,21.21
2026-06-14 14:50:05,031,FBN1_016_716_82,2,0.003,14,0.996,0.1512,21.21
2026-06-14 15:00:08,031,FBN1_016_716_82,1,0.002,14,0.998,0.1584,21.21
2026-06-14 15:10:11,031,FBN1_016_716_82,0,0.0,15,1.0,0.1584,21.19
2026-06-14 15:20:13,031,FBN1_016_716_82,0,0.0,15,1.0,0.1584,21.19
2026-06-14 15:30:16,031,FBN1_016_716_82,0,0.0,15,1.0,0.1584,21.2
2026-06-14 15:40:19,031,FBN1_016_716_82,50,0.083,12,0.906,0.162,21.27
2026-06-14 15:50:22,031,FBN1_016_716_82,61,0.101,10,0.868,0.1764,21.29
2026-06-14 16:00:57,031,FBN1_016_716_82,141,0.236,7,0.665,0.1584,21.39
2026-06-14 16:11:00,031,FBN1_016_716_82,0,0.0,15,1.0,0.1584,21.36
2026-06-14 16:21:03,031,FBN1_016_716_82,0,0.0,15,1.0,0.1584,21.33
2026-06-14 16:31:05,031,FBN1_016_716_82,0,0.0,15,1.0,0.1584,21.3
2026-06-14 16:41:08,031,FBN1_016_716_82,0,0.0,15,1.0,0.1584,21.28
2026-06-14 16:51:11,031,FBN1_016_716_82,0,0.0,15,1.0,0.162,21.29
2026-06-14 17:01:14,031,FBN1_016_716_82,0,0.0,15,1.0,0.1692,21.27
2026-06-14 17:11:17,031,FBN1_016_716_82,0,0.0,15,1.0,0.1584,21.25
2026-06-14 17:21:20,031,FBN1_016_716_82,5,0.008,13,0.99,0.1584,21.27
2026-06-14 17:31:23,031,FBN1_016_716_82,108,0.18,10,0.787,0.1584,21.31
2026-06-14 17:41:25,031,FBN1_016_716_82,109,0.181,6,0.688,0.1728,21.41
2026-06-14 17:51:28,031,FBN1_016_716_82,147,0.245,4,0.521,0.1656,21.41
2026-06-14 18:01:31,031,FBN1_016_716_82,94,0.157,6,0.719,0.0,21.44
2026-06-14 18:11:34,031,FBN1_016_716_82,112,0.186,7,0.714,0.0,21.44
2026-06-14 18:21:37,031,FBN1_016_716_82,245,0.408,3,0.329,0.0,21.51
2026-06-14 18:31:40,031,FBN1_016_716_82,168,0.28,9,0.682,0.0,21.5
2026-06-14 18:41:43,031,FBN1_016_716_82,311,0.517,2,0.205,0.0,21.62
2026-06-14 18:51:46,031,FBN1_016_716_82,326,0.542,2,0.197,0.0,21.78
2026-06-14 19:01:48,031,FBN1_016_716_82,184,0.306,5,0.521,0.0,21.74
2026-06-14 19:11:52,031,FBN1_016_716_82,186,0.309,7,0.601,0.0,21.74
2026-06-14 19:21:55,031,FBN1_016_716_82,257,0.428,3,0.318,0.0,21.72
2026-06-14 19:31:58,031,FBN1_016_716_82,363,0.604,0,0.0,0.0,21.76
2026-06-14 19:42:01,031,FBN1_016_716_82,140,0.233,5,0.588,0.0,21.75
2026-06-14 19:52:04,031,FBN1_016_716_82,165,0.275,8,0.66,0.0,21.7
2026-06-14 20:02:30,031,FBN1_016_716_82,249,0.416,3,0.325,0.0,21.78
2026-06-14 20:12:33,031,FBN1_016_716_82,258,0.429,5,0.437,0.0,21.79
2026-06-14 20:22:36,031,FBN1_016_716_82,301,0.5,2,0.21,0.0,21.82
2026-06-14 20:32:39,031,FBN1_016_716_82,133,0.221,8,0.706,0.0,21.74
2026-06-14 20:42:41,031,FBN1_016_716_82,202,0.336,5,0.498,0.0,21.74
2026-06-14 20:52:45,031,FBN1_016_716_82,293,0.488,0,0.0,0.0,21.88
2026-06-14 21:02:48,031,FBN1_016_716_82,132,0.22,10,0.752,0.0,21.79
2026-06-14 21:12:50,031,FBN1_016_716_82,167,0.278,7,0.626,0.0,21.74
2026-06-14 21:22:53,031,FBN1_016_716_82,42,0.07,12,0.92,0.0,21.69
2026-06-14 21:32:57,031,FBN1_016_716_82,7,0.012,13,0.987,0.0,21.64
2026-06-14 21:42:59,031,FBN1_016_716_82,3,0.005,14,0.995,0.0,21.57
2026-06-14 21:53:02,031,FBN1_016_716_82,27,0.045,11,0.942,0.0,21.53
2026-06-14 22:03:05,031,FBN1_016_716_82,0,0.0,15,1.0,0.0,21.5
2026-06-14 22:13:08,031,FBN1_016_716_82,112,0.186,7,0.714,0.0,21.5
2026-06-14 22:23:12,031,FBN1_016_716_82,164,0.273,6,0.594,0.0,21.56
2026-06-14 22:33:14,031,FBN1_016_716_82,272,0.453,4,0.37,0.0,21.69
2026-06-14 22:43:17,031,FBN1_016_716_82,135,0.225,8,0.703,0.0,21.74
2026-06-14 22:53:20,031,FBN1_016_716_82,191,0.318,4,0.456,0.0,21.75
2026-06-14 23:03:23,031,FBN1_016_716_82,91,0.152,10,0.815,0.0,21.7
2026-06-14 23:13:26,031,FBN1_016_716_82,160,0.266,5,0.556,0.0,21.7
2026-06-14 23:23:29,031,FBN1_016_716_82,275,0.458,2,0.225,0.0,21.71
2026-06-14 23:33:32,031,FBN1_016_716_82,227,0.378,5,0.468,0.0,21.74
2026-06-14 23:43:35,031,FBN1_016_716_82,176,0.293,7,0.614,0.0,21.71
2026-06-14 23:53:38,031,FBN1_016_716_82,225,0.374,3,0.348,0.0,21.76
2026-06-13 00:08:03,007,FBN1_016_716_83,125,0.208,9,0.742,0.0,21.49
2026-06-13 00:18:06,007,FBN1_016_716_83,239,0.398,6,0.501,0.0,21.57
2026-06-13 00:28:08,007,FBN1_016_716_83,103,0.171,9,0.778,0.0,21.54
2026-06-13 00:38:12,007,FBN1_016_716_83,147,0.245,10,0.731,0.0,21.6
2026-06-13 00:48:14,007,FBN1_016_716_83,0,0.0,15,1.0,0.0,21.5
2026-06-13 00:58:17,007,FBN1_016_716_83,0,0.0,15,1.0,0.0,21.44
2026-06-13 01:08:19,007,FBN1_016_716_83,0,0.0,15,1.0,0.0,21.36
2026-06-13 01:18:22,007,FBN1_016_716_83,0,0.0,15,1.0,0.0,21.32
2026-06-13 01:28:26,007,FBN1_016_716_83,0,0.0,15,1.0,0.0,21.25
2026-06-13 01:38:28,007,FBN1_016_716_83,0,0.0,15,1.0,0.0,21.22
2026-06-13 01:48:32,007,FBN1_016_716_83,0,0.0,15,1.0,0.0,21.18
2026-06-13 01:58:35,007,FBN1_016_716_83,0,0.0,15,1.0,0.0,21.16
2026-06-13 02:08:38,007,FBN1_016_716_83,0,0.0,15,1.0,0.0,21.16
2026-06-13 02:18:42,007,FBN1_016_716_83,92,0.153,9,0.796,0.0,21.21
2026-06-13 02:28:45,007,FBN1_016_716_83,13,0.022,14,0.977,0.0,21.2
2026-06-13 02:38:48,007,FBN1_016_716_83,0,0.0,15,1.0,0.0,21.17
2026-06-13 02:48:51,007,FBN1_016_716_83,0,0.0,15,1.0,0.0,21.14
2026-06-13 02:58:55,007,FBN1_016_716_83,0,0.0,15,1.0,0.0,21.12
2026-06-13 03:08:57,007,FBN1_016_716_83,0,0.0,15,1.0,0.0,21.1
2026-06-13 03:19:00,007,FBN1_016_716_83,289,0.481,3,0.293,0.0,21.18
2026-06-13 03:29:04,007,FBN1_016_716_83,175,0.291,6,0.578,0.0,21.24
2026-06-13 03:39:25,007,FBN1_016_716_83,222,0.371,6,0.519,0.0,21.37
2026-06-13 03:49:28,007,FBN1_016_716_83,0,0.0,15,1.0,0.0,21.32
2026-06-13 03:59:31,007,FBN1_016_716_83,7,0.012,14,0.988,0.0,21.31
2026-06-13 04:09:34,007,FBN1_016_716_83,0,0.0,15,1.0,0.0,21.27
2026-06-13 04:19:36,007,FBN1_016_716_83,0,0.0,15,1.0,0.0,21.23
2026-06-13 04:29:39,007,FBN1_016_716_83,25,0.042,14,0.957,0.0,21.21
2026-06-13 04:39:42,007,FBN1_016_716_83,58,0.097,12,0.892,0.0,21.23
2026-06-13 04:49:45,007,FBN1_016_716_83,263,0.437,2,0.233,0.0,21.44
2026-06-13 04:59:48,007,FBN1_016_716_83,334,0.555,3,0.264,0.0,21.54
2026-06-13 05:09:51,007,FBN1_016_716_83,177,0.295,6,0.576,0.0,21.59
2026-06-13 05:19:53,007,FBN1_016_716_83,20,0.033,13,0.963,0.0,21.5
2026-06-13 05:29:56,007,FBN1_016_716_83,23,0.038,13,0.958,0.0,21.44
2026-06-13 05:40:00,007,FBN1_016_716_83,0,0.0,15,1.0,0.0,21.36
2026-06-13 05:50:02,007,FBN1_016_716_83,0,0.0,15,1.0,0.0,21.29
2026-06-13 06:00:06,007,FBN1_016_716_83,0,0.0,15,1.0,2.0592,21.23
2026-06-13 06:10:09,007,FBN1_016_716_83,0,0.0,15,1.0,2.0448,21.2
2026-06-13 06:20:12,007,FBN1_016_716_83,31,0.052,12,0.939,2.0376,21.2
2026-06-13 06:30:15,007,FBN1_016_716_83,153,0.255,6,0.611,2.016,21.38
2026-06-13 06:40:17,007,FBN1_016_716_83,17,0.028,13,0.968,2.0664,21.32
2026-06-13 06:50:20,007,FBN1_016_716_83,0,0.0,15,1.0,2.0664,21.26
2026-06-13 07:00:23,007,FBN1_016_716_83,0,0.0,15,1.0,2.0592,21.22
2026-06-13 07:10:26,007,FBN1_016_716_83,0,0.0,15,1.0,2.0628,21.17
2026-06-13 07:20:29,007,FBN1_016_716_83,0,0.0,15,1.0,2.0592,21.16
2026-06-13 07:30:32,007,FBN1_016_716_83,0,0.0,15,1.0,2.07,21.14
2026-06-13 07:40:56,007,FBN1_016_716_83,0,0.0,15,1.0,2.0664,21.16
2026-06-13 07:50:58,007,FBN1_016_716_83,1,0.002,15,0.998,2.0628,21.15
2026-06-13 08:01:01,007,FBN1_016_716_83,0,0.0,15,1.0,2.0628,21.12
2026-06-13 08:11:04,007,FBN1_016_716_83,0,0.0,15,1.0,2.0628,21.12
2026-06-13 08:21:06,007,FBN1_016_716_83,0,0.0,15,1.0,2.07,21.12
2026-06-13 08:31:09,007,FBN1_016_716_83,0,0.0,15,1.0,2.0664,21.12
2026-06-13 08:41:12,007,FBN1_016_716_83,0,0.0,15,1.0,2.0736,21.13
2026-06-13 08:51:15,007,FBN1_016_716_83,0,0.0,15,1.0,2.07,21.14
2026-06-13 09:01:18,007,FBN1_016_716_83,0,0.0,15,1.0,2.0664,21.14
2026-06-13 09:11:21,007,FBN1_016_716_83,7,0.012,14,0.988,2.0628,21.14
2026-06-13 09:21:24,007,FBN1_016_716_83,0,0.0,15,1.0,2.07,21.14
2026-06-13 09:31:27,007,FBN1_016_716_83,0,0.0,15,1.0,2.0664,21.15
2026-06-13 09:41:30,007,FBN1_016_716_83,0,0.0,15,1.0,2.0664,21.15
2026-06-13 09:51:34,007,FBN1_016_716_83,0,0.0,15,1.0,2.0664,21.14
2026-06-13 10:01:36,007,FBN1_016_716_83,0,0.0,15,1.0,2.0736,21.13
2026-06-13 10:11:39,007,FBN1_016_716_83,0,0.0,15,1.0,2.0592,21.12
2026-06-13 10:21:42,007,FBN1_016_716_83,0,0.0,15,1.0,2.0628,21.12
2026-06-13 10:31:45,007,FBN1_016_716_83,0,0.0,15,1.0,2.07,21.09
2026-06-13 10:41:48,007,FBN1_016_716_83,0,0.0,15,1.0,2.0664,21.1
2026-06-13 10:51:51,007,FBN1_016_716_83,0,0.0,15,1.0,2.0736,21.07
2026-06-13 11:01:54,007,FBN1_016_716_83,0,0.0,15,1.0,2.07,21.07
2026-06-13 11:11:57,007,FBN1_016_716_83,0,0.0,15,1.0,2.0592,21.06
2026-06-13 11:22:00,007,FBN1_016_716_83,9,0.015,14,0.984,2.0556,21.06
2026-06-13 11:32:03,007,FBN1_016_716_83,0,0.0,15,1.0,2.0592,21.07
2026-06-13 11:42:21,007,FBN1_016_716_83,0,0.0,15,1.0,2.07,21.09
2026-06-13 11:52:24,007,FBN1_016_716_83,0,0.0,15,1.0,2.07,21.06
2026-06-13 12:02:27,007,FBN1_016_716_83,0,0.0,15,1.0,2.0448,21.03
2026-06-13 12:12:30,007,FBN1_016_716_83,0,0.0,15,1.0,2.0448,20.98
2026-06-13 12:22:33,007,FBN1_016_716_83,0,0.0,15,1.0,2.0556,20.93
2026-06-13 12:32:37,007,FBN1_016_716_83,0,0.0,15,1.0,2.0448,20.91
2026-06-13 12:42:40,007,FBN1_016_716_83,0,0.0,15,1.0,2.0448,20.91
2026-06-13 12:52:43,007,FBN1_016_716_83,0,0.0,15,1.0,2.0448,20.91
2026-06-13 13:02:46,007,FBN1_016_716_83,23,0.038,14,0.961,2.0448,20.94
2026-06-13 13:12:50,007,FBN1_016_716_83,0,0.0,15,1.0,2.0448,20.97
2026-06-13 13:22:53,007,FBN1_016_716_83,0,0.0,15,1.0,2.0556,20.97
2026-06-13 13:32:56,007,FBN1_016_716_83,0,0.0,15,1.0,2.0556,20.99
2026-06-13 13:42:58,007,FBN1_016_716_83,0,0.0,15,1.0,2.0448,21.0
2026-06-13 13:53:01,007,FBN1_016_716_83,0,0.0,15,1.0,2.0448,21.0
2026-06-13 14:03:03,007,FBN1_016_716_83,0,0.0,15,1.0,2.0448,21.0
2026-06-13 14:13:07,007,FBN1_016_716_83,0,0.0,15,1.0,2.052,21.0
2026-06-13 14:23:09,007,FBN1_016_716_83,5,0.008,14,0.991,1.9944,21.0
2026-06-13 14:33:12,007,FBN1_016_716_83,0,0.0,15,1.0,1.9944,21.0
2026-06-13 14:43:15,007,FBN1_016_716_83,0,0.0,15,1.0,1.998,21.0
2026-06-13 14:53:19,007,FBN1_016_716_83,0,0.0,15,1.0,2.0052,20.99
2026-06-13 15:03:21,007,FBN1_016_716_83,0,0.0,15,1.0,2.0052,20.99
2026-06-13 15:13:24,007,FBN1_016_716_83,0,0.0,15,1.0,1.9944,20.99
2026-06-13 15:23:27,007,FBN1_016_716_83,0,0.0,15,1.0,2.0052,20.99
2026-06-13 15:33:30,007,FBN1_016_716_83,0,0.0,15,1.0,2.0052,20.99
2026-06-13 15:43:54,007,FBN1_016_716_83,0,0.0,15,1.0,1.9512,21.06
2026-06-13 15:53:57,007,FBN1_016_716_83,65,0.108,12,0.881,2.0016,21.07
2026-06-13 16:04:00,007,FBN1_016_716_83,0,0.0,15,1.0,2.0052,21.07
2026-06-13 16:14:03,007,FBN1_016_716_83,0,0.0,15,1.0,2.0016,21.08
2026-06-13 16:24:06,007,FBN1_016_716_83,0,0.0,15,1.0,2.0088,21.07
2026-06-13 16:34:09,007,FBN1_016_716_83,0,0.0,15,1.0,2.0052,21.06
2026-06-13 16:44:13,007,FBN1_016_716_83,0,0.0,15,1.0,2.0124,21.06
2026-06-13 16:54:16,007,FBN1_016_716_83,0,0.0,15,1.0,2.0052,21.05
2026-06-13 17:04:18,007,FBN1_016_716_83,0,0.0,15,1.0,2.0124,21.05
2026-06-13 17:14:21,007,FBN1_016_716_83,0,0.0,15,1.0,2.0088,21.04
2026-06-13 17:24:24,007,FBN1_016_716_83,0,0.0,15,1.0,2.0124,21.04
2026-06-13 17:34:27,007,FBN1_016_716_83,3,0.005,15,0.995,1.998,21.06
2026-06-13 17:44:30,007,FBN1_016_716_83,0,0.0,15,1.0,1.9764,21.08
2026-06-13 17:54:33,007,FBN1_016_716_83,0,0.0,15,1.0,1.998,21.09
2026-06-13 18:04:36,007,FBN1_016_716_83,155,0.258,9,0.699,0.0,21.1
2026-06-13 18:14:39,007,FBN1_016_716_83,241,0.401,3,0.332,0.0,21.27
2026-06-13 18:24:41,007,FBN1_016_716_83,162,0.27,9,0.69,0.0,21.32
2026-06-13 18:34:45,007,FBN1_016_716_83,110,0.183,11,0.8,0.0,21.35
2026-06-13 18:44:48,007,FBN1_016_716_83,79,0.131,11,0.848,0.0,21.33
2026-06-13 18:54:51,007,FBN1_016_716_83,252,0.419,4,0.388,0.0,21.39
2026-06-13 19:04:54,007,FBN1_016_716_83,53,0.088,13,0.908,0.0,21.37
2026-06-13 19:14:57,007,FBN1_016_716_83,238,0.396,4,0.402,0.0,21.42
2026-06-13 19:25:01,007,FBN1_016_716_83,279,0.463,3,0.301,0.0,21.43
2026-06-13 19:35:04,007,FBN1_016_716_83,153,0.255,6,0.611,0.0,21.52
2026-06-13 19:45:29,007,FBN1_016_716_83,74,0.124,10,0.844,0.0,21.53
2026-06-13 19:55:32,007,FBN1_016_716_83,144,0.24,8,0.69,0.0,21.49
2026-06-13 20:05:35,007,FBN1_016_716_83,318,0.528,3,0.274,0.0,21.62
2026-06-13 20:15:38,007,FBN1_016_716_83,120,0.2,9,0.75,0.0,21.59
2026-06-13 20:25:41,007,FBN1_016_716_83,9,0.015,14,0.984,0.0,21.49
2026-06-13 20:35:44,007,FBN1_016_716_83,16,0.027,14,0.972,0.0,21.42
2026-06-13 20:45:46,007,FBN1_016_716_83,116,0.193,9,0.756,0.0,21.39
2026-06-13 20:55:49,007,FBN1_016_716_83,10,0.017,15,0.984,0.0,21.34
2026-06-13 21:05:53,007,FBN1_016_716_83,0,0.0,15,1.0,0.0,21.29
2026-06-13 21:15:56,007,FBN1_016_716_83,0,0.0,15,1.0,0.0,21.23
2026-06-13 21:25:59,007,FBN1_016_716_83,2,0.003,14,0.996,0.0,21.19
2026-06-13 21:36:03,007,FBN1_016_716_83,4,0.007,14,0.993,0.0,21.15
2026-06-13 21:46:05,007,FBN1_016_716_83,5,0.008,14,0.991,0.0,21.16
2026-06-13 21:56:09,007,FBN1_016_716_83,165,0.275,8,0.66,0.0,21.22
2026-06-13 22:06:12,007,FBN1_016_716_83,279,0.464,3,0.301,0.0,21.4
2026-06-13 22:16:15,007,FBN1_016_716_83,248,0.412,3,0.326,0.0,21.44
2026-06-13 22:26:18,007,FBN1_016_716_83,11,0.018,12,0.978,0.0,21.41
2026-06-13 22:36:21,007,FBN1_016_716_83,97,0.161,10,0.805,0.0,21.42
2026-06-13 22:46:24,007,FBN1_016_716_83,63,0.105,12,0.884,0.0,21.4
2026-06-13 22:56:27,007,FBN1_016_716_83,136,0.226,8,0.702,0.0,21.39
2026-06-13 23:06:30,007,FBN1_016_716_83,89,0.148,9,0.802,0.0,21.37
2026-06-13 23:16:33,007,FBN1_016_716_83,131,0.218,9,0.733,0.0,21.35
2026-06-13 23:26:36,007,FBN1_016_716_83,321,0.534,4,0.333,0.0,21.4
2026-06-13 23:36:39,007,FBN1_016_716_83,35,0.058,13,0.937,0.0,21.36
2026-06-13 23:46:58,007,FBN1_016_716_83,59,0.098,10,0.871,0.0,21.38
2026-06-13 23:57:01,007,FBN1_016_716_83,0,0.0,15,1.0,0.0,21.32
2026-06-14 00:07:05,007,FBN1_016_716_83,0,0.0,15,1.0,0.0,21.24
2026-06-14 00:17:07,007,FBN1_016_716_83,0,0.0,15,1.0,0.0,21.18
2026-06-14 00:27:10,007,FBN1_016_716_83,0,0.0,15,1.0,0.0,21.14
2026-06-14 00:37:13,007,FBN1_016_716_83,0,0.0,15,1.0,0.0,21.11
2026-06-14 00:47:16,007,FBN1_016_716_83,0,0.0,15,1.0,0.0,21.08
2026-06-14 00:57:19,007,FBN1_016_716_83,0,0.0,15,1.0,0.0,21.05
2026-06-14 01:07:22,007,FBN1_016_716_83,0,0.0,15,1.0,0.0,21.04
2026-06-14 01:17:25,007,FBN1_016_716_83,0,0.0,15,1.0,0.0,21.02
2026-06-14 01:27:28,007,FBN1_016_716_83,115,0.191,7,0.709,0.0,21.03
2026-06-14 01:37:32,007,FBN1_016_716_83,62,0.103,12,0.886,0.0,21.07
2026-06-14 01:47:35,007,FBN1_016_716_83,63,0.105,12,0.884,0.0,21.12
2026-06-14 01:57:38,007,FBN1_016_716_83,309,0.513,2,0.206,0.0,21.4
2026-06-14 02:07:41,007,FBN1_016_716_83,169,0.281,10,0.703,0.0,21.41
2026-06-14 02:17:45,007,FBN1_016_716_83,0,0.0,15,1.0,0.0,21.32
2026-06-14 02:27:48,007,FBN1_016_716_83,0,0.0,15,1.0,0.0,21.21
2026-06-14 02:37:51,007,FBN1_016_716_83,0,0.0,15,1.0,0.0,21.14
2026-06-14 02:47:54,007,FBN1_016_716_83,0,0.0,15,1.0,0.0,21.09
2026-06-14 02:57:58,007,FBN1_016_716_83,0,0.0,15,1.0,0.0,21.05
2026-06-14 03:08:00,007,FBN1_016_716_83,0,0.0,15,1.0,0.0,21.02
2026-06-14 03:18:03,007,FBN1_016_716_83,8,0.013,14,0.986,0.0,21.01
2026-06-14 03:28:06,007,FBN1_016_716_83,87,0.145,11,0.835,0.0,21.03
2026-06-14 03:38:09,007,FBN1_016_716_83,218,0.363,5,0.478,0.0,21.12
2026-06-14 03:48:29,007,FBN1_016_716_83,0,0.0,15,1.0,0.0,21.17
2026-06-14 03:58:32,007,FBN1_016_716_83,149,0.248,8,0.682,0.0,21.2
2026-06-14 04:08:36,007,FBN1_016_716_83,9,0.015,14,0.984,0.0,21.16
2026-06-14 04:18:39,007,FBN1_016_716_83,0,0.0,15,1.0,0.0,21.11
2026-06-14 04:28:41,007,FBN1_016_716_83,0,0.0,15,1.0,0.0,21.06
2026-06-14 04:38:45,007,FBN1_016_716_83,59,0.098,11,0.882,0.0,21.04
2026-06-14 04:48:48,007,FBN1_016_716_83,71,0.118,10,0.849,0.0,21.07
2026-06-14 04:58:51,007,FBN1_016_716_83,229,0.38,1,0.149,0.0,21.14
2026-06-14 05:08:54,007,FBN1_016_716_83,244,0.406,0,0.0,0.0,21.25
2026-06-14 05:18:57,007,FBN1_016_716_83,0,0.0,15,1.0,0.0,21.23
2026-06-14 05:29:00,007,FBN1_016_716_83,88,0.146,9,0.804,0.0,21.24
2026-06-14 05:39:03,007,FBN1_016_716_83,0,0.0,15,1.0,0.0,21.19
2026-06-14 05:49:06,007,FBN1_016_716_83,0,0.0,15,1.0,0.0,21.13
2026-06-14 05:59:09,007,FBN1_016_716_83,0,0.0,15,1.0,0.0,21.08
2026-06-14 06:09:13,007,FBN1_016_716_83,0,0.0,15,1.0,2.1852,21.05
2026-06-14 06:19:16,007,FBN1_016_716_83,0,0.0,15,1.0,2.1024,21.06
2026-06-14 06:29:19,007,FBN1_016_716_83,5,0.008,14,0.991,2.0736,21.07
2026-06-14 06:39:22,007,FBN1_016_716_83,0,0.0,15,1.0,2.0844,21.07
2026-06-14 06:49:25,007,FBN1_016_716_83,0,0.0,15,1.0,2.0736,21.05
2026-06-14 06:59:29,007,FBN1_016_716_83,0,0.0,15,1.0,2.0772,21.05
2026-06-14 07:09:32,007,FBN1_016_716_83,0,0.0,15,1.0,2.0736,21.03
2026-06-14 07:19:34,007,FBN1_016_716_83,0,0.0,15,1.0,2.0736,21.03
2026-06-14 07:29:37,007,FBN1_016_716_83,0,0.0,15,1.0,2.0772,21.01
2026-06-14 07:39:40,007,FBN1_016_716_83,0,0.0,15,1.0,2.0664,21.01
2026-06-14 07:50:02,007,FBN1_016_716_83,0,0.0,15,1.0,2.0664,21.06
2026-06-14 08:00:05,007,FBN1_016_716_83,0,0.0,15,1.0,2.0664,21.03
2026-06-14 08:10:09,007,FBN1_016_716_83,0,0.0,15,1.0,2.0772,21.02
2026-06-14 08:20:13,007,FBN1_016_716_83,0,0.0,15,1.0,2.0664,21.02
2026-06-14 08:30:15,007,FBN1_016_716_83,0,0.0,15,1.0,2.0664,21.02
2026-06-14 08:40:18,007,FBN1_016_716_83,0,0.0,15,1.0,2.0664,21.02
2026-06-14 08:50:20,007,FBN1_016_716_83,0,0.0,15,1.0,2.0664,21.01
2026-06-14 09:00:23,007,FBN1_016_716_83,24,0.04,14,0.959,2.1132,21.02
2026-06-14 09:10:25,007,FBN1_016_716_83,19,0.032,13,0.965,2.0628,21.05
2026-06-14 09:20:29,007,FBN1_016_716_83,13,0.022,14,0.977,2.0484,21.06
2026-06-14 09:30:32,007,FBN1_016_716_83,0,0.0,15,1.0,1.998,21.06
2026-06-14 09:40:34,007,FBN1_016_716_83,0,0.0,15,1.0,2.016,21.05
2026-06-14 09:50:38,007,FBN1_016_716_83,0,0.0,15,1.0,2.0088,21.06
2026-06-14 10:00:41,007,FBN1_016_716_83,0,0.0,15,1.0,1.9944,21.06
2026-06-14 10:10:45,007,FBN1_016_716_83,0,0.0,15,1.0,2.0016,21.07
2026-06-14 10:20:47,007,FBN1_016_716_83,0,0.0,15,1.0,2.0124,21.07
2026-06-14 10:30:50,007,FBN1_016_716_83,0,0.0,15,1.0,2.0016,21.08
2026-06-14 10:40:53,007,FBN1_016_716_83,0,0.0,15,1.0,2.0052,21.07
2026-06-14 10:50:56,007,FBN1_016_716_83,0,0.0,15,1.0,2.0124,21.09
2026-06-14 11:00:58,007,FBN1_016_716_83,0,0.0,15,1.0,1.9944,21.09
2026-06-14 11:11:02,007,FBN1_016_716_83,0,0.0,15,1.0,2.0052,21.08
2026-06-14 11:21:05,007,FBN1_016_716_83,0,0.0,15,1.0,2.0052,21.09
2026-06-14 11:31:08,007,FBN1_016_716_83,0,0.0,15,1.0,2.0088,21.08
2026-06-14 11:41:10,007,FBN1_016_716_83,6,0.01,15,0.99,2.0376,21.09
2026-06-14 11:51:36,007,FBN1_016_716_83,0,0.0,15,1.0,2.0304,21.14
2026-06-14 12:01:39,007,FBN1_016_716_83,0,0.0,15,1.0,2.0232,21.12
2026-06-14 12:11:42,007,FBN1_016_716_83,0,0.0,15,1.0,2.0304,21.11
2026-06-14 12:21:44,007,FBN1_016_716_83,0,0.0,15,1.0,2.0268,21.11
2026-06-14 12:31:48,007,FBN1_016_716_83,0,0.0,15,1.0,2.0268,21.11
2026-06-14 12:41:50,007,FBN1_016_716_83,0,0.0,15,1.0,2.0232,21.1
2026-06-14 12:51:53,007,FBN1_016_716_83,0,0.0,15,1.0,2.016,21.09
2026-06-14 13:01:57,007,FBN1_016_716_83,0,0.0,15,1.0,2.0232,21.09
2026-06-14 13:12:00,007,FBN1_016_716_83,0,0.0,15,1.0,2.016,21.09
2026-06-14 13:22:03,007,FBN1_016_716_83,17,0.028,14,0.971,2.0376,21.11
2026-06-14 13:32:06,007,FBN1_016_716_83,17,0.028,14,0.971,1.9656,21.11
2026-06-14 13:42:10,007,FBN1_016_716_83,0,0.0,15,1.0,1.9512,21.11
2026-06-14 13:52:13,007,FBN1_016_716_83,0,0.0,15,1.0,1.9584,21.12
2026-06-14 14:02:15,007,FBN1_016_716_83,0,0.0,15,1.0,1.962,21.11
2026-06-14 14:12:18,007,FBN1_016_716_83,0,0.0,15,1.0,1.9512,21.11
2026-06-14 14:22:21,007,FBN1_016_716_83,0,0.0,15,1.0,1.9584,21.11
2026-06-14 14:32:25,007,FBN1_016_716_83,0,0.0,15,1.0,1.9548,21.09
2026-06-14 14:42:27,007,FBN1_016_716_83,0,0.0,15,1.0,1.944,21.1
2026-06-14 14:52:30,007,FBN1_016_716_83,0,0.0,15,1.0,1.9512,21.09
2026-06-14 15:02:33,007,FBN1_016_716_83,0,0.0,15,1.0,1.962,21.1
2026-06-14 15:12:36,007,FBN1_016_716_83,0,0.0,15,1.0,1.9548,21.1
2026-06-14 15:22:39,007,FBN1_016_716_83,0,0.0,15,1.0,1.9548,21.09
2026-06-14 15:32:41,007,FBN1_016_716_83,0,0.0,15,1.0,1.9584,21.1
2026-06-14 15:42:45,007,FBN1_016_716_83,1,0.002,14,0.998,1.962,21.1
2026-06-14 15:53:08,007,FBN1_016_716_83,0,0.0,15,1.0,1.872,21.14
2026-06-14 16:03:11,007,FBN1_016_716_83,10,0.017,13,0.981,1.908,21.14
2026-06-14 16:13:14,007,FBN1_016_716_83,0,0.0,15,1.0,2.0232,21.15
2026-06-14 16:23:18,007,FBN1_016_716_83,0,0.0,15,1.0,2.0304,21.14
2026-06-14 16:33:21,007,FBN1_016_716_83,0,0.0,15,1.0,2.0412,21.15
2026-06-14 16:43:24,007,FBN1_016_716_83,0,0.0,15,1.0,2.0304,21.13
2026-06-14 16:53:27,007,FBN1_016_716_83,0,0.0,15,1.0,2.0304,21.12
2026-06-14 17:03:30,007,FBN1_016_716_83,1,0.002,15,0.998,2.0412,21.13
2026-06-14 17:13:34,007,FBN1_016_716_83,0,0.0,15,1.0,2.0376,21.11
2026-06-14 17:23:37,007,FBN1_016_716_83,0,0.0,15,1.0,2.0412,21.11
2026-06-14 17:33:40,007,FBN1_016_716_83,0,0.0,15,1.0,2.0304,21.12
2026-06-14 17:43:43,007,FBN1_016_716_83,25,0.042,13,0.954,2.0376,21.14
2026-06-14 17:53:47,007,FBN1_016_716_83,0,0.0,15,1.0,2.0448,21.15
2026-06-14 18:03:49,007,FBN1_016_716_83,0,0.0,15,1.0,0.0,21.16
2026-06-14 18:13:52,007,FBN1_016_716_83,194,0.322,7,0.591,0.0,21.25
2026-06-14 18:23:55,007,FBN1_016_716_83,242,0.403,5,0.452,0.0,21.33
2026-06-14 18:33:59,007,FBN1_016_716_83,102,0.17,11,0.812,0.0,21.35
2026-06-14 18:44:02,007,FBN1_016_716_83,374,0.621,1,0.097,0.0,21.48
2026-06-14 18:54:04,007,FBN1_016_716_83,275,0.458,1,0.127,0.0,21.53
2026-06-14 19:04:08,007,FBN1_016_716_83,179,0.298,8,0.641,0.0,21.55
2026-06-14 19:14:11,007,FBN1_016_716_83,240,0.399,7,0.538,0.0,21.6
2026-06-14 19:24:13,007,FBN1_016_716_83,210,0.349,4,0.432,0.0,21.61
2026-06-14 19:34:16,007,FBN1_016_716_83,90,0.15,9,0.8,0.0,21.57
2026-06-14 19:44:19,007,FBN1_016_716_83,208,0.346,3,0.366,0.0,21.65
2026-06-14 19:54:37,007,FBN1_016_716_83,7,0.012,14,0.988,0.0,21.62
2026-06-14 20:04:41,007,FBN1_016_716_83,4,0.007,14,0.993,0.0,21.53
2026-06-14 20:14:45,007,FBN1_016_716_83,119,0.198,8,0.729,0.0,21.52
2026-06-14 20:24:48,007,FBN1_016_716_83,191,0.317,2,0.295,0.0,21.57
2026-06-14 20:34:51,007,FBN1_016_716_83,18,0.03,13,0.967,0.0,21.52
2026-06-14 20:44:54,007,FBN1_016_716_83,73,0.121,10,0.846,0.0,21.5
2026-06-14 20:54:56,007,FBN1_016_716_83,8,0.013,12,0.984,0.0,21.45
2026-06-14 21:05:00,007,FBN1_016_716_83,11,0.018,14,0.981,0.0,21.42
2026-06-14 21:15:02,007,FBN1_016_716_83,2,0.003,14,0.996,0.0,21.4
2026-06-14 21:25:05,007,FBN1_016_716_83,43,0.072,13,0.924,0.0,21.39
2026-06-14 21:35:09,007,FBN1_016_716_83,314,0.522,3,0.276,0.0,21.5
2026-06-14 21:45:11,007,FBN1_016_716_83,153,0.255,6,0.611,0.0,21.54
2026-06-14 21:55:13,007,FBN1_016_716_83,24,0.04,13,0.956,0.0,21.48
2026-06-14 22:05:17,007,FBN1_016_716_83,0,0.0,15,1.0,0.0,21.43
2026-06-14 22:15:20,007,FBN1_016_716_83,15,0.025,15,0.976,0.0,21.38
2026-06-14 22:25:23,007,FBN1_016_716_83,2,0.003,14,0.996,0.0,21.34
2026-06-14 22:35:26,007,FBN1_016_716_83,117,0.195,10,0.774,0.0,21.37
2026-06-14 22:45:29,007,FBN1_016_716_83,201,0.334,6,0.544,0.0,21.54
2026-06-14 22:55:32,007,FBN1_016_716_83,333,0.554,1,0.107,0.0,21.77
2026-06-14 23:05:36,007,FBN1_016_716_83,317,0.527,1,0.112,0.0,22.08
2026-06-14 23:15:38,007,FBN1_016_716_83,189,0.314,6,0.559,0.0,22.1
2026-06-14 23:25:42,007,FBN1_016_716_83,2,0.003,14,0.996,0.0,21.9
2026-06-14 23:35:45,007,FBN1_016_716_83,69,0.115,11,0.864,0.0,21.81
2026-06-14 23:45:48,007,FBN1_016_716_83,289,0.48,1,0.122,0.0,21.93
2026-06-14 23:56:15,007,FBN1_016_716_83,203,0.339,3,0.372,0.0,22.01
2026-06-13 00:09:45,034,FBN1_016_716_84,13,0.022,13,0.976,0.0,21.55
2026-06-13 00:19:47,034,FBN1_016_716_84,34,0.057,12,0.934,0.0,21.49
2026-06-13 00:29:50,034,FBN1_016_716_84,91,0.151,11,0.829,0.0,21.45
2026-06-13 00:39:53,034,FBN1_016_716_84,211,0.351,3,0.363,0.0,21.44
2026-06-13 00:49:54,034,FBN1_016_716_84,103,0.172,9,0.778,0.0,21.43
2026-06-13 00:59:57,034,FBN1_016_716_84,152,0.252,5,0.568,0.0,21.45
2026-06-13 01:10:00,034,FBN1_016_716_84,283,0.471,1,0.124,0.0,21.47
2026-06-13 01:20:02,034,FBN1_016_716_84,173,0.288,4,0.48,0.0,21.47
2026-06-13 01:30:04,034,FBN1_016_716_84,200,0.333,6,0.545,0.0,21.44
2026-06-13 01:40:07,034,FBN1_016_716_84,169,0.281,3,0.415,0.0,21.46
2026-06-13 01:50:09,034,FBN1_016_716_84,256,0.427,1,0.135,0.0,21.49
2026-06-13 02:00:12,034,FBN1_016_716_84,174,0.29,5,0.535,0.0,21.51
2026-06-13 02:10:14,034,FBN1_016_716_84,208,0.346,4,0.435,0.0,21.51
2026-06-13 02:20:17,034,FBN1_016_716_84,374,0.622,0,0.0,0.0,21.63
2026-06-13 02:30:20,034,FBN1_016_716_84,281,0.468,2,0.222,0.0,21.66
2026-06-13 02:40:23,034,FBN1_016_716_84,59,0.098,9,0.859,0.0,21.56
2026-06-13 02:50:26,034,FBN1_016_716_84,230,0.383,0,0.0,0.0,21.53
2026-06-13 03:00:28,034,FBN1_016_716_84,228,0.379,1,0.149,0.0,21.5
2026-06-13 03:10:31,034,FBN1_016_716_84,186,0.309,5,0.518,0.0,21.47
2026-06-13 03:20:34,034,FBN1_016_716_84,12,0.02,10,0.971,0.0,21.45
2026-06-13 03:30:36,034,FBN1_016_716_84,69,0.115,11,0.864,0.0,21.45
2026-06-13 03:40:39,034,FBN1_016_716_84,43,0.072,10,0.903,0.0,21.42
2026-06-13 03:51:26,034,FBN1_016_716_84,239,0.4,4,0.401,0.0,21.58
2026-06-13 04:01:29,034,FBN1_016_716_84,247,0.411,2,0.245,0.0,21.63
2026-06-13 04:11:32,034,FBN1_016_716_84,279,0.465,2,0.223,0.0,21.6
2026-06-13 04:21:35,034,FBN1_016_716_84,204,0.339,5,0.495,0.0,21.55
2026-06-13 04:31:38,034,FBN1_016_716_84,287,0.478,0,0.0,0.0,21.54
2026-06-13 04:41:41,034,FBN1_016_716_84,454,0.755,0,0.0,0.0,21.56
2026-06-13 04:51:43,034,FBN1_016_716_84,162,0.27,8,0.664,0.0,21.55
2026-06-13 05:01:46,034,FBN1_016_716_84,107,0.178,6,0.692,0.0,21.51
2026-06-13 05:11:48,034,FBN1_016_716_84,22,0.037,10,0.948,0.0,21.48
2026-06-13 05:21:51,034,FBN1_016_716_84,280,0.467,2,0.222,0.0,21.48
2026-06-13 05:31:53,034,FBN1_016_716_84,178,0.297,4,0.473,0.0,21.49
2026-06-13 05:41:56,034,FBN1_016_716_84,246,0.409,3,0.328,0.0,21.49
2026-06-13 05:51:59,034,FBN1_016_716_84,268,0.445,4,0.374,0.0,21.45
2026-06-13 06:02:02,034,FBN1_016_716_84,240,0.4,5,0.455,0.3312,21.43
2026-06-13 06:12:03,034,FBN1_016_716_84,5,0.008,14,0.991,0.3312,21.38
2026-06-13 06:22:06,034,FBN1_016_716_84,9,0.015,14,0.984,0.3348,21.33
2026-06-13 06:32:09,034,FBN1_016_716_84,107,0.178,9,0.771,0.3096,21.31
2026-06-13 06:42:11,034,FBN1_016_716_84,54,0.09,8,0.856,0.3096,21.28
2026-06-13 06:52:14,034,FBN1_016_716_84,20,0.033,13,0.963,0.3204,21.26
2026-06-13 07:02:17,034,FBN1_016_716_84,20,0.033,11,0.957,0.3204,21.25
2026-06-13 07:12:19,034,FBN1_016_716_84,47,0.078,9,0.885,0.2664,21.23
2026-06-13 07:22:22,034,FBN1_016_716_84,100,0.166,10,0.8,0.2592,21.25
2026-06-13 07:32:25,034,FBN1_016_716_84,226,0.376,2,0.261,0.252,21.3
2026-06-13 07:42:27,034,FBN1_016_716_84,53,0.088,11,0.892,0.2592,21.33
2026-06-13 07:53:03,034,FBN1_016_716_84,23,0.039,12,0.954,0.2664,21.42
2026-06-13 08:03:05,034,FBN1_016_716_84,28,0.047,11,0.94,0.2664,21.4
2026-06-13 08:13:08,034,FBN1_016_716_84,33,0.055,10,0.924,0.2664,21.38
2026-06-13 08:23:11,034,FBN1_016_716_84,30,0.05,11,0.936,0.2664,21.36
2026-06-13 08:33:14,034,FBN1_016_716_84,185,0.308,6,0.565,0.2016,21.36
2026-06-13 08:43:15,034,FBN1_016_716_84,258,0.43,4,0.383,0.1728,21.36
2026-06-13 08:53:18,034,FBN1_016_716_84,54,0.09,9,0.87,0.18,21.38
2026-06-13 09:03:21,034,FBN1_016_716_84,6,0.01,14,0.989,0.1908,21.37
2026-06-13 09:13:23,034,FBN1_016_716_84,9,0.015,13,0.983,0.18,21.35
2026-06-13 09:23:25,034,FBN1_016_716_84,31,0.052,11,0.934,0.1908,21.34
2026-06-13 09:33:28,034,FBN1_016_716_84,8,0.013,13,0.985,0.1908,21.33
2026-06-13 09:43:30,034,FBN1_016_716_84,24,0.04,13,0.956,0.2196,21.33
2026-06-13 09:53:33,034,FBN1_016_716_84,9,0.015,14,0.984,0.216,21.33
2026-06-13 10:03:36,034,FBN1_016_716_84,32,0.053,12,0.938,0.2088,21.33
2026-06-13 10:13:39,034,FBN1_016_716_84,7,0.012,13,0.987,0.1908,21.32
2026-06-13 10:23:42,034,FBN1_016_716_84,27,0.045,12,0.947,0.1908,21.3
2026-06-13 10:33:45,034,FBN1_016_716_84,136,0.226,9,0.726,0.198,21.31
2026-06-13 10:43:47,034,FBN1_016_716_84,200,0.333,5,0.5,0.2448,21.3
2026-06-13 10:53:50,034,FBN1_016_716_84,10,0.017,13,0.981,0.2484,21.29
2026-06-13 11:03:53,034,FBN1_016_716_84,8,0.013,14,0.986,0.216,21.27
2026-06-13 11:13:56,034,FBN1_016_716_84,4,0.007,14,0.993,0.2268,21.25
2026-06-13 11:23:59,034,FBN1_016_716_84,4,0.007,14,0.993,0.2268,21.23
2026-06-13 11:34:02,034,FBN1_016_716_84,7,0.012,13,0.987,0.2376,21.21
2026-06-13 11:44:05,034,FBN1_016_716_84,12,0.02,13,0.977,0.2376,21.2
2026-06-13 11:54:46,034,FBN1_016_716_84,5,0.008,13,0.99,0.2412,21.28
2026-06-13 12:04:49,034,FBN1_016_716_84,12,0.02,13,0.977,0.2196,21.21
2026-06-13 12:14:51,034,FBN1_016_716_84,1,0.002,14,0.998,0.2196,21.16
2026-06-13 12:24:53,034,FBN1_016_716_84,82,0.136,7,0.773,0.2196,21.14
2026-06-13 12:34:56,034,FBN1_016_716_84,213,0.355,5,0.484,0.2304,21.15
2026-06-13 12:44:59,034,FBN1_016_716_84,15,0.025,14,0.974,0.2304,21.16
2026-06-13 12:55:01,034,FBN1_016_716_84,0,0.0,14,1.0,0.2412,21.17
2026-06-13 13:05:04,034,FBN1_016_716_84,0,0.0,15,1.0,0.2376,21.17
2026-06-13 13:15:06,034,FBN1_016_716_84,0,0.0,15,1.0,0.2304,21.17
2026-06-13 13:25:09,034,FBN1_016_716_84,0,0.0,15,1.0,0.2412,21.18
2026-06-13 13:35:12,034,FBN1_016_716_84,0,0.0,15,1.0,0.2412,21.17
2026-06-13 13:45:14,034,FBN1_016_716_84,0,0.0,15,1.0,0.2304,21.17
2026-06-13 13:55:17,034,FBN1_016_716_84,0,0.0,15,1.0,0.2304,21.17
2026-06-13 14:05:19,034,FBN1_016_716_84,0,0.0,14,1.0,0.2304,21.16
2026-06-13 14:15:21,034,FBN1_016_716_84,0,0.0,14,1.0,0.2304,21.15
2026-06-13 14:25:24,034,FBN1_016_716_84,0,0.0,15,1.0,0.2304,21.15
2026-06-13 14:35:27,034,FBN1_016_716_84,0,0.0,15,1.0,0.216,21.15
2026-06-13 14:45:29,034,FBN1_016_716_84,0,0.0,15,1.0,0.2196,21.15
2026-06-13 14:55:32,034,FBN1_016_716_84,0,0.0,15,1.0,0.216,21.15
2026-06-13 15:05:34,034,FBN1_016_716_84,0,0.0,14,1.0,0.216,21.14
2026-06-13 15:15:37,034,FBN1_016_716_84,0,0.0,15,1.0,0.2268,21.15
2026-06-13 15:25:39,034,FBN1_016_716_84,0,0.0,14,1.0,0.2268,21.15
2026-06-13 15:35:41,034,FBN1_016_716_84,0,0.0,14,1.0,0.216,21.14
2026-06-13 15:45:44,034,FBN1_016_716_84,0,0.0,15,1.0,0.216,21.15
2026-06-13 15:56:25,034,FBN1_016_716_84,0,0.0,14,1.0,0.2232,21.23
2026-06-13 16:06:28,034,FBN1_016_716_84,0,0.0,15,1.0,0.2124,21.2
2026-06-13 16:16:31,034,FBN1_016_716_84,107,0.178,7,0.724,0.2016,21.23
2026-06-13 16:26:33,034,FBN1_016_716_84,19,0.032,11,0.959,0.2448,21.23
2026-06-13 16:36:35,034,FBN1_016_716_84,5,0.008,13,0.99,0.234,21.23
2026-06-13 16:46:38,034,FBN1_016_716_84,5,0.008,13,0.99,0.2232,21.2
2026-06-13 16:56:40,034,FBN1_016_716_84,4,0.007,14,0.993,0.2232,21.18
2026-06-13 17:06:43,034,FBN1_016_716_84,0,0.0,15,1.0,0.2304,21.17
2026-06-13 17:16:46,034,FBN1_016_716_84,0,0.0,15,1.0,0.2376,21.16
2026-06-13 17:26:48,034,FBN1_016_716_84,6,0.01,13,0.989,0.2304,21.16
2026-06-13 17:36:51,034,FBN1_016_716_84,15,0.025,12,0.97,0.288,21.16
2026-06-13 17:46:53,034,FBN1_016_716_84,41,0.068,11,0.915,0.2916,21.15
2026-06-13 17:56:56,034,FBN1_016_716_84,130,0.216,4,0.552,0.1584,21.2
2026-06-13 18:06:59,034,FBN1_016_716_84,89,0.148,4,0.643,0.0,21.26
2026-06-13 18:17:01,034,FBN1_016_716_84,273,0.454,3,0.305,0.0,21.32
2026-06-13 18:27:04,034,FBN1_016_716_84,258,0.429,2,0.237,0.0,21.4
2026-06-13 18:37:08,034,FBN1_016_716_84,196,0.326,5,0.505,0.0,21.42
2026-06-13 18:47:10,034,FBN1_016_716_84,180,0.3,4,0.471,0.0,21.43
2026-06-13 18:57:13,034,FBN1_016_716_84,32,0.053,11,0.932,0.0,21.48
2026-06-13 19:07:16,034,FBN1_016_716_84,2,0.003,14,0.996,0.0,21.5
2026-06-13 19:17:18,034,FBN1_016_716_84,155,0.258,9,0.699,0.0,21.49
2026-06-13 19:27:21,034,FBN1_016_716_84,183,0.304,5,0.522,0.0,21.5
2026-06-13 19:37:23,034,FBN1_016_716_84,290,0.483,0,0.0,0.0,21.57
2026-06-13 19:47:26,034,FBN1_016_716_84,94,0.157,8,0.773,0.0,21.53
2026-06-13 19:58:09,034,FBN1_016_716_84,346,0.58,3,0.258,0.0,21.68
2026-06-13 20:08:12,034,FBN1_016_716_84,200,0.333,4,0.444,0.0,21.64
2026-06-13 20:18:15,034,FBN1_016_716_84,159,0.264,7,0.638,0.0,21.6
2026-06-13 20:28:18,034,FBN1_016_716_84,210,0.349,6,0.533,0.0,21.66
2026-06-13 20:38:20,034,FBN1_016_716_84,194,0.323,4,0.452,0.0,21.6
2026-06-13 20:48:23,034,FBN1_016_716_84,20,0.033,13,0.963,0.0,21.54
2026-06-13 20:58:25,034,FBN1_016_716_84,8,0.013,13,0.985,0.0,21.47
2026-06-13 21:08:28,034,FBN1_016_716_84,32,0.053,11,0.932,0.0,21.42
2026-06-13 21:18:31,034,FBN1_016_716_84,93,0.155,8,0.775,0.0,21.39
2026-06-13 21:28:33,034,FBN1_016_716_84,294,0.489,3,0.29,0.0,21.42
2026-06-13 21:38:36,034,FBN1_016_716_84,224,0.373,5,0.472,0.0,21.44
2026-06-13 21:48:39,034,FBN1_016_716_84,231,0.384,2,0.257,0.0,21.5
2026-06-13 21:58:42,034,FBN1_016_716_84,77,0.128,11,0.851,0.0,21.48
2026-06-13 22:08:45,034,FBN1_016_716_84,204,0.34,6,0.541,0.0,21.48
2026-06-13 22:18:47,034,FBN1_016_716_84,124,0.207,5,0.617,0.0,21.46
2026-06-13 22:28:49,034,FBN1_016_716_84,24,0.04,12,0.952,0.0,21.44
2026-06-13 22:38:51,034,FBN1_016_716_84,14,0.023,14,0.976,0.0,21.4
2026-06-13 22:48:53,034,FBN1_016_716_84,33,0.055,11,0.93,0.0,21.39
2026-06-13 22:58:56,034,FBN1_016_716_84,14,0.023,12,0.972,0.0,21.36
2026-06-13 23:08:59,034,FBN1_016_716_84,50,0.083,9,0.878,0.0,21.36
2026-06-13 23:19:01,034,FBN1_016_716_84,245,0.408,3,0.329,0.0,21.48
2026-06-13 23:29:03,034,FBN1_016_716_84,70,0.116,11,0.863,0.0,21.45
2026-06-13 23:39:06,034,FBN1_016_716_84,204,0.339,3,0.37,0.0,21.42
2026-06-13 23:49:08,034,FBN1_016_716_84,148,0.247,5,0.575,0.0,21.42
2026-06-13 23:59:52,034,FBN1_016_716_84,109,0.183,8,0.746,0.0,21.52
2026-06-14 00:09:55,034,FBN1_016_716_84,122,0.203,7,0.697,0.0,21.45
2026-06-14 00:19:58,034,FBN1_016_716_84,111,0.185,9,0.764,0.0,21.42
2026-06-14 00:30:00,034,FBN1_016_716_84,47,0.078,10,0.895,0.0,21.4
2026-06-14 00:40:03,034,FBN1_016_716_84,85,0.141,9,0.809,0.0,21.37
2026-06-14 00:50:05,034,FBN1_016_716_84,120,0.2,9,0.75,0.0,21.47
2026-06-14 01:00:08,034,FBN1_016_716_84,72,0.12,9,0.833,0.0,21.54
2026-06-14 01:10:11,034,FBN1_016_716_84,239,0.398,4,0.401,0.0,21.57
2026-06-14 01:20:13,034,FBN1_016_716_84,65,0.108,11,0.871,0.0,21.45
2026-06-14 01:30:17,034,FBN1_016_716_84,175,0.291,5,0.533,0.0,21.41
2026-06-14 01:40:20,034,FBN1_016_716_84,127,0.211,5,0.612,0.0,21.37
2026-06-14 01:50:22,034,FBN1_016_716_84,246,0.409,6,0.494,0.0,21.39
2026-06-14 02:00:25,034,FBN1_016_716_84,224,0.373,2,0.263,0.0,21.41
2026-06-14 02:10:28,034,FBN1_016_716_84,57,0.095,7,0.831,0.0,21.46
2026-06-14 02:20:31,034,FBN1_016_716_84,194,0.323,2,0.292,0.0,21.43
2026-06-14 02:30:34,034,FBN1_016_716_84,71,0.118,7,0.798,0.0,21.39
2026-06-14 02:40:36,034,FBN1_016_716_84,43,0.072,9,0.893,0.0,21.36
2026-06-14 02:50:39,034,FBN1_016_716_84,0,0.0,14,1.0,0.0,21.31
2026-06-14 03:00:41,034,FBN1_016_716_84,11,0.018,13,0.979,0.0,21.26
2026-06-14 03:10:45,034,FBN1_016_716_84,0,0.0,15,1.0,0.0,21.23
2026-06-14 03:20:47,034,FBN1_016_716_84,4,0.007,14,0.993,0.0,21.2
2026-06-14 03:30:49,034,FBN1_016_716_84,8,0.013,14,0.986,0.0,21.17
2026-06-14 03:40:52,034,FBN1_016_716_84,13,0.022,12,0.974,0.0,21.16
2026-06-14 03:50:55,034,FBN1_016_716_84,0,0.0,15,1.0,0.0,21.15
2026-06-14 04:01:40,034,FBN1_016_716_84,155,0.26,4,0.508,0.0,21.27
2026-06-14 04:11:43,034,FBN1_016_716_84,158,0.263,7,0.639,0.0,21.25
2026-06-14 04:21:45,034,FBN1_016_716_84,252,0.419,2,0.241,0.0,21.26
2026-06-14 04:31:48,034,FBN1_016_716_84,233,0.388,4,0.407,0.0,21.35
2026-06-14 04:41:49,034,FBN1_016_716_84,156,0.26,7,0.642,0.0,21.39
2026-06-14 04:51:53,034,FBN1_016_716_84,148,0.246,7,0.654,0.0,21.36
2026-06-14 05:01:55,034,FBN1_016_716_84,133,0.221,9,0.73,0.0,21.33
2026-06-14 05:11:58,034,FBN1_016_716_84,149,0.248,5,0.573,0.0,21.35
2026-06-14 05:22:00,034,FBN1_016_716_84,112,0.186,6,0.682,0.0,21.35
2026-06-14 05:32:03,034,FBN1_016_716_84,246,0.41,5,0.448,0.0,21.37
2026-06-14 05:42:05,034,FBN1_016_716_84,171,0.285,5,0.539,0.0,21.44
2026-06-14 05:52:08,034,FBN1_016_716_84,204,0.339,3,0.37,0.0,21.72
2026-06-14 06:02:10,034,FBN1_016_716_84,106,0.176,8,0.751,0.2664,21.56
2026-06-14 06:12:13,034,FBN1_016_716_84,74,0.123,12,0.866,0.2628,21.47
2026-06-14 06:22:15,034,FBN1_016_716_84,137,0.228,6,0.637,0.2808,21.45
2026-06-14 06:32:18,034,FBN1_016_716_84,165,0.275,2,0.327,0.3132,21.41
2026-06-14 06:42:21,034,FBN1_016_716_84,15,0.025,11,0.967,0.2988,21.37
2026-06-14 06:52:23,034,FBN1_016_716_84,0,0.0,15,1.0,0.2952,21.33
2026-06-14 07:02:26,034,FBN1_016_716_84,0,0.0,15,1.0,0.2988,21.29
2026-06-14 07:12:29,034,FBN1_016_716_84,2,0.003,14,0.996,0.2952,21.25
2026-06-14 07:22:31,034,FBN1_016_716_84,0,0.0,14,1.0,0.288,21.21
2026-06-14 07:32:34,034,FBN1_016_716_84,0,0.0,15,1.0,0.288,21.18
2026-06-14 07:42:35,034,FBN1_016_716_84,1,0.002,14,0.998,0.288,21.16
2026-06-14 07:52:38,034,FBN1_016_716_84,0,0.0,15,1.0,0.288,21.14
2026-06-14 08:03:17,034,FBN1_016_716_84,1,0.002,14,0.998,0.288,21.24
2026-06-14 08:13:19,034,FBN1_016_716_84,0,0.0,15,1.0,0.288,21.19
2026-06-14 08:23:22,034,FBN1_016_716_84,49,0.082,8,0.867,0.2808,21.16
2026-06-14 08:33:25,034,FBN1_016_716_84,73,0.121,7,0.793,0.2088,21.17
2026-06-14 08:43:27,034,FBN1_016_716_84,10,0.017,12,0.98,0.2088,21.2
2026-06-14 08:53:29,034,FBN1_016_716_84,4,0.007,14,0.993,0.216,21.23
2026-06-14 09:03:32,034,FBN1_016_716_84,12,0.02,12,0.976,0.2196,21.23
2026-06-14 09:13:35,034,FBN1_016_716_84,4,0.007,13,0.992,0.2196,21.21
2026-06-14 09:23:38,034,FBN1_016_716_84,4,0.007,13,0.992,0.2088,21.2
2026-06-14 09:33:40,034,FBN1_016_716_84,4,0.007,13,0.992,0.2088,21.19
2026-06-14 09:43:43,034,FBN1_016_716_84,3,0.005,14,0.995,0.234,21.19
2026-06-14 09:53:46,034,FBN1_016_716_84,12,0.02,13,0.977,0.2412,21.2
2026-06-14 10:03:48,034,FBN1_016_716_84,0,0.0,15,1.0,0.2196,21.2
2026-06-14 10:13:50,034,FBN1_016_716_84,12,0.02,13,0.977,0.216,21.19
2026-06-14 10:23:53,034,FBN1_016_716_84,149,0.248,2,0.349,0.2016,21.23
2026-06-14 10:33:55,034,FBN1_016_716_84,82,0.136,9,0.814,0.2088,21.21
2026-06-14 10:43:58,034,FBN1_016_716_84,90,0.15,11,0.83,0.288,21.21
2026-06-14 10:54:00,034,FBN1_016_716_84,2,0.003,14,0.996,0.3024,21.2
2026-06-14 11:04:03,034,FBN1_016_716_84,0,0.0,15,1.0,0.2952,21.19
2026-06-14 11:14:05,034,FBN1_016_716_84,0,0.0,15,1.0,0.2952,21.16
2026-06-14 11:24:08,034,FBN1_016_716_84,0,0.0,15,1.0,0.2952,21.14
2026-06-14 11:34:09,034,FBN1_016_716_84,0,0.0,14,1.0,0.324,21.13
2026-06-14 11:44:12,034,FBN1_016_716_84,0,0.0,15,1.0,0.324,21.13
2026-06-14 11:54:15,034,FBN1_016_716_84,0,0.0,15,1.0,0.288,21.14
2026-06-14 12:04:58,034,FBN1_016_716_84,0,0.0,14,1.0,0.2952,21.22
2026-06-14 12:15:01,034,FBN1_016_716_84,0,0.0,15,1.0,0.288,21.18
2026-06-14 12:25:04,034,FBN1_016_716_84,0,0.0,15,1.0,0.2844,21.15
2026-06-14 12:35:06,034,FBN1_016_716_84,1,0.002,14,0.998,0.2736,21.14
2026-06-14 12:45:08,034,FBN1_016_716_84,70,0.117,10,0.851,0.216,21.15
2026-06-14 12:55:11,034,FBN1_016_716_84,90,0.15,10,0.816,0.2304,21.18
2026-06-14 13:05:14,034,FBN1_016_716_84,0,0.0,15,1.0,0.2304,21.2
2026-06-14 13:15:16,034,FBN1_016_716_84,0,0.0,14,1.0,0.234,21.17
2026-06-14 13:25:18,034,FBN1_016_716_84,0,0.0,15,1.0,0.2304,21.18
2026-06-14 13:35:21,034,FBN1_016_716_84,0,0.0,15,1.0,0.2304,21.17
2026-06-14 13:45:24,034,FBN1_016_716_84,0,0.0,15,1.0,0.234,21.17
2026-06-14 13:55:27,034,FBN1_016_716_84,0,0.0,15,1.0,0.2304,21.15
2026-06-14 14:05:30,034,FBN1_016_716_84,0,0.0,15,1.0,0.234,21.15
2026-06-14 14:15:33,034,FBN1_016_716_84,1,0.002,14,0.998,0.2304,21.14
2026-06-14 14:25:35,034,FBN1_016_716_84,0,0.0,15,1.0,0.2376,21.14
2026-06-14 14:35:38,034,FBN1_016_716_84,0,0.0,15,1.0,0.2376,21.14
2026-06-14 14:45:41,034,FBN1_016_716_84,0,0.0,15,1.0,0.2376,21.15
2026-06-14 14:55:44,034,FBN1_016_716_84,0,0.0,15,1.0,0.2412,21.17
2026-06-14 15:05:47,034,FBN1_016_716_84,118,0.196,8,0.731,0.1368,21.19
2026-06-14 15:15:49,034,FBN1_016_716_84,3,0.005,13,0.994,0.2016,21.21
2026-06-14 15:25:52,034,FBN1_016_716_84,5,0.008,13,0.99,0.2088,21.18
2026-06-14 15:35:54,034,FBN1_016_716_84,0,0.0,15,1.0,0.1872,21.17
2026-06-14 15:45:57,034,FBN1_016_716_84,2,0.003,14,0.996,0.198,21.16
2026-06-14 15:56:00,034,FBN1_016_716_84,0,0.0,15,1.0,0.1872,21.15
2026-06-14 16:06:45,034,FBN1_016_716_84,4,0.007,13,0.992,0.1944,21.25
2026-06-14 16:16:47,034,FBN1_016_716_84,2,0.003,14,0.996,0.2088,21.21
2026-06-14 16:26:49,034,FBN1_016_716_84,5,0.008,14,0.991,0.2088,21.2
2026-06-14 16:36:52,034,FBN1_016_716_84,2,0.003,14,0.996,0.198,21.18
2026-06-14 16:46:54,034,FBN1_016_716_84,0,0.0,14,1.0,0.1944,21.17
2026-06-14 16:56:56,034,FBN1_016_716_84,12,0.02,11,0.973,0.1908,21.16
2026-06-14 17:06:58,034,FBN1_016_716_84,46,0.077,10,0.897,0.1944,21.17
2026-06-14 17:17:00,034,FBN1_016_716_84,65,0.108,7,0.812,0.1728,21.19
2026-06-14 17:27:04,034,FBN1_016_716_84,0,0.0,15,1.0,0.1836,21.19
2026-06-14 17:37:07,034,FBN1_016_716_84,31,0.052,9,0.921,0.2268,21.18
2026-06-14 17:47:10,034,FBN1_016_716_84,75,0.125,8,0.81,0.1296,21.21
2026-06-14 17:57:13,034,FBN1_016_716_84,9,0.015,13,0.983,0.1908,21.23
2026-06-14 18:07:15,034,FBN1_016_716_84,16,0.027,12,0.968,0.0,21.24
2026-06-14 18:17:18,034,FBN1_016_716_84,128,0.213,4,0.556,0.0,21.29
2026-06-14 18:27:20,034,FBN1_016_716_84,192,0.319,5,0.51,0.0,21.38
2026-06-14 18:37:24,034,FBN1_016_716_84,187,0.311,4,0.461,0.0,21.39
2026-06-14 18:47:27,034,FBN1_016_716_84,256,0.426,1,0.135,0.0,21.38
2026-06-14 18:57:29,034,FBN1_016_716_84,6,0.01,14,0.989,0.0,21.35
2026-06-14 19:07:33,034,FBN1_016_716_84,253,0.421,3,0.322,0.0,21.38
2026-06-14 19:17:35,034,FBN1_016_716_84,235,0.391,1,0.145,0.0,21.47
2026-06-14 19:27:38,034,FBN1_016_716_84,101,0.168,10,0.798,0.0,21.44
2026-06-14 19:37:41,034,FBN1_016_716_84,118,0.196,9,0.753,0.0,21.39
2026-06-14 19:47:43,034,FBN1_016_716_84,88,0.146,7,0.761,0.0,21.43
2026-06-14 19:57:46,034,FBN1_016_716_84,2,0.003,14,0.996,0.0,21.42
2026-06-14 20:08:20,034,FBN1_016_716_84,2,0.003,14,0.996,0.0,21.47
2026-06-14 20:18:21,034,FBN1_016_716_84,19,0.032,12,0.962,0.0,21.43
2026-06-14 20:28:24,034,FBN1_016_716_84,21,0.035,11,0.954,0.0,21.42
2026-06-14 20:38:26,034,FBN1_016_716_84,14,0.023,13,0.974,0.0,21.39
2026-06-14 20:48:29,034,FBN1_016_716_84,189,0.315,1,0.175,0.0,21.47
2026-06-14 20:58:32,034,FBN1_016_716_84,190,0.316,6,0.558,0.0,21.51
2026-06-14 21:08:34,034,FBN1_016_716_84,95,0.158,7,0.747,0.0,21.49
2026-06-14 21:18:37,034,FBN1_016_716_84,226,0.376,2,0.261,0.0,21.51
2026-06-14 21:28:40,034,FBN1_016_716_84,226,0.376,3,0.347,0.0,21.54
2026-06-14 21:38:42,034,FBN1_016_716_84,88,0.147,10,0.82,0.0,21.53
2026-06-14 21:48:45,034,FBN1_016_716_84,141,0.235,8,0.694,0.0,21.48
2026-06-14 21:58:47,034,FBN1_016_716_84,44,0.073,9,0.891,0.0,21.45
2026-06-14 22:08:50,034,FBN1_016_716_84,21,0.035,12,0.958,0.0,21.43
2026-06-14 22:18:53,034,FBN1_016_716_84,145,0.241,6,0.623,0.0,21.41
2026-06-14 22:28:55,034,FBN1_016_716_84,202,0.337,4,0.442,0.0,21.39
2026-06-14 22:38:58,034,FBN1_016_716_84,158,0.263,6,0.603,0.0,21.38
2026-06-14 22:49:01,034,FBN1_016_716_84,60,0.1,12,0.889,0.0,21.37
2026-06-14 22:59:03,034,FBN1_016_716_84,235,0.391,3,0.338,0.0,21.45
2026-06-14 23:09:06,034,FBN1_016_716_84,271,0.452,2,0.228,0.0,21.54
2026-06-14 23:19:09,034,FBN1_016_716_84,179,0.297,5,0.528,0.0,21.5
2026-06-14 23:29:12,034,FBN1_016_716_84,377,0.627,0,0.0,0.0,21.53
2026-06-14 23:39:15,034,FBN1_016_716_84,85,0.141,10,0.825,0.0,21.48
2026-06-14 23:49:18,034,FBN1_016_716_84,117,0.195,8,0.732,0.0,21.45
2026-06-14 23:59:20,034,FBN1_016_716_84,115,0.191,10,0.777,0.0,21.43
2026-06-13 00:03:53,030,FBN1_016_722_64,121,0.201,6,0.665,0.0,21.87
2026-06-13 00:13:57,030,FBN1_016_722_64,155,0.257,3,0.436,0.0,21.83
2026-06-13 00:23:59,030,FBN1_016_722_64,159,0.265,1,0.201,0.0,21.78
2026-06-13 00:34:01,030,FBN1_016_722_64,282,0.469,1,0.124,0.0,21.87
2026-06-13 00:44:04,030,FBN1_016_722_64,95,0.158,8,0.771,0.0,21.81
2026-06-13 00:54:06,030,FBN1_016_722_64,59,0.098,9,0.859,0.0,21.75
2026-06-13 01:04:09,030,FBN1_016_722_64,197,0.328,3,0.379,0.0,21.71
2026-06-13 01:14:11,030,FBN1_016_722_64,222,0.369,3,0.351,0.0,21.85
2026-06-13 01:24:13,030,FBN1_016_722_64,52,0.087,11,0.894,0.0,21.75
2026-06-13 01:34:16,030,FBN1_016_722_64,34,0.057,11,0.928,0.0,21.69
2026-06-13 01:44:17,030,FBN1_016_722_64,0,0.0,14,1.0,0.0,21.61
2026-06-13 01:54:20,030,FBN1_016_722_64,0,0.0,14,1.0,0.0,21.54
2026-06-13 02:04:22,030,FBN1_016_722_64,0,0.0,14,1.0,0.0,21.5
2026-06-13 02:14:26,030,FBN1_016_722_64,0,0.0,14,1.0,0.0,21.45
2026-06-13 02:24:30,030,FBN1_016_722_64,0,0.0,14,1.0,0.0,21.41
2026-06-13 02:34:34,030,FBN1_016_722_64,0,0.0,14,1.0,0.0,21.39
2026-06-13 02:44:38,030,FBN1_016_722_64,0,0.0,14,1.0,0.0,21.37
2026-06-13 02:54:41,030,FBN1_016_722_64,0,0.0,14,1.0,0.0,21.34
2026-06-13 03:04:43,030,FBN1_016_722_64,0,0.0,14,1.0,0.0,21.33
2026-06-13 03:14:45,030,FBN1_016_722_64,0,0.0,14,1.0,0.0,21.33
2026-06-13 03:24:48,030,FBN1_016_722_64,23,0.038,13,0.958,0.0,21.32
2026-06-13 03:34:50,030,FBN1_016_722_64,92,0.153,10,0.813,0.0,21.39
2026-06-13 03:45:09,030,FBN1_016_722_64,0,0.0,14,1.0,0.0,21.43
2026-06-13 03:55:11,030,FBN1_016_722_64,0,0.0,14,1.0,0.0,21.42
2026-06-13 04:05:13,030,FBN1_016_722_64,0,0.0,14,1.0,0.0,21.4
2026-06-13 04:15:17,030,FBN1_016_722_64,79,0.131,9,0.82,0.0,21.44
2026-06-13 04:25:20,030,FBN1_016_722_64,195,0.324,5,0.506,0.0,21.62
2026-06-13 04:35:24,030,FBN1_016_722_64,115,0.191,7,0.709,0.0,21.6
2026-06-13 04:45:28,030,FBN1_016_722_64,256,0.425,1,0.135,0.0,21.65
2026-06-13 04:55:31,030,FBN1_016_722_64,175,0.291,6,0.578,0.0,21.66
2026-06-13 05:05:32,030,FBN1_016_722_64,181,0.302,6,0.57,0.0,21.65
2026-06-13 05:15:36,030,FBN1_016_722_64,66,0.11,8,0.829,0.0,21.64
2026-06-13 05:25:40,030,FBN1_016_722_64,301,0.499,0,0.0,0.0,21.93
2026-06-13 05:35:45,030,FBN1_016_722_64,109,0.181,6,0.688,0.0,21.89
2026-06-13 05:45:47,030,FBN1_016_722_64,69,0.115,7,0.802,0.0,21.79
2026-06-13 05:55:50,030,FBN1_016_722_64,145,0.242,8,0.688,0.0,21.76
2026-06-13 06:05:54,030,FBN1_016_722_64,105,0.174,6,0.696,0.3456,21.71
2026-06-13 06:15:57,030,FBN1_016_722_64,32,0.053,12,0.938,0.3456,21.66
2026-06-13 06:25:59,030,FBN1_016_722_64,28,0.047,12,0.945,0.306,21.61
2026-06-13 06:36:02,030,FBN1_016_722_64,14,0.023,12,0.972,0.2448,21.59
2026-06-13 06:46:04,030,FBN1_016_722_64,7,0.012,14,0.988,0.252,21.56
2026-06-13 06:56:06,030,FBN1_016_722_64,0,0.0,14,1.0,0.2592,21.49
2026-06-13 07:06:10,030,FBN1_016_722_64,0,0.0,14,1.0,0.252,21.45
2026-06-13 07:16:12,030,FBN1_016_722_64,0,0.0,14,1.0,0.252,21.39
2026-06-13 07:26:16,030,FBN1_016_722_64,0,0.0,14,1.0,0.252,21.37
2026-06-13 07:36:21,030,FBN1_016_722_64,0,0.0,14,1.0,0.252,21.32
2026-06-13 07:46:39,030,FBN1_016_722_64,0,0.0,14,1.0,0.2628,21.34
2026-06-13 07:56:41,030,FBN1_016_722_64,0,0.0,14,1.0,0.252,21.31
2026-06-13 08:06:45,030,FBN1_016_722_64,0,0.0,14,1.0,0.252,21.28
2026-06-13 08:16:48,030,FBN1_016_722_64,0,0.0,14,1.0,0.252,21.28
2026-06-13 08:26:52,030,FBN1_016_722_64,0,0.0,14,1.0,0.252,21.25
2026-06-13 08:36:55,030,FBN1_016_722_64,0,0.0,14,1.0,0.252,21.25
2026-06-13 08:46:57,030,FBN1_016_722_64,0,0.0,14,1.0,0.252,21.24
2026-06-13 08:57:00,030,FBN1_016_722_64,0,0.0,14,1.0,0.252,21.23
2026-06-13 09:07:03,030,FBN1_016_722_64,0,0.0,14,1.0,0.252,21.24
2026-06-13 09:17:05,030,FBN1_016_722_64,0,0.0,14,1.0,0.252,21.24
2026-06-13 09:27:07,030,FBN1_016_722_64,0,0.0,14,1.0,0.252,21.24
2026-06-13 09:37:10,030,FBN1_016_722_64,0,0.0,14,1.0,0.252,21.25
2026-06-13 09:47:14,030,FBN1_016_722_64,0,0.0,14,1.0,0.2736,21.23
2026-06-13 09:57:16,030,FBN1_016_722_64,0,0.0,14,1.0,0.2736,21.23
2026-06-13 10:07:20,030,FBN1_016_722_64,0,0.0,14,1.0,0.2592,21.23
2026-06-13 10:17:23,030,FBN1_016_722_64,0,0.0,14,1.0,0.252,21.23
2026-06-13 10:27:24,030,FBN1_016_722_64,0,0.0,14,1.0,0.252,21.22
2026-06-13 10:37:26,030,FBN1_016_722_64,0,0.0,14,1.0,0.2736,21.2
2026-06-13 10:47:29,030,FBN1_016_722_64,0,0.0,14,1.0,0.2736,21.2
2026-06-13 10:57:31,030,FBN1_016_722_64,0,0.0,14,1.0,0.2736,21.19
2026-06-13 11:07:32,030,FBN1_016_722_64,0,0.0,14,1.0,0.252,21.18
2026-06-13 11:17:35,030,FBN1_016_722_64,0,0.0,14,1.0,0.252,21.17
2026-06-13 11:27:39,030,FBN1_016_722_64,0,0.0,14,1.0,0.2736,21.17
2026-06-13 11:37:42,030,FBN1_016_722_64,35,0.058,11,0.926,0.2664,21.18
2026-06-13 11:48:07,030,FBN1_016_722_64,3,0.005,14,0.995,0.2448,21.25
2026-06-13 11:58:11,030,FBN1_016_722_64,17,0.028,13,0.968,0.2808,21.27
2026-06-13 12:08:13,030,FBN1_016_722_64,0,0.0,14,1.0,0.2592,21.19
2026-06-13 12:18:16,030,FBN1_016_722_64,0,0.0,14,1.0,0.2592,21.12
2026-06-13 12:28:18,030,FBN1_016_722_64,0,0.0,14,1.0,0.2592,21.07
2026-06-13 12:38:20,030,FBN1_016_722_64,0,0.0,14,1.0,0.2592,21.06
2026-06-13 12:48:22,030,FBN1_016_722_64,0,0.0,14,1.0,0.2592,21.04
2026-06-13 12:58:25,030,FBN1_016_722_64,0,0.0,14,1.0,0.2592,21.04
2026-06-13 13:08:27,030,FBN1_016_722_64,0,0.0,14,1.0,0.2592,21.05
2026-06-13 13:18:29,030,FBN1_016_722_64,0,0.0,14,1.0,0.2592,21.06
2026-06-13 13:28:31,030,FBN1_016_722_64,0,0.0,14,1.0,0.2592,21.06
2026-06-13 13:38:34,030,FBN1_016_722_64,0,0.0,14,1.0,0.2628,21.07
2026-06-13 13:48:36,030,FBN1_016_722_64,0,0.0,14,1.0,0.2592,21.07
2026-06-13 13:58:41,030,FBN1_016_722_64,0,0.0,14,1.0,0.2592,21.06
2026-06-13 14:08:44,030,FBN1_016_722_64,0,0.0,14,1.0,0.2592,21.07
2026-06-13 14:18:46,030,FBN1_016_722_64,24,0.04,12,0.952,0.252,21.09
2026-06-13 14:28:50,030,FBN1_016_722_64,0,0.0,14,1.0,0.252,21.11
2026-06-13 14:38:53,030,FBN1_016_722_64,0,0.0,14,1.0,0.252,21.1
2026-06-13 14:48:55,030,FBN1_016_722_64,0,0.0,14,1.0,0.252,21.1
2026-06-13 14:58:59,030,FBN1_016_722_64,0,0.0,14,1.0,0.252,21.09
2026-06-13 15:09:01,030,FBN1_016_722_64,0,0.0,14,1.0,0.252,21.09
2026-06-13 15:19:03,030,FBN1_016_722_64,0,0.0,14,1.0,0.252,21.1
2026-06-13 15:29:08,030,FBN1_016_722_64,0,0.0,14,1.0,0.252,21.09
2026-06-13 15:39:10,030,FBN1_016_722_64,0,0.0,14,1.0,0.252,21.1
2026-06-13 15:49:39,030,FBN1_016_722_64,0,0.0,14,1.0,0.252,21.19
2026-06-13 15:59:41,030,FBN1_016_722_64,0,0.0,14,1.0,0.252,21.16
2026-06-13 16:09:43,030,FBN1_016_722_64,0,0.0,14,1.0,0.252,21.14
2026-06-13 16:19:46,030,FBN1_016_722_64,11,0.018,13,0.979,0.216,21.16
2026-06-13 16:29:48,030,FBN1_016_722_64,97,0.161,8,0.767,0.2592,21.23
2026-06-13 16:39:51,030,FBN1_016_722_64,0,0.0,14,1.0,0.2592,21.22
2026-06-13 16:49:55,030,FBN1_016_722_64,0,0.0,14,1.0,0.2592,21.21
2026-06-13 16:59:57,030,FBN1_016_722_64,0,0.0,14,1.0,0.2628,21.2
2026-06-13 17:10:00,030,FBN1_016_722_64,0,0.0,14,1.0,0.2592,21.2
2026-06-13 17:20:03,030,FBN1_016_722_64,0,0.0,14,1.0,0.2592,21.19
2026-06-13 17:30:07,030,FBN1_016_722_64,0,0.0,14,1.0,0.2592,21.19
2026-06-13 17:40:10,030,FBN1_016_722_64,6,0.01,14,0.989,0.2592,21.2
2026-06-13 17:50:14,030,FBN1_016_722_64,60,0.1,9,0.857,0.252,21.24
2026-06-13 18:00:18,030,FBN1_016_722_64,36,0.06,12,0.93,0.0,21.31
2026-06-13 18:10:20,030,FBN1_016_722_64,24,0.04,13,0.956,0.0,21.33
2026-06-13 18:20:23,030,FBN1_016_722_64,235,0.392,2,0.254,0.0,21.67
2026-06-13 18:30:25,030,FBN1_016_722_64,146,0.243,7,0.657,0.0,21.74
2026-06-13 18:40:28,030,FBN1_016_722_64,144,0.24,8,0.69,0.0,21.81
2026-06-13 18:50:31,030,FBN1_016_722_64,220,0.367,3,0.353,0.0,21.84
2026-06-13 19:00:34,030,FBN1_016_722_64,226,0.375,4,0.415,0.0,21.88
2026-06-13 19:10:38,030,FBN1_016_722_64,146,0.243,8,0.687,0.0,21.83
2026-06-13 19:20:41,030,FBN1_016_722_64,198,0.329,4,0.447,0.0,21.83
2026-06-13 19:30:43,030,FBN1_016_722_64,157,0.262,4,0.505,0.0,21.81
2026-06-13 19:40:47,030,FBN1_016_722_64,204,0.339,5,0.495,0.0,21.8
2026-06-13 19:51:06,030,FBN1_016_722_64,157,0.263,6,0.605,0.0,21.84
2026-06-13 20:01:09,030,FBN1_016_722_64,323,0.538,0,0.0,0.0,22.13
2026-06-13 20:11:12,030,FBN1_016_722_64,147,0.244,4,0.521,0.0,21.99
2026-06-13 20:21:14,030,FBN1_016_722_64,318,0.53,2,0.201,0.0,21.95
2026-06-13 20:31:18,030,FBN1_016_722_64,270,0.449,0,0.0,0.0,22.0
2026-06-13 20:41:22,030,FBN1_016_722_64,154,0.256,6,0.609,0.0,21.93
2026-06-13 20:51:24,030,FBN1_016_722_64,256,0.426,3,0.319,0.0,21.89
2026-06-13 21:01:28,030,FBN1_016_722_64,123,0.205,8,0.722,0.0,21.82
2026-06-13 21:11:30,030,FBN1_016_722_64,50,0.083,12,0.906,0.0,21.77
2026-06-13 21:21:34,030,FBN1_016_722_64,143,0.238,9,0.716,0.0,21.72
2026-06-13 21:31:38,030,FBN1_016_722_64,279,0.463,0,0.0,0.0,21.85
2026-06-13 21:41:41,030,FBN1_016_722_64,232,0.386,5,0.463,0.0,21.8
2026-06-13 21:51:43,030,FBN1_016_722_64,251,0.418,4,0.389,0.0,21.83
2026-06-13 22:01:48,030,FBN1_016_722_64,136,0.226,8,0.702,0.0,21.77
2026-06-13 22:11:51,030,FBN1_016_722_64,255,0.424,2,0.239,0.0,21.8
2026-06-13 22:21:53,030,FBN1_016_722_64,193,0.321,7,0.592,0.0,21.79
2026-06-13 22:31:56,030,FBN1_016_722_64,237,0.394,3,0.336,0.0,21.78
2026-06-13 22:42:00,030,FBN1_016_722_64,275,0.456,3,0.304,0.0,21.78
2026-06-13 22:52:02,030,FBN1_016_722_64,224,0.373,4,0.417,0.0,21.86
2026-06-13 23:02:05,030,FBN1_016_722_64,221,0.368,3,0.352,0.0,21.83
2026-06-13 23:12:09,030,FBN1_016_722_64,295,0.489,2,0.213,0.0,21.92
2026-06-13 23:22:11,030,FBN1_016_722_64,154,0.257,6,0.609,0.0,21.88
2026-06-13 23:32:14,030,FBN1_016_722_64,190,0.316,5,0.513,0.0,21.91
2026-06-13 23:42:18,030,FBN1_016_722_64,332,0.551,1,0.108,0.0,22.04
2026-06-13 23:52:52,030,FBN1_016_722_64,196,0.328,5,0.505,0.0,22.05
2026-06-14 00:02:54,030,FBN1_016_722_64,196,0.326,6,0.55,0.0,22.06
2026-06-14 00:12:56,030,FBN1_016_722_64,211,0.351,3,0.363,0.0,22.0
2026-06-14 00:22:58,030,FBN1_016_722_64,244,0.406,3,0.33,0.0,21.98
2026-06-14 00:33:01,030,FBN1_016_722_64,135,0.225,9,0.727,0.0,21.94
2026-06-14 00:43:05,030,FBN1_016_722_64,224,0.372,4,0.417,0.0,22.01
2026-06-14 00:53:07,030,FBN1_016_722_64,85,0.142,7,0.767,0.0,21.93
2026-06-14 01:03:10,030,FBN1_016_722_64,210,0.35,5,0.488,0.0,21.89
2026-06-14 01:13:12,030,FBN1_016_722_64,179,0.298,6,0.573,0.0,21.8
2026-06-14 01:23:14,030,FBN1_016_722_64,67,0.112,12,0.878,0.0,21.73
2026-06-14 01:33:17,030,FBN1_016_722_64,0,0.0,14,1.0,0.0,21.62
2026-06-14 01:43:20,030,FBN1_016_722_64,0,0.0,14,1.0,0.0,21.51
2026-06-14 01:53:24,030,FBN1_016_722_64,0,0.0,14,1.0,0.0,21.41
2026-06-14 02:03:26,030,FBN1_016_722_64,86,0.143,10,0.823,0.0,21.39
2026-06-14 02:13:29,030,FBN1_016_722_64,152,0.253,8,0.678,0.0,21.48
2026-06-14 02:23:32,030,FBN1_016_722_64,224,0.372,4,0.417,0.0,21.66
2026-06-14 02:33:37,030,FBN1_016_722_64,179,0.297,6,0.573,0.0,21.77
2026-06-14 02:43:39,030,FBN1_016_722_64,189,0.314,4,0.458,0.0,21.73
2026-06-14 02:53:42,030,FBN1_016_722_64,178,0.296,5,0.529,0.0,21.73
2026-06-14 03:03:44,030,FBN1_016_722_64,136,0.227,6,0.638,0.0,21.82
2026-06-14 03:13:47,030,FBN1_016_722_64,87,0.145,6,0.734,0.0,21.74
2026-06-14 03:23:51,030,FBN1_016_722_64,35,0.058,13,0.937,0.0,21.65
2026-06-14 03:33:53,030,FBN1_016_722_64,0,0.0,14,1.0,0.0,21.54
2026-06-14 03:43:57,030,FBN1_016_722_64,0,0.0,14,1.0,0.0,21.44
2026-06-14 03:54:27,030,FBN1_016_722_64,0,0.0,14,1.0,0.0,21.43
2026-06-14 04:04:29,030,FBN1_016_722_64,151,0.251,7,0.65,0.0,21.48
2026-06-14 04:14:32,030,FBN1_016_722_64,0,0.0,14,1.0,0.0,21.41
2026-06-14 04:24:34,030,FBN1_016_722_64,86,0.143,9,0.807,0.0,21.4
2026-06-14 04:34:36,030,FBN1_016_722_64,0,0.0,14,1.0,0.0,21.38
2026-06-14 04:44:39,030,FBN1_016_722_64,106,0.176,6,0.694,0.0,21.5
2026-06-14 04:54:44,030,FBN1_016_722_64,124,0.206,7,0.693,0.0,21.69
2026-06-14 05:04:45,030,FBN1_016_722_64,32,0.053,11,0.932,0.0,21.61
2026-06-14 05:14:49,030,FBN1_016_722_64,0,0.0,14,1.0,0.0,21.51
2026-06-14 05:24:52,030,FBN1_016_722_64,129,0.215,7,0.685,0.0,21.51
2026-06-14 05:34:54,030,FBN1_016_722_64,82,0.136,4,0.661,0.0,21.52
2026-06-14 05:44:56,030,FBN1_016_722_64,182,0.303,3,0.397,0.0,21.58
2026-06-14 05:54:59,030,FBN1_016_722_64,120,0.2,6,0.667,0.0,21.68
2026-06-14 06:05:03,030,FBN1_016_722_64,63,0.104,6,0.792,0.2448,21.6
2026-06-14 06:15:07,030,FBN1_016_722_64,74,0.123,6,0.764,0.252,21.57
2026-06-14 06:25:09,030,FBN1_016_722_64,0,0.0,14,1.0,0.252,21.51
2026-06-14 06:35:11,030,FBN1_016_722_64,0,0.0,14,1.0,0.2556,21.42
2026-06-14 06:45:16,030,FBN1_016_722_64,0,0.0,14,1.0,0.252,21.34
2026-06-14 06:55:18,030,FBN1_016_722_64,0,0.0,14,1.0,0.2628,21.29
2026-06-14 07:05:20,030,FBN1_016_722_64,0,0.0,14,1.0,0.2448,21.25
2026-06-14 07:15:22,030,FBN1_016_722_64,0,0.0,14,1.0,0.2448,21.2
2026-06-14 07:25:25,030,FBN1_016_722_64,0,0.0,14,1.0,0.2448,21.17
2026-06-14 07:35:28,030,FBN1_016_722_64,49,0.082,11,0.9,0.18,21.19
2026-06-14 07:45:30,030,FBN1_016_722_64,1,0.002,14,0.998,0.2448,21.18
2026-06-14 07:56:01,030,FBN1_016_722_64,0,0.0,14,1.0,0.2448,21.21
2026-06-14 08:06:04,030,FBN1_016_722_64,0,0.0,14,1.0,0.2448,21.16
2026-06-14 08:16:05,030,FBN1_016_722_64,0,0.0,14,1.0,0.2448,21.13
2026-06-14 08:26:09,030,FBN1_016_722_64,0,0.0,14,1.0,0.2448,21.11
2026-06-14 08:36:14,030,FBN1_016_722_64,0,0.0,14,1.0,0.2484,21.08
2026-06-14 08:46:16,030,FBN1_016_722_64,0,0.0,14,1.0,0.2448,21.07
2026-06-14 08:56:19,030,FBN1_016_722_64,0,0.0,14,1.0,0.2448,21.07
2026-06-14 09:06:21,030,FBN1_016_722_64,0,0.0,14,1.0,0.2448,21.05
2026-06-14 09:16:24,030,FBN1_016_722_64,0,0.0,14,1.0,0.2448,21.06
2026-06-14 09:26:27,030,FBN1_016_722_64,0,0.0,14,1.0,0.2448,21.05
2026-06-14 09:36:30,030,FBN1_016_722_64,0,0.0,14,1.0,0.2664,21.04
2026-06-14 09:46:33,030,FBN1_016_722_64,0,0.0,14,1.0,0.2664,21.05
2026-06-14 09:56:36,030,FBN1_016_722_64,0,0.0,14,1.0,0.2664,21.04
2026-06-14 10:06:38,030,FBN1_016_722_64,0,0.0,14,1.0,0.2448,21.04
2026-06-14 10:16:43,030,FBN1_016_722_64,0,0.0,14,1.0,0.2448,21.05
2026-06-14 10:26:45,030,FBN1_016_722_64,6,0.01,14,0.989,0.2448,21.07
2026-06-14 10:36:49,030,FBN1_016_722_64,0,0.0,14,1.0,0.2448,21.07
2026-06-14 10:46:51,030,FBN1_016_722_64,0,0.0,14,1.0,0.2448,21.06
2026-06-14 10:56:55,030,FBN1_016_722_64,0,0.0,14,1.0,0.2448,21.08
2026-06-14 11:06:57,030,FBN1_016_722_64,0,0.0,14,1.0,0.2448,21.07
2026-06-14 11:16:59,030,FBN1_016_722_64,0,0.0,14,1.0,0.2448,21.07
2026-06-14 11:27:03,030,FBN1_016_722_64,0,0.0,14,1.0,0.2448,21.08
2026-06-14 11:37:05,030,FBN1_016_722_64,0,0.0,14,1.0,0.2664,21.07
2026-06-14 11:47:08,030,FBN1_016_722_64,0,0.0,14,1.0,0.2664,21.07
2026-06-14 11:57:37,030,FBN1_016_722_64,0,0.0,14,1.0,0.2448,21.15
2026-06-14 12:07:41,030,FBN1_016_722_64,7,0.012,13,0.987,0.2448,21.12
2026-06-14 12:17:44,030,FBN1_016_722_64,0,0.0,14,1.0,0.2448,21.13
2026-06-14 12:27:46,030,FBN1_016_722_64,0,0.0,14,1.0,0.2448,21.13
2026-06-14 12:37:50,030,FBN1_016_722_64,0,0.0,14,1.0,0.2448,21.12
2026-06-14 12:47:52,030,FBN1_016_722_64,0,0.0,14,1.0,0.2448,21.11
2026-06-14 12:57:56,030,FBN1_016_722_64,0,0.0,14,1.0,0.2448,21.1
2026-06-14 13:07:58,030,FBN1_016_722_64,0,0.0,14,1.0,0.2448,21.1
2026-06-14 13:18:01,030,FBN1_016_722_64,0,0.0,14,1.0,0.2448,21.1
2026-06-14 13:28:04,030,FBN1_016_722_64,0,0.0,14,1.0,0.2448,21.09
2026-06-14 13:38:06,030,FBN1_016_722_64,0,0.0,14,1.0,0.2448,21.09
2026-06-14 13:48:09,030,FBN1_016_722_64,0,0.0,14,1.0,0.2448,21.09
2026-06-14 13:58:13,030,FBN1_016_722_64,0,0.0,14,1.0,0.2448,21.1
2026-06-14 14:08:16,030,FBN1_016_722_64,0,0.0,14,1.0,0.2448,21.13
2026-06-14 14:18:20,030,FBN1_016_722_64,145,0.24,4,0.525,0.2448,21.22
2026-06-14 14:28:22,030,FBN1_016_722_64,1,0.002,14,0.998,0.252,21.21
2026-06-14 14:38:25,030,FBN1_016_722_64,0,0.0,14,1.0,0.2628,21.21
2026-06-14 14:48:28,030,FBN1_016_722_64,0,0.0,14,1.0,0.252,21.19
2026-06-14 14:58:32,030,FBN1_016_722_64,0,0.0,14,1.0,0.2628,21.18
2026-06-14 15:08:35,030,FBN1_016_722_64,0,0.0,14,1.0,0.252,21.17
2026-06-14 15:18:37,030,FBN1_016_722_64,0,0.0,14,1.0,0.252,21.16
2026-06-14 15:28:40,030,FBN1_016_722_64,0,0.0,14,1.0,0.252,21.14
2026-06-14 15:38:42,030,FBN1_016_722_64,0,0.0,14,1.0,0.252,21.14
2026-06-14 15:48:47,030,FBN1_016_722_64,0,0.0,14,1.0,0.252,21.12
2026-06-14 15:59:14,030,FBN1_016_722_64,0,0.0,14,1.0,0.2592,21.18
2026-06-14 16:09:17,030,FBN1_016_722_64,1,0.002,14,0.998,0.2304,21.16
2026-06-14 16:19:21,030,FBN1_016_722_64,0,0.0,14,1.0,0.2628,21.16
2026-06-14 16:29:23,030,FBN1_016_722_64,59,0.098,10,0.871,0.252,21.21
2026-06-14 16:39:26,030,FBN1_016_722_64,54,0.09,9,0.87,0.252,21.29
2026-06-14 16:49:28,030,FBN1_016_722_64,0,0.0,14,1.0,0.252,21.28
2026-06-14 16:59:30,030,FBN1_016_722_64,0,0.0,14,1.0,0.252,21.27
2026-06-14 17:09:33,030,FBN1_016_722_64,0,0.0,14,1.0,0.252,21.25
2026-06-14 17:19:36,030,FBN1_016_722_64,0,0.0,14,1.0,0.252,21.25
2026-06-14 17:29:40,030,FBN1_016_722_64,0,0.0,14,1.0,0.252,21.23
2026-06-14 17:39:44,030,FBN1_016_722_64,2,0.003,14,0.996,0.2304,21.23
2026-06-14 17:49:46,030,FBN1_016_722_64,37,0.062,12,0.928,0.252,21.27
2026-06-14 17:59:51,030,FBN1_016_722_64,0,0.0,14,1.0,0.2448,21.27
2026-06-14 18:09:53,030,FBN1_016_722_64,45,0.075,12,0.914,0.0,21.3
2026-06-14 18:19:57,030,FBN1_016_722_64,285,0.473,2,0.219,0.0,21.47
2026-06-14 18:30:00,030,FBN1_016_722_64,186,0.309,5,0.518,0.0,21.66
2026-06-14 18:40:02,030,FBN1_016_722_64,341,0.567,2,0.19,0.0,21.67
2026-06-14 18:50:06,030,FBN1_016_722_64,163,0.271,5,0.551,0.0,21.67
2026-06-14 19:00:09,030,FBN1_016_722_64,146,0.243,8,0.687,0.0,21.74
2026-06-14 19:10:11,030,FBN1_016_722_64,72,0.12,10,0.847,0.0,21.66
2026-06-14 19:20:13,030,FBN1_016_722_64,141,0.235,7,0.665,0.0,21.71
2026-06-14 19:30:16,030,FBN1_016_722_64,134,0.223,5,0.599,0.0,21.8
2026-06-14 19:40:19,030,FBN1_016_722_64,8,0.013,14,0.986,0.0,21.71
2026-06-14 19:50:22,030,FBN1_016_722_64,0,0.0,14,1.0,0.0,21.63
2026-06-14 20:00:47,030,FBN1_016_722_64,0,0.0,14,1.0,0.0,21.61
2026-06-14 20:10:51,030,FBN1_016_722_64,72,0.12,12,0.87,0.0,21.55
2026-06-14 20:20:54,030,FBN1_016_722_64,209,0.348,6,0.535,0.0,21.6
2026-06-14 20:30:56,030,FBN1_016_722_64,286,0.476,2,0.219,0.0,21.75
2026-06-14 20:40:59,030,FBN1_016_722_64,98,0.163,9,0.786,0.0,21.76
2026-06-14 20:51:03,030,FBN1_016_722_64,272,0.452,2,0.227,0.0,21.94
2026-06-14 21:01:05,030,FBN1_016_722_64,89,0.148,10,0.818,0.0,21.86
2026-06-14 21:11:08,030,FBN1_016_722_64,186,0.309,3,0.392,0.0,21.9
2026-06-14 21:21:10,030,FBN1_016_722_64,84,0.14,8,0.792,0.0,21.86
2026-06-14 21:31:13,030,FBN1_016_722_64,139,0.232,6,0.633,0.0,21.85
2026-06-14 21:41:15,030,FBN1_016_722_64,148,0.246,5,0.575,0.0,21.82
2026-06-14 21:51:18,030,FBN1_016_722_64,104,0.173,9,0.776,0.0,21.82
2026-06-14 22:01:22,030,FBN1_016_722_64,64,0.106,7,0.814,0.0,21.77
2026-06-14 22:11:27,030,FBN1_016_722_64,150,0.249,2,0.348,0.0,21.8
2026-06-14 22:21:30,030,FBN1_016_722_64,160,0.266,4,0.5,0.0,21.99
2026-06-14 22:31:32,030,FBN1_016_722_64,80,0.133,7,0.778,0.0,21.91
2026-06-14 22:41:34,030,FBN1_016_722_64,158,0.263,4,0.503,0.0,21.92
2026-06-14 22:51:36,030,FBN1_016_722_64,99,0.165,9,0.784,0.0,21.89
2026-06-14 23:01:39,030,FBN1_016_722_64,119,0.198,6,0.669,0.0,21.9
2026-06-14 23:11:41,030,FBN1_016_722_64,204,0.34,2,0.282,0.0,22.11
2026-06-14 23:21:44,030,FBN1_016_722_64,146,0.243,5,0.578,0.0,22.18
2026-06-14 23:31:48,030,FBN1_016_722_64,119,0.197,9,0.752,0.0,22.15
2026-06-14 23:41:51,030,FBN1_016_722_64,61,0.102,12,0.887,0.0,22.03
2026-06-14 23:51:53,030,FBN1_016_722_64,170,0.283,4,0.485,0.0,22.02
2026-06-13 00:05:57,039,FBN1_016_722_65,163,0.271,5,0.551,0.0,21.86
2026-06-13 00:15:59,039,FBN1_016_722_65,23,0.038,12,0.954,0.0,21.84
2026-06-13 00:26:02,039,FBN1_016_722_65,18,0.03,14,0.969,0.0,21.81
2026-06-13 00:36:05,039,FBN1_016_722_65,57,0.095,9,0.863,0.0,21.8
2026-06-13 00:46:08,039,FBN1_016_722_65,9,0.015,13,0.983,0.0,21.82
2026-06-13 00:56:26,039,FBN1_016_722_65,8,0.013,13,0.985,0.0,21.85
2026-06-13 01:06:29,039,FBN1_016_722_65,15,0.025,12,0.97,0.0,21.81
2026-06-13 01:16:32,039,FBN1_016_722_65,91,0.151,8,0.779,0.0,21.78
2026-06-13 01:26:34,039,FBN1_016_722_65,349,0.581,0,0.0,0.0,21.83
2026-06-13 01:36:37,039,FBN1_016_722_65,110,0.183,11,0.8,0.0,21.83
2026-06-13 01:46:40,039,FBN1_016_722_65,239,0.398,5,0.456,0.0,21.92
2026-06-13 01:56:43,039,FBN1_016_722_65,267,0.444,4,0.375,0.0,21.9
2026-06-13 02:06:46,039,FBN1_016_722_65,375,0.624,0,0.0,0.0,21.93
2026-06-13 02:16:48,039,FBN1_016_722_65,128,0.213,7,0.686,0.0,21.88
2026-06-13 02:26:50,039,FBN1_016_722_65,219,0.364,5,0.477,0.0,21.85
2026-06-13 02:36:53,039,FBN1_016_722_65,165,0.274,8,0.66,0.0,21.86
2026-06-13 02:46:56,039,FBN1_016_722_65,175,0.291,8,0.646,0.0,21.91
2026-06-13 02:56:58,039,FBN1_016_722_65,160,0.267,7,0.636,0.0,21.87
2026-06-13 03:07:00,039,FBN1_016_722_65,322,0.536,2,0.199,0.0,21.82
2026-06-13 03:17:03,039,FBN1_016_722_65,5,0.008,14,0.991,0.0,21.74
2026-06-13 03:27:05,039,FBN1_016_722_65,0,0.0,15,1.0,0.0,21.67
2026-06-13 03:37:07,039,FBN1_016_722_65,1,0.002,15,0.998,0.0,21.61
2026-06-13 03:47:10,039,FBN1_016_722_65,32,0.053,12,0.938,0.0,21.58
2026-06-13 03:57:12,039,FBN1_016_722_65,1,0.002,14,0.998,0.0,21.55
2026-06-13 04:07:15,039,FBN1_016_722_65,0,0.0,15,1.0,0.0,21.52
2026-06-13 04:17:18,039,FBN1_016_722_65,5,0.008,15,0.992,0.0,21.49
2026-06-13 04:27:21,039,FBN1_016_722_65,47,0.078,11,0.903,0.0,21.51
2026-06-13 04:37:24,039,FBN1_016_722_65,131,0.218,9,0.733,0.0,21.56
2026-06-13 04:47:27,039,FBN1_016_722_65,75,0.125,10,0.842,0.0,21.57
2026-06-13 04:57:43,039,FBN1_016_722_65,252,0.421,5,0.442,0.0,21.71
2026-06-13 05:07:46,039,FBN1_016_722_65,197,0.328,5,0.504,0.0,21.77
2026-06-13 05:17:48,039,FBN1_016_722_65,131,0.218,8,0.71,0.0,21.73
2026-06-13 05:27:51,039,FBN1_016_722_65,133,0.221,8,0.706,0.0,21.7
2026-06-13 05:37:54,039,FBN1_016_722_65,179,0.297,6,0.573,0.0,21.71
2026-06-13 05:47:57,039,FBN1_016_722_65,208,0.347,1,0.161,0.0,21.69
2026-06-13 05:57:59,039,FBN1_016_722_65,81,0.135,11,0.845,0.0,21.66
2026-06-13 06:08:02,039,FBN1_016_722_65,0,0.0,15,1.0,0.4176,21.62
2026-06-13 06:18:05,039,FBN1_016_722_65,0,0.0,15,1.0,0.432,21.57
2026-06-13 06:28:07,039,FBN1_016_722_65,0,0.0,15,1.0,0.396,21.51
2026-06-13 06:38:10,039,FBN1_016_722_65,0,0.0,15,1.0,0.4284,21.48
2026-06-13 06:48:12,039,FBN1_016_722_65,0,0.0,15,1.0,0.4104,21.45
2026-06-13 06:58:15,039,FBN1_016_722_65,0,0.0,15,1.0,0.4068,21.41
2026-06-13 07:08:18,039,FBN1_016_722_65,21,0.035,13,0.961,0.2592,21.4
2026-06-13 07:18:21,039,FBN1_016_722_65,7,0.012,14,0.988,0.2916,21.41
2026-06-13 07:28:23,039,FBN1_016_722_65,0,0.0,15,1.0,0.2988,21.39
2026-06-13 07:38:26,039,FBN1_016_722_65,0,0.0,15,1.0,0.2952,21.39
2026-06-13 07:48:28,039,FBN1_016_722_65,0,0.0,15,1.0,0.306,21.38
2026-06-13 07:58:31,039,FBN1_016_722_65,0,0.0,15,1.0,0.3024,21.38
2026-06-13 08:08:34,039,FBN1_016_722_65,0,0.0,15,1.0,0.3024,21.36
2026-06-13 08:18:37,039,FBN1_016_722_65,0,0.0,15,1.0,0.3024,21.37
2026-06-13 08:28:39,039,FBN1_016_722_65,0,0.0,15,1.0,0.3024,21.37
2026-06-13 08:38:42,039,FBN1_016_722_65,0,0.0,15,1.0,0.3096,21.36
2026-06-13 08:48:45,039,FBN1_016_722_65,2,0.003,14,0.996,0.2736,21.38
2026-06-13 08:59:05,039,FBN1_016_722_65,92,0.154,9,0.796,0.3204,21.49
2026-06-13 09:09:07,039,FBN1_016_722_65,91,0.152,8,0.779,0.4176,21.52
2026-06-13 09:19:10,039,FBN1_016_722_65,137,0.228,5,0.593,0.2736,21.55
2026-06-13 09:29:12,039,FBN1_016_722_65,1,0.002,14,0.998,0.2808,21.53
2026-06-13 09:39:15,039,FBN1_016_722_65,0,0.0,15,1.0,0.3024,21.52
2026-06-13 09:49:17,039,FBN1_016_722_65,0,0.0,15,1.0,0.3384,21.5
2026-06-13 09:59:19,039,FBN1_016_722_65,2,0.003,14,0.996,0.3384,21.47
2026-06-13 10:09:22,039,FBN1_016_722_65,1,0.002,14,0.998,0.2952,21.46
2026-06-13 10:19:24,039,FBN1_016_722_65,0,0.0,15,1.0,0.27,21.46
2026-06-13 10:29:27,039,FBN1_016_722_65,4,0.007,14,0.993,0.2808,21.43
2026-06-13 10:39:30,039,FBN1_016_722_65,0,0.0,15,1.0,0.3096,21.42
2026-06-13 10:49:32,039,FBN1_016_722_65,0,0.0,15,1.0,0.3204,21.4
2026-06-13 10:59:36,039,FBN1_016_722_65,1,0.002,15,0.998,0.288,21.39
2026-06-13 11:09:38,039,FBN1_016_722_65,3,0.005,14,0.995,0.2952,21.38
2026-06-13 11:19:41,039,FBN1_016_722_65,0,0.0,15,1.0,0.3204,21.36
2026-06-13 11:29:43,039,FBN1_016_722_65,2,0.003,14,0.996,0.3168,21.36
2026-06-13 11:39:45,039,FBN1_016_722_65,15,0.025,11,0.967,0.2268,21.36
2026-06-13 11:49:47,039,FBN1_016_722_65,26,0.043,13,0.952,0.4536,21.36
2026-06-13 11:59:50,039,FBN1_016_722_65,83,0.138,8,0.794,0.2952,21.38
2026-06-13 12:09:52,039,FBN1_016_722_65,0,0.0,15,1.0,0.288,21.33
2026-06-13 12:19:55,039,FBN1_016_722_65,0,0.0,15,1.0,0.288,21.28
2026-06-13 12:29:58,039,FBN1_016_722_65,0,0.0,15,1.0,0.288,21.25
2026-06-13 12:40:00,039,FBN1_016_722_65,0,0.0,15,1.0,0.288,21.24
2026-06-13 12:50:03,039,FBN1_016_722_65,0,0.0,15,1.0,0.2808,21.24
2026-06-13 13:00:20,039,FBN1_016_722_65,0,0.0,15,1.0,0.2952,21.27
2026-06-13 13:10:22,039,FBN1_016_722_65,0,0.0,15,1.0,0.2736,21.28
2026-06-13 13:20:25,039,FBN1_016_722_65,0,0.0,15,1.0,0.2736,21.27
2026-06-13 13:30:28,039,FBN1_016_722_65,0,0.0,15,1.0,0.2808,21.28
2026-06-13 13:40:31,039,FBN1_016_722_65,0,0.0,15,1.0,0.2808,21.29
2026-06-13 13:50:33,039,FBN1_016_722_65,5,0.008,14,0.991,0.288,21.29
2026-06-13 14:00:36,039,FBN1_016_722_65,3,0.005,14,0.995,0.2736,21.29
2026-06-13 14:10:39,039,FBN1_016_722_65,90,0.15,9,0.8,0.2448,21.34
2026-06-13 14:20:41,039,FBN1_016_722_65,48,0.08,13,0.915,0.2052,21.39
2026-06-13 14:30:44,039,FBN1_016_722_65,0,0.0,15,1.0,0.252,21.38
2026-06-13 14:40:47,039,FBN1_016_722_65,2,0.003,14,0.996,0.2556,21.37
2026-06-13 14:50:50,039,FBN1_016_722_65,0,0.0,15,1.0,0.216,21.34
2026-06-13 15:00:52,039,FBN1_016_722_65,0,0.0,15,1.0,0.2304,21.34
2026-06-13 15:10:56,039,FBN1_016_722_65,0,0.0,15,1.0,0.2268,21.33
2026-06-13 15:20:58,039,FBN1_016_722_65,0,0.0,15,1.0,0.2232,21.33
2026-06-13 15:31:00,039,FBN1_016_722_65,0,0.0,15,1.0,0.2448,21.32
2026-06-13 15:41:04,039,FBN1_016_722_65,0,0.0,15,1.0,0.2556,21.33
2026-06-13 15:51:06,039,FBN1_016_722_65,2,0.003,15,0.997,0.2232,21.33
2026-06-13 16:01:08,039,FBN1_016_722_65,0,0.0,15,1.0,0.1872,21.34
2026-06-13 16:11:11,039,FBN1_016_722_65,3,0.005,14,0.995,0.3348,21.36
2026-06-13 16:21:14,039,FBN1_016_722_65,131,0.218,8,0.71,0.3888,21.43
2026-06-13 16:31:17,039,FBN1_016_722_65,170,0.282,6,0.585,0.3456,21.47
2026-06-13 16:41:20,039,FBN1_016_722_65,119,0.198,7,0.702,0.216,21.49
2026-06-13 16:51:23,039,FBN1_016_722_65,0,0.0,15,1.0,0.2628,21.46
2026-06-13 17:01:41,039,FBN1_016_722_65,0,0.0,15,1.0,0.2376,21.47
2026-06-13 17:11:44,039,FBN1_016_722_65,0,0.0,15,1.0,0.2592,21.43
2026-06-13 17:21:47,039,FBN1_016_722_65,0,0.0,15,1.0,0.252,21.39
2026-06-13 17:31:50,039,FBN1_016_722_65,0,0.0,15,1.0,0.2448,21.38
2026-06-13 17:41:53,039,FBN1_016_722_65,0,0.0,15,1.0,0.1728,21.37
2026-06-13 17:51:55,039,FBN1_016_722_65,0,0.0,15,1.0,0.2412,21.39
2026-06-13 18:01:58,039,FBN1_016_722_65,41,0.068,12,0.921,0.0,21.42
2026-06-13 18:12:01,039,FBN1_016_722_65,24,0.04,14,0.959,0.0,21.44
2026-06-13 18:22:04,039,FBN1_016_722_65,278,0.463,3,0.302,0.0,21.54
2026-06-13 18:32:07,039,FBN1_016_722_65,140,0.233,8,0.696,0.0,21.57
2026-06-13 18:42:10,039,FBN1_016_722_65,372,0.618,2,0.177,0.0,21.77
2026-06-13 18:52:13,039,FBN1_016_722_65,244,0.406,7,0.534,0.0,21.82
2026-06-13 19:02:15,039,FBN1_016_722_65,211,0.351,3,0.363,0.0,21.85
2026-06-13 19:12:19,039,FBN1_016_722_65,263,0.438,3,0.313,0.0,22.0
2026-06-13 19:22:22,039,FBN1_016_722_65,153,0.255,9,0.702,0.0,21.94
2026-06-13 19:32:25,039,FBN1_016_722_65,367,0.61,2,0.179,0.0,21.97
2026-06-13 19:42:28,039,FBN1_016_722_65,111,0.185,9,0.764,0.0,21.92
2026-06-13 19:52:30,039,FBN1_016_722_65,182,0.303,8,0.637,0.0,21.89
2026-06-13 20:02:32,039,FBN1_016_722_65,301,0.502,2,0.21,0.0,22.14
2026-06-13 20:12:35,039,FBN1_016_722_65,134,0.223,10,0.749,0.0,22.12
2026-06-13 20:22:37,039,FBN1_016_722_65,263,0.438,5,0.432,0.0,22.06
2026-06-13 20:32:39,039,FBN1_016_722_65,179,0.298,6,0.573,0.0,22.01
2026-06-13 20:42:42,039,FBN1_016_722_65,88,0.146,10,0.82,0.0,21.96
2026-06-13 20:52:44,039,FBN1_016_722_65,294,0.489,4,0.352,0.0,22.09
2026-06-13 21:03:07,039,FBN1_016_722_65,277,0.462,1,0.126,0.0,22.09
2026-06-13 21:13:10,039,FBN1_016_722_65,170,0.283,5,0.541,0.0,22.01
2026-06-13 21:23:13,039,FBN1_016_722_65,15,0.025,12,0.97,0.0,21.93
2026-06-13 21:33:16,039,FBN1_016_722_65,4,0.007,14,0.993,0.0,21.85
2026-06-13 21:43:19,039,FBN1_016_722_65,2,0.003,14,0.996,0.0,21.78
2026-06-13 21:53:21,039,FBN1_016_722_65,0,0.0,15,1.0,0.0,21.76
2026-06-13 22:03:24,039,FBN1_016_722_65,0,0.0,15,1.0,0.0,21.73
2026-06-13 22:13:27,039,FBN1_016_722_65,2,0.003,14,0.996,0.0,21.7
2026-06-13 22:23:30,039,FBN1_016_722_65,21,0.035,13,0.961,0.0,21.74
2026-06-13 22:33:33,039,FBN1_016_722_65,149,0.248,8,0.682,0.0,21.73
2026-06-13 22:43:36,039,FBN1_016_722_65,221,0.368,5,0.475,0.0,21.79
2026-06-13 22:53:39,039,FBN1_016_722_65,79,0.131,11,0.848,0.0,21.81
2026-06-13 23:03:41,039,FBN1_016_722_65,226,0.376,4,0.415,0.0,21.86
2026-06-13 23:13:43,039,FBN1_016_722_65,173,0.288,8,0.649,0.0,21.9
2026-06-13 23:23:46,039,FBN1_016_722_65,178,0.296,8,0.643,0.0,21.84
2026-06-13 23:33:49,039,FBN1_016_722_65,243,0.404,4,0.397,0.0,21.86
2026-06-13 23:43:52,039,FBN1_016_722_65,267,0.444,1,0.13,0.0,21.88
2026-06-13 23:53:54,039,FBN1_016_722_65,168,0.28,6,0.588,0.0,21.86
2026-06-14 00:03:58,039,FBN1_016_722_65,47,0.078,13,0.917,0.0,21.79
2026-06-14 00:14:00,039,FBN1_016_722_65,268,0.447,2,0.23,0.0,21.88
2026-06-14 00:24:02,039,FBN1_016_722_65,104,0.173,9,0.776,0.0,21.85
2026-06-14 00:34:05,039,FBN1_016_722_65,0,0.0,15,1.0,0.0,21.78
2026-06-14 00:44:08,039,FBN1_016_722_65,0,0.0,15,1.0,0.0,21.72
2026-06-14 00:54:10,039,FBN1_016_722_65,0,0.0,15,1.0,0.0,21.67
2026-06-14 01:04:30,039,FBN1_016_722_65,0,0.0,15,1.0,0.0,21.66
2026-06-14 01:14:33,039,FBN1_016_722_65,0,0.0,15,1.0,0.0,21.62
2026-06-14 01:24:35,039,FBN1_016_722_65,0,0.0,15,1.0,0.0,21.58
2026-06-14 01:34:38,039,FBN1_016_722_65,0,0.0,15,1.0,0.0,21.55
2026-06-14 01:44:41,039,FBN1_016_722_65,1,0.002,14,0.998,0.0,21.53
2026-06-14 01:54:44,039,FBN1_016_722_65,1,0.002,15,0.998,0.0,21.51
2026-06-14 02:04:47,039,FBN1_016_722_65,0,0.0,15,1.0,0.0,21.5
2026-06-14 02:14:49,039,FBN1_016_722_65,3,0.005,14,0.995,0.0,21.51
2026-06-14 02:24:51,039,FBN1_016_722_65,170,0.283,6,0.585,0.0,21.54
2026-06-14 02:34:54,039,FBN1_016_722_65,339,0.564,2,0.191,0.0,21.59
2026-06-14 02:44:57,039,FBN1_016_722_65,175,0.292,6,0.578,0.0,21.62
2026-06-14 02:54:59,039,FBN1_016_722_65,30,0.05,14,0.949,0.0,21.59
2026-06-14 03:05:03,039,FBN1_016_722_65,219,0.364,6,0.523,0.0,21.61
2026-06-14 03:15:05,039,FBN1_016_722_65,53,0.088,13,0.908,0.0,21.62
2026-06-14 03:25:08,039,FBN1_016_722_65,243,0.405,6,0.497,0.0,21.69
2026-06-14 03:35:10,039,FBN1_016_722_65,152,0.253,9,0.703,0.0,21.67
2026-06-14 03:45:13,039,FBN1_016_722_65,228,0.38,5,0.467,0.0,21.82
2026-06-14 03:55:16,039,FBN1_016_722_65,158,0.262,7,0.639,0.0,21.78
2026-06-14 04:05:18,039,FBN1_016_722_65,129,0.215,9,0.736,0.0,21.72
2026-06-14 04:15:21,039,FBN1_016_722_65,158,0.263,9,0.695,0.0,21.68
2026-06-14 04:25:23,039,FBN1_016_722_65,263,0.438,2,0.233,0.0,21.7
2026-06-14 04:35:25,039,FBN1_016_722_65,240,0.4,6,0.5,0.0,21.69
2026-06-14 04:45:28,039,FBN1_016_722_65,137,0.228,9,0.724,0.0,21.66
2026-06-14 04:55:30,039,FBN1_016_722_65,80,0.133,11,0.846,0.0,21.65
2026-06-14 05:05:45,039,FBN1_016_722_65,219,0.366,5,0.477,0.0,21.77
2026-06-14 05:15:47,039,FBN1_016_722_65,265,0.441,4,0.376,0.0,21.75
2026-06-14 05:25:50,039,FBN1_016_722_65,227,0.378,5,0.468,0.0,21.72
2026-06-14 05:35:53,039,FBN1_016_722_65,337,0.562,0,0.0,0.0,21.79
2026-06-14 05:45:55,039,FBN1_016_722_65,116,0.193,9,0.756,0.0,21.75
2026-06-14 05:55:58,039,FBN1_016_722_65,234,0.39,2,0.255,0.0,21.76
2026-06-14 06:06:01,039,FBN1_016_722_65,85,0.141,6,0.738,0.324,21.66
2026-06-14 06:16:03,039,FBN1_016_722_65,4,0.007,13,0.992,0.3312,21.59
2026-06-14 06:26:05,039,FBN1_016_722_65,3,0.005,15,0.995,0.3276,21.54
2026-06-14 06:36:08,039,FBN1_016_722_65,0,0.0,15,1.0,0.3348,21.46
2026-06-14 06:46:11,039,FBN1_016_722_65,32,0.053,10,0.926,0.2808,21.42
2026-06-14 06:56:15,039,FBN1_016_722_65,186,0.309,6,0.563,0.3132,21.42
2026-06-14 07:06:17,039,FBN1_016_722_65,0,0.0,15,1.0,0.3132,21.37
2026-06-14 07:16:20,039,FBN1_016_722_65,0,0.0,15,1.0,0.306,21.34
2026-06-14 07:26:22,039,FBN1_016_722_65,0,0.0,15,1.0,0.3096,21.3
2026-06-14 07:36:26,039,FBN1_016_722_65,0,0.0,15,1.0,0.2952,21.28
2026-06-14 07:46:29,039,FBN1_016_722_65,0,0.0,15,1.0,0.3132,21.26
2026-06-14 07:56:31,039,FBN1_016_722_65,0,0.0,15,1.0,0.3024,21.24
2026-06-14 08:06:34,039,FBN1_016_722_65,0,0.0,15,1.0,0.2988,21.22
2026-06-14 08:16:36,039,FBN1_016_722_65,0,0.0,15,1.0,0.288,21.23
2026-06-14 08:26:39,039,FBN1_016_722_65,3,0.005,14,0.995,0.2844,21.22
2026-06-14 08:36:42,039,FBN1_016_722_65,0,0.0,15,1.0,0.2376,21.23
2026-06-14 08:46:45,039,FBN1_016_722_65,76,0.127,10,0.84,0.3924,21.26
2026-06-14 08:56:47,039,FBN1_016_722_65,119,0.198,9,0.752,0.3096,21.31
2026-06-14 09:07:04,039,FBN1_016_722_65,0,0.0,15,1.0,0.3816,21.36
2026-06-14 09:17:06,039,FBN1_016_722_65,0,0.0,15,1.0,0.3852,21.33
2026-06-14 09:27:09,039,FBN1_016_722_65,0,0.0,15,1.0,0.3816,21.31
2026-06-14 09:37:11,039,FBN1_016_722_65,0,0.0,15,1.0,0.4032,21.29
2026-06-14 09:47:14,039,FBN1_016_722_65,0,0.0,15,1.0,0.4032,21.28
2026-06-14 09:57:16,039,FBN1_016_722_65,0,0.0,15,1.0,0.3744,21.27
2026-06-14 10:07:19,039,FBN1_016_722_65,0,0.0,15,1.0,0.3708,21.26
2026-06-14 10:17:22,039,FBN1_016_722_65,0,0.0,15,1.0,0.3456,21.26
2026-06-14 10:27:24,039,FBN1_016_722_65,0,0.0,15,1.0,0.36,21.25
2026-06-14 10:37:27,039,FBN1_016_722_65,0,0.0,15,1.0,0.342,21.26
2026-06-14 10:47:31,039,FBN1_016_722_65,0,0.0,15,1.0,0.3384,21.26
2026-06-14 10:57:34,039,FBN1_016_722_65,0,0.0,15,1.0,0.3456,21.27
2026-06-14 11:07:37,039,FBN1_016_722_65,0,0.0,15,1.0,0.3384,21.26
2026-06-14 11:17:39,039,FBN1_016_722_65,0,0.0,15,1.0,0.3636,21.26
2026-06-14 11:27:42,039,FBN1_016_722_65,0,0.0,15,1.0,0.3564,21.26
2026-06-14 11:37:45,039,FBN1_016_722_65,0,0.0,15,1.0,0.2736,21.25
2026-06-14 11:47:47,039,FBN1_016_722_65,0,0.0,15,1.0,0.36,21.26
2026-06-14 11:57:50,039,FBN1_016_722_65,29,0.048,12,0.943,0.1656,21.3
2026-06-14 12:07:52,039,FBN1_016_722_65,142,0.237,5,0.585,0.3024,21.38
2026-06-14 12:17:55,039,FBN1_016_722_65,0,0.0,15,1.0,0.3096,21.37
2026-06-14 12:27:56,039,FBN1_016_722_65,2,0.003,15,0.997,0.2844,21.36
2026-06-14 12:37:59,039,FBN1_016_722_65,0,0.0,15,1.0,0.27,21.34
2026-06-14 12:48:01,039,FBN1_016_722_65,0,0.0,15,1.0,0.2448,21.33
2026-06-14 12:58:04,039,FBN1_016_722_65,0,0.0,15,1.0,0.2664,21.31
2026-06-14 13:08:20,039,FBN1_016_722_65,0,0.0,15,1.0,0.2664,21.32
2026-06-14 13:18:22,039,FBN1_016_722_65,0,0.0,15,1.0,0.2736,21.32
2026-06-14 13:28:24,039,FBN1_016_722_65,0,0.0,15,1.0,0.288,21.31
2026-06-14 13:38:26,039,FBN1_016_722_65,0,0.0,15,1.0,0.2988,21.3
2026-06-14 13:48:29,039,FBN1_016_722_65,0,0.0,15,1.0,0.252,21.28
2026-06-14 13:58:32,039,FBN1_016_722_65,8,0.013,14,0.986,0.2088,21.3
2026-06-14 14:08:34,039,FBN1_016_722_65,87,0.145,8,0.786,0.4212,21.34
2026-06-14 14:18:37,039,FBN1_016_722_65,79,0.131,10,0.835,0.288,21.38
2026-06-14 14:28:40,039,FBN1_016_722_65,1,0.002,14,0.998,0.36,21.4
2026-06-14 14:38:43,039,FBN1_016_722_65,0,0.0,15,1.0,0.36,21.4
2026-06-14 14:48:46,039,FBN1_016_722_65,2,0.003,14,0.996,0.3456,21.38
2026-06-14 14:58:48,039,FBN1_016_722_65,0,0.0,15,1.0,0.3168,21.36
2026-06-14 15:08:51,039,FBN1_016_722_65,0,0.0,15,1.0,0.342,21.35
2026-06-14 15:18:53,039,FBN1_016_722_65,0,0.0,15,1.0,0.3168,21.34
2026-06-14 15:28:56,039,FBN1_016_722_65,1,0.002,15,0.998,0.3492,21.33
2026-06-14 15:38:58,039,FBN1_016_722_65,5,0.008,14,0.991,0.3168,21.33
2026-06-14 15:49:01,039,FBN1_016_722_65,1,0.002,15,0.998,0.252,21.33
2026-06-14 15:59:04,039,FBN1_016_722_65,7,0.012,13,0.987,0.3024,21.35
2026-06-14 16:09:07,039,FBN1_016_722_65,25,0.042,9,0.935,0.4608,21.38
2026-06-14 16:19:09,039,FBN1_016_722_65,88,0.146,9,0.804,0.3276,21.42
2026-06-14 16:29:12,039,FBN1_016_722_65,0,0.0,15,1.0,0.4032,21.42
2026-06-14 16:39:15,039,FBN1_016_722_65,7,0.012,14,0.988,0.3528,21.42
2026-06-14 16:49:17,039,FBN1_016_722_65,6,0.01,14,0.989,0.3564,21.4
2026-06-14 16:59:20,039,FBN1_016_722_65,29,0.048,13,0.947,0.3024,21.4
2026-06-14 17:09:37,039,FBN1_016_722_65,2,0.003,14,0.996,0.36,21.43
2026-06-14 17:19:40,039,FBN1_016_722_65,30,0.05,10,0.93,0.2628,21.42
2026-06-14 17:29:44,039,FBN1_016_722_65,14,0.023,13,0.974,0.5112,21.44
2026-06-14 17:39:46,039,FBN1_016_722_65,105,0.175,9,0.774,0.2376,21.49
2026-06-14 17:49:49,039,FBN1_016_722_65,11,0.018,14,0.981,0.2088,21.49
2026-06-14 17:59:52,039,FBN1_016_722_65,12,0.02,13,0.977,0.0,21.5
2026-06-14 18:09:55,039,FBN1_016_722_65,16,0.027,10,0.962,0.0,21.51
2026-06-14 18:19:58,039,FBN1_016_722_65,253,0.421,3,0.322,0.0,21.57
2026-06-14 18:30:01,039,FBN1_016_722_65,274,0.456,5,0.422,0.0,21.8
2026-06-14 18:40:03,039,FBN1_016_722_65,187,0.311,8,0.631,0.0,21.78
2026-06-14 18:50:05,039,FBN1_016_722_65,383,0.638,1,0.095,0.0,21.8
2026-06-14 19:00:08,039,FBN1_016_722_65,236,0.393,6,0.504,0.0,21.88
2026-06-14 19:10:10,039,FBN1_016_722_65,409,0.681,1,0.089,0.0,21.94
2026-06-14 19:20:14,039,FBN1_016_722_65,255,0.424,6,0.485,0.0,21.96
2026-06-14 19:30:17,039,FBN1_016_722_65,172,0.287,8,0.65,0.0,21.91
2026-06-14 19:40:19,039,FBN1_016_722_65,340,0.566,2,0.19,0.0,21.93
2026-06-14 19:50:22,039,FBN1_016_722_65,306,0.51,1,0.116,0.0,22.06
2026-06-14 20:00:25,039,FBN1_016_722_65,296,0.493,2,0.213,0.0,22.03
2026-06-14 20:10:28,039,FBN1_016_722_65,332,0.552,2,0.194,0.0,22.09
2026-06-14 20:20:30,039,FBN1_016_722_65,217,0.362,7,0.563,0.0,22.11
2026-06-14 20:30:32,039,FBN1_016_722_65,87,0.145,8,0.786,0.0,21.97
2026-06-14 20:40:35,039,FBN1_016_722_65,264,0.439,6,0.476,0.0,21.93
2026-06-14 20:50:38,039,FBN1_016_722_65,320,0.532,2,0.2,0.0,22.0
2026-06-14 21:00:41,039,FBN1_016_722_65,317,0.527,2,0.202,0.0,22.01
2026-06-14 21:11:01,039,FBN1_016_722_65,13,0.022,12,0.974,0.0,21.99
2026-06-14 21:21:03,039,FBN1_016_722_65,4,0.007,14,0.993,0.0,21.89
2026-06-14 21:31:06,039,FBN1_016_722_65,8,0.013,14,0.986,0.0,21.83
2026-06-14 21:41:09,039,FBN1_016_722_65,0,0.0,15,1.0,0.0,21.75
2026-06-14 21:51:11,039,FBN1_016_722_65,9,0.015,13,0.983,0.0,21.7
2026-06-14 22:01:13,039,FBN1_016_722_65,20,0.033,10,0.952,0.0,21.68
2026-06-14 22:11:16,039,FBN1_016_722_65,113,0.188,10,0.78,0.0,21.69
2026-06-14 22:21:19,039,FBN1_016_722_65,287,0.478,4,0.358,0.0,21.87
2026-06-14 22:31:22,039,FBN1_016_722_65,354,0.588,1,0.102,0.0,22.07
2026-06-14 22:41:25,039,FBN1_016_722_65,107,0.178,10,0.789,0.0,21.98
2026-06-14 22:51:28,039,FBN1_016_722_65,204,0.339,5,0.495,0.0,21.96
2026-06-14 23:01:31,039,FBN1_016_722_65,269,0.448,6,0.472,0.0,22.01
2026-06-14 23:11:34,039,FBN1_016_722_65,141,0.235,10,0.739,0.0,21.96
2026-06-14 23:21:36,039,FBN1_016_722_65,382,0.637,1,0.095,0.0,21.98
2026-06-14 23:31:38,039,FBN1_016_722_65,414,0.689,0,0.0,0.0,22.35
2026-06-14 23:41:41,039,FBN1_016_722_65,141,0.235,9,0.719,0.0,22.21
2026-06-14 23:51:43,039,FBN1_016_722_65,144,0.24,7,0.66,0.0,22.12
2026-06-13 00:01:07,040,FBN1_016_722_66,360,0.598,0,0.0,0.0,22.16
2026-06-13 00:11:10,040,FBN1_016_722_66,241,0.401,4,0.399,0.0,22.12
2026-06-13 00:21:13,040,FBN1_016_722_66,127,0.211,9,0.739,0.0,22.06
2026-06-13 00:31:16,040,FBN1_016_722_66,313,0.522,1,0.113,0.0,22.02
2026-06-13 00:41:19,040,FBN1_016_722_66,180,0.3,7,0.609,0.0,21.98
2026-06-13 00:51:22,040,FBN1_016_722_66,348,0.579,1,0.103,0.0,22.09
2026-06-13 01:01:25,040,FBN1_016_722_66,327,0.543,2,0.197,0.0,22.1
2026-06-13 01:11:29,040,FBN1_016_722_66,210,0.349,6,0.533,0.0,22.04
2026-06-13 01:21:33,040,FBN1_016_722_66,182,0.302,4,0.468,0.0,22.02
2026-06-13 01:31:36,040,FBN1_016_722_66,207,0.344,3,0.367,0.0,22.05
2026-06-13 01:41:39,040,FBN1_016_722_66,245,0.408,1,0.14,0.0,22.07
2026-06-13 01:51:42,040,FBN1_016_722_66,211,0.35,3,0.363,0.0,22.02
2026-06-13 02:01:45,040,FBN1_016_722_66,4,0.007,13,0.992,0.0,21.94
2026-06-13 02:11:48,040,FBN1_016_722_66,5,0.008,14,0.991,0.0,21.86
2026-06-13 02:21:51,040,FBN1_016_722_66,7,0.012,14,0.988,0.0,21.81
2026-06-13 02:31:54,040,FBN1_016_722_66,0,0.0,15,1.0,0.0,21.78
2026-06-13 02:41:57,040,FBN1_016_722_66,5,0.008,13,0.99,0.0,21.74
2026-06-13 02:52:00,040,FBN1_016_722_66,0,0.0,15,1.0,0.0,21.72
2026-06-13 03:02:04,040,FBN1_016_722_66,21,0.035,11,0.954,0.0,21.7
2026-06-13 03:12:07,040,FBN1_016_722_66,215,0.358,2,0.271,0.0,21.71
2026-06-13 03:22:10,040,FBN1_016_722_66,169,0.281,7,0.624,0.0,21.75
2026-06-13 03:32:14,040,FBN1_016_722_66,186,0.309,5,0.518,0.0,21.78
2026-06-13 03:42:16,040,FBN1_016_722_66,119,0.198,6,0.669,0.0,21.8
2026-06-13 03:52:42,040,FBN1_016_722_66,228,0.381,5,0.467,0.0,21.9
2026-06-13 04:02:45,040,FBN1_016_722_66,171,0.285,4,0.483,0.0,21.88
2026-06-13 04:12:48,040,FBN1_016_722_66,220,0.366,3,0.353,0.0,21.98
2026-06-13 04:22:51,040,FBN1_016_722_66,396,0.659,0,0.0,0.0,21.99
2026-06-13 04:32:54,040,FBN1_016_722_66,146,0.243,6,0.622,0.0,21.93
2026-06-13 04:42:58,040,FBN1_016_722_66,142,0.236,4,0.53,0.0,21.88
2026-06-13 04:53:01,040,FBN1_016_722_66,6,0.01,12,0.988,0.0,21.78
2026-06-13 05:03:04,040,FBN1_016_722_66,1,0.002,14,0.998,0.0,21.71
2026-06-13 05:13:07,040,FBN1_016_722_66,1,0.002,14,0.998,0.0,21.64
2026-06-13 05:23:10,040,FBN1_016_722_66,0,0.0,15,1.0,0.0,21.6
2026-06-13 05:33:13,040,FBN1_016_722_66,241,0.401,3,0.332,0.0,21.6
2026-06-13 05:43:17,040,FBN1_016_722_66,178,0.296,6,0.574,0.0,21.68
2026-06-13 05:53:20,040,FBN1_016_722_66,170,0.283,7,0.622,0.0,21.72
2026-06-13 06:03:23,040,FBN1_016_722_66,112,0.186,7,0.714,0.1944,21.71
2026-06-13 06:13:27,040,FBN1_016_722_66,59,0.098,8,0.844,0.3492,21.66
2026-06-13 06:23:29,040,FBN1_016_722_66,11,0.018,14,0.981,0.324,21.62
2026-06-13 06:33:33,040,FBN1_016_722_66,0,0.0,15,1.0,0.324,21.58
2026-06-13 06:43:36,040,FBN1_016_722_66,0,0.0,15,1.0,0.324,21.56
2026-06-13 06:53:39,040,FBN1_016_722_66,0,0.0,15,1.0,0.3276,21.5
2026-06-13 07:03:42,040,FBN1_016_722_66,0,0.0,15,1.0,0.324,21.47
2026-06-13 07:13:46,040,FBN1_016_722_66,0,0.0,15,1.0,0.324,21.45
2026-06-13 07:23:49,040,FBN1_016_722_66,0,0.0,15,1.0,0.3276,21.43
2026-06-13 07:33:52,040,FBN1_016_722_66,1,0.002,14,0.998,0.3276,21.43
2026-06-13 07:43:55,040,FBN1_016_722_66,0,0.0,15,1.0,0.3276,21.41
2026-06-13 07:54:17,040,FBN1_016_722_66,0,0.0,15,1.0,0.324,21.48
2026-06-13 08:04:20,040,FBN1_016_722_66,0,0.0,15,1.0,0.3312,21.45
2026-06-13 08:14:23,040,FBN1_016_722_66,0,0.0,15,1.0,0.3168,21.44
2026-06-13 08:24:27,040,FBN1_016_722_66,68,0.113,10,0.855,0.2952,21.49
2026-06-13 08:34:30,040,FBN1_016_722_66,18,0.03,12,0.964,0.324,21.5
2026-06-13 08:44:34,040,FBN1_016_722_66,0,0.0,15,1.0,0.3168,21.49
2026-06-13 08:54:36,040,FBN1_016_722_66,0,0.0,15,1.0,0.3168,21.47
2026-06-13 09:04:39,040,FBN1_016_722_66,0,0.0,15,1.0,0.3276,21.46
2026-06-13 09:14:43,040,FBN1_016_722_66,0,0.0,15,1.0,0.324,21.44
2026-06-13 09:24:46,040,FBN1_016_722_66,0,0.0,15,1.0,0.3168,21.43
2026-06-13 09:34:49,040,FBN1_016_722_66,3,0.005,14,0.995,0.3276,21.43
2026-06-13 09:44:52,040,FBN1_016_722_66,0,0.0,15,1.0,0.3384,21.42
2026-06-13 09:54:55,040,FBN1_016_722_66,0,0.0,15,1.0,0.3384,21.41
2026-06-13 10:04:58,040,FBN1_016_722_66,11,0.018,13,0.979,0.3168,21.41
2026-06-13 10:15:02,040,FBN1_016_722_66,100,0.166,6,0.706,0.2664,21.46
2026-06-13 10:25:06,040,FBN1_016_722_66,0,0.0,15,1.0,0.2664,21.47
2026-06-13 10:35:10,040,FBN1_016_722_66,0,0.0,15,1.0,0.2664,21.46
2026-06-13 10:45:13,040,FBN1_016_722_66,0,0.0,15,1.0,0.288,21.45
2026-06-13 10:55:17,040,FBN1_016_722_66,0,0.0,15,1.0,0.288,21.43
2026-06-13 11:05:19,040,FBN1_016_722_66,0,0.0,15,1.0,0.2664,21.43
2026-06-13 11:15:23,040,FBN1_016_722_66,0,0.0,15,1.0,0.2664,21.41
2026-06-13 11:25:25,040,FBN1_016_722_66,0,0.0,15,1.0,0.2664,21.4
2026-06-13 11:35:29,040,FBN1_016_722_66,15,0.025,10,0.964,0.288,21.4
2026-06-13 11:45:32,040,FBN1_016_722_66,0,0.0,15,1.0,0.288,21.41
2026-06-13 11:56:01,040,FBN1_016_722_66,0,0.0,15,1.0,0.288,21.45
2026-06-13 12:06:04,040,FBN1_016_722_66,4,0.007,14,0.993,0.2664,21.4
2026-06-13 12:16:07,040,FBN1_016_722_66,3,0.005,12,0.994,0.2664,21.36
2026-06-13 12:26:10,040,FBN1_016_722_66,27,0.045,9,0.93,0.2592,21.34
2026-06-13 12:36:13,040,FBN1_016_722_66,48,0.08,12,0.909,0.2736,21.37
2026-06-13 12:46:17,040,FBN1_016_722_66,15,0.025,13,0.972,0.2736,21.36
2026-06-13 12:56:20,040,FBN1_016_722_66,0,0.0,15,1.0,0.2736,21.37
2026-06-13 13:06:23,040,FBN1_016_722_66,0,0.0,15,1.0,0.2736,21.37
2026-06-13 13:16:26,040,FBN1_016_722_66,5,0.008,14,0.991,0.2736,21.37
2026-06-13 13:26:29,040,FBN1_016_722_66,0,0.0,15,1.0,0.2772,21.38
2026-06-13 13:36:32,040,FBN1_016_722_66,3,0.005,14,0.995,0.2736,21.37
2026-06-13 13:46:36,040,FBN1_016_722_66,8,0.013,13,0.985,0.27,21.38
2026-06-13 13:56:39,040,FBN1_016_722_66,41,0.068,9,0.898,0.2556,21.42
2026-06-13 14:06:42,040,FBN1_016_722_66,0,0.0,15,1.0,0.252,21.43
2026-06-13 14:16:46,040,FBN1_016_722_66,0,0.0,15,1.0,0.252,21.4
2026-06-13 14:26:49,040,FBN1_016_722_66,0,0.0,15,1.0,0.252,21.39
2026-06-13 14:36:52,040,FBN1_016_722_66,0,0.0,15,1.0,0.252,21.38
2026-06-13 14:46:55,040,FBN1_016_722_66,1,0.002,14,0.998,0.252,21.36
2026-06-13 14:56:59,040,FBN1_016_722_66,0,0.0,15,1.0,0.252,21.34
2026-06-13 15:07:02,040,FBN1_016_722_66,0,0.0,15,1.0,0.2556,21.34
2026-06-13 15:17:05,040,FBN1_016_722_66,19,0.032,11,0.959,0.2448,21.34
2026-06-13 15:27:08,040,FBN1_016_722_66,6,0.01,14,0.989,0.2448,21.36
2026-06-13 15:37:11,040,FBN1_016_722_66,209,0.348,4,0.434,0.2808,21.44
2026-06-13 15:47:14,040,FBN1_016_722_66,22,0.037,12,0.956,0.2808,21.42
2026-06-13 15:57:39,040,FBN1_016_722_66,0,0.0,15,1.0,0.2808,21.46
2026-06-13 16:07:43,040,FBN1_016_722_66,0,0.0,15,1.0,0.2808,21.42
2026-06-13 16:17:46,040,FBN1_016_722_66,3,0.005,14,0.995,0.2916,21.4
2026-06-13 16:27:49,040,FBN1_016_722_66,7,0.012,12,0.986,0.2808,21.37
2026-06-13 16:37:52,040,FBN1_016_722_66,3,0.005,14,0.995,0.2916,21.36
2026-06-13 16:47:55,040,FBN1_016_722_66,63,0.105,8,0.836,0.2808,21.38
2026-06-13 16:57:58,040,FBN1_016_722_66,171,0.285,2,0.319,0.2376,21.46
2026-06-13 17:08:01,040,FBN1_016_722_66,10,0.017,13,0.981,0.2556,21.45
2026-06-13 17:18:05,040,FBN1_016_722_66,0,0.0,15,1.0,0.252,21.44
2026-06-13 17:28:08,040,FBN1_016_722_66,0,0.0,15,1.0,0.252,21.42
2026-06-13 17:38:12,040,FBN1_016_722_66,41,0.068,8,0.886,0.2304,21.42
2026-06-13 17:48:15,040,FBN1_016_722_66,78,0.13,8,0.804,0.2304,21.44
2026-06-13 17:58:18,040,FBN1_016_722_66,5,0.008,14,0.991,0.252,21.43
2026-06-13 18:08:20,040,FBN1_016_722_66,137,0.228,7,0.671,0.0,21.44
2026-06-13 18:18:23,040,FBN1_016_722_66,167,0.278,2,0.324,0.0,21.54
2026-06-13 18:28:26,040,FBN1_016_722_66,266,0.443,2,0.231,0.0,21.76
2026-06-13 18:38:29,040,FBN1_016_722_66,178,0.296,6,0.574,0.0,21.78
2026-06-13 18:48:33,040,FBN1_016_722_66,315,0.524,1,0.113,0.0,21.9
2026-06-13 18:58:36,040,FBN1_016_722_66,365,0.606,1,0.099,0.0,21.92
2026-06-13 19:08:40,040,FBN1_016_722_66,295,0.491,0,0.0,0.0,21.89
2026-06-13 19:18:42,040,FBN1_016_722_66,227,0.378,6,0.514,0.0,21.83
2026-06-13 19:28:45,040,FBN1_016_722_66,407,0.677,0,0.0,0.0,21.93
2026-06-13 19:38:48,040,FBN1_016_722_66,386,0.642,0,0.0,0.0,22.01
2026-06-13 19:48:51,040,FBN1_016_722_66,126,0.21,9,0.741,0.0,21.91
2026-06-13 19:59:14,040,FBN1_016_722_66,288,0.48,3,0.294,0.0,22.01
2026-06-13 20:09:17,040,FBN1_016_722_66,306,0.51,2,0.207,0.0,21.95
2026-06-13 20:19:20,040,FBN1_016_722_66,340,0.565,2,0.19,0.0,21.97
2026-06-13 20:29:24,040,FBN1_016_722_66,301,0.501,5,0.399,0.0,21.98
2026-06-13 20:39:27,040,FBN1_016_722_66,324,0.539,2,0.198,0.0,21.96
2026-06-13 20:49:30,040,FBN1_016_722_66,390,0.649,0,0.0,0.0,22.0
2026-06-13 20:59:33,040,FBN1_016_722_66,252,0.419,4,0.388,0.0,22.02
2026-06-13 21:09:36,040,FBN1_016_722_66,184,0.306,5,0.521,0.0,21.97
2026-06-13 21:19:39,040,FBN1_016_722_66,256,0.426,4,0.385,0.0,21.98
2026-06-13 21:29:42,040,FBN1_016_722_66,277,0.46,4,0.366,0.0,21.95
2026-06-13 21:39:46,040,FBN1_016_722_66,255,0.424,5,0.44,0.0,21.92
2026-06-13 21:49:50,040,FBN1_016_722_66,328,0.545,0,0.0,0.0,21.95
2026-06-13 21:59:52,040,FBN1_016_722_66,127,0.211,8,0.716,0.0,21.91
2026-06-13 22:09:55,040,FBN1_016_722_66,186,0.31,7,0.601,0.0,21.83
2026-06-13 22:19:58,040,FBN1_016_722_66,116,0.193,10,0.775,0.0,21.79
2026-06-13 22:30:01,040,FBN1_016_722_66,156,0.26,8,0.672,0.0,21.74
2026-06-13 22:40:04,040,FBN1_016_722_66,212,0.353,5,0.485,0.0,21.72
2026-06-13 22:50:07,040,FBN1_016_722_66,156,0.259,4,0.506,0.0,21.71
2026-06-13 23:00:11,040,FBN1_016_722_66,37,0.062,9,0.907,0.0,21.68
2026-06-13 23:10:14,040,FBN1_016_722_66,6,0.01,14,0.989,0.0,21.65
2026-06-13 23:20:17,040,FBN1_016_722_66,6,0.01,13,0.989,0.0,21.61
2026-06-13 23:30:20,040,FBN1_016_722_66,1,0.002,14,0.998,0.0,21.57
2026-06-13 23:40:23,040,FBN1_016_722_66,3,0.005,14,0.995,0.0,21.54
2026-06-13 23:50:26,040,FBN1_016_722_66,34,0.057,12,0.934,0.0,21.55
2026-06-14 00:00:57,040,FBN1_016_722_66,206,0.344,4,0.437,0.0,21.65
2026-06-14 00:11:00,040,FBN1_016_722_66,215,0.358,6,0.527,0.0,21.65
2026-06-14 00:21:02,040,FBN1_016_722_66,118,0.196,9,0.753,0.0,21.61
2026-06-14 00:31:06,040,FBN1_016_722_66,281,0.468,3,0.299,0.0,21.73
2026-06-14 00:41:10,040,FBN1_016_722_66,175,0.291,8,0.646,0.0,21.71
2026-06-14 00:51:12,040,FBN1_016_722_66,307,0.511,2,0.207,0.0,21.81
2026-06-14 01:01:16,040,FBN1_016_722_66,208,0.346,3,0.366,0.0,21.8
2026-06-14 01:11:20,040,FBN1_016_722_66,214,0.355,2,0.272,0.0,21.81
2026-06-14 01:21:23,040,FBN1_016_722_66,308,0.512,2,0.206,0.0,21.85
2026-06-14 01:31:26,040,FBN1_016_722_66,249,0.414,2,0.243,0.0,21.89
2026-06-14 01:41:30,040,FBN1_016_722_66,134,0.223,8,0.705,0.0,21.77
2026-06-14 01:51:33,040,FBN1_016_722_66,132,0.22,7,0.68,0.0,21.72
2026-06-14 02:01:36,040,FBN1_016_722_66,141,0.235,2,0.362,0.0,21.65
2026-06-14 02:11:39,040,FBN1_016_722_66,59,0.098,10,0.871,0.0,21.61
2026-06-14 02:21:43,040,FBN1_016_722_66,149,0.248,4,0.518,0.0,21.61
2026-06-14 02:31:46,040,FBN1_016_722_66,325,0.541,0,0.0,0.0,21.77
2026-06-14 02:41:49,040,FBN1_016_722_66,208,0.346,1,0.161,0.0,21.76
2026-06-14 02:51:52,040,FBN1_016_722_66,215,0.358,4,0.427,0.0,21.69
2026-06-14 03:01:55,040,FBN1_016_722_66,17,0.028,13,0.968,0.0,21.6
2026-06-14 03:11:58,040,FBN1_016_722_66,11,0.018,13,0.979,0.0,21.53
2026-06-14 03:22:01,040,FBN1_016_722_66,2,0.003,14,0.996,0.0,21.49
2026-06-14 03:32:05,040,FBN1_016_722_66,90,0.15,11,0.83,0.0,21.46
2026-06-14 03:42:08,040,FBN1_016_722_66,322,0.536,3,0.271,0.0,21.49
2026-06-14 03:52:11,040,FBN1_016_722_66,163,0.271,6,0.596,0.0,21.51
2026-06-14 04:02:43,040,FBN1_016_722_66,104,0.174,10,0.794,0.0,21.57
2026-06-14 04:12:46,040,FBN1_016_722_66,232,0.385,5,0.463,0.0,21.61
2026-06-14 04:22:49,040,FBN1_016_722_66,159,0.265,9,0.694,0.0,21.56
2026-06-14 04:32:52,040,FBN1_016_722_66,199,0.331,5,0.501,0.0,21.6
2026-06-14 04:42:56,040,FBN1_016_722_66,154,0.256,5,0.565,0.0,21.61
2026-06-14 04:52:59,040,FBN1_016_722_66,192,0.319,5,0.51,0.0,21.59
2026-06-14 05:03:02,040,FBN1_016_722_66,336,0.559,0,0.0,0.0,21.62
2026-06-14 05:13:05,040,FBN1_016_722_66,248,0.413,2,0.244,0.0,21.6
2026-06-14 05:23:08,040,FBN1_016_722_66,4,0.007,13,0.992,0.0,21.54
2026-06-14 05:33:11,040,FBN1_016_722_66,0,0.0,15,1.0,0.0,21.47
2026-06-14 05:43:14,040,FBN1_016_722_66,3,0.005,14,0.995,0.0,21.42
2026-06-14 05:53:17,040,FBN1_016_722_66,127,0.211,6,0.654,0.0,21.43
2026-06-14 06:03:20,040,FBN1_016_722_66,119,0.198,8,0.729,0.2376,21.45
2026-06-14 06:13:24,040,FBN1_016_722_66,6,0.01,13,0.989,0.2376,21.44
2026-06-14 06:23:27,040,FBN1_016_722_66,2,0.003,14,0.996,0.2412,21.4
2026-06-14 06:33:30,040,FBN1_016_722_66,0,0.0,15,1.0,0.2376,21.38
2026-06-14 06:43:33,040,FBN1_016_722_66,0,0.0,15,1.0,0.2412,21.35
2026-06-14 06:53:36,040,FBN1_016_722_66,0,0.0,15,1.0,0.2376,21.33
2026-06-14 07:03:39,040,FBN1_016_722_66,4,0.007,13,0.992,0.2376,21.32
2026-06-14 07:13:42,040,FBN1_016_722_66,0,0.0,15,1.0,0.2376,21.3
2026-06-14 07:23:44,040,FBN1_016_722_66,0,0.0,15,1.0,0.2412,21.29
2026-06-14 07:33:47,040,FBN1_016_722_66,2,0.003,14,0.996,0.2412,21.29
2026-06-14 07:43:51,040,FBN1_016_722_66,3,0.005,14,0.995,0.2412,21.28
2026-06-14 07:53:54,040,FBN1_016_722_66,50,0.083,9,0.878,0.2304,21.29
2026-06-14 08:04:20,040,FBN1_016_722_66,133,0.222,6,0.643,0.216,21.39
2026-06-14 08:14:23,040,FBN1_016_722_66,30,0.05,11,0.936,0.2412,21.39
2026-06-14 08:24:25,040,FBN1_016_722_66,0,0.0,15,1.0,0.2304,21.38
2026-06-14 08:34:29,040,FBN1_016_722_66,0,0.0,15,1.0,0.2412,21.36
2026-06-14 08:44:33,040,FBN1_016_722_66,0,0.0,15,1.0,0.2304,21.35
2026-06-14 08:54:35,040,FBN1_016_722_66,1,0.002,14,0.998,0.2304,21.33
2026-06-14 09:04:38,040,FBN1_016_722_66,3,0.005,14,0.995,0.2304,21.32
2026-06-14 09:14:42,040,FBN1_016_722_66,0,0.0,15,1.0,0.2304,21.3
2026-06-14 09:24:45,040,FBN1_016_722_66,0,0.0,15,1.0,0.2304,21.3
2026-06-14 09:34:49,040,FBN1_016_722_66,0,0.0,15,1.0,0.2304,21.29
2026-06-14 09:44:52,040,FBN1_016_722_66,2,0.003,14,0.996,0.252,21.28
2026-06-14 09:54:55,040,FBN1_016_722_66,0,0.0,15,1.0,0.252,21.29
2026-06-14 10:04:58,040,FBN1_016_722_66,1,0.002,14,0.998,0.2304,21.31
2026-06-14 10:15:00,040,FBN1_016_722_66,0,0.0,15,1.0,0.2232,21.31
2026-06-14 10:25:03,040,FBN1_016_722_66,105,0.175,8,0.753,0.2016,21.33
2026-06-14 10:35:06,040,FBN1_016_722_66,48,0.08,11,0.902,0.2376,21.36
2026-06-14 10:45:09,040,FBN1_016_722_66,3,0.005,13,0.994,0.2376,21.35
2026-06-14 10:55:12,040,FBN1_016_722_66,2,0.003,14,0.996,0.2484,21.34
2026-06-14 11:05:15,040,FBN1_016_722_66,1,0.002,14,0.998,0.2376,21.34
2026-06-14 11:15:18,040,FBN1_016_722_66,1,0.002,14,0.998,0.2376,21.34
2026-06-14 11:25:21,040,FBN1_016_722_66,29,0.048,10,0.932,0.2232,21.35
2026-06-14 11:35:24,040,FBN1_016_722_66,145,0.241,4,0.525,0.1368,21.37
2026-06-14 11:45:28,040,FBN1_016_722_66,29,0.048,12,0.943,0.252,21.41
2026-06-14 11:55:31,040,FBN1_016_722_66,11,0.018,10,0.973,0.234,21.41
2026-06-14 12:06:01,040,FBN1_016_722_66,0,0.0,14,1.0,0.2304,21.49
2026-06-14 12:16:04,040,FBN1_016_722_66,0,0.0,15,1.0,0.2304,21.46
2026-06-14 12:26:07,040,FBN1_016_722_66,0,0.0,15,1.0,0.234,21.45
2026-06-14 12:36:10,040,FBN1_016_722_66,1,0.002,14,0.998,0.2304,21.43
2026-06-14 12:46:14,040,FBN1_016_722_66,0,0.0,15,1.0,0.2304,21.42
2026-06-14 12:56:17,040,FBN1_016_722_66,1,0.002,14,0.998,0.2412,21.41
2026-06-14 13:06:20,040,FBN1_016_722_66,0,0.0,15,1.0,0.2304,21.41
2026-06-14 13:16:23,040,FBN1_016_722_66,8,0.013,13,0.985,0.2376,21.39
2026-06-14 13:26:26,040,FBN1_016_722_66,39,0.065,9,0.902,0.2232,21.4
2026-06-14 13:36:29,040,FBN1_016_722_66,14,0.023,13,0.974,0.216,21.42
2026-06-14 13:46:33,040,FBN1_016_722_66,0,0.0,15,1.0,0.2268,21.43
2026-06-14 13:56:36,040,FBN1_016_722_66,0,0.0,15,1.0,0.2268,21.42
2026-06-14 14:06:39,040,FBN1_016_722_66,2,0.003,14,0.996,0.216,21.43
2026-06-14 14:16:42,040,FBN1_016_722_66,4,0.007,13,0.992,0.216,21.43
2026-06-14 14:26:45,040,FBN1_016_722_66,0,0.0,15,1.0,0.2268,21.43
2026-06-14 14:36:49,040,FBN1_016_722_66,2,0.003,14,0.996,0.2268,21.43
2026-06-14 14:46:52,040,FBN1_016_722_66,0,0.0,15,1.0,0.234,21.43
2026-06-14 14:56:55,040,FBN1_016_722_66,2,0.003,14,0.996,0.2232,21.43
2026-06-14 15:06:58,040,FBN1_016_722_66,1,0.002,14,0.998,0.216,21.42
2026-06-14 15:17:02,040,FBN1_016_722_66,0,0.0,15,1.0,0.2232,21.41
2026-06-14 15:27:05,040,FBN1_016_722_66,40,0.067,8,0.889,0.2016,21.44
2026-06-14 15:37:08,040,FBN1_016_722_66,63,0.105,11,0.875,0.2736,21.47
2026-06-14 15:47:11,040,FBN1_016_722_66,111,0.185,4,0.59,0.27,21.49
2026-06-14 15:57:14,040,FBN1_016_722_66,33,0.055,7,0.895,0.2592,21.5
2026-06-14 16:07:49,040,FBN1_016_722_66,1,0.002,14,0.998,0.2592,21.55
2026-06-14 16:17:52,040,FBN1_016_722_66,1,0.002,14,0.998,0.2592,21.51
2026-06-14 16:27:55,040,FBN1_016_722_66,1,0.002,14,0.998,0.2736,21.48
2026-06-14 16:37:58,040,FBN1_016_722_66,7,0.012,13,0.987,0.2592,21.48
2026-06-14 16:48:01,040,FBN1_016_722_66,3,0.005,14,0.995,0.2592,21.45
2026-06-14 16:58:03,040,FBN1_016_722_66,0,0.0,15,1.0,0.2592,21.44
2026-06-14 17:08:06,040,FBN1_016_722_66,2,0.003,14,0.996,0.2772,21.44
2026-06-14 17:18:10,040,FBN1_016_722_66,31,0.052,8,0.912,0.27,21.45
2026-06-14 17:28:13,040,FBN1_016_722_66,124,0.206,6,0.659,0.2664,21.5
2026-06-14 17:38:16,040,FBN1_016_722_66,281,0.468,4,0.363,0.2376,21.58
2026-06-14 17:48:19,040,FBN1_016_722_66,256,0.425,3,0.319,0.2376,21.61
2026-06-14 17:58:22,040,FBN1_016_722_66,75,0.125,11,0.854,0.234,21.62
2026-06-14 18:08:26,040,FBN1_016_722_66,8,0.013,13,0.985,0.0,21.59
2026-06-14 18:18:28,040,FBN1_016_722_66,202,0.336,6,0.543,0.0,21.64
2026-06-14 18:28:32,040,FBN1_016_722_66,368,0.612,0,0.0,0.0,21.74
2026-06-14 18:38:35,040,FBN1_016_722_66,179,0.298,7,0.61,0.0,21.72
2026-06-14 18:48:38,040,FBN1_016_722_66,343,0.571,2,0.189,0.0,21.75
2026-06-14 18:58:41,040,FBN1_016_722_66,382,0.635,0,0.0,0.0,21.81
2026-06-14 19:08:45,040,FBN1_016_722_66,243,0.404,5,0.451,0.0,21.81
2026-06-14 19:18:48,040,FBN1_016_722_66,234,0.389,6,0.506,0.0,21.77
2026-06-14 19:28:52,040,FBN1_016_722_66,265,0.44,4,0.376,0.0,21.78
2026-06-14 19:38:55,040,FBN1_016_722_66,278,0.462,5,0.418,0.0,21.78
2026-06-14 19:48:58,040,FBN1_016_722_66,240,0.399,4,0.4,0.0,21.81
2026-06-14 19:59:01,040,FBN1_016_722_66,108,0.18,9,0.769,0.0,21.77
2026-06-14 20:09:25,040,FBN1_016_722_66,331,0.552,1,0.108,0.0,21.8
2026-06-14 20:19:28,040,FBN1_016_722_66,362,0.601,2,0.181,0.0,21.87
2026-06-14 20:29:31,040,FBN1_016_722_66,218,0.363,5,0.478,0.0,21.88
2026-06-14 20:39:35,040,FBN1_016_722_66,23,0.038,12,0.954,0.0,21.83
2026-06-14 20:49:38,040,FBN1_016_722_66,6,0.01,14,0.989,0.0,21.78
2026-06-14 20:59:41,040,FBN1_016_722_66,35,0.058,12,0.932,0.0,21.72
2026-06-14 21:09:44,040,FBN1_016_722_66,42,0.07,12,0.92,0.0,21.68
2026-06-14 21:19:48,040,FBN1_016_722_66,184,0.306,6,0.566,0.0,21.72
2026-06-14 21:29:51,040,FBN1_016_722_66,239,0.398,5,0.456,0.0,21.78
2026-06-14 21:39:54,040,FBN1_016_722_66,96,0.159,11,0.821,0.0,21.71
2026-06-14 21:49:58,040,FBN1_016_722_66,231,0.384,6,0.51,0.0,21.71
2026-06-14 22:00:01,040,FBN1_016_722_66,333,0.554,0,0.0,0.0,21.82
2026-06-14 22:10:04,040,FBN1_016_722_66,233,0.388,5,0.462,0.0,21.81
2026-06-14 22:20:07,040,FBN1_016_722_66,222,0.369,3,0.351,0.0,21.8
2026-06-14 22:30:11,040,FBN1_016_722_66,246,0.409,3,0.328,0.0,21.8
2026-06-14 22:40:13,040,FBN1_016_722_66,240,0.399,6,0.5,0.0,21.8
2026-06-14 22:50:16,040,FBN1_016_722_66,329,0.548,0,0.0,0.0,21.93
2026-06-14 23:00:20,040,FBN1_016_722_66,162,0.269,7,0.633,0.0,21.86
2026-06-14 23:10:23,040,FBN1_016_722_66,49,0.082,12,0.907,0.0,21.78
2026-06-14 23:20:26,040,FBN1_016_722_66,371,0.617,1,0.097,0.0,21.83
2026-06-14 23:30:29,040,FBN1_016_722_66,286,0.476,0,0.0,0.0,21.88
2026-06-14 23:40:33,040,FBN1_016_722_66,180,0.299,6,0.571,0.0,21.85
2026-06-14 23:50:35,040,FBN1_016_722_66,197,0.328,3,0.379,0.0,21.86
2026-06-13 00:00:15,041,FBN1_016_722_67,337,0.561,2,0.192,0.0,21.64
2026-06-13 00:10:18,041,FBN1_016_722_67,161,0.268,7,0.635,0.0,21.52
2026-06-13 00:20:21,041,FBN1_016_722_67,257,0.427,3,0.318,0.0,21.53
2026-06-13 00:30:24,041,FBN1_016_722_67,360,0.599,0,0.0,0.0,21.54
2026-06-13 00:40:27,041,FBN1_016_722_67,331,0.552,2,0.195,0.0,21.57
2026-06-13 00:50:30,041,FBN1_016_722_67,303,0.504,0,0.0,0.0,21.58
2026-06-13 01:00:33,041,FBN1_016_722_67,362,0.602,2,0.181,0.0,21.65
2026-06-13 01:10:36,041,FBN1_016_722_67,333,0.554,0,0.0,0.0,21.7
2026-06-13 01:20:39,041,FBN1_016_722_67,259,0.431,4,0.382,0.0,21.67
2026-06-13 01:30:42,041,FBN1_016_722_67,327,0.544,0,0.0,0.0,21.6
2026-06-13 01:40:45,041,FBN1_016_722_67,79,0.131,5,0.717,0.0,21.51
2026-06-13 01:50:47,041,FBN1_016_722_67,14,0.023,11,0.969,0.0,21.4
2026-06-13 02:00:50,041,FBN1_016_722_67,0,0.0,15,1.0,0.0,21.32
2026-06-13 02:10:53,041,FBN1_016_722_67,0,0.0,15,1.0,0.0,21.25
2026-06-13 02:20:56,041,FBN1_016_722_67,8,0.013,13,0.985,0.0,21.18
2026-06-13 02:30:59,041,FBN1_016_722_67,0,0.0,15,1.0,0.0,21.13
2026-06-13 02:41:02,041,FBN1_016_722_67,0,0.0,15,1.0,0.0,21.1
2026-06-13 02:51:05,041,FBN1_016_722_67,0,0.0,15,1.0,0.0,21.08
2026-06-13 03:01:08,041,FBN1_016_722_67,0,0.0,15,1.0,0.0,21.06
2026-06-13 03:11:11,041,FBN1_016_722_67,0,0.0,15,1.0,0.0,21.06
2026-06-13 03:21:14,041,FBN1_016_722_67,1,0.002,15,0.998,0.0,21.05
2026-06-13 03:31:17,041,FBN1_016_722_67,0,0.0,15,1.0,0.0,21.06
2026-06-13 03:41:21,041,FBN1_016_722_67,0,0.0,15,1.0,0.0,21.05
2026-06-13 03:51:59,041,FBN1_016_722_67,0,0.0,15,1.0,0.0,21.15
2026-06-13 04:02:02,041,FBN1_016_722_67,132,0.219,6,0.645,0.0,21.18
2026-06-13 04:12:05,041,FBN1_016_722_67,323,0.537,1,0.11,0.0,21.26
2026-06-13 04:22:08,041,FBN1_016_722_67,353,0.587,2,0.185,0.0,21.36
2026-06-13 04:32:12,041,FBN1_016_722_67,360,0.599,0,0.0,0.0,21.45
2026-06-13 04:42:14,041,FBN1_016_722_67,237,0.394,2,0.252,0.0,21.4
2026-06-13 04:52:17,041,FBN1_016_722_67,182,0.303,4,0.468,0.0,21.37
2026-06-13 05:02:21,041,FBN1_016_722_67,271,0.45,3,0.307,0.0,21.44
2026-06-13 05:12:24,041,FBN1_016_722_67,371,0.617,0,0.0,0.0,21.46
2026-06-13 05:22:27,041,FBN1_016_722_67,211,0.351,5,0.487,0.0,21.42
2026-06-13 05:32:30,041,FBN1_016_722_67,291,0.484,2,0.216,0.0,21.5
2026-06-13 05:42:32,041,FBN1_016_722_67,137,0.228,6,0.637,0.0,21.45
2026-06-13 05:52:35,041,FBN1_016_722_67,269,0.448,3,0.308,0.0,21.42
2026-06-13 06:02:38,041,FBN1_016_722_67,405,0.674,0,0.0,0.3456,21.42
2026-06-13 06:12:41,041,FBN1_016_722_67,154,0.256,4,0.51,0.3672,21.39
2026-06-13 06:22:45,041,FBN1_016_722_67,19,0.032,11,0.959,0.4644,21.35
2026-06-13 06:32:48,041,FBN1_016_722_67,0,0.0,15,1.0,0.4608,21.29
2026-06-13 06:42:52,041,FBN1_016_722_67,19,0.032,13,0.965,0.468,21.26
2026-06-13 06:52:55,041,FBN1_016_722_67,0,0.0,15,1.0,0.468,21.22
2026-06-13 07:02:58,041,FBN1_016_722_67,2,0.003,14,0.996,0.4824,21.2
2026-06-13 07:13:00,041,FBN1_016_722_67,6,0.01,14,0.989,0.4824,21.18
2026-06-13 07:23:03,041,FBN1_016_722_67,0,0.0,15,1.0,0.4896,21.17
2026-06-13 07:33:06,041,FBN1_016_722_67,2,0.003,14,0.996,0.486,21.16
2026-06-13 07:43:09,041,FBN1_016_722_67,0,0.0,15,1.0,0.486,21.16
2026-06-13 07:53:34,041,FBN1_016_722_67,12,0.02,13,0.977,0.4896,21.22
2026-06-13 08:03:37,041,FBN1_016_722_67,13,0.022,13,0.976,0.4824,21.2
2026-06-13 08:13:40,041,FBN1_016_722_67,1,0.002,15,0.998,0.4932,21.2
2026-06-13 08:23:43,041,FBN1_016_722_67,0,0.0,15,1.0,0.4896,21.2
2026-06-13 08:33:46,041,FBN1_016_722_67,0,0.0,15,1.0,0.4896,21.18
2026-06-13 08:43:49,041,FBN1_016_722_67,97,0.161,6,0.712,0.3816,21.21
2026-06-13 08:53:52,041,FBN1_016_722_67,196,0.327,5,0.505,0.4356,21.24
2026-06-13 09:03:55,041,FBN1_016_722_67,175,0.291,4,0.478,0.5256,21.26
2026-06-13 09:13:58,041,FBN1_016_722_67,268,0.446,3,0.309,0.3996,21.27
2026-06-13 09:24:01,041,FBN1_016_722_67,123,0.205,6,0.661,0.5112,21.28
2026-06-13 09:34:04,041,FBN1_016_722_67,0,0.0,15,1.0,0.5184,21.23
2026-06-13 09:44:07,041,FBN1_016_722_67,2,0.003,14,0.996,0.5508,21.2
2026-06-13 09:54:10,041,FBN1_016_722_67,0,0.0,15,1.0,0.5472,21.17
2026-06-13 10:04:13,041,FBN1_016_722_67,0,0.0,15,1.0,0.5112,21.13
2026-06-13 10:14:16,041,FBN1_016_722_67,1,0.002,14,0.998,0.5148,21.11
2026-06-13 10:24:19,041,FBN1_016_722_67,0,0.0,15,1.0,0.5076,21.1
2026-06-13 10:34:22,041,FBN1_016_722_67,0,0.0,15,1.0,0.504,21.09
2026-06-13 10:44:25,041,FBN1_016_722_67,0,0.0,15,1.0,0.54,21.06
2026-06-13 10:54:29,041,FBN1_016_722_67,0,0.0,15,1.0,0.54,21.05
2026-06-13 11:04:32,041,FBN1_016_722_67,0,0.0,15,1.0,0.504,21.03
2026-06-13 11:14:35,041,FBN1_016_722_67,0,0.0,15,1.0,0.5148,21.01
2026-06-13 11:24:38,041,FBN1_016_722_67,0,0.0,15,1.0,0.504,21.01
2026-06-13 11:34:42,041,FBN1_016_722_67,0,0.0,15,1.0,0.5256,21.0
2026-06-13 11:44:44,041,FBN1_016_722_67,0,0.0,15,1.0,0.5328,20.98
2026-06-13 11:55:18,041,FBN1_016_722_67,1,0.002,14,0.998,0.5328,21.04
2026-06-13 12:05:22,041,FBN1_016_722_67,0,0.0,15,1.0,0.4608,21.02
2026-06-13 12:15:24,041,FBN1_016_722_67,106,0.176,7,0.725,0.5076,21.0
2026-06-13 12:25:28,041,FBN1_016_722_67,75,0.125,11,0.854,0.4572,20.99
2026-06-13 12:35:31,041,FBN1_016_722_67,0,0.0,15,1.0,0.45,20.97
2026-06-13 12:45:34,041,FBN1_016_722_67,0,0.0,15,1.0,0.432,20.96
2026-06-13 12:55:37,041,FBN1_016_722_67,0,0.0,15,1.0,0.4608,20.96
2026-06-13 13:05:41,041,FBN1_016_722_67,1,0.002,14,0.998,0.4572,20.96
2026-06-13 13:15:44,041,FBN1_016_722_67,0,0.0,15,1.0,0.4464,20.97
2026-06-13 13:25:47,041,FBN1_016_722_67,0,0.0,15,1.0,0.4608,20.98
2026-06-13 13:35:50,041,FBN1_016_722_67,0,0.0,15,1.0,0.4536,20.99
2026-06-13 13:45:53,041,FBN1_016_722_67,7,0.012,14,0.988,0.4104,20.99
2026-06-13 13:55:56,041,FBN1_016_722_67,0,0.0,15,1.0,0.45,20.99
2026-06-13 14:05:59,041,FBN1_016_722_67,3,0.005,14,0.995,0.4536,20.99
2026-06-13 14:16:02,041,FBN1_016_722_67,17,0.028,12,0.966,0.4248,20.98
2026-06-13 14:26:05,041,FBN1_016_722_67,111,0.184,5,0.643,0.4608,21.0
2026-06-13 14:36:08,041,FBN1_016_722_67,111,0.185,9,0.764,0.5508,21.04
2026-06-13 14:46:11,041,FBN1_016_722_67,113,0.188,8,0.739,0.396,21.07
2026-06-13 14:56:15,041,FBN1_016_722_67,19,0.032,11,0.959,0.4536,21.06
2026-06-13 15:06:18,041,FBN1_016_722_67,0,0.0,15,1.0,0.4644,21.05
2026-06-13 15:16:21,041,FBN1_016_722_67,5,0.008,14,0.991,0.4536,21.03
2026-06-13 15:26:24,041,FBN1_016_722_67,0,0.0,15,1.0,0.4608,21.02
2026-06-13 15:36:27,041,FBN1_016_722_67,9,0.015,12,0.982,0.4536,21.01
2026-06-13 15:46:30,041,FBN1_016_722_67,9,0.015,14,0.984,0.4608,21.01
2026-06-13 15:56:58,041,FBN1_016_722_67,0,0.0,15,1.0,0.4608,21.06
2026-06-13 16:07:01,041,FBN1_016_722_67,3,0.005,14,0.995,0.4608,21.04
2026-06-13 16:17:04,041,FBN1_016_722_67,7,0.012,13,0.987,0.4536,21.03
2026-06-13 16:27:07,041,FBN1_016_722_67,168,0.28,4,0.488,0.3996,21.03
2026-06-13 16:37:11,041,FBN1_016_722_67,145,0.241,6,0.623,0.5184,21.06
2026-06-13 16:47:14,041,FBN1_016_722_67,211,0.351,6,0.532,0.3816,21.1
2026-06-13 16:57:17,041,FBN1_016_722_67,178,0.296,3,0.403,0.4104,21.13
2026-06-13 17:07:20,041,FBN1_016_722_67,151,0.251,7,0.65,0.468,21.16
2026-06-13 17:17:23,041,FBN1_016_722_67,7,0.012,14,0.988,0.4896,21.16
2026-06-13 17:27:27,041,FBN1_016_722_67,6,0.01,14,0.989,0.5076,21.15
2026-06-13 17:37:30,041,FBN1_016_722_67,0,0.0,15,1.0,0.4968,21.13
2026-06-13 17:47:33,041,FBN1_016_722_67,77,0.128,10,0.839,0.4176,21.13
2026-06-13 17:57:36,041,FBN1_016_722_67,259,0.431,2,0.236,0.4824,21.15
2026-06-13 18:07:39,041,FBN1_016_722_67,324,0.538,3,0.27,0.0,21.2
2026-06-13 18:17:43,041,FBN1_016_722_67,316,0.525,1,0.112,0.0,21.25
2026-06-13 18:27:47,041,FBN1_016_722_67,411,0.684,0,0.0,0.0,21.38
2026-06-13 18:37:50,041,FBN1_016_722_67,282,0.468,4,0.362,0.0,21.43
2026-06-13 18:47:53,041,FBN1_016_722_67,326,0.542,2,0.197,0.0,21.49
2026-06-13 18:57:56,041,FBN1_016_722_67,335,0.556,3,0.264,0.0,21.48
2026-06-13 19:07:59,041,FBN1_016_722_67,308,0.512,3,0.28,0.0,21.46
2026-06-13 19:18:02,041,FBN1_016_722_67,482,0.802,0,0.0,0.0,21.48
2026-06-13 19:28:06,041,FBN1_016_722_67,125,0.208,9,0.742,0.0,21.41
2026-06-13 19:38:08,041,FBN1_016_722_67,391,0.651,0,0.0,0.0,21.49
2026-06-13 19:48:11,041,FBN1_016_722_67,404,0.672,0,0.0,0.0,21.5
2026-06-13 19:58:43,041,FBN1_016_722_67,23,0.038,12,0.954,0.0,21.54
2026-06-13 20:08:46,041,FBN1_016_722_67,6,0.01,14,0.989,0.0,21.43
2026-06-13 20:18:49,041,FBN1_016_722_67,62,0.103,9,0.853,0.0,21.37
2026-06-13 20:28:52,041,FBN1_016_722_67,0,0.0,15,1.0,0.0,21.32
2026-06-13 20:38:56,041,FBN1_016_722_67,41,0.068,12,0.921,0.0,21.28
2026-06-13 20:48:59,041,FBN1_016_722_67,83,0.138,11,0.841,0.0,21.29
2026-06-13 20:59:02,041,FBN1_016_722_67,281,0.468,3,0.299,0.0,21.27
2026-06-13 21:09:05,041,FBN1_016_722_67,301,0.5,3,0.285,0.0,21.31
2026-06-13 21:19:08,041,FBN1_016_722_67,291,0.485,4,0.355,0.0,21.33
2026-06-13 21:29:11,041,FBN1_016_722_67,376,0.626,1,0.096,0.0,21.38
2026-06-13 21:39:14,041,FBN1_016_722_67,445,0.739,0,0.0,0.0,21.41
2026-06-13 21:49:18,041,FBN1_016_722_67,132,0.22,9,0.732,0.0,21.37
2026-06-13 21:59:20,041,FBN1_016_722_67,400,0.666,1,0.091,0.0,21.53
2026-06-13 22:09:24,041,FBN1_016_722_67,324,0.539,3,0.27,0.0,21.47
2026-06-13 22:19:27,041,FBN1_016_722_67,354,0.589,1,0.102,0.0,21.48
2026-06-13 22:29:29,041,FBN1_016_722_67,344,0.572,0,0.0,0.0,21.46
2026-06-13 22:39:32,041,FBN1_016_722_67,268,0.446,1,0.13,0.0,21.4
2026-06-13 22:49:35,041,FBN1_016_722_67,337,0.561,1,0.106,0.0,21.42
2026-06-13 22:59:39,041,FBN1_016_722_67,285,0.474,2,0.219,0.0,21.37
2026-06-13 23:09:42,041,FBN1_016_722_67,297,0.494,2,0.212,0.0,21.36
2026-06-13 23:19:45,041,FBN1_016_722_67,377,0.627,0,0.0,0.0,21.37
2026-06-13 23:29:48,041,FBN1_016_722_67,361,0.601,1,0.1,0.0,21.5
2026-06-13 23:39:51,041,FBN1_016_722_67,361,0.601,1,0.1,0.0,21.56
2026-06-13 23:49:54,041,FBN1_016_722_67,325,0.54,4,0.33,0.0,21.56
2026-06-14 00:00:27,041,FBN1_016_722_67,424,0.708,0,0.0,0.0,21.58
2026-06-14 00:10:29,041,FBN1_016_722_67,419,0.697,0,0.0,0.0,21.64
2026-06-14 00:20:31,041,FBN1_016_722_67,279,0.464,4,0.364,0.0,21.55
2026-06-14 00:30:34,041,FBN1_016_722_67,281,0.468,2,0.222,0.0,21.58
2026-06-14 00:40:37,041,FBN1_016_722_67,403,0.672,0,0.0,0.0,21.63
2026-06-14 00:50:40,041,FBN1_016_722_67,296,0.492,2,0.213,0.0,21.65
2026-06-14 01:00:43,041,FBN1_016_722_67,375,0.625,1,0.096,0.0,21.6
2026-06-14 01:10:46,041,FBN1_016_722_67,318,0.528,1,0.112,0.0,21.56
2026-06-14 01:20:50,041,FBN1_016_722_67,410,0.682,0,0.0,0.0,21.56
2026-06-14 01:30:53,041,FBN1_016_722_67,345,0.574,2,0.188,0.0,21.55
2026-06-14 01:40:56,041,FBN1_016_722_67,333,0.553,1,0.107,0.0,21.5
2026-06-14 01:51:00,041,FBN1_016_722_67,348,0.579,2,0.187,0.0,21.52
2026-06-14 02:01:03,041,FBN1_016_722_67,418,0.696,0,0.0,0.0,21.5
2026-06-14 02:11:06,041,FBN1_016_722_67,440,0.732,0,0.0,0.0,21.61
2026-06-14 02:21:09,041,FBN1_016_722_67,388,0.646,2,0.171,0.0,21.59
2026-06-14 02:31:13,041,FBN1_016_722_67,367,0.61,0,0.0,0.0,21.56
2026-06-14 02:41:16,041,FBN1_016_722_67,391,0.651,1,0.093,0.0,21.5
2026-06-14 02:51:19,041,FBN1_016_722_67,444,0.739,0,0.0,0.0,21.48
2026-06-14 03:01:22,041,FBN1_016_722_67,250,0.415,4,0.39,0.0,21.43
2026-06-14 03:11:25,041,FBN1_016_722_67,428,0.713,1,0.085,0.0,21.39
2026-06-14 03:21:28,041,FBN1_016_722_67,402,0.668,0,0.0,0.0,21.41
2026-06-14 03:31:31,041,FBN1_016_722_67,393,0.654,1,0.092,0.0,21.36
2026-06-14 03:41:35,041,FBN1_016_722_67,435,0.724,0,0.0,0.0,21.35
2026-06-14 03:51:38,041,FBN1_016_722_67,417,0.694,0,0.0,0.0,21.37
2026-06-14 04:02:13,041,FBN1_016_722_67,303,0.506,2,0.209,0.0,21.44
2026-06-14 04:12:16,041,FBN1_016_722_67,414,0.689,0,0.0,0.0,21.42
2026-06-14 04:22:19,041,FBN1_016_722_67,376,0.626,2,0.175,0.0,21.39
2026-06-14 04:32:22,041,FBN1_016_722_67,340,0.566,0,0.0,0.0,21.42
2026-06-14 04:42:26,041,FBN1_016_722_67,338,0.561,1,0.106,0.0,21.38
2026-06-14 04:52:29,041,FBN1_016_722_67,400,0.666,0,0.0,0.0,21.35
2026-06-14 05:02:32,041,FBN1_016_722_67,24,0.04,14,0.959,0.0,21.3
2026-06-14 05:12:35,041,FBN1_016_722_67,348,0.579,1,0.103,0.0,21.27
2026-06-14 05:22:38,041,FBN1_016_722_67,334,0.556,2,0.193,0.0,21.31
2026-06-14 05:32:41,041,FBN1_016_722_67,356,0.592,0,0.0,0.0,21.26
2026-06-14 05:42:44,041,FBN1_016_722_67,331,0.551,2,0.195,0.0,21.31
2026-06-14 05:52:47,041,FBN1_016_722_67,374,0.622,2,0.176,0.0,21.36
2026-06-14 06:02:51,041,FBN1_016_722_67,360,0.598,1,0.1,0.6048,21.35
2026-06-14 06:12:54,041,FBN1_016_722_67,29,0.048,13,0.947,0.6048,21.31
2026-06-14 06:22:57,041,FBN1_016_722_67,24,0.04,12,0.952,0.5976,21.26
2026-06-14 06:33:00,041,FBN1_016_722_67,0,0.0,15,1.0,0.5976,21.24
2026-06-14 06:43:03,041,FBN1_016_722_67,16,0.027,13,0.97,0.5976,21.21
2026-06-14 06:53:06,041,FBN1_016_722_67,9,0.015,14,0.984,0.594,21.18
2026-06-14 07:03:10,041,FBN1_016_722_67,147,0.245,7,0.656,0.5976,21.19
2026-06-14 07:13:12,041,FBN1_016_722_67,216,0.36,4,0.426,0.5184,21.18
2026-06-14 07:23:16,041,FBN1_016_722_67,259,0.43,3,0.317,0.432,21.2
2026-06-14 07:33:19,041,FBN1_016_722_67,65,0.108,9,0.847,0.5508,21.22
2026-06-14 07:43:22,041,FBN1_016_722_67,13,0.022,14,0.977,0.5508,21.21
2026-06-14 07:53:25,041,FBN1_016_722_67,10,0.017,14,0.982,0.5472,21.2
2026-06-14 08:03:50,041,FBN1_016_722_67,31,0.052,12,0.939,0.5508,21.23
2026-06-14 08:13:53,041,FBN1_016_722_67,9,0.015,13,0.983,0.54,21.22
2026-06-14 08:23:56,041,FBN1_016_722_67,28,0.047,12,0.945,0.54,21.18
2026-06-14 08:34:00,041,FBN1_016_722_67,7,0.012,12,0.986,0.5508,21.17
2026-06-14 08:44:03,041,FBN1_016_722_67,4,0.007,14,0.993,0.54,21.17
2026-06-14 08:54:06,041,FBN1_016_722_67,25,0.042,13,0.954,0.5508,21.16
2026-06-14 09:04:09,041,FBN1_016_722_67,0,0.0,15,1.0,0.5508,21.13
2026-06-14 09:14:12,041,FBN1_016_722_67,13,0.022,14,0.977,0.5508,21.12
2026-06-14 09:24:15,041,FBN1_016_722_67,15,0.025,13,0.972,0.5508,21.11
2026-06-14 09:34:18,041,FBN1_016_722_67,28,0.047,12,0.945,0.54,21.13
2026-06-14 09:44:21,041,FBN1_016_722_67,2,0.003,14,0.996,0.576,21.13
2026-06-14 09:54:24,041,FBN1_016_722_67,9,0.015,12,0.982,0.576,21.16
2026-06-14 10:04:28,041,FBN1_016_722_67,123,0.205,5,0.619,0.54,21.19
2026-06-14 10:14:31,041,FBN1_016_722_67,314,0.522,2,0.203,0.54,21.27
2026-06-14 10:24:35,041,FBN1_016_722_67,148,0.246,7,0.654,0.5544,21.23
2026-06-14 10:34:38,041,FBN1_016_722_67,269,0.447,1,0.129,0.5868,21.27
2026-06-14 10:44:42,041,FBN1_016_722_67,220,0.366,4,0.421,0.648,21.45
2026-06-14 10:54:45,041,FBN1_016_722_67,259,0.431,4,0.382,0.5688,21.37
2026-06-14 11:04:48,041,FBN1_016_722_67,219,0.364,5,0.477,0.6012,21.34
2026-06-14 11:14:51,041,FBN1_016_722_67,89,0.148,5,0.692,0.5904,21.32
2026-06-14 11:24:54,041,FBN1_016_722_67,4,0.007,15,0.993,0.6012,21.29
2026-06-14 11:34:57,041,FBN1_016_722_67,12,0.02,14,0.979,0.6228,21.27
2026-06-14 11:45:00,041,FBN1_016_722_67,12,0.02,13,0.977,0.6228,21.23
2026-06-14 11:55:04,041,FBN1_016_722_67,30,0.05,12,0.941,0.5904,21.23
2026-06-14 12:05:31,041,FBN1_016_722_67,15,0.025,12,0.97,0.5904,21.29
2026-06-14 12:15:34,041,FBN1_016_722_67,10,0.017,14,0.982,0.5904,21.26
2026-06-14 12:25:37,041,FBN1_016_722_67,17,0.028,13,0.968,0.6048,21.24
2026-06-14 12:35:40,041,FBN1_016_722_67,116,0.193,5,0.633,0.5976,21.23
2026-06-14 12:45:44,041,FBN1_016_722_67,129,0.215,4,0.554,0.6084,21.23
2026-06-14 12:55:46,041,FBN1_016_722_67,3,0.005,15,0.995,0.612,21.24
2026-06-14 13:05:50,041,FBN1_016_722_67,15,0.025,13,0.972,0.6048,21.23
2026-06-14 13:15:53,041,FBN1_016_722_67,23,0.038,13,0.958,0.5976,21.22
2026-06-14 13:25:56,041,FBN1_016_722_67,23,0.038,13,0.958,0.6084,21.22
2026-06-14 13:35:59,041,FBN1_016_722_67,24,0.04,12,0.952,0.5976,21.21
2026-06-14 13:46:02,041,FBN1_016_722_67,262,0.436,0,0.0,0.648,21.24
2026-06-14 13:56:05,041,FBN1_016_722_67,94,0.156,8,0.773,0.288,21.22
2026-06-14 14:06:08,041,FBN1_016_722_67,377,0.627,2,0.175,0.4968,21.28
2026-06-14 14:16:11,041,FBN1_016_722_67,89,0.148,3,0.574,0.504,21.3
2026-06-14 14:26:15,041,FBN1_016_722_67,30,0.05,11,0.936,0.504,21.3
2026-06-14 14:36:18,041,FBN1_016_722_67,11,0.018,13,0.979,0.504,21.27
2026-06-14 14:46:21,041,FBN1_016_722_67,11,0.018,14,0.981,0.504,21.25
2026-06-14 14:56:24,041,FBN1_016_722_67,18,0.03,12,0.964,0.504,21.21
2026-06-14 15:06:28,041,FBN1_016_722_67,9,0.015,14,0.984,0.5076,21.18
2026-06-14 15:16:31,041,FBN1_016_722_67,6,0.01,14,0.989,0.4968,21.19
2026-06-14 15:26:34,041,FBN1_016_722_67,11,0.018,13,0.979,0.4968,21.17
2026-06-14 15:36:37,041,FBN1_016_722_67,9,0.015,14,0.984,0.4968,21.17
2026-06-14 15:46:40,041,FBN1_016_722_67,0,0.0,15,1.0,0.5076,21.17
2026-06-14 15:56:43,041,FBN1_016_722_67,24,0.04,12,0.952,0.4968,21.17
2026-06-14 16:07:17,041,FBN1_016_722_67,24,0.04,13,0.956,0.4968,21.27
2026-06-14 16:17:20,041,FBN1_016_722_67,78,0.13,8,0.804,0.5004,21.23
2026-06-14 16:27:23,041,FBN1_016_722_67,188,0.312,4,0.46,0.504,21.25
2026-06-14 16:37:27,041,FBN1_016_722_67,119,0.198,8,0.729,0.486,21.24
2026-06-14 16:47:31,041,FBN1_016_722_67,213,0.354,5,0.484,0.504,21.27
2026-06-14 16:57:34,041,FBN1_016_722_67,69,0.115,7,0.802,0.504,21.28
2026-06-14 17:07:38,041,FBN1_016_722_67,86,0.143,8,0.788,0.504,21.28
2026-06-14 17:17:41,041,FBN1_016_722_67,3,0.005,15,0.995,0.504,21.25
2026-06-14 17:27:44,041,FBN1_016_722_67,0,0.0,15,1.0,0.504,21.23
2026-06-14 17:37:47,041,FBN1_016_722_67,15,0.025,11,0.967,0.504,21.22
2026-06-14 17:47:50,041,FBN1_016_722_67,22,0.037,12,0.956,0.5076,21.21
2026-06-14 17:57:53,041,FBN1_016_722_67,18,0.03,13,0.967,0.5076,21.21
2026-06-14 18:07:56,041,FBN1_016_722_67,162,0.27,6,0.597,0.0,21.22
2026-06-14 18:17:59,041,FBN1_016_722_67,378,0.629,1,0.096,0.0,21.27
2026-06-14 18:28:02,041,FBN1_016_722_67,294,0.489,2,0.214,0.0,21.34
2026-06-14 18:38:05,041,FBN1_016_722_67,315,0.524,3,0.276,0.0,21.38
2026-06-14 18:48:08,041,FBN1_016_722_67,401,0.667,0,0.0,0.0,21.39
2026-06-14 18:58:11,041,FBN1_016_722_67,345,0.574,1,0.104,0.0,21.47
2026-06-14 19:08:14,041,FBN1_016_722_67,357,0.594,2,0.183,0.0,21.46
2026-06-14 19:18:17,041,FBN1_016_722_67,249,0.414,7,0.529,0.0,21.45
2026-06-14 19:28:20,041,FBN1_016_722_67,361,0.601,0,0.0,0.0,21.42
2026-06-14 19:38:22,041,FBN1_016_722_67,352,0.586,1,0.102,0.0,21.45
2026-06-14 19:48:26,041,FBN1_016_722_67,430,0.714,0,0.0,0.0,21.57
2026-06-14 19:58:29,041,FBN1_016_722_67,388,0.647,2,0.171,0.0,21.54
2026-06-14 20:08:53,041,FBN1_016_722_67,22,0.037,12,0.956,0.0,21.49
2026-06-14 20:18:56,041,FBN1_016_722_67,13,0.022,13,0.976,0.0,21.39
2026-06-14 20:28:59,041,FBN1_016_722_67,15,0.025,12,0.97,0.0,21.33
2026-06-14 20:39:02,041,FBN1_016_722_67,36,0.06,11,0.924,0.0,21.28
2026-06-14 20:49:05,041,FBN1_016_722_67,26,0.043,12,0.949,0.0,21.25
2026-06-14 20:59:08,041,FBN1_016_722_67,136,0.226,9,0.726,0.0,21.27
2026-06-14 21:09:11,041,FBN1_016_722_67,290,0.483,4,0.356,0.0,21.3
2026-06-14 21:19:14,041,FBN1_016_722_67,335,0.557,4,0.323,0.0,21.41
2026-06-14 21:29:17,041,FBN1_016_722_67,336,0.558,1,0.106,0.0,21.39
2026-06-14 21:39:20,041,FBN1_016_722_67,294,0.489,4,0.352,0.0,21.51
2026-06-14 21:49:23,041,FBN1_016_722_67,348,0.579,3,0.256,0.0,21.55
2026-06-14 21:59:27,041,FBN1_016_722_67,163,0.271,8,0.663,0.0,21.43
2026-06-14 22:09:30,041,FBN1_016_722_67,373,0.621,1,0.097,0.0,21.49
2026-06-14 22:19:33,041,FBN1_016_722_67,461,0.767,0,0.0,0.0,21.54
2026-06-14 22:29:36,041,FBN1_016_722_67,283,0.47,3,0.298,0.0,21.5
2026-06-14 22:39:40,041,FBN1_016_722_67,386,0.642,0,0.0,0.0,21.51
2026-06-14 22:49:44,041,FBN1_016_722_67,249,0.414,3,0.325,0.0,21.46
2026-06-14 22:59:46,041,FBN1_016_722_67,210,0.349,4,0.432,0.0,21.42
2026-06-14 23:09:49,041,FBN1_016_722_67,334,0.556,2,0.193,0.0,21.38
2026-06-14 23:19:53,041,FBN1_016_722_67,291,0.484,1,0.121,0.0,21.41
2026-06-14 23:29:56,041,FBN1_016_722_67,294,0.489,2,0.214,0.0,21.38
2026-06-14 23:39:59,041,FBN1_016_722_67,15,0.025,12,0.97,0.0,21.32
2026-06-14 23:50:02,041,FBN1_016_722_67,2,0.003,14,0.996,0.0,21.27
2026-06-13 00:01:48,011,FBN1_016_723_22,1,0.002,14,0.998,0.0,21.87
2026-06-13 00:11:51,011,FBN1_016_723_22,0,0.0,15,1.0,0.0,21.84
2026-06-13 00:21:54,011,FBN1_016_723_22,2,0.003,13,0.996,0.0,21.82
2026-06-13 00:31:57,011,FBN1_016_723_22,6,0.01,14,0.989,0.0,21.79
2026-06-13 00:42:00,011,FBN1_016_723_22,2,0.003,14,0.996,0.0,21.78
2026-06-13 00:52:02,011,FBN1_016_723_22,80,0.133,7,0.778,0.0,21.85
2026-06-13 01:02:06,011,FBN1_016_723_22,51,0.085,9,0.876,0.0,21.89
2026-06-13 01:12:08,011,FBN1_016_723_22,219,0.364,6,0.523,0.0,21.96
2026-06-13 01:22:11,011,FBN1_016_723_22,125,0.208,8,0.719,0.0,21.97
2026-06-13 01:32:15,011,FBN1_016_723_22,198,0.329,3,0.377,0.0,22.0
2026-06-13 01:42:18,011,FBN1_016_723_22,93,0.154,4,0.632,0.0,22.01
2026-06-13 01:52:21,011,FBN1_016_723_22,6,0.01,13,0.989,0.0,21.98
2026-06-13 02:02:25,011,FBN1_016_723_22,0,0.0,15,1.0,0.0,21.96
2026-06-13 02:12:27,011,FBN1_016_723_22,4,0.007,14,0.993,0.0,21.94
2026-06-13 02:22:30,011,FBN1_016_723_22,2,0.003,14,0.996,0.0,21.91
2026-06-13 02:32:34,011,FBN1_016_723_22,74,0.123,9,0.829,0.0,21.89
2026-06-13 02:42:37,011,FBN1_016_723_22,31,0.051,12,0.939,0.0,21.88
2026-06-13 02:52:40,011,FBN1_016_723_22,191,0.318,5,0.512,0.0,21.98
2026-06-13 03:02:43,011,FBN1_016_723_22,161,0.268,6,0.599,0.0,21.96
2026-06-13 03:12:46,011,FBN1_016_723_22,10,0.017,13,0.981,0.0,21.97
2026-06-13 03:22:48,011,FBN1_016_723_22,11,0.018,14,0.981,0.0,21.98
2026-06-13 03:33:13,011,FBN1_016_723_22,18,0.03,13,0.967,0.0,21.98
2026-06-13 03:43:16,011,FBN1_016_723_22,63,0.105,7,0.816,0.0,21.97
2026-06-13 03:53:19,011,FBN1_016_723_22,52,0.087,13,0.909,0.0,21.96
2026-06-13 04:03:22,011,FBN1_016_723_22,154,0.256,8,0.675,0.0,21.98
2026-06-13 04:13:24,011,FBN1_016_723_22,119,0.198,9,0.752,0.0,21.97
2026-06-13 04:23:28,011,FBN1_016_723_22,248,0.413,1,0.139,0.0,22.02
2026-06-13 04:33:31,011,FBN1_016_723_22,99,0.165,10,0.802,0.0,21.99
2026-06-13 04:43:34,011,FBN1_016_723_22,169,0.281,6,0.587,0.0,22.01
2026-06-13 04:53:37,011,FBN1_016_723_22,134,0.223,5,0.599,0.0,22.19
2026-06-13 05:03:40,011,FBN1_016_723_22,212,0.352,5,0.485,0.0,22.21
2026-06-13 05:13:43,011,FBN1_016_723_22,138,0.23,7,0.67,0.0,22.16
2026-06-13 05:23:46,011,FBN1_016_723_22,91,0.151,11,0.829,0.0,22.07
2026-06-13 05:33:49,011,FBN1_016_723_22,198,0.329,2,0.288,0.0,22.0
2026-06-13 05:43:53,011,FBN1_016_723_22,97,0.161,6,0.712,0.0,21.96
2026-06-13 05:53:55,011,FBN1_016_723_22,13,0.022,12,0.974,0.0,21.89
2026-06-13 06:03:58,011,FBN1_016_723_22,3,0.005,14,0.995,2.52,21.84
2026-06-13 06:14:02,011,FBN1_016_723_22,0,0.0,15,1.0,2.5056,21.8
2026-06-13 06:24:05,011,FBN1_016_723_22,0,0.0,15,1.0,2.4984,21.77
2026-06-13 06:34:08,011,FBN1_016_723_22,0,0.0,15,1.0,2.502,21.75
2026-06-13 06:44:11,011,FBN1_016_723_22,1,0.002,14,0.998,2.502,21.74
2026-06-13 06:54:14,011,FBN1_016_723_22,0,0.0,15,1.0,2.4912,21.71
2026-06-13 07:04:17,011,FBN1_016_723_22,0,0.0,15,1.0,2.5056,21.72
2026-06-13 07:14:20,011,FBN1_016_723_22,41,0.068,10,0.907,2.5164,21.73
2026-06-13 07:24:23,011,FBN1_016_723_22,49,0.081,8,0.867,2.5236,21.74
2026-06-13 07:34:42,011,FBN1_016_723_22,1,0.002,14,0.998,2.538,21.79
2026-06-13 07:44:46,011,FBN1_016_723_22,0,0.0,15,1.0,2.538,21.77
2026-06-13 07:54:49,011,FBN1_016_723_22,0,0.0,15,1.0,2.5344,21.76
2026-06-13 08:04:52,011,FBN1_016_723_22,5,0.008,14,0.991,2.5344,21.76
2026-06-13 08:14:55,011,FBN1_016_723_22,0,0.0,15,1.0,2.52,21.77
2026-06-13 08:24:57,011,FBN1_016_723_22,7,0.012,11,0.984,2.5236,21.75
2026-06-13 08:35:00,011,FBN1_016_723_22,54,0.09,8,0.856,2.214,21.78
2026-06-13 08:45:03,011,FBN1_016_723_22,7,0.012,12,0.986,2.394,21.79
2026-06-13 08:55:06,011,FBN1_016_723_22,0,0.0,15,1.0,2.3976,21.77
2026-06-13 09:05:09,011,FBN1_016_723_22,0,0.0,15,1.0,2.4084,21.77
2026-06-13 09:15:12,011,FBN1_016_723_22,0,0.0,15,1.0,2.4048,21.75
2026-06-13 09:25:16,011,FBN1_016_723_22,0,0.0,15,1.0,2.412,21.76
2026-06-13 09:35:19,011,FBN1_016_723_22,0,0.0,15,1.0,2.43,21.74
2026-06-13 09:45:22,011,FBN1_016_723_22,0,0.0,15,1.0,2.4264,21.73
2026-06-13 09:55:24,011,FBN1_016_723_22,1,0.002,14,0.998,2.4048,21.74
2026-06-13 10:05:28,011,FBN1_016_723_22,0,0.0,15,1.0,2.4156,21.73
2026-06-13 10:15:31,011,FBN1_016_723_22,0,0.0,15,1.0,2.3976,21.73
2026-06-13 10:25:34,011,FBN1_016_723_22,0,0.0,15,1.0,2.4264,21.71
2026-06-13 10:35:37,011,FBN1_016_723_22,0,0.0,15,1.0,2.4192,21.71
2026-06-13 10:45:40,011,FBN1_016_723_22,0,0.0,15,1.0,2.4408,21.7
2026-06-13 10:55:42,011,FBN1_016_723_22,0,0.0,15,1.0,2.4516,21.71
2026-06-13 11:05:45,011,FBN1_016_723_22,0,0.0,15,1.0,2.4336,21.7
2026-06-13 11:15:49,011,FBN1_016_723_22,0,0.0,15,1.0,2.4264,21.7
2026-06-13 11:25:52,011,FBN1_016_723_22,0,0.0,15,1.0,2.43,21.69
2026-06-13 11:36:13,011,FBN1_016_723_22,53,0.088,9,0.872,2.0376,21.77
2026-06-13 11:46:17,011,FBN1_016_723_22,174,0.29,4,0.479,2.3868,21.78
2026-06-13 11:56:19,011,FBN1_016_723_22,29,0.048,9,0.925,2.3904,21.77
2026-06-13 12:06:22,011,FBN1_016_723_22,0,0.0,15,1.0,2.3796,21.72
2026-06-13 12:16:25,011,FBN1_016_723_22,10,0.017,13,0.981,2.3976,21.68
2026-06-13 12:26:28,011,FBN1_016_723_22,9,0.015,14,0.984,2.4948,21.64
2026-06-13 12:36:31,011,FBN1_016_723_22,8,0.013,13,0.985,2.4696,21.62
2026-06-13 12:46:34,011,FBN1_016_723_22,2,0.003,15,0.997,2.4768,21.62
2026-06-13 12:56:37,011,FBN1_016_723_22,4,0.007,13,0.992,2.4696,21.62
2026-06-13 13:06:40,011,FBN1_016_723_22,8,0.013,14,0.986,2.4768,21.63
2026-06-13 13:16:44,011,FBN1_016_723_22,2,0.003,14,0.996,2.4768,21.62
2026-06-13 13:26:47,011,FBN1_016_723_22,78,0.13,6,0.755,2.826,21.64
2026-06-13 13:36:50,011,FBN1_016_723_22,91,0.151,5,0.687,2.7036,21.67
2026-06-13 13:46:53,011,FBN1_016_723_22,146,0.243,6,0.622,4.1796,21.7
2026-06-13 13:56:57,011,FBN1_016_723_22,53,0.088,7,0.841,4.1868,21.71
2026-06-13 14:07:00,011,FBN1_016_723_22,19,0.032,13,0.965,4.1796,21.69
2026-06-13 14:17:03,011,FBN1_016_723_22,2,0.003,13,0.996,4.1868,21.7
2026-06-13 14:27:05,011,FBN1_016_723_22,16,0.027,13,0.97,4.1688,21.69
2026-06-13 14:37:09,011,FBN1_016_723_22,0,0.0,15,1.0,4.176,21.68
2026-06-13 14:47:13,011,FBN1_016_723_22,13,0.022,13,0.976,4.1832,21.67
2026-06-13 14:57:15,011,FBN1_016_723_22,13,0.022,13,0.976,4.1904,21.66
2026-06-13 15:07:18,011,FBN1_016_723_22,2,0.003,14,0.996,4.1976,21.65
2026-06-13 15:17:21,011,FBN1_016_723_22,4,0.007,14,0.993,4.1904,21.66
2026-06-13 15:27:24,011,FBN1_016_723_22,105,0.175,4,0.604,4.1976,21.67
2026-06-13 15:37:45,011,FBN1_016_723_22,13,0.022,11,0.971,4.2084,21.72
2026-06-13 15:47:48,011,FBN1_016_723_22,0,0.0,15,1.0,4.1976,21.7
2026-06-13 15:57:52,011,FBN1_016_723_22,2,0.003,14,0.996,4.176,21.69
2026-06-13 16:07:55,011,FBN1_016_723_22,84,0.14,7,0.769,4.1544,21.68
2026-06-13 16:17:59,011,FBN1_016_723_22,53,0.088,10,0.883,3.996,21.7
2026-06-13 16:28:02,011,FBN1_016_723_22,104,0.173,4,0.606,4.0536,21.75
2026-06-13 16:38:04,011,FBN1_016_723_22,49,0.082,6,0.83,4.0608,21.77
2026-06-13 16:48:07,011,FBN1_016_723_22,1,0.002,14,0.998,4.0608,21.78
2026-06-13 16:58:10,011,FBN1_016_723_22,7,0.012,14,0.988,4.0608,21.79
2026-06-13 17:08:13,011,FBN1_016_723_22,0,0.0,15,1.0,4.0788,21.79
2026-06-13 17:18:16,011,FBN1_016_723_22,11,0.018,13,0.979,4.0428,21.78
2026-06-13 17:28:19,011,FBN1_016_723_22,13,0.022,12,0.974,4.0536,21.78
2026-06-13 17:38:22,011,FBN1_016_723_22,65,0.108,6,0.787,4.0608,21.8
2026-06-13 17:48:26,011,FBN1_016_723_22,128,0.213,6,0.652,2.9196,21.83
2026-06-13 17:58:29,011,FBN1_016_723_22,99,0.165,8,0.764,2.52,21.87
2026-06-13 18:08:32,011,FBN1_016_723_22,261,0.434,1,0.133,0.0,21.88
2026-06-13 18:18:35,011,FBN1_016_723_22,321,0.534,1,0.111,0.0,21.91
2026-06-13 18:28:37,011,FBN1_016_723_22,260,0.433,0,0.0,0.0,21.93
2026-06-13 18:38:40,011,FBN1_016_723_22,314,0.522,1,0.113,0.0,21.99
2026-06-13 18:48:43,011,FBN1_016_723_22,246,0.409,4,0.394,0.0,21.98
2026-06-13 18:58:46,011,FBN1_016_723_22,298,0.496,3,0.287,0.0,22.05
2026-06-13 19:08:50,011,FBN1_016_723_22,111,0.184,10,0.783,0.0,22.0
2026-06-13 19:18:53,011,FBN1_016_723_22,321,0.534,1,0.111,0.0,22.03
2026-06-13 19:28:56,011,FBN1_016_723_22,127,0.211,7,0.688,0.0,22.01
2026-06-13 19:39:17,011,FBN1_016_723_22,14,0.023,11,0.969,0.0,22.02
2026-06-13 19:49:20,011,FBN1_016_723_22,31,0.052,13,0.944,0.0,21.94
2026-06-13 19:59:23,011,FBN1_016_723_22,1,0.002,14,0.998,0.0,21.86
2026-06-13 20:09:26,011,FBN1_016_723_22,95,0.158,8,0.771,0.0,21.84
2026-06-13 20:19:29,011,FBN1_016_723_22,230,0.383,5,0.465,0.0,21.86
2026-06-13 20:29:32,011,FBN1_016_723_22,110,0.183,11,0.8,0.0,21.91
2026-06-13 20:39:35,011,FBN1_016_723_22,337,0.561,1,0.106,0.0,22.03
2026-06-13 20:49:38,011,FBN1_016_723_22,288,0.479,1,0.122,0.0,22.09
2026-06-13 20:59:41,011,FBN1_016_723_22,214,0.356,4,0.428,0.0,22.05
2026-06-13 21:09:44,011,FBN1_016_723_22,63,0.105,10,0.864,0.0,22.03
2026-06-13 21:19:47,011,FBN1_016_723_22,284,0.473,2,0.22,0.0,22.1
2026-06-13 21:29:50,011,FBN1_016_723_22,221,0.367,3,0.352,0.0,22.07
2026-06-13 21:39:53,011,FBN1_016_723_22,113,0.188,6,0.68,0.0,22.06
2026-06-13 21:49:56,011,FBN1_016_723_22,5,0.008,13,0.99,0.0,22.03
2026-06-13 21:59:59,011,FBN1_016_723_22,19,0.032,11,0.959,0.0,22.0
2026-06-13 22:10:02,011,FBN1_016_723_22,20,0.033,11,0.957,0.0,21.96
2026-06-13 22:20:07,011,FBN1_016_723_22,10,0.017,14,0.982,0.0,21.93
2026-06-13 22:30:10,011,FBN1_016_723_22,208,0.346,3,0.366,0.0,21.94
2026-06-13 22:40:13,011,FBN1_016_723_22,201,0.334,6,0.544,0.0,21.96
2026-06-13 22:50:16,011,FBN1_016_723_22,241,0.401,2,0.249,0.0,21.97
2026-06-13 23:00:19,011,FBN1_016_723_22,216,0.359,6,0.526,0.0,22.07
2026-06-13 23:10:22,011,FBN1_016_723_22,62,0.103,12,0.886,0.0,22.0
2026-06-13 23:20:25,011,FBN1_016_723_22,204,0.339,6,0.541,0.0,21.96
2026-06-13 23:30:28,011,FBN1_016_723_22,197,0.327,2,0.289,0.0,22.05
2026-06-13 23:40:46,011,FBN1_016_723_22,286,0.477,4,0.359,0.0,22.2
2026-06-13 23:50:50,011,FBN1_016_723_22,281,0.467,0,0.0,0.0,22.16
2026-06-14 00:00:53,011,FBN1_016_723_22,276,0.459,2,0.225,0.0,22.15
2026-06-14 00:10:55,011,FBN1_016_723_22,136,0.227,7,0.673,0.0,22.05
2026-06-14 00:20:58,011,FBN1_016_723_22,30,0.05,8,0.914,0.0,21.97
2026-06-14 00:31:02,011,FBN1_016_723_22,5,0.008,13,0.99,0.0,21.88
2026-06-14 00:41:05,011,FBN1_016_723_22,5,0.008,14,0.991,0.0,21.82
2026-06-14 00:51:07,011,FBN1_016_723_22,6,0.01,14,0.989,0.0,21.78
2026-06-14 01:01:11,011,FBN1_016_723_22,8,0.013,13,0.985,0.0,21.73
2026-06-14 01:11:13,011,FBN1_016_723_22,3,0.005,14,0.995,0.0,21.73
2026-06-14 01:21:16,011,FBN1_016_723_22,9,0.015,13,0.983,0.0,21.71
2026-06-14 01:31:19,011,FBN1_016_723_22,24,0.04,12,0.952,0.0,21.74
2026-06-14 01:41:22,011,FBN1_016_723_22,149,0.248,6,0.617,0.0,21.77
2026-06-14 01:51:25,011,FBN1_016_723_22,10,0.017,13,0.981,0.0,21.81
2026-06-14 02:01:29,011,FBN1_016_723_22,105,0.175,11,0.807,0.0,21.89
2026-06-14 02:11:32,011,FBN1_016_723_22,271,0.45,0,0.0,0.0,21.88
2026-06-14 02:21:35,011,FBN1_016_723_22,200,0.332,2,0.286,0.0,21.92
2026-06-14 02:31:38,011,FBN1_016_723_22,218,0.363,2,0.268,0.0,21.85
2026-06-14 02:41:41,011,FBN1_016_723_22,70,0.116,7,0.8,0.0,21.82
2026-06-14 02:51:44,011,FBN1_016_723_22,6,0.01,13,0.989,0.0,21.79
2026-06-14 03:01:48,011,FBN1_016_723_22,9,0.015,13,0.983,0.0,21.75
2026-06-14 03:11:51,011,FBN1_016_723_22,0,0.0,15,1.0,0.0,21.7
2026-06-14 03:21:54,011,FBN1_016_723_22,2,0.003,14,0.996,0.0,21.68
2026-06-14 03:31:57,011,FBN1_016_723_22,5,0.008,14,0.991,0.0,21.66
2026-06-14 03:42:21,011,FBN1_016_723_22,0,0.0,15,1.0,0.0,21.71
2026-06-14 03:52:23,011,FBN1_016_723_22,12,0.02,11,0.973,0.0,21.69
2026-06-14 04:02:26,011,FBN1_016_723_22,91,0.151,8,0.779,0.0,21.7
2026-06-14 04:12:29,011,FBN1_016_723_22,154,0.256,8,0.675,0.0,21.74
2026-06-14 04:22:33,011,FBN1_016_723_22,87,0.145,11,0.835,0.0,21.77
2026-06-14 04:32:36,011,FBN1_016_723_22,273,0.454,2,0.227,0.0,21.81
2026-06-14 04:42:39,011,FBN1_016_723_22,72,0.12,11,0.859,0.0,21.81
2026-06-14 04:52:42,011,FBN1_016_723_22,198,0.329,3,0.377,0.0,21.82
2026-06-14 05:02:45,011,FBN1_016_723_22,102,0.169,8,0.758,0.0,21.81
2026-06-14 05:12:49,011,FBN1_016_723_22,109,0.181,5,0.647,0.0,21.8
2026-06-14 05:22:51,011,FBN1_016_723_22,13,0.022,12,0.974,0.0,21.78
2026-06-14 05:32:55,011,FBN1_016_723_22,11,0.018,13,0.979,0.0,21.75
2026-06-14 05:42:57,011,FBN1_016_723_22,8,0.013,13,0.985,0.0,21.73
2026-06-14 05:53:01,011,FBN1_016_723_22,71,0.118,9,0.835,0.0,21.7
2026-06-14 06:03:04,011,FBN1_016_723_22,0,0.0,15,1.0,2.1456,21.68
2026-06-14 06:13:08,011,FBN1_016_723_22,1,0.002,14,0.998,2.1456,21.66
2026-06-14 06:23:10,011,FBN1_016_723_22,15,0.025,12,0.97,2.1168,21.66
2026-06-14 06:33:13,011,FBN1_016_723_22,0,0.0,15,1.0,2.16,21.67
2026-06-14 06:43:16,011,FBN1_016_723_22,28,0.047,9,0.928,2.0736,21.67
2026-06-14 06:53:20,011,FBN1_016_723_22,104,0.173,7,0.729,2.0952,21.7
2026-06-14 07:03:23,011,FBN1_016_723_22,65,0.108,11,0.871,2.1096,21.7
2026-06-14 07:13:26,011,FBN1_016_723_22,88,0.146,11,0.833,4.1508,21.8
2026-06-14 07:23:30,011,FBN1_016_723_22,295,0.491,3,0.289,3.4524,21.81
2026-06-14 07:33:32,011,FBN1_016_723_22,143,0.238,3,0.456,3.5424,21.81
2026-06-14 07:43:49,011,FBN1_016_723_22,16,0.027,13,0.97,3.5892,21.82
2026-06-14 07:53:52,011,FBN1_016_723_22,4,0.007,13,0.992,3.5676,21.79
2026-06-14 08:03:55,011,FBN1_016_723_22,5,0.008,13,0.99,3.5568,21.79
2026-06-14 08:13:59,011,FBN1_016_723_22,13,0.022,13,0.976,3.5532,21.77
2026-06-14 08:24:02,011,FBN1_016_723_22,4,0.007,13,0.992,3.5424,21.76
2026-06-14 08:34:05,011,FBN1_016_723_22,5,0.008,13,0.99,3.546,21.75
2026-06-14 08:44:08,011,FBN1_016_723_22,35,0.058,11,0.926,3.5172,21.74
2026-06-14 08:54:11,011,FBN1_016_723_22,6,0.01,13,0.989,3.5136,21.74
2026-06-14 09:04:14,011,FBN1_016_723_22,5,0.008,13,0.99,3.5244,21.71
2026-06-14 09:14:18,011,FBN1_016_723_22,2,0.003,14,0.996,3.6,21.69
2026-06-14 09:24:20,011,FBN1_016_723_22,0,0.0,15,1.0,3.5784,21.69
2026-06-14 09:34:24,011,FBN1_016_723_22,10,0.017,14,0.982,3.582,21.68
2026-06-14 09:44:26,011,FBN1_016_723_22,8,0.013,12,0.984,3.6,21.67
2026-06-14 09:54:29,011,FBN1_016_723_22,76,0.126,6,0.759,3.5424,21.69
2026-06-14 10:04:32,011,FBN1_016_723_22,205,0.341,4,0.438,2.394,21.74
2026-06-14 10:14:36,011,FBN1_016_723_22,199,0.331,9,0.644,2.6676,21.76
2026-06-14 10:24:39,011,FBN1_016_723_22,107,0.178,5,0.651,2.754,21.78
2026-06-14 10:34:42,011,FBN1_016_723_22,9,0.015,12,0.982,2.736,21.8
2026-06-14 10:44:45,011,FBN1_016_723_22,0,0.0,15,1.0,2.736,21.81
2026-06-14 10:54:48,011,FBN1_016_723_22,2,0.003,14,0.996,2.7432,21.78
2026-06-14 11:04:50,011,FBN1_016_723_22,3,0.005,14,0.995,2.736,21.76
2026-06-14 11:14:52,011,FBN1_016_723_22,2,0.003,14,0.996,2.7576,21.74
2026-06-14 11:24:55,011,FBN1_016_723_22,0,0.0,15,1.0,2.7576,21.75
2026-06-14 11:34:59,011,FBN1_016_723_22,0,0.0,15,1.0,2.772,21.74
2026-06-14 11:45:16,011,FBN1_016_723_22,34,0.057,10,0.922,2.7936,21.79
2026-06-14 11:55:19,011,FBN1_016_723_22,2,0.003,13,0.996,2.79,21.79
2026-06-14 12:05:22,011,FBN1_016_723_22,4,0.007,14,0.993,2.7648,21.8
2026-06-14 12:15:25,011,FBN1_016_723_22,14,0.023,12,0.972,2.7648,21.81
2026-06-14 12:25:29,011,FBN1_016_723_22,8,0.013,14,0.986,2.7864,21.83
2026-06-14 12:35:31,011,FBN1_016_723_22,87,0.145,2,0.479,2.7756,21.83
2026-06-14 12:45:34,011,FBN1_016_723_22,119,0.198,7,0.702,2.5848,21.84
2026-06-14 12:55:37,011,FBN1_016_723_22,21,0.035,11,0.954,2.592,21.84
2026-06-14 13:05:40,011,FBN1_016_723_22,3,0.005,14,0.995,2.6028,21.83
2026-06-14 13:15:43,011,FBN1_016_723_22,8,0.013,14,0.986,2.6172,21.83
2026-06-14 13:25:45,011,FBN1_016_723_22,7,0.012,14,0.988,2.6136,21.81
2026-06-14 13:35:48,011,FBN1_016_723_22,10,0.017,13,0.981,2.6136,21.78
2026-06-14 13:45:51,011,FBN1_016_723_22,1,0.002,14,0.998,2.6136,21.78
2026-06-14 13:55:55,011,FBN1_016_723_22,27,0.045,12,0.947,2.6568,21.78
2026-06-14 14:05:58,011,FBN1_016_723_22,2,0.003,14,0.996,2.664,21.77
2026-06-14 14:16:01,011,FBN1_016_723_22,2,0.003,14,0.996,2.6676,21.77
2026-06-14 14:26:03,011,FBN1_016_723_22,2,0.003,14,0.996,2.6568,21.77
2026-06-14 14:36:07,011,FBN1_016_723_22,37,0.062,9,0.907,2.664,21.8
2026-06-14 14:46:09,011,FBN1_016_723_22,118,0.196,5,0.629,2.6064,21.82
2026-06-14 14:56:13,011,FBN1_016_723_22,90,0.15,8,0.78,2.7432,21.83
2026-06-14 15:06:16,011,FBN1_016_723_22,30,0.05,9,0.923,2.7684,21.83
2026-06-14 15:16:19,011,FBN1_016_723_22,2,0.003,14,0.996,2.7576,21.83
2026-06-14 15:26:22,011,FBN1_016_723_22,13,0.022,13,0.976,2.7684,21.84
2026-06-14 15:36:25,011,FBN1_016_723_22,2,0.003,14,0.996,2.7576,21.84
2026-06-14 15:46:46,011,FBN1_016_723_22,5,0.008,13,0.99,2.7684,21.86
2026-06-14 15:56:48,011,FBN1_016_723_22,6,0.01,13,0.989,2.7576,21.84
2026-06-14 16:06:52,011,FBN1_016_723_22,9,0.015,13,0.983,2.7576,21.83
2026-06-14 16:16:55,011,FBN1_016_723_22,7,0.012,13,0.987,2.7648,21.82
2026-06-14 16:26:58,011,FBN1_016_723_22,2,0.003,14,0.996,2.7756,21.82
2026-06-14 16:37:01,011,FBN1_016_723_22,104,0.173,3,0.536,2.79,21.85
2026-06-14 16:47:05,011,FBN1_016_723_22,75,0.125,10,0.842,2.754,21.85
2026-06-14 16:57:08,011,FBN1_016_723_22,163,0.271,3,0.424,2.5488,21.88
2026-06-14 17:07:11,011,FBN1_016_723_22,43,0.072,7,0.867,2.556,21.9
2026-06-14 17:17:14,011,FBN1_016_723_22,7,0.012,14,0.988,2.5812,21.87
2026-06-14 17:27:17,011,FBN1_016_723_22,2,0.003,14,0.996,2.5632,21.87
2026-06-14 17:37:20,011,FBN1_016_723_22,20,0.033,11,0.957,2.5596,21.86
2026-06-14 17:47:22,011,FBN1_016_723_22,145,0.241,2,0.356,2.5488,21.92
2026-06-14 17:57:26,011,FBN1_016_723_22,162,0.27,4,0.497,2.6172,21.94
2026-06-14 18:07:29,011,FBN1_016_723_22,209,0.347,4,0.434,0.0,21.93
2026-06-14 18:17:32,011,FBN1_016_723_22,214,0.356,5,0.483,0.0,21.94
2026-06-14 18:27:35,011,FBN1_016_723_22,363,0.604,0,0.0,0.0,22.01
2026-06-14 18:37:38,011,FBN1_016_723_22,253,0.42,3,0.322,0.0,22.02
2026-06-14 18:47:41,011,FBN1_016_723_22,313,0.521,0,0.0,0.0,22.07
2026-06-14 18:57:44,011,FBN1_016_723_22,95,0.158,11,0.822,0.0,22.02
2026-06-14 19:07:48,011,FBN1_016_723_22,380,0.632,0,0.0,0.0,22.08
2026-06-14 19:17:50,011,FBN1_016_723_22,241,0.401,4,0.399,0.0,22.06
2026-06-14 19:27:55,011,FBN1_016_723_22,203,0.337,6,0.542,0.0,22.04
2026-06-14 19:37:58,011,FBN1_016_723_22,298,0.495,0,0.0,0.0,22.04
2026-06-14 19:48:15,011,FBN1_016_723_22,258,0.431,3,0.317,0.0,22.08
2026-06-14 19:58:18,011,FBN1_016_723_22,268,0.445,5,0.427,0.0,22.14
2026-06-14 20:08:21,011,FBN1_016_723_22,155,0.258,8,0.674,0.0,22.09
2026-06-14 20:18:25,011,FBN1_016_723_22,344,0.572,1,0.104,0.0,22.11
2026-06-14 20:28:28,011,FBN1_016_723_22,242,0.403,5,0.452,0.0,22.11
2026-06-14 20:38:31,011,FBN1_016_723_22,151,0.251,7,0.65,0.0,22.16
2026-06-14 20:48:33,011,FBN1_016_723_22,33,0.055,13,0.94,0.0,22.08
2026-06-14 20:58:37,011,FBN1_016_723_22,286,0.476,1,0.123,0.0,22.09
2026-06-14 21:08:40,011,FBN1_016_723_22,164,0.273,4,0.494,0.0,22.13
2026-06-14 21:18:42,011,FBN1_016_723_22,276,0.459,3,0.303,0.0,22.16
2026-06-14 21:28:46,011,FBN1_016_723_22,132,0.219,8,0.708,0.0,22.11
2026-06-14 21:38:49,011,FBN1_016_723_22,228,0.379,4,0.412,0.0,22.1
2026-06-14 21:48:52,011,FBN1_016_723_22,313,0.52,2,0.204,0.0,22.12
2026-06-14 21:58:55,011,FBN1_016_723_22,332,0.552,1,0.108,0.0,22.11
2026-06-14 22:08:59,011,FBN1_016_723_22,281,0.467,3,0.299,0.0,22.09
2026-06-14 22:19:02,011,FBN1_016_723_22,215,0.357,3,0.358,0.0,22.07
2026-06-14 22:29:06,011,FBN1_016_723_22,72,0.12,12,0.87,0.0,22.02
2026-06-14 22:39:08,011,FBN1_016_723_22,279,0.464,2,0.223,0.0,22.04
2026-06-14 22:49:11,011,FBN1_016_723_22,263,0.438,3,0.313,0.0,22.14
2026-06-14 22:59:14,011,FBN1_016_723_22,449,0.747,0,0.0,0.0,22.16
2026-06-14 23:09:18,011,FBN1_016_723_22,64,0.106,8,0.833,0.0,22.12
2026-06-14 23:19:21,011,FBN1_016_723_22,3,0.005,14,0.995,0.0,22.06
2026-06-14 23:29:24,011,FBN1_016_723_22,13,0.022,12,0.974,0.0,22.02
2026-06-14 23:39:27,011,FBN1_016_723_22,8,0.013,14,0.986,0.0,21.99
2026-06-14 23:49:46,011,FBN1_016_723_22,5,0.008,14,0.991,0.0,21.99
2026-06-14 23:59:49,011,FBN1_016_723_22,27,0.045,13,0.951,0.0,21.96
2026-06-13 00:06:06,018,FBN1_016_799_42,6,0.01,14,0.989,0.0,21.63
2026-06-13 00:16:09,018,FBN1_016_799_42,36,0.06,11,0.924,0.0,21.59
2026-06-13 00:26:12,018,FBN1_016_799_42,191,0.317,5,0.512,0.0,21.58
2026-06-13 00:36:15,018,FBN1_016_799_42,211,0.351,2,0.275,0.0,21.59
2026-06-13 00:46:18,018,FBN1_016_799_42,253,0.421,5,0.442,0.0,21.59
2026-06-13 00:56:21,018,FBN1_016_799_42,174,0.29,7,0.617,0.0,21.59
2026-06-13 01:06:24,018,FBN1_016_799_42,203,0.338,5,0.496,0.0,21.63
2026-06-13 01:16:27,018,FBN1_016_799_42,220,0.366,2,0.267,0.0,21.75
2026-06-13 01:26:30,018,FBN1_016_799_42,173,0.288,8,0.649,0.0,21.7
2026-06-13 01:36:33,018,FBN1_016_799_42,154,0.256,8,0.675,0.0,21.7
2026-06-13 01:46:36,018,FBN1_016_799_42,333,0.554,2,0.194,0.0,21.65
2026-06-13 01:56:39,018,FBN1_016_799_42,203,0.338,5,0.496,0.0,21.64
2026-06-13 02:06:42,018,FBN1_016_799_42,112,0.187,7,0.714,0.0,21.61
2026-06-13 02:16:45,018,FBN1_016_799_42,8,0.013,13,0.985,0.0,21.55
2026-06-13 02:26:48,018,FBN1_016_799_42,17,0.028,13,0.968,0.0,21.5
2026-06-13 02:36:51,018,FBN1_016_799_42,5,0.008,13,0.99,0.0,21.46
2026-06-13 02:46:54,018,FBN1_016_799_42,8,0.013,13,0.985,0.0,21.43
2026-06-13 02:56:57,018,FBN1_016_799_42,12,0.02,12,0.976,0.0,21.42
2026-06-13 03:07:01,018,FBN1_016_799_42,2,0.003,14,0.996,0.0,21.39
2026-06-13 03:17:03,018,FBN1_016_799_42,111,0.185,7,0.716,0.0,21.39
2026-06-13 03:27:06,018,FBN1_016_799_42,71,0.118,11,0.861,0.0,21.39
2026-06-13 03:37:27,018,FBN1_016_799_42,263,0.439,2,0.233,0.0,21.47
2026-06-13 03:47:29,018,FBN1_016_799_42,196,0.326,7,0.588,0.0,21.48
2026-06-13 03:57:32,018,FBN1_016_799_42,212,0.353,4,0.43,0.0,21.61
2026-06-13 04:07:35,018,FBN1_016_799_42,195,0.324,7,0.589,0.0,21.59
2026-06-13 04:17:38,018,FBN1_016_799_42,244,0.405,6,0.496,0.0,21.6
2026-06-13 04:27:41,018,FBN1_016_799_42,170,0.283,6,0.585,0.0,21.59
2026-06-13 04:37:44,018,FBN1_016_799_42,288,0.478,4,0.357,0.0,21.56
2026-06-13 04:47:47,018,FBN1_016_799_42,284,0.473,4,0.36,0.0,21.54
2026-06-13 04:57:50,018,FBN1_016_799_42,37,0.062,13,0.934,0.0,21.54
2026-06-13 05:07:53,018,FBN1_016_799_42,12,0.02,13,0.977,0.0,21.52
2026-06-13 05:17:56,018,FBN1_016_799_42,11,0.018,13,0.979,0.0,21.49
2026-06-13 05:27:59,018,FBN1_016_799_42,116,0.193,9,0.756,0.0,21.46
2026-06-13 05:38:02,018,FBN1_016_799_42,221,0.368,7,0.559,0.0,21.48
2026-06-13 05:48:04,018,FBN1_016_799_42,193,0.321,6,0.554,0.0,21.58
2026-06-13 05:58:07,018,FBN1_016_799_42,144,0.24,6,0.625,0.0,21.52
2026-06-13 06:08:10,018,FBN1_016_799_42,157,0.261,7,0.641,0.9576,21.49
2026-06-13 06:18:13,018,FBN1_016_799_42,188,0.313,3,0.39,1.0404,21.46
2026-06-13 06:28:16,018,FBN1_016_799_42,1,0.002,14,0.998,1.0368,21.41
2026-06-13 06:38:20,018,FBN1_016_799_42,0,0.0,15,1.0,1.0476,21.37
2026-06-13 06:48:22,018,FBN1_016_799_42,0,0.0,15,1.0,1.0296,21.32
2026-06-13 06:58:25,018,FBN1_016_799_42,0,0.0,15,1.0,1.0332,21.28
2026-06-13 07:08:29,018,FBN1_016_799_42,2,0.003,15,0.997,1.0008,21.26
2026-06-13 07:18:32,018,FBN1_016_799_42,0,0.0,15,1.0,0.9936,21.23
2026-06-13 07:28:35,018,FBN1_016_799_42,7,0.012,12,0.986,0.9936,21.2
2026-06-13 07:38:48,018,FBN1_016_799_42,0,0.0,15,1.0,0.9936,21.23
2026-06-13 07:48:51,018,FBN1_016_799_42,0,0.0,15,1.0,0.9936,21.2
2026-06-13 07:58:54,018,FBN1_016_799_42,0,0.0,15,1.0,0.9936,21.18
2026-06-13 08:08:57,018,FBN1_016_799_42,0,0.0,15,1.0,0.99,21.18
2026-06-13 08:18:59,018,FBN1_016_799_42,31,0.052,10,0.928,0.9864,21.18
2026-06-13 08:29:02,018,FBN1_016_799_42,73,0.121,9,0.831,0.9072,21.21
2026-06-13 08:39:05,018,FBN1_016_799_42,16,0.027,13,0.97,0.9252,21.21
2026-06-13 08:49:08,018,FBN1_016_799_42,0,0.0,15,1.0,0.9252,21.2
2026-06-13 08:59:10,018,FBN1_016_799_42,0,0.0,15,1.0,0.9216,21.18
2026-06-13 09:09:13,018,FBN1_016_799_42,1,0.002,14,0.998,0.9324,21.17
2026-06-13 09:19:15,018,FBN1_016_799_42,0,0.0,15,1.0,0.936,21.16
2026-06-13 09:29:18,018,FBN1_016_799_42,0,0.0,15,1.0,0.972,21.17
2026-06-13 09:39:22,018,FBN1_016_799_42,0,0.0,15,1.0,0.9612,21.16
2026-06-13 09:49:25,018,FBN1_016_799_42,13,0.022,13,0.976,0.972,21.17
2026-06-13 09:59:27,018,FBN1_016_799_42,0,0.0,15,1.0,0.99,21.18
2026-06-13 10:09:30,018,FBN1_016_799_42,0,0.0,15,1.0,0.9756,21.18
2026-06-13 10:19:33,018,FBN1_016_799_42,0,0.0,15,1.0,0.9648,21.18
2026-06-13 10:29:36,018,FBN1_016_799_42,0,0.0,15,1.0,0.9684,21.16
2026-06-13 10:39:39,018,FBN1_016_799_42,0,0.0,15,1.0,0.9864,21.14
2026-06-13 10:49:42,018,FBN1_016_799_42,0,0.0,15,1.0,1.0116,21.13
2026-06-13 10:59:45,018,FBN1_016_799_42,0,0.0,15,1.0,0.9828,21.11
2026-06-13 11:09:47,018,FBN1_016_799_42,0,0.0,15,1.0,0.9792,21.11
2026-06-13 11:19:50,018,FBN1_016_799_42,0,0.0,15,1.0,0.9792,21.1
2026-06-13 11:29:53,018,FBN1_016_799_42,0,0.0,15,1.0,0.9936,21.09
2026-06-13 11:40:11,018,FBN1_016_799_42,33,0.055,11,0.93,0.99,21.14
2026-06-13 11:50:14,018,FBN1_016_799_42,94,0.156,7,0.749,1.1232,21.16
2026-06-13 12:00:17,018,FBN1_016_799_42,5,0.008,11,0.989,1.1052,21.11
2026-06-13 12:10:20,018,FBN1_016_799_42,2,0.003,14,0.996,1.0944,21.07
2026-06-13 12:20:23,018,FBN1_016_799_42,0,0.0,15,1.0,1.0944,21.01
2026-06-13 12:30:26,018,FBN1_016_799_42,0,0.0,15,1.0,1.1016,20.98
2026-06-13 12:40:29,018,FBN1_016_799_42,1,0.002,14,0.998,1.1052,20.97
2026-06-13 12:50:32,018,FBN1_016_799_42,0,0.0,15,1.0,1.1016,20.98
2026-06-13 13:00:35,018,FBN1_016_799_42,0,0.0,15,1.0,1.1016,20.99
2026-06-13 13:10:37,018,FBN1_016_799_42,0,0.0,15,1.0,1.1016,21.02
2026-06-13 13:20:40,018,FBN1_016_799_42,0,0.0,15,1.0,1.0944,21.03
2026-06-13 13:30:44,018,FBN1_016_799_42,1,0.002,14,0.998,1.1016,21.06
2026-06-13 13:40:47,018,FBN1_016_799_42,4,0.007,14,0.993,1.0944,21.06
2026-06-13 13:50:50,018,FBN1_016_799_42,19,0.032,13,0.965,0.9864,21.09
2026-06-13 14:00:53,018,FBN1_016_799_42,127,0.211,6,0.654,0.7272,21.12
2026-06-13 14:10:56,018,FBN1_016_799_42,34,0.057,10,0.922,0.7776,21.12
2026-06-13 14:20:59,018,FBN1_016_799_42,7,0.012,14,0.988,0.7812,21.11
2026-06-13 14:31:02,018,FBN1_016_799_42,2,0.003,14,0.996,0.7848,21.1
2026-06-13 14:41:05,018,FBN1_016_799_42,9,0.015,13,0.983,0.7848,21.08
2026-06-13 14:51:08,018,FBN1_016_799_42,2,0.003,14,0.996,0.7884,21.08
2026-06-13 15:01:11,018,FBN1_016_799_42,0,0.0,15,1.0,0.7776,21.07
2026-06-13 15:11:13,018,FBN1_016_799_42,10,0.017,14,0.982,0.7848,21.06
2026-06-13 15:21:16,018,FBN1_016_799_42,2,0.003,14,0.996,0.7848,21.06
2026-06-13 15:31:19,018,FBN1_016_799_42,0,0.0,15,1.0,0.7848,21.07
2026-06-13 15:41:44,018,FBN1_016_799_42,8,0.013,14,0.986,0.7848,21.13
2026-06-13 15:51:47,018,FBN1_016_799_42,4,0.007,14,0.993,0.7848,21.11
2026-06-13 16:01:50,018,FBN1_016_799_42,48,0.08,7,0.854,0.7956,21.11
2026-06-13 16:11:53,018,FBN1_016_799_42,76,0.126,12,0.863,0.7704,21.16
2026-06-13 16:21:55,018,FBN1_016_799_42,125,0.208,7,0.691,0.8676,21.2
2026-06-13 16:31:58,018,FBN1_016_799_42,1,0.002,15,0.998,0.864,21.21
2026-06-13 16:42:01,018,FBN1_016_799_42,0,0.0,15,1.0,0.8712,21.2
2026-06-13 16:52:04,018,FBN1_016_799_42,0,0.0,15,1.0,0.8712,21.19
2026-06-13 17:02:06,018,FBN1_016_799_42,0,0.0,15,1.0,0.8712,21.17
2026-06-13 17:12:09,018,FBN1_016_799_42,2,0.003,14,0.996,0.8712,21.15
2026-06-13 17:22:12,018,FBN1_016_799_42,0,0.0,15,1.0,0.8712,21.14
2026-06-13 17:32:16,018,FBN1_016_799_42,3,0.005,14,0.995,0.8712,21.15
2026-06-13 17:42:19,018,FBN1_016_799_42,10,0.017,11,0.978,0.9576,21.17
2026-06-13 17:52:22,018,FBN1_016_799_42,15,0.025,13,0.972,0.792,21.19
2026-06-13 18:02:25,018,FBN1_016_799_42,100,0.166,8,0.762,0.0,21.24
2026-06-13 18:12:27,018,FBN1_016_799_42,246,0.409,2,0.245,0.0,21.37
2026-06-13 18:22:30,018,FBN1_016_799_42,144,0.24,5,0.581,0.0,21.4
2026-06-13 18:32:33,018,FBN1_016_799_42,265,0.441,2,0.232,0.0,21.44
2026-06-13 18:42:37,018,FBN1_016_799_42,303,0.504,0,0.0,0.0,21.53
2026-06-13 18:52:39,018,FBN1_016_799_42,301,0.501,0,0.0,0.0,21.68
2026-06-13 19:02:42,018,FBN1_016_799_42,204,0.339,5,0.495,0.0,21.73
2026-06-13 19:12:45,018,FBN1_016_799_42,208,0.346,5,0.49,0.0,21.76
2026-06-13 19:22:48,018,FBN1_016_799_42,278,0.462,0,0.0,0.0,21.73
2026-06-13 19:32:51,018,FBN1_016_799_42,257,0.428,4,0.384,0.0,21.75
2026-06-13 19:43:09,018,FBN1_016_799_42,298,0.498,3,0.287,0.0,21.82
2026-06-13 19:53:12,018,FBN1_016_799_42,251,0.418,2,0.242,0.0,21.83
2026-06-13 20:03:15,018,FBN1_016_799_42,174,0.289,8,0.648,0.0,21.89
2026-06-13 20:13:18,018,FBN1_016_799_42,220,0.367,4,0.421,0.0,21.97
2026-06-13 20:23:21,018,FBN1_016_799_42,300,0.498,2,0.211,0.0,21.91
2026-06-13 20:33:25,018,FBN1_016_799_42,153,0.254,6,0.611,0.0,21.84
2026-06-13 20:43:28,018,FBN1_016_799_42,205,0.341,6,0.539,0.0,21.74
2026-06-13 20:53:31,018,FBN1_016_799_42,143,0.238,8,0.691,0.0,21.68
2026-06-13 21:03:34,018,FBN1_016_799_42,254,0.423,2,0.24,0.0,21.7
2026-06-13 21:13:36,018,FBN1_016_799_42,265,0.441,4,0.376,0.0,21.76
2026-06-13 21:23:39,018,FBN1_016_799_42,107,0.178,10,0.789,0.0,21.66
2026-06-13 21:33:42,018,FBN1_016_799_42,334,0.556,2,0.193,0.0,21.71
2026-06-13 21:43:45,018,FBN1_016_799_42,206,0.343,6,0.538,0.0,21.68
2026-06-13 21:53:47,018,FBN1_016_799_42,273,0.454,4,0.37,0.0,21.81
2026-06-13 22:03:51,018,FBN1_016_799_42,145,0.241,5,0.58,0.0,21.67
2026-06-13 22:13:53,018,FBN1_016_799_42,94,0.156,10,0.81,0.0,21.57
2026-06-13 22:23:56,018,FBN1_016_799_42,8,0.013,14,0.986,0.0,21.48
2026-06-13 22:33:59,018,FBN1_016_799_42,47,0.078,13,0.917,0.0,21.41
2026-06-13 22:44:01,018,FBN1_016_799_42,9,0.015,14,0.984,0.0,21.36
2026-06-13 22:54:04,018,FBN1_016_799_42,2,0.003,14,0.996,0.0,21.32
2026-06-13 23:04:07,018,FBN1_016_799_42,9,0.015,14,0.984,0.0,21.3
2026-06-13 23:14:10,018,FBN1_016_799_42,144,0.24,1,0.217,0.0,21.29
2026-06-13 23:24:13,018,FBN1_016_799_42,250,0.415,4,0.39,0.0,21.36
2026-06-13 23:34:16,018,FBN1_016_799_42,171,0.285,7,0.621,0.0,21.45
2026-06-13 23:44:38,018,FBN1_016_799_42,213,0.356,5,0.484,0.0,21.5
2026-06-13 23:54:41,018,FBN1_016_799_42,195,0.325,6,0.552,0.0,21.54
2026-06-14 00:04:44,018,FBN1_016_799_42,216,0.359,3,0.357,0.0,21.6
2026-06-14 00:14:47,018,FBN1_016_799_42,139,0.232,7,0.668,0.0,21.53
2026-06-14 00:24:50,018,FBN1_016_799_42,317,0.527,2,0.202,0.0,21.62
2026-06-14 00:34:52,018,FBN1_016_799_42,113,0.188,9,0.761,0.0,21.59
2026-06-14 00:44:55,018,FBN1_016_799_42,281,0.468,1,0.125,0.0,21.56
2026-06-14 00:54:58,018,FBN1_016_799_42,263,0.437,4,0.378,0.0,21.57
2026-06-14 01:05:02,018,FBN1_016_799_42,151,0.251,6,0.614,0.0,21.65
2026-06-14 01:15:04,018,FBN1_016_799_42,230,0.383,5,0.465,0.0,21.58
2026-06-14 01:25:07,018,FBN1_016_799_42,146,0.243,8,0.687,0.0,21.49
2026-06-14 01:35:10,018,FBN1_016_799_42,216,0.359,6,0.526,0.0,21.45
2026-06-14 01:45:12,018,FBN1_016_799_42,177,0.295,6,0.576,0.0,21.43
2026-06-14 01:55:15,018,FBN1_016_799_42,8,0.013,14,0.986,0.0,21.4
2026-06-14 02:05:18,018,FBN1_016_799_42,16,0.027,12,0.968,0.0,21.35
2026-06-14 02:15:21,018,FBN1_016_799_42,0,0.0,15,1.0,0.0,21.31
2026-06-14 02:25:24,018,FBN1_016_799_42,15,0.025,13,0.972,0.0,21.28
2026-06-14 02:35:27,018,FBN1_016_799_42,19,0.032,12,0.962,0.0,21.27
2026-06-14 02:45:30,018,FBN1_016_799_42,0,0.0,15,1.0,0.0,21.26
2026-06-14 02:55:33,018,FBN1_016_799_42,40,0.067,12,0.923,0.0,21.26
2026-06-14 03:05:36,018,FBN1_016_799_42,209,0.347,3,0.365,0.0,21.26
2026-06-14 03:15:40,018,FBN1_016_799_42,165,0.275,8,0.66,0.0,21.29
2026-06-14 03:25:42,018,FBN1_016_799_42,194,0.323,6,0.553,0.0,21.3
2026-06-14 03:35:45,018,FBN1_016_799_42,122,0.203,9,0.747,0.0,21.3
2026-06-14 03:46:05,018,FBN1_016_799_42,332,0.554,3,0.265,0.0,21.39
2026-06-14 03:56:09,018,FBN1_016_799_42,21,0.035,12,0.958,0.0,21.36
2026-06-14 04:06:12,018,FBN1_016_799_42,6,0.01,13,0.989,0.0,21.35
2026-06-14 04:16:14,018,FBN1_016_799_42,283,0.471,7,0.497,0.0,21.34
2026-06-14 04:26:17,018,FBN1_016_799_42,236,0.393,6,0.504,0.0,21.36
2026-06-14 04:36:20,018,FBN1_016_799_42,184,0.306,8,0.635,0.0,21.4
2026-06-14 04:46:23,018,FBN1_016_799_42,182,0.303,5,0.524,0.0,21.41
2026-06-14 04:56:27,018,FBN1_016_799_42,192,0.319,6,0.556,0.0,21.41
2026-06-14 05:06:29,018,FBN1_016_799_42,137,0.228,8,0.7,0.0,21.38
2026-06-14 05:16:33,018,FBN1_016_799_42,351,0.584,1,0.102,0.0,21.38
2026-06-14 05:26:35,018,FBN1_016_799_42,252,0.42,3,0.323,0.0,21.43
2026-06-14 05:36:38,018,FBN1_016_799_42,372,0.619,0,0.0,0.0,21.45
2026-06-14 05:46:41,018,FBN1_016_799_42,139,0.231,6,0.633,0.0,21.45
2026-06-14 05:56:44,018,FBN1_016_799_42,52,0.086,12,0.902,0.0,21.42
2026-06-14 06:06:48,018,FBN1_016_799_42,7,0.012,12,0.986,0.6408,21.37
2026-06-14 06:16:51,018,FBN1_016_799_42,4,0.007,14,0.993,0.6408,21.34
2026-06-14 06:26:53,018,FBN1_016_799_42,6,0.01,14,0.989,0.612,21.3
2026-06-14 06:36:57,018,FBN1_016_799_42,5,0.008,14,0.991,0.6336,21.28
2026-06-14 06:46:59,018,FBN1_016_799_42,5,0.008,14,0.991,0.63,21.25
2026-06-14 06:57:02,018,FBN1_016_799_42,2,0.003,14,0.996,0.6264,21.24
2026-06-14 07:07:05,018,FBN1_016_799_42,125,0.208,8,0.719,0.648,21.24
2026-06-14 07:17:07,018,FBN1_016_799_42,148,0.247,4,0.519,1.188,21.25
2026-06-14 07:27:09,018,FBN1_016_799_42,92,0.153,9,0.796,1.1448,21.24
2026-06-14 07:37:12,018,FBN1_016_799_42,15,0.025,12,0.97,1.1376,21.27
2026-06-14 07:47:32,018,FBN1_016_799_42,13,0.022,13,0.976,1.1592,21.31
2026-06-14 07:57:35,018,FBN1_016_799_42,2,0.003,14,0.996,1.17,21.27
2026-06-14 08:07:37,018,FBN1_016_799_42,15,0.025,13,0.972,1.1448,21.25
2026-06-14 08:17:40,018,FBN1_016_799_42,8,0.013,13,0.985,1.1628,21.25
2026-06-14 08:27:43,018,FBN1_016_799_42,0,0.0,15,1.0,1.1664,21.29
2026-06-14 08:37:46,018,FBN1_016_799_42,33,0.055,11,0.93,1.1664,21.28
2026-06-14 08:47:48,018,FBN1_016_799_42,3,0.005,14,0.995,1.152,21.27
2026-06-14 08:57:51,018,FBN1_016_799_42,3,0.005,14,0.995,1.1556,21.25
2026-06-14 09:07:54,018,FBN1_016_799_42,9,0.015,13,0.983,1.1304,21.26
2026-06-14 09:17:57,018,FBN1_016_799_42,12,0.02,12,0.976,1.1304,21.24
2026-06-14 09:28:00,018,FBN1_016_799_42,147,0.245,6,0.62,1.1304,21.26
2026-06-14 09:38:02,018,FBN1_016_799_42,101,0.168,10,0.798,0.6804,21.25
2026-06-14 09:48:05,018,FBN1_016_799_42,24,0.04,13,0.956,0.9972,21.23
2026-06-14 09:58:09,018,FBN1_016_799_42,196,0.326,9,0.647,1.0044,21.25
2026-06-14 10:08:12,018,FBN1_016_799_42,285,0.474,0,0.0,0.5364,21.34
2026-06-14 10:18:14,018,FBN1_016_799_42,11,0.018,12,0.978,0.5328,21.35
2026-06-14 10:28:17,018,FBN1_016_799_42,5,0.008,13,0.99,0.5256,21.31
2026-06-14 10:38:20,018,FBN1_016_799_42,4,0.007,14,0.993,0.5328,21.28
2026-06-14 10:48:23,018,FBN1_016_799_42,10,0.017,13,0.981,0.5328,21.27
2026-06-14 10:58:26,018,FBN1_016_799_42,6,0.01,14,0.989,0.54,21.25
2026-06-14 11:08:29,018,FBN1_016_799_42,25,0.042,12,0.95,0.5472,21.26
2026-06-14 11:18:31,018,FBN1_016_799_42,2,0.003,14,0.996,0.5508,21.25
2026-06-14 11:28:34,018,FBN1_016_799_42,8,0.013,14,0.986,0.5508,21.25
2026-06-14 11:38:37,018,FBN1_016_799_42,6,0.01,14,0.989,0.5544,21.24
2026-06-14 11:49:03,018,FBN1_016_799_42,26,0.043,11,0.944,0.6372,21.32
2026-06-14 11:59:05,018,FBN1_016_799_42,9,0.015,14,0.984,0.6192,21.31
2026-06-14 12:09:08,018,FBN1_016_799_42,16,0.027,14,0.972,0.6084,21.31
2026-06-14 12:19:10,018,FBN1_016_799_42,18,0.03,12,0.964,0.6228,21.3
2026-06-14 12:29:14,018,FBN1_016_799_42,4,0.007,15,0.993,0.6048,21.3
2026-06-14 12:39:17,018,FBN1_016_799_42,203,0.338,6,0.542,0.5688,21.31
2026-06-14 12:49:19,018,FBN1_016_799_42,180,0.3,6,0.571,0.6264,21.31
2026-06-14 12:59:22,018,FBN1_016_799_42,51,0.085,9,0.876,0.6372,21.34
2026-06-14 13:09:25,018,FBN1_016_799_42,17,0.028,11,0.963,0.612,21.36
2026-06-14 13:19:27,018,FBN1_016_799_42,2,0.003,14,0.996,0.6048,21.34
2026-06-14 13:29:30,018,FBN1_016_799_42,15,0.025,12,0.97,0.6084,21.33
2026-06-14 13:39:33,018,FBN1_016_799_42,11,0.018,14,0.981,0.5976,21.33
2026-06-14 13:49:36,018,FBN1_016_799_42,7,0.012,13,0.987,0.5904,21.32
2026-06-14 13:59:39,018,FBN1_016_799_42,1,0.002,15,0.998,0.5904,21.32
2026-06-14 14:09:43,018,FBN1_016_799_42,7,0.012,13,0.987,0.5832,21.3
2026-06-14 14:19:46,018,FBN1_016_799_42,51,0.085,11,0.896,0.5832,21.29
2026-06-14 14:29:48,018,FBN1_016_799_42,165,0.275,6,0.593,0.5688,21.33
2026-06-14 14:39:51,018,FBN1_016_799_42,109,0.181,9,0.768,0.5328,21.33
2026-06-14 14:49:54,018,FBN1_016_799_42,20,0.033,12,0.96,0.54,21.37
2026-06-14 14:59:58,018,FBN1_016_799_42,11,0.018,13,0.979,0.5328,21.4
2026-06-14 15:10:01,018,FBN1_016_799_42,12,0.02,12,0.976,0.54,21.41
2026-06-14 15:20:03,018,FBN1_016_799_42,1,0.002,14,0.998,0.54,21.41
2026-06-14 15:30:06,018,FBN1_016_799_42,0,0.0,15,1.0,0.54,21.38
2026-06-14 15:40:10,018,FBN1_016_799_42,14,0.023,13,0.974,0.5616,21.38
2026-06-14 15:50:35,018,FBN1_016_799_42,5,0.008,14,0.991,0.5652,21.43
2026-06-14 16:00:38,018,FBN1_016_799_42,14,0.023,13,0.974,0.5724,21.4
2026-06-14 16:10:41,018,FBN1_016_799_42,85,0.141,10,0.825,0.5616,21.38
2026-06-14 16:20:45,018,FBN1_016_799_42,214,0.356,0,0.0,0.594,21.44
2026-06-14 16:30:47,018,FBN1_016_799_42,81,0.135,8,0.798,0.576,21.45
2026-06-14 16:40:50,018,FBN1_016_799_42,9,0.015,13,0.983,0.5868,21.42
2026-06-14 16:50:53,018,FBN1_016_799_42,5,0.008,13,0.99,0.576,21.41
2026-06-14 17:00:56,018,FBN1_016_799_42,15,0.025,13,0.972,0.5832,21.4
2026-06-14 17:10:59,018,FBN1_016_799_42,25,0.042,10,0.941,0.576,21.4
2026-06-14 17:21:02,018,FBN1_016_799_42,144,0.239,5,0.581,0.5796,21.41
2026-06-14 17:31:05,018,FBN1_016_799_42,192,0.319,3,0.385,0.576,21.45
2026-06-14 17:41:09,018,FBN1_016_799_42,175,0.291,6,0.578,0.8172,21.45
2026-06-14 17:51:11,018,FBN1_016_799_42,154,0.256,4,0.51,0.6984,21.41
2026-06-14 18:01:15,018,FBN1_016_799_42,15,0.025,12,0.97,0.0,21.4
2026-06-14 18:11:18,018,FBN1_016_799_42,23,0.038,11,0.95,0.0,21.38
2026-06-14 18:21:21,018,FBN1_016_799_42,16,0.027,12,0.968,0.0,21.36
2026-06-14 18:31:24,018,FBN1_016_799_42,248,0.413,2,0.244,0.0,21.39
2026-06-14 18:41:26,018,FBN1_016_799_42,153,0.255,8,0.677,0.0,21.46
2026-06-14 18:51:30,018,FBN1_016_799_42,321,0.534,0,0.0,0.0,21.59
2026-06-14 19:01:32,018,FBN1_016_799_42,271,0.451,3,0.307,0.0,21.62
2026-06-14 19:11:35,018,FBN1_016_799_42,277,0.461,4,0.366,0.0,21.65
2026-06-14 19:21:38,018,FBN1_016_799_42,210,0.35,6,0.533,0.0,21.73
2026-06-14 19:31:41,018,FBN1_016_799_42,286,0.476,1,0.123,0.0,21.72
2026-06-14 19:41:43,018,FBN1_016_799_42,285,0.474,3,0.296,0.0,21.81
2026-06-14 19:52:05,018,FBN1_016_799_42,201,0.336,6,0.544,0.0,21.94
2026-06-14 20:02:08,018,FBN1_016_799_42,230,0.382,6,0.511,0.0,21.85
2026-06-14 20:12:11,018,FBN1_016_799_42,264,0.439,3,0.312,0.0,21.84
2026-06-14 20:22:14,018,FBN1_016_799_42,268,0.446,5,0.427,0.0,21.82
2026-06-14 20:32:17,018,FBN1_016_799_42,241,0.401,5,0.454,0.0,21.8
2026-06-14 20:42:20,018,FBN1_016_799_42,218,0.363,4,0.423,0.0,21.83
2026-06-14 20:52:22,018,FBN1_016_799_42,244,0.406,5,0.45,0.0,21.8
2026-06-14 21:02:26,018,FBN1_016_799_42,25,0.042,13,0.954,0.0,21.76
2026-06-14 21:12:29,018,FBN1_016_799_42,271,0.451,4,0.371,0.0,21.73
2026-06-14 21:22:32,018,FBN1_016_799_42,327,0.544,3,0.268,0.0,21.79
2026-06-14 21:32:34,018,FBN1_016_799_42,173,0.288,8,0.649,0.0,21.74
2026-06-14 21:42:37,018,FBN1_016_799_42,244,0.406,4,0.396,0.0,21.79
2026-06-14 21:52:40,018,FBN1_016_799_42,123,0.205,10,0.765,0.0,21.72
2026-06-14 22:02:43,018,FBN1_016_799_42,369,0.614,1,0.098,0.0,21.73
2026-06-14 22:12:46,018,FBN1_016_799_42,153,0.255,6,0.611,0.0,21.68
2026-06-14 22:22:49,018,FBN1_016_799_42,176,0.293,7,0.614,0.0,21.67
2026-06-14 22:32:52,018,FBN1_016_799_42,176,0.293,5,0.532,0.0,21.67
2026-06-14 22:42:54,018,FBN1_016_799_42,107,0.178,10,0.789,0.0,21.64
2026-06-14 22:52:57,018,FBN1_016_799_42,381,0.634,1,0.095,0.0,21.79
2026-06-14 23:03:00,018,FBN1_016_799_42,156,0.26,9,0.698,0.0,21.75
2026-06-14 23:13:03,018,FBN1_016_799_42,330,0.548,1,0.108,0.0,21.84
2026-06-14 23:23:06,018,FBN1_016_799_42,320,0.532,4,0.333,0.0,22.01
2026-06-14 23:33:09,018,FBN1_016_799_42,104,0.173,8,0.755,0.0,22.09
2026-06-14 23:43:12,018,FBN1_016_799_42,166,0.276,6,0.591,0.0,21.96
2026-06-14 23:53:42,018,FBN1_016_799_42,213,0.356,3,0.36,0.0,21.97
2026-06-13 00:08:55,014,FBN1_016_801_63,0,0.0,15,1.0,0.0,21.09
2026-06-13 00:18:58,014,FBN1_016_801_63,8,0.013,14,0.986,0.0,21.06
2026-06-13 00:29:00,014,FBN1_016_801_63,69,0.115,11,0.864,0.0,21.09
2026-06-13 00:39:03,014,FBN1_016_801_63,0,0.0,15,1.0,0.0,21.06
2026-06-13 00:49:06,014,FBN1_016_801_63,0,0.0,15,1.0,0.0,21.01
2026-06-13 00:59:10,014,FBN1_016_801_63,0,0.0,15,1.0,0.0,20.99
2026-06-13 01:09:13,014,FBN1_016_801_63,221,0.368,5,0.475,0.0,21.08
2026-06-13 01:19:17,014,FBN1_016_801_63,180,0.299,8,0.64,0.0,21.14
2026-06-13 01:29:20,014,FBN1_016_801_63,109,0.181,11,0.801,0.0,21.15
2026-06-13 01:39:23,014,FBN1_016_801_63,239,0.397,6,0.501,0.0,21.23
2026-06-13 01:49:27,014,FBN1_016_801_63,300,0.498,1,0.118,0.0,21.36
2026-06-13 01:59:31,014,FBN1_016_801_63,333,0.553,2,0.194,0.0,21.47
2026-06-13 02:09:35,014,FBN1_016_801_63,98,0.163,10,0.803,0.0,21.43
2026-06-13 02:19:38,014,FBN1_016_801_63,34,0.057,12,0.934,0.0,21.38
2026-06-13 02:29:41,014,FBN1_016_801_63,188,0.312,6,0.561,0.0,21.38
2026-06-13 02:39:45,014,FBN1_016_801_63,137,0.228,5,0.593,0.0,21.36
2026-06-13 02:49:48,014,FBN1_016_801_63,0,0.0,15,1.0,0.0,21.29
2026-06-13 02:59:51,014,FBN1_016_801_63,0,0.0,15,1.0,0.0,21.21
2026-06-13 03:09:54,014,FBN1_016_801_63,0,0.0,15,1.0,0.0,21.16
2026-06-13 03:19:57,014,FBN1_016_801_63,0,0.0,15,1.0,0.0,21.11
2026-06-13 03:30:01,014,FBN1_016_801_63,0,0.0,15,1.0,0.0,21.05
2026-06-13 03:40:26,014,FBN1_016_801_63,19,0.032,12,0.962,0.0,21.11
2026-06-13 03:50:30,014,FBN1_016_801_63,239,0.397,4,0.401,0.0,21.26
2026-06-13 04:00:33,014,FBN1_016_801_63,117,0.194,9,0.755,0.0,21.25
2026-06-13 04:10:37,014,FBN1_016_801_63,216,0.359,1,0.156,0.0,21.4
2026-06-13 04:20:40,014,FBN1_016_801_63,178,0.296,8,0.643,0.0,21.45
2026-06-13 04:30:44,014,FBN1_016_801_63,86,0.143,9,0.807,0.0,21.39
2026-06-13 04:40:46,014,FBN1_016_801_63,72,0.12,12,0.87,0.0,21.3
2026-06-13 04:50:50,014,FBN1_016_801_63,229,0.38,6,0.512,0.0,21.36
2026-06-13 05:00:53,014,FBN1_016_801_63,0,0.0,15,1.0,0.0,21.26
2026-06-13 05:10:57,014,FBN1_016_801_63,0,0.0,15,1.0,0.0,21.17
2026-06-13 05:21:00,014,FBN1_016_801_63,0,0.0,15,1.0,0.0,21.08
2026-06-13 05:31:03,014,FBN1_016_801_63,0,0.0,15,1.0,0.0,21.02
2026-06-13 05:41:06,014,FBN1_016_801_63,0,0.0,15,1.0,0.0,20.99
2026-06-13 05:51:09,014,FBN1_016_801_63,72,0.12,10,0.847,0.0,21.0
2026-06-13 06:01:12,014,FBN1_016_801_63,41,0.068,12,0.921,0.9864,21.01
2026-06-13 06:11:15,014,FBN1_016_801_63,2,0.003,15,0.997,0.9612,21.01
2026-06-13 06:21:19,014,FBN1_016_801_63,0,0.0,15,1.0,0.972,21.0
2026-06-13 06:31:23,014,FBN1_016_801_63,0,0.0,15,1.0,0.954,20.99
2026-06-13 06:41:27,014,FBN1_016_801_63,0,0.0,15,1.0,0.9612,20.98
2026-06-13 06:51:29,014,FBN1_016_801_63,0,0.0,15,1.0,0.9432,20.97
2026-06-13 07:01:33,014,FBN1_016_801_63,0,0.0,15,1.0,0.9504,20.94
2026-06-13 07:11:36,014,FBN1_016_801_63,0,0.0,15,1.0,0.9432,20.93
2026-06-13 07:21:40,014,FBN1_016_801_63,0,0.0,15,1.0,0.9468,20.91
2026-06-13 07:31:43,014,FBN1_016_801_63,0,0.0,15,1.0,0.9468,20.9
2026-06-13 07:42:06,014,FBN1_016_801_63,0,0.0,15,1.0,0.9432,20.93
2026-06-13 07:52:10,014,FBN1_016_801_63,0,0.0,15,1.0,0.9432,20.92
2026-06-13 08:02:13,014,FBN1_016_801_63,0,0.0,15,1.0,0.972,20.9
2026-06-13 08:12:17,014,FBN1_016_801_63,0,0.0,15,1.0,1.0116,20.91
2026-06-13 08:22:20,014,FBN1_016_801_63,9,0.015,14,0.984,0.9972,20.88
2026-06-13 08:32:23,014,FBN1_016_801_63,0,0.0,15,1.0,0.9468,20.88
2026-06-13 08:42:27,014,FBN1_016_801_63,0,0.0,15,1.0,0.936,20.86
2026-06-13 08:52:31,014,FBN1_016_801_63,0,0.0,15,1.0,0.9396,20.85
2026-06-13 09:02:34,014,FBN1_016_801_63,0,0.0,15,1.0,0.9396,20.87
2026-06-13 09:12:37,014,FBN1_016_801_63,0,0.0,15,1.0,0.936,20.88
2026-06-13 09:22:40,014,FBN1_016_801_63,0,0.0,15,1.0,0.9396,20.88
2026-06-13 09:32:43,014,FBN1_016_801_63,0,0.0,15,1.0,0.936,20.89
2026-06-13 09:42:47,014,FBN1_016_801_63,0,0.0,15,1.0,0.9576,20.89
2026-06-13 09:52:49,014,FBN1_016_801_63,0,0.0,15,1.0,0.9576,20.89
2026-06-13 10:02:53,014,FBN1_016_801_63,0,0.0,15,1.0,0.972,20.89
2026-06-13 10:12:56,014,FBN1_016_801_63,0,0.0,15,1.0,0.9504,20.91
2026-06-13 10:23:00,014,FBN1_016_801_63,0,0.0,15,1.0,0.936,20.91
2026-06-13 10:33:03,014,FBN1_016_801_63,0,0.0,15,1.0,0.9612,20.9
2026-06-13 10:43:06,014,FBN1_016_801_63,0,0.0,15,1.0,0.9576,20.89
2026-06-13 10:53:09,014,FBN1_016_801_63,21,0.035,13,0.961,0.9756,20.91
2026-06-13 11:03:13,014,FBN1_016_801_63,1,0.002,14,0.998,0.9504,20.88
2026-06-13 11:13:17,014,FBN1_016_801_63,14,0.023,13,0.974,0.972,20.9
2026-06-13 11:23:20,014,FBN1_016_801_63,0,0.0,15,1.0,0.9468,20.89
2026-06-13 11:33:24,014,FBN1_016_801_63,0,0.0,15,1.0,0.9504,20.85
2026-06-13 11:43:45,014,FBN1_016_801_63,0,0.0,15,1.0,0.9504,20.89
2026-06-13 11:53:48,014,FBN1_016_801_63,0,0.0,15,1.0,0.9432,20.86
2026-06-13 12:03:51,014,FBN1_016_801_63,0,0.0,15,1.0,0.9324,20.84
2026-06-13 12:13:55,014,FBN1_016_801_63,0,0.0,15,1.0,0.9324,20.8
2026-06-13 12:23:59,014,FBN1_016_801_63,0,0.0,15,1.0,0.9324,20.78
2026-06-13 12:34:02,014,FBN1_016_801_63,0,0.0,15,1.0,0.9324,20.77
2026-06-13 12:44:05,014,FBN1_016_801_63,30,0.05,13,0.945,0.9288,20.79
2026-06-13 12:54:09,014,FBN1_016_801_63,0,0.0,15,1.0,0.9324,20.79
2026-06-13 13:04:12,014,FBN1_016_801_63,2,0.003,14,0.996,0.9288,20.8
2026-06-13 13:14:16,014,FBN1_016_801_63,0,0.0,15,1.0,0.9396,20.81
2026-06-13 13:24:19,014,FBN1_016_801_63,0,0.0,15,1.0,0.9576,20.81
2026-06-13 13:34:23,014,FBN1_016_801_63,0,0.0,15,1.0,0.9324,20.81
2026-06-13 13:44:26,014,FBN1_016_801_63,0,0.0,15,1.0,0.9324,20.8
2026-06-13 13:54:29,014,FBN1_016_801_63,0,0.0,15,1.0,0.9324,20.8
2026-06-13 14:04:32,014,FBN1_016_801_63,0,0.0,15,1.0,0.9324,20.8
2026-06-13 14:14:36,014,FBN1_016_801_63,9,0.015,14,0.984,0.9324,20.82
2026-06-13 14:24:40,014,FBN1_016_801_63,14,0.023,14,0.976,0.9324,20.83
2026-06-13 14:34:43,014,FBN1_016_801_63,0,0.0,15,1.0,0.9324,20.83
2026-06-13 14:44:46,014,FBN1_016_801_63,0,0.0,15,1.0,0.9288,20.83
2026-06-13 14:54:49,014,FBN1_016_801_63,0,0.0,15,1.0,0.9288,20.84
2026-06-13 15:04:52,014,FBN1_016_801_63,0,0.0,15,1.0,0.9288,20.83
2026-06-13 15:14:56,014,FBN1_016_801_63,1,0.002,15,0.998,0.9288,20.83
2026-06-13 15:24:59,014,FBN1_016_801_63,0,0.0,15,1.0,0.9216,20.84
2026-06-13 15:35:02,014,FBN1_016_801_63,15,0.025,13,0.972,0.9288,20.85
2026-06-13 15:45:29,014,FBN1_016_801_63,0,0.0,15,1.0,0.9288,20.88
2026-06-13 15:55:32,014,FBN1_016_801_63,0,0.0,15,1.0,0.9324,20.84
2026-06-13 16:05:35,014,FBN1_016_801_63,0,0.0,15,1.0,0.9216,20.82
2026-06-13 16:15:39,014,FBN1_016_801_63,0,0.0,15,1.0,0.9324,20.8
2026-06-13 16:25:42,014,FBN1_016_801_63,0,0.0,15,1.0,0.9216,20.81
2026-06-13 16:35:46,014,FBN1_016_801_63,19,0.032,13,0.965,0.9288,20.82
2026-06-13 16:45:50,014,FBN1_016_801_63,1,0.002,15,0.998,0.9288,20.84
2026-06-13 16:55:54,014,FBN1_016_801_63,0,0.0,15,1.0,0.9288,20.85
2026-06-13 17:05:58,014,FBN1_016_801_63,0,0.0,15,1.0,0.936,20.85
2026-06-13 17:16:01,014,FBN1_016_801_63,0,0.0,15,1.0,0.9288,20.86
2026-06-13 17:26:04,014,FBN1_016_801_63,0,0.0,15,1.0,0.9396,20.85
2026-06-13 17:36:08,014,FBN1_016_801_63,12,0.02,13,0.977,0.936,20.86
2026-06-13 17:46:12,014,FBN1_016_801_63,153,0.254,7,0.647,0.9288,20.94
2026-06-13 17:56:16,014,FBN1_016_801_63,35,0.058,12,0.932,0.9324,20.98
2026-06-13 18:06:19,014,FBN1_016_801_63,0,0.0,15,1.0,0.0,20.96
2026-06-13 18:16:22,014,FBN1_016_801_63,0,0.0,15,1.0,0.0,20.9
2026-06-13 18:26:26,014,FBN1_016_801_63,378,0.629,0,0.0,0.0,21.08
2026-06-13 18:36:29,014,FBN1_016_801_63,269,0.448,5,0.426,0.0,21.16
2026-06-13 18:46:33,014,FBN1_016_801_63,186,0.309,7,0.601,0.0,21.25
2026-06-13 18:56:36,014,FBN1_016_801_63,244,0.406,4,0.396,0.0,21.27
2026-06-13 19:06:39,014,FBN1_016_801_63,291,0.483,4,0.355,0.0,21.36
2026-06-13 19:16:43,014,FBN1_016_801_63,165,0.275,8,0.66,0.0,21.36
2026-06-13 19:26:47,014,FBN1_016_801_63,128,0.213,9,0.738,0.0,21.33
2026-06-13 19:36:50,014,FBN1_016_801_63,288,0.478,4,0.357,0.0,21.4
2026-06-13 19:47:17,014,FBN1_016_801_63,93,0.155,11,0.826,0.0,21.42
2026-06-13 19:57:20,014,FBN1_016_801_63,248,0.412,4,0.392,0.0,21.51
2026-06-13 20:07:24,014,FBN1_016_801_63,1,0.002,15,0.998,0.0,21.43
2026-06-13 20:17:27,014,FBN1_016_801_63,15,0.025,14,0.974,0.0,21.31
2026-06-13 20:27:30,014,FBN1_016_801_63,0,0.0,15,1.0,0.0,21.21
2026-06-13 20:37:34,014,FBN1_016_801_63,0,0.0,15,1.0,0.0,21.12
2026-06-13 20:47:37,014,FBN1_016_801_63,10,0.017,15,0.984,0.0,21.05
2026-06-13 20:57:40,014,FBN1_016_801_63,135,0.225,8,0.703,0.0,21.07
2026-06-13 21:07:44,014,FBN1_016_801_63,139,0.231,6,0.633,0.0,21.12
2026-06-13 21:17:48,014,FBN1_016_801_63,53,0.088,12,0.901,0.0,21.11
2026-06-13 21:27:51,014,FBN1_016_801_63,306,0.509,1,0.116,0.0,21.43
2026-06-13 21:37:55,014,FBN1_016_801_63,140,0.233,5,0.588,0.0,21.5
2026-06-13 21:47:58,014,FBN1_016_801_63,61,0.101,11,0.878,0.0,21.41
2026-06-13 21:58:02,014,FBN1_016_801_63,151,0.251,8,0.679,0.0,21.41
2026-06-13 22:08:05,014,FBN1_016_801_63,0,0.0,15,1.0,0.0,21.29
2026-06-13 22:18:09,014,FBN1_016_801_63,0,0.0,15,1.0,0.0,21.18
2026-06-13 22:28:12,014,FBN1_016_801_63,0,0.0,15,1.0,0.0,21.1
2026-06-13 22:38:16,014,FBN1_016_801_63,0,0.0,15,1.0,0.0,21.04
2026-06-13 22:48:20,014,FBN1_016_801_63,0,0.0,15,1.0,0.0,21.0
2026-06-13 22:58:24,014,FBN1_016_801_63,0,0.0,15,1.0,0.0,21.0
2026-06-13 23:08:27,014,FBN1_016_801_63,271,0.45,4,0.371,0.0,21.14
2026-06-13 23:18:31,014,FBN1_016_801_63,90,0.15,11,0.83,0.0,21.3
2026-06-13 23:28:34,014,FBN1_016_801_63,216,0.359,7,0.565,0.0,21.36
2026-06-13 23:38:38,014,FBN1_016_801_63,147,0.245,7,0.656,0.0,21.38
2026-06-13 23:48:59,014,FBN1_016_801_63,149,0.248,6,0.617,0.0,21.46
2026-06-13 23:59:02,014,FBN1_016_801_63,18,0.03,14,0.969,0.0,21.4
2026-06-14 00:09:06,014,FBN1_016_801_63,43,0.072,13,0.924,0.0,21.35
2026-06-14 00:19:09,014,FBN1_016_801_63,0,0.0,15,1.0,0.0,21.23
2026-06-14 00:29:13,014,FBN1_016_801_63,0,0.0,15,1.0,0.0,21.13
2026-06-14 00:39:16,014,FBN1_016_801_63,0,0.0,15,1.0,0.0,21.04
2026-06-14 00:49:19,014,FBN1_016_801_63,0,0.0,15,1.0,0.0,20.96
2026-06-14 00:59:24,014,FBN1_016_801_63,0,0.0,15,1.0,0.0,20.9
2026-06-14 01:09:27,014,FBN1_016_801_63,0,0.0,15,1.0,0.0,20.86
2026-06-14 01:19:31,014,FBN1_016_801_63,221,0.367,7,0.559,0.0,20.92
2026-06-14 01:29:35,014,FBN1_016_801_63,165,0.274,6,0.593,0.0,21.06
2026-06-14 01:39:38,014,FBN1_016_801_63,294,0.488,3,0.29,0.0,21.16
2026-06-14 01:49:42,014,FBN1_016_801_63,111,0.184,10,0.783,0.0,21.13
2026-06-14 01:59:45,014,FBN1_016_801_63,415,0.691,1,0.088,0.0,21.3
2026-06-14 02:09:48,014,FBN1_016_801_63,247,0.41,3,0.327,0.0,21.43
2026-06-14 02:19:53,014,FBN1_016_801_63,111,0.184,10,0.783,0.0,21.4
2026-06-14 02:29:56,014,FBN1_016_801_63,18,0.03,13,0.967,0.0,21.3
2026-06-14 02:39:59,014,FBN1_016_801_63,48,0.08,13,0.915,0.0,21.23
2026-06-14 02:50:03,014,FBN1_016_801_63,153,0.255,7,0.647,0.0,21.23
2026-06-14 03:00:06,014,FBN1_016_801_63,33,0.055,12,0.936,0.0,21.21
2026-06-14 03:10:09,014,FBN1_016_801_63,0,0.0,15,1.0,0.0,21.15
2026-06-14 03:20:13,014,FBN1_016_801_63,20,0.033,12,0.96,0.0,21.12
2026-06-14 03:30:16,014,FBN1_016_801_63,0,0.0,15,1.0,0.0,21.07
2026-06-14 03:40:20,014,FBN1_016_801_63,0,0.0,15,1.0,0.0,21.02
2026-06-14 03:50:41,014,FBN1_016_801_63,0,0.0,15,1.0,0.0,21.02
2026-06-14 04:00:44,014,FBN1_016_801_63,0,0.0,15,1.0,0.0,20.97
2026-06-14 04:10:48,014,FBN1_016_801_63,110,0.183,10,0.784,0.0,20.98
2026-06-14 04:20:52,014,FBN1_016_801_63,34,0.056,13,0.939,0.0,21.0
2026-06-14 04:30:55,014,FBN1_016_801_63,278,0.463,3,0.302,0.0,21.13
2026-06-14 04:40:58,014,FBN1_016_801_63,112,0.186,9,0.763,0.0,21.2
2026-06-14 04:51:01,014,FBN1_016_801_63,82,0.136,10,0.83,0.0,21.16
2026-06-14 05:01:05,014,FBN1_016_801_63,295,0.49,5,0.404,0.0,21.17
2026-06-14 05:11:09,014,FBN1_016_801_63,187,0.311,6,0.562,0.0,21.16
2026-06-14 05:21:13,014,FBN1_016_801_63,49,0.082,12,0.907,0.0,21.12
2026-06-14 05:31:16,014,FBN1_016_801_63,34,0.057,12,0.934,0.0,21.07
2026-06-14 05:41:19,014,FBN1_016_801_63,11,0.018,13,0.979,0.0,20.99
2026-06-14 05:51:23,014,FBN1_016_801_63,0,0.0,15,1.0,0.0,20.93
2026-06-14 06:01:26,014,FBN1_016_801_63,0,0.0,15,1.0,0.9432,20.89
2026-06-14 06:11:28,014,FBN1_016_801_63,0,0.0,15,1.0,0.936,20.89
2026-06-14 06:21:32,014,FBN1_016_801_63,0,0.0,15,1.0,0.9288,20.86
2026-06-14 06:31:35,014,FBN1_016_801_63,0,0.0,15,1.0,0.9324,20.86
2026-06-14 06:41:38,014,FBN1_016_801_63,0,0.0,15,1.0,0.9324,20.86
2026-06-14 06:51:42,014,FBN1_016_801_63,0,0.0,15,1.0,0.9216,20.85
2026-06-14 07:01:45,014,FBN1_016_801_63,1,0.002,14,0.998,0.9144,20.85
2026-06-14 07:11:49,014,FBN1_016_801_63,0,0.0,15,1.0,0.9252,20.83
2026-06-14 07:21:52,014,FBN1_016_801_63,0,0.0,15,1.0,0.9252,20.82
2026-06-14 07:31:56,014,FBN1_016_801_63,0,0.0,15,1.0,0.9144,20.81
2026-06-14 07:41:59,014,FBN1_016_801_63,0,0.0,15,1.0,0.9144,20.81
2026-06-14 07:52:21,014,FBN1_016_801_63,0,0.0,15,1.0,0.9252,20.85
2026-06-14 08:02:24,014,FBN1_016_801_63,0,0.0,15,1.0,0.9288,20.83
2026-06-14 08:12:27,014,FBN1_016_801_63,46,0.076,11,0.905,0.9216,20.84
2026-06-14 08:22:30,014,FBN1_016_801_63,2,0.003,15,0.997,0.9144,20.83
2026-06-14 08:32:34,014,FBN1_016_801_63,0,0.0,15,1.0,0.9216,20.8
2026-06-14 08:42:37,014,FBN1_016_801_63,0,0.0,15,1.0,0.9144,20.79
2026-06-14 08:52:41,014,FBN1_016_801_63,3,0.005,15,0.995,0.9252,20.78
2026-06-14 09:02:44,014,FBN1_016_801_63,0,0.0,15,1.0,0.9252,20.77
2026-06-14 09:12:48,014,FBN1_016_801_63,0,0.0,15,1.0,0.9252,20.78
2026-06-14 09:22:51,014,FBN1_016_801_63,0,0.0,15,1.0,0.9216,20.78
2026-06-14 09:32:54,014,FBN1_016_801_63,0,0.0,15,1.0,0.9144,20.79
2026-06-14 09:42:58,014,FBN1_016_801_63,2,0.003,14,0.996,0.936,20.8
2026-06-14 09:53:01,014,FBN1_016_801_63,28,0.047,13,0.949,0.9396,20.81
2026-06-14 10:03:05,014,FBN1_016_801_63,0,0.0,15,1.0,0.9072,20.81
2026-06-14 10:13:08,014,FBN1_016_801_63,0,0.0,15,1.0,0.9072,20.8
2026-06-14 10:23:11,014,FBN1_016_801_63,0,0.0,15,1.0,0.9072,20.8
2026-06-14 10:33:14,014,FBN1_016_801_63,3,0.005,13,0.994,0.918,20.78
2026-06-14 10:43:18,014,FBN1_016_801_63,0,0.0,15,1.0,0.9072,20.78
2026-06-14 10:53:21,014,FBN1_016_801_63,1,0.002,14,0.998,0.918,20.77
2026-06-14 11:03:24,014,FBN1_016_801_63,1,0.002,15,0.998,0.9072,20.75
2026-06-14 11:13:28,014,FBN1_016_801_63,0,0.0,15,1.0,0.918,20.75
2026-06-14 11:23:31,014,FBN1_016_801_63,0,0.0,15,1.0,0.9072,20.76
2026-06-14 11:33:34,014,FBN1_016_801_63,1,0.002,14,0.998,0.9288,20.76
2026-06-14 11:43:38,014,FBN1_016_801_63,13,0.022,14,0.977,0.936,20.77
2026-06-14 11:53:57,014,FBN1_016_801_63,34,0.057,12,0.934,0.9216,20.85
2026-06-14 12:04:01,014,FBN1_016_801_63,0,0.0,15,1.0,0.9324,20.83
2026-06-14 12:14:05,014,FBN1_016_801_63,1,0.002,14,0.998,0.9324,20.81
2026-06-14 12:24:08,014,FBN1_016_801_63,0,0.0,15,1.0,0.9324,20.8
2026-06-14 12:34:11,014,FBN1_016_801_63,0,0.0,15,1.0,0.9288,20.8
2026-06-14 12:44:15,014,FBN1_016_801_63,0,0.0,15,1.0,0.9324,20.79
2026-06-14 12:54:18,014,FBN1_016_801_63,0,0.0,15,1.0,0.9288,20.79
2026-06-14 13:04:22,014,FBN1_016_801_63,1,0.002,14,0.998,0.9324,20.78
2026-06-14 13:14:26,014,FBN1_016_801_63,1,0.002,15,0.998,0.936,20.78
2026-06-14 13:24:29,014,FBN1_016_801_63,2,0.003,14,0.996,0.9288,20.78
2026-06-14 13:34:32,014,FBN1_016_801_63,0,0.0,15,1.0,0.9324,20.77
2026-06-14 13:44:35,014,FBN1_016_801_63,0,0.0,15,1.0,0.9288,20.76
2026-06-14 13:54:38,014,FBN1_016_801_63,1,0.002,14,0.998,0.9288,20.75
2026-06-14 14:04:41,014,FBN1_016_801_63,0,0.0,15,1.0,0.9324,20.77
2026-06-14 14:14:45,014,FBN1_016_801_63,0,0.0,15,1.0,0.9288,20.77
2026-06-14 14:24:48,014,FBN1_016_801_63,0,0.0,15,1.0,0.9324,20.78
2026-06-14 14:34:51,014,FBN1_016_801_63,0,0.0,15,1.0,0.9288,20.77
2026-06-14 14:44:55,014,FBN1_016_801_63,1,0.002,14,0.998,0.9324,20.77
2026-06-14 14:54:59,014,FBN1_016_801_63,74,0.123,11,0.856,0.9216,20.83
2026-06-14 15:05:02,014,FBN1_016_801_63,0,0.0,15,1.0,0.9288,20.81
2026-06-14 15:15:06,014,FBN1_016_801_63,1,0.002,14,0.998,0.9288,20.82
2026-06-14 15:25:09,014,FBN1_016_801_63,0,0.0,15,1.0,0.936,20.81
2026-06-14 15:35:12,014,FBN1_016_801_63,0,0.0,15,1.0,0.9216,20.81
2026-06-14 15:45:16,014,FBN1_016_801_63,0,0.0,15,1.0,0.9216,20.79
2026-06-14 15:55:40,014,FBN1_016_801_63,0,0.0,15,1.0,0.9216,20.82
2026-06-14 16:05:44,014,FBN1_016_801_63,0,0.0,15,1.0,0.9216,20.81
2026-06-14 16:15:48,014,FBN1_016_801_63,0,0.0,15,1.0,0.9324,20.8
2026-06-14 16:25:51,014,FBN1_016_801_63,0,0.0,15,1.0,0.9324,20.8
2026-06-14 16:35:54,014,FBN1_016_801_63,0,0.0,15,1.0,0.9216,20.81
2026-06-14 16:45:58,014,FBN1_016_801_63,9,0.015,13,0.983,0.9216,20.8
2026-06-14 16:56:02,014,FBN1_016_801_63,0,0.0,15,1.0,0.9432,20.81
2026-06-14 17:06:06,014,FBN1_016_801_63,0,0.0,15,1.0,0.9216,20.82
2026-06-14 17:16:09,014,FBN1_016_801_63,0,0.0,15,1.0,0.9216,20.81
2026-06-14 17:26:12,014,FBN1_016_801_63,1,0.002,14,0.998,0.9216,20.81
2026-06-14 17:36:16,014,FBN1_016_801_63,0,0.0,15,1.0,0.936,20.82
2026-06-14 17:46:19,014,FBN1_016_801_63,12,0.02,14,0.979,0.9324,20.83
2026-06-14 17:56:22,014,FBN1_016_801_63,0,0.0,15,1.0,0.9324,20.82
2026-06-14 18:06:26,014,FBN1_016_801_63,169,0.281,8,0.654,0.0,20.89
2026-06-14 18:16:29,014,FBN1_016_801_63,210,0.349,7,0.571,0.0,21.05
2026-06-14 18:26:32,014,FBN1_016_801_63,214,0.355,6,0.529,0.0,21.13
2026-06-14 18:36:35,014,FBN1_016_801_63,286,0.475,1,0.123,0.0,21.18
2026-06-14 18:46:39,014,FBN1_016_801_63,174,0.29,6,0.58,0.0,21.21
2026-06-14 18:56:42,014,FBN1_016_801_63,185,0.308,8,0.634,0.0,21.27
2026-06-14 19:06:45,014,FBN1_016_801_63,287,0.477,4,0.358,0.0,21.25
2026-06-14 19:16:49,014,FBN1_016_801_63,305,0.507,3,0.282,0.0,21.4
2026-06-14 19:26:53,014,FBN1_016_801_63,80,0.133,11,0.846,0.0,21.37
2026-06-14 19:36:56,014,FBN1_016_801_63,261,0.434,5,0.434,0.0,21.35
2026-06-14 19:46:59,014,FBN1_016_801_63,104,0.173,9,0.776,0.0,21.29
2026-06-14 19:57:22,014,FBN1_016_801_63,149,0.248,9,0.707,0.0,21.35
2026-06-14 20:07:25,014,FBN1_016_801_63,51,0.085,13,0.911,0.0,21.25
2026-06-14 20:17:28,014,FBN1_016_801_63,0,0.0,15,1.0,0.0,21.16
2026-06-14 20:27:32,014,FBN1_016_801_63,0,0.0,15,1.0,0.0,21.07
2026-06-14 20:37:36,014,FBN1_016_801_63,0,0.0,15,1.0,0.0,20.99
2026-06-14 20:47:39,014,FBN1_016_801_63,0,0.0,15,1.0,0.0,20.92
2026-06-14 20:57:43,014,FBN1_016_801_63,70,0.116,10,0.851,0.0,20.95
2026-06-14 21:07:47,014,FBN1_016_801_63,90,0.15,11,0.83,0.0,21.0
2026-06-14 21:17:50,014,FBN1_016_801_63,260,0.432,5,0.435,0.0,21.08
2026-06-14 21:27:54,014,FBN1_016_801_63,49,0.081,13,0.914,0.0,21.11
2026-06-14 21:37:57,014,FBN1_016_801_63,302,0.502,4,0.346,0.0,21.27
2026-06-14 21:48:00,014,FBN1_016_801_63,161,0.267,6,0.599,0.0,21.38
2026-06-14 21:58:04,014,FBN1_016_801_63,201,0.334,6,0.544,0.0,21.37
2026-06-14 22:08:07,014,FBN1_016_801_63,75,0.125,10,0.842,0.0,21.34
2026-06-14 22:18:10,014,FBN1_016_801_63,31,0.052,12,0.939,0.0,21.28
2026-06-14 22:28:14,014,FBN1_016_801_63,0,0.0,15,1.0,0.0,21.2
2026-06-14 22:38:17,014,FBN1_016_801_63,0,0.0,15,1.0,0.0,21.14
2026-06-14 22:48:21,014,FBN1_016_801_63,0,0.0,15,1.0,0.0,21.08
2026-06-14 22:58:24,014,FBN1_016_801_63,0,0.0,15,1.0,0.0,21.04
2026-06-14 23:08:27,014,FBN1_016_801_63,110,0.183,10,0.784,0.0,21.05
2026-06-14 23:18:30,014,FBN1_016_801_63,169,0.281,8,0.654,0.0,21.1
2026-06-14 23:28:34,014,FBN1_016_801_63,0,0.0,15,1.0,0.0,21.06
2026-06-14 23:38:38,014,FBN1_016_801_63,256,0.426,3,0.319,0.0,21.25
2026-06-14 23:48:41,014,FBN1_016_801_63,255,0.424,3,0.32,0.0,21.28
2026-06-14 23:59:01,014,FBN1_016_801_63,181,0.301,6,0.57,0.0,21.33
