datetime,BEAM,Mouse_ID,activity_count,activity_percent,inactivity_count,inactivity_percent,lux,temperature_c
2026-07-25 00:03:02,028,SCN1A6J_019_737_79,71,0.118,9,0.835,0.0,21.82
2026-07-25 00:13:05,028,SCN1A6J_019_737_79,149,0.248,4,0.518,0.0,21.77
2026-07-25 00:23:08,028,SCN1A6J_019_737_79,68,0.113,9,0.841,0.0,21.75
2026-07-25 00:33:11,028,SCN1A6J_019_737_79,14,0.023,14,0.976,0.0,21.66
2026-07-25 00:43:14,028,SCN1A6J_019_737_79,0,0.0,15,1.0,0.0,21.56
2026-07-25 00:53:17,028,SCN1A6J_019_737_79,0,0.0,15,1.0,0.0,21.46
2026-07-25 01:03:20,028,SCN1A6J_019_737_79,0,0.0,15,1.0,0.0,21.41
2026-07-25 01:13:23,028,SCN1A6J_019_737_79,21,0.035,14,0.964,0.0,21.37
2026-07-25 01:23:47,028,SCN1A6J_019_737_79,307,0.513,0,0.0,0.0,21.61
2026-07-25 01:33:50,028,SCN1A6J_019_737_79,197,0.328,3,0.379,0.0,21.71
2026-07-25 01:43:53,028,SCN1A6J_019_737_79,73,0.121,8,0.814,0.0,21.69
2026-07-25 01:53:56,028,SCN1A6J_019_737_79,35,0.058,12,0.932,0.0,21.68
2026-07-25 02:03:59,028,SCN1A6J_019_737_79,64,0.106,10,0.862,0.0,21.66
2026-07-25 02:14:02,028,SCN1A6J_019_737_79,123,0.204,7,0.695,0.0,21.66
2026-07-25 02:24:05,028,SCN1A6J_019_737_79,27,0.045,12,0.947,0.0,21.65
2026-07-25 02:34:08,028,SCN1A6J_019_737_79,108,0.179,7,0.722,0.0,21.73
2026-07-25 02:44:12,028,SCN1A6J_019_737_79,3,0.005,14,0.995,0.0,21.59
2026-07-25 02:54:15,028,SCN1A6J_019_737_79,19,0.032,9,0.95,0.0,21.57
2026-07-25 03:04:18,028,SCN1A6J_019_737_79,0,0.0,15,1.0,0.0,21.49
2026-07-25 03:14:21,028,SCN1A6J_019_737_79,0,0.0,15,1.0,0.0,21.44
2026-07-25 03:24:24,028,SCN1A6J_019_737_79,0,0.0,15,1.0,0.0,21.38
2026-07-25 03:34:28,028,SCN1A6J_019_737_79,0,0.0,15,1.0,0.0,21.33
2026-07-25 03:44:31,028,SCN1A6J_019_737_79,0,0.0,15,1.0,0.0,21.28
2026-07-25 03:54:34,028,SCN1A6J_019_737_79,0,0.0,15,1.0,0.0,21.23
2026-07-25 04:04:37,028,SCN1A6J_019_737_79,0,0.0,15,1.0,0.0,21.2
2026-07-25 04:14:41,028,SCN1A6J_019_737_79,0,0.0,15,1.0,0.0,21.19
2026-07-25 04:24:44,028,SCN1A6J_019_737_79,0,0.0,15,1.0,0.0,21.18
2026-07-25 04:34:47,028,SCN1A6J_019_737_79,0,0.0,15,1.0,0.0,21.16
2026-07-25 04:44:50,028,SCN1A6J_019_737_79,0,0.0,15,1.0,0.0,21.16
2026-07-25 04:54:54,028,SCN1A6J_019_737_79,169,0.281,2,0.321,0.0,21.3
2026-07-25 05:04:57,028,SCN1A6J_019_737_79,48,0.08,11,0.902,0.0,21.39
2026-07-25 05:15:00,028,SCN1A6J_019_737_79,0,0.0,15,1.0,0.0,21.36
2026-07-25 05:25:25,028,SCN1A6J_019_737_79,0,0.0,15,1.0,0.0,21.37
2026-07-25 05:35:28,028,SCN1A6J_019_737_79,51,0.085,12,0.904,0.0,21.33
2026-07-25 05:45:31,028,SCN1A6J_019_737_79,219,0.364,0,0.0,0.0,21.44
2026-07-25 05:55:35,028,SCN1A6J_019_737_79,78,0.13,11,0.849,0.0,21.46
2026-07-25 06:05:38,028,SCN1A6J_019_737_79,44,0.073,10,0.901,0.1728,21.5
2026-07-25 06:15:42,028,SCN1A6J_019_737_79,15,0.025,12,0.97,0.1764,21.45
2026-07-25 06:25:45,028,SCN1A6J_019_737_79,1,0.002,14,0.998,0.1656,21.43
2026-07-25 06:35:49,028,SCN1A6J_019_737_79,0,0.0,15,1.0,0.1656,21.39
2026-07-25 06:45:52,028,SCN1A6J_019_737_79,0,0.0,15,1.0,0.1764,21.37
2026-07-25 06:55:56,028,SCN1A6J_019_737_79,0,0.0,15,1.0,0.1656,21.36
2026-07-25 07:05:59,028,SCN1A6J_019_737_79,0,0.0,15,1.0,0.1656,21.35
2026-07-25 07:16:03,028,SCN1A6J_019_737_79,0,0.0,15,1.0,0.1656,21.33
2026-07-25 07:26:06,028,SCN1A6J_019_737_79,0,0.0,15,1.0,0.1656,21.3
2026-07-25 07:36:10,028,SCN1A6J_019_737_79,0,0.0,15,1.0,0.1656,21.28
2026-07-25 07:46:14,028,SCN1A6J_019_737_79,0,0.0,15,1.0,0.1656,21.26
2026-07-25 07:56:17,028,SCN1A6J_019_737_79,0,0.0,15,1.0,0.1656,21.26
2026-07-25 08:06:21,028,SCN1A6J_019_737_79,0,0.0,15,1.0,0.1656,21.24
2026-07-25 08:16:24,028,SCN1A6J_019_737_79,0,0.0,15,1.0,0.1656,21.24
2026-07-25 08:26:28,028,SCN1A6J_019_737_79,0,0.0,15,1.0,0.1656,21.22
2026-07-25 08:36:31,028,SCN1A6J_019_737_79,0,0.0,15,1.0,0.1656,21.23
2026-07-25 08:46:34,028,SCN1A6J_019_737_79,0,0.0,15,1.0,0.1656,21.23
2026-07-25 08:56:37,028,SCN1A6J_019_737_79,0,0.0,15,1.0,0.1656,21.23
2026-07-25 09:06:41,028,SCN1A6J_019_737_79,55,0.091,10,0.879,0.1584,21.29
2026-07-25 09:16:43,028,SCN1A6J_019_737_79,3,0.005,14,0.995,0.1764,21.31
2026-07-25 09:27:06,028,SCN1A6J_019_737_79,0,0.0,15,1.0,0.1764,21.36
2026-07-25 09:37:09,028,SCN1A6J_019_737_79,0,0.0,15,1.0,0.1764,21.34
2026-07-25 09:47:12,028,SCN1A6J_019_737_79,0,0.0,15,1.0,0.2016,21.32
2026-07-25 09:57:15,028,SCN1A6J_019_737_79,0,0.0,15,1.0,0.2016,21.32
2026-07-25 10:07:19,028,SCN1A6J_019_737_79,0,0.0,15,1.0,0.2016,21.31
2026-07-25 10:17:22,028,SCN1A6J_019_737_79,0,0.0,15,1.0,0.1656,21.29
2026-07-25 10:27:24,028,SCN1A6J_019_737_79,0,0.0,15,1.0,0.1764,21.28
2026-07-25 10:37:28,028,SCN1A6J_019_737_79,0,0.0,15,1.0,0.1656,21.27
2026-07-25 10:47:31,028,SCN1A6J_019_737_79,0,0.0,15,1.0,0.1656,21.26
2026-07-25 10:57:34,028,SCN1A6J_019_737_79,0,0.0,15,1.0,0.1764,21.24
2026-07-25 11:07:37,028,SCN1A6J_019_737_79,0,0.0,15,1.0,0.1656,21.24
2026-07-25 11:17:40,028,SCN1A6J_019_737_79,0,0.0,15,1.0,0.1656,21.23
2026-07-25 11:27:43,028,SCN1A6J_019_737_79,0,0.0,15,1.0,0.1656,21.23
2026-07-25 11:37:47,028,SCN1A6J_019_737_79,33,0.055,12,0.936,0.1692,21.26
2026-07-25 11:47:50,028,SCN1A6J_019_737_79,22,0.037,14,0.962,0.1656,21.27
2026-07-25 11:57:52,028,SCN1A6J_019_737_79,0,0.0,15,1.0,0.1656,21.26
2026-07-25 12:07:56,028,SCN1A6J_019_737_79,0,0.0,15,1.0,0.1656,21.25
2026-07-25 12:17:59,028,SCN1A6J_019_737_79,0,0.0,15,1.0,0.1692,21.24
2026-07-25 12:28:02,028,SCN1A6J_019_737_79,0,0.0,15,1.0,0.1584,21.23
2026-07-25 12:38:05,028,SCN1A6J_019_737_79,0,0.0,15,1.0,0.1584,21.2
2026-07-25 12:48:09,028,SCN1A6J_019_737_79,0,0.0,15,1.0,0.1584,21.19
2026-07-25 12:58:12,028,SCN1A6J_019_737_79,0,0.0,15,1.0,0.1584,21.19
2026-07-25 13:08:15,028,SCN1A6J_019_737_79,1,0.002,14,0.998,0.1692,21.19
2026-07-25 13:18:18,028,SCN1A6J_019_737_79,0,0.0,15,1.0,0.1584,21.2
2026-07-25 13:28:44,028,SCN1A6J_019_737_79,0,0.0,15,1.0,0.1584,21.27
2026-07-25 13:38:47,028,SCN1A6J_019_737_79,0,0.0,15,1.0,0.1584,21.25
2026-07-25 13:48:50,028,SCN1A6J_019_737_79,0,0.0,15,1.0,0.1584,21.25
2026-07-25 13:58:52,028,SCN1A6J_019_737_79,0,0.0,15,1.0,0.1584,21.25
2026-07-25 14:08:55,028,SCN1A6J_019_737_79,0,0.0,15,1.0,0.1584,21.23
2026-07-25 14:18:58,028,SCN1A6J_019_737_79,0,0.0,15,1.0,0.1584,21.23
2026-07-25 14:29:01,028,SCN1A6J_019_737_79,0,0.0,15,1.0,0.1692,21.23
2026-07-25 14:39:04,028,SCN1A6J_019_737_79,0,0.0,15,1.0,0.1692,21.22
2026-07-25 14:49:08,028,SCN1A6J_019_737_79,11,0.018,14,0.981,0.1368,21.23
2026-07-25 14:59:11,028,SCN1A6J_019_737_79,84,0.14,11,0.84,0.162,21.31
2026-07-25 15:09:14,028,SCN1A6J_019_737_79,38,0.063,13,0.932,0.1656,21.31
2026-07-25 15:19:17,028,SCN1A6J_019_737_79,0,0.0,15,1.0,0.1656,21.27
2026-07-25 15:29:20,028,SCN1A6J_019_737_79,0,0.0,15,1.0,0.1656,21.24
2026-07-25 15:39:23,028,SCN1A6J_019_737_79,0,0.0,15,1.0,0.1656,21.21
2026-07-25 15:49:26,028,SCN1A6J_019_737_79,0,0.0,15,1.0,0.1656,21.21
2026-07-25 15:59:30,028,SCN1A6J_019_737_79,0,0.0,15,1.0,0.1656,21.21
2026-07-25 16:09:33,028,SCN1A6J_019_737_79,1,0.002,14,0.998,0.1656,21.21
2026-07-25 16:19:36,028,SCN1A6J_019_737_79,0,0.0,15,1.0,0.1656,21.21
2026-07-25 16:29:39,028,SCN1A6J_019_737_79,23,0.038,12,0.954,0.1692,21.25
2026-07-25 16:39:42,028,SCN1A6J_019_737_79,0,0.0,15,1.0,0.144,21.27
2026-07-25 16:49:45,028,SCN1A6J_019_737_79,10,0.017,14,0.982,0.1656,21.28
2026-07-25 16:59:48,028,SCN1A6J_019_737_79,0,0.0,15,1.0,0.1656,21.27
2026-07-25 17:09:51,028,SCN1A6J_019_737_79,0,0.0,15,1.0,0.1656,21.24
2026-07-25 17:19:54,028,SCN1A6J_019_737_79,0,0.0,15,1.0,0.1656,21.23
2026-07-25 17:30:17,028,SCN1A6J_019_737_79,0,0.0,15,1.0,0.1656,21.27
2026-07-25 17:40:20,028,SCN1A6J_019_737_79,45,0.075,10,0.899,0.1476,21.32
2026-07-25 17:50:23,028,SCN1A6J_019_737_79,57,0.095,11,0.885,0.1656,21.36
2026-07-25 18:00:27,028,SCN1A6J_019_737_79,0,0.0,15,1.0,0.0,21.34
2026-07-25 18:10:30,028,SCN1A6J_019_737_79,0,0.0,15,1.0,0.0,21.3
2026-07-25 18:20:33,028,SCN1A6J_019_737_79,172,0.286,4,0.482,0.0,21.36
2026-07-25 18:30:36,028,SCN1A6J_019_737_79,105,0.174,5,0.656,0.0,21.46
2026-07-25 18:40:40,028,SCN1A6J_019_737_79,52,0.087,10,0.885,0.0,21.5
2026-07-25 18:50:43,028,SCN1A6J_019_737_79,27,0.045,13,0.951,0.0,21.48
2026-07-25 19:00:46,028,SCN1A6J_019_737_79,121,0.201,6,0.665,0.0,21.54
2026-07-25 19:10:50,028,SCN1A6J_019_737_79,1,0.002,14,0.998,0.0,21.54
2026-07-25 19:20:53,028,SCN1A6J_019_737_79,0,0.0,15,1.0,0.0,21.53
2026-07-25 19:30:56,028,SCN1A6J_019_737_79,62,0.103,10,0.866,0.0,21.57
2026-07-25 19:40:59,028,SCN1A6J_019_737_79,0,0.0,15,1.0,0.0,21.55
2026-07-25 19:51:02,028,SCN1A6J_019_737_79,80,0.133,8,0.8,0.0,21.61
2026-07-25 20:01:05,028,SCN1A6J_019_737_79,54,0.09,11,0.891,0.0,21.69
2026-07-25 20:11:08,028,SCN1A6J_019_737_79,2,0.003,14,0.996,0.0,21.61
2026-07-25 20:21:11,028,SCN1A6J_019_737_79,0,0.0,15,1.0,0.0,21.54
2026-07-25 20:31:14,028,SCN1A6J_019_737_79,0,0.0,15,1.0,0.0,21.47
2026-07-25 20:41:17,028,SCN1A6J_019_737_79,0,0.0,15,1.0,0.0,21.41
2026-07-25 20:51:20,028,SCN1A6J_019_737_79,0,0.0,15,1.0,0.0,21.37
2026-07-25 21:01:23,028,SCN1A6J_019_737_79,0,0.0,15,1.0,0.0,21.34
2026-07-25 21:11:26,028,SCN1A6J_019_737_79,0,0.0,15,1.0,0.0,21.32
2026-07-25 21:21:29,028,SCN1A6J_019_737_79,190,0.316,5,0.513,0.0,21.41
2026-07-25 21:31:48,028,SCN1A6J_019_737_79,47,0.078,11,0.903,0.0,21.44
2026-07-25 21:41:51,028,SCN1A6J_019_737_79,0,0.0,15,1.0,0.0,21.39
2026-07-25 21:51:54,028,SCN1A6J_019_737_79,0,0.0,15,1.0,0.0,21.32
2026-07-25 22:01:57,028,SCN1A6J_019_737_79,0,0.0,15,1.0,0.0,21.26
2026-07-25 22:12:01,028,SCN1A6J_019_737_79,4,0.007,15,0.993,0.0,21.25
2026-07-25 22:22:03,028,SCN1A6J_019_737_79,163,0.271,2,0.329,0.0,21.42
2026-07-25 22:32:07,028,SCN1A6J_019_737_79,139,0.231,4,0.535,0.0,21.45
2026-07-25 22:42:10,028,SCN1A6J_019_737_79,24,0.04,10,0.943,0.0,21.47
2026-07-25 22:52:13,028,SCN1A6J_019_737_79,110,0.183,3,0.522,0.0,21.54
2026-07-25 23:02:17,028,SCN1A6J_019_737_79,132,0.219,7,0.68,0.0,21.64
2026-07-25 23:12:20,028,SCN1A6J_019_737_79,68,0.113,9,0.841,0.0,21.61
2026-07-25 23:22:24,028,SCN1A6J_019_737_79,64,0.106,11,0.873,0.0,21.6
2026-07-25 23:32:27,028,SCN1A6J_019_737_79,84,0.14,6,0.741,0.0,21.6
2026-07-25 23:42:31,028,SCN1A6J_019_737_79,53,0.088,9,0.872,0.0,21.6
2026-07-25 23:52:34,028,SCN1A6J_019_737_79,61,0.101,10,0.868,0.0,21.59
2026-07-26 00:02:37,028,SCN1A6J_019_737_79,76,0.126,8,0.808,0.0,21.58
2026-07-26 00:12:40,028,SCN1A6J_019_737_79,84,0.14,8,0.792,0.0,21.55
2026-07-26 00:22:44,028,SCN1A6J_019_737_79,27,0.045,13,0.951,0.0,21.53
2026-07-26 00:32:47,028,SCN1A6J_019_737_79,46,0.077,11,0.905,0.0,21.58
2026-07-26 00:42:50,028,SCN1A6J_019_737_79,13,0.022,13,0.976,0.0,21.51
2026-07-26 00:52:53,028,SCN1A6J_019_737_79,0,0.0,15,1.0,0.0,21.44
2026-07-26 01:02:56,028,SCN1A6J_019_737_79,0,0.0,15,1.0,0.0,21.38
2026-07-26 01:12:59,028,SCN1A6J_019_737_79,0,0.0,15,1.0,0.0,21.33
2026-07-26 01:23:03,028,SCN1A6J_019_737_79,0,0.0,15,1.0,0.0,21.29
2026-07-26 01:33:29,028,SCN1A6J_019_737_79,0,0.0,15,1.0,0.0,21.29
2026-07-26 01:43:33,028,SCN1A6J_019_737_79,0,0.0,15,1.0,0.0,21.25
2026-07-26 01:53:36,028,SCN1A6J_019_737_79,0,0.0,15,1.0,0.0,21.2
2026-07-26 02:03:39,028,SCN1A6J_019_737_79,0,0.0,15,1.0,0.0,21.17
2026-07-26 02:13:42,028,SCN1A6J_019_737_79,0,0.0,15,1.0,0.0,21.16
2026-07-26 02:23:45,028,SCN1A6J_019_737_79,0,0.0,15,1.0,0.0,21.14
2026-07-26 02:33:48,028,SCN1A6J_019_737_79,0,0.0,15,1.0,0.0,21.11
2026-07-26 02:43:51,028,SCN1A6J_019_737_79,108,0.18,8,0.748,0.0,21.16
2026-07-26 02:53:54,028,SCN1A6J_019_737_79,22,0.037,13,0.959,0.0,21.27
2026-07-26 03:03:58,028,SCN1A6J_019_737_79,51,0.085,11,0.896,0.0,21.3
2026-07-26 03:14:01,028,SCN1A6J_019_737_79,61,0.101,11,0.878,0.0,21.31
2026-07-26 03:24:04,028,SCN1A6J_019_737_79,12,0.02,14,0.979,0.0,21.27
2026-07-26 03:34:07,028,SCN1A6J_019_737_79,20,0.033,13,0.963,0.0,21.3
2026-07-26 03:44:11,028,SCN1A6J_019_737_79,78,0.13,8,0.804,0.0,21.33
2026-07-26 03:54:14,028,SCN1A6J_019_737_79,67,0.111,11,0.868,0.0,21.37
2026-07-26 04:04:17,028,SCN1A6J_019_737_79,1,0.002,14,0.998,0.0,21.37
2026-07-26 04:14:20,028,SCN1A6J_019_737_79,0,0.0,15,1.0,0.0,21.33
2026-07-26 04:24:23,028,SCN1A6J_019_737_79,0,0.0,15,1.0,0.0,21.28
2026-07-26 04:34:26,028,SCN1A6J_019_737_79,0,0.0,15,1.0,0.0,21.24
2026-07-26 04:44:30,028,SCN1A6J_019_737_79,0,0.0,15,1.0,0.0,21.2
2026-07-26 04:54:33,028,SCN1A6J_019_737_79,0,0.0,15,1.0,0.0,21.18
2026-07-26 05:04:36,028,SCN1A6J_019_737_79,49,0.082,10,0.891,0.0,21.18
2026-07-26 05:14:39,028,SCN1A6J_019_737_79,106,0.176,7,0.725,0.0,21.26
2026-07-26 05:24:43,028,SCN1A6J_019_737_79,122,0.203,6,0.663,0.0,21.35
2026-07-26 05:35:01,028,SCN1A6J_019_737_79,198,0.33,3,0.377,0.0,21.53
2026-07-26 05:45:03,028,SCN1A6J_019_737_79,105,0.175,11,0.807,0.0,21.51
2026-07-26 05:55:07,028,SCN1A6J_019_737_79,61,0.101,11,0.878,0.0,21.48
2026-07-26 06:05:10,028,SCN1A6J_019_737_79,1,0.002,15,0.998,0.1728,21.41
2026-07-26 06:15:13,028,SCN1A6J_019_737_79,62,0.103,11,0.876,0.1728,21.39
2026-07-26 06:25:17,028,SCN1A6J_019_737_79,0,0.0,15,1.0,0.1728,21.34
2026-07-26 06:35:21,028,SCN1A6J_019_737_79,0,0.0,15,1.0,0.1728,21.31
2026-07-26 06:45:24,028,SCN1A6J_019_737_79,1,0.002,14,0.998,0.1728,21.27
2026-07-26 06:55:26,028,SCN1A6J_019_737_79,0,0.0,15,1.0,0.1764,21.25
2026-07-26 07:05:30,028,SCN1A6J_019_737_79,0,0.0,15,1.0,0.1656,21.21
2026-07-26 07:15:33,028,SCN1A6J_019_737_79,0,0.0,15,1.0,0.1764,21.2
2026-07-26 07:25:36,028,SCN1A6J_019_737_79,0,0.0,15,1.0,0.1764,21.19
2026-07-26 07:35:40,028,SCN1A6J_019_737_79,0,0.0,15,1.0,0.1764,21.18
2026-07-26 07:45:43,028,SCN1A6J_019_737_79,0,0.0,15,1.0,0.1764,21.16
2026-07-26 07:55:47,028,SCN1A6J_019_737_79,0,0.0,15,1.0,0.1764,21.17
2026-07-26 08:05:50,028,SCN1A6J_019_737_79,0,0.0,15,1.0,0.1764,21.17
2026-07-26 08:15:54,028,SCN1A6J_019_737_79,0,0.0,15,1.0,0.1656,21.18
2026-07-26 08:25:57,028,SCN1A6J_019_737_79,0,0.0,15,1.0,0.1764,21.17
2026-07-26 08:36:00,028,SCN1A6J_019_737_79,0,0.0,15,1.0,0.1764,21.19
2026-07-26 08:46:03,028,SCN1A6J_019_737_79,0,0.0,15,1.0,0.1728,21.18
2026-07-26 08:56:07,028,SCN1A6J_019_737_79,0,0.0,15,1.0,0.1656,21.19
2026-07-26 09:06:10,028,SCN1A6J_019_737_79,0,0.0,15,1.0,0.1764,21.19
2026-07-26 09:16:13,028,SCN1A6J_019_737_79,0,0.0,15,1.0,0.1764,21.2
2026-07-26 09:26:16,028,SCN1A6J_019_737_79,0,0.0,15,1.0,0.4176,21.2
2026-07-26 09:36:36,028,SCN1A6J_019_737_79,0,0.0,15,1.0,0.4104,21.27
2026-07-26 09:46:39,028,SCN1A6J_019_737_79,0,0.0,15,1.0,0.4104,21.27
2026-07-26 09:56:42,028,SCN1A6J_019_737_79,0,0.0,15,1.0,0.2016,21.28
2026-07-26 10:06:45,028,SCN1A6J_019_737_79,0,0.0,15,1.0,0.2124,21.29
2026-07-26 10:16:48,028,SCN1A6J_019_737_79,0,0.0,15,1.0,0.1656,21.29
2026-07-26 10:26:52,028,SCN1A6J_019_737_79,0,0.0,15,1.0,0.1656,21.29
2026-07-26 10:36:55,028,SCN1A6J_019_737_79,0,0.0,15,1.0,0.1656,21.31
2026-07-26 10:46:59,028,SCN1A6J_019_737_79,0,0.0,15,1.0,0.1656,21.31
2026-07-26 10:57:02,028,SCN1A6J_019_737_79,0,0.0,15,1.0,0.1656,21.3
2026-07-26 11:07:06,028,SCN1A6J_019_737_79,0,0.0,15,1.0,0.1764,21.29
2026-07-26 11:17:09,028,SCN1A6J_019_737_79,41,0.068,11,0.915,0.1656,21.34
2026-07-26 11:27:12,028,SCN1A6J_019_737_79,0,0.0,15,1.0,0.1656,21.34
2026-07-26 11:37:16,028,SCN1A6J_019_737_79,0,0.0,15,1.0,0.1656,21.34
2026-07-26 11:47:18,028,SCN1A6J_019_737_79,0,0.0,15,1.0,0.1656,21.35
2026-07-26 11:57:22,028,SCN1A6J_019_737_79,0,0.0,15,1.0,0.1656,21.33
2026-07-26 12:07:25,028,SCN1A6J_019_737_79,0,0.0,15,1.0,0.1656,21.32
2026-07-26 12:17:28,028,SCN1A6J_019_737_79,0,0.0,15,1.0,0.1656,21.31
2026-07-26 12:27:31,028,SCN1A6J_019_737_79,0,0.0,15,1.0,0.1656,21.31
2026-07-26 12:37:35,028,SCN1A6J_019_737_79,0,0.0,15,1.0,0.1656,21.3
2026-07-26 12:47:39,028,SCN1A6J_019_737_79,0,0.0,15,1.0,0.1656,21.29
2026-07-26 12:57:42,028,SCN1A6J_019_737_79,0,0.0,15,1.0,0.1656,21.28
2026-07-26 13:07:45,028,SCN1A6J_019_737_79,104,0.173,7,0.729,0.1584,21.38
2026-07-26 13:17:49,028,SCN1A6J_019_737_79,0,0.0,15,1.0,0.1584,21.4
2026-07-26 13:27:52,028,SCN1A6J_019_737_79,0,0.0,15,1.0,0.198,21.38
2026-07-26 13:38:17,028,SCN1A6J_019_737_79,0,0.0,15,1.0,0.1872,21.42
2026-07-26 13:48:21,028,SCN1A6J_019_737_79,0,0.0,15,1.0,0.162,21.39
2026-07-26 13:58:24,028,SCN1A6J_019_737_79,0,0.0,15,1.0,0.1584,21.36
2026-07-26 14:08:28,028,SCN1A6J_019_737_79,0,0.0,15,1.0,0.162,21.34
2026-07-26 14:18:31,028,SCN1A6J_019_737_79,0,0.0,15,1.0,0.1584,21.31
2026-07-26 14:28:34,028,SCN1A6J_019_737_79,0,0.0,15,1.0,0.1944,21.27
2026-07-26 14:38:37,028,SCN1A6J_019_737_79,0,0.0,15,1.0,0.1944,21.25
2026-07-26 14:48:40,028,SCN1A6J_019_737_79,0,0.0,15,1.0,0.1944,21.26
2026-07-26 14:58:43,028,SCN1A6J_019_737_79,0,0.0,15,1.0,0.1944,21.26
2026-07-26 15:08:46,028,SCN1A6J_019_737_79,0,0.0,15,1.0,0.1944,21.26
2026-07-26 15:18:49,028,SCN1A6J_019_737_79,0,0.0,15,1.0,0.1944,21.26
2026-07-26 15:28:53,028,SCN1A6J_019_737_79,0,0.0,15,1.0,0.1944,21.25
2026-07-26 15:38:56,028,SCN1A6J_019_737_79,22,0.037,14,0.962,0.1764,21.26
2026-07-26 15:48:59,028,SCN1A6J_019_737_79,51,0.085,11,0.896,0.1944,21.3
2026-07-26 15:59:03,028,SCN1A6J_019_737_79,0,0.0,15,1.0,0.1944,21.28
2026-07-26 16:09:06,028,SCN1A6J_019_737_79,0,0.0,15,1.0,0.1944,21.25
2026-07-26 16:19:10,028,SCN1A6J_019_737_79,0,0.0,15,1.0,0.1944,21.22
2026-07-26 16:29:13,028,SCN1A6J_019_737_79,0,0.0,15,1.0,0.1944,21.18
2026-07-26 16:39:16,028,SCN1A6J_019_737_79,0,0.0,15,1.0,0.1944,21.15
2026-07-26 16:49:19,028,SCN1A6J_019_737_79,0,0.0,15,1.0,0.1692,21.13
2026-07-26 16:59:22,028,SCN1A6J_019_737_79,0,0.0,15,1.0,0.1692,21.12
2026-07-26 17:09:25,028,SCN1A6J_019_737_79,29,0.048,12,0.943,0.144,21.17
2026-07-26 17:19:29,028,SCN1A6J_019_737_79,0,0.0,15,1.0,0.1584,21.2
2026-07-26 17:29:32,028,SCN1A6J_019_737_79,0,0.0,15,1.0,0.1692,21.2
2026-07-26 17:39:51,028,SCN1A6J_019_737_79,0,0.0,15,1.0,0.1692,21.23
2026-07-26 17:49:54,028,SCN1A6J_019_737_79,31,0.052,12,0.939,0.1368,21.21
2026-07-26 17:59:58,028,SCN1A6J_019_737_79,40,0.067,12,0.923,0.0,21.25
2026-07-26 18:10:01,028,SCN1A6J_019_737_79,0,0.0,15,1.0,0.0,21.25
2026-07-26 18:20:04,028,SCN1A6J_019_737_79,0,0.0,15,1.0,0.0,21.21
2026-07-26 18:30:08,028,SCN1A6J_019_737_79,81,0.135,10,0.832,0.0,21.21
2026-07-26 18:40:11,028,SCN1A6J_019_737_79,95,0.158,7,0.747,0.0,21.31
2026-07-26 18:50:14,028,SCN1A6J_019_737_79,16,0.027,14,0.972,0.0,21.32
2026-07-26 19:00:17,028,SCN1A6J_019_737_79,0,0.0,15,1.0,0.0,21.28
2026-07-26 19:10:20,028,SCN1A6J_019_737_79,111,0.185,9,0.764,0.0,21.31
2026-07-26 19:20:23,028,SCN1A6J_019_737_79,0,0.0,15,1.0,0.0,21.28
2026-07-26 19:30:27,028,SCN1A6J_019_737_79,0,0.0,15,1.0,0.0,21.24
2026-07-26 19:40:30,028,SCN1A6J_019_737_79,0,0.0,15,1.0,0.0,21.23
2026-07-26 19:50:33,028,SCN1A6J_019_737_79,8,0.013,13,0.985,0.0,21.26
2026-07-26 20:00:36,028,SCN1A6J_019_737_79,45,0.075,11,0.907,0.0,21.29
2026-07-26 20:10:39,028,SCN1A6J_019_737_79,37,0.062,11,0.922,0.0,21.32
2026-07-26 20:20:42,028,SCN1A6J_019_737_79,41,0.068,10,0.907,0.0,21.42
2026-07-26 20:30:46,028,SCN1A6J_019_737_79,19,0.032,12,0.962,0.0,21.47
2026-07-26 20:40:49,028,SCN1A6J_019_737_79,5,0.008,14,0.991,0.0,21.45
2026-07-26 20:50:52,028,SCN1A6J_019_737_79,94,0.156,10,0.81,0.0,21.49
2026-07-26 21:00:56,028,SCN1A6J_019_737_79,169,0.281,4,0.486,0.0,21.53
2026-07-26 21:10:59,028,SCN1A6J_019_737_79,70,0.116,9,0.837,0.0,21.54
2026-07-26 21:21:02,028,SCN1A6J_019_737_79,97,0.161,9,0.788,0.0,21.59
2026-07-26 21:31:06,028,SCN1A6J_019_737_79,0,0.0,15,1.0,0.0,21.51
2026-07-26 21:41:29,028,SCN1A6J_019_737_79,0,0.0,15,1.0,0.0,21.46
2026-07-26 21:51:32,028,SCN1A6J_019_737_79,0,0.0,15,1.0,0.0,21.37
2026-07-26 22:01:35,028,SCN1A6J_019_737_79,0,0.0,15,1.0,0.0,21.31
2026-07-26 22:11:38,028,SCN1A6J_019_737_79,0,0.0,15,1.0,0.0,21.28
2026-07-26 22:21:41,028,SCN1A6J_019_737_79,111,0.184,8,0.742,0.0,21.33
2026-07-26 22:31:44,028,SCN1A6J_019_737_79,76,0.126,11,0.853,0.0,21.41
2026-07-26 22:41:48,028,SCN1A6J_019_737_79,232,0.386,2,0.256,0.0,21.46
2026-07-26 22:51:51,028,SCN1A6J_019_737_79,156,0.259,5,0.562,0.0,21.58
2026-07-26 23:01:54,028,SCN1A6J_019_737_79,152,0.253,3,0.441,0.0,21.65
2026-07-26 23:11:58,028,SCN1A6J_019_737_79,27,0.045,12,0.947,0.0,21.63
2026-07-26 23:22:01,028,SCN1A6J_019_737_79,123,0.205,8,0.722,0.0,21.58
2026-07-26 23:32:04,028,SCN1A6J_019_737_79,43,0.072,12,0.918,0.0,21.5
2026-07-26 23:42:06,028,SCN1A6J_019_737_79,108,0.18,8,0.748,0.0,21.47
2026-07-26 23:52:09,028,SCN1A6J_019_737_79,103,0.171,8,0.757,0.0,21.45
2026-07-25 00:00:06,045,SCN1A6J_019_740_12,27,0.045,11,0.942,0.0,21.47
2026-07-25 00:10:09,045,SCN1A6J_019_740_12,41,0.068,11,0.915,0.0,21.49
2026-07-25 00:20:11,045,SCN1A6J_019_740_12,164,0.273,3,0.423,0.0,21.52
2026-07-25 00:30:14,045,SCN1A6J_019_740_12,127,0.212,5,0.612,0.0,21.5
2026-07-25 00:40:16,045,SCN1A6J_019_740_12,67,0.111,7,0.807,0.0,21.52
2026-07-25 00:50:20,045,SCN1A6J_019_740_12,39,0.065,11,0.919,0.0,21.52
2026-07-25 01:00:49,045,SCN1A6J_019_740_12,0,0.0,15,1.0,0.0,21.56
2026-07-25 01:10:52,045,SCN1A6J_019_740_12,7,0.012,13,0.987,0.0,21.54
2026-07-25 01:20:55,045,SCN1A6J_019_740_12,79,0.131,7,0.78,0.0,21.53
2026-07-25 01:30:58,045,SCN1A6J_019_740_12,24,0.04,13,0.956,0.0,21.53
2026-07-25 01:41:01,045,SCN1A6J_019_740_12,14,0.023,13,0.974,0.0,21.49
2026-07-25 01:51:05,045,SCN1A6J_019_740_12,43,0.072,11,0.911,0.0,21.48
2026-07-25 02:01:09,045,SCN1A6J_019_740_12,17,0.028,12,0.966,0.0,21.49
2026-07-25 02:11:12,045,SCN1A6J_019_740_12,87,0.145,9,0.805,0.0,21.47
2026-07-25 02:21:15,045,SCN1A6J_019_740_12,26,0.043,11,0.944,0.0,21.42
2026-07-25 02:31:19,045,SCN1A6J_019_740_12,4,0.007,14,0.993,0.0,21.38
2026-07-25 02:41:21,045,SCN1A6J_019_740_12,0,0.0,15,1.0,0.0,21.35
2026-07-25 02:51:24,045,SCN1A6J_019_740_12,3,0.005,14,0.995,0.0,21.33
2026-07-25 03:01:27,045,SCN1A6J_019_740_12,11,0.018,13,0.979,0.0,21.29
2026-07-25 03:11:31,045,SCN1A6J_019_740_12,92,0.153,8,0.777,0.0,21.3
2026-07-25 03:21:34,045,SCN1A6J_019_740_12,24,0.04,11,0.948,0.0,21.3
2026-07-25 03:31:37,045,SCN1A6J_019_740_12,0,0.0,15,1.0,0.0,21.28
2026-07-25 03:41:41,045,SCN1A6J_019_740_12,0,0.0,15,1.0,0.0,21.28
2026-07-25 03:51:44,045,SCN1A6J_019_740_12,0,0.0,15,1.0,0.0,21.27
2026-07-25 04:01:47,045,SCN1A6J_019_740_12,132,0.219,8,0.708,0.0,21.29
2026-07-25 04:11:52,045,SCN1A6J_019_740_12,57,0.095,7,0.831,0.0,21.28
2026-07-25 04:21:55,045,SCN1A6J_019_740_12,75,0.125,10,0.842,0.0,21.31
2026-07-25 04:31:58,045,SCN1A6J_019_740_12,2,0.003,15,0.997,0.0,21.31
2026-07-25 04:42:01,045,SCN1A6J_019_740_12,0,0.0,15,1.0,0.0,21.3
2026-07-25 04:52:04,045,SCN1A6J_019_740_12,13,0.022,12,0.974,0.0,21.29
2026-07-25 05:02:22,045,SCN1A6J_019_740_12,89,0.148,7,0.759,0.0,21.33
2026-07-25 05:12:25,045,SCN1A6J_019_740_12,2,0.003,15,0.997,0.0,21.29
2026-07-25 05:22:28,045,SCN1A6J_019_740_12,78,0.13,9,0.822,0.0,21.3
2026-07-25 05:32:31,045,SCN1A6J_019_740_12,143,0.238,6,0.627,0.0,21.34
2026-07-25 05:42:35,045,SCN1A6J_019_740_12,223,0.37,0,0.0,0.0,21.38
2026-07-25 05:52:38,045,SCN1A6J_019_740_12,107,0.178,8,0.749,0.0,21.45
2026-07-25 06:02:42,045,SCN1A6J_019_740_12,1,0.002,15,0.998,0.4032,21.43
2026-07-25 06:12:46,045,SCN1A6J_019_740_12,0,0.0,15,1.0,0.4032,21.41
2026-07-25 06:22:49,045,SCN1A6J_019_740_12,0,0.0,15,1.0,0.396,21.36
2026-07-25 06:32:53,045,SCN1A6J_019_740_12,0,0.0,15,1.0,0.396,21.35
2026-07-25 06:42:57,045,SCN1A6J_019_740_12,0,0.0,15,1.0,0.396,21.3
2026-07-25 06:52:59,045,SCN1A6J_019_740_12,0,0.0,15,1.0,0.396,21.3
2026-07-25 07:03:02,045,SCN1A6J_019_740_12,0,0.0,15,1.0,0.396,21.29
2026-07-25 07:13:05,045,SCN1A6J_019_740_12,0,0.0,15,1.0,0.396,21.26
2026-07-25 07:23:09,045,SCN1A6J_019_740_12,0,0.0,15,1.0,0.3996,21.27
2026-07-25 07:33:13,045,SCN1A6J_019_740_12,0,0.0,15,1.0,0.3888,21.26
2026-07-25 07:43:17,045,SCN1A6J_019_740_12,116,0.193,10,0.775,0.3888,21.26
2026-07-25 07:53:19,045,SCN1A6J_019_740_12,73,0.121,9,0.831,0.3852,21.28
2026-07-25 08:03:23,045,SCN1A6J_019_740_12,19,0.032,14,0.967,0.3312,21.29
2026-07-25 08:13:27,045,SCN1A6J_019_740_12,0,0.0,15,1.0,0.3312,21.3
2026-07-25 08:23:29,045,SCN1A6J_019_740_12,0,0.0,15,1.0,0.3312,21.29
2026-07-25 08:33:33,045,SCN1A6J_019_740_12,0,0.0,15,1.0,0.3312,21.27
2026-07-25 08:43:36,045,SCN1A6J_019_740_12,0,0.0,15,1.0,0.3348,21.26
2026-07-25 08:53:40,045,SCN1A6J_019_740_12,0,0.0,15,1.0,0.324,21.26
2026-07-25 09:03:58,045,SCN1A6J_019_740_12,0,0.0,15,1.0,0.3312,21.29
2026-07-25 09:14:02,045,SCN1A6J_019_740_12,60,0.1,10,0.87,0.306,21.3
2026-07-25 09:24:05,045,SCN1A6J_019_740_12,11,0.018,13,0.979,0.2808,21.33
2026-07-25 09:34:08,045,SCN1A6J_019_740_12,4,0.007,14,0.993,0.3024,21.34
2026-07-25 09:44:11,045,SCN1A6J_019_740_12,0,0.0,15,1.0,0.288,21.34
2026-07-25 09:54:14,045,SCN1A6J_019_740_12,0,0.0,15,1.0,0.3096,21.31
2026-07-25 10:04:17,045,SCN1A6J_019_740_12,0,0.0,15,1.0,0.3096,21.31
2026-07-25 10:14:20,045,SCN1A6J_019_740_12,0,0.0,15,1.0,0.2916,21.32
2026-07-25 10:24:24,045,SCN1A6J_019_740_12,0,0.0,15,1.0,0.2808,21.3
2026-07-25 10:34:27,045,SCN1A6J_019_740_12,0,0.0,15,1.0,0.288,21.29
2026-07-25 10:44:30,045,SCN1A6J_019_740_12,0,0.0,15,1.0,0.288,21.26
2026-07-25 10:54:34,045,SCN1A6J_019_740_12,0,0.0,15,1.0,0.288,21.26
2026-07-25 11:04:37,045,SCN1A6J_019_740_12,31,0.052,12,0.939,0.2952,21.25
2026-07-25 11:14:40,045,SCN1A6J_019_740_12,15,0.025,11,0.967,0.2448,21.25
2026-07-25 11:24:44,045,SCN1A6J_019_740_12,0,0.0,15,1.0,0.2448,21.25
2026-07-25 11:34:47,045,SCN1A6J_019_740_12,0,0.0,15,1.0,0.2448,21.25
2026-07-25 11:44:51,045,SCN1A6J_019_740_12,0,0.0,15,1.0,0.252,21.24
2026-07-25 11:54:53,045,SCN1A6J_019_740_12,0,0.0,15,1.0,0.2448,21.24
2026-07-25 12:04:57,045,SCN1A6J_019_740_12,0,0.0,15,1.0,0.2448,21.22
2026-07-25 12:14:59,045,SCN1A6J_019_740_12,0,0.0,15,1.0,0.2556,21.24
2026-07-25 12:25:02,045,SCN1A6J_019_740_12,0,0.0,15,1.0,0.2556,21.22
2026-07-25 12:35:05,045,SCN1A6J_019_740_12,0,0.0,15,1.0,0.2448,21.23
2026-07-25 12:45:09,045,SCN1A6J_019_740_12,0,0.0,15,1.0,0.2556,21.23
2026-07-25 12:55:12,045,SCN1A6J_019_740_12,0,0.0,15,1.0,0.252,21.22
2026-07-25 13:06:10,045,SCN1A6J_019_740_12,0,0.0,15,1.0,0.252,21.34
2026-07-25 13:16:13,045,SCN1A6J_019_740_12,0,0.0,15,1.0,0.252,21.3
2026-07-25 13:26:17,045,SCN1A6J_019_740_12,0,0.0,15,1.0,0.27,21.27
2026-07-25 13:36:20,045,SCN1A6J_019_740_12,0,0.0,15,1.0,0.2628,21.26
2026-07-25 13:46:22,045,SCN1A6J_019_740_12,0,0.0,15,1.0,0.252,21.25
2026-07-25 13:56:25,045,SCN1A6J_019_740_12,0,0.0,15,1.0,0.2448,21.24
2026-07-25 14:06:28,045,SCN1A6J_019_740_12,0,0.0,15,1.0,0.2448,21.25
2026-07-25 14:16:32,045,SCN1A6J_019_740_12,0,0.0,15,1.0,0.2484,21.24
2026-07-25 14:26:35,045,SCN1A6J_019_740_12,0,0.0,15,1.0,0.2556,21.23
2026-07-25 14:36:38,045,SCN1A6J_019_740_12,0,0.0,15,1.0,0.2556,21.24
2026-07-25 14:46:42,045,SCN1A6J_019_740_12,11,0.018,14,0.981,0.2592,21.24
2026-07-25 14:56:45,045,SCN1A6J_019_740_12,148,0.246,6,0.619,0.2268,21.25
2026-07-25 15:06:48,045,SCN1A6J_019_740_12,90,0.15,9,0.8,0.3492,21.28
2026-07-25 15:16:50,045,SCN1A6J_019_740_12,255,0.424,2,0.239,0.3816,21.37
2026-07-25 15:26:54,045,SCN1A6J_019_740_12,110,0.183,7,0.718,0.4464,21.35
2026-07-25 15:36:57,045,SCN1A6J_019_740_12,0,0.0,15,1.0,0.432,21.32
2026-07-25 15:47:00,045,SCN1A6J_019_740_12,0,0.0,15,1.0,0.4428,21.3
2026-07-25 15:57:04,045,SCN1A6J_019_740_12,0,0.0,15,1.0,0.432,21.29
2026-07-25 16:07:07,045,SCN1A6J_019_740_12,0,0.0,15,1.0,0.4428,21.26
2026-07-25 16:17:10,045,SCN1A6J_019_740_12,0,0.0,15,1.0,0.432,21.25
2026-07-25 16:27:13,045,SCN1A6J_019_740_12,0,0.0,15,1.0,0.432,21.24
2026-07-25 16:37:16,045,SCN1A6J_019_740_12,0,0.0,15,1.0,0.3888,21.23
2026-07-25 16:47:19,045,SCN1A6J_019_740_12,1,0.002,14,0.998,0.4284,21.25
2026-07-25 16:57:23,045,SCN1A6J_019_740_12,0,0.0,15,1.0,0.4248,21.24
2026-07-25 17:07:54,045,SCN1A6J_019_740_12,0,0.0,15,1.0,0.432,21.3
2026-07-25 17:17:56,045,SCN1A6J_019_740_12,1,0.002,14,0.998,0.396,21.29
2026-07-25 17:27:59,045,SCN1A6J_019_740_12,93,0.155,8,0.775,0.5292,21.31
2026-07-25 17:38:03,045,SCN1A6J_019_740_12,64,0.106,11,0.873,0.702,21.31
2026-07-25 17:48:06,045,SCN1A6J_019_740_12,2,0.003,15,0.997,0.6696,21.29
2026-07-25 17:58:09,045,SCN1A6J_019_740_12,0,0.0,15,1.0,0.6696,21.28
2026-07-25 18:08:12,045,SCN1A6J_019_740_12,59,0.098,11,0.882,0.0,21.28
2026-07-25 18:18:15,045,SCN1A6J_019_740_12,78,0.13,10,0.837,0.0,21.34
2026-07-25 18:28:19,045,SCN1A6J_019_740_12,67,0.111,10,0.857,0.0,21.34
2026-07-25 18:38:21,045,SCN1A6J_019_740_12,0,0.0,15,1.0,0.0,21.34
2026-07-25 18:48:24,045,SCN1A6J_019_740_12,0,0.0,15,1.0,0.0,21.33
2026-07-25 18:58:28,045,SCN1A6J_019_740_12,2,0.003,14,0.996,0.0,21.3
2026-07-25 19:08:31,045,SCN1A6J_019_740_12,0,0.0,15,1.0,0.0,21.27
2026-07-25 19:18:35,045,SCN1A6J_019_740_12,0,0.0,15,1.0,0.0,21.27
2026-07-25 19:28:39,045,SCN1A6J_019_740_12,0,0.0,15,1.0,0.0,21.27
2026-07-25 19:38:42,045,SCN1A6J_019_740_12,114,0.19,8,0.737,0.0,21.31
2026-07-25 19:48:45,045,SCN1A6J_019_740_12,91,0.151,7,0.755,0.0,21.34
2026-07-25 19:58:49,045,SCN1A6J_019_740_12,0,0.0,15,1.0,0.0,21.33
2026-07-25 20:08:52,045,SCN1A6J_019_740_12,0,0.0,15,1.0,0.0,21.29
2026-07-25 20:18:54,045,SCN1A6J_019_740_12,3,0.005,14,0.995,0.0,21.28
2026-07-25 20:28:57,045,SCN1A6J_019_740_12,3,0.005,14,0.995,0.0,21.26
2026-07-25 20:39:00,045,SCN1A6J_019_740_12,22,0.037,12,0.956,0.0,21.3
2026-07-25 20:49:03,045,SCN1A6J_019_740_12,53,0.088,9,0.872,0.0,21.32
2026-07-25 20:59:07,045,SCN1A6J_019_740_12,6,0.01,14,0.989,0.0,21.33
2026-07-25 21:10:09,045,SCN1A6J_019_740_12,0,0.0,15,1.0,0.0,21.46
2026-07-25 21:20:12,045,SCN1A6J_019_740_12,0,0.0,15,1.0,0.0,21.39
2026-07-25 21:30:15,045,SCN1A6J_019_740_12,45,0.075,8,0.877,0.0,21.36
2026-07-25 21:40:19,045,SCN1A6J_019_740_12,55,0.091,11,0.889,0.0,21.35
2026-07-25 21:50:22,045,SCN1A6J_019_740_12,3,0.005,15,0.995,0.0,21.34
2026-07-25 22:00:25,045,SCN1A6J_019_740_12,7,0.012,12,0.986,0.0,21.31
2026-07-25 22:10:28,045,SCN1A6J_019_740_12,56,0.093,9,0.865,0.0,21.33
2026-07-25 22:20:31,045,SCN1A6J_019_740_12,0,0.0,15,1.0,0.0,21.33
2026-07-25 22:30:35,045,SCN1A6J_019_740_12,0,0.0,15,1.0,0.0,21.31
2026-07-25 22:40:38,045,SCN1A6J_019_740_12,7,0.012,14,0.988,0.0,21.34
2026-07-25 22:50:41,045,SCN1A6J_019_740_12,0,0.0,15,1.0,0.0,21.34
2026-07-25 23:00:44,045,SCN1A6J_019_740_12,0,0.0,15,1.0,0.0,21.31
2026-07-25 23:10:47,045,SCN1A6J_019_740_12,32,0.053,11,0.932,0.0,21.34
2026-07-25 23:20:51,045,SCN1A6J_019_740_12,62,0.103,10,0.866,0.0,21.35
2026-07-25 23:30:54,045,SCN1A6J_019_740_12,2,0.003,14,0.996,0.0,21.38
2026-07-25 23:40:58,045,SCN1A6J_019_740_12,0,0.0,15,1.0,0.0,21.4
2026-07-25 23:51:00,045,SCN1A6J_019_740_12,0,0.0,15,1.0,0.0,21.4
2026-07-26 00:01:04,045,SCN1A6J_019_740_12,0,0.0,15,1.0,0.0,21.36
2026-07-26 00:11:07,045,SCN1A6J_019_740_12,0,0.0,15,1.0,0.0,21.35
2026-07-26 00:21:10,045,SCN1A6J_019_740_12,102,0.169,10,0.797,0.0,21.4
2026-07-26 00:31:13,045,SCN1A6J_019_740_12,46,0.077,10,0.897,0.0,21.4
2026-07-26 00:41:18,045,SCN1A6J_019_740_12,110,0.183,7,0.718,0.0,21.41
2026-07-26 00:51:21,045,SCN1A6J_019_740_12,128,0.213,5,0.61,0.0,21.43
2026-07-26 01:01:24,045,SCN1A6J_019_740_12,86,0.143,9,0.807,0.0,21.45
2026-07-26 01:12:01,045,SCN1A6J_019_740_12,295,0.492,3,0.289,0.0,21.61
2026-07-26 01:22:05,045,SCN1A6J_019_740_12,144,0.239,6,0.625,0.0,21.55
2026-07-26 01:32:08,045,SCN1A6J_019_740_12,81,0.135,6,0.748,0.0,21.51
2026-07-26 01:42:11,045,SCN1A6J_019_740_12,0,0.0,15,1.0,0.0,21.44
2026-07-26 01:52:14,045,SCN1A6J_019_740_12,0,0.0,15,1.0,0.0,21.4
2026-07-26 02:02:17,045,SCN1A6J_019_740_12,0,0.0,15,1.0,0.0,21.35
2026-07-26 02:12:21,045,SCN1A6J_019_740_12,0,0.0,15,1.0,0.0,21.33
2026-07-26 02:22:24,045,SCN1A6J_019_740_12,0,0.0,15,1.0,0.0,21.29
2026-07-26 02:32:28,045,SCN1A6J_019_740_12,17,0.028,14,0.971,0.0,21.28
2026-07-26 02:42:31,045,SCN1A6J_019_740_12,210,0.349,5,0.488,0.0,21.32
2026-07-26 02:52:34,045,SCN1A6J_019_740_12,138,0.23,3,0.465,0.0,21.34
2026-07-26 03:02:38,045,SCN1A6J_019_740_12,60,0.1,12,0.889,0.0,21.36
2026-07-26 03:12:41,045,SCN1A6J_019_740_12,122,0.203,7,0.697,0.0,21.36
2026-07-26 03:22:44,045,SCN1A6J_019_740_12,10,0.017,14,0.982,0.0,21.34
2026-07-26 03:32:47,045,SCN1A6J_019_740_12,0,0.0,15,1.0,0.0,21.28
2026-07-26 03:42:50,045,SCN1A6J_019_740_12,0,0.0,15,1.0,0.0,21.25
2026-07-26 03:52:53,045,SCN1A6J_019_740_12,0,0.0,15,1.0,0.0,21.25
2026-07-26 04:02:56,045,SCN1A6J_019_740_12,65,0.108,11,0.871,0.0,21.24
2026-07-26 04:12:59,045,SCN1A6J_019_740_12,85,0.141,8,0.79,0.0,21.25
2026-07-26 04:23:02,045,SCN1A6J_019_740_12,47,0.078,10,0.895,0.0,21.27
2026-07-26 04:33:05,045,SCN1A6J_019_740_12,0,0.0,15,1.0,0.0,21.25
2026-07-26 04:43:08,045,SCN1A6J_019_740_12,0,0.0,15,1.0,0.0,21.24
2026-07-26 04:53:11,045,SCN1A6J_019_740_12,0,0.0,15,1.0,0.0,21.23
2026-07-26 05:03:14,045,SCN1A6J_019_740_12,9,0.015,14,0.984,0.0,21.21
2026-07-26 05:13:34,045,SCN1A6J_019_740_12,131,0.219,7,0.681,0.0,21.28
2026-07-26 05:23:37,045,SCN1A6J_019_740_12,105,0.175,4,0.604,0.0,21.28
2026-07-26 05:33:39,045,SCN1A6J_019_740_12,39,0.065,11,0.919,0.0,21.35
2026-07-26 05:43:43,045,SCN1A6J_019_740_12,0,0.0,15,1.0,0.0,21.34
2026-07-26 05:53:46,045,SCN1A6J_019_740_12,0,0.0,15,1.0,0.0,21.35
2026-07-26 06:03:49,045,SCN1A6J_019_740_12,0,0.0,15,1.0,0.1728,21.32
2026-07-26 06:13:51,045,SCN1A6J_019_740_12,0,0.0,15,1.0,0.1728,21.3
2026-07-26 06:23:55,045,SCN1A6J_019_740_12,0,0.0,15,1.0,0.1728,21.28
2026-07-26 06:33:58,045,SCN1A6J_019_740_12,0,0.0,15,1.0,0.1584,21.27
2026-07-26 06:44:01,045,SCN1A6J_019_740_12,0,0.0,15,1.0,0.1692,21.26
2026-07-26 06:54:04,045,SCN1A6J_019_740_12,0,0.0,15,1.0,0.1656,21.25
2026-07-26 07:04:07,045,SCN1A6J_019_740_12,0,0.0,15,1.0,0.1656,21.24
2026-07-26 07:14:10,045,SCN1A6J_019_740_12,0,0.0,15,1.0,0.1656,21.23
2026-07-26 07:24:13,045,SCN1A6J_019_740_12,0,0.0,15,1.0,0.1512,21.23
2026-07-26 07:34:16,045,SCN1A6J_019_740_12,34,0.057,12,0.934,0.1224,21.23
2026-07-26 07:44:19,045,SCN1A6J_019_740_12,8,0.013,14,0.986,0.072,21.31
2026-07-26 07:54:22,045,SCN1A6J_019_740_12,13,0.022,13,0.976,0.0612,21.36
2026-07-26 08:04:25,045,SCN1A6J_019_740_12,0,0.0,15,1.0,0.0936,21.41
2026-07-26 08:14:28,045,SCN1A6J_019_740_12,0,0.0,15,1.0,0.0972,21.44
2026-07-26 08:24:31,045,SCN1A6J_019_740_12,0,0.0,15,1.0,0.0864,21.45
2026-07-26 08:34:34,045,SCN1A6J_019_740_12,0,0.0,15,1.0,0.0972,21.42
2026-07-26 08:44:37,045,SCN1A6J_019_740_12,0,0.0,15,1.0,0.0864,21.43
2026-07-26 08:54:41,045,SCN1A6J_019_740_12,0,0.0,15,1.0,0.0864,21.41
2026-07-26 09:04:44,045,SCN1A6J_019_740_12,0,0.0,15,1.0,0.0864,21.41
2026-07-26 09:15:16,045,SCN1A6J_019_740_12,0,0.0,15,1.0,0.0864,21.47
2026-07-26 09:25:20,045,SCN1A6J_019_740_12,0,0.0,15,1.0,0.2016,21.44
2026-07-26 09:35:23,045,SCN1A6J_019_740_12,0,0.0,15,1.0,0.2268,21.42
2026-07-26 09:45:26,045,SCN1A6J_019_740_12,0,0.0,15,1.0,0.2376,21.5
2026-07-26 09:55:29,045,SCN1A6J_019_740_12,0,0.0,15,1.0,0.126,21.55
2026-07-26 10:05:33,045,SCN1A6J_019_740_12,0,0.0,15,1.0,0.1224,21.57
2026-07-26 10:15:36,045,SCN1A6J_019_740_12,0,0.0,15,1.0,0.108,21.55
2026-07-26 10:25:40,045,SCN1A6J_019_740_12,0,0.0,15,1.0,0.1152,21.5
2026-07-26 10:35:44,045,SCN1A6J_019_740_12,0,0.0,15,1.0,0.1152,21.49
2026-07-26 10:45:47,045,SCN1A6J_019_740_12,0,0.0,15,1.0,0.0864,21.46
2026-07-26 10:55:50,045,SCN1A6J_019_740_12,0,0.0,15,1.0,0.108,21.48
2026-07-26 11:05:53,045,SCN1A6J_019_740_12,0,0.0,15,1.0,0.1152,21.45
2026-07-26 11:15:56,045,SCN1A6J_019_740_12,0,0.0,15,1.0,0.1152,21.44
2026-07-26 11:25:59,045,SCN1A6J_019_740_12,0,0.0,15,1.0,0.108,21.44
2026-07-26 11:36:03,045,SCN1A6J_019_740_12,0,0.0,15,1.0,0.108,21.41
2026-07-26 11:46:06,045,SCN1A6J_019_740_12,0,0.0,15,1.0,0.108,21.42
2026-07-26 11:56:08,045,SCN1A6J_019_740_12,0,0.0,15,1.0,0.108,21.4
2026-07-26 12:06:11,045,SCN1A6J_019_740_12,0,0.0,15,1.0,0.108,21.41
2026-07-26 12:16:14,045,SCN1A6J_019_740_12,0,0.0,15,1.0,0.108,21.41
2026-07-26 12:26:18,045,SCN1A6J_019_740_12,0,0.0,15,1.0,0.1224,21.43
2026-07-26 12:36:21,045,SCN1A6J_019_740_12,0,0.0,15,1.0,0.1368,21.44
2026-07-26 12:46:24,045,SCN1A6J_019_740_12,0,0.0,15,1.0,0.144,21.43
2026-07-26 12:56:27,045,SCN1A6J_019_740_12,0,0.0,15,1.0,0.1476,21.42
2026-07-26 13:06:30,045,SCN1A6J_019_740_12,0,0.0,15,1.0,0.1512,21.41
2026-07-26 13:17:00,045,SCN1A6J_019_740_12,0,0.0,15,1.0,0.1512,21.47
2026-07-26 13:27:03,045,SCN1A6J_019_740_12,0,0.0,15,1.0,0.1656,21.43
2026-07-26 13:37:05,045,SCN1A6J_019_740_12,0,0.0,15,1.0,0.1656,21.4
2026-07-26 13:47:08,045,SCN1A6J_019_740_12,0,0.0,15,1.0,0.1512,21.4
2026-07-26 13:57:12,045,SCN1A6J_019_740_12,0,0.0,15,1.0,0.1512,21.39
2026-07-26 14:07:15,045,SCN1A6J_019_740_12,0,0.0,15,1.0,0.1368,21.39
2026-07-26 14:17:18,045,SCN1A6J_019_740_12,0,0.0,15,1.0,0.1368,21.39
2026-07-26 14:27:21,045,SCN1A6J_019_740_12,0,0.0,15,1.0,0.1656,21.4
2026-07-26 14:37:25,045,SCN1A6J_019_740_12,0,0.0,15,1.0,0.1728,21.37
2026-07-26 14:47:28,045,SCN1A6J_019_740_12,0,0.0,15,1.0,0.1656,21.37
2026-07-26 14:57:31,045,SCN1A6J_019_740_12,0,0.0,15,1.0,0.1584,21.36
2026-07-26 15:07:34,045,SCN1A6J_019_740_12,0,0.0,15,1.0,0.1944,21.38
2026-07-26 15:17:39,045,SCN1A6J_019_740_12,3,0.005,14,0.995,0.108,21.37
2026-07-26 15:27:42,045,SCN1A6J_019_740_12,0,0.0,15,1.0,0.1224,21.36
2026-07-26 15:37:45,045,SCN1A6J_019_740_12,0,0.0,15,1.0,0.1368,21.3
2026-07-26 15:47:48,045,SCN1A6J_019_740_12,0,0.0,15,1.0,0.1368,21.23
2026-07-26 15:57:51,045,SCN1A6J_019_740_12,0,0.0,15,1.0,0.162,21.22
2026-07-26 16:07:54,045,SCN1A6J_019_740_12,0,0.0,15,1.0,0.1512,21.18
2026-07-26 16:17:58,045,SCN1A6J_019_740_12,0,0.0,15,1.0,0.1512,21.17
2026-07-26 16:28:01,045,SCN1A6J_019_740_12,0,0.0,15,1.0,0.1512,21.16
2026-07-26 16:38:03,045,SCN1A6J_019_740_12,0,0.0,15,1.0,0.1584,21.19
2026-07-26 16:48:06,045,SCN1A6J_019_740_12,0,0.0,15,1.0,0.1512,21.22
2026-07-26 16:58:10,045,SCN1A6J_019_740_12,22,0.037,13,0.959,0.1944,21.24
2026-07-26 17:08:12,045,SCN1A6J_019_740_12,0,0.0,15,1.0,0.2052,21.26
2026-07-26 17:18:40,045,SCN1A6J_019_740_12,0,0.0,15,1.0,0.1944,21.31
2026-07-26 17:28:43,045,SCN1A6J_019_740_12,0,0.0,15,1.0,0.2016,21.31
2026-07-26 17:38:47,045,SCN1A6J_019_740_12,0,0.0,15,1.0,0.1764,21.34
2026-07-26 17:48:49,045,SCN1A6J_019_740_12,0,0.0,15,1.0,0.216,21.35
2026-07-26 17:58:52,045,SCN1A6J_019_740_12,53,0.088,9,0.872,0.1512,21.38
2026-07-26 18:08:55,045,SCN1A6J_019_740_12,51,0.085,8,0.863,0.0,21.39
2026-07-26 18:18:58,045,SCN1A6J_019_740_12,5,0.008,14,0.991,0.0,21.43
2026-07-26 18:29:01,045,SCN1A6J_019_740_12,0,0.0,15,1.0,0.0,21.43
2026-07-26 18:39:03,045,SCN1A6J_019_740_12,0,0.0,15,1.0,0.0,21.46
2026-07-26 18:49:06,045,SCN1A6J_019_740_12,0,0.0,15,1.0,0.0,21.46
2026-07-26 18:59:09,045,SCN1A6J_019_740_12,2,0.003,14,0.996,0.0,21.47
2026-07-26 19:09:12,045,SCN1A6J_019_740_12,11,0.018,12,0.978,0.0,21.47
2026-07-26 19:19:15,045,SCN1A6J_019_740_12,14,0.023,14,0.976,0.0,21.46
2026-07-26 19:29:18,045,SCN1A6J_019_740_12,0,0.0,15,1.0,0.0,21.48
2026-07-26 19:39:21,045,SCN1A6J_019_740_12,0,0.0,15,1.0,0.0,21.47
2026-07-26 19:49:24,045,SCN1A6J_019_740_12,0,0.0,15,1.0,0.0,21.41
2026-07-26 19:59:28,045,SCN1A6J_019_740_12,0,0.0,15,1.0,0.0,21.4
2026-07-26 20:09:31,045,SCN1A6J_019_740_12,0,0.0,15,1.0,0.0,21.37
2026-07-26 20:19:34,045,SCN1A6J_019_740_12,0,0.0,15,1.0,0.0,21.35
2026-07-26 20:29:37,045,SCN1A6J_019_740_12,5,0.008,14,0.991,0.0,21.35
2026-07-26 20:39:41,045,SCN1A6J_019_740_12,30,0.05,11,0.936,0.0,21.35
2026-07-26 20:49:44,045,SCN1A6J_019_740_12,0,0.0,15,1.0,0.0,21.37
2026-07-26 20:59:47,045,SCN1A6J_019_740_12,0,0.0,15,1.0,0.0,21.38
2026-07-26 21:09:50,045,SCN1A6J_019_740_12,0,0.0,15,1.0,0.0,21.38
2026-07-26 21:20:23,045,SCN1A6J_019_740_12,0,0.0,15,1.0,0.0,21.45
2026-07-26 21:30:26,045,SCN1A6J_019_740_12,42,0.07,11,0.913,0.0,21.44
2026-07-26 21:40:29,045,SCN1A6J_019_740_12,43,0.072,11,0.911,0.0,21.43
2026-07-26 21:50:32,045,SCN1A6J_019_740_12,0,0.0,15,1.0,0.0,21.45
2026-07-26 22:00:35,045,SCN1A6J_019_740_12,0,0.0,15,1.0,0.0,21.42
2026-07-26 22:10:38,045,SCN1A6J_019_740_12,0,0.0,15,1.0,0.0,21.39
2026-07-26 22:20:41,045,SCN1A6J_019_740_12,0,0.0,15,1.0,0.0,21.39
2026-07-26 22:30:44,045,SCN1A6J_019_740_12,26,0.043,12,0.949,0.0,21.39
2026-07-26 22:40:47,045,SCN1A6J_019_740_12,118,0.197,8,0.731,0.0,21.45
2026-07-26 22:50:50,045,SCN1A6J_019_740_12,57,0.095,9,0.863,0.0,21.46
2026-07-26 23:00:53,045,SCN1A6J_019_740_12,2,0.003,14,0.996,0.0,21.44
2026-07-26 23:10:57,045,SCN1A6J_019_740_12,0,0.0,15,1.0,0.0,21.42
2026-07-26 23:21:00,045,SCN1A6J_019_740_12,0,0.0,15,1.0,0.0,21.39
2026-07-26 23:31:03,045,SCN1A6J_019_740_12,0,0.0,15,1.0,0.0,21.38
2026-07-26 23:41:06,045,SCN1A6J_019_740_12,20,0.033,13,0.963,0.0,21.37
2026-07-26 23:51:08,045,SCN1A6J_019_740_12,127,0.211,5,0.612,0.0,21.37
2026-07-25 00:06:08,010,SCN1A6J_019_740_13,278,0.463,2,0.223,0.0,21.52
2026-07-25 00:16:10,010,SCN1A6J_019_740_13,198,0.329,6,0.548,0.0,21.57
2026-07-25 00:26:45,010,SCN1A6J_019_740_13,292,0.487,1,0.12,0.0,21.74
2026-07-25 00:36:48,010,SCN1A6J_019_740_13,240,0.399,4,0.4,0.0,21.68
2026-07-25 00:46:51,010,SCN1A6J_019_740_13,261,0.434,3,0.315,0.0,21.71
2026-07-25 00:56:55,010,SCN1A6J_019_740_13,280,0.466,3,0.3,0.0,21.6
2026-07-25 01:06:58,010,SCN1A6J_019_740_13,169,0.281,9,0.681,0.0,21.58
2026-07-25 01:17:01,010,SCN1A6J_019_740_13,120,0.2,10,0.769,0.0,21.54
2026-07-25 01:27:04,010,SCN1A6J_019_740_13,376,0.626,1,0.096,0.0,21.55
2026-07-25 01:37:07,010,SCN1A6J_019_740_13,198,0.329,7,0.586,0.0,21.56
2026-07-25 01:47:10,010,SCN1A6J_019_740_13,167,0.278,5,0.545,0.0,21.55
2026-07-25 01:57:13,010,SCN1A6J_019_740_13,147,0.244,8,0.685,0.0,21.51
2026-07-25 02:07:16,010,SCN1A6J_019_740_13,339,0.564,2,0.191,0.0,21.53
2026-07-25 02:17:19,010,SCN1A6J_019_740_13,45,0.075,9,0.889,0.0,21.47
2026-07-25 02:27:22,010,SCN1A6J_019_740_13,4,0.007,14,0.993,0.0,21.4
2026-07-25 02:37:26,010,SCN1A6J_019_740_13,8,0.013,14,0.986,0.0,21.33
2026-07-25 02:47:28,010,SCN1A6J_019_740_13,4,0.007,14,0.993,0.0,21.3
2026-07-25 02:57:31,010,SCN1A6J_019_740_13,14,0.023,13,0.974,0.0,21.27
2026-07-25 03:07:35,010,SCN1A6J_019_740_13,203,0.337,5,0.496,0.0,21.29
2026-07-25 03:17:38,010,SCN1A6J_019_740_13,178,0.296,6,0.574,0.0,21.38
2026-07-25 03:27:41,010,SCN1A6J_019_740_13,161,0.268,9,0.691,0.0,21.44
2026-07-25 03:37:45,010,SCN1A6J_019_740_13,207,0.344,6,0.537,0.0,21.48
2026-07-25 03:47:48,010,SCN1A6J_019_740_13,360,0.598,4,0.308,0.0,21.46
2026-07-25 03:57:51,010,SCN1A6J_019_740_13,172,0.287,5,0.538,0.0,21.45
2026-07-25 04:07:54,010,SCN1A6J_019_740_13,16,0.027,14,0.972,0.0,21.43
2026-07-25 04:17:57,010,SCN1A6J_019_740_13,0,0.0,15,1.0,0.0,21.36
2026-07-25 04:28:15,010,SCN1A6J_019_740_13,0,0.0,15,1.0,0.0,21.34
2026-07-25 04:38:18,010,SCN1A6J_019_740_13,0,0.0,15,1.0,0.0,21.3
2026-07-25 04:48:21,010,SCN1A6J_019_740_13,0,0.0,15,1.0,0.0,21.24
2026-07-25 04:58:24,010,SCN1A6J_019_740_13,0,0.0,15,1.0,0.0,21.21
2026-07-25 05:08:27,010,SCN1A6J_019_740_13,147,0.245,6,0.62,0.0,21.26
2026-07-25 05:18:30,010,SCN1A6J_019_740_13,199,0.331,4,0.446,0.0,21.38
2026-07-25 05:28:34,010,SCN1A6J_019_740_13,20,0.033,13,0.963,0.0,21.32
2026-07-25 05:38:37,010,SCN1A6J_019_740_13,382,0.636,1,0.095,0.0,21.37
2026-07-25 05:48:40,010,SCN1A6J_019_740_13,235,0.391,5,0.46,0.0,21.39
2026-07-25 05:58:42,010,SCN1A6J_019_740_13,26,0.043,12,0.949,0.0,21.43
2026-07-25 06:08:46,010,SCN1A6J_019_740_13,0,0.0,15,1.0,9.3312,21.44
2026-07-25 06:18:49,010,SCN1A6J_019_740_13,0,0.0,15,1.0,9.972,21.44
2026-07-25 06:28:52,010,SCN1A6J_019_740_13,0,0.0,15,1.0,10.1124,21.43
2026-07-25 06:38:56,010,SCN1A6J_019_740_13,0,0.0,15,1.0,10.08,21.42
2026-07-25 06:48:59,010,SCN1A6J_019_740_13,0,0.0,15,1.0,9.8208,21.41
2026-07-25 06:59:02,010,SCN1A6J_019_740_13,0,0.0,15,1.0,10.3896,21.41
2026-07-25 07:09:05,010,SCN1A6J_019_740_13,0,0.0,15,1.0,10.026,21.42
2026-07-25 07:19:08,010,SCN1A6J_019_740_13,0,0.0,15,1.0,9.5796,21.43
2026-07-25 07:29:10,010,SCN1A6J_019_740_13,0,0.0,15,1.0,10.08,21.43
2026-07-25 07:39:13,010,SCN1A6J_019_740_13,0,0.0,15,1.0,9.7272,21.44
2026-07-25 07:49:16,010,SCN1A6J_019_740_13,2,0.003,15,0.997,8.7048,21.47
2026-07-25 07:59:19,010,SCN1A6J_019_740_13,53,0.088,11,0.892,8.1648,21.5
2026-07-25 08:09:22,010,SCN1A6J_019_740_13,69,0.115,10,0.853,9.7884,21.48
2026-07-25 08:19:26,010,SCN1A6J_019_740_13,197,0.327,5,0.504,10.0728,21.52
2026-07-25 08:29:53,010,SCN1A6J_019_740_13,145,0.242,6,0.623,8.1648,21.6
2026-07-25 08:39:57,010,SCN1A6J_019_740_13,23,0.038,11,0.95,9.5544,21.57
2026-07-25 08:50:00,010,SCN1A6J_019_740_13,2,0.003,14,0.996,9.8712,21.5
2026-07-25 09:00:03,010,SCN1A6J_019_740_13,0,0.0,15,1.0,9.8496,21.46
2026-07-25 09:10:06,010,SCN1A6J_019_740_13,0,0.0,15,1.0,9.6552,21.41
2026-07-25 09:20:10,010,SCN1A6J_019_740_13,0,0.0,15,1.0,10.0476,21.39
2026-07-25 09:30:13,010,SCN1A6J_019_740_13,0,0.0,15,1.0,9.936,21.36
2026-07-25 09:40:15,010,SCN1A6J_019_740_13,0,0.0,15,1.0,10.0368,21.32
2026-07-25 09:50:18,010,SCN1A6J_019_740_13,9,0.015,14,0.984,8.964,21.31
2026-07-25 10:00:21,010,SCN1A6J_019_740_13,0,0.0,15,1.0,9.0864,21.31
2026-07-25 10:10:24,010,SCN1A6J_019_740_13,0,0.0,15,1.0,9.0936,21.3
2026-07-25 10:20:27,010,SCN1A6J_019_740_13,0,0.0,15,1.0,9.1404,21.31
2026-07-25 10:30:30,010,SCN1A6J_019_740_13,0,0.0,15,1.0,9.1368,21.29
2026-07-25 10:40:33,010,SCN1A6J_019_740_13,0,0.0,15,1.0,9.288,21.29
2026-07-25 10:50:36,010,SCN1A6J_019_740_13,0,0.0,15,1.0,9.18,21.28
2026-07-25 11:00:39,010,SCN1A6J_019_740_13,0,0.0,15,1.0,9.1728,21.28
2026-07-25 11:10:42,010,SCN1A6J_019_740_13,3,0.005,13,0.994,9.9504,21.28
2026-07-25 11:20:45,010,SCN1A6J_019_740_13,115,0.191,9,0.758,15.7824,21.31
2026-07-25 11:30:48,010,SCN1A6J_019_740_13,265,0.44,3,0.312,5.2776,21.38
2026-07-25 11:40:51,010,SCN1A6J_019_740_13,19,0.032,14,0.967,5.346,21.38
2026-07-25 11:50:54,010,SCN1A6J_019_740_13,0,0.0,15,1.0,5.4576,21.38
2026-07-25 12:00:57,010,SCN1A6J_019_740_13,0,0.0,15,1.0,5.4,21.37
2026-07-25 12:11:00,010,SCN1A6J_019_740_13,0,0.0,15,1.0,5.4216,21.34
2026-07-25 12:21:03,010,SCN1A6J_019_740_13,0,0.0,15,1.0,5.4144,21.34
2026-07-25 12:31:32,010,SCN1A6J_019_740_13,0,0.0,15,1.0,5.3856,21.42
2026-07-25 12:41:34,010,SCN1A6J_019_740_13,0,0.0,15,1.0,5.4,21.38
2026-07-25 12:51:38,010,SCN1A6J_019_740_13,0,0.0,15,1.0,5.4108,21.37
2026-07-25 13:01:41,010,SCN1A6J_019_740_13,0,0.0,15,1.0,5.3136,21.37
2026-07-25 13:11:44,010,SCN1A6J_019_740_13,0,0.0,15,1.0,5.328,21.35
2026-07-25 13:21:48,010,SCN1A6J_019_740_13,0,0.0,15,1.0,5.2704,21.34
2026-07-25 13:31:51,010,SCN1A6J_019_740_13,0,0.0,15,1.0,5.2776,21.36
2026-07-25 13:41:54,010,SCN1A6J_019_740_13,0,0.0,15,1.0,5.2776,21.34
2026-07-25 13:51:57,010,SCN1A6J_019_740_13,0,0.0,15,1.0,5.22,21.36
2026-07-25 14:02:01,010,SCN1A6J_019_740_13,0,0.0,15,1.0,5.2056,21.36
2026-07-25 14:12:04,010,SCN1A6J_019_740_13,0,0.0,15,1.0,5.0832,21.36
2026-07-25 14:22:06,010,SCN1A6J_019_740_13,0,0.0,15,1.0,5.0112,21.38
2026-07-25 14:32:09,010,SCN1A6J_019_740_13,234,0.389,3,0.339,6.7248,21.43
2026-07-25 14:42:12,010,SCN1A6J_019_740_13,70,0.116,11,0.863,13.068,21.49
2026-07-25 14:52:16,010,SCN1A6J_019_740_13,87,0.145,11,0.835,7.1064,21.5
2026-07-25 15:02:19,010,SCN1A6J_019_740_13,0,0.0,15,1.0,7.1604,21.44
2026-07-25 15:12:22,010,SCN1A6J_019_740_13,0,0.0,15,1.0,7.1316,21.4
2026-07-25 15:22:25,010,SCN1A6J_019_740_13,0,0.0,15,1.0,7.128,21.36
2026-07-25 15:32:28,010,SCN1A6J_019_740_13,0,0.0,15,1.0,7.0704,21.33
2026-07-25 15:42:31,010,SCN1A6J_019_740_13,0,0.0,15,1.0,7.02,21.32
2026-07-25 15:52:34,010,SCN1A6J_019_740_13,0,0.0,15,1.0,6.9768,21.32
2026-07-25 16:02:38,010,SCN1A6J_019_740_13,0,0.0,15,1.0,6.9768,21.29
2026-07-25 16:12:41,010,SCN1A6J_019_740_13,0,0.0,15,1.0,6.9948,21.29
2026-07-25 16:22:44,010,SCN1A6J_019_740_13,0,0.0,15,1.0,6.912,21.28
2026-07-25 16:33:06,010,SCN1A6J_019_740_13,0,0.0,15,1.0,6.804,21.33
2026-07-25 16:43:09,010,SCN1A6J_019_740_13,135,0.224,8,0.703,6.2496,21.42
2026-07-25 16:53:13,010,SCN1A6J_019_740_13,68,0.113,9,0.841,5.6232,21.46
2026-07-25 17:03:16,010,SCN1A6J_019_740_13,16,0.027,12,0.968,5.7312,21.5
2026-07-25 17:13:19,010,SCN1A6J_019_740_13,3,0.005,14,0.995,5.7888,21.52
2026-07-25 17:23:22,010,SCN1A6J_019_740_13,6,0.01,14,0.989,5.544,21.51
2026-07-25 17:33:25,010,SCN1A6J_019_740_13,7,0.012,14,0.988,5.6232,21.49
2026-07-25 17:43:29,010,SCN1A6J_019_740_13,0,0.0,15,1.0,5.6304,21.47
2026-07-25 17:53:32,010,SCN1A6J_019_740_13,33,0.055,11,0.93,5.9832,21.48
2026-07-25 18:03:35,010,SCN1A6J_019_740_13,90,0.15,8,0.78,0.0,21.53
2026-07-25 18:13:38,010,SCN1A6J_019_740_13,123,0.205,6,0.661,0.0,21.59
2026-07-25 18:23:41,010,SCN1A6J_019_740_13,324,0.54,2,0.198,0.0,21.59
2026-07-25 18:33:43,010,SCN1A6J_019_740_13,16,0.027,12,0.968,0.0,21.53
2026-07-25 18:43:46,010,SCN1A6J_019_740_13,103,0.172,7,0.731,0.0,21.48
2026-07-25 18:53:49,010,SCN1A6J_019_740_13,305,0.507,3,0.282,0.0,21.56
2026-07-25 19:03:52,010,SCN1A6J_019_740_13,106,0.176,7,0.725,0.0,21.58
2026-07-25 19:13:55,010,SCN1A6J_019_740_13,211,0.351,4,0.431,0.0,21.68
2026-07-25 19:23:58,010,SCN1A6J_019_740_13,35,0.058,12,0.932,0.0,21.61
2026-07-25 19:34:01,010,SCN1A6J_019_740_13,32,0.053,10,0.926,0.0,21.6
2026-07-25 19:44:04,010,SCN1A6J_019_740_13,3,0.005,15,0.995,0.0,21.56
2026-07-25 19:54:07,010,SCN1A6J_019_740_13,0,0.0,15,1.0,0.0,21.52
2026-07-25 20:04:10,010,SCN1A6J_019_740_13,0,0.0,15,1.0,0.0,21.48
2026-07-25 20:14:13,010,SCN1A6J_019_740_13,0,0.0,15,1.0,0.0,21.46
2026-07-25 20:24:17,010,SCN1A6J_019_740_13,121,0.201,9,0.748,0.0,21.5
2026-07-25 20:34:40,010,SCN1A6J_019_740_13,191,0.318,7,0.594,0.0,21.58
2026-07-25 20:44:44,010,SCN1A6J_019_740_13,126,0.21,6,0.656,0.0,21.56
2026-07-25 20:54:47,010,SCN1A6J_019_740_13,314,0.522,2,0.203,0.0,21.62
2026-07-25 21:04:50,010,SCN1A6J_019_740_13,22,0.037,12,0.956,0.0,21.57
2026-07-25 21:14:53,010,SCN1A6J_019_740_13,17,0.028,14,0.971,0.0,21.51
2026-07-25 21:24:56,010,SCN1A6J_019_740_13,0,0.0,15,1.0,0.0,21.46
2026-07-25 21:34:59,010,SCN1A6J_019_740_13,70,0.116,7,0.8,0.0,21.44
2026-07-25 21:45:01,010,SCN1A6J_019_740_13,185,0.308,6,0.565,0.0,21.48
2026-07-25 21:55:05,010,SCN1A6J_019_740_13,284,0.473,2,0.22,0.0,21.57
2026-07-25 22:05:08,010,SCN1A6J_019_740_13,209,0.347,7,0.573,0.0,21.55
2026-07-25 22:15:11,010,SCN1A6J_019_740_13,19,0.032,13,0.965,0.0,21.56
2026-07-25 22:25:14,010,SCN1A6J_019_740_13,7,0.012,14,0.988,0.0,21.54
2026-07-25 22:35:17,010,SCN1A6J_019_740_13,14,0.023,12,0.972,0.0,21.52
2026-07-25 22:45:20,010,SCN1A6J_019_740_13,250,0.416,2,0.242,0.0,21.57
2026-07-25 22:55:24,010,SCN1A6J_019_740_13,114,0.19,8,0.737,0.0,21.53
2026-07-25 23:05:27,010,SCN1A6J_019_740_13,257,0.428,6,0.483,0.0,21.54
2026-07-25 23:15:30,010,SCN1A6J_019_740_13,198,0.329,6,0.548,0.0,21.56
2026-07-25 23:25:33,010,SCN1A6J_019_740_13,354,0.589,2,0.184,0.0,21.6
2026-07-25 23:35:36,010,SCN1A6J_019_740_13,142,0.236,8,0.693,0.0,21.65
2026-07-25 23:45:39,010,SCN1A6J_019_740_13,41,0.068,12,0.921,0.0,21.63
2026-07-25 23:55:43,010,SCN1A6J_019_740_13,33,0.055,12,0.936,0.0,21.6
2026-07-26 00:05:46,010,SCN1A6J_019_740_13,212,0.353,8,0.602,0.0,21.6
2026-07-26 00:15:48,010,SCN1A6J_019_740_13,182,0.303,9,0.664,0.0,21.56
2026-07-26 00:25:52,010,SCN1A6J_019_740_13,297,0.494,3,0.288,0.0,21.61
2026-07-26 00:36:18,010,SCN1A6J_019_740_13,154,0.258,10,0.722,0.0,21.6
2026-07-26 00:46:21,010,SCN1A6J_019_740_13,298,0.495,2,0.212,0.0,21.6
2026-07-26 00:56:24,010,SCN1A6J_019_740_13,298,0.495,1,0.118,0.0,21.65
2026-07-26 01:06:27,010,SCN1A6J_019_740_13,137,0.228,8,0.7,0.0,21.56
2026-07-26 01:16:31,010,SCN1A6J_019_740_13,333,0.554,3,0.265,0.0,21.58
2026-07-26 01:26:33,010,SCN1A6J_019_740_13,186,0.309,7,0.601,0.0,21.62
2026-07-26 01:36:36,010,SCN1A6J_019_740_13,351,0.585,2,0.186,0.0,21.64
2026-07-26 01:46:39,010,SCN1A6J_019_740_13,178,0.296,7,0.611,0.0,21.57
2026-07-26 01:56:42,010,SCN1A6J_019_740_13,438,0.73,0,0.0,0.0,21.65
2026-07-26 02:06:45,010,SCN1A6J_019_740_13,40,0.066,12,0.923,0.0,21.69
2026-07-26 02:16:48,010,SCN1A6J_019_740_13,0,0.0,15,1.0,0.0,21.65
2026-07-26 02:26:51,010,SCN1A6J_019_740_13,0,0.0,15,1.0,0.0,21.59
2026-07-26 02:36:54,010,SCN1A6J_019_740_13,0,0.0,15,1.0,0.0,21.55
2026-07-26 02:46:56,010,SCN1A6J_019_740_13,0,0.0,15,1.0,0.0,21.52
2026-07-26 02:57:00,010,SCN1A6J_019_740_13,0,0.0,15,1.0,0.0,21.48
2026-07-26 03:07:02,010,SCN1A6J_019_740_13,0,0.0,15,1.0,0.0,21.47
2026-07-26 03:17:05,010,SCN1A6J_019_740_13,209,0.348,6,0.535,0.0,21.51
2026-07-26 03:27:08,010,SCN1A6J_019_740_13,248,0.413,7,0.53,0.0,21.5
2026-07-26 03:37:11,010,SCN1A6J_019_740_13,62,0.103,12,0.886,0.0,21.52
2026-07-26 03:47:15,010,SCN1A6J_019_740_13,0,0.0,15,1.0,0.0,21.49
2026-07-26 03:57:18,010,SCN1A6J_019_740_13,0,0.0,15,1.0,0.0,21.44
2026-07-26 04:07:22,010,SCN1A6J_019_740_13,0,0.0,15,1.0,0.0,21.41
2026-07-26 04:17:24,010,SCN1A6J_019_740_13,0,0.0,15,1.0,0.0,21.38
2026-07-26 04:27:27,010,SCN1A6J_019_740_13,0,0.0,15,1.0,0.0,21.36
2026-07-26 04:37:44,010,SCN1A6J_019_740_13,89,0.148,11,0.832,0.0,21.43
2026-07-26 04:47:47,010,SCN1A6J_019_740_13,50,0.083,10,0.889,0.0,21.44
2026-07-26 04:57:49,010,SCN1A6J_019_740_13,9,0.015,14,0.984,0.0,21.42
2026-07-26 05:07:53,010,SCN1A6J_019_740_13,5,0.008,15,0.992,0.0,21.41
2026-07-26 05:17:56,010,SCN1A6J_019_740_13,174,0.289,5,0.535,0.0,21.42
2026-07-26 05:27:59,010,SCN1A6J_019_740_13,181,0.301,8,0.639,0.0,21.42
2026-07-26 05:38:02,010,SCN1A6J_019_740_13,153,0.255,9,0.702,0.0,21.48
2026-07-26 05:48:05,010,SCN1A6J_019_740_13,4,0.007,14,0.993,0.0,21.46
2026-07-26 05:58:08,010,SCN1A6J_019_740_13,23,0.038,14,0.961,0.0,21.42
2026-07-26 06:08:10,010,SCN1A6J_019_740_13,1,0.002,15,0.998,5.0112,21.41
2026-07-26 06:18:13,010,SCN1A6J_019_740_13,0,0.0,15,1.0,5.2416,21.41
2026-07-26 06:28:17,010,SCN1A6J_019_740_13,0,0.0,15,1.0,5.616,21.41
2026-07-26 06:38:20,010,SCN1A6J_019_740_13,0,0.0,15,1.0,5.616,21.41
2026-07-26 06:48:23,010,SCN1A6J_019_740_13,0,0.0,15,1.0,5.6772,21.4
2026-07-26 06:58:26,010,SCN1A6J_019_740_13,0,0.0,15,1.0,5.4216,21.4
2026-07-26 07:08:30,010,SCN1A6J_019_740_13,14,0.023,13,0.974,3.96,21.42
2026-07-26 07:18:33,010,SCN1A6J_019_740_13,86,0.143,7,0.765,8.46,21.46
2026-07-26 07:28:36,010,SCN1A6J_019_740_13,74,0.123,9,0.829,6.9408,21.45
2026-07-26 07:38:39,010,SCN1A6J_019_740_13,178,0.296,6,0.574,9.9576,21.52
2026-07-26 07:48:43,010,SCN1A6J_019_740_13,329,0.547,1,0.108,11.2752,21.7
2026-07-26 07:58:46,010,SCN1A6J_019_740_13,219,0.364,2,0.268,8.9748,21.84
2026-07-26 08:08:49,010,SCN1A6J_019_740_13,47,0.078,12,0.911,15.2928,21.92
2026-07-26 08:18:52,010,SCN1A6J_019_740_13,0,0.0,15,1.0,15.8472,21.88
2026-07-26 08:28:55,010,SCN1A6J_019_740_13,0,0.0,15,1.0,16.4232,21.86
2026-07-26 08:39:27,010,SCN1A6J_019_740_13,0,0.0,15,1.0,16.3728,21.89
2026-07-26 08:49:30,010,SCN1A6J_019_740_13,0,0.0,15,1.0,16.4376,21.8
2026-07-26 08:59:33,010,SCN1A6J_019_740_13,0,0.0,15,1.0,16.164,21.75
2026-07-26 09:09:37,010,SCN1A6J_019_740_13,0,0.0,15,1.0,16.2288,21.71
2026-07-26 09:19:39,010,SCN1A6J_019_740_13,0,0.0,15,1.0,15.8832,21.7
2026-07-26 09:29:42,010,SCN1A6J_019_740_13,15,0.025,14,0.974,14.8608,21.65
2026-07-26 09:39:45,010,SCN1A6J_019_740_13,0,0.0,15,1.0,14.9112,21.65
2026-07-26 09:49:49,010,SCN1A6J_019_740_13,2,0.003,14,0.996,15.9336,21.68
2026-07-26 09:59:52,010,SCN1A6J_019_740_13,0,0.0,15,1.0,15.8544,21.68
2026-07-26 10:09:55,010,SCN1A6J_019_740_13,0,0.0,15,1.0,15.6816,21.66
2026-07-26 10:19:57,010,SCN1A6J_019_740_13,1,0.002,15,0.998,15.6132,21.64
2026-07-26 10:30:01,010,SCN1A6J_019_740_13,1,0.002,15,0.998,14.0256,21.64
2026-07-26 10:40:05,010,SCN1A6J_019_740_13,53,0.088,9,0.872,14.1696,21.67
2026-07-26 10:50:08,010,SCN1A6J_019_740_13,54,0.09,8,0.856,14.1912,21.64
2026-07-26 11:00:11,010,SCN1A6J_019_740_13,229,0.381,3,0.344,4.0536,21.67
2026-07-26 11:10:14,010,SCN1A6J_019_740_13,51,0.085,12,0.904,6.8832,21.81
2026-07-26 11:20:17,010,SCN1A6J_019_740_13,136,0.226,7,0.673,8.928,21.95
2026-07-26 11:30:20,010,SCN1A6J_019_740_13,0,0.0,15,1.0,8.8776,21.92
2026-07-26 11:40:23,010,SCN1A6J_019_740_13,0,0.0,15,1.0,8.9352,21.9
2026-07-26 11:50:26,010,SCN1A6J_019_740_13,0,0.0,15,1.0,9.0216,21.92
2026-07-26 12:00:28,010,SCN1A6J_019_740_13,0,0.0,15,1.0,8.9136,21.9
2026-07-26 12:10:32,010,SCN1A6J_019_740_13,0,0.0,15,1.0,9.2304,21.84
2026-07-26 12:20:35,010,SCN1A6J_019_740_13,0,0.0,15,1.0,9.1656,21.84
2026-07-26 12:30:38,010,SCN1A6J_019_740_13,0,0.0,15,1.0,9.2304,21.86
2026-07-26 12:41:01,010,SCN1A6J_019_740_13,0,0.0,15,1.0,9.2376,21.9
2026-07-26 12:51:04,010,SCN1A6J_019_740_13,0,0.0,15,1.0,9.2304,21.88
2026-07-26 13:01:07,010,SCN1A6J_019_740_13,0,0.0,15,1.0,9.0864,21.87
2026-07-26 13:11:10,010,SCN1A6J_019_740_13,0,0.0,15,1.0,9.036,21.86
2026-07-26 13:21:13,010,SCN1A6J_019_740_13,0,0.0,15,1.0,9.0684,21.87
2026-07-26 13:31:17,010,SCN1A6J_019_740_13,0,0.0,15,1.0,9.1728,21.84
2026-07-26 13:41:20,010,SCN1A6J_019_740_13,0,0.0,15,1.0,9.2628,21.91
2026-07-26 13:51:23,010,SCN1A6J_019_740_13,0,0.0,15,1.0,9.5112,21.99
2026-07-26 14:01:26,010,SCN1A6J_019_740_13,0,0.0,15,1.0,9.3816,22.01
2026-07-26 14:11:29,010,SCN1A6J_019_740_13,0,0.0,15,1.0,9.6264,21.99
2026-07-26 14:21:32,010,SCN1A6J_019_740_13,0,0.0,15,1.0,9.5328,21.95
2026-07-26 14:31:35,010,SCN1A6J_019_740_13,0,0.0,15,1.0,9.4968,21.92
2026-07-26 14:41:38,010,SCN1A6J_019_740_13,0,0.0,15,1.0,9.3816,21.9
2026-07-26 14:51:41,010,SCN1A6J_019_740_13,0,0.0,15,1.0,9.432,21.87
2026-07-26 15:01:45,010,SCN1A6J_019_740_13,0,0.0,15,1.0,9.576,21.84
2026-07-26 15:11:48,010,SCN1A6J_019_740_13,0,0.0,15,1.0,9.576,21.8
2026-07-26 15:21:51,010,SCN1A6J_019_740_13,0,0.0,15,1.0,9.4284,21.82
2026-07-26 15:31:54,010,SCN1A6J_019_740_13,0,0.0,15,1.0,9.5976,21.92
2026-07-26 15:41:57,010,SCN1A6J_019_740_13,176,0.292,6,0.577,7.7184,21.85
2026-07-26 15:52:00,010,SCN1A6J_019_740_13,114,0.19,9,0.759,8.5824,21.85
2026-07-26 16:02:02,010,SCN1A6J_019_740_13,0,0.0,15,1.0,9.9648,21.89
2026-07-26 16:12:05,010,SCN1A6J_019_740_13,0,0.0,15,1.0,10.512,21.87
2026-07-26 16:22:08,010,SCN1A6J_019_740_13,0,0.0,15,1.0,10.4472,21.8
2026-07-26 16:32:12,010,SCN1A6J_019_740_13,0,0.0,15,1.0,10.4544,21.74
2026-07-26 16:42:35,010,SCN1A6J_019_740_13,0,0.0,15,1.0,10.548,21.76
2026-07-26 16:52:38,010,SCN1A6J_019_740_13,0,0.0,15,1.0,10.6632,21.69
2026-07-26 17:02:41,010,SCN1A6J_019_740_13,0,0.0,15,1.0,11.0232,21.7
2026-07-26 17:12:45,010,SCN1A6J_019_740_13,0,0.0,15,1.0,11.3688,21.76
2026-07-26 17:22:48,010,SCN1A6J_019_740_13,0,0.0,15,1.0,11.2248,21.75
2026-07-26 17:32:51,010,SCN1A6J_019_740_13,0,0.0,15,1.0,11.2392,21.71
2026-07-26 17:42:54,010,SCN1A6J_019_740_13,0,0.0,15,1.0,11.952,21.73
2026-07-26 17:52:57,010,SCN1A6J_019_740_13,72,0.12,11,0.859,13.0176,21.73
2026-07-26 18:03:00,010,SCN1A6J_019_740_13,0,0.0,15,1.0,0.0,21.76
2026-07-26 18:13:03,010,SCN1A6J_019_740_13,0,0.0,15,1.0,0.0,21.7
2026-07-26 18:23:07,010,SCN1A6J_019_740_13,2,0.003,14,0.996,0.0,21.72
2026-07-26 18:33:10,010,SCN1A6J_019_740_13,160,0.266,7,0.636,0.0,21.71
2026-07-26 18:43:13,010,SCN1A6J_019_740_13,183,0.304,5,0.522,0.0,21.67
2026-07-26 18:53:15,010,SCN1A6J_019_740_13,131,0.218,10,0.753,0.0,21.61
2026-07-26 19:03:19,010,SCN1A6J_019_740_13,321,0.534,3,0.272,0.0,21.76
2026-07-26 19:13:22,010,SCN1A6J_019_740_13,101,0.168,9,0.781,0.0,21.99
2026-07-26 19:23:25,010,SCN1A6J_019_740_13,5,0.008,14,0.991,0.0,22.02
2026-07-26 19:33:28,010,SCN1A6J_019_740_13,1,0.002,15,0.998,0.0,22.0
2026-07-26 19:43:31,010,SCN1A6J_019_740_13,6,0.01,14,0.989,0.0,21.92
2026-07-26 19:53:35,010,SCN1A6J_019_740_13,24,0.04,11,0.948,0.0,22.02
2026-07-26 20:03:38,010,SCN1A6J_019_740_13,79,0.131,10,0.835,0.0,21.81
2026-07-26 20:13:41,010,SCN1A6J_019_740_13,302,0.502,4,0.346,0.0,21.89
2026-07-26 20:23:44,010,SCN1A6J_019_740_13,220,0.366,6,0.522,0.0,21.95
2026-07-26 20:33:47,010,SCN1A6J_019_740_13,68,0.113,10,0.855,0.0,22.16
2026-07-26 20:44:06,010,SCN1A6J_019_740_13,2,0.003,14,0.996,0.0,22.24
2026-07-26 20:54:09,010,SCN1A6J_019_740_13,8,0.013,14,0.986,0.0,22.19
2026-07-26 21:04:12,010,SCN1A6J_019_740_13,7,0.012,14,0.988,0.0,22.16
2026-07-26 21:14:15,010,SCN1A6J_019_740_13,33,0.055,11,0.93,0.0,22.25
2026-07-26 21:24:18,010,SCN1A6J_019_740_13,176,0.293,6,0.577,0.0,22.04
2026-07-26 21:34:21,010,SCN1A6J_019_740_13,187,0.311,3,0.391,0.0,22.14
2026-07-26 21:44:24,010,SCN1A6J_019_740_13,0,0.0,15,1.0,0.0,22.23
2026-07-26 21:54:27,010,SCN1A6J_019_740_13,5,0.008,14,0.991,0.0,22.18
2026-07-26 22:04:30,010,SCN1A6J_019_740_13,86,0.143,5,0.699,0.0,22.2
2026-07-26 22:14:34,010,SCN1A6J_019_740_13,164,0.272,7,0.631,0.0,21.95
2026-07-26 22:24:36,010,SCN1A6J_019_740_13,300,0.499,3,0.286,0.0,21.89
2026-07-26 22:34:39,010,SCN1A6J_019_740_13,23,0.038,12,0.954,0.0,21.75
2026-07-26 22:44:43,010,SCN1A6J_019_740_13,39,0.065,13,0.93,0.0,21.77
2026-07-26 22:54:46,010,SCN1A6J_019_740_13,222,0.369,7,0.558,0.0,21.71
2026-07-26 23:04:49,010,SCN1A6J_019_740_13,125,0.208,8,0.719,0.0,21.59
2026-07-26 23:14:52,010,SCN1A6J_019_740_13,185,0.308,7,0.602,0.0,21.55
2026-07-26 23:24:56,010,SCN1A6J_019_740_13,268,0.445,6,0.472,0.0,21.54
2026-07-26 23:35:00,010,SCN1A6J_019_740_13,266,0.442,5,0.429,0.0,21.65
2026-07-26 23:45:03,010,SCN1A6J_019_740_13,103,0.171,10,0.795,0.0,21.62
2026-07-26 23:55:06,010,SCN1A6J_019_740_13,29,0.048,13,0.947,0.0,21.61
2026-07-25 00:00:29,032,SCN1A6J_019_740_14,0,0.0,15,1.0,0.0,21.7
2026-07-25 00:10:32,032,SCN1A6J_019_740_14,0,0.0,15,1.0,0.0,21.67
2026-07-25 00:20:35,032,SCN1A6J_019_740_14,0,0.0,15,1.0,0.0,21.65
2026-07-25 00:30:38,032,SCN1A6J_019_740_14,0,0.0,15,1.0,0.0,21.62
2026-07-25 00:40:41,032,SCN1A6J_019_740_14,0,0.0,15,1.0,0.0,21.6
2026-07-25 00:50:44,032,SCN1A6J_019_740_14,96,0.159,5,0.676,0.0,21.67
2026-07-25 01:01:15,032,SCN1A6J_019_740_14,119,0.199,3,0.502,0.0,21.91
2026-07-25 01:11:19,032,SCN1A6J_019_740_14,29,0.048,11,0.938,0.0,21.89
2026-07-25 01:21:22,032,SCN1A6J_019_740_14,15,0.025,14,0.974,0.0,21.85
2026-07-25 01:31:24,032,SCN1A6J_019_740_14,0,0.0,15,1.0,0.0,21.79
2026-07-25 01:41:27,032,SCN1A6J_019_740_14,0,0.0,15,1.0,0.0,21.73
2026-07-25 01:51:30,032,SCN1A6J_019_740_14,72,0.12,8,0.816,0.0,21.78
2026-07-25 02:01:33,032,SCN1A6J_019_740_14,0,0.0,15,1.0,0.0,21.74
2026-07-25 02:11:36,032,SCN1A6J_019_740_14,0,0.0,15,1.0,0.0,21.69
2026-07-25 02:21:39,032,SCN1A6J_019_740_14,0,0.0,15,1.0,0.0,21.64
2026-07-25 02:31:42,032,SCN1A6J_019_740_14,0,0.0,15,1.0,0.0,21.6
2026-07-25 02:41:44,032,SCN1A6J_019_740_14,0,0.0,15,1.0,0.0,21.57
2026-07-25 02:51:47,032,SCN1A6J_019_740_14,46,0.077,10,0.897,0.0,21.58
2026-07-25 03:01:50,032,SCN1A6J_019_740_14,13,0.022,13,0.976,0.0,21.6
2026-07-25 03:11:53,032,SCN1A6J_019_740_14,40,0.067,14,0.933,0.0,21.62
2026-07-25 03:21:56,032,SCN1A6J_019_740_14,0,0.0,15,1.0,0.0,21.6
2026-07-25 03:31:59,032,SCN1A6J_019_740_14,0,0.0,15,1.0,0.0,21.57
2026-07-25 03:42:02,032,SCN1A6J_019_740_14,0,0.0,15,1.0,0.0,21.53
2026-07-25 03:52:05,032,SCN1A6J_019_740_14,0,0.0,15,1.0,0.0,21.5
2026-07-25 04:02:08,032,SCN1A6J_019_740_14,0,0.0,15,1.0,0.0,21.49
2026-07-25 04:12:11,032,SCN1A6J_019_740_14,6,0.01,14,0.989,0.0,21.48
2026-07-25 04:22:14,032,SCN1A6J_019_740_14,41,0.068,11,0.915,0.0,21.53
2026-07-25 04:32:17,032,SCN1A6J_019_740_14,0,0.0,15,1.0,0.0,21.5
2026-07-25 04:42:20,032,SCN1A6J_019_740_14,0,0.0,15,1.0,0.0,21.47
2026-07-25 04:52:23,032,SCN1A6J_019_740_14,0,0.0,15,1.0,0.0,21.44
2026-07-25 05:02:46,032,SCN1A6J_019_740_14,80,0.134,7,0.778,0.0,21.6
2026-07-25 05:12:50,032,SCN1A6J_019_740_14,1,0.002,15,0.998,0.0,21.56
2026-07-25 05:22:53,032,SCN1A6J_019_740_14,0,0.0,15,1.0,0.0,21.53
2026-07-25 05:32:56,032,SCN1A6J_019_740_14,7,0.012,14,0.988,0.0,21.5
2026-07-25 05:42:59,032,SCN1A6J_019_740_14,129,0.215,8,0.713,0.0,21.62
2026-07-25 05:53:02,032,SCN1A6J_019_740_14,0,0.0,15,1.0,0.0,21.6
2026-07-25 06:03:05,032,SCN1A6J_019_740_14,6,0.01,14,0.989,0.1584,21.59
2026-07-25 06:13:08,032,SCN1A6J_019_740_14,39,0.065,12,0.925,0.1368,21.63
2026-07-25 06:23:11,032,SCN1A6J_019_740_14,26,0.043,13,0.952,0.162,21.72
2026-07-25 06:33:14,032,SCN1A6J_019_740_14,0,0.0,15,1.0,0.1512,21.63
2026-07-25 06:43:17,032,SCN1A6J_019_740_14,0,0.0,15,1.0,0.1512,21.57
2026-07-25 06:53:21,032,SCN1A6J_019_740_14,0,0.0,15,1.0,0.1512,21.53
2026-07-25 07:03:24,032,SCN1A6J_019_740_14,0,0.0,15,1.0,0.1512,21.48
2026-07-25 07:13:27,032,SCN1A6J_019_740_14,0,0.0,15,1.0,0.1512,21.46
2026-07-25 07:23:30,032,SCN1A6J_019_740_14,0,0.0,15,1.0,0.1512,21.46
2026-07-25 07:33:33,032,SCN1A6J_019_740_14,0,0.0,15,1.0,0.1512,21.44
2026-07-25 07:43:36,032,SCN1A6J_019_740_14,0,0.0,15,1.0,0.1512,21.43
2026-07-25 07:53:38,032,SCN1A6J_019_740_14,13,0.022,14,0.977,0.1512,21.44
2026-07-25 08:03:41,032,SCN1A6J_019_740_14,0,0.0,15,1.0,0.1512,21.43
2026-07-25 08:13:44,032,SCN1A6J_019_740_14,0,0.0,15,1.0,0.1512,21.43
2026-07-25 08:23:48,032,SCN1A6J_019_740_14,0,0.0,15,1.0,0.1512,21.42
2026-07-25 08:33:50,032,SCN1A6J_019_740_14,0,0.0,15,1.0,0.1512,21.42
2026-07-25 08:43:54,032,SCN1A6J_019_740_14,0,0.0,15,1.0,0.1512,21.41
2026-07-25 08:53:57,032,SCN1A6J_019_740_14,5,0.008,14,0.991,0.1512,21.42
2026-07-25 09:04:23,032,SCN1A6J_019_740_14,0,0.0,15,1.0,0.1512,21.48
2026-07-25 09:14:26,032,SCN1A6J_019_740_14,0,0.0,15,1.0,0.1512,21.45
2026-07-25 09:24:30,032,SCN1A6J_019_740_14,0,0.0,15,1.0,0.1512,21.45
2026-07-25 09:34:33,032,SCN1A6J_019_740_14,0,0.0,15,1.0,0.1512,21.44
2026-07-25 09:44:36,032,SCN1A6J_019_740_14,0,0.0,15,1.0,0.1512,21.42
2026-07-25 09:54:39,032,SCN1A6J_019_740_14,0,0.0,15,1.0,0.1728,21.42
2026-07-25 10:04:42,032,SCN1A6J_019_740_14,0,0.0,15,1.0,0.1728,21.42
2026-07-25 10:14:44,032,SCN1A6J_019_740_14,0,0.0,15,1.0,0.1512,21.4
2026-07-25 10:24:48,032,SCN1A6J_019_740_14,0,0.0,15,1.0,0.1512,21.39
2026-07-25 10:34:50,032,SCN1A6J_019_740_14,0,0.0,15,1.0,0.1512,21.39
2026-07-25 10:44:54,032,SCN1A6J_019_740_14,41,0.068,11,0.915,0.1692,21.41
2026-07-25 10:54:57,032,SCN1A6J_019_740_14,0,0.0,15,1.0,0.162,21.4
2026-07-25 11:04:59,032,SCN1A6J_019_740_14,0,0.0,15,1.0,0.1512,21.37
2026-07-25 11:15:03,032,SCN1A6J_019_740_14,0,0.0,15,1.0,0.1512,21.37
2026-07-25 11:25:06,032,SCN1A6J_019_740_14,0,0.0,15,1.0,0.162,21.36
2026-07-25 11:35:08,032,SCN1A6J_019_740_14,0,0.0,15,1.0,0.162,21.34
2026-07-25 11:45:11,032,SCN1A6J_019_740_14,0,0.0,15,1.0,0.162,21.34
2026-07-25 11:55:14,032,SCN1A6J_019_740_14,0,0.0,15,1.0,0.162,21.34
2026-07-25 12:05:17,032,SCN1A6J_019_740_14,28,0.047,13,0.949,0.1692,21.41
2026-07-25 12:15:19,032,SCN1A6J_019_740_14,0,0.0,15,1.0,0.162,21.39
2026-07-25 12:25:22,032,SCN1A6J_019_740_14,0,0.0,15,1.0,0.162,21.4
2026-07-25 12:35:25,032,SCN1A6J_019_740_14,0,0.0,15,1.0,0.1656,21.39
2026-07-25 12:45:28,032,SCN1A6J_019_740_14,0,0.0,15,1.0,0.162,21.39
2026-07-25 12:55:31,032,SCN1A6J_019_740_14,0,0.0,15,1.0,0.1512,21.39
2026-07-25 13:05:45,032,SCN1A6J_019_740_14,0,0.0,15,1.0,0.162,21.41
2026-07-25 13:15:49,032,SCN1A6J_019_740_14,0,0.0,15,1.0,0.1692,21.39
2026-07-25 13:25:52,032,SCN1A6J_019_740_14,0,0.0,15,1.0,0.162,21.39
2026-07-25 13:35:55,032,SCN1A6J_019_740_14,0,0.0,15,1.0,0.162,21.38
2026-07-25 13:45:59,032,SCN1A6J_019_740_14,0,0.0,15,1.0,0.1512,21.37
2026-07-25 13:56:02,032,SCN1A6J_019_740_14,0,0.0,15,1.0,0.1512,21.37
2026-07-25 14:06:05,032,SCN1A6J_019_740_14,0,0.0,15,1.0,0.162,21.37
2026-07-25 14:16:08,032,SCN1A6J_019_740_14,0,0.0,15,1.0,0.1512,21.37
2026-07-25 14:26:11,032,SCN1A6J_019_740_14,0,0.0,15,1.0,0.1512,21.37
2026-07-25 14:36:15,032,SCN1A6J_019_740_14,0,0.0,15,1.0,0.162,21.36
2026-07-25 14:46:18,032,SCN1A6J_019_740_14,0,0.0,15,1.0,0.162,21.37
2026-07-25 14:56:21,032,SCN1A6J_019_740_14,0,0.0,15,1.0,0.1512,21.37
2026-07-25 15:06:24,032,SCN1A6J_019_740_14,36,0.06,13,0.935,0.1512,21.41
2026-07-25 15:16:27,032,SCN1A6J_019_740_14,0,0.0,15,1.0,0.1512,21.41
2026-07-25 15:26:30,032,SCN1A6J_019_740_14,0,0.0,15,1.0,0.1512,21.42
2026-07-25 15:36:33,032,SCN1A6J_019_740_14,0,0.0,15,1.0,0.1512,21.41
2026-07-25 15:46:37,032,SCN1A6J_019_740_14,0,0.0,15,1.0,0.1512,21.4
2026-07-25 15:56:40,032,SCN1A6J_019_740_14,0,0.0,15,1.0,0.1512,21.4
2026-07-25 16:06:44,032,SCN1A6J_019_740_14,0,0.0,15,1.0,0.1512,21.4
2026-07-25 16:16:47,032,SCN1A6J_019_740_14,29,0.048,11,0.938,0.1404,21.46
2026-07-25 16:26:50,032,SCN1A6J_019_740_14,0,0.0,15,1.0,0.1512,21.46
2026-07-25 16:36:53,032,SCN1A6J_019_740_14,0,0.0,15,1.0,0.1512,21.44
2026-07-25 16:46:57,032,SCN1A6J_019_740_14,0,0.0,15,1.0,0.1512,21.43
2026-07-25 16:57:00,032,SCN1A6J_019_740_14,0,0.0,15,1.0,0.1368,21.43
2026-07-25 17:07:30,032,SCN1A6J_019_740_14,0,0.0,15,1.0,0.1584,21.52
2026-07-25 17:17:32,032,SCN1A6J_019_740_14,0,0.0,15,1.0,0.162,21.48
2026-07-25 17:27:35,032,SCN1A6J_019_740_14,0,0.0,15,1.0,0.162,21.48
2026-07-25 17:37:39,032,SCN1A6J_019_740_14,0,0.0,15,1.0,0.162,21.46
2026-07-25 17:47:42,032,SCN1A6J_019_740_14,15,0.025,13,0.972,0.144,21.47
2026-07-25 17:57:45,032,SCN1A6J_019_740_14,17,0.028,14,0.971,0.1512,21.48
2026-07-25 18:07:48,032,SCN1A6J_019_740_14,0,0.0,15,1.0,0.0,21.46
2026-07-25 18:17:51,032,SCN1A6J_019_740_14,98,0.163,7,0.741,0.0,21.58
2026-07-25 18:27:54,032,SCN1A6J_019_740_14,95,0.158,6,0.716,0.0,21.71
2026-07-25 18:37:58,032,SCN1A6J_019_740_14,17,0.028,14,0.971,0.0,21.69
2026-07-25 18:48:01,032,SCN1A6J_019_740_14,0,0.0,15,1.0,0.0,21.65
2026-07-25 18:58:04,032,SCN1A6J_019_740_14,7,0.012,14,0.988,0.0,21.64
2026-07-25 19:08:07,032,SCN1A6J_019_740_14,39,0.065,11,0.919,0.0,21.66
2026-07-25 19:18:10,032,SCN1A6J_019_740_14,0,0.0,15,1.0,0.0,21.62
2026-07-25 19:28:13,032,SCN1A6J_019_740_14,0,0.0,15,1.0,0.0,21.6
2026-07-25 19:38:17,032,SCN1A6J_019_740_14,0,0.0,15,1.0,0.0,21.57
2026-07-25 19:48:20,032,SCN1A6J_019_740_14,0,0.0,15,1.0,0.0,21.55
2026-07-25 19:58:23,032,SCN1A6J_019_740_14,0,0.0,15,1.0,0.0,21.53
2026-07-25 20:08:26,032,SCN1A6J_019_740_14,53,0.088,9,0.872,0.0,21.61
2026-07-25 20:18:30,032,SCN1A6J_019_740_14,116,0.193,6,0.674,0.0,21.7
2026-07-25 20:28:33,032,SCN1A6J_019_740_14,18,0.03,12,0.964,0.0,21.69
2026-07-25 20:38:36,032,SCN1A6J_019_740_14,0,0.0,15,1.0,0.0,21.64
2026-07-25 20:48:38,032,SCN1A6J_019_740_14,0,0.0,15,1.0,0.0,21.59
2026-07-25 20:58:41,032,SCN1A6J_019_740_14,0,0.0,15,1.0,0.0,21.59
2026-07-25 21:09:18,032,SCN1A6J_019_740_14,0,0.0,15,1.0,0.0,21.64
2026-07-25 21:19:21,032,SCN1A6J_019_740_14,0,0.0,15,1.0,0.0,21.59
2026-07-25 21:29:24,032,SCN1A6J_019_740_14,5,0.008,14,0.991,0.0,21.55
2026-07-25 21:39:27,032,SCN1A6J_019_740_14,103,0.171,4,0.608,0.0,21.81
2026-07-25 21:49:29,032,SCN1A6J_019_740_14,105,0.175,5,0.656,0.0,22.11
2026-07-25 21:59:32,032,SCN1A6J_019_740_14,71,0.118,10,0.849,0.0,21.99
2026-07-25 22:09:34,032,SCN1A6J_019_740_14,0,0.0,15,1.0,0.0,21.85
2026-07-25 22:19:37,032,SCN1A6J_019_740_14,0,0.0,15,1.0,0.0,21.74
2026-07-25 22:29:40,032,SCN1A6J_019_740_14,0,0.0,15,1.0,0.0,21.66
2026-07-25 22:39:42,032,SCN1A6J_019_740_14,0,0.0,15,1.0,0.0,21.6
2026-07-25 22:49:45,032,SCN1A6J_019_740_14,95,0.158,7,0.747,0.0,21.75
2026-07-25 22:59:48,032,SCN1A6J_019_740_14,117,0.194,2,0.406,0.0,21.97
2026-07-25 23:09:51,032,SCN1A6J_019_740_14,13,0.022,14,0.977,0.0,21.86
2026-07-25 23:19:54,032,SCN1A6J_019_740_14,0,0.0,15,1.0,0.0,21.78
2026-07-25 23:29:57,032,SCN1A6J_019_740_14,0,0.0,15,1.0,0.0,21.71
2026-07-25 23:40:00,032,SCN1A6J_019_740_14,0,0.0,15,1.0,0.0,21.64
2026-07-25 23:50:03,032,SCN1A6J_019_740_14,0,0.0,15,1.0,0.0,21.58
2026-07-26 00:00:06,032,SCN1A6J_019_740_14,39,0.065,12,0.925,0.0,21.63
2026-07-26 00:10:09,032,SCN1A6J_019_740_14,0,0.0,15,1.0,0.0,21.57
2026-07-26 00:20:12,032,SCN1A6J_019_740_14,17,0.028,14,0.971,0.0,21.58
2026-07-26 00:30:15,032,SCN1A6J_019_740_14,18,0.03,12,0.964,0.0,21.59
2026-07-26 00:40:17,032,SCN1A6J_019_740_14,0,0.0,15,1.0,0.0,21.56
2026-07-26 00:50:20,032,SCN1A6J_019_740_14,0,0.0,15,1.0,0.0,21.49
2026-07-26 01:00:23,032,SCN1A6J_019_740_14,0,0.0,15,1.0,0.0,21.47
2026-07-26 01:11:06,032,SCN1A6J_019_740_14,0,0.0,15,1.0,0.0,21.55
2026-07-26 01:21:10,032,SCN1A6J_019_740_14,87,0.145,8,0.786,0.0,21.69
2026-07-26 01:31:13,032,SCN1A6J_019_740_14,72,0.12,7,0.795,0.0,22.02
2026-07-26 01:41:16,032,SCN1A6J_019_740_14,52,0.087,8,0.86,0.0,21.9
2026-07-26 01:51:19,032,SCN1A6J_019_740_14,23,0.038,13,0.958,0.0,21.82
2026-07-26 02:01:21,032,SCN1A6J_019_740_14,0,0.0,15,1.0,0.0,21.72
2026-07-26 02:11:25,032,SCN1A6J_019_740_14,0,0.0,15,1.0,0.0,21.65
2026-07-26 02:21:28,032,SCN1A6J_019_740_14,0,0.0,15,1.0,0.0,21.58
2026-07-26 02:31:31,032,SCN1A6J_019_740_14,0,0.0,15,1.0,0.0,21.51
2026-07-26 02:41:35,032,SCN1A6J_019_740_14,0,0.0,15,1.0,0.0,21.48
2026-07-26 02:51:37,032,SCN1A6J_019_740_14,0,0.0,15,1.0,0.0,21.45
2026-07-26 03:01:40,032,SCN1A6J_019_740_14,0,0.0,15,1.0,0.0,21.43
2026-07-26 03:11:44,032,SCN1A6J_019_740_14,0,0.0,15,1.0,0.0,21.4
2026-07-26 03:21:47,032,SCN1A6J_019_740_14,0,0.0,15,1.0,0.0,21.4
2026-07-26 03:31:50,032,SCN1A6J_019_740_14,12,0.02,14,0.979,0.0,21.4
2026-07-26 03:41:53,032,SCN1A6J_019_740_14,0,0.0,15,1.0,0.0,21.38
2026-07-26 03:51:56,032,SCN1A6J_019_740_14,0,0.0,15,1.0,0.0,21.39
2026-07-26 04:01:59,032,SCN1A6J_019_740_14,29,0.048,12,0.943,0.0,21.43
2026-07-26 04:12:02,032,SCN1A6J_019_740_14,20,0.033,12,0.96,0.0,21.47
2026-07-26 04:22:06,032,SCN1A6J_019_740_14,125,0.208,6,0.658,0.0,21.6
2026-07-26 04:32:09,032,SCN1A6J_019_740_14,48,0.08,11,0.902,0.0,21.65
2026-07-26 04:42:12,032,SCN1A6J_019_740_14,0,0.0,15,1.0,0.0,21.58
2026-07-26 04:52:15,032,SCN1A6J_019_740_14,0,0.0,15,1.0,0.0,21.53
2026-07-26 05:02:18,032,SCN1A6J_019_740_14,0,0.0,15,1.0,0.0,21.47
2026-07-26 05:12:46,032,SCN1A6J_019_740_14,0,0.0,15,1.0,0.0,21.49
2026-07-26 05:22:49,032,SCN1A6J_019_740_14,43,0.071,9,0.893,0.0,21.54
2026-07-26 05:32:52,032,SCN1A6J_019_740_14,98,0.163,6,0.71,0.0,21.64
2026-07-26 05:42:55,032,SCN1A6J_019_740_14,55,0.092,9,0.867,0.0,21.67
2026-07-26 05:52:57,032,SCN1A6J_019_740_14,0,0.0,15,1.0,0.0,21.59
2026-07-26 06:03:00,032,SCN1A6J_019_740_14,0,0.0,15,1.0,0.1584,21.53
2026-07-26 06:13:03,032,SCN1A6J_019_740_14,0,0.0,15,1.0,0.1584,21.47
2026-07-26 06:23:06,032,SCN1A6J_019_740_14,0,0.0,15,1.0,0.162,21.43
2026-07-26 06:33:10,032,SCN1A6J_019_740_14,0,0.0,15,1.0,0.162,21.4
2026-07-26 06:43:13,032,SCN1A6J_019_740_14,0,0.0,15,1.0,0.1512,21.38
2026-07-26 06:53:15,032,SCN1A6J_019_740_14,0,0.0,15,1.0,0.1512,21.37
2026-07-26 07:03:18,032,SCN1A6J_019_740_14,0,0.0,15,1.0,0.162,21.35
2026-07-26 07:13:21,032,SCN1A6J_019_740_14,0,0.0,15,1.0,0.1512,21.34
2026-07-26 07:23:24,032,SCN1A6J_019_740_14,0,0.0,15,1.0,0.162,21.34
2026-07-26 07:33:26,032,SCN1A6J_019_740_14,0,0.0,15,1.0,0.1512,21.34
2026-07-26 07:43:29,032,SCN1A6J_019_740_14,0,0.0,15,1.0,0.1512,21.33
2026-07-26 07:53:32,032,SCN1A6J_019_740_14,0,0.0,15,1.0,0.1512,21.34
2026-07-26 08:03:36,032,SCN1A6J_019_740_14,0,0.0,15,1.0,0.162,21.34
2026-07-26 08:13:38,032,SCN1A6J_019_740_14,21,0.035,13,0.961,0.1512,21.39
2026-07-26 08:23:42,032,SCN1A6J_019_740_14,0,0.0,15,1.0,0.1584,21.38
2026-07-26 08:33:45,032,SCN1A6J_019_740_14,0,0.0,15,1.0,0.162,21.37
2026-07-26 08:43:48,032,SCN1A6J_019_740_14,0,0.0,15,1.0,0.162,21.38
2026-07-26 08:53:51,032,SCN1A6J_019_740_14,0,0.0,15,1.0,0.162,21.38
2026-07-26 09:03:54,032,SCN1A6J_019_740_14,0,0.0,15,1.0,0.162,21.37
2026-07-26 09:14:27,032,SCN1A6J_019_740_14,0,0.0,15,1.0,0.1584,21.45
2026-07-26 09:24:30,032,SCN1A6J_019_740_14,0,0.0,15,1.0,0.324,21.41
2026-07-26 09:34:33,032,SCN1A6J_019_740_14,0,0.0,15,1.0,0.3456,21.43
2026-07-26 09:44:36,032,SCN1A6J_019_740_14,0,0.0,15,1.0,0.3456,21.48
2026-07-26 09:54:39,032,SCN1A6J_019_740_14,0,0.0,15,1.0,0.1728,21.53
2026-07-26 10:04:42,032,SCN1A6J_019_740_14,0,0.0,15,1.0,0.1836,21.53
2026-07-26 10:14:45,032,SCN1A6J_019_740_14,0,0.0,15,1.0,0.1512,21.54
2026-07-26 10:24:48,032,SCN1A6J_019_740_14,0,0.0,15,1.0,0.1512,21.53
2026-07-26 10:34:52,032,SCN1A6J_019_740_14,20,0.033,14,0.966,0.1512,21.57
2026-07-26 10:44:54,032,SCN1A6J_019_740_14,0,0.0,15,1.0,0.1512,21.57
2026-07-26 10:54:58,032,SCN1A6J_019_740_14,0,0.0,15,1.0,0.1512,21.56
2026-07-26 11:05:01,032,SCN1A6J_019_740_14,0,0.0,15,1.0,0.1512,21.56
2026-07-26 11:15:04,032,SCN1A6J_019_740_14,0,0.0,15,1.0,0.1512,21.55
2026-07-26 11:25:07,032,SCN1A6J_019_740_14,0,0.0,15,1.0,0.1512,21.53
2026-07-26 11:35:10,032,SCN1A6J_019_740_14,0,0.0,15,1.0,0.1512,21.51
2026-07-26 11:45:13,032,SCN1A6J_019_740_14,0,0.0,15,1.0,0.1512,21.5
2026-07-26 11:55:17,032,SCN1A6J_019_740_14,0,0.0,15,1.0,0.1512,21.5
2026-07-26 12:05:20,032,SCN1A6J_019_740_14,0,0.0,15,1.0,0.1512,21.5
2026-07-26 12:15:23,032,SCN1A6J_019_740_14,0,0.0,15,1.0,0.1512,21.49
2026-07-26 12:25:26,032,SCN1A6J_019_740_14,0,0.0,15,1.0,0.1512,21.49
2026-07-26 12:35:29,032,SCN1A6J_019_740_14,0,0.0,15,1.0,0.1512,21.51
2026-07-26 12:45:33,032,SCN1A6J_019_740_14,37,0.061,11,0.922,0.162,21.58
2026-07-26 12:55:36,032,SCN1A6J_019_740_14,0,0.0,15,1.0,0.1512,21.56
2026-07-26 13:05:40,032,SCN1A6J_019_740_14,0,0.0,15,1.0,0.1512,21.54
2026-07-26 13:16:11,032,SCN1A6J_019_740_14,0,0.0,15,1.0,0.162,21.6
2026-07-26 13:26:14,032,SCN1A6J_019_740_14,0,0.0,15,1.0,0.1836,21.57
2026-07-26 13:36:17,032,SCN1A6J_019_740_14,0,0.0,15,1.0,0.1836,21.54
2026-07-26 13:46:20,032,SCN1A6J_019_740_14,0,0.0,15,1.0,0.1512,21.53
2026-07-26 13:56:23,032,SCN1A6J_019_740_14,0,0.0,15,1.0,0.1368,21.51
2026-07-26 14:06:27,032,SCN1A6J_019_740_14,0,0.0,15,1.0,0.1512,21.54
2026-07-26 14:16:30,032,SCN1A6J_019_740_14,0,0.0,15,1.0,0.162,21.54
2026-07-26 14:26:33,032,SCN1A6J_019_740_14,0,0.0,15,1.0,0.1908,21.53
2026-07-26 14:36:36,032,SCN1A6J_019_740_14,0,0.0,15,1.0,0.1908,21.53
2026-07-26 14:46:40,032,SCN1A6J_019_740_14,0,0.0,15,1.0,0.1872,21.5
2026-07-26 14:56:43,032,SCN1A6J_019_740_14,0,0.0,15,1.0,0.1872,21.48
2026-07-26 15:06:46,032,SCN1A6J_019_740_14,0,0.0,15,1.0,0.1872,21.46
2026-07-26 15:16:50,032,SCN1A6J_019_740_14,0,0.0,15,1.0,0.1872,21.44
2026-07-26 15:26:52,032,SCN1A6J_019_740_14,0,0.0,15,1.0,0.1872,21.42
2026-07-26 15:36:56,032,SCN1A6J_019_740_14,0,0.0,15,1.0,0.1872,21.38
2026-07-26 15:46:58,032,SCN1A6J_019_740_14,17,0.028,13,0.968,0.18,21.39
2026-07-26 15:57:02,032,SCN1A6J_019_740_14,0,0.0,15,1.0,0.18,21.37
2026-07-26 16:07:05,032,SCN1A6J_019_740_14,0,0.0,15,1.0,0.18,21.35
2026-07-26 16:17:08,032,SCN1A6J_019_740_14,0,0.0,15,1.0,0.18,21.32
2026-07-26 16:27:11,032,SCN1A6J_019_740_14,0,0.0,15,1.0,0.18,21.3
2026-07-26 16:37:14,032,SCN1A6J_019_740_14,0,0.0,15,1.0,0.18,21.3
2026-07-26 16:47:17,032,SCN1A6J_019_740_14,0,0.0,15,1.0,0.1584,21.3
2026-07-26 16:57:20,032,SCN1A6J_019_740_14,0,0.0,15,1.0,0.1584,21.3
2026-07-26 17:07:22,032,SCN1A6J_019_740_14,42,0.07,11,0.913,0.1548,21.45
2026-07-26 17:17:46,032,SCN1A6J_019_740_14,104,0.174,5,0.658,0.1584,21.65
2026-07-26 17:27:49,032,SCN1A6J_019_740_14,0,0.0,15,1.0,0.1584,21.58
2026-07-26 17:37:52,032,SCN1A6J_019_740_14,0,0.0,15,1.0,0.1584,21.55
2026-07-26 17:47:55,032,SCN1A6J_019_740_14,0,0.0,15,1.0,0.1584,21.52
2026-07-26 17:57:58,032,SCN1A6J_019_740_14,0,0.0,15,1.0,0.1584,21.5
2026-07-26 18:08:01,032,SCN1A6J_019_740_14,42,0.07,10,0.905,0.0,21.58
2026-07-26 18:18:03,032,SCN1A6J_019_740_14,89,0.148,7,0.759,0.0,21.79
2026-07-26 18:28:07,032,SCN1A6J_019_740_14,24,0.04,12,0.952,0.0,21.8
2026-07-26 18:38:10,032,SCN1A6J_019_740_14,0,0.0,15,1.0,0.0,21.75
2026-07-26 18:48:13,032,SCN1A6J_019_740_14,0,0.0,15,1.0,0.0,21.71
2026-07-26 18:58:17,032,SCN1A6J_019_740_14,0,0.0,15,1.0,0.0,21.68
2026-07-26 19:08:20,032,SCN1A6J_019_740_14,120,0.2,2,0.4,0.0,21.98
2026-07-26 19:18:23,032,SCN1A6J_019_740_14,29,0.048,12,0.943,0.0,21.95
2026-07-26 19:28:26,032,SCN1A6J_019_740_14,0,0.0,15,1.0,0.0,21.85
2026-07-26 19:38:29,032,SCN1A6J_019_740_14,0,0.0,15,1.0,0.0,21.79
2026-07-26 19:48:32,032,SCN1A6J_019_740_14,0,0.0,15,1.0,0.0,21.73
2026-07-26 19:58:35,032,SCN1A6J_019_740_14,22,0.037,13,0.959,0.0,21.79
2026-07-26 20:08:38,032,SCN1A6J_019_740_14,14,0.023,12,0.972,0.0,21.81
2026-07-26 20:18:42,032,SCN1A6J_019_740_14,0,0.0,15,1.0,0.0,21.76
2026-07-26 20:28:45,032,SCN1A6J_019_740_14,28,0.047,10,0.935,0.0,21.84
2026-07-26 20:38:48,032,SCN1A6J_019_740_14,0,0.0,15,1.0,0.0,21.78
2026-07-26 20:48:51,032,SCN1A6J_019_740_14,0,0.0,15,1.0,0.0,21.73
2026-07-26 20:58:54,032,SCN1A6J_019_740_14,0,0.0,15,1.0,0.0,21.69
2026-07-26 21:08:56,032,SCN1A6J_019_740_14,14,0.023,14,0.976,0.0,21.64
2026-07-26 21:19:31,032,SCN1A6J_019_740_14,48,0.08,9,0.882,0.0,21.88
2026-07-26 21:29:35,032,SCN1A6J_019_740_14,60,0.1,7,0.824,0.0,22.13
2026-07-26 21:39:38,032,SCN1A6J_019_740_14,41,0.068,9,0.898,0.0,22.02
2026-07-26 21:49:41,032,SCN1A6J_019_740_14,10,0.017,13,0.981,0.0,21.96
2026-07-26 21:59:44,032,SCN1A6J_019_740_14,22,0.037,12,0.956,0.0,21.9
2026-07-26 22:09:47,032,SCN1A6J_019_740_14,61,0.101,11,0.878,0.0,21.92
2026-07-26 22:19:50,032,SCN1A6J_019_740_14,39,0.065,10,0.911,0.0,22.03
2026-07-26 22:29:53,032,SCN1A6J_019_740_14,0,0.0,15,1.0,0.0,21.9
2026-07-26 22:39:57,032,SCN1A6J_019_740_14,44,0.073,8,0.879,0.0,21.88
2026-07-26 22:50:00,032,SCN1A6J_019_740_14,0,0.0,15,1.0,0.0,21.82
2026-07-26 23:00:03,032,SCN1A6J_019_740_14,0,0.0,15,1.0,0.0,21.78
2026-07-26 23:10:06,032,SCN1A6J_019_740_14,32,0.053,11,0.932,0.0,21.81
2026-07-26 23:20:09,032,SCN1A6J_019_740_14,18,0.03,12,0.964,0.0,21.82
2026-07-26 23:30:12,032,SCN1A6J_019_740_14,0,0.0,15,1.0,0.0,21.77
2026-07-26 23:40:16,032,SCN1A6J_019_740_14,0,0.0,15,1.0,0.0,21.73
2026-07-26 23:50:19,032,SCN1A6J_019_740_14,0,0.0,15,1.0,0.0,21.68
2026-07-25 00:06:53,034,SCN1A6J_019_740_17,0,0.0,14,1.0,0.0,21.72
2026-07-25 00:16:55,034,SCN1A6J_019_740_17,0,0.0,14,1.0,0.0,21.68
2026-07-25 00:26:57,034,SCN1A6J_019_740_17,36,0.06,11,0.924,0.0,21.68
2026-07-25 00:37:00,034,SCN1A6J_019_740_17,126,0.21,8,0.717,0.0,21.74
2026-07-25 00:47:36,034,SCN1A6J_019_740_17,0,0.0,14,1.0,0.0,21.76
2026-07-25 00:57:38,034,SCN1A6J_019_740_17,0,0.0,14,1.0,0.0,21.68
2026-07-25 01:07:41,034,SCN1A6J_019_740_17,19,0.032,13,0.965,0.0,21.65
2026-07-25 01:17:43,034,SCN1A6J_019_740_17,51,0.085,10,0.887,0.0,21.66
2026-07-25 01:27:46,034,SCN1A6J_019_740_17,134,0.223,8,0.705,0.0,21.72
2026-07-25 01:37:49,034,SCN1A6J_019_740_17,59,0.098,10,0.871,0.0,21.72
2026-07-25 01:47:51,034,SCN1A6J_019_740_17,35,0.058,10,0.92,0.0,21.71
2026-07-25 01:57:54,034,SCN1A6J_019_740_17,81,0.135,8,0.798,0.0,21.77
2026-07-25 02:07:57,034,SCN1A6J_019_740_17,1,0.002,14,0.998,0.0,21.72
2026-07-25 02:17:59,034,SCN1A6J_019_740_17,0,0.0,14,1.0,0.0,21.66
2026-07-25 02:28:02,034,SCN1A6J_019_740_17,0,0.0,14,1.0,0.0,21.59
2026-07-25 02:38:04,034,SCN1A6J_019_740_17,0,0.0,15,1.0,0.0,21.54
2026-07-25 02:48:07,034,SCN1A6J_019_740_17,18,0.03,13,0.967,0.0,21.5
2026-07-25 02:58:10,034,SCN1A6J_019_740_17,71,0.118,11,0.861,0.0,21.56
2026-07-25 03:08:13,034,SCN1A6J_019_740_17,0,0.0,14,1.0,0.0,21.53
2026-07-25 03:18:15,034,SCN1A6J_019_740_17,0,0.0,14,1.0,0.0,21.49
2026-07-25 03:28:18,034,SCN1A6J_019_740_17,0,0.0,15,1.0,0.0,21.46
2026-07-25 03:38:21,034,SCN1A6J_019_740_17,0,0.0,15,1.0,0.0,21.44
2026-07-25 03:48:24,034,SCN1A6J_019_740_17,45,0.075,9,0.889,0.0,21.47
2026-07-25 03:58:26,034,SCN1A6J_019_740_17,184,0.306,4,0.465,0.0,21.63
2026-07-25 04:08:29,034,SCN1A6J_019_740_17,9,0.015,12,0.982,0.0,21.63
2026-07-25 04:18:33,034,SCN1A6J_019_740_17,26,0.043,13,0.952,0.0,21.62
2026-07-25 04:28:34,034,SCN1A6J_019_740_17,0,0.0,14,1.0,0.0,21.57
2026-07-25 04:38:37,034,SCN1A6J_019_740_17,0,0.0,14,1.0,0.0,21.51
2026-07-25 04:48:58,034,SCN1A6J_019_740_17,0,0.0,14,1.0,0.0,21.51
2026-07-25 04:59:01,034,SCN1A6J_019_740_17,0,0.0,15,1.0,0.0,21.45
2026-07-25 05:09:04,034,SCN1A6J_019_740_17,0,0.0,15,1.0,0.0,21.42
2026-07-25 05:19:07,034,SCN1A6J_019_740_17,0,0.0,15,1.0,0.0,21.39
2026-07-25 05:29:10,034,SCN1A6J_019_740_17,0,0.0,15,1.0,0.0,21.38
2026-07-25 05:39:12,034,SCN1A6J_019_740_17,0,0.0,15,1.0,0.0,21.36
2026-07-25 05:49:16,034,SCN1A6J_019_740_17,33,0.055,12,0.936,0.0,21.39
2026-07-25 05:59:19,034,SCN1A6J_019_740_17,41,0.068,10,0.907,0.0,21.42
2026-07-25 06:09:22,034,SCN1A6J_019_740_17,29,0.048,10,0.932,0.4932,21.46
2026-07-25 06:19:25,034,SCN1A6J_019_740_17,0,0.0,15,1.0,0.4824,21.48
2026-07-25 06:29:28,034,SCN1A6J_019_740_17,0,0.0,15,1.0,0.4824,21.47
2026-07-25 06:39:30,034,SCN1A6J_019_740_17,0,0.0,14,1.0,0.4824,21.44
2026-07-25 06:49:33,034,SCN1A6J_019_740_17,0,0.0,14,1.0,0.4824,21.43
2026-07-25 06:59:35,034,SCN1A6J_019_740_17,0,0.0,14,1.0,0.4824,21.43
2026-07-25 07:09:38,034,SCN1A6J_019_740_17,0,0.0,15,1.0,0.4824,21.4
2026-07-25 07:19:41,034,SCN1A6J_019_740_17,0,0.0,15,1.0,0.4824,21.39
2026-07-25 07:29:44,034,SCN1A6J_019_740_17,0,0.0,15,1.0,0.468,21.39
2026-07-25 07:39:47,034,SCN1A6J_019_740_17,0,0.0,15,1.0,0.468,21.38
2026-07-25 07:49:49,034,SCN1A6J_019_740_17,0,0.0,14,1.0,0.4752,21.37
2026-07-25 07:59:52,034,SCN1A6J_019_740_17,8,0.013,14,0.986,0.468,21.38
2026-07-25 08:09:55,034,SCN1A6J_019_740_17,0,0.0,14,1.0,0.4752,21.39
2026-07-25 08:19:58,034,SCN1A6J_019_740_17,0,0.0,15,1.0,0.468,21.39
2026-07-25 08:30:00,034,SCN1A6J_019_740_17,0,0.0,14,1.0,0.468,21.39
2026-07-25 08:40:02,034,SCN1A6J_019_740_17,0,0.0,14,1.0,0.468,21.38
2026-07-25 08:50:27,034,SCN1A6J_019_740_17,0,0.0,14,1.0,0.468,21.42
2026-07-25 09:00:29,034,SCN1A6J_019_740_17,0,0.0,14,1.0,0.468,21.41
2026-07-25 09:10:31,034,SCN1A6J_019_740_17,15,0.025,14,0.974,0.468,21.41
2026-07-25 09:20:34,034,SCN1A6J_019_740_17,0,0.0,14,1.0,0.4716,21.41
2026-07-25 09:30:37,034,SCN1A6J_019_740_17,0,0.0,15,1.0,0.4716,21.41
2026-07-25 09:40:39,034,SCN1A6J_019_740_17,0,0.0,14,1.0,0.4608,21.4
2026-07-25 09:50:43,034,SCN1A6J_019_740_17,0,0.0,15,1.0,0.4932,21.4
2026-07-25 10:00:46,034,SCN1A6J_019_740_17,0,0.0,15,1.0,0.5184,21.38
2026-07-25 10:10:49,034,SCN1A6J_019_740_17,0,0.0,15,1.0,0.504,21.36
2026-07-25 10:20:52,034,SCN1A6J_019_740_17,0,0.0,14,1.0,0.504,21.33
2026-07-25 10:30:55,034,SCN1A6J_019_740_17,0,0.0,15,1.0,0.504,21.31
2026-07-25 10:40:58,034,SCN1A6J_019_740_17,0,0.0,15,1.0,0.504,21.29
2026-07-25 10:51:00,034,SCN1A6J_019_740_17,0,0.0,15,1.0,0.504,21.28
2026-07-25 11:01:03,034,SCN1A6J_019_740_17,0,0.0,14,1.0,0.504,21.26
2026-07-25 11:11:05,034,SCN1A6J_019_740_17,0,0.0,15,1.0,0.504,21.26
2026-07-25 11:21:07,034,SCN1A6J_019_740_17,0,0.0,14,1.0,0.504,21.23
2026-07-25 11:31:10,034,SCN1A6J_019_740_17,0,0.0,14,1.0,0.5112,21.23
2026-07-25 11:41:12,034,SCN1A6J_019_740_17,0,0.0,14,1.0,0.5112,21.25
2026-07-25 11:51:15,034,SCN1A6J_019_740_17,0,0.0,15,1.0,0.5112,21.25
2026-07-25 12:01:18,034,SCN1A6J_019_740_17,0,0.0,14,1.0,0.5112,21.25
2026-07-25 12:11:20,034,SCN1A6J_019_740_17,0,0.0,15,1.0,0.5112,21.25
2026-07-25 12:21:22,034,SCN1A6J_019_740_17,0,0.0,14,1.0,0.5112,21.25
2026-07-25 12:31:25,034,SCN1A6J_019_740_17,10,0.017,14,0.982,0.5112,21.26
2026-07-25 12:41:28,034,SCN1A6J_019_740_17,0,0.0,15,1.0,0.5184,21.27
2026-07-25 12:51:57,034,SCN1A6J_019_740_17,0,0.0,14,1.0,0.522,21.34
2026-07-25 13:01:59,034,SCN1A6J_019_740_17,0,0.0,14,1.0,0.522,21.32
2026-07-25 13:12:01,034,SCN1A6J_019_740_17,0,0.0,14,1.0,0.5292,21.31
2026-07-25 13:22:04,034,SCN1A6J_019_740_17,0,0.0,15,1.0,0.5184,21.3
2026-07-25 13:32:07,034,SCN1A6J_019_740_17,0,0.0,15,1.0,0.468,21.28
2026-07-25 13:42:10,034,SCN1A6J_019_740_17,0,0.0,15,1.0,0.4752,21.28
2026-07-25 13:52:13,034,SCN1A6J_019_740_17,0,0.0,15,1.0,0.486,21.28
2026-07-25 14:02:16,034,SCN1A6J_019_740_17,0,0.0,15,1.0,0.486,21.27
2026-07-25 14:12:18,034,SCN1A6J_019_740_17,0,0.0,14,1.0,0.486,21.28
2026-07-25 14:22:21,034,SCN1A6J_019_740_17,0,0.0,15,1.0,0.486,21.28
2026-07-25 14:32:23,034,SCN1A6J_019_740_17,31,0.052,12,0.939,0.486,21.31
2026-07-25 14:42:26,034,SCN1A6J_019_740_17,81,0.135,10,0.832,0.4716,21.34
2026-07-25 14:52:28,034,SCN1A6J_019_740_17,0,0.0,15,1.0,0.4716,21.35
2026-07-25 15:02:31,034,SCN1A6J_019_740_17,0,0.0,14,1.0,0.4716,21.34
2026-07-25 15:12:33,034,SCN1A6J_019_740_17,0,0.0,14,1.0,0.4608,21.32
2026-07-25 15:22:35,034,SCN1A6J_019_740_17,0,0.0,14,1.0,0.4716,21.31
2026-07-25 15:32:38,034,SCN1A6J_019_740_17,0,0.0,15,1.0,0.4608,21.32
2026-07-25 15:42:40,034,SCN1A6J_019_740_17,0,0.0,14,1.0,0.4608,21.3
2026-07-25 15:52:43,034,SCN1A6J_019_740_17,0,0.0,14,1.0,0.4716,21.31
2026-07-25 16:02:45,034,SCN1A6J_019_740_17,0,0.0,14,1.0,0.4608,21.29
2026-07-25 16:12:47,034,SCN1A6J_019_740_17,0,0.0,14,1.0,0.4752,21.31
2026-07-25 16:22:49,034,SCN1A6J_019_740_17,0,0.0,14,1.0,0.4608,21.32
2026-07-25 16:32:52,034,SCN1A6J_019_740_17,27,0.045,13,0.951,0.4752,21.33
2026-07-25 16:42:54,034,SCN1A6J_019_740_17,0,0.0,14,1.0,0.4752,21.33
2026-07-25 16:53:39,034,SCN1A6J_019_740_17,0,0.0,14,1.0,0.4752,21.42
2026-07-25 17:03:41,034,SCN1A6J_019_740_17,0,0.0,15,1.0,0.4752,21.37
2026-07-25 17:13:44,034,SCN1A6J_019_740_17,0,0.0,15,1.0,0.486,21.34
2026-07-25 17:23:47,034,SCN1A6J_019_740_17,0,0.0,15,1.0,0.486,21.32
2026-07-25 17:33:50,034,SCN1A6J_019_740_17,10,0.017,13,0.981,0.5004,21.33
2026-07-25 17:43:53,034,SCN1A6J_019_740_17,0,0.0,15,1.0,0.468,21.33
2026-07-25 17:53:56,034,SCN1A6J_019_740_17,0,0.0,15,1.0,0.468,21.34
2026-07-25 18:03:58,034,SCN1A6J_019_740_17,0,0.0,15,1.0,0.0,21.32
2026-07-25 18:14:01,034,SCN1A6J_019_740_17,194,0.323,4,0.452,0.0,21.46
2026-07-25 18:24:04,034,SCN1A6J_019_740_17,140,0.233,6,0.632,0.0,21.59
2026-07-25 18:34:07,034,SCN1A6J_019_740_17,24,0.04,13,0.956,0.0,21.6
2026-07-25 18:44:09,034,SCN1A6J_019_740_17,0,0.0,14,1.0,0.0,21.56
2026-07-25 18:54:12,034,SCN1A6J_019_740_17,0,0.0,15,1.0,0.0,21.49
2026-07-25 19:04:14,034,SCN1A6J_019_740_17,0,0.0,14,1.0,0.0,21.46
2026-07-25 19:14:17,034,SCN1A6J_019_740_17,144,0.239,5,0.581,0.0,21.58
2026-07-25 19:24:19,034,SCN1A6J_019_740_17,57,0.095,11,0.885,0.0,21.6
2026-07-25 19:34:23,034,SCN1A6J_019_740_17,0,0.0,15,1.0,0.0,21.56
2026-07-25 19:44:25,034,SCN1A6J_019_740_17,0,0.0,14,1.0,0.0,21.49
2026-07-25 19:54:27,034,SCN1A6J_019_740_17,0,0.0,15,1.0,0.0,21.45
2026-07-25 20:04:30,034,SCN1A6J_019_740_17,11,0.018,13,0.979,0.0,21.43
2026-07-25 20:14:33,034,SCN1A6J_019_740_17,0,0.0,15,1.0,0.0,21.4
2026-07-25 20:24:36,034,SCN1A6J_019_740_17,0,0.0,15,1.0,0.0,21.35
2026-07-25 20:34:39,034,SCN1A6J_019_740_17,0,0.0,15,1.0,0.0,21.35
2026-07-25 20:44:42,034,SCN1A6J_019_740_17,139,0.231,7,0.668,0.0,21.48
2026-07-25 20:55:08,034,SCN1A6J_019_740_17,21,0.035,13,0.961,0.0,21.61
2026-07-25 21:05:11,034,SCN1A6J_019_740_17,0,0.0,15,1.0,0.0,21.54
2026-07-25 21:15:13,034,SCN1A6J_019_740_17,0,0.0,15,1.0,0.0,21.46
2026-07-25 21:25:16,034,SCN1A6J_019_740_17,0,0.0,15,1.0,0.0,21.41
2026-07-25 21:35:19,034,SCN1A6J_019_740_17,26,0.043,13,0.952,0.0,21.42
2026-07-25 21:45:22,034,SCN1A6J_019_740_17,85,0.141,9,0.809,0.0,21.5
2026-07-25 21:55:24,034,SCN1A6J_019_740_17,0,0.0,14,1.0,0.0,21.46
2026-07-25 22:05:26,034,SCN1A6J_019_740_17,0,0.0,15,1.0,0.0,21.42
2026-07-25 22:15:29,034,SCN1A6J_019_740_17,0,0.0,15,1.0,0.0,21.39
2026-07-25 22:25:32,034,SCN1A6J_019_740_17,0,0.0,15,1.0,0.0,21.36
2026-07-25 22:35:33,034,SCN1A6J_019_740_17,17,0.028,12,0.966,0.0,21.37
2026-07-25 22:45:36,034,SCN1A6J_019_740_17,0,0.0,15,1.0,0.0,21.37
2026-07-25 22:55:39,034,SCN1A6J_019_740_17,117,0.195,7,0.705,0.0,21.42
2026-07-25 23:05:40,034,SCN1A6J_019_740_17,20,0.033,13,0.963,0.0,21.49
2026-07-25 23:15:43,034,SCN1A6J_019_740_17,29,0.048,10,0.932,0.0,21.52
2026-07-25 23:25:46,034,SCN1A6J_019_740_17,27,0.045,11,0.942,0.0,21.52
2026-07-25 23:35:47,034,SCN1A6J_019_740_17,0,0.0,14,1.0,0.0,21.47
2026-07-25 23:45:50,034,SCN1A6J_019_740_17,0,0.0,15,1.0,0.0,21.43
2026-07-25 23:55:53,034,SCN1A6J_019_740_17,0,0.0,15,1.0,0.0,21.39
2026-07-26 00:05:56,034,SCN1A6J_019_740_17,0,0.0,15,1.0,0.0,21.36
2026-07-26 00:15:58,034,SCN1A6J_019_740_17,32,0.053,11,0.932,0.0,21.4
2026-07-26 00:26:01,034,SCN1A6J_019_740_17,55,0.092,10,0.879,0.0,21.44
2026-07-26 00:36:03,034,SCN1A6J_019_740_17,64,0.107,12,0.882,0.0,21.53
2026-07-26 00:46:05,034,SCN1A6J_019_740_17,48,0.08,10,0.893,0.0,21.52
2026-07-26 00:56:43,034,SCN1A6J_019_740_17,68,0.114,10,0.855,0.0,21.7
2026-07-26 01:06:46,034,SCN1A6J_019_740_17,0,0.0,15,1.0,0.0,21.59
2026-07-26 01:16:49,034,SCN1A6J_019_740_17,0,0.0,15,1.0,0.0,21.51
2026-07-26 01:26:52,034,SCN1A6J_019_740_17,0,0.0,15,1.0,0.0,21.43
2026-07-26 01:36:54,034,SCN1A6J_019_740_17,0,0.0,15,1.0,0.0,21.37
2026-07-26 01:46:57,034,SCN1A6J_019_740_17,0,0.0,15,1.0,0.0,21.33
2026-07-26 01:56:59,034,SCN1A6J_019_740_17,0,0.0,14,1.0,0.0,21.3
2026-07-26 02:07:01,034,SCN1A6J_019_740_17,0,0.0,15,1.0,0.0,21.27
2026-07-26 02:17:04,034,SCN1A6J_019_740_17,122,0.203,8,0.724,0.0,21.41
2026-07-26 02:27:05,034,SCN1A6J_019_740_17,14,0.023,13,0.974,0.0,21.4
2026-07-26 02:37:08,034,SCN1A6J_019_740_17,139,0.231,5,0.59,0.0,21.5
2026-07-26 02:47:10,034,SCN1A6J_019_740_17,100,0.166,11,0.815,0.0,21.53
2026-07-26 02:57:14,034,SCN1A6J_019_740_17,0,0.0,15,1.0,0.0,21.45
2026-07-26 03:07:17,034,SCN1A6J_019_740_17,0,0.0,15,1.0,0.0,21.39
2026-07-26 03:17:20,034,SCN1A6J_019_740_17,0,0.0,15,1.0,0.0,21.35
2026-07-26 03:27:23,034,SCN1A6J_019_740_17,0,0.0,15,1.0,0.0,21.31
2026-07-26 03:37:25,034,SCN1A6J_019_740_17,0,0.0,14,1.0,0.0,21.29
2026-07-26 03:47:28,034,SCN1A6J_019_740_17,0,0.0,15,1.0,0.0,21.26
2026-07-26 03:57:30,034,SCN1A6J_019_740_17,0,0.0,14,1.0,0.0,21.25
2026-07-26 04:07:33,034,SCN1A6J_019_740_17,32,0.053,13,0.942,0.0,21.27
2026-07-26 04:17:36,034,SCN1A6J_019_740_17,0,0.0,15,1.0,0.0,21.25
2026-07-26 04:27:38,034,SCN1A6J_019_740_17,0,0.0,15,1.0,0.0,21.23
2026-07-26 04:37:41,034,SCN1A6J_019_740_17,74,0.123,10,0.844,0.0,21.32
2026-07-26 04:47:44,034,SCN1A6J_019_740_17,0,0.0,15,1.0,0.0,21.31
2026-07-26 04:58:12,034,SCN1A6J_019_740_17,0,0.0,14,1.0,0.0,21.35
2026-07-26 05:08:15,034,SCN1A6J_019_740_17,0,0.0,15,1.0,0.0,21.29
2026-07-26 05:18:18,034,SCN1A6J_019_740_17,0,0.0,15,1.0,0.0,21.28
2026-07-26 05:28:21,034,SCN1A6J_019_740_17,100,0.166,8,0.762,0.0,21.37
2026-07-26 05:38:24,034,SCN1A6J_019_740_17,46,0.077,10,0.897,0.0,21.38
2026-07-26 05:48:26,034,SCN1A6J_019_740_17,0,0.0,15,1.0,0.0,21.35
2026-07-26 05:58:29,034,SCN1A6J_019_740_17,0,0.0,15,1.0,0.0,21.31
2026-07-26 06:08:31,034,SCN1A6J_019_740_17,0,0.0,15,1.0,0.4536,21.28
2026-07-26 06:18:34,034,SCN1A6J_019_740_17,0,0.0,15,1.0,0.4536,21.26
2026-07-26 06:28:37,034,SCN1A6J_019_740_17,0,0.0,15,1.0,0.4464,21.23
2026-07-26 06:38:40,034,SCN1A6J_019_740_17,0,0.0,15,1.0,0.4464,21.23
2026-07-26 06:48:43,034,SCN1A6J_019_740_17,0,0.0,15,1.0,0.432,21.2
2026-07-26 06:58:46,034,SCN1A6J_019_740_17,0,0.0,15,1.0,0.432,21.19
2026-07-26 07:08:49,034,SCN1A6J_019_740_17,0,0.0,15,1.0,0.45,21.19
2026-07-26 07:18:52,034,SCN1A6J_019_740_17,0,0.0,15,1.0,0.4464,21.18
2026-07-26 07:28:54,034,SCN1A6J_019_740_17,0,0.0,15,1.0,0.4356,21.17
2026-07-26 07:38:57,034,SCN1A6J_019_740_17,0,0.0,15,1.0,0.4392,21.17
2026-07-26 07:48:59,034,SCN1A6J_019_740_17,0,0.0,14,1.0,0.45,21.18
2026-07-26 07:59:02,034,SCN1A6J_019_740_17,0,0.0,15,1.0,0.4464,21.18
2026-07-26 08:09:05,034,SCN1A6J_019_740_17,0,0.0,15,1.0,0.4392,21.19
2026-07-26 08:19:08,034,SCN1A6J_019_740_17,0,0.0,15,1.0,0.4392,21.18
2026-07-26 08:29:10,034,SCN1A6J_019_740_17,0,0.0,15,1.0,0.4392,21.19
2026-07-26 08:39:13,034,SCN1A6J_019_740_17,0,0.0,15,1.0,0.4392,21.19
2026-07-26 08:49:14,034,SCN1A6J_019_740_17,0,0.0,14,1.0,0.4392,21.19
2026-07-26 08:59:47,034,SCN1A6J_019_740_17,48,0.08,10,0.893,0.4284,21.33
2026-07-26 09:09:51,034,SCN1A6J_019_740_17,5,0.008,14,0.991,0.4356,21.34
2026-07-26 09:19:53,034,SCN1A6J_019_740_17,0,0.0,15,1.0,0.4428,21.34
2026-07-26 09:29:56,034,SCN1A6J_019_740_17,0,0.0,15,1.0,0.5868,21.33
2026-07-26 09:39:59,034,SCN1A6J_019_740_17,0,0.0,15,1.0,0.5832,21.33
2026-07-26 09:50:01,034,SCN1A6J_019_740_17,0,0.0,15,1.0,0.5832,21.35
2026-07-26 10:00:03,034,SCN1A6J_019_740_17,0,0.0,14,1.0,0.4464,21.36
2026-07-26 10:10:06,034,SCN1A6J_019_740_17,0,0.0,15,1.0,0.4464,21.36
2026-07-26 10:20:09,034,SCN1A6J_019_740_17,0,0.0,15,1.0,0.432,21.37
2026-07-26 10:30:12,034,SCN1A6J_019_740_17,0,0.0,15,1.0,0.432,21.36
2026-07-26 10:40:14,034,SCN1A6J_019_740_17,0,0.0,14,1.0,0.4428,21.35
2026-07-26 10:50:17,034,SCN1A6J_019_740_17,0,0.0,15,1.0,0.4248,21.35
2026-07-26 11:00:19,034,SCN1A6J_019_740_17,0,0.0,15,1.0,0.432,21.35
2026-07-26 11:10:22,034,SCN1A6J_019_740_17,0,0.0,15,1.0,0.432,21.34
2026-07-26 11:20:25,034,SCN1A6J_019_740_17,0,0.0,15,1.0,0.4428,21.33
2026-07-26 11:30:28,034,SCN1A6J_019_740_17,0,0.0,15,1.0,0.4428,21.33
2026-07-26 11:40:31,034,SCN1A6J_019_740_17,0,0.0,15,1.0,0.4428,21.34
2026-07-26 11:50:33,034,SCN1A6J_019_740_17,0,0.0,14,1.0,0.4392,21.34
2026-07-26 12:00:35,034,SCN1A6J_019_740_17,0,0.0,15,1.0,0.4428,21.36
2026-07-26 12:10:38,034,SCN1A6J_019_740_17,0,0.0,15,1.0,0.4356,21.36
2026-07-26 12:20:40,034,SCN1A6J_019_740_17,0,0.0,15,1.0,0.432,21.35
2026-07-26 12:30:43,034,SCN1A6J_019_740_17,0,0.0,15,1.0,0.432,21.36
2026-07-26 12:40:45,034,SCN1A6J_019_740_17,0,0.0,14,1.0,0.432,21.36
2026-07-26 12:50:47,034,SCN1A6J_019_740_17,0,0.0,14,1.0,0.432,21.37
2026-07-26 13:01:24,034,SCN1A6J_019_740_17,16,0.027,14,0.972,0.4428,21.45
2026-07-26 13:11:26,034,SCN1A6J_019_740_17,0,0.0,14,1.0,0.4428,21.4
2026-07-26 13:21:29,034,SCN1A6J_019_740_17,0,0.0,15,1.0,0.432,21.38
2026-07-26 13:31:32,034,SCN1A6J_019_740_17,0,0.0,15,1.0,0.4464,21.35
2026-07-26 13:41:33,034,SCN1A6J_019_740_17,0,0.0,14,1.0,0.4464,21.34
2026-07-26 13:51:36,034,SCN1A6J_019_740_17,0,0.0,15,1.0,0.432,21.33
2026-07-26 14:01:39,034,SCN1A6J_019_740_17,0,0.0,15,1.0,0.432,21.32
2026-07-26 14:11:42,034,SCN1A6J_019_740_17,0,0.0,15,1.0,0.432,21.31
2026-07-26 14:21:45,034,SCN1A6J_019_740_17,0,0.0,15,1.0,0.45,21.31
2026-07-26 14:31:48,034,SCN1A6J_019_740_17,0,0.0,15,1.0,0.4536,21.3
2026-07-26 14:41:51,034,SCN1A6J_019_740_17,0,0.0,15,1.0,0.4464,21.29
2026-07-26 14:51:53,034,SCN1A6J_019_740_17,13,0.022,13,0.976,0.4608,21.31
2026-07-26 15:01:56,034,SCN1A6J_019_740_17,0,0.0,15,1.0,0.4608,21.28
2026-07-26 15:11:59,034,SCN1A6J_019_740_17,0,0.0,15,1.0,0.4536,21.28
2026-07-26 15:22:02,034,SCN1A6J_019_740_17,0,0.0,15,1.0,0.4824,21.24
2026-07-26 15:32:04,034,SCN1A6J_019_740_17,0,0.0,15,1.0,0.4608,21.21
2026-07-26 15:42:07,034,SCN1A6J_019_740_17,0,0.0,15,1.0,0.4644,21.16
2026-07-26 15:52:10,034,SCN1A6J_019_740_17,0,0.0,15,1.0,0.4464,21.15
2026-07-26 16:02:12,034,SCN1A6J_019_740_17,0,0.0,14,1.0,0.4464,21.13
2026-07-26 16:12:15,034,SCN1A6J_019_740_17,0,0.0,15,1.0,0.4572,21.12
2026-07-26 16:22:17,034,SCN1A6J_019_740_17,21,0.035,13,0.961,0.4212,21.15
2026-07-26 16:32:20,034,SCN1A6J_019_740_17,32,0.053,11,0.932,0.4392,21.21
2026-07-26 16:42:21,034,SCN1A6J_019_740_17,0,0.0,14,1.0,0.4428,21.21
2026-07-26 16:52:24,034,SCN1A6J_019_740_17,0,0.0,15,1.0,0.432,21.21
2026-07-26 17:02:56,034,SCN1A6J_019_740_17,0,0.0,14,1.0,0.4248,21.29
2026-07-26 17:12:58,034,SCN1A6J_019_740_17,0,0.0,14,1.0,0.4248,21.26
2026-07-26 17:23:00,034,SCN1A6J_019_740_17,0,0.0,15,1.0,0.4392,21.24
2026-07-26 17:33:03,034,SCN1A6J_019_740_17,0,0.0,15,1.0,0.4428,21.25
2026-07-26 17:43:06,034,SCN1A6J_019_740_17,0,0.0,15,1.0,0.4428,21.26
2026-07-26 17:53:07,034,SCN1A6J_019_740_17,13,0.022,14,0.977,0.4356,21.3
2026-07-26 18:03:09,034,SCN1A6J_019_740_17,0,0.0,14,1.0,0.0,21.33
2026-07-26 18:13:10,034,SCN1A6J_019_740_17,0,0.0,14,1.0,0.0,21.34
2026-07-26 18:23:13,034,SCN1A6J_019_740_17,179,0.298,6,0.573,0.0,21.47
2026-07-26 18:33:17,034,SCN1A6J_019_740_17,34,0.057,12,0.934,0.0,21.59
2026-07-26 18:43:20,034,SCN1A6J_019_740_17,0,0.0,15,1.0,0.0,21.58
2026-07-26 18:53:22,034,SCN1A6J_019_740_17,0,0.0,15,1.0,0.0,21.56
2026-07-26 19:03:25,034,SCN1A6J_019_740_17,1,0.002,14,0.998,0.0,21.54
2026-07-26 19:13:28,034,SCN1A6J_019_740_17,100,0.166,9,0.783,0.0,21.64
2026-07-26 19:23:30,034,SCN1A6J_019_740_17,18,0.03,13,0.967,0.0,21.7
2026-07-26 19:33:33,034,SCN1A6J_019_740_17,0,0.0,15,1.0,0.0,21.67
2026-07-26 19:43:36,034,SCN1A6J_019_740_17,0,0.0,15,1.0,0.0,21.63
2026-07-26 19:53:39,034,SCN1A6J_019_740_17,0,0.0,15,1.0,0.0,21.6
2026-07-26 20:03:41,034,SCN1A6J_019_740_17,0,0.0,14,1.0,0.0,21.56
2026-07-26 20:13:43,034,SCN1A6J_019_740_17,29,0.048,11,0.938,0.0,21.59
2026-07-26 20:23:45,034,SCN1A6J_019_740_17,0,0.0,14,1.0,0.0,21.58
2026-07-26 20:33:47,034,SCN1A6J_019_740_17,124,0.207,8,0.721,0.0,21.64
2026-07-26 20:43:50,034,SCN1A6J_019_740_17,49,0.082,9,0.88,0.0,21.72
2026-07-26 20:53:53,034,SCN1A6J_019_740_17,0,0.0,15,1.0,0.0,21.67
2026-07-26 21:04:36,034,SCN1A6J_019_740_17,32,0.054,13,0.942,0.0,21.78
2026-07-26 21:14:39,034,SCN1A6J_019_740_17,48,0.08,10,0.893,0.0,21.75
2026-07-26 21:24:42,034,SCN1A6J_019_740_17,0,0.0,15,1.0,0.0,21.69
2026-07-26 21:34:43,034,SCN1A6J_019_740_17,0,0.0,14,1.0,0.0,21.64
2026-07-26 21:44:46,034,SCN1A6J_019_740_17,0,0.0,15,1.0,0.0,21.59
2026-07-26 21:54:48,034,SCN1A6J_019_740_17,23,0.038,14,0.961,0.0,21.56
2026-07-26 22:04:50,034,SCN1A6J_019_740_17,72,0.12,9,0.833,0.0,21.66
2026-07-26 22:14:53,034,SCN1A6J_019_740_17,120,0.2,5,0.625,0.0,21.86
2026-07-26 22:24:56,034,SCN1A6J_019_740_17,41,0.068,11,0.915,0.0,21.82
2026-07-26 22:34:59,034,SCN1A6J_019_740_17,3,0.005,14,0.995,0.0,21.76
2026-07-26 22:45:01,034,SCN1A6J_019_740_17,0,0.0,15,1.0,0.0,21.7
2026-07-26 22:55:04,034,SCN1A6J_019_740_17,0,0.0,14,1.0,0.0,21.63
2026-07-26 23:05:06,034,SCN1A6J_019_740_17,0,0.0,15,1.0,0.0,21.58
2026-07-26 23:15:08,034,SCN1A6J_019_740_17,47,0.078,12,0.911,0.0,21.59
2026-07-26 23:25:11,034,SCN1A6J_019_740_17,70,0.116,9,0.837,0.0,21.67
2026-07-26 23:35:13,034,SCN1A6J_019_740_17,0,0.0,15,1.0,0.0,21.62
2026-07-26 23:45:16,034,SCN1A6J_019_740_17,0,0.0,15,1.0,0.0,21.57
2026-07-26 23:55:19,034,SCN1A6J_019_740_17,0,0.0,15,1.0,0.0,21.53
2026-07-25 00:00:12,055,SCN1A6J_019_741_21,222,0.369,6,0.519,0.0,22.09
2026-07-25 00:10:15,055,SCN1A6J_019_741_21,216,0.359,6,0.526,0.0,22.08
2026-07-25 00:20:18,055,SCN1A6J_019_741_21,324,0.538,2,0.198,0.0,22.23
2026-07-25 00:30:21,055,SCN1A6J_019_741_21,107,0.178,8,0.749,0.0,22.06
2026-07-25 00:40:40,055,SCN1A6J_019_741_21,192,0.321,6,0.556,0.0,22.05
2026-07-25 00:50:42,055,SCN1A6J_019_741_21,171,0.285,7,0.621,0.0,22.07
2026-07-25 01:00:45,055,SCN1A6J_019_741_21,201,0.334,5,0.499,0.0,22.01
2026-07-25 01:10:48,055,SCN1A6J_019_741_21,145,0.241,6,0.623,0.0,21.94
2026-07-25 01:20:51,055,SCN1A6J_019_741_21,129,0.215,7,0.685,0.0,22.1
2026-07-25 01:30:54,055,SCN1A6J_019_741_21,20,0.033,13,0.963,0.0,21.92
2026-07-25 01:40:56,055,SCN1A6J_019_741_21,233,0.388,5,0.462,0.0,21.86
2026-07-25 01:51:00,055,SCN1A6J_019_741_21,46,0.077,10,0.897,0.0,21.77
2026-07-25 02:01:02,055,SCN1A6J_019_741_21,0,0.0,15,1.0,0.0,21.67
2026-07-25 02:11:05,055,SCN1A6J_019_741_21,0,0.0,15,1.0,0.0,21.58
2026-07-25 02:21:09,055,SCN1A6J_019_741_21,0,0.0,15,1.0,0.0,21.52
2026-07-25 02:31:12,055,SCN1A6J_019_741_21,0,0.0,15,1.0,0.0,21.48
2026-07-25 02:41:15,055,SCN1A6J_019_741_21,0,0.0,15,1.0,0.0,21.45
2026-07-25 02:51:18,055,SCN1A6J_019_741_21,0,0.0,15,1.0,0.0,21.42
2026-07-25 03:01:22,055,SCN1A6J_019_741_21,0,0.0,15,1.0,0.0,21.41
2026-07-25 03:11:25,055,SCN1A6J_019_741_21,0,0.0,15,1.0,0.0,21.39
2026-07-25 03:21:28,055,SCN1A6J_019_741_21,0,0.0,15,1.0,0.0,21.39
2026-07-25 03:31:32,055,SCN1A6J_019_741_21,0,0.0,15,1.0,0.0,21.38
2026-07-25 03:41:35,055,SCN1A6J_019_741_21,0,0.0,15,1.0,0.0,21.37
2026-07-25 03:51:39,055,SCN1A6J_019_741_21,4,0.007,15,0.993,0.0,21.37
2026-07-25 04:01:41,055,SCN1A6J_019_741_21,84,0.14,11,0.84,0.0,21.46
2026-07-25 04:11:45,055,SCN1A6J_019_741_21,265,0.441,3,0.312,0.0,21.72
2026-07-25 04:21:48,055,SCN1A6J_019_741_21,21,0.035,14,0.964,0.0,21.69
2026-07-25 04:31:51,055,SCN1A6J_019_741_21,0,0.0,15,1.0,0.0,21.61
2026-07-25 04:42:13,055,SCN1A6J_019_741_21,72,0.12,11,0.859,0.0,21.6
2026-07-25 04:52:16,055,SCN1A6J_019_741_21,0,0.0,15,1.0,0.0,21.54
2026-07-25 05:02:19,055,SCN1A6J_019_741_21,57,0.095,9,0.863,0.0,21.55
2026-07-25 05:12:22,055,SCN1A6J_019_741_21,0,0.0,15,1.0,0.0,21.52
2026-07-25 05:22:25,055,SCN1A6J_019_741_21,0,0.0,15,1.0,0.0,21.48
2026-07-25 05:32:28,055,SCN1A6J_019_741_21,0,0.0,15,1.0,0.0,21.46
2026-07-25 05:42:31,055,SCN1A6J_019_741_21,0,0.0,15,1.0,0.0,21.45
2026-07-25 05:52:34,055,SCN1A6J_019_741_21,0,0.0,15,1.0,0.0,21.43
2026-07-25 06:02:37,055,SCN1A6J_019_741_21,1,0.002,14,0.998,0.2952,21.42
2026-07-25 06:12:40,055,SCN1A6J_019_741_21,131,0.218,8,0.71,0.2628,21.53
2026-07-25 06:22:43,055,SCN1A6J_019_741_21,164,0.273,4,0.494,0.2952,21.58
2026-07-25 06:32:46,055,SCN1A6J_019_741_21,56,0.093,10,0.877,0.288,21.59
2026-07-25 06:42:49,055,SCN1A6J_019_741_21,100,0.166,7,0.737,0.5688,21.61
2026-07-25 06:52:52,055,SCN1A6J_019_741_21,0,0.0,15,1.0,0.5256,21.58
2026-07-25 07:02:55,055,SCN1A6J_019_741_21,0,0.0,15,1.0,0.5256,21.53
2026-07-25 07:12:58,055,SCN1A6J_019_741_21,0,0.0,15,1.0,0.5184,21.47
2026-07-25 07:23:01,055,SCN1A6J_019_741_21,0,0.0,15,1.0,0.5184,21.45
2026-07-25 07:33:04,055,SCN1A6J_019_741_21,0,0.0,15,1.0,0.5184,21.42
2026-07-25 07:43:06,055,SCN1A6J_019_741_21,0,0.0,15,1.0,0.5256,21.4
2026-07-25 07:53:08,055,SCN1A6J_019_741_21,0,0.0,15,1.0,0.5184,21.4
2026-07-25 08:03:12,055,SCN1A6J_019_741_21,0,0.0,15,1.0,0.5184,21.38
2026-07-25 08:13:15,055,SCN1A6J_019_741_21,0,0.0,15,1.0,0.522,21.39
2026-07-25 08:23:17,055,SCN1A6J_019_741_21,0,0.0,15,1.0,0.5112,21.38
2026-07-25 08:33:20,055,SCN1A6J_019_741_21,0,0.0,15,1.0,0.522,21.39
2026-07-25 08:43:33,055,SCN1A6J_019_741_21,0,0.0,15,1.0,0.522,21.4
2026-07-25 08:53:36,055,SCN1A6J_019_741_21,0,0.0,15,1.0,0.522,21.39
2026-07-25 09:03:38,055,SCN1A6J_019_741_21,0,0.0,15,1.0,0.5112,21.38
2026-07-25 09:13:42,055,SCN1A6J_019_741_21,96,0.16,8,0.769,0.4356,21.49
2026-07-25 09:23:45,055,SCN1A6J_019_741_21,76,0.126,10,0.84,0.4212,21.52
2026-07-25 09:33:48,055,SCN1A6J_019_741_21,22,0.037,12,0.956,0.4752,21.5
2026-07-25 09:43:51,055,SCN1A6J_019_741_21,10,0.017,15,0.984,0.4392,21.49
2026-07-25 09:53:53,055,SCN1A6J_019_741_21,25,0.042,13,0.954,0.3276,21.49
2026-07-25 10:03:56,055,SCN1A6J_019_741_21,0,0.0,15,1.0,0.3312,21.49
2026-07-25 10:13:59,055,SCN1A6J_019_741_21,0,0.0,15,1.0,0.3096,21.48
2026-07-25 10:24:01,055,SCN1A6J_019_741_21,0,0.0,15,1.0,0.3096,21.47
2026-07-25 10:34:04,055,SCN1A6J_019_741_21,0,0.0,15,1.0,0.3132,21.44
2026-07-25 10:44:07,055,SCN1A6J_019_741_21,0,0.0,15,1.0,0.3132,21.42
2026-07-25 10:54:10,055,SCN1A6J_019_741_21,0,0.0,15,1.0,0.3132,21.41
2026-07-25 11:04:13,055,SCN1A6J_019_741_21,0,0.0,15,1.0,0.3096,21.4
2026-07-25 11:14:16,055,SCN1A6J_019_741_21,0,0.0,15,1.0,0.3168,21.4
2026-07-25 11:24:19,055,SCN1A6J_019_741_21,0,0.0,15,1.0,0.3024,21.38
2026-07-25 11:34:22,055,SCN1A6J_019_741_21,0,0.0,15,1.0,0.324,21.4
2026-07-25 11:44:24,055,SCN1A6J_019_741_21,5,0.008,14,0.991,0.2808,21.41
2026-07-25 11:54:27,055,SCN1A6J_019_741_21,0,0.0,15,1.0,0.2988,21.43
2026-07-25 12:04:30,055,SCN1A6J_019_741_21,0,0.0,15,1.0,0.3024,21.44
2026-07-25 12:14:33,055,SCN1A6J_019_741_21,0,0.0,15,1.0,0.2952,21.43
2026-07-25 12:24:36,055,SCN1A6J_019_741_21,0,0.0,15,1.0,0.2952,21.43
2026-07-25 12:34:38,055,SCN1A6J_019_741_21,0,0.0,15,1.0,0.3024,21.44
2026-07-25 12:44:54,055,SCN1A6J_019_741_21,0,0.0,15,1.0,0.2808,21.46
2026-07-25 12:54:58,055,SCN1A6J_019_741_21,113,0.188,7,0.712,0.3636,21.64
2026-07-25 13:05:01,055,SCN1A6J_019_741_21,7,0.012,14,0.988,0.2952,21.59
2026-07-25 13:15:04,055,SCN1A6J_019_741_21,0,0.0,15,1.0,0.324,21.56
2026-07-25 13:25:07,055,SCN1A6J_019_741_21,0,0.0,15,1.0,0.324,21.53
2026-07-25 13:35:10,055,SCN1A6J_019_741_21,0,0.0,15,1.0,0.3348,21.51
2026-07-25 13:45:13,055,SCN1A6J_019_741_21,0,0.0,15,1.0,0.324,21.49
2026-07-25 13:55:15,055,SCN1A6J_019_741_21,0,0.0,15,1.0,0.3312,21.48
2026-07-25 14:05:18,055,SCN1A6J_019_741_21,0,0.0,15,1.0,0.3168,21.47
2026-07-25 14:15:21,055,SCN1A6J_019_741_21,0,0.0,15,1.0,0.3204,21.47
2026-07-25 14:25:24,055,SCN1A6J_019_741_21,0,0.0,15,1.0,0.3204,21.45
2026-07-25 14:35:27,055,SCN1A6J_019_741_21,0,0.0,15,1.0,0.3168,21.47
2026-07-25 14:45:29,055,SCN1A6J_019_741_21,0,0.0,15,1.0,0.3132,21.46
2026-07-25 14:55:32,055,SCN1A6J_019_741_21,0,0.0,15,1.0,0.2952,21.46
2026-07-25 15:05:35,055,SCN1A6J_019_741_21,57,0.095,12,0.894,0.324,21.51
2026-07-25 15:15:38,055,SCN1A6J_019_741_21,82,0.136,8,0.796,0.3456,21.56
2026-07-25 15:25:42,055,SCN1A6J_019_741_21,15,0.025,13,0.972,0.5076,21.55
2026-07-25 15:35:45,055,SCN1A6J_019_741_21,0,0.0,15,1.0,0.4968,21.52
2026-07-25 15:45:48,055,SCN1A6J_019_741_21,0,0.0,15,1.0,0.4932,21.5
2026-07-25 15:55:51,055,SCN1A6J_019_741_21,0,0.0,15,1.0,0.4824,21.48
2026-07-25 16:05:54,055,SCN1A6J_019_741_21,0,0.0,15,1.0,0.4896,21.46
2026-07-25 16:15:57,055,SCN1A6J_019_741_21,0,0.0,15,1.0,0.4896,21.46
2026-07-25 16:26:00,055,SCN1A6J_019_741_21,0,0.0,15,1.0,0.4932,21.44
2026-07-25 16:36:04,055,SCN1A6J_019_741_21,0,0.0,15,1.0,0.4932,21.43
2026-07-25 16:46:21,055,SCN1A6J_019_741_21,0,0.0,15,1.0,0.4932,21.47
2026-07-25 16:56:24,055,SCN1A6J_019_741_21,10,0.017,13,0.981,0.4032,21.47
2026-07-25 17:06:28,055,SCN1A6J_019_741_21,82,0.136,8,0.796,0.414,21.54
2026-07-25 17:16:31,055,SCN1A6J_019_741_21,182,0.303,5,0.524,0.4032,21.77
2026-07-25 17:26:34,055,SCN1A6J_019_741_21,0,0.0,15,1.0,0.3888,21.67
2026-07-25 17:36:37,055,SCN1A6J_019_741_21,0,0.0,15,1.0,0.3888,21.62
2026-07-25 17:46:40,055,SCN1A6J_019_741_21,0,0.0,15,1.0,0.3888,21.57
2026-07-25 17:56:43,055,SCN1A6J_019_741_21,0,0.0,15,1.0,0.3888,21.52
2026-07-25 18:06:46,055,SCN1A6J_019_741_21,0,0.0,15,1.0,0.0,21.5
2026-07-25 18:16:49,055,SCN1A6J_019_741_21,0,0.0,15,1.0,0.0,21.48
2026-07-25 18:26:52,055,SCN1A6J_019_741_21,41,0.068,12,0.921,0.0,21.51
2026-07-25 18:36:55,055,SCN1A6J_019_741_21,227,0.378,2,0.261,0.0,21.81
2026-07-25 18:46:58,055,SCN1A6J_019_741_21,200,0.333,6,0.545,0.0,21.91
2026-07-25 18:57:00,055,SCN1A6J_019_741_21,162,0.27,3,0.426,0.0,22.05
2026-07-25 19:07:03,055,SCN1A6J_019_741_21,194,0.323,4,0.452,0.0,21.97
2026-07-25 19:17:06,055,SCN1A6J_019_741_21,266,0.442,5,0.429,0.0,22.05
2026-07-25 19:27:09,055,SCN1A6J_019_741_21,146,0.243,7,0.657,0.0,22.04
2026-07-25 19:37:12,055,SCN1A6J_019_741_21,0,0.0,15,1.0,0.0,21.91
2026-07-25 19:47:15,055,SCN1A6J_019_741_21,0,0.0,15,1.0,0.0,21.81
2026-07-25 19:57:18,055,SCN1A6J_019_741_21,0,0.0,15,1.0,0.0,21.74
2026-07-25 20:07:20,055,SCN1A6J_019_741_21,0,0.0,15,1.0,0.0,21.67
2026-07-25 20:17:23,055,SCN1A6J_019_741_21,33,0.055,12,0.936,0.0,21.64
2026-07-25 20:27:26,055,SCN1A6J_019_741_21,254,0.423,2,0.24,0.0,21.91
2026-07-25 20:37:29,055,SCN1A6J_019_741_21,219,0.364,5,0.477,0.0,22.07
2026-07-25 20:47:49,055,SCN1A6J_019_741_21,219,0.366,3,0.354,0.0,22.19
2026-07-25 20:57:52,055,SCN1A6J_019_741_21,156,0.26,7,0.642,0.0,22.27
2026-07-25 21:07:55,055,SCN1A6J_019_741_21,189,0.314,4,0.458,0.0,22.12
2026-07-25 21:17:59,055,SCN1A6J_019_741_21,294,0.489,0,0.0,0.0,22.17
2026-07-25 21:28:02,055,SCN1A6J_019_741_21,239,0.398,5,0.456,0.0,22.13
2026-07-25 21:38:05,055,SCN1A6J_019_741_21,153,0.255,5,0.567,0.0,22.05
2026-07-25 21:48:08,055,SCN1A6J_019_741_21,178,0.296,7,0.611,0.0,22.05
2026-07-25 21:58:11,055,SCN1A6J_019_741_21,203,0.338,6,0.542,0.0,22.01
2026-07-25 22:08:14,055,SCN1A6J_019_741_21,280,0.466,2,0.222,0.0,22.31
2026-07-25 22:18:17,055,SCN1A6J_019_741_21,285,0.473,3,0.296,0.0,22.17
2026-07-25 22:28:20,055,SCN1A6J_019_741_21,260,0.433,2,0.235,0.0,22.08
2026-07-25 22:38:24,055,SCN1A6J_019_741_21,255,0.424,5,0.44,0.0,22.01
2026-07-25 22:48:26,055,SCN1A6J_019_741_21,209,0.348,5,0.489,0.0,22.13
2026-07-25 22:58:29,055,SCN1A6J_019_741_21,228,0.38,5,0.467,0.0,21.99
2026-07-25 23:08:32,055,SCN1A6J_019_741_21,206,0.342,5,0.493,0.0,21.96
2026-07-25 23:18:35,055,SCN1A6J_019_741_21,238,0.396,2,0.252,0.0,21.94
2026-07-25 23:28:38,055,SCN1A6J_019_741_21,249,0.414,4,0.391,0.0,22.03
2026-07-25 23:38:41,055,SCN1A6J_019_741_21,144,0.239,8,0.69,0.0,21.96
2026-07-25 23:48:45,055,SCN1A6J_019_741_21,205,0.341,5,0.494,0.0,21.95
2026-07-25 23:58:47,055,SCN1A6J_019_741_21,275,0.458,2,0.225,0.0,22.28
2026-07-26 00:08:51,055,SCN1A6J_019_741_21,180,0.3,6,0.571,0.0,22.11
2026-07-26 00:18:54,055,SCN1A6J_019_741_21,261,0.434,5,0.434,0.0,21.98
2026-07-26 00:28:56,055,SCN1A6J_019_741_21,206,0.343,4,0.437,0.0,22.0
2026-07-26 00:39:00,055,SCN1A6J_019_741_21,133,0.221,8,0.706,0.0,21.92
2026-07-26 00:49:25,055,SCN1A6J_019_741_21,40,0.067,12,0.923,0.0,21.83
2026-07-26 00:59:27,055,SCN1A6J_019_741_21,0,0.0,15,1.0,0.0,21.71
2026-07-26 01:09:30,055,SCN1A6J_019_741_21,0,0.0,15,1.0,0.0,21.62
2026-07-26 01:19:33,055,SCN1A6J_019_741_21,0,0.0,15,1.0,0.0,21.56
2026-07-26 01:29:37,055,SCN1A6J_019_741_21,0,0.0,15,1.0,0.0,21.5
2026-07-26 01:39:39,055,SCN1A6J_019_741_21,0,0.0,15,1.0,0.0,21.46
2026-07-26 01:49:43,055,SCN1A6J_019_741_21,0,0.0,15,1.0,0.0,21.43
2026-07-26 01:59:46,055,SCN1A6J_019_741_21,0,0.0,15,1.0,0.0,21.43
2026-07-26 02:09:49,055,SCN1A6J_019_741_21,0,0.0,15,1.0,0.0,21.4
2026-07-26 02:19:53,055,SCN1A6J_019_741_21,0,0.0,15,1.0,0.0,21.38
2026-07-26 02:29:55,055,SCN1A6J_019_741_21,0,0.0,15,1.0,0.0,21.36
2026-07-26 02:39:58,055,SCN1A6J_019_741_21,0,0.0,15,1.0,0.0,21.37
2026-07-26 02:50:01,055,SCN1A6J_019_741_21,0,0.0,15,1.0,0.0,21.37
2026-07-26 03:00:03,055,SCN1A6J_019_741_21,71,0.118,11,0.861,0.0,21.44
2026-07-26 03:10:06,055,SCN1A6J_019_741_21,109,0.181,10,0.786,0.0,21.56
2026-07-26 03:20:09,055,SCN1A6J_019_741_21,176,0.293,6,0.577,0.0,21.85
2026-07-26 03:30:12,055,SCN1A6J_019_741_21,75,0.125,10,0.842,0.0,21.76
2026-07-26 03:40:15,055,SCN1A6J_019_741_21,89,0.148,11,0.832,0.0,21.71
2026-07-26 03:50:18,055,SCN1A6J_019_741_21,0,0.0,15,1.0,0.0,21.63
2026-07-26 04:00:21,055,SCN1A6J_019_741_21,0,0.0,15,1.0,0.0,21.58
2026-07-26 04:10:24,055,SCN1A6J_019_741_21,0,0.0,15,1.0,0.0,21.52
2026-07-26 04:20:27,055,SCN1A6J_019_741_21,0,0.0,15,1.0,0.0,21.48
2026-07-26 04:30:30,055,SCN1A6J_019_741_21,0,0.0,15,1.0,0.0,21.46
2026-07-26 04:40:33,055,SCN1A6J_019_741_21,32,0.053,14,0.946,0.0,21.45
2026-07-26 04:50:55,055,SCN1A6J_019_741_21,0,0.0,15,1.0,0.0,21.48
2026-07-26 05:00:58,055,SCN1A6J_019_741_21,0,0.0,15,1.0,0.0,21.46
2026-07-26 05:11:01,055,SCN1A6J_019_741_21,0,0.0,15,1.0,0.0,21.44
2026-07-26 05:21:04,055,SCN1A6J_019_741_21,0,0.0,15,1.0,0.0,21.43
2026-07-26 05:31:07,055,SCN1A6J_019_741_21,146,0.243,8,0.687,0.0,21.5
2026-07-26 05:41:10,055,SCN1A6J_019_741_21,118,0.196,9,0.753,0.0,21.61
2026-07-26 05:51:14,055,SCN1A6J_019_741_21,115,0.191,8,0.736,0.0,21.65
2026-07-26 06:01:17,055,SCN1A6J_019_741_21,117,0.195,6,0.672,0.3888,21.65
2026-07-26 06:11:20,055,SCN1A6J_019_741_21,134,0.223,4,0.544,0.432,21.81
2026-07-26 06:21:22,055,SCN1A6J_019_741_21,44,0.073,12,0.916,0.5544,21.73
2026-07-26 06:31:25,055,SCN1A6J_019_741_21,1,0.002,15,0.998,0.5904,21.62
2026-07-26 06:41:28,055,SCN1A6J_019_741_21,0,0.0,15,1.0,0.6012,21.57
2026-07-26 06:51:31,055,SCN1A6J_019_741_21,0,0.0,15,1.0,0.612,21.51
2026-07-26 07:01:34,055,SCN1A6J_019_741_21,0,0.0,15,1.0,0.6048,21.46
2026-07-26 07:11:37,055,SCN1A6J_019_741_21,0,0.0,15,1.0,0.6156,21.45
2026-07-26 07:21:40,055,SCN1A6J_019_741_21,0,0.0,15,1.0,0.612,21.42
2026-07-26 07:31:42,055,SCN1A6J_019_741_21,0,0.0,15,1.0,0.6696,21.41
2026-07-26 07:41:45,055,SCN1A6J_019_741_21,26,0.043,11,0.944,0.5508,21.43
2026-07-26 07:51:48,055,SCN1A6J_019_741_21,55,0.092,12,0.897,0.2952,21.48
2026-07-26 08:01:51,055,SCN1A6J_019_741_21,93,0.154,9,0.795,0.4284,21.55
2026-07-26 08:11:54,055,SCN1A6J_019_741_21,0,0.0,15,1.0,0.432,21.51
2026-07-26 08:21:57,055,SCN1A6J_019_741_21,0,0.0,15,1.0,0.432,21.48
2026-07-26 08:31:59,055,SCN1A6J_019_741_21,0,0.0,15,1.0,0.432,21.47
2026-07-26 08:42:03,055,SCN1A6J_019_741_21,0,0.0,15,1.0,0.432,21.45
2026-07-26 08:52:25,055,SCN1A6J_019_741_21,0,0.0,15,1.0,0.432,21.49
2026-07-26 09:02:28,055,SCN1A6J_019_741_21,0,0.0,15,1.0,0.4392,21.47
2026-07-26 09:12:31,055,SCN1A6J_019_741_21,0,0.0,15,1.0,0.4428,21.45
2026-07-26 09:22:34,055,SCN1A6J_019_741_21,0,0.0,15,1.0,0.4752,21.43
2026-07-26 09:32:38,055,SCN1A6J_019_741_21,9,0.015,14,0.984,0.486,21.46
2026-07-26 09:42:40,055,SCN1A6J_019_741_21,0,0.0,15,1.0,0.5508,21.52
2026-07-26 09:52:43,055,SCN1A6J_019_741_21,0,0.0,15,1.0,0.396,21.56
2026-07-26 10:02:46,055,SCN1A6J_019_741_21,0,0.0,15,1.0,0.3888,21.57
2026-07-26 10:12:49,055,SCN1A6J_019_741_21,0,0.0,15,1.0,0.3528,21.57
2026-07-26 10:22:52,055,SCN1A6J_019_741_21,0,0.0,15,1.0,0.3528,21.53
2026-07-26 10:32:55,055,SCN1A6J_019_741_21,0,0.0,15,1.0,0.3528,21.52
2026-07-26 10:42:58,055,SCN1A6J_019_741_21,0,0.0,15,1.0,0.3456,21.51
2026-07-26 10:53:01,055,SCN1A6J_019_741_21,0,0.0,15,1.0,0.3528,21.49
2026-07-26 11:03:04,055,SCN1A6J_019_741_21,0,0.0,15,1.0,0.3528,21.48
2026-07-26 11:13:07,055,SCN1A6J_019_741_21,0,0.0,15,1.0,0.3528,21.47
2026-07-26 11:23:11,055,SCN1A6J_019_741_21,0,0.0,15,1.0,0.342,21.47
2026-07-26 11:33:14,055,SCN1A6J_019_741_21,161,0.267,5,0.554,0.2664,21.62
2026-07-26 11:43:16,055,SCN1A6J_019_741_21,75,0.125,10,0.842,0.4104,21.61
2026-07-26 11:53:19,055,SCN1A6J_019_741_21,0,0.0,15,1.0,0.4176,21.59
2026-07-26 12:03:23,055,SCN1A6J_019_741_21,0,0.0,15,1.0,0.4176,21.56
2026-07-26 12:13:25,055,SCN1A6J_019_741_21,0,0.0,15,1.0,0.4176,21.51
2026-07-26 12:23:28,055,SCN1A6J_019_741_21,0,0.0,15,1.0,0.4176,21.5
2026-07-26 12:33:31,055,SCN1A6J_019_741_21,0,0.0,15,1.0,0.4176,21.5
2026-07-26 12:43:34,055,SCN1A6J_019_741_21,0,0.0,15,1.0,0.4176,21.48
2026-07-26 12:53:49,055,SCN1A6J_019_741_21,0,0.0,15,1.0,0.4176,21.49
2026-07-26 13:03:52,055,SCN1A6J_019_741_21,0,0.0,15,1.0,0.4284,21.48
2026-07-26 13:13:55,055,SCN1A6J_019_741_21,0,0.0,15,1.0,0.4176,21.47
2026-07-26 13:23:58,055,SCN1A6J_019_741_21,0,0.0,15,1.0,0.4536,21.45
2026-07-26 13:34:01,055,SCN1A6J_019_741_21,0,0.0,15,1.0,0.4608,21.45
2026-07-26 13:44:04,055,SCN1A6J_019_741_21,0,0.0,15,1.0,0.4464,21.44
2026-07-26 13:54:07,055,SCN1A6J_019_741_21,21,0.035,14,0.964,0.396,21.47
2026-07-26 14:04:11,055,SCN1A6J_019_741_21,86,0.143,9,0.807,0.3204,21.62
2026-07-26 14:14:14,055,SCN1A6J_019_741_21,0,0.0,15,1.0,0.3276,21.58
2026-07-26 14:24:17,055,SCN1A6J_019_741_21,22,0.037,14,0.962,0.432,21.56
2026-07-26 14:34:20,055,SCN1A6J_019_741_21,0,0.0,15,1.0,0.432,21.53
2026-07-26 14:44:23,055,SCN1A6J_019_741_21,0,0.0,15,1.0,0.4176,21.5
2026-07-26 14:54:26,055,SCN1A6J_019_741_21,0,0.0,15,1.0,0.4176,21.49
2026-07-26 15:04:29,055,SCN1A6J_019_741_21,0,0.0,15,1.0,0.396,21.48
2026-07-26 15:14:32,055,SCN1A6J_019_741_21,64,0.107,11,0.873,0.3528,21.64
2026-07-26 15:24:35,055,SCN1A6J_019_741_21,112,0.186,7,0.714,0.3456,21.69
2026-07-26 15:34:38,055,SCN1A6J_019_741_21,0,0.0,15,1.0,0.3528,21.59
2026-07-26 15:44:40,055,SCN1A6J_019_741_21,0,0.0,15,1.0,0.3636,21.5
2026-07-26 15:54:43,055,SCN1A6J_019_741_21,0,0.0,15,1.0,0.3636,21.43
2026-07-26 16:04:46,055,SCN1A6J_019_741_21,0,0.0,15,1.0,0.3564,21.38
2026-07-26 16:14:49,055,SCN1A6J_019_741_21,0,0.0,15,1.0,0.36,21.34
2026-07-26 16:24:52,055,SCN1A6J_019_741_21,0,0.0,15,1.0,0.36,21.33
2026-07-26 16:34:55,055,SCN1A6J_019_741_21,0,0.0,15,1.0,0.36,21.33
2026-07-26 16:44:58,055,SCN1A6J_019_741_21,0,0.0,15,1.0,0.3312,21.31
2026-07-26 16:55:17,055,SCN1A6J_019_741_21,0,0.0,15,1.0,0.3024,21.35
2026-07-26 17:05:20,055,SCN1A6J_019_741_21,145,0.241,4,0.525,0.2268,21.49
2026-07-26 17:15:24,055,SCN1A6J_019_741_21,140,0.233,8,0.696,0.324,21.51
2026-07-26 17:25:27,055,SCN1A6J_019_741_21,0,0.0,15,1.0,0.3312,21.47
2026-07-26 17:35:30,055,SCN1A6J_019_741_21,0,0.0,15,1.0,0.3348,21.45
2026-07-26 17:45:33,055,SCN1A6J_019_741_21,0,0.0,15,1.0,0.324,21.43
2026-07-26 17:55:35,055,SCN1A6J_019_741_21,0,0.0,15,1.0,0.3348,21.41
2026-07-26 18:05:39,055,SCN1A6J_019_741_21,0,0.0,15,1.0,0.0,21.42
2026-07-26 18:15:42,055,SCN1A6J_019_741_21,129,0.215,9,0.736,0.0,21.59
2026-07-26 18:25:45,055,SCN1A6J_019_741_21,220,0.365,3,0.353,0.0,21.87
2026-07-26 18:35:48,055,SCN1A6J_019_741_21,203,0.337,3,0.372,0.0,21.9
2026-07-26 18:45:51,055,SCN1A6J_019_741_21,157,0.261,7,0.641,0.0,21.9
2026-07-26 18:55:54,055,SCN1A6J_019_741_21,138,0.23,6,0.635,0.0,21.9
2026-07-26 19:05:58,055,SCN1A6J_019_741_21,259,0.431,1,0.134,0.0,21.98
2026-07-26 19:16:00,055,SCN1A6J_019_741_21,125,0.208,8,0.719,0.0,21.9
2026-07-26 19:26:04,055,SCN1A6J_019_741_21,185,0.308,4,0.464,0.0,21.92
2026-07-26 19:36:06,055,SCN1A6J_019_741_21,214,0.356,3,0.359,0.0,22.1
2026-07-26 19:46:10,055,SCN1A6J_019_741_21,156,0.259,7,0.642,0.0,22.02
2026-07-26 19:56:13,055,SCN1A6J_019_741_21,250,0.416,5,0.444,0.0,21.95
2026-07-26 20:06:16,055,SCN1A6J_019_741_21,168,0.279,5,0.543,0.0,21.93
2026-07-26 20:16:19,055,SCN1A6J_019_741_21,75,0.125,10,0.842,0.0,21.9
2026-07-26 20:26:22,055,SCN1A6J_019_741_21,220,0.366,1,0.154,0.0,22.26
2026-07-26 20:36:24,055,SCN1A6J_019_741_21,152,0.253,6,0.612,0.0,22.08
2026-07-26 20:46:26,055,SCN1A6J_019_741_21,205,0.342,2,0.281,0.0,22.05
2026-07-26 20:56:42,055,SCN1A6J_019_741_21,66,0.11,10,0.858,0.0,22.16
2026-07-26 21:06:44,055,SCN1A6J_019_741_21,265,0.441,1,0.131,0.0,22.39
2026-07-26 21:16:47,055,SCN1A6J_019_741_21,240,0.399,4,0.4,0.0,22.25
2026-07-26 21:26:50,055,SCN1A6J_019_741_21,118,0.196,7,0.704,0.0,22.25
2026-07-26 21:36:54,055,SCN1A6J_019_741_21,141,0.235,8,0.694,0.0,22.19
2026-07-26 21:46:57,055,SCN1A6J_019_741_21,270,0.449,1,0.129,0.0,22.04
2026-07-26 21:57:00,055,SCN1A6J_019_741_21,150,0.25,7,0.651,0.0,22.1
2026-07-26 22:07:02,055,SCN1A6J_019_741_21,124,0.206,9,0.744,0.0,22.21
2026-07-26 22:17:05,055,SCN1A6J_019_741_21,222,0.369,3,0.351,0.0,22.31
2026-07-26 22:27:09,055,SCN1A6J_019_741_21,179,0.298,4,0.472,0.0,22.31
2026-07-26 22:37:11,055,SCN1A6J_019_741_21,0,0.0,15,1.0,0.0,22.06
2026-07-26 22:47:13,055,SCN1A6J_019_741_21,11,0.018,13,0.979,0.0,21.89
2026-07-26 22:57:16,055,SCN1A6J_019_741_21,130,0.216,7,0.683,0.0,21.92
2026-07-26 23:07:18,055,SCN1A6J_019_741_21,148,0.246,5,0.575,0.0,22.08
2026-07-26 23:17:21,055,SCN1A6J_019_741_21,175,0.291,5,0.533,0.0,21.93
2026-07-26 23:27:25,055,SCN1A6J_019_741_21,233,0.388,4,0.407,0.0,22.01
2026-07-26 23:37:27,055,SCN1A6J_019_741_21,263,0.438,2,0.233,0.0,22.15
2026-07-26 23:47:31,055,SCN1A6J_019_741_21,164,0.273,3,0.423,0.0,22.09
2026-07-26 23:57:34,055,SCN1A6J_019_741_21,200,0.332,9,0.643,0.0,21.95
2026-07-25 00:08:33,022,SCN1A6J_019_741_22,174,0.289,0,0.0,0.0,21.51
2026-07-25 00:18:35,022,SCN1A6J_019_741_22,101,0.168,10,0.798,0.0,21.5
2026-07-25 00:28:38,022,SCN1A6J_019_741_22,136,0.226,5,0.595,0.0,21.55
2026-07-25 00:38:41,022,SCN1A6J_019_741_22,151,0.251,4,0.514,0.0,22.14
2026-07-25 00:49:11,022,SCN1A6J_019_741_22,54,0.09,8,0.856,0.0,22.14
2026-07-25 00:59:14,022,SCN1A6J_019_741_22,24,0.04,13,0.956,0.0,21.88
2026-07-25 01:09:17,022,SCN1A6J_019_741_22,78,0.13,7,0.782,0.0,21.94
2026-07-25 01:19:20,022,SCN1A6J_019_741_22,0,0.0,15,1.0,0.0,21.68
2026-07-25 01:29:23,022,SCN1A6J_019_741_22,21,0.035,13,0.961,0.0,21.53
2026-07-25 01:39:26,022,SCN1A6J_019_741_22,35,0.058,12,0.932,0.0,21.44
2026-07-25 01:49:29,022,SCN1A6J_019_741_22,0,0.0,15,1.0,0.0,21.32
2026-07-25 01:59:33,022,SCN1A6J_019_741_22,0,0.0,15,1.0,0.0,21.25
2026-07-25 02:09:36,022,SCN1A6J_019_741_22,0,0.0,15,1.0,0.0,21.17
2026-07-25 02:19:38,022,SCN1A6J_019_741_22,0,0.0,14,1.0,0.0,21.12
2026-07-25 02:29:41,022,SCN1A6J_019_741_22,0,0.0,15,1.0,0.0,21.08
2026-07-25 02:39:44,022,SCN1A6J_019_741_22,0,0.0,14,1.0,0.0,21.05
2026-07-25 02:49:47,022,SCN1A6J_019_741_22,0,0.0,15,1.0,0.0,21.04
2026-07-25 02:59:50,022,SCN1A6J_019_741_22,0,0.0,14,1.0,0.0,21.01
2026-07-25 03:09:54,022,SCN1A6J_019_741_22,0,0.0,15,1.0,0.0,20.98
2026-07-25 03:19:57,022,SCN1A6J_019_741_22,0,0.0,14,1.0,0.0,20.98
2026-07-25 03:30:00,022,SCN1A6J_019_741_22,0,0.0,15,1.0,0.0,20.95
2026-07-25 03:40:03,022,SCN1A6J_019_741_22,43,0.072,11,0.911,0.0,21.08
2026-07-25 03:50:06,022,SCN1A6J_019_741_22,76,0.126,7,0.787,0.0,21.29
2026-07-25 04:00:09,022,SCN1A6J_019_741_22,7,0.012,13,0.987,0.0,21.22
2026-07-25 04:10:12,022,SCN1A6J_019_741_22,0,0.0,15,1.0,0.0,21.15
2026-07-25 04:20:14,022,SCN1A6J_019_741_22,0,0.0,14,1.0,0.0,21.09
2026-07-25 04:30:17,022,SCN1A6J_019_741_22,0,0.0,15,1.0,0.0,21.05
2026-07-25 04:40:21,022,SCN1A6J_019_741_22,0,0.0,15,1.0,0.0,21.01
2026-07-25 04:50:50,022,SCN1A6J_019_741_22,0,0.0,14,1.0,0.0,21.06
2026-07-25 05:00:52,022,SCN1A6J_019_741_22,0,0.0,14,1.0,0.0,21.0
2026-07-25 05:10:55,022,SCN1A6J_019_741_22,0,0.0,15,1.0,0.0,20.98
2026-07-25 05:20:59,022,SCN1A6J_019_741_22,80,0.133,7,0.778,0.0,21.08
2026-07-25 05:31:01,022,SCN1A6J_019_741_22,44,0.073,10,0.901,0.0,21.15
2026-07-25 05:41:04,022,SCN1A6J_019_741_22,14,0.023,11,0.969,0.0,21.15
2026-07-25 05:51:07,022,SCN1A6J_019_741_22,32,0.053,12,0.938,0.0,21.13
2026-07-25 06:01:10,022,SCN1A6J_019_741_22,0,0.0,15,1.0,0.1404,21.1
2026-07-25 06:11:14,022,SCN1A6J_019_741_22,0,0.0,15,1.0,0.1296,21.05
2026-07-25 06:21:17,022,SCN1A6J_019_741_22,0,0.0,15,1.0,0.1296,21.02
2026-07-25 06:31:20,022,SCN1A6J_019_741_22,0,0.0,14,1.0,0.1296,21.0
2026-07-25 06:41:23,022,SCN1A6J_019_741_22,0,0.0,15,1.0,0.1296,20.99
2026-07-25 06:51:26,022,SCN1A6J_019_741_22,0,0.0,14,1.0,0.1296,20.97
2026-07-25 07:01:29,022,SCN1A6J_019_741_22,0,0.0,15,1.0,0.1296,20.96
2026-07-25 07:11:32,022,SCN1A6J_019_741_22,0,0.0,15,1.0,0.1296,20.94
2026-07-25 07:21:35,022,SCN1A6J_019_741_22,0,0.0,14,1.0,0.1332,20.95
2026-07-25 07:31:38,022,SCN1A6J_019_741_22,0,0.0,15,1.0,0.1332,20.93
2026-07-25 07:41:41,022,SCN1A6J_019_741_22,6,0.01,14,0.989,0.1332,20.95
2026-07-25 07:51:44,022,SCN1A6J_019_741_22,0,0.0,14,1.0,0.1332,20.95
2026-07-25 08:01:47,022,SCN1A6J_019_741_22,0,0.0,15,1.0,0.1332,20.94
2026-07-25 08:11:51,022,SCN1A6J_019_741_22,0,0.0,15,1.0,0.1296,20.94
2026-07-25 08:21:53,022,SCN1A6J_019_741_22,0,0.0,14,1.0,0.1296,20.94
2026-07-25 08:31:56,022,SCN1A6J_019_741_22,0,0.0,14,1.0,0.1332,20.94
2026-07-25 08:41:59,022,SCN1A6J_019_741_22,0,0.0,15,1.0,0.1332,20.93
2026-07-25 08:52:33,022,SCN1A6J_019_741_22,0,0.0,14,1.0,0.1332,21.0
2026-07-25 09:02:36,022,SCN1A6J_019_741_22,8,0.013,13,0.985,0.1296,21.01
2026-07-25 09:12:38,022,SCN1A6J_019_741_22,0,0.0,14,1.0,0.1296,20.98
2026-07-25 09:22:41,022,SCN1A6J_019_741_22,0,0.0,15,1.0,0.1296,20.97
2026-07-25 09:32:44,022,SCN1A6J_019_741_22,0,0.0,14,1.0,0.1296,20.96
2026-07-25 09:42:48,022,SCN1A6J_019_741_22,0,0.0,15,1.0,0.1296,20.96
2026-07-25 09:52:51,022,SCN1A6J_019_741_22,0,0.0,15,1.0,0.1548,20.97
2026-07-25 10:02:54,022,SCN1A6J_019_741_22,0,0.0,15,1.0,0.144,20.96
2026-07-25 10:12:57,022,SCN1A6J_019_741_22,0,0.0,14,1.0,0.1296,20.97
2026-07-25 10:23:00,022,SCN1A6J_019_741_22,0,0.0,15,1.0,0.1296,20.95
2026-07-25 10:33:03,022,SCN1A6J_019_741_22,0,0.0,15,1.0,0.1296,20.94
2026-07-25 10:43:05,022,SCN1A6J_019_741_22,0,0.0,14,1.0,0.1296,20.93
2026-07-25 10:53:08,022,SCN1A6J_019_741_22,0,0.0,15,1.0,0.1332,20.93
2026-07-25 11:03:11,022,SCN1A6J_019_741_22,6,0.01,14,0.989,0.1152,20.92
2026-07-25 11:13:15,022,SCN1A6J_019_741_22,13,0.022,13,0.976,0.1296,20.96
2026-07-25 11:23:17,022,SCN1A6J_019_741_22,0,0.0,14,1.0,0.1296,20.94
2026-07-25 11:33:20,022,SCN1A6J_019_741_22,0,0.0,14,1.0,0.1296,20.95
2026-07-25 11:43:23,022,SCN1A6J_019_741_22,0,0.0,14,1.0,0.1296,20.94
2026-07-25 11:53:26,022,SCN1A6J_019_741_22,0,0.0,15,1.0,0.1296,20.95
2026-07-25 12:03:29,022,SCN1A6J_019_741_22,0,0.0,14,1.0,0.1296,20.95
2026-07-25 12:13:33,022,SCN1A6J_019_741_22,0,0.0,15,1.0,0.1296,20.95
2026-07-25 12:23:36,022,SCN1A6J_019_741_22,0,0.0,15,1.0,0.1296,20.95
2026-07-25 12:33:39,022,SCN1A6J_019_741_22,0,0.0,15,1.0,0.1296,20.96
2026-07-25 12:43:42,022,SCN1A6J_019_741_22,0,0.0,14,1.0,0.1296,20.96
2026-07-25 12:54:16,022,SCN1A6J_019_741_22,0,0.0,14,1.0,0.1332,21.03
2026-07-25 13:04:19,022,SCN1A6J_019_741_22,0,0.0,14,1.0,0.1296,21.01
2026-07-25 13:14:22,022,SCN1A6J_019_741_22,0,0.0,15,1.0,0.1296,20.99
2026-07-25 13:24:25,022,SCN1A6J_019_741_22,0,0.0,15,1.0,0.1296,20.99
2026-07-25 13:34:28,022,SCN1A6J_019_741_22,0,0.0,14,1.0,0.1296,20.98
2026-07-25 13:44:31,022,SCN1A6J_019_741_22,0,0.0,14,1.0,0.1296,20.98
2026-07-25 13:54:34,022,SCN1A6J_019_741_22,10,0.017,14,0.982,0.1152,20.98
2026-07-25 14:04:37,022,SCN1A6J_019_741_22,25,0.042,11,0.946,0.1296,21.06
2026-07-25 14:14:40,022,SCN1A6J_019_741_22,0,0.0,15,1.0,0.1296,21.05
2026-07-25 14:24:43,022,SCN1A6J_019_741_22,0,0.0,15,1.0,0.1296,21.04
2026-07-25 14:34:46,022,SCN1A6J_019_741_22,0,0.0,15,1.0,0.1296,21.02
2026-07-25 14:44:49,022,SCN1A6J_019_741_22,0,0.0,14,1.0,0.1296,21.01
2026-07-25 14:54:51,022,SCN1A6J_019_741_22,0,0.0,14,1.0,0.1296,20.99
2026-07-25 15:04:55,022,SCN1A6J_019_741_22,0,0.0,15,1.0,0.1332,21.0
2026-07-25 15:14:58,022,SCN1A6J_019_741_22,0,0.0,15,1.0,0.1332,20.99
2026-07-25 15:25:01,022,SCN1A6J_019_741_22,29,0.048,12,0.943,0.1152,21.01
2026-07-25 15:35:05,022,SCN1A6J_019_741_22,13,0.022,13,0.976,0.1404,21.06
2026-07-25 15:45:08,022,SCN1A6J_019_741_22,0,0.0,15,1.0,0.1404,21.03
2026-07-25 15:55:11,022,SCN1A6J_019_741_22,0,0.0,14,1.0,0.1404,21.04
2026-07-25 16:05:13,022,SCN1A6J_019_741_22,0,0.0,14,1.0,0.1404,21.01
2026-07-25 16:15:15,022,SCN1A6J_019_741_22,0,0.0,14,1.0,0.1404,21.0
2026-07-25 16:25:18,022,SCN1A6J_019_741_22,0,0.0,14,1.0,0.1404,20.99
2026-07-25 16:35:22,022,SCN1A6J_019_741_22,0,0.0,15,1.0,0.1404,21.0
2026-07-25 16:45:25,022,SCN1A6J_019_741_22,11,0.018,14,0.981,0.126,21.0
2026-07-25 16:55:58,022,SCN1A6J_019_741_22,80,0.134,10,0.833,0.1368,21.22
2026-07-25 17:06:02,022,SCN1A6J_019_741_22,0,0.0,15,1.0,0.1404,21.13
2026-07-25 17:16:04,022,SCN1A6J_019_741_22,1,0.002,14,0.998,0.1404,21.09
2026-07-25 17:26:08,022,SCN1A6J_019_741_22,11,0.018,13,0.979,0.1224,21.08
2026-07-25 17:36:10,022,SCN1A6J_019_741_22,11,0.018,14,0.981,0.1296,21.07
2026-07-25 17:46:13,022,SCN1A6J_019_741_22,0,0.0,15,1.0,0.1296,21.06
2026-07-25 17:56:17,022,SCN1A6J_019_741_22,0,0.0,15,1.0,0.1296,21.03
2026-07-25 18:06:20,022,SCN1A6J_019_741_22,0,0.0,15,1.0,0.0,21.03
2026-07-25 18:16:23,022,SCN1A6J_019_741_22,57,0.095,7,0.831,0.0,21.12
2026-07-25 18:26:26,022,SCN1A6J_019_741_22,121,0.201,5,0.623,0.0,21.31
2026-07-25 18:36:30,022,SCN1A6J_019_741_22,72,0.12,6,0.769,0.0,21.58
2026-07-25 18:46:33,022,SCN1A6J_019_741_22,47,0.078,11,0.903,0.0,21.54
2026-07-25 18:56:36,022,SCN1A6J_019_741_22,0,0.0,14,1.0,0.0,21.39
2026-07-25 19:06:39,022,SCN1A6J_019_741_22,0,0.0,14,1.0,0.0,21.28
2026-07-25 19:16:41,022,SCN1A6J_019_741_22,0,0.0,14,1.0,0.0,21.2
2026-07-25 19:26:44,022,SCN1A6J_019_741_22,61,0.101,8,0.84,0.0,21.28
2026-07-25 19:36:47,022,SCN1A6J_019_741_22,195,0.324,2,0.291,0.0,21.63
2026-07-25 19:46:50,022,SCN1A6J_019_741_22,126,0.21,5,0.613,0.0,21.74
2026-07-25 19:56:53,022,SCN1A6J_019_741_22,0,0.0,15,1.0,0.0,21.54
2026-07-25 20:06:56,022,SCN1A6J_019_741_22,0,0.0,15,1.0,0.0,21.38
2026-07-25 20:16:59,022,SCN1A6J_019_741_22,0,0.0,14,1.0,0.0,21.28
2026-07-25 20:27:02,022,SCN1A6J_019_741_22,0,0.0,15,1.0,0.0,21.19
2026-07-25 20:37:05,022,SCN1A6J_019_741_22,113,0.188,4,0.586,0.0,21.38
2026-07-25 20:47:08,022,SCN1A6J_019_741_22,116,0.193,2,0.408,0.0,21.57
2026-07-25 20:57:40,022,SCN1A6J_019_741_22,131,0.219,2,0.379,0.0,21.72
2026-07-25 21:07:43,022,SCN1A6J_019_741_22,81,0.135,8,0.798,0.0,21.75
2026-07-25 21:17:46,022,SCN1A6J_019_741_22,0,0.0,15,1.0,0.0,21.55
2026-07-25 21:27:49,022,SCN1A6J_019_741_22,0,0.0,14,1.0,0.0,21.38
2026-07-25 21:37:52,022,SCN1A6J_019_741_22,0,0.0,14,1.0,0.0,21.28
2026-07-25 21:47:55,022,SCN1A6J_019_741_22,27,0.045,12,0.947,0.0,21.21
2026-07-25 21:57:58,022,SCN1A6J_019_741_22,133,0.221,5,0.601,0.0,21.43
2026-07-25 22:08:01,022,SCN1A6J_019_741_22,88,0.146,7,0.761,0.0,21.49
2026-07-25 22:18:04,022,SCN1A6J_019_741_22,101,0.168,3,0.543,0.0,21.66
2026-07-25 22:28:07,022,SCN1A6J_019_741_22,87,0.145,4,0.648,0.0,21.73
2026-07-25 22:38:10,022,SCN1A6J_019_741_22,84,0.14,3,0.588,0.0,21.64
2026-07-25 22:48:13,022,SCN1A6J_019_741_22,121,0.201,5,0.623,0.0,21.6
2026-07-25 22:58:16,022,SCN1A6J_019_741_22,165,0.274,3,0.421,0.0,21.95
2026-07-25 23:08:19,022,SCN1A6J_019_741_22,69,0.115,7,0.802,0.0,21.85
2026-07-25 23:18:22,022,SCN1A6J_019_741_22,0,0.0,15,1.0,0.0,21.62
2026-07-25 23:28:25,022,SCN1A6J_019_741_22,0,0.0,15,1.0,0.0,21.43
2026-07-25 23:38:28,022,SCN1A6J_019_741_22,0,0.0,14,1.0,0.0,21.3
2026-07-25 23:48:31,022,SCN1A6J_019_741_22,0,0.0,14,1.0,0.0,21.21
2026-07-25 23:58:34,022,SCN1A6J_019_741_22,1,0.002,14,0.998,0.0,21.13
2026-07-26 00:08:37,022,SCN1A6J_019_741_22,0,0.0,15,1.0,0.0,21.08
2026-07-26 00:18:40,022,SCN1A6J_019_741_22,0,0.0,15,1.0,0.0,21.05
2026-07-26 00:28:43,022,SCN1A6J_019_741_22,0,0.0,15,1.0,0.0,21.01
2026-07-26 00:38:46,022,SCN1A6J_019_741_22,0,0.0,15,1.0,0.0,20.99
2026-07-26 00:48:49,022,SCN1A6J_019_741_22,4,0.007,14,0.993,0.0,20.97
2026-07-26 00:59:18,022,SCN1A6J_019_741_22,151,0.252,3,0.443,0.0,21.26
2026-07-26 01:09:21,022,SCN1A6J_019_741_22,101,0.168,6,0.704,0.0,21.41
2026-07-26 01:19:24,022,SCN1A6J_019_741_22,15,0.025,14,0.974,0.0,21.33
2026-07-26 01:29:27,022,SCN1A6J_019_741_22,0,0.0,15,1.0,0.0,21.21
2026-07-26 01:39:30,022,SCN1A6J_019_741_22,0,0.0,14,1.0,0.0,21.13
2026-07-26 01:49:33,022,SCN1A6J_019_741_22,0,0.0,15,1.0,0.0,21.07
2026-07-26 01:59:36,022,SCN1A6J_019_741_22,0,0.0,15,1.0,0.0,21.03
2026-07-26 02:09:39,022,SCN1A6J_019_741_22,0,0.0,15,1.0,0.0,21.01
2026-07-26 02:19:43,022,SCN1A6J_019_741_22,0,0.0,15,1.0,0.0,20.98
2026-07-26 02:29:46,022,SCN1A6J_019_741_22,9,0.015,12,0.982,0.0,21.0
2026-07-26 02:39:49,022,SCN1A6J_019_741_22,99,0.164,4,0.618,0.0,21.16
2026-07-26 02:49:52,022,SCN1A6J_019_741_22,131,0.218,4,0.55,0.0,21.37
2026-07-26 02:59:55,022,SCN1A6J_019_741_22,0,0.0,14,1.0,0.0,21.28
2026-07-26 03:09:58,022,SCN1A6J_019_741_22,0,0.0,15,1.0,0.0,21.18
2026-07-26 03:20:02,022,SCN1A6J_019_741_22,0,0.0,15,1.0,0.0,21.1
2026-07-26 03:30:04,022,SCN1A6J_019_741_22,0,0.0,14,1.0,0.0,21.06
2026-07-26 03:40:07,022,SCN1A6J_019_741_22,0,0.0,14,1.0,0.0,21.02
2026-07-26 03:50:09,022,SCN1A6J_019_741_22,0,0.0,14,1.0,0.0,20.99
2026-07-26 04:00:12,022,SCN1A6J_019_741_22,0,0.0,14,1.0,0.0,20.96
2026-07-26 04:10:15,022,SCN1A6J_019_741_22,2,0.003,14,0.996,0.0,20.94
2026-07-26 04:20:18,022,SCN1A6J_019_741_22,151,0.251,1,0.209,0.0,21.2
2026-07-26 04:30:21,022,SCN1A6J_019_741_22,29,0.048,12,0.943,0.0,21.27
2026-07-26 04:40:24,022,SCN1A6J_019_741_22,0,0.0,14,1.0,0.0,21.2
2026-07-26 04:50:27,022,SCN1A6J_019_741_22,0,0.0,14,1.0,0.0,21.11
2026-07-26 05:00:50,022,SCN1A6J_019_741_22,0,0.0,14,1.0,0.0,21.1
2026-07-26 05:10:53,022,SCN1A6J_019_741_22,108,0.18,7,0.722,0.0,21.2
2026-07-26 05:20:56,022,SCN1A6J_019_741_22,15,0.025,13,0.972,0.0,21.18
2026-07-26 05:30:59,022,SCN1A6J_019_741_22,90,0.15,4,0.64,0.0,21.44
2026-07-26 05:41:02,022,SCN1A6J_019_741_22,0,0.0,14,1.0,0.0,21.33
2026-07-26 05:51:05,022,SCN1A6J_019_741_22,0,0.0,14,1.0,0.0,21.22
2026-07-26 06:01:08,022,SCN1A6J_019_741_22,0,0.0,15,1.0,0.1368,21.13
2026-07-26 06:11:11,022,SCN1A6J_019_741_22,0,0.0,14,1.0,0.1368,21.09
2026-07-26 06:21:14,022,SCN1A6J_019_741_22,0,0.0,15,1.0,0.1368,21.05
2026-07-26 06:31:17,022,SCN1A6J_019_741_22,0,0.0,15,1.0,0.1368,21.03
2026-07-26 06:41:20,022,SCN1A6J_019_741_22,0,0.0,15,1.0,0.1368,21.01
2026-07-26 06:51:23,022,SCN1A6J_019_741_22,0,0.0,15,1.0,0.1368,20.99
2026-07-26 07:01:26,022,SCN1A6J_019_741_22,0,0.0,14,1.0,0.1368,20.96
2026-07-26 07:11:29,022,SCN1A6J_019_741_22,0,0.0,14,1.0,0.1368,20.96
2026-07-26 07:21:32,022,SCN1A6J_019_741_22,0,0.0,15,1.0,0.1368,20.95
2026-07-26 07:31:35,022,SCN1A6J_019_741_22,0,0.0,14,1.0,0.1368,20.96
2026-07-26 07:41:38,022,SCN1A6J_019_741_22,0,0.0,14,1.0,0.1368,20.94
2026-07-26 07:51:40,022,SCN1A6J_019_741_22,0,0.0,14,1.0,0.1368,20.94
2026-07-26 08:01:44,022,SCN1A6J_019_741_22,0,0.0,15,1.0,0.1368,20.94
2026-07-26 08:11:47,022,SCN1A6J_019_741_22,33,0.055,11,0.93,0.126,21.02
2026-07-26 08:21:50,022,SCN1A6J_019_741_22,47,0.078,11,0.903,0.1296,21.15
2026-07-26 08:31:53,022,SCN1A6J_019_741_22,13,0.022,11,0.971,0.1224,21.16
2026-07-26 08:41:56,022,SCN1A6J_019_741_22,0,0.0,15,1.0,0.1224,21.12
2026-07-26 08:51:59,022,SCN1A6J_019_741_22,0,0.0,14,1.0,0.1224,21.09
2026-07-26 09:02:26,022,SCN1A6J_019_741_22,0,0.0,14,1.0,0.1224,21.11
2026-07-26 09:12:30,022,SCN1A6J_019_741_22,0,0.0,15,1.0,0.1224,21.06
2026-07-26 09:22:33,022,SCN1A6J_019_741_22,0,0.0,14,1.0,0.144,21.03
2026-07-26 09:32:36,022,SCN1A6J_019_741_22,0,0.0,14,1.0,0.306,21.05
2026-07-26 09:42:38,022,SCN1A6J_019_741_22,0,0.0,14,1.0,0.306,21.08
2026-07-26 09:52:42,022,SCN1A6J_019_741_22,0,0.0,14,1.0,0.1476,21.11
2026-07-26 10:02:44,022,SCN1A6J_019_741_22,0,0.0,14,1.0,0.1476,21.13
2026-07-26 10:12:47,022,SCN1A6J_019_741_22,0,0.0,15,1.0,0.1224,21.12
2026-07-26 10:22:51,022,SCN1A6J_019_741_22,0,0.0,15,1.0,0.1224,21.11
2026-07-26 10:32:54,022,SCN1A6J_019_741_22,0,0.0,15,1.0,0.1224,21.09
2026-07-26 10:42:57,022,SCN1A6J_019_741_22,12,0.02,13,0.977,0.1296,21.09
2026-07-26 10:53:00,022,SCN1A6J_019_741_22,0,0.0,14,1.0,0.1224,21.09
2026-07-26 11:03:03,022,SCN1A6J_019_741_22,0,0.0,15,1.0,0.1224,21.07
2026-07-26 11:13:07,022,SCN1A6J_019_741_22,0,0.0,15,1.0,0.1224,21.07
2026-07-26 11:23:10,022,SCN1A6J_019_741_22,0,0.0,15,1.0,0.1224,21.06
2026-07-26 11:33:13,022,SCN1A6J_019_741_22,0,0.0,15,1.0,0.1224,21.05
2026-07-26 11:43:17,022,SCN1A6J_019_741_22,0,0.0,15,1.0,0.1224,21.05
2026-07-26 11:53:20,022,SCN1A6J_019_741_22,0,0.0,15,1.0,0.1224,21.05
2026-07-26 12:03:23,022,SCN1A6J_019_741_22,0,0.0,14,1.0,0.1224,21.05
2026-07-26 12:13:26,022,SCN1A6J_019_741_22,0,0.0,14,1.0,0.1224,21.06
2026-07-26 12:23:29,022,SCN1A6J_019_741_22,0,0.0,14,1.0,0.1224,21.06
2026-07-26 12:33:31,022,SCN1A6J_019_741_22,0,0.0,14,1.0,0.1224,21.06
2026-07-26 12:43:34,022,SCN1A6J_019_741_22,0,0.0,14,1.0,0.1224,21.05
2026-07-26 12:53:37,022,SCN1A6J_019_741_22,11,0.018,13,0.979,0.1224,21.08
2026-07-26 13:04:04,022,SCN1A6J_019_741_22,0,0.0,14,1.0,0.1224,21.13
2026-07-26 13:14:07,022,SCN1A6J_019_741_22,0,0.0,14,1.0,0.1224,21.1
2026-07-26 13:24:09,022,SCN1A6J_019_741_22,0,0.0,14,1.0,0.144,21.08
2026-07-26 13:34:13,022,SCN1A6J_019_741_22,0,0.0,15,1.0,0.1476,21.06
2026-07-26 13:44:15,022,SCN1A6J_019_741_22,0,0.0,14,1.0,0.1476,21.06
2026-07-26 13:54:18,022,SCN1A6J_019_741_22,0,0.0,14,1.0,0.1224,21.05
2026-07-26 14:04:21,022,SCN1A6J_019_741_22,0,0.0,15,1.0,0.1224,21.04
2026-07-26 14:14:25,022,SCN1A6J_019_741_22,0,0.0,14,1.0,0.1224,21.04
2026-07-26 14:24:27,022,SCN1A6J_019_741_22,0,0.0,14,1.0,0.1548,21.04
2026-07-26 14:34:31,022,SCN1A6J_019_741_22,0,0.0,15,1.0,0.1548,21.03
2026-07-26 14:44:33,022,SCN1A6J_019_741_22,29,0.048,12,0.943,0.1368,21.11
2026-07-26 14:54:36,022,SCN1A6J_019_741_22,2,0.003,14,0.996,0.1512,21.12
2026-07-26 15:04:39,022,SCN1A6J_019_741_22,0,0.0,15,1.0,0.1512,21.09
2026-07-26 15:14:42,022,SCN1A6J_019_741_22,0,0.0,14,1.0,0.1512,21.06
2026-07-26 15:24:45,022,SCN1A6J_019_741_22,0,0.0,15,1.0,0.1512,21.01
2026-07-26 15:34:48,022,SCN1A6J_019_741_22,0,0.0,14,1.0,0.1512,20.97
2026-07-26 15:44:50,022,SCN1A6J_019_741_22,0,0.0,14,1.0,0.1512,20.92
2026-07-26 15:54:54,022,SCN1A6J_019_741_22,0,0.0,15,1.0,0.1512,20.88
2026-07-26 16:04:57,022,SCN1A6J_019_741_22,0,0.0,15,1.0,0.1512,20.87
2026-07-26 16:15:00,022,SCN1A6J_019_741_22,12,0.02,13,0.977,0.144,20.85
2026-07-26 16:25:02,022,SCN1A6J_019_741_22,21,0.035,13,0.961,0.1512,20.9
2026-07-26 16:35:05,022,SCN1A6J_019_741_22,0,0.0,14,1.0,0.1512,20.9
2026-07-26 16:45:07,022,SCN1A6J_019_741_22,0,0.0,14,1.0,0.1296,20.9
2026-07-26 16:55:11,022,SCN1A6J_019_741_22,0,0.0,15,1.0,0.1404,20.89
2026-07-26 17:05:37,022,SCN1A6J_019_741_22,0,0.0,14,1.0,0.1296,20.95
2026-07-26 17:15:40,022,SCN1A6J_019_741_22,0,0.0,14,1.0,0.1404,20.92
2026-07-26 17:25:44,022,SCN1A6J_019_741_22,58,0.097,8,0.847,0.1296,21.07
2026-07-26 17:35:46,022,SCN1A6J_019_741_22,0,0.0,14,1.0,0.1296,21.04
2026-07-26 17:45:49,022,SCN1A6J_019_741_22,29,0.048,12,0.943,0.0936,21.06
2026-07-26 17:55:52,022,SCN1A6J_019_741_22,21,0.035,12,0.958,0.1368,21.12
2026-07-26 18:05:55,022,SCN1A6J_019_741_22,0,0.0,15,1.0,0.0,21.09
2026-07-26 18:15:58,022,SCN1A6J_019_741_22,0,0.0,14,1.0,0.0,21.05
2026-07-26 18:26:01,022,SCN1A6J_019_741_22,0,0.0,15,1.0,0.0,21.01
2026-07-26 18:36:04,022,SCN1A6J_019_741_22,51,0.085,12,0.904,0.0,21.1
2026-07-26 18:46:07,022,SCN1A6J_019_741_22,126,0.21,5,0.613,0.0,21.31
2026-07-26 18:56:10,022,SCN1A6J_019_741_22,36,0.06,12,0.93,0.0,21.48
2026-07-26 19:06:12,022,SCN1A6J_019_741_22,45,0.075,8,0.877,0.0,21.53
2026-07-26 19:16:15,022,SCN1A6J_019_741_22,0,0.0,14,1.0,0.0,21.4
2026-07-26 19:26:17,022,SCN1A6J_019_741_22,0,0.0,14,1.0,0.0,21.31
2026-07-26 19:36:20,022,SCN1A6J_019_741_22,0,0.0,14,1.0,0.0,21.25
2026-07-26 19:46:23,022,SCN1A6J_019_741_22,0,0.0,14,1.0,0.0,21.19
2026-07-26 19:56:26,022,SCN1A6J_019_741_22,0,0.0,14,1.0,0.0,21.16
2026-07-26 20:06:29,022,SCN1A6J_019_741_22,17,0.028,12,0.966,0.0,21.15
2026-07-26 20:16:32,022,SCN1A6J_019_741_22,48,0.08,8,0.87,0.0,21.38
2026-07-26 20:26:35,022,SCN1A6J_019_741_22,10,0.017,14,0.982,0.0,21.35
2026-07-26 20:36:38,022,SCN1A6J_019_741_22,0,0.0,14,1.0,0.0,21.27
2026-07-26 20:46:41,022,SCN1A6J_019_741_22,0,0.0,14,1.0,0.0,21.2
2026-07-26 20:56:44,022,SCN1A6J_019_741_22,0,0.0,14,1.0,0.0,21.14
2026-07-26 21:07:20,022,SCN1A6J_019_741_22,0,0.0,14,1.0,0.0,21.18
2026-07-26 21:17:23,022,SCN1A6J_019_741_22,0,0.0,15,1.0,0.0,21.11
2026-07-26 21:27:26,022,SCN1A6J_019_741_22,0,0.0,14,1.0,0.0,21.07
2026-07-26 21:37:29,022,SCN1A6J_019_741_22,36,0.06,12,0.93,0.0,21.1
2026-07-26 21:47:32,022,SCN1A6J_019_741_22,31,0.052,11,0.934,0.0,21.16
2026-07-26 21:57:34,022,SCN1A6J_019_741_22,43,0.072,7,0.867,0.0,21.29
2026-07-26 22:07:38,022,SCN1A6J_019_741_22,35,0.058,12,0.932,0.0,21.44
2026-07-26 22:17:41,022,SCN1A6J_019_741_22,41,0.068,10,0.907,0.0,21.45
2026-07-26 22:27:44,022,SCN1A6J_019_741_22,0,0.0,14,1.0,0.0,21.34
2026-07-26 22:37:46,022,SCN1A6J_019_741_22,0,0.0,14,1.0,0.0,21.27
2026-07-26 22:47:50,022,SCN1A6J_019_741_22,0,0.0,15,1.0,0.0,21.18
2026-07-26 22:57:53,022,SCN1A6J_019_741_22,0,0.0,14,1.0,0.0,21.13
2026-07-26 23:07:55,022,SCN1A6J_019_741_22,9,0.015,14,0.984,0.0,21.12
2026-07-26 23:17:58,022,SCN1A6J_019_741_22,60,0.1,8,0.842,0.0,21.26
2026-07-26 23:28:01,022,SCN1A6J_019_741_22,30,0.05,10,0.93,0.0,21.33
2026-07-26 23:38:04,022,SCN1A6J_019_741_22,89,0.148,7,0.759,0.0,21.45
2026-07-26 23:48:08,022,SCN1A6J_019_741_22,73,0.121,7,0.793,0.0,21.59
2026-07-26 23:58:11,022,SCN1A6J_019_741_22,16,0.027,13,0.97,0.0,21.54
2026-07-25 00:09:42,003,SCN1A6J_019_741_24,0,0.0,15,1.0,0.0,21.44
2026-07-25 00:19:44,003,SCN1A6J_019_741_24,0,0.0,15,1.0,0.0,21.41
2026-07-25 00:29:47,003,SCN1A6J_019_741_24,186,0.309,5,0.518,0.0,21.51
2026-07-25 00:39:50,003,SCN1A6J_019_741_24,12,0.02,14,0.979,0.0,21.47
2026-07-25 00:49:53,003,SCN1A6J_019_741_24,0,0.0,15,1.0,0.0,21.41
2026-07-25 01:00:23,003,SCN1A6J_019_741_24,0,0.0,15,1.0,0.0,21.42
2026-07-25 01:10:26,003,SCN1A6J_019_741_24,0,0.0,15,1.0,0.0,21.36
2026-07-25 01:20:28,003,SCN1A6J_019_741_24,0,0.0,15,1.0,0.0,21.31
2026-07-25 01:30:31,003,SCN1A6J_019_741_24,148,0.247,9,0.709,0.0,21.39
2026-07-25 01:40:34,003,SCN1A6J_019_741_24,304,0.506,2,0.208,0.0,21.7
2026-07-25 01:50:37,003,SCN1A6J_019_741_24,2,0.003,14,0.996,0.0,21.59
2026-07-25 02:00:40,003,SCN1A6J_019_741_24,0,0.0,15,1.0,0.0,21.49
2026-07-25 02:10:43,003,SCN1A6J_019_741_24,0,0.0,15,1.0,0.0,21.41
2026-07-25 02:20:46,003,SCN1A6J_019_741_24,0,0.0,15,1.0,0.0,21.35
2026-07-25 02:30:48,003,SCN1A6J_019_741_24,0,0.0,15,1.0,0.0,21.3
2026-07-25 02:40:51,003,SCN1A6J_019_741_24,87,0.145,10,0.821,0.0,21.42
2026-07-25 02:50:54,003,SCN1A6J_019_741_24,0,0.0,15,1.0,0.0,21.35
2026-07-25 03:00:57,003,SCN1A6J_019_741_24,0,0.0,15,1.0,0.0,21.3
2026-07-25 03:11:00,003,SCN1A6J_019_741_24,0,0.0,15,1.0,0.0,21.27
2026-07-25 03:21:03,003,SCN1A6J_019_741_24,0,0.0,15,1.0,0.0,21.26
2026-07-25 03:31:07,003,SCN1A6J_019_741_24,158,0.262,8,0.669,0.0,21.34
2026-07-25 03:41:10,003,SCN1A6J_019_741_24,111,0.185,9,0.764,0.0,21.43
2026-07-25 03:51:13,003,SCN1A6J_019_741_24,0,0.0,15,1.0,0.0,21.39
2026-07-25 04:01:16,003,SCN1A6J_019_741_24,0,0.0,15,1.0,0.0,21.34
2026-07-25 04:11:19,003,SCN1A6J_019_741_24,0,0.0,15,1.0,0.0,21.29
2026-07-25 04:21:22,003,SCN1A6J_019_741_24,0,0.0,15,1.0,0.0,21.27
2026-07-25 04:31:25,003,SCN1A6J_019_741_24,30,0.05,13,0.945,0.0,21.28
2026-07-25 04:41:28,003,SCN1A6J_019_741_24,46,0.076,12,0.913,0.0,21.28
2026-07-25 04:51:31,003,SCN1A6J_019_741_24,0,0.0,15,1.0,0.0,21.27
2026-07-25 05:01:59,003,SCN1A6J_019_741_24,0,0.0,15,1.0,0.0,21.3
2026-07-25 05:12:01,003,SCN1A6J_019_741_24,172,0.286,5,0.538,0.0,21.45
2026-07-25 05:22:04,003,SCN1A6J_019_741_24,31,0.052,13,0.944,0.0,21.4
2026-07-25 05:32:06,003,SCN1A6J_019_741_24,0,0.0,15,1.0,0.0,21.35
2026-07-25 05:42:09,003,SCN1A6J_019_741_24,0,0.0,15,1.0,0.0,21.3
2026-07-25 05:52:12,003,SCN1A6J_019_741_24,0,0.0,15,1.0,0.0,21.27
2026-07-25 06:02:15,003,SCN1A6J_019_741_24,0,0.0,15,1.0,2.0016,21.25
2026-07-25 06:12:18,003,SCN1A6J_019_741_24,0,0.0,15,1.0,1.98,21.26
2026-07-25 06:22:21,003,SCN1A6J_019_741_24,0,0.0,15,1.0,1.98,21.27
2026-07-25 06:32:24,003,SCN1A6J_019_741_24,32,0.053,13,0.942,1.9728,21.31
2026-07-25 06:42:27,003,SCN1A6J_019_741_24,0,0.0,15,1.0,1.9764,21.33
2026-07-25 06:52:30,003,SCN1A6J_019_741_24,0,0.0,15,1.0,1.9656,21.34
2026-07-25 07:02:33,003,SCN1A6J_019_741_24,0,0.0,15,1.0,1.9656,21.35
2026-07-25 07:12:36,003,SCN1A6J_019_741_24,0,0.0,15,1.0,1.9692,21.34
2026-07-25 07:22:39,003,SCN1A6J_019_741_24,0,0.0,15,1.0,1.9656,21.35
2026-07-25 07:32:42,003,SCN1A6J_019_741_24,0,0.0,15,1.0,1.9656,21.34
2026-07-25 07:42:45,003,SCN1A6J_019_741_24,0,0.0,15,1.0,1.9584,21.36
2026-07-25 07:52:49,003,SCN1A6J_019_741_24,17,0.028,14,0.971,1.9692,21.36
2026-07-25 08:02:51,003,SCN1A6J_019_741_24,0,0.0,15,1.0,1.9656,21.37
2026-07-25 08:12:54,003,SCN1A6J_019_741_24,0,0.0,15,1.0,1.9656,21.36
2026-07-25 08:22:58,003,SCN1A6J_019_741_24,0,0.0,15,1.0,1.9692,21.37
2026-07-25 08:33:01,003,SCN1A6J_019_741_24,0,0.0,15,1.0,1.9692,21.37
2026-07-25 08:43:04,003,SCN1A6J_019_741_24,0,0.0,15,1.0,1.9692,21.37
2026-07-25 08:53:07,003,SCN1A6J_019_741_24,0,0.0,15,1.0,1.9692,21.37
2026-07-25 09:03:34,003,SCN1A6J_019_741_24,0,0.0,15,1.0,1.9584,21.43
2026-07-25 09:13:37,003,SCN1A6J_019_741_24,0,0.0,15,1.0,1.9584,21.41
2026-07-25 09:23:41,003,SCN1A6J_019_741_24,0,0.0,15,1.0,1.9584,21.4
2026-07-25 09:33:44,003,SCN1A6J_019_741_24,0,0.0,15,1.0,1.9584,21.39
2026-07-25 09:43:46,003,SCN1A6J_019_741_24,0,0.0,15,1.0,1.9584,21.38
2026-07-25 09:53:49,003,SCN1A6J_019_741_24,0,0.0,15,1.0,1.9728,21.39
2026-07-25 10:03:52,003,SCN1A6J_019_741_24,0,0.0,15,1.0,1.9728,21.41
2026-07-25 10:13:55,003,SCN1A6J_019_741_24,0,0.0,15,1.0,1.9692,21.41
2026-07-25 10:23:57,003,SCN1A6J_019_741_24,33,0.055,12,0.936,1.9224,21.45
2026-07-25 10:34:00,003,SCN1A6J_019_741_24,0,0.0,15,1.0,1.9476,21.45
2026-07-25 10:44:03,003,SCN1A6J_019_741_24,0,0.0,15,1.0,1.9368,21.45
2026-07-25 10:54:06,003,SCN1A6J_019_741_24,0,0.0,15,1.0,1.9476,21.46
2026-07-25 11:04:09,003,SCN1A6J_019_741_24,0,0.0,15,1.0,1.9548,21.46
2026-07-25 11:14:13,003,SCN1A6J_019_741_24,0,0.0,15,1.0,1.9368,21.46
2026-07-25 11:24:16,003,SCN1A6J_019_741_24,0,0.0,15,1.0,1.9368,21.44
2026-07-25 11:34:19,003,SCN1A6J_019_741_24,0,0.0,15,1.0,1.9368,21.45
2026-07-25 11:44:23,003,SCN1A6J_019_741_24,0,0.0,15,1.0,1.9368,21.46
2026-07-25 11:54:26,003,SCN1A6J_019_741_24,0,0.0,15,1.0,1.9368,21.46
2026-07-25 12:04:29,003,SCN1A6J_019_741_24,0,0.0,15,1.0,1.9404,21.46
2026-07-25 12:14:32,003,SCN1A6J_019_741_24,0,0.0,15,1.0,1.9368,21.47
2026-07-25 12:24:35,003,SCN1A6J_019_741_24,0,0.0,15,1.0,1.9368,21.48
2026-07-25 12:34:38,003,SCN1A6J_019_741_24,0,0.0,15,1.0,1.9404,21.49
2026-07-25 12:44:42,003,SCN1A6J_019_741_24,0,0.0,15,1.0,1.9368,21.48
2026-07-25 12:54:44,003,SCN1A6J_019_741_24,0,0.0,15,1.0,1.9368,21.49
2026-07-25 13:05:20,003,SCN1A6J_019_741_24,0,0.0,15,1.0,1.9368,21.56
2026-07-25 13:15:23,003,SCN1A6J_019_741_24,0,0.0,15,1.0,1.9296,21.53
2026-07-25 13:25:25,003,SCN1A6J_019_741_24,0,0.0,15,1.0,1.9368,21.52
2026-07-25 13:35:28,003,SCN1A6J_019_741_24,0,0.0,15,1.0,1.9404,21.51
2026-07-25 13:45:31,003,SCN1A6J_019_741_24,0,0.0,15,1.0,1.9368,21.5
2026-07-25 13:55:34,003,SCN1A6J_019_741_24,0,0.0,15,1.0,1.9368,21.5
2026-07-25 14:05:37,003,SCN1A6J_019_741_24,7,0.012,15,0.988,1.944,21.5
2026-07-25 14:15:40,003,SCN1A6J_019_741_24,0,0.0,15,1.0,1.9548,21.51
2026-07-25 14:25:43,003,SCN1A6J_019_741_24,0,0.0,15,1.0,1.9368,21.5
2026-07-25 14:35:46,003,SCN1A6J_019_741_24,0,0.0,15,1.0,1.9404,21.51
2026-07-25 14:45:49,003,SCN1A6J_019_741_24,0,0.0,15,1.0,1.9548,21.5
2026-07-25 14:55:52,003,SCN1A6J_019_741_24,0,0.0,15,1.0,1.9476,21.5
2026-07-25 15:05:54,003,SCN1A6J_019_741_24,0,0.0,15,1.0,1.9368,21.49
2026-07-25 15:15:58,003,SCN1A6J_019_741_24,0,0.0,15,1.0,1.944,21.51
2026-07-25 15:26:01,003,SCN1A6J_019_741_24,0,0.0,15,1.0,1.944,21.5
2026-07-25 15:36:03,003,SCN1A6J_019_741_24,0,0.0,15,1.0,1.944,21.5
2026-07-25 15:46:07,003,SCN1A6J_019_741_24,52,0.087,11,0.894,0.8064,21.56
2026-07-25 15:56:10,003,SCN1A6J_019_741_24,27,0.045,14,0.954,1.9404,21.58
2026-07-25 16:06:12,003,SCN1A6J_019_741_24,0,0.0,15,1.0,1.9368,21.57
2026-07-25 16:16:15,003,SCN1A6J_019_741_24,0,0.0,15,1.0,1.9548,21.55
2026-07-25 16:26:18,003,SCN1A6J_019_741_24,0,0.0,15,1.0,1.9368,21.54
2026-07-25 16:36:21,003,SCN1A6J_019_741_24,0,0.0,15,1.0,1.9476,21.53
2026-07-25 16:46:24,003,SCN1A6J_019_741_24,0,0.0,15,1.0,1.944,21.52
2026-07-25 16:56:27,003,SCN1A6J_019_741_24,62,0.103,11,0.876,1.71,21.56
2026-07-25 17:07:04,003,SCN1A6J_019_741_24,81,0.135,9,0.816,1.9044,21.8
2026-07-25 17:17:07,003,SCN1A6J_019_741_24,0,0.0,15,1.0,1.908,21.72
2026-07-25 17:27:10,003,SCN1A6J_019_741_24,0,0.0,15,1.0,1.9188,21.67
2026-07-25 17:37:13,003,SCN1A6J_019_741_24,0,0.0,15,1.0,1.9152,21.63
2026-07-25 17:47:16,003,SCN1A6J_019_741_24,0,0.0,15,1.0,1.908,21.6
2026-07-25 17:57:19,003,SCN1A6J_019_741_24,0,0.0,15,1.0,1.908,21.58
2026-07-25 18:07:22,003,SCN1A6J_019_741_24,90,0.15,9,0.8,0.0,21.63
2026-07-25 18:17:25,003,SCN1A6J_019_741_24,59,0.098,10,0.871,0.0,21.67
2026-07-25 18:27:28,003,SCN1A6J_019_741_24,75,0.125,9,0.828,0.0,21.72
2026-07-25 18:37:31,003,SCN1A6J_019_741_24,19,0.032,12,0.962,0.0,21.69
2026-07-25 18:47:34,003,SCN1A6J_019_741_24,0,0.0,15,1.0,0.0,21.62
2026-07-25 18:57:37,003,SCN1A6J_019_741_24,0,0.0,15,1.0,0.0,21.57
2026-07-25 19:07:40,003,SCN1A6J_019_741_24,7,0.012,13,0.987,0.0,21.53
2026-07-25 19:17:43,003,SCN1A6J_019_741_24,118,0.196,8,0.731,0.0,21.71
2026-07-25 19:27:46,003,SCN1A6J_019_741_24,0,0.0,15,1.0,0.0,21.66
2026-07-25 19:37:49,003,SCN1A6J_019_741_24,0,0.0,15,1.0,0.0,21.59
2026-07-25 19:47:51,003,SCN1A6J_019_741_24,7,0.012,13,0.987,0.0,21.56
2026-07-25 19:57:54,003,SCN1A6J_019_741_24,0,0.0,15,1.0,0.0,21.54
2026-07-25 20:07:57,003,SCN1A6J_019_741_24,0,0.0,15,1.0,0.0,21.5
2026-07-25 20:18:00,003,SCN1A6J_019_741_24,0,0.0,15,1.0,0.0,21.46
2026-07-25 20:28:03,003,SCN1A6J_019_741_24,0,0.0,15,1.0,0.0,21.43
2026-07-25 20:38:06,003,SCN1A6J_019_741_24,0,0.0,15,1.0,0.0,21.41
2026-07-25 20:48:09,003,SCN1A6J_019_741_24,38,0.063,13,0.932,0.0,21.42
2026-07-25 20:58:12,003,SCN1A6J_019_741_24,203,0.338,6,0.542,0.0,21.67
2026-07-25 21:08:51,003,SCN1A6J_019_741_24,106,0.177,8,0.751,0.0,21.76
2026-07-25 21:18:54,003,SCN1A6J_019_741_24,65,0.108,10,0.86,0.0,21.72
2026-07-25 21:28:57,003,SCN1A6J_019_741_24,0,0.0,15,1.0,0.0,21.65
2026-07-25 21:39:00,003,SCN1A6J_019_741_24,0,0.0,15,1.0,0.0,21.58
2026-07-25 21:49:03,003,SCN1A6J_019_741_24,0,0.0,15,1.0,0.0,21.53
2026-07-25 21:59:06,003,SCN1A6J_019_741_24,0,0.0,15,1.0,0.0,21.47
2026-07-25 22:09:09,003,SCN1A6J_019_741_24,0,0.0,15,1.0,0.0,21.45
2026-07-25 22:19:11,003,SCN1A6J_019_741_24,0,0.0,15,1.0,0.0,21.42
2026-07-25 22:29:15,003,SCN1A6J_019_741_24,0,0.0,15,1.0,0.0,21.39
2026-07-25 22:39:17,003,SCN1A6J_019_741_24,66,0.11,11,0.87,0.0,21.4
2026-07-25 22:49:20,003,SCN1A6J_019_741_24,60,0.1,11,0.88,0.0,21.48
2026-07-25 22:59:23,003,SCN1A6J_019_741_24,126,0.21,8,0.717,0.0,21.59
2026-07-25 23:09:26,003,SCN1A6J_019_741_24,11,0.018,15,0.982,0.0,21.57
2026-07-25 23:19:29,003,SCN1A6J_019_741_24,0,0.0,15,1.0,0.0,21.52
2026-07-25 23:29:32,003,SCN1A6J_019_741_24,0,0.0,15,1.0,0.0,21.48
2026-07-25 23:39:35,003,SCN1A6J_019_741_24,0,0.0,15,1.0,0.0,21.45
2026-07-25 23:49:38,003,SCN1A6J_019_741_24,0,0.0,15,1.0,0.0,21.42
2026-07-25 23:59:41,003,SCN1A6J_019_741_24,109,0.181,8,0.746,0.0,21.47
2026-07-26 00:09:44,003,SCN1A6J_019_741_24,151,0.251,6,0.614,0.0,21.62
2026-07-26 00:19:46,003,SCN1A6J_019_741_24,46,0.077,13,0.919,0.0,21.57
2026-07-26 00:29:49,003,SCN1A6J_019_741_24,25,0.042,10,0.941,0.0,21.54
2026-07-26 00:39:52,003,SCN1A6J_019_741_24,0,0.0,15,1.0,0.0,21.51
2026-07-26 00:49:55,003,SCN1A6J_019_741_24,6,0.01,14,0.989,0.0,21.47
2026-07-26 00:59:58,003,SCN1A6J_019_741_24,62,0.103,11,0.876,0.0,21.54
2026-07-26 01:10:39,003,SCN1A6J_019_741_24,0,0.0,15,1.0,0.0,21.57
2026-07-26 01:20:43,003,SCN1A6J_019_741_24,0,0.0,15,1.0,0.0,21.5
2026-07-26 01:30:45,003,SCN1A6J_019_741_24,0,0.0,15,1.0,0.0,21.46
2026-07-26 01:40:48,003,SCN1A6J_019_741_24,0,0.0,15,1.0,0.0,21.41
2026-07-26 01:50:51,003,SCN1A6J_019_741_24,0,0.0,15,1.0,0.0,21.38
2026-07-26 02:00:54,003,SCN1A6J_019_741_24,0,0.0,15,1.0,0.0,21.35
2026-07-26 02:10:57,003,SCN1A6J_019_741_24,0,0.0,15,1.0,0.0,21.33
2026-07-26 02:21:00,003,SCN1A6J_019_741_24,0,0.0,15,1.0,0.0,21.3
2026-07-26 02:31:03,003,SCN1A6J_019_741_24,0,0.0,15,1.0,0.0,21.3
2026-07-26 02:41:06,003,SCN1A6J_019_741_24,0,0.0,15,1.0,0.0,21.28
2026-07-26 02:51:09,003,SCN1A6J_019_741_24,71,0.118,11,0.861,0.0,21.33
2026-07-26 03:01:12,003,SCN1A6J_019_741_24,27,0.045,12,0.947,0.0,21.36
2026-07-26 03:11:14,003,SCN1A6J_019_741_24,0,0.0,15,1.0,0.0,21.35
2026-07-26 03:21:17,003,SCN1A6J_019_741_24,0,0.0,15,1.0,0.0,21.34
2026-07-26 03:31:21,003,SCN1A6J_019_741_24,0,0.0,15,1.0,0.0,21.33
2026-07-26 03:41:24,003,SCN1A6J_019_741_24,0,0.0,15,1.0,0.0,21.33
2026-07-26 03:51:27,003,SCN1A6J_019_741_24,0,0.0,15,1.0,0.0,21.29
2026-07-26 04:01:30,003,SCN1A6J_019_741_24,11,0.018,14,0.981,0.0,21.3
2026-07-26 04:11:33,003,SCN1A6J_019_741_24,0,0.0,15,1.0,0.0,21.29
2026-07-26 04:21:36,003,SCN1A6J_019_741_24,0,0.0,15,1.0,0.0,21.29
2026-07-26 04:31:39,003,SCN1A6J_019_741_24,0,0.0,15,1.0,0.0,21.27
2026-07-26 04:41:41,003,SCN1A6J_019_741_24,0,0.0,15,1.0,0.0,21.27
2026-07-26 04:51:44,003,SCN1A6J_019_741_24,35,0.058,12,0.932,0.0,21.3
2026-07-26 05:01:47,003,SCN1A6J_019_741_24,159,0.265,5,0.557,0.0,21.75
2026-07-26 05:12:21,003,SCN1A6J_019_741_24,142,0.237,5,0.585,0.0,22.07
2026-07-26 05:22:23,003,SCN1A6J_019_741_24,138,0.23,5,0.592,0.0,22.0
2026-07-26 05:32:26,003,SCN1A6J_019_741_24,0,0.0,15,1.0,0.0,21.83
2026-07-26 05:42:29,003,SCN1A6J_019_741_24,0,0.0,15,1.0,0.0,21.7
2026-07-26 05:52:32,003,SCN1A6J_019_741_24,0,0.0,15,1.0,0.0,21.59
2026-07-26 06:02:36,003,SCN1A6J_019_741_24,0,0.0,15,1.0,1.9656,21.51
2026-07-26 06:12:38,003,SCN1A6J_019_741_24,0,0.0,15,1.0,1.9512,21.5
2026-07-26 06:22:41,003,SCN1A6J_019_741_24,0,0.0,15,1.0,1.944,21.47
2026-07-26 06:32:44,003,SCN1A6J_019_741_24,0,0.0,15,1.0,1.9368,21.47
2026-07-26 06:42:46,003,SCN1A6J_019_741_24,18,0.03,13,0.967,1.9584,21.47
2026-07-26 06:52:49,003,SCN1A6J_019_741_24,90,0.15,9,0.8,1.8828,21.67
2026-07-26 07:02:51,003,SCN1A6J_019_741_24,25,0.042,13,0.954,1.9764,21.63
2026-07-26 07:12:54,003,SCN1A6J_019_741_24,0,0.0,15,1.0,1.9584,21.59
2026-07-26 07:22:58,003,SCN1A6J_019_741_24,0,0.0,15,1.0,1.9728,21.55
2026-07-26 07:33:01,003,SCN1A6J_019_741_24,0,0.0,15,1.0,1.9728,21.54
2026-07-26 07:43:04,003,SCN1A6J_019_741_24,0,0.0,15,1.0,1.9656,21.52
2026-07-26 07:53:07,003,SCN1A6J_019_741_24,0,0.0,15,1.0,1.9584,21.51
2026-07-26 08:03:10,003,SCN1A6J_019_741_24,0,0.0,15,1.0,1.9656,21.49
2026-07-26 08:13:13,003,SCN1A6J_019_741_24,0,0.0,15,1.0,1.9764,21.48
2026-07-26 08:23:17,003,SCN1A6J_019_741_24,0,0.0,15,1.0,1.9656,21.48
2026-07-26 08:33:19,003,SCN1A6J_019_741_24,0,0.0,15,1.0,1.9764,21.48
2026-07-26 08:43:23,003,SCN1A6J_019_741_24,0,0.0,15,1.0,1.9656,21.49
2026-07-26 08:53:25,003,SCN1A6J_019_741_24,0,0.0,15,1.0,1.9656,21.49
2026-07-26 09:03:28,003,SCN1A6J_019_741_24,0,0.0,15,1.0,1.9656,21.49
2026-07-26 09:14:01,003,SCN1A6J_019_741_24,0,0.0,15,1.0,1.9764,21.56
2026-07-26 09:24:04,003,SCN1A6J_019_741_24,0,0.0,15,1.0,2.0448,21.52
2026-07-26 09:34:07,003,SCN1A6J_019_741_24,0,0.0,15,1.0,2.0556,21.53
2026-07-26 09:44:10,003,SCN1A6J_019_741_24,32,0.053,13,0.942,2.0232,21.57
2026-07-26 09:54:13,003,SCN1A6J_019_741_24,18,0.03,13,0.967,1.9512,21.61
2026-07-26 10:04:17,003,SCN1A6J_019_741_24,0,0.0,15,1.0,1.9476,21.61
2026-07-26 10:14:20,003,SCN1A6J_019_741_24,0,0.0,15,1.0,1.9368,21.58
2026-07-26 10:24:22,003,SCN1A6J_019_741_24,0,0.0,15,1.0,1.9368,21.56
2026-07-26 10:34:25,003,SCN1A6J_019_741_24,0,0.0,15,1.0,1.9296,21.54
2026-07-26 10:44:28,003,SCN1A6J_019_741_24,0,0.0,15,1.0,1.9296,21.51
2026-07-26 10:54:31,003,SCN1A6J_019_741_24,11,0.018,14,0.981,1.9404,21.49
2026-07-26 11:04:34,003,SCN1A6J_019_741_24,0,0.0,15,1.0,1.9404,21.48
2026-07-26 11:14:37,003,SCN1A6J_019_741_24,0,0.0,15,1.0,1.9224,21.45
2026-07-26 11:24:40,003,SCN1A6J_019_741_24,0,0.0,15,1.0,1.9332,21.44
2026-07-26 11:34:42,003,SCN1A6J_019_741_24,0,0.0,15,1.0,1.926,21.43
2026-07-26 11:44:45,003,SCN1A6J_019_741_24,0,0.0,15,1.0,1.9224,21.41
2026-07-26 11:54:48,003,SCN1A6J_019_741_24,0,0.0,15,1.0,1.9224,21.41
2026-07-26 12:04:51,003,SCN1A6J_019_741_24,0,0.0,15,1.0,1.9224,21.39
2026-07-26 12:14:54,003,SCN1A6J_019_741_24,0,0.0,15,1.0,1.9152,21.4
2026-07-26 12:24:57,003,SCN1A6J_019_741_24,0,0.0,15,1.0,1.9224,21.41
2026-07-26 12:35:00,003,SCN1A6J_019_741_24,60,0.1,11,0.88,1.9188,21.47
2026-07-26 12:45:02,003,SCN1A6J_019_741_24,39,0.065,12,0.925,1.944,21.48
2026-07-26 12:55:06,003,SCN1A6J_019_741_24,0,0.0,15,1.0,1.9368,21.47
2026-07-26 13:05:09,003,SCN1A6J_019_741_24,0,0.0,15,1.0,1.9404,21.47
2026-07-26 13:15:44,003,SCN1A6J_019_741_24,0,0.0,15,1.0,1.9368,21.53
2026-07-26 13:25:47,003,SCN1A6J_019_741_24,0,0.0,15,1.0,1.9548,21.48
2026-07-26 13:35:50,003,SCN1A6J_019_741_24,0,0.0,15,1.0,1.9476,21.45
2026-07-26 13:45:52,003,SCN1A6J_019_741_24,0,0.0,15,1.0,1.9404,21.43
2026-07-26 13:55:55,003,SCN1A6J_019_741_24,0,0.0,15,1.0,1.9404,21.42
2026-07-26 14:05:58,003,SCN1A6J_019_741_24,10,0.017,15,0.984,1.9296,21.41
2026-07-26 14:16:01,003,SCN1A6J_019_741_24,0,0.0,15,1.0,1.9296,21.41
2026-07-26 14:26:04,003,SCN1A6J_019_741_24,0,0.0,15,1.0,1.944,21.39
2026-07-26 14:36:08,003,SCN1A6J_019_741_24,0,0.0,15,1.0,1.9512,21.38
2026-07-26 14:46:10,003,SCN1A6J_019_741_24,0,0.0,15,1.0,1.9548,21.39
2026-07-26 14:56:13,003,SCN1A6J_019_741_24,0,0.0,15,1.0,1.944,21.37
2026-07-26 15:06:17,003,SCN1A6J_019_741_24,0,0.0,15,1.0,1.9548,21.37
2026-07-26 15:16:19,003,SCN1A6J_019_741_24,17,0.028,13,0.968,1.8144,21.36
2026-07-26 15:26:22,003,SCN1A6J_019_741_24,23,0.038,13,0.958,1.98,21.41
2026-07-26 15:36:25,003,SCN1A6J_019_741_24,36,0.06,12,0.93,1.9008,21.43
2026-07-26 15:46:28,003,SCN1A6J_019_741_24,14,0.023,14,0.976,1.9656,21.38
2026-07-26 15:56:31,003,SCN1A6J_019_741_24,0,0.0,15,1.0,1.9656,21.34
2026-07-26 16:06:34,003,SCN1A6J_019_741_24,0,0.0,15,1.0,1.9764,21.31
2026-07-26 16:16:37,003,SCN1A6J_019_741_24,0,0.0,15,1.0,1.9656,21.3
2026-07-26 16:26:40,003,SCN1A6J_019_741_24,0,0.0,15,1.0,1.9692,21.28
2026-07-26 16:36:43,003,SCN1A6J_019_741_24,0,0.0,15,1.0,1.9656,21.26
2026-07-26 16:46:46,003,SCN1A6J_019_741_24,0,0.0,15,1.0,1.962,21.25
2026-07-26 16:56:49,003,SCN1A6J_019_741_24,21,0.035,14,0.964,1.9764,21.28
2026-07-26 17:06:52,003,SCN1A6J_019_741_24,0,0.0,15,1.0,1.9764,21.27
2026-07-26 17:17:20,003,SCN1A6J_019_741_24,0,0.0,15,1.0,1.9764,21.32
2026-07-26 17:27:23,003,SCN1A6J_019_741_24,0,0.0,15,1.0,1.9584,21.3
2026-07-26 17:37:26,003,SCN1A6J_019_741_24,0,0.0,15,1.0,1.9728,21.29
2026-07-26 17:47:29,003,SCN1A6J_019_741_24,0,0.0,15,1.0,1.9728,21.28
2026-07-26 17:57:32,003,SCN1A6J_019_741_24,35,0.058,12,0.932,1.98,21.33
2026-07-26 18:07:35,003,SCN1A6J_019_741_24,33,0.055,12,0.936,0.0,21.36
2026-07-26 18:17:38,003,SCN1A6J_019_741_24,28,0.047,13,0.949,0.0,21.37
2026-07-26 18:27:40,003,SCN1A6J_019_741_24,0,0.0,15,1.0,0.0,21.33
2026-07-26 18:37:43,003,SCN1A6J_019_741_24,71,0.118,9,0.835,0.0,21.39
2026-07-26 18:47:46,003,SCN1A6J_019_741_24,0,0.0,15,1.0,0.0,21.38
2026-07-26 18:57:49,003,SCN1A6J_019_741_24,0,0.0,15,1.0,0.0,21.35
2026-07-26 19:07:52,003,SCN1A6J_019_741_24,0,0.0,15,1.0,0.0,21.31
2026-07-26 19:17:55,003,SCN1A6J_019_741_24,12,0.02,13,0.977,0.0,21.3
2026-07-26 19:27:58,003,SCN1A6J_019_741_24,214,0.355,3,0.359,0.0,21.79
2026-07-26 19:38:02,003,SCN1A6J_019_741_24,52,0.087,11,0.894,0.0,21.75
2026-07-26 19:48:05,003,SCN1A6J_019_741_24,0,0.0,15,1.0,0.0,21.59
2026-07-26 19:58:08,003,SCN1A6J_019_741_24,0,0.0,15,1.0,0.0,21.49
2026-07-26 20:08:10,003,SCN1A6J_019_741_24,26,0.043,14,0.956,0.0,21.42
2026-07-26 20:18:13,003,SCN1A6J_019_741_24,42,0.07,12,0.92,0.0,21.41
2026-07-26 20:28:17,003,SCN1A6J_019_741_24,67,0.111,10,0.857,0.0,21.46
2026-07-26 20:38:19,003,SCN1A6J_019_741_24,0,0.0,15,1.0,0.0,21.4
2026-07-26 20:48:22,003,SCN1A6J_019_741_24,0,0.0,15,1.0,0.0,21.36
2026-07-26 20:58:25,003,SCN1A6J_019_741_24,0,0.0,15,1.0,0.0,21.3
2026-07-26 21:08:27,003,SCN1A6J_019_741_24,0,0.0,15,1.0,0.0,21.27
2026-07-26 21:19:04,003,SCN1A6J_019_741_24,0,0.0,15,1.0,0.0,21.33
2026-07-26 21:29:07,003,SCN1A6J_019_741_24,90,0.15,10,0.816,0.0,21.39
2026-07-26 21:39:10,003,SCN1A6J_019_741_24,43,0.072,12,0.918,0.0,21.42
2026-07-26 21:49:14,003,SCN1A6J_019_741_24,40,0.066,13,0.929,0.0,21.42
2026-07-26 21:59:16,003,SCN1A6J_019_741_24,94,0.156,11,0.824,0.0,21.43
2026-07-26 22:09:19,003,SCN1A6J_019_741_24,45,0.075,12,0.914,0.0,21.43
2026-07-26 22:19:22,003,SCN1A6J_019_741_24,23,0.038,14,0.961,0.0,21.41
2026-07-26 22:29:25,003,SCN1A6J_019_741_24,0,0.0,15,1.0,0.0,21.37
2026-07-26 22:39:28,003,SCN1A6J_019_741_24,0,0.0,15,1.0,0.0,21.32
2026-07-26 22:49:30,003,SCN1A6J_019_741_24,0,0.0,15,1.0,0.0,21.28
2026-07-26 22:59:33,003,SCN1A6J_019_741_24,0,0.0,15,1.0,0.0,21.27
2026-07-26 23:09:36,003,SCN1A6J_019_741_24,8,0.013,15,0.987,0.0,21.23
2026-07-26 23:19:39,003,SCN1A6J_019_741_24,114,0.189,8,0.737,0.0,21.4
2026-07-26 23:29:43,003,SCN1A6J_019_741_24,129,0.215,10,0.756,0.0,21.47
2026-07-26 23:39:46,003,SCN1A6J_019_741_24,79,0.131,8,0.802,0.0,21.48
2026-07-26 23:49:49,003,SCN1A6J_019_741_24,0,0.0,15,1.0,0.0,21.4
2026-07-26 23:59:52,003,SCN1A6J_019_741_24,0,0.0,15,1.0,0.0,21.34
2026-07-25 00:08:11,040,SCN1A6J_019_741_26,135,0.225,5,0.597,0.0,21.72
2026-07-25 00:18:14,040,SCN1A6J_019_741_26,57,0.095,10,0.875,0.0,21.75
2026-07-25 00:28:17,040,SCN1A6J_019_741_26,0,0.0,15,1.0,0.0,21.68
2026-07-25 00:38:21,040,SCN1A6J_019_741_26,0,0.0,15,1.0,0.0,21.64
2026-07-25 00:48:45,040,SCN1A6J_019_741_26,5,0.008,13,0.99,0.0,21.66
2026-07-25 00:58:48,040,SCN1A6J_019_741_26,0,0.0,15,1.0,0.0,21.63
2026-07-25 01:08:51,040,SCN1A6J_019_741_26,0,0.0,15,1.0,0.0,21.59
2026-07-25 01:18:55,040,SCN1A6J_019_741_26,93,0.154,6,0.721,0.0,21.69
2026-07-25 01:28:58,040,SCN1A6J_019_741_26,12,0.02,13,0.977,0.0,21.65
2026-07-25 01:39:01,040,SCN1A6J_019_741_26,49,0.081,12,0.907,0.0,21.65
2026-07-25 01:49:05,040,SCN1A6J_019_741_26,7,0.012,14,0.988,0.0,21.61
2026-07-25 01:59:08,040,SCN1A6J_019_741_26,14,0.023,12,0.972,0.0,21.6
2026-07-25 02:09:11,040,SCN1A6J_019_741_26,0,0.0,15,1.0,0.0,21.57
2026-07-25 02:19:14,040,SCN1A6J_019_741_26,0,0.0,15,1.0,0.0,21.51
2026-07-25 02:29:17,040,SCN1A6J_019_741_26,0,0.0,15,1.0,0.0,21.48
2026-07-25 02:39:21,040,SCN1A6J_019_741_26,0,0.0,15,1.0,0.0,21.46
2026-07-25 02:49:24,040,SCN1A6J_019_741_26,17,0.028,13,0.968,0.0,21.43
2026-07-25 02:59:27,040,SCN1A6J_019_741_26,15,0.025,13,0.972,0.0,21.49
2026-07-25 03:09:30,040,SCN1A6J_019_741_26,0,0.0,15,1.0,0.0,21.46
2026-07-25 03:19:33,040,SCN1A6J_019_741_26,0,0.0,15,1.0,0.0,21.43
2026-07-25 03:29:37,040,SCN1A6J_019_741_26,0,0.0,15,1.0,0.0,21.4
2026-07-25 03:39:40,040,SCN1A6J_019_741_26,0,0.0,15,1.0,0.0,21.38
2026-07-25 03:49:43,040,SCN1A6J_019_741_26,44,0.073,9,0.891,0.0,21.51
2026-07-25 03:59:46,040,SCN1A6J_019_741_26,11,0.018,13,0.979,0.0,21.5
2026-07-25 04:09:48,040,SCN1A6J_019_741_26,0,0.0,15,1.0,0.0,21.46
2026-07-25 04:19:51,040,SCN1A6J_019_741_26,40,0.067,9,0.9,0.0,21.47
2026-07-25 04:29:54,040,SCN1A6J_019_741_26,11,0.018,13,0.979,0.0,21.47
2026-07-25 04:39:57,040,SCN1A6J_019_741_26,0,0.0,15,1.0,0.0,21.46
2026-07-25 04:50:27,040,SCN1A6J_019_741_26,0,0.0,15,1.0,0.0,21.48
2026-07-25 05:00:30,040,SCN1A6J_019_741_26,0,0.0,15,1.0,0.0,21.42
2026-07-25 05:10:33,040,SCN1A6J_019_741_26,35,0.058,12,0.932,0.0,21.45
2026-07-25 05:20:36,040,SCN1A6J_019_741_26,41,0.068,11,0.915,0.0,21.53
2026-07-25 05:30:40,040,SCN1A6J_019_741_26,0,0.0,15,1.0,0.0,21.47
2026-07-25 05:40:43,040,SCN1A6J_019_741_26,0,0.0,15,1.0,0.0,21.43
2026-07-25 05:50:46,040,SCN1A6J_019_741_26,0,0.0,15,1.0,0.0,21.41
2026-07-25 06:00:50,040,SCN1A6J_019_741_26,0,0.0,15,1.0,0.216,21.39
2026-07-25 06:10:53,040,SCN1A6J_019_741_26,0,0.0,15,1.0,0.216,21.38
2026-07-25 06:20:56,040,SCN1A6J_019_741_26,0,0.0,15,1.0,0.216,21.37
2026-07-25 06:30:59,040,SCN1A6J_019_741_26,0,0.0,15,1.0,0.216,21.37
2026-07-25 06:41:02,040,SCN1A6J_019_741_26,0,0.0,15,1.0,0.216,21.36
2026-07-25 06:51:05,040,SCN1A6J_019_741_26,0,0.0,15,1.0,0.216,21.36
2026-07-25 07:01:08,040,SCN1A6J_019_741_26,0,0.0,15,1.0,0.216,21.35
2026-07-25 07:11:11,040,SCN1A6J_019_741_26,0,0.0,15,1.0,0.2196,21.34
2026-07-25 07:21:14,040,SCN1A6J_019_741_26,0,0.0,15,1.0,0.216,21.33
2026-07-25 07:31:17,040,SCN1A6J_019_741_26,0,0.0,15,1.0,0.2196,21.32
2026-07-25 07:41:20,040,SCN1A6J_019_741_26,0,0.0,15,1.0,0.2196,21.32
2026-07-25 07:51:23,040,SCN1A6J_019_741_26,0,0.0,15,1.0,0.216,21.32
2026-07-25 08:01:26,040,SCN1A6J_019_741_26,0,0.0,15,1.0,0.2196,21.32
2026-07-25 08:11:30,040,SCN1A6J_019_741_26,0,0.0,15,1.0,0.216,21.32
2026-07-25 08:21:33,040,SCN1A6J_019_741_26,0,0.0,15,1.0,0.2088,21.32
2026-07-25 08:31:36,040,SCN1A6J_019_741_26,0,0.0,15,1.0,0.2196,21.31
2026-07-25 08:41:40,040,SCN1A6J_019_741_26,0,0.0,15,1.0,0.2196,21.31
2026-07-25 08:52:07,040,SCN1A6J_019_741_26,0,0.0,15,1.0,0.216,21.38
2026-07-25 09:02:10,040,SCN1A6J_019_741_26,30,0.05,11,0.936,0.216,21.37
2026-07-25 09:12:13,040,SCN1A6J_019_741_26,0,0.0,15,1.0,0.216,21.38
2026-07-25 09:22:16,040,SCN1A6J_019_741_26,0,0.0,15,1.0,0.216,21.37
2026-07-25 09:32:19,040,SCN1A6J_019_741_26,0,0.0,15,1.0,0.216,21.36
2026-07-25 09:42:22,040,SCN1A6J_019_741_26,0,0.0,15,1.0,0.216,21.36
2026-07-25 09:52:24,040,SCN1A6J_019_741_26,0,0.0,15,1.0,0.2304,21.35
2026-07-25 10:02:28,040,SCN1A6J_019_741_26,0,0.0,15,1.0,0.2412,21.32
2026-07-25 10:12:31,040,SCN1A6J_019_741_26,0,0.0,15,1.0,0.216,21.32
2026-07-25 10:22:34,040,SCN1A6J_019_741_26,0,0.0,15,1.0,0.216,21.29
2026-07-25 10:32:37,040,SCN1A6J_019_741_26,0,0.0,15,1.0,0.216,21.26
2026-07-25 10:42:41,040,SCN1A6J_019_741_26,0,0.0,15,1.0,0.216,21.25
2026-07-25 10:52:44,040,SCN1A6J_019_741_26,0,0.0,15,1.0,0.216,21.23
2026-07-25 11:02:47,040,SCN1A6J_019_741_26,0,0.0,15,1.0,0.216,21.2
2026-07-25 11:12:50,040,SCN1A6J_019_741_26,0,0.0,15,1.0,0.216,21.19
2026-07-25 11:22:54,040,SCN1A6J_019_741_26,0,0.0,15,1.0,0.2088,21.18
2026-07-25 11:32:57,040,SCN1A6J_019_741_26,27,0.045,12,0.947,0.2088,21.24
2026-07-25 11:43:00,040,SCN1A6J_019_741_26,0,0.0,15,1.0,0.2088,21.22
2026-07-25 11:53:04,040,SCN1A6J_019_741_26,0,0.0,15,1.0,0.2088,21.2
2026-07-25 12:03:07,040,SCN1A6J_019_741_26,0,0.0,15,1.0,0.2088,21.18
2026-07-25 12:13:10,040,SCN1A6J_019_741_26,0,0.0,15,1.0,0.2088,21.19
2026-07-25 12:23:12,040,SCN1A6J_019_741_26,0,0.0,15,1.0,0.2088,21.18
2026-07-25 12:33:15,040,SCN1A6J_019_741_26,0,0.0,15,1.0,0.2088,21.17
2026-07-25 12:43:19,040,SCN1A6J_019_741_26,0,0.0,15,1.0,0.2088,21.16
2026-07-25 12:53:50,040,SCN1A6J_019_741_26,0,0.0,15,1.0,0.2088,21.24
2026-07-25 13:03:52,040,SCN1A6J_019_741_26,0,0.0,15,1.0,0.2088,21.2
2026-07-25 13:13:55,040,SCN1A6J_019_741_26,0,0.0,15,1.0,0.2088,21.19
2026-07-25 13:23:59,040,SCN1A6J_019_741_26,0,0.0,15,1.0,0.2088,21.17
2026-07-25 13:34:02,040,SCN1A6J_019_741_26,0,0.0,15,1.0,0.2088,21.17
2026-07-25 13:44:05,040,SCN1A6J_019_741_26,0,0.0,15,1.0,0.2088,21.16
2026-07-25 13:54:09,040,SCN1A6J_019_741_26,30,0.05,13,0.945,0.2088,21.2
2026-07-25 14:04:12,040,SCN1A6J_019_741_26,0,0.0,15,1.0,0.2088,21.2
2026-07-25 14:14:15,040,SCN1A6J_019_741_26,0,0.0,15,1.0,0.2088,21.19
2026-07-25 14:24:19,040,SCN1A6J_019_741_26,0,0.0,15,1.0,0.2196,21.18
2026-07-25 14:34:22,040,SCN1A6J_019_741_26,0,0.0,15,1.0,0.2088,21.17
2026-07-25 14:44:25,040,SCN1A6J_019_741_26,0,0.0,15,1.0,0.2196,21.18
2026-07-25 14:54:29,040,SCN1A6J_019_741_26,0,0.0,15,1.0,0.2088,21.17
2026-07-25 15:04:32,040,SCN1A6J_019_741_26,0,0.0,15,1.0,0.2088,21.18
2026-07-25 15:14:35,040,SCN1A6J_019_741_26,0,0.0,15,1.0,0.2088,21.17
2026-07-25 15:24:38,040,SCN1A6J_019_741_26,11,0.018,13,0.979,0.198,21.2
2026-07-25 15:34:42,040,SCN1A6J_019_741_26,0,0.0,15,1.0,0.2088,21.23
2026-07-25 15:44:45,040,SCN1A6J_019_741_26,0,0.0,15,1.0,0.216,21.23
2026-07-25 15:54:48,040,SCN1A6J_019_741_26,0,0.0,15,1.0,0.2196,21.23
2026-07-25 16:04:51,040,SCN1A6J_019_741_26,0,0.0,15,1.0,0.2196,21.22
2026-07-25 16:14:54,040,SCN1A6J_019_741_26,0,0.0,15,1.0,0.216,21.23
2026-07-25 16:24:57,040,SCN1A6J_019_741_26,0,0.0,15,1.0,0.2196,21.22
2026-07-25 16:35:00,040,SCN1A6J_019_741_26,0,0.0,15,1.0,0.216,21.21
2026-07-25 16:45:03,040,SCN1A6J_019_741_26,0,0.0,15,1.0,0.2016,21.23
2026-07-25 16:55:32,040,SCN1A6J_019_741_26,29,0.048,12,0.943,0.2016,21.35
2026-07-25 17:05:36,040,SCN1A6J_019_741_26,0,0.0,15,1.0,0.2016,21.3
2026-07-25 17:15:39,040,SCN1A6J_019_741_26,0,0.0,15,1.0,0.2016,21.28
2026-07-25 17:25:42,040,SCN1A6J_019_741_26,0,0.0,15,1.0,0.2016,21.26
2026-07-25 17:35:45,040,SCN1A6J_019_741_26,0,0.0,15,1.0,0.2016,21.25
2026-07-25 17:45:48,040,SCN1A6J_019_741_26,26,0.043,13,0.952,0.2088,21.29
2026-07-25 17:55:51,040,SCN1A6J_019_741_26,0,0.0,15,1.0,0.2088,21.29
2026-07-25 18:05:54,040,SCN1A6J_019_741_26,43,0.072,13,0.924,0.0,21.31
2026-07-25 18:15:58,040,SCN1A6J_019_741_26,177,0.295,2,0.311,0.0,21.51
2026-07-25 18:26:01,040,SCN1A6J_019_741_26,52,0.087,10,0.885,0.0,21.6
2026-07-25 18:36:03,040,SCN1A6J_019_741_26,146,0.243,6,0.622,0.0,21.69
2026-07-25 18:46:07,040,SCN1A6J_019_741_26,1,0.002,14,0.998,0.0,21.62
2026-07-25 18:56:10,040,SCN1A6J_019_741_26,14,0.023,13,0.974,0.0,21.57
2026-07-25 19:06:13,040,SCN1A6J_019_741_26,0,0.0,15,1.0,0.0,21.51
2026-07-25 19:16:16,040,SCN1A6J_019_741_26,123,0.205,3,0.494,0.0,21.56
2026-07-25 19:26:19,040,SCN1A6J_019_741_26,202,0.336,2,0.284,0.0,21.79
2026-07-25 19:36:23,040,SCN1A6J_019_741_26,29,0.048,10,0.932,0.0,21.69
2026-07-25 19:46:26,040,SCN1A6J_019_741_26,38,0.063,13,0.932,0.0,21.65
2026-07-25 19:56:30,040,SCN1A6J_019_741_26,0,0.0,15,1.0,0.0,21.55
2026-07-25 20:06:33,040,SCN1A6J_019_741_26,0,0.0,15,1.0,0.0,21.48
2026-07-25 20:16:36,040,SCN1A6J_019_741_26,0,0.0,15,1.0,0.0,21.41
2026-07-25 20:26:39,040,SCN1A6J_019_741_26,0,0.0,15,1.0,0.0,21.37
2026-07-25 20:36:43,040,SCN1A6J_019_741_26,37,0.062,10,0.915,0.0,21.52
2026-07-25 20:46:46,040,SCN1A6J_019_741_26,3,0.005,14,0.995,0.0,21.44
2026-07-25 20:57:14,040,SCN1A6J_019_741_26,0,0.0,14,1.0,0.0,21.44
2026-07-25 21:07:17,040,SCN1A6J_019_741_26,0,0.0,15,1.0,0.0,21.39
2026-07-25 21:17:20,040,SCN1A6J_019_741_26,19,0.032,11,0.959,0.0,21.47
2026-07-25 21:27:23,040,SCN1A6J_019_741_26,14,0.023,12,0.972,0.0,21.49
2026-07-25 21:37:26,040,SCN1A6J_019_741_26,0,0.0,15,1.0,0.0,21.41
2026-07-25 21:47:28,040,SCN1A6J_019_741_26,0,0.0,15,1.0,0.0,21.36
2026-07-25 21:57:32,040,SCN1A6J_019_741_26,17,0.028,13,0.968,0.0,21.36
2026-07-25 22:07:35,040,SCN1A6J_019_741_26,70,0.116,8,0.821,0.0,21.42
2026-07-25 22:17:39,040,SCN1A6J_019_741_26,142,0.236,5,0.585,0.0,21.55
2026-07-25 22:27:42,040,SCN1A6J_019_741_26,1,0.002,14,0.998,0.0,21.48
2026-07-25 22:37:45,040,SCN1A6J_019_741_26,82,0.136,10,0.83,0.0,21.5
2026-07-25 22:47:48,040,SCN1A6J_019_741_26,12,0.02,14,0.979,0.0,21.45
2026-07-25 22:57:51,040,SCN1A6J_019_741_26,0,0.0,15,1.0,0.0,21.4
2026-07-25 23:07:54,040,SCN1A6J_019_741_26,0,0.0,15,1.0,0.0,21.35
2026-07-25 23:17:57,040,SCN1A6J_019_741_26,0,0.0,15,1.0,0.0,21.33
2026-07-25 23:27:59,040,SCN1A6J_019_741_26,0,0.0,15,1.0,0.0,21.32
2026-07-25 23:38:02,040,SCN1A6J_019_741_26,0,0.0,15,1.0,0.0,21.32
2026-07-25 23:48:06,040,SCN1A6J_019_741_26,0,0.0,15,1.0,0.0,21.3
2026-07-25 23:58:08,040,SCN1A6J_019_741_26,38,0.063,11,0.921,0.0,21.37
2026-07-26 00:08:12,040,SCN1A6J_019_741_26,47,0.078,11,0.903,0.0,21.39
2026-07-26 00:18:15,040,SCN1A6J_019_741_26,0,0.0,15,1.0,0.0,21.35
2026-07-26 00:28:18,040,SCN1A6J_019_741_26,0,0.0,15,1.0,0.0,21.31
2026-07-26 00:38:21,040,SCN1A6J_019_741_26,27,0.045,12,0.947,0.0,21.33
2026-07-26 00:48:25,040,SCN1A6J_019_741_26,123,0.204,9,0.745,0.0,21.38
2026-07-26 00:58:52,040,SCN1A6J_019_741_26,143,0.239,2,0.359,0.0,21.76
2026-07-26 01:08:55,040,SCN1A6J_019_741_26,62,0.103,8,0.838,0.0,21.68
2026-07-26 01:18:58,040,SCN1A6J_019_741_26,7,0.012,13,0.987,0.0,21.59
2026-07-26 01:29:01,040,SCN1A6J_019_741_26,0,0.0,15,1.0,0.0,21.48
2026-07-26 01:39:03,040,SCN1A6J_019_741_26,0,0.0,15,1.0,0.0,21.4
2026-07-26 01:49:06,040,SCN1A6J_019_741_26,0,0.0,15,1.0,0.0,21.33
2026-07-26 01:59:10,040,SCN1A6J_019_741_26,0,0.0,15,1.0,0.0,21.28
2026-07-26 02:09:13,040,SCN1A6J_019_741_26,0,0.0,15,1.0,0.0,21.26
2026-07-26 02:19:16,040,SCN1A6J_019_741_26,0,0.0,15,1.0,0.0,21.22
2026-07-26 02:29:20,040,SCN1A6J_019_741_26,0,0.0,15,1.0,0.0,21.2
2026-07-26 02:39:23,040,SCN1A6J_019_741_26,29,0.048,12,0.943,0.0,21.24
2026-07-26 02:49:26,040,SCN1A6J_019_741_26,82,0.136,6,0.745,0.0,21.41
2026-07-26 02:59:30,040,SCN1A6J_019_741_26,17,0.028,13,0.968,0.0,21.4
2026-07-26 03:09:33,040,SCN1A6J_019_741_26,0,0.0,15,1.0,0.0,21.34
2026-07-26 03:19:36,040,SCN1A6J_019_741_26,0,0.0,15,1.0,0.0,21.28
2026-07-26 03:29:39,040,SCN1A6J_019_741_26,0,0.0,15,1.0,0.0,21.23
2026-07-26 03:39:42,040,SCN1A6J_019_741_26,0,0.0,15,1.0,0.0,21.19
2026-07-26 03:49:46,040,SCN1A6J_019_741_26,66,0.11,9,0.845,0.0,21.37
2026-07-26 03:59:48,040,SCN1A6J_019_741_26,9,0.015,13,0.983,0.0,21.32
2026-07-26 04:09:52,040,SCN1A6J_019_741_26,15,0.025,13,0.972,0.0,21.29
2026-07-26 04:19:55,040,SCN1A6J_019_741_26,27,0.045,11,0.942,0.0,21.29
2026-07-26 04:29:58,040,SCN1A6J_019_741_26,0,0.0,15,1.0,0.0,21.26
2026-07-26 04:40:01,040,SCN1A6J_019_741_26,0,0.0,15,1.0,0.0,21.24
2026-07-26 04:50:04,040,SCN1A6J_019_741_26,0,0.0,15,1.0,0.0,21.19
2026-07-26 05:00:26,040,SCN1A6J_019_741_26,0,0.0,15,1.0,0.0,21.23
2026-07-26 05:10:29,040,SCN1A6J_019_741_26,0,0.0,15,1.0,0.0,21.17
2026-07-26 05:20:32,040,SCN1A6J_019_741_26,33,0.055,12,0.936,0.0,21.23
2026-07-26 05:30:35,040,SCN1A6J_019_741_26,80,0.133,8,0.8,0.0,21.45
2026-07-26 05:40:39,040,SCN1A6J_019_741_26,56,0.093,11,0.887,0.0,21.43
2026-07-26 05:50:42,040,SCN1A6J_019_741_26,0,0.0,15,1.0,0.0,21.36
2026-07-26 06:00:45,040,SCN1A6J_019_741_26,0,0.0,15,1.0,0.2016,21.31
2026-07-26 06:10:48,040,SCN1A6J_019_741_26,0,0.0,15,1.0,0.2016,21.26
2026-07-26 06:20:51,040,SCN1A6J_019_741_26,0,0.0,15,1.0,0.2016,21.22
2026-07-26 06:30:54,040,SCN1A6J_019_741_26,0,0.0,15,1.0,0.2016,21.19
2026-07-26 06:40:57,040,SCN1A6J_019_741_26,0,0.0,15,1.0,0.2016,21.17
2026-07-26 06:51:01,040,SCN1A6J_019_741_26,0,0.0,15,1.0,0.2016,21.16
2026-07-26 07:01:04,040,SCN1A6J_019_741_26,0,0.0,15,1.0,0.2016,21.15
2026-07-26 07:11:07,040,SCN1A6J_019_741_26,0,0.0,15,1.0,0.2016,21.14
2026-07-26 07:21:11,040,SCN1A6J_019_741_26,0,0.0,15,1.0,0.2016,21.13
2026-07-26 07:31:14,040,SCN1A6J_019_741_26,0,0.0,15,1.0,0.2016,21.14
2026-07-26 07:41:17,040,SCN1A6J_019_741_26,0,0.0,15,1.0,0.2016,21.12
2026-07-26 07:51:21,040,SCN1A6J_019_741_26,0,0.0,15,1.0,0.2016,21.14
2026-07-26 08:01:23,040,SCN1A6J_019_741_26,0,0.0,15,1.0,0.2016,21.14
2026-07-26 08:11:26,040,SCN1A6J_019_741_26,0,0.0,15,1.0,0.2016,21.14
2026-07-26 08:21:29,040,SCN1A6J_019_741_26,0,0.0,15,1.0,0.2016,21.14
2026-07-26 08:31:32,040,SCN1A6J_019_741_26,0,0.0,15,1.0,0.2016,21.15
2026-07-26 08:41:35,040,SCN1A6J_019_741_26,0,0.0,15,1.0,0.2016,21.14
2026-07-26 08:51:38,040,SCN1A6J_019_741_26,0,0.0,15,1.0,0.2016,21.14
2026-07-26 09:02:04,040,SCN1A6J_019_741_26,0,0.0,15,1.0,0.2016,21.19
2026-07-26 09:12:07,040,SCN1A6J_019_741_26,0,0.0,15,1.0,0.2052,21.18
2026-07-26 09:22:11,040,SCN1A6J_019_741_26,0,0.0,15,1.0,0.2268,21.17
2026-07-26 09:32:14,040,SCN1A6J_019_741_26,0,0.0,15,1.0,0.4068,21.18
2026-07-26 09:42:18,040,SCN1A6J_019_741_26,0,0.0,15,1.0,0.4032,21.23
2026-07-26 09:52:21,040,SCN1A6J_019_741_26,0,0.0,15,1.0,0.216,21.26
2026-07-26 10:02:24,040,SCN1A6J_019_741_26,0,0.0,15,1.0,0.216,21.28
2026-07-26 10:12:27,040,SCN1A6J_019_741_26,0,0.0,15,1.0,0.2016,21.28
2026-07-26 10:22:29,040,SCN1A6J_019_741_26,0,0.0,15,1.0,0.2016,21.28
2026-07-26 10:32:32,040,SCN1A6J_019_741_26,0,0.0,15,1.0,0.2052,21.27
2026-07-26 10:42:35,040,SCN1A6J_019_741_26,0,0.0,15,1.0,0.2016,21.27
2026-07-26 10:52:38,040,SCN1A6J_019_741_26,0,0.0,15,1.0,0.2016,21.26
2026-07-26 11:02:42,040,SCN1A6J_019_741_26,0,0.0,15,1.0,0.2052,21.26
2026-07-26 11:12:44,040,SCN1A6J_019_741_26,0,0.0,15,1.0,0.2016,21.25
2026-07-26 11:22:48,040,SCN1A6J_019_741_26,0,0.0,15,1.0,0.2016,21.25
2026-07-26 11:32:51,040,SCN1A6J_019_741_26,0,0.0,15,1.0,0.1944,21.25
2026-07-26 11:42:55,040,SCN1A6J_019_741_26,0,0.0,15,1.0,0.2052,21.25
2026-07-26 11:52:58,040,SCN1A6J_019_741_26,0,0.0,15,1.0,0.2016,21.25
2026-07-26 12:03:01,040,SCN1A6J_019_741_26,0,0.0,15,1.0,0.2016,21.26
2026-07-26 12:13:04,040,SCN1A6J_019_741_26,0,0.0,15,1.0,0.2052,21.27
2026-07-26 12:23:06,040,SCN1A6J_019_741_26,0,0.0,15,1.0,0.2124,21.28
2026-07-26 12:33:10,040,SCN1A6J_019_741_26,0,0.0,15,1.0,0.2052,21.27
2026-07-26 12:43:12,040,SCN1A6J_019_741_26,0,0.0,15,1.0,0.2052,21.27
2026-07-26 12:53:16,040,SCN1A6J_019_741_26,0,0.0,15,1.0,0.1944,21.28
2026-07-26 13:03:40,040,SCN1A6J_019_741_26,0,0.0,14,1.0,0.1944,21.34
2026-07-26 13:13:43,040,SCN1A6J_019_741_26,0,0.0,15,1.0,0.2052,21.32
2026-07-26 13:23:45,040,SCN1A6J_019_741_26,0,0.0,15,1.0,0.216,21.28
2026-07-26 13:33:48,040,SCN1A6J_019_741_26,0,0.0,15,1.0,0.216,21.28
2026-07-26 13:43:51,040,SCN1A6J_019_741_26,0,0.0,15,1.0,0.216,21.28
2026-07-26 13:53:54,040,SCN1A6J_019_741_26,18,0.03,12,0.964,0.1944,21.31
2026-07-26 14:03:56,040,SCN1A6J_019_741_26,0,0.0,15,1.0,0.1944,21.3
2026-07-26 14:13:59,040,SCN1A6J_019_741_26,0,0.0,15,1.0,0.1944,21.29
2026-07-26 14:24:02,040,SCN1A6J_019_741_26,0,0.0,15,1.0,0.4068,21.29
2026-07-26 14:34:06,040,SCN1A6J_019_741_26,0,0.0,15,1.0,0.216,21.28
2026-07-26 14:44:09,040,SCN1A6J_019_741_26,0,0.0,15,1.0,0.216,21.28
2026-07-26 14:54:12,040,SCN1A6J_019_741_26,0,0.0,15,1.0,0.2268,21.26
2026-07-26 15:04:15,040,SCN1A6J_019_741_26,0,0.0,15,1.0,0.2232,21.25
2026-07-26 15:14:18,040,SCN1A6J_019_741_26,0,0.0,15,1.0,0.2016,21.24
2026-07-26 15:24:22,040,SCN1A6J_019_741_26,10,0.017,13,0.981,0.216,21.25
2026-07-26 15:34:25,040,SCN1A6J_019_741_26,0,0.0,15,1.0,0.216,21.2
2026-07-26 15:44:29,040,SCN1A6J_019_741_26,0,0.0,15,1.0,0.216,21.16
2026-07-26 15:54:32,040,SCN1A6J_019_741_26,0,0.0,15,1.0,0.216,21.13
2026-07-26 16:04:35,040,SCN1A6J_019_741_26,0,0.0,15,1.0,0.216,21.11
2026-07-26 16:14:38,040,SCN1A6J_019_741_26,0,0.0,15,1.0,0.2268,21.09
2026-07-26 16:24:41,040,SCN1A6J_019_741_26,15,0.025,13,0.972,0.18,21.12
2026-07-26 16:34:44,040,SCN1A6J_019_741_26,27,0.045,13,0.951,0.2196,21.2
2026-07-26 16:44:46,040,SCN1A6J_019_741_26,0,0.0,15,1.0,0.2052,21.21
2026-07-26 16:54:50,040,SCN1A6J_019_741_26,0,0.0,15,1.0,0.1944,21.2
2026-07-26 17:05:13,040,SCN1A6J_019_741_26,0,0.0,15,1.0,0.1944,21.26
2026-07-26 17:15:16,040,SCN1A6J_019_741_26,0,0.0,15,1.0,0.1872,21.24
2026-07-26 17:25:20,040,SCN1A6J_019_741_26,9,0.015,13,0.983,0.2016,21.31
2026-07-26 17:35:23,040,SCN1A6J_019_741_26,0,0.0,15,1.0,0.2124,21.32
2026-07-26 17:45:26,040,SCN1A6J_019_741_26,0,0.0,15,1.0,0.2016,21.32
2026-07-26 17:55:29,040,SCN1A6J_019_741_26,0,0.0,15,1.0,0.2016,21.32
2026-07-26 18:05:33,040,SCN1A6J_019_741_26,76,0.126,9,0.826,0.0,21.46
2026-07-26 18:15:36,040,SCN1A6J_019_741_26,9,0.015,13,0.983,0.0,21.51
2026-07-26 18:25:40,040,SCN1A6J_019_741_26,179,0.298,1,0.183,0.0,21.77
2026-07-26 18:35:43,040,SCN1A6J_019_741_26,82,0.136,7,0.773,0.0,21.93
2026-07-26 18:45:46,040,SCN1A6J_019_741_26,158,0.262,2,0.336,0.0,22.17
2026-07-26 18:55:50,040,SCN1A6J_019_741_26,9,0.015,13,0.983,0.0,22.01
2026-07-26 19:05:53,040,SCN1A6J_019_741_26,0,0.0,15,1.0,0.0,21.88
2026-07-26 19:15:56,040,SCN1A6J_019_741_26,19,0.032,11,0.959,0.0,22.02
2026-07-26 19:25:59,040,SCN1A6J_019_741_26,50,0.083,11,0.898,0.0,22.01
2026-07-26 19:36:03,040,SCN1A6J_019_741_26,0,0.0,15,1.0,0.0,21.88
2026-07-26 19:46:06,040,SCN1A6J_019_741_26,0,0.0,15,1.0,0.0,21.77
2026-07-26 19:56:09,040,SCN1A6J_019_741_26,0,0.0,15,1.0,0.0,21.67
2026-07-26 20:06:12,040,SCN1A6J_019_741_26,79,0.131,9,0.82,0.0,21.79
2026-07-26 20:16:15,040,SCN1A6J_019_741_26,9,0.015,14,0.984,0.0,21.7
2026-07-26 20:26:19,040,SCN1A6J_019_741_26,0,0.0,15,1.0,0.0,21.62
2026-07-26 20:36:22,040,SCN1A6J_019_741_26,0,0.0,15,1.0,0.0,21.62
2026-07-26 20:46:26,040,SCN1A6J_019_741_26,17,0.028,12,0.966,0.0,21.64
2026-07-26 20:56:29,040,SCN1A6J_019_741_26,0,0.0,15,1.0,0.0,21.59
2026-07-26 21:06:54,040,SCN1A6J_019_741_26,0,0.0,15,1.0,0.0,21.61
2026-07-26 21:16:57,040,SCN1A6J_019_741_26,14,0.023,13,0.974,0.0,21.59
2026-07-26 21:27:00,040,SCN1A6J_019_741_26,0,0.0,15,1.0,0.0,21.54
2026-07-26 21:37:03,040,SCN1A6J_019_741_26,2,0.003,14,0.996,0.0,21.55
2026-07-26 21:47:07,040,SCN1A6J_019_741_26,0,0.0,15,1.0,0.0,21.56
2026-07-26 21:57:10,040,SCN1A6J_019_741_26,0,0.0,15,1.0,0.0,21.56
2026-07-26 22:07:13,040,SCN1A6J_019_741_26,33,0.055,12,0.936,0.0,21.61
2026-07-26 22:17:16,040,SCN1A6J_019_741_26,131,0.218,6,0.647,0.0,21.79
2026-07-26 22:27:19,040,SCN1A6J_019_741_26,106,0.176,9,0.773,0.0,21.91
2026-07-26 22:37:23,040,SCN1A6J_019_741_26,69,0.115,11,0.864,0.0,21.86
2026-07-26 22:47:26,040,SCN1A6J_019_741_26,0,0.0,15,1.0,0.0,21.75
2026-07-26 22:57:29,040,SCN1A6J_019_741_26,0,0.0,15,1.0,0.0,21.65
2026-07-26 23:07:32,040,SCN1A6J_019_741_26,0,0.0,15,1.0,0.0,21.6
2026-07-26 23:17:35,040,SCN1A6J_019_741_26,0,0.0,15,1.0,0.0,21.58
2026-07-26 23:27:38,040,SCN1A6J_019_741_26,0,0.0,15,1.0,0.0,21.53
2026-07-26 23:37:41,040,SCN1A6J_019_741_26,0,0.0,15,1.0,0.0,21.51
2026-07-26 23:47:43,040,SCN1A6J_019_741_26,0,0.0,15,1.0,0.0,21.48
2026-07-26 23:57:47,040,SCN1A6J_019_741_26,55,0.092,11,0.889,0.0,21.55
2026-07-25 00:08:54,059,SCN1A6J_019_741_27,56,0.093,9,0.865,0.0,22.09
2026-07-25 00:18:56,059,SCN1A6J_019_741_27,0,0.0,14,1.0,0.0,21.96
2026-07-25 00:29:17,059,SCN1A6J_019_741_27,39,0.065,11,0.919,0.0,22.03
2026-07-25 00:39:21,059,SCN1A6J_019_741_27,86,0.143,7,0.765,0.0,22.03
2026-07-25 00:49:24,059,SCN1A6J_019_741_27,49,0.082,9,0.88,0.0,22.14
2026-07-25 00:59:26,059,SCN1A6J_019_741_27,142,0.236,4,0.53,0.0,22.49
2026-07-25 01:09:29,059,SCN1A6J_019_741_27,47,0.078,9,0.885,0.0,22.37
2026-07-25 01:19:32,059,SCN1A6J_019_741_27,72,0.12,9,0.833,0.0,22.25
2026-07-25 01:29:35,059,SCN1A6J_019_741_27,23,0.038,12,0.954,0.0,22.14
2026-07-25 01:39:37,059,SCN1A6J_019_741_27,22,0.037,12,0.956,0.0,22.01
2026-07-25 01:49:40,059,SCN1A6J_019_741_27,63,0.105,9,0.851,0.0,21.99
2026-07-25 01:59:43,059,SCN1A6J_019_741_27,77,0.128,6,0.757,0.0,22.1
2026-07-25 02:09:46,059,SCN1A6J_019_741_27,38,0.063,11,0.921,0.0,22.05
2026-07-25 02:19:49,059,SCN1A6J_019_741_27,46,0.076,10,0.897,0.0,21.98
2026-07-25 02:29:52,059,SCN1A6J_019_741_27,0,0.0,14,1.0,0.0,21.86
2026-07-25 02:39:55,059,SCN1A6J_019_741_27,69,0.115,7,0.802,0.0,21.98
2026-07-25 02:49:57,059,SCN1A6J_019_741_27,17,0.028,13,0.968,0.0,21.88
2026-07-25 03:00:00,059,SCN1A6J_019_741_27,57,0.095,9,0.863,0.0,21.84
2026-07-25 03:10:03,059,SCN1A6J_019_741_27,34,0.057,11,0.928,0.0,21.82
2026-07-25 03:20:06,059,SCN1A6J_019_741_27,6,0.01,14,0.989,0.0,21.74
2026-07-25 03:30:08,059,SCN1A6J_019_741_27,64,0.106,10,0.862,0.0,21.78
2026-07-25 03:40:11,059,SCN1A6J_019_741_27,55,0.092,10,0.879,0.0,21.84
2026-07-25 03:50:14,059,SCN1A6J_019_741_27,22,0.037,13,0.959,0.0,21.79
2026-07-25 04:00:17,059,SCN1A6J_019_741_27,24,0.04,12,0.952,0.0,21.75
2026-07-25 04:10:19,059,SCN1A6J_019_741_27,6,0.01,14,0.989,0.0,21.65
2026-07-25 04:20:22,059,SCN1A6J_019_741_27,76,0.126,6,0.759,0.0,21.87
2026-07-25 04:30:36,059,SCN1A6J_019_741_27,87,0.145,7,0.763,0.0,21.99
2026-07-25 04:40:39,059,SCN1A6J_019_741_27,40,0.067,11,0.917,0.0,21.84
2026-07-25 04:50:41,059,SCN1A6J_019_741_27,0,0.0,14,1.0,0.0,21.73
2026-07-25 05:00:44,059,SCN1A6J_019_741_27,0,0.0,14,1.0,0.0,21.64
2026-07-25 05:10:47,059,SCN1A6J_019_741_27,173,0.288,4,0.48,0.0,21.79
2026-07-25 05:20:51,059,SCN1A6J_019_741_27,112,0.186,5,0.641,0.0,21.87
2026-07-25 05:30:53,059,SCN1A6J_019_741_27,5,0.008,14,0.991,0.0,21.78
2026-07-25 05:40:56,059,SCN1A6J_019_741_27,27,0.045,11,0.942,0.0,21.75
2026-07-25 05:50:59,059,SCN1A6J_019_741_27,64,0.106,9,0.849,0.0,21.7
2026-07-25 06:01:01,059,SCN1A6J_019_741_27,0,0.0,14,1.0,0.1584,21.62
2026-07-25 06:11:04,059,SCN1A6J_019_741_27,0,0.0,14,1.0,0.1584,21.57
2026-07-25 06:21:07,059,SCN1A6J_019_741_27,2,0.003,14,0.996,0.1368,21.52
2026-07-25 06:31:10,059,SCN1A6J_019_741_27,4,0.007,13,0.992,0.1656,21.51
2026-07-25 06:41:13,059,SCN1A6J_019_741_27,0,0.0,14,1.0,0.1656,21.48
2026-07-25 06:51:16,059,SCN1A6J_019_741_27,0,0.0,14,1.0,0.1656,21.46
2026-07-25 07:01:19,059,SCN1A6J_019_741_27,0,0.0,14,1.0,0.1656,21.43
2026-07-25 07:11:23,059,SCN1A6J_019_741_27,0,0.0,14,1.0,0.1656,21.41
2026-07-25 07:21:26,059,SCN1A6J_019_741_27,0,0.0,14,1.0,0.1656,21.41
2026-07-25 07:31:29,059,SCN1A6J_019_741_27,0,0.0,14,1.0,0.1656,21.38
2026-07-25 07:41:32,059,SCN1A6J_019_741_27,0,0.0,14,1.0,0.1656,21.38
2026-07-25 07:51:35,059,SCN1A6J_019_741_27,1,0.002,14,0.998,0.1656,21.37
2026-07-25 08:01:37,059,SCN1A6J_019_741_27,0,0.0,14,1.0,0.1656,21.38
2026-07-25 08:11:40,059,SCN1A6J_019_741_27,0,0.0,14,1.0,0.1656,21.38
2026-07-25 08:21:43,059,SCN1A6J_019_741_27,0,0.0,14,1.0,0.1656,21.38
2026-07-25 08:32:04,059,SCN1A6J_019_741_27,0,0.0,14,1.0,0.1656,21.41
2026-07-25 08:42:07,059,SCN1A6J_019_741_27,0,0.0,14,1.0,0.1656,21.39
2026-07-25 08:52:10,059,SCN1A6J_019_741_27,0,0.0,14,1.0,0.1656,21.39
2026-07-25 09:02:13,059,SCN1A6J_019_741_27,0,0.0,14,1.0,0.1656,21.37
2026-07-25 09:12:16,059,SCN1A6J_019_741_27,7,0.012,13,0.987,0.144,21.4
2026-07-25 09:22:19,059,SCN1A6J_019_741_27,44,0.073,11,0.909,0.1368,21.44
2026-07-25 09:32:21,059,SCN1A6J_019_741_27,0,0.0,14,1.0,0.1476,21.41
2026-07-25 09:42:24,059,SCN1A6J_019_741_27,0,0.0,14,1.0,0.1476,21.4
2026-07-25 09:52:27,059,SCN1A6J_019_741_27,0,0.0,14,1.0,0.1764,21.38
2026-07-25 10:02:30,059,SCN1A6J_019_741_27,0,0.0,14,1.0,0.1656,21.38
2026-07-25 10:12:33,059,SCN1A6J_019_741_27,0,0.0,14,1.0,0.1368,21.38
2026-07-25 10:22:36,059,SCN1A6J_019_741_27,0,0.0,14,1.0,0.1368,21.36
2026-07-25 10:32:39,059,SCN1A6J_019_741_27,0,0.0,14,1.0,0.1368,21.36
2026-07-25 10:42:42,059,SCN1A6J_019_741_27,0,0.0,14,1.0,0.1368,21.36
2026-07-25 10:52:45,059,SCN1A6J_019_741_27,0,0.0,14,1.0,0.1476,21.35
2026-07-25 11:02:48,059,SCN1A6J_019_741_27,0,0.0,14,1.0,0.1368,21.35
2026-07-25 11:12:51,059,SCN1A6J_019_741_27,0,0.0,14,1.0,0.1368,21.34
2026-07-25 11:22:54,059,SCN1A6J_019_741_27,0,0.0,14,1.0,0.1476,21.33
2026-07-25 11:32:56,059,SCN1A6J_019_741_27,0,0.0,14,1.0,0.144,21.32
2026-07-25 11:42:59,059,SCN1A6J_019_741_27,0,0.0,14,1.0,0.1368,21.34
2026-07-25 11:53:03,059,SCN1A6J_019_741_27,37,0.062,10,0.915,0.1368,21.4
2026-07-25 12:03:05,059,SCN1A6J_019_741_27,46,0.077,11,0.905,0.1224,21.42
2026-07-25 12:13:08,059,SCN1A6J_019_741_27,78,0.13,10,0.837,0.1188,21.48
2026-07-25 12:23:11,059,SCN1A6J_019_741_27,1,0.002,14,0.998,0.1224,21.48
2026-07-25 12:33:33,059,SCN1A6J_019_741_27,0,0.0,14,1.0,0.1332,21.49
2026-07-25 12:43:36,059,SCN1A6J_019_741_27,0,0.0,14,1.0,0.1224,21.45
2026-07-25 12:53:38,059,SCN1A6J_019_741_27,0,0.0,14,1.0,0.1224,21.41
2026-07-25 13:03:41,059,SCN1A6J_019_741_27,0,0.0,14,1.0,0.1332,21.39
2026-07-25 13:13:44,059,SCN1A6J_019_741_27,0,0.0,14,1.0,0.1332,21.39
2026-07-25 13:23:47,059,SCN1A6J_019_741_27,0,0.0,14,1.0,0.1224,21.37
2026-07-25 13:33:49,059,SCN1A6J_019_741_27,0,0.0,14,1.0,0.1332,21.38
2026-07-25 13:43:52,059,SCN1A6J_019_741_27,1,0.002,14,0.998,0.1332,21.37
2026-07-25 13:53:54,059,SCN1A6J_019_741_27,0,0.0,14,1.0,0.1224,21.36
2026-07-25 14:03:57,059,SCN1A6J_019_741_27,0,0.0,14,1.0,0.1332,21.36
2026-07-25 14:13:59,059,SCN1A6J_019_741_27,0,0.0,14,1.0,0.1224,21.36
2026-07-25 14:24:02,059,SCN1A6J_019_741_27,0,0.0,14,1.0,0.1224,21.36
2026-07-25 14:34:05,059,SCN1A6J_019_741_27,0,0.0,14,1.0,0.1332,21.35
2026-07-25 14:44:08,059,SCN1A6J_019_741_27,30,0.05,11,0.936,0.1404,21.42
2026-07-25 14:54:11,059,SCN1A6J_019_741_27,0,0.0,14,1.0,0.1368,21.42
2026-07-25 15:04:14,059,SCN1A6J_019_741_27,0,0.0,14,1.0,0.1404,21.41
2026-07-25 15:14:17,059,SCN1A6J_019_741_27,0,0.0,14,1.0,0.1404,21.41
2026-07-25 15:24:20,059,SCN1A6J_019_741_27,0,0.0,14,1.0,0.1368,21.41
2026-07-25 15:34:22,059,SCN1A6J_019_741_27,0,0.0,14,1.0,0.1368,21.4
2026-07-25 15:44:25,059,SCN1A6J_019_741_27,0,0.0,14,1.0,0.1404,21.4
2026-07-25 15:54:28,059,SCN1A6J_019_741_27,0,0.0,14,1.0,0.1368,21.41
2026-07-25 16:04:31,059,SCN1A6J_019_741_27,0,0.0,14,1.0,0.1404,21.4
2026-07-25 16:14:34,059,SCN1A6J_019_741_27,0,0.0,14,1.0,0.1404,21.41
2026-07-25 16:24:36,059,SCN1A6J_019_741_27,45,0.075,8,0.877,0.1368,21.52
2026-07-25 16:35:10,059,SCN1A6J_019_741_27,20,0.033,13,0.963,0.1548,21.64
2026-07-25 16:45:13,059,SCN1A6J_019_741_27,0,0.0,14,1.0,0.144,21.57
2026-07-25 16:55:16,059,SCN1A6J_019_741_27,0,0.0,14,1.0,0.1476,21.53
2026-07-25 17:05:19,059,SCN1A6J_019_741_27,0,0.0,14,1.0,0.1476,21.5
2026-07-25 17:15:22,059,SCN1A6J_019_741_27,0,0.0,14,1.0,0.1512,21.48
2026-07-25 17:25:25,059,SCN1A6J_019_741_27,0,0.0,14,1.0,0.1512,21.47
2026-07-25 17:35:28,059,SCN1A6J_019_741_27,0,0.0,14,1.0,0.1548,21.47
2026-07-25 17:45:30,059,SCN1A6J_019_741_27,40,0.067,10,0.909,0.1296,21.57
2026-07-25 17:55:34,059,SCN1A6J_019_741_27,10,0.017,13,0.981,0.1296,21.59
2026-07-25 18:05:37,059,SCN1A6J_019_741_27,6,0.01,14,0.989,0.0,21.57
2026-07-25 18:15:40,059,SCN1A6J_019_741_27,21,0.035,12,0.958,0.0,21.61
2026-07-25 18:25:43,059,SCN1A6J_019_741_27,51,0.085,8,0.863,0.0,21.82
2026-07-25 18:35:46,059,SCN1A6J_019_741_27,19,0.032,12,0.962,0.0,21.87
2026-07-25 18:45:49,059,SCN1A6J_019_741_27,46,0.077,11,0.905,0.0,21.94
2026-07-25 18:55:52,059,SCN1A6J_019_741_27,0,0.0,14,1.0,0.0,21.92
2026-07-25 19:05:55,059,SCN1A6J_019_741_27,0,0.0,14,1.0,0.0,21.86
2026-07-25 19:15:58,059,SCN1A6J_019_741_27,0,0.0,14,1.0,0.0,21.79
2026-07-25 19:26:01,059,SCN1A6J_019_741_27,0,0.0,14,1.0,0.0,21.75
2026-07-25 19:36:04,059,SCN1A6J_019_741_27,66,0.11,8,0.829,0.0,21.83
2026-07-25 19:46:07,059,SCN1A6J_019_741_27,54,0.09,10,0.881,0.0,21.97
2026-07-25 19:56:10,059,SCN1A6J_019_741_27,97,0.161,4,0.623,0.0,22.17
2026-07-25 20:06:14,059,SCN1A6J_019_741_27,11,0.018,13,0.979,0.0,22.1
2026-07-25 20:16:17,059,SCN1A6J_019_741_27,11,0.018,14,0.981,0.0,21.99
2026-07-25 20:26:20,059,SCN1A6J_019_741_27,0,0.0,14,1.0,0.0,21.9
2026-07-25 20:36:49,059,SCN1A6J_019_741_27,0,0.0,14,1.0,0.0,21.88
2026-07-25 20:46:52,059,SCN1A6J_019_741_27,0,0.0,14,1.0,0.0,21.8
2026-07-25 20:56:54,059,SCN1A6J_019_741_27,0,0.0,14,1.0,0.0,21.74
2026-07-25 21:06:57,059,SCN1A6J_019_741_27,0,0.0,14,1.0,0.0,21.73
2026-07-25 21:17:00,059,SCN1A6J_019_741_27,55,0.092,9,0.867,0.0,21.84
2026-07-25 21:27:03,059,SCN1A6J_019_741_27,111,0.185,7,0.716,0.0,21.91
2026-07-25 21:37:06,059,SCN1A6J_019_741_27,32,0.053,11,0.932,0.0,21.94
2026-07-25 21:47:08,059,SCN1A6J_019_741_27,40,0.067,10,0.909,0.0,21.95
2026-07-25 21:57:11,059,SCN1A6J_019_741_27,0,0.0,14,1.0,0.0,21.88
2026-07-25 22:07:14,059,SCN1A6J_019_741_27,1,0.002,14,0.998,0.0,21.82
2026-07-25 22:17:17,059,SCN1A6J_019_741_27,0,0.0,14,1.0,0.0,21.76
2026-07-25 22:27:20,059,SCN1A6J_019_741_27,0,0.0,14,1.0,0.0,21.72
2026-07-25 22:37:22,059,SCN1A6J_019_741_27,0,0.0,14,1.0,0.0,21.68
2026-07-25 22:47:25,059,SCN1A6J_019_741_27,0,0.0,14,1.0,0.0,21.69
2026-07-25 22:57:28,059,SCN1A6J_019_741_27,49,0.082,11,0.9,0.0,21.79
2026-07-25 23:07:31,059,SCN1A6J_019_741_27,8,0.013,12,0.984,0.0,21.77
2026-07-25 23:17:34,059,SCN1A6J_019_741_27,91,0.151,5,0.687,0.0,21.97
2026-07-25 23:27:37,059,SCN1A6J_019_741_27,36,0.06,12,0.93,0.0,22.03
2026-07-25 23:37:40,059,SCN1A6J_019_741_27,65,0.108,9,0.847,0.0,22.05
2026-07-25 23:47:43,059,SCN1A6J_019_741_27,20,0.033,12,0.96,0.0,22.07
2026-07-25 23:57:46,059,SCN1A6J_019_741_27,63,0.105,10,0.864,0.0,22.01
2026-07-26 00:07:49,059,SCN1A6J_019_741_27,70,0.116,7,0.8,0.0,22.11
2026-07-26 00:17:51,059,SCN1A6J_019_741_27,39,0.065,12,0.925,0.0,22.05
2026-07-26 00:27:54,059,SCN1A6J_019_741_27,138,0.229,4,0.537,0.0,22.2
2026-07-26 00:38:32,059,SCN1A6J_019_741_27,0,0.0,14,1.0,0.0,22.11
2026-07-26 00:48:35,059,SCN1A6J_019_741_27,0,0.0,14,1.0,0.0,22.0
2026-07-26 00:58:39,059,SCN1A6J_019_741_27,104,0.173,7,0.729,0.0,21.98
2026-07-26 01:08:41,059,SCN1A6J_019_741_27,55,0.092,9,0.867,0.0,21.94
2026-07-26 01:18:44,059,SCN1A6J_019_741_27,26,0.043,11,0.944,0.0,21.9
2026-07-26 01:28:47,059,SCN1A6J_019_741_27,0,0.0,14,1.0,0.0,21.8
2026-07-26 01:38:50,059,SCN1A6J_019_741_27,1,0.002,14,0.998,0.0,21.72
2026-07-26 01:48:53,059,SCN1A6J_019_741_27,0,0.0,14,1.0,0.0,21.64
2026-07-26 01:58:56,059,SCN1A6J_019_741_27,0,0.0,14,1.0,0.0,21.59
2026-07-26 02:08:58,059,SCN1A6J_019_741_27,0,0.0,14,1.0,0.0,21.55
2026-07-26 02:19:01,059,SCN1A6J_019_741_27,0,0.0,14,1.0,0.0,21.52
2026-07-26 02:29:04,059,SCN1A6J_019_741_27,0,0.0,14,1.0,0.0,21.5
2026-07-26 02:39:07,059,SCN1A6J_019_741_27,0,0.0,14,1.0,0.0,21.49
2026-07-26 02:49:10,059,SCN1A6J_019_741_27,0,0.0,14,1.0,0.0,21.47
2026-07-26 02:59:13,059,SCN1A6J_019_741_27,0,0.0,14,1.0,0.0,21.48
2026-07-26 03:09:15,059,SCN1A6J_019_741_27,59,0.098,10,0.871,0.0,21.53
2026-07-26 03:19:18,059,SCN1A6J_019_741_27,37,0.062,9,0.907,0.0,21.65
2026-07-26 03:29:21,059,SCN1A6J_019_741_27,40,0.067,11,0.917,0.0,21.69
2026-07-26 03:39:25,059,SCN1A6J_019_741_27,0,0.0,14,1.0,0.0,21.67
2026-07-26 03:49:27,059,SCN1A6J_019_741_27,21,0.035,13,0.961,0.0,21.67
2026-07-26 03:59:30,059,SCN1A6J_019_741_27,31,0.051,9,0.921,0.0,21.72
2026-07-26 04:09:33,059,SCN1A6J_019_741_27,15,0.025,12,0.97,0.0,21.71
2026-07-26 04:19:36,059,SCN1A6J_019_741_27,138,0.23,3,0.465,0.0,21.91
2026-07-26 04:29:39,059,SCN1A6J_019_741_27,12,0.02,12,0.976,0.0,21.87
2026-07-26 04:39:58,059,SCN1A6J_019_741_27,17,0.028,13,0.968,0.0,21.82
2026-07-26 04:50:00,059,SCN1A6J_019_741_27,124,0.206,4,0.563,0.0,21.81
2026-07-26 05:00:02,059,SCN1A6J_019_741_27,37,0.062,9,0.907,0.0,21.78
2026-07-26 05:10:05,059,SCN1A6J_019_741_27,42,0.07,10,0.905,0.0,21.77
2026-07-26 05:20:08,059,SCN1A6J_019_741_27,22,0.037,12,0.956,0.0,21.74
2026-07-26 05:30:11,059,SCN1A6J_019_741_27,39,0.065,10,0.911,0.0,21.71
2026-07-26 05:40:14,059,SCN1A6J_019_741_27,146,0.243,3,0.451,0.0,21.75
2026-07-26 05:50:17,059,SCN1A6J_019_741_27,13,0.022,13,0.976,0.0,21.71
2026-07-26 06:00:19,059,SCN1A6J_019_741_27,23,0.038,11,0.95,0.162,21.69
2026-07-26 06:10:22,059,SCN1A6J_019_741_27,65,0.108,9,0.847,0.1296,21.67
2026-07-26 06:20:25,059,SCN1A6J_019_741_27,115,0.192,3,0.511,0.1476,21.67
2026-07-26 06:30:27,059,SCN1A6J_019_741_27,2,0.003,13,0.996,0.1296,21.62
2026-07-26 06:40:30,059,SCN1A6J_019_741_27,4,0.007,13,0.992,0.1368,21.59
2026-07-26 06:50:32,059,SCN1A6J_019_741_27,0,0.0,14,1.0,0.1368,21.54
2026-07-26 07:00:35,059,SCN1A6J_019_741_27,0,0.0,14,1.0,0.1368,21.51
2026-07-26 07:10:38,059,SCN1A6J_019_741_27,0,0.0,14,1.0,0.1368,21.48
2026-07-26 07:20:41,059,SCN1A6J_019_741_27,0,0.0,14,1.0,0.1368,21.45
2026-07-26 07:30:43,059,SCN1A6J_019_741_27,0,0.0,14,1.0,0.1368,21.42
2026-07-26 07:40:46,059,SCN1A6J_019_741_27,0,0.0,14,1.0,0.1368,21.41
2026-07-26 07:50:49,059,SCN1A6J_019_741_27,0,0.0,14,1.0,0.1368,21.4
2026-07-26 08:00:51,059,SCN1A6J_019_741_27,0,0.0,14,1.0,0.1368,21.39
2026-07-26 08:10:54,059,SCN1A6J_019_741_27,0,0.0,14,1.0,0.1368,21.39
2026-07-26 08:20:57,059,SCN1A6J_019_741_27,0,0.0,14,1.0,0.1368,21.39
2026-07-26 08:31:00,059,SCN1A6J_019_741_27,18,0.03,12,0.964,0.1476,21.42
2026-07-26 08:41:25,059,SCN1A6J_019_741_27,0,0.0,14,1.0,0.1548,21.47
2026-07-26 08:51:27,059,SCN1A6J_019_741_27,0,0.0,14,1.0,0.144,21.45
2026-07-26 09:01:30,059,SCN1A6J_019_741_27,0,0.0,14,1.0,0.144,21.45
2026-07-26 09:11:33,059,SCN1A6J_019_741_27,0,0.0,14,1.0,0.144,21.43
2026-07-26 09:21:36,059,SCN1A6J_019_741_27,0,0.0,14,1.0,0.1728,21.42
2026-07-26 09:31:39,059,SCN1A6J_019_741_27,8,0.013,13,0.985,0.2808,21.43
2026-07-26 09:41:41,059,SCN1A6J_019_741_27,0,0.0,14,1.0,0.2808,21.46
2026-07-26 09:51:44,059,SCN1A6J_019_741_27,0,0.0,14,1.0,0.18,21.48
2026-07-26 10:01:47,059,SCN1A6J_019_741_27,0,0.0,14,1.0,0.18,21.49
2026-07-26 10:11:49,059,SCN1A6J_019_741_27,0,0.0,14,1.0,0.18,21.48
2026-07-26 10:21:52,059,SCN1A6J_019_741_27,0,0.0,14,1.0,0.1512,21.48
2026-07-26 10:31:55,059,SCN1A6J_019_741_27,0,0.0,14,1.0,0.1512,21.47
2026-07-26 10:41:58,059,SCN1A6J_019_741_27,0,0.0,14,1.0,0.1512,21.47
2026-07-26 10:52:00,059,SCN1A6J_019_741_27,0,0.0,14,1.0,0.1512,21.46
2026-07-26 11:02:03,059,SCN1A6J_019_741_27,0,0.0,14,1.0,0.1512,21.45
2026-07-26 11:12:06,059,SCN1A6J_019_741_27,0,0.0,14,1.0,0.1512,21.44
2026-07-26 11:22:09,059,SCN1A6J_019_741_27,9,0.015,13,0.983,0.1476,21.46
2026-07-26 11:32:11,059,SCN1A6J_019_741_27,45,0.075,9,0.889,0.1296,21.51
2026-07-26 11:42:14,059,SCN1A6J_019_741_27,30,0.05,11,0.936,0.1512,21.53
2026-07-26 11:52:17,059,SCN1A6J_019_741_27,0,0.0,14,1.0,0.1512,21.52
2026-07-26 12:02:19,059,SCN1A6J_019_741_27,0,0.0,14,1.0,0.1512,21.5
2026-07-26 12:12:22,059,SCN1A6J_019_741_27,0,0.0,14,1.0,0.1512,21.5
2026-07-26 12:22:24,059,SCN1A6J_019_741_27,0,0.0,14,1.0,0.1512,21.48
2026-07-26 12:32:27,059,SCN1A6J_019_741_27,0,0.0,14,1.0,0.1512,21.47
2026-07-26 12:43:02,059,SCN1A6J_019_741_27,0,0.0,14,1.0,0.1512,21.54
2026-07-26 12:53:05,059,SCN1A6J_019_741_27,0,0.0,14,1.0,0.1512,21.51
2026-07-26 13:03:07,059,SCN1A6J_019_741_27,0,0.0,14,1.0,0.1512,21.49
2026-07-26 13:13:11,059,SCN1A6J_019_741_27,0,0.0,14,1.0,0.1512,21.47
2026-07-26 13:23:13,059,SCN1A6J_019_741_27,0,0.0,14,1.0,0.18,21.46
2026-07-26 13:33:16,059,SCN1A6J_019_741_27,0,0.0,14,1.0,0.18,21.45
2026-07-26 13:43:19,059,SCN1A6J_019_741_27,0,0.0,14,1.0,0.18,21.44
2026-07-26 13:53:22,059,SCN1A6J_019_741_27,0,0.0,14,1.0,0.1512,21.43
2026-07-26 14:03:26,059,SCN1A6J_019_741_27,0,0.0,14,1.0,0.1512,21.43
2026-07-26 14:13:28,059,SCN1A6J_019_741_27,0,0.0,14,1.0,0.1512,21.43
2026-07-26 14:23:31,059,SCN1A6J_019_741_27,0,0.0,14,1.0,0.18,21.44
2026-07-26 14:33:34,059,SCN1A6J_019_741_27,0,0.0,14,1.0,0.1872,21.43
2026-07-26 14:43:37,059,SCN1A6J_019_741_27,0,0.0,14,1.0,0.1908,21.43
2026-07-26 14:53:40,059,SCN1A6J_019_741_27,0,0.0,14,1.0,0.1872,21.42
2026-07-26 15:03:43,059,SCN1A6J_019_741_27,0,0.0,14,1.0,0.1908,21.43
2026-07-26 15:13:46,059,SCN1A6J_019_741_27,0,0.0,14,1.0,0.1872,21.43
2026-07-26 15:23:49,059,SCN1A6J_019_741_27,44,0.073,10,0.901,0.144,21.48
2026-07-26 15:33:52,059,SCN1A6J_019_741_27,52,0.087,9,0.874,0.1764,21.56
2026-07-26 15:43:54,059,SCN1A6J_019_741_27,0,0.0,14,1.0,0.1764,21.51
2026-07-26 15:53:57,059,SCN1A6J_019_741_27,0,0.0,14,1.0,0.1764,21.46
2026-07-26 16:03:59,059,SCN1A6J_019_741_27,0,0.0,14,1.0,0.1764,21.43
2026-07-26 16:14:02,059,SCN1A6J_019_741_27,0,0.0,14,1.0,0.1764,21.39
2026-07-26 16:24:06,059,SCN1A6J_019_741_27,0,0.0,14,1.0,0.1656,21.38
2026-07-26 16:34:09,059,SCN1A6J_019_741_27,0,0.0,14,1.0,0.1656,21.35
2026-07-26 16:44:39,059,SCN1A6J_019_741_27,0,0.0,14,1.0,0.144,21.38
2026-07-26 16:54:42,059,SCN1A6J_019_741_27,0,0.0,14,1.0,0.1476,21.36
2026-07-26 17:04:45,059,SCN1A6J_019_741_27,60,0.1,8,0.842,0.1584,21.4
2026-07-26 17:14:47,059,SCN1A6J_019_741_27,0,0.0,14,1.0,0.1584,21.37
2026-07-26 17:24:50,059,SCN1A6J_019_741_27,0,0.0,14,1.0,0.1584,21.34
2026-07-26 17:34:52,059,SCN1A6J_019_741_27,0,0.0,14,1.0,0.1584,21.32
2026-07-26 17:44:56,059,SCN1A6J_019_741_27,13,0.022,13,0.976,0.162,21.32
2026-07-26 17:54:58,059,SCN1A6J_019_741_27,8,0.013,12,0.984,0.1584,21.37
2026-07-26 18:05:01,059,SCN1A6J_019_741_27,31,0.052,13,0.944,0.0,21.37
2026-07-26 18:15:04,059,SCN1A6J_019_741_27,77,0.128,10,0.839,0.0,21.5
2026-07-26 18:25:07,059,SCN1A6J_019_741_27,46,0.077,11,0.905,0.0,21.52
2026-07-26 18:35:10,059,SCN1A6J_019_741_27,41,0.068,9,0.898,0.0,21.59
2026-07-26 18:45:13,059,SCN1A6J_019_741_27,156,0.26,2,0.339,0.0,21.8
2026-07-26 18:55:16,059,SCN1A6J_019_741_27,118,0.196,5,0.629,0.0,21.87
2026-07-26 19:05:19,059,SCN1A6J_019_741_27,35,0.058,12,0.932,0.0,21.83
2026-07-26 19:15:22,059,SCN1A6J_019_741_27,0,0.0,14,1.0,0.0,21.75
2026-07-26 19:25:25,059,SCN1A6J_019_741_27,0,0.0,14,1.0,0.0,21.69
2026-07-26 19:35:28,059,SCN1A6J_019_741_27,22,0.037,11,0.952,0.0,21.67
2026-07-26 19:45:31,059,SCN1A6J_019_741_27,99,0.165,6,0.708,0.0,21.81
2026-07-26 19:55:34,059,SCN1A6J_019_741_27,67,0.111,9,0.843,0.0,21.83
2026-07-26 20:05:37,059,SCN1A6J_019_741_27,11,0.018,13,0.979,0.0,21.8
2026-07-26 20:15:39,059,SCN1A6J_019_741_27,183,0.305,5,0.522,0.0,21.83
2026-07-26 20:25:41,059,SCN1A6J_019_741_27,12,0.02,12,0.976,0.0,21.87
2026-07-26 20:35:44,059,SCN1A6J_019_741_27,6,0.01,12,0.988,0.0,21.77
2026-07-26 20:46:14,059,SCN1A6J_019_741_27,0,0.0,14,1.0,0.0,21.78
2026-07-26 20:56:16,059,SCN1A6J_019_741_27,0,0.0,14,1.0,0.0,21.7
2026-07-26 21:06:19,059,SCN1A6J_019_741_27,3,0.005,13,0.994,0.0,21.63
2026-07-26 21:16:22,059,SCN1A6J_019_741_27,0,0.0,14,1.0,0.0,21.58
2026-07-26 21:26:25,059,SCN1A6J_019_741_27,0,0.0,14,1.0,0.0,21.55
2026-07-26 21:36:28,059,SCN1A6J_019_741_27,1,0.002,14,0.998,0.0,21.53
2026-07-26 21:46:30,059,SCN1A6J_019_741_27,0,0.0,14,1.0,0.0,21.53
2026-07-26 21:56:33,059,SCN1A6J_019_741_27,75,0.125,8,0.81,0.0,21.66
2026-07-26 22:06:36,059,SCN1A6J_019_741_27,110,0.183,5,0.645,0.0,21.89
2026-07-26 22:16:38,059,SCN1A6J_019_741_27,17,0.028,12,0.966,0.0,21.78
2026-07-26 22:26:42,059,SCN1A6J_019_741_27,55,0.092,10,0.879,0.0,21.75
2026-07-26 22:36:45,059,SCN1A6J_019_741_27,89,0.148,7,0.759,0.0,21.84
2026-07-26 22:46:48,059,SCN1A6J_019_741_27,0,0.0,14,1.0,0.0,21.74
2026-07-26 22:56:50,059,SCN1A6J_019_741_27,0,0.0,14,1.0,0.0,21.67
2026-07-26 23:06:53,059,SCN1A6J_019_741_27,0,0.0,14,1.0,0.0,21.59
2026-07-26 23:16:55,059,SCN1A6J_019_741_27,0,0.0,14,1.0,0.0,21.55
2026-07-26 23:26:58,059,SCN1A6J_019_741_27,0,0.0,14,1.0,0.0,21.51
2026-07-26 23:37:01,059,SCN1A6J_019_741_27,0,0.0,14,1.0,0.0,21.49
2026-07-26 23:47:03,059,SCN1A6J_019_741_27,0,0.0,14,1.0,0.0,21.47
2026-07-26 23:57:06,059,SCN1A6J_019_741_27,0,0.0,14,1.0,0.0,21.47
2026-07-25 00:07:49,016,SCN1A6J_019_742_29,63,0.105,10,0.864,0.0,21.89
2026-07-25 00:17:51,016,SCN1A6J_019_742_29,16,0.027,13,0.97,0.0,21.93
2026-07-25 00:27:55,016,SCN1A6J_019_742_29,0,0.0,15,1.0,0.0,22.11
2026-07-25 00:37:57,016,SCN1A6J_019_742_29,0,0.0,15,1.0,0.0,22.13
2026-07-25 00:48:00,016,SCN1A6J_019_742_29,0,0.0,15,1.0,0.0,22.14
2026-07-25 00:58:04,016,SCN1A6J_019_742_29,32,0.053,13,0.942,0.0,22.16
2026-07-25 01:08:06,016,SCN1A6J_019_742_29,3,0.005,14,0.995,0.0,22.17
2026-07-25 01:18:28,016,SCN1A6J_019_742_29,29,0.048,12,0.943,0.0,22.22
2026-07-25 01:28:31,016,SCN1A6J_019_742_29,5,0.008,13,0.99,0.0,22.2
2026-07-25 01:38:34,016,SCN1A6J_019_742_29,0,0.0,15,1.0,0.0,22.15
2026-07-25 01:48:37,016,SCN1A6J_019_742_29,0,0.0,15,1.0,0.0,22.1
2026-07-25 01:58:40,016,SCN1A6J_019_742_29,0,0.0,15,1.0,0.0,22.08
2026-07-25 02:08:43,016,SCN1A6J_019_742_29,0,0.0,15,1.0,0.0,22.04
2026-07-25 02:18:46,016,SCN1A6J_019_742_29,0,0.0,15,1.0,0.0,22.03
2026-07-25 02:28:49,016,SCN1A6J_019_742_29,0,0.0,15,1.0,0.0,21.85
2026-07-25 02:38:51,016,SCN1A6J_019_742_29,36,0.06,11,0.924,0.0,21.84
2026-07-25 02:48:55,016,SCN1A6J_019_742_29,2,0.003,14,0.996,0.0,21.87
2026-07-25 02:58:58,016,SCN1A6J_019_742_29,40,0.067,11,0.917,0.0,21.99
2026-07-25 03:09:01,016,SCN1A6J_019_742_29,1,0.002,15,0.998,0.0,22.06
2026-07-25 03:19:04,016,SCN1A6J_019_742_29,0,0.0,15,1.0,0.0,21.93
2026-07-25 03:29:07,016,SCN1A6J_019_742_29,0,0.0,15,1.0,0.0,21.87
2026-07-25 03:39:10,016,SCN1A6J_019_742_29,0,0.0,15,1.0,0.0,21.84
2026-07-25 03:49:13,016,SCN1A6J_019_742_29,0,0.0,15,1.0,0.0,21.81
2026-07-25 03:59:17,016,SCN1A6J_019_742_29,0,0.0,15,1.0,0.0,21.78
2026-07-25 04:09:19,016,SCN1A6J_019_742_29,0,0.0,15,1.0,0.0,21.89
2026-07-25 04:19:22,016,SCN1A6J_019_742_29,0,0.0,15,1.0,0.0,21.78
2026-07-25 04:29:25,016,SCN1A6J_019_742_29,0,0.0,15,1.0,0.0,21.92
2026-07-25 04:39:29,016,SCN1A6J_019_742_29,0,0.0,15,1.0,0.0,21.74
2026-07-25 04:49:32,016,SCN1A6J_019_742_29,0,0.0,15,1.0,0.0,21.71
2026-07-25 04:59:35,016,SCN1A6J_019_742_29,0,0.0,15,1.0,0.0,21.72
2026-07-25 05:09:38,016,SCN1A6J_019_742_29,0,0.0,15,1.0,0.0,21.69
2026-07-25 05:19:56,016,SCN1A6J_019_742_29,44,0.073,11,0.909,0.0,21.76
2026-07-25 05:29:59,016,SCN1A6J_019_742_29,23,0.038,12,0.954,0.0,21.8
2026-07-25 05:40:02,016,SCN1A6J_019_742_29,110,0.183,9,0.766,0.0,21.87
2026-07-25 05:50:06,016,SCN1A6J_019_742_29,0,0.0,15,1.0,0.0,21.88
2026-07-25 06:00:08,016,SCN1A6J_019_742_29,0,0.0,15,1.0,0.4068,21.86
2026-07-25 06:10:11,016,SCN1A6J_019_742_29,0,0.0,15,1.0,0.4104,21.83
2026-07-25 06:20:15,016,SCN1A6J_019_742_29,0,0.0,15,1.0,0.396,21.97
2026-07-25 06:30:18,016,SCN1A6J_019_742_29,0,0.0,15,1.0,0.396,21.78
2026-07-25 06:40:21,016,SCN1A6J_019_742_29,0,0.0,15,1.0,0.396,21.75
2026-07-25 06:50:24,016,SCN1A6J_019_742_29,0,0.0,15,1.0,0.396,21.74
2026-07-25 07:00:28,016,SCN1A6J_019_742_29,0,0.0,15,1.0,0.396,21.73
2026-07-25 07:10:30,016,SCN1A6J_019_742_29,0,0.0,15,1.0,0.396,21.7
2026-07-25 07:20:33,016,SCN1A6J_019_742_29,0,0.0,15,1.0,0.396,21.7
2026-07-25 07:30:36,016,SCN1A6J_019_742_29,0,0.0,15,1.0,0.3888,21.69
2026-07-25 07:40:39,016,SCN1A6J_019_742_29,0,0.0,15,1.0,0.3888,21.67
2026-07-25 07:50:42,016,SCN1A6J_019_742_29,0,0.0,15,1.0,0.3888,21.67
2026-07-25 08:00:45,016,SCN1A6J_019_742_29,0,0.0,15,1.0,0.3888,21.67
2026-07-25 08:10:48,016,SCN1A6J_019_742_29,0,0.0,15,1.0,0.396,21.66
2026-07-25 08:20:51,016,SCN1A6J_019_742_29,0,0.0,15,1.0,0.414,21.81
2026-07-25 08:30:54,016,SCN1A6J_019_742_29,0,0.0,15,1.0,0.4176,21.82
2026-07-25 08:40:57,016,SCN1A6J_019_742_29,0,0.0,15,1.0,0.4176,21.84
2026-07-25 08:51:00,016,SCN1A6J_019_742_29,0,0.0,15,1.0,0.4176,21.82
2026-07-25 09:01:03,016,SCN1A6J_019_742_29,0,0.0,15,1.0,0.4176,21.85
2026-07-25 09:11:06,016,SCN1A6J_019_742_29,0,0.0,15,1.0,0.4248,21.78
2026-07-25 09:21:25,016,SCN1A6J_019_742_29,0,0.0,15,1.0,0.4176,21.74
2026-07-25 09:31:28,016,SCN1A6J_019_742_29,0,0.0,15,1.0,0.4176,21.85
2026-07-25 09:41:31,016,SCN1A6J_019_742_29,0,0.0,15,1.0,0.4176,21.87
2026-07-25 09:51:33,016,SCN1A6J_019_742_29,0,0.0,15,1.0,0.4644,21.88
2026-07-25 10:01:37,016,SCN1A6J_019_742_29,0,0.0,15,1.0,0.432,21.88
2026-07-25 10:11:40,016,SCN1A6J_019_742_29,0,0.0,15,1.0,0.4032,21.89
2026-07-25 10:21:43,016,SCN1A6J_019_742_29,0,0.0,15,1.0,0.4032,21.88
2026-07-25 10:31:47,016,SCN1A6J_019_742_29,0,0.0,15,1.0,0.396,21.85
2026-07-25 10:41:49,016,SCN1A6J_019_742_29,0,0.0,15,1.0,0.396,21.83
2026-07-25 10:51:52,016,SCN1A6J_019_742_29,0,0.0,15,1.0,0.396,21.84
2026-07-25 11:01:55,016,SCN1A6J_019_742_29,0,0.0,15,1.0,0.396,21.83
2026-07-25 11:11:59,016,SCN1A6J_019_742_29,15,0.025,14,0.974,0.4068,21.84
2026-07-25 11:22:02,016,SCN1A6J_019_742_29,0,0.0,15,1.0,0.4068,21.84
2026-07-25 11:32:05,016,SCN1A6J_019_742_29,0,0.0,15,1.0,0.4032,21.83
2026-07-25 11:42:08,016,SCN1A6J_019_742_29,0,0.0,15,1.0,0.4392,21.83
2026-07-25 11:52:11,016,SCN1A6J_019_742_29,0,0.0,15,1.0,0.4392,21.82
2026-07-25 12:02:14,016,SCN1A6J_019_742_29,0,0.0,15,1.0,0.4032,21.81
2026-07-25 12:12:18,016,SCN1A6J_019_742_29,0,0.0,15,1.0,0.3996,21.81
2026-07-25 12:22:20,016,SCN1A6J_019_742_29,0,0.0,15,1.0,0.4104,21.84
2026-07-25 12:32:23,016,SCN1A6J_019_742_29,0,0.0,15,1.0,0.4104,21.84
2026-07-25 12:42:26,016,SCN1A6J_019_742_29,0,0.0,15,1.0,0.4104,21.87
2026-07-25 12:52:29,016,SCN1A6J_019_742_29,0,0.0,15,1.0,0.4176,21.87
2026-07-25 13:02:32,016,SCN1A6J_019_742_29,0,0.0,15,1.0,0.4176,21.86
2026-07-25 13:12:35,016,SCN1A6J_019_742_29,0,0.0,15,1.0,0.4068,21.85
2026-07-25 13:22:58,016,SCN1A6J_019_742_29,0,0.0,15,1.0,0.432,21.9
2026-07-25 13:33:01,016,SCN1A6J_019_742_29,0,0.0,15,1.0,0.4032,21.86
2026-07-25 13:43:04,016,SCN1A6J_019_742_29,0,0.0,15,1.0,0.414,21.84
2026-07-25 13:53:07,016,SCN1A6J_019_742_29,0,0.0,15,1.0,0.4068,21.84
2026-07-25 14:03:10,016,SCN1A6J_019_742_29,0,0.0,15,1.0,0.4032,21.84
2026-07-25 14:13:13,016,SCN1A6J_019_742_29,0,0.0,15,1.0,0.3816,21.86
2026-07-25 14:23:16,016,SCN1A6J_019_742_29,8,0.013,14,0.986,0.468,21.89
2026-07-25 14:33:19,016,SCN1A6J_019_742_29,0,0.0,15,1.0,0.4284,21.8
2026-07-25 14:43:22,016,SCN1A6J_019_742_29,0,0.0,15,1.0,0.4176,21.76
2026-07-25 14:53:25,016,SCN1A6J_019_742_29,0,0.0,15,1.0,0.4176,21.78
2026-07-25 15:03:28,016,SCN1A6J_019_742_29,0,0.0,15,1.0,0.4104,21.73
2026-07-25 15:13:31,016,SCN1A6J_019_742_29,0,0.0,15,1.0,0.4104,21.74
2026-07-25 15:23:35,016,SCN1A6J_019_742_29,0,0.0,15,1.0,0.4104,21.86
2026-07-25 15:33:38,016,SCN1A6J_019_742_29,0,0.0,15,1.0,0.4212,21.76
2026-07-25 15:43:41,016,SCN1A6J_019_742_29,0,0.0,15,1.0,0.4176,21.73
2026-07-25 15:53:44,016,SCN1A6J_019_742_29,53,0.088,9,0.872,0.4212,21.87
2026-07-25 16:03:47,016,SCN1A6J_019_742_29,0,0.0,15,1.0,0.4104,21.82
2026-07-25 16:13:50,016,SCN1A6J_019_742_29,0,0.0,15,1.0,0.4104,21.83
2026-07-25 16:23:54,016,SCN1A6J_019_742_29,21,0.035,13,0.961,0.4032,21.84
2026-07-25 16:33:57,016,SCN1A6J_019_742_29,0,0.0,15,1.0,0.4032,21.84
2026-07-25 16:44:00,016,SCN1A6J_019_742_29,0,0.0,15,1.0,0.3888,21.84
2026-07-25 16:54:03,016,SCN1A6J_019_742_29,0,0.0,15,1.0,0.4032,21.83
2026-07-25 17:04:06,016,SCN1A6J_019_742_29,0,0.0,15,1.0,0.4104,21.83
2026-07-25 17:14:09,016,SCN1A6J_019_742_29,0,0.0,15,1.0,0.3816,21.83
2026-07-25 17:24:28,016,SCN1A6J_019_742_29,28,0.047,12,0.945,0.4104,21.89
2026-07-25 17:34:31,016,SCN1A6J_019_742_29,0,0.0,15,1.0,0.4356,21.88
2026-07-25 17:44:34,016,SCN1A6J_019_742_29,0,0.0,15,1.0,0.414,21.88
2026-07-25 17:54:37,016,SCN1A6J_019_742_29,6,0.01,14,0.989,0.4392,21.87
2026-07-25 18:04:40,016,SCN1A6J_019_742_29,0,0.0,15,1.0,0.0,21.87
2026-07-25 18:14:43,016,SCN1A6J_019_742_29,65,0.108,9,0.847,0.0,21.93
2026-07-25 18:24:46,016,SCN1A6J_019_742_29,26,0.043,11,0.944,0.0,21.96
2026-07-25 18:34:49,016,SCN1A6J_019_742_29,59,0.098,8,0.844,0.0,22.0
2026-07-25 18:44:52,016,SCN1A6J_019_742_29,8,0.013,13,0.985,0.0,22.03
2026-07-25 18:54:56,016,SCN1A6J_019_742_29,0,0.0,15,1.0,0.0,22.03
2026-07-25 19:04:59,016,SCN1A6J_019_742_29,0,0.0,15,1.0,0.0,22.04
2026-07-25 19:15:02,016,SCN1A6J_019_742_29,0,0.0,15,1.0,0.0,22.02
2026-07-25 19:25:05,016,SCN1A6J_019_742_29,0,0.0,15,1.0,0.0,22.01
2026-07-25 19:35:08,016,SCN1A6J_019_742_29,0,0.0,15,1.0,0.0,21.98
2026-07-25 19:45:11,016,SCN1A6J_019_742_29,0,0.0,15,1.0,0.0,21.98
2026-07-25 19:55:14,016,SCN1A6J_019_742_29,0,0.0,15,1.0,0.0,21.97
2026-07-25 20:05:18,016,SCN1A6J_019_742_29,0,0.0,15,1.0,0.0,22.08
2026-07-25 20:15:21,016,SCN1A6J_019_742_29,0,0.0,15,1.0,0.0,21.97
2026-07-25 20:25:24,016,SCN1A6J_019_742_29,0,0.0,15,1.0,0.0,21.93
2026-07-25 20:35:27,016,SCN1A6J_019_742_29,0,0.0,15,1.0,0.0,21.93
2026-07-25 20:45:31,016,SCN1A6J_019_742_29,0,0.0,15,1.0,0.0,21.91
2026-07-25 20:55:33,016,SCN1A6J_019_742_29,0,0.0,15,1.0,0.0,21.89
2026-07-25 21:05:37,016,SCN1A6J_019_742_29,0,0.0,15,1.0,0.0,21.99
2026-07-25 21:15:39,016,SCN1A6J_019_742_29,0,0.0,15,1.0,0.0,21.92
2026-07-25 21:25:58,016,SCN1A6J_019_742_29,0,0.0,15,1.0,0.0,21.94
2026-07-25 21:36:02,016,SCN1A6J_019_742_29,0,0.0,15,1.0,0.0,22.01
2026-07-25 21:46:05,016,SCN1A6J_019_742_29,45,0.075,11,0.907,0.0,22.08
2026-07-25 21:56:08,016,SCN1A6J_019_742_29,95,0.158,5,0.678,0.0,22.16
2026-07-25 22:06:11,016,SCN1A6J_019_742_29,21,0.035,12,0.958,0.0,22.09
2026-07-25 22:16:14,016,SCN1A6J_019_742_29,8,0.013,13,0.985,0.0,22.31
2026-07-25 22:26:17,016,SCN1A6J_019_742_29,65,0.108,10,0.86,0.0,22.3
2026-07-25 22:36:20,016,SCN1A6J_019_742_29,0,0.0,15,1.0,0.0,22.17
2026-07-25 22:46:23,016,SCN1A6J_019_742_29,0,0.0,15,1.0,0.0,22.09
2026-07-25 22:56:26,016,SCN1A6J_019_742_29,0,0.0,15,1.0,0.0,22.15
2026-07-25 23:06:29,016,SCN1A6J_019_742_29,0,0.0,15,1.0,0.0,21.97
2026-07-25 23:16:32,016,SCN1A6J_019_742_29,33,0.055,12,0.936,0.0,21.98
2026-07-25 23:26:35,016,SCN1A6J_019_742_29,49,0.082,11,0.9,0.0,22.16
2026-07-25 23:36:38,016,SCN1A6J_019_742_29,0,0.0,15,1.0,0.0,22.01
2026-07-25 23:46:42,016,SCN1A6J_019_742_29,0,0.0,15,1.0,0.0,21.96
2026-07-25 23:56:45,016,SCN1A6J_019_742_29,0,0.0,15,1.0,0.0,21.92
2026-07-26 00:06:48,016,SCN1A6J_019_742_29,0,0.0,15,1.0,0.0,21.91
2026-07-26 00:16:51,016,SCN1A6J_019_742_29,0,0.0,15,1.0,0.0,21.89
2026-07-26 00:26:54,016,SCN1A6J_019_742_29,16,0.027,14,0.972,0.0,21.9
2026-07-26 00:36:57,016,SCN1A6J_019_742_29,24,0.04,14,0.959,0.0,21.95
2026-07-26 00:47:00,016,SCN1A6J_019_742_29,26,0.043,13,0.952,0.0,22.01
2026-07-26 00:57:03,016,SCN1A6J_019_742_29,19,0.032,11,0.959,0.0,22.05
2026-07-26 01:07:06,016,SCN1A6J_019_742_29,0,0.0,15,1.0,0.0,22.11
2026-07-26 01:17:09,016,SCN1A6J_019_742_29,0,0.0,15,1.0,0.0,21.95
2026-07-26 01:27:30,016,SCN1A6J_019_742_29,0,0.0,15,1.0,0.0,21.94
2026-07-26 01:37:33,016,SCN1A6J_019_742_29,0,0.0,15,1.0,0.0,21.9
2026-07-26 01:47:37,016,SCN1A6J_019_742_29,0,0.0,15,1.0,0.0,21.85
2026-07-26 01:57:40,016,SCN1A6J_019_742_29,0,0.0,15,1.0,0.0,21.81
2026-07-26 02:07:43,016,SCN1A6J_019_742_29,16,0.027,14,0.972,0.0,21.97
2026-07-26 02:17:46,016,SCN1A6J_019_742_29,0,0.0,15,1.0,0.0,21.93
2026-07-26 02:27:49,016,SCN1A6J_019_742_29,51,0.085,11,0.896,0.0,21.99
2026-07-26 02:37:52,016,SCN1A6J_019_742_29,53,0.088,8,0.858,0.0,21.98
2026-07-26 02:47:55,016,SCN1A6J_019_742_29,0,0.0,15,1.0,0.0,21.92
2026-07-26 02:57:59,016,SCN1A6J_019_742_29,0,0.0,15,1.0,0.0,21.93
2026-07-26 03:08:02,016,SCN1A6J_019_742_29,0,0.0,15,1.0,0.0,21.91
2026-07-26 03:18:05,016,SCN1A6J_019_742_29,0,0.0,15,1.0,0.0,21.86
2026-07-26 03:28:08,016,SCN1A6J_019_742_29,0,0.0,15,1.0,0.0,21.89
2026-07-26 03:38:11,016,SCN1A6J_019_742_29,0,0.0,15,1.0,0.0,21.87
2026-07-26 03:48:15,016,SCN1A6J_019_742_29,0,0.0,15,1.0,0.0,21.83
2026-07-26 03:58:18,016,SCN1A6J_019_742_29,0,0.0,15,1.0,0.0,21.72
2026-07-26 04:08:21,016,SCN1A6J_019_742_29,0,0.0,15,1.0,0.0,21.78
2026-07-26 04:18:24,016,SCN1A6J_019_742_29,0,0.0,15,1.0,0.0,21.81
2026-07-26 04:28:27,016,SCN1A6J_019_742_29,0,0.0,15,1.0,0.0,21.66
2026-07-26 04:38:30,016,SCN1A6J_019_742_29,0,0.0,15,1.0,0.0,21.65
2026-07-26 04:48:33,016,SCN1A6J_019_742_29,0,0.0,15,1.0,0.0,21.64
2026-07-26 04:58:36,016,SCN1A6J_019_742_29,0,0.0,15,1.0,0.0,21.65
2026-07-26 05:08:39,016,SCN1A6J_019_742_29,0,0.0,15,1.0,0.0,21.71
2026-07-26 05:18:42,016,SCN1A6J_019_742_29,23,0.038,12,0.954,0.0,21.67
2026-07-26 05:29:07,016,SCN1A6J_019_742_29,50,0.083,10,0.889,0.0,21.78
2026-07-26 05:39:10,016,SCN1A6J_019_742_29,103,0.171,10,0.795,0.0,21.86
2026-07-26 05:49:12,016,SCN1A6J_019_742_29,24,0.04,13,0.956,0.0,21.87
2026-07-26 05:59:15,016,SCN1A6J_019_742_29,0,0.0,15,1.0,0.0,21.82
2026-07-26 06:09:18,016,SCN1A6J_019_742_29,0,0.0,15,1.0,0.5472,21.81
2026-07-26 06:19:22,016,SCN1A6J_019_742_29,0,0.0,15,1.0,0.5256,21.77
2026-07-26 06:29:25,016,SCN1A6J_019_742_29,0,0.0,15,1.0,0.5256,21.85
2026-07-26 06:39:28,016,SCN1A6J_019_742_29,0,0.0,15,1.0,0.612,21.83
2026-07-26 06:49:31,016,SCN1A6J_019_742_29,0,0.0,15,1.0,0.7128,21.84
2026-07-26 06:59:34,016,SCN1A6J_019_742_29,0,0.0,15,1.0,0.6048,21.84
2026-07-26 07:09:37,016,SCN1A6J_019_742_29,0,0.0,15,1.0,0.5472,21.85
2026-07-26 07:19:41,016,SCN1A6J_019_742_29,0,0.0,15,1.0,0.5472,21.82
2026-07-26 07:29:44,016,SCN1A6J_019_742_29,0,0.0,15,1.0,0.5472,21.7
2026-07-26 07:39:47,016,SCN1A6J_019_742_29,0,0.0,15,1.0,0.5436,21.69
2026-07-26 07:49:50,016,SCN1A6J_019_742_29,0,0.0,15,1.0,0.5472,21.66
2026-07-26 07:59:53,016,SCN1A6J_019_742_29,0,0.0,15,1.0,0.54,21.78
2026-07-26 08:09:57,016,SCN1A6J_019_742_29,0,0.0,15,1.0,0.54,21.79
2026-07-26 08:20:00,016,SCN1A6J_019_742_29,0,0.0,15,1.0,0.5508,21.79
2026-07-26 08:30:03,016,SCN1A6J_019_742_29,0,0.0,15,1.0,0.6336,21.81
2026-07-26 08:40:06,016,SCN1A6J_019_742_29,0,0.0,15,1.0,0.5976,21.81
2026-07-26 08:50:09,016,SCN1A6J_019_742_29,0,0.0,15,1.0,0.6624,21.81
2026-07-26 09:00:12,016,SCN1A6J_019_742_29,0,0.0,15,1.0,0.7416,21.73
2026-07-26 09:10:16,016,SCN1A6J_019_742_29,0,0.0,15,1.0,0.7128,21.71
2026-07-26 09:20:18,016,SCN1A6J_019_742_29,0,0.0,15,1.0,0.7128,21.7
2026-07-26 09:30:40,016,SCN1A6J_019_742_29,0,0.0,15,1.0,0.6912,21.74
2026-07-26 09:40:43,016,SCN1A6J_019_742_29,0,0.0,15,1.0,0.7416,21.86
2026-07-26 09:50:47,016,SCN1A6J_019_742_29,0,0.0,15,1.0,0.7308,21.74
2026-07-26 10:00:50,016,SCN1A6J_019_742_29,0,0.0,15,1.0,0.6444,21.74
2026-07-26 10:10:54,016,SCN1A6J_019_742_29,0,0.0,15,1.0,0.6336,21.73
2026-07-26 10:20:57,016,SCN1A6J_019_742_29,0,0.0,15,1.0,0.594,21.74
2026-07-26 10:31:00,016,SCN1A6J_019_742_29,0,0.0,15,1.0,0.648,21.73
2026-07-26 10:41:04,016,SCN1A6J_019_742_29,0,0.0,15,1.0,0.5976,21.73
2026-07-26 10:51:06,016,SCN1A6J_019_742_29,0,0.0,15,1.0,0.5976,21.72
2026-07-26 11:01:10,016,SCN1A6J_019_742_29,0,0.0,15,1.0,0.5904,21.7
2026-07-26 11:11:13,016,SCN1A6J_019_742_29,0,0.0,15,1.0,0.5904,21.71
2026-07-26 11:21:16,016,SCN1A6J_019_742_29,0,0.0,15,1.0,0.576,21.71
2026-07-26 11:31:19,016,SCN1A6J_019_742_29,2,0.003,14,0.996,0.576,21.76
2026-07-26 11:41:22,016,SCN1A6J_019_742_29,27,0.045,11,0.942,0.648,21.79
2026-07-26 11:51:25,016,SCN1A6J_019_742_29,7,0.012,14,0.988,0.576,21.8
2026-07-26 12:01:28,016,SCN1A6J_019_742_29,0,0.0,15,1.0,0.5688,21.78
2026-07-26 12:11:31,016,SCN1A6J_019_742_29,0,0.0,15,1.0,0.5688,21.76
2026-07-26 12:21:34,016,SCN1A6J_019_742_29,0,0.0,15,1.0,0.5616,21.76
2026-07-26 12:31:37,016,SCN1A6J_019_742_29,0,0.0,15,1.0,0.5724,21.74
2026-07-26 12:41:41,016,SCN1A6J_019_742_29,0,0.0,15,1.0,0.5976,21.73
2026-07-26 12:51:44,016,SCN1A6J_019_742_29,0,0.0,15,1.0,0.5868,21.72
2026-07-26 13:01:47,016,SCN1A6J_019_742_29,0,0.0,15,1.0,0.54,21.7
2026-07-26 13:11:50,016,SCN1A6J_019_742_29,0,0.0,15,1.0,0.5292,21.7
2026-07-26 13:21:53,016,SCN1A6J_019_742_29,0,0.0,15,1.0,0.5436,21.69
2026-07-26 13:32:19,016,SCN1A6J_019_742_29,0,0.0,15,1.0,0.5904,21.76
2026-07-26 13:42:22,016,SCN1A6J_019_742_29,16,0.027,14,0.972,0.5796,21.79
2026-07-26 13:52:25,016,SCN1A6J_019_742_29,0,0.0,15,1.0,0.5544,21.8
2026-07-26 14:02:28,016,SCN1A6J_019_742_29,0,0.0,15,1.0,0.5832,21.78
2026-07-26 14:12:31,016,SCN1A6J_019_742_29,0,0.0,15,1.0,0.5616,21.86
2026-07-26 14:22:34,016,SCN1A6J_019_742_29,0,0.0,15,1.0,0.612,21.87
2026-07-26 14:32:37,016,SCN1A6J_019_742_29,0,0.0,15,1.0,0.6048,21.73
2026-07-26 14:42:40,016,SCN1A6J_019_742_29,0,0.0,15,1.0,0.54,21.87
2026-07-26 14:52:43,016,SCN1A6J_019_742_29,0,0.0,15,1.0,0.5976,21.87
2026-07-26 15:02:46,016,SCN1A6J_019_742_29,0,0.0,15,1.0,0.4968,21.75
2026-07-26 15:12:49,016,SCN1A6J_019_742_29,0,0.0,15,1.0,0.5328,21.78
2026-07-26 15:22:53,016,SCN1A6J_019_742_29,0,0.0,15,1.0,0.5328,21.76
2026-07-26 15:32:56,016,SCN1A6J_019_742_29,0,0.0,15,1.0,0.5328,21.89
2026-07-26 15:42:59,016,SCN1A6J_019_742_29,0,0.0,15,1.0,0.5616,21.85
2026-07-26 15:53:02,016,SCN1A6J_019_742_29,0,0.0,15,1.0,0.5472,21.84
2026-07-26 16:03:06,016,SCN1A6J_019_742_29,0,0.0,15,1.0,0.54,21.82
2026-07-26 16:13:08,016,SCN1A6J_019_742_29,0,0.0,15,1.0,0.5544,21.72
2026-07-26 16:23:11,016,SCN1A6J_019_742_29,2,0.003,15,0.997,0.5976,21.87
2026-07-26 16:33:13,016,SCN1A6J_019_742_29,0,0.0,15,1.0,0.5868,21.85
2026-07-26 16:43:17,016,SCN1A6J_019_742_29,0,0.0,15,1.0,0.5976,21.83
2026-07-26 16:53:20,016,SCN1A6J_019_742_29,0,0.0,15,1.0,0.594,21.84
2026-07-26 17:03:23,016,SCN1A6J_019_742_29,0,0.0,15,1.0,0.5832,21.83
2026-07-26 17:13:26,016,SCN1A6J_019_742_29,0,0.0,15,1.0,0.5688,21.84
2026-07-26 17:23:30,016,SCN1A6J_019_742_29,0,0.0,15,1.0,0.5652,21.86
2026-07-26 17:33:52,016,SCN1A6J_019_742_29,0,0.0,15,1.0,0.576,21.95
2026-07-26 17:43:55,016,SCN1A6J_019_742_29,0,0.0,15,1.0,0.5688,21.92
2026-07-26 17:53:58,016,SCN1A6J_019_742_29,0,0.0,15,1.0,0.5436,21.92
2026-07-26 18:04:00,016,SCN1A6J_019_742_29,0,0.0,15,1.0,0.0,21.92
2026-07-26 18:14:04,016,SCN1A6J_019_742_29,152,0.253,6,0.612,0.0,21.98
2026-07-26 18:24:07,016,SCN1A6J_019_742_29,77,0.128,10,0.839,0.0,21.97
2026-07-26 18:34:10,016,SCN1A6J_019_742_29,0,0.0,15,1.0,0.0,22.03
2026-07-26 18:44:14,016,SCN1A6J_019_742_29,0,0.0,15,1.0,0.0,22.0
2026-07-26 18:54:16,016,SCN1A6J_019_742_29,9,0.015,14,0.984,0.0,22.0
2026-07-26 19:04:20,016,SCN1A6J_019_742_29,88,0.146,6,0.732,0.0,22.05
2026-07-26 19:14:23,016,SCN1A6J_019_742_29,0,0.0,15,1.0,0.0,22.1
2026-07-26 19:24:27,016,SCN1A6J_019_742_29,0,0.0,15,1.0,0.0,22.08
2026-07-26 19:34:30,016,SCN1A6J_019_742_29,0,0.0,15,1.0,0.0,22.01
2026-07-26 19:44:33,016,SCN1A6J_019_742_29,0,0.0,15,1.0,0.0,22.03
2026-07-26 19:54:36,016,SCN1A6J_019_742_29,0,0.0,15,1.0,0.0,22.01
2026-07-26 20:04:38,016,SCN1A6J_019_742_29,0,0.0,15,1.0,0.0,22.01
2026-07-26 20:14:41,016,SCN1A6J_019_742_29,0,0.0,15,1.0,0.0,21.97
2026-07-26 20:24:44,016,SCN1A6J_019_742_29,0,0.0,15,1.0,0.0,21.81
2026-07-26 20:34:47,016,SCN1A6J_019_742_29,0,0.0,15,1.0,0.0,21.82
2026-07-26 20:44:50,016,SCN1A6J_019_742_29,0,0.0,15,1.0,0.0,21.8
2026-07-26 20:54:54,016,SCN1A6J_019_742_29,0,0.0,15,1.0,0.0,22.01
2026-07-26 21:04:57,016,SCN1A6J_019_742_29,15,0.025,12,0.97,0.0,22.03
2026-07-26 21:15:00,016,SCN1A6J_019_742_29,0,0.0,15,1.0,0.0,22.02
2026-07-26 21:25:03,016,SCN1A6J_019_742_29,0,0.0,15,1.0,0.0,21.99
2026-07-26 21:35:28,016,SCN1A6J_019_742_29,0,0.0,15,1.0,0.0,22.03
2026-07-26 21:45:31,016,SCN1A6J_019_742_29,0,0.0,15,1.0,0.0,21.98
2026-07-26 21:55:34,016,SCN1A6J_019_742_29,0,0.0,15,1.0,0.0,21.95
2026-07-26 22:05:38,016,SCN1A6J_019_742_29,0,0.0,15,1.0,0.0,21.95
2026-07-26 22:15:41,016,SCN1A6J_019_742_29,16,0.027,12,0.968,0.0,22.1
2026-07-26 22:25:44,016,SCN1A6J_019_742_29,9,0.015,14,0.984,0.0,22.05
2026-07-26 22:35:47,016,SCN1A6J_019_742_29,26,0.043,13,0.952,0.0,22.13
2026-07-26 22:45:51,016,SCN1A6J_019_742_29,16,0.027,13,0.97,0.0,22.12
2026-07-26 22:55:53,016,SCN1A6J_019_742_29,0,0.0,15,1.0,0.0,22.0
2026-07-26 23:05:56,016,SCN1A6J_019_742_29,0,0.0,15,1.0,0.0,21.94
2026-07-26 23:15:59,016,SCN1A6J_019_742_29,0,0.0,15,1.0,0.0,21.89
2026-07-26 23:26:02,016,SCN1A6J_019_742_29,0,0.0,15,1.0,0.0,21.94
2026-07-26 23:36:06,016,SCN1A6J_019_742_29,0,0.0,15,1.0,0.0,22.01
2026-07-26 23:46:08,016,SCN1A6J_019_742_29,15,0.025,13,0.972,0.0,22.02
2026-07-26 23:56:11,016,SCN1A6J_019_742_29,26,0.043,12,0.949,0.0,22.09
2026-07-25 00:09:17,050,SCN1A6J_019_742_30,54,0.09,10,0.881,0.0,22.09
2026-07-25 00:19:21,050,SCN1A6J_019_742_30,0,0.0,14,1.0,0.0,22.09
2026-07-25 00:29:24,050,SCN1A6J_019_742_30,39,0.065,10,0.911,0.0,22.08
2026-07-25 00:39:26,050,SCN1A6J_019_742_30,83,0.138,5,0.707,0.0,22.11
2026-07-25 00:49:29,050,SCN1A6J_019_742_30,42,0.07,6,0.851,0.0,22.11
2026-07-25 00:59:32,050,SCN1A6J_019_742_30,76,0.126,7,0.787,0.0,22.12
2026-07-25 01:09:52,050,SCN1A6J_019_742_30,47,0.078,5,0.81,0.0,22.17
2026-07-25 01:19:55,050,SCN1A6J_019_742_30,48,0.08,9,0.882,0.0,22.19
2026-07-25 01:29:58,050,SCN1A6J_019_742_30,90,0.15,7,0.757,0.0,22.21
2026-07-25 01:40:01,050,SCN1A6J_019_742_30,16,0.027,12,0.968,0.0,22.18
2026-07-25 01:50:04,050,SCN1A6J_019_742_30,0,0.0,14,1.0,0.0,22.14
2026-07-25 02:00:07,050,SCN1A6J_019_742_30,0,0.0,14,1.0,0.0,22.07
2026-07-25 02:10:10,050,SCN1A6J_019_742_30,0,0.0,14,1.0,0.0,22.02
2026-07-25 02:20:13,050,SCN1A6J_019_742_30,0,0.0,14,1.0,0.0,21.98
2026-07-25 02:30:15,050,SCN1A6J_019_742_30,0,0.0,14,1.0,0.0,21.94
2026-07-25 02:40:18,050,SCN1A6J_019_742_30,0,0.0,14,1.0,0.0,21.92
2026-07-25 02:50:21,050,SCN1A6J_019_742_30,0,0.0,14,1.0,0.0,21.88
2026-07-25 03:00:25,050,SCN1A6J_019_742_30,0,0.0,14,1.0,0.0,21.87
2026-07-25 03:10:27,050,SCN1A6J_019_742_30,0,0.0,14,1.0,0.0,21.85
2026-07-25 03:20:29,050,SCN1A6J_019_742_30,0,0.0,14,1.0,0.0,21.86
2026-07-25 03:30:32,050,SCN1A6J_019_742_30,112,0.186,6,0.682,0.0,21.9
2026-07-25 03:40:35,050,SCN1A6J_019_742_30,36,0.06,10,0.917,0.0,21.91
2026-07-25 03:50:39,050,SCN1A6J_019_742_30,24,0.04,10,0.943,0.0,21.93
2026-07-25 04:00:41,050,SCN1A6J_019_742_30,4,0.007,14,0.993,0.0,21.93
2026-07-25 04:10:44,050,SCN1A6J_019_742_30,0,0.0,14,1.0,0.0,21.89
2026-07-25 04:20:47,050,SCN1A6J_019_742_30,0,0.0,14,1.0,0.0,21.89
2026-07-25 04:30:50,050,SCN1A6J_019_742_30,0,0.0,14,1.0,0.0,21.87
2026-07-25 04:40:53,050,SCN1A6J_019_742_30,0,0.0,14,1.0,0.0,21.85
2026-07-25 04:50:56,050,SCN1A6J_019_742_30,0,0.0,14,1.0,0.0,21.83
2026-07-25 05:00:59,050,SCN1A6J_019_742_30,0,0.0,14,1.0,0.0,21.82
2026-07-25 05:11:21,050,SCN1A6J_019_742_30,0,0.0,14,1.0,0.0,21.84
2026-07-25 05:21:25,050,SCN1A6J_019_742_30,0,0.0,14,1.0,0.0,21.82
2026-07-25 05:31:27,050,SCN1A6J_019_742_30,2,0.003,14,0.996,0.0,21.82
2026-07-25 05:41:31,050,SCN1A6J_019_742_30,112,0.186,4,0.588,0.0,21.98
2026-07-25 05:51:34,050,SCN1A6J_019_742_30,185,0.307,3,0.393,0.0,22.0
2026-07-25 06:01:37,050,SCN1A6J_019_742_30,71,0.118,9,0.835,0.0648,22.0
2026-07-25 06:11:40,050,SCN1A6J_019_742_30,26,0.043,11,0.944,0.2736,22.02
2026-07-25 06:21:44,050,SCN1A6J_019_742_30,0,0.0,14,1.0,0.2808,21.98
2026-07-25 06:31:46,050,SCN1A6J_019_742_30,3,0.005,14,0.995,0.252,21.94
2026-07-25 06:41:49,050,SCN1A6J_019_742_30,0,0.0,14,1.0,0.2592,21.9
2026-07-25 06:51:52,050,SCN1A6J_019_742_30,2,0.003,14,0.996,0.27,21.87
2026-07-25 07:01:56,050,SCN1A6J_019_742_30,3,0.005,13,0.994,0.2376,21.85
2026-07-25 07:11:59,050,SCN1A6J_019_742_30,0,0.0,14,1.0,0.2664,21.83
2026-07-25 07:22:02,050,SCN1A6J_019_742_30,0,0.0,14,1.0,0.252,21.81
2026-07-25 07:32:05,050,SCN1A6J_019_742_30,0,0.0,14,1.0,0.2592,21.78
2026-07-25 07:42:08,050,SCN1A6J_019_742_30,0,0.0,14,1.0,0.2772,21.76
2026-07-25 07:52:11,050,SCN1A6J_019_742_30,3,0.005,13,0.994,0.252,21.74
2026-07-25 08:02:14,050,SCN1A6J_019_742_30,0,0.0,14,1.0,0.2556,21.75
2026-07-25 08:12:16,050,SCN1A6J_019_742_30,0,0.0,14,1.0,0.2592,21.74
2026-07-25 08:22:20,050,SCN1A6J_019_742_30,0,0.0,14,1.0,0.2664,21.73
2026-07-25 08:32:23,050,SCN1A6J_019_742_30,0,0.0,14,1.0,0.2448,21.71
2026-07-25 08:42:25,050,SCN1A6J_019_742_30,0,0.0,14,1.0,0.2304,21.71
2026-07-25 08:52:28,050,SCN1A6J_019_742_30,0,0.0,14,1.0,0.2232,21.7
2026-07-25 09:02:30,050,SCN1A6J_019_742_30,0,0.0,14,1.0,0.216,21.71
2026-07-25 09:12:51,050,SCN1A6J_019_742_30,0,0.0,14,1.0,0.2304,21.75
2026-07-25 09:22:54,050,SCN1A6J_019_742_30,0,0.0,14,1.0,0.2304,21.75
2026-07-25 09:32:58,050,SCN1A6J_019_742_30,0,0.0,14,1.0,0.234,21.75
2026-07-25 09:43:01,050,SCN1A6J_019_742_30,2,0.003,14,0.996,0.2304,21.75
2026-07-25 09:53:04,050,SCN1A6J_019_742_30,0,0.0,14,1.0,0.2628,21.75
2026-07-25 10:03:07,050,SCN1A6J_019_742_30,0,0.0,14,1.0,0.252,21.75
2026-07-25 10:13:10,050,SCN1A6J_019_742_30,0,0.0,14,1.0,0.2304,21.75
2026-07-25 10:23:13,050,SCN1A6J_019_742_30,0,0.0,14,1.0,0.2304,21.76
2026-07-25 10:33:16,050,SCN1A6J_019_742_30,0,0.0,14,1.0,0.2376,21.75
2026-07-25 10:43:19,050,SCN1A6J_019_742_30,0,0.0,14,1.0,0.2484,21.74
2026-07-25 10:53:22,050,SCN1A6J_019_742_30,0,0.0,14,1.0,0.2556,21.73
2026-07-25 11:03:25,050,SCN1A6J_019_742_30,0,0.0,14,1.0,0.2304,21.72
2026-07-25 11:13:28,050,SCN1A6J_019_742_30,0,0.0,14,1.0,0.216,21.73
2026-07-25 11:23:32,050,SCN1A6J_019_742_30,0,0.0,14,1.0,0.2196,21.72
2026-07-25 11:33:35,050,SCN1A6J_019_742_30,0,0.0,14,1.0,0.216,21.7
2026-07-25 11:43:38,050,SCN1A6J_019_742_30,0,0.0,14,1.0,0.2088,21.7
2026-07-25 11:53:41,050,SCN1A6J_019_742_30,0,0.0,14,1.0,0.2088,21.7
2026-07-25 12:03:44,050,SCN1A6J_019_742_30,0,0.0,14,1.0,0.2016,21.69
2026-07-25 12:13:47,050,SCN1A6J_019_742_30,0,0.0,14,1.0,0.2016,21.68
2026-07-25 12:23:50,050,SCN1A6J_019_742_30,3,0.005,14,0.995,0.2628,21.69
2026-07-25 12:33:53,050,SCN1A6J_019_742_30,83,0.138,7,0.771,0.0936,21.75
2026-07-25 12:43:56,050,SCN1A6J_019_742_30,130,0.216,6,0.649,0.3708,21.86
2026-07-25 12:53:59,050,SCN1A6J_019_742_30,39,0.065,12,0.925,0.3168,21.87
2026-07-25 13:04:03,050,SCN1A6J_019_742_30,0,0.0,14,1.0,0.2736,21.87
2026-07-25 13:14:21,050,SCN1A6J_019_742_30,0,0.0,14,1.0,0.2736,21.9
2026-07-25 13:24:24,050,SCN1A6J_019_742_30,0,0.0,14,1.0,0.2736,21.86
2026-07-25 13:34:27,050,SCN1A6J_019_742_30,0,0.0,14,1.0,0.2808,21.84
2026-07-25 13:44:30,050,SCN1A6J_019_742_30,0,0.0,14,1.0,0.2844,21.82
2026-07-25 13:54:32,050,SCN1A6J_019_742_30,0,0.0,14,1.0,0.2844,21.8
2026-07-25 14:04:36,050,SCN1A6J_019_742_30,0,0.0,14,1.0,0.2736,21.78
2026-07-25 14:14:38,050,SCN1A6J_019_742_30,0,0.0,14,1.0,0.2916,21.8
2026-07-25 14:24:41,050,SCN1A6J_019_742_30,0,0.0,14,1.0,0.2808,21.79
2026-07-25 14:34:45,050,SCN1A6J_019_742_30,0,0.0,14,1.0,0.2844,21.78
2026-07-25 14:44:48,050,SCN1A6J_019_742_30,0,0.0,14,1.0,0.2844,21.77
2026-07-25 14:54:50,050,SCN1A6J_019_742_30,0,0.0,14,1.0,0.2736,21.78
2026-07-25 15:04:54,050,SCN1A6J_019_742_30,36,0.06,10,0.917,0.36,21.8
2026-07-25 15:14:57,050,SCN1A6J_019_742_30,8,0.013,12,0.984,0.1944,21.81
2026-07-25 15:25:00,050,SCN1A6J_019_742_30,2,0.003,14,0.996,0.2016,21.84
2026-07-25 15:35:03,050,SCN1A6J_019_742_30,0,0.0,14,1.0,0.2448,21.86
2026-07-25 15:45:06,050,SCN1A6J_019_742_30,1,0.002,14,0.998,0.2448,21.86
2026-07-25 15:55:09,050,SCN1A6J_019_742_30,0,0.0,14,1.0,0.216,21.86
2026-07-25 16:05:12,050,SCN1A6J_019_742_30,0,0.0,14,1.0,0.2232,21.84
2026-07-25 16:15:15,050,SCN1A6J_019_742_30,0,0.0,14,1.0,0.2088,21.83
2026-07-25 16:25:17,050,SCN1A6J_019_742_30,0,0.0,14,1.0,0.1728,21.84
2026-07-25 16:35:20,050,SCN1A6J_019_742_30,5,0.008,12,0.99,0.2268,21.86
2026-07-25 16:45:23,050,SCN1A6J_019_742_30,34,0.057,11,0.928,0.2088,21.85
2026-07-25 16:55:26,050,SCN1A6J_019_742_30,43,0.072,8,0.882,0.1548,21.91
2026-07-25 17:05:30,050,SCN1A6J_019_742_30,0,0.0,14,1.0,0.1368,21.93
2026-07-25 17:15:50,050,SCN1A6J_019_742_30,0,0.0,14,1.0,0.1332,22.0
2026-07-25 17:25:53,050,SCN1A6J_019_742_30,0,0.0,14,1.0,0.18,22.02
2026-07-25 17:35:56,050,SCN1A6J_019_742_30,0,0.0,14,1.0,0.162,22.05
2026-07-25 17:46:00,050,SCN1A6J_019_742_30,19,0.032,12,0.962,0.1872,22.05
2026-07-25 17:56:02,050,SCN1A6J_019_742_30,24,0.04,11,0.948,0.1872,22.03
2026-07-25 18:06:06,050,SCN1A6J_019_742_30,38,0.063,13,0.932,0.0,22.0
2026-07-25 18:16:07,050,SCN1A6J_019_742_30,35,0.058,12,0.932,0.0,22.02
2026-07-25 18:26:10,050,SCN1A6J_019_742_30,155,0.258,5,0.563,0.0,22.09
2026-07-25 18:36:13,050,SCN1A6J_019_742_30,201,0.334,5,0.499,0.0,22.3
2026-07-25 18:46:17,050,SCN1A6J_019_742_30,62,0.103,7,0.819,0.0,22.25
2026-07-25 18:56:19,050,SCN1A6J_019_742_30,88,0.146,6,0.732,0.0,22.24
2026-07-25 19:06:22,050,SCN1A6J_019_742_30,5,0.008,13,0.99,0.0,22.25
2026-07-25 19:16:25,050,SCN1A6J_019_742_30,0,0.0,14,1.0,0.0,22.2
2026-07-25 19:26:28,050,SCN1A6J_019_742_30,0,0.0,14,1.0,0.0,22.14
2026-07-25 19:36:31,050,SCN1A6J_019_742_30,0,0.0,14,1.0,0.0,22.11
2026-07-25 19:46:33,050,SCN1A6J_019_742_30,0,0.0,14,1.0,0.0,22.06
2026-07-25 19:56:36,050,SCN1A6J_019_742_30,9,0.015,14,0.984,0.0,22.02
2026-07-25 20:06:39,050,SCN1A6J_019_742_30,156,0.26,5,0.562,0.0,22.03
2026-07-25 20:16:41,050,SCN1A6J_019_742_30,61,0.101,8,0.84,0.0,22.05
2026-07-25 20:26:44,050,SCN1A6J_019_742_30,17,0.028,12,0.966,0.0,22.03
2026-07-25 20:36:47,050,SCN1A6J_019_742_30,0,0.0,14,1.0,0.0,22.0
2026-07-25 20:46:50,050,SCN1A6J_019_742_30,0,0.0,14,1.0,0.0,21.95
2026-07-25 20:56:53,050,SCN1A6J_019_742_30,0,0.0,14,1.0,0.0,21.94
2026-07-25 21:06:56,050,SCN1A6J_019_742_30,20,0.033,12,0.96,0.0,21.89
2026-07-25 21:17:21,050,SCN1A6J_019_742_30,69,0.115,10,0.853,0.0,21.99
2026-07-25 21:27:24,050,SCN1A6J_019_742_30,24,0.04,12,0.952,0.0,21.97
2026-07-25 21:37:26,050,SCN1A6J_019_742_30,0,0.0,14,1.0,0.0,21.96
2026-07-25 21:47:30,050,SCN1A6J_019_742_30,0,0.0,14,1.0,0.0,21.94
2026-07-25 21:57:34,050,SCN1A6J_019_742_30,87,0.144,5,0.697,0.0,21.93
2026-07-25 22:07:37,050,SCN1A6J_019_742_30,0,0.0,14,1.0,0.0,21.92
2026-07-25 22:17:40,050,SCN1A6J_019_742_30,1,0.002,14,0.998,0.0,21.91
2026-07-25 22:27:43,050,SCN1A6J_019_742_30,0,0.0,14,1.0,0.0,21.9
2026-07-25 22:37:47,050,SCN1A6J_019_742_30,0,0.0,14,1.0,0.0,21.9
2026-07-25 22:47:50,050,SCN1A6J_019_742_30,60,0.1,6,0.8,0.0,21.93
2026-07-25 22:57:52,050,SCN1A6J_019_742_30,13,0.022,13,0.976,0.0,21.92
2026-07-25 23:07:56,050,SCN1A6J_019_742_30,104,0.173,3,0.536,0.0,21.95
2026-07-25 23:17:59,050,SCN1A6J_019_742_30,0,0.0,14,1.0,0.0,21.95
2026-07-25 23:28:02,050,SCN1A6J_019_742_30,27,0.045,12,0.947,0.0,21.95
2026-07-25 23:38:05,050,SCN1A6J_019_742_30,71,0.118,8,0.818,0.0,21.97
2026-07-25 23:48:08,050,SCN1A6J_019_742_30,53,0.088,9,0.872,0.0,21.96
2026-07-25 23:58:11,050,SCN1A6J_019_742_30,53,0.088,8,0.858,0.0,22.01
2026-07-26 00:08:14,050,SCN1A6J_019_742_30,38,0.063,10,0.913,0.0,22.02
2026-07-26 00:18:16,050,SCN1A6J_019_742_30,110,0.183,5,0.645,0.0,22.02
2026-07-26 00:28:20,050,SCN1A6J_019_742_30,91,0.151,8,0.779,0.0,21.99
2026-07-26 00:38:23,050,SCN1A6J_019_742_30,31,0.051,8,0.912,0.0,21.97
2026-07-26 00:48:26,050,SCN1A6J_019_742_30,0,0.0,14,1.0,0.0,21.94
2026-07-26 00:58:29,050,SCN1A6J_019_742_30,0,0.0,14,1.0,0.0,21.9
2026-07-26 01:08:32,050,SCN1A6J_019_742_30,0,0.0,14,1.0,0.0,21.85
2026-07-26 01:18:59,050,SCN1A6J_019_742_30,0,0.0,14,1.0,0.0,21.87
2026-07-26 01:29:02,050,SCN1A6J_019_742_30,0,0.0,14,1.0,0.0,21.82
2026-07-26 01:39:05,050,SCN1A6J_019_742_30,0,0.0,14,1.0,0.0,21.77
2026-07-26 01:49:08,050,SCN1A6J_019_742_30,0,0.0,14,1.0,0.0,21.74
2026-07-26 01:59:11,050,SCN1A6J_019_742_30,0,0.0,14,1.0,0.0,21.72
2026-07-26 02:09:14,050,SCN1A6J_019_742_30,0,0.0,14,1.0,0.0,21.72
2026-07-26 02:19:17,050,SCN1A6J_019_742_30,46,0.077,7,0.859,0.0,21.74
2026-07-26 02:29:21,050,SCN1A6J_019_742_30,140,0.233,6,0.632,0.0,21.81
2026-07-26 02:39:24,050,SCN1A6J_019_742_30,163,0.271,6,0.596,0.0,21.81
2026-07-26 02:49:28,050,SCN1A6J_019_742_30,7,0.012,13,0.987,0.0,21.8
2026-07-26 02:59:31,050,SCN1A6J_019_742_30,82,0.136,6,0.745,0.0,21.78
2026-07-26 03:09:34,050,SCN1A6J_019_742_30,10,0.017,12,0.98,0.0,21.8
2026-07-26 03:19:36,050,SCN1A6J_019_742_30,1,0.002,14,0.998,0.0,21.8
2026-07-26 03:29:39,050,SCN1A6J_019_742_30,1,0.002,14,0.998,0.0,21.8
2026-07-26 03:39:43,050,SCN1A6J_019_742_30,0,0.0,14,1.0,0.0,21.78
2026-07-26 03:49:45,050,SCN1A6J_019_742_30,0,0.0,14,1.0,0.0,21.77
2026-07-26 03:59:48,050,SCN1A6J_019_742_30,0,0.0,14,1.0,0.0,21.75
2026-07-26 04:09:51,050,SCN1A6J_019_742_30,0,0.0,14,1.0,0.0,21.75
2026-07-26 04:19:54,050,SCN1A6J_019_742_30,0,0.0,14,1.0,0.0,21.75
2026-07-26 04:29:58,050,SCN1A6J_019_742_30,0,0.0,14,1.0,0.0,21.74
2026-07-26 04:40:00,050,SCN1A6J_019_742_30,0,0.0,14,1.0,0.0,21.73
2026-07-26 04:50:03,050,SCN1A6J_019_742_30,0,0.0,14,1.0,0.0,21.72
2026-07-26 05:00:06,050,SCN1A6J_019_742_30,0,0.0,14,1.0,0.0,21.71
2026-07-26 05:10:09,050,SCN1A6J_019_742_30,0,0.0,14,1.0,0.0,21.7
2026-07-26 05:20:26,050,SCN1A6J_019_742_30,18,0.03,10,0.957,0.0,21.76
2026-07-26 05:30:30,050,SCN1A6J_019_742_30,18,0.03,11,0.961,0.0,21.75
2026-07-26 05:40:32,050,SCN1A6J_019_742_30,20,0.033,12,0.96,0.0,21.75
2026-07-26 05:50:35,050,SCN1A6J_019_742_30,50,0.083,7,0.848,0.0,21.8
2026-07-26 06:00:39,050,SCN1A6J_019_742_30,0,0.0,14,1.0,0.1584,21.82
2026-07-26 06:10:41,050,SCN1A6J_019_742_30,0,0.0,14,1.0,0.1584,21.83
2026-07-26 06:20:44,050,SCN1A6J_019_742_30,0,0.0,14,1.0,0.1584,21.81
2026-07-26 06:30:46,050,SCN1A6J_019_742_30,0,0.0,14,1.0,0.1584,21.79
2026-07-26 06:40:50,050,SCN1A6J_019_742_30,0,0.0,14,1.0,0.1584,21.78
2026-07-26 06:50:53,050,SCN1A6J_019_742_30,0,0.0,14,1.0,0.1584,21.77
2026-07-26 07:00:57,050,SCN1A6J_019_742_30,0,0.0,14,1.0,0.162,21.74
2026-07-26 07:11:00,050,SCN1A6J_019_742_30,0,0.0,14,1.0,0.1512,21.73
2026-07-26 07:21:04,050,SCN1A6J_019_742_30,0,0.0,14,1.0,0.1512,21.71
2026-07-26 07:31:06,050,SCN1A6J_019_742_30,0,0.0,14,1.0,0.1512,21.7
2026-07-26 07:41:09,050,SCN1A6J_019_742_30,0,0.0,14,1.0,0.1512,21.7
2026-07-26 07:51:12,050,SCN1A6J_019_742_30,0,0.0,14,1.0,0.162,21.69
2026-07-26 08:01:15,050,SCN1A6J_019_742_30,0,0.0,14,1.0,0.162,21.68
2026-07-26 08:11:18,050,SCN1A6J_019_742_30,0,0.0,14,1.0,0.1584,21.68
2026-07-26 08:21:21,050,SCN1A6J_019_742_30,0,0.0,14,1.0,0.1512,21.69
2026-07-26 08:31:24,050,SCN1A6J_019_742_30,0,0.0,14,1.0,0.1512,21.71
2026-07-26 08:41:27,050,SCN1A6J_019_742_30,0,0.0,14,1.0,0.1512,21.72
2026-07-26 08:51:30,050,SCN1A6J_019_742_30,0,0.0,14,1.0,0.1512,21.73
2026-07-26 09:01:32,050,SCN1A6J_019_742_30,0,0.0,14,1.0,0.1512,21.73
2026-07-26 09:11:35,050,SCN1A6J_019_742_30,0,0.0,14,1.0,0.1512,21.73
2026-07-26 09:21:57,050,SCN1A6J_019_742_30,0,0.0,14,1.0,0.1656,21.77
2026-07-26 09:32:00,050,SCN1A6J_019_742_30,0,0.0,14,1.0,0.2304,21.75
2026-07-26 09:42:03,050,SCN1A6J_019_742_30,0,0.0,14,1.0,0.2412,21.78
2026-07-26 09:52:06,050,SCN1A6J_019_742_30,0,0.0,14,1.0,0.1656,21.8
2026-07-26 10:02:09,050,SCN1A6J_019_742_30,0,0.0,14,1.0,0.1584,21.82
2026-07-26 10:12:11,050,SCN1A6J_019_742_30,0,0.0,14,1.0,0.1548,21.83
2026-07-26 10:22:13,050,SCN1A6J_019_742_30,0,0.0,14,1.0,0.1584,21.84
2026-07-26 10:32:17,050,SCN1A6J_019_742_30,0,0.0,14,1.0,0.1512,21.83
2026-07-26 10:42:20,050,SCN1A6J_019_742_30,0,0.0,14,1.0,0.1512,21.84
2026-07-26 10:52:23,050,SCN1A6J_019_742_30,0,0.0,14,1.0,0.1512,21.83
2026-07-26 11:02:26,050,SCN1A6J_019_742_30,0,0.0,14,1.0,0.1512,21.82
2026-07-26 11:12:28,050,SCN1A6J_019_742_30,0,0.0,14,1.0,0.1512,21.8
2026-07-26 11:22:32,050,SCN1A6J_019_742_30,0,0.0,14,1.0,0.1512,21.81
2026-07-26 11:32:35,050,SCN1A6J_019_742_30,0,0.0,14,1.0,0.1512,21.8
2026-07-26 11:42:38,050,SCN1A6J_019_742_30,0,0.0,14,1.0,0.1512,21.8
2026-07-26 11:52:41,050,SCN1A6J_019_742_30,0,0.0,14,1.0,0.1512,21.81
2026-07-26 12:02:44,050,SCN1A6J_019_742_30,0,0.0,14,1.0,0.1548,21.81
2026-07-26 12:12:46,050,SCN1A6J_019_742_30,0,0.0,14,1.0,0.1512,21.81
2026-07-26 12:22:49,050,SCN1A6J_019_742_30,2,0.003,14,0.996,0.144,21.83
2026-07-26 12:32:52,050,SCN1A6J_019_742_30,0,0.0,14,1.0,0.1512,21.85
2026-07-26 12:42:56,050,SCN1A6J_019_742_30,0,0.0,14,1.0,0.144,21.86
2026-07-26 12:52:59,050,SCN1A6J_019_742_30,0,0.0,14,1.0,0.144,21.88
2026-07-26 13:03:02,050,SCN1A6J_019_742_30,0,0.0,14,1.0,0.1368,21.88
2026-07-26 13:13:05,050,SCN1A6J_019_742_30,0,0.0,14,1.0,0.1296,21.89
2026-07-26 13:23:22,050,SCN1A6J_019_742_30,0,0.0,14,1.0,0.1404,21.95
2026-07-26 13:33:25,050,SCN1A6J_019_742_30,0,0.0,14,1.0,0.1368,21.95
2026-07-26 13:43:29,050,SCN1A6J_019_742_30,0,0.0,14,1.0,0.1404,21.96
2026-07-26 13:53:32,050,SCN1A6J_019_742_30,0,0.0,14,1.0,0.1476,21.95
2026-07-26 14:03:35,050,SCN1A6J_019_742_30,9,0.015,13,0.983,0.1872,21.95
2026-07-26 14:13:38,050,SCN1A6J_019_742_30,4,0.007,13,0.992,0.2376,21.91
2026-07-26 14:23:42,050,SCN1A6J_019_742_30,46,0.076,8,0.874,0.0612,21.93
2026-07-26 14:33:45,050,SCN1A6J_019_742_30,0,0.0,14,1.0,0.1224,21.97
2026-07-26 14:43:48,050,SCN1A6J_019_742_30,0,0.0,14,1.0,0.1224,21.96
2026-07-26 14:53:52,050,SCN1A6J_019_742_30,1,0.002,14,0.998,0.1368,21.94
2026-07-26 15:03:54,050,SCN1A6J_019_742_30,0,0.0,14,1.0,0.1296,21.93
2026-07-26 15:13:57,050,SCN1A6J_019_742_30,0,0.0,14,1.0,0.1368,21.93
2026-07-26 15:24:00,050,SCN1A6J_019_742_30,0,0.0,14,1.0,0.144,21.9
2026-07-26 15:34:03,050,SCN1A6J_019_742_30,0,0.0,14,1.0,0.0792,21.88
2026-07-26 15:44:06,050,SCN1A6J_019_742_30,1,0.002,14,0.998,0.1368,21.87
2026-07-26 15:54:08,050,SCN1A6J_019_742_30,0,0.0,14,1.0,0.1296,21.85
2026-07-26 16:04:11,050,SCN1A6J_019_742_30,0,0.0,14,1.0,0.1368,21.84
2026-07-26 16:14:14,050,SCN1A6J_019_742_30,7,0.012,13,0.987,0.1224,21.85
2026-07-26 16:24:16,050,SCN1A6J_019_742_30,4,0.007,13,0.992,0.1728,21.86
2026-07-26 16:34:19,050,SCN1A6J_019_742_30,4,0.007,13,0.992,0.1872,21.83
2026-07-26 16:44:22,050,SCN1A6J_019_742_30,15,0.025,12,0.97,0.1728,21.84
2026-07-26 16:54:25,050,SCN1A6J_019_742_30,0,0.0,14,1.0,0.1728,21.83
2026-07-26 17:04:28,050,SCN1A6J_019_742_30,0,0.0,14,1.0,0.1584,21.83
2026-07-26 17:14:31,050,SCN1A6J_019_742_30,0,0.0,14,1.0,0.198,21.82
2026-07-26 17:24:54,050,SCN1A6J_019_742_30,0,0.0,14,1.0,0.1944,21.88
2026-07-26 17:34:57,050,SCN1A6J_019_742_30,0,0.0,14,1.0,0.1728,21.86
2026-07-26 17:45:00,050,SCN1A6J_019_742_30,6,0.01,12,0.988,0.1944,21.88
2026-07-26 17:55:03,050,SCN1A6J_019_742_30,16,0.027,11,0.965,0.1872,21.88
2026-07-26 18:05:05,050,SCN1A6J_019_742_30,101,0.168,7,0.735,0.0,21.89
2026-07-26 18:15:08,050,SCN1A6J_019_742_30,286,0.476,1,0.123,0.0,22.05
2026-07-26 18:25:11,050,SCN1A6J_019_742_30,249,0.414,1,0.138,0.0,22.17
2026-07-26 18:35:14,050,SCN1A6J_019_742_30,321,0.535,1,0.111,0.0,22.22
2026-07-26 18:45:17,050,SCN1A6J_019_742_30,100,0.166,9,0.783,0.0,22.2
2026-07-26 18:55:20,050,SCN1A6J_019_742_30,74,0.123,10,0.844,0.0,22.19
2026-07-26 19:05:23,050,SCN1A6J_019_742_30,70,0.116,11,0.863,0.0,22.17
2026-07-26 19:15:26,050,SCN1A6J_019_742_30,107,0.178,8,0.749,0.0,22.15
2026-07-26 19:25:29,050,SCN1A6J_019_742_30,158,0.262,4,0.503,0.0,22.18
2026-07-26 19:35:33,050,SCN1A6J_019_742_30,167,0.278,6,0.59,0.0,22.16
2026-07-26 19:45:36,050,SCN1A6J_019_742_30,2,0.003,14,0.996,0.0,22.12
2026-07-26 19:55:39,050,SCN1A6J_019_742_30,0,0.0,14,1.0,0.0,22.05
2026-07-26 20:05:42,050,SCN1A6J_019_742_30,0,0.0,14,1.0,0.0,22.01
2026-07-26 20:15:45,050,SCN1A6J_019_742_30,0,0.0,14,1.0,0.0,21.94
2026-07-26 20:25:49,050,SCN1A6J_019_742_30,0,0.0,14,1.0,0.0,21.92
2026-07-26 20:35:51,050,SCN1A6J_019_742_30,0,0.0,14,1.0,0.0,21.91
2026-07-26 20:45:54,050,SCN1A6J_019_742_30,179,0.298,5,0.528,0.0,22.03
2026-07-26 20:55:57,050,SCN1A6J_019_742_30,67,0.111,10,0.857,0.0,22.12
2026-07-26 21:06:00,050,SCN1A6J_019_742_30,56,0.093,9,0.865,0.0,22.12
2026-07-26 21:16:03,050,SCN1A6J_019_742_30,0,0.0,14,1.0,0.0,22.07
2026-07-26 21:26:19,050,SCN1A6J_019_742_30,39,0.065,8,0.891,0.0,22.11
2026-07-26 21:36:21,050,SCN1A6J_019_742_30,163,0.271,7,0.632,0.0,22.1
2026-07-26 21:46:25,050,SCN1A6J_019_742_30,118,0.196,5,0.629,0.0,22.11
2026-07-26 21:56:28,050,SCN1A6J_019_742_30,0,0.0,14,1.0,0.0,22.04
2026-07-26 22:06:31,050,SCN1A6J_019_742_30,1,0.002,14,0.998,0.0,21.98
2026-07-26 22:16:33,050,SCN1A6J_019_742_30,3,0.005,14,0.995,0.0,21.93
2026-07-26 22:26:35,050,SCN1A6J_019_742_30,4,0.007,13,0.992,0.0,21.88
2026-07-26 22:36:38,050,SCN1A6J_019_742_30,6,0.01,11,0.987,0.0,21.86
2026-07-26 22:46:41,050,SCN1A6J_019_742_30,32,0.053,10,0.926,0.0,21.87
2026-07-26 22:56:44,050,SCN1A6J_019_742_30,32,0.053,12,0.938,0.0,21.88
2026-07-26 23:06:47,050,SCN1A6J_019_742_30,161,0.267,5,0.554,0.0,21.91
2026-07-26 23:16:50,050,SCN1A6J_019_742_30,69,0.115,8,0.823,0.0,22.0
2026-07-26 23:26:54,050,SCN1A6J_019_742_30,39,0.065,9,0.902,0.0,21.99
2026-07-26 23:36:56,050,SCN1A6J_019_742_30,142,0.236,1,0.22,0.0,22.04
2026-07-26 23:46:59,050,SCN1A6J_019_742_30,111,0.184,6,0.684,0.0,22.03
2026-07-26 23:57:03,050,SCN1A6J_019_742_30,151,0.251,6,0.614,0.0,22.07
2026-07-25 00:07:19,026,SCN1A6J_019_745_99,0,0.0,15,1.0,0.0,21.56
2026-07-25 00:17:21,026,SCN1A6J_019_745_99,0,0.0,15,1.0,0.0,21.54
2026-07-25 00:28:04,026,SCN1A6J_019_745_99,1,0.002,14,0.998,0.0,21.6
2026-07-25 00:38:07,026,SCN1A6J_019_745_99,0,0.0,15,1.0,0.0,21.53
2026-07-25 00:48:10,026,SCN1A6J_019_745_99,0,0.0,15,1.0,0.0,21.49
2026-07-25 00:58:12,026,SCN1A6J_019_745_99,31,0.052,14,0.948,0.0,21.46
2026-07-25 01:08:15,026,SCN1A6J_019_745_99,93,0.155,10,0.811,0.0,21.53
2026-07-25 01:18:18,026,SCN1A6J_019_745_99,44,0.073,11,0.909,0.0,21.59
2026-07-25 01:28:21,026,SCN1A6J_019_745_99,110,0.183,7,0.718,0.0,21.78
2026-07-25 01:38:24,026,SCN1A6J_019_745_99,145,0.241,4,0.525,0.0,21.8
2026-07-25 01:48:27,026,SCN1A6J_019_745_99,34,0.057,10,0.922,0.0,21.8
2026-07-25 01:58:30,026,SCN1A6J_019_745_99,70,0.116,7,0.8,0.0,22.03
2026-07-25 02:08:32,026,SCN1A6J_019_745_99,12,0.02,13,0.977,0.0,21.98
2026-07-25 02:18:35,026,SCN1A6J_019_745_99,51,0.085,9,0.876,0.0,21.92
2026-07-25 02:28:38,026,SCN1A6J_019_745_99,52,0.087,11,0.894,0.0,21.83
2026-07-25 02:38:41,026,SCN1A6J_019_745_99,44,0.073,9,0.891,0.0,21.83
2026-07-25 02:48:44,026,SCN1A6J_019_745_99,0,0.0,15,1.0,0.0,21.72
2026-07-25 02:58:48,026,SCN1A6J_019_745_99,0,0.0,15,1.0,0.0,21.63
2026-07-25 03:08:51,026,SCN1A6J_019_745_99,0,0.0,15,1.0,0.0,21.56
2026-07-25 03:18:53,026,SCN1A6J_019_745_99,0,0.0,15,1.0,0.0,21.51
2026-07-25 03:28:57,026,SCN1A6J_019_745_99,0,0.0,15,1.0,0.0,21.46
2026-07-25 03:38:59,026,SCN1A6J_019_745_99,0,0.0,15,1.0,0.0,21.44
2026-07-25 03:49:02,026,SCN1A6J_019_745_99,0,0.0,15,1.0,0.0,21.42
2026-07-25 03:59:05,026,SCN1A6J_019_745_99,0,0.0,15,1.0,0.0,21.42
2026-07-25 04:09:07,026,SCN1A6J_019_745_99,0,0.0,15,1.0,0.0,21.42
2026-07-25 04:19:12,026,SCN1A6J_019_745_99,0,0.0,15,1.0,0.0,21.4
2026-07-25 04:29:29,026,SCN1A6J_019_745_99,0,0.0,15,1.0,0.0,21.42
2026-07-25 04:39:31,026,SCN1A6J_019_745_99,71,0.118,10,0.849,0.0,21.5
2026-07-25 04:49:34,026,SCN1A6J_019_745_99,108,0.18,8,0.748,0.0,21.65
2026-07-25 04:59:37,026,SCN1A6J_019_745_99,12,0.02,13,0.977,0.0,21.6
2026-07-25 05:09:41,026,SCN1A6J_019_745_99,8,0.013,13,0.985,0.0,21.6
2026-07-25 05:19:43,026,SCN1A6J_019_745_99,54,0.09,10,0.881,0.0,21.64
2026-07-25 05:29:46,026,SCN1A6J_019_745_99,16,0.027,13,0.97,0.0,21.63
2026-07-25 05:39:49,026,SCN1A6J_019_745_99,57,0.095,9,0.863,0.0,21.64
2026-07-25 05:49:52,026,SCN1A6J_019_745_99,49,0.082,11,0.9,0.0,21.65
2026-07-25 05:59:54,026,SCN1A6J_019_745_99,66,0.11,11,0.87,0.1728,21.64
2026-07-25 06:09:57,026,SCN1A6J_019_745_99,0,0.0,15,1.0,0.1728,21.58
2026-07-25 06:20:01,026,SCN1A6J_019_745_99,0,0.0,15,1.0,0.1764,21.54
2026-07-25 06:30:04,026,SCN1A6J_019_745_99,0,0.0,15,1.0,0.1656,21.5
2026-07-25 06:40:07,026,SCN1A6J_019_745_99,0,0.0,15,1.0,0.1656,21.47
2026-07-25 06:50:10,026,SCN1A6J_019_745_99,0,0.0,15,1.0,0.1656,21.45
2026-07-25 07:00:12,026,SCN1A6J_019_745_99,0,0.0,15,1.0,0.1656,21.41
2026-07-25 07:10:15,026,SCN1A6J_019_745_99,0,0.0,15,1.0,0.1656,21.4
2026-07-25 07:20:18,026,SCN1A6J_019_745_99,0,0.0,15,1.0,0.1656,21.39
2026-07-25 07:30:20,026,SCN1A6J_019_745_99,0,0.0,15,1.0,0.1656,21.37
2026-07-25 07:40:23,026,SCN1A6J_019_745_99,0,0.0,15,1.0,0.1656,21.37
2026-07-25 07:50:26,026,SCN1A6J_019_745_99,0,0.0,15,1.0,0.1656,21.36
2026-07-25 08:00:28,026,SCN1A6J_019_745_99,0,0.0,15,1.0,0.1656,21.35
2026-07-25 08:10:32,026,SCN1A6J_019_745_99,0,0.0,15,1.0,0.1656,21.35
2026-07-25 08:20:34,026,SCN1A6J_019_745_99,1,0.002,14,0.998,0.1656,21.35
2026-07-25 08:31:07,026,SCN1A6J_019_745_99,0,0.0,15,1.0,0.1656,21.43
2026-07-25 08:41:09,026,SCN1A6J_019_745_99,0,0.0,15,1.0,0.1656,21.39
2026-07-25 08:51:12,026,SCN1A6J_019_745_99,0,0.0,15,1.0,0.1656,21.37
2026-07-25 09:01:15,026,SCN1A6J_019_745_99,0,0.0,15,1.0,0.1656,21.37
2026-07-25 09:11:18,026,SCN1A6J_019_745_99,0,0.0,15,1.0,0.1656,21.36
2026-07-25 09:21:20,026,SCN1A6J_019_745_99,0,0.0,15,1.0,0.1656,21.37
2026-07-25 09:31:23,026,SCN1A6J_019_745_99,0,0.0,15,1.0,0.1656,21.35
2026-07-25 09:41:27,026,SCN1A6J_019_745_99,0,0.0,15,1.0,0.1764,21.33
2026-07-25 09:51:31,026,SCN1A6J_019_745_99,0,0.0,15,1.0,0.1872,21.33
2026-07-25 10:01:34,026,SCN1A6J_019_745_99,0,0.0,15,1.0,0.1872,21.34
2026-07-25 10:11:37,026,SCN1A6J_019_745_99,30,0.05,13,0.945,0.1656,21.38
2026-07-25 10:21:39,026,SCN1A6J_019_745_99,0,0.0,15,1.0,0.1656,21.4
2026-07-25 10:31:42,026,SCN1A6J_019_745_99,0,0.0,15,1.0,0.1656,21.41
2026-07-25 10:41:45,026,SCN1A6J_019_745_99,0,0.0,15,1.0,0.1692,21.43
2026-07-25 10:51:48,026,SCN1A6J_019_745_99,0,0.0,15,1.0,0.1656,21.45
2026-07-25 11:01:51,026,SCN1A6J_019_745_99,0,0.0,15,1.0,0.1656,21.47
2026-07-25 11:11:53,026,SCN1A6J_019_745_99,0,0.0,15,1.0,0.1728,21.48
2026-07-25 11:21:56,026,SCN1A6J_019_745_99,0,0.0,15,1.0,0.1656,21.48
2026-07-25 11:31:58,026,SCN1A6J_019_745_99,0,0.0,15,1.0,0.1656,21.48
2026-07-25 11:42:01,026,SCN1A6J_019_745_99,0,0.0,15,1.0,0.1692,21.5
2026-07-25 11:52:04,026,SCN1A6J_019_745_99,0,0.0,15,1.0,0.1656,21.51
2026-07-25 12:02:07,026,SCN1A6J_019_745_99,17,0.028,14,0.971,0.1764,21.51
2026-07-25 12:12:09,026,SCN1A6J_019_745_99,0,0.0,15,1.0,0.1764,21.52
2026-07-25 12:22:11,026,SCN1A6J_019_745_99,0,0.0,15,1.0,0.1764,21.52
2026-07-25 12:32:46,026,SCN1A6J_019_745_99,0,0.0,15,1.0,0.1764,21.59
2026-07-25 12:42:49,026,SCN1A6J_019_745_99,0,0.0,15,1.0,0.1656,21.57
2026-07-25 12:52:52,026,SCN1A6J_019_745_99,1,0.002,14,0.998,0.1764,21.57
2026-07-25 13:02:56,026,SCN1A6J_019_745_99,0,0.0,15,1.0,0.1764,21.56
2026-07-25 13:12:59,026,SCN1A6J_019_745_99,0,0.0,15,1.0,0.1656,21.55
2026-07-25 13:23:02,026,SCN1A6J_019_745_99,0,0.0,15,1.0,0.1764,21.55
2026-07-25 13:33:05,026,SCN1A6J_019_745_99,0,0.0,15,1.0,0.1764,21.53
2026-07-25 13:43:07,026,SCN1A6J_019_745_99,0,0.0,15,1.0,0.1764,21.52
2026-07-25 13:53:10,026,SCN1A6J_019_745_99,0,0.0,15,1.0,0.1764,21.52
2026-07-25 14:03:12,026,SCN1A6J_019_745_99,0,0.0,15,1.0,0.1656,21.52
2026-07-25 14:13:15,026,SCN1A6J_019_745_99,0,0.0,15,1.0,0.1656,21.53
2026-07-25 14:23:17,026,SCN1A6J_019_745_99,0,0.0,15,1.0,0.1656,21.52
2026-07-25 14:33:20,026,SCN1A6J_019_745_99,0,0.0,15,1.0,0.1656,21.53
2026-07-25 14:43:22,026,SCN1A6J_019_745_99,0,0.0,15,1.0,0.1656,21.52
2026-07-25 14:53:25,026,SCN1A6J_019_745_99,0,0.0,15,1.0,0.1656,21.54
2026-07-25 15:03:28,026,SCN1A6J_019_745_99,89,0.148,7,0.759,0.1512,21.64
2026-07-25 15:13:30,026,SCN1A6J_019_745_99,0,0.0,15,1.0,0.1764,21.66
2026-07-25 15:23:33,026,SCN1A6J_019_745_99,0,0.0,15,1.0,0.1764,21.63
2026-07-25 15:33:36,026,SCN1A6J_019_745_99,0,0.0,15,1.0,0.1728,21.63
2026-07-25 15:43:38,026,SCN1A6J_019_745_99,0,0.0,15,1.0,0.1728,21.61
2026-07-25 15:53:41,026,SCN1A6J_019_745_99,0,0.0,15,1.0,0.1764,21.6
2026-07-25 16:03:44,026,SCN1A6J_019_745_99,0,0.0,15,1.0,0.1764,21.58
2026-07-25 16:13:47,026,SCN1A6J_019_745_99,0,0.0,15,1.0,0.1764,21.58
2026-07-25 16:23:50,026,SCN1A6J_019_745_99,12,0.02,13,0.977,0.162,21.6
2026-07-25 16:34:22,026,SCN1A6J_019_745_99,102,0.171,9,0.779,0.1512,21.76
2026-07-25 16:44:25,026,SCN1A6J_019_745_99,169,0.281,2,0.321,0.1728,21.88
2026-07-25 16:54:28,026,SCN1A6J_019_745_99,3,0.005,14,0.995,0.1728,21.84
2026-07-25 17:04:31,026,SCN1A6J_019_745_99,0,0.0,15,1.0,0.1728,21.79
2026-07-25 17:14:34,026,SCN1A6J_019_745_99,0,0.0,15,1.0,0.1764,21.75
2026-07-25 17:24:37,026,SCN1A6J_019_745_99,0,0.0,15,1.0,0.1728,21.72
2026-07-25 17:34:40,026,SCN1A6J_019_745_99,0,0.0,15,1.0,0.1728,21.69
2026-07-25 17:44:43,026,SCN1A6J_019_745_99,0,0.0,15,1.0,0.1728,21.67
2026-07-25 17:54:45,026,SCN1A6J_019_745_99,0,0.0,15,1.0,0.1728,21.64
2026-07-25 18:04:48,026,SCN1A6J_019_745_99,71,0.118,7,0.798,0.0,21.74
2026-07-25 18:14:51,026,SCN1A6J_019_745_99,146,0.243,3,0.451,0.0,21.87
2026-07-25 18:24:54,026,SCN1A6J_019_745_99,30,0.05,13,0.945,0.0,21.88
2026-07-25 18:34:57,026,SCN1A6J_019_745_99,0,0.0,15,1.0,0.0,21.82
2026-07-25 18:44:59,026,SCN1A6J_019_745_99,47,0.078,10,0.895,0.0,21.81
2026-07-25 18:55:02,026,SCN1A6J_019_745_99,42,0.07,10,0.905,0.0,21.88
2026-07-25 19:05:05,026,SCN1A6J_019_745_99,70,0.116,9,0.837,0.0,21.91
2026-07-25 19:15:08,026,SCN1A6J_019_745_99,78,0.13,7,0.782,0.0,22.09
2026-07-25 19:25:11,026,SCN1A6J_019_745_99,62,0.103,10,0.866,0.0,22.07
2026-07-25 19:35:14,026,SCN1A6J_019_745_99,16,0.027,14,0.972,0.0,22.02
2026-07-25 19:45:16,026,SCN1A6J_019_745_99,0,0.0,15,1.0,0.0,21.92
2026-07-25 19:55:19,026,SCN1A6J_019_745_99,0,0.0,15,1.0,0.0,21.84
2026-07-25 20:05:22,026,SCN1A6J_019_745_99,0,0.0,15,1.0,0.0,21.77
2026-07-25 20:15:24,026,SCN1A6J_019_745_99,0,0.0,15,1.0,0.0,21.72
2026-07-25 20:25:28,026,SCN1A6J_019_745_99,0,0.0,15,1.0,0.0,21.68
2026-07-25 20:36:00,026,SCN1A6J_019_745_99,21,0.035,13,0.961,0.0,21.72
2026-07-25 20:46:03,026,SCN1A6J_019_745_99,60,0.1,8,0.842,0.0,21.78
2026-07-25 20:56:05,026,SCN1A6J_019_745_99,0,0.0,15,1.0,0.0,21.75
2026-07-25 21:06:09,026,SCN1A6J_019_745_99,0,0.0,15,1.0,0.0,21.72
2026-07-25 21:16:12,026,SCN1A6J_019_745_99,10,0.017,13,0.981,0.0,21.71
2026-07-25 21:26:15,026,SCN1A6J_019_745_99,71,0.118,6,0.772,0.0,21.86
2026-07-25 21:36:18,026,SCN1A6J_019_745_99,36,0.06,11,0.924,0.0,21.95
2026-07-25 21:46:21,026,SCN1A6J_019_745_99,148,0.246,3,0.448,0.0,22.0
2026-07-25 21:56:24,026,SCN1A6J_019_745_99,102,0.17,8,0.758,0.0,22.02
2026-07-25 22:06:27,026,SCN1A6J_019_745_99,101,0.168,8,0.76,0.0,22.09
2026-07-25 22:16:29,026,SCN1A6J_019_745_99,73,0.121,7,0.793,0.0,22.12
2026-07-25 22:26:32,026,SCN1A6J_019_745_99,1,0.002,14,0.998,0.0,22.07
2026-07-25 22:36:35,026,SCN1A6J_019_745_99,0,0.0,15,1.0,0.0,21.97
2026-07-25 22:46:37,026,SCN1A6J_019_745_99,0,0.0,15,1.0,0.0,21.88
2026-07-25 22:56:40,026,SCN1A6J_019_745_99,55,0.092,8,0.853,0.0,21.92
2026-07-25 23:06:43,026,SCN1A6J_019_745_99,52,0.087,11,0.894,0.0,21.92
2026-07-25 23:16:46,026,SCN1A6J_019_745_99,156,0.26,5,0.562,0.0,22.09
2026-07-25 23:26:48,026,SCN1A6J_019_745_99,0,0.0,15,1.0,0.0,21.99
2026-07-25 23:36:51,026,SCN1A6J_019_745_99,47,0.078,12,0.911,0.0,21.92
2026-07-25 23:46:53,026,SCN1A6J_019_745_99,19,0.032,12,0.962,0.0,21.92
2026-07-25 23:56:58,026,SCN1A6J_019_745_99,99,0.164,9,0.784,0.0,21.92
2026-07-26 00:07:01,026,SCN1A6J_019_745_99,261,0.434,3,0.315,0.0,22.02
2026-07-26 00:17:04,026,SCN1A6J_019_745_99,37,0.062,10,0.915,0.0,21.98
2026-07-26 00:27:06,026,SCN1A6J_019_745_99,50,0.083,9,0.878,0.0,21.95
2026-07-26 00:37:40,026,SCN1A6J_019_745_99,9,0.015,14,0.984,0.0,21.98
2026-07-26 00:47:43,026,SCN1A6J_019_745_99,0,0.0,15,1.0,0.0,21.88
2026-07-26 00:57:45,026,SCN1A6J_019_745_99,0,0.0,15,1.0,0.0,21.82
2026-07-26 01:07:48,026,SCN1A6J_019_745_99,0,0.0,15,1.0,0.0,21.77
2026-07-26 01:17:50,026,SCN1A6J_019_745_99,0,0.0,15,1.0,0.0,21.74
2026-07-26 01:27:53,026,SCN1A6J_019_745_99,0,0.0,15,1.0,0.0,21.72
2026-07-26 01:37:56,026,SCN1A6J_019_745_99,38,0.063,11,0.921,0.0,21.74
2026-07-26 01:47:59,026,SCN1A6J_019_745_99,167,0.278,5,0.545,0.0,21.86
2026-07-26 01:58:01,026,SCN1A6J_019_745_99,36,0.06,12,0.93,0.0,21.88
2026-07-26 02:08:04,026,SCN1A6J_019_745_99,169,0.281,8,0.654,0.0,21.98
2026-07-26 02:18:07,026,SCN1A6J_019_745_99,0,0.0,15,1.0,0.0,21.9
2026-07-26 02:28:10,026,SCN1A6J_019_745_99,0,0.0,15,1.0,0.0,21.83
2026-07-26 02:38:13,026,SCN1A6J_019_745_99,0,0.0,15,1.0,0.0,21.77
2026-07-26 02:48:15,026,SCN1A6J_019_745_99,0,0.0,15,1.0,0.0,21.71
2026-07-26 02:58:18,026,SCN1A6J_019_745_99,0,0.0,15,1.0,0.0,21.66
2026-07-26 03:08:21,026,SCN1A6J_019_745_99,0,0.0,15,1.0,0.0,21.59
2026-07-26 03:18:26,026,SCN1A6J_019_745_99,63,0.104,8,0.836,0.0,21.66
2026-07-26 03:28:28,026,SCN1A6J_019_745_99,112,0.186,6,0.682,0.0,21.77
2026-07-26 03:38:31,026,SCN1A6J_019_745_99,49,0.082,10,0.891,0.0,21.89
2026-07-26 03:48:34,026,SCN1A6J_019_745_99,3,0.005,13,0.994,0.0,21.81
2026-07-26 03:58:37,026,SCN1A6J_019_745_99,117,0.195,4,0.578,0.0,21.93
2026-07-26 04:08:40,026,SCN1A6J_019_745_99,6,0.01,13,0.989,0.0,21.9
2026-07-26 04:18:42,026,SCN1A6J_019_745_99,0,0.0,15,1.0,0.0,21.83
2026-07-26 04:28:45,026,SCN1A6J_019_745_99,21,0.035,13,0.961,0.0,21.8
2026-07-26 04:39:08,026,SCN1A6J_019_745_99,0,0.0,15,1.0,0.0,21.8
2026-07-26 04:49:10,026,SCN1A6J_019_745_99,0,0.0,15,1.0,0.0,21.75
2026-07-26 04:59:13,026,SCN1A6J_019_745_99,0,0.0,15,1.0,0.0,21.71
2026-07-26 05:09:17,026,SCN1A6J_019_745_99,0,0.0,15,1.0,0.0,21.66
2026-07-26 05:19:19,026,SCN1A6J_019_745_99,0,0.0,15,1.0,0.0,21.62
2026-07-26 05:29:22,026,SCN1A6J_019_745_99,38,0.063,11,0.921,0.0,21.61
2026-07-26 05:39:24,026,SCN1A6J_019_745_99,121,0.201,4,0.569,0.0,21.67
2026-07-26 05:49:27,026,SCN1A6J_019_745_99,30,0.05,12,0.941,0.0,21.7
2026-07-26 05:59:30,026,SCN1A6J_019_745_99,85,0.141,10,0.825,0.0,21.76
2026-07-26 06:09:33,026,SCN1A6J_019_745_99,0,0.0,15,1.0,0.1512,21.73
2026-07-26 06:19:36,026,SCN1A6J_019_745_99,10,0.017,14,0.982,0.1692,21.72
2026-07-26 06:29:38,026,SCN1A6J_019_745_99,0,0.0,15,1.0,0.1656,21.71
2026-07-26 06:39:41,026,SCN1A6J_019_745_99,0,0.0,15,1.0,0.1692,21.67
2026-07-26 06:49:45,026,SCN1A6J_019_745_99,0,0.0,15,1.0,0.1692,21.64
2026-07-26 06:59:48,026,SCN1A6J_019_745_99,0,0.0,15,1.0,0.1692,21.62
2026-07-26 07:09:51,026,SCN1A6J_019_745_99,0,0.0,15,1.0,0.1584,21.6
2026-07-26 07:19:54,026,SCN1A6J_019_745_99,0,0.0,15,1.0,0.1584,21.59
2026-07-26 07:29:57,026,SCN1A6J_019_745_99,0,0.0,15,1.0,0.1584,21.58
2026-07-26 07:39:59,026,SCN1A6J_019_745_99,0,0.0,15,1.0,0.1584,21.56
2026-07-26 07:50:02,026,SCN1A6J_019_745_99,0,0.0,15,1.0,0.1584,21.56
2026-07-26 08:00:05,026,SCN1A6J_019_745_99,0,0.0,15,1.0,0.1584,21.55
2026-07-26 08:10:08,026,SCN1A6J_019_745_99,0,0.0,15,1.0,0.1584,21.54
2026-07-26 08:20:11,026,SCN1A6J_019_745_99,0,0.0,15,1.0,0.1584,21.53
2026-07-26 08:30:14,026,SCN1A6J_019_745_99,0,0.0,15,1.0,0.1584,21.54
2026-07-26 08:40:40,026,SCN1A6J_019_745_99,0,0.0,15,1.0,0.1584,21.61
2026-07-26 08:50:43,026,SCN1A6J_019_745_99,0,0.0,15,1.0,0.1584,21.6
2026-07-26 09:00:46,026,SCN1A6J_019_745_99,37,0.062,11,0.922,0.1548,21.67
2026-07-26 09:10:49,026,SCN1A6J_019_745_99,0,0.0,15,1.0,0.1692,21.66
2026-07-26 09:20:52,026,SCN1A6J_019_745_99,0,0.0,15,1.0,0.1656,21.64
2026-07-26 09:30:55,026,SCN1A6J_019_745_99,0,0.0,15,1.0,0.2376,21.63
2026-07-26 09:40:58,026,SCN1A6J_019_745_99,0,0.0,15,1.0,0.2376,21.64
2026-07-26 09:51:01,026,SCN1A6J_019_745_99,0,0.0,15,1.0,0.2412,21.63
2026-07-26 10:01:04,026,SCN1A6J_019_745_99,0,0.0,15,1.0,0.18,21.63
2026-07-26 10:11:07,026,SCN1A6J_019_745_99,0,0.0,15,1.0,0.18,21.61
2026-07-26 10:21:09,026,SCN1A6J_019_745_99,0,0.0,15,1.0,0.1584,21.59
2026-07-26 10:31:12,026,SCN1A6J_019_745_99,11,0.018,13,0.979,0.1692,21.59
2026-07-26 10:41:14,026,SCN1A6J_019_745_99,0,0.0,15,1.0,0.1584,21.57
2026-07-26 10:51:17,026,SCN1A6J_019_745_99,0,0.0,15,1.0,0.1692,21.54
2026-07-26 11:01:20,026,SCN1A6J_019_745_99,0,0.0,15,1.0,0.1584,21.53
2026-07-26 11:11:22,026,SCN1A6J_019_745_99,0,0.0,15,1.0,0.1584,21.5
2026-07-26 11:21:25,026,SCN1A6J_019_745_99,0,0.0,15,1.0,0.1584,21.5
2026-07-26 11:31:29,026,SCN1A6J_019_745_99,0,0.0,15,1.0,0.1692,21.49
2026-07-26 11:41:33,026,SCN1A6J_019_745_99,0,0.0,15,1.0,0.1692,21.48
2026-07-26 11:51:35,026,SCN1A6J_019_745_99,0,0.0,15,1.0,0.1692,21.47
2026-07-26 12:01:39,026,SCN1A6J_019_745_99,0,0.0,15,1.0,0.1692,21.47
2026-07-26 12:11:41,026,SCN1A6J_019_745_99,0,0.0,15,1.0,0.1584,21.45
2026-07-26 12:21:44,026,SCN1A6J_019_745_99,0,0.0,15,1.0,0.1584,21.46
2026-07-26 12:31:48,026,SCN1A6J_019_745_99,0,0.0,15,1.0,0.1584,21.46
2026-07-26 12:42:16,026,SCN1A6J_019_745_99,83,0.139,7,0.771,0.1584,21.6
2026-07-26 12:52:18,026,SCN1A6J_019_745_99,0,0.0,15,1.0,0.1584,21.58
2026-07-26 13:02:21,026,SCN1A6J_019_745_99,0,0.0,15,1.0,0.1584,21.56
2026-07-26 13:12:24,026,SCN1A6J_019_745_99,0,0.0,15,1.0,0.1584,21.54
2026-07-26 13:22:27,026,SCN1A6J_019_745_99,0,0.0,15,1.0,0.1836,21.52
2026-07-26 13:32:30,026,SCN1A6J_019_745_99,0,0.0,15,1.0,0.18,21.51
2026-07-26 13:42:33,026,SCN1A6J_019_745_99,0,0.0,15,1.0,0.1836,21.5
2026-07-26 13:52:36,026,SCN1A6J_019_745_99,0,0.0,15,1.0,0.1584,21.48
2026-07-26 14:02:39,026,SCN1A6J_019_745_99,0,0.0,15,1.0,0.1692,21.47
2026-07-26 14:12:42,026,SCN1A6J_019_745_99,0,0.0,15,1.0,0.1584,21.45
2026-07-26 14:22:46,026,SCN1A6J_019_745_99,0,0.0,15,1.0,0.1836,21.44
2026-07-26 14:32:48,026,SCN1A6J_019_745_99,0,0.0,15,1.0,0.18,21.43
2026-07-26 14:42:51,026,SCN1A6J_019_745_99,10,0.017,14,0.982,0.18,21.45
2026-07-26 14:52:54,026,SCN1A6J_019_745_99,0,0.0,15,1.0,0.18,21.46
2026-07-26 15:02:57,026,SCN1A6J_019_745_99,0,0.0,15,1.0,0.18,21.46
2026-07-26 15:12:59,026,SCN1A6J_019_745_99,0,0.0,15,1.0,0.18,21.48
2026-07-26 15:23:02,026,SCN1A6J_019_745_99,0,0.0,15,1.0,0.18,21.47
2026-07-26 15:33:05,026,SCN1A6J_019_745_99,0,0.0,15,1.0,0.18,21.46
2026-07-26 15:43:07,026,SCN1A6J_019_745_99,7,0.012,14,0.988,0.18,21.44
2026-07-26 15:53:11,026,SCN1A6J_019_745_99,0,0.0,15,1.0,0.18,21.41
2026-07-26 16:03:13,026,SCN1A6J_019_745_99,9,0.015,14,0.984,0.18,21.37
2026-07-26 16:13:16,026,SCN1A6J_019_745_99,0,0.0,15,1.0,0.18,21.39
2026-07-26 16:23:19,026,SCN1A6J_019_745_99,0,0.0,15,1.0,0.18,21.37
2026-07-26 16:33:22,026,SCN1A6J_019_745_99,0,0.0,15,1.0,0.18,21.38
2026-07-26 16:43:52,026,SCN1A6J_019_745_99,35,0.059,11,0.926,0.1656,21.44
2026-07-26 16:53:55,026,SCN1A6J_019_745_99,0,0.0,15,1.0,0.1692,21.41
2026-07-26 17:03:58,026,SCN1A6J_019_745_99,0,0.0,15,1.0,0.1656,21.37
2026-07-26 17:14:02,026,SCN1A6J_019_745_99,4,0.007,14,0.993,0.1584,21.33
2026-07-26 17:24:04,026,SCN1A6J_019_745_99,2,0.003,15,0.997,0.1656,21.31
2026-07-26 17:34:07,026,SCN1A6J_019_745_99,0,0.0,15,1.0,0.1764,21.29
2026-07-26 17:44:11,026,SCN1A6J_019_745_99,7,0.012,14,0.988,0.1656,21.34
2026-07-26 17:54:15,026,SCN1A6J_019_745_99,12,0.02,13,0.977,0.1584,21.4
2026-07-26 18:04:18,026,SCN1A6J_019_745_99,106,0.176,7,0.725,0.0,21.49
2026-07-26 18:14:21,026,SCN1A6J_019_745_99,14,0.023,13,0.974,0.0,21.59
2026-07-26 18:24:23,026,SCN1A6J_019_745_99,0,0.0,15,1.0,0.0,21.48
2026-07-26 18:34:26,026,SCN1A6J_019_745_99,0,0.0,15,1.0,0.0,21.43
2026-07-26 18:44:28,026,SCN1A6J_019_745_99,0,0.0,15,1.0,0.0,21.38
2026-07-26 18:54:31,026,SCN1A6J_019_745_99,23,0.038,11,0.95,0.0,21.45
2026-07-26 19:04:34,026,SCN1A6J_019_745_99,82,0.136,8,0.796,0.0,21.52
2026-07-26 19:14:37,026,SCN1A6J_019_745_99,1,0.002,14,0.998,0.0,21.5
2026-07-26 19:24:41,026,SCN1A6J_019_745_99,28,0.047,11,0.94,0.0,21.53
2026-07-26 19:34:43,026,SCN1A6J_019_745_99,0,0.0,15,1.0,0.0,21.48
2026-07-26 19:44:46,026,SCN1A6J_019_745_99,75,0.125,9,0.828,0.0,21.54
2026-07-26 19:54:49,026,SCN1A6J_019_745_99,55,0.092,10,0.879,0.0,21.56
2026-07-26 20:04:52,026,SCN1A6J_019_745_99,0,0.0,15,1.0,0.0,21.52
2026-07-26 20:14:55,026,SCN1A6J_019_745_99,0,0.0,15,1.0,0.0,21.48
2026-07-26 20:24:58,026,SCN1A6J_019_745_99,0,0.0,15,1.0,0.0,21.45
2026-07-26 20:35:01,026,SCN1A6J_019_745_99,0,0.0,15,1.0,0.0,21.43
2026-07-26 20:45:25,026,SCN1A6J_019_745_99,0,0.0,15,1.0,0.0,21.45
2026-07-26 20:55:27,026,SCN1A6J_019_745_99,4,0.007,14,0.993,0.0,21.42
2026-07-26 21:05:30,026,SCN1A6J_019_745_99,97,0.161,9,0.788,0.0,21.49
2026-07-26 21:15:33,026,SCN1A6J_019_745_99,63,0.105,11,0.875,0.0,21.55
2026-07-26 21:25:36,026,SCN1A6J_019_745_99,67,0.111,9,0.843,0.0,21.61
2026-07-26 21:35:39,026,SCN1A6J_019_745_99,0,0.0,15,1.0,0.0,21.53
2026-07-26 21:45:42,026,SCN1A6J_019_745_99,0,0.0,15,1.0,0.0,21.47
2026-07-26 21:55:46,026,SCN1A6J_019_745_99,0,0.0,15,1.0,0.0,21.43
2026-07-26 22:05:48,026,SCN1A6J_019_745_99,0,0.0,15,1.0,0.0,21.41
2026-07-26 22:15:51,026,SCN1A6J_019_745_99,0,0.0,15,1.0,0.0,21.37
2026-07-26 22:25:54,026,SCN1A6J_019_745_99,0,0.0,15,1.0,0.0,21.35
2026-07-26 22:35:56,026,SCN1A6J_019_745_99,92,0.153,6,0.723,0.0,21.47
2026-07-26 22:46:00,026,SCN1A6J_019_745_99,66,0.11,12,0.879,0.0,21.49
2026-07-26 22:56:03,026,SCN1A6J_019_745_99,55,0.092,11,0.889,0.0,21.63
2026-07-26 23:06:06,026,SCN1A6J_019_745_99,50,0.083,9,0.878,0.0,21.66
2026-07-26 23:16:08,026,SCN1A6J_019_745_99,0,0.0,15,1.0,0.0,21.58
2026-07-26 23:26:11,026,SCN1A6J_019_745_99,0,0.0,15,1.0,0.0,21.52
2026-07-26 23:36:13,026,SCN1A6J_019_745_99,0,0.0,15,1.0,0.0,21.48
2026-07-26 23:46:18,026,SCN1A6J_019_745_99,0,0.0,15,1.0,0.0,21.42
2026-07-26 23:56:20,026,SCN1A6J_019_745_99,0,0.0,15,1.0,0.0,21.39
2026-07-25 00:03:29,005,SCN1A6J_019_746_42,0,0.0,15,1.0,0.0,21.53
2026-07-25 00:13:31,005,SCN1A6J_019_746_42,49,0.082,10,0.891,0.0,21.55
2026-07-25 00:23:35,005,SCN1A6J_019_746_42,128,0.213,6,0.652,0.0,21.7
2026-07-25 00:33:38,005,SCN1A6J_019_746_42,101,0.168,8,0.76,0.0,21.71
2026-07-25 00:43:42,005,SCN1A6J_019_746_42,124,0.206,5,0.617,0.0,21.73
2026-07-25 00:53:45,005,SCN1A6J_019_746_42,76,0.127,8,0.808,0.0,21.68
2026-07-25 01:03:48,005,SCN1A6J_019_746_42,86,0.143,9,0.807,0.0,21.66
2026-07-25 01:13:51,005,SCN1A6J_019_746_42,0,0.0,15,1.0,0.0,21.6
2026-07-25 01:24:17,005,SCN1A6J_019_746_42,0,0.0,15,1.0,0.0,21.58
2026-07-25 01:34:20,005,SCN1A6J_019_746_42,0,0.0,15,1.0,0.0,21.51
2026-07-25 01:44:23,005,SCN1A6J_019_746_42,0,0.0,15,1.0,0.0,21.46
2026-07-25 01:54:26,005,SCN1A6J_019_746_42,0,0.0,15,1.0,0.0,21.41
2026-07-25 02:04:29,005,SCN1A6J_019_746_42,0,0.0,15,1.0,0.0,21.37
2026-07-25 02:14:32,005,SCN1A6J_019_746_42,0,0.0,15,1.0,0.0,21.34
2026-07-25 02:24:35,005,SCN1A6J_019_746_42,3,0.005,13,0.994,0.0,21.33
2026-07-25 02:34:38,005,SCN1A6J_019_746_42,105,0.175,8,0.753,0.0,21.47
2026-07-25 02:44:41,005,SCN1A6J_019_746_42,150,0.25,8,0.681,0.0,21.5
2026-07-25 02:54:43,005,SCN1A6J_019_746_42,111,0.185,6,0.684,0.0,21.5
2026-07-25 03:04:46,005,SCN1A6J_019_746_42,0,0.0,15,1.0,0.0,21.48
2026-07-25 03:14:49,005,SCN1A6J_019_746_42,0,0.0,15,1.0,0.0,21.44
2026-07-25 03:24:53,005,SCN1A6J_019_746_42,0,0.0,15,1.0,0.0,21.4
2026-07-25 03:34:56,005,SCN1A6J_019_746_42,0,0.0,15,1.0,0.0,21.37
2026-07-25 03:44:58,005,SCN1A6J_019_746_42,0,0.0,15,1.0,0.0,21.32
2026-07-25 03:55:01,005,SCN1A6J_019_746_42,1,0.002,14,0.998,0.0,21.31
2026-07-25 04:05:04,005,SCN1A6J_019_746_42,0,0.0,15,1.0,0.0,21.29
2026-07-25 04:15:07,005,SCN1A6J_019_746_42,0,0.0,15,1.0,0.0,21.27
2026-07-25 04:25:10,005,SCN1A6J_019_746_42,0,0.0,15,1.0,0.0,21.26
2026-07-25 04:35:13,005,SCN1A6J_019_746_42,0,0.0,15,1.0,0.0,21.26
2026-07-25 04:45:17,005,SCN1A6J_019_746_42,0,0.0,15,1.0,0.0,21.26
2026-07-25 04:55:19,005,SCN1A6J_019_746_42,97,0.161,8,0.767,0.0,21.32
2026-07-25 05:05:23,005,SCN1A6J_019_746_42,70,0.116,9,0.837,0.0,21.44
2026-07-25 05:15:26,005,SCN1A6J_019_746_42,159,0.265,5,0.557,0.0,21.63
2026-07-25 05:25:51,005,SCN1A6J_019_746_42,216,0.361,2,0.27,0.0,21.67
2026-07-25 05:35:54,005,SCN1A6J_019_746_42,35,0.058,11,0.926,0.0,21.64
2026-07-25 05:45:57,005,SCN1A6J_019_746_42,0,0.0,15,1.0,0.0,21.54
2026-07-25 05:56:01,005,SCN1A6J_019_746_42,0,0.0,15,1.0,0.0,21.5
2026-07-25 06:06:04,005,SCN1A6J_019_746_42,0,0.0,15,1.0,2.4984,21.45
2026-07-25 06:16:07,005,SCN1A6J_019_746_42,0,0.0,15,1.0,2.4624,21.44
2026-07-25 06:26:10,005,SCN1A6J_019_746_42,0,0.0,15,1.0,2.5272,21.43
2026-07-25 06:36:13,005,SCN1A6J_019_746_42,0,0.0,15,1.0,2.484,21.4
2026-07-25 06:46:17,005,SCN1A6J_019_746_42,0,0.0,15,1.0,2.4696,21.4
2026-07-25 06:56:19,005,SCN1A6J_019_746_42,0,0.0,15,1.0,2.4732,21.38
2026-07-25 07:06:22,005,SCN1A6J_019_746_42,0,0.0,15,1.0,2.4804,21.37
2026-07-25 07:16:25,005,SCN1A6J_019_746_42,0,0.0,15,1.0,2.4732,21.35
2026-07-25 07:26:28,005,SCN1A6J_019_746_42,2,0.003,14,0.996,2.4516,21.35
2026-07-25 07:36:31,005,SCN1A6J_019_746_42,0,0.0,15,1.0,2.448,21.35
2026-07-25 07:46:34,005,SCN1A6J_019_746_42,0,0.0,15,1.0,2.4768,21.35
2026-07-25 07:56:37,005,SCN1A6J_019_746_42,76,0.126,10,0.84,2.2644,21.45
2026-07-25 08:06:40,005,SCN1A6J_019_746_42,257,0.428,3,0.318,2.0664,21.48
2026-07-25 08:16:43,005,SCN1A6J_019_746_42,32,0.053,11,0.932,2.34,21.49
2026-07-25 08:26:46,005,SCN1A6J_019_746_42,0,0.0,15,1.0,2.34,21.47
2026-07-25 08:36:49,005,SCN1A6J_019_746_42,0,0.0,15,1.0,2.3472,21.48
2026-07-25 08:46:52,005,SCN1A6J_019_746_42,0,0.0,15,1.0,2.34,21.47
2026-07-25 08:56:56,005,SCN1A6J_019_746_42,0,0.0,15,1.0,2.376,21.45
2026-07-25 09:06:59,005,SCN1A6J_019_746_42,0,0.0,15,1.0,2.376,21.44
2026-07-25 09:17:02,005,SCN1A6J_019_746_42,0,0.0,15,1.0,2.3688,21.43
2026-07-25 09:27:34,005,SCN1A6J_019_746_42,0,0.0,15,1.0,2.376,21.49
2026-07-25 09:37:37,005,SCN1A6J_019_746_42,0,0.0,15,1.0,2.376,21.42
2026-07-25 09:47:41,005,SCN1A6J_019_746_42,0,0.0,15,1.0,2.556,21.41
2026-07-25 09:57:44,005,SCN1A6J_019_746_42,1,0.002,14,0.998,2.6712,21.42
2026-07-25 10:07:47,005,SCN1A6J_019_746_42,0,0.0,15,1.0,2.6964,21.43
2026-07-25 10:17:49,005,SCN1A6J_019_746_42,0,0.0,15,1.0,2.6748,21.42
2026-07-25 10:27:53,005,SCN1A6J_019_746_42,0,0.0,15,1.0,2.682,21.43
2026-07-25 10:37:56,005,SCN1A6J_019_746_42,0,0.0,15,1.0,2.6748,21.42
2026-07-25 10:47:58,005,SCN1A6J_019_746_42,0,0.0,15,1.0,2.6892,21.42
2026-07-25 10:58:01,005,SCN1A6J_019_746_42,0,0.0,15,1.0,2.6928,21.42
2026-07-25 11:08:05,005,SCN1A6J_019_746_42,0,0.0,15,1.0,2.6928,21.41
2026-07-25 11:18:08,005,SCN1A6J_019_746_42,0,0.0,15,1.0,2.7072,21.39
2026-07-25 11:28:12,005,SCN1A6J_019_746_42,2,0.003,15,0.997,2.7864,21.41
2026-07-25 11:38:15,005,SCN1A6J_019_746_42,131,0.218,7,0.681,2.592,21.46
2026-07-25 11:48:18,005,SCN1A6J_019_746_42,0,0.0,15,1.0,2.6208,21.45
2026-07-25 11:58:21,005,SCN1A6J_019_746_42,0,0.0,15,1.0,2.6136,21.43
2026-07-25 12:08:24,005,SCN1A6J_019_746_42,0,0.0,15,1.0,2.6208,21.43
2026-07-25 12:18:27,005,SCN1A6J_019_746_42,0,0.0,15,1.0,2.6316,21.41
2026-07-25 12:28:31,005,SCN1A6J_019_746_42,0,0.0,15,1.0,2.6136,21.4
2026-07-25 12:38:34,005,SCN1A6J_019_746_42,0,0.0,15,1.0,2.6496,21.39
2026-07-25 12:48:37,005,SCN1A6J_019_746_42,0,0.0,15,1.0,2.6568,21.38
2026-07-25 12:58:40,005,SCN1A6J_019_746_42,0,0.0,15,1.0,2.6676,21.37
2026-07-25 13:08:43,005,SCN1A6J_019_746_42,0,0.0,15,1.0,2.7,21.38
2026-07-25 13:18:47,005,SCN1A6J_019_746_42,0,0.0,15,1.0,2.6892,21.36
2026-07-25 13:29:11,005,SCN1A6J_019_746_42,8,0.013,14,0.986,2.7252,21.45
2026-07-25 13:39:14,005,SCN1A6J_019_746_42,0,0.0,15,1.0,2.7324,21.41
2026-07-25 13:49:17,005,SCN1A6J_019_746_42,0,0.0,15,1.0,2.7144,21.43
2026-07-25 13:59:20,005,SCN1A6J_019_746_42,0,0.0,15,1.0,2.718,21.41
2026-07-25 14:09:23,005,SCN1A6J_019_746_42,0,0.0,15,1.0,2.7252,21.42
2026-07-25 14:19:26,005,SCN1A6J_019_746_42,0,0.0,15,1.0,2.7216,21.41
2026-07-25 14:29:29,005,SCN1A6J_019_746_42,0,0.0,15,1.0,2.7396,21.39
2026-07-25 14:39:33,005,SCN1A6J_019_746_42,0,0.0,15,1.0,2.736,21.39
2026-07-25 14:49:36,005,SCN1A6J_019_746_42,0,0.0,15,1.0,2.7396,21.39
2026-07-25 14:59:39,005,SCN1A6J_019_746_42,0,0.0,15,1.0,2.7576,21.39
2026-07-25 15:09:42,005,SCN1A6J_019_746_42,0,0.0,15,1.0,2.7576,21.37
2026-07-25 15:19:45,005,SCN1A6J_019_746_42,60,0.1,11,0.88,2.394,21.44
2026-07-25 15:29:48,005,SCN1A6J_019_746_42,1,0.002,14,0.998,2.5704,21.43
2026-07-25 15:39:51,005,SCN1A6J_019_746_42,0,0.0,15,1.0,2.5776,21.42
2026-07-25 15:49:55,005,SCN1A6J_019_746_42,0,0.0,15,1.0,2.5884,21.41
2026-07-25 15:59:57,005,SCN1A6J_019_746_42,0,0.0,15,1.0,2.5812,21.4
2026-07-25 16:10:00,005,SCN1A6J_019_746_42,0,0.0,15,1.0,2.5848,21.38
2026-07-25 16:20:03,005,SCN1A6J_019_746_42,0,0.0,15,1.0,2.6172,21.39
2026-07-25 16:30:06,005,SCN1A6J_019_746_42,2,0.003,14,0.996,2.6964,21.4
2026-07-25 16:40:09,005,SCN1A6J_019_746_42,143,0.238,6,0.627,2.7468,21.51
2026-07-25 16:50:12,005,SCN1A6J_019_746_42,0,0.0,15,1.0,2.7468,21.5
2026-07-25 17:00:15,005,SCN1A6J_019_746_42,0,0.0,15,1.0,2.7396,21.49
2026-07-25 17:10:18,005,SCN1A6J_019_746_42,0,0.0,15,1.0,2.7612,21.47
2026-07-25 17:20:21,005,SCN1A6J_019_746_42,0,0.0,15,1.0,2.7684,21.48
2026-07-25 17:30:45,005,SCN1A6J_019_746_42,4,0.007,12,0.992,2.772,21.53
2026-07-25 17:40:48,005,SCN1A6J_019_746_42,21,0.035,12,0.958,2.7288,21.54
2026-07-25 17:50:52,005,SCN1A6J_019_746_42,1,0.002,14,0.998,2.7468,21.54
2026-07-25 18:00:55,005,SCN1A6J_019_746_42,0,0.0,15,1.0,0.0,21.52
2026-07-25 18:10:58,005,SCN1A6J_019_746_42,21,0.035,14,0.964,0.0,21.5
2026-07-25 18:21:01,005,SCN1A6J_019_746_42,233,0.388,3,0.34,0.0,21.64
2026-07-25 18:31:03,005,SCN1A6J_019_746_42,161,0.268,4,0.498,0.0,21.76
2026-07-25 18:41:07,005,SCN1A6J_019_746_42,200,0.332,3,0.375,0.0,21.85
2026-07-25 18:51:10,005,SCN1A6J_019_746_42,245,0.407,3,0.329,0.0,21.83
2026-07-25 19:01:13,005,SCN1A6J_019_746_42,131,0.218,7,0.681,0.0,21.93
2026-07-25 19:11:16,005,SCN1A6J_019_746_42,59,0.098,10,0.871,0.0,21.83
2026-07-25 19:21:19,005,SCN1A6J_019_746_42,0,0.0,15,1.0,0.0,21.72
2026-07-25 19:31:22,005,SCN1A6J_019_746_42,7,0.012,14,0.988,0.0,21.65
2026-07-25 19:41:24,005,SCN1A6J_019_746_42,65,0.108,6,0.787,0.0,21.6
2026-07-25 19:51:27,005,SCN1A6J_019_746_42,79,0.131,8,0.802,0.0,21.63
2026-07-25 20:01:31,005,SCN1A6J_019_746_42,180,0.3,4,0.471,0.0,21.86
2026-07-25 20:11:34,005,SCN1A6J_019_746_42,228,0.379,4,0.412,0.0,21.85
2026-07-25 20:21:37,005,SCN1A6J_019_746_42,207,0.344,3,0.367,0.0,21.77
2026-07-25 20:31:40,005,SCN1A6J_019_746_42,35,0.058,12,0.932,0.0,21.73
2026-07-25 20:41:43,005,SCN1A6J_019_746_42,5,0.008,13,0.99,0.0,21.65
2026-07-25 20:51:46,005,SCN1A6J_019_746_42,0,0.0,15,1.0,0.0,21.57
2026-07-25 21:01:49,005,SCN1A6J_019_746_42,0,0.0,15,1.0,0.0,21.51
2026-07-25 21:11:52,005,SCN1A6J_019_746_42,46,0.076,11,0.905,0.0,21.5
2026-07-25 21:21:55,005,SCN1A6J_019_746_42,66,0.11,8,0.829,0.0,21.56
2026-07-25 21:32:16,005,SCN1A6J_019_746_42,89,0.149,10,0.818,0.0,21.66
2026-07-25 21:42:20,005,SCN1A6J_019_746_42,185,0.308,4,0.464,0.0,21.99
2026-07-25 21:52:23,005,SCN1A6J_019_746_42,166,0.276,6,0.591,0.0,21.9
2026-07-25 22:02:26,005,SCN1A6J_019_746_42,0,0.0,15,1.0,0.0,21.75
2026-07-25 22:12:29,005,SCN1A6J_019_746_42,33,0.055,11,0.93,0.0,21.7
2026-07-25 22:22:32,005,SCN1A6J_019_746_42,118,0.196,6,0.67,0.0,21.64
2026-07-25 22:32:36,005,SCN1A6J_019_746_42,2,0.003,14,0.996,0.0,21.58
2026-07-25 22:42:38,005,SCN1A6J_019_746_42,8,0.013,14,0.986,0.0,21.53
2026-07-25 22:52:41,005,SCN1A6J_019_746_42,125,0.208,5,0.615,0.0,21.52
2026-07-25 23:02:45,005,SCN1A6J_019_746_42,111,0.185,7,0.716,0.0,21.6
2026-07-25 23:12:48,005,SCN1A6J_019_746_42,238,0.396,6,0.502,0.0,21.73
2026-07-25 23:22:51,005,SCN1A6J_019_746_42,310,0.516,0,0.0,0.0,22.22
2026-07-25 23:32:54,005,SCN1A6J_019_746_42,117,0.195,8,0.732,0.0,22.05
2026-07-25 23:42:57,005,SCN1A6J_019_746_42,208,0.346,2,0.278,0.0,21.91
2026-07-25 23:53:00,005,SCN1A6J_019_746_42,219,0.365,6,0.523,0.0,21.8
2026-07-26 00:03:04,005,SCN1A6J_019_746_42,1,0.002,14,0.998,0.0,21.7
2026-07-26 00:13:06,005,SCN1A6J_019_746_42,0,0.0,15,1.0,0.0,21.61
2026-07-26 00:23:09,005,SCN1A6J_019_746_42,0,0.0,15,1.0,0.0,21.55
2026-07-26 00:33:12,005,SCN1A6J_019_746_42,0,0.0,15,1.0,0.0,21.49
2026-07-26 00:43:15,005,SCN1A6J_019_746_42,0,0.0,15,1.0,0.0,21.44
2026-07-26 00:53:18,005,SCN1A6J_019_746_42,0,0.0,15,1.0,0.0,21.39
2026-07-26 01:03:21,005,SCN1A6J_019_746_42,0,0.0,15,1.0,0.0,21.37
2026-07-26 01:13:24,005,SCN1A6J_019_746_42,0,0.0,15,1.0,0.0,21.33
2026-07-26 01:23:28,005,SCN1A6J_019_746_42,1,0.002,14,0.998,0.0,21.3
2026-07-26 01:33:59,005,SCN1A6J_019_746_42,10,0.017,12,0.98,0.0,21.36
2026-07-26 01:44:02,005,SCN1A6J_019_746_42,73,0.122,11,0.858,0.0,21.39
2026-07-26 01:54:05,005,SCN1A6J_019_746_42,158,0.262,8,0.669,0.0,21.48
2026-07-26 02:04:09,005,SCN1A6J_019_746_42,24,0.04,10,0.943,0.0,21.46
2026-07-26 02:14:12,005,SCN1A6J_019_746_42,0,0.0,15,1.0,0.0,21.43
2026-07-26 02:24:15,005,SCN1A6J_019_746_42,0,0.0,15,1.0,0.0,21.39
2026-07-26 02:34:19,005,SCN1A6J_019_746_42,0,0.0,15,1.0,0.0,21.36
2026-07-26 02:44:22,005,SCN1A6J_019_746_42,0,0.0,15,1.0,0.0,21.35
2026-07-26 02:54:25,005,SCN1A6J_019_746_42,0,0.0,15,1.0,0.0,21.33
2026-07-26 03:04:28,005,SCN1A6J_019_746_42,0,0.0,15,1.0,0.0,21.32
2026-07-26 03:14:31,005,SCN1A6J_019_746_42,16,0.027,14,0.972,0.0,21.33
2026-07-26 03:24:35,005,SCN1A6J_019_746_42,134,0.223,7,0.676,0.0,21.42
2026-07-26 03:34:38,005,SCN1A6J_019_746_42,7,0.012,12,0.986,0.0,21.41
2026-07-26 03:44:41,005,SCN1A6J_019_746_42,0,0.0,15,1.0,0.0,21.4
2026-07-26 03:54:45,005,SCN1A6J_019_746_42,0,0.0,15,1.0,0.0,21.37
2026-07-26 04:04:48,005,SCN1A6J_019_746_42,0,0.0,15,1.0,0.0,21.32
2026-07-26 04:14:51,005,SCN1A6J_019_746_42,0,0.0,15,1.0,0.0,21.31
2026-07-26 04:24:54,005,SCN1A6J_019_746_42,0,0.0,15,1.0,0.0,21.29
2026-07-26 04:34:58,005,SCN1A6J_019_746_42,0,0.0,15,1.0,0.0,21.27
2026-07-26 04:45:01,005,SCN1A6J_019_746_42,0,0.0,15,1.0,0.0,21.25
2026-07-26 04:55:04,005,SCN1A6J_019_746_42,0,0.0,15,1.0,0.0,21.24
2026-07-26 05:05:07,005,SCN1A6J_019_746_42,22,0.037,14,0.962,0.0,21.25
2026-07-26 05:15:10,005,SCN1A6J_019_746_42,73,0.121,11,0.858,0.0,21.34
2026-07-26 05:25:13,005,SCN1A6J_019_746_42,137,0.228,7,0.671,0.0,21.49
2026-07-26 05:35:39,005,SCN1A6J_019_746_42,104,0.174,8,0.755,0.0,21.56
2026-07-26 05:45:42,005,SCN1A6J_019_746_42,0,0.0,15,1.0,0.0,21.49
2026-07-26 05:55:45,005,SCN1A6J_019_746_42,0,0.0,15,1.0,0.0,21.45
2026-07-26 06:05:48,005,SCN1A6J_019_746_42,0,0.0,15,1.0,2.6964,21.41
2026-07-26 06:15:51,005,SCN1A6J_019_746_42,0,0.0,15,1.0,2.6568,21.38
2026-07-26 06:25:54,005,SCN1A6J_019_746_42,0,0.0,15,1.0,2.6424,21.38
2026-07-26 06:35:57,005,SCN1A6J_019_746_42,0,0.0,15,1.0,2.628,21.35
2026-07-26 06:46:01,005,SCN1A6J_019_746_42,0,0.0,15,1.0,2.646,21.35
2026-07-26 06:56:04,005,SCN1A6J_019_746_42,0,0.0,15,1.0,2.6424,21.34
2026-07-26 07:06:07,005,SCN1A6J_019_746_42,0,0.0,15,1.0,2.6424,21.32
2026-07-26 07:16:10,005,SCN1A6J_019_746_42,0,0.0,15,1.0,2.6496,21.32
2026-07-26 07:26:13,005,SCN1A6J_019_746_42,0,0.0,15,1.0,2.6424,21.31
2026-07-26 07:36:16,005,SCN1A6J_019_746_42,83,0.138,9,0.813,2.3796,21.31
2026-07-26 07:46:20,005,SCN1A6J_019_746_42,11,0.018,13,0.979,2.1456,21.37
2026-07-26 07:56:23,005,SCN1A6J_019_746_42,50,0.083,12,0.906,2.07,21.41
2026-07-26 08:06:26,005,SCN1A6J_019_746_42,0,0.0,15,1.0,2.0664,21.39
2026-07-26 08:16:29,005,SCN1A6J_019_746_42,0,0.0,15,1.0,2.07,21.42
2026-07-26 08:26:32,005,SCN1A6J_019_746_42,0,0.0,15,1.0,2.0592,21.38
2026-07-26 08:36:35,005,SCN1A6J_019_746_42,0,0.0,15,1.0,2.0736,21.35
2026-07-26 08:46:38,005,SCN1A6J_019_746_42,0,0.0,15,1.0,2.0664,21.33
2026-07-26 08:56:41,005,SCN1A6J_019_746_42,0,0.0,15,1.0,2.0844,21.35
2026-07-26 09:06:44,005,SCN1A6J_019_746_42,0,0.0,15,1.0,2.0844,21.34
2026-07-26 09:16:47,005,SCN1A6J_019_746_42,0,0.0,15,1.0,2.0736,21.34
2026-07-26 09:26:50,005,SCN1A6J_019_746_42,0,0.0,15,1.0,2.1708,21.35
2026-07-26 09:37:14,005,SCN1A6J_019_746_42,0,0.0,15,1.0,2.1996,21.43
2026-07-26 09:47:18,005,SCN1A6J_019_746_42,0,0.0,15,1.0,2.1996,21.46
2026-07-26 09:57:20,005,SCN1A6J_019_746_42,0,0.0,15,1.0,2.0952,21.49
2026-07-26 10:07:24,005,SCN1A6J_019_746_42,0,0.0,15,1.0,2.0988,21.5
2026-07-26 10:17:27,005,SCN1A6J_019_746_42,0,0.0,15,1.0,2.0808,21.48
2026-07-26 10:27:29,005,SCN1A6J_019_746_42,0,0.0,15,1.0,2.0844,21.48
2026-07-26 10:37:33,005,SCN1A6J_019_746_42,0,0.0,15,1.0,2.0808,21.48
2026-07-26 10:47:36,005,SCN1A6J_019_746_42,0,0.0,15,1.0,2.0808,21.46
2026-07-26 10:57:39,005,SCN1A6J_019_746_42,0,0.0,15,1.0,2.0916,21.44
2026-07-26 11:07:42,005,SCN1A6J_019_746_42,0,0.0,15,1.0,2.088,21.43
2026-07-26 11:17:45,005,SCN1A6J_019_746_42,0,0.0,15,1.0,2.0808,21.42
2026-07-26 11:27:48,005,SCN1A6J_019_746_42,0,0.0,15,1.0,2.0808,21.42
2026-07-26 11:37:52,005,SCN1A6J_019_746_42,0,0.0,15,1.0,2.0088,21.41
2026-07-26 11:47:55,005,SCN1A6J_019_746_42,43,0.072,11,0.911,2.2032,21.45
2026-07-26 11:57:58,005,SCN1A6J_019_746_42,0,0.0,15,1.0,2.2068,21.46
2026-07-26 12:08:01,005,SCN1A6J_019_746_42,0,0.0,15,1.0,2.2068,21.44
2026-07-26 12:18:04,005,SCN1A6J_019_746_42,0,0.0,15,1.0,2.2068,21.43
2026-07-26 12:28:08,005,SCN1A6J_019_746_42,0,0.0,15,1.0,2.2068,21.44
2026-07-26 12:38:10,005,SCN1A6J_019_746_42,0,0.0,15,1.0,2.2032,21.43
2026-07-26 12:48:13,005,SCN1A6J_019_746_42,0,0.0,15,1.0,2.2032,21.43
2026-07-26 12:58:16,005,SCN1A6J_019_746_42,0,0.0,15,1.0,2.196,21.43
2026-07-26 13:08:19,005,SCN1A6J_019_746_42,0,0.0,15,1.0,2.2032,21.43
2026-07-26 13:18:22,005,SCN1A6J_019_746_42,0,0.0,15,1.0,2.2032,21.41
2026-07-26 13:28:25,005,SCN1A6J_019_746_42,0,0.0,15,1.0,2.2284,21.39
2026-07-26 13:38:46,005,SCN1A6J_019_746_42,0,0.0,15,1.0,2.2248,21.45
2026-07-26 13:48:49,005,SCN1A6J_019_746_42,39,0.065,12,0.925,2.0556,21.48
2026-07-26 13:58:52,005,SCN1A6J_019_746_42,1,0.002,14,0.998,2.0772,21.48
2026-07-26 14:08:55,005,SCN1A6J_019_746_42,0,0.0,15,1.0,2.0844,21.46
2026-07-26 14:18:58,005,SCN1A6J_019_746_42,0,0.0,15,1.0,2.0736,21.46
2026-07-26 14:29:01,005,SCN1A6J_019_746_42,0,0.0,15,1.0,2.106,21.47
2026-07-26 14:39:04,005,SCN1A6J_019_746_42,0,0.0,15,1.0,2.1024,21.42
2026-07-26 14:49:07,005,SCN1A6J_019_746_42,0,0.0,15,1.0,2.1024,21.42
2026-07-26 14:59:10,005,SCN1A6J_019_746_42,0,0.0,15,1.0,2.1132,21.41
2026-07-26 15:09:13,005,SCN1A6J_019_746_42,0,0.0,15,1.0,2.1276,21.4
2026-07-26 15:19:16,005,SCN1A6J_019_746_42,4,0.007,14,0.993,2.088,21.4
2026-07-26 15:29:20,005,SCN1A6J_019_746_42,16,0.027,13,0.97,2.1132,21.42
2026-07-26 15:39:22,005,SCN1A6J_019_746_42,0,0.0,15,1.0,2.1096,21.4
2026-07-26 15:49:25,005,SCN1A6J_019_746_42,0,0.0,15,1.0,2.1348,21.39
2026-07-26 15:59:29,005,SCN1A6J_019_746_42,0,0.0,15,1.0,2.1348,21.37
2026-07-26 16:09:31,005,SCN1A6J_019_746_42,0,0.0,15,1.0,2.1348,21.34
2026-07-26 16:19:34,005,SCN1A6J_019_746_42,0,0.0,15,1.0,2.1312,21.32
2026-07-26 16:29:37,005,SCN1A6J_019_746_42,0,0.0,15,1.0,2.1384,21.29
2026-07-26 16:39:41,005,SCN1A6J_019_746_42,3,0.005,14,0.995,2.142,21.31
2026-07-26 16:49:44,005,SCN1A6J_019_746_42,12,0.02,13,0.977,2.1744,21.36
2026-07-26 16:59:47,005,SCN1A6J_019_746_42,0,0.0,15,1.0,2.1816,21.35
2026-07-26 17:09:50,005,SCN1A6J_019_746_42,0,0.0,15,1.0,2.1888,21.34
2026-07-26 17:19:53,005,SCN1A6J_019_746_42,0,0.0,15,1.0,2.1852,21.33
2026-07-26 17:29:56,005,SCN1A6J_019_746_42,0,0.0,15,1.0,2.1816,21.32
2026-07-26 17:40:16,005,SCN1A6J_019_746_42,5,0.008,14,0.991,2.1276,21.4
2026-07-26 17:50:19,005,SCN1A6J_019_746_42,10,0.017,14,0.982,2.1816,21.44
2026-07-26 18:00:22,005,SCN1A6J_019_746_42,0,0.0,15,1.0,0.0,21.43
2026-07-26 18:10:25,005,SCN1A6J_019_746_42,117,0.195,10,0.774,0.0,21.53
2026-07-26 18:20:29,005,SCN1A6J_019_746_42,252,0.419,3,0.323,0.0,21.68
2026-07-26 18:30:32,005,SCN1A6J_019_746_42,106,0.176,10,0.791,0.0,21.7
2026-07-26 18:40:35,005,SCN1A6J_019_746_42,268,0.445,4,0.374,0.0,21.79
2026-07-26 18:50:38,005,SCN1A6J_019_746_42,281,0.468,0,0.0,0.0,21.79
2026-07-26 19:00:42,005,SCN1A6J_019_746_42,7,0.012,12,0.986,0.0,21.72
2026-07-26 19:10:45,005,SCN1A6J_019_746_42,0,0.0,15,1.0,0.0,21.63
2026-07-26 19:20:48,005,SCN1A6J_019_746_42,29,0.048,13,0.947,0.0,21.6
2026-07-26 19:30:51,005,SCN1A6J_019_746_42,12,0.02,13,0.977,0.0,21.56
2026-07-26 19:40:55,005,SCN1A6J_019_746_42,30,0.05,13,0.945,0.0,21.54
2026-07-26 19:50:59,005,SCN1A6J_019_746_42,203,0.338,5,0.496,0.0,21.68
2026-07-26 20:01:02,005,SCN1A6J_019_746_42,229,0.381,2,0.259,0.0,21.64
2026-07-26 20:11:04,005,SCN1A6J_019_746_42,1,0.002,14,0.998,0.0,21.57
2026-07-26 20:21:08,005,SCN1A6J_019_746_42,0,0.0,15,1.0,0.0,21.51
2026-07-26 20:31:11,005,SCN1A6J_019_746_42,0,0.0,15,1.0,0.0,21.47
2026-07-26 20:41:14,005,SCN1A6J_019_746_42,1,0.002,14,0.998,0.0,21.44
2026-07-26 20:51:17,005,SCN1A6J_019_746_42,68,0.113,9,0.841,0.0,21.46
2026-07-26 21:01:21,005,SCN1A6J_019_746_42,79,0.131,12,0.859,0.0,21.55
2026-07-26 21:11:24,005,SCN1A6J_019_746_42,73,0.121,11,0.858,0.0,21.55
2026-07-26 21:21:28,005,SCN1A6J_019_746_42,223,0.371,4,0.418,0.0,21.73
2026-07-26 21:31:31,005,SCN1A6J_019_746_42,102,0.169,7,0.733,0.0,21.69
2026-07-26 21:41:56,005,SCN1A6J_019_746_42,68,0.114,8,0.825,0.0,21.68
2026-07-26 21:51:59,005,SCN1A6J_019_746_42,5,0.008,14,0.991,0.0,21.6
2026-07-26 22:02:02,005,SCN1A6J_019_746_42,8,0.013,14,0.986,0.0,21.54
2026-07-26 22:12:06,005,SCN1A6J_019_746_42,43,0.072,10,0.903,0.0,21.55
2026-07-26 22:22:09,005,SCN1A6J_019_746_42,129,0.215,9,0.736,0.0,21.69
2026-07-26 22:32:12,005,SCN1A6J_019_746_42,111,0.184,9,0.764,0.0,21.87
2026-07-26 22:42:15,005,SCN1A6J_019_746_42,255,0.424,3,0.32,0.0,21.8
2026-07-26 22:52:18,005,SCN1A6J_019_746_42,18,0.03,12,0.964,0.0,21.73
2026-07-26 23:02:21,005,SCN1A6J_019_746_42,15,0.025,12,0.97,0.0,21.62
2026-07-26 23:12:24,005,SCN1A6J_019_746_42,0,0.0,15,1.0,0.0,21.55
2026-07-26 23:22:27,005,SCN1A6J_019_746_42,0,0.0,15,1.0,0.0,21.48
2026-07-26 23:32:30,005,SCN1A6J_019_746_42,0,0.0,15,1.0,0.0,21.44
2026-07-26 23:42:34,005,SCN1A6J_019_746_42,0,0.0,15,1.0,0.0,21.41
2026-07-26 23:52:36,005,SCN1A6J_019_746_42,0,0.0,15,1.0,0.0,21.38
2026-07-25 00:08:51,029,SCN1A6J_019_746_43,178,0.296,6,0.574,0.0,21.62
2026-07-25 00:18:54,029,SCN1A6J_019_746_43,83,0.138,9,0.813,0.0,21.66
2026-07-25 00:28:57,029,SCN1A6J_019_746_43,179,0.297,3,0.401,0.0,21.64
2026-07-25 00:38:59,029,SCN1A6J_019_746_43,144,0.24,7,0.66,0.0,21.61
2026-07-25 00:49:02,029,SCN1A6J_019_746_43,0,0.0,15,1.0,0.0,21.51
2026-07-25 00:59:05,029,SCN1A6J_019_746_43,0,0.0,15,1.0,0.0,21.45
2026-07-25 01:09:25,029,SCN1A6J_019_746_43,0,0.0,15,1.0,0.0,21.43
2026-07-25 01:19:28,029,SCN1A6J_019_746_43,79,0.131,10,0.835,0.0,21.4
2026-07-25 01:29:30,029,SCN1A6J_019_746_43,60,0.1,10,0.87,0.0,21.41
2026-07-25 01:39:33,029,SCN1A6J_019_746_43,0,0.0,15,1.0,0.0,21.37
2026-07-25 01:49:36,029,SCN1A6J_019_746_43,0,0.0,15,1.0,0.0,21.33
2026-07-25 01:59:38,029,SCN1A6J_019_746_43,9,0.015,13,0.983,0.0,21.3
2026-07-25 02:09:42,029,SCN1A6J_019_746_43,0,0.0,15,1.0,0.0,21.27
2026-07-25 02:19:44,029,SCN1A6J_019_746_43,3,0.005,14,0.995,0.0,21.27
2026-07-25 02:29:47,029,SCN1A6J_019_746_43,21,0.035,12,0.958,0.0,21.27
2026-07-25 02:39:50,029,SCN1A6J_019_746_43,55,0.092,11,0.889,0.0,21.37
2026-07-25 02:49:53,029,SCN1A6J_019_746_43,221,0.368,5,0.475,0.0,21.5
2026-07-25 02:59:55,029,SCN1A6J_019_746_43,72,0.12,10,0.847,0.0,21.53
2026-07-25 03:09:58,029,SCN1A6J_019_746_43,0,0.0,15,1.0,0.0,21.49
2026-07-25 03:20:00,029,SCN1A6J_019_746_43,0,0.0,15,1.0,0.0,21.45
2026-07-25 03:30:04,029,SCN1A6J_019_746_43,0,0.0,15,1.0,0.0,21.4
2026-07-25 03:40:07,029,SCN1A6J_019_746_43,0,0.0,15,1.0,0.0,21.36
2026-07-25 03:50:10,029,SCN1A6J_019_746_43,4,0.007,14,0.993,0.0,21.33
2026-07-25 04:00:13,029,SCN1A6J_019_746_43,1,0.002,14,0.998,0.0,21.34
2026-07-25 04:10:15,029,SCN1A6J_019_746_43,108,0.18,9,0.769,0.0,21.38
2026-07-25 04:20:18,029,SCN1A6J_019_746_43,0,0.0,15,1.0,0.0,21.35
2026-07-25 04:30:21,029,SCN1A6J_019_746_43,0,0.0,15,1.0,0.0,21.31
2026-07-25 04:40:23,029,SCN1A6J_019_746_43,0,0.0,15,1.0,0.0,21.26
2026-07-25 04:50:26,029,SCN1A6J_019_746_43,0,0.0,15,1.0,0.0,21.23
2026-07-25 05:00:29,029,SCN1A6J_019_746_43,0,0.0,15,1.0,0.0,21.2
2026-07-25 05:10:45,029,SCN1A6J_019_746_43,0,0.0,15,1.0,0.0,21.23
2026-07-25 05:20:48,029,SCN1A6J_019_746_43,95,0.158,8,0.771,0.0,21.3
2026-07-25 05:30:51,029,SCN1A6J_019_746_43,60,0.1,9,0.857,0.0,21.34
2026-07-25 05:40:54,029,SCN1A6J_019_746_43,135,0.225,8,0.703,0.0,21.43
2026-07-25 05:50:57,029,SCN1A6J_019_746_43,20,0.033,9,0.947,0.0,21.41
2026-07-25 06:01:01,029,SCN1A6J_019_746_43,2,0.003,15,0.997,1.0116,21.38
2026-07-25 06:11:03,029,SCN1A6J_019_746_43,0,0.0,15,1.0,1.0008,21.33
2026-07-25 06:21:06,029,SCN1A6J_019_746_43,0,0.0,15,1.0,0.9936,21.3
2026-07-25 06:31:09,029,SCN1A6J_019_746_43,1,0.002,14,0.998,0.9972,21.26
2026-07-25 06:41:11,029,SCN1A6J_019_746_43,0,0.0,15,1.0,0.9864,21.24
2026-07-25 06:51:15,029,SCN1A6J_019_746_43,0,0.0,15,1.0,0.9864,21.22
2026-07-25 07:01:17,029,SCN1A6J_019_746_43,2,0.003,14,0.996,0.9864,21.22
2026-07-25 07:11:20,029,SCN1A6J_019_746_43,0,0.0,15,1.0,0.9864,21.2
2026-07-25 07:21:23,029,SCN1A6J_019_746_43,0,0.0,15,1.0,0.9864,21.19
2026-07-25 07:31:25,029,SCN1A6J_019_746_43,0,0.0,15,1.0,0.9864,21.19
2026-07-25 07:41:28,029,SCN1A6J_019_746_43,0,0.0,15,1.0,0.99,21.18
2026-07-25 07:51:31,029,SCN1A6J_019_746_43,1,0.002,14,0.998,0.9864,21.19
2026-07-25 08:01:34,029,SCN1A6J_019_746_43,0,0.0,15,1.0,0.9792,21.19
2026-07-25 08:11:36,029,SCN1A6J_019_746_43,0,0.0,15,1.0,0.99,21.21
2026-07-25 08:21:39,029,SCN1A6J_019_746_43,0,0.0,15,1.0,0.99,21.21
2026-07-25 08:31:42,029,SCN1A6J_019_746_43,0,0.0,15,1.0,0.99,21.21
2026-07-25 08:41:44,029,SCN1A6J_019_746_43,0,0.0,15,1.0,0.99,21.22
2026-07-25 08:51:47,029,SCN1A6J_019_746_43,0,0.0,15,1.0,0.9792,21.21
2026-07-25 09:01:50,029,SCN1A6J_019_746_43,0,0.0,15,1.0,0.99,21.21
2026-07-25 09:12:04,029,SCN1A6J_019_746_43,0,0.0,15,1.0,0.99,21.25
2026-07-25 09:22:07,029,SCN1A6J_019_746_43,2,0.003,14,0.996,0.99,21.23
2026-07-25 09:32:10,029,SCN1A6J_019_746_43,94,0.156,10,0.81,1.0152,21.28
2026-07-25 09:42:12,029,SCN1A6J_019_746_43,13,0.022,13,0.976,1.0728,21.31
2026-07-25 09:52:15,029,SCN1A6J_019_746_43,0,0.0,15,1.0,1.1376,21.3
2026-07-25 10:02:17,029,SCN1A6J_019_746_43,0,0.0,15,1.0,1.1376,21.29
2026-07-25 10:12:20,029,SCN1A6J_019_746_43,0,0.0,15,1.0,1.0728,21.28
2026-07-25 10:22:23,029,SCN1A6J_019_746_43,0,0.0,15,1.0,1.0728,21.26
2026-07-25 10:32:26,029,SCN1A6J_019_746_43,0,0.0,15,1.0,1.0728,21.24
2026-07-25 10:42:29,029,SCN1A6J_019_746_43,0,0.0,15,1.0,1.0836,21.24
2026-07-25 10:52:31,029,SCN1A6J_019_746_43,0,0.0,15,1.0,1.0728,21.22
2026-07-25 11:02:34,029,SCN1A6J_019_746_43,0,0.0,15,1.0,1.0728,21.21
2026-07-25 11:12:37,029,SCN1A6J_019_746_43,0,0.0,15,1.0,1.0728,21.21
2026-07-25 11:22:40,029,SCN1A6J_019_746_43,0,0.0,15,1.0,1.0836,21.22
2026-07-25 11:32:42,029,SCN1A6J_019_746_43,0,0.0,15,1.0,1.0728,21.21
2026-07-25 11:42:45,029,SCN1A6J_019_746_43,0,0.0,15,1.0,1.0728,21.22
2026-07-25 11:52:48,029,SCN1A6J_019_746_43,0,0.0,15,1.0,1.0728,21.23
2026-07-25 12:02:51,029,SCN1A6J_019_746_43,0,0.0,15,1.0,1.0728,21.23
2026-07-25 12:12:54,029,SCN1A6J_019_746_43,0,0.0,15,1.0,1.0728,21.22
2026-07-25 12:22:56,029,SCN1A6J_019_746_43,15,0.025,14,0.974,1.0368,21.23
2026-07-25 12:32:59,029,SCN1A6J_019_746_43,32,0.053,8,0.909,0.9432,21.29
2026-07-25 12:43:02,029,SCN1A6J_019_746_43,6,0.01,14,0.989,0.9648,21.31
2026-07-25 12:53:05,029,SCN1A6J_019_746_43,1,0.002,14,0.998,0.9648,21.31
2026-07-25 13:03:08,029,SCN1A6J_019_746_43,0,0.0,15,1.0,0.9756,21.29
2026-07-25 13:13:32,029,SCN1A6J_019_746_43,0,0.0,15,1.0,0.9648,21.32
2026-07-25 13:23:35,029,SCN1A6J_019_746_43,0,0.0,15,1.0,0.9648,21.28
2026-07-25 13:33:38,029,SCN1A6J_019_746_43,0,0.0,15,1.0,0.9648,21.26
2026-07-25 13:43:42,029,SCN1A6J_019_746_43,0,0.0,15,1.0,0.9648,21.25
2026-07-25 13:53:44,029,SCN1A6J_019_746_43,0,0.0,15,1.0,0.9648,21.23
2026-07-25 14:03:47,029,SCN1A6J_019_746_43,0,0.0,15,1.0,0.972,21.22
2026-07-25 14:13:49,029,SCN1A6J_019_746_43,0,0.0,15,1.0,0.9756,21.22
2026-07-25 14:23:52,029,SCN1A6J_019_746_43,0,0.0,15,1.0,0.972,21.21
2026-07-25 14:33:55,029,SCN1A6J_019_746_43,0,0.0,15,1.0,0.972,21.22
2026-07-25 14:43:58,029,SCN1A6J_019_746_43,0,0.0,15,1.0,0.972,21.22
2026-07-25 14:54:01,029,SCN1A6J_019_746_43,12,0.02,14,0.979,0.9468,21.24
2026-07-25 15:04:04,029,SCN1A6J_019_746_43,13,0.022,12,0.974,0.9684,21.28
2026-07-25 15:14:07,029,SCN1A6J_019_746_43,0,0.0,15,1.0,0.9576,21.28
2026-07-25 15:24:10,029,SCN1A6J_019_746_43,0,0.0,15,1.0,0.9684,21.27
2026-07-25 15:34:13,029,SCN1A6J_019_746_43,0,0.0,15,1.0,0.9576,21.26
2026-07-25 15:44:16,029,SCN1A6J_019_746_43,0,0.0,15,1.0,0.9648,21.27
2026-07-25 15:54:19,029,SCN1A6J_019_746_43,0,0.0,15,1.0,0.9684,21.26
2026-07-25 16:04:21,029,SCN1A6J_019_746_43,0,0.0,15,1.0,0.9648,21.25
2026-07-25 16:14:24,029,SCN1A6J_019_746_43,0,0.0,15,1.0,0.9576,21.26
2026-07-25 16:24:27,029,SCN1A6J_019_746_43,0,0.0,15,1.0,0.9576,21.27
2026-07-25 16:34:29,029,SCN1A6J_019_746_43,10,0.017,14,0.982,0.9648,21.29
2026-07-25 16:44:32,029,SCN1A6J_019_746_43,43,0.072,10,0.903,0.9792,21.39
2026-07-25 16:54:35,029,SCN1A6J_019_746_43,0,0.0,15,1.0,0.99,21.36
2026-07-25 17:04:37,029,SCN1A6J_019_746_43,0,0.0,15,1.0,0.9792,21.34
2026-07-25 17:14:52,029,SCN1A6J_019_746_43,0,0.0,15,1.0,0.9792,21.33
2026-07-25 17:24:54,029,SCN1A6J_019_746_43,0,0.0,15,1.0,0.9792,21.3
2026-07-25 17:34:57,029,SCN1A6J_019_746_43,0,0.0,15,1.0,0.99,21.29
2026-07-25 17:44:59,029,SCN1A6J_019_746_43,0,0.0,15,1.0,0.9792,21.28
2026-07-25 17:55:02,029,SCN1A6J_019_746_43,39,0.065,12,0.925,0.9828,21.34
2026-07-25 18:05:06,029,SCN1A6J_019_746_43,2,0.003,14,0.996,0.0,21.34
2026-07-25 18:15:08,029,SCN1A6J_019_746_43,0,0.0,15,1.0,0.0,21.34
2026-07-25 18:25:11,029,SCN1A6J_019_746_43,68,0.113,11,0.866,0.0,21.35
2026-07-25 18:35:14,029,SCN1A6J_019_746_43,148,0.246,6,0.619,0.0,21.45
2026-07-25 18:45:16,029,SCN1A6J_019_746_43,289,0.481,3,0.293,0.0,21.68
2026-07-25 18:55:19,029,SCN1A6J_019_746_43,80,0.133,8,0.8,0.0,21.61
2026-07-25 19:05:22,029,SCN1A6J_019_746_43,0,0.0,15,1.0,0.0,21.53
2026-07-25 19:15:25,029,SCN1A6J_019_746_43,3,0.005,14,0.995,0.0,21.48
2026-07-25 19:25:28,029,SCN1A6J_019_746_43,89,0.148,8,0.782,0.0,21.51
2026-07-25 19:35:31,029,SCN1A6J_019_746_43,198,0.329,3,0.377,0.0,21.74
2026-07-25 19:45:34,029,SCN1A6J_019_746_43,191,0.318,6,0.557,0.0,21.7
2026-07-25 19:55:37,029,SCN1A6J_019_746_43,2,0.003,14,0.996,0.0,21.61
2026-07-25 20:05:39,029,SCN1A6J_019_746_43,3,0.005,14,0.995,0.0,21.55
2026-07-25 20:15:42,029,SCN1A6J_019_746_43,8,0.013,14,0.986,0.0,21.52
2026-07-25 20:25:45,029,SCN1A6J_019_746_43,0,0.0,15,1.0,0.0,21.49
2026-07-25 20:35:48,029,SCN1A6J_019_746_43,10,0.017,14,0.982,0.0,21.47
2026-07-25 20:45:51,029,SCN1A6J_019_746_43,96,0.16,5,0.676,0.0,21.56
2026-07-25 20:55:53,029,SCN1A6J_019_746_43,96,0.16,11,0.821,0.0,21.6
2026-07-25 21:05:55,029,SCN1A6J_019_746_43,22,0.037,13,0.959,0.0,21.58
2026-07-25 21:16:09,029,SCN1A6J_019_746_43,1,0.002,15,0.998,0.0,21.53
2026-07-25 21:26:12,029,SCN1A6J_019_746_43,0,0.0,15,1.0,0.0,21.47
2026-07-25 21:36:14,029,SCN1A6J_019_746_43,1,0.002,14,0.998,0.0,21.43
2026-07-25 21:46:17,029,SCN1A6J_019_746_43,52,0.087,11,0.894,0.0,21.47
2026-07-25 21:56:20,029,SCN1A6J_019_746_43,57,0.095,11,0.885,0.0,21.49
2026-07-25 22:06:23,029,SCN1A6J_019_746_43,198,0.329,6,0.548,0.0,21.57
2026-07-25 22:16:26,029,SCN1A6J_019_746_43,122,0.203,5,0.621,0.0,21.64
2026-07-25 22:26:28,029,SCN1A6J_019_746_43,43,0.072,11,0.911,0.0,21.61
2026-07-25 22:36:31,029,SCN1A6J_019_746_43,286,0.476,3,0.296,0.0,21.7
2026-07-25 22:46:34,029,SCN1A6J_019_746_43,28,0.047,12,0.945,0.0,21.66
2026-07-25 22:56:37,029,SCN1A6J_019_746_43,0,0.0,15,1.0,0.0,21.59
2026-07-25 23:06:40,029,SCN1A6J_019_746_43,0,0.0,15,1.0,0.0,21.52
2026-07-25 23:16:43,029,SCN1A6J_019_746_43,0,0.0,15,1.0,0.0,21.48
2026-07-25 23:26:46,029,SCN1A6J_019_746_43,0,0.0,15,1.0,0.0,21.45
2026-07-25 23:36:48,029,SCN1A6J_019_746_43,0,0.0,15,1.0,0.0,21.41
2026-07-25 23:46:51,029,SCN1A6J_019_746_43,1,0.002,15,0.998,0.0,21.4
2026-07-25 23:56:53,029,SCN1A6J_019_746_43,95,0.158,7,0.747,0.0,21.52
2026-07-26 00:06:56,029,SCN1A6J_019_746_43,80,0.133,8,0.8,0.0,21.54
2026-07-26 00:16:59,029,SCN1A6J_019_746_43,0,0.0,15,1.0,0.0,21.51
2026-07-26 00:27:01,029,SCN1A6J_019_746_43,0,0.0,15,1.0,0.0,21.49
2026-07-26 00:37:04,029,SCN1A6J_019_746_43,0,0.0,15,1.0,0.0,21.47
2026-07-26 00:47:07,029,SCN1A6J_019_746_43,0,0.0,15,1.0,0.0,21.47
2026-07-26 00:57:10,029,SCN1A6J_019_746_43,0,0.0,15,1.0,0.0,21.44
2026-07-26 01:07:13,029,SCN1A6J_019_746_43,0,0.0,15,1.0,0.0,21.43
2026-07-26 01:17:35,029,SCN1A6J_019_746_43,0,0.0,15,1.0,0.0,21.46
2026-07-26 01:27:38,029,SCN1A6J_019_746_43,39,0.065,11,0.919,0.0,21.48
2026-07-26 01:37:41,029,SCN1A6J_019_746_43,162,0.27,8,0.664,0.0,21.54
2026-07-26 01:47:44,029,SCN1A6J_019_746_43,190,0.316,5,0.513,0.0,21.62
2026-07-26 01:57:47,029,SCN1A6J_019_746_43,73,0.122,10,0.846,0.0,21.58
2026-07-26 02:07:50,029,SCN1A6J_019_746_43,0,0.0,15,1.0,0.0,21.51
2026-07-26 02:17:53,029,SCN1A6J_019_746_43,0,0.0,15,1.0,0.0,21.45
2026-07-26 02:27:56,029,SCN1A6J_019_746_43,0,0.0,15,1.0,0.0,21.4
2026-07-26 02:37:58,029,SCN1A6J_019_746_43,0,0.0,15,1.0,0.0,21.35
2026-07-26 02:48:01,029,SCN1A6J_019_746_43,0,0.0,15,1.0,0.0,21.32
2026-07-26 02:58:04,029,SCN1A6J_019_746_43,29,0.048,12,0.943,0.0,21.33
2026-07-26 03:08:07,029,SCN1A6J_019_746_43,0,0.0,15,1.0,0.0,21.33
2026-07-26 03:18:10,029,SCN1A6J_019_746_43,0,0.0,15,1.0,0.0,21.32
2026-07-26 03:28:12,029,SCN1A6J_019_746_43,0,0.0,15,1.0,0.0,21.33
2026-07-26 03:38:16,029,SCN1A6J_019_746_43,0,0.0,15,1.0,0.0,21.32
2026-07-26 03:48:19,029,SCN1A6J_019_746_43,0,0.0,15,1.0,0.0,21.32
2026-07-26 03:58:22,029,SCN1A6J_019_746_43,54,0.09,11,0.891,0.0,21.39
2026-07-26 04:08:25,029,SCN1A6J_019_746_43,78,0.13,10,0.837,0.0,21.46
2026-07-26 04:18:27,029,SCN1A6J_019_746_43,33,0.055,13,0.94,0.0,21.43
2026-07-26 04:28:30,029,SCN1A6J_019_746_43,0,0.0,15,1.0,0.0,21.4
2026-07-26 04:38:33,029,SCN1A6J_019_746_43,0,0.0,15,1.0,0.0,21.36
2026-07-26 04:48:35,029,SCN1A6J_019_746_43,0,0.0,15,1.0,0.0,21.33
2026-07-26 04:58:38,029,SCN1A6J_019_746_43,0,0.0,15,1.0,0.0,21.32
2026-07-26 05:08:41,029,SCN1A6J_019_746_43,0,0.0,15,1.0,0.0,21.3
2026-07-26 05:18:53,029,SCN1A6J_019_746_43,0,0.0,15,1.0,0.0,21.31
2026-07-26 05:28:56,029,SCN1A6J_019_746_43,0,0.0,15,1.0,0.0,21.28
2026-07-26 05:38:59,029,SCN1A6J_019_746_43,0,0.0,15,1.0,0.0,21.26
2026-07-26 05:49:01,029,SCN1A6J_019_746_43,0,0.0,15,1.0,0.0,21.23
2026-07-26 05:59:04,029,SCN1A6J_019_746_43,0,0.0,15,1.0,0.0,21.22
2026-07-26 06:09:08,029,SCN1A6J_019_746_43,0,0.0,15,1.0,0.9792,21.2
2026-07-26 06:19:11,029,SCN1A6J_019_746_43,0,0.0,15,1.0,0.9756,21.21
2026-07-26 06:29:13,029,SCN1A6J_019_746_43,0,0.0,15,1.0,0.9648,21.21
2026-07-26 06:39:16,029,SCN1A6J_019_746_43,0,0.0,15,1.0,0.9684,21.24
2026-07-26 06:49:19,029,SCN1A6J_019_746_43,0,0.0,15,1.0,0.9684,21.24
2026-07-26 06:59:21,029,SCN1A6J_019_746_43,9,0.015,13,0.983,0.9756,21.25
2026-07-26 07:09:24,029,SCN1A6J_019_746_43,24,0.04,11,0.948,0.9972,21.34
2026-07-26 07:19:27,029,SCN1A6J_019_746_43,132,0.22,4,0.548,0.9864,21.37
2026-07-26 07:29:29,029,SCN1A6J_019_746_43,206,0.343,3,0.368,0.9288,21.44
2026-07-26 07:39:32,029,SCN1A6J_019_746_43,22,0.037,14,0.962,1.0584,21.43
2026-07-26 07:49:35,029,SCN1A6J_019_746_43,0,0.0,15,1.0,1.0584,21.41
2026-07-26 07:59:38,029,SCN1A6J_019_746_43,0,0.0,15,1.0,1.0584,21.37
2026-07-26 08:09:40,029,SCN1A6J_019_746_43,0,0.0,15,1.0,1.0656,21.35
2026-07-26 08:19:43,029,SCN1A6J_019_746_43,0,0.0,15,1.0,1.0584,21.34
2026-07-26 08:29:46,029,SCN1A6J_019_746_43,0,0.0,15,1.0,1.0692,21.31
2026-07-26 08:39:48,029,SCN1A6J_019_746_43,0,0.0,15,1.0,1.0584,21.3
2026-07-26 08:49:51,029,SCN1A6J_019_746_43,0,0.0,15,1.0,1.0584,21.29
2026-07-26 08:59:54,029,SCN1A6J_019_746_43,57,0.095,11,0.885,0.9252,21.33
2026-07-26 09:09:57,029,SCN1A6J_019_746_43,227,0.378,4,0.413,0.918,21.43
2026-07-26 09:20:14,029,SCN1A6J_019_746_43,38,0.064,9,0.905,0.9108,21.49
2026-07-26 09:30:17,029,SCN1A6J_019_746_43,0,0.0,15,1.0,1.1952,21.44
2026-07-26 09:40:19,029,SCN1A6J_019_746_43,0,0.0,15,1.0,1.1952,21.44
2026-07-26 09:50:22,029,SCN1A6J_019_746_43,0,0.0,15,1.0,1.1952,21.45
2026-07-26 10:00:25,029,SCN1A6J_019_746_43,0,0.0,15,1.0,0.9648,21.45
2026-07-26 10:10:27,029,SCN1A6J_019_746_43,0,0.0,15,1.0,0.9576,21.43
2026-07-26 10:20:30,029,SCN1A6J_019_746_43,0,0.0,15,1.0,0.9,21.42
2026-07-26 10:30:33,029,SCN1A6J_019_746_43,0,0.0,15,1.0,0.9072,21.4
2026-07-26 10:40:36,029,SCN1A6J_019_746_43,0,0.0,15,1.0,0.9,21.37
2026-07-26 10:50:39,029,SCN1A6J_019_746_43,0,0.0,15,1.0,0.9108,21.36
2026-07-26 11:00:42,029,SCN1A6J_019_746_43,0,0.0,15,1.0,0.9,21.34
2026-07-26 11:10:45,029,SCN1A6J_019_746_43,0,0.0,15,1.0,0.9,21.33
2026-07-26 11:20:48,029,SCN1A6J_019_746_43,0,0.0,15,1.0,0.9108,21.31
2026-07-26 11:30:51,029,SCN1A6J_019_746_43,0,0.0,15,1.0,0.9108,21.29
2026-07-26 11:40:54,029,SCN1A6J_019_746_43,0,0.0,15,1.0,0.9,21.29
2026-07-26 11:50:57,029,SCN1A6J_019_746_43,32,0.053,11,0.932,0.9072,21.35
2026-07-26 12:01:00,029,SCN1A6J_019_746_43,0,0.0,15,1.0,0.918,21.34
2026-07-26 12:11:02,029,SCN1A6J_019_746_43,0,0.0,15,1.0,0.9072,21.34
2026-07-26 12:21:05,029,SCN1A6J_019_746_43,0,0.0,15,1.0,0.9072,21.33
2026-07-26 12:31:07,029,SCN1A6J_019_746_43,0,0.0,15,1.0,0.9072,21.31
2026-07-26 12:41:10,029,SCN1A6J_019_746_43,0,0.0,15,1.0,0.9072,21.3
2026-07-26 12:51:13,029,SCN1A6J_019_746_43,0,0.0,15,1.0,0.9072,21.29
2026-07-26 13:01:15,029,SCN1A6J_019_746_43,0,0.0,15,1.0,0.9072,21.29
2026-07-26 13:11:17,029,SCN1A6J_019_746_43,0,0.0,15,1.0,0.9144,21.28
2026-07-26 13:21:37,029,SCN1A6J_019_746_43,0,0.0,15,1.0,0.9288,21.32
2026-07-26 13:31:41,029,SCN1A6J_019_746_43,0,0.0,15,1.0,0.972,21.3
2026-07-26 13:41:43,029,SCN1A6J_019_746_43,3,0.005,14,0.995,0.9288,21.32
2026-07-26 13:51:47,029,SCN1A6J_019_746_43,103,0.171,8,0.757,0.9072,21.37
2026-07-26 14:01:49,029,SCN1A6J_019_746_43,41,0.068,12,0.921,0.9288,21.38
2026-07-26 14:11:52,029,SCN1A6J_019_746_43,0,0.0,15,1.0,0.9396,21.35
2026-07-26 14:21:55,029,SCN1A6J_019_746_43,0,0.0,15,1.0,0.9864,21.33
2026-07-26 14:31:58,029,SCN1A6J_019_746_43,0,0.0,15,1.0,1.0008,21.31
2026-07-26 14:42:01,029,SCN1A6J_019_746_43,0,0.0,15,1.0,1.008,21.29
2026-07-26 14:52:03,029,SCN1A6J_019_746_43,0,0.0,15,1.0,1.008,21.28
2026-07-26 15:02:06,029,SCN1A6J_019_746_43,0,0.0,15,1.0,1.008,21.25
2026-07-26 15:12:09,029,SCN1A6J_019_746_43,0,0.0,15,1.0,1.008,21.22
2026-07-26 15:22:12,029,SCN1A6J_019_746_43,0,0.0,15,1.0,1.008,21.21
2026-07-26 15:32:14,029,SCN1A6J_019_746_43,0,0.0,15,1.0,1.008,21.19
2026-07-26 15:42:17,029,SCN1A6J_019_746_43,0,0.0,15,1.0,1.008,21.18
2026-07-26 15:52:20,029,SCN1A6J_019_746_43,0,0.0,15,1.0,1.0188,21.17
2026-07-26 16:02:23,029,SCN1A6J_019_746_43,81,0.135,9,0.816,0.9756,21.22
2026-07-26 16:12:26,029,SCN1A6J_019_746_43,27,0.045,11,0.942,1.0512,21.23
2026-07-26 16:22:29,029,SCN1A6J_019_746_43,0,0.0,15,1.0,1.0512,21.22
2026-07-26 16:32:32,029,SCN1A6J_019_746_43,0,0.0,15,1.0,1.062,21.21
2026-07-26 16:42:35,029,SCN1A6J_019_746_43,0,0.0,15,1.0,1.044,21.18
2026-07-26 16:52:38,029,SCN1A6J_019_746_43,0,0.0,15,1.0,0.9936,21.17
2026-07-26 17:02:40,029,SCN1A6J_019_746_43,0,0.0,15,1.0,0.9936,21.18
2026-07-26 17:12:42,029,SCN1A6J_019_746_43,23,0.038,12,0.954,1.026,21.24
2026-07-26 17:22:58,029,SCN1A6J_019_746_43,0,0.0,15,1.0,1.0224,21.29
2026-07-26 17:33:00,029,SCN1A6J_019_746_43,0,0.0,15,1.0,1.026,21.28
2026-07-26 17:43:03,029,SCN1A6J_019_746_43,0,0.0,15,1.0,1.0152,21.28
2026-07-26 17:53:06,029,SCN1A6J_019_746_43,0,0.0,15,1.0,1.026,21.28
2026-07-26 18:03:10,029,SCN1A6J_019_746_43,105,0.175,6,0.696,0.0,21.38
2026-07-26 18:13:13,029,SCN1A6J_019_746_43,133,0.221,7,0.678,0.0,21.47
2026-07-26 18:23:16,029,SCN1A6J_019_746_43,60,0.1,10,0.87,0.0,21.51
2026-07-26 18:33:19,029,SCN1A6J_019_746_43,10,0.017,14,0.982,0.0,21.48
2026-07-26 18:43:22,029,SCN1A6J_019_746_43,12,0.02,13,0.977,0.0,21.45
2026-07-26 18:53:25,029,SCN1A6J_019_746_43,27,0.045,12,0.947,0.0,21.44
2026-07-26 19:03:27,029,SCN1A6J_019_746_43,108,0.18,6,0.69,0.0,21.5
2026-07-26 19:13:30,029,SCN1A6J_019_746_43,121,0.201,7,0.698,0.0,21.53
2026-07-26 19:23:33,029,SCN1A6J_019_746_43,91,0.151,12,0.841,0.0,21.51
2026-07-26 19:33:36,029,SCN1A6J_019_746_43,0,0.0,15,1.0,0.0,21.47
2026-07-26 19:43:38,029,SCN1A6J_019_746_43,0,0.0,15,1.0,0.0,21.43
2026-07-26 19:53:41,029,SCN1A6J_019_746_43,4,0.007,14,0.993,0.0,21.41
2026-07-26 20:03:44,029,SCN1A6J_019_746_43,27,0.045,13,0.951,0.0,21.42
2026-07-26 20:13:47,029,SCN1A6J_019_746_43,152,0.253,7,0.648,0.0,21.46
2026-07-26 20:23:51,029,SCN1A6J_019_746_43,85,0.141,9,0.809,0.0,21.53
2026-07-26 20:33:53,029,SCN1A6J_019_746_43,0,0.0,15,1.0,0.0,21.49
2026-07-26 20:43:56,029,SCN1A6J_019_746_43,0,0.0,15,1.0,0.0,21.47
2026-07-26 20:53:59,029,SCN1A6J_019_746_43,1,0.002,14,0.998,0.0,21.47
2026-07-26 21:04:02,029,SCN1A6J_019_746_43,13,0.022,13,0.976,0.0,21.47
2026-07-26 21:14:05,029,SCN1A6J_019_746_43,0,0.0,15,1.0,0.0,21.48
2026-07-26 21:24:21,029,SCN1A6J_019_746_43,10,0.017,13,0.981,0.0,21.49
2026-07-26 21:34:23,029,SCN1A6J_019_746_43,63,0.105,6,0.792,0.0,21.52
2026-07-26 21:44:26,029,SCN1A6J_019_746_43,139,0.231,4,0.535,0.0,21.69
2026-07-26 21:54:29,029,SCN1A6J_019_746_43,103,0.171,8,0.757,0.0,21.71
2026-07-26 22:04:32,029,SCN1A6J_019_746_43,122,0.203,10,0.766,0.0,21.73
2026-07-26 22:14:34,029,SCN1A6J_019_746_43,8,0.013,13,0.985,0.0,21.73
2026-07-26 22:24:37,029,SCN1A6J_019_746_43,9,0.015,14,0.984,0.0,21.72
2026-07-26 22:34:40,029,SCN1A6J_019_746_43,5,0.008,13,0.99,0.0,21.66
2026-07-26 22:44:43,029,SCN1A6J_019_746_43,6,0.01,12,0.988,0.0,21.58
2026-07-26 22:54:47,029,SCN1A6J_019_746_43,4,0.007,14,0.993,0.0,21.52
2026-07-26 23:04:50,029,SCN1A6J_019_746_43,15,0.025,11,0.967,0.0,21.5
2026-07-26 23:14:53,029,SCN1A6J_019_746_43,112,0.186,4,0.588,0.0,21.63
2026-07-26 23:24:55,029,SCN1A6J_019_746_43,106,0.176,8,0.751,0.0,21.7
2026-07-26 23:34:58,029,SCN1A6J_019_746_43,198,0.329,3,0.377,0.0,21.89
2026-07-26 23:45:02,029,SCN1A6J_019_746_43,24,0.04,10,0.943,0.0,21.78
2026-07-26 23:55:04,029,SCN1A6J_019_746_43,247,0.411,2,0.245,0.0,21.88
2026-07-25 00:01:10,053,SCN1A6J_019_746_45,0,0.0,15,1.0,0.0,21.23
2026-07-25 00:11:13,053,SCN1A6J_019_746_45,0,0.0,15,1.0,0.0,21.14
2026-07-25 00:21:17,053,SCN1A6J_019_746_45,0,0.0,15,1.0,0.0,21.05
2026-07-25 00:31:19,053,SCN1A6J_019_746_45,0,0.0,15,1.0,0.0,21.0
2026-07-25 00:41:43,053,SCN1A6J_019_746_45,0,0.0,15,1.0,0.0,20.99
2026-07-25 00:51:46,053,SCN1A6J_019_746_45,0,0.0,15,1.0,0.0,20.92
2026-07-25 01:01:49,053,SCN1A6J_019_746_45,0,0.0,15,1.0,0.0,20.9
2026-07-25 01:11:51,053,SCN1A6J_019_746_45,0,0.0,15,1.0,0.0,20.87
2026-07-25 01:21:55,053,SCN1A6J_019_746_45,0,0.0,15,1.0,0.0,20.85
2026-07-25 01:31:58,053,SCN1A6J_019_746_45,0,0.0,15,1.0,0.0,20.84
2026-07-25 01:42:01,053,SCN1A6J_019_746_45,82,0.136,11,0.843,0.0,20.9
2026-07-25 01:52:05,053,SCN1A6J_019_746_45,240,0.399,3,0.333,0.0,21.15
2026-07-25 02:02:06,053,SCN1A6J_019_746_45,45,0.075,13,0.92,0.0,21.14
2026-07-25 02:12:10,053,SCN1A6J_019_746_45,196,0.326,4,0.449,0.0,21.19
2026-07-25 02:22:12,053,SCN1A6J_019_746_45,107,0.178,7,0.724,0.0,21.25
2026-07-25 02:32:14,053,SCN1A6J_019_746_45,90,0.15,10,0.816,0.0,21.35
2026-07-25 02:42:17,053,SCN1A6J_019_746_45,2,0.003,15,0.997,0.0,21.23
2026-07-25 02:52:19,053,SCN1A6J_019_746_45,0,0.0,15,1.0,0.0,21.14
2026-07-25 03:02:21,053,SCN1A6J_019_746_45,0,0.0,15,1.0,0.0,21.06
2026-07-25 03:12:23,053,SCN1A6J_019_746_45,0,0.0,15,1.0,0.0,20.99
2026-07-25 03:22:27,053,SCN1A6J_019_746_45,0,0.0,15,1.0,0.0,20.94
2026-07-25 03:32:30,053,SCN1A6J_019_746_45,0,0.0,15,1.0,0.0,20.9
2026-07-25 03:42:32,053,SCN1A6J_019_746_45,0,0.0,15,1.0,0.0,20.87
2026-07-25 03:52:36,053,SCN1A6J_019_746_45,0,0.0,15,1.0,0.0,20.84
2026-07-25 04:02:39,053,SCN1A6J_019_746_45,0,0.0,15,1.0,0.0,20.83
2026-07-25 04:12:41,053,SCN1A6J_019_746_45,0,0.0,15,1.0,0.0,20.81
2026-07-25 04:22:43,053,SCN1A6J_019_746_45,114,0.19,7,0.711,0.0,20.91
2026-07-25 04:32:46,053,SCN1A6J_019_746_45,154,0.256,6,0.609,0.0,21.06
2026-07-25 04:43:03,053,SCN1A6J_019_746_45,64,0.107,11,0.873,0.0,21.07
2026-07-25 04:53:07,053,SCN1A6J_019_746_45,186,0.309,7,0.601,0.0,21.19
2026-07-25 05:03:11,053,SCN1A6J_019_746_45,131,0.218,9,0.733,0.0,21.18
2026-07-25 05:13:12,053,SCN1A6J_019_746_45,0,0.0,15,1.0,0.0,21.09
2026-07-25 05:23:14,053,SCN1A6J_019_746_45,0,0.0,15,1.0,0.0,21.0
2026-07-25 05:33:17,053,SCN1A6J_019_746_45,0,0.0,15,1.0,0.0,20.94
2026-07-25 05:43:21,053,SCN1A6J_019_746_45,0,0.0,15,1.0,0.0,20.9
2026-07-25 05:53:22,053,SCN1A6J_019_746_45,0,0.0,15,1.0,0.0,20.87
2026-07-25 06:03:24,053,SCN1A6J_019_746_45,0,0.0,15,1.0,0.1224,20.84
2026-07-25 06:13:27,053,SCN1A6J_019_746_45,0,0.0,15,1.0,0.1152,20.81
2026-07-25 06:23:30,053,SCN1A6J_019_746_45,0,0.0,15,1.0,0.1152,20.79
2026-07-25 06:33:32,053,SCN1A6J_019_746_45,0,0.0,15,1.0,0.1332,20.79
2026-07-25 06:43:35,053,SCN1A6J_019_746_45,0,0.0,15,1.0,0.1152,20.78
2026-07-25 06:53:38,053,SCN1A6J_019_746_45,0,0.0,15,1.0,0.1152,20.78
2026-07-25 07:03:41,053,SCN1A6J_019_746_45,18,0.03,14,0.969,0.108,20.8
2026-07-25 07:13:44,053,SCN1A6J_019_746_45,185,0.307,6,0.565,0.108,20.96
2026-07-25 07:23:47,053,SCN1A6J_019_746_45,66,0.11,12,0.879,0.1152,20.96
2026-07-25 07:33:51,053,SCN1A6J_019_746_45,0,0.0,15,1.0,0.1152,20.94
2026-07-25 07:43:54,053,SCN1A6J_019_746_45,0,0.0,15,1.0,0.1188,20.9
2026-07-25 07:53:58,053,SCN1A6J_019_746_45,0,0.0,15,1.0,0.1188,20.89
2026-07-25 08:04:01,053,SCN1A6J_019_746_45,0,0.0,15,1.0,0.1188,20.87
2026-07-25 08:14:04,053,SCN1A6J_019_746_45,0,0.0,15,1.0,0.1188,20.84
2026-07-25 08:24:07,053,SCN1A6J_019_746_45,0,0.0,15,1.0,0.1152,20.84
2026-07-25 08:34:10,053,SCN1A6J_019_746_45,0,0.0,15,1.0,0.1188,20.82
2026-07-25 08:44:25,053,SCN1A6J_019_746_45,0,0.0,15,1.0,0.1152,20.85
2026-07-25 08:54:29,053,SCN1A6J_019_746_45,0,0.0,15,1.0,0.1188,20.83
2026-07-25 09:04:32,053,SCN1A6J_019_746_45,0,0.0,15,1.0,0.1152,20.83
2026-07-25 09:14:35,053,SCN1A6J_019_746_45,0,0.0,15,1.0,0.1152,20.82
2026-07-25 09:24:38,053,SCN1A6J_019_746_45,49,0.082,11,0.9,0.1152,20.88
2026-07-25 09:34:42,053,SCN1A6J_019_746_45,0,0.0,15,1.0,0.1152,20.86
2026-07-25 09:44:44,053,SCN1A6J_019_746_45,0,0.0,15,1.0,0.1152,20.84
2026-07-25 09:54:47,053,SCN1A6J_019_746_45,0,0.0,15,1.0,0.1368,20.82
2026-07-25 10:04:49,053,SCN1A6J_019_746_45,0,0.0,15,1.0,0.1368,20.83
2026-07-25 10:14:51,053,SCN1A6J_019_746_45,0,0.0,15,1.0,0.1152,20.84
2026-07-25 10:24:52,053,SCN1A6J_019_746_45,0,0.0,15,1.0,0.108,20.85
2026-07-25 10:34:56,053,SCN1A6J_019_746_45,0,0.0,15,1.0,0.108,20.86
2026-07-25 10:44:57,053,SCN1A6J_019_746_45,0,0.0,15,1.0,0.1188,20.85
2026-07-25 10:54:59,053,SCN1A6J_019_746_45,0,0.0,15,1.0,0.1152,20.87
2026-07-25 11:05:02,053,SCN1A6J_019_746_45,0,0.0,15,1.0,0.1188,20.86
2026-07-25 11:15:05,053,SCN1A6J_019_746_45,0,0.0,15,1.0,0.1188,20.86
2026-07-25 11:25:08,053,SCN1A6J_019_746_45,0,0.0,15,1.0,0.1188,20.87
2026-07-25 11:35:11,053,SCN1A6J_019_746_45,0,0.0,15,1.0,0.1188,20.87
2026-07-25 11:45:13,053,SCN1A6J_019_746_45,35,0.058,12,0.932,0.1152,20.92
2026-07-25 11:55:15,053,SCN1A6J_019_746_45,0,0.0,15,1.0,0.1152,20.94
2026-07-25 12:05:19,053,SCN1A6J_019_746_45,0,0.0,15,1.0,0.1188,20.95
2026-07-25 12:15:22,053,SCN1A6J_019_746_45,0,0.0,15,1.0,0.1152,20.95
2026-07-25 12:25:25,053,SCN1A6J_019_746_45,0,0.0,15,1.0,0.1152,20.95
2026-07-25 12:35:28,053,SCN1A6J_019_746_45,0,0.0,15,1.0,0.1152,20.95
2026-07-25 12:45:47,053,SCN1A6J_019_746_45,0,0.0,15,1.0,0.1152,20.99
2026-07-25 12:55:49,053,SCN1A6J_019_746_45,0,0.0,15,1.0,0.1152,20.97
2026-07-25 13:05:52,053,SCN1A6J_019_746_45,0,0.0,15,1.0,0.1188,20.97
2026-07-25 13:15:56,053,SCN1A6J_019_746_45,0,0.0,15,1.0,0.1152,20.97
2026-07-25 13:25:58,053,SCN1A6J_019_746_45,0,0.0,15,1.0,0.1152,20.96
2026-07-25 13:36:01,053,SCN1A6J_019_746_45,0,0.0,15,1.0,0.1152,20.97
2026-07-25 13:46:03,053,SCN1A6J_019_746_45,81,0.135,10,0.832,0.108,21.03
2026-07-25 13:56:05,053,SCN1A6J_019_746_45,72,0.12,11,0.859,0.1152,21.14
2026-07-25 14:06:07,053,SCN1A6J_019_746_45,0,0.0,15,1.0,0.1152,21.1
2026-07-25 14:16:11,053,SCN1A6J_019_746_45,0,0.0,15,1.0,0.1152,21.07
2026-07-25 14:26:12,053,SCN1A6J_019_746_45,0,0.0,15,1.0,0.1152,21.04
2026-07-25 14:36:16,053,SCN1A6J_019_746_45,0,0.0,15,1.0,0.1152,21.02
2026-07-25 14:46:19,053,SCN1A6J_019_746_45,0,0.0,15,1.0,0.1152,21.0
2026-07-25 14:56:22,053,SCN1A6J_019_746_45,0,0.0,15,1.0,0.1152,20.98
2026-07-25 15:06:25,053,SCN1A6J_019_746_45,0,0.0,15,1.0,0.1152,20.96
2026-07-25 15:16:28,053,SCN1A6J_019_746_45,134,0.223,7,0.676,0.0648,21.14
2026-07-25 15:26:32,053,SCN1A6J_019_746_45,68,0.113,9,0.841,0.1152,21.17
2026-07-25 15:36:35,053,SCN1A6J_019_746_45,0,0.0,15,1.0,0.1188,21.11
2026-07-25 15:46:37,053,SCN1A6J_019_746_45,0,0.0,15,1.0,0.1152,21.07
2026-07-25 15:56:39,053,SCN1A6J_019_746_45,0,0.0,15,1.0,0.1188,21.03
2026-07-25 16:06:42,053,SCN1A6J_019_746_45,0,0.0,15,1.0,0.1188,21.0
2026-07-25 16:16:43,053,SCN1A6J_019_746_45,82,0.137,10,0.83,0.1008,21.06
2026-07-25 16:26:46,053,SCN1A6J_019_746_45,184,0.306,1,0.179,0.1152,21.18
2026-07-25 16:36:50,053,SCN1A6J_019_746_45,1,0.002,15,0.998,0.1152,21.17
2026-07-25 16:47:15,053,SCN1A6J_019_746_45,0,0.0,15,1.0,0.1116,21.19
2026-07-25 16:57:18,053,SCN1A6J_019_746_45,53,0.088,10,0.883,0.1152,21.19
2026-07-25 17:07:21,053,SCN1A6J_019_746_45,0,0.0,15,1.0,0.1188,21.14
2026-07-25 17:17:25,053,SCN1A6J_019_746_45,0,0.0,15,1.0,0.108,21.12
2026-07-25 17:27:28,053,SCN1A6J_019_746_45,74,0.123,10,0.844,0.108,21.15
2026-07-25 17:37:32,053,SCN1A6J_019_746_45,39,0.065,13,0.93,0.108,21.15
2026-07-25 17:47:33,053,SCN1A6J_019_746_45,16,0.027,14,0.972,0.108,21.14
2026-07-25 17:57:37,053,SCN1A6J_019_746_45,131,0.218,8,0.71,0.0864,21.26
2026-07-25 18:07:40,053,SCN1A6J_019_746_45,146,0.243,5,0.578,0.0,21.31
2026-07-25 18:17:43,053,SCN1A6J_019_746_45,232,0.385,0,0.0,0.0,21.54
2026-07-25 18:27:46,053,SCN1A6J_019_746_45,200,0.332,4,0.444,0.0,21.63
2026-07-25 18:37:48,053,SCN1A6J_019_746_45,160,0.267,5,0.556,0.0,21.63
2026-07-25 18:47:50,053,SCN1A6J_019_746_45,192,0.32,3,0.385,0.0,21.65
2026-07-25 18:57:53,053,SCN1A6J_019_746_45,238,0.396,1,0.144,0.0,21.68
2026-07-25 19:07:56,053,SCN1A6J_019_746_45,206,0.342,3,0.368,0.0,21.61
2026-07-25 19:18:00,053,SCN1A6J_019_746_45,226,0.376,2,0.261,0.0,21.64
2026-07-25 19:28:02,053,SCN1A6J_019_746_45,223,0.372,5,0.473,0.0,21.66
2026-07-25 19:38:04,053,SCN1A6J_019_746_45,223,0.372,2,0.264,0.0,21.65
2026-07-25 19:48:06,053,SCN1A6J_019_746_45,68,0.113,10,0.855,0.0,21.57
2026-07-25 19:58:08,053,SCN1A6J_019_746_45,189,0.315,3,0.388,0.0,21.61
2026-07-25 20:08:09,053,SCN1A6J_019_746_45,200,0.333,5,0.5,0.0,21.63
2026-07-25 20:18:13,053,SCN1A6J_019_746_45,118,0.196,6,0.67,0.0,21.57
2026-07-25 20:28:15,053,SCN1A6J_019_746_45,107,0.178,7,0.724,0.0,21.53
2026-07-25 20:38:18,053,SCN1A6J_019_746_45,168,0.28,5,0.543,0.0,21.53
2026-07-25 20:48:44,053,SCN1A6J_019_746_45,165,0.275,5,0.548,0.0,21.58
2026-07-25 20:58:47,053,SCN1A6J_019_746_45,261,0.434,2,0.235,0.0,21.71
2026-07-25 21:08:49,053,SCN1A6J_019_746_45,142,0.237,9,0.717,0.0,21.63
2026-07-25 21:18:52,053,SCN1A6J_019_746_45,146,0.243,7,0.657,0.0,21.56
2026-07-25 21:28:54,053,SCN1A6J_019_746_45,90,0.15,9,0.8,0.0,21.58
2026-07-25 21:38:56,053,SCN1A6J_019_746_45,97,0.162,7,0.743,0.0,21.52
2026-07-25 21:48:59,053,SCN1A6J_019_746_45,129,0.214,5,0.608,0.0,21.49
2026-07-25 21:59:01,053,SCN1A6J_019_746_45,168,0.28,6,0.588,0.0,21.48
2026-07-25 22:09:04,053,SCN1A6J_019_746_45,100,0.166,9,0.783,0.0,21.52
2026-07-25 22:19:06,053,SCN1A6J_019_746_45,47,0.078,11,0.903,0.0,21.43
2026-07-25 22:29:10,053,SCN1A6J_019_746_45,0,0.0,15,1.0,0.0,21.3
2026-07-25 22:39:12,053,SCN1A6J_019_746_45,0,0.0,15,1.0,0.0,21.2
2026-07-25 22:49:13,053,SCN1A6J_019_746_45,0,0.0,15,1.0,0.0,21.14
2026-07-25 22:59:15,053,SCN1A6J_019_746_45,0,0.0,15,1.0,0.0,21.08
2026-07-25 23:09:19,053,SCN1A6J_019_746_45,0,0.0,15,1.0,0.0,21.03
2026-07-25 23:19:21,053,SCN1A6J_019_746_45,0,0.0,15,1.0,0.0,21.0
2026-07-25 23:29:24,053,SCN1A6J_019_746_45,0,0.0,15,1.0,0.0,20.99
2026-07-25 23:39:26,053,SCN1A6J_019_746_45,0,0.0,15,1.0,0.0,20.96
2026-07-25 23:49:29,053,SCN1A6J_019_746_45,117,0.194,9,0.755,0.0,21.1
2026-07-25 23:59:32,053,SCN1A6J_019_746_45,184,0.306,4,0.465,0.0,21.31
2026-07-26 00:09:37,053,SCN1A6J_019_746_45,113,0.188,6,0.68,0.0,21.39
2026-07-26 00:19:39,053,SCN1A6J_019_746_45,131,0.218,5,0.604,0.0,21.45
2026-07-26 00:29:42,053,SCN1A6J_019_746_45,147,0.244,5,0.576,0.0,21.4
2026-07-26 00:39:44,053,SCN1A6J_019_746_45,92,0.154,9,0.796,0.0,21.47
2026-07-26 00:50:24,053,SCN1A6J_019_746_45,63,0.105,12,0.884,0.0,21.48
2026-07-26 01:00:26,053,SCN1A6J_019_746_45,53,0.088,12,0.901,0.0,21.42
2026-07-26 01:10:28,053,SCN1A6J_019_746_45,0,0.0,15,1.0,0.0,21.31
2026-07-26 01:20:30,053,SCN1A6J_019_746_45,0,0.0,15,1.0,0.0,21.19
2026-07-26 01:30:32,053,SCN1A6J_019_746_45,0,0.0,15,1.0,0.0,21.11
2026-07-26 01:40:36,053,SCN1A6J_019_746_45,0,0.0,15,1.0,0.0,21.06
2026-07-26 01:50:39,053,SCN1A6J_019_746_45,0,0.0,15,1.0,0.0,21.02
2026-07-26 02:00:42,053,SCN1A6J_019_746_45,0,0.0,15,1.0,0.0,20.99
2026-07-26 02:10:45,053,SCN1A6J_019_746_45,0,0.0,15,1.0,0.0,20.98
2026-07-26 02:20:48,053,SCN1A6J_019_746_45,0,0.0,15,1.0,0.0,20.96
2026-07-26 02:30:51,053,SCN1A6J_019_746_45,0,0.0,15,1.0,0.0,20.96
2026-07-26 02:40:55,053,SCN1A6J_019_746_45,117,0.195,7,0.705,0.0,21.11
2026-07-26 02:50:58,053,SCN1A6J_019_746_45,243,0.404,3,0.331,0.0,21.35
2026-07-26 03:01:00,053,SCN1A6J_019_746_45,179,0.298,5,0.528,0.0,21.4
2026-07-26 03:11:03,053,SCN1A6J_019_746_45,287,0.477,1,0.122,0.0,21.61
2026-07-26 03:21:07,053,SCN1A6J_019_746_45,27,0.045,12,0.947,0.0,21.44
2026-07-26 03:31:10,053,SCN1A6J_019_746_45,33,0.055,13,0.94,0.0,21.33
2026-07-26 03:41:11,053,SCN1A6J_019_746_45,0,0.0,15,1.0,0.0,21.24
2026-07-26 03:51:13,053,SCN1A6J_019_746_45,0,0.0,15,1.0,0.0,21.16
2026-07-26 04:01:15,053,SCN1A6J_019_746_45,0,0.0,15,1.0,0.0,21.1
2026-07-26 04:11:18,053,SCN1A6J_019_746_45,0,0.0,15,1.0,0.0,21.05
2026-07-26 04:21:21,053,SCN1A6J_019_746_45,0,0.0,15,1.0,0.0,21.0
2026-07-26 04:31:23,053,SCN1A6J_019_746_45,0,0.0,15,1.0,0.0,20.98
2026-07-26 04:41:25,053,SCN1A6J_019_746_45,0,0.0,15,1.0,0.0,20.95
2026-07-26 04:51:45,053,SCN1A6J_019_746_45,0,0.0,15,1.0,0.0,20.98
2026-07-26 05:01:48,053,SCN1A6J_019_746_45,222,0.369,4,0.419,0.0,21.16
2026-07-26 05:11:52,053,SCN1A6J_019_746_45,139,0.231,6,0.633,0.0,21.21
2026-07-26 05:21:54,053,SCN1A6J_019_746_45,133,0.222,6,0.643,0.0,21.24
2026-07-26 05:31:57,053,SCN1A6J_019_746_45,38,0.063,13,0.932,0.0,21.2
2026-07-26 05:42:00,053,SCN1A6J_019_746_45,0,0.0,15,1.0,0.0,21.13
2026-07-26 05:52:02,053,SCN1A6J_019_746_45,0,0.0,15,1.0,0.0,21.05
2026-07-26 06:02:05,053,SCN1A6J_019_746_45,0,0.0,15,1.0,0.126,21.02
2026-07-26 06:12:08,053,SCN1A6J_019_746_45,0,0.0,15,1.0,0.1152,20.99
2026-07-26 06:22:12,053,SCN1A6J_019_746_45,0,0.0,15,1.0,0.1152,20.97
2026-07-26 06:32:15,053,SCN1A6J_019_746_45,0,0.0,15,1.0,0.1152,20.96
2026-07-26 06:42:18,053,SCN1A6J_019_746_45,0,0.0,15,1.0,0.1152,20.96
2026-07-26 06:52:21,053,SCN1A6J_019_746_45,0,0.0,15,1.0,0.1152,20.96
2026-07-26 07:02:23,053,SCN1A6J_019_746_45,0,0.0,15,1.0,0.1152,20.96
2026-07-26 07:12:25,053,SCN1A6J_019_746_45,0,0.0,15,1.0,0.1152,20.94
2026-07-26 07:22:29,053,SCN1A6J_019_746_45,118,0.196,8,0.731,0.1152,21.13
2026-07-26 07:32:32,053,SCN1A6J_019_746_45,16,0.027,13,0.97,0.1152,21.1
2026-07-26 07:42:34,053,SCN1A6J_019_746_45,0,0.0,15,1.0,0.1152,21.08
2026-07-26 07:52:36,053,SCN1A6J_019_746_45,0,0.0,15,1.0,0.1152,21.06
2026-07-26 08:02:39,053,SCN1A6J_019_746_45,0,0.0,15,1.0,0.1152,21.04
2026-07-26 08:12:42,053,SCN1A6J_019_746_45,0,0.0,15,1.0,0.1152,21.01
2026-07-26 08:22:46,053,SCN1A6J_019_746_45,0,0.0,15,1.0,0.1152,21.01
2026-07-26 08:32:48,053,SCN1A6J_019_746_45,0,0.0,15,1.0,0.1152,21.03
2026-07-26 08:42:50,053,SCN1A6J_019_746_45,0,0.0,15,1.0,0.1152,21.03
2026-07-26 08:53:15,053,SCN1A6J_019_746_45,0,0.0,15,1.0,0.1152,21.09
2026-07-26 09:03:16,053,SCN1A6J_019_746_45,0,0.0,15,1.0,0.1152,21.08
2026-07-26 09:13:18,053,SCN1A6J_019_746_45,0,0.0,15,1.0,0.1152,21.07
2026-07-26 09:23:22,053,SCN1A6J_019_746_45,0,0.0,15,1.0,0.144,21.06
2026-07-26 09:33:24,053,SCN1A6J_019_746_45,21,0.035,13,0.961,0.36,21.13
2026-07-26 09:43:27,053,SCN1A6J_019_746_45,5,0.008,14,0.991,0.3672,21.2
2026-07-26 09:53:30,053,SCN1A6J_019_746_45,30,0.05,12,0.941,0.1296,21.39
2026-07-26 10:03:33,053,SCN1A6J_019_746_45,98,0.163,5,0.671,0.1404,21.5
2026-07-26 10:13:37,053,SCN1A6J_019_746_45,16,0.027,14,0.972,0.108,21.44
2026-07-26 10:23:38,053,SCN1A6J_019_746_45,0,0.0,15,1.0,0.1152,21.35
2026-07-26 10:33:42,053,SCN1A6J_019_746_45,0,0.0,15,1.0,0.1152,21.26
2026-07-26 10:43:45,053,SCN1A6J_019_746_45,0,0.0,15,1.0,0.1152,21.21
2026-07-26 10:53:47,053,SCN1A6J_019_746_45,0,0.0,15,1.0,0.1188,21.17
2026-07-26 11:03:50,053,SCN1A6J_019_746_45,0,0.0,15,1.0,0.1152,21.11
2026-07-26 11:13:54,053,SCN1A6J_019_746_45,0,0.0,15,1.0,0.1188,21.07
2026-07-26 11:23:57,053,SCN1A6J_019_746_45,0,0.0,15,1.0,0.1188,21.06
2026-07-26 11:34:00,053,SCN1A6J_019_746_45,0,0.0,15,1.0,0.1152,21.04
2026-07-26 11:44:03,053,SCN1A6J_019_746_45,0,0.0,15,1.0,0.1188,21.03
2026-07-26 11:54:06,053,SCN1A6J_019_746_45,0,0.0,15,1.0,0.108,21.01
2026-07-26 12:04:08,053,SCN1A6J_019_746_45,28,0.047,14,0.952,0.1116,21.03
2026-07-26 12:14:11,053,SCN1A6J_019_746_45,41,0.068,13,0.927,0.108,21.09
2026-07-26 12:24:15,053,SCN1A6J_019_746_45,0,0.0,15,1.0,0.1188,21.06
2026-07-26 12:34:19,053,SCN1A6J_019_746_45,0,0.0,15,1.0,0.108,21.05
2026-07-26 12:44:22,053,SCN1A6J_019_746_45,0,0.0,15,1.0,0.108,21.03
2026-07-26 12:54:39,053,SCN1A6J_019_746_45,0,0.0,15,1.0,0.1188,21.05
2026-07-26 13:04:43,053,SCN1A6J_019_746_45,0,0.0,15,1.0,0.1188,21.01
2026-07-26 13:14:45,053,SCN1A6J_019_746_45,0,0.0,15,1.0,0.108,20.96
2026-07-26 13:24:48,053,SCN1A6J_019_746_45,0,0.0,15,1.0,0.1476,20.96
2026-07-26 13:34:49,053,SCN1A6J_019_746_45,0,0.0,15,1.0,0.1368,20.96
2026-07-26 13:44:53,053,SCN1A6J_019_746_45,0,0.0,15,1.0,0.1368,20.96
2026-07-26 13:54:55,053,SCN1A6J_019_746_45,0,0.0,15,1.0,0.108,20.98
2026-07-26 14:04:58,053,SCN1A6J_019_746_45,99,0.165,8,0.764,0.1188,21.08
2026-07-26 14:15:01,053,SCN1A6J_019_746_45,13,0.022,13,0.976,0.1188,21.06
2026-07-26 14:25:05,053,SCN1A6J_019_746_45,0,0.0,15,1.0,0.1656,21.04
2026-07-26 14:35:07,053,SCN1A6J_019_746_45,0,0.0,15,1.0,0.1656,21.02
2026-07-26 14:45:10,053,SCN1A6J_019_746_45,0,0.0,15,1.0,0.1656,21.0
2026-07-26 14:55:12,053,SCN1A6J_019_746_45,0,0.0,15,1.0,0.1656,20.98
2026-07-26 15:05:14,053,SCN1A6J_019_746_45,0,0.0,15,1.0,0.1656,20.96
2026-07-26 15:15:15,053,SCN1A6J_019_746_45,66,0.11,11,0.87,0.1512,21.02
2026-07-26 15:25:18,053,SCN1A6J_019_746_45,220,0.365,1,0.154,0.1692,21.17
2026-07-26 15:35:22,053,SCN1A6J_019_746_45,100,0.166,7,0.737,0.1656,21.19
2026-07-26 15:45:25,053,SCN1A6J_019_746_45,0,0.0,15,1.0,0.1656,21.13
2026-07-26 15:55:26,053,SCN1A6J_019_746_45,0,0.0,15,1.0,0.1764,21.05
2026-07-26 16:05:28,053,SCN1A6J_019_746_45,0,0.0,15,1.0,0.1764,21.0
2026-07-26 16:15:30,053,SCN1A6J_019_746_45,0,0.0,15,1.0,0.1656,20.95
2026-07-26 16:25:32,053,SCN1A6J_019_746_45,0,0.0,15,1.0,0.1656,20.91
2026-07-26 16:35:35,053,SCN1A6J_019_746_45,63,0.105,11,0.875,0.1656,20.96
2026-07-26 16:45:38,053,SCN1A6J_019_746_45,69,0.115,9,0.839,0.1368,21.02
2026-07-26 16:56:09,053,SCN1A6J_019_746_45,0,0.0,15,1.0,0.1404,21.05
2026-07-26 17:06:12,053,SCN1A6J_019_746_45,0,0.0,15,1.0,0.1368,21.01
2026-07-26 17:16:15,053,SCN1A6J_019_746_45,0,0.0,15,1.0,0.1404,20.96
2026-07-26 17:26:16,053,SCN1A6J_019_746_45,63,0.105,11,0.875,0.1368,21.02
2026-07-26 17:36:19,053,SCN1A6J_019_746_45,0,0.0,15,1.0,0.1224,20.99
2026-07-26 17:46:23,053,SCN1A6J_019_746_45,225,0.374,3,0.348,0.1368,21.12
2026-07-26 17:56:25,053,SCN1A6J_019_746_45,61,0.101,8,0.84,0.1368,21.13
2026-07-26 18:06:28,053,SCN1A6J_019_746_45,0,0.0,15,1.0,0.0,21.04
2026-07-26 18:16:31,053,SCN1A6J_019_746_45,10,0.017,15,0.984,0.0,20.99
2026-07-26 18:26:34,053,SCN1A6J_019_746_45,224,0.372,2,0.263,0.0,21.12
2026-07-26 18:36:38,053,SCN1A6J_019_746_45,248,0.413,1,0.139,0.0,21.24
2026-07-26 18:46:41,053,SCN1A6J_019_746_45,141,0.234,5,0.587,0.0,21.26
2026-07-26 18:56:45,053,SCN1A6J_019_746_45,184,0.306,4,0.465,0.0,21.31
2026-07-26 19:06:48,053,SCN1A6J_019_746_45,251,0.418,1,0.137,0.0,21.37
2026-07-26 19:16:49,053,SCN1A6J_019_746_45,323,0.538,1,0.11,0.0,21.42
2026-07-26 19:26:52,053,SCN1A6J_019_746_45,140,0.233,7,0.667,0.0,21.43
2026-07-26 19:36:54,053,SCN1A6J_019_746_45,254,0.423,0,0.0,0.0,21.42
2026-07-26 19:46:58,053,SCN1A6J_019_746_45,267,0.444,2,0.231,0.0,21.42
2026-07-26 19:57:00,053,SCN1A6J_019_746_45,245,0.408,1,0.14,0.0,21.51
2026-07-26 20:07:03,053,SCN1A6J_019_746_45,159,0.265,7,0.638,0.0,21.43
2026-07-26 20:17:04,053,SCN1A6J_019_746_45,295,0.492,1,0.119,0.0,21.43
2026-07-26 20:27:06,053,SCN1A6J_019_746_45,289,0.482,3,0.293,0.0,21.45
2026-07-26 20:37:09,053,SCN1A6J_019_746_45,245,0.407,2,0.246,0.0,21.5
2026-07-26 20:47:11,053,SCN1A6J_019_746_45,243,0.405,2,0.248,0.0,21.51
2026-07-26 20:57:37,053,SCN1A6J_019_746_45,251,0.419,0,0.0,0.0,21.71
2026-07-26 21:07:40,053,SCN1A6J_019_746_45,325,0.541,3,0.27,0.0,21.68
2026-07-26 21:17:42,053,SCN1A6J_019_746_45,327,0.545,0,0.0,0.0,21.62
2026-07-26 21:27:45,053,SCN1A6J_019_746_45,170,0.283,7,0.622,0.0,21.56
2026-07-26 21:37:47,053,SCN1A6J_019_746_45,313,0.523,1,0.113,0.0,21.66
2026-07-26 21:47:50,053,SCN1A6J_019_746_45,250,0.415,1,0.138,0.0,21.62
2026-07-26 21:57:54,053,SCN1A6J_019_746_45,309,0.514,0,0.0,0.0,21.7
2026-07-26 22:07:57,053,SCN1A6J_019_746_45,169,0.281,5,0.542,0.0,21.62
2026-07-26 22:18:00,053,SCN1A6J_019_746_45,299,0.498,1,0.118,0.0,21.57
2026-07-26 22:28:02,053,SCN1A6J_019_746_45,215,0.358,1,0.157,0.0,21.51
2026-07-26 22:38:06,053,SCN1A6J_019_746_45,248,0.413,4,0.392,0.0,21.56
2026-07-26 22:48:08,053,SCN1A6J_019_746_45,130,0.217,7,0.683,0.0,21.47
2026-07-26 22:58:11,053,SCN1A6J_019_746_45,224,0.372,3,0.349,0.0,21.45
2026-07-26 23:08:15,053,SCN1A6J_019_746_45,247,0.411,1,0.139,0.0,21.52
2026-07-26 23:18:18,053,SCN1A6J_019_746_45,178,0.296,3,0.403,0.0,21.46
2026-07-26 23:28:21,053,SCN1A6J_019_746_45,121,0.201,7,0.698,0.0,21.42
2026-07-26 23:38:23,053,SCN1A6J_019_746_45,353,0.588,0,0.0,0.0,21.53
2026-07-26 23:48:26,053,SCN1A6J_019_746_45,184,0.306,6,0.566,0.0,21.54
2026-07-26 23:58:29,053,SCN1A6J_019_746_45,133,0.221,8,0.706,0.0,21.43
2026-07-25 00:06:08,018,SCN1A6J_019_746_47,119,0.198,5,0.627,0.0,22.44
2026-07-25 00:16:11,018,SCN1A6J_019_746_47,140,0.233,7,0.667,0.0,22.28
2026-07-25 00:26:14,018,SCN1A6J_019_746_47,230,0.382,2,0.258,0.0,22.32
2026-07-25 00:36:33,018,SCN1A6J_019_746_47,75,0.125,11,0.854,0.0,22.27
2026-07-25 00:46:36,018,SCN1A6J_019_746_47,233,0.387,5,0.462,0.0,22.22
2026-07-25 00:56:39,018,SCN1A6J_019_746_47,219,0.364,3,0.354,0.0,22.25
2026-07-25 01:06:41,018,SCN1A6J_019_746_47,86,0.143,9,0.807,0.0,22.13
2026-07-25 01:16:45,018,SCN1A6J_019_746_47,114,0.19,8,0.737,0.0,21.94
2026-07-25 01:26:48,018,SCN1A6J_019_746_47,187,0.311,6,0.562,0.0,22.01
2026-07-25 01:36:51,018,SCN1A6J_019_746_47,154,0.256,6,0.609,0.0,22.19
2026-07-25 01:46:54,018,SCN1A6J_019_746_47,0,0.0,15,1.0,0.0,21.96
2026-07-25 01:56:57,018,SCN1A6J_019_746_47,0,0.0,15,1.0,0.0,21.74
2026-07-25 02:06:59,018,SCN1A6J_019_746_47,0,0.0,15,1.0,0.0,21.58
2026-07-25 02:17:02,018,SCN1A6J_019_746_47,0,0.0,15,1.0,0.0,21.44
2026-07-25 02:27:04,018,SCN1A6J_019_746_47,0,0.0,15,1.0,0.0,21.33
2026-07-25 02:37:07,018,SCN1A6J_019_746_47,0,0.0,15,1.0,0.0,21.26
2026-07-25 02:47:10,018,SCN1A6J_019_746_47,184,0.306,8,0.635,0.0,21.42
2026-07-25 02:57:13,018,SCN1A6J_019_746_47,296,0.493,0,0.0,0.0,21.64
2026-07-25 03:07:16,018,SCN1A6J_019_746_47,107,0.178,9,0.771,0.0,21.81
2026-07-25 03:17:19,018,SCN1A6J_019_746_47,68,0.113,11,0.866,0.0,21.68
2026-07-25 03:27:22,018,SCN1A6J_019_746_47,0,0.0,15,1.0,0.0,21.51
2026-07-25 03:37:25,018,SCN1A6J_019_746_47,117,0.195,9,0.755,0.0,21.51
2026-07-25 03:47:28,018,SCN1A6J_019_746_47,84,0.14,11,0.84,0.0,21.51
2026-07-25 03:57:31,018,SCN1A6J_019_746_47,64,0.106,11,0.873,0.0,21.49
2026-07-25 04:07:34,018,SCN1A6J_019_746_47,0,0.0,15,1.0,0.0,21.38
2026-07-25 04:17:37,018,SCN1A6J_019_746_47,0,0.0,15,1.0,0.0,21.28
2026-07-25 04:27:39,018,SCN1A6J_019_746_47,0,0.0,15,1.0,0.0,21.23
2026-07-25 04:38:01,018,SCN1A6J_019_746_47,0,0.0,15,1.0,0.0,21.21
2026-07-25 04:48:04,018,SCN1A6J_019_746_47,240,0.399,5,0.455,0.0,21.44
2026-07-25 04:58:08,018,SCN1A6J_019_746_47,21,0.035,13,0.961,0.0,21.43
2026-07-25 05:08:11,018,SCN1A6J_019_746_47,169,0.281,6,0.587,0.0,21.54
2026-07-25 05:18:14,018,SCN1A6J_019_746_47,140,0.233,7,0.667,0.0,21.67
2026-07-25 05:28:17,018,SCN1A6J_019_746_47,15,0.025,13,0.972,0.0,21.5
2026-07-25 05:38:20,018,SCN1A6J_019_746_47,0,0.0,15,1.0,0.0,21.37
2026-07-25 05:48:23,018,SCN1A6J_019_746_47,0,0.0,15,1.0,0.0,21.29
2026-07-25 05:58:26,018,SCN1A6J_019_746_47,0,0.0,15,1.0,0.0,21.21
2026-07-25 06:08:28,018,SCN1A6J_019_746_47,0,0.0,15,1.0,1.7064,21.17
2026-07-25 06:18:31,018,SCN1A6J_019_746_47,0,0.0,15,1.0,1.692,21.14
2026-07-25 06:28:34,018,SCN1A6J_019_746_47,0,0.0,15,1.0,1.6848,21.13
2026-07-25 06:38:37,018,SCN1A6J_019_746_47,0,0.0,15,1.0,1.6848,21.13
2026-07-25 06:48:40,018,SCN1A6J_019_746_47,0,0.0,15,1.0,1.6776,21.12
2026-07-25 06:58:43,018,SCN1A6J_019_746_47,0,0.0,15,1.0,1.6776,21.11
2026-07-25 07:08:45,018,SCN1A6J_019_746_47,0,0.0,15,1.0,1.6848,21.11
2026-07-25 07:18:49,018,SCN1A6J_019_746_47,0,0.0,15,1.0,1.6776,21.1
2026-07-25 07:28:51,018,SCN1A6J_019_746_47,37,0.062,12,0.928,1.692,21.13
2026-07-25 07:38:55,018,SCN1A6J_019_746_47,0,0.0,15,1.0,1.692,21.12
2026-07-25 07:48:58,018,SCN1A6J_019_746_47,0,0.0,15,1.0,1.692,21.13
2026-07-25 07:59:01,018,SCN1A6J_019_746_47,0,0.0,15,1.0,1.7028,21.13
2026-07-25 08:09:04,018,SCN1A6J_019_746_47,0,0.0,15,1.0,1.71,21.13
2026-07-25 08:19:07,018,SCN1A6J_019_746_47,0,0.0,15,1.0,1.6848,21.13
2026-07-25 08:29:10,018,SCN1A6J_019_746_47,0,0.0,15,1.0,1.6848,21.13
2026-07-25 08:39:29,018,SCN1A6J_019_746_47,0,0.0,15,1.0,1.6884,21.17
2026-07-25 08:49:32,018,SCN1A6J_019_746_47,0,0.0,15,1.0,1.6848,21.16
2026-07-25 08:59:35,018,SCN1A6J_019_746_47,0,0.0,15,1.0,1.6848,21.15
2026-07-25 09:09:37,018,SCN1A6J_019_746_47,0,0.0,15,1.0,1.6848,21.15
2026-07-25 09:19:40,018,SCN1A6J_019_746_47,0,0.0,15,1.0,1.6956,21.14
2026-07-25 09:29:44,018,SCN1A6J_019_746_47,0,0.0,15,1.0,1.6956,21.13
2026-07-25 09:39:46,018,SCN1A6J_019_746_47,81,0.135,10,0.832,1.5192,21.21
2026-07-25 09:49:49,018,SCN1A6J_019_746_47,89,0.148,10,0.818,1.7604,21.3
2026-07-25 09:59:52,018,SCN1A6J_019_746_47,125,0.208,7,0.691,1.6416,21.4
2026-07-25 10:09:55,018,SCN1A6J_019_746_47,7,0.012,14,0.988,1.6776,21.4
2026-07-25 10:19:58,018,SCN1A6J_019_746_47,0,0.0,15,1.0,1.6848,21.32
2026-07-25 10:30:00,018,SCN1A6J_019_746_47,0,0.0,15,1.0,1.692,21.26
2026-07-25 10:40:03,018,SCN1A6J_019_746_47,0,0.0,15,1.0,1.6848,21.21
2026-07-25 10:50:06,018,SCN1A6J_019_746_47,0,0.0,15,1.0,1.6848,21.18
2026-07-25 11:00:09,018,SCN1A6J_019_746_47,0,0.0,15,1.0,1.6848,21.15
2026-07-25 11:10:12,018,SCN1A6J_019_746_47,0,0.0,15,1.0,1.6956,21.13
2026-07-25 11:20:15,018,SCN1A6J_019_746_47,0,0.0,15,1.0,1.6848,21.13
2026-07-25 11:30:18,018,SCN1A6J_019_746_47,0,0.0,15,1.0,1.6992,21.12
2026-07-25 11:40:21,018,SCN1A6J_019_746_47,0,0.0,15,1.0,1.692,21.12
2026-07-25 11:50:24,018,SCN1A6J_019_746_47,0,0.0,15,1.0,1.692,21.12
2026-07-25 12:00:27,018,SCN1A6J_019_746_47,0,0.0,15,1.0,1.692,21.11
2026-07-25 12:10:30,018,SCN1A6J_019_746_47,0,0.0,15,1.0,1.692,21.11
2026-07-25 12:20:33,018,SCN1A6J_019_746_47,0,0.0,15,1.0,1.692,21.11
2026-07-25 12:30:36,018,SCN1A6J_019_746_47,0,0.0,15,1.0,1.692,21.12
2026-07-25 12:41:00,018,SCN1A6J_019_746_47,0,0.0,15,1.0,1.692,21.18
2026-07-25 12:51:03,018,SCN1A6J_019_746_47,0,0.0,15,1.0,1.6956,21.16
2026-07-25 13:01:06,018,SCN1A6J_019_746_47,0,0.0,15,1.0,1.7028,21.16
2026-07-25 13:11:08,018,SCN1A6J_019_746_47,0,0.0,15,1.0,1.692,21.14
2026-07-25 13:21:11,018,SCN1A6J_019_746_47,0,0.0,15,1.0,1.7028,21.14
2026-07-25 13:31:15,018,SCN1A6J_019_746_47,156,0.259,8,0.672,1.6632,21.26
2026-07-25 13:41:18,018,SCN1A6J_019_746_47,19,0.032,13,0.965,1.6956,21.28
2026-07-25 13:51:21,018,SCN1A6J_019_746_47,43,0.072,13,0.924,1.656,21.31
2026-07-25 14:01:23,018,SCN1A6J_019_746_47,0,0.0,15,1.0,1.6128,21.27
2026-07-25 14:11:26,018,SCN1A6J_019_746_47,0,0.0,15,1.0,1.6056,21.25
2026-07-25 14:21:29,018,SCN1A6J_019_746_47,0,0.0,15,1.0,1.62,21.23
2026-07-25 14:31:32,018,SCN1A6J_019_746_47,0,0.0,15,1.0,1.6236,21.21
2026-07-25 14:41:35,018,SCN1A6J_019_746_47,0,0.0,15,1.0,1.62,21.2
2026-07-25 14:51:38,018,SCN1A6J_019_746_47,0,0.0,15,1.0,1.6056,21.18
2026-07-25 15:01:42,018,SCN1A6J_019_746_47,0,0.0,15,1.0,1.6128,21.17
2026-07-25 15:11:45,018,SCN1A6J_019_746_47,0,0.0,15,1.0,1.6128,21.18
2026-07-25 15:21:47,018,SCN1A6J_019_746_47,0,0.0,15,1.0,1.62,21.18
2026-07-25 15:31:50,018,SCN1A6J_019_746_47,0,0.0,15,1.0,1.6236,21.17
2026-07-25 15:41:52,018,SCN1A6J_019_746_47,0,0.0,15,1.0,1.6236,21.16
2026-07-25 15:51:56,018,SCN1A6J_019_746_47,0,0.0,15,1.0,1.6128,21.17
2026-07-25 16:01:59,018,SCN1A6J_019_746_47,60,0.1,10,0.87,1.5912,21.23
2026-07-25 16:12:02,018,SCN1A6J_019_746_47,153,0.255,6,0.611,1.6344,21.54
2026-07-25 16:22:05,018,SCN1A6J_019_746_47,50,0.083,12,0.906,1.6884,21.56
2026-07-25 16:32:08,018,SCN1A6J_019_746_47,0,0.0,15,1.0,1.6848,21.45
2026-07-25 16:42:26,018,SCN1A6J_019_746_47,0,0.0,15,1.0,1.6884,21.41
2026-07-25 16:52:29,018,SCN1A6J_019_746_47,0,0.0,15,1.0,1.692,21.33
2026-07-25 17:02:32,018,SCN1A6J_019_746_47,0,0.0,15,1.0,1.6848,21.29
2026-07-25 17:12:34,018,SCN1A6J_019_746_47,0,0.0,15,1.0,1.692,21.26
2026-07-25 17:22:37,018,SCN1A6J_019_746_47,0,0.0,15,1.0,1.7028,21.24
2026-07-25 17:32:40,018,SCN1A6J_019_746_47,88,0.146,9,0.804,1.7064,21.33
2026-07-25 17:42:43,018,SCN1A6J_019_746_47,3,0.005,15,0.995,1.6452,21.31
2026-07-25 17:52:45,018,SCN1A6J_019_746_47,16,0.027,14,0.972,1.6992,21.3
2026-07-25 18:02:49,018,SCN1A6J_019_746_47,0,0.0,15,1.0,0.0,21.27
2026-07-25 18:12:51,018,SCN1A6J_019_746_47,303,0.504,2,0.209,0.0,21.38
2026-07-25 18:22:54,018,SCN1A6J_019_746_47,219,0.364,3,0.354,0.0,21.54
2026-07-25 18:32:57,018,SCN1A6J_019_746_47,141,0.235,7,0.665,0.0,21.65
2026-07-25 18:43:01,018,SCN1A6J_019_746_47,121,0.201,7,0.698,0.0,21.68
2026-07-25 18:53:04,018,SCN1A6J_019_746_47,251,0.418,4,0.389,0.0,21.78
2026-07-25 19:03:06,018,SCN1A6J_019_746_47,169,0.281,6,0.587,0.0,21.94
2026-07-25 19:13:09,018,SCN1A6J_019_746_47,264,0.439,4,0.377,0.0,21.94
2026-07-25 19:23:12,018,SCN1A6J_019_746_47,232,0.386,4,0.408,0.0,21.84
2026-07-25 19:33:15,018,SCN1A6J_019_746_47,35,0.058,14,0.941,0.0,21.69
2026-07-25 19:43:18,018,SCN1A6J_019_746_47,0,0.0,15,1.0,0.0,21.53
2026-07-25 19:53:21,018,SCN1A6J_019_746_47,0,0.0,15,1.0,0.0,21.41
2026-07-25 20:03:24,018,SCN1A6J_019_746_47,0,0.0,15,1.0,0.0,21.31
2026-07-25 20:13:27,018,SCN1A6J_019_746_47,0,0.0,15,1.0,0.0,21.24
2026-07-25 20:23:29,018,SCN1A6J_019_746_47,102,0.17,10,0.797,0.0,21.31
2026-07-25 20:33:32,018,SCN1A6J_019_746_47,126,0.21,8,0.717,0.0,21.4
2026-07-25 20:43:54,018,SCN1A6J_019_746_47,213,0.356,3,0.36,0.0,21.66
2026-07-25 20:53:57,018,SCN1A6J_019_746_47,66,0.11,10,0.858,0.0,21.63
2026-07-25 21:04:00,018,SCN1A6J_019_746_47,107,0.178,6,0.692,0.0,21.73
2026-07-25 21:14:02,018,SCN1A6J_019_746_47,51,0.085,12,0.904,0.0,21.72
2026-07-25 21:24:05,018,SCN1A6J_019_746_47,150,0.25,7,0.651,0.0,21.72
2026-07-25 21:34:08,018,SCN1A6J_019_746_47,82,0.136,10,0.83,0.0,21.67
2026-07-25 21:44:10,018,SCN1A6J_019_746_47,23,0.038,13,0.958,0.0,21.61
2026-07-25 21:54:13,018,SCN1A6J_019_746_47,0,0.0,15,1.0,0.0,21.46
2026-07-25 22:04:17,018,SCN1A6J_019_746_47,0,0.0,15,1.0,0.0,21.34
2026-07-25 22:14:20,018,SCN1A6J_019_746_47,91,0.151,9,0.798,0.0,21.36
2026-07-25 22:24:23,018,SCN1A6J_019_746_47,112,0.186,10,0.781,0.0,21.46
2026-07-25 22:34:26,018,SCN1A6J_019_746_47,70,0.116,11,0.863,0.0,21.44
2026-07-25 22:44:28,018,SCN1A6J_019_746_47,150,0.25,8,0.681,0.0,21.53
2026-07-25 22:54:32,018,SCN1A6J_019_746_47,89,0.148,10,0.818,0.0,21.53
2026-07-25 23:04:34,018,SCN1A6J_019_746_47,189,0.314,6,0.559,0.0,21.59
2026-07-25 23:14:37,018,SCN1A6J_019_746_47,156,0.26,8,0.672,0.0,21.62
2026-07-25 23:24:40,018,SCN1A6J_019_746_47,146,0.243,8,0.687,0.0,21.61
2026-07-25 23:34:44,018,SCN1A6J_019_746_47,77,0.128,10,0.839,0.0,21.56
2026-07-25 23:44:47,018,SCN1A6J_019_746_47,101,0.168,9,0.781,0.0,21.54
2026-07-25 23:54:50,018,SCN1A6J_019_746_47,53,0.088,11,0.892,0.0,21.5
2026-07-26 00:04:52,018,SCN1A6J_019_746_47,0,0.0,15,1.0,0.0,21.4
2026-07-26 00:14:55,018,SCN1A6J_019_746_47,35,0.058,13,0.937,0.0,21.35
2026-07-26 00:24:58,018,SCN1A6J_019_746_47,0,0.0,15,1.0,0.0,21.27
2026-07-26 00:35:01,018,SCN1A6J_019_746_47,54,0.09,11,0.891,0.0,21.29
2026-07-26 00:45:27,018,SCN1A6J_019_746_47,194,0.324,6,0.553,0.0,21.46
2026-07-26 00:55:30,018,SCN1A6J_019_746_47,295,0.49,4,0.352,0.0,21.54
2026-07-26 01:05:33,018,SCN1A6J_019_746_47,175,0.291,6,0.578,0.0,21.61
2026-07-26 01:15:36,018,SCN1A6J_019_746_47,46,0.077,12,0.913,0.0,21.57
2026-07-26 01:25:40,018,SCN1A6J_019_746_47,52,0.087,10,0.885,0.0,21.48
2026-07-26 01:35:43,018,SCN1A6J_019_746_47,86,0.143,10,0.823,0.0,21.46
2026-07-26 01:45:46,018,SCN1A6J_019_746_47,18,0.03,14,0.969,0.0,21.37
2026-07-26 01:55:49,018,SCN1A6J_019_746_47,28,0.047,13,0.949,0.0,21.32
2026-07-26 02:05:52,018,SCN1A6J_019_746_47,0,0.0,15,1.0,0.0,21.24
2026-07-26 02:15:55,018,SCN1A6J_019_746_47,0,0.0,15,1.0,0.0,21.17
2026-07-26 02:25:58,018,SCN1A6J_019_746_47,0,0.0,15,1.0,0.0,21.12
2026-07-26 02:36:01,018,SCN1A6J_019_746_47,7,0.012,14,0.988,0.0,21.11
2026-07-26 02:46:04,018,SCN1A6J_019_746_47,290,0.483,3,0.293,0.0,21.25
2026-07-26 02:56:07,018,SCN1A6J_019_746_47,178,0.296,8,0.643,0.0,21.33
2026-07-26 03:06:10,018,SCN1A6J_019_746_47,194,0.323,7,0.591,0.0,21.41
2026-07-26 03:16:13,018,SCN1A6J_019_746_47,72,0.12,10,0.847,0.0,21.38
2026-07-26 03:26:17,018,SCN1A6J_019_746_47,10,0.017,14,0.982,0.0,21.31
2026-07-26 03:36:20,018,SCN1A6J_019_746_47,21,0.035,13,0.961,0.0,21.26
2026-07-26 03:46:23,018,SCN1A6J_019_746_47,0,0.0,15,1.0,0.0,21.2
2026-07-26 03:56:26,018,SCN1A6J_019_746_47,0,0.0,15,1.0,0.0,21.15
2026-07-26 04:06:29,018,SCN1A6J_019_746_47,0,0.0,15,1.0,0.0,21.1
2026-07-26 04:16:32,018,SCN1A6J_019_746_47,0,0.0,15,1.0,0.0,21.06
2026-07-26 04:26:35,018,SCN1A6J_019_746_47,0,0.0,15,1.0,0.0,21.05
2026-07-26 04:36:38,018,SCN1A6J_019_746_47,0,0.0,15,1.0,0.0,21.02
2026-07-26 04:47:00,018,SCN1A6J_019_746_47,178,0.298,7,0.611,0.0,21.23
2026-07-26 04:57:03,018,SCN1A6J_019_746_47,191,0.318,3,0.386,0.0,21.36
2026-07-26 05:07:06,018,SCN1A6J_019_746_47,92,0.153,11,0.827,0.0,21.45
2026-07-26 05:17:09,018,SCN1A6J_019_746_47,123,0.204,9,0.745,0.0,21.41
2026-07-26 05:27:12,018,SCN1A6J_019_746_47,5,0.008,14,0.991,0.0,21.36
2026-07-26 05:37:16,018,SCN1A6J_019_746_47,0,0.0,15,1.0,0.0,21.26
2026-07-26 05:47:19,018,SCN1A6J_019_746_47,0,0.0,15,1.0,0.0,21.17
2026-07-26 05:57:21,018,SCN1A6J_019_746_47,0,0.0,15,1.0,0.0,21.12
2026-07-26 06:07:24,018,SCN1A6J_019_746_47,0,0.0,15,1.0,1.7424,21.08
2026-07-26 06:17:27,018,SCN1A6J_019_746_47,0,0.0,15,1.0,1.7352,21.07
2026-07-26 06:27:29,018,SCN1A6J_019_746_47,0,0.0,15,1.0,1.7388,21.06
2026-07-26 06:37:32,018,SCN1A6J_019_746_47,0,0.0,15,1.0,1.728,21.06
2026-07-26 06:47:35,018,SCN1A6J_019_746_47,0,0.0,15,1.0,1.728,21.06
2026-07-26 06:57:38,018,SCN1A6J_019_746_47,100,0.167,8,0.762,1.7496,21.16
2026-07-26 07:07:41,018,SCN1A6J_019_746_47,102,0.17,9,0.779,1.7496,21.28
2026-07-26 07:17:44,018,SCN1A6J_019_746_47,0,0.0,15,1.0,1.746,21.24
2026-07-26 07:27:47,018,SCN1A6J_019_746_47,0,0.0,15,1.0,1.7496,21.2
2026-07-26 07:37:51,018,SCN1A6J_019_746_47,0,0.0,15,1.0,1.7568,21.17
2026-07-26 07:47:54,018,SCN1A6J_019_746_47,0,0.0,15,1.0,1.7784,21.15
2026-07-26 07:57:57,018,SCN1A6J_019_746_47,0,0.0,15,1.0,1.764,21.13
2026-07-26 08:08:00,018,SCN1A6J_019_746_47,0,0.0,15,1.0,1.7784,21.11
2026-07-26 08:18:03,018,SCN1A6J_019_746_47,0,0.0,15,1.0,1.7784,21.11
2026-07-26 08:28:06,018,SCN1A6J_019_746_47,0,0.0,15,1.0,1.7712,21.11
2026-07-26 08:38:09,018,SCN1A6J_019_746_47,0,0.0,15,1.0,1.7784,21.1
2026-07-26 08:48:30,018,SCN1A6J_019_746_47,0,0.0,15,1.0,1.7784,21.14
2026-07-26 08:58:32,018,SCN1A6J_019_746_47,0,0.0,15,1.0,1.7784,21.12
2026-07-26 09:08:35,018,SCN1A6J_019_746_47,195,0.324,7,0.589,1.6092,21.25
2026-07-26 09:18:38,018,SCN1A6J_019_746_47,37,0.061,12,0.928,1.872,21.3
2026-07-26 09:28:41,018,SCN1A6J_019_746_47,0,0.0,15,1.0,2.0088,21.27
2026-07-26 09:38:44,018,SCN1A6J_019_746_47,0,0.0,15,1.0,2.016,21.23
2026-07-26 09:48:47,018,SCN1A6J_019_746_47,0,0.0,15,1.0,2.0088,21.16
2026-07-26 09:58:49,018,SCN1A6J_019_746_47,0,0.0,15,1.0,1.8972,21.13
2026-07-26 10:08:52,018,SCN1A6J_019_746_47,0,0.0,15,1.0,1.8864,21.11
2026-07-26 10:18:55,018,SCN1A6J_019_746_47,0,0.0,15,1.0,1.8792,21.09
2026-07-26 10:28:58,018,SCN1A6J_019_746_47,0,0.0,15,1.0,1.872,21.09
2026-07-26 10:39:01,018,SCN1A6J_019_746_47,0,0.0,15,1.0,1.872,21.1
2026-07-26 10:49:04,018,SCN1A6J_019_746_47,0,0.0,15,1.0,1.8648,21.1
2026-07-26 10:59:08,018,SCN1A6J_019_746_47,0,0.0,15,1.0,1.8684,21.09
2026-07-26 11:09:11,018,SCN1A6J_019_746_47,0,0.0,15,1.0,1.8648,21.09
2026-07-26 11:19:13,018,SCN1A6J_019_746_47,0,0.0,15,1.0,1.872,21.09
2026-07-26 11:29:16,018,SCN1A6J_019_746_47,0,0.0,15,1.0,1.8828,21.09
2026-07-26 11:39:18,018,SCN1A6J_019_746_47,0,0.0,15,1.0,1.8756,21.1
2026-07-26 11:49:21,018,SCN1A6J_019_746_47,0,0.0,15,1.0,1.8756,21.1
2026-07-26 11:59:24,018,SCN1A6J_019_746_47,0,0.0,15,1.0,1.8756,21.1
2026-07-26 12:09:27,018,SCN1A6J_019_746_47,52,0.087,13,0.909,1.3608,21.15
2026-07-26 12:19:31,018,SCN1A6J_019_746_47,148,0.246,4,0.519,1.8036,21.31
2026-07-26 12:29:34,018,SCN1A6J_019_746_47,0,0.0,15,1.0,1.8108,21.27
2026-07-26 12:39:37,018,SCN1A6J_019_746_47,0,0.0,15,1.0,1.8072,21.24
2026-07-26 12:49:54,018,SCN1A6J_019_746_47,0,0.0,15,1.0,1.8144,21.24
2026-07-26 12:59:57,018,SCN1A6J_019_746_47,0,0.0,15,1.0,1.8072,21.2
2026-07-26 13:10:00,018,SCN1A6J_019_746_47,0,0.0,15,1.0,1.8144,21.18
2026-07-26 13:20:03,018,SCN1A6J_019_746_47,0,0.0,15,1.0,1.8252,21.16
2026-07-26 13:30:06,018,SCN1A6J_019_746_47,0,0.0,15,1.0,1.8288,21.14
2026-07-26 13:40:09,018,SCN1A6J_019_746_47,0,0.0,15,1.0,1.8324,21.12
2026-07-26 13:50:12,018,SCN1A6J_019_746_47,0,0.0,15,1.0,1.8108,21.12
2026-07-26 14:00:14,018,SCN1A6J_019_746_47,0,0.0,15,1.0,1.8144,21.12
2026-07-26 14:10:17,018,SCN1A6J_019_746_47,0,0.0,15,1.0,1.8144,21.11
2026-07-26 14:20:20,018,SCN1A6J_019_746_47,0,0.0,15,1.0,1.8144,21.1
2026-07-26 14:30:24,018,SCN1A6J_019_746_47,0,0.0,15,1.0,1.8396,21.1
2026-07-26 14:40:27,018,SCN1A6J_019_746_47,0,0.0,15,1.0,1.836,21.1
2026-07-26 14:50:30,018,SCN1A6J_019_746_47,182,0.303,4,0.468,1.7712,21.32
2026-07-26 15:00:33,018,SCN1A6J_019_746_47,24,0.04,12,0.952,1.908,21.29
2026-07-26 15:10:36,018,SCN1A6J_019_746_47,23,0.038,14,0.961,1.9404,21.25
2026-07-26 15:20:39,018,SCN1A6J_019_746_47,49,0.082,12,0.907,1.6848,21.23
2026-07-26 15:30:42,018,SCN1A6J_019_746_47,135,0.224,6,0.64,1.8504,21.37
2026-07-26 15:40:45,018,SCN1A6J_019_746_47,45,0.075,11,0.907,1.818,21.38
2026-07-26 15:50:48,018,SCN1A6J_019_746_47,12,0.02,14,0.979,1.89,21.35
2026-07-26 16:00:51,018,SCN1A6J_019_746_47,0,0.0,15,1.0,1.9044,21.25
2026-07-26 16:10:53,018,SCN1A6J_019_746_47,0,0.0,15,1.0,1.9116,21.18
2026-07-26 16:20:56,018,SCN1A6J_019_746_47,0,0.0,15,1.0,1.9116,21.14
2026-07-26 16:30:59,018,SCN1A6J_019_746_47,0,0.0,15,1.0,1.9116,21.09
2026-07-26 16:41:02,018,SCN1A6J_019_746_47,0,0.0,15,1.0,1.908,21.08
2026-07-26 16:51:21,018,SCN1A6J_019_746_47,0,0.0,15,1.0,1.89,21.09
2026-07-26 17:01:24,018,SCN1A6J_019_746_47,0,0.0,15,1.0,1.8972,21.07
2026-07-26 17:11:27,018,SCN1A6J_019_746_47,190,0.316,4,0.457,1.8576,21.25
2026-07-26 17:21:30,018,SCN1A6J_019_746_47,173,0.288,8,0.649,1.872,21.36
2026-07-26 17:31:33,018,SCN1A6J_019_746_47,29,0.048,12,0.943,1.8504,21.39
2026-07-26 17:41:37,018,SCN1A6J_019_746_47,0,0.0,15,1.0,1.8684,21.32
2026-07-26 17:51:39,018,SCN1A6J_019_746_47,0,0.0,15,1.0,1.8756,21.25
2026-07-26 18:01:42,018,SCN1A6J_019_746_47,0,0.0,15,1.0,0.0,21.2
2026-07-26 18:11:45,018,SCN1A6J_019_746_47,224,0.373,4,0.417,0.0,21.37
2026-07-26 18:21:48,018,SCN1A6J_019_746_47,251,0.418,6,0.489,0.0,21.52
2026-07-26 18:31:51,018,SCN1A6J_019_746_47,242,0.403,4,0.398,0.0,21.66
2026-07-26 18:41:54,018,SCN1A6J_019_746_47,140,0.233,6,0.632,0.0,21.78
2026-07-26 18:51:57,018,SCN1A6J_019_746_47,157,0.261,7,0.641,0.0,21.74
2026-07-26 19:02:00,018,SCN1A6J_019_746_47,88,0.146,11,0.833,0.0,21.68
2026-07-26 19:12:03,018,SCN1A6J_019_746_47,203,0.338,5,0.496,0.0,21.81
2026-07-26 19:22:06,018,SCN1A6J_019_746_47,240,0.399,0,0.0,0.0,21.88
2026-07-26 19:32:09,018,SCN1A6J_019_746_47,120,0.2,9,0.75,0.0,21.85
2026-07-26 19:42:12,018,SCN1A6J_019_746_47,101,0.168,9,0.781,0.0,21.85
2026-07-26 19:52:15,018,SCN1A6J_019_746_47,221,0.367,4,0.42,0.0,21.88
2026-07-26 20:02:19,018,SCN1A6J_019_746_47,194,0.323,8,0.623,0.0,21.86
2026-07-26 20:12:21,018,SCN1A6J_019_746_47,213,0.354,6,0.53,0.0,21.84
2026-07-26 20:22:24,018,SCN1A6J_019_746_47,81,0.135,11,0.845,0.0,21.8
2026-07-26 20:32:27,018,SCN1A6J_019_746_47,36,0.06,12,0.93,0.0,21.69
2026-07-26 20:42:30,018,SCN1A6J_019_746_47,261,0.434,3,0.315,0.0,21.84
2026-07-26 20:52:56,018,SCN1A6J_019_746_47,189,0.316,6,0.559,0.0,21.94
2026-07-26 21:02:59,018,SCN1A6J_019_746_47,84,0.14,10,0.826,0.0,21.84
2026-07-26 21:13:02,018,SCN1A6J_019_746_47,202,0.336,3,0.373,0.0,21.8
2026-07-26 21:23:05,018,SCN1A6J_019_746_47,200,0.332,6,0.545,0.0,21.8
2026-07-26 21:33:08,018,SCN1A6J_019_746_47,218,0.363,2,0.268,0.0,21.92
2026-07-26 21:43:11,018,SCN1A6J_019_746_47,173,0.288,7,0.618,0.0,21.98
2026-07-26 21:53:13,018,SCN1A6J_019_746_47,125,0.208,8,0.719,0.0,21.9
2026-07-26 22:03:17,018,SCN1A6J_019_746_47,263,0.438,2,0.233,0.0,22.05
2026-07-26 22:13:20,018,SCN1A6J_019_746_47,178,0.296,6,0.574,0.0,22.04
2026-07-26 22:23:23,018,SCN1A6J_019_746_47,168,0.28,7,0.625,0.0,21.93
2026-07-26 22:33:26,018,SCN1A6J_019_746_47,88,0.146,11,0.833,0.0,21.75
2026-07-26 22:43:29,018,SCN1A6J_019_746_47,48,0.08,13,0.915,0.0,21.63
2026-07-26 22:53:31,018,SCN1A6J_019_746_47,9,0.015,13,0.983,0.0,21.49
2026-07-26 23:03:35,018,SCN1A6J_019_746_47,0,0.0,15,1.0,0.0,21.37
2026-07-26 23:13:38,018,SCN1A6J_019_746_47,0,0.0,15,1.0,0.0,21.28
2026-07-26 23:23:40,018,SCN1A6J_019_746_47,0,0.0,15,1.0,0.0,21.21
2026-07-26 23:33:43,018,SCN1A6J_019_746_47,0,0.0,15,1.0,0.0,21.15
2026-07-26 23:43:46,018,SCN1A6J_019_746_47,0,0.0,15,1.0,0.0,21.12
2026-07-26 23:53:49,018,SCN1A6J_019_746_47,0,0.0,15,1.0,0.0,21.09
2026-07-25 00:08:45,054,SCN1A6J_019_747_52,13,0.022,13,0.976,0.0,21.33
2026-07-25 00:18:49,054,SCN1A6J_019_747_52,0,0.0,14,1.0,0.0,21.3
2026-07-25 00:28:52,054,SCN1A6J_019_747_52,54,0.09,9,0.87,0.0,21.33
2026-07-25 00:38:56,054,SCN1A6J_019_747_52,0,0.0,14,1.0,0.0,21.29
2026-07-25 00:48:59,054,SCN1A6J_019_747_52,10,0.017,14,0.982,0.0,21.26
2026-07-25 00:59:03,054,SCN1A6J_019_747_52,139,0.231,5,0.59,0.0,21.4
2026-07-25 01:10:04,054,SCN1A6J_019_747_52,186,0.31,6,0.563,0.0,21.61
2026-07-25 01:20:08,054,SCN1A6J_019_747_52,78,0.13,9,0.822,0.0,21.63
2026-07-25 01:30:12,054,SCN1A6J_019_747_52,10,0.017,12,0.98,0.0,21.57
2026-07-25 01:40:16,054,SCN1A6J_019_747_52,40,0.067,11,0.917,0.0,21.58
2026-07-25 01:50:19,054,SCN1A6J_019_747_52,76,0.126,8,0.808,0.0,21.64
2026-07-25 02:00:23,054,SCN1A6J_019_747_52,7,0.012,13,0.987,0.0,21.52
2026-07-25 02:10:26,054,SCN1A6J_019_747_52,10,0.017,13,0.981,0.0,21.48
2026-07-25 02:20:29,054,SCN1A6J_019_747_52,13,0.022,13,0.976,0.0,21.41
2026-07-25 02:30:33,054,SCN1A6J_019_747_52,152,0.252,6,0.612,0.0,21.53
2026-07-25 02:40:36,054,SCN1A6J_019_747_52,0,0.0,14,1.0,0.0,21.43
2026-07-25 02:50:39,054,SCN1A6J_019_747_52,3,0.005,13,0.994,0.0,21.37
2026-07-25 03:00:43,054,SCN1A6J_019_747_52,0,0.0,14,1.0,0.0,21.31
2026-07-25 03:10:46,054,SCN1A6J_019_747_52,0,0.0,14,1.0,0.0,21.26
2026-07-25 03:20:50,054,SCN1A6J_019_747_52,0,0.0,14,1.0,0.0,21.23
2026-07-25 03:30:54,054,SCN1A6J_019_747_52,0,0.0,14,1.0,0.0,21.19
2026-07-25 03:40:57,054,SCN1A6J_019_747_52,0,0.0,14,1.0,0.0,21.17
2026-07-25 03:51:00,054,SCN1A6J_019_747_52,0,0.0,14,1.0,0.0,21.14
2026-07-25 04:01:05,054,SCN1A6J_019_747_52,0,0.0,14,1.0,0.0,21.12
2026-07-25 04:11:08,054,SCN1A6J_019_747_52,12,0.02,13,0.977,0.0,21.11
2026-07-25 04:21:11,054,SCN1A6J_019_747_52,127,0.211,5,0.612,0.0,21.29
2026-07-25 04:31:15,054,SCN1A6J_019_747_52,47,0.078,7,0.856,0.0,21.35
2026-07-25 04:41:18,054,SCN1A6J_019_747_52,44,0.073,11,0.909,0.0,21.41
2026-07-25 04:51:22,054,SCN1A6J_019_747_52,0,0.0,14,1.0,0.0,21.34
2026-07-25 05:01:25,054,SCN1A6J_019_747_52,0,0.0,14,1.0,0.0,21.29
2026-07-25 05:11:48,054,SCN1A6J_019_747_52,14,0.023,13,0.974,0.0,21.3
2026-07-25 05:21:52,054,SCN1A6J_019_747_52,161,0.267,2,0.332,0.0,21.48
2026-07-25 05:31:55,054,SCN1A6J_019_747_52,127,0.211,6,0.654,0.0,21.55
2026-07-25 05:41:59,054,SCN1A6J_019_747_52,241,0.401,1,0.142,0.0,21.81
2026-07-25 05:52:03,054,SCN1A6J_019_747_52,102,0.169,9,0.779,0.0,21.71
2026-07-25 06:02:07,054,SCN1A6J_019_747_52,17,0.028,10,0.959,0.27,21.61
2026-07-25 06:12:10,054,SCN1A6J_019_747_52,0,0.0,14,1.0,0.2628,21.52
2026-07-25 06:22:13,054,SCN1A6J_019_747_52,39,0.065,10,0.911,0.2592,21.49
2026-07-25 06:32:17,054,SCN1A6J_019_747_52,0,0.0,14,1.0,0.2664,21.4
2026-07-25 06:42:20,054,SCN1A6J_019_747_52,0,0.0,14,1.0,0.2736,21.33
2026-07-25 06:52:23,054,SCN1A6J_019_747_52,0,0.0,14,1.0,0.2736,21.28
2026-07-25 07:02:26,054,SCN1A6J_019_747_52,0,0.0,14,1.0,0.2736,21.23
2026-07-25 07:12:31,054,SCN1A6J_019_747_52,0,0.0,14,1.0,0.2736,21.19
2026-07-25 07:22:35,054,SCN1A6J_019_747_52,0,0.0,14,1.0,0.2772,21.16
2026-07-25 07:32:38,054,SCN1A6J_019_747_52,0,0.0,14,1.0,0.2772,21.13
2026-07-25 07:42:42,054,SCN1A6J_019_747_52,0,0.0,14,1.0,0.2772,21.12
2026-07-25 07:52:46,054,SCN1A6J_019_747_52,0,0.0,14,1.0,0.2772,21.11
2026-07-25 08:02:49,054,SCN1A6J_019_747_52,0,0.0,14,1.0,0.2772,21.1
2026-07-25 08:12:53,054,SCN1A6J_019_747_52,0,0.0,14,1.0,0.2772,21.09
2026-07-25 08:22:57,054,SCN1A6J_019_747_52,0,0.0,14,1.0,0.2772,21.08
2026-07-25 08:33:00,054,SCN1A6J_019_747_52,0,0.0,14,1.0,0.2772,21.08
2026-07-25 08:43:04,054,SCN1A6J_019_747_52,0,0.0,14,1.0,0.2772,21.08
2026-07-25 08:53:08,054,SCN1A6J_019_747_52,0,0.0,14,1.0,0.2664,21.07
2026-07-25 09:03:12,054,SCN1A6J_019_747_52,9,0.015,13,0.983,0.2772,21.08
2026-07-25 09:13:29,054,SCN1A6J_019_747_52,0,0.0,14,1.0,0.2772,21.1
2026-07-25 09:23:32,054,SCN1A6J_019_747_52,0,0.0,14,1.0,0.2772,21.08
2026-07-25 09:33:36,054,SCN1A6J_019_747_52,0,0.0,14,1.0,0.2772,21.08
2026-07-25 09:43:40,054,SCN1A6J_019_747_52,0,0.0,14,1.0,0.2772,21.07
2026-07-25 09:53:43,054,SCN1A6J_019_747_52,0,0.0,14,1.0,0.2952,21.07
2026-07-25 10:03:47,054,SCN1A6J_019_747_52,0,0.0,14,1.0,0.2952,21.08
2026-07-25 10:13:50,054,SCN1A6J_019_747_52,0,0.0,14,1.0,0.2736,21.08
2026-07-25 10:23:54,054,SCN1A6J_019_747_52,0,0.0,14,1.0,0.2772,21.09
2026-07-25 10:33:58,054,SCN1A6J_019_747_52,0,0.0,14,1.0,0.2736,21.1
2026-07-25 10:44:01,054,SCN1A6J_019_747_52,0,0.0,14,1.0,0.2664,21.1
2026-07-25 10:54:04,054,SCN1A6J_019_747_52,0,0.0,14,1.0,0.2736,21.11
2026-07-25 11:04:08,054,SCN1A6J_019_747_52,0,0.0,14,1.0,0.2772,21.12
2026-07-25 11:14:12,054,SCN1A6J_019_747_52,0,0.0,14,1.0,0.2736,21.11
2026-07-25 11:24:16,054,SCN1A6J_019_747_52,31,0.051,11,0.934,0.2772,21.15
2026-07-25 11:34:19,054,SCN1A6J_019_747_52,0,0.0,14,1.0,0.2736,21.15
2026-07-25 11:44:22,054,SCN1A6J_019_747_52,0,0.0,14,1.0,0.2736,21.15
2026-07-25 11:54:26,054,SCN1A6J_019_747_52,0,0.0,14,1.0,0.2736,21.15
2026-07-25 12:04:29,054,SCN1A6J_019_747_52,0,0.0,14,1.0,0.2736,21.14
2026-07-25 12:14:33,054,SCN1A6J_019_747_52,0,0.0,14,1.0,0.2736,21.14
2026-07-25 12:24:36,054,SCN1A6J_019_747_52,0,0.0,14,1.0,0.2736,21.14
2026-07-25 12:34:39,054,SCN1A6J_019_747_52,0,0.0,14,1.0,0.2736,21.15
2026-07-25 12:44:43,054,SCN1A6J_019_747_52,0,0.0,14,1.0,0.2736,21.15
2026-07-25 12:54:46,054,SCN1A6J_019_747_52,0,0.0,14,1.0,0.2736,21.15
2026-07-25 13:04:51,054,SCN1A6J_019_747_52,0,0.0,14,1.0,0.2736,21.14
2026-07-25 13:15:10,054,SCN1A6J_019_747_52,0,0.0,14,1.0,0.2736,21.18
2026-07-25 13:25:14,054,SCN1A6J_019_747_52,0,0.0,14,1.0,0.2736,21.16
2026-07-25 13:35:18,054,SCN1A6J_019_747_52,0,0.0,14,1.0,0.2736,21.16
2026-07-25 13:45:22,054,SCN1A6J_019_747_52,13,0.022,13,0.976,0.2736,21.17
2026-07-25 13:55:26,054,SCN1A6J_019_747_52,0,0.0,14,1.0,0.2736,21.17
2026-07-25 14:05:30,054,SCN1A6J_019_747_52,0,0.0,14,1.0,0.2736,21.16
2026-07-25 14:15:34,054,SCN1A6J_019_747_52,0,0.0,14,1.0,0.2736,21.16
2026-07-25 14:25:38,054,SCN1A6J_019_747_52,0,0.0,14,1.0,0.2736,21.16
2026-07-25 14:35:41,054,SCN1A6J_019_747_52,0,0.0,14,1.0,0.2736,21.14
2026-07-25 14:45:44,054,SCN1A6J_019_747_52,0,0.0,14,1.0,0.2736,21.15
2026-07-25 14:55:47,054,SCN1A6J_019_747_52,0,0.0,14,1.0,0.2736,21.15
2026-07-25 15:05:51,054,SCN1A6J_019_747_52,0,0.0,14,1.0,0.2736,21.15
2026-07-25 15:15:54,054,SCN1A6J_019_747_52,0,0.0,14,1.0,0.2736,21.14
2026-07-25 15:25:57,054,SCN1A6J_019_747_52,61,0.101,10,0.868,0.252,21.23
2026-07-25 15:36:01,054,SCN1A6J_019_747_52,27,0.045,12,0.947,0.2556,21.27
2026-07-25 15:46:04,054,SCN1A6J_019_747_52,0,0.0,14,1.0,0.2736,21.28
2026-07-25 15:56:07,054,SCN1A6J_019_747_52,0,0.0,14,1.0,0.2844,21.26
2026-07-25 16:06:10,054,SCN1A6J_019_747_52,0,0.0,14,1.0,0.2736,21.25
2026-07-25 16:16:14,054,SCN1A6J_019_747_52,0,0.0,14,1.0,0.2736,21.25
2026-07-25 16:26:17,054,SCN1A6J_019_747_52,0,0.0,14,1.0,0.2844,21.23
2026-07-25 16:36:21,054,SCN1A6J_019_747_52,0,0.0,14,1.0,0.2736,21.23
2026-07-25 16:46:25,054,SCN1A6J_019_747_52,0,0.0,14,1.0,0.2844,21.23
2026-07-25 16:56:29,054,SCN1A6J_019_747_52,0,0.0,14,1.0,0.2844,21.23
2026-07-25 17:06:32,054,SCN1A6J_019_747_52,0,0.0,14,1.0,0.2844,21.22
2026-07-25 17:16:51,054,SCN1A6J_019_747_52,4,0.007,14,0.993,0.2628,21.25
2026-07-25 17:26:54,054,SCN1A6J_019_747_52,33,0.055,12,0.936,0.2736,21.28
2026-07-25 17:36:57,054,SCN1A6J_019_747_52,0,0.0,14,1.0,0.2808,21.27
2026-07-25 17:47:00,054,SCN1A6J_019_747_52,0,0.0,14,1.0,0.2736,21.25
2026-07-25 17:57:04,054,SCN1A6J_019_747_52,6,0.01,13,0.989,0.252,21.26
2026-07-25 18:07:07,054,SCN1A6J_019_747_52,205,0.341,1,0.163,0.0,21.4
2026-07-25 18:17:11,054,SCN1A6J_019_747_52,87,0.145,7,0.763,0.0,21.52
2026-07-25 18:27:14,054,SCN1A6J_019_747_52,86,0.143,6,0.736,0.0,21.69
2026-07-25 18:37:17,054,SCN1A6J_019_747_52,71,0.118,10,0.849,0.0,21.65
2026-07-25 18:47:21,054,SCN1A6J_019_747_52,0,0.0,14,1.0,0.0,21.54
2026-07-25 18:57:25,054,SCN1A6J_019_747_52,0,0.0,14,1.0,0.0,21.47
2026-07-25 19:07:29,054,SCN1A6J_019_747_52,0,0.0,14,1.0,0.0,21.42
2026-07-25 19:17:32,054,SCN1A6J_019_747_52,0,0.0,14,1.0,0.0,21.39
2026-07-25 19:27:35,054,SCN1A6J_019_747_52,23,0.038,12,0.954,0.0,21.38
2026-07-25 19:37:39,054,SCN1A6J_019_747_52,73,0.121,10,0.846,0.0,21.47
2026-07-25 19:47:42,054,SCN1A6J_019_747_52,0,0.0,14,1.0,0.0,21.45
2026-07-25 19:57:46,054,SCN1A6J_019_747_52,0,0.0,14,1.0,0.0,21.41
2026-07-25 20:07:49,054,SCN1A6J_019_747_52,0,0.0,14,1.0,0.0,21.38
2026-07-25 20:17:53,054,SCN1A6J_019_747_52,0,0.0,14,1.0,0.0,21.34
2026-07-25 20:27:56,054,SCN1A6J_019_747_52,0,0.0,14,1.0,0.0,21.33
2026-07-25 20:38:00,054,SCN1A6J_019_747_52,0,0.0,14,1.0,0.0,21.31
2026-07-25 20:48:03,054,SCN1A6J_019_747_52,50,0.083,11,0.898,0.0,21.35
2026-07-25 20:58:06,054,SCN1A6J_019_747_52,73,0.121,9,0.831,0.0,21.47
2026-07-25 21:08:10,054,SCN1A6J_019_747_52,256,0.426,1,0.135,0.0,21.76
2026-07-25 21:18:33,054,SCN1A6J_019_747_52,75,0.125,12,0.865,0.0,21.75
2026-07-25 21:28:37,054,SCN1A6J_019_747_52,0,0.0,14,1.0,0.0,21.6
2026-07-25 21:38:40,054,SCN1A6J_019_747_52,0,0.0,14,1.0,0.0,21.54
2026-07-25 21:48:43,054,SCN1A6J_019_747_52,187,0.311,1,0.176,0.0,21.82
2026-07-25 21:58:46,054,SCN1A6J_019_747_52,96,0.159,7,0.745,0.0,21.77
2026-07-25 22:08:50,054,SCN1A6J_019_747_52,69,0.115,8,0.823,0.0,21.72
2026-07-25 22:18:53,054,SCN1A6J_019_747_52,131,0.218,6,0.647,0.0,21.71
2026-07-25 22:28:57,054,SCN1A6J_019_747_52,0,0.0,14,1.0,0.0,21.61
2026-07-25 22:39:00,054,SCN1A6J_019_747_52,0,0.0,14,1.0,0.0,21.52
2026-07-25 22:49:03,054,SCN1A6J_019_747_52,31,0.052,12,0.939,0.0,21.5
2026-07-25 22:59:06,054,SCN1A6J_019_747_52,301,0.501,0,0.0,0.0,21.87
2026-07-25 23:09:10,054,SCN1A6J_019_747_52,157,0.261,6,0.605,0.0,22.02
2026-07-25 23:19:13,054,SCN1A6J_019_747_52,200,0.332,4,0.444,0.0,22.06
2026-07-25 23:29:17,054,SCN1A6J_019_747_52,162,0.27,5,0.552,0.0,22.06
2026-07-25 23:39:21,054,SCN1A6J_019_747_52,258,0.429,0,0.0,0.0,22.18
2026-07-25 23:49:24,054,SCN1A6J_019_747_52,93,0.154,8,0.775,0.0,22.07
2026-07-25 23:59:28,054,SCN1A6J_019_747_52,204,0.339,4,0.44,0.0,22.06
2026-07-26 00:09:32,054,SCN1A6J_019_747_52,196,0.326,3,0.38,0.0,22.11
2026-07-26 00:19:35,054,SCN1A6J_019_747_52,84,0.14,8,0.792,0.0,21.97
2026-07-26 00:29:39,054,SCN1A6J_019_747_52,126,0.209,7,0.69,0.0,21.95
2026-07-26 00:39:43,054,SCN1A6J_019_747_52,179,0.297,3,0.401,0.0,22.2
2026-07-26 00:49:47,054,SCN1A6J_019_747_52,169,0.281,3,0.415,0.0,22.27
2026-07-26 00:59:50,054,SCN1A6J_019_747_52,66,0.11,9,0.845,0.0,22.12
2026-07-26 01:09:53,054,SCN1A6J_019_747_52,138,0.229,8,0.699,0.0,22.05
2026-07-26 01:20:12,054,SCN1A6J_019_747_52,130,0.216,7,0.683,0.0,22.05
2026-07-26 01:30:15,054,SCN1A6J_019_747_52,108,0.18,8,0.748,0.0,21.91
2026-07-26 01:40:18,054,SCN1A6J_019_747_52,65,0.108,10,0.86,0.0,21.83
2026-07-26 01:50:21,054,SCN1A6J_019_747_52,216,0.359,0,0.0,0.0,22.52
2026-07-26 02:00:25,054,SCN1A6J_019_747_52,165,0.274,0,0.0,0.0,22.9
2026-07-26 02:10:29,054,SCN1A6J_019_747_52,195,0.324,0,0.0,0.0,23.05
2026-07-26 02:20:33,054,SCN1A6J_019_747_52,284,0.472,0,0.0,0.0,23.02
2026-07-26 02:30:36,054,SCN1A6J_019_747_52,249,0.414,1,0.138,0.0,22.97
2026-07-26 02:40:40,054,SCN1A6J_019_747_52,236,0.393,3,0.337,0.0,22.86
2026-07-26 02:50:43,054,SCN1A6J_019_747_52,211,0.351,4,0.431,0.0,22.75
2026-07-26 03:00:45,054,SCN1A6J_019_747_52,76,0.126,8,0.808,0.0,22.58
2026-07-26 03:10:48,054,SCN1A6J_019_747_52,198,0.329,4,0.447,0.0,22.55
2026-07-26 03:20:52,054,SCN1A6J_019_747_52,111,0.184,6,0.684,0.0,22.55
2026-07-26 03:30:56,054,SCN1A6J_019_747_52,205,0.34,2,0.281,0.0,22.72
2026-07-26 03:41:00,054,SCN1A6J_019_747_52,67,0.111,10,0.857,0.0,22.41
2026-07-26 03:51:04,054,SCN1A6J_019_747_52,0,0.0,14,1.0,0.0,22.05
2026-07-26 04:01:08,054,SCN1A6J_019_747_52,0,0.0,14,1.0,0.0,21.79
2026-07-26 04:11:11,054,SCN1A6J_019_747_52,95,0.158,7,0.747,0.0,21.85
2026-07-26 04:21:14,054,SCN1A6J_019_747_52,160,0.266,3,0.429,0.0,22.32
2026-07-26 04:31:17,054,SCN1A6J_019_747_52,189,0.314,3,0.388,0.0,22.39
2026-07-26 04:41:21,054,SCN1A6J_019_747_52,263,0.437,1,0.132,0.0,22.49
2026-07-26 04:51:24,054,SCN1A6J_019_747_52,74,0.123,9,0.829,0.0,22.27
2026-07-26 05:01:28,054,SCN1A6J_019_747_52,157,0.261,4,0.505,0.0,22.39
2026-07-26 05:11:31,054,SCN1A6J_019_747_52,207,0.344,3,0.367,0.0,22.38
2026-07-26 05:21:47,054,SCN1A6J_019_747_52,45,0.075,11,0.907,0.0,22.15
2026-07-26 05:31:50,054,SCN1A6J_019_747_52,160,0.266,7,0.636,0.0,22.12
2026-07-26 05:41:54,054,SCN1A6J_019_747_52,0,0.0,14,1.0,0.0,21.87
2026-07-26 05:51:57,054,SCN1A6J_019_747_52,0,0.0,14,1.0,0.0,21.69
2026-07-26 06:02:00,054,SCN1A6J_019_747_52,0,0.0,14,1.0,0.2556,21.56
2026-07-26 06:12:04,054,SCN1A6J_019_747_52,48,0.08,10,0.893,0.2664,21.49
2026-07-26 06:22:07,054,SCN1A6J_019_747_52,0,0.0,14,1.0,0.2664,21.41
2026-07-26 06:32:11,054,SCN1A6J_019_747_52,0,0.0,14,1.0,0.2664,21.35
2026-07-26 06:42:14,054,SCN1A6J_019_747_52,0,0.0,14,1.0,0.2628,21.3
2026-07-26 06:52:17,054,SCN1A6J_019_747_52,0,0.0,14,1.0,0.2628,21.26
2026-07-26 07:02:20,054,SCN1A6J_019_747_52,0,0.0,14,1.0,0.27,21.23
2026-07-26 07:12:23,054,SCN1A6J_019_747_52,0,0.0,14,1.0,0.27,21.22
2026-07-26 07:22:26,054,SCN1A6J_019_747_52,0,0.0,14,1.0,0.27,21.21
2026-07-26 07:32:30,054,SCN1A6J_019_747_52,0,0.0,14,1.0,0.27,21.19
2026-07-26 07:42:33,054,SCN1A6J_019_747_52,3,0.005,14,0.995,0.1728,21.19
2026-07-26 07:52:37,054,SCN1A6J_019_747_52,107,0.178,6,0.692,0.2664,21.38
2026-07-26 08:02:40,054,SCN1A6J_019_747_52,72,0.12,10,0.847,0.2484,21.36
2026-07-26 08:12:44,054,SCN1A6J_019_747_52,0,0.0,14,1.0,0.2376,21.33
2026-07-26 08:22:47,054,SCN1A6J_019_747_52,0,0.0,14,1.0,0.2484,21.3
2026-07-26 08:32:50,054,SCN1A6J_019_747_52,0,0.0,14,1.0,0.2484,21.26
2026-07-26 08:42:54,054,SCN1A6J_019_747_52,0,0.0,14,1.0,0.2376,21.23
2026-07-26 08:52:57,054,SCN1A6J_019_747_52,0,0.0,14,1.0,0.2448,21.21
2026-07-26 09:03:01,054,SCN1A6J_019_747_52,0,0.0,14,1.0,0.2556,21.2
2026-07-26 09:13:04,054,SCN1A6J_019_747_52,0,0.0,14,1.0,0.2448,21.19
2026-07-26 09:23:20,054,SCN1A6J_019_747_52,0,0.0,14,1.0,0.2664,21.21
2026-07-26 09:33:24,054,SCN1A6J_019_747_52,0,0.0,14,1.0,0.4176,21.21
2026-07-26 09:43:27,054,SCN1A6J_019_747_52,0,0.0,14,1.0,0.4176,21.26
2026-07-26 09:53:30,054,SCN1A6J_019_747_52,0,0.0,14,1.0,0.2664,21.3
2026-07-26 10:03:33,054,SCN1A6J_019_747_52,0,0.0,14,1.0,0.2664,21.31
2026-07-26 10:13:37,054,SCN1A6J_019_747_52,0,0.0,14,1.0,0.2448,21.29
2026-07-26 10:23:41,054,SCN1A6J_019_747_52,0,0.0,14,1.0,0.2448,21.28
2026-07-26 10:33:44,054,SCN1A6J_019_747_52,0,0.0,14,1.0,0.2448,21.26
2026-07-26 10:43:48,054,SCN1A6J_019_747_52,0,0.0,14,1.0,0.2448,21.24
2026-07-26 10:53:51,054,SCN1A6J_019_747_52,0,0.0,14,1.0,0.2448,21.22
2026-07-26 11:03:55,054,SCN1A6J_019_747_52,0,0.0,14,1.0,0.2448,21.21
2026-07-26 11:14:00,054,SCN1A6J_019_747_52,0,0.0,14,1.0,0.2448,21.2
2026-07-26 11:24:04,054,SCN1A6J_019_747_52,0,0.0,14,1.0,0.2448,21.18
2026-07-26 11:34:07,054,SCN1A6J_019_747_52,0,0.0,14,1.0,0.2448,21.17
2026-07-26 11:44:12,054,SCN1A6J_019_747_52,0,0.0,14,1.0,0.2448,21.17
2026-07-26 11:54:15,054,SCN1A6J_019_747_52,0,0.0,14,1.0,0.2448,21.16
2026-07-26 12:04:19,054,SCN1A6J_019_747_52,0,0.0,14,1.0,0.2448,21.17
2026-07-26 12:14:21,054,SCN1A6J_019_747_52,0,0.0,14,1.0,0.2448,21.16
2026-07-26 12:24:25,054,SCN1A6J_019_747_52,0,0.0,14,1.0,0.2448,21.16
2026-07-26 12:34:28,054,SCN1A6J_019_747_52,0,0.0,14,1.0,0.2448,21.17
2026-07-26 12:44:31,054,SCN1A6J_019_747_52,0,0.0,14,1.0,0.2448,21.17
2026-07-26 12:54:35,054,SCN1A6J_019_747_52,0,0.0,14,1.0,0.2448,21.17
2026-07-26 13:04:39,054,SCN1A6J_019_747_52,0,0.0,14,1.0,0.2448,21.17
2026-07-26 13:14:42,054,SCN1A6J_019_747_52,0,0.0,14,1.0,0.2448,21.16
2026-07-26 13:25:07,054,SCN1A6J_019_747_52,0,0.0,14,1.0,0.2664,21.2
2026-07-26 13:35:11,054,SCN1A6J_019_747_52,0,0.0,14,1.0,0.2664,21.18
2026-07-26 13:45:15,054,SCN1A6J_019_747_52,0,0.0,14,1.0,0.2556,21.16
2026-07-26 13:55:18,054,SCN1A6J_019_747_52,0,0.0,14,1.0,0.2556,21.14
2026-07-26 14:05:22,054,SCN1A6J_019_747_52,0,0.0,14,1.0,0.2448,21.14
2026-07-26 14:15:25,054,SCN1A6J_019_747_52,0,0.0,14,1.0,0.2448,21.14
2026-07-26 14:25:28,054,SCN1A6J_019_747_52,0,0.0,14,1.0,0.2916,21.13
2026-07-26 14:35:32,054,SCN1A6J_019_747_52,0,0.0,14,1.0,0.2808,21.13
2026-07-26 14:45:35,054,SCN1A6J_019_747_52,148,0.246,6,0.619,0.27,21.27
2026-07-26 14:55:39,054,SCN1A6J_019_747_52,41,0.068,11,0.915,0.3024,21.3
2026-07-26 15:05:42,054,SCN1A6J_019_747_52,0,0.0,14,1.0,0.3132,21.25
2026-07-26 15:15:44,054,SCN1A6J_019_747_52,0,0.0,14,1.0,0.3132,21.19
2026-07-26 15:25:48,054,SCN1A6J_019_747_52,0,0.0,14,1.0,0.3132,21.15
2026-07-26 15:35:52,054,SCN1A6J_019_747_52,0,0.0,14,1.0,0.3096,21.1
2026-07-26 15:45:55,054,SCN1A6J_019_747_52,0,0.0,14,1.0,0.3132,21.05
2026-07-26 15:55:58,054,SCN1A6J_019_747_52,0,0.0,14,1.0,0.3132,21.03
2026-07-26 16:06:02,054,SCN1A6J_019_747_52,0,0.0,14,1.0,0.3096,20.99
2026-07-26 16:16:06,054,SCN1A6J_019_747_52,0,0.0,14,1.0,0.3132,20.97
2026-07-26 16:26:09,054,SCN1A6J_019_747_52,0,0.0,14,1.0,0.3024,20.97
2026-07-26 16:36:13,054,SCN1A6J_019_747_52,0,0.0,14,1.0,0.3024,20.93
2026-07-26 16:46:16,054,SCN1A6J_019_747_52,0,0.0,14,1.0,0.2808,20.95
2026-07-26 16:56:20,054,SCN1A6J_019_747_52,26,0.043,11,0.944,0.252,21.0
2026-07-26 17:06:23,054,SCN1A6J_019_747_52,10,0.017,13,0.981,0.2808,21.04
2026-07-26 17:16:26,054,SCN1A6J_019_747_52,0,0.0,14,1.0,0.2808,21.03
2026-07-26 17:26:50,054,SCN1A6J_019_747_52,0,0.0,14,1.0,0.2808,21.08
2026-07-26 17:36:54,054,SCN1A6J_019_747_52,0,0.0,14,1.0,0.2808,21.05
2026-07-26 17:46:57,054,SCN1A6J_019_747_52,0,0.0,14,1.0,0.2808,21.04
2026-07-26 17:57:01,054,SCN1A6J_019_747_52,55,0.091,11,0.889,0.2916,21.08
2026-07-26 18:07:05,054,SCN1A6J_019_747_52,0,0.0,14,1.0,0.0,21.07
2026-07-26 18:17:09,054,SCN1A6J_019_747_52,0,0.0,14,1.0,0.0,21.07
2026-07-26 18:27:13,054,SCN1A6J_019_747_52,165,0.274,3,0.421,0.0,21.51
2026-07-26 18:37:16,054,SCN1A6J_019_747_52,79,0.131,8,0.802,0.0,21.45
2026-07-26 18:47:19,054,SCN1A6J_019_747_52,62,0.103,9,0.853,0.0,21.48
2026-07-26 18:57:22,054,SCN1A6J_019_747_52,28,0.047,12,0.945,0.0,21.43
2026-07-26 19:07:26,054,SCN1A6J_019_747_52,0,0.0,14,1.0,0.0,21.38
2026-07-26 19:17:30,054,SCN1A6J_019_747_52,0,0.0,14,1.0,0.0,21.33
2026-07-26 19:27:35,054,SCN1A6J_019_747_52,0,0.0,14,1.0,0.0,21.29
2026-07-26 19:37:39,054,SCN1A6J_019_747_52,0,0.0,14,1.0,0.0,21.26
2026-07-26 19:47:42,054,SCN1A6J_019_747_52,0,0.0,14,1.0,0.0,21.23
2026-07-26 19:57:45,054,SCN1A6J_019_747_52,0,0.0,14,1.0,0.0,21.22
2026-07-26 20:07:48,054,SCN1A6J_019_747_52,59,0.098,9,0.859,0.0,21.31
2026-07-26 20:17:52,054,SCN1A6J_019_747_52,120,0.199,4,0.571,0.0,21.62
2026-07-26 20:27:55,054,SCN1A6J_019_747_52,81,0.135,9,0.816,0.0,21.62
2026-07-26 20:37:59,054,SCN1A6J_019_747_52,0,0.0,14,1.0,0.0,21.52
2026-07-26 20:48:03,054,SCN1A6J_019_747_52,0,0.0,14,1.0,0.0,21.43
2026-07-26 20:58:06,054,SCN1A6J_019_747_52,0,0.0,14,1.0,0.0,21.37
2026-07-26 21:08:09,054,SCN1A6J_019_747_52,0,0.0,14,1.0,0.0,21.31
2026-07-26 21:18:13,054,SCN1A6J_019_747_52,0,0.0,14,1.0,0.0,21.27
2026-07-26 21:28:29,054,SCN1A6J_019_747_52,2,0.003,14,0.996,0.0,21.27
2026-07-26 21:38:33,054,SCN1A6J_019_747_52,118,0.196,5,0.629,0.0,21.44
2026-07-26 21:48:36,054,SCN1A6J_019_747_52,47,0.078,10,0.895,0.0,21.5
2026-07-26 21:58:40,054,SCN1A6J_019_747_52,145,0.241,5,0.58,0.0,21.64
2026-07-26 22:08:44,054,SCN1A6J_019_747_52,142,0.236,2,0.36,0.0,21.87
2026-07-26 22:18:48,054,SCN1A6J_019_747_52,170,0.282,6,0.585,0.0,22.0
2026-07-26 22:28:51,054,SCN1A6J_019_747_52,67,0.111,10,0.857,0.0,21.86
2026-07-26 22:38:56,054,SCN1A6J_019_747_52,0,0.0,14,1.0,0.0,21.67
2026-07-26 22:49:00,054,SCN1A6J_019_747_52,38,0.063,12,0.927,0.0,21.56
2026-07-26 22:59:04,054,SCN1A6J_019_747_52,56,0.093,11,0.887,0.0,21.52
2026-07-26 23:09:06,054,SCN1A6J_019_747_52,0,0.0,14,1.0,0.0,21.43
2026-07-26 23:19:11,054,SCN1A6J_019_747_52,0,0.0,14,1.0,0.0,21.35
2026-07-26 23:29:14,054,SCN1A6J_019_747_52,0,0.0,14,1.0,0.0,21.28
2026-07-26 23:39:17,054,SCN1A6J_019_747_52,0,0.0,14,1.0,0.0,21.23
2026-07-26 23:49:21,054,SCN1A6J_019_747_52,0,0.0,14,1.0,0.0,21.18
2026-07-26 23:59:25,054,SCN1A6J_019_747_52,0,0.0,14,1.0,0.0,21.14
2026-07-25 00:09:17,044,SCN1A6J_019_748_56,191,0.318,1,0.173,0.0,22.08
2026-07-25 00:19:20,044,SCN1A6J_019_748_56,184,0.306,5,0.521,0.0,22.1
2026-07-25 00:29:24,044,SCN1A6J_019_748_56,136,0.226,4,0.541,0.0,22.09
2026-07-25 00:39:27,044,SCN1A6J_019_748_56,93,0.155,6,0.721,0.0,22.09
2026-07-25 00:49:55,044,SCN1A6J_019_748_56,2,0.003,14,0.996,0.0,22.07
2026-07-25 00:59:58,044,SCN1A6J_019_748_56,53,0.088,9,0.872,0.0,22.0
2026-07-25 01:10:02,044,SCN1A6J_019_748_56,0,0.0,15,1.0,0.0,21.94
2026-07-25 01:20:05,044,SCN1A6J_019_748_56,1,0.002,15,0.998,0.0,21.88
2026-07-25 01:30:08,044,SCN1A6J_019_748_56,126,0.21,4,0.559,0.0,21.88
2026-07-25 01:40:11,044,SCN1A6J_019_748_56,168,0.28,4,0.488,0.0,21.98
2026-07-25 01:50:14,044,SCN1A6J_019_748_56,180,0.3,3,0.4,0.0,22.0
2026-07-25 02:00:18,044,SCN1A6J_019_748_56,141,0.234,6,0.63,0.0,22.0
2026-07-25 02:10:21,044,SCN1A6J_019_748_56,30,0.05,11,0.936,0.0,21.93
2026-07-25 02:20:24,044,SCN1A6J_019_748_56,29,0.048,10,0.932,0.0,21.84
2026-07-25 02:30:27,044,SCN1A6J_019_748_56,68,0.113,8,0.825,0.0,21.82
2026-07-25 02:40:30,044,SCN1A6J_019_748_56,0,0.0,15,1.0,0.0,21.74
2026-07-25 02:50:34,044,SCN1A6J_019_748_56,0,0.0,15,1.0,0.0,21.65
2026-07-25 03:00:37,044,SCN1A6J_019_748_56,0,0.0,15,1.0,0.0,21.57
2026-07-25 03:10:40,044,SCN1A6J_019_748_56,0,0.0,15,1.0,0.0,21.52
2026-07-25 03:20:43,044,SCN1A6J_019_748_56,0,0.0,15,1.0,0.0,21.47
2026-07-25 03:30:46,044,SCN1A6J_019_748_56,25,0.042,13,0.954,0.0,21.44
2026-07-25 03:40:49,044,SCN1A6J_019_748_56,138,0.23,3,0.465,0.0,21.57
2026-07-25 03:50:52,044,SCN1A6J_019_748_56,43,0.072,11,0.911,0.0,21.65
2026-07-25 04:00:55,044,SCN1A6J_019_748_56,12,0.02,12,0.976,0.0,21.65
2026-07-25 04:10:58,044,SCN1A6J_019_748_56,27,0.045,12,0.947,0.0,21.64
2026-07-25 04:21:02,044,SCN1A6J_019_748_56,35,0.058,12,0.932,0.0,21.61
2026-07-25 04:31:06,044,SCN1A6J_019_748_56,56,0.093,11,0.887,0.0,21.6
2026-07-25 04:41:09,044,SCN1A6J_019_748_56,0,0.0,15,1.0,0.0,21.56
2026-07-25 04:51:30,044,SCN1A6J_019_748_56,0,0.0,15,1.0,0.0,21.54
2026-07-25 05:01:33,044,SCN1A6J_019_748_56,3,0.005,14,0.995,0.0,21.48
2026-07-25 05:11:36,044,SCN1A6J_019_748_56,122,0.203,5,0.621,0.0,21.58
2026-07-25 05:21:40,044,SCN1A6J_019_748_56,51,0.085,10,0.887,0.0,21.6
2026-07-25 05:31:43,044,SCN1A6J_019_748_56,21,0.035,13,0.961,0.0,21.57
2026-07-25 05:41:46,044,SCN1A6J_019_748_56,0,0.0,15,1.0,0.0,21.51
2026-07-25 05:51:50,044,SCN1A6J_019_748_56,0,0.0,15,1.0,0.0,21.46
2026-07-25 06:01:54,044,SCN1A6J_019_748_56,0,0.0,15,1.0,0.4932,21.43
2026-07-25 06:11:57,044,SCN1A6J_019_748_56,0,0.0,15,1.0,0.4824,21.41
2026-07-25 06:22:01,044,SCN1A6J_019_748_56,0,0.0,15,1.0,0.4752,21.39
2026-07-25 06:32:04,044,SCN1A6J_019_748_56,0,0.0,15,1.0,0.4752,21.36
2026-07-25 06:42:08,044,SCN1A6J_019_748_56,0,0.0,15,1.0,0.4752,21.35
2026-07-25 06:52:11,044,SCN1A6J_019_748_56,0,0.0,15,1.0,0.4824,21.33
2026-07-25 07:02:14,044,SCN1A6J_019_748_56,5,0.008,14,0.991,0.4644,21.32
2026-07-25 07:12:17,044,SCN1A6J_019_748_56,31,0.052,11,0.934,0.3564,21.35
2026-07-25 07:22:19,044,SCN1A6J_019_748_56,13,0.022,13,0.976,0.396,21.36
2026-07-25 07:32:23,044,SCN1A6J_019_748_56,0,0.0,15,1.0,0.396,21.36
2026-07-25 07:42:26,044,SCN1A6J_019_748_56,0,0.0,15,1.0,0.3996,21.34
2026-07-25 07:52:30,044,SCN1A6J_019_748_56,0,0.0,15,1.0,0.396,21.32
2026-07-25 08:02:33,044,SCN1A6J_019_748_56,0,0.0,15,1.0,0.396,21.32
2026-07-25 08:12:36,044,SCN1A6J_019_748_56,0,0.0,15,1.0,0.396,21.31
2026-07-25 08:22:39,044,SCN1A6J_019_748_56,0,0.0,15,1.0,0.3996,21.3
2026-07-25 08:32:43,044,SCN1A6J_019_748_56,0,0.0,15,1.0,0.396,21.29
2026-07-25 08:42:47,044,SCN1A6J_019_748_56,0,0.0,15,1.0,0.3996,21.29
2026-07-25 08:53:15,044,SCN1A6J_019_748_56,0,0.0,15,1.0,0.396,21.35
2026-07-25 09:03:18,044,SCN1A6J_019_748_56,0,0.0,15,1.0,0.396,21.32
2026-07-25 09:13:22,044,SCN1A6J_019_748_56,0,0.0,15,1.0,0.3996,21.32
2026-07-25 09:23:26,044,SCN1A6J_019_748_56,10,0.017,13,0.981,0.396,21.3
2026-07-25 09:33:28,044,SCN1A6J_019_748_56,0,0.0,15,1.0,0.396,21.31
2026-07-25 09:43:32,044,SCN1A6J_019_748_56,0,0.0,15,1.0,0.396,21.3
2026-07-25 09:53:35,044,SCN1A6J_019_748_56,0,0.0,15,1.0,0.432,21.29
2026-07-25 10:03:39,044,SCN1A6J_019_748_56,0,0.0,15,1.0,0.432,21.29
2026-07-25 10:13:42,044,SCN1A6J_019_748_56,0,0.0,15,1.0,0.396,21.3
2026-07-25 10:23:46,044,SCN1A6J_019_748_56,2,0.003,14,0.996,0.396,21.3
2026-07-25 10:33:49,044,SCN1A6J_019_748_56,0,0.0,15,1.0,0.396,21.3
2026-07-25 10:43:52,044,SCN1A6J_019_748_56,0,0.0,15,1.0,0.396,21.3
2026-07-25 10:53:55,044,SCN1A6J_019_748_56,0,0.0,15,1.0,0.396,21.3
2026-07-25 11:03:58,044,SCN1A6J_019_748_56,0,0.0,15,1.0,0.396,21.28
2026-07-25 11:14:02,044,SCN1A6J_019_748_56,0,0.0,15,1.0,0.396,21.27
2026-07-25 11:24:06,044,SCN1A6J_019_748_56,0,0.0,15,1.0,0.396,21.26
2026-07-25 11:34:09,044,SCN1A6J_019_748_56,0,0.0,15,1.0,0.396,21.27
2026-07-25 11:44:12,044,SCN1A6J_019_748_56,0,0.0,15,1.0,0.396,21.26
2026-07-25 11:54:15,044,SCN1A6J_019_748_56,7,0.012,14,0.988,0.396,21.27
2026-07-25 12:04:19,044,SCN1A6J_019_748_56,0,0.0,15,1.0,0.396,21.28
2026-07-25 12:14:22,044,SCN1A6J_019_748_56,0,0.0,15,1.0,0.396,21.27
2026-07-25 12:24:25,044,SCN1A6J_019_748_56,0,0.0,15,1.0,0.4068,21.28
2026-07-25 12:34:28,044,SCN1A6J_019_748_56,0,0.0,15,1.0,0.4068,21.28
2026-07-25 12:44:32,044,SCN1A6J_019_748_56,16,0.027,14,0.972,0.4212,21.29
2026-07-25 12:54:57,044,SCN1A6J_019_748_56,1,0.002,14,0.998,0.4428,21.36
2026-07-25 13:04:59,044,SCN1A6J_019_748_56,0,0.0,15,1.0,0.4392,21.35
2026-07-25 13:15:03,044,SCN1A6J_019_748_56,0,0.0,15,1.0,0.4392,21.32
2026-07-25 13:25:06,044,SCN1A6J_019_748_56,0,0.0,15,1.0,0.4392,21.32
2026-07-25 13:35:09,044,SCN1A6J_019_748_56,0,0.0,15,1.0,0.4428,21.31
2026-07-25 13:45:13,044,SCN1A6J_019_748_56,0,0.0,15,1.0,0.4428,21.29
2026-07-25 13:55:16,044,SCN1A6J_019_748_56,0,0.0,15,1.0,0.4428,21.29
2026-07-25 14:05:19,044,SCN1A6J_019_748_56,0,0.0,15,1.0,0.4428,21.29
2026-07-25 14:15:22,044,SCN1A6J_019_748_56,0,0.0,15,1.0,0.4392,21.29
2026-07-25 14:25:25,044,SCN1A6J_019_748_56,11,0.018,14,0.981,0.4464,21.3
2026-07-25 14:35:29,044,SCN1A6J_019_748_56,0,0.0,15,1.0,0.4464,21.29
2026-07-25 14:45:32,044,SCN1A6J_019_748_56,0,0.0,15,1.0,0.4464,21.3
2026-07-25 14:55:35,044,SCN1A6J_019_748_56,0,0.0,15,1.0,0.4464,21.3
2026-07-25 15:05:39,044,SCN1A6J_019_748_56,0,0.0,15,1.0,0.4464,21.31
2026-07-25 15:15:42,044,SCN1A6J_019_748_56,0,0.0,15,1.0,0.4464,21.31
2026-07-25 15:25:45,044,SCN1A6J_019_748_56,0,0.0,15,1.0,0.45,21.31
2026-07-25 15:35:48,044,SCN1A6J_019_748_56,0,0.0,15,1.0,0.4464,21.31
2026-07-25 15:45:52,044,SCN1A6J_019_748_56,0,0.0,15,1.0,0.4464,21.31
2026-07-25 15:55:55,044,SCN1A6J_019_748_56,19,0.032,12,0.962,0.4464,21.34
2026-07-25 16:05:59,044,SCN1A6J_019_748_56,1,0.002,14,0.998,0.4464,21.34
2026-07-25 16:16:02,044,SCN1A6J_019_748_56,0,0.0,15,1.0,0.4464,21.34
2026-07-25 16:26:05,044,SCN1A6J_019_748_56,0,0.0,15,1.0,0.45,21.34
2026-07-25 16:36:09,044,SCN1A6J_019_748_56,0,0.0,15,1.0,0.4464,21.34
2026-07-25 16:46:13,044,SCN1A6J_019_748_56,14,0.023,14,0.976,0.4752,21.37
2026-07-25 16:56:41,044,SCN1A6J_019_748_56,59,0.098,10,0.871,0.4104,21.49
2026-07-25 17:06:45,044,SCN1A6J_019_748_56,0,0.0,15,1.0,0.4104,21.48
2026-07-25 17:16:48,044,SCN1A6J_019_748_56,0,0.0,15,1.0,0.4104,21.45
2026-07-25 17:26:51,044,SCN1A6J_019_748_56,0,0.0,15,1.0,0.4104,21.43
2026-07-25 17:36:54,044,SCN1A6J_019_748_56,0,0.0,15,1.0,0.4104,21.42
2026-07-25 17:46:57,044,SCN1A6J_019_748_56,0,0.0,15,1.0,0.4104,21.41
2026-07-25 17:57:00,044,SCN1A6J_019_748_56,0,0.0,15,1.0,0.4176,21.41
2026-07-25 18:07:03,044,SCN1A6J_019_748_56,33,0.055,10,0.924,0.0,21.43
2026-07-25 18:17:07,044,SCN1A6J_019_748_56,0,0.0,15,1.0,0.0,21.47
2026-07-25 18:27:10,044,SCN1A6J_019_748_56,0,0.0,15,1.0,0.0,21.47
2026-07-25 18:37:14,044,SCN1A6J_019_748_56,72,0.12,7,0.795,0.0,21.54
2026-07-25 18:47:17,044,SCN1A6J_019_748_56,6,0.01,14,0.989,0.0,21.59
2026-07-25 18:57:20,044,SCN1A6J_019_748_56,43,0.072,10,0.903,0.0,21.69
2026-07-25 19:07:23,044,SCN1A6J_019_748_56,0,0.0,15,1.0,0.0,21.66
2026-07-25 19:17:25,044,SCN1A6J_019_748_56,8,0.013,14,0.986,0.0,21.64
2026-07-25 19:27:29,044,SCN1A6J_019_748_56,1,0.002,14,0.998,0.0,21.64
2026-07-25 19:37:33,044,SCN1A6J_019_748_56,0,0.0,15,1.0,0.0,21.62
2026-07-25 19:47:36,044,SCN1A6J_019_748_56,0,0.0,15,1.0,0.0,21.61
2026-07-25 19:57:39,044,SCN1A6J_019_748_56,0,0.0,15,1.0,0.0,21.59
2026-07-25 20:07:42,044,SCN1A6J_019_748_56,0,0.0,15,1.0,0.0,21.58
2026-07-25 20:17:45,044,SCN1A6J_019_748_56,7,0.012,14,0.988,0.0,21.57
2026-07-25 20:27:48,044,SCN1A6J_019_748_56,28,0.047,12,0.945,0.0,21.61
2026-07-25 20:37:51,044,SCN1A6J_019_748_56,0,0.0,15,1.0,0.0,21.6
2026-07-25 20:47:55,044,SCN1A6J_019_748_56,0,0.0,15,1.0,0.0,21.59
2026-07-25 20:58:24,044,SCN1A6J_019_748_56,0,0.0,15,1.0,0.0,21.62
2026-07-25 21:08:27,044,SCN1A6J_019_748_56,0,0.0,15,1.0,0.0,21.6
2026-07-25 21:18:31,044,SCN1A6J_019_748_56,99,0.165,4,0.618,0.0,21.7
2026-07-25 21:28:34,044,SCN1A6J_019_748_56,53,0.088,9,0.872,0.0,21.76
2026-07-25 21:38:36,044,SCN1A6J_019_748_56,0,0.0,15,1.0,0.0,21.75
2026-07-25 21:48:39,044,SCN1A6J_019_748_56,0,0.0,15,1.0,0.0,21.72
2026-07-25 21:58:43,044,SCN1A6J_019_748_56,0,0.0,15,1.0,0.0,21.69
2026-07-25 22:08:45,044,SCN1A6J_019_748_56,1,0.002,15,0.998,0.0,21.68
2026-07-25 22:18:49,044,SCN1A6J_019_748_56,71,0.118,9,0.835,0.0,21.75
2026-07-25 22:28:52,044,SCN1A6J_019_748_56,48,0.08,10,0.893,0.0,21.81
2026-07-25 22:38:55,044,SCN1A6J_019_748_56,0,0.0,15,1.0,0.0,21.76
2026-07-25 22:48:59,044,SCN1A6J_019_748_56,0,0.0,15,1.0,0.0,21.69
2026-07-25 22:59:02,044,SCN1A6J_019_748_56,0,0.0,15,1.0,0.0,21.66
2026-07-25 23:09:05,044,SCN1A6J_019_748_56,55,0.091,9,0.867,0.0,21.71
2026-07-25 23:19:09,044,SCN1A6J_019_748_56,46,0.076,10,0.897,0.0,21.76
2026-07-25 23:29:13,044,SCN1A6J_019_748_56,29,0.048,12,0.943,0.0,21.76
2026-07-25 23:39:15,044,SCN1A6J_019_748_56,16,0.027,13,0.97,0.0,21.77
2026-07-25 23:49:19,044,SCN1A6J_019_748_56,29,0.048,12,0.943,0.0,21.78
2026-07-25 23:59:23,044,SCN1A6J_019_748_56,0,0.0,15,1.0,0.0,21.73
2026-07-26 00:09:27,044,SCN1A6J_019_748_56,9,0.015,13,0.983,0.0,21.71
2026-07-26 00:19:30,044,SCN1A6J_019_748_56,49,0.082,11,0.9,0.0,21.73
2026-07-26 00:29:33,044,SCN1A6J_019_748_56,59,0.098,11,0.882,0.0,21.75
2026-07-26 00:39:36,044,SCN1A6J_019_748_56,29,0.048,12,0.943,0.0,21.75
2026-07-26 00:49:40,044,SCN1A6J_019_748_56,185,0.307,3,0.393,0.0,21.79
2026-07-26 01:00:03,044,SCN1A6J_019_748_56,152,0.254,5,0.568,0.0,21.84
2026-07-26 01:10:06,044,SCN1A6J_019_748_56,48,0.08,10,0.893,0.0,21.82
2026-07-26 01:20:10,044,SCN1A6J_019_748_56,0,0.0,15,1.0,0.0,21.77
2026-07-26 01:30:13,044,SCN1A6J_019_748_56,9,0.015,14,0.984,0.0,21.74
2026-07-26 01:40:17,044,SCN1A6J_019_748_56,13,0.022,11,0.971,0.0,21.69
2026-07-26 01:50:20,044,SCN1A6J_019_748_56,22,0.037,12,0.956,0.0,21.64
2026-07-26 02:00:24,044,SCN1A6J_019_748_56,0,0.0,15,1.0,0.0,21.6
2026-07-26 02:10:27,044,SCN1A6J_019_748_56,0,0.0,15,1.0,0.0,21.56
2026-07-26 02:20:30,044,SCN1A6J_019_748_56,0,0.0,15,1.0,0.0,21.51
2026-07-26 02:30:33,044,SCN1A6J_019_748_56,0,0.0,15,1.0,0.0,21.48
2026-07-26 02:40:36,044,SCN1A6J_019_748_56,0,0.0,15,1.0,0.0,21.43
2026-07-26 02:50:40,044,SCN1A6J_019_748_56,0,0.0,15,1.0,0.0,21.41
2026-07-26 03:00:43,044,SCN1A6J_019_748_56,0,0.0,15,1.0,0.0,21.38
2026-07-26 03:10:47,044,SCN1A6J_019_748_56,0,0.0,15,1.0,0.0,21.37
2026-07-26 03:20:50,044,SCN1A6J_019_748_56,0,0.0,15,1.0,0.0,21.35
2026-07-26 03:30:54,044,SCN1A6J_019_748_56,14,0.023,14,0.976,0.0,21.36
2026-07-26 03:40:57,044,SCN1A6J_019_748_56,0,0.0,15,1.0,0.0,21.37
2026-07-26 03:51:00,044,SCN1A6J_019_748_56,0,0.0,15,1.0,0.0,21.37
2026-07-26 04:01:04,044,SCN1A6J_019_748_56,0,0.0,15,1.0,0.0,21.37
2026-07-26 04:11:07,044,SCN1A6J_019_748_56,0,0.0,15,1.0,0.0,21.36
2026-07-26 04:21:11,044,SCN1A6J_019_748_56,0,0.0,15,1.0,0.0,21.36
2026-07-26 04:31:14,044,SCN1A6J_019_748_56,0,0.0,15,1.0,0.0,21.4
2026-07-26 04:41:18,044,SCN1A6J_019_748_56,81,0.135,8,0.798,0.0,21.49
2026-07-26 04:51:21,044,SCN1A6J_019_748_56,57,0.095,11,0.885,0.0,21.53
2026-07-26 05:01:43,044,SCN1A6J_019_748_56,55,0.092,7,0.836,0.0,21.62
2026-07-26 05:11:46,044,SCN1A6J_019_748_56,0,0.0,15,1.0,0.0,21.58
2026-07-26 05:21:50,044,SCN1A6J_019_748_56,0,0.0,15,1.0,0.0,21.54
2026-07-26 05:31:53,044,SCN1A6J_019_748_56,0,0.0,15,1.0,0.0,21.51
2026-07-26 05:41:57,044,SCN1A6J_019_748_56,0,0.0,15,1.0,0.0,21.47
2026-07-26 05:52:01,044,SCN1A6J_019_748_56,0,0.0,15,1.0,0.0,21.46
2026-07-26 06:02:04,044,SCN1A6J_019_748_56,0,0.0,15,1.0,0.5364,21.44
2026-07-26 06:12:08,044,SCN1A6J_019_748_56,0,0.0,15,1.0,0.5292,21.42
2026-07-26 06:22:10,044,SCN1A6J_019_748_56,0,0.0,15,1.0,0.5184,21.42
2026-07-26 06:32:14,044,SCN1A6J_019_748_56,0,0.0,15,1.0,0.5184,21.41
2026-07-26 06:42:17,044,SCN1A6J_019_748_56,0,0.0,15,1.0,0.5184,21.4
2026-07-26 06:52:20,044,SCN1A6J_019_748_56,0,0.0,15,1.0,0.5184,21.39
2026-07-26 07:02:23,044,SCN1A6J_019_748_56,0,0.0,15,1.0,0.5292,21.37
2026-07-26 07:12:26,044,SCN1A6J_019_748_56,0,0.0,15,1.0,0.5184,21.36
2026-07-26 07:22:29,044,SCN1A6J_019_748_56,0,0.0,15,1.0,0.5112,21.35
2026-07-26 07:32:33,044,SCN1A6J_019_748_56,0,0.0,15,1.0,0.5112,21.33
2026-07-26 07:42:36,044,SCN1A6J_019_748_56,0,0.0,15,1.0,0.5832,21.33
2026-07-26 07:52:39,044,SCN1A6J_019_748_56,37,0.061,12,0.928,0.4824,21.38
2026-07-26 08:02:42,044,SCN1A6J_019_748_56,46,0.076,11,0.905,0.558,21.42
2026-07-26 08:12:46,044,SCN1A6J_019_748_56,9,0.015,13,0.983,0.6408,21.44
2026-07-26 08:22:49,044,SCN1A6J_019_748_56,29,0.048,10,0.932,0.6696,21.45
2026-07-26 08:32:52,044,SCN1A6J_019_748_56,0,0.0,15,1.0,0.6768,21.45
2026-07-26 08:42:55,044,SCN1A6J_019_748_56,0,0.0,15,1.0,0.6696,21.42
2026-07-26 08:52:59,044,SCN1A6J_019_748_56,0,0.0,15,1.0,0.6696,21.41
2026-07-26 09:03:21,044,SCN1A6J_019_748_56,0,0.0,15,1.0,0.6696,21.44
2026-07-26 09:13:24,044,SCN1A6J_019_748_56,0,0.0,15,1.0,0.6696,21.39
2026-07-26 09:23:27,044,SCN1A6J_019_748_56,0,0.0,15,1.0,0.7128,21.39
2026-07-26 09:33:31,044,SCN1A6J_019_748_56,0,0.0,15,1.0,0.9288,21.37
2026-07-26 09:43:35,044,SCN1A6J_019_748_56,0,0.0,15,1.0,0.936,21.37
2026-07-26 09:53:38,044,SCN1A6J_019_748_56,0,0.0,15,1.0,0.7056,21.39
2026-07-26 10:03:41,044,SCN1A6J_019_748_56,0,0.0,15,1.0,0.6984,21.39
2026-07-26 10:13:45,044,SCN1A6J_019_748_56,0,0.0,15,1.0,0.6624,21.39
2026-07-26 10:23:48,044,SCN1A6J_019_748_56,0,0.0,15,1.0,0.6624,21.38
2026-07-26 10:33:52,044,SCN1A6J_019_748_56,0,0.0,15,1.0,0.666,21.38
2026-07-26 10:43:55,044,SCN1A6J_019_748_56,0,0.0,15,1.0,0.648,21.36
2026-07-26 10:53:59,044,SCN1A6J_019_748_56,0,0.0,15,1.0,0.648,21.35
2026-07-26 11:04:02,044,SCN1A6J_019_748_56,0,0.0,15,1.0,0.648,21.33
2026-07-26 11:14:05,044,SCN1A6J_019_748_56,0,0.0,15,1.0,0.648,21.32
2026-07-26 11:24:09,044,SCN1A6J_019_748_56,0,0.0,15,1.0,0.648,21.31
2026-07-26 11:34:12,044,SCN1A6J_019_748_56,0,0.0,15,1.0,0.648,21.31
2026-07-26 11:44:15,044,SCN1A6J_019_748_56,0,0.0,15,1.0,0.6588,21.3
2026-07-26 11:54:19,044,SCN1A6J_019_748_56,0,0.0,15,1.0,0.6516,21.29
2026-07-26 12:04:23,044,SCN1A6J_019_748_56,0,0.0,15,1.0,0.6516,21.3
2026-07-26 12:14:27,044,SCN1A6J_019_748_56,0,0.0,15,1.0,0.6516,21.3
2026-07-26 12:24:30,044,SCN1A6J_019_748_56,0,0.0,15,1.0,0.6588,21.31
2026-07-26 12:34:34,044,SCN1A6J_019_748_56,0,0.0,15,1.0,0.648,21.31
2026-07-26 12:44:37,044,SCN1A6J_019_748_56,0,0.0,15,1.0,0.648,21.31
2026-07-26 12:54:40,044,SCN1A6J_019_748_56,8,0.013,14,0.986,0.6192,21.32
2026-07-26 13:05:10,044,SCN1A6J_019_748_56,22,0.037,14,0.962,0.6336,21.41
2026-07-26 13:15:13,044,SCN1A6J_019_748_56,0,0.0,15,1.0,0.6264,21.39
2026-07-26 13:25:15,044,SCN1A6J_019_748_56,0,0.0,15,1.0,0.6696,21.37
2026-07-26 13:35:19,044,SCN1A6J_019_748_56,0,0.0,15,1.0,0.6768,21.35
2026-07-26 13:45:22,044,SCN1A6J_019_748_56,0,0.0,15,1.0,0.6264,21.34
2026-07-26 13:55:25,044,SCN1A6J_019_748_56,0,0.0,15,1.0,0.6264,21.31
2026-07-26 14:05:28,044,SCN1A6J_019_748_56,0,0.0,15,1.0,0.6264,21.31
2026-07-26 14:15:31,044,SCN1A6J_019_748_56,0,0.0,15,1.0,0.6264,21.3
2026-07-26 14:25:34,044,SCN1A6J_019_748_56,0,0.0,15,1.0,0.6768,21.29
2026-07-26 14:35:38,044,SCN1A6J_019_748_56,0,0.0,15,1.0,0.684,21.28
2026-07-26 14:45:42,044,SCN1A6J_019_748_56,0,0.0,15,1.0,0.684,21.28
2026-07-26 14:55:45,044,SCN1A6J_019_748_56,0,0.0,15,1.0,0.6876,21.28
2026-07-26 15:05:49,044,SCN1A6J_019_748_56,0,0.0,15,1.0,0.6768,21.29
2026-07-26 15:15:51,044,SCN1A6J_019_748_56,0,0.0,15,1.0,0.684,21.28
2026-07-26 15:25:54,044,SCN1A6J_019_748_56,0,0.0,15,1.0,0.6768,21.28
2026-07-26 15:35:57,044,SCN1A6J_019_748_56,0,0.0,15,1.0,0.6768,21.27
2026-07-26 15:46:01,044,SCN1A6J_019_748_56,0,0.0,15,1.0,0.6768,21.25
2026-07-26 15:56:04,044,SCN1A6J_019_748_56,1,0.002,15,0.998,0.6768,21.23
2026-07-26 16:06:07,044,SCN1A6J_019_748_56,5,0.008,14,0.991,0.648,21.23
2026-07-26 16:16:10,044,SCN1A6J_019_748_56,0,0.0,15,1.0,0.6588,21.23
2026-07-26 16:26:13,044,SCN1A6J_019_748_56,0,0.0,15,1.0,0.6552,21.24
2026-07-26 16:36:17,044,SCN1A6J_019_748_56,0,0.0,15,1.0,0.6552,21.22
2026-07-26 16:46:20,044,SCN1A6J_019_748_56,0,0.0,15,1.0,0.6156,21.21
2026-07-26 16:56:23,044,SCN1A6J_019_748_56,6,0.01,13,0.989,0.504,21.2
2026-07-26 17:06:45,044,SCN1A6J_019_748_56,0,0.0,15,1.0,0.5832,21.27
2026-07-26 17:16:48,044,SCN1A6J_019_748_56,0,0.0,15,1.0,0.5832,21.24
2026-07-26 17:26:52,044,SCN1A6J_019_748_56,0,0.0,15,1.0,0.5904,21.23
2026-07-26 17:36:55,044,SCN1A6J_019_748_56,0,0.0,15,1.0,0.5832,21.22
2026-07-26 17:46:58,044,SCN1A6J_019_748_56,0,0.0,15,1.0,0.5832,21.22
2026-07-26 17:57:02,044,SCN1A6J_019_748_56,11,0.018,14,0.981,0.5904,21.23
2026-07-26 18:07:05,044,SCN1A6J_019_748_56,46,0.077,8,0.874,0.0,21.33
2026-07-26 18:17:09,044,SCN1A6J_019_748_56,33,0.055,13,0.94,0.0,21.38
2026-07-26 18:27:13,044,SCN1A6J_019_748_56,65,0.108,9,0.847,0.0,21.46
2026-07-26 18:37:16,044,SCN1A6J_019_748_56,35,0.058,11,0.926,0.0,21.51
2026-07-26 18:47:20,044,SCN1A6J_019_748_56,15,0.025,12,0.97,0.0,21.53
2026-07-26 18:57:23,044,SCN1A6J_019_748_56,0,0.0,15,1.0,0.0,21.52
2026-07-26 19:07:26,044,SCN1A6J_019_748_56,0,0.0,15,1.0,0.0,21.48
2026-07-26 19:17:29,044,SCN1A6J_019_748_56,0,0.0,15,1.0,0.0,21.46
2026-07-26 19:27:32,044,SCN1A6J_019_748_56,0,0.0,15,1.0,0.0,21.42
2026-07-26 19:37:35,044,SCN1A6J_019_748_56,2,0.003,15,0.997,0.0,21.44
2026-07-26 19:47:39,044,SCN1A6J_019_748_56,48,0.08,7,0.854,0.0,21.49
2026-07-26 19:57:41,044,SCN1A6J_019_748_56,0,0.0,15,1.0,0.0,21.51
2026-07-26 20:07:45,044,SCN1A6J_019_748_56,0,0.0,15,1.0,0.0,21.49
2026-07-26 20:17:49,044,SCN1A6J_019_748_56,0,0.0,15,1.0,0.0,21.46
2026-07-26 20:27:52,044,SCN1A6J_019_748_56,0,0.0,15,1.0,0.0,21.44
2026-07-26 20:37:56,044,SCN1A6J_019_748_56,0,0.0,15,1.0,0.0,21.41
2026-07-26 20:48:00,044,SCN1A6J_019_748_56,0,0.0,15,1.0,0.0,21.38
2026-07-26 20:58:03,044,SCN1A6J_019_748_56,2,0.003,14,0.996,0.0,21.39
2026-07-26 21:08:26,044,SCN1A6J_019_748_56,59,0.098,8,0.844,0.0,21.48
2026-07-26 21:18:29,044,SCN1A6J_019_748_56,20,0.033,11,0.957,0.0,21.54
2026-07-26 21:28:32,044,SCN1A6J_019_748_56,0,0.0,15,1.0,0.0,21.53
2026-07-26 21:38:35,044,SCN1A6J_019_748_56,0,0.0,15,1.0,0.0,21.51
2026-07-26 21:48:39,044,SCN1A6J_019_748_56,23,0.038,12,0.954,0.0,21.54
2026-07-26 21:58:42,044,SCN1A6J_019_748_56,2,0.003,14,0.996,0.0,21.53
2026-07-26 22:08:45,044,SCN1A6J_019_748_56,0,0.0,15,1.0,0.0,21.5
2026-07-26 22:18:48,044,SCN1A6J_019_748_56,0,0.0,15,1.0,0.0,21.48
2026-07-26 22:28:51,044,SCN1A6J_019_748_56,0,0.0,15,1.0,0.0,21.46
2026-07-26 22:38:54,044,SCN1A6J_019_748_56,0,0.0,15,1.0,0.0,21.43
2026-07-26 22:48:57,044,SCN1A6J_019_748_56,0,0.0,15,1.0,0.0,21.43
2026-07-26 22:59:01,044,SCN1A6J_019_748_56,5,0.008,14,0.991,0.0,21.42
2026-07-26 23:09:04,044,SCN1A6J_019_748_56,40,0.067,12,0.923,0.0,21.44
2026-07-26 23:19:07,044,SCN1A6J_019_748_56,96,0.16,5,0.676,0.0,21.5
2026-07-26 23:29:10,044,SCN1A6J_019_748_56,96,0.159,5,0.676,0.0,21.56
2026-07-26 23:39:14,044,SCN1A6J_019_748_56,18,0.03,12,0.964,0.0,21.56
2026-07-26 23:49:18,044,SCN1A6J_019_748_56,7,0.012,14,0.988,0.0,21.55
2026-07-26 23:59:21,044,SCN1A6J_019_748_56,75,0.125,8,0.81,0.0,21.56
2026-07-25 00:07:42,020,SCN1A6J_019_748_57,88,0.146,9,0.804,0.0,21.24
2026-07-25 00:17:45,020,SCN1A6J_019_748_57,39,0.065,11,0.919,0.0,21.25
2026-07-25 00:27:49,020,SCN1A6J_019_748_57,0,0.0,15,1.0,0.0,21.22
2026-07-25 00:38:12,020,SCN1A6J_019_748_57,11,0.018,13,0.979,0.0,21.27
2026-07-25 00:48:15,020,SCN1A6J_019_748_57,9,0.015,14,0.984,0.0,21.27
2026-07-25 00:58:18,020,SCN1A6J_019_748_57,4,0.007,14,0.993,0.0,21.27
2026-07-25 01:08:21,020,SCN1A6J_019_748_57,0,0.0,15,1.0,0.0,21.26
2026-07-25 01:18:24,020,SCN1A6J_019_748_57,0,0.0,15,1.0,0.0,21.24
2026-07-25 01:28:27,020,SCN1A6J_019_748_57,0,0.0,15,1.0,0.0,21.19
2026-07-25 01:38:30,020,SCN1A6J_019_748_57,0,0.0,15,1.0,0.0,21.16
2026-07-25 01:48:33,020,SCN1A6J_019_748_57,0,0.0,15,1.0,0.0,21.14
2026-07-25 01:58:37,020,SCN1A6J_019_748_57,0,0.0,15,1.0,0.0,21.12
2026-07-25 02:08:41,020,SCN1A6J_019_748_57,30,0.05,9,0.923,0.0,21.16
2026-07-25 02:18:44,020,SCN1A6J_019_748_57,13,0.022,12,0.974,0.0,21.18
2026-07-25 02:28:47,020,SCN1A6J_019_748_57,0,0.0,15,1.0,0.0,21.17
2026-07-25 02:38:51,020,SCN1A6J_019_748_57,0,0.0,15,1.0,0.0,21.13
2026-07-25 02:48:54,020,SCN1A6J_019_748_57,0,0.0,15,1.0,0.0,21.08
2026-07-25 02:58:57,020,SCN1A6J_019_748_57,0,0.0,15,1.0,0.0,21.08
2026-07-25 03:09:01,020,SCN1A6J_019_748_57,0,0.0,15,1.0,0.0,21.05
2026-07-25 03:19:04,020,SCN1A6J_019_748_57,0,0.0,15,1.0,0.0,21.06
2026-07-25 03:29:07,020,SCN1A6J_019_748_57,0,0.0,15,1.0,0.0,21.04
2026-07-25 03:39:10,020,SCN1A6J_019_748_57,0,0.0,15,1.0,0.0,21.03
2026-07-25 03:49:12,020,SCN1A6J_019_748_57,0,0.0,15,1.0,0.0,21.02
2026-07-25 03:59:15,020,SCN1A6J_019_748_57,0,0.0,15,1.0,0.0,21.01
2026-07-25 04:09:18,020,SCN1A6J_019_748_57,8,0.013,13,0.985,0.0,21.0
2026-07-25 04:19:22,020,SCN1A6J_019_748_57,1,0.002,15,0.998,0.0,21.01
2026-07-25 04:29:25,020,SCN1A6J_019_748_57,11,0.018,12,0.978,0.0,21.01
2026-07-25 04:39:43,020,SCN1A6J_019_748_57,0,0.0,15,1.0,0.0,21.04
2026-07-25 04:49:46,020,SCN1A6J_019_748_57,0,0.0,15,1.0,0.0,21.03
2026-07-25 04:59:50,020,SCN1A6J_019_748_57,0,0.0,15,1.0,0.0,21.0
2026-07-25 05:09:53,020,SCN1A6J_019_748_57,0,0.0,15,1.0,0.0,20.99
2026-07-25 05:19:56,020,SCN1A6J_019_748_57,0,0.0,15,1.0,0.0,20.98
2026-07-25 05:29:59,020,SCN1A6J_019_748_57,2,0.003,14,0.996,0.0,20.98
2026-07-25 05:40:02,020,SCN1A6J_019_748_57,3,0.005,14,0.995,0.0,21.0
2026-07-25 05:50:05,020,SCN1A6J_019_748_57,4,0.007,14,0.993,0.0,21.0
2026-07-25 06:00:08,020,SCN1A6J_019_748_57,0,0.0,15,1.0,2.0304,21.01
2026-07-25 06:10:11,020,SCN1A6J_019_748_57,0,0.0,15,1.0,2.0304,21.02
2026-07-25 06:20:14,020,SCN1A6J_019_748_57,0,0.0,15,1.0,2.0232,21.02
2026-07-25 06:30:17,020,SCN1A6J_019_748_57,0,0.0,15,1.0,2.0088,21.02
2026-07-25 06:40:20,020,SCN1A6J_019_748_57,0,0.0,15,1.0,2.0088,21.02
2026-07-25 06:50:24,020,SCN1A6J_019_748_57,0,0.0,15,1.0,2.0016,21.0
2026-07-25 07:00:27,020,SCN1A6J_019_748_57,0,0.0,15,1.0,2.0016,21.01
2026-07-25 07:10:29,020,SCN1A6J_019_748_57,0,0.0,15,1.0,2.0016,21.0
2026-07-25 07:20:32,020,SCN1A6J_019_748_57,0,0.0,15,1.0,2.0016,20.99
2026-07-25 07:30:35,020,SCN1A6J_019_748_57,0,0.0,15,1.0,2.0016,21.0
2026-07-25 07:40:38,020,SCN1A6J_019_748_57,0,0.0,15,1.0,2.0016,20.98
2026-07-25 07:50:42,020,SCN1A6J_019_748_57,0,0.0,15,1.0,2.0124,20.98
2026-07-25 08:00:45,020,SCN1A6J_019_748_57,0,0.0,15,1.0,2.0016,20.99
2026-07-25 08:10:48,020,SCN1A6J_019_748_57,0,0.0,15,1.0,2.0052,20.98
2026-07-25 08:20:52,020,SCN1A6J_019_748_57,0,0.0,15,1.0,2.0052,20.98
2026-07-25 08:30:55,020,SCN1A6J_019_748_57,0,0.0,15,1.0,2.0016,20.99
2026-07-25 08:41:13,020,SCN1A6J_019_748_57,0,0.0,15,1.0,2.0016,21.03
2026-07-25 08:51:16,020,SCN1A6J_019_748_57,0,0.0,15,1.0,2.0016,21.03
2026-07-25 09:01:19,020,SCN1A6J_019_748_57,0,0.0,15,1.0,2.0016,21.02
2026-07-25 09:11:23,020,SCN1A6J_019_748_57,0,0.0,15,1.0,2.0016,21.02
2026-07-25 09:21:26,020,SCN1A6J_019_748_57,0,0.0,15,1.0,2.0016,21.02
2026-07-25 09:31:29,020,SCN1A6J_019_748_57,0,0.0,15,1.0,2.0016,21.02
2026-07-25 09:41:32,020,SCN1A6J_019_748_57,0,0.0,15,1.0,2.0016,21.01
2026-07-25 09:51:35,020,SCN1A6J_019_748_57,0,0.0,15,1.0,2.0376,21.01
2026-07-25 10:01:38,020,SCN1A6J_019_748_57,0,0.0,15,1.0,2.0376,21.01
2026-07-25 10:11:41,020,SCN1A6J_019_748_57,0,0.0,15,1.0,2.0016,21.02
2026-07-25 10:21:45,020,SCN1A6J_019_748_57,0,0.0,15,1.0,2.0052,21.02
2026-07-25 10:31:48,020,SCN1A6J_019_748_57,0,0.0,15,1.0,2.0052,21.02
2026-07-25 10:41:51,020,SCN1A6J_019_748_57,0,0.0,15,1.0,1.9944,21.03
2026-07-25 10:51:54,020,SCN1A6J_019_748_57,0,0.0,15,1.0,1.9944,21.04
2026-07-25 11:01:57,020,SCN1A6J_019_748_57,0,0.0,15,1.0,1.998,21.03
2026-07-25 11:12:00,020,SCN1A6J_019_748_57,0,0.0,15,1.0,1.9872,21.03
2026-07-25 11:22:04,020,SCN1A6J_019_748_57,0,0.0,15,1.0,1.998,21.03
2026-07-25 11:32:07,020,SCN1A6J_019_748_57,0,0.0,15,1.0,2.0016,21.03
2026-07-25 11:42:10,020,SCN1A6J_019_748_57,0,0.0,15,1.0,1.9944,21.03
2026-07-25 11:52:13,020,SCN1A6J_019_748_57,0,0.0,15,1.0,1.9944,21.04
2026-07-25 12:02:16,020,SCN1A6J_019_748_57,0,0.0,15,1.0,2.0016,21.04
2026-07-25 12:12:19,020,SCN1A6J_019_748_57,0,0.0,15,1.0,1.9944,21.02
2026-07-25 12:22:23,020,SCN1A6J_019_748_57,0,0.0,15,1.0,1.9944,21.03
2026-07-25 12:32:26,020,SCN1A6J_019_748_57,0,0.0,15,1.0,1.9944,21.02
2026-07-25 12:42:44,020,SCN1A6J_019_748_57,0,0.0,15,1.0,1.998,21.06
2026-07-25 12:52:46,020,SCN1A6J_019_748_57,0,0.0,15,1.0,1.9908,21.04
2026-07-25 13:02:49,020,SCN1A6J_019_748_57,0,0.0,15,1.0,1.9944,21.05
2026-07-25 13:12:52,020,SCN1A6J_019_748_57,8,0.013,14,0.986,1.9872,21.04
2026-07-25 13:22:55,020,SCN1A6J_019_748_57,30,0.05,13,0.945,1.9656,21.08
2026-07-25 13:32:59,020,SCN1A6J_019_748_57,33,0.055,13,0.94,1.9944,21.09
2026-07-25 13:43:02,020,SCN1A6J_019_748_57,1,0.002,14,0.998,1.998,21.11
2026-07-25 13:53:05,020,SCN1A6J_019_748_57,0,0.0,15,1.0,2.0088,21.11
2026-07-25 14:03:08,020,SCN1A6J_019_748_57,0,0.0,15,1.0,2.0016,21.09
2026-07-25 14:13:11,020,SCN1A6J_019_748_57,0,0.0,15,1.0,2.0016,21.09
2026-07-25 14:23:14,020,SCN1A6J_019_748_57,0,0.0,15,1.0,2.0124,21.07
2026-07-25 14:33:18,020,SCN1A6J_019_748_57,0,0.0,15,1.0,2.0016,21.08
2026-07-25 14:43:21,020,SCN1A6J_019_748_57,0,0.0,15,1.0,2.0124,21.08
2026-07-25 14:53:24,020,SCN1A6J_019_748_57,0,0.0,15,1.0,2.0016,21.06
2026-07-25 15:03:27,020,SCN1A6J_019_748_57,0,0.0,15,1.0,2.0052,21.06
2026-07-25 15:13:30,020,SCN1A6J_019_748_57,0,0.0,15,1.0,2.0016,21.05
2026-07-25 15:23:33,020,SCN1A6J_019_748_57,0,0.0,15,1.0,2.0016,21.05
2026-07-25 15:33:36,020,SCN1A6J_019_748_57,0,0.0,15,1.0,2.0124,21.06
2026-07-25 15:43:39,020,SCN1A6J_019_748_57,0,0.0,15,1.0,2.0016,21.06
2026-07-25 15:53:42,020,SCN1A6J_019_748_57,0,0.0,15,1.0,2.0016,21.06
2026-07-25 16:03:45,020,SCN1A6J_019_748_57,0,0.0,15,1.0,2.0124,21.06
2026-07-25 16:13:48,020,SCN1A6J_019_748_57,0,0.0,15,1.0,2.0052,21.06
2026-07-25 16:23:51,020,SCN1A6J_019_748_57,0,0.0,15,1.0,2.0124,21.05
2026-07-25 16:33:55,020,SCN1A6J_019_748_57,0,0.0,15,1.0,2.0124,21.04
2026-07-25 16:44:22,020,SCN1A6J_019_748_57,0,0.0,15,1.0,2.0052,21.1
2026-07-25 16:54:25,020,SCN1A6J_019_748_57,0,0.0,15,1.0,2.0016,21.08
2026-07-25 17:04:28,020,SCN1A6J_019_748_57,0,0.0,15,1.0,2.0232,21.07
2026-07-25 17:14:32,020,SCN1A6J_019_748_57,0,0.0,15,1.0,2.034,21.07
2026-07-25 17:24:35,020,SCN1A6J_019_748_57,0,0.0,15,1.0,2.034,21.07
2026-07-25 17:34:38,020,SCN1A6J_019_748_57,0,0.0,15,1.0,2.0232,21.08
2026-07-25 17:44:41,020,SCN1A6J_019_748_57,0,0.0,15,1.0,2.0268,21.08
2026-07-25 17:54:45,020,SCN1A6J_019_748_57,0,0.0,15,1.0,2.034,21.08
2026-07-25 18:04:48,020,SCN1A6J_019_748_57,0,0.0,15,1.0,0.0,21.08
2026-07-25 18:14:51,020,SCN1A6J_019_748_57,0,0.0,15,1.0,0.0,21.08
2026-07-25 18:24:55,020,SCN1A6J_019_748_57,0,0.0,15,1.0,0.0,21.07
2026-07-25 18:34:58,020,SCN1A6J_019_748_57,0,0.0,15,1.0,0.0,21.07
2026-07-25 18:45:01,020,SCN1A6J_019_748_57,0,0.0,15,1.0,0.0,21.09
2026-07-25 18:55:04,020,SCN1A6J_019_748_57,8,0.013,13,0.985,0.0,21.11
2026-07-25 19:05:08,020,SCN1A6J_019_748_57,22,0.037,13,0.959,0.0,21.16
2026-07-25 19:15:11,020,SCN1A6J_019_748_57,0,0.0,15,1.0,0.0,21.17
2026-07-25 19:25:14,020,SCN1A6J_019_748_57,0,0.0,15,1.0,0.0,21.19
2026-07-25 19:35:17,020,SCN1A6J_019_748_57,0,0.0,15,1.0,0.0,21.18
2026-07-25 19:45:20,020,SCN1A6J_019_748_57,0,0.0,15,1.0,0.0,21.18
2026-07-25 19:55:24,020,SCN1A6J_019_748_57,3,0.005,13,0.994,0.0,21.19
2026-07-25 20:05:27,020,SCN1A6J_019_748_57,19,0.032,13,0.965,0.0,21.21
2026-07-25 20:15:30,020,SCN1A6J_019_748_57,0,0.0,15,1.0,0.0,21.2
2026-07-25 20:25:32,020,SCN1A6J_019_748_57,0,0.0,15,1.0,0.0,21.18
2026-07-25 20:35:36,020,SCN1A6J_019_748_57,0,0.0,15,1.0,0.0,21.17
2026-07-25 20:46:01,020,SCN1A6J_019_748_57,0,0.0,15,1.0,0.0,21.24
2026-07-25 20:56:04,020,SCN1A6J_019_748_57,18,0.03,11,0.961,0.0,21.23
2026-07-25 21:06:08,020,SCN1A6J_019_748_57,2,0.003,14,0.996,0.0,21.22
2026-07-25 21:16:11,020,SCN1A6J_019_748_57,12,0.02,14,0.979,0.0,21.24
2026-07-25 21:26:14,020,SCN1A6J_019_748_57,0,0.0,15,1.0,0.0,21.23
2026-07-25 21:36:18,020,SCN1A6J_019_748_57,0,0.0,15,1.0,0.0,21.24
2026-07-25 21:46:21,020,SCN1A6J_019_748_57,0,0.0,15,1.0,0.0,21.22
2026-07-25 21:56:24,020,SCN1A6J_019_748_57,0,0.0,15,1.0,0.0,21.22
2026-07-25 22:06:27,020,SCN1A6J_019_748_57,0,0.0,15,1.0,0.0,21.2
2026-07-25 22:16:30,020,SCN1A6J_019_748_57,21,0.035,10,0.95,0.0,21.24
2026-07-25 22:26:33,020,SCN1A6J_019_748_57,25,0.042,12,0.95,0.0,21.25
2026-07-25 22:36:37,020,SCN1A6J_019_748_57,2,0.003,14,0.996,0.0,21.27
2026-07-25 22:46:40,020,SCN1A6J_019_748_57,9,0.015,13,0.983,0.0,21.29
2026-07-25 22:56:43,020,SCN1A6J_019_748_57,0,0.0,15,1.0,0.0,21.3
2026-07-25 23:06:46,020,SCN1A6J_019_748_57,11,0.018,12,0.978,0.0,21.3
2026-07-25 23:16:49,020,SCN1A6J_019_748_57,15,0.025,11,0.967,0.0,21.31
2026-07-25 23:26:52,020,SCN1A6J_019_748_57,67,0.111,10,0.857,0.0,21.32
2026-07-25 23:36:56,020,SCN1A6J_019_748_57,0,0.0,15,1.0,0.0,21.32
2026-07-25 23:46:59,020,SCN1A6J_019_748_57,0,0.0,15,1.0,0.0,21.3
2026-07-25 23:57:02,020,SCN1A6J_019_748_57,24,0.04,12,0.952,0.0,21.32
2026-07-26 00:07:06,020,SCN1A6J_019_748_57,0,0.0,15,1.0,0.0,21.31
2026-07-26 00:17:10,020,SCN1A6J_019_748_57,0,0.0,15,1.0,0.0,21.28
2026-07-26 00:27:13,020,SCN1A6J_019_748_57,0,0.0,15,1.0,0.0,21.24
2026-07-26 00:37:16,020,SCN1A6J_019_748_57,0,0.0,15,1.0,0.0,21.21
2026-07-26 00:47:38,020,SCN1A6J_019_748_57,0,0.0,15,1.0,0.0,21.21
2026-07-26 00:57:42,020,SCN1A6J_019_748_57,0,0.0,15,1.0,0.0,21.16
2026-07-26 01:07:45,020,SCN1A6J_019_748_57,0,0.0,15,1.0,0.0,21.14
2026-07-26 01:17:48,020,SCN1A6J_019_748_57,0,0.0,15,1.0,0.0,21.1
2026-07-26 01:27:51,020,SCN1A6J_019_748_57,0,0.0,15,1.0,0.0,21.09
2026-07-26 01:37:54,020,SCN1A6J_019_748_57,24,0.04,12,0.952,0.0,21.1
2026-07-26 01:47:57,020,SCN1A6J_019_748_57,42,0.07,8,0.884,0.0,21.13
2026-07-26 01:58:00,020,SCN1A6J_019_748_57,25,0.042,12,0.95,0.0,21.18
2026-07-26 02:08:03,020,SCN1A6J_019_748_57,0,0.0,15,1.0,0.0,21.19
2026-07-26 02:18:06,020,SCN1A6J_019_748_57,15,0.025,12,0.97,0.0,21.19
2026-07-26 02:28:09,020,SCN1A6J_019_748_57,0,0.0,15,1.0,0.0,21.19
2026-07-26 02:38:13,020,SCN1A6J_019_748_57,0,0.0,15,1.0,0.0,21.17
2026-07-26 02:48:16,020,SCN1A6J_019_748_57,0,0.0,15,1.0,0.0,21.18
2026-07-26 02:58:19,020,SCN1A6J_019_748_57,0,0.0,15,1.0,0.0,21.16
2026-07-26 03:08:22,020,SCN1A6J_019_748_57,0,0.0,15,1.0,0.0,21.15
2026-07-26 03:18:25,020,SCN1A6J_019_748_57,0,0.0,15,1.0,0.0,21.14
2026-07-26 03:28:28,020,SCN1A6J_019_748_57,0,0.0,15,1.0,0.0,21.12
2026-07-26 03:38:32,020,SCN1A6J_019_748_57,2,0.003,14,0.996,0.0,21.11
2026-07-26 03:48:35,020,SCN1A6J_019_748_57,11,0.018,13,0.979,0.0,21.14
2026-07-26 03:58:39,020,SCN1A6J_019_748_57,0,0.0,15,1.0,0.0,21.15
2026-07-26 04:08:41,020,SCN1A6J_019_748_57,0,0.0,15,1.0,0.0,21.13
2026-07-26 04:18:45,020,SCN1A6J_019_748_57,0,0.0,15,1.0,0.0,21.12
2026-07-26 04:28:48,020,SCN1A6J_019_748_57,0,0.0,15,1.0,0.0,21.1
2026-07-26 04:38:51,020,SCN1A6J_019_748_57,0,0.0,15,1.0,0.0,21.08
2026-07-26 04:49:09,020,SCN1A6J_019_748_57,0,0.0,15,1.0,0.0,21.1
2026-07-26 04:59:13,020,SCN1A6J_019_748_57,0,0.0,15,1.0,0.0,21.08
2026-07-26 05:09:16,020,SCN1A6J_019_748_57,0,0.0,15,1.0,0.0,21.06
2026-07-26 05:19:20,020,SCN1A6J_019_748_57,0,0.0,15,1.0,0.0,21.06
2026-07-26 05:29:23,020,SCN1A6J_019_748_57,0,0.0,15,1.0,0.0,21.06
2026-07-26 05:39:27,020,SCN1A6J_019_748_57,21,0.035,13,0.961,0.0,21.08
2026-07-26 05:49:30,020,SCN1A6J_019_748_57,11,0.018,14,0.981,0.0,21.11
2026-07-26 05:59:33,020,SCN1A6J_019_748_57,2,0.003,15,0.997,0.0,21.11
2026-07-26 06:09:37,020,SCN1A6J_019_748_57,0,0.0,15,1.0,2.1024,21.1
2026-07-26 06:19:40,020,SCN1A6J_019_748_57,0,0.0,15,1.0,2.0844,21.11
2026-07-26 06:29:44,020,SCN1A6J_019_748_57,0,0.0,15,1.0,2.0808,21.1
2026-07-26 06:39:47,020,SCN1A6J_019_748_57,0,0.0,15,1.0,2.0592,21.1
2026-07-26 06:49:51,020,SCN1A6J_019_748_57,0,0.0,15,1.0,2.0664,21.1
2026-07-26 06:59:54,020,SCN1A6J_019_748_57,0,0.0,15,1.0,2.0628,21.09
2026-07-26 07:09:57,020,SCN1A6J_019_748_57,0,0.0,15,1.0,2.07,21.09
2026-07-26 07:20:00,020,SCN1A6J_019_748_57,0,0.0,15,1.0,2.0592,21.08
2026-07-26 07:30:04,020,SCN1A6J_019_748_57,0,0.0,15,1.0,2.0592,21.08
2026-07-26 07:40:07,020,SCN1A6J_019_748_57,0,0.0,15,1.0,2.052,21.08
2026-07-26 07:50:10,020,SCN1A6J_019_748_57,0,0.0,15,1.0,2.0592,21.09
2026-07-26 08:00:13,020,SCN1A6J_019_748_57,0,0.0,15,1.0,2.0592,21.09
2026-07-26 08:10:17,020,SCN1A6J_019_748_57,0,0.0,15,1.0,2.0592,21.1
2026-07-26 08:20:19,020,SCN1A6J_019_748_57,0,0.0,15,1.0,2.052,21.1
2026-07-26 08:30:23,020,SCN1A6J_019_748_57,0,0.0,15,1.0,2.0556,21.11
2026-07-26 08:40:26,020,SCN1A6J_019_748_57,0,0.0,15,1.0,2.0448,21.1
2026-07-26 08:50:50,020,SCN1A6J_019_748_57,0,0.0,15,1.0,2.052,21.15
2026-07-26 09:00:54,020,SCN1A6J_019_748_57,0,0.0,15,1.0,2.052,21.14
2026-07-26 09:10:57,020,SCN1A6J_019_748_57,0,0.0,15,1.0,2.0592,21.15
2026-07-26 09:21:00,020,SCN1A6J_019_748_57,0,0.0,15,1.0,2.0988,21.14
2026-07-26 09:31:03,020,SCN1A6J_019_748_57,0,0.0,15,1.0,2.3544,21.14
2026-07-26 09:41:06,020,SCN1A6J_019_748_57,0,0.0,15,1.0,2.3544,21.16
2026-07-26 09:51:09,020,SCN1A6J_019_748_57,0,0.0,15,1.0,2.3472,21.21
2026-07-26 10:01:13,020,SCN1A6J_019_748_57,0,0.0,15,1.0,2.088,21.22
2026-07-26 10:11:16,020,SCN1A6J_019_748_57,0,0.0,15,1.0,2.0592,21.22
2026-07-26 10:21:20,020,SCN1A6J_019_748_57,18,0.03,14,0.969,2.0196,21.22
2026-07-26 10:31:23,020,SCN1A6J_019_748_57,0,0.0,15,1.0,2.016,21.22
2026-07-26 10:41:26,020,SCN1A6J_019_748_57,0,0.0,15,1.0,2.016,21.2
2026-07-26 10:51:29,020,SCN1A6J_019_748_57,0,0.0,15,1.0,2.0196,21.18
2026-07-26 11:01:33,020,SCN1A6J_019_748_57,0,0.0,15,1.0,2.016,21.16
2026-07-26 11:11:36,020,SCN1A6J_019_748_57,0,0.0,15,1.0,2.0268,21.14
2026-07-26 11:21:39,020,SCN1A6J_019_748_57,0,0.0,15,1.0,2.016,21.12
2026-07-26 11:31:42,020,SCN1A6J_019_748_57,0,0.0,15,1.0,2.016,21.11
2026-07-26 11:41:45,020,SCN1A6J_019_748_57,0,0.0,15,1.0,2.0088,21.1
2026-07-26 11:51:48,020,SCN1A6J_019_748_57,0,0.0,15,1.0,2.016,21.09
2026-07-26 12:01:52,020,SCN1A6J_019_748_57,19,0.032,13,0.965,2.016,21.09
2026-07-26 12:11:55,020,SCN1A6J_019_748_57,0,0.0,15,1.0,1.9728,21.08
2026-07-26 12:21:58,020,SCN1A6J_019_748_57,119,0.198,9,0.752,1.9944,21.19
2026-07-26 12:32:02,020,SCN1A6J_019_748_57,0,0.0,15,1.0,1.9836,21.17
2026-07-26 12:42:05,020,SCN1A6J_019_748_57,9,0.015,14,0.984,2.0088,21.16
2026-07-26 12:52:24,020,SCN1A6J_019_748_57,0,0.0,15,1.0,2.0088,21.18
2026-07-26 13:02:27,020,SCN1A6J_019_748_57,0,0.0,15,1.0,2.0196,21.15
2026-07-26 13:12:30,020,SCN1A6J_019_748_57,0,0.0,15,1.0,2.0088,21.11
2026-07-26 13:22:34,020,SCN1A6J_019_748_57,0,0.0,15,1.0,2.0592,21.1
2026-07-26 13:32:37,020,SCN1A6J_019_748_57,0,0.0,15,1.0,2.0592,21.08
2026-07-26 13:42:40,020,SCN1A6J_019_748_57,0,0.0,15,1.0,2.052,21.05
2026-07-26 13:52:44,020,SCN1A6J_019_748_57,0,0.0,15,1.0,2.0268,21.05
2026-07-26 14:02:47,020,SCN1A6J_019_748_57,0,0.0,15,1.0,2.0232,21.04
2026-07-26 14:12:50,020,SCN1A6J_019_748_57,0,0.0,15,1.0,2.0268,21.03
2026-07-26 14:22:54,020,SCN1A6J_019_748_57,0,0.0,15,1.0,2.0592,21.03
2026-07-26 14:32:57,020,SCN1A6J_019_748_57,0,0.0,15,1.0,2.0736,21.05
2026-07-26 14:43:01,020,SCN1A6J_019_748_57,0,0.0,15,1.0,2.0808,21.04
2026-07-26 14:53:04,020,SCN1A6J_019_748_57,0,0.0,15,1.0,2.0916,21.04
2026-07-26 15:03:07,020,SCN1A6J_019_748_57,0,0.0,15,1.0,2.0844,21.03
2026-07-26 15:13:10,020,SCN1A6J_019_748_57,0,0.0,15,1.0,2.0844,21.02
2026-07-26 15:23:14,020,SCN1A6J_019_748_57,0,0.0,15,1.0,2.0808,21.03
2026-07-26 15:33:17,020,SCN1A6J_019_748_57,0,0.0,15,1.0,2.0808,21.02
2026-07-26 15:43:20,020,SCN1A6J_019_748_57,0,0.0,15,1.0,2.0952,21.0
2026-07-26 15:53:23,020,SCN1A6J_019_748_57,0,0.0,15,1.0,2.106,20.98
2026-07-26 16:03:27,020,SCN1A6J_019_748_57,0,0.0,15,1.0,2.1024,20.97
2026-07-26 16:13:29,020,SCN1A6J_019_748_57,0,0.0,15,1.0,2.1024,20.94
2026-07-26 16:23:32,020,SCN1A6J_019_748_57,0,0.0,15,1.0,2.0952,20.93
2026-07-26 16:33:35,020,SCN1A6J_019_748_57,0,0.0,15,1.0,2.106,20.91
2026-07-26 16:43:38,020,SCN1A6J_019_748_57,0,0.0,15,1.0,2.0592,20.91
2026-07-26 16:54:02,020,SCN1A6J_019_748_57,0,0.0,15,1.0,2.0592,20.95
2026-07-26 17:04:05,020,SCN1A6J_019_748_57,0,0.0,15,1.0,2.07,20.94
2026-07-26 17:14:09,020,SCN1A6J_019_748_57,0,0.0,15,1.0,2.0844,20.92
2026-07-26 17:24:12,020,SCN1A6J_019_748_57,0,0.0,15,1.0,2.0592,20.92
2026-07-26 17:34:15,020,SCN1A6J_019_748_57,0,0.0,15,1.0,2.0628,20.91
2026-07-26 17:44:18,020,SCN1A6J_019_748_57,0,0.0,15,1.0,2.052,20.92
2026-07-26 17:54:21,020,SCN1A6J_019_748_57,0,0.0,15,1.0,2.0628,20.93
2026-07-26 18:04:24,020,SCN1A6J_019_748_57,0,0.0,15,1.0,0.0,20.93
2026-07-26 18:14:28,020,SCN1A6J_019_748_57,0,0.0,15,1.0,0.0,20.94
2026-07-26 18:24:31,020,SCN1A6J_019_748_57,0,0.0,15,1.0,0.0,20.96
2026-07-26 18:34:34,020,SCN1A6J_019_748_57,0,0.0,15,1.0,0.0,20.98
2026-07-26 18:44:37,020,SCN1A6J_019_748_57,0,0.0,15,1.0,0.0,21.0
2026-07-26 18:54:40,020,SCN1A6J_019_748_57,0,0.0,15,1.0,0.0,21.02
2026-07-26 19:04:44,020,SCN1A6J_019_748_57,0,0.0,15,1.0,0.0,21.03
2026-07-26 19:14:47,020,SCN1A6J_019_748_57,0,0.0,15,1.0,0.0,21.04
2026-07-26 19:24:50,020,SCN1A6J_019_748_57,0,0.0,15,1.0,0.0,21.04
2026-07-26 19:34:54,020,SCN1A6J_019_748_57,0,0.0,15,1.0,0.0,21.03
2026-07-26 19:44:57,020,SCN1A6J_019_748_57,0,0.0,15,1.0,0.0,21.03
2026-07-26 19:55:00,020,SCN1A6J_019_748_57,25,0.042,13,0.954,0.0,21.06
2026-07-26 20:05:03,020,SCN1A6J_019_748_57,0,0.0,15,1.0,0.0,21.07
2026-07-26 20:15:06,020,SCN1A6J_019_748_57,0,0.0,15,1.0,0.0,21.08
2026-07-26 20:25:10,020,SCN1A6J_019_748_57,0,0.0,15,1.0,0.0,21.06
2026-07-26 20:35:14,020,SCN1A6J_019_748_57,0,0.0,15,1.0,0.0,21.08
2026-07-26 20:45:17,020,SCN1A6J_019_748_57,18,0.03,12,0.964,0.0,21.1
2026-07-26 20:55:38,020,SCN1A6J_019_748_57,7,0.012,13,0.987,0.0,21.18
2026-07-26 21:05:42,020,SCN1A6J_019_748_57,0,0.0,15,1.0,0.0,21.18
2026-07-26 21:15:45,020,SCN1A6J_019_748_57,9,0.015,13,0.983,0.0,21.2
2026-07-26 21:25:48,020,SCN1A6J_019_748_57,39,0.065,12,0.925,0.0,21.25
2026-07-26 21:35:51,020,SCN1A6J_019_748_57,36,0.06,11,0.924,0.0,21.37
2026-07-26 21:45:54,020,SCN1A6J_019_748_57,24,0.04,10,0.943,0.0,21.36
2026-07-26 21:55:57,020,SCN1A6J_019_748_57,0,0.0,15,1.0,0.0,21.36
2026-07-26 22:06:01,020,SCN1A6J_019_748_57,0,0.0,15,1.0,0.0,21.34
2026-07-26 22:16:03,020,SCN1A6J_019_748_57,0,0.0,15,1.0,0.0,21.32
2026-07-26 22:26:07,020,SCN1A6J_019_748_57,0,0.0,15,1.0,0.0,21.31
2026-07-26 22:36:10,020,SCN1A6J_019_748_57,0,0.0,15,1.0,0.0,21.28
2026-07-26 22:46:14,020,SCN1A6J_019_748_57,0,0.0,15,1.0,0.0,21.28
2026-07-26 22:56:17,020,SCN1A6J_019_748_57,0,0.0,15,1.0,0.0,21.26
2026-07-26 23:06:19,020,SCN1A6J_019_748_57,0,0.0,15,1.0,0.0,21.24
2026-07-26 23:16:22,020,SCN1A6J_019_748_57,0,0.0,15,1.0,0.0,21.25
2026-07-26 23:26:26,020,SCN1A6J_019_748_57,0,0.0,15,1.0,0.0,21.24
2026-07-26 23:36:29,020,SCN1A6J_019_748_57,0,0.0,15,1.0,0.0,21.24
2026-07-26 23:46:33,020,SCN1A6J_019_748_57,11,0.018,13,0.979,0.0,21.25
2026-07-26 23:56:37,020,SCN1A6J_019_748_57,0,0.0,15,1.0,0.0,21.25
2026-07-25 00:05:00,001,SCN1A6J_019_748_59,161,0.268,7,0.635,0.0,21.33
2026-07-25 00:15:03,001,SCN1A6J_019_748_59,17,0.028,11,0.963,0.0,21.3
2026-07-25 00:25:31,001,SCN1A6J_019_748_59,233,0.389,1,0.147,0.0,21.39
2026-07-25 00:35:34,001,SCN1A6J_019_748_59,102,0.17,9,0.779,0.0,21.38
2026-07-25 00:45:37,001,SCN1A6J_019_748_59,79,0.131,6,0.752,0.0,21.35
2026-07-25 00:55:40,001,SCN1A6J_019_748_59,0,0.0,15,1.0,0.0,21.3
2026-07-25 01:05:43,001,SCN1A6J_019_748_59,0,0.0,15,1.0,0.0,21.23
2026-07-25 01:15:46,001,SCN1A6J_019_748_59,0,0.0,15,1.0,0.0,21.17
2026-07-25 01:25:49,001,SCN1A6J_019_748_59,0,0.0,15,1.0,0.0,21.12
2026-07-25 01:35:51,001,SCN1A6J_019_748_59,0,0.0,15,1.0,0.0,21.07
2026-07-25 01:45:54,001,SCN1A6J_019_748_59,0,0.0,15,1.0,0.0,21.03
2026-07-25 01:55:57,001,SCN1A6J_019_748_59,8,0.013,14,0.986,0.0,21.0
2026-07-25 02:06:00,001,SCN1A6J_019_748_59,68,0.113,8,0.825,0.0,21.03
2026-07-25 02:16:04,001,SCN1A6J_019_748_59,55,0.091,11,0.889,0.0,21.06
2026-07-25 02:26:07,001,SCN1A6J_019_748_59,206,0.343,5,0.493,0.0,21.14
2026-07-25 02:36:09,001,SCN1A6J_019_748_59,28,0.047,13,0.949,0.0,21.16
2026-07-25 02:46:13,001,SCN1A6J_019_748_59,45,0.075,13,0.92,0.0,21.16
2026-07-25 02:56:16,001,SCN1A6J_019_748_59,206,0.343,3,0.368,0.0,21.19
2026-07-25 03:06:19,001,SCN1A6J_019_748_59,47,0.078,11,0.903,0.0,21.18
2026-07-25 03:16:22,001,SCN1A6J_019_748_59,0,0.0,15,1.0,0.0,21.14
2026-07-25 03:26:25,001,SCN1A6J_019_748_59,170,0.283,6,0.585,0.0,21.16
2026-07-25 03:36:28,001,SCN1A6J_019_748_59,0,0.0,15,1.0,0.0,21.12
2026-07-25 03:46:31,001,SCN1A6J_019_748_59,0,0.0,15,1.0,0.0,21.08
2026-07-25 03:56:34,001,SCN1A6J_019_748_59,0,0.0,15,1.0,0.0,21.02
2026-07-25 04:06:36,001,SCN1A6J_019_748_59,0,0.0,15,1.0,0.0,20.98
2026-07-25 04:16:40,001,SCN1A6J_019_748_59,0,0.0,15,1.0,0.0,20.95
2026-07-25 04:27:06,001,SCN1A6J_019_748_59,0,0.0,15,1.0,0.0,20.98
2026-07-25 04:37:09,001,SCN1A6J_019_748_59,0,0.0,15,1.0,0.0,20.94
2026-07-25 04:47:13,001,SCN1A6J_019_748_59,0,0.0,15,1.0,0.0,20.91
2026-07-25 04:57:16,001,SCN1A6J_019_748_59,37,0.062,13,0.934,0.0,20.91
2026-07-25 05:07:19,001,SCN1A6J_019_748_59,195,0.324,4,0.451,0.0,20.98
2026-07-25 05:17:21,001,SCN1A6J_019_748_59,183,0.304,4,0.466,0.0,21.07
2026-07-25 05:27:24,001,SCN1A6J_019_748_59,37,0.062,13,0.934,0.0,21.1
2026-07-25 05:37:27,001,SCN1A6J_019_748_59,72,0.12,11,0.859,0.0,21.09
2026-07-25 05:47:30,001,SCN1A6J_019_748_59,109,0.181,5,0.647,0.0,21.1
2026-07-25 05:57:34,001,SCN1A6J_019_748_59,124,0.206,6,0.659,0.0,21.15
2026-07-25 06:07:37,001,SCN1A6J_019_748_59,80,0.133,8,0.8,3.3552,21.18
2026-07-25 06:17:39,001,SCN1A6J_019_748_59,5,0.008,14,0.991,3.2976,21.18
2026-07-25 06:27:43,001,SCN1A6J_019_748_59,14,0.023,13,0.974,3.2688,21.16
2026-07-25 06:37:45,001,SCN1A6J_019_748_59,0,0.0,15,1.0,3.2724,21.12
2026-07-25 06:47:49,001,SCN1A6J_019_748_59,0,0.0,15,1.0,3.2544,21.08
2026-07-25 06:57:52,001,SCN1A6J_019_748_59,0,0.0,15,1.0,3.2652,21.03
2026-07-25 07:07:54,001,SCN1A6J_019_748_59,0,0.0,15,1.0,3.24,21.01
2026-07-25 07:17:57,001,SCN1A6J_019_748_59,0,0.0,15,1.0,3.2544,20.99
2026-07-25 07:28:01,001,SCN1A6J_019_748_59,0,0.0,15,1.0,3.2436,20.98
2026-07-25 07:38:04,001,SCN1A6J_019_748_59,0,0.0,15,1.0,3.2508,20.96
2026-07-25 07:48:07,001,SCN1A6J_019_748_59,0,0.0,15,1.0,3.2436,20.96
2026-07-25 07:58:10,001,SCN1A6J_019_748_59,0,0.0,15,1.0,3.2472,20.98
2026-07-25 08:08:13,001,SCN1A6J_019_748_59,0,0.0,15,1.0,3.2472,20.97
2026-07-25 08:18:16,001,SCN1A6J_019_748_59,0,0.0,15,1.0,3.2508,20.98
2026-07-25 08:28:44,001,SCN1A6J_019_748_59,0,0.0,15,1.0,3.24,21.06
2026-07-25 08:38:46,001,SCN1A6J_019_748_59,0,0.0,15,1.0,3.2436,21.02
2026-07-25 08:48:49,001,SCN1A6J_019_748_59,0,0.0,15,1.0,3.2508,21.01
2026-07-25 08:58:52,001,SCN1A6J_019_748_59,0,0.0,15,1.0,3.24,21.01
2026-07-25 09:08:56,001,SCN1A6J_019_748_59,0,0.0,15,1.0,3.24,21.01
2026-07-25 09:18:59,001,SCN1A6J_019_748_59,0,0.0,15,1.0,3.2472,21.02
2026-07-25 09:29:02,001,SCN1A6J_019_748_59,0,0.0,15,1.0,3.2472,21.01
2026-07-25 09:39:05,001,SCN1A6J_019_748_59,0,0.0,15,1.0,3.2472,21.0
2026-07-25 09:49:08,001,SCN1A6J_019_748_59,0,0.0,15,1.0,3.276,21.01
2026-07-25 09:59:11,001,SCN1A6J_019_748_59,0,0.0,15,1.0,3.2724,21.02
2026-07-25 10:09:14,001,SCN1A6J_019_748_59,0,0.0,15,1.0,3.2688,21.03
2026-07-25 10:19:17,001,SCN1A6J_019_748_59,0,0.0,15,1.0,3.2544,21.03
2026-07-25 10:29:20,001,SCN1A6J_019_748_59,0,0.0,15,1.0,3.2472,21.03
2026-07-25 10:39:22,001,SCN1A6J_019_748_59,11,0.018,13,0.979,3.294,21.04
2026-07-25 10:49:25,001,SCN1A6J_019_748_59,0,0.0,15,1.0,3.2832,21.06
2026-07-25 10:59:28,001,SCN1A6J_019_748_59,0,0.0,15,1.0,3.294,21.05
2026-07-25 11:09:31,001,SCN1A6J_019_748_59,0,0.0,15,1.0,3.2832,21.04
2026-07-25 11:19:34,001,SCN1A6J_019_748_59,0,0.0,15,1.0,3.2904,21.04
2026-07-25 11:29:37,001,SCN1A6J_019_748_59,0,0.0,15,1.0,3.2868,21.04
2026-07-25 11:39:40,001,SCN1A6J_019_748_59,0,0.0,15,1.0,3.2904,21.03
2026-07-25 11:49:43,001,SCN1A6J_019_748_59,0,0.0,15,1.0,3.2868,21.04
2026-07-25 11:59:46,001,SCN1A6J_019_748_59,0,0.0,15,1.0,3.2832,21.06
2026-07-25 12:09:49,001,SCN1A6J_019_748_59,0,0.0,15,1.0,3.2904,21.05
2026-07-25 12:19:52,001,SCN1A6J_019_748_59,0,0.0,15,1.0,3.2832,21.06
2026-07-25 12:30:10,001,SCN1A6J_019_748_59,0,0.0,15,1.0,3.2868,21.08
2026-07-25 12:40:13,001,SCN1A6J_019_748_59,0,0.0,15,1.0,3.2832,21.08
2026-07-25 12:50:16,001,SCN1A6J_019_748_59,0,0.0,15,1.0,3.2832,21.07
2026-07-25 13:00:18,001,SCN1A6J_019_748_59,0,0.0,15,1.0,3.2904,21.06
2026-07-25 13:10:22,001,SCN1A6J_019_748_59,0,0.0,15,1.0,3.2868,21.07
2026-07-25 13:20:25,001,SCN1A6J_019_748_59,0,0.0,15,1.0,3.276,21.06
2026-07-25 13:30:28,001,SCN1A6J_019_748_59,25,0.042,13,0.954,3.2652,21.08
2026-07-25 13:40:31,001,SCN1A6J_019_748_59,6,0.01,14,0.989,3.2976,21.1
2026-07-25 13:50:34,001,SCN1A6J_019_748_59,0,0.0,15,1.0,3.3156,21.11
2026-07-25 14:00:37,001,SCN1A6J_019_748_59,0,0.0,15,1.0,3.3012,21.11
2026-07-25 14:10:40,001,SCN1A6J_019_748_59,0,0.0,15,1.0,3.2976,21.11
2026-07-25 14:20:44,001,SCN1A6J_019_748_59,0,0.0,15,1.0,3.3012,21.1
2026-07-25 14:30:47,001,SCN1A6J_019_748_59,0,0.0,15,1.0,3.3156,21.09
2026-07-25 14:40:50,001,SCN1A6J_019_748_59,0,0.0,15,1.0,3.2904,21.08
2026-07-25 14:50:53,001,SCN1A6J_019_748_59,0,0.0,15,1.0,3.3012,21.09
2026-07-25 15:00:56,001,SCN1A6J_019_748_59,0,0.0,15,1.0,3.3012,21.09
2026-07-25 15:10:59,001,SCN1A6J_019_748_59,0,0.0,15,1.0,3.2976,21.09
2026-07-25 15:21:02,001,SCN1A6J_019_748_59,0,0.0,15,1.0,3.2976,21.08
2026-07-25 15:31:05,001,SCN1A6J_019_748_59,0,0.0,15,1.0,3.2904,21.08
2026-07-25 15:41:09,001,SCN1A6J_019_748_59,12,0.02,14,0.979,3.3192,21.1
2026-07-25 15:51:12,001,SCN1A6J_019_748_59,0,0.0,15,1.0,3.3228,21.1
2026-07-25 16:01:14,001,SCN1A6J_019_748_59,0,0.0,15,1.0,3.3192,21.1
2026-07-25 16:11:17,001,SCN1A6J_019_748_59,0,0.0,15,1.0,3.3228,21.1
2026-07-25 16:21:20,001,SCN1A6J_019_748_59,0,0.0,15,1.0,3.312,21.09
2026-07-25 16:31:43,001,SCN1A6J_019_748_59,0,0.0,15,1.0,3.312,21.13
2026-07-25 16:41:46,001,SCN1A6J_019_748_59,0,0.0,15,1.0,3.3228,21.12
2026-07-25 16:51:49,001,SCN1A6J_019_748_59,0,0.0,15,1.0,3.3192,21.1
2026-07-25 17:01:52,001,SCN1A6J_019_748_59,67,0.111,10,0.857,3.2976,21.15
2026-07-25 17:11:55,001,SCN1A6J_019_748_59,23,0.038,13,0.958,3.3804,21.22
2026-07-25 17:21:58,001,SCN1A6J_019_748_59,17,0.028,13,0.968,3.3984,21.23
2026-07-25 17:32:01,001,SCN1A6J_019_748_59,0,0.0,15,1.0,3.3912,21.22
2026-07-25 17:42:05,001,SCN1A6J_019_748_59,0,0.0,15,1.0,3.384,21.19
2026-07-25 17:52:08,001,SCN1A6J_019_748_59,0,0.0,15,1.0,3.3912,21.18
2026-07-25 18:02:11,001,SCN1A6J_019_748_59,0,0.0,15,1.0,0.0,21.16
2026-07-25 18:12:14,001,SCN1A6J_019_748_59,3,0.005,14,0.995,0.0,21.14
2026-07-25 18:22:17,001,SCN1A6J_019_748_59,147,0.245,7,0.656,0.0,21.18
2026-07-25 18:32:20,001,SCN1A6J_019_748_59,161,0.268,6,0.599,0.0,21.3
2026-07-25 18:42:22,001,SCN1A6J_019_748_59,26,0.043,13,0.952,0.0,21.31
2026-07-25 18:52:25,001,SCN1A6J_019_748_59,0,0.0,15,1.0,0.0,21.27
2026-07-25 19:02:28,001,SCN1A6J_019_748_59,0,0.0,15,1.0,0.0,21.22
2026-07-25 19:12:31,001,SCN1A6J_019_748_59,43,0.072,11,0.911,0.0,21.24
2026-07-25 19:22:34,001,SCN1A6J_019_748_59,69,0.115,10,0.853,0.0,21.26
2026-07-25 19:32:37,001,SCN1A6J_019_748_59,0,0.0,15,1.0,0.0,21.22
2026-07-25 19:42:41,001,SCN1A6J_019_748_59,0,0.0,15,1.0,0.0,21.18
2026-07-25 19:52:44,001,SCN1A6J_019_748_59,0,0.0,15,1.0,0.0,21.15
2026-07-25 20:02:47,001,SCN1A6J_019_748_59,26,0.043,14,0.956,0.0,21.13
2026-07-25 20:12:51,001,SCN1A6J_019_748_59,119,0.198,9,0.752,0.0,21.19
2026-07-25 20:22:54,001,SCN1A6J_019_748_59,106,0.176,9,0.773,0.0,21.25
2026-07-25 20:33:17,001,SCN1A6J_019_748_59,190,0.318,3,0.387,0.0,21.41
2026-07-25 20:43:20,001,SCN1A6J_019_748_59,20,0.033,13,0.963,0.0,21.38
2026-07-25 20:53:23,001,SCN1A6J_019_748_59,0,0.0,15,1.0,0.0,21.3
2026-07-25 21:03:26,001,SCN1A6J_019_748_59,0,0.0,15,1.0,0.0,21.25
2026-07-25 21:13:29,001,SCN1A6J_019_748_59,26,0.043,13,0.952,0.0,21.25
2026-07-25 21:23:33,001,SCN1A6J_019_748_59,198,0.329,2,0.288,0.0,21.36
2026-07-25 21:33:36,001,SCN1A6J_019_748_59,105,0.175,10,0.792,0.0,21.43
2026-07-25 21:43:38,001,SCN1A6J_019_748_59,36,0.06,13,0.935,0.0,21.39
2026-07-25 21:53:41,001,SCN1A6J_019_748_59,0,0.0,15,1.0,0.0,21.32
2026-07-25 22:03:44,001,SCN1A6J_019_748_59,0,0.0,15,1.0,0.0,21.25
2026-07-25 22:13:47,001,SCN1A6J_019_748_59,0,0.0,15,1.0,0.0,21.19
2026-07-25 22:23:50,001,SCN1A6J_019_748_59,0,0.0,15,1.0,0.0,21.15
2026-07-25 22:33:53,001,SCN1A6J_019_748_59,0,0.0,15,1.0,0.0,21.11
2026-07-25 22:43:56,001,SCN1A6J_019_748_59,0,0.0,15,1.0,0.0,21.1
2026-07-25 22:54:00,001,SCN1A6J_019_748_59,89,0.148,10,0.818,0.0,21.14
2026-07-25 23:04:03,001,SCN1A6J_019_748_59,4,0.007,13,0.992,0.0,21.16
2026-07-25 23:14:06,001,SCN1A6J_019_748_59,76,0.126,11,0.853,0.0,21.18
2026-07-25 23:24:09,001,SCN1A6J_019_748_59,106,0.176,9,0.773,0.0,21.25
2026-07-25 23:34:12,001,SCN1A6J_019_748_59,0,0.0,15,1.0,0.0,21.26
2026-07-25 23:44:15,001,SCN1A6J_019_748_59,106,0.176,7,0.725,0.0,21.29
2026-07-25 23:54:18,001,SCN1A6J_019_748_59,230,0.383,2,0.258,0.0,21.38
2026-07-26 00:04:20,001,SCN1A6J_019_748_59,78,0.13,7,0.782,0.0,21.41
2026-07-26 00:14:22,001,SCN1A6J_019_748_59,132,0.22,7,0.68,0.0,21.44
2026-07-26 00:24:25,001,SCN1A6J_019_748_59,0,0.0,15,1.0,0.0,21.37
2026-07-26 00:34:52,001,SCN1A6J_019_748_59,51,0.085,11,0.896,0.0,21.4
2026-07-26 00:44:55,001,SCN1A6J_019_748_59,0,0.0,15,1.0,0.0,21.3
2026-07-26 00:54:58,001,SCN1A6J_019_748_59,0,0.0,15,1.0,0.0,21.23
2026-07-26 01:05:01,001,SCN1A6J_019_748_59,0,0.0,15,1.0,0.0,21.15
2026-07-26 01:15:04,001,SCN1A6J_019_748_59,0,0.0,15,1.0,0.0,21.11
2026-07-26 01:25:07,001,SCN1A6J_019_748_59,0,0.0,15,1.0,0.0,21.07
2026-07-26 01:35:10,001,SCN1A6J_019_748_59,0,0.0,15,1.0,0.0,21.03
2026-07-26 01:45:13,001,SCN1A6J_019_748_59,51,0.085,11,0.896,0.0,21.06
2026-07-26 01:55:17,001,SCN1A6J_019_748_59,144,0.24,8,0.69,0.0,21.13
2026-07-26 02:05:20,001,SCN1A6J_019_748_59,134,0.223,6,0.642,0.0,21.22
2026-07-26 02:15:23,001,SCN1A6J_019_748_59,0,0.0,15,1.0,0.0,21.2
2026-07-26 02:25:26,001,SCN1A6J_019_748_59,67,0.111,11,0.868,0.0,21.2
2026-07-26 02:35:29,001,SCN1A6J_019_748_59,175,0.291,5,0.533,0.0,21.25
2026-07-26 02:45:32,001,SCN1A6J_019_748_59,96,0.16,9,0.789,0.0,21.31
2026-07-26 02:55:34,001,SCN1A6J_019_748_59,26,0.043,12,0.949,0.0,21.3
2026-07-26 03:05:37,001,SCN1A6J_019_748_59,107,0.178,9,0.771,0.0,21.32
2026-07-26 03:15:40,001,SCN1A6J_019_748_59,64,0.106,10,0.862,0.0,21.29
2026-07-26 03:25:44,001,SCN1A6J_019_748_59,45,0.075,12,0.914,0.0,21.27
2026-07-26 03:35:47,001,SCN1A6J_019_748_59,0,0.0,15,1.0,0.0,21.19
2026-07-26 03:45:50,001,SCN1A6J_019_748_59,0,0.0,15,1.0,0.0,21.14
2026-07-26 03:55:53,001,SCN1A6J_019_748_59,0,0.0,15,1.0,0.0,21.09
2026-07-26 04:05:56,001,SCN1A6J_019_748_59,0,0.0,15,1.0,0.0,21.06
2026-07-26 04:15:59,001,SCN1A6J_019_748_59,0,0.0,15,1.0,0.0,21.02
2026-07-26 04:26:02,001,SCN1A6J_019_748_59,0,0.0,15,1.0,0.0,20.99
2026-07-26 04:36:24,001,SCN1A6J_019_748_59,0,0.0,15,1.0,0.0,21.02
2026-07-26 04:46:27,001,SCN1A6J_019_748_59,0,0.0,15,1.0,0.0,20.98
2026-07-26 04:56:30,001,SCN1A6J_019_748_59,115,0.191,9,0.758,0.0,21.03
2026-07-26 05:06:34,001,SCN1A6J_019_748_59,123,0.205,8,0.722,0.0,21.11
2026-07-26 05:16:37,001,SCN1A6J_019_748_59,96,0.16,8,0.769,0.0,21.16
2026-07-26 05:26:40,001,SCN1A6J_019_748_59,121,0.201,8,0.726,0.0,21.22
2026-07-26 05:36:43,001,SCN1A6J_019_748_59,100,0.166,10,0.8,0.0,21.25
2026-07-26 05:46:46,001,SCN1A6J_019_748_59,1,0.002,15,0.998,0.0,21.22
2026-07-26 05:56:48,001,SCN1A6J_019_748_59,0,0.0,15,1.0,0.0,21.17
2026-07-26 06:06:50,001,SCN1A6J_019_748_59,0,0.0,15,1.0,3.3444,21.13
2026-07-26 06:16:53,001,SCN1A6J_019_748_59,0,0.0,15,1.0,3.312,21.11
2026-07-26 06:26:57,001,SCN1A6J_019_748_59,0,0.0,15,1.0,3.2976,21.09
2026-07-26 06:36:59,001,SCN1A6J_019_748_59,0,0.0,15,1.0,3.2904,21.07
2026-07-26 06:47:02,001,SCN1A6J_019_748_59,0,0.0,15,1.0,3.3012,21.07
2026-07-26 06:57:05,001,SCN1A6J_019_748_59,0,0.0,15,1.0,3.2832,21.06
2026-07-26 07:07:08,001,SCN1A6J_019_748_59,0,0.0,15,1.0,3.2832,21.06
2026-07-26 07:17:12,001,SCN1A6J_019_748_59,0,0.0,15,1.0,3.276,21.06
2026-07-26 07:27:14,001,SCN1A6J_019_748_59,0,0.0,15,1.0,3.2868,21.05
2026-07-26 07:37:17,001,SCN1A6J_019_748_59,0,0.0,15,1.0,3.2688,21.06
2026-07-26 07:47:20,001,SCN1A6J_019_748_59,0,0.0,15,1.0,3.2616,21.05
2026-07-26 07:57:24,001,SCN1A6J_019_748_59,0,0.0,15,1.0,3.2688,21.07
2026-07-26 08:07:27,001,SCN1A6J_019_748_59,0,0.0,15,1.0,3.2688,21.06
2026-07-26 08:17:30,001,SCN1A6J_019_748_59,0,0.0,15,1.0,3.2616,21.07
2026-07-26 08:27:33,001,SCN1A6J_019_748_59,0,0.0,15,1.0,3.2724,21.07
2026-07-26 08:37:55,001,SCN1A6J_019_748_59,0,0.0,15,1.0,3.2688,21.13
2026-07-26 08:47:58,001,SCN1A6J_019_748_59,0,0.0,15,1.0,3.2688,21.12
2026-07-26 08:58:01,001,SCN1A6J_019_748_59,0,0.0,15,1.0,3.2616,21.11
2026-07-26 09:08:04,001,SCN1A6J_019_748_59,0,0.0,15,1.0,3.2724,21.1
2026-07-26 09:18:07,001,SCN1A6J_019_748_59,0,0.0,15,1.0,3.2724,21.11
2026-07-26 09:28:10,001,SCN1A6J_019_748_59,0,0.0,15,1.0,3.5388,21.1
2026-07-26 09:38:13,001,SCN1A6J_019_748_59,0,0.0,15,1.0,3.5388,21.12
2026-07-26 09:48:16,001,SCN1A6J_019_748_59,0,0.0,15,1.0,3.528,21.16
2026-07-26 09:58:19,001,SCN1A6J_019_748_59,0,0.0,15,1.0,3.2904,21.18
2026-07-26 10:08:22,001,SCN1A6J_019_748_59,0,0.0,15,1.0,3.2904,21.2
2026-07-26 10:18:25,001,SCN1A6J_019_748_59,0,0.0,15,1.0,3.2616,21.2
2026-07-26 10:28:28,001,SCN1A6J_019_748_59,0,0.0,15,1.0,3.2652,21.2
2026-07-26 10:38:31,001,SCN1A6J_019_748_59,0,0.0,15,1.0,3.2616,21.17
2026-07-26 10:48:34,001,SCN1A6J_019_748_59,0,0.0,15,1.0,3.2652,21.17
2026-07-26 10:58:36,001,SCN1A6J_019_748_59,0,0.0,15,1.0,3.2616,21.15
2026-07-26 11:08:39,001,SCN1A6J_019_748_59,0,0.0,15,1.0,3.2616,21.13
2026-07-26 11:18:42,001,SCN1A6J_019_748_59,0,0.0,15,1.0,3.2688,21.12
2026-07-26 11:28:45,001,SCN1A6J_019_748_59,0,0.0,15,1.0,3.2544,21.11
2026-07-26 11:38:48,001,SCN1A6J_019_748_59,0,0.0,15,1.0,3.2544,21.09
2026-07-26 11:48:50,001,SCN1A6J_019_748_59,0,0.0,15,1.0,3.2652,21.09
2026-07-26 11:58:54,001,SCN1A6J_019_748_59,0,0.0,15,1.0,3.2616,21.08
2026-07-26 12:08:57,001,SCN1A6J_019_748_59,0,0.0,15,1.0,3.2616,21.09
2026-07-26 12:19:00,001,SCN1A6J_019_748_59,0,0.0,15,1.0,3.2652,21.09
2026-07-26 12:29:03,001,SCN1A6J_019_748_59,0,0.0,15,1.0,3.2616,21.08
2026-07-26 12:39:26,001,SCN1A6J_019_748_59,0,0.0,15,1.0,3.2652,21.13
2026-07-26 12:49:29,001,SCN1A6J_019_748_59,0,0.0,15,1.0,3.2652,21.1
2026-07-26 12:59:33,001,SCN1A6J_019_748_59,0,0.0,15,1.0,3.2544,21.1
2026-07-26 13:09:36,001,SCN1A6J_019_748_59,0,0.0,15,1.0,3.2652,21.09
2026-07-26 13:19:39,001,SCN1A6J_019_748_59,0,0.0,15,1.0,3.2652,21.08
2026-07-26 13:29:42,001,SCN1A6J_019_748_59,0,0.0,15,1.0,3.294,21.08
2026-07-26 13:39:45,001,SCN1A6J_019_748_59,11,0.018,13,0.979,3.3012,21.09
2026-07-26 13:49:48,001,SCN1A6J_019_748_59,0,0.0,15,1.0,3.2688,21.09
2026-07-26 13:59:51,001,SCN1A6J_019_748_59,0,0.0,15,1.0,3.2688,21.09
2026-07-26 14:09:54,001,SCN1A6J_019_748_59,0,0.0,15,1.0,3.2688,21.08
2026-07-26 14:19:58,001,SCN1A6J_019_748_59,0,0.0,15,1.0,3.2724,21.07
2026-07-26 14:30:01,001,SCN1A6J_019_748_59,0,0.0,15,1.0,3.3228,21.07
2026-07-26 14:40:04,001,SCN1A6J_019_748_59,0,0.0,15,1.0,3.3372,21.07
2026-07-26 14:50:08,001,SCN1A6J_019_748_59,0,0.0,15,1.0,3.3192,21.06
2026-07-26 15:00:11,001,SCN1A6J_019_748_59,0,0.0,15,1.0,3.33,21.06
2026-07-26 15:10:14,001,SCN1A6J_019_748_59,0,0.0,15,1.0,3.312,21.04
2026-07-26 15:20:17,001,SCN1A6J_019_748_59,0,0.0,15,1.0,3.33,21.03
2026-07-26 15:30:20,001,SCN1A6J_019_748_59,12,0.02,13,0.977,3.3372,21.01
2026-07-26 15:40:23,001,SCN1A6J_019_748_59,61,0.101,11,0.878,3.1572,21.05
2026-07-26 15:50:27,001,SCN1A6J_019_748_59,1,0.002,14,0.998,3.1932,21.06
2026-07-26 16:00:30,001,SCN1A6J_019_748_59,0,0.0,15,1.0,3.2004,21.03
2026-07-26 16:10:33,001,SCN1A6J_019_748_59,0,0.0,15,1.0,3.2004,21.01
2026-07-26 16:20:36,001,SCN1A6J_019_748_59,1,0.002,14,0.998,3.1896,20.99
2026-07-26 16:30:39,001,SCN1A6J_019_748_59,0,0.0,15,1.0,3.1968,20.96
2026-07-26 16:41:00,001,SCN1A6J_019_748_59,0,0.0,15,1.0,3.1932,21.0
2026-07-26 16:51:04,001,SCN1A6J_019_748_59,0,0.0,15,1.0,3.1608,20.97
2026-07-26 17:01:07,001,SCN1A6J_019_748_59,0,0.0,15,1.0,3.1788,20.94
2026-07-26 17:11:10,001,SCN1A6J_019_748_59,0,0.0,15,1.0,3.1608,20.93
2026-07-26 17:21:13,001,SCN1A6J_019_748_59,1,0.002,14,0.998,3.132,20.94
2026-07-26 17:31:17,001,SCN1A6J_019_748_59,32,0.053,12,0.938,3.1752,20.98
2026-07-26 17:41:20,001,SCN1A6J_019_748_59,0,0.0,15,1.0,3.1752,20.99
2026-07-26 17:51:23,001,SCN1A6J_019_748_59,0,0.0,15,1.0,3.1824,20.99
2026-07-26 18:01:26,001,SCN1A6J_019_748_59,0,0.0,15,1.0,0.0,20.99
2026-07-26 18:11:28,001,SCN1A6J_019_748_59,0,0.0,15,1.0,0.0,20.98
2026-07-26 18:21:31,001,SCN1A6J_019_748_59,194,0.323,8,0.623,0.0,21.03
2026-07-26 18:31:35,001,SCN1A6J_019_748_59,225,0.374,3,0.348,0.0,21.15
2026-07-26 18:41:38,001,SCN1A6J_019_748_59,118,0.196,7,0.704,0.0,21.22
2026-07-26 18:51:41,001,SCN1A6J_019_748_59,69,0.115,11,0.864,0.0,21.22
2026-07-26 19:01:44,001,SCN1A6J_019_748_59,0,0.0,15,1.0,0.0,21.16
2026-07-26 19:11:47,001,SCN1A6J_019_748_59,0,0.0,15,1.0,0.0,21.11
2026-07-26 19:21:50,001,SCN1A6J_019_748_59,0,0.0,15,1.0,0.0,21.07
2026-07-26 19:31:54,001,SCN1A6J_019_748_59,75,0.125,9,0.828,0.0,21.11
2026-07-26 19:41:57,001,SCN1A6J_019_748_59,0,0.0,15,1.0,0.0,21.09
2026-07-26 19:52:00,001,SCN1A6J_019_748_59,0,0.0,15,1.0,0.0,21.05
2026-07-26 20:02:04,001,SCN1A6J_019_748_59,0,0.0,15,1.0,0.0,21.03
2026-07-26 20:12:07,001,SCN1A6J_019_748_59,0,0.0,15,1.0,0.0,21.01
2026-07-26 20:22:10,001,SCN1A6J_019_748_59,117,0.195,7,0.705,0.0,21.09
2026-07-26 20:32:13,001,SCN1A6J_019_748_59,47,0.078,10,0.895,0.0,21.14
2026-07-26 20:42:42,001,SCN1A6J_019_748_59,30,0.05,12,0.941,0.0,21.24
2026-07-26 20:52:45,001,SCN1A6J_019_748_59,0,0.0,15,1.0,0.0,21.18
2026-07-26 21:02:48,001,SCN1A6J_019_748_59,0,0.0,15,1.0,0.0,21.13
2026-07-26 21:12:51,001,SCN1A6J_019_748_59,0,0.0,15,1.0,0.0,21.08
2026-07-26 21:22:54,001,SCN1A6J_019_748_59,185,0.308,3,0.393,0.0,21.22
2026-07-26 21:32:57,001,SCN1A6J_019_748_59,108,0.179,6,0.69,0.0,21.29
2026-07-26 21:43:01,001,SCN1A6J_019_748_59,98,0.163,9,0.786,0.0,21.31
2026-07-26 21:53:04,001,SCN1A6J_019_748_59,151,0.251,5,0.57,0.0,21.36
2026-07-26 22:03:07,001,SCN1A6J_019_748_59,48,0.08,12,0.909,0.0,21.39
2026-07-26 22:13:09,001,SCN1A6J_019_748_59,32,0.053,12,0.938,0.0,21.36
2026-07-26 22:23:12,001,SCN1A6J_019_748_59,29,0.048,12,0.943,0.0,21.3
2026-07-26 22:33:15,001,SCN1A6J_019_748_59,0,0.0,15,1.0,0.0,21.26
2026-07-26 22:43:18,001,SCN1A6J_019_748_59,0,0.0,15,1.0,0.0,21.19
2026-07-26 22:53:21,001,SCN1A6J_019_748_59,0,0.0,15,1.0,0.0,21.13
2026-07-26 23:03:24,001,SCN1A6J_019_748_59,0,0.0,15,1.0,0.0,21.08
2026-07-26 23:13:27,001,SCN1A6J_019_748_59,96,0.16,10,0.806,0.0,21.1
2026-07-26 23:23:30,001,SCN1A6J_019_748_59,38,0.063,13,0.932,0.0,21.15
2026-07-26 23:33:33,001,SCN1A6J_019_748_59,171,0.285,6,0.584,0.0,21.24
2026-07-26 23:43:37,001,SCN1A6J_019_748_59,138,0.23,6,0.635,0.0,21.29
2026-07-26 23:53:40,001,SCN1A6J_019_748_59,76,0.126,8,0.808,0.0,21.3
2026-07-25 00:09:37,023,SCN1A6J_019_749_65,166,0.276,7,0.628,0.0,21.69
2026-07-25 00:19:40,023,SCN1A6J_019_749_65,93,0.155,8,0.775,0.0,21.68
2026-07-25 00:29:43,023,SCN1A6J_019_749_65,2,0.003,14,0.996,0.0,21.64
2026-07-25 00:39:46,023,SCN1A6J_019_749_65,7,0.012,14,0.988,0.0,21.58
2026-07-25 00:50:22,023,SCN1A6J_019_749_65,0,0.0,15,1.0,0.0,21.63
2026-07-25 01:00:25,023,SCN1A6J_019_749_65,0,0.0,15,1.0,0.0,21.57
2026-07-25 01:10:29,023,SCN1A6J_019_749_65,22,0.037,12,0.956,0.0,21.53
2026-07-25 01:20:32,023,SCN1A6J_019_749_65,0,0.0,15,1.0,0.0,21.5
2026-07-25 01:30:35,023,SCN1A6J_019_749_65,18,0.03,14,0.969,0.0,21.48
2026-07-25 01:40:37,023,SCN1A6J_019_749_65,114,0.19,7,0.711,0.0,21.55
2026-07-25 01:50:41,023,SCN1A6J_019_749_65,237,0.394,3,0.336,0.0,21.65
2026-07-25 02:00:44,023,SCN1A6J_019_749_65,127,0.211,9,0.739,0.0,21.66
2026-07-25 02:10:46,023,SCN1A6J_019_749_65,312,0.519,3,0.278,0.0,21.7
2026-07-25 02:20:49,023,SCN1A6J_019_749_65,225,0.374,4,0.416,0.0,21.69
2026-07-25 02:30:52,023,SCN1A6J_019_749_65,118,0.197,7,0.704,0.0,21.67
2026-07-25 02:40:54,023,SCN1A6J_019_749_65,310,0.516,0,0.0,0.0,21.67
2026-07-25 02:50:57,023,SCN1A6J_019_749_65,51,0.085,11,0.896,0.0,21.64
2026-07-25 03:01:00,023,SCN1A6J_019_749_65,319,0.53,3,0.273,0.0,21.68
2026-07-25 03:11:04,023,SCN1A6J_019_749_65,334,0.556,1,0.107,0.0,21.68
2026-07-25 03:21:07,023,SCN1A6J_019_749_65,179,0.298,4,0.472,0.0,21.63
2026-07-25 03:31:10,023,SCN1A6J_019_749_65,7,0.012,13,0.987,0.0,21.56
2026-07-25 03:41:13,023,SCN1A6J_019_749_65,1,0.002,14,0.998,0.0,21.5
2026-07-25 03:51:16,023,SCN1A6J_019_749_65,14,0.023,14,0.976,0.0,21.44
2026-07-25 04:01:19,023,SCN1A6J_019_749_65,8,0.013,13,0.985,0.0,21.41
2026-07-25 04:11:22,023,SCN1A6J_019_749_65,1,0.002,15,0.998,0.0,21.4
2026-07-25 04:21:25,023,SCN1A6J_019_749_65,3,0.005,15,0.995,0.0,21.37
2026-07-25 04:31:28,023,SCN1A6J_019_749_65,13,0.022,13,0.976,0.0,21.37
2026-07-25 04:41:32,023,SCN1A6J_019_749_65,134,0.223,4,0.544,0.0,21.42
2026-07-25 04:51:55,023,SCN1A6J_019_749_65,364,0.608,2,0.18,0.0,21.65
2026-07-25 05:01:58,023,SCN1A6J_019_749_65,129,0.215,8,0.713,0.0,21.65
2026-07-25 05:12:01,023,SCN1A6J_019_749_65,298,0.496,1,0.118,0.0,21.68
2026-07-25 05:22:04,023,SCN1A6J_019_749_65,296,0.493,2,0.213,0.0,21.65
2026-07-25 05:32:07,023,SCN1A6J_019_749_65,298,0.495,2,0.212,0.0,21.63
2026-07-25 05:42:10,023,SCN1A6J_019_749_65,179,0.298,4,0.472,0.0,21.57
2026-07-25 05:52:14,023,SCN1A6J_019_749_65,140,0.233,0,0.0,0.0,21.58
2026-07-25 06:02:17,023,SCN1A6J_019_749_65,142,0.236,7,0.664,0.486,21.56
2026-07-25 06:12:21,023,SCN1A6J_019_749_65,314,0.522,2,0.203,0.4932,21.58
2026-07-25 06:22:24,023,SCN1A6J_019_749_65,127,0.211,7,0.688,0.3816,21.57
2026-07-25 06:32:27,023,SCN1A6J_019_749_65,19,0.032,12,0.962,0.3888,21.55
2026-07-25 06:42:30,023,SCN1A6J_019_749_65,0,0.0,15,1.0,0.3996,21.52
2026-07-25 06:52:32,023,SCN1A6J_019_749_65,6,0.01,14,0.989,0.5688,21.48
2026-07-25 07:02:35,023,SCN1A6J_019_749_65,0,0.0,15,1.0,0.5688,21.45
2026-07-25 07:12:38,023,SCN1A6J_019_749_65,0,0.0,15,1.0,0.5688,21.42
2026-07-25 07:22:41,023,SCN1A6J_019_749_65,0,0.0,15,1.0,0.5724,21.41
2026-07-25 07:32:45,023,SCN1A6J_019_749_65,25,0.042,12,0.95,0.4824,21.43
2026-07-25 07:42:47,023,SCN1A6J_019_749_65,31,0.052,11,0.934,0.4752,21.46
2026-07-25 07:52:50,023,SCN1A6J_019_749_65,4,0.007,14,0.993,0.4968,21.45
2026-07-25 08:02:53,023,SCN1A6J_019_749_65,0,0.0,15,1.0,0.4824,21.42
2026-07-25 08:12:56,023,SCN1A6J_019_749_65,0,0.0,15,1.0,0.4824,21.39
2026-07-25 08:22:59,023,SCN1A6J_019_749_65,0,0.0,15,1.0,0.4824,21.36
2026-07-25 08:33:02,023,SCN1A6J_019_749_65,0,0.0,15,1.0,0.4824,21.35
2026-07-25 08:43:06,023,SCN1A6J_019_749_65,0,0.0,15,1.0,0.486,21.35
2026-07-25 08:53:39,023,SCN1A6J_019_749_65,0,0.0,15,1.0,0.4824,21.42
2026-07-25 09:03:42,023,SCN1A6J_019_749_65,0,0.0,15,1.0,0.4824,21.39
2026-07-25 09:13:45,023,SCN1A6J_019_749_65,0,0.0,15,1.0,0.4824,21.38
2026-07-25 09:23:48,023,SCN1A6J_019_749_65,1,0.002,14,0.998,0.4824,21.38
2026-07-25 09:33:51,023,SCN1A6J_019_749_65,64,0.106,9,0.849,0.3456,21.4
2026-07-25 09:43:54,023,SCN1A6J_019_749_65,0,0.0,15,1.0,0.3456,21.39
2026-07-25 09:53:57,023,SCN1A6J_019_749_65,0,0.0,15,1.0,0.3636,21.39
2026-07-25 10:04:01,023,SCN1A6J_019_749_65,0,0.0,15,1.0,0.36,21.38
2026-07-25 10:14:05,023,SCN1A6J_019_749_65,0,0.0,15,1.0,0.3564,21.37
2026-07-25 10:24:08,023,SCN1A6J_019_749_65,0,0.0,15,1.0,0.3564,21.35
2026-07-25 10:34:11,023,SCN1A6J_019_749_65,0,0.0,15,1.0,0.3564,21.33
2026-07-25 10:44:15,023,SCN1A6J_019_749_65,0,0.0,15,1.0,0.3564,21.33
2026-07-25 10:54:19,023,SCN1A6J_019_749_65,0,0.0,15,1.0,0.3564,21.32
2026-07-25 11:04:22,023,SCN1A6J_019_749_65,196,0.326,4,0.449,0.2916,21.42
2026-07-25 11:14:25,023,SCN1A6J_019_749_65,4,0.007,15,0.993,0.2808,21.4
2026-07-25 11:24:28,023,SCN1A6J_019_749_65,0,0.0,15,1.0,0.2952,21.4
2026-07-25 11:34:30,023,SCN1A6J_019_749_65,2,0.003,15,0.997,0.2952,21.38
2026-07-25 11:44:33,023,SCN1A6J_019_749_65,3,0.005,14,0.995,0.3024,21.37
2026-07-25 11:54:37,023,SCN1A6J_019_749_65,0,0.0,15,1.0,0.306,21.39
2026-07-25 12:04:40,023,SCN1A6J_019_749_65,0,0.0,15,1.0,0.306,21.36
2026-07-25 12:14:43,023,SCN1A6J_019_749_65,5,0.008,15,0.992,0.3024,21.37
2026-07-25 12:24:46,023,SCN1A6J_019_749_65,5,0.008,14,0.991,0.3024,21.37
2026-07-25 12:34:49,023,SCN1A6J_019_749_65,0,0.0,15,1.0,0.306,21.37
2026-07-25 12:44:52,023,SCN1A6J_019_749_65,1,0.002,14,0.998,0.3024,21.39
2026-07-25 12:55:22,023,SCN1A6J_019_749_65,0,0.0,15,1.0,0.306,21.44
2026-07-25 13:05:25,023,SCN1A6J_019_749_65,2,0.003,14,0.996,0.306,21.41
2026-07-25 13:15:28,023,SCN1A6J_019_749_65,5,0.008,13,0.99,0.2952,21.4
2026-07-25 13:25:31,023,SCN1A6J_019_749_65,87,0.145,10,0.821,0.2952,21.48
2026-07-25 13:35:35,023,SCN1A6J_019_749_65,138,0.229,4,0.537,0.324,21.55
2026-07-25 13:45:38,023,SCN1A6J_019_749_65,5,0.008,14,0.991,0.324,21.53
2026-07-25 13:55:41,023,SCN1A6J_019_749_65,0,0.0,15,1.0,0.324,21.51
2026-07-25 14:05:44,023,SCN1A6J_019_749_65,0,0.0,15,1.0,0.324,21.48
2026-07-25 14:15:48,023,SCN1A6J_019_749_65,0,0.0,15,1.0,0.324,21.46
2026-07-25 14:25:51,023,SCN1A6J_019_749_65,0,0.0,15,1.0,0.324,21.43
2026-07-25 14:35:54,023,SCN1A6J_019_749_65,0,0.0,15,1.0,0.3168,21.42
2026-07-25 14:45:57,023,SCN1A6J_019_749_65,0,0.0,15,1.0,0.3168,21.4
2026-07-25 14:56:00,023,SCN1A6J_019_749_65,0,0.0,15,1.0,0.324,21.38
2026-07-25 15:06:03,023,SCN1A6J_019_749_65,0,0.0,15,1.0,0.324,21.39
2026-07-25 15:16:05,023,SCN1A6J_019_749_65,39,0.065,13,0.93,0.2844,21.41
2026-07-25 15:26:09,023,SCN1A6J_019_749_65,218,0.363,5,0.478,0.3096,21.53
2026-07-25 15:36:12,023,SCN1A6J_019_749_65,9,0.015,13,0.983,0.324,21.52
2026-07-25 15:46:15,023,SCN1A6J_019_749_65,0,0.0,15,1.0,0.324,21.49
2026-07-25 15:56:18,023,SCN1A6J_019_749_65,0,0.0,15,1.0,0.324,21.47
2026-07-25 16:06:22,023,SCN1A6J_019_749_65,0,0.0,15,1.0,0.324,21.42
2026-07-25 16:16:25,023,SCN1A6J_019_749_65,0,0.0,15,1.0,0.324,21.42
2026-07-25 16:26:28,023,SCN1A6J_019_749_65,0,0.0,15,1.0,0.3312,21.41
2026-07-25 16:36:31,023,SCN1A6J_019_749_65,0,0.0,15,1.0,0.3312,21.4
2026-07-25 16:46:34,023,SCN1A6J_019_749_65,117,0.195,5,0.631,0.3384,21.53
2026-07-25 16:57:05,023,SCN1A6J_019_749_65,5,0.008,14,0.991,0.3456,21.58
2026-07-25 17:07:08,023,SCN1A6J_019_749_65,0,0.0,15,1.0,0.3528,21.53
2026-07-25 17:17:11,023,SCN1A6J_019_749_65,0,0.0,15,1.0,0.3564,21.49
2026-07-25 17:27:13,023,SCN1A6J_019_749_65,1,0.002,14,0.998,0.3528,21.47
2026-07-25 17:37:16,023,SCN1A6J_019_749_65,46,0.077,13,0.919,0.3312,21.48
2026-07-25 17:47:20,023,SCN1A6J_019_749_65,22,0.037,13,0.959,0.3528,21.5
2026-07-25 17:57:23,023,SCN1A6J_019_749_65,0,0.0,15,1.0,0.3636,21.49
2026-07-25 18:07:26,023,SCN1A6J_019_749_65,0,0.0,15,1.0,0.0,21.48
2026-07-25 18:17:29,023,SCN1A6J_019_749_65,222,0.369,7,0.558,0.0,21.58
2026-07-25 18:27:33,023,SCN1A6J_019_749_65,152,0.252,4,0.513,0.0,21.68
2026-07-25 18:37:36,023,SCN1A6J_019_749_65,243,0.404,2,0.248,0.0,21.71
2026-07-25 18:47:39,023,SCN1A6J_019_749_65,255,0.424,3,0.32,0.0,21.79
2026-07-25 18:57:42,023,SCN1A6J_019_749_65,199,0.331,2,0.287,0.0,21.79
2026-07-25 19:07:45,023,SCN1A6J_019_749_65,158,0.263,6,0.603,0.0,21.76
2026-07-25 19:17:49,023,SCN1A6J_019_749_65,202,0.336,6,0.543,0.0,21.74
2026-07-25 19:27:52,023,SCN1A6J_019_749_65,250,0.415,1,0.138,0.0,21.77
2026-07-25 19:37:55,023,SCN1A6J_019_749_65,79,0.131,9,0.82,0.0,21.74
2026-07-25 19:47:58,023,SCN1A6J_019_749_65,230,0.383,1,0.148,0.0,21.73
2026-07-25 19:58:01,023,SCN1A6J_019_749_65,167,0.278,4,0.489,0.0,21.78
2026-07-25 20:08:05,023,SCN1A6J_019_749_65,147,0.244,5,0.576,0.0,21.76
2026-07-25 20:18:08,023,SCN1A6J_019_749_65,174,0.29,3,0.408,0.0,21.75
2026-07-25 20:28:11,023,SCN1A6J_019_749_65,21,0.035,12,0.958,0.0,21.71
2026-07-25 20:38:14,023,SCN1A6J_019_749_65,4,0.007,14,0.993,0.0,21.66
2026-07-25 20:48:17,023,SCN1A6J_019_749_65,19,0.032,12,0.962,0.0,21.61
2026-07-25 20:58:48,023,SCN1A6J_019_749_65,18,0.03,13,0.967,0.0,21.64
2026-07-25 21:08:52,023,SCN1A6J_019_749_65,175,0.291,3,0.407,0.0,21.65
2026-07-25 21:18:55,023,SCN1A6J_019_749_65,213,0.354,4,0.429,0.0,21.71
2026-07-25 21:28:58,023,SCN1A6J_019_749_65,147,0.245,7,0.656,0.0,21.74
2026-07-25 21:39:01,023,SCN1A6J_019_749_65,272,0.452,1,0.128,0.0,21.83
2026-07-25 21:49:04,023,SCN1A6J_019_749_65,237,0.394,1,0.144,0.0,21.88
2026-07-25 21:59:07,023,SCN1A6J_019_749_65,104,0.173,6,0.698,0.0,21.84
2026-07-25 22:09:11,023,SCN1A6J_019_749_65,209,0.347,3,0.365,0.0,21.85
2026-07-25 22:19:15,023,SCN1A6J_019_749_65,380,0.632,0,0.0,0.0,21.96
2026-07-25 22:29:17,023,SCN1A6J_019_749_65,111,0.185,8,0.742,0.0,21.89
2026-07-25 22:39:20,023,SCN1A6J_019_749_65,240,0.399,4,0.4,0.0,21.85
2026-07-25 22:49:25,023,SCN1A6J_019_749_65,226,0.375,5,0.469,0.0,21.85
2026-07-25 22:59:28,023,SCN1A6J_019_749_65,200,0.332,4,0.444,0.0,21.89
2026-07-25 23:09:31,023,SCN1A6J_019_749_65,275,0.458,1,0.127,0.0,21.98
2026-07-25 23:19:34,023,SCN1A6J_019_749_65,172,0.286,3,0.411,0.0,21.94
2026-07-25 23:29:38,023,SCN1A6J_019_749_65,105,0.175,8,0.753,0.0,21.86
2026-07-25 23:39:41,023,SCN1A6J_019_749_65,214,0.356,5,0.483,0.0,21.77
2026-07-25 23:49:45,023,SCN1A6J_019_749_65,258,0.428,4,0.383,0.0,21.8
2026-07-25 23:59:48,023,SCN1A6J_019_749_65,253,0.42,4,0.387,0.0,21.83
2026-07-26 00:09:52,023,SCN1A6J_019_749_65,88,0.146,10,0.82,0.0,21.81
2026-07-26 00:19:54,023,SCN1A6J_019_749_65,232,0.387,5,0.463,0.0,21.77
2026-07-26 00:29:57,023,SCN1A6J_019_749_65,380,0.632,1,0.095,0.0,21.75
2026-07-26 00:40:00,023,SCN1A6J_019_749_65,106,0.176,10,0.791,0.0,21.73
2026-07-26 00:50:03,023,SCN1A6J_019_749_65,475,0.79,0,0.0,0.0,21.79
2026-07-26 01:00:30,023,SCN1A6J_019_749_65,120,0.2,6,0.667,0.0,21.8
2026-07-26 01:10:33,023,SCN1A6J_019_749_65,4,0.007,15,0.993,0.0,21.7
2026-07-26 01:20:37,023,SCN1A6J_019_749_65,0,0.0,15,1.0,0.0,21.62
2026-07-26 01:30:40,023,SCN1A6J_019_749_65,0,0.0,15,1.0,0.0,21.54
2026-07-26 01:40:43,023,SCN1A6J_019_749_65,0,0.0,15,1.0,0.0,21.49
2026-07-26 01:50:45,023,SCN1A6J_019_749_65,0,0.0,15,1.0,0.0,21.45
2026-07-26 02:00:47,023,SCN1A6J_019_749_65,0,0.0,15,1.0,0.0,21.43
2026-07-26 02:10:51,023,SCN1A6J_019_749_65,0,0.0,15,1.0,0.0,21.43
2026-07-26 02:20:54,023,SCN1A6J_019_749_65,0,0.0,15,1.0,0.0,21.42
2026-07-26 02:30:57,023,SCN1A6J_019_749_65,0,0.0,15,1.0,0.0,21.42
2026-07-26 02:41:01,023,SCN1A6J_019_749_65,2,0.003,13,0.996,0.0,21.43
2026-07-26 02:51:04,023,SCN1A6J_019_749_65,138,0.229,5,0.592,0.0,21.56
2026-07-26 03:01:07,023,SCN1A6J_019_749_65,244,0.407,2,0.247,0.0,21.8
2026-07-26 03:11:10,023,SCN1A6J_019_749_65,153,0.254,8,0.677,0.0,21.85
2026-07-26 03:21:13,023,SCN1A6J_019_749_65,312,0.52,5,0.391,0.0,21.83
2026-07-26 03:31:16,023,SCN1A6J_019_749_65,308,0.512,2,0.206,0.0,21.81
2026-07-26 03:41:20,023,SCN1A6J_019_749_65,240,0.399,4,0.4,0.0,21.77
2026-07-26 03:51:23,023,SCN1A6J_019_749_65,132,0.22,9,0.732,0.0,21.78
2026-07-26 04:01:26,023,SCN1A6J_019_749_65,0,0.0,15,1.0,0.0,21.71
2026-07-26 04:11:28,023,SCN1A6J_019_749_65,0,0.0,15,1.0,0.0,21.64
2026-07-26 04:21:32,023,SCN1A6J_019_749_65,0,0.0,15,1.0,0.0,21.57
2026-07-26 04:31:35,023,SCN1A6J_019_749_65,1,0.002,15,0.998,0.0,21.52
2026-07-26 04:41:38,023,SCN1A6J_019_749_65,0,0.0,15,1.0,0.0,21.51
2026-07-26 04:51:41,023,SCN1A6J_019_749_65,91,0.151,6,0.725,0.0,21.59
2026-07-26 05:02:06,023,SCN1A6J_019_749_65,203,0.338,3,0.372,0.0,21.69
2026-07-26 05:12:09,023,SCN1A6J_019_749_65,177,0.295,3,0.404,0.0,21.74
2026-07-26 05:22:11,023,SCN1A6J_019_749_65,172,0.286,5,0.538,0.0,21.72
2026-07-26 05:32:15,023,SCN1A6J_019_749_65,97,0.161,7,0.743,0.0,21.71
2026-07-26 05:42:19,023,SCN1A6J_019_749_65,186,0.309,4,0.462,0.0,21.73
2026-07-26 05:52:21,023,SCN1A6J_019_749_65,178,0.296,6,0.574,0.0,21.69
2026-07-26 06:02:24,023,SCN1A6J_019_749_65,1,0.002,14,0.998,0.3024,21.63
2026-07-26 06:12:26,023,SCN1A6J_019_749_65,0,0.0,15,1.0,0.3132,21.57
2026-07-26 06:22:29,023,SCN1A6J_019_749_65,0,0.0,15,1.0,0.3024,21.52
2026-07-26 06:32:32,023,SCN1A6J_019_749_65,0,0.0,15,1.0,0.3024,21.51
2026-07-26 06:42:35,023,SCN1A6J_019_749_65,0,0.0,15,1.0,0.306,21.48
2026-07-26 06:52:38,023,SCN1A6J_019_749_65,0,0.0,15,1.0,0.306,21.45
2026-07-26 07:02:41,023,SCN1A6J_019_749_65,0,0.0,15,1.0,0.306,21.44
2026-07-26 07:12:45,023,SCN1A6J_019_749_65,0,0.0,15,1.0,0.306,21.43
2026-07-26 07:22:48,023,SCN1A6J_019_749_65,0,0.0,15,1.0,0.3168,21.41
2026-07-26 07:32:51,023,SCN1A6J_019_749_65,0,0.0,15,1.0,0.3024,21.4
2026-07-26 07:42:54,023,SCN1A6J_019_749_65,0,0.0,15,1.0,0.3132,21.4
2026-07-26 07:52:57,023,SCN1A6J_019_749_65,74,0.123,6,0.764,0.3024,21.43
2026-07-26 08:03:01,023,SCN1A6J_019_749_65,132,0.22,6,0.645,0.6768,21.52
2026-07-26 08:13:04,023,SCN1A6J_019_749_65,189,0.314,6,0.559,0.252,21.56
2026-07-26 08:23:07,023,SCN1A6J_019_749_65,226,0.376,3,0.347,0.27,21.63
2026-07-26 08:33:10,023,SCN1A6J_019_749_65,2,0.003,13,0.996,0.2664,21.65
2026-07-26 08:43:13,023,SCN1A6J_019_749_65,0,0.0,15,1.0,0.2664,21.63
2026-07-26 08:53:16,023,SCN1A6J_019_749_65,0,0.0,15,1.0,0.2664,21.6
2026-07-26 09:03:43,023,SCN1A6J_019_749_65,0,0.0,15,1.0,0.2664,21.65
2026-07-26 09:13:47,023,SCN1A6J_019_749_65,0,0.0,15,1.0,0.2736,21.61
2026-07-26 09:23:50,023,SCN1A6J_019_749_65,0,0.0,15,1.0,0.2772,21.57
2026-07-26 09:33:53,023,SCN1A6J_019_749_65,7,0.012,14,0.988,0.3816,21.56
2026-07-26 09:43:56,023,SCN1A6J_019_749_65,7,0.012,13,0.987,0.4032,21.59
2026-07-26 09:53:59,023,SCN1A6J_019_749_65,0,0.0,15,1.0,0.2808,21.61
2026-07-26 10:04:02,023,SCN1A6J_019_749_65,0,0.0,15,1.0,0.288,21.62
2026-07-26 10:14:05,023,SCN1A6J_019_749_65,0,0.0,15,1.0,0.2844,21.59
2026-07-26 10:24:08,023,SCN1A6J_019_749_65,0,0.0,15,1.0,0.2736,21.57
2026-07-26 10:34:11,023,SCN1A6J_019_749_65,0,0.0,15,1.0,0.2736,21.55
2026-07-26 10:44:14,023,SCN1A6J_019_749_65,0,0.0,15,1.0,0.2844,21.52
2026-07-26 10:54:17,023,SCN1A6J_019_749_65,0,0.0,15,1.0,0.2736,21.5
2026-07-26 11:04:20,023,SCN1A6J_019_749_65,3,0.005,14,0.995,0.2736,21.48
2026-07-26 11:14:24,023,SCN1A6J_019_749_65,0,0.0,15,1.0,0.2736,21.46
2026-07-26 11:24:27,023,SCN1A6J_019_749_65,0,0.0,15,1.0,0.2736,21.45
2026-07-26 11:34:30,023,SCN1A6J_019_749_65,0,0.0,15,1.0,0.2736,21.44
2026-07-26 11:44:33,023,SCN1A6J_019_749_65,0,0.0,15,1.0,0.2736,21.44
2026-07-26 11:54:36,023,SCN1A6J_019_749_65,0,0.0,15,1.0,0.2736,21.45
2026-07-26 12:04:38,023,SCN1A6J_019_749_65,80,0.133,9,0.818,0.2808,21.5
2026-07-26 12:14:42,023,SCN1A6J_019_749_65,154,0.256,4,0.51,0.2664,21.6
2026-07-26 12:24:45,023,SCN1A6J_019_749_65,0,0.0,15,1.0,0.2664,21.57
2026-07-26 12:34:49,023,SCN1A6J_019_749_65,0,0.0,15,1.0,0.2664,21.56
2026-07-26 12:44:52,023,SCN1A6J_019_749_65,0,0.0,15,1.0,0.2664,21.52
2026-07-26 12:54:55,023,SCN1A6J_019_749_65,0,0.0,15,1.0,0.2664,21.51
2026-07-26 13:05:34,023,SCN1A6J_019_749_65,0,0.0,15,1.0,0.2664,21.58
2026-07-26 13:15:38,023,SCN1A6J_019_749_65,0,0.0,15,1.0,0.2664,21.54
2026-07-26 13:25:41,023,SCN1A6J_019_749_65,0,0.0,15,1.0,0.2844,21.51
2026-07-26 13:35:44,023,SCN1A6J_019_749_65,0,0.0,15,1.0,0.2736,21.49
2026-07-26 13:45:46,023,SCN1A6J_019_749_65,0,0.0,15,1.0,0.2772,21.48
2026-07-26 13:55:50,023,SCN1A6J_019_749_65,0,0.0,15,1.0,0.2772,21.46
2026-07-26 14:05:54,023,SCN1A6J_019_749_65,0,0.0,15,1.0,0.2772,21.45
2026-07-26 14:15:56,023,SCN1A6J_019_749_65,0,0.0,15,1.0,0.2664,21.46
2026-07-26 14:25:59,023,SCN1A6J_019_749_65,30,0.05,12,0.941,0.216,21.51
2026-07-26 14:36:02,023,SCN1A6J_019_749_65,96,0.16,5,0.676,0.2952,21.58
2026-07-26 14:46:05,023,SCN1A6J_019_749_65,62,0.103,11,0.876,0.5688,21.58
2026-07-26 14:56:08,023,SCN1A6J_019_749_65,60,0.1,11,0.88,0.324,21.57
2026-07-26 15:06:11,023,SCN1A6J_019_749_65,17,0.028,13,0.968,0.6696,21.55
2026-07-26 15:16:14,023,SCN1A6J_019_749_65,0,0.0,15,1.0,0.6804,21.51
2026-07-26 15:26:17,023,SCN1A6J_019_749_65,0,0.0,15,1.0,0.6948,21.46
2026-07-26 15:36:21,023,SCN1A6J_019_749_65,0,0.0,15,1.0,0.6984,21.42
2026-07-26 15:46:24,023,SCN1A6J_019_749_65,0,0.0,15,1.0,0.6948,21.37
2026-07-26 15:56:27,023,SCN1A6J_019_749_65,0,0.0,15,1.0,0.7056,21.32
2026-07-26 16:06:30,023,SCN1A6J_019_749_65,77,0.128,9,0.824,0.3888,21.44
2026-07-26 16:16:33,023,SCN1A6J_019_749_65,205,0.341,7,0.577,0.3168,21.5
2026-07-26 16:26:37,023,SCN1A6J_019_749_65,254,0.422,4,0.386,0.4212,21.49
2026-07-26 16:36:40,023,SCN1A6J_019_749_65,126,0.209,9,0.741,0.2808,21.48
2026-07-26 16:46:43,023,SCN1A6J_019_749_65,0,0.0,15,1.0,0.2844,21.44
2026-07-26 16:56:45,023,SCN1A6J_019_749_65,0,0.0,15,1.0,0.2736,21.41
2026-07-26 17:07:09,023,SCN1A6J_019_749_65,3,0.005,14,0.995,0.2844,21.42
2026-07-26 17:17:12,023,SCN1A6J_019_749_65,3,0.005,14,0.995,0.2808,21.39
2026-07-26 17:27:15,023,SCN1A6J_019_749_65,0,0.0,15,1.0,0.2916,21.41
2026-07-26 17:37:18,023,SCN1A6J_019_749_65,36,0.06,12,0.93,0.3276,21.46
2026-07-26 17:47:21,023,SCN1A6J_019_749_65,2,0.003,14,0.996,0.324,21.43
2026-07-26 17:57:25,023,SCN1A6J_019_749_65,13,0.022,14,0.977,0.3096,21.46
2026-07-26 18:07:28,023,SCN1A6J_019_749_65,82,0.136,7,0.773,0.0,21.52
2026-07-26 18:17:31,023,SCN1A6J_019_749_65,389,0.647,2,0.171,0.0,21.71
2026-07-26 18:27:34,023,SCN1A6J_019_749_65,247,0.411,5,0.447,0.0,21.78
2026-07-26 18:37:38,023,SCN1A6J_019_749_65,249,0.414,3,0.325,0.0,21.82
2026-07-26 18:47:41,023,SCN1A6J_019_749_65,210,0.349,2,0.276,0.0,21.8
2026-07-26 18:57:44,023,SCN1A6J_019_749_65,363,0.604,1,0.099,0.0,21.87
2026-07-26 19:07:47,023,SCN1A6J_019_749_65,239,0.398,6,0.501,0.0,21.88
2026-07-26 19:17:50,023,SCN1A6J_019_749_65,132,0.219,4,0.548,0.0,21.9
2026-07-26 19:27:52,023,SCN1A6J_019_749_65,3,0.005,15,0.995,0.0,21.85
2026-07-26 19:37:56,023,SCN1A6J_019_749_65,14,0.023,13,0.974,0.0,21.79
2026-07-26 19:48:00,023,SCN1A6J_019_749_65,38,0.063,11,0.921,0.0,21.76
2026-07-26 19:58:03,023,SCN1A6J_019_749_65,122,0.203,6,0.663,0.0,21.8
2026-07-26 20:08:06,023,SCN1A6J_019_749_65,181,0.301,4,0.469,0.0,21.81
2026-07-26 20:18:10,023,SCN1A6J_019_749_65,230,0.382,3,0.343,0.0,21.82
2026-07-26 20:28:13,023,SCN1A6J_019_749_65,295,0.491,2,0.213,0.0,21.87
2026-07-26 20:38:15,023,SCN1A6J_019_749_65,250,0.416,3,0.324,0.0,21.85
2026-07-26 20:48:19,023,SCN1A6J_019_749_65,37,0.062,10,0.915,0.0,21.84
2026-07-26 20:58:22,023,SCN1A6J_019_749_65,11,0.018,13,0.979,0.0,21.8
2026-07-26 21:08:51,023,SCN1A6J_019_749_65,14,0.023,14,0.976,0.0,21.82
2026-07-26 21:18:54,023,SCN1A6J_019_749_65,91,0.151,8,0.779,0.0,21.8
2026-07-26 21:28:57,023,SCN1A6J_019_749_65,161,0.268,6,0.599,0.0,21.83
2026-07-26 21:39:00,023,SCN1A6J_019_749_65,152,0.253,7,0.648,0.0,21.8
2026-07-26 21:49:03,023,SCN1A6J_019_749_65,13,0.022,12,0.974,0.0,21.75
2026-07-26 21:59:06,023,SCN1A6J_019_749_65,15,0.025,13,0.972,0.0,21.72
2026-07-26 22:09:09,023,SCN1A6J_019_749_65,46,0.077,9,0.887,0.0,21.7
2026-07-26 22:19:13,023,SCN1A6J_019_749_65,141,0.235,8,0.694,0.0,21.76
2026-07-26 22:29:16,023,SCN1A6J_019_749_65,138,0.23,8,0.699,0.0,21.72
2026-07-26 22:39:19,023,SCN1A6J_019_749_65,94,0.156,10,0.81,0.0,21.72
2026-07-26 22:49:22,023,SCN1A6J_019_749_65,441,0.734,0,0.0,0.0,21.82
2026-07-26 22:59:25,023,SCN1A6J_019_749_65,239,0.398,4,0.401,0.0,21.81
2026-07-26 23:09:28,023,SCN1A6J_019_749_65,12,0.02,13,0.977,0.0,21.75
2026-07-26 23:19:32,023,SCN1A6J_019_749_65,9,0.015,13,0.983,0.0,21.69
2026-07-26 23:29:34,023,SCN1A6J_019_749_65,9,0.015,14,0.984,0.0,21.63
2026-07-26 23:39:37,023,SCN1A6J_019_749_65,17,0.028,12,0.966,0.0,21.59
2026-07-26 23:49:40,023,SCN1A6J_019_749_65,15,0.025,12,0.97,0.0,21.57
2026-07-26 23:59:43,023,SCN1A6J_019_749_65,23,0.038,11,0.95,0.0,21.56
2026-07-25 00:08:23,041,SCN1A6J_019_757_41,0,0.0,15,1.0,0.0,21.3
2026-07-25 00:18:25,041,SCN1A6J_019_757_41,0,0.0,15,1.0,0.0,21.29
2026-07-25 00:28:28,041,SCN1A6J_019_757_41,0,0.0,15,1.0,0.0,21.26
2026-07-25 00:38:31,041,SCN1A6J_019_757_41,0,0.0,15,1.0,0.0,21.25
2026-07-25 00:48:33,041,SCN1A6J_019_757_41,0,0.0,15,1.0,0.0,21.25
2026-07-25 00:58:36,041,SCN1A6J_019_757_41,0,0.0,15,1.0,0.0,21.25
2026-07-25 01:08:39,041,SCN1A6J_019_757_41,0,0.0,15,1.0,0.0,21.29
2026-07-25 01:19:01,041,SCN1A6J_019_757_41,87,0.145,9,0.805,0.0,21.38
2026-07-25 01:29:04,041,SCN1A6J_019_757_41,0,0.0,15,1.0,0.0,21.38
2026-07-25 01:39:07,041,SCN1A6J_019_757_41,0,0.0,15,1.0,0.0,21.35
2026-07-25 01:49:10,041,SCN1A6J_019_757_41,0,0.0,15,1.0,0.0,21.33
2026-07-25 01:59:13,041,SCN1A6J_019_757_41,0,0.0,15,1.0,0.0,21.32
2026-07-25 02:09:17,041,SCN1A6J_019_757_41,0,0.0,15,1.0,0.0,21.31
2026-07-25 02:19:20,041,SCN1A6J_019_757_41,0,0.0,15,1.0,0.0,21.31
2026-07-25 02:29:23,041,SCN1A6J_019_757_41,0,0.0,15,1.0,0.0,21.31
2026-07-25 02:39:26,041,SCN1A6J_019_757_41,0,0.0,15,1.0,0.0,21.3
2026-07-25 02:49:29,041,SCN1A6J_019_757_41,0,0.0,15,1.0,0.0,21.3
2026-07-25 02:59:33,041,SCN1A6J_019_757_41,72,0.12,11,0.859,0.0,21.31
2026-07-25 03:09:36,041,SCN1A6J_019_757_41,0,0.0,15,1.0,0.0,21.32
2026-07-25 03:19:39,041,SCN1A6J_019_757_41,0,0.0,15,1.0,0.0,21.33
2026-07-25 03:29:42,041,SCN1A6J_019_757_41,0,0.0,15,1.0,0.0,21.32
2026-07-25 03:39:46,041,SCN1A6J_019_757_41,0,0.0,15,1.0,0.0,21.31
2026-07-25 03:49:49,041,SCN1A6J_019_757_41,0,0.0,15,1.0,0.0,21.31
2026-07-25 03:59:52,041,SCN1A6J_019_757_41,0,0.0,15,1.0,0.0,21.29
2026-07-25 04:09:55,041,SCN1A6J_019_757_41,0,0.0,15,1.0,0.0,21.29
2026-07-25 04:19:58,041,SCN1A6J_019_757_41,0,0.0,15,1.0,0.0,21.28
2026-07-25 04:30:01,041,SCN1A6J_019_757_41,0,0.0,15,1.0,0.0,21.26
2026-07-25 04:40:04,041,SCN1A6J_019_757_41,0,0.0,15,1.0,0.0,21.26
2026-07-25 04:50:07,041,SCN1A6J_019_757_41,0,0.0,15,1.0,0.0,21.25
2026-07-25 05:00:11,041,SCN1A6J_019_757_41,0,0.0,15,1.0,0.0,21.24
2026-07-25 05:10:13,041,SCN1A6J_019_757_41,0,0.0,15,1.0,0.0,21.24
2026-07-25 05:20:38,041,SCN1A6J_019_757_41,0,0.0,15,1.0,0.0,21.31
2026-07-25 05:30:41,041,SCN1A6J_019_757_41,0,0.0,15,1.0,0.0,21.29
2026-07-25 05:40:44,041,SCN1A6J_019_757_41,0,0.0,15,1.0,0.0,21.29
2026-07-25 05:50:48,041,SCN1A6J_019_757_41,0,0.0,15,1.0,0.0,21.28
2026-07-25 06:00:50,041,SCN1A6J_019_757_41,0,0.0,15,1.0,0.7632,21.26
2026-07-25 06:10:54,041,SCN1A6J_019_757_41,0,0.0,15,1.0,0.756,21.26
2026-07-25 06:20:57,041,SCN1A6J_019_757_41,0,0.0,15,1.0,0.7488,21.26
2026-07-25 06:31:00,041,SCN1A6J_019_757_41,0,0.0,15,1.0,0.7488,21.25
2026-07-25 06:41:03,041,SCN1A6J_019_757_41,0,0.0,15,1.0,0.7488,21.25
2026-07-25 06:51:06,041,SCN1A6J_019_757_41,0,0.0,15,1.0,0.7416,21.25
2026-07-25 07:01:09,041,SCN1A6J_019_757_41,0,0.0,15,1.0,0.7524,21.23
2026-07-25 07:11:12,041,SCN1A6J_019_757_41,0,0.0,15,1.0,0.7524,21.23
2026-07-25 07:21:15,041,SCN1A6J_019_757_41,0,0.0,15,1.0,0.7488,21.23
2026-07-25 07:31:18,041,SCN1A6J_019_757_41,86,0.143,10,0.823,0.7668,21.26
2026-07-25 07:41:21,041,SCN1A6J_019_757_41,6,0.01,13,0.989,0.7236,21.28
2026-07-25 07:51:25,041,SCN1A6J_019_757_41,55,0.092,12,0.897,0.7668,21.34
2026-07-25 08:01:28,041,SCN1A6J_019_757_41,51,0.085,12,0.904,0.7632,21.37
2026-07-25 08:11:32,041,SCN1A6J_019_757_41,86,0.143,11,0.837,0.7488,21.44
2026-07-25 08:21:34,041,SCN1A6J_019_757_41,27,0.045,13,0.951,0.7416,21.42
2026-07-25 08:31:38,041,SCN1A6J_019_757_41,9,0.015,14,0.984,0.7488,21.43
2026-07-25 08:41:40,041,SCN1A6J_019_757_41,0,0.0,15,1.0,0.7488,21.39
2026-07-25 08:51:44,041,SCN1A6J_019_757_41,0,0.0,15,1.0,0.756,21.35
2026-07-25 09:01:47,041,SCN1A6J_019_757_41,0,0.0,15,1.0,0.756,21.31
2026-07-25 09:11:50,041,SCN1A6J_019_757_41,0,0.0,15,1.0,0.7596,21.3
2026-07-25 09:22:18,041,SCN1A6J_019_757_41,0,0.0,15,1.0,0.7488,21.33
2026-07-25 09:32:21,041,SCN1A6J_019_757_41,0,0.0,15,1.0,0.756,21.29
2026-07-25 09:42:24,041,SCN1A6J_019_757_41,0,0.0,15,1.0,0.756,21.26
2026-07-25 09:52:27,041,SCN1A6J_019_757_41,0,0.0,15,1.0,0.8136,21.25
2026-07-25 10:02:30,041,SCN1A6J_019_757_41,0,0.0,15,1.0,0.8064,21.24
2026-07-25 10:12:34,041,SCN1A6J_019_757_41,0,0.0,15,1.0,0.756,21.24
2026-07-25 10:22:37,041,SCN1A6J_019_757_41,0,0.0,15,1.0,0.7488,21.25
2026-07-25 10:32:40,041,SCN1A6J_019_757_41,0,0.0,15,1.0,0.7596,21.24
2026-07-25 10:42:44,041,SCN1A6J_019_757_41,0,0.0,15,1.0,0.756,21.23
2026-07-25 10:52:47,041,SCN1A6J_019_757_41,41,0.068,13,0.927,0.7488,21.26
2026-07-25 11:02:50,041,SCN1A6J_019_757_41,24,0.04,13,0.956,0.7488,21.28
2026-07-25 11:12:54,041,SCN1A6J_019_757_41,4,0.007,13,0.992,0.7452,21.29
2026-07-25 11:22:57,041,SCN1A6J_019_757_41,30,0.05,13,0.945,0.7272,21.33
2026-07-25 11:33:01,041,SCN1A6J_019_757_41,0,0.0,15,1.0,0.738,21.34
2026-07-25 11:43:04,041,SCN1A6J_019_757_41,0,0.0,15,1.0,0.738,21.33
2026-07-25 11:53:07,041,SCN1A6J_019_757_41,0,0.0,15,1.0,0.7272,21.34
2026-07-25 12:03:10,041,SCN1A6J_019_757_41,0,0.0,15,1.0,0.738,21.33
2026-07-25 12:13:13,041,SCN1A6J_019_757_41,0,0.0,15,1.0,0.7272,21.32
2026-07-25 12:23:16,041,SCN1A6J_019_757_41,0,0.0,15,1.0,0.738,21.31
2026-07-25 12:33:20,041,SCN1A6J_019_757_41,0,0.0,15,1.0,0.738,21.3
2026-07-25 12:43:22,041,SCN1A6J_019_757_41,0,0.0,15,1.0,0.738,21.29
2026-07-25 12:53:25,041,SCN1A6J_019_757_41,0,0.0,15,1.0,0.7344,21.29
2026-07-25 13:03:28,041,SCN1A6J_019_757_41,0,0.0,15,1.0,0.7344,21.28
2026-07-25 13:13:31,041,SCN1A6J_019_757_41,0,0.0,15,1.0,0.738,21.28
2026-07-25 13:23:52,041,SCN1A6J_019_757_41,0,0.0,15,1.0,0.7344,21.32
2026-07-25 13:33:56,041,SCN1A6J_019_757_41,0,0.0,15,1.0,0.738,21.3
2026-07-25 13:43:59,041,SCN1A6J_019_757_41,0,0.0,15,1.0,0.7344,21.3
2026-07-25 13:54:02,041,SCN1A6J_019_757_41,0,0.0,15,1.0,0.7272,21.29
2026-07-25 14:04:05,041,SCN1A6J_019_757_41,0,0.0,15,1.0,0.738,21.28
2026-07-25 14:14:08,041,SCN1A6J_019_757_41,0,0.0,15,1.0,0.7272,21.26
2026-07-25 14:24:11,041,SCN1A6J_019_757_41,0,0.0,15,1.0,0.738,21.25
2026-07-25 14:34:14,041,SCN1A6J_019_757_41,0,0.0,15,1.0,0.738,21.24
2026-07-25 14:44:17,041,SCN1A6J_019_757_41,0,0.0,15,1.0,0.738,21.23
2026-07-25 14:54:20,041,SCN1A6J_019_757_41,0,0.0,15,1.0,0.7272,21.22
2026-07-25 15:04:23,041,SCN1A6J_019_757_41,0,0.0,15,1.0,0.738,21.22
2026-07-25 15:14:26,041,SCN1A6J_019_757_41,0,0.0,15,1.0,0.7272,21.24
2026-07-25 15:24:29,041,SCN1A6J_019_757_41,0,0.0,15,1.0,0.738,21.24
2026-07-25 15:34:32,041,SCN1A6J_019_757_41,0,0.0,15,1.0,0.738,21.23
2026-07-25 15:44:35,041,SCN1A6J_019_757_41,0,0.0,15,1.0,0.7272,21.25
2026-07-25 15:54:38,041,SCN1A6J_019_757_41,0,0.0,15,1.0,0.738,21.26
2026-07-25 16:04:41,041,SCN1A6J_019_757_41,0,0.0,15,1.0,0.7344,21.28
2026-07-25 16:14:45,041,SCN1A6J_019_757_41,0,0.0,15,1.0,0.7344,21.3
2026-07-25 16:24:48,041,SCN1A6J_019_757_41,0,0.0,15,1.0,0.7344,21.3
2026-07-25 16:34:52,041,SCN1A6J_019_757_41,0,0.0,15,1.0,0.7344,21.31
2026-07-25 16:44:55,041,SCN1A6J_019_757_41,0,0.0,15,1.0,0.7344,21.31
2026-07-25 16:54:59,041,SCN1A6J_019_757_41,0,0.0,15,1.0,0.7344,21.3
2026-07-25 17:05:02,041,SCN1A6J_019_757_41,0,0.0,15,1.0,0.738,21.31
2026-07-25 17:15:05,041,SCN1A6J_019_757_41,0,0.0,15,1.0,0.7344,21.33
2026-07-25 17:25:34,041,SCN1A6J_019_757_41,0,0.0,15,1.0,0.7272,21.39
2026-07-25 17:35:37,041,SCN1A6J_019_757_41,0,0.0,15,1.0,0.7344,21.36
2026-07-25 17:45:40,041,SCN1A6J_019_757_41,0,0.0,15,1.0,0.7344,21.37
2026-07-25 17:55:43,041,SCN1A6J_019_757_41,0,0.0,15,1.0,0.738,21.35
2026-07-25 18:05:46,041,SCN1A6J_019_757_41,0,0.0,15,1.0,0.0,21.36
2026-07-25 18:15:49,041,SCN1A6J_019_757_41,0,0.0,15,1.0,0.0,21.36
2026-07-25 18:25:52,041,SCN1A6J_019_757_41,0,0.0,15,1.0,0.0,21.36
2026-07-25 18:35:56,041,SCN1A6J_019_757_41,0,0.0,15,1.0,0.0,21.36
2026-07-25 18:45:59,041,SCN1A6J_019_757_41,0,0.0,15,1.0,0.0,21.36
2026-07-25 18:56:02,041,SCN1A6J_019_757_41,0,0.0,15,1.0,0.0,21.36
2026-07-25 19:06:05,041,SCN1A6J_019_757_41,0,0.0,15,1.0,0.0,21.35
2026-07-25 19:16:08,041,SCN1A6J_019_757_41,0,0.0,15,1.0,0.0,21.35
2026-07-25 19:26:11,041,SCN1A6J_019_757_41,0,0.0,15,1.0,0.0,21.37
2026-07-25 19:36:14,041,SCN1A6J_019_757_41,0,0.0,15,1.0,0.0,21.35
2026-07-25 19:46:17,041,SCN1A6J_019_757_41,0,0.0,15,1.0,0.0,21.36
2026-07-25 19:56:21,041,SCN1A6J_019_757_41,0,0.0,15,1.0,0.0,21.37
2026-07-25 20:06:24,041,SCN1A6J_019_757_41,0,0.0,15,1.0,0.0,21.37
2026-07-25 20:16:28,041,SCN1A6J_019_757_41,0,0.0,15,1.0,0.0,21.37
2026-07-25 20:26:30,041,SCN1A6J_019_757_41,0,0.0,15,1.0,0.0,21.37
2026-07-25 20:36:33,041,SCN1A6J_019_757_41,0,0.0,15,1.0,0.0,21.36
2026-07-25 20:46:37,041,SCN1A6J_019_757_41,0,0.0,15,1.0,0.0,21.37
2026-07-25 20:56:40,041,SCN1A6J_019_757_41,0,0.0,15,1.0,0.0,21.37
2026-07-25 21:06:43,041,SCN1A6J_019_757_41,0,0.0,15,1.0,0.0,21.37
2026-07-25 21:16:47,041,SCN1A6J_019_757_41,0,0.0,15,1.0,0.0,21.36
2026-07-25 21:27:16,041,SCN1A6J_019_757_41,0,0.0,15,1.0,0.0,21.44
2026-07-25 21:37:18,041,SCN1A6J_019_757_41,0,0.0,15,1.0,0.0,21.42
2026-07-25 21:47:22,041,SCN1A6J_019_757_41,0,0.0,15,1.0,0.0,21.41
2026-07-25 21:57:25,041,SCN1A6J_019_757_41,0,0.0,15,1.0,0.0,21.4
2026-07-25 22:07:29,041,SCN1A6J_019_757_41,0,0.0,15,1.0,0.0,21.38
2026-07-25 22:17:32,041,SCN1A6J_019_757_41,0,0.0,15,1.0,0.0,21.36
2026-07-25 22:27:35,041,SCN1A6J_019_757_41,0,0.0,15,1.0,0.0,21.33
2026-07-25 22:37:38,041,SCN1A6J_019_757_41,0,0.0,15,1.0,0.0,21.33
2026-07-25 22:47:41,041,SCN1A6J_019_757_41,25,0.042,13,0.954,0.0,21.38
2026-07-25 22:57:44,041,SCN1A6J_019_757_41,16,0.027,13,0.97,0.0,21.42
2026-07-25 23:07:47,041,SCN1A6J_019_757_41,0,0.0,15,1.0,0.0,21.45
2026-07-25 23:17:50,041,SCN1A6J_019_757_41,6,0.01,14,0.989,0.0,21.47
2026-07-25 23:27:53,041,SCN1A6J_019_757_41,27,0.045,10,0.937,0.0,21.51
2026-07-25 23:37:56,041,SCN1A6J_019_757_41,35,0.058,8,0.901,0.0,21.57
2026-07-25 23:47:59,041,SCN1A6J_019_757_41,97,0.161,11,0.819,0.0,21.62
2026-07-25 23:58:02,041,SCN1A6J_019_757_41,0,0.0,15,1.0,0.0,21.61
2026-07-26 00:08:06,041,SCN1A6J_019_757_41,0,0.0,15,1.0,0.0,21.59
2026-07-26 00:18:09,041,SCN1A6J_019_757_41,0,0.0,15,1.0,0.0,21.55
2026-07-26 00:28:12,041,SCN1A6J_019_757_41,21,0.035,11,0.954,0.0,21.55
2026-07-26 00:38:16,041,SCN1A6J_019_757_41,3,0.005,14,0.995,0.0,21.56
2026-07-26 00:48:18,041,SCN1A6J_019_757_41,6,0.01,12,0.988,0.0,21.55
2026-07-26 00:58:22,041,SCN1A6J_019_757_41,0,0.0,15,1.0,0.0,21.55
2026-07-26 01:08:25,041,SCN1A6J_019_757_41,0,0.0,15,1.0,0.0,21.54
2026-07-26 01:18:27,041,SCN1A6J_019_757_41,0,0.0,15,1.0,0.0,21.51
2026-07-26 01:28:50,041,SCN1A6J_019_757_41,1,0.002,14,0.998,0.0,21.53
2026-07-26 01:38:54,041,SCN1A6J_019_757_41,0,0.0,15,1.0,0.0,21.49
2026-07-26 01:48:57,041,SCN1A6J_019_757_41,0,0.0,15,1.0,0.0,21.46
2026-07-26 01:59:00,041,SCN1A6J_019_757_41,0,0.0,15,1.0,0.0,21.43
2026-07-26 02:09:04,041,SCN1A6J_019_757_41,0,0.0,15,1.0,0.0,21.41
2026-07-26 02:19:06,041,SCN1A6J_019_757_41,0,0.0,15,1.0,0.0,21.39
2026-07-26 02:29:09,041,SCN1A6J_019_757_41,0,0.0,15,1.0,0.0,21.38
2026-07-26 02:39:13,041,SCN1A6J_019_757_41,0,0.0,15,1.0,0.0,21.37
2026-07-26 02:49:16,041,SCN1A6J_019_757_41,0,0.0,15,1.0,0.0,21.35
2026-07-26 02:59:19,041,SCN1A6J_019_757_41,0,0.0,15,1.0,0.0,21.34
2026-07-26 03:09:22,041,SCN1A6J_019_757_41,0,0.0,15,1.0,0.0,21.35
2026-07-26 03:19:26,041,SCN1A6J_019_757_41,0,0.0,15,1.0,0.0,21.34
2026-07-26 03:29:29,041,SCN1A6J_019_757_41,5,0.008,13,0.99,0.0,21.35
2026-07-26 03:39:32,041,SCN1A6J_019_757_41,14,0.023,13,0.974,0.0,21.41
2026-07-26 03:49:34,041,SCN1A6J_019_757_41,0,0.0,15,1.0,0.0,21.41
2026-07-26 03:59:37,041,SCN1A6J_019_757_41,0,0.0,15,1.0,0.0,21.39
2026-07-26 04:09:41,041,SCN1A6J_019_757_41,0,0.0,15,1.0,0.0,21.38
2026-07-26 04:19:44,041,SCN1A6J_019_757_41,0,0.0,15,1.0,0.0,21.35
2026-07-26 04:29:47,041,SCN1A6J_019_757_41,0,0.0,15,1.0,0.0,21.34
2026-07-26 04:39:50,041,SCN1A6J_019_757_41,0,0.0,15,1.0,0.0,21.33
2026-07-26 04:49:53,041,SCN1A6J_019_757_41,0,0.0,15,1.0,0.0,21.34
2026-07-26 04:59:56,041,SCN1A6J_019_757_41,0,0.0,15,1.0,0.0,21.34
2026-07-26 05:10:00,041,SCN1A6J_019_757_41,0,0.0,15,1.0,0.0,21.33
2026-07-26 05:20:03,041,SCN1A6J_019_757_41,0,0.0,15,1.0,0.0,21.34
2026-07-26 05:30:25,041,SCN1A6J_019_757_41,0,0.0,15,1.0,0.0,21.39
2026-07-26 05:40:28,041,SCN1A6J_019_757_41,0,0.0,15,1.0,0.0,21.34
2026-07-26 05:50:32,041,SCN1A6J_019_757_41,0,0.0,15,1.0,0.0,21.33
2026-07-26 06:00:35,041,SCN1A6J_019_757_41,0,0.0,15,1.0,0.774,21.33
2026-07-26 06:10:38,041,SCN1A6J_019_757_41,0,0.0,15,1.0,0.7632,21.32
2026-07-26 06:20:42,041,SCN1A6J_019_757_41,0,0.0,15,1.0,0.756,21.31
2026-07-26 06:30:45,041,SCN1A6J_019_757_41,0,0.0,15,1.0,0.756,21.3
2026-07-26 06:40:47,041,SCN1A6J_019_757_41,0,0.0,15,1.0,0.756,21.29
2026-07-26 06:50:51,041,SCN1A6J_019_757_41,0,0.0,15,1.0,0.756,21.29
2026-07-26 07:00:54,041,SCN1A6J_019_757_41,0,0.0,15,1.0,0.7596,21.28
2026-07-26 07:10:57,041,SCN1A6J_019_757_41,0,0.0,15,1.0,0.7416,21.28
2026-07-26 07:21:01,041,SCN1A6J_019_757_41,0,0.0,15,1.0,0.7344,21.29
2026-07-26 07:31:04,041,SCN1A6J_019_757_41,0,0.0,15,1.0,0.7416,21.29
2026-07-26 07:41:07,041,SCN1A6J_019_757_41,0,0.0,15,1.0,0.7452,21.29
2026-07-26 07:51:10,041,SCN1A6J_019_757_41,0,0.0,15,1.0,0.7452,21.29
2026-07-26 08:01:13,041,SCN1A6J_019_757_41,0,0.0,15,1.0,0.7344,21.31
2026-07-26 08:11:16,041,SCN1A6J_019_757_41,0,0.0,15,1.0,0.7416,21.31
2026-07-26 08:21:19,041,SCN1A6J_019_757_41,0,0.0,15,1.0,0.7452,21.32
2026-07-26 08:31:23,041,SCN1A6J_019_757_41,37,0.062,13,0.934,0.7344,21.34
2026-07-26 08:41:26,041,SCN1A6J_019_757_41,31,0.052,14,0.948,0.7344,21.36
2026-07-26 08:51:29,041,SCN1A6J_019_757_41,56,0.093,12,0.896,0.7272,21.41
2026-07-26 09:01:32,041,SCN1A6J_019_757_41,0,0.0,15,1.0,0.7452,21.43
2026-07-26 09:11:36,041,SCN1A6J_019_757_41,0,0.0,15,1.0,0.738,21.42
2026-07-26 09:21:39,041,SCN1A6J_019_757_41,0,0.0,15,1.0,0.792,21.41
2026-07-26 09:32:08,041,SCN1A6J_019_757_41,0,0.0,15,1.0,1.08,21.46
2026-07-26 09:42:12,041,SCN1A6J_019_757_41,0,0.0,15,1.0,1.08,21.45
2026-07-26 09:52:15,041,SCN1A6J_019_757_41,0,0.0,15,1.0,0.7848,21.48
2026-07-26 10:02:18,041,SCN1A6J_019_757_41,0,0.0,15,1.0,0.7848,21.48
2026-07-26 10:12:21,041,SCN1A6J_019_757_41,0,0.0,15,1.0,0.7344,21.46
2026-07-26 10:22:24,041,SCN1A6J_019_757_41,0,0.0,15,1.0,0.7272,21.46
2026-07-26 10:32:28,041,SCN1A6J_019_757_41,0,0.0,15,1.0,0.7272,21.43
2026-07-26 10:42:31,041,SCN1A6J_019_757_41,0,0.0,15,1.0,0.738,21.43
2026-07-26 10:52:35,041,SCN1A6J_019_757_41,0,0.0,15,1.0,0.7344,21.41
2026-07-26 11:02:37,041,SCN1A6J_019_757_41,0,0.0,15,1.0,0.7344,21.39
2026-07-26 11:12:40,041,SCN1A6J_019_757_41,0,0.0,15,1.0,0.7344,21.37
2026-07-26 11:22:45,041,SCN1A6J_019_757_41,0,0.0,15,1.0,0.7344,21.36
2026-07-26 11:32:48,041,SCN1A6J_019_757_41,0,0.0,15,1.0,0.738,21.33
2026-07-26 11:42:51,041,SCN1A6J_019_757_41,0,0.0,15,1.0,0.7344,21.33
2026-07-26 11:52:54,041,SCN1A6J_019_757_41,0,0.0,15,1.0,0.7344,21.31
2026-07-26 12:02:57,041,SCN1A6J_019_757_41,0,0.0,15,1.0,0.7452,21.31
2026-07-26 12:13:00,041,SCN1A6J_019_757_41,0,0.0,15,1.0,0.7344,21.3
2026-07-26 12:23:03,041,SCN1A6J_019_757_41,0,0.0,15,1.0,0.7344,21.3
2026-07-26 12:33:06,041,SCN1A6J_019_757_41,0,0.0,15,1.0,0.7452,21.3
2026-07-26 12:43:09,041,SCN1A6J_019_757_41,1,0.002,14,0.998,0.738,21.31
2026-07-26 12:53:13,041,SCN1A6J_019_757_41,2,0.003,15,0.997,0.7272,21.32
2026-07-26 13:03:15,041,SCN1A6J_019_757_41,33,0.055,13,0.94,0.72,21.35
2026-07-26 13:13:18,041,SCN1A6J_019_757_41,0,0.0,15,1.0,0.7272,21.36
2026-07-26 13:23:22,041,SCN1A6J_019_757_41,0,0.0,15,1.0,0.7848,21.35
2026-07-26 13:33:48,041,SCN1A6J_019_757_41,0,0.0,15,1.0,0.7776,21.39
2026-07-26 13:43:51,041,SCN1A6J_019_757_41,0,0.0,15,1.0,0.7848,21.35
2026-07-26 13:53:54,041,SCN1A6J_019_757_41,0,0.0,15,1.0,0.738,21.33
2026-07-26 14:03:57,041,SCN1A6J_019_757_41,0,0.0,15,1.0,0.738,21.31
2026-07-26 14:14:00,041,SCN1A6J_019_757_41,0,0.0,15,1.0,0.7344,21.3
2026-07-26 14:24:03,041,SCN1A6J_019_757_41,0,0.0,15,1.0,1.116,21.29
2026-07-26 14:34:07,041,SCN1A6J_019_757_41,0,0.0,15,1.0,0.81,21.28
2026-07-26 14:44:10,041,SCN1A6J_019_757_41,0,0.0,15,1.0,0.8172,21.27
2026-07-26 14:54:14,041,SCN1A6J_019_757_41,0,0.0,15,1.0,0.81,21.26
2026-07-26 15:04:17,041,SCN1A6J_019_757_41,0,0.0,15,1.0,0.7992,21.25
2026-07-26 15:14:20,041,SCN1A6J_019_757_41,0,0.0,15,1.0,0.7992,21.25
2026-07-26 15:24:23,041,SCN1A6J_019_757_41,0,0.0,15,1.0,0.8064,21.25
2026-07-26 15:34:26,041,SCN1A6J_019_757_41,0,0.0,15,1.0,0.8028,21.24
2026-07-26 15:44:30,041,SCN1A6J_019_757_41,0,0.0,15,1.0,0.8028,21.22
2026-07-26 15:54:32,041,SCN1A6J_019_757_41,0,0.0,15,1.0,0.7992,21.21
2026-07-26 16:04:36,041,SCN1A6J_019_757_41,0,0.0,15,1.0,0.792,21.18
2026-07-26 16:14:39,041,SCN1A6J_019_757_41,0,0.0,15,1.0,0.7992,21.19
2026-07-26 16:24:42,041,SCN1A6J_019_757_41,0,0.0,15,1.0,0.7992,21.17
2026-07-26 16:34:45,041,SCN1A6J_019_757_41,0,0.0,15,1.0,0.7992,21.18
2026-07-26 16:44:49,041,SCN1A6J_019_757_41,0,0.0,15,1.0,0.7524,21.16
2026-07-26 16:54:51,041,SCN1A6J_019_757_41,0,0.0,15,1.0,0.7524,21.17
2026-07-26 17:04:55,041,SCN1A6J_019_757_41,0,0.0,15,1.0,0.7524,21.17
2026-07-26 17:14:58,041,SCN1A6J_019_757_41,0,0.0,15,1.0,0.7488,21.18
2026-07-26 17:25:02,041,SCN1A6J_019_757_41,0,0.0,15,1.0,0.7524,21.17
2026-07-26 17:35:31,041,SCN1A6J_019_757_41,0,0.0,15,1.0,0.7524,21.24
2026-07-26 17:45:35,041,SCN1A6J_019_757_41,0,0.0,15,1.0,0.7524,21.21
2026-07-26 17:55:38,041,SCN1A6J_019_757_41,0,0.0,15,1.0,0.7524,21.21
2026-07-26 18:05:41,041,SCN1A6J_019_757_41,0,0.0,15,1.0,0.0,21.2
2026-07-26 18:15:43,041,SCN1A6J_019_757_41,0,0.0,15,1.0,0.0,21.21
2026-07-26 18:25:46,041,SCN1A6J_019_757_41,0,0.0,15,1.0,0.0,21.21
2026-07-26 18:35:49,041,SCN1A6J_019_757_41,0,0.0,15,1.0,0.0,21.22
2026-07-26 18:45:52,041,SCN1A6J_019_757_41,0,0.0,15,1.0,0.0,21.23
2026-07-26 18:55:55,041,SCN1A6J_019_757_41,0,0.0,15,1.0,0.0,21.24
2026-07-26 19:05:59,041,SCN1A6J_019_757_41,0,0.0,15,1.0,0.0,21.25
2026-07-26 19:16:02,041,SCN1A6J_019_757_41,0,0.0,15,1.0,0.0,21.24
2026-07-26 19:26:05,041,SCN1A6J_019_757_41,0,0.0,15,1.0,0.0,21.25
2026-07-26 19:36:09,041,SCN1A6J_019_757_41,0,0.0,15,1.0,0.0,21.26
2026-07-26 19:46:12,041,SCN1A6J_019_757_41,0,0.0,15,1.0,0.0,21.27
2026-07-26 19:56:15,041,SCN1A6J_019_757_41,0,0.0,15,1.0,0.0,21.28
2026-07-26 20:06:18,041,SCN1A6J_019_757_41,0,0.0,15,1.0,0.0,21.29
2026-07-26 20:16:21,041,SCN1A6J_019_757_41,0,0.0,15,1.0,0.0,21.29
2026-07-26 20:26:24,041,SCN1A6J_019_757_41,0,0.0,15,1.0,0.0,21.28
2026-07-26 20:36:27,041,SCN1A6J_019_757_41,0,0.0,15,1.0,0.0,21.28
2026-07-26 20:46:30,041,SCN1A6J_019_757_41,0,0.0,15,1.0,0.0,21.28
2026-07-26 20:56:34,041,SCN1A6J_019_757_41,0,0.0,15,1.0,0.0,21.3
2026-07-26 21:06:37,041,SCN1A6J_019_757_41,0,0.0,15,1.0,0.0,21.29
2026-07-26 21:16:41,041,SCN1A6J_019_757_41,0,0.0,15,1.0,0.0,21.3
2026-07-26 21:26:43,041,SCN1A6J_019_757_41,0,0.0,15,1.0,0.0,21.3
2026-07-26 21:37:08,041,SCN1A6J_019_757_41,0,0.0,15,1.0,0.0,21.37
2026-07-26 21:47:11,041,SCN1A6J_019_757_41,0,0.0,15,1.0,0.0,21.34
2026-07-26 21:57:14,041,SCN1A6J_019_757_41,0,0.0,15,1.0,0.0,21.33
2026-07-26 22:07:17,041,SCN1A6J_019_757_41,7,0.012,14,0.988,0.0,21.35
2026-07-26 22:17:20,041,SCN1A6J_019_757_41,0,0.0,15,1.0,0.0,21.37
2026-07-26 22:27:23,041,SCN1A6J_019_757_41,3,0.005,14,0.995,0.0,21.39
2026-07-26 22:37:26,041,SCN1A6J_019_757_41,0,0.0,15,1.0,0.0,21.42
2026-07-26 22:47:30,041,SCN1A6J_019_757_41,0,0.0,15,1.0,0.0,21.43
2026-07-26 22:57:33,041,SCN1A6J_019_757_41,0,0.0,15,1.0,0.0,21.43
2026-07-26 23:07:36,041,SCN1A6J_019_757_41,0,0.0,15,1.0,0.0,21.42
2026-07-26 23:17:40,041,SCN1A6J_019_757_41,0,0.0,15,1.0,0.0,21.4
2026-07-26 23:27:42,041,SCN1A6J_019_757_41,0,0.0,15,1.0,0.0,21.38
2026-07-26 23:37:45,041,SCN1A6J_019_757_41,0,0.0,15,1.0,0.0,21.36
2026-07-26 23:47:49,041,SCN1A6J_019_757_41,0,0.0,15,1.0,0.0,21.34
2026-07-26 23:57:52,041,SCN1A6J_019_757_41,0,0.0,15,1.0,0.0,21.32
2026-07-25 00:01:38,031,SCN1A6J_019_759_54,131,0.218,4,0.55,0.0,21.53
2026-07-25 00:11:41,031,SCN1A6J_019_759_54,20,0.033,12,0.96,0.0,21.38
2026-07-25 00:21:43,031,SCN1A6J_019_759_54,78,0.13,9,0.822,0.0,21.31
2026-07-25 00:31:46,031,SCN1A6J_019_759_54,38,0.063,12,0.927,0.0,21.28
2026-07-25 00:41:49,031,SCN1A6J_019_759_54,65,0.108,10,0.86,0.0,21.25
2026-07-25 00:51:52,031,SCN1A6J_019_759_54,40,0.067,10,0.909,0.0,21.19
2026-07-25 01:02:16,031,SCN1A6J_019_759_54,18,0.03,13,0.967,0.0,21.19
2026-07-25 01:12:19,031,SCN1A6J_019_759_54,1,0.002,15,0.998,0.0,21.12
2026-07-25 01:22:22,031,SCN1A6J_019_759_54,1,0.002,14,0.998,0.0,21.05
2026-07-25 01:32:25,031,SCN1A6J_019_759_54,0,0.0,15,1.0,0.0,20.99
2026-07-25 01:42:28,031,SCN1A6J_019_759_54,0,0.0,15,1.0,0.0,20.95
2026-07-25 01:52:31,031,SCN1A6J_019_759_54,0,0.0,15,1.0,0.0,20.9
2026-07-25 02:02:34,031,SCN1A6J_019_759_54,0,0.0,15,1.0,0.0,20.87
2026-07-25 02:12:37,031,SCN1A6J_019_759_54,0,0.0,15,1.0,0.0,20.85
2026-07-25 02:22:39,031,SCN1A6J_019_759_54,0,0.0,15,1.0,0.0,20.83
2026-07-25 02:32:44,031,SCN1A6J_019_759_54,0,0.0,15,1.0,0.0,20.82
2026-07-25 02:42:47,031,SCN1A6J_019_759_54,67,0.111,10,0.857,0.0,20.87
2026-07-25 02:52:50,031,SCN1A6J_019_759_54,174,0.289,4,0.479,0.0,21.03
2026-07-25 03:02:53,031,SCN1A6J_019_759_54,67,0.111,8,0.827,0.0,21.05
2026-07-25 03:12:56,031,SCN1A6J_019_759_54,98,0.163,6,0.71,0.0,21.27
2026-07-25 03:22:59,031,SCN1A6J_019_759_54,50,0.083,8,0.865,0.0,21.2
2026-07-25 03:33:02,031,SCN1A6J_019_759_54,98,0.163,8,0.766,0.0,21.18
2026-07-25 03:43:05,031,SCN1A6J_019_759_54,75,0.125,7,0.789,0.0,21.3
2026-07-25 03:53:07,031,SCN1A6J_019_759_54,61,0.101,8,0.84,0.0,21.25
2026-07-25 04:03:10,031,SCN1A6J_019_759_54,120,0.2,5,0.625,0.0,21.42
2026-07-25 04:13:13,031,SCN1A6J_019_759_54,62,0.103,5,0.763,0.0,21.32
2026-07-25 04:23:16,031,SCN1A6J_019_759_54,156,0.26,3,0.435,0.0,21.41
2026-07-25 04:33:20,031,SCN1A6J_019_759_54,87,0.145,6,0.734,0.0,21.43
2026-07-25 04:43:23,031,SCN1A6J_019_759_54,18,0.03,12,0.964,0.0,21.32
2026-07-25 04:53:26,031,SCN1A6J_019_759_54,42,0.07,11,0.913,0.0,21.3
2026-07-25 05:03:44,031,SCN1A6J_019_759_54,124,0.207,8,0.721,0.0,21.33
2026-07-25 05:13:46,031,SCN1A6J_019_759_54,42,0.07,9,0.896,0.0,21.25
2026-07-25 05:23:49,031,SCN1A6J_019_759_54,65,0.108,10,0.86,0.0,21.22
2026-07-25 05:33:52,031,SCN1A6J_019_759_54,33,0.055,8,0.907,0.0,21.18
2026-07-25 05:43:55,031,SCN1A6J_019_759_54,48,0.08,10,0.893,0.0,21.2
2026-07-25 05:53:58,031,SCN1A6J_019_759_54,84,0.14,8,0.792,0.0,21.24
2026-07-25 06:04:01,031,SCN1A6J_019_759_54,151,0.251,7,0.65,0.2016,21.35
2026-07-25 06:14:04,031,SCN1A6J_019_759_54,35,0.058,12,0.932,0.2016,21.29
2026-07-25 06:24:07,031,SCN1A6J_019_759_54,1,0.002,14,0.998,0.2016,21.22
2026-07-25 06:34:10,031,SCN1A6J_019_759_54,14,0.023,13,0.974,0.216,21.16
2026-07-25 06:44:13,031,SCN1A6J_019_759_54,0,0.0,15,1.0,0.2232,21.09
2026-07-25 06:54:16,031,SCN1A6J_019_759_54,1,0.002,14,0.998,0.2304,21.0
2026-07-25 07:04:19,031,SCN1A6J_019_759_54,0,0.0,15,1.0,0.2304,20.93
2026-07-25 07:14:22,031,SCN1A6J_019_759_54,0,0.0,15,1.0,0.2304,20.87
2026-07-25 07:24:24,031,SCN1A6J_019_759_54,0,0.0,15,1.0,0.2304,20.82
2026-07-25 07:34:28,031,SCN1A6J_019_759_54,0,0.0,15,1.0,0.234,20.79
2026-07-25 07:44:30,031,SCN1A6J_019_759_54,1,0.002,14,0.998,0.2304,20.78
2026-07-25 07:54:33,031,SCN1A6J_019_759_54,0,0.0,15,1.0,0.2304,20.76
2026-07-25 08:04:36,031,SCN1A6J_019_759_54,0,0.0,15,1.0,0.2304,20.73
2026-07-25 08:14:39,031,SCN1A6J_019_759_54,0,0.0,15,1.0,0.2304,20.74
2026-07-25 08:24:43,031,SCN1A6J_019_759_54,0,0.0,15,1.0,0.2304,20.73
2026-07-25 08:34:45,031,SCN1A6J_019_759_54,0,0.0,15,1.0,0.2304,20.73
2026-07-25 08:44:48,031,SCN1A6J_019_759_54,0,0.0,15,1.0,0.2304,20.72
2026-07-25 08:54:51,031,SCN1A6J_019_759_54,0,0.0,15,1.0,0.2304,20.72
2026-07-25 09:05:14,031,SCN1A6J_019_759_54,1,0.002,14,0.998,0.2304,20.76
2026-07-25 09:15:16,031,SCN1A6J_019_759_54,66,0.11,10,0.858,0.2304,20.79
2026-07-25 09:25:19,031,SCN1A6J_019_759_54,0,0.0,15,1.0,0.2376,20.79
2026-07-25 09:35:22,031,SCN1A6J_019_759_54,0,0.0,15,1.0,0.2412,20.77
2026-07-25 09:45:25,031,SCN1A6J_019_759_54,0,0.0,15,1.0,0.2664,20.76
2026-07-25 09:55:27,031,SCN1A6J_019_759_54,0,0.0,15,1.0,0.2592,20.76
2026-07-25 10:05:30,031,SCN1A6J_019_759_54,0,0.0,15,1.0,0.27,20.78
2026-07-25 10:15:34,031,SCN1A6J_019_759_54,0,0.0,15,1.0,0.2412,20.79
2026-07-25 10:25:37,031,SCN1A6J_019_759_54,0,0.0,15,1.0,0.2412,20.8
2026-07-25 10:35:40,031,SCN1A6J_019_759_54,0,0.0,15,1.0,0.2376,20.8
2026-07-25 10:45:43,031,SCN1A6J_019_759_54,0,0.0,15,1.0,0.2412,20.81
2026-07-25 10:55:46,031,SCN1A6J_019_759_54,0,0.0,15,1.0,0.2088,20.81
2026-07-25 11:05:48,031,SCN1A6J_019_759_54,0,0.0,15,1.0,0.2304,20.81
2026-07-25 11:15:52,031,SCN1A6J_019_759_54,0,0.0,15,1.0,0.2304,20.83
2026-07-25 11:25:55,031,SCN1A6J_019_759_54,0,0.0,15,1.0,0.2304,20.84
2026-07-25 11:35:58,031,SCN1A6J_019_759_54,0,0.0,15,1.0,0.2412,20.84
2026-07-25 11:46:01,031,SCN1A6J_019_759_54,0,0.0,15,1.0,0.2304,20.85
2026-07-25 11:56:04,031,SCN1A6J_019_759_54,21,0.035,13,0.961,0.2376,20.9
2026-07-25 12:06:07,031,SCN1A6J_019_759_54,0,0.0,15,1.0,0.2376,20.89
2026-07-25 12:16:10,031,SCN1A6J_019_759_54,0,0.0,15,1.0,0.2376,20.9
2026-07-25 12:26:13,031,SCN1A6J_019_759_54,1,0.002,14,0.998,0.2376,20.9
2026-07-25 12:36:16,031,SCN1A6J_019_759_54,0,0.0,15,1.0,0.2376,20.9
2026-07-25 12:46:19,031,SCN1A6J_019_759_54,0,0.0,15,1.0,0.2376,20.89
2026-07-25 12:56:22,031,SCN1A6J_019_759_54,0,0.0,15,1.0,0.2376,20.89
2026-07-25 13:06:46,031,SCN1A6J_019_759_54,0,0.0,15,1.0,0.2412,20.95
2026-07-25 13:16:49,031,SCN1A6J_019_759_54,0,0.0,15,1.0,0.2376,20.92
2026-07-25 13:26:51,031,SCN1A6J_019_759_54,0,0.0,15,1.0,0.2376,20.92
2026-07-25 13:36:55,031,SCN1A6J_019_759_54,0,0.0,15,1.0,0.2376,20.91
2026-07-25 13:46:57,031,SCN1A6J_019_759_54,0,0.0,15,1.0,0.2376,20.91
2026-07-25 13:57:00,031,SCN1A6J_019_759_54,0,0.0,15,1.0,0.2412,20.91
2026-07-25 14:07:03,031,SCN1A6J_019_759_54,0,0.0,15,1.0,0.2376,20.91
2026-07-25 14:17:06,031,SCN1A6J_019_759_54,0,0.0,15,1.0,0.2376,20.91
2026-07-25 14:27:10,031,SCN1A6J_019_759_54,0,0.0,15,1.0,0.2376,20.91
2026-07-25 14:37:13,031,SCN1A6J_019_759_54,0,0.0,15,1.0,0.2412,20.91
2026-07-25 14:47:16,031,SCN1A6J_019_759_54,0,0.0,15,1.0,0.2412,20.9
2026-07-25 14:57:19,031,SCN1A6J_019_759_54,0,0.0,15,1.0,0.2376,20.91
2026-07-25 15:07:22,031,SCN1A6J_019_759_54,0,0.0,15,1.0,0.2484,20.91
2026-07-25 15:17:25,031,SCN1A6J_019_759_54,0,0.0,15,1.0,0.2412,20.91
2026-07-25 15:27:29,031,SCN1A6J_019_759_54,0,0.0,15,1.0,0.2376,20.91
2026-07-25 15:37:32,031,SCN1A6J_019_759_54,0,0.0,15,1.0,0.2376,20.92
2026-07-25 15:47:36,031,SCN1A6J_019_759_54,90,0.15,8,0.78,0.2304,21.07
2026-07-25 15:57:39,031,SCN1A6J_019_759_54,25,0.042,12,0.95,0.2448,21.1
2026-07-25 16:07:42,031,SCN1A6J_019_759_54,31,0.051,13,0.944,0.2124,21.09
2026-07-25 16:17:46,031,SCN1A6J_019_759_54,2,0.003,15,0.997,0.2016,21.06
2026-07-25 16:27:49,031,SCN1A6J_019_759_54,0,0.0,15,1.0,0.2016,21.04
2026-07-25 16:37:52,031,SCN1A6J_019_759_54,2,0.003,14,0.996,0.2016,21.01
2026-07-25 16:47:55,031,SCN1A6J_019_759_54,2,0.003,14,0.996,0.2016,21.0
2026-07-25 16:57:58,031,SCN1A6J_019_759_54,0,0.0,15,1.0,0.2016,20.98
2026-07-25 17:08:19,031,SCN1A6J_019_759_54,0,0.0,15,1.0,0.2124,21.01
2026-07-25 17:18:22,031,SCN1A6J_019_759_54,0,0.0,15,1.0,0.2016,20.99
2026-07-25 17:28:26,031,SCN1A6J_019_759_54,0,0.0,15,1.0,0.2124,20.96
2026-07-25 17:38:28,031,SCN1A6J_019_759_54,0,0.0,15,1.0,0.2016,20.96
2026-07-25 17:48:31,031,SCN1A6J_019_759_54,0,0.0,15,1.0,0.2016,20.95
2026-07-25 17:58:34,031,SCN1A6J_019_759_54,1,0.002,14,0.998,0.1944,20.96
2026-07-25 18:08:37,031,SCN1A6J_019_759_54,195,0.324,4,0.451,0.0,21.08
2026-07-25 18:18:39,031,SCN1A6J_019_759_54,34,0.057,11,0.928,0.0,21.18
2026-07-25 18:28:43,031,SCN1A6J_019_759_54,72,0.12,7,0.795,0.0,21.24
2026-07-25 18:38:46,031,SCN1A6J_019_759_54,55,0.092,10,0.879,0.0,21.36
2026-07-25 18:48:49,031,SCN1A6J_019_759_54,143,0.238,4,0.528,0.0,21.6
2026-07-25 18:58:52,031,SCN1A6J_019_759_54,103,0.171,6,0.7,0.0,21.7
2026-07-25 19:08:54,031,SCN1A6J_019_759_54,65,0.108,8,0.831,0.0,21.62
2026-07-25 19:18:57,031,SCN1A6J_019_759_54,116,0.193,6,0.674,0.0,21.63
2026-07-25 19:29:00,031,SCN1A6J_019_759_54,122,0.203,3,0.496,0.0,21.74
2026-07-25 19:39:02,031,SCN1A6J_019_759_54,75,0.125,10,0.842,0.0,21.67
2026-07-25 19:49:05,031,SCN1A6J_019_759_54,119,0.198,6,0.669,0.0,21.69
2026-07-25 19:59:08,031,SCN1A6J_019_759_54,101,0.168,4,0.613,0.0,21.71
2026-07-25 20:09:11,031,SCN1A6J_019_759_54,16,0.027,13,0.97,0.0,21.68
2026-07-25 20:19:14,031,SCN1A6J_019_759_54,47,0.078,10,0.895,0.0,21.62
2026-07-25 20:29:17,031,SCN1A6J_019_759_54,37,0.062,10,0.915,0.0,21.57
2026-07-25 20:39:20,031,SCN1A6J_019_759_54,30,0.05,10,0.93,0.0,21.5
2026-07-25 20:49:23,031,SCN1A6J_019_759_54,18,0.03,13,0.967,0.0,21.46
2026-07-25 20:59:26,031,SCN1A6J_019_759_54,112,0.186,5,0.641,0.0,21.52
2026-07-25 21:09:45,031,SCN1A6J_019_759_54,69,0.115,7,0.802,0.0,21.53
2026-07-25 21:19:48,031,SCN1A6J_019_759_54,3,0.005,15,0.995,0.0,21.47
2026-07-25 21:29:51,031,SCN1A6J_019_759_54,0,0.0,15,1.0,0.0,21.39
2026-07-25 21:39:54,031,SCN1A6J_019_759_54,0,0.0,15,1.0,0.0,21.3
2026-07-25 21:49:57,031,SCN1A6J_019_759_54,0,0.0,15,1.0,0.0,21.24
2026-07-25 22:00:01,031,SCN1A6J_019_759_54,1,0.002,14,0.998,0.0,21.23
2026-07-25 22:10:04,031,SCN1A6J_019_759_54,95,0.158,7,0.747,0.0,21.38
2026-07-25 22:20:07,031,SCN1A6J_019_759_54,38,0.063,10,0.913,0.0,21.38
2026-07-25 22:30:10,031,SCN1A6J_019_759_54,74,0.123,8,0.812,0.0,21.4
2026-07-25 22:40:13,031,SCN1A6J_019_759_54,174,0.289,2,0.315,0.0,21.55
2026-07-25 22:50:16,031,SCN1A6J_019_759_54,126,0.21,9,0.741,0.0,21.53
2026-07-25 23:00:19,031,SCN1A6J_019_759_54,25,0.042,11,0.946,0.0,21.54
2026-07-25 23:10:22,031,SCN1A6J_019_759_54,116,0.193,9,0.756,0.0,21.53
2026-07-25 23:20:24,031,SCN1A6J_019_759_54,15,0.025,11,0.967,0.0,21.46
2026-07-25 23:30:27,031,SCN1A6J_019_759_54,119,0.198,4,0.573,0.0,21.42
2026-07-25 23:40:30,031,SCN1A6J_019_759_54,45,0.075,9,0.889,0.0,21.39
2026-07-25 23:50:33,031,SCN1A6J_019_759_54,21,0.035,11,0.954,0.0,21.34
2026-07-26 00:00:36,031,SCN1A6J_019_759_54,26,0.043,13,0.952,0.0,21.27
2026-07-26 00:10:39,031,SCN1A6J_019_759_54,0,0.0,15,1.0,0.0,21.21
2026-07-26 00:20:42,031,SCN1A6J_019_759_54,0,0.0,15,1.0,0.0,21.14
2026-07-26 00:30:45,031,SCN1A6J_019_759_54,1,0.002,14,0.998,0.0,21.09
2026-07-26 00:40:48,031,SCN1A6J_019_759_54,0,0.0,15,1.0,0.0,21.07
2026-07-26 00:50:51,031,SCN1A6J_019_759_54,1,0.002,14,0.998,0.0,21.05
2026-07-26 01:00:54,031,SCN1A6J_019_759_54,0,0.0,15,1.0,0.0,21.01
2026-07-26 01:11:34,031,SCN1A6J_019_759_54,0,0.0,15,1.0,0.0,21.09
2026-07-26 01:21:37,031,SCN1A6J_019_759_54,0,0.0,15,1.0,0.0,21.04
2026-07-26 01:31:40,031,SCN1A6J_019_759_54,0,0.0,15,1.0,0.0,21.02
2026-07-26 01:41:43,031,SCN1A6J_019_759_54,0,0.0,15,1.0,0.0,21.0
2026-07-26 01:51:46,031,SCN1A6J_019_759_54,0,0.0,15,1.0,0.0,20.99
2026-07-26 02:01:49,031,SCN1A6J_019_759_54,0,0.0,15,1.0,0.0,20.97
2026-07-26 02:11:52,031,SCN1A6J_019_759_54,0,0.0,15,1.0,0.0,20.97
2026-07-26 02:21:55,031,SCN1A6J_019_759_54,12,0.02,14,0.979,0.0,21.0
2026-07-26 02:31:58,031,SCN1A6J_019_759_54,136,0.226,5,0.595,0.0,21.12
2026-07-26 02:42:01,031,SCN1A6J_019_759_54,77,0.128,9,0.824,0.0,21.2
2026-07-26 02:52:04,031,SCN1A6J_019_759_54,80,0.133,8,0.8,0.0,21.27
2026-07-26 03:02:07,031,SCN1A6J_019_759_54,34,0.057,12,0.934,0.0,21.27
2026-07-26 03:12:11,031,SCN1A6J_019_759_54,0,0.0,15,1.0,0.0,21.21
2026-07-26 03:22:14,031,SCN1A6J_019_759_54,0,0.0,15,1.0,0.0,21.14
2026-07-26 03:32:17,031,SCN1A6J_019_759_54,0,0.0,15,1.0,0.0,21.09
2026-07-26 03:42:20,031,SCN1A6J_019_759_54,1,0.002,15,0.998,0.0,21.05
2026-07-26 03:52:23,031,SCN1A6J_019_759_54,1,0.002,15,0.998,0.0,21.02
2026-07-26 04:02:26,031,SCN1A6J_019_759_54,0,0.0,15,1.0,0.0,20.99
2026-07-26 04:12:29,031,SCN1A6J_019_759_54,0,0.0,15,1.0,0.0,20.98
2026-07-26 04:22:34,031,SCN1A6J_019_759_54,0,0.0,15,1.0,0.0,20.95
2026-07-26 04:32:36,031,SCN1A6J_019_759_54,0,0.0,15,1.0,0.0,20.95
2026-07-26 04:42:40,031,SCN1A6J_019_759_54,110,0.183,8,0.744,0.0,21.04
2026-07-26 04:52:43,031,SCN1A6J_019_759_54,113,0.188,4,0.586,0.0,21.13
2026-07-26 05:02:46,031,SCN1A6J_019_759_54,59,0.098,10,0.871,0.0,21.2
2026-07-26 05:13:12,031,SCN1A6J_019_759_54,140,0.234,5,0.588,0.0,21.32
2026-07-26 05:23:14,031,SCN1A6J_019_759_54,147,0.245,3,0.449,0.0,21.57
2026-07-26 05:33:18,031,SCN1A6J_019_759_54,29,0.048,11,0.938,0.0,21.5
2026-07-26 05:43:20,031,SCN1A6J_019_759_54,38,0.063,10,0.913,0.0,21.42
2026-07-26 05:53:23,031,SCN1A6J_019_759_54,46,0.077,10,0.897,0.0,21.41
2026-07-26 06:03:26,031,SCN1A6J_019_759_54,43,0.072,10,0.903,0.2088,21.37
2026-07-26 06:13:29,031,SCN1A6J_019_759_54,81,0.135,9,0.816,0.198,21.36
2026-07-26 06:23:32,031,SCN1A6J_019_759_54,16,0.027,12,0.968,0.144,21.3
2026-07-26 06:33:35,031,SCN1A6J_019_759_54,17,0.028,10,0.959,0.1872,21.26
2026-07-26 06:43:40,031,SCN1A6J_019_759_54,91,0.151,10,0.815,0.1872,21.36
2026-07-26 06:53:43,031,SCN1A6J_019_759_54,3,0.005,14,0.995,0.2016,21.29
2026-07-26 07:03:46,031,SCN1A6J_019_759_54,0,0.0,15,1.0,0.2232,21.2
2026-07-26 07:13:49,031,SCN1A6J_019_759_54,34,0.056,12,0.934,0.2556,21.16
2026-07-26 07:23:52,031,SCN1A6J_019_759_54,0,0.0,15,1.0,0.252,21.11
2026-07-26 07:33:55,031,SCN1A6J_019_759_54,0,0.0,15,1.0,0.2556,21.05
2026-07-26 07:43:58,031,SCN1A6J_019_759_54,1,0.002,14,0.998,0.2448,21.01
2026-07-26 07:54:01,031,SCN1A6J_019_759_54,3,0.005,14,0.995,0.2484,20.99
2026-07-26 08:04:03,031,SCN1A6J_019_759_54,0,0.0,15,1.0,0.2448,20.98
2026-07-26 08:14:06,031,SCN1A6J_019_759_54,1,0.002,15,0.998,0.2484,20.98
2026-07-26 08:24:09,031,SCN1A6J_019_759_54,0,0.0,15,1.0,0.2448,20.95
2026-07-26 08:34:12,031,SCN1A6J_019_759_54,0,0.0,15,1.0,0.2448,20.95
2026-07-26 08:44:15,031,SCN1A6J_019_759_54,0,0.0,15,1.0,0.2448,20.93
2026-07-26 08:54:18,031,SCN1A6J_019_759_54,0,0.0,15,1.0,0.2448,20.93
2026-07-26 09:04:21,031,SCN1A6J_019_759_54,0,0.0,15,1.0,0.2484,20.93
2026-07-26 09:14:51,031,SCN1A6J_019_759_54,0,0.0,15,1.0,0.2448,21.0
2026-07-26 09:24:54,031,SCN1A6J_019_759_54,0,0.0,15,1.0,0.4248,20.97
2026-07-26 09:34:58,031,SCN1A6J_019_759_54,1,0.002,14,0.998,0.4896,21.01
2026-07-26 09:45:01,031,SCN1A6J_019_759_54,0,0.0,15,1.0,0.4896,21.05
2026-07-26 09:55:04,031,SCN1A6J_019_759_54,0,0.0,15,1.0,0.2844,21.11
2026-07-26 10:05:07,031,SCN1A6J_019_759_54,2,0.003,14,0.996,0.2808,21.11
2026-07-26 10:15:10,031,SCN1A6J_019_759_54,0,0.0,15,1.0,0.2448,21.09
2026-07-26 10:25:13,031,SCN1A6J_019_759_54,0,0.0,15,1.0,0.2448,21.06
2026-07-26 10:35:16,031,SCN1A6J_019_759_54,0,0.0,15,1.0,0.2448,21.03
2026-07-26 10:45:19,031,SCN1A6J_019_759_54,1,0.002,15,0.998,0.2448,20.99
2026-07-26 10:55:23,031,SCN1A6J_019_759_54,0,0.0,15,1.0,0.2448,20.97
2026-07-26 11:05:26,031,SCN1A6J_019_759_54,0,0.0,15,1.0,0.2448,20.93
2026-07-26 11:15:29,031,SCN1A6J_019_759_54,0,0.0,15,1.0,0.2448,20.91
2026-07-26 11:25:32,031,SCN1A6J_019_759_54,1,0.002,14,0.998,0.2448,20.9
2026-07-26 11:35:35,031,SCN1A6J_019_759_54,0,0.0,15,1.0,0.2448,20.88
2026-07-26 11:45:39,031,SCN1A6J_019_759_54,0,0.0,15,1.0,0.2448,20.88
2026-07-26 11:55:42,031,SCN1A6J_019_759_54,1,0.002,15,0.998,0.2448,20.87
2026-07-26 12:05:45,031,SCN1A6J_019_759_54,49,0.082,11,0.9,0.2484,20.9
2026-07-26 12:15:48,031,SCN1A6J_019_759_54,59,0.098,10,0.871,0.2232,20.95
2026-07-26 12:25:51,031,SCN1A6J_019_759_54,48,0.08,12,0.909,0.2412,20.99
2026-07-26 12:35:54,031,SCN1A6J_019_759_54,1,0.002,14,0.998,0.2376,20.95
2026-07-26 12:45:56,031,SCN1A6J_019_759_54,0,0.0,15,1.0,0.2412,20.92
2026-07-26 12:55:59,031,SCN1A6J_019_759_54,0,0.0,15,1.0,0.2304,20.9
2026-07-26 13:06:01,031,SCN1A6J_019_759_54,1,0.002,14,0.998,0.2412,20.88
2026-07-26 13:16:35,031,SCN1A6J_019_759_54,0,0.0,15,1.0,0.2412,20.93
2026-07-26 13:26:38,031,SCN1A6J_019_759_54,0,0.0,15,1.0,0.2664,20.88
2026-07-26 13:36:41,031,SCN1A6J_019_759_54,0,0.0,15,1.0,0.2664,20.85
2026-07-26 13:46:45,031,SCN1A6J_019_759_54,0,0.0,15,1.0,0.2412,20.84
2026-07-26 13:56:48,031,SCN1A6J_019_759_54,0,0.0,15,1.0,0.2412,20.83
2026-07-26 14:06:50,031,SCN1A6J_019_759_54,0,0.0,15,1.0,0.2412,20.83
2026-07-26 14:16:53,031,SCN1A6J_019_759_54,0,0.0,15,1.0,0.2412,20.81
2026-07-26 14:26:56,031,SCN1A6J_019_759_54,0,0.0,15,1.0,0.3024,20.8
2026-07-26 14:37:00,031,SCN1A6J_019_759_54,0,0.0,15,1.0,0.3024,20.81
2026-07-26 14:47:03,031,SCN1A6J_019_759_54,0,0.0,15,1.0,0.306,20.79
2026-07-26 14:57:06,031,SCN1A6J_019_759_54,0,0.0,15,1.0,0.3132,20.79
2026-07-26 15:07:09,031,SCN1A6J_019_759_54,0,0.0,15,1.0,0.3132,20.78
2026-07-26 15:17:11,031,SCN1A6J_019_759_54,0,0.0,15,1.0,0.3132,20.78
2026-07-26 15:27:14,031,SCN1A6J_019_759_54,0,0.0,15,1.0,0.3096,20.76
2026-07-26 15:37:17,031,SCN1A6J_019_759_54,0,0.0,15,1.0,0.3132,20.73
2026-07-26 15:47:20,031,SCN1A6J_019_759_54,0,0.0,15,1.0,0.3096,20.7
2026-07-26 15:57:23,031,SCN1A6J_019_759_54,155,0.257,6,0.608,0.3132,20.83
2026-07-26 16:07:26,031,SCN1A6J_019_759_54,48,0.08,9,0.882,0.3168,20.85
2026-07-26 16:17:29,031,SCN1A6J_019_759_54,0,0.0,15,1.0,0.3168,20.8
2026-07-26 16:27:32,031,SCN1A6J_019_759_54,0,0.0,15,1.0,0.3168,20.77
2026-07-26 16:37:35,031,SCN1A6J_019_759_54,0,0.0,15,1.0,0.3168,20.73
2026-07-26 16:47:38,031,SCN1A6J_019_759_54,0,0.0,15,1.0,0.2916,20.71
2026-07-26 16:57:41,031,SCN1A6J_019_759_54,0,0.0,15,1.0,0.2916,20.68
2026-07-26 17:07:44,031,SCN1A6J_019_759_54,0,0.0,15,1.0,0.2808,20.67
2026-07-26 17:18:15,031,SCN1A6J_019_759_54,0,0.0,15,1.0,0.2808,20.73
2026-07-26 17:28:18,031,SCN1A6J_019_759_54,0,0.0,15,1.0,0.2304,20.72
2026-07-26 17:38:21,031,SCN1A6J_019_759_54,24,0.04,13,0.956,0.2808,20.73
2026-07-26 17:48:24,031,SCN1A6J_019_759_54,0,0.0,15,1.0,0.2916,20.74
2026-07-26 17:58:27,031,SCN1A6J_019_759_54,0,0.0,15,1.0,0.2808,20.73
2026-07-26 18:08:31,031,SCN1A6J_019_759_54,0,0.0,15,1.0,0.0,20.73
2026-07-26 18:18:34,031,SCN1A6J_019_759_54,202,0.336,2,0.284,0.0,20.9
2026-07-26 18:28:37,031,SCN1A6J_019_759_54,201,0.334,2,0.285,0.0,21.15
2026-07-26 18:38:40,031,SCN1A6J_019_759_54,179,0.297,3,0.401,0.0,21.32
2026-07-26 18:48:42,031,SCN1A6J_019_759_54,182,0.303,3,0.397,0.0,21.42
2026-07-26 18:58:45,031,SCN1A6J_019_759_54,106,0.176,6,0.694,0.0,21.48
2026-07-26 19:08:48,031,SCN1A6J_019_759_54,51,0.085,9,0.876,0.0,21.4
2026-07-26 19:18:51,031,SCN1A6J_019_759_54,160,0.266,5,0.556,0.0,21.49
2026-07-26 19:28:54,031,SCN1A6J_019_759_54,42,0.07,8,0.884,0.0,21.58
2026-07-26 19:38:57,031,SCN1A6J_019_759_54,104,0.173,7,0.729,0.0,21.67
2026-07-26 19:49:00,031,SCN1A6J_019_759_54,107,0.178,5,0.651,0.0,21.55
2026-07-26 19:59:03,031,SCN1A6J_019_759_54,46,0.076,12,0.913,0.0,21.43
2026-07-26 20:09:06,031,SCN1A6J_019_759_54,0,0.0,15,1.0,0.0,21.31
2026-07-26 20:19:09,031,SCN1A6J_019_759_54,22,0.037,13,0.959,0.0,21.24
2026-07-26 20:29:12,031,SCN1A6J_019_759_54,120,0.2,4,0.571,0.0,21.4
2026-07-26 20:39:15,031,SCN1A6J_019_759_54,49,0.081,11,0.9,0.0,21.37
2026-07-26 20:49:18,031,SCN1A6J_019_759_54,69,0.115,8,0.823,0.0,21.33
2026-07-26 20:59:21,031,SCN1A6J_019_759_54,126,0.21,3,0.488,0.0,21.55
2026-07-26 21:09:24,031,SCN1A6J_019_759_54,16,0.027,11,0.965,0.0,21.43
2026-07-26 21:19:58,031,SCN1A6J_019_759_54,52,0.087,11,0.894,0.0,21.46
2026-07-26 21:30:01,031,SCN1A6J_019_759_54,52,0.087,9,0.874,0.0,21.61
2026-07-26 21:40:04,031,SCN1A6J_019_759_54,127,0.211,8,0.716,0.0,21.61
2026-07-26 21:50:07,031,SCN1A6J_019_759_54,99,0.164,7,0.739,0.0,21.55
2026-07-26 22:00:10,031,SCN1A6J_019_759_54,59,0.098,11,0.882,0.0,21.5
2026-07-26 22:10:14,031,SCN1A6J_019_759_54,131,0.218,4,0.55,0.0,21.56
2026-07-26 22:20:17,031,SCN1A6J_019_759_54,67,0.111,11,0.868,0.0,21.5
2026-07-26 22:30:19,031,SCN1A6J_019_759_54,29,0.048,11,0.938,0.0,21.43
2026-07-26 22:40:22,031,SCN1A6J_019_759_54,43,0.072,10,0.903,0.0,21.35
2026-07-26 22:50:26,031,SCN1A6J_019_759_54,117,0.195,5,0.631,0.0,21.43
2026-07-26 23:00:28,031,SCN1A6J_019_759_54,81,0.135,5,0.712,0.0,21.4
2026-07-26 23:10:31,031,SCN1A6J_019_759_54,33,0.055,13,0.94,0.0,21.29
2026-07-26 23:20:34,031,SCN1A6J_019_759_54,0,0.0,15,1.0,0.0,21.17
2026-07-26 23:30:37,031,SCN1A6J_019_759_54,0,0.0,15,1.0,0.0,21.07
2026-07-26 23:40:40,031,SCN1A6J_019_759_54,0,0.0,15,1.0,0.0,20.99
2026-07-26 23:50:43,031,SCN1A6J_019_759_54,1,0.002,14,0.998,0.0,20.91
2026-07-25 00:06:33,035,SCN1A6J_019_760_64,0,0.0,15,1.0,0.0,21.42
2026-07-25 00:16:35,035,SCN1A6J_019_760_64,0,0.0,15,1.0,0.0,21.4
2026-07-25 00:26:38,035,SCN1A6J_019_760_64,0,0.0,15,1.0,0.0,21.4
2026-07-25 00:36:42,035,SCN1A6J_019_760_64,52,0.087,5,0.794,0.0,21.41
2026-07-25 00:47:12,035,SCN1A6J_019_760_64,363,0.607,0,0.0,0.0,21.57
2026-07-25 00:57:15,035,SCN1A6J_019_760_64,170,0.282,8,0.653,0.0,21.57
2026-07-25 01:07:18,035,SCN1A6J_019_760_64,162,0.27,4,0.497,0.0,21.55
2026-07-25 01:17:20,035,SCN1A6J_019_760_64,92,0.153,7,0.753,0.0,21.59
2026-07-25 01:27:23,035,SCN1A6J_019_760_64,0,0.0,15,1.0,0.0,21.59
2026-07-25 01:37:26,035,SCN1A6J_019_760_64,0,0.0,15,1.0,0.0,21.57
2026-07-25 01:47:28,035,SCN1A6J_019_760_64,0,0.0,15,1.0,0.0,21.53
2026-07-25 01:57:31,035,SCN1A6J_019_760_64,0,0.0,15,1.0,0.0,21.51
2026-07-25 02:07:34,035,SCN1A6J_019_760_64,1,0.002,14,0.998,0.0,21.49
2026-07-25 02:17:37,035,SCN1A6J_019_760_64,79,0.132,10,0.835,0.0,21.49
2026-07-25 02:27:39,035,SCN1A6J_019_760_64,30,0.05,9,0.923,0.0,21.51
2026-07-25 02:37:42,035,SCN1A6J_019_760_64,251,0.418,3,0.323,0.0,21.53
2026-07-25 02:47:45,035,SCN1A6J_019_760_64,17,0.028,13,0.968,0.0,21.54
2026-07-25 02:57:48,035,SCN1A6J_019_760_64,0,0.0,15,1.0,0.0,21.51
2026-07-25 03:07:51,035,SCN1A6J_019_760_64,0,0.0,15,1.0,0.0,21.48
2026-07-25 03:17:53,035,SCN1A6J_019_760_64,0,0.0,15,1.0,0.0,21.46
2026-07-25 03:27:56,035,SCN1A6J_019_760_64,0,0.0,15,1.0,0.0,21.44
2026-07-25 03:38:00,035,SCN1A6J_019_760_64,0,0.0,15,1.0,0.0,21.4
2026-07-25 03:48:02,035,SCN1A6J_019_760_64,11,0.018,14,0.981,0.0,21.4
2026-07-25 03:58:06,035,SCN1A6J_019_760_64,131,0.218,7,0.681,0.0,21.44
2026-07-25 04:08:08,035,SCN1A6J_019_760_64,79,0.131,8,0.802,0.0,21.41
2026-07-25 04:18:11,035,SCN1A6J_019_760_64,17,0.028,9,0.955,0.0,21.43
2026-07-25 04:28:14,035,SCN1A6J_019_760_64,0,0.0,15,1.0,0.0,21.44
2026-07-25 04:38:17,035,SCN1A6J_019_760_64,0,0.0,15,1.0,0.0,21.41
2026-07-25 04:48:36,035,SCN1A6J_019_760_64,0,0.0,15,1.0,0.0,21.43
2026-07-25 04:58:39,035,SCN1A6J_019_760_64,0,0.0,15,1.0,0.0,21.39
2026-07-25 05:08:42,035,SCN1A6J_019_760_64,0,0.0,15,1.0,0.0,21.36
2026-07-25 05:18:44,035,SCN1A6J_019_760_64,0,0.0,15,1.0,0.0,21.35
2026-07-25 05:28:47,035,SCN1A6J_019_760_64,63,0.105,11,0.875,0.0,21.36
2026-07-25 05:38:50,035,SCN1A6J_019_760_64,105,0.175,9,0.774,0.0,21.36
2026-07-25 05:48:53,035,SCN1A6J_019_760_64,265,0.441,2,0.232,0.0,21.46
2026-07-25 05:58:56,035,SCN1A6J_019_760_64,104,0.173,6,0.698,0.0,21.44
2026-07-25 06:08:59,035,SCN1A6J_019_760_64,112,0.186,8,0.741,1.1232,21.41
2026-07-25 06:19:01,035,SCN1A6J_019_760_64,2,0.003,14,0.996,1.1088,21.44
2026-07-25 06:29:04,035,SCN1A6J_019_760_64,0,0.0,15,1.0,1.0692,21.41
2026-07-25 06:39:07,035,SCN1A6J_019_760_64,1,0.002,14,0.998,1.026,21.39
2026-07-25 06:49:09,035,SCN1A6J_019_760_64,0,0.0,15,1.0,1.0332,21.38
2026-07-25 06:59:11,035,SCN1A6J_019_760_64,0,0.0,15,1.0,1.0296,21.36
2026-07-25 07:09:14,035,SCN1A6J_019_760_64,0,0.0,15,1.0,1.0296,21.35
2026-07-25 07:19:16,035,SCN1A6J_019_760_64,0,0.0,15,1.0,1.0296,21.34
2026-07-25 07:29:19,035,SCN1A6J_019_760_64,0,0.0,15,1.0,1.0404,21.32
2026-07-25 07:39:23,035,SCN1A6J_019_760_64,0,0.0,15,1.0,1.0476,21.32
2026-07-25 07:49:25,035,SCN1A6J_019_760_64,0,0.0,15,1.0,1.0296,21.33
2026-07-25 07:59:28,035,SCN1A6J_019_760_64,0,0.0,15,1.0,1.0368,21.32
2026-07-25 08:09:31,035,SCN1A6J_019_760_64,1,0.002,14,0.998,1.0368,21.31
2026-07-25 08:19:33,035,SCN1A6J_019_760_64,0,0.0,15,1.0,1.0296,21.32
2026-07-25 08:29:36,035,SCN1A6J_019_760_64,2,0.003,14,0.996,1.0296,21.31
2026-07-25 08:39:38,035,SCN1A6J_019_760_64,0,0.0,15,1.0,1.0296,21.33
2026-07-25 08:50:03,035,SCN1A6J_019_760_64,2,0.003,14,0.996,1.0296,21.38
2026-07-25 09:00:06,035,SCN1A6J_019_760_64,0,0.0,15,1.0,1.0224,21.35
2026-07-25 09:10:09,035,SCN1A6J_019_760_64,0,0.0,15,1.0,1.0224,21.33
2026-07-25 09:20:12,035,SCN1A6J_019_760_64,0,0.0,15,1.0,1.0224,21.31
2026-07-25 09:30:14,035,SCN1A6J_019_760_64,4,0.007,13,0.992,1.0116,21.31
2026-07-25 09:40:17,035,SCN1A6J_019_760_64,1,0.002,15,0.998,1.0152,21.34
2026-07-25 09:50:21,035,SCN1A6J_019_760_64,0,0.0,15,1.0,1.0152,21.35
2026-07-25 10:00:24,035,SCN1A6J_019_760_64,0,0.0,15,1.0,1.0224,21.34
2026-07-25 10:10:26,035,SCN1A6J_019_760_64,0,0.0,15,1.0,1.008,21.35
2026-07-25 10:20:29,035,SCN1A6J_019_760_64,0,0.0,15,1.0,1.008,21.36
2026-07-25 10:30:32,035,SCN1A6J_019_760_64,0,0.0,15,1.0,1.008,21.37
2026-07-25 10:40:35,035,SCN1A6J_019_760_64,0,0.0,15,1.0,1.0188,21.36
2026-07-25 10:50:37,035,SCN1A6J_019_760_64,0,0.0,15,1.0,1.008,21.36
2026-07-25 11:00:40,035,SCN1A6J_019_760_64,0,0.0,15,1.0,1.008,21.35
2026-07-25 11:10:43,035,SCN1A6J_019_760_64,2,0.003,14,0.996,1.008,21.36
2026-07-25 11:20:45,035,SCN1A6J_019_760_64,0,0.0,15,1.0,0.9864,21.36
2026-07-25 11:30:48,035,SCN1A6J_019_760_64,1,0.002,14,0.998,0.9792,21.35
2026-07-25 11:40:50,035,SCN1A6J_019_760_64,1,0.002,14,0.998,0.9864,21.35
2026-07-25 11:50:54,035,SCN1A6J_019_760_64,4,0.007,14,0.993,0.9936,21.37
2026-07-25 12:00:57,035,SCN1A6J_019_760_64,32,0.053,11,0.932,0.7488,21.39
2026-07-25 12:11:00,035,SCN1A6J_019_760_64,2,0.003,14,0.996,0.6372,21.43
2026-07-25 12:21:02,035,SCN1A6J_019_760_64,34,0.057,12,0.934,0.828,21.55
2026-07-25 12:31:05,035,SCN1A6J_019_760_64,0,0.0,15,1.0,0.8532,21.56
2026-07-25 12:41:08,035,SCN1A6J_019_760_64,0,0.0,15,1.0,0.8352,21.55
2026-07-25 12:51:33,035,SCN1A6J_019_760_64,0,0.0,15,1.0,0.8388,21.59
2026-07-25 13:01:35,035,SCN1A6J_019_760_64,0,0.0,15,1.0,0.8568,21.56
2026-07-25 13:11:39,035,SCN1A6J_019_760_64,0,0.0,15,1.0,0.8568,21.52
2026-07-25 13:21:41,035,SCN1A6J_019_760_64,0,0.0,15,1.0,0.8604,21.52
2026-07-25 13:31:44,035,SCN1A6J_019_760_64,1,0.002,14,0.998,0.8496,21.51
2026-07-25 13:41:48,035,SCN1A6J_019_760_64,0,0.0,15,1.0,0.8496,21.52
2026-07-25 13:51:51,035,SCN1A6J_019_760_64,0,0.0,15,1.0,0.8568,21.51
2026-07-25 14:01:54,035,SCN1A6J_019_760_64,0,0.0,15,1.0,0.8496,21.49
2026-07-25 14:11:56,035,SCN1A6J_019_760_64,0,0.0,15,1.0,0.8424,21.49
2026-07-25 14:22:00,035,SCN1A6J_019_760_64,0,0.0,15,1.0,0.8496,21.48
2026-07-25 14:32:03,035,SCN1A6J_019_760_64,0,0.0,15,1.0,0.8568,21.46
2026-07-25 14:42:06,035,SCN1A6J_019_760_64,0,0.0,15,1.0,0.9108,21.48
2026-07-25 14:52:08,035,SCN1A6J_019_760_64,6,0.01,14,0.989,1.0008,21.49
2026-07-25 15:02:11,035,SCN1A6J_019_760_64,2,0.003,14,0.996,1.0368,21.47
2026-07-25 15:12:14,035,SCN1A6J_019_760_64,116,0.193,8,0.734,0.792,21.52
2026-07-25 15:22:17,035,SCN1A6J_019_760_64,26,0.043,13,0.952,0.7272,21.58
2026-07-25 15:32:20,035,SCN1A6J_019_760_64,0,0.0,15,1.0,0.774,21.61
2026-07-25 15:42:22,035,SCN1A6J_019_760_64,0,0.0,15,1.0,0.7632,21.58
2026-07-25 15:52:24,035,SCN1A6J_019_760_64,0,0.0,15,1.0,0.756,21.56
2026-07-25 16:02:27,035,SCN1A6J_019_760_64,0,0.0,15,1.0,0.7488,21.55
2026-07-25 16:12:30,035,SCN1A6J_019_760_64,0,0.0,15,1.0,0.7632,21.54
2026-07-25 16:22:33,035,SCN1A6J_019_760_64,0,0.0,15,1.0,0.7668,21.53
2026-07-25 16:32:35,035,SCN1A6J_019_760_64,0,0.0,15,1.0,0.756,21.51
2026-07-25 16:42:38,035,SCN1A6J_019_760_64,0,0.0,15,1.0,0.7632,21.52
2026-07-25 16:53:14,035,SCN1A6J_019_760_64,29,0.048,12,0.943,0.792,21.62
2026-07-25 17:03:17,035,SCN1A6J_019_760_64,0,0.0,15,1.0,0.828,21.6
2026-07-25 17:13:20,035,SCN1A6J_019_760_64,0,0.0,15,1.0,0.8568,21.61
2026-07-25 17:23:23,035,SCN1A6J_019_760_64,0,0.0,15,1.0,0.882,21.61
2026-07-25 17:33:25,035,SCN1A6J_019_760_64,0,0.0,15,1.0,0.8712,21.6
2026-07-25 17:43:28,035,SCN1A6J_019_760_64,7,0.012,13,0.987,0.9288,21.59
2026-07-25 17:53:31,035,SCN1A6J_019_760_64,40,0.067,12,0.923,0.9864,21.58
2026-07-25 18:03:34,035,SCN1A6J_019_760_64,0,0.0,15,1.0,0.0,21.55
2026-07-25 18:13:37,035,SCN1A6J_019_760_64,43,0.071,13,0.924,0.0,21.57
2026-07-25 18:23:41,035,SCN1A6J_019_760_64,375,0.624,0,0.0,0.0,21.71
2026-07-25 18:33:43,035,SCN1A6J_019_760_64,210,0.349,6,0.533,0.0,21.81
2026-07-25 18:43:46,035,SCN1A6J_019_760_64,249,0.414,2,0.243,0.0,21.89
2026-07-25 18:53:49,035,SCN1A6J_019_760_64,297,0.494,1,0.119,0.0,21.87
2026-07-25 19:03:51,035,SCN1A6J_019_760_64,122,0.203,8,0.724,0.0,21.83
2026-07-25 19:13:54,035,SCN1A6J_019_760_64,83,0.138,8,0.794,0.0,21.78
2026-07-25 19:23:56,035,SCN1A6J_019_760_64,20,0.033,12,0.96,0.0,21.77
2026-07-25 19:33:59,035,SCN1A6J_019_760_64,0,0.0,15,1.0,0.0,21.71
2026-07-25 19:44:02,035,SCN1A6J_019_760_64,26,0.043,13,0.952,0.0,21.66
2026-07-25 19:54:05,035,SCN1A6J_019_760_64,23,0.038,12,0.954,0.0,21.67
2026-07-25 20:04:08,035,SCN1A6J_019_760_64,0,0.0,15,1.0,0.0,21.62
2026-07-25 20:14:10,035,SCN1A6J_019_760_64,0,0.0,15,1.0,0.0,21.59
2026-07-25 20:24:14,035,SCN1A6J_019_760_64,3,0.005,15,0.995,0.0,21.57
2026-07-25 20:34:16,035,SCN1A6J_019_760_64,0,0.0,15,1.0,0.0,21.59
2026-07-25 20:44:19,035,SCN1A6J_019_760_64,0,0.0,15,1.0,0.0,21.58
2026-07-25 20:54:44,035,SCN1A6J_019_760_64,157,0.262,5,0.56,0.0,21.65
2026-07-25 21:04:47,035,SCN1A6J_019_760_64,93,0.155,9,0.795,0.0,21.64
2026-07-25 21:14:50,035,SCN1A6J_019_760_64,79,0.131,8,0.802,0.0,21.66
2026-07-25 21:24:53,035,SCN1A6J_019_760_64,9,0.015,13,0.983,0.0,21.72
2026-07-25 21:34:55,035,SCN1A6J_019_760_64,0,0.0,15,1.0,0.0,21.73
2026-07-25 21:44:58,035,SCN1A6J_019_760_64,0,0.0,15,1.0,0.0,21.7
2026-07-25 21:55:02,035,SCN1A6J_019_760_64,0,0.0,15,1.0,0.0,21.68
2026-07-25 22:05:04,035,SCN1A6J_019_760_64,0,0.0,15,1.0,0.0,21.65
2026-07-25 22:15:07,035,SCN1A6J_019_760_64,0,0.0,15,1.0,0.0,21.63
2026-07-25 22:25:10,035,SCN1A6J_019_760_64,0,0.0,15,1.0,0.0,21.62
2026-07-25 22:35:13,035,SCN1A6J_019_760_64,61,0.101,10,0.868,0.0,21.62
2026-07-25 22:45:15,035,SCN1A6J_019_760_64,74,0.124,10,0.844,0.0,21.64
2026-07-25 22:55:18,035,SCN1A6J_019_760_64,53,0.088,11,0.892,0.0,21.63
2026-07-25 23:05:20,035,SCN1A6J_019_760_64,19,0.032,11,0.959,0.0,21.62
2026-07-25 23:15:23,035,SCN1A6J_019_760_64,0,0.0,15,1.0,0.0,21.61
2026-07-25 23:25:26,035,SCN1A6J_019_760_64,1,0.002,14,0.998,0.0,21.57
2026-07-25 23:35:28,035,SCN1A6J_019_760_64,0,0.0,15,1.0,0.0,21.54
2026-07-25 23:45:32,035,SCN1A6J_019_760_64,48,0.08,10,0.893,0.0,21.55
2026-07-25 23:55:35,035,SCN1A6J_019_760_64,3,0.005,14,0.995,0.0,21.52
2026-07-26 00:05:38,035,SCN1A6J_019_760_64,63,0.105,9,0.851,0.0,21.59
2026-07-26 00:15:41,035,SCN1A6J_019_760_64,76,0.126,7,0.787,0.0,21.69
2026-07-26 00:25:43,035,SCN1A6J_019_760_64,4,0.007,14,0.993,0.0,21.68
2026-07-26 00:35:46,035,SCN1A6J_019_760_64,0,0.0,15,1.0,0.0,21.69
2026-07-26 00:45:49,035,SCN1A6J_019_760_64,0,0.0,15,1.0,0.0,21.68
2026-07-26 00:56:19,035,SCN1A6J_019_760_64,0,0.0,15,1.0,0.0,21.73
2026-07-26 01:06:22,035,SCN1A6J_019_760_64,37,0.062,13,0.934,0.0,21.73
2026-07-26 01:16:24,035,SCN1A6J_019_760_64,16,0.027,13,0.97,0.0,21.62
2026-07-26 01:26:27,035,SCN1A6J_019_760_64,89,0.148,9,0.802,0.0,21.58
2026-07-26 01:36:30,035,SCN1A6J_019_760_64,19,0.032,13,0.965,0.0,21.58
2026-07-26 01:46:32,035,SCN1A6J_019_760_64,0,0.0,15,1.0,0.0,21.55
2026-07-26 01:56:35,035,SCN1A6J_019_760_64,0,0.0,15,1.0,0.0,21.52
2026-07-26 02:06:38,035,SCN1A6J_019_760_64,0,0.0,15,1.0,0.0,21.5
2026-07-26 02:16:41,035,SCN1A6J_019_760_64,2,0.003,14,0.996,0.0,21.48
2026-07-26 02:26:44,035,SCN1A6J_019_760_64,13,0.022,13,0.976,0.0,21.47
2026-07-26 02:36:47,035,SCN1A6J_019_760_64,43,0.072,11,0.911,0.0,21.44
2026-07-26 02:46:50,035,SCN1A6J_019_760_64,0,0.0,15,1.0,0.0,21.47
2026-07-26 02:56:53,035,SCN1A6J_019_760_64,0,0.0,15,1.0,0.0,21.46
2026-07-26 03:06:56,035,SCN1A6J_019_760_64,0,0.0,15,1.0,0.0,21.43
2026-07-26 03:16:59,035,SCN1A6J_019_760_64,0,0.0,15,1.0,0.0,21.44
2026-07-26 03:27:02,035,SCN1A6J_019_760_64,36,0.06,12,0.93,0.0,21.47
2026-07-26 03:37:05,035,SCN1A6J_019_760_64,28,0.047,11,0.94,0.0,21.46
2026-07-26 03:47:08,035,SCN1A6J_019_760_64,141,0.235,7,0.665,0.0,21.49
2026-07-26 03:57:11,035,SCN1A6J_019_760_64,30,0.05,12,0.941,0.0,21.5
2026-07-26 04:07:14,035,SCN1A6J_019_760_64,293,0.488,3,0.291,0.0,21.49
2026-07-26 04:17:17,035,SCN1A6J_019_760_64,44,0.073,12,0.916,0.0,21.46
2026-07-26 04:27:19,035,SCN1A6J_019_760_64,0,0.0,15,1.0,0.0,21.44
2026-07-26 04:37:22,035,SCN1A6J_019_760_64,0,0.0,15,1.0,0.0,21.4
2026-07-26 04:47:25,035,SCN1A6J_019_760_64,0,0.0,15,1.0,0.0,21.37
2026-07-26 04:57:49,035,SCN1A6J_019_760_64,0,0.0,15,1.0,0.0,21.39
2026-07-26 05:07:52,035,SCN1A6J_019_760_64,0,0.0,15,1.0,0.0,21.36
2026-07-26 05:17:55,035,SCN1A6J_019_760_64,8,0.013,13,0.985,0.0,21.35
2026-07-26 05:27:58,035,SCN1A6J_019_760_64,93,0.155,9,0.795,0.0,21.38
2026-07-26 05:38:00,035,SCN1A6J_019_760_64,197,0.328,1,0.169,0.0,21.41
2026-07-26 05:48:03,035,SCN1A6J_019_760_64,156,0.26,7,0.642,0.0,21.44
2026-07-26 05:58:06,035,SCN1A6J_019_760_64,64,0.106,11,0.873,0.0,21.46
2026-07-26 06:08:08,035,SCN1A6J_019_760_64,0,0.0,15,1.0,0.792,21.44
2026-07-26 06:18:11,035,SCN1A6J_019_760_64,0,0.0,15,1.0,0.8064,21.42
2026-07-26 06:28:13,035,SCN1A6J_019_760_64,0,0.0,15,1.0,0.7992,21.4
2026-07-26 06:38:16,035,SCN1A6J_019_760_64,0,0.0,15,1.0,0.8064,21.38
2026-07-26 06:48:18,035,SCN1A6J_019_760_64,0,0.0,15,1.0,0.7488,21.38
2026-07-26 06:58:22,035,SCN1A6J_019_760_64,0,0.0,15,1.0,0.8028,21.36
2026-07-26 07:08:25,035,SCN1A6J_019_760_64,1,0.002,14,0.998,0.7812,21.36
2026-07-26 07:18:27,035,SCN1A6J_019_760_64,0,0.0,15,1.0,0.792,21.35
2026-07-26 07:28:30,035,SCN1A6J_019_760_64,0,0.0,15,1.0,0.8172,21.35
2026-07-26 07:38:33,035,SCN1A6J_019_760_64,1,0.002,14,0.998,0.7848,21.34
2026-07-26 07:48:36,035,SCN1A6J_019_760_64,0,0.0,15,1.0,0.7884,21.34
2026-07-26 07:58:39,035,SCN1A6J_019_760_64,1,0.002,14,0.998,0.6984,21.37
2026-07-26 08:08:41,035,SCN1A6J_019_760_64,0,0.0,15,1.0,0.8208,21.39
2026-07-26 08:18:44,035,SCN1A6J_019_760_64,0,0.0,15,1.0,0.8208,21.39
2026-07-26 08:28:47,035,SCN1A6J_019_760_64,1,0.002,14,0.998,0.8316,21.38
2026-07-26 08:38:50,035,SCN1A6J_019_760_64,0,0.0,15,1.0,0.8352,21.38
2026-07-26 08:48:53,035,SCN1A6J_019_760_64,0,0.0,15,1.0,0.8352,21.38
2026-07-26 08:59:24,035,SCN1A6J_019_760_64,0,0.0,15,1.0,0.8388,21.46
2026-07-26 09:09:27,035,SCN1A6J_019_760_64,0,0.0,15,1.0,0.8388,21.44
2026-07-26 09:19:30,035,SCN1A6J_019_760_64,0,0.0,15,1.0,0.8316,21.42
2026-07-26 09:29:32,035,SCN1A6J_019_760_64,13,0.022,13,0.976,0.8856,21.39
2026-07-26 09:39:35,035,SCN1A6J_019_760_64,1,0.002,14,0.998,0.8892,21.44
2026-07-26 09:49:38,035,SCN1A6J_019_760_64,0,0.0,15,1.0,0.8856,21.47
2026-07-26 09:59:41,035,SCN1A6J_019_760_64,0,0.0,15,1.0,0.8208,21.49
2026-07-26 10:09:43,035,SCN1A6J_019_760_64,0,0.0,15,1.0,0.8352,21.48
2026-07-26 10:19:46,035,SCN1A6J_019_760_64,0,0.0,15,1.0,0.8352,21.46
2026-07-26 10:29:50,035,SCN1A6J_019_760_64,0,0.0,15,1.0,0.8388,21.45
2026-07-26 10:39:53,035,SCN1A6J_019_760_64,0,0.0,15,1.0,0.792,21.42
2026-07-26 10:49:56,035,SCN1A6J_019_760_64,1,0.002,14,0.998,0.8064,21.41
2026-07-26 10:59:59,035,SCN1A6J_019_760_64,18,0.03,14,0.969,0.99,21.38
2026-07-26 11:10:01,035,SCN1A6J_019_760_64,30,0.05,12,0.941,0.5112,21.38
2026-07-26 11:20:05,035,SCN1A6J_019_760_64,49,0.082,11,0.9,0.3672,21.39
2026-07-26 11:30:08,035,SCN1A6J_019_760_64,0,0.0,15,1.0,0.4896,21.42
2026-07-26 11:40:10,035,SCN1A6J_019_760_64,0,0.0,15,1.0,0.4896,21.41
2026-07-26 11:50:13,035,SCN1A6J_019_760_64,0,0.0,15,1.0,0.5112,21.4
2026-07-26 12:00:16,035,SCN1A6J_019_760_64,0,0.0,15,1.0,0.5148,21.39
2026-07-26 12:10:19,035,SCN1A6J_019_760_64,0,0.0,15,1.0,0.5184,21.37
2026-07-26 12:20:22,035,SCN1A6J_019_760_64,0,0.0,15,1.0,0.5184,21.38
2026-07-26 12:30:25,035,SCN1A6J_019_760_64,0,0.0,15,1.0,0.5148,21.38
2026-07-26 12:40:27,035,SCN1A6J_019_760_64,0,0.0,15,1.0,0.5112,21.37
2026-07-26 12:50:30,035,SCN1A6J_019_760_64,0,0.0,15,1.0,0.5868,21.39
2026-07-26 13:01:01,035,SCN1A6J_019_760_64,0,0.0,15,1.0,0.5832,21.46
2026-07-26 13:11:04,035,SCN1A6J_019_760_64,0,0.0,15,1.0,0.5904,21.42
2026-07-26 13:21:07,035,SCN1A6J_019_760_64,1,0.002,14,0.998,0.5616,21.42
2026-07-26 13:31:10,035,SCN1A6J_019_760_64,0,0.0,15,1.0,0.6012,21.41
2026-07-26 13:41:13,035,SCN1A6J_019_760_64,1,0.002,14,0.998,0.5904,21.39
2026-07-26 13:51:15,035,SCN1A6J_019_760_64,0,0.0,15,1.0,0.5976,21.36
2026-07-26 14:01:18,035,SCN1A6J_019_760_64,0,0.0,15,1.0,0.6084,21.36
2026-07-26 14:11:21,035,SCN1A6J_019_760_64,0,0.0,15,1.0,0.5904,21.34
2026-07-26 14:21:24,035,SCN1A6J_019_760_64,0,0.0,15,1.0,0.6156,21.33
2026-07-26 14:31:27,035,SCN1A6J_019_760_64,2,0.003,14,0.996,0.612,21.33
2026-07-26 14:41:29,035,SCN1A6J_019_760_64,1,0.002,14,0.998,0.6228,21.34
2026-07-26 14:51:32,035,SCN1A6J_019_760_64,1,0.002,14,0.998,0.612,21.33
2026-07-26 15:01:35,035,SCN1A6J_019_760_64,0,0.0,15,1.0,0.63,21.35
2026-07-26 15:11:38,035,SCN1A6J_019_760_64,36,0.06,11,0.924,0.5112,21.36
2026-07-26 15:21:41,035,SCN1A6J_019_760_64,36,0.06,11,0.924,0.4464,21.39
2026-07-26 15:31:44,035,SCN1A6J_019_760_64,0,0.0,15,1.0,0.468,21.36
2026-07-26 15:41:46,035,SCN1A6J_019_760_64,0,0.0,15,1.0,0.5472,21.33
2026-07-26 15:51:48,035,SCN1A6J_019_760_64,1,0.002,14,0.998,0.5472,21.28
2026-07-26 16:01:51,035,SCN1A6J_019_760_64,1,0.002,14,0.998,0.5544,21.25
2026-07-26 16:11:54,035,SCN1A6J_019_760_64,0,0.0,15,1.0,0.5544,21.22
2026-07-26 16:21:57,035,SCN1A6J_019_760_64,0,0.0,15,1.0,0.5724,21.24
2026-07-26 16:32:00,035,SCN1A6J_019_760_64,0,0.0,15,1.0,0.5544,21.27
2026-07-26 16:42:02,035,SCN1A6J_019_760_64,0,0.0,15,1.0,0.4968,21.24
2026-07-26 16:52:05,035,SCN1A6J_019_760_64,0,0.0,15,1.0,0.468,21.23
2026-07-26 17:02:32,035,SCN1A6J_019_760_64,0,0.0,15,1.0,0.4176,21.28
2026-07-26 17:12:34,035,SCN1A6J_019_760_64,0,0.0,15,1.0,0.4176,21.24
2026-07-26 17:22:37,035,SCN1A6J_019_760_64,0,0.0,15,1.0,0.4284,21.21
2026-07-26 17:32:39,035,SCN1A6J_019_760_64,0,0.0,15,1.0,0.4392,21.23
2026-07-26 17:42:42,035,SCN1A6J_019_760_64,1,0.002,14,0.998,0.5112,21.27
2026-07-26 17:52:46,035,SCN1A6J_019_760_64,6,0.01,14,0.989,0.45,21.26
2026-07-26 18:02:48,035,SCN1A6J_019_760_64,0,0.0,15,1.0,0.0,21.3
2026-07-26 18:12:51,035,SCN1A6J_019_760_64,247,0.411,3,0.327,0.0,21.51
2026-07-26 18:22:54,035,SCN1A6J_019_760_64,286,0.476,2,0.219,0.0,21.5
2026-07-26 18:32:57,035,SCN1A6J_019_760_64,189,0.314,5,0.514,0.0,21.49
2026-07-26 18:43:00,035,SCN1A6J_019_760_64,273,0.455,1,0.128,0.0,21.51
2026-07-26 18:53:02,035,SCN1A6J_019_760_64,57,0.095,10,0.875,0.0,21.48
2026-07-26 19:03:05,035,SCN1A6J_019_760_64,0,0.0,15,1.0,0.0,21.46
2026-07-26 19:13:08,035,SCN1A6J_019_760_64,2,0.003,14,0.996,0.0,21.41
2026-07-26 19:23:10,035,SCN1A6J_019_760_64,59,0.098,12,0.891,0.0,21.36
2026-07-26 19:33:13,035,SCN1A6J_019_760_64,232,0.385,4,0.408,0.0,21.37
2026-07-26 19:43:16,035,SCN1A6J_019_760_64,67,0.111,11,0.868,0.0,21.36
2026-07-26 19:53:19,035,SCN1A6J_019_760_64,0,0.0,15,1.0,0.0,21.36
2026-07-26 20:03:21,035,SCN1A6J_019_760_64,27,0.045,10,0.937,0.0,21.35
2026-07-26 20:13:24,035,SCN1A6J_019_760_64,222,0.369,4,0.419,0.0,21.37
2026-07-26 20:23:27,035,SCN1A6J_019_760_64,1,0.002,14,0.998,0.0,21.36
2026-07-26 20:33:30,035,SCN1A6J_019_760_64,1,0.002,14,0.998,0.0,21.34
2026-07-26 20:43:33,035,SCN1A6J_019_760_64,0,0.0,15,1.0,0.0,21.32
2026-07-26 20:53:36,035,SCN1A6J_019_760_64,41,0.068,13,0.927,0.0,21.3
2026-07-26 21:04:12,035,SCN1A6J_019_760_64,78,0.13,11,0.849,0.0,21.43
2026-07-26 21:14:15,035,SCN1A6J_019_760_64,0,0.0,15,1.0,0.0,21.4
2026-07-26 21:24:18,035,SCN1A6J_019_760_64,0,0.0,15,1.0,0.0,21.38
2026-07-26 21:34:20,035,SCN1A6J_019_760_64,18,0.03,11,0.961,0.0,21.37
2026-07-26 21:44:23,035,SCN1A6J_019_760_64,123,0.205,7,0.695,0.0,21.42
2026-07-26 21:54:26,035,SCN1A6J_019_760_64,87,0.145,8,0.786,0.0,21.43
2026-07-26 22:04:29,035,SCN1A6J_019_760_64,306,0.509,3,0.282,0.0,21.44
2026-07-26 22:14:32,035,SCN1A6J_019_760_64,47,0.078,12,0.911,0.0,21.43
2026-07-26 22:24:35,035,SCN1A6J_019_760_64,60,0.1,12,0.889,0.0,21.43
2026-07-26 22:34:38,035,SCN1A6J_019_760_64,31,0.052,9,0.921,0.0,21.43
2026-07-26 22:44:40,035,SCN1A6J_019_760_64,11,0.018,12,0.978,0.0,21.4
2026-07-26 22:54:43,035,SCN1A6J_019_760_64,5,0.008,13,0.99,0.0,21.44
2026-07-26 23:04:46,035,SCN1A6J_019_760_64,0,0.0,15,1.0,0.0,21.45
2026-07-26 23:14:49,035,SCN1A6J_019_760_64,0,0.0,15,1.0,0.0,21.43
2026-07-26 23:24:52,035,SCN1A6J_019_760_64,0,0.0,15,1.0,0.0,21.42
2026-07-26 23:34:55,035,SCN1A6J_019_760_64,0,0.0,15,1.0,0.0,21.4
2026-07-26 23:44:57,035,SCN1A6J_019_760_64,14,0.023,13,0.974,0.0,21.4
2026-07-26 23:55:00,035,SCN1A6J_019_760_64,27,0.045,14,0.954,0.0,21.34
2026-07-25 00:05:40,008,SCN1A6J_019_760_66,2,0.003,13,0.996,0.0,21.2
2026-07-25 00:15:43,008,SCN1A6J_019_760_66,0,0.0,14,1.0,0.0,21.16
2026-07-25 00:26:16,008,SCN1A6J_019_760_66,0,0.0,14,1.0,0.0,21.22
2026-07-25 00:36:19,008,SCN1A6J_019_760_66,0,0.0,14,1.0,0.0,21.17
2026-07-25 00:46:21,008,SCN1A6J_019_760_66,1,0.002,14,0.998,0.0,21.14
2026-07-25 00:56:25,008,SCN1A6J_019_760_66,0,0.0,14,1.0,0.0,21.12
2026-07-25 01:06:28,008,SCN1A6J_019_760_66,180,0.3,4,0.471,0.0,21.3
2026-07-25 01:16:31,008,SCN1A6J_019_760_66,147,0.245,5,0.576,0.0,21.36
2026-07-25 01:26:34,008,SCN1A6J_019_760_66,2,0.003,14,0.996,0.0,21.31
2026-07-25 01:36:36,008,SCN1A6J_019_760_66,2,0.003,13,0.996,0.0,21.26
2026-07-25 01:46:40,008,SCN1A6J_019_760_66,0,0.0,14,1.0,0.0,21.22
2026-07-25 01:56:43,008,SCN1A6J_019_760_66,1,0.002,14,0.998,0.0,21.18
2026-07-25 02:06:45,008,SCN1A6J_019_760_66,0,0.0,14,1.0,0.0,21.16
2026-07-25 02:16:48,008,SCN1A6J_019_760_66,0,0.0,14,1.0,0.0,21.13
2026-07-25 02:26:51,008,SCN1A6J_019_760_66,0,0.0,14,1.0,0.0,21.11
2026-07-25 02:36:54,008,SCN1A6J_019_760_66,0,0.0,14,1.0,0.0,21.09
2026-07-25 02:46:57,008,SCN1A6J_019_760_66,0,0.0,14,1.0,0.0,21.08
2026-07-25 02:57:00,008,SCN1A6J_019_760_66,0,0.0,14,1.0,0.0,21.09
2026-07-25 03:07:03,008,SCN1A6J_019_760_66,0,0.0,14,1.0,0.0,21.07
2026-07-25 03:17:06,008,SCN1A6J_019_760_66,195,0.324,2,0.291,0.0,21.21
2026-07-25 03:27:10,008,SCN1A6J_019_760_66,0,0.0,14,1.0,0.0,21.2
2026-07-25 03:37:13,008,SCN1A6J_019_760_66,0,0.0,14,1.0,0.0,21.17
2026-07-25 03:47:16,008,SCN1A6J_019_760_66,0,0.0,14,1.0,0.0,21.15
2026-07-25 03:57:18,008,SCN1A6J_019_760_66,7,0.012,14,0.988,0.0,21.11
2026-07-25 04:07:21,008,SCN1A6J_019_760_66,0,0.0,14,1.0,0.0,21.11
2026-07-25 04:17:24,008,SCN1A6J_019_760_66,0,0.0,14,1.0,0.0,21.09
2026-07-25 04:27:49,008,SCN1A6J_019_760_66,0,0.0,14,1.0,0.0,21.14
2026-07-25 04:37:53,008,SCN1A6J_019_760_66,0,0.0,14,1.0,0.0,21.1
2026-07-25 04:47:55,008,SCN1A6J_019_760_66,65,0.108,9,0.847,0.0,21.23
2026-07-25 04:57:58,008,SCN1A6J_019_760_66,142,0.236,6,0.628,0.0,21.3
2026-07-25 05:08:01,008,SCN1A6J_019_760_66,4,0.007,14,0.993,0.0,21.24
2026-07-25 05:18:05,008,SCN1A6J_019_760_66,1,0.002,14,0.998,0.0,21.19
2026-07-25 05:28:08,008,SCN1A6J_019_760_66,0,0.0,14,1.0,0.0,21.16
2026-07-25 05:38:11,008,SCN1A6J_019_760_66,0,0.0,14,1.0,0.0,21.12
2026-07-25 05:48:14,008,SCN1A6J_019_760_66,0,0.0,14,1.0,0.0,21.09
2026-07-25 05:58:17,008,SCN1A6J_019_760_66,55,0.092,10,0.879,0.0,21.13
2026-07-25 06:08:20,008,SCN1A6J_019_760_66,88,0.146,9,0.804,3.042,21.19
2026-07-25 06:18:23,008,SCN1A6J_019_760_66,0,0.0,14,1.0,3.0132,21.21
2026-07-25 06:28:27,008,SCN1A6J_019_760_66,0,0.0,14,1.0,2.9952,21.22
2026-07-25 06:38:30,008,SCN1A6J_019_760_66,0,0.0,14,1.0,2.988,21.21
2026-07-25 06:48:33,008,SCN1A6J_019_760_66,0,0.0,14,1.0,2.988,21.22
2026-07-25 06:58:36,008,SCN1A6J_019_760_66,0,0.0,14,1.0,2.9808,21.21
2026-07-25 07:08:39,008,SCN1A6J_019_760_66,0,0.0,14,1.0,2.9808,21.21
2026-07-25 07:18:42,008,SCN1A6J_019_760_66,0,0.0,14,1.0,2.9844,21.2
2026-07-25 07:28:45,008,SCN1A6J_019_760_66,0,0.0,14,1.0,2.9844,21.2
2026-07-25 07:38:47,008,SCN1A6J_019_760_66,0,0.0,14,1.0,2.9844,21.2
2026-07-25 07:48:51,008,SCN1A6J_019_760_66,0,0.0,14,1.0,2.9808,21.2
2026-07-25 07:58:54,008,SCN1A6J_019_760_66,0,0.0,14,1.0,2.9808,21.2
2026-07-25 08:08:57,008,SCN1A6J_019_760_66,0,0.0,14,1.0,2.9772,21.21
2026-07-25 08:19:00,008,SCN1A6J_019_760_66,0,0.0,14,1.0,2.988,21.2
2026-07-25 08:29:27,008,SCN1A6J_019_760_66,0,0.0,14,1.0,2.9736,21.28
2026-07-25 08:39:30,008,SCN1A6J_019_760_66,0,0.0,14,1.0,2.9736,21.25
2026-07-25 08:49:33,008,SCN1A6J_019_760_66,0,0.0,14,1.0,2.9772,21.24
2026-07-25 08:59:36,008,SCN1A6J_019_760_66,44,0.073,12,0.916,2.9664,21.27
2026-07-25 09:09:39,008,SCN1A6J_019_760_66,24,0.04,13,0.956,2.8512,21.28
2026-07-25 09:19:42,008,SCN1A6J_019_760_66,0,0.0,14,1.0,2.8584,21.27
2026-07-25 09:29:45,008,SCN1A6J_019_760_66,0,0.0,14,1.0,2.8584,21.27
2026-07-25 09:39:47,008,SCN1A6J_019_760_66,0,0.0,14,1.0,2.8584,21.26
2026-07-25 09:49:51,008,SCN1A6J_019_760_66,1,0.002,14,0.998,2.8764,21.24
2026-07-25 09:59:54,008,SCN1A6J_019_760_66,0,0.0,14,1.0,2.8764,21.26
2026-07-25 10:09:57,008,SCN1A6J_019_760_66,0,0.0,14,1.0,2.8764,21.28
2026-07-25 10:19:59,008,SCN1A6J_019_760_66,2,0.003,14,0.996,2.8584,21.29
2026-07-25 10:30:02,008,SCN1A6J_019_760_66,0,0.0,14,1.0,2.8584,21.31
2026-07-25 10:40:06,008,SCN1A6J_019_760_66,0,0.0,14,1.0,2.8656,21.32
2026-07-25 10:50:09,008,SCN1A6J_019_760_66,0,0.0,14,1.0,2.8584,21.33
2026-07-25 11:00:12,008,SCN1A6J_019_760_66,1,0.002,14,0.998,2.8584,21.33
2026-07-25 11:10:15,008,SCN1A6J_019_760_66,0,0.0,14,1.0,2.8656,21.33
2026-07-25 11:20:19,008,SCN1A6J_019_760_66,1,0.002,14,0.998,2.8548,21.34
2026-07-25 11:30:22,008,SCN1A6J_019_760_66,25,0.042,13,0.954,2.8944,21.37
2026-07-25 11:40:25,008,SCN1A6J_019_760_66,2,0.003,13,0.996,2.8944,21.37
2026-07-25 11:50:28,008,SCN1A6J_019_760_66,0,0.0,14,1.0,2.88,21.37
2026-07-25 12:00:31,008,SCN1A6J_019_760_66,1,0.002,14,0.998,2.8908,21.37
2026-07-25 12:10:34,008,SCN1A6J_019_760_66,0,0.0,14,1.0,2.8872,21.36
2026-07-25 12:20:37,008,SCN1A6J_019_760_66,0,0.0,14,1.0,2.8908,21.35
2026-07-25 12:31:04,008,SCN1A6J_019_760_66,0,0.0,14,1.0,2.8836,21.42
2026-07-25 12:41:08,008,SCN1A6J_019_760_66,0,0.0,14,1.0,2.88,21.4
2026-07-25 12:51:11,008,SCN1A6J_019_760_66,0,0.0,14,1.0,2.8872,21.38
2026-07-25 13:01:14,008,SCN1A6J_019_760_66,0,0.0,14,1.0,2.8728,21.39
2026-07-25 13:11:17,008,SCN1A6J_019_760_66,0,0.0,14,1.0,2.8872,21.38
2026-07-25 13:21:20,008,SCN1A6J_019_760_66,0,0.0,14,1.0,2.8908,21.38
2026-07-25 13:31:23,008,SCN1A6J_019_760_66,0,0.0,14,1.0,2.88,21.38
2026-07-25 13:41:26,008,SCN1A6J_019_760_66,0,0.0,14,1.0,2.88,21.39
2026-07-25 13:51:29,008,SCN1A6J_019_760_66,0,0.0,14,1.0,2.88,21.38
2026-07-25 14:01:32,008,SCN1A6J_019_760_66,0,0.0,14,1.0,2.88,21.39
2026-07-25 14:11:35,008,SCN1A6J_019_760_66,1,0.002,14,0.998,2.88,21.38
2026-07-25 14:21:38,008,SCN1A6J_019_760_66,0,0.0,14,1.0,2.88,21.39
2026-07-25 14:31:42,008,SCN1A6J_019_760_66,1,0.002,14,0.998,2.8908,21.38
2026-07-25 14:41:45,008,SCN1A6J_019_760_66,1,0.002,14,0.998,2.88,21.4
2026-07-25 14:51:47,008,SCN1A6J_019_760_66,1,0.002,14,0.998,2.8908,21.4
2026-07-25 15:01:51,008,SCN1A6J_019_760_66,3,0.005,13,0.994,2.898,21.41
2026-07-25 15:11:54,008,SCN1A6J_019_760_66,0,0.0,14,1.0,2.88,21.4
2026-07-25 15:21:56,008,SCN1A6J_019_760_66,3,0.005,12,0.994,2.898,21.41
2026-07-25 15:31:59,008,SCN1A6J_019_760_66,0,0.0,14,1.0,2.88,21.4
2026-07-25 15:42:03,008,SCN1A6J_019_760_66,1,0.002,14,0.998,2.8872,21.4
2026-07-25 15:52:06,008,SCN1A6J_019_760_66,1,0.002,14,0.998,2.8872,21.4
2026-07-25 16:02:09,008,SCN1A6J_019_760_66,1,0.002,14,0.998,2.8152,21.41
2026-07-25 16:12:12,008,SCN1A6J_019_760_66,58,0.097,11,0.884,2.8656,21.49
2026-07-25 16:22:15,008,SCN1A6J_019_760_66,2,0.003,14,0.996,2.898,21.49
2026-07-25 16:32:39,008,SCN1A6J_019_760_66,0,0.0,14,1.0,2.88,21.52
2026-07-25 16:42:41,008,SCN1A6J_019_760_66,0,0.0,14,1.0,2.8944,21.49
2026-07-25 16:52:44,008,SCN1A6J_019_760_66,0,0.0,14,1.0,2.8728,21.47
2026-07-25 17:02:47,008,SCN1A6J_019_760_66,0,0.0,14,1.0,2.8872,21.44
2026-07-25 17:12:50,008,SCN1A6J_019_760_66,2,0.003,13,0.996,2.8728,21.45
2026-07-25 17:22:53,008,SCN1A6J_019_760_66,8,0.013,14,0.986,2.8476,21.48
2026-07-25 17:32:56,008,SCN1A6J_019_760_66,1,0.002,14,0.998,2.844,21.48
2026-07-25 17:42:59,008,SCN1A6J_019_760_66,0,0.0,14,1.0,2.8476,21.47
2026-07-25 17:53:02,008,SCN1A6J_019_760_66,1,0.002,14,0.998,2.862,21.47
2026-07-25 18:03:05,008,SCN1A6J_019_760_66,0,0.0,14,1.0,0.0,21.45
2026-07-25 18:13:07,008,SCN1A6J_019_760_66,225,0.374,4,0.416,0.0,21.57
2026-07-25 18:23:11,008,SCN1A6J_019_760_66,21,0.035,14,0.964,0.0,21.59
2026-07-25 18:33:14,008,SCN1A6J_019_760_66,0,0.0,14,1.0,0.0,21.56
2026-07-25 18:43:16,008,SCN1A6J_019_760_66,1,0.002,14,0.998,0.0,21.51
2026-07-25 18:53:20,008,SCN1A6J_019_760_66,0,0.0,14,1.0,0.0,21.47
2026-07-25 19:03:23,008,SCN1A6J_019_760_66,2,0.003,14,0.996,0.0,21.45
2026-07-25 19:13:25,008,SCN1A6J_019_760_66,22,0.037,13,0.959,0.0,21.45
2026-07-25 19:23:28,008,SCN1A6J_019_760_66,187,0.311,3,0.391,0.0,21.64
2026-07-25 19:33:31,008,SCN1A6J_019_760_66,98,0.163,7,0.741,0.0,21.67
2026-07-25 19:43:34,008,SCN1A6J_019_760_66,0,0.0,14,1.0,0.0,21.63
2026-07-25 19:53:37,008,SCN1A6J_019_760_66,0,0.0,14,1.0,0.0,21.58
2026-07-25 20:03:40,008,SCN1A6J_019_760_66,1,0.002,14,0.998,0.0,21.54
2026-07-25 20:13:43,008,SCN1A6J_019_760_66,0,0.0,14,1.0,0.0,21.49
2026-07-25 20:23:47,008,SCN1A6J_019_760_66,0,0.0,14,1.0,0.0,21.46
2026-07-25 20:34:12,008,SCN1A6J_019_760_66,0,0.0,14,1.0,0.0,21.5
2026-07-25 20:44:15,008,SCN1A6J_019_760_66,0,0.0,14,1.0,0.0,21.46
2026-07-25 20:54:18,008,SCN1A6J_019_760_66,177,0.295,4,0.475,0.0,21.58
2026-07-25 21:04:21,008,SCN1A6J_019_760_66,257,0.428,3,0.318,0.0,21.81
2026-07-25 21:14:24,008,SCN1A6J_019_760_66,134,0.223,7,0.676,0.0,21.8
2026-07-25 21:24:27,008,SCN1A6J_019_760_66,0,0.0,14,1.0,0.0,21.73
2026-07-25 21:34:30,008,SCN1A6J_019_760_66,0,0.0,14,1.0,0.0,21.64
2026-07-25 21:44:33,008,SCN1A6J_019_760_66,0,0.0,14,1.0,0.0,21.58
2026-07-25 21:54:36,008,SCN1A6J_019_760_66,0,0.0,14,1.0,0.0,21.53
2026-07-25 22:04:38,008,SCN1A6J_019_760_66,165,0.275,6,0.593,0.0,21.62
2026-07-25 22:14:41,008,SCN1A6J_019_760_66,230,0.383,2,0.258,0.0,21.81
2026-07-25 22:24:44,008,SCN1A6J_019_760_66,159,0.265,6,0.602,0.0,21.81
2026-07-25 22:34:47,008,SCN1A6J_019_760_66,63,0.105,10,0.864,0.0,21.83
2026-07-25 22:44:50,008,SCN1A6J_019_760_66,40,0.067,11,0.917,0.0,21.74
2026-07-25 22:54:53,008,SCN1A6J_019_760_66,167,0.278,6,0.59,0.0,21.82
2026-07-25 23:04:56,008,SCN1A6J_019_760_66,0,0.0,14,1.0,0.0,21.71
2026-07-25 23:14:59,008,SCN1A6J_019_760_66,0,0.0,14,1.0,0.0,21.6
2026-07-25 23:25:02,008,SCN1A6J_019_760_66,0,0.0,14,1.0,0.0,21.53
2026-07-25 23:35:05,008,SCN1A6J_019_760_66,1,0.002,14,0.998,0.0,21.45
2026-07-25 23:45:08,008,SCN1A6J_019_760_66,2,0.003,14,0.996,0.0,21.41
2026-07-25 23:55:11,008,SCN1A6J_019_760_66,1,0.002,14,0.998,0.0,21.37
2026-07-26 00:05:15,008,SCN1A6J_019_760_66,43,0.072,12,0.918,0.0,21.37
2026-07-26 00:15:17,008,SCN1A6J_019_760_66,1,0.002,14,0.998,0.0,21.35
2026-07-26 00:25:20,008,SCN1A6J_019_760_66,0,0.0,14,1.0,0.0,21.34
2026-07-26 00:35:49,008,SCN1A6J_019_760_66,0,0.0,14,1.0,0.0,21.4
2026-07-26 00:45:52,008,SCN1A6J_019_760_66,109,0.181,6,0.688,0.0,21.54
2026-07-26 00:55:55,008,SCN1A6J_019_760_66,132,0.22,6,0.645,0.0,21.62
2026-07-26 01:05:58,008,SCN1A6J_019_760_66,5,0.008,13,0.99,0.0,21.58
2026-07-26 01:16:01,008,SCN1A6J_019_760_66,0,0.0,14,1.0,0.0,21.53
2026-07-26 01:26:04,008,SCN1A6J_019_760_66,1,0.002,14,0.998,0.0,21.45
2026-07-26 01:36:07,008,SCN1A6J_019_760_66,2,0.003,13,0.996,0.0,21.4
2026-07-26 01:46:10,008,SCN1A6J_019_760_66,2,0.003,13,0.996,0.0,21.35
2026-07-26 01:56:13,008,SCN1A6J_019_760_66,0,0.0,14,1.0,0.0,21.31
2026-07-26 02:06:16,008,SCN1A6J_019_760_66,1,0.002,14,0.998,0.0,21.27
2026-07-26 02:16:18,008,SCN1A6J_019_760_66,0,0.0,14,1.0,0.0,21.25
2026-07-26 02:26:21,008,SCN1A6J_019_760_66,0,0.0,14,1.0,0.0,21.23
2026-07-26 02:36:24,008,SCN1A6J_019_760_66,2,0.003,14,0.996,0.0,21.22
2026-07-26 02:46:27,008,SCN1A6J_019_760_66,1,0.002,14,0.998,0.0,21.2
2026-07-26 02:56:30,008,SCN1A6J_019_760_66,101,0.168,8,0.76,0.0,21.3
2026-07-26 03:06:33,008,SCN1A6J_019_760_66,57,0.095,12,0.894,0.0,21.35
2026-07-26 03:16:36,008,SCN1A6J_019_760_66,49,0.081,10,0.891,0.0,21.41
2026-07-26 03:26:39,008,SCN1A6J_019_760_66,2,0.003,13,0.996,0.0,21.37
2026-07-26 03:36:42,008,SCN1A6J_019_760_66,0,0.0,14,1.0,0.0,21.33
2026-07-26 03:46:45,008,SCN1A6J_019_760_66,1,0.002,14,0.998,0.0,21.3
2026-07-26 03:56:48,008,SCN1A6J_019_760_66,2,0.003,14,0.996,0.0,21.28
2026-07-26 04:06:51,008,SCN1A6J_019_760_66,0,0.0,14,1.0,0.0,21.25
2026-07-26 04:16:54,008,SCN1A6J_019_760_66,1,0.002,14,0.998,0.0,21.24
2026-07-26 04:26:57,008,SCN1A6J_019_760_66,0,0.0,14,1.0,0.0,21.22
2026-07-26 04:37:19,008,SCN1A6J_019_760_66,1,0.002,14,0.998,0.0,21.25
2026-07-26 04:47:22,008,SCN1A6J_019_760_66,93,0.155,8,0.775,0.0,21.31
2026-07-26 04:57:25,008,SCN1A6J_019_760_66,21,0.035,12,0.958,0.0,21.32
2026-07-26 05:07:28,008,SCN1A6J_019_760_66,131,0.218,8,0.71,0.0,21.41
2026-07-26 05:17:31,008,SCN1A6J_019_760_66,0,0.0,14,1.0,0.0,21.4
2026-07-26 05:27:34,008,SCN1A6J_019_760_66,1,0.002,13,0.998,0.0,21.35
2026-07-26 05:37:37,008,SCN1A6J_019_760_66,1,0.002,14,0.998,0.0,21.32
2026-07-26 05:47:41,008,SCN1A6J_019_760_66,1,0.002,14,0.998,0.0,21.3
2026-07-26 05:57:43,008,SCN1A6J_019_760_66,0,0.0,14,1.0,0.0,21.27
2026-07-26 06:07:47,008,SCN1A6J_019_760_66,0,0.0,14,1.0,3.0528,21.26
2026-07-26 06:17:50,008,SCN1A6J_019_760_66,0,0.0,14,1.0,3.042,21.26
2026-07-26 06:27:53,008,SCN1A6J_019_760_66,0,0.0,14,1.0,3.0276,21.27
2026-07-26 06:37:56,008,SCN1A6J_019_760_66,0,0.0,14,1.0,3.0168,21.29
2026-07-26 06:47:59,008,SCN1A6J_019_760_66,1,0.002,14,0.998,3.0024,21.3
2026-07-26 06:58:02,008,SCN1A6J_019_760_66,0,0.0,14,1.0,3.0204,21.3
2026-07-26 07:08:05,008,SCN1A6J_019_760_66,0,0.0,14,1.0,3.0096,21.31
2026-07-26 07:18:08,008,SCN1A6J_019_760_66,1,0.002,13,0.998,2.9916,21.33
2026-07-26 07:28:12,008,SCN1A6J_019_760_66,39,0.065,12,0.925,3.024,21.38
2026-07-26 07:38:15,008,SCN1A6J_019_760_66,1,0.002,14,0.998,3.024,21.39
2026-07-26 07:48:18,008,SCN1A6J_019_760_66,1,0.002,14,0.998,3.0168,21.39
2026-07-26 07:58:21,008,SCN1A6J_019_760_66,0,0.0,14,1.0,3.0168,21.38
2026-07-26 08:08:24,008,SCN1A6J_019_760_66,0,0.0,14,1.0,3.0276,21.37
2026-07-26 08:18:28,008,SCN1A6J_019_760_66,1,0.002,14,0.998,3.0312,21.38
2026-07-26 08:28:31,008,SCN1A6J_019_760_66,2,0.003,13,0.996,3.0168,21.38
2026-07-26 08:39:01,008,SCN1A6J_019_760_66,2,0.003,14,0.996,3.0276,21.45
2026-07-26 08:49:04,008,SCN1A6J_019_760_66,0,0.0,14,1.0,3.0168,21.43
2026-07-26 08:59:07,008,SCN1A6J_019_760_66,1,0.002,14,0.998,3.024,21.41
2026-07-26 09:09:10,008,SCN1A6J_019_760_66,0,0.0,14,1.0,3.024,21.4
2026-07-26 09:19:12,008,SCN1A6J_019_760_66,0,0.0,14,1.0,3.024,21.39
2026-07-26 09:29:15,008,SCN1A6J_019_760_66,0,0.0,14,1.0,3.132,21.39
2026-07-26 09:39:19,008,SCN1A6J_019_760_66,3,0.005,14,0.995,3.1248,21.4
2026-07-26 09:49:22,008,SCN1A6J_019_760_66,2,0.003,14,0.996,3.1248,21.41
2026-07-26 09:59:25,008,SCN1A6J_019_760_66,0,0.0,14,1.0,3.0384,21.41
2026-07-26 10:09:27,008,SCN1A6J_019_760_66,0,0.0,14,1.0,3.0564,21.41
2026-07-26 10:19:30,008,SCN1A6J_019_760_66,5,0.008,13,0.99,3.0348,21.41
2026-07-26 10:29:33,008,SCN1A6J_019_760_66,2,0.003,14,0.996,3.024,21.39
2026-07-26 10:39:36,008,SCN1A6J_019_760_66,1,0.002,14,0.998,3.0312,21.37
2026-07-26 10:49:39,008,SCN1A6J_019_760_66,1,0.002,14,0.998,3.0348,21.36
2026-07-26 10:59:43,008,SCN1A6J_019_760_66,27,0.045,12,0.947,2.7864,21.36
2026-07-26 11:09:46,008,SCN1A6J_019_760_66,38,0.063,11,0.921,3.0276,21.39
2026-07-26 11:19:49,008,SCN1A6J_019_760_66,2,0.003,13,0.996,3.024,21.37
2026-07-26 11:29:53,008,SCN1A6J_019_760_66,0,0.0,14,1.0,3.0312,21.35
2026-07-26 11:39:56,008,SCN1A6J_019_760_66,1,0.002,14,0.998,3.024,21.32
2026-07-26 11:49:59,008,SCN1A6J_019_760_66,1,0.002,14,0.998,3.0168,21.3
2026-07-26 12:00:02,008,SCN1A6J_019_760_66,0,0.0,14,1.0,3.0276,21.29
2026-07-26 12:10:06,008,SCN1A6J_019_760_66,0,0.0,14,1.0,3.0168,21.28
2026-07-26 12:20:08,008,SCN1A6J_019_760_66,0,0.0,14,1.0,3.0276,21.28
2026-07-26 12:30:11,008,SCN1A6J_019_760_66,0,0.0,14,1.0,3.0168,21.28
2026-07-26 12:40:33,008,SCN1A6J_019_760_66,0,0.0,14,1.0,3.0168,21.33
2026-07-26 12:50:36,008,SCN1A6J_019_760_66,1,0.002,14,0.998,3.0276,21.31
2026-07-26 13:00:39,008,SCN1A6J_019_760_66,0,0.0,14,1.0,3.024,21.29
2026-07-26 13:10:42,008,SCN1A6J_019_760_66,0,0.0,14,1.0,3.0276,21.29
2026-07-26 13:20:45,008,SCN1A6J_019_760_66,0,0.0,14,1.0,3.024,21.27
2026-07-26 13:30:48,008,SCN1A6J_019_760_66,1,0.002,14,0.998,3.0384,21.27
2026-07-26 13:40:52,008,SCN1A6J_019_760_66,0,0.0,14,1.0,3.042,21.26
2026-07-26 13:50:55,008,SCN1A6J_019_760_66,0,0.0,14,1.0,3.0276,21.25
2026-07-26 14:00:58,008,SCN1A6J_019_760_66,0,0.0,14,1.0,3.0168,21.26
2026-07-26 14:11:01,008,SCN1A6J_019_760_66,0,0.0,14,1.0,3.024,21.25
2026-07-26 14:21:03,008,SCN1A6J_019_760_66,10,0.017,13,0.981,3.0132,21.26
2026-07-26 14:31:07,008,SCN1A6J_019_760_66,0,0.0,14,1.0,2.9736,21.26
2026-07-26 14:41:10,008,SCN1A6J_019_760_66,0,0.0,14,1.0,2.9664,21.27
2026-07-26 14:51:12,008,SCN1A6J_019_760_66,0,0.0,14,1.0,2.9844,21.25
2026-07-26 15:01:16,008,SCN1A6J_019_760_66,0,0.0,14,1.0,2.9772,21.25
2026-07-26 15:11:19,008,SCN1A6J_019_760_66,0,0.0,14,1.0,2.9808,21.26
2026-07-26 15:21:22,008,SCN1A6J_019_760_66,0,0.0,14,1.0,2.97,21.26
2026-07-26 15:31:24,008,SCN1A6J_019_760_66,0,0.0,14,1.0,2.9772,21.24
2026-07-26 15:41:27,008,SCN1A6J_019_760_66,0,0.0,14,1.0,2.9808,21.24
2026-07-26 15:51:31,008,SCN1A6J_019_760_66,0,0.0,14,1.0,2.9772,21.22
2026-07-26 16:01:34,008,SCN1A6J_019_760_66,0,0.0,14,1.0,2.9844,21.21
2026-07-26 16:11:37,008,SCN1A6J_019_760_66,0,0.0,14,1.0,2.9736,21.2
2026-07-26 16:21:39,008,SCN1A6J_019_760_66,0,0.0,14,1.0,2.9844,21.2
2026-07-26 16:31:42,008,SCN1A6J_019_760_66,39,0.065,12,0.925,3.0312,21.23
2026-07-26 16:42:09,008,SCN1A6J_019_760_66,0,0.0,14,1.0,3.0384,21.27
2026-07-26 16:52:12,008,SCN1A6J_019_760_66,1,0.002,14,0.998,3.0096,21.22
2026-07-26 17:02:15,008,SCN1A6J_019_760_66,0,0.0,14,1.0,3.0132,21.19
2026-07-26 17:12:18,008,SCN1A6J_019_760_66,0,0.0,14,1.0,3.0132,21.16
2026-07-26 17:22:21,008,SCN1A6J_019_760_66,0,0.0,14,1.0,3.0096,21.14
2026-07-26 17:32:24,008,SCN1A6J_019_760_66,2,0.003,14,0.996,2.9952,21.17
2026-07-26 17:42:27,008,SCN1A6J_019_760_66,0,0.0,14,1.0,3.0096,21.18
2026-07-26 17:52:30,008,SCN1A6J_019_760_66,0,0.0,14,1.0,3.0132,21.17
2026-07-26 18:02:33,008,SCN1A6J_019_760_66,0,0.0,14,1.0,0.0,21.16
2026-07-26 18:12:36,008,SCN1A6J_019_760_66,246,0.409,4,0.394,0.0,21.29
2026-07-26 18:22:38,008,SCN1A6J_019_760_66,147,0.245,6,0.62,0.0,21.4
2026-07-26 18:32:41,008,SCN1A6J_019_760_66,31,0.052,12,0.939,0.0,21.4
2026-07-26 18:42:44,008,SCN1A6J_019_760_66,21,0.035,12,0.958,0.0,21.37
2026-07-26 18:52:46,008,SCN1A6J_019_760_66,50,0.083,10,0.889,0.0,21.4
2026-07-26 19:02:49,008,SCN1A6J_019_760_66,0,0.0,14,1.0,0.0,21.35
2026-07-26 19:12:52,008,SCN1A6J_019_760_66,0,0.0,14,1.0,0.0,21.3
2026-07-26 19:22:55,008,SCN1A6J_019_760_66,0,0.0,14,1.0,0.0,21.24
2026-07-26 19:32:58,008,SCN1A6J_019_760_66,2,0.003,14,0.996,0.0,21.21
2026-07-26 19:43:01,008,SCN1A6J_019_760_66,0,0.0,14,1.0,0.0,21.19
2026-07-26 19:53:04,008,SCN1A6J_019_760_66,1,0.002,14,0.998,0.0,21.15
2026-07-26 20:03:07,008,SCN1A6J_019_760_66,0,0.0,14,1.0,0.0,21.14
2026-07-26 20:13:10,008,SCN1A6J_019_760_66,34,0.056,13,0.939,0.0,21.16
2026-07-26 20:23:13,008,SCN1A6J_019_760_66,200,0.333,4,0.444,0.0,21.32
2026-07-26 20:33:17,008,SCN1A6J_019_760_66,35,0.058,11,0.926,0.0,21.34
2026-07-26 20:43:38,008,SCN1A6J_019_760_66,47,0.079,12,0.911,0.0,21.36
2026-07-26 20:53:40,008,SCN1A6J_019_760_66,188,0.313,2,0.299,0.0,21.56
2026-07-26 21:03:43,008,SCN1A6J_019_760_66,0,0.0,14,1.0,0.0,21.43
2026-07-26 21:13:46,008,SCN1A6J_019_760_66,98,0.163,9,0.786,0.0,21.43
2026-07-26 21:23:50,008,SCN1A6J_019_760_66,110,0.183,5,0.645,0.0,21.47
2026-07-26 21:33:53,008,SCN1A6J_019_760_66,1,0.002,13,0.998,0.0,21.41
2026-07-26 21:43:56,008,SCN1A6J_019_760_66,0,0.0,14,1.0,0.0,21.33
2026-07-26 21:53:59,008,SCN1A6J_019_760_66,0,0.0,14,1.0,0.0,21.27
2026-07-26 22:04:02,008,SCN1A6J_019_760_66,2,0.003,14,0.996,0.0,21.23
2026-07-26 22:14:05,008,SCN1A6J_019_760_66,0,0.0,14,1.0,0.0,21.18
2026-07-26 22:24:09,008,SCN1A6J_019_760_66,0,0.0,14,1.0,0.0,21.15
2026-07-26 22:34:12,008,SCN1A6J_019_760_66,0,0.0,14,1.0,0.0,21.12
2026-07-26 22:44:15,008,SCN1A6J_019_760_66,68,0.113,11,0.866,0.0,21.16
2026-07-26 22:54:18,008,SCN1A6J_019_760_66,110,0.183,6,0.686,0.0,21.25
2026-07-26 23:04:21,008,SCN1A6J_019_760_66,78,0.13,9,0.822,0.0,21.31
2026-07-26 23:14:24,008,SCN1A6J_019_760_66,0,0.0,14,1.0,0.0,21.25
2026-07-26 23:24:27,008,SCN1A6J_019_760_66,2,0.003,13,0.996,0.0,21.2
2026-07-26 23:34:30,008,SCN1A6J_019_760_66,0,0.0,14,1.0,0.0,21.16
2026-07-26 23:44:33,008,SCN1A6J_019_760_66,0,0.0,14,1.0,0.0,21.12
2026-07-26 23:54:36,008,SCN1A6J_019_760_66,0,0.0,14,1.0,0.0,21.08
2026-07-25 00:01:38,012,SCN1A6J_019_782_70,4,0.007,14,0.993,0.0,21.46
2026-07-25 00:11:40,012,SCN1A6J_019_782_70,3,0.005,14,0.995,0.0,21.46
2026-07-25 00:21:43,012,SCN1A6J_019_782_70,0,0.0,15,1.0,0.0,21.43
2026-07-25 00:31:45,012,SCN1A6J_019_782_70,0,0.0,15,1.0,0.0,21.41
2026-07-25 00:42:10,012,SCN1A6J_019_782_70,0,0.0,15,1.0,0.0,21.45
2026-07-25 00:52:13,012,SCN1A6J_019_782_70,3,0.005,15,0.995,0.0,21.43
2026-07-25 01:02:16,012,SCN1A6J_019_782_70,0,0.0,15,1.0,0.0,21.4
2026-07-25 01:12:19,012,SCN1A6J_019_782_70,82,0.136,9,0.814,0.0,21.43
2026-07-25 01:22:22,012,SCN1A6J_019_782_70,206,0.343,1,0.163,0.0,21.64
2026-07-25 01:32:26,012,SCN1A6J_019_782_70,246,0.409,4,0.394,0.0,21.85
2026-07-25 01:42:29,012,SCN1A6J_019_782_70,337,0.561,0,0.0,0.0,22.09
2026-07-25 01:52:33,012,SCN1A6J_019_782_70,150,0.249,5,0.571,0.0,22.05
2026-07-25 02:02:36,012,SCN1A6J_019_782_70,134,0.223,7,0.676,0.0,21.92
2026-07-25 02:12:38,012,SCN1A6J_019_782_70,181,0.301,5,0.525,0.0,21.83
2026-07-25 02:22:42,012,SCN1A6J_019_782_70,2,0.003,15,0.997,0.0,21.72
2026-07-25 02:32:45,012,SCN1A6J_019_782_70,0,0.0,15,1.0,0.0,21.6
2026-07-25 02:42:48,012,SCN1A6J_019_782_70,6,0.01,14,0.989,0.0,21.52
2026-07-25 02:52:51,012,SCN1A6J_019_782_70,88,0.146,6,0.732,0.0,21.5
2026-07-25 03:02:54,012,SCN1A6J_019_782_70,124,0.206,8,0.721,0.0,21.53
2026-07-25 03:12:57,012,SCN1A6J_019_782_70,261,0.434,1,0.133,0.0,21.65
2026-07-25 03:23:00,012,SCN1A6J_019_782_70,48,0.08,11,0.902,0.0,21.57
2026-07-25 03:33:03,012,SCN1A6J_019_782_70,0,0.0,15,1.0,0.0,21.51
2026-07-25 03:43:06,012,SCN1A6J_019_782_70,0,0.0,15,1.0,0.0,21.44
2026-07-25 03:53:09,012,SCN1A6J_019_782_70,0,0.0,15,1.0,0.0,21.38
2026-07-25 04:03:13,012,SCN1A6J_019_782_70,0,0.0,15,1.0,0.0,21.34
2026-07-25 04:13:15,012,SCN1A6J_019_782_70,6,0.01,15,0.99,0.0,21.31
2026-07-25 04:23:17,012,SCN1A6J_019_782_70,61,0.102,13,0.895,0.0,21.34
2026-07-25 04:33:19,012,SCN1A6J_019_782_70,0,0.0,15,1.0,0.0,21.31
2026-07-25 04:43:40,012,SCN1A6J_019_782_70,0,0.0,15,1.0,0.0,21.34
2026-07-25 04:53:43,012,SCN1A6J_019_782_70,23,0.038,13,0.958,0.0,21.35
2026-07-25 05:03:46,012,SCN1A6J_019_782_70,178,0.296,6,0.574,0.0,21.47
2026-07-25 05:13:49,012,SCN1A6J_019_782_70,79,0.131,11,0.848,0.0,21.45
2026-07-25 05:23:52,012,SCN1A6J_019_782_70,91,0.151,6,0.725,0.0,21.54
2026-07-25 05:33:56,012,SCN1A6J_019_782_70,25,0.042,13,0.954,0.0,21.48
2026-07-25 05:43:58,012,SCN1A6J_019_782_70,0,0.0,15,1.0,0.0,21.4
2026-07-25 05:54:01,012,SCN1A6J_019_782_70,0,0.0,15,1.0,0.0,21.36
2026-07-25 06:04:04,012,SCN1A6J_019_782_70,0,0.0,15,1.0,0.2664,21.31
2026-07-25 06:14:07,012,SCN1A6J_019_782_70,0,0.0,15,1.0,0.27,21.29
2026-07-25 06:24:10,012,SCN1A6J_019_782_70,0,0.0,15,1.0,0.2664,21.27
2026-07-25 06:34:13,012,SCN1A6J_019_782_70,0,0.0,15,1.0,0.2664,21.26
2026-07-25 06:44:16,012,SCN1A6J_019_782_70,0,0.0,15,1.0,0.2664,21.26
2026-07-25 06:54:18,012,SCN1A6J_019_782_70,0,0.0,15,1.0,0.2592,21.25
2026-07-25 07:04:20,012,SCN1A6J_019_782_70,0,0.0,15,1.0,0.2664,21.24
2026-07-25 07:14:23,012,SCN1A6J_019_782_70,0,0.0,15,1.0,0.2664,21.24
2026-07-25 07:24:26,012,SCN1A6J_019_782_70,0,0.0,15,1.0,0.2664,21.24
2026-07-25 07:34:29,012,SCN1A6J_019_782_70,0,0.0,15,1.0,0.2664,21.22
2026-07-25 07:44:32,012,SCN1A6J_019_782_70,0,0.0,15,1.0,0.2664,21.23
2026-07-25 07:54:34,012,SCN1A6J_019_782_70,19,0.032,14,0.967,0.2772,21.27
2026-07-25 08:04:37,012,SCN1A6J_019_782_70,0,0.0,15,1.0,0.2664,21.29
2026-07-25 08:14:40,012,SCN1A6J_019_782_70,0,0.0,15,1.0,0.2772,21.29
2026-07-25 08:24:43,012,SCN1A6J_019_782_70,0,0.0,15,1.0,0.2736,21.29
2026-07-25 08:34:46,012,SCN1A6J_019_782_70,0,0.0,15,1.0,0.2736,21.29
2026-07-25 08:45:01,012,SCN1A6J_019_782_70,0,0.0,15,1.0,0.2736,21.31
2026-07-25 08:55:04,012,SCN1A6J_019_782_70,0,0.0,15,1.0,0.2736,21.29
2026-07-25 09:05:07,012,SCN1A6J_019_782_70,0,0.0,15,1.0,0.2736,21.28
2026-07-25 09:15:10,012,SCN1A6J_019_782_70,0,0.0,15,1.0,0.2736,21.26
2026-07-25 09:25:13,012,SCN1A6J_019_782_70,0,0.0,15,1.0,0.2736,21.27
2026-07-25 09:35:16,012,SCN1A6J_019_782_70,32,0.053,13,0.942,0.2664,21.32
2026-07-25 09:45:20,012,SCN1A6J_019_782_70,45,0.075,11,0.907,0.252,21.35
2026-07-25 09:55:23,012,SCN1A6J_019_782_70,0,0.0,15,1.0,0.2628,21.34
2026-07-25 10:05:26,012,SCN1A6J_019_782_70,0,0.0,15,1.0,0.252,21.34
2026-07-25 10:15:29,012,SCN1A6J_019_782_70,0,0.0,15,1.0,0.2412,21.32
2026-07-25 10:25:32,012,SCN1A6J_019_782_70,0,0.0,15,1.0,0.2376,21.3
2026-07-25 10:35:35,012,SCN1A6J_019_782_70,0,0.0,15,1.0,0.2448,21.29
2026-07-25 10:45:38,012,SCN1A6J_019_782_70,0,0.0,15,1.0,0.2412,21.29
2026-07-25 10:55:41,012,SCN1A6J_019_782_70,0,0.0,15,1.0,0.2412,21.28
2026-07-25 11:05:44,012,SCN1A6J_019_782_70,0,0.0,15,1.0,0.2376,21.28
2026-07-25 11:15:47,012,SCN1A6J_019_782_70,0,0.0,15,1.0,0.2448,21.24
2026-07-25 11:25:49,012,SCN1A6J_019_782_70,0,0.0,15,1.0,0.2412,21.26
2026-07-25 11:35:52,012,SCN1A6J_019_782_70,60,0.1,11,0.88,0.2268,21.3
2026-07-25 11:45:55,012,SCN1A6J_019_782_70,58,0.097,12,0.892,0.2088,21.36
2026-07-25 11:55:58,012,SCN1A6J_019_782_70,0,0.0,15,1.0,0.216,21.35
2026-07-25 12:06:01,012,SCN1A6J_019_782_70,0,0.0,15,1.0,0.2196,21.33
2026-07-25 12:16:04,012,SCN1A6J_019_782_70,0,0.0,15,1.0,0.216,21.32
2026-07-25 12:26:07,012,SCN1A6J_019_782_70,0,0.0,15,1.0,0.2196,21.31
2026-07-25 12:36:10,012,SCN1A6J_019_782_70,0,0.0,15,1.0,0.216,21.31
2026-07-25 12:46:25,012,SCN1A6J_019_782_70,0,0.0,15,1.0,0.2196,21.34
2026-07-25 12:56:28,012,SCN1A6J_019_782_70,0,0.0,15,1.0,0.216,21.35
2026-07-25 13:06:31,012,SCN1A6J_019_782_70,0,0.0,15,1.0,0.216,21.33
2026-07-25 13:16:33,012,SCN1A6J_019_782_70,0,0.0,15,1.0,0.2196,21.32
2026-07-25 13:26:36,012,SCN1A6J_019_782_70,0,0.0,15,1.0,0.2196,21.33
2026-07-25 13:36:39,012,SCN1A6J_019_782_70,0,0.0,15,1.0,0.2196,21.33
2026-07-25 13:46:42,012,SCN1A6J_019_782_70,0,0.0,15,1.0,0.216,21.33
2026-07-25 13:56:45,012,SCN1A6J_019_782_70,0,0.0,15,1.0,0.216,21.33
2026-07-25 14:06:48,012,SCN1A6J_019_782_70,38,0.063,13,0.932,0.2232,21.39
2026-07-25 14:16:51,012,SCN1A6J_019_782_70,14,0.023,13,0.974,0.216,21.41
2026-07-25 14:26:53,012,SCN1A6J_019_782_70,0,0.0,15,1.0,0.2196,21.4
2026-07-25 14:36:56,012,SCN1A6J_019_782_70,0,0.0,15,1.0,0.216,21.39
2026-07-25 14:46:59,012,SCN1A6J_019_782_70,0,0.0,15,1.0,0.2196,21.37
2026-07-25 14:57:01,012,SCN1A6J_019_782_70,0,0.0,15,1.0,0.2196,21.37
2026-07-25 15:07:04,012,SCN1A6J_019_782_70,0,0.0,15,1.0,0.216,21.35
2026-07-25 15:17:07,012,SCN1A6J_019_782_70,0,0.0,15,1.0,0.2196,21.34
2026-07-25 15:27:10,012,SCN1A6J_019_782_70,0,0.0,15,1.0,0.2196,21.34
2026-07-25 15:37:12,012,SCN1A6J_019_782_70,0,0.0,15,1.0,0.216,21.33
2026-07-25 15:47:15,012,SCN1A6J_019_782_70,0,0.0,15,1.0,0.2196,21.34
2026-07-25 15:57:18,012,SCN1A6J_019_782_70,0,0.0,15,1.0,0.216,21.34
2026-07-25 16:07:20,012,SCN1A6J_019_782_70,0,0.0,15,1.0,0.2196,21.35
2026-07-25 16:17:23,012,SCN1A6J_019_782_70,0,0.0,15,1.0,0.2196,21.34
2026-07-25 16:27:26,012,SCN1A6J_019_782_70,0,0.0,15,1.0,0.216,21.35
2026-07-25 16:37:29,012,SCN1A6J_019_782_70,0,0.0,15,1.0,0.216,21.35
2026-07-25 16:47:52,012,SCN1A6J_019_782_70,0,0.0,15,1.0,0.2196,21.39
2026-07-25 16:57:55,012,SCN1A6J_019_782_70,0,0.0,15,1.0,0.2196,21.38
2026-07-25 17:07:57,012,SCN1A6J_019_782_70,14,0.023,14,0.976,0.2448,21.39
2026-07-25 17:18:00,012,SCN1A6J_019_782_70,0,0.0,15,1.0,0.2448,21.39
2026-07-25 17:28:03,012,SCN1A6J_019_782_70,0,0.0,15,1.0,0.2448,21.39
2026-07-25 17:38:06,012,SCN1A6J_019_782_70,0,0.0,15,1.0,0.2448,21.38
2026-07-25 17:48:09,012,SCN1A6J_019_782_70,0,0.0,15,1.0,0.2448,21.37
2026-07-25 17:58:12,012,SCN1A6J_019_782_70,0,0.0,15,1.0,0.2448,21.39
2026-07-25 18:08:15,012,SCN1A6J_019_782_70,15,0.025,14,0.974,0.0,21.41
2026-07-25 18:18:18,012,SCN1A6J_019_782_70,0,0.0,15,1.0,0.0,21.4
2026-07-25 18:28:21,012,SCN1A6J_019_782_70,184,0.306,6,0.566,0.0,21.62
2026-07-25 18:38:24,012,SCN1A6J_019_782_70,218,0.363,1,0.155,0.0,21.92
2026-07-25 18:48:27,012,SCN1A6J_019_782_70,57,0.095,9,0.863,0.0,21.81
2026-07-25 18:58:29,012,SCN1A6J_019_782_70,33,0.055,12,0.936,0.0,21.7
2026-07-25 19:08:33,012,SCN1A6J_019_782_70,8,0.013,15,0.987,0.0,21.63
2026-07-25 19:18:36,012,SCN1A6J_019_782_70,0,0.0,15,1.0,0.0,21.56
2026-07-25 19:28:38,012,SCN1A6J_019_782_70,0,0.0,15,1.0,0.0,21.52
2026-07-25 19:38:41,012,SCN1A6J_019_782_70,0,0.0,15,1.0,0.0,21.48
2026-07-25 19:48:44,012,SCN1A6J_019_782_70,2,0.003,15,0.997,0.0,21.5
2026-07-25 19:58:47,012,SCN1A6J_019_782_70,0,0.0,15,1.0,0.0,21.45
2026-07-25 20:08:50,012,SCN1A6J_019_782_70,0,0.0,15,1.0,0.0,21.43
2026-07-25 20:18:52,012,SCN1A6J_019_782_70,0,0.0,15,1.0,0.0,21.41
2026-07-25 20:28:55,012,SCN1A6J_019_782_70,109,0.181,8,0.746,0.0,21.73
2026-07-25 20:38:58,012,SCN1A6J_019_782_70,46,0.076,9,0.887,0.0,21.8
2026-07-25 20:49:22,012,SCN1A6J_019_782_70,83,0.139,10,0.828,0.0,21.81
2026-07-25 20:59:25,012,SCN1A6J_019_782_70,72,0.12,8,0.816,0.0,21.75
2026-07-25 21:09:29,012,SCN1A6J_019_782_70,0,0.0,15,1.0,0.0,21.65
2026-07-25 21:19:32,012,SCN1A6J_019_782_70,0,0.0,15,1.0,0.0,21.56
2026-07-25 21:29:34,012,SCN1A6J_019_782_70,0,0.0,15,1.0,0.0,21.51
2026-07-25 21:39:38,012,SCN1A6J_019_782_70,0,0.0,15,1.0,0.0,21.5
2026-07-25 21:49:41,012,SCN1A6J_019_782_70,108,0.18,8,0.748,0.0,21.66
2026-07-25 21:59:44,012,SCN1A6J_019_782_70,44,0.073,10,0.901,0.0,21.6
2026-07-25 22:09:47,012,SCN1A6J_019_782_70,6,0.01,14,0.989,0.0,21.59
2026-07-25 22:19:50,012,SCN1A6J_019_782_70,0,0.0,15,1.0,0.0,21.54
2026-07-25 22:29:53,012,SCN1A6J_019_782_70,1,0.002,15,0.998,0.0,21.53
2026-07-25 22:39:56,012,SCN1A6J_019_782_70,1,0.002,15,0.998,0.0,21.52
2026-07-25 22:49:59,012,SCN1A6J_019_782_70,44,0.073,12,0.916,0.0,21.55
2026-07-25 23:00:01,012,SCN1A6J_019_782_70,2,0.003,14,0.996,0.0,21.52
2026-07-25 23:10:04,012,SCN1A6J_019_782_70,1,0.002,15,0.998,0.0,21.48
2026-07-25 23:20:07,012,SCN1A6J_019_782_70,75,0.125,9,0.828,0.0,21.6
2026-07-25 23:30:10,012,SCN1A6J_019_782_70,94,0.156,9,0.793,0.0,21.63
2026-07-25 23:40:13,012,SCN1A6J_019_782_70,53,0.088,11,0.892,0.0,21.68
2026-07-25 23:50:15,012,SCN1A6J_019_782_70,210,0.349,3,0.364,0.0,21.8
2026-07-26 00:00:18,012,SCN1A6J_019_782_70,102,0.17,10,0.797,0.0,21.78
2026-07-26 00:10:21,012,SCN1A6J_019_782_70,77,0.128,11,0.851,0.0,21.67
2026-07-26 00:20:23,012,SCN1A6J_019_782_70,126,0.21,5,0.613,0.0,21.63
2026-07-26 00:30:26,012,SCN1A6J_019_782_70,110,0.183,6,0.686,0.0,21.66
2026-07-26 00:40:29,012,SCN1A6J_019_782_70,141,0.235,8,0.694,0.0,21.69
2026-07-26 00:50:53,012,SCN1A6J_019_782_70,0,0.0,15,1.0,0.0,21.64
2026-07-26 01:00:56,012,SCN1A6J_019_782_70,0,0.0,15,1.0,0.0,21.55
2026-07-26 01:11:00,012,SCN1A6J_019_782_70,0,0.0,15,1.0,0.0,21.49
2026-07-26 01:21:03,012,SCN1A6J_019_782_70,0,0.0,15,1.0,0.0,21.43
2026-07-26 01:31:06,012,SCN1A6J_019_782_70,0,0.0,15,1.0,0.0,21.39
2026-07-26 01:41:08,012,SCN1A6J_019_782_70,14,0.023,14,0.976,0.0,21.37
2026-07-26 01:51:12,012,SCN1A6J_019_782_70,105,0.175,6,0.696,0.0,21.46
2026-07-26 02:01:14,012,SCN1A6J_019_782_70,47,0.078,12,0.911,0.0,21.45
2026-07-26 02:11:17,012,SCN1A6J_019_782_70,37,0.062,11,0.922,0.0,21.46
2026-07-26 02:21:20,012,SCN1A6J_019_782_70,23,0.038,13,0.958,0.0,21.44
2026-07-26 02:31:23,012,SCN1A6J_019_782_70,0,0.0,15,1.0,0.0,21.41
2026-07-26 02:41:26,012,SCN1A6J_019_782_70,0,0.0,15,1.0,0.0,21.37
2026-07-26 02:51:29,012,SCN1A6J_019_782_70,0,0.0,15,1.0,0.0,21.35
2026-07-26 03:01:33,012,SCN1A6J_019_782_70,0,0.0,15,1.0,0.0,21.32
2026-07-26 03:11:35,012,SCN1A6J_019_782_70,0,0.0,15,1.0,0.0,21.31
2026-07-26 03:21:38,012,SCN1A6J_019_782_70,0,0.0,15,1.0,0.0,21.32
2026-07-26 03:31:42,012,SCN1A6J_019_782_70,123,0.205,7,0.695,0.0,21.51
2026-07-26 03:41:45,012,SCN1A6J_019_782_70,14,0.023,14,0.976,0.0,21.48
2026-07-26 03:51:47,012,SCN1A6J_019_782_70,67,0.111,11,0.868,0.0,21.46
2026-07-26 04:01:50,012,SCN1A6J_019_782_70,0,0.0,15,1.0,0.0,21.41
2026-07-26 04:11:53,012,SCN1A6J_019_782_70,0,0.0,15,1.0,0.0,21.37
2026-07-26 04:21:54,012,SCN1A6J_019_782_70,0,0.0,15,1.0,0.0,21.34
2026-07-26 04:31:57,012,SCN1A6J_019_782_70,0,0.0,15,1.0,0.0,21.31
2026-07-26 04:42:00,012,SCN1A6J_019_782_70,0,0.0,15,1.0,0.0,21.29
2026-07-26 04:52:21,012,SCN1A6J_019_782_70,0,0.0,15,1.0,0.0,21.33
2026-07-26 05:02:24,012,SCN1A6J_019_782_70,91,0.151,10,0.815,0.0,21.43
2026-07-26 05:12:27,012,SCN1A6J_019_782_70,0,0.0,15,1.0,0.0,21.39
2026-07-26 05:22:30,012,SCN1A6J_019_782_70,0,0.0,15,1.0,0.0,21.36
2026-07-26 05:32:33,012,SCN1A6J_019_782_70,0,0.0,15,1.0,0.0,21.32
2026-07-26 05:42:36,012,SCN1A6J_019_782_70,0,0.0,15,1.0,0.0,21.3
2026-07-26 05:52:39,012,SCN1A6J_019_782_70,0,0.0,15,1.0,0.0,21.29
2026-07-26 06:02:42,012,SCN1A6J_019_782_70,0,0.0,15,1.0,0.2016,21.28
2026-07-26 06:12:46,012,SCN1A6J_019_782_70,0,0.0,15,1.0,0.2124,21.28
2026-07-26 06:22:49,012,SCN1A6J_019_782_70,0,0.0,15,1.0,0.2052,21.29
2026-07-26 06:32:52,012,SCN1A6J_019_782_70,0,0.0,15,1.0,0.2016,21.28
2026-07-26 06:42:55,012,SCN1A6J_019_782_70,0,0.0,15,1.0,0.2016,21.29
2026-07-26 06:52:58,012,SCN1A6J_019_782_70,0,0.0,15,1.0,0.2016,21.29
2026-07-26 07:03:01,012,SCN1A6J_019_782_70,0,0.0,15,1.0,0.2016,21.28
2026-07-26 07:13:04,012,SCN1A6J_019_782_70,62,0.103,12,0.886,0.1764,21.33
2026-07-26 07:23:06,012,SCN1A6J_019_782_70,46,0.077,10,0.897,0.18,21.37
2026-07-26 07:33:09,012,SCN1A6J_019_782_70,180,0.3,6,0.571,0.1836,21.45
2026-07-26 07:43:12,012,SCN1A6J_019_782_70,127,0.211,7,0.688,0.2016,21.53
2026-07-26 07:53:15,012,SCN1A6J_019_782_70,11,0.018,14,0.981,0.1944,21.5
2026-07-26 08:03:18,012,SCN1A6J_019_782_70,132,0.22,5,0.602,0.1872,21.49
2026-07-26 08:13:20,012,SCN1A6J_019_782_70,79,0.131,10,0.835,0.198,21.53
2026-07-26 08:23:23,012,SCN1A6J_019_782_70,0,0.0,15,1.0,0.1944,21.48
2026-07-26 08:33:26,012,SCN1A6J_019_782_70,0,0.0,15,1.0,0.1944,21.44
2026-07-26 08:43:29,012,SCN1A6J_019_782_70,0,0.0,15,1.0,0.1944,21.43
2026-07-26 08:53:52,012,SCN1A6J_019_782_70,0,0.0,15,1.0,0.1944,21.44
2026-07-26 09:03:55,012,SCN1A6J_019_782_70,0,0.0,15,1.0,0.1944,21.4
2026-07-26 09:13:58,012,SCN1A6J_019_782_70,0,0.0,15,1.0,0.1944,21.39
2026-07-26 09:24:01,012,SCN1A6J_019_782_70,0,0.0,15,1.0,0.2664,21.36
2026-07-26 09:34:04,012,SCN1A6J_019_782_70,18,0.03,14,0.969,0.3132,21.4
2026-07-26 09:44:07,012,SCN1A6J_019_782_70,0,0.0,15,1.0,0.3096,21.43
2026-07-26 09:54:10,012,SCN1A6J_019_782_70,0,0.0,15,1.0,0.2196,21.46
2026-07-26 10:04:13,012,SCN1A6J_019_782_70,0,0.0,15,1.0,0.216,21.46
2026-07-26 10:14:16,012,SCN1A6J_019_782_70,0,0.0,15,1.0,0.1944,21.46
2026-07-26 10:24:19,012,SCN1A6J_019_782_70,0,0.0,15,1.0,0.2052,21.43
2026-07-26 10:34:21,012,SCN1A6J_019_782_70,0,0.0,15,1.0,0.1944,21.41
2026-07-26 10:44:24,012,SCN1A6J_019_782_70,0,0.0,15,1.0,0.2052,21.39
2026-07-26 10:54:26,012,SCN1A6J_019_782_70,0,0.0,15,1.0,0.2052,21.38
2026-07-26 11:04:29,012,SCN1A6J_019_782_70,0,0.0,15,1.0,0.2052,21.35
2026-07-26 11:14:32,012,SCN1A6J_019_782_70,0,0.0,15,1.0,0.2052,21.34
2026-07-26 11:24:35,012,SCN1A6J_019_782_70,38,0.063,11,0.921,0.2016,21.37
2026-07-26 11:34:38,012,SCN1A6J_019_782_70,0,0.0,15,1.0,0.2088,21.38
2026-07-26 11:44:41,012,SCN1A6J_019_782_70,0,0.0,15,1.0,0.2016,21.37
2026-07-26 11:54:44,012,SCN1A6J_019_782_70,0,0.0,15,1.0,0.2016,21.38
2026-07-26 12:04:47,012,SCN1A6J_019_782_70,0,0.0,15,1.0,0.2016,21.37
2026-07-26 12:14:50,012,SCN1A6J_019_782_70,0,0.0,15,1.0,0.2088,21.36
2026-07-26 12:24:53,012,SCN1A6J_019_782_70,0,0.0,15,1.0,0.2088,21.36
2026-07-26 12:34:55,012,SCN1A6J_019_782_70,0,0.0,15,1.0,0.2088,21.36
2026-07-26 12:44:58,012,SCN1A6J_019_782_70,0,0.0,15,1.0,0.2124,21.36
2026-07-26 12:55:15,012,SCN1A6J_019_782_70,0,0.0,15,1.0,0.2088,21.39
2026-07-26 13:05:17,012,SCN1A6J_019_782_70,0,0.0,15,1.0,0.2088,21.37
2026-07-26 13:15:20,012,SCN1A6J_019_782_70,0,0.0,15,1.0,0.2016,21.35
2026-07-26 13:25:23,012,SCN1A6J_019_782_70,0,0.0,15,1.0,0.2232,21.35
2026-07-26 13:35:26,012,SCN1A6J_019_782_70,0,0.0,15,1.0,0.2232,21.34
2026-07-26 13:45:29,012,SCN1A6J_019_782_70,0,0.0,15,1.0,0.2124,21.34
2026-07-26 13:55:32,012,SCN1A6J_019_782_70,0,0.0,15,1.0,0.2088,21.34
2026-07-26 14:05:35,012,SCN1A6J_019_782_70,0,0.0,15,1.0,0.2088,21.33
2026-07-26 14:15:38,012,SCN1A6J_019_782_70,0,0.0,15,1.0,0.2088,21.32
2026-07-26 14:25:41,012,SCN1A6J_019_782_70,0,0.0,15,1.0,0.234,21.31
2026-07-26 14:35:43,012,SCN1A6J_019_782_70,0,0.0,15,1.0,0.2232,21.32
2026-07-26 14:45:46,012,SCN1A6J_019_782_70,37,0.061,13,0.934,0.2268,21.37
2026-07-26 14:55:50,012,SCN1A6J_019_782_70,36,0.06,12,0.93,0.2376,21.38
2026-07-26 15:05:53,012,SCN1A6J_019_782_70,0,0.0,15,1.0,0.2376,21.37
2026-07-26 15:15:56,012,SCN1A6J_019_782_70,0,0.0,15,1.0,0.2376,21.34
2026-07-26 15:25:59,012,SCN1A6J_019_782_70,0,0.0,15,1.0,0.2376,21.29
2026-07-26 15:36:03,012,SCN1A6J_019_782_70,0,0.0,15,1.0,0.2448,21.25
2026-07-26 15:46:05,012,SCN1A6J_019_782_70,0,0.0,15,1.0,0.2448,21.21
2026-07-26 15:56:08,012,SCN1A6J_019_782_70,0,0.0,15,1.0,0.252,21.17
2026-07-26 16:06:11,012,SCN1A6J_019_782_70,0,0.0,15,1.0,0.2448,21.15
2026-07-26 16:16:14,012,SCN1A6J_019_782_70,0,0.0,15,1.0,0.2448,21.14
2026-07-26 16:26:17,012,SCN1A6J_019_782_70,0,0.0,15,1.0,0.2448,21.15
2026-07-26 16:36:20,012,SCN1A6J_019_782_70,0,0.0,15,1.0,0.2448,21.13
2026-07-26 16:46:23,012,SCN1A6J_019_782_70,0,0.0,15,1.0,0.2232,21.12
2026-07-26 16:56:47,012,SCN1A6J_019_782_70,0,0.0,15,1.0,0.2268,21.16
2026-07-26 17:06:49,012,SCN1A6J_019_782_70,0,0.0,15,1.0,0.234,21.14
2026-07-26 17:16:52,012,SCN1A6J_019_782_70,0,0.0,15,1.0,0.234,21.14
2026-07-26 17:26:55,012,SCN1A6J_019_782_70,0,0.0,15,1.0,0.234,21.16
2026-07-26 17:36:58,012,SCN1A6J_019_782_70,14,0.023,13,0.974,0.2268,21.2
2026-07-26 17:47:01,012,SCN1A6J_019_782_70,0,0.0,15,1.0,0.2268,21.21
2026-07-26 17:57:04,012,SCN1A6J_019_782_70,0,0.0,15,1.0,0.2304,21.2
2026-07-26 18:07:06,012,SCN1A6J_019_782_70,143,0.238,7,0.662,0.0,21.37
2026-07-26 18:17:08,012,SCN1A6J_019_782_70,107,0.178,7,0.724,0.0,21.49
2026-07-26 18:27:12,012,SCN1A6J_019_782_70,159,0.265,5,0.557,0.0,21.69
2026-07-26 18:37:15,012,SCN1A6J_019_782_70,153,0.254,4,0.511,0.0,21.67
2026-07-26 18:47:18,012,SCN1A6J_019_782_70,101,0.168,7,0.735,0.0,21.59
2026-07-26 18:57:21,012,SCN1A6J_019_782_70,0,0.0,15,1.0,0.0,21.52
2026-07-26 19:07:24,012,SCN1A6J_019_782_70,0,0.0,15,1.0,0.0,21.46
2026-07-26 19:17:27,012,SCN1A6J_019_782_70,0,0.0,15,1.0,0.0,21.4
2026-07-26 19:27:30,012,SCN1A6J_019_782_70,0,0.0,15,1.0,0.0,21.36
2026-07-26 19:37:33,012,SCN1A6J_019_782_70,0,0.0,15,1.0,0.0,21.34
2026-07-26 19:47:36,012,SCN1A6J_019_782_70,50,0.083,12,0.906,0.0,21.38
2026-07-26 19:57:39,012,SCN1A6J_019_782_70,0,0.0,15,1.0,0.0,21.37
2026-07-26 20:07:42,012,SCN1A6J_019_782_70,0,0.0,15,1.0,0.0,21.37
2026-07-26 20:17:45,012,SCN1A6J_019_782_70,0,0.0,15,1.0,0.0,21.34
2026-07-26 20:27:47,012,SCN1A6J_019_782_70,0,0.0,15,1.0,0.0,21.33
2026-07-26 20:37:51,012,SCN1A6J_019_782_70,6,0.01,15,0.99,0.0,21.32
2026-07-26 20:47:53,012,SCN1A6J_019_782_70,61,0.101,13,0.895,0.0,21.41
2026-07-26 20:58:14,012,SCN1A6J_019_782_70,66,0.11,12,0.879,0.0,21.48
2026-07-26 21:08:17,012,SCN1A6J_019_782_70,48,0.08,12,0.909,0.0,21.46
2026-07-26 21:18:20,012,SCN1A6J_019_782_70,0,0.0,15,1.0,0.0,21.41
2026-07-26 21:28:23,012,SCN1A6J_019_782_70,0,0.0,15,1.0,0.0,21.38
2026-07-26 21:38:25,012,SCN1A6J_019_782_70,0,0.0,15,1.0,0.0,21.35
2026-07-26 21:48:28,012,SCN1A6J_019_782_70,28,0.047,13,0.949,0.0,21.32
2026-07-26 21:58:31,012,SCN1A6J_019_782_70,124,0.206,7,0.693,0.0,21.55
2026-07-26 22:08:34,012,SCN1A6J_019_782_70,56,0.093,8,0.851,0.0,21.68
2026-07-26 22:18:37,012,SCN1A6J_019_782_70,57,0.095,11,0.885,0.0,21.65
2026-07-26 22:28:39,012,SCN1A6J_019_782_70,53,0.088,9,0.872,0.0,21.65
2026-07-26 22:38:42,012,SCN1A6J_019_782_70,128,0.213,10,0.758,0.0,21.73
2026-07-26 22:48:46,012,SCN1A6J_019_782_70,191,0.318,4,0.456,0.0,21.62
2026-07-26 22:58:49,012,SCN1A6J_019_782_70,17,0.028,14,0.971,0.0,21.54
2026-07-26 23:08:52,012,SCN1A6J_019_782_70,0,0.0,15,1.0,0.0,21.47
2026-07-26 23:18:55,012,SCN1A6J_019_782_70,0,0.0,15,1.0,0.0,21.43
2026-07-26 23:28:58,012,SCN1A6J_019_782_70,0,0.0,15,1.0,0.0,21.37
2026-07-26 23:39:01,012,SCN1A6J_019_782_70,0,0.0,15,1.0,0.0,21.35
2026-07-26 23:49:03,012,SCN1A6J_019_782_70,0,0.0,15,1.0,0.0,21.33
2026-07-26 23:59:06,012,SCN1A6J_019_782_70,58,0.097,10,0.873,0.0,21.39
2026-07-25 00:07:45,057,SCN1A6J_019_782_76,32,0.053,13,0.942,0.0,21.81
2026-07-25 00:17:48,057,SCN1A6J_019_782_76,0,0.0,15,1.0,0.0,21.75
2026-07-25 00:28:29,057,SCN1A6J_019_782_76,0,0.0,15,1.0,0.0,21.78
2026-07-25 00:38:32,057,SCN1A6J_019_782_76,0,0.0,15,1.0,0.0,21.7
2026-07-25 00:48:35,057,SCN1A6J_019_782_76,0,0.0,15,1.0,0.0,21.65
2026-07-25 00:58:38,057,SCN1A6J_019_782_76,0,0.0,15,1.0,0.0,21.61
2026-07-25 01:08:41,057,SCN1A6J_019_782_76,0,0.0,15,1.0,0.0,21.57
2026-07-25 01:18:44,057,SCN1A6J_019_782_76,0,0.0,15,1.0,0.0,21.57
2026-07-25 01:28:47,057,SCN1A6J_019_782_76,0,0.0,15,1.0,0.0,21.55
2026-07-25 01:38:50,057,SCN1A6J_019_782_76,8,0.013,14,0.986,0.0,21.54
2026-07-25 01:48:53,057,SCN1A6J_019_782_76,0,0.0,15,1.0,0.0,21.53
2026-07-25 01:58:56,057,SCN1A6J_019_782_76,0,0.0,15,1.0,0.0,21.52
2026-07-25 02:08:59,057,SCN1A6J_019_782_76,0,0.0,15,1.0,0.0,21.51
2026-07-25 02:19:02,057,SCN1A6J_019_782_76,0,0.0,15,1.0,0.0,21.51
2026-07-25 02:29:05,057,SCN1A6J_019_782_76,0,0.0,15,1.0,0.0,21.5
2026-07-25 02:39:07,057,SCN1A6J_019_782_76,0,0.0,15,1.0,0.0,21.5
2026-07-25 02:49:11,057,SCN1A6J_019_782_76,0,0.0,15,1.0,0.0,21.48
2026-07-25 02:59:14,057,SCN1A6J_019_782_76,0,0.0,15,1.0,0.0,21.49
2026-07-25 03:09:17,057,SCN1A6J_019_782_76,0,0.0,15,1.0,0.0,21.48
2026-07-25 03:19:19,057,SCN1A6J_019_782_76,82,0.136,10,0.83,0.0,21.54
2026-07-25 03:29:22,057,SCN1A6J_019_782_76,114,0.19,5,0.637,0.0,21.65
2026-07-25 03:39:25,057,SCN1A6J_019_782_76,83,0.138,8,0.794,0.0,21.73
2026-07-25 03:49:28,057,SCN1A6J_019_782_76,0,0.0,15,1.0,0.0,21.69
2026-07-25 03:59:31,057,SCN1A6J_019_782_76,0,0.0,15,1.0,0.0,21.62
2026-07-25 04:09:34,057,SCN1A6J_019_782_76,0,0.0,15,1.0,0.0,21.59
2026-07-25 04:19:37,057,SCN1A6J_019_782_76,0,0.0,15,1.0,0.0,21.55
2026-07-25 04:29:49,057,SCN1A6J_019_782_76,0,0.0,15,1.0,0.0,21.54
2026-07-25 04:39:52,057,SCN1A6J_019_782_76,0,0.0,15,1.0,0.0,21.51
2026-07-25 04:49:55,057,SCN1A6J_019_782_76,0,0.0,15,1.0,0.0,21.49
2026-07-25 04:59:58,057,SCN1A6J_019_782_76,0,0.0,15,1.0,0.0,21.47
2026-07-25 05:10:01,057,SCN1A6J_019_782_76,0,0.0,15,1.0,0.0,21.46
2026-07-25 05:20:04,057,SCN1A6J_019_782_76,0,0.0,15,1.0,0.0,21.46
2026-07-25 05:30:07,057,SCN1A6J_019_782_76,0,0.0,15,1.0,0.0,21.45
2026-07-25 05:40:10,057,SCN1A6J_019_782_76,86,0.143,10,0.823,0.0,21.51
2026-07-25 05:50:13,057,SCN1A6J_019_782_76,139,0.232,2,0.365,0.0,21.64
2026-07-25 06:00:16,057,SCN1A6J_019_782_76,125,0.208,6,0.658,0.1224,21.78
2026-07-25 06:10:18,057,SCN1A6J_019_782_76,17,0.028,13,0.968,0.1404,21.74
2026-07-25 06:20:22,057,SCN1A6J_019_782_76,0,0.0,15,1.0,0.1296,21.69
2026-07-25 06:30:24,057,SCN1A6J_019_782_76,0,0.0,15,1.0,0.1296,21.63
2026-07-25 06:40:27,057,SCN1A6J_019_782_76,0,0.0,15,1.0,0.1296,21.58
2026-07-25 06:50:30,057,SCN1A6J_019_782_76,0,0.0,15,1.0,0.1296,21.55
2026-07-25 07:00:33,057,SCN1A6J_019_782_76,0,0.0,15,1.0,0.1296,21.53
2026-07-25 07:10:36,057,SCN1A6J_019_782_76,0,0.0,15,1.0,0.1296,21.5
2026-07-25 07:20:38,057,SCN1A6J_019_782_76,0,0.0,15,1.0,0.1296,21.49
2026-07-25 07:30:41,057,SCN1A6J_019_782_76,0,0.0,15,1.0,0.1296,21.47
2026-07-25 07:40:45,057,SCN1A6J_019_782_76,0,0.0,15,1.0,0.1296,21.47
2026-07-25 07:50:48,057,SCN1A6J_019_782_76,0,0.0,15,1.0,0.1296,21.47
2026-07-25 08:00:51,057,SCN1A6J_019_782_76,0,0.0,15,1.0,0.1296,21.47
2026-07-25 08:10:54,057,SCN1A6J_019_782_76,0,0.0,15,1.0,0.1296,21.47
2026-07-25 08:20:57,057,SCN1A6J_019_782_76,45,0.075,11,0.907,0.108,21.49
2026-07-25 08:31:30,057,SCN1A6J_019_782_76,46,0.077,11,0.905,0.1296,21.62
2026-07-25 08:41:33,057,SCN1A6J_019_782_76,0,0.0,15,1.0,0.1296,21.58
2026-07-25 08:51:35,057,SCN1A6J_019_782_76,0,0.0,15,1.0,0.1296,21.56
2026-07-25 09:01:38,057,SCN1A6J_019_782_76,0,0.0,15,1.0,0.1296,21.53
2026-07-25 09:11:41,057,SCN1A6J_019_782_76,0,0.0,15,1.0,0.1296,21.51
2026-07-25 09:21:44,057,SCN1A6J_019_782_76,0,0.0,15,1.0,0.1296,21.5
2026-07-25 09:31:48,057,SCN1A6J_019_782_76,0,0.0,15,1.0,0.1296,21.49
2026-07-25 09:41:51,057,SCN1A6J_019_782_76,0,0.0,15,1.0,0.1296,21.49
2026-07-25 09:51:53,057,SCN1A6J_019_782_76,0,0.0,15,1.0,0.1512,21.48
2026-07-25 10:01:56,057,SCN1A6J_019_782_76,0,0.0,15,1.0,0.1512,21.48
2026-07-25 10:11:59,057,SCN1A6J_019_782_76,0,0.0,15,1.0,0.1332,21.49
2026-07-25 10:22:02,057,SCN1A6J_019_782_76,0,0.0,15,1.0,0.1296,21.49
2026-07-25 10:32:05,057,SCN1A6J_019_782_76,0,0.0,15,1.0,0.1296,21.5
2026-07-25 10:42:08,057,SCN1A6J_019_782_76,0,0.0,15,1.0,0.1296,21.49
2026-07-25 10:52:11,057,SCN1A6J_019_782_76,0,0.0,15,1.0,0.1332,21.49
2026-07-25 11:02:14,057,SCN1A6J_019_782_76,0,0.0,15,1.0,0.1296,21.49
2026-07-25 11:12:16,057,SCN1A6J_019_782_76,0,0.0,15,1.0,0.1332,21.49
2026-07-25 11:22:19,057,SCN1A6J_019_782_76,31,0.052,12,0.939,0.1332,21.51
2026-07-25 11:32:22,057,SCN1A6J_019_782_76,0,0.0,15,1.0,0.1296,21.53
2026-07-25 11:42:25,057,SCN1A6J_019_782_76,0,0.0,15,1.0,0.1332,21.53
2026-07-25 11:52:28,057,SCN1A6J_019_782_76,0,0.0,15,1.0,0.1296,21.53
2026-07-25 12:02:32,057,SCN1A6J_019_782_76,0,0.0,15,1.0,0.1332,21.54
2026-07-25 12:12:35,057,SCN1A6J_019_782_76,0,0.0,15,1.0,0.1332,21.53
2026-07-25 12:22:37,057,SCN1A6J_019_782_76,0,0.0,15,1.0,0.1332,21.53
2026-07-25 12:33:09,057,SCN1A6J_019_782_76,0,0.0,15,1.0,0.1332,21.6
2026-07-25 12:43:12,057,SCN1A6J_019_782_76,0,0.0,15,1.0,0.1332,21.59
2026-07-25 12:53:15,057,SCN1A6J_019_782_76,0,0.0,15,1.0,0.1332,21.57
2026-07-25 13:03:18,057,SCN1A6J_019_782_76,0,0.0,15,1.0,0.1332,21.58
2026-07-25 13:13:21,057,SCN1A6J_019_782_76,0,0.0,15,1.0,0.1332,21.57
2026-07-25 13:23:24,057,SCN1A6J_019_782_76,0,0.0,15,1.0,0.1332,21.56
2026-07-25 13:33:27,057,SCN1A6J_019_782_76,0,0.0,15,1.0,0.1296,21.56
2026-07-25 13:43:30,057,SCN1A6J_019_782_76,0,0.0,15,1.0,0.1332,21.57
2026-07-25 13:53:33,057,SCN1A6J_019_782_76,0,0.0,15,1.0,0.1152,21.57
2026-07-25 14:03:36,057,SCN1A6J_019_782_76,31,0.052,12,0.939,0.1332,21.61
2026-07-25 14:13:39,057,SCN1A6J_019_782_76,0,0.0,15,1.0,0.1332,21.6
2026-07-25 14:23:42,057,SCN1A6J_019_782_76,0,0.0,15,1.0,0.1332,21.61
2026-07-25 14:33:45,057,SCN1A6J_019_782_76,0,0.0,15,1.0,0.1332,21.58
2026-07-25 14:43:48,057,SCN1A6J_019_782_76,0,0.0,15,1.0,0.1332,21.58
2026-07-25 14:53:51,057,SCN1A6J_019_782_76,0,0.0,15,1.0,0.1224,21.59
2026-07-25 15:03:53,057,SCN1A6J_019_782_76,0,0.0,15,1.0,0.1224,21.58
2026-07-25 15:13:56,057,SCN1A6J_019_782_76,0,0.0,15,1.0,0.1224,21.58
2026-07-25 15:23:59,057,SCN1A6J_019_782_76,0,0.0,15,1.0,0.1332,21.59
2026-07-25 15:34:02,057,SCN1A6J_019_782_76,0,0.0,15,1.0,0.1224,21.6
2026-07-25 15:44:06,057,SCN1A6J_019_782_76,0,0.0,15,1.0,0.1224,21.59
2026-07-25 15:54:09,057,SCN1A6J_019_782_76,0,0.0,15,1.0,0.1224,21.6
2026-07-25 16:04:12,057,SCN1A6J_019_782_76,11,0.018,14,0.981,0.1332,21.61
2026-07-25 16:14:15,057,SCN1A6J_019_782_76,0,0.0,15,1.0,0.1332,21.61
2026-07-25 16:24:18,057,SCN1A6J_019_782_76,0,0.0,15,1.0,0.1332,21.61
2026-07-25 16:34:46,057,SCN1A6J_019_782_76,0,0.0,15,1.0,0.1296,21.68
2026-07-25 16:44:49,057,SCN1A6J_019_782_76,0,0.0,15,1.0,0.1332,21.64
2026-07-25 16:54:51,057,SCN1A6J_019_782_76,0,0.0,15,1.0,0.1332,21.64
2026-07-25 17:04:55,057,SCN1A6J_019_782_76,0,0.0,15,1.0,0.1332,21.64
2026-07-25 17:14:58,057,SCN1A6J_019_782_76,0,0.0,15,1.0,0.1332,21.64
2026-07-25 17:25:01,057,SCN1A6J_019_782_76,0,0.0,15,1.0,0.1224,21.64
2026-07-25 17:35:04,057,SCN1A6J_019_782_76,15,0.025,12,0.97,0.1332,21.69
2026-07-25 17:45:06,057,SCN1A6J_019_782_76,0,0.0,15,1.0,0.1332,21.68
2026-07-25 17:55:09,057,SCN1A6J_019_782_76,0,0.0,15,1.0,0.1332,21.68
2026-07-25 18:05:12,057,SCN1A6J_019_782_76,10,0.017,14,0.982,0.0,21.67
2026-07-25 18:15:16,057,SCN1A6J_019_782_76,174,0.29,1,0.187,0.0,21.86
2026-07-25 18:25:19,057,SCN1A6J_019_782_76,110,0.183,4,0.593,0.0,21.94
2026-07-25 18:35:22,057,SCN1A6J_019_782_76,114,0.19,5,0.637,0.0,22.07
2026-07-25 18:45:24,057,SCN1A6J_019_782_76,27,0.045,10,0.937,0.0,22.08
2026-07-25 18:55:27,057,SCN1A6J_019_782_76,76,0.126,10,0.84,0.0,22.11
2026-07-25 19:05:31,057,SCN1A6J_019_782_76,16,0.027,13,0.97,0.0,22.06
2026-07-25 19:15:34,057,SCN1A6J_019_782_76,0,0.0,15,1.0,0.0,21.96
2026-07-25 19:25:37,057,SCN1A6J_019_782_76,67,0.111,6,0.782,0.0,22.01
2026-07-25 19:35:40,057,SCN1A6J_019_782_76,33,0.055,10,0.924,0.0,21.98
2026-07-25 19:45:43,057,SCN1A6J_019_782_76,0,0.0,15,1.0,0.0,21.93
2026-07-25 19:55:46,057,SCN1A6J_019_782_76,0,0.0,15,1.0,0.0,21.87
2026-07-25 20:05:49,057,SCN1A6J_019_782_76,0,0.0,15,1.0,0.0,21.85
2026-07-25 20:15:51,057,SCN1A6J_019_782_76,0,0.0,15,1.0,0.0,21.82
2026-07-25 20:25:54,057,SCN1A6J_019_782_76,0,0.0,15,1.0,0.0,21.8
2026-07-25 20:36:25,057,SCN1A6J_019_782_76,0,0.0,15,1.0,0.0,21.84
2026-07-25 20:46:28,057,SCN1A6J_019_782_76,12,0.02,13,0.977,0.0,21.88
2026-07-25 20:56:31,057,SCN1A6J_019_782_76,158,0.263,5,0.559,0.0,22.18
2026-07-25 21:06:34,057,SCN1A6J_019_782_76,131,0.218,5,0.604,0.0,22.32
2026-07-25 21:16:37,057,SCN1A6J_019_782_76,64,0.106,7,0.814,0.0,22.49
2026-07-25 21:26:40,057,SCN1A6J_019_782_76,83,0.138,6,0.743,0.0,22.45
2026-07-25 21:36:43,057,SCN1A6J_019_782_76,135,0.225,3,0.471,0.0,22.52
2026-07-25 21:46:46,057,SCN1A6J_019_782_76,39,0.065,10,0.911,0.0,22.38
2026-07-25 21:56:49,057,SCN1A6J_019_782_76,95,0.158,6,0.716,0.0,22.38
2026-07-25 22:06:51,057,SCN1A6J_019_782_76,73,0.121,8,0.814,0.0,22.43
2026-07-25 22:16:54,057,SCN1A6J_019_782_76,37,0.062,11,0.922,0.0,22.39
2026-07-25 22:26:57,057,SCN1A6J_019_782_76,96,0.159,6,0.714,0.0,22.31
2026-07-25 22:37:00,057,SCN1A6J_019_782_76,57,0.095,10,0.875,0.0,22.18
2026-07-25 22:47:03,057,SCN1A6J_019_782_76,77,0.128,9,0.824,0.0,22.13
2026-07-25 22:57:05,057,SCN1A6J_019_782_76,10,0.017,13,0.981,0.0,22.04
2026-07-25 23:07:08,057,SCN1A6J_019_782_76,39,0.065,12,0.925,0.0,21.97
2026-07-25 23:17:11,057,SCN1A6J_019_782_76,34,0.057,12,0.934,0.0,21.92
2026-07-25 23:27:13,057,SCN1A6J_019_782_76,73,0.121,9,0.831,0.0,21.92
2026-07-25 23:37:16,057,SCN1A6J_019_782_76,45,0.075,11,0.907,0.0,21.99
2026-07-25 23:47:19,057,SCN1A6J_019_782_76,50,0.083,10,0.889,0.0,21.96
2026-07-25 23:57:22,057,SCN1A6J_019_782_76,0,0.0,15,1.0,0.0,21.9
2026-07-26 00:07:25,057,SCN1A6J_019_782_76,0,0.0,15,1.0,0.0,21.85
2026-07-26 00:17:28,057,SCN1A6J_019_782_76,0,0.0,15,1.0,0.0,21.79
2026-07-26 00:27:31,057,SCN1A6J_019_782_76,0,0.0,15,1.0,0.0,21.76
2026-07-26 00:38:05,057,SCN1A6J_019_782_76,0,0.0,15,1.0,0.0,21.79
2026-07-26 00:48:08,057,SCN1A6J_019_782_76,0,0.0,15,1.0,0.0,21.73
2026-07-26 00:58:11,057,SCN1A6J_019_782_76,22,0.037,13,0.959,0.0,21.7
2026-07-26 01:08:14,057,SCN1A6J_019_782_76,86,0.143,9,0.807,0.0,21.83
2026-07-26 01:18:17,057,SCN1A6J_019_782_76,162,0.27,3,0.426,0.0,21.93
2026-07-26 01:28:20,057,SCN1A6J_019_782_76,77,0.128,7,0.784,0.0,22.02
2026-07-26 01:38:23,057,SCN1A6J_019_782_76,44,0.073,9,0.891,0.0,21.96
2026-07-26 01:48:26,057,SCN1A6J_019_782_76,33,0.055,14,0.944,0.0,21.91
2026-07-26 01:58:29,057,SCN1A6J_019_782_76,0,0.0,15,1.0,0.0,21.85
2026-07-26 02:08:31,057,SCN1A6J_019_782_76,0,0.0,15,1.0,0.0,21.81
2026-07-26 02:18:34,057,SCN1A6J_019_782_76,0,0.0,15,1.0,0.0,21.75
2026-07-26 02:28:37,057,SCN1A6J_019_782_76,0,0.0,15,1.0,0.0,21.73
2026-07-26 02:38:40,057,SCN1A6J_019_782_76,0,0.0,15,1.0,0.0,21.7
2026-07-26 02:48:43,057,SCN1A6J_019_782_76,0,0.0,15,1.0,0.0,21.67
2026-07-26 02:58:46,057,SCN1A6J_019_782_76,0,0.0,15,1.0,0.0,21.64
2026-07-26 03:08:49,057,SCN1A6J_019_782_76,5,0.008,14,0.991,0.0,21.67
2026-07-26 03:18:52,057,SCN1A6J_019_782_76,0,0.0,15,1.0,0.0,21.64
2026-07-26 03:28:54,057,SCN1A6J_019_782_76,2,0.003,15,0.997,0.0,21.63
2026-07-26 03:38:57,057,SCN1A6J_019_782_76,103,0.171,9,0.778,0.0,21.7
2026-07-26 03:49:00,057,SCN1A6J_019_782_76,141,0.234,6,0.63,0.0,21.78
2026-07-26 03:59:03,057,SCN1A6J_019_782_76,92,0.153,7,0.753,0.0,21.82
2026-07-26 04:09:06,057,SCN1A6J_019_782_76,0,0.0,15,1.0,0.0,21.77
2026-07-26 04:19:09,057,SCN1A6J_019_782_76,0,0.0,15,1.0,0.0,21.74
2026-07-26 04:29:12,057,SCN1A6J_019_782_76,0,0.0,15,1.0,0.0,21.69
2026-07-26 04:39:30,057,SCN1A6J_019_782_76,0,0.0,15,1.0,0.0,21.69
2026-07-26 04:49:34,057,SCN1A6J_019_782_76,0,0.0,15,1.0,0.0,21.64
2026-07-26 04:59:37,057,SCN1A6J_019_782_76,0,0.0,15,1.0,0.0,21.62
2026-07-26 05:09:39,057,SCN1A6J_019_782_76,0,0.0,15,1.0,0.0,21.6
2026-07-26 05:19:42,057,SCN1A6J_019_782_76,0,0.0,15,1.0,0.0,21.58
2026-07-26 05:29:45,057,SCN1A6J_019_782_76,79,0.131,10,0.835,0.0,21.62
2026-07-26 05:39:48,057,SCN1A6J_019_782_76,109,0.181,7,0.72,0.0,21.71
2026-07-26 05:49:51,057,SCN1A6J_019_782_76,24,0.04,13,0.956,0.0,21.75
2026-07-26 05:59:54,057,SCN1A6J_019_782_76,22,0.037,13,0.959,0.144,21.76
2026-07-26 06:09:57,057,SCN1A6J_019_782_76,0,0.0,15,1.0,0.1368,21.73
2026-07-26 06:20:00,057,SCN1A6J_019_782_76,0,0.0,15,1.0,0.1368,21.69
2026-07-26 06:30:03,057,SCN1A6J_019_782_76,0,0.0,15,1.0,0.1368,21.64
2026-07-26 06:40:06,057,SCN1A6J_019_782_76,0,0.0,15,1.0,0.1368,21.63
2026-07-26 06:50:09,057,SCN1A6J_019_782_76,0,0.0,15,1.0,0.1368,21.62
2026-07-26 07:00:12,057,SCN1A6J_019_782_76,0,0.0,15,1.0,0.1368,21.6
2026-07-26 07:10:15,057,SCN1A6J_019_782_76,0,0.0,15,1.0,0.1404,21.58
2026-07-26 07:20:19,057,SCN1A6J_019_782_76,0,0.0,15,1.0,0.1368,21.58
2026-07-26 07:30:21,057,SCN1A6J_019_782_76,0,0.0,15,1.0,0.1368,21.57
2026-07-26 07:40:24,057,SCN1A6J_019_782_76,0,0.0,15,1.0,0.1368,21.57
2026-07-26 07:50:27,057,SCN1A6J_019_782_76,0,0.0,15,1.0,0.1368,21.58
2026-07-26 08:00:30,057,SCN1A6J_019_782_76,0,0.0,15,1.0,0.1404,21.57
2026-07-26 08:10:33,057,SCN1A6J_019_782_76,0,0.0,15,1.0,0.1368,21.57
2026-07-26 08:20:36,057,SCN1A6J_019_782_76,0,0.0,15,1.0,0.1368,21.58
2026-07-26 08:30:39,057,SCN1A6J_019_782_76,0,0.0,15,1.0,0.1368,21.58
2026-07-26 08:41:03,057,SCN1A6J_019_782_76,0,0.0,15,1.0,0.1368,21.63
2026-07-26 08:51:06,057,SCN1A6J_019_782_76,0,0.0,15,1.0,0.1368,21.61
2026-07-26 09:01:09,057,SCN1A6J_019_782_76,68,0.113,12,0.876,0.1404,21.64
2026-07-26 09:11:12,057,SCN1A6J_019_782_76,0,0.0,15,1.0,0.1404,21.63
2026-07-26 09:21:15,057,SCN1A6J_019_782_76,0,0.0,15,1.0,0.1584,21.62
2026-07-26 09:31:18,057,SCN1A6J_019_782_76,0,0.0,15,1.0,0.216,21.63
2026-07-26 09:41:21,057,SCN1A6J_019_782_76,0,0.0,15,1.0,0.216,21.62
2026-07-26 09:51:24,057,SCN1A6J_019_782_76,0,0.0,15,1.0,0.1584,21.64
2026-07-26 10:01:26,057,SCN1A6J_019_782_76,0,0.0,15,1.0,0.1584,21.64
2026-07-26 10:11:29,057,SCN1A6J_019_782_76,0,0.0,15,1.0,0.1584,21.63
2026-07-26 10:21:32,057,SCN1A6J_019_782_76,0,0.0,15,1.0,0.1296,21.62
2026-07-26 10:31:35,057,SCN1A6J_019_782_76,0,0.0,15,1.0,0.1404,21.61
2026-07-26 10:41:38,057,SCN1A6J_019_782_76,0,0.0,15,1.0,0.1404,21.6
2026-07-26 10:51:41,057,SCN1A6J_019_782_76,0,0.0,15,1.0,0.1404,21.59
2026-07-26 11:01:44,057,SCN1A6J_019_782_76,20,0.033,13,0.963,0.0792,21.6
2026-07-26 11:11:46,057,SCN1A6J_019_782_76,17,0.028,14,0.971,0.1404,21.61
2026-07-26 11:21:49,057,SCN1A6J_019_782_76,19,0.032,13,0.965,0.1332,21.61
2026-07-26 11:31:52,057,SCN1A6J_019_782_76,0,0.0,15,1.0,0.1332,21.6
2026-07-26 11:41:54,057,SCN1A6J_019_782_76,0,0.0,15,1.0,0.1332,21.59
2026-07-26 11:51:57,057,SCN1A6J_019_782_76,0,0.0,15,1.0,0.1332,21.58
2026-07-26 12:02:00,057,SCN1A6J_019_782_76,0,0.0,15,1.0,0.1332,21.57
2026-07-26 12:12:02,057,SCN1A6J_019_782_76,0,0.0,15,1.0,0.1332,21.57
2026-07-26 12:22:05,057,SCN1A6J_019_782_76,0,0.0,15,1.0,0.1296,21.57
2026-07-26 12:32:08,057,SCN1A6J_019_782_76,0,0.0,15,1.0,0.1296,21.57
2026-07-26 12:42:38,057,SCN1A6J_019_782_76,0,0.0,15,1.0,0.1332,21.63
2026-07-26 12:52:41,057,SCN1A6J_019_782_76,0,0.0,15,1.0,0.1332,21.59
2026-07-26 13:02:44,057,SCN1A6J_019_782_76,0,0.0,15,1.0,0.1296,21.58
2026-07-26 13:12:47,057,SCN1A6J_019_782_76,0,0.0,15,1.0,0.1332,21.57
2026-07-26 13:22:50,057,SCN1A6J_019_782_76,0,0.0,15,1.0,0.1512,21.56
2026-07-26 13:32:53,057,SCN1A6J_019_782_76,0,0.0,15,1.0,0.1512,21.55
2026-07-26 13:42:55,057,SCN1A6J_019_782_76,0,0.0,15,1.0,0.1512,21.54
2026-07-26 13:52:58,057,SCN1A6J_019_782_76,0,0.0,15,1.0,0.1332,21.53
2026-07-26 14:03:02,057,SCN1A6J_019_782_76,0,0.0,15,1.0,0.1332,21.53
2026-07-26 14:13:04,057,SCN1A6J_019_782_76,0,0.0,15,1.0,0.1332,21.53
2026-07-26 14:23:07,057,SCN1A6J_019_782_76,0,0.0,15,1.0,0.1512,21.51
2026-07-26 14:33:10,057,SCN1A6J_019_782_76,0,0.0,15,1.0,0.162,21.51
2026-07-26 14:43:13,057,SCN1A6J_019_782_76,27,0.045,11,0.942,0.144,21.55
2026-07-26 14:53:16,057,SCN1A6J_019_782_76,12,0.02,14,0.979,0.1584,21.57
2026-07-26 15:03:19,057,SCN1A6J_019_782_76,0,0.0,15,1.0,0.1584,21.59
2026-07-26 15:13:22,057,SCN1A6J_019_782_76,0,0.0,15,1.0,0.1584,21.59
2026-07-26 15:23:25,057,SCN1A6J_019_782_76,0,0.0,15,1.0,0.1584,21.59
2026-07-26 15:33:28,057,SCN1A6J_019_782_76,0,0.0,15,1.0,0.1584,21.57
2026-07-26 15:43:31,057,SCN1A6J_019_782_76,0,0.0,15,1.0,0.1584,21.53
2026-07-26 15:53:34,057,SCN1A6J_019_782_76,0,0.0,15,1.0,0.1584,21.5
2026-07-26 16:03:36,057,SCN1A6J_019_782_76,0,0.0,15,1.0,0.1584,21.48
2026-07-26 16:13:39,057,SCN1A6J_019_782_76,0,0.0,15,1.0,0.1584,21.47
2026-07-26 16:23:42,057,SCN1A6J_019_782_76,0,0.0,15,1.0,0.1584,21.47
2026-07-26 16:33:45,057,SCN1A6J_019_782_76,0,0.0,15,1.0,0.1584,21.46
2026-07-26 16:44:16,057,SCN1A6J_019_782_76,0,0.0,15,1.0,0.1404,21.51
2026-07-26 16:54:19,057,SCN1A6J_019_782_76,0,0.0,15,1.0,0.1296,21.46
2026-07-26 17:04:22,057,SCN1A6J_019_782_76,0,0.0,15,1.0,0.1404,21.43
2026-07-26 17:14:25,057,SCN1A6J_019_782_76,16,0.027,14,0.972,0.1368,21.42
2026-07-26 17:24:28,057,SCN1A6J_019_782_76,0,0.0,15,1.0,0.1368,21.41
2026-07-26 17:34:31,057,SCN1A6J_019_782_76,0,0.0,15,1.0,0.1404,21.39
2026-07-26 17:44:35,057,SCN1A6J_019_782_76,0,0.0,15,1.0,0.1404,21.37
2026-07-26 17:54:38,057,SCN1A6J_019_782_76,0,0.0,15,1.0,0.1404,21.36
2026-07-26 18:04:41,057,SCN1A6J_019_782_76,26,0.043,13,0.952,0.0,21.4
2026-07-26 18:14:43,057,SCN1A6J_019_782_76,0,0.0,15,1.0,0.0,21.39
2026-07-26 18:24:47,057,SCN1A6J_019_782_76,129,0.215,6,0.65,0.0,21.48
2026-07-26 18:34:49,057,SCN1A6J_019_782_76,74,0.123,7,0.791,0.0,21.56
2026-07-26 18:44:52,057,SCN1A6J_019_782_76,90,0.15,5,0.69,0.0,21.68
2026-07-26 18:54:55,057,SCN1A6J_019_782_76,63,0.105,8,0.836,0.0,21.81
2026-07-26 19:04:59,057,SCN1A6J_019_782_76,0,0.0,15,1.0,0.0,21.73
2026-07-26 19:15:01,057,SCN1A6J_019_782_76,0,0.0,15,1.0,0.0,21.65
2026-07-26 19:25:04,057,SCN1A6J_019_782_76,0,0.0,15,1.0,0.0,21.61
2026-07-26 19:35:07,057,SCN1A6J_019_782_76,0,0.0,15,1.0,0.0,21.56
2026-07-26 19:45:09,057,SCN1A6J_019_782_76,0,0.0,15,1.0,0.0,21.53
2026-07-26 19:55:12,057,SCN1A6J_019_782_76,0,0.0,15,1.0,0.0,21.5
2026-07-26 20:05:14,057,SCN1A6J_019_782_76,22,0.037,13,0.959,0.0,21.52
2026-07-26 20:15:17,057,SCN1A6J_019_782_76,80,0.133,8,0.8,0.0,21.61
2026-07-26 20:25:20,057,SCN1A6J_019_782_76,14,0.023,13,0.974,0.0,21.7
2026-07-26 20:35:23,057,SCN1A6J_019_782_76,92,0.153,7,0.753,0.0,21.89
2026-07-26 20:45:48,057,SCN1A6J_019_782_76,1,0.002,15,0.998,0.0,21.84
2026-07-26 20:55:51,057,SCN1A6J_019_782_76,0,0.0,15,1.0,0.0,21.72
2026-07-26 21:05:54,057,SCN1A6J_019_782_76,0,0.0,15,1.0,0.0,21.62
2026-07-26 21:15:56,057,SCN1A6J_019_782_76,0,0.0,15,1.0,0.0,21.58
2026-07-26 21:25:59,057,SCN1A6J_019_782_76,0,0.0,15,1.0,0.0,21.56
2026-07-26 21:36:03,057,SCN1A6J_019_782_76,43,0.072,13,0.924,0.0,21.57
2026-07-26 21:46:06,057,SCN1A6J_019_782_76,122,0.203,7,0.697,0.0,21.62
2026-07-26 21:56:08,057,SCN1A6J_019_782_76,113,0.188,6,0.68,0.0,21.74
2026-07-26 22:06:11,057,SCN1A6J_019_782_76,24,0.04,12,0.952,0.0,21.74
2026-07-26 22:16:14,057,SCN1A6J_019_782_76,52,0.086,12,0.902,0.0,21.75
2026-07-26 22:26:17,057,SCN1A6J_019_782_76,85,0.141,8,0.79,0.0,21.76
2026-07-26 22:36:20,057,SCN1A6J_019_782_76,35,0.058,12,0.932,0.0,21.78
2026-07-26 22:46:23,057,SCN1A6J_019_782_76,40,0.067,11,0.917,0.0,21.77
2026-07-26 22:56:26,057,SCN1A6J_019_782_76,0,0.0,15,1.0,0.0,21.72
2026-07-26 23:06:29,057,SCN1A6J_019_782_76,0,0.0,15,1.0,0.0,21.65
2026-07-26 23:16:32,057,SCN1A6J_019_782_76,0,0.0,15,1.0,0.0,21.6
2026-07-26 23:26:35,057,SCN1A6J_019_782_76,0,0.0,15,1.0,0.0,21.57
2026-07-26 23:36:38,057,SCN1A6J_019_782_76,0,0.0,15,1.0,0.0,21.54
2026-07-26 23:46:41,057,SCN1A6J_019_782_76,0,0.0,15,1.0,0.0,21.51
2026-07-26 23:56:44,057,SCN1A6J_019_782_76,0,0.0,15,1.0,0.0,21.49
2026-07-25 00:00:44,063,SCN1A6J_019_810_37,43,0.072,13,0.924,0.0,21.75
2026-07-25 00:10:46,063,SCN1A6J_019_810_37,60,0.1,12,0.889,0.0,21.68
2026-07-25 00:20:49,063,SCN1A6J_019_810_37,0,0.0,15,1.0,0.0,21.62
2026-07-25 00:30:51,063,SCN1A6J_019_810_37,0,0.0,15,1.0,0.0,21.55
2026-07-25 00:41:18,063,SCN1A6J_019_810_37,0,0.0,15,1.0,0.0,21.54
2026-07-25 00:51:20,063,SCN1A6J_019_810_37,0,0.0,15,1.0,0.0,21.47
2026-07-25 01:01:23,063,SCN1A6J_019_810_37,0,0.0,15,1.0,0.0,21.44
2026-07-25 01:11:26,063,SCN1A6J_019_810_37,0,0.0,15,1.0,0.0,21.4
2026-07-25 01:21:29,063,SCN1A6J_019_810_37,0,0.0,15,1.0,0.0,21.38
2026-07-25 01:31:32,063,SCN1A6J_019_810_37,0,0.0,15,1.0,0.0,21.34
2026-07-25 01:41:35,063,SCN1A6J_019_810_37,0,0.0,15,1.0,0.0,21.34
2026-07-25 01:51:38,063,SCN1A6J_019_810_37,0,0.0,15,1.0,0.0,21.32
2026-07-25 02:01:41,063,SCN1A6J_019_810_37,141,0.235,7,0.665,0.0,21.39
2026-07-25 02:11:44,063,SCN1A6J_019_810_37,178,0.296,4,0.473,0.0,21.52
2026-07-25 02:21:46,063,SCN1A6J_019_810_37,58,0.097,12,0.892,0.0,21.54
2026-07-25 02:31:50,063,SCN1A6J_019_810_37,213,0.354,5,0.484,0.0,21.61
2026-07-25 02:41:53,063,SCN1A6J_019_810_37,14,0.023,14,0.976,0.0,21.59
2026-07-25 02:51:55,063,SCN1A6J_019_810_37,45,0.075,12,0.914,0.0,21.59
2026-07-25 03:01:58,063,SCN1A6J_019_810_37,0,0.0,15,1.0,0.0,21.52
2026-07-25 03:12:01,063,SCN1A6J_019_810_37,0,0.0,15,1.0,0.0,21.47
2026-07-25 03:22:04,063,SCN1A6J_019_810_37,0,0.0,15,1.0,0.0,21.42
2026-07-25 03:32:08,063,SCN1A6J_019_810_37,0,0.0,15,1.0,0.0,21.38
2026-07-25 03:42:11,063,SCN1A6J_019_810_37,0,0.0,15,1.0,0.0,21.36
2026-07-25 03:52:14,063,SCN1A6J_019_810_37,0,0.0,15,1.0,0.0,21.34
2026-07-25 04:02:16,063,SCN1A6J_019_810_37,0,0.0,15,1.0,0.0,21.32
2026-07-25 04:12:19,063,SCN1A6J_019_810_37,0,0.0,15,1.0,0.0,21.3
2026-07-25 04:22:21,063,SCN1A6J_019_810_37,163,0.271,5,0.551,0.0,21.45
2026-07-25 04:32:24,063,SCN1A6J_019_810_37,110,0.183,8,0.744,0.0,21.48
2026-07-25 04:42:40,063,SCN1A6J_019_810_37,40,0.067,12,0.923,0.0,21.5
2026-07-25 04:52:42,063,SCN1A6J_019_810_37,0,0.0,15,1.0,0.0,21.46
2026-07-25 05:02:44,063,SCN1A6J_019_810_37,0,0.0,15,1.0,0.0,21.41
2026-07-25 05:12:47,063,SCN1A6J_019_810_37,0,0.0,15,1.0,0.0,21.37
2026-07-25 05:22:50,063,SCN1A6J_019_810_37,164,0.273,8,0.661,0.0,21.46
2026-07-25 05:32:53,063,SCN1A6J_019_810_37,70,0.116,10,0.851,0.0,21.47
2026-07-25 05:42:56,063,SCN1A6J_019_810_37,0,0.0,15,1.0,0.0,21.42
2026-07-25 05:52:58,063,SCN1A6J_019_810_37,0,0.0,15,1.0,0.0,21.38
2026-07-25 06:03:01,063,SCN1A6J_019_810_37,0,0.0,15,1.0,0.1584,21.35
2026-07-25 06:13:04,063,SCN1A6J_019_810_37,0,0.0,15,1.0,0.1584,21.32
2026-07-25 06:23:08,063,SCN1A6J_019_810_37,0,0.0,15,1.0,0.162,21.29
2026-07-25 06:33:10,063,SCN1A6J_019_810_37,0,0.0,15,1.0,0.1512,21.27
2026-07-25 06:43:13,063,SCN1A6J_019_810_37,0,0.0,15,1.0,0.162,21.26
2026-07-25 06:53:16,063,SCN1A6J_019_810_37,0,0.0,15,1.0,0.162,21.25
2026-07-25 07:03:19,063,SCN1A6J_019_810_37,0,0.0,15,1.0,0.1512,21.24
2026-07-25 07:13:22,063,SCN1A6J_019_810_37,0,0.0,15,1.0,0.1512,21.24
2026-07-25 07:23:24,063,SCN1A6J_019_810_37,0,0.0,15,1.0,0.1512,21.23
2026-07-25 07:33:28,063,SCN1A6J_019_810_37,0,0.0,15,1.0,0.1548,21.24
2026-07-25 07:43:30,063,SCN1A6J_019_810_37,0,0.0,15,1.0,0.1512,21.23
2026-07-25 07:53:33,063,SCN1A6J_019_810_37,0,0.0,15,1.0,0.1512,21.24
2026-07-25 08:03:36,063,SCN1A6J_019_810_37,0,0.0,15,1.0,0.1512,21.25
2026-07-25 08:13:39,063,SCN1A6J_019_810_37,0,0.0,15,1.0,0.162,21.25
2026-07-25 08:23:42,063,SCN1A6J_019_810_37,0,0.0,15,1.0,0.162,21.25
2026-07-25 08:33:45,063,SCN1A6J_019_810_37,39,0.065,12,0.925,0.1512,21.29
2026-07-25 08:44:02,063,SCN1A6J_019_810_37,0,0.0,15,1.0,0.1512,21.32
2026-07-25 08:54:05,063,SCN1A6J_019_810_37,0,0.0,15,1.0,0.1584,21.32
2026-07-25 09:04:08,063,SCN1A6J_019_810_37,0,0.0,15,1.0,0.1584,21.3
2026-07-25 09:14:11,063,SCN1A6J_019_810_37,0,0.0,15,1.0,0.1584,21.28
2026-07-25 09:24:14,063,SCN1A6J_019_810_37,0,0.0,15,1.0,0.1584,21.28
2026-07-25 09:34:17,063,SCN1A6J_019_810_37,0,0.0,15,1.0,0.1584,21.26
2026-07-25 09:44:20,063,SCN1A6J_019_810_37,0,0.0,15,1.0,0.1584,21.26
2026-07-25 09:54:22,063,SCN1A6J_019_810_37,0,0.0,15,1.0,0.2052,21.26
2026-07-25 10:04:25,063,SCN1A6J_019_810_37,0,0.0,15,1.0,0.1944,21.27
2026-07-25 10:14:28,063,SCN1A6J_019_810_37,0,0.0,15,1.0,0.1584,21.28
2026-07-25 10:24:31,063,SCN1A6J_019_810_37,0,0.0,15,1.0,0.1584,21.28
2026-07-25 10:34:33,063,SCN1A6J_019_810_37,0,0.0,15,1.0,0.1584,21.28
2026-07-25 10:44:36,063,SCN1A6J_019_810_37,0,0.0,15,1.0,0.1584,21.3
2026-07-25 10:54:38,063,SCN1A6J_019_810_37,0,0.0,15,1.0,0.1584,21.3
2026-07-25 11:04:41,063,SCN1A6J_019_810_37,0,0.0,15,1.0,0.1584,21.29
2026-07-25 11:14:44,063,SCN1A6J_019_810_37,0,0.0,15,1.0,0.1584,21.3
2026-07-25 11:24:47,063,SCN1A6J_019_810_37,0,0.0,15,1.0,0.1512,21.3
2026-07-25 11:34:50,063,SCN1A6J_019_810_37,0,0.0,15,1.0,0.1512,21.31
2026-07-25 11:44:53,063,SCN1A6J_019_810_37,0,0.0,15,1.0,0.1548,21.32
2026-07-25 11:54:55,063,SCN1A6J_019_810_37,2,0.003,14,0.996,0.1512,21.33
2026-07-25 12:04:57,063,SCN1A6J_019_810_37,0,0.0,15,1.0,0.1548,21.32
2026-07-25 12:15:00,063,SCN1A6J_019_810_37,0,0.0,15,1.0,0.1512,21.33
2026-07-25 12:25:03,063,SCN1A6J_019_810_37,0,0.0,15,1.0,0.1548,21.36
2026-07-25 12:35:06,063,SCN1A6J_019_810_37,0,0.0,15,1.0,0.1512,21.35
2026-07-25 12:45:23,063,SCN1A6J_019_810_37,102,0.17,8,0.758,0.144,21.49
2026-07-25 12:55:26,063,SCN1A6J_019_810_37,18,0.03,13,0.967,0.1512,21.47
2026-07-25 13:05:29,063,SCN1A6J_019_810_37,0,0.0,15,1.0,0.144,21.46
2026-07-25 13:15:32,063,SCN1A6J_019_810_37,0,0.0,15,1.0,0.1512,21.44
2026-07-25 13:25:35,063,SCN1A6J_019_810_37,0,0.0,15,1.0,0.1512,21.41
2026-07-25 13:35:38,063,SCN1A6J_019_810_37,0,0.0,15,1.0,0.1512,21.4
2026-07-25 13:45:40,063,SCN1A6J_019_810_37,0,0.0,15,1.0,0.144,21.4
2026-07-25 13:55:44,063,SCN1A6J_019_810_37,0,0.0,15,1.0,0.1512,21.39
2026-07-25 14:05:47,063,SCN1A6J_019_810_37,0,0.0,15,1.0,0.144,21.38
2026-07-25 14:15:50,063,SCN1A6J_019_810_37,0,0.0,15,1.0,0.1512,21.38
2026-07-25 14:25:53,063,SCN1A6J_019_810_37,13,0.022,13,0.976,0.1512,21.38
2026-07-25 14:35:56,063,SCN1A6J_019_810_37,25,0.042,13,0.954,0.144,21.42
2026-07-25 14:45:58,063,SCN1A6J_019_810_37,0,0.0,15,1.0,0.144,21.42
2026-07-25 14:56:02,063,SCN1A6J_019_810_37,0,0.0,15,1.0,0.144,21.41
2026-07-25 15:06:04,063,SCN1A6J_019_810_37,0,0.0,15,1.0,0.1512,21.4
2026-07-25 15:16:07,063,SCN1A6J_019_810_37,0,0.0,15,1.0,0.144,21.4
2026-07-25 15:26:10,063,SCN1A6J_019_810_37,0,0.0,15,1.0,0.144,21.39
2026-07-25 15:36:13,063,SCN1A6J_019_810_37,0,0.0,15,1.0,0.1512,21.39
2026-07-25 15:46:16,063,SCN1A6J_019_810_37,0,0.0,15,1.0,0.144,21.39
2026-07-25 15:56:20,063,SCN1A6J_019_810_37,0,0.0,15,1.0,0.144,21.39
2026-07-25 16:06:23,063,SCN1A6J_019_810_37,0,0.0,15,1.0,0.1476,21.39
2026-07-25 16:16:26,063,SCN1A6J_019_810_37,131,0.218,8,0.71,0.1296,21.48
2026-07-25 16:26:29,063,SCN1A6J_019_810_37,132,0.219,3,0.476,0.1368,21.57
2026-07-25 16:36:32,063,SCN1A6J_019_810_37,20,0.033,13,0.963,0.144,21.6
2026-07-25 16:46:48,063,SCN1A6J_019_810_37,0,0.0,15,1.0,0.144,21.62
2026-07-25 16:56:52,063,SCN1A6J_019_810_37,0,0.0,15,1.0,0.144,21.56
2026-07-25 17:06:54,063,SCN1A6J_019_810_37,0,0.0,15,1.0,0.144,21.52
2026-07-25 17:16:57,063,SCN1A6J_019_810_37,0,0.0,15,1.0,0.144,21.5
2026-07-25 17:27:00,063,SCN1A6J_019_810_37,0,0.0,15,1.0,0.144,21.47
2026-07-25 17:37:03,063,SCN1A6J_019_810_37,0,0.0,15,1.0,0.144,21.44
2026-07-25 17:47:05,063,SCN1A6J_019_810_37,0,0.0,15,1.0,0.144,21.44
2026-07-25 17:57:09,063,SCN1A6J_019_810_37,19,0.032,13,0.965,0.144,21.44
2026-07-25 18:07:12,063,SCN1A6J_019_810_37,0,0.0,15,1.0,0.0,21.44
2026-07-25 18:17:14,063,SCN1A6J_019_810_37,147,0.245,4,0.521,0.0,21.61
2026-07-25 18:27:17,063,SCN1A6J_019_810_37,24,0.04,13,0.956,0.0,21.63
2026-07-25 18:37:20,063,SCN1A6J_019_810_37,140,0.233,6,0.632,0.0,21.67
2026-07-25 18:47:23,063,SCN1A6J_019_810_37,188,0.312,3,0.39,0.0,21.77
2026-07-25 18:57:26,063,SCN1A6J_019_810_37,77,0.128,9,0.824,0.0,21.82
2026-07-25 19:07:29,063,SCN1A6J_019_810_37,0,0.0,15,1.0,0.0,21.74
2026-07-25 19:17:31,063,SCN1A6J_019_810_37,0,0.0,15,1.0,0.0,21.65
2026-07-25 19:27:34,063,SCN1A6J_019_810_37,0,0.0,15,1.0,0.0,21.63
2026-07-25 19:37:37,063,SCN1A6J_019_810_37,120,0.199,7,0.7,0.0,21.71
2026-07-25 19:47:40,063,SCN1A6J_019_810_37,100,0.166,6,0.706,0.0,21.74
2026-07-25 19:57:43,063,SCN1A6J_019_810_37,0,0.0,15,1.0,0.0,21.7
2026-07-25 20:07:46,063,SCN1A6J_019_810_37,32,0.053,12,0.938,0.0,21.68
2026-07-25 20:17:49,063,SCN1A6J_019_810_37,20,0.033,12,0.96,0.0,21.67
2026-07-25 20:27:52,063,SCN1A6J_019_810_37,0,0.0,15,1.0,0.0,21.6
2026-07-25 20:37:55,063,SCN1A6J_019_810_37,23,0.038,12,0.954,0.0,21.59
2026-07-25 20:48:18,063,SCN1A6J_019_810_37,50,0.084,10,0.889,0.0,21.67
2026-07-25 20:58:20,063,SCN1A6J_019_810_37,21,0.035,14,0.964,0.0,21.66
2026-07-25 21:08:22,063,SCN1A6J_019_810_37,0,0.0,15,1.0,0.0,21.59
2026-07-25 21:18:25,063,SCN1A6J_019_810_37,0,0.0,15,1.0,0.0,21.56
2026-07-25 21:28:28,063,SCN1A6J_019_810_37,41,0.068,11,0.915,0.0,21.55
2026-07-25 21:38:30,063,SCN1A6J_019_810_37,200,0.333,5,0.5,0.0,21.68
2026-07-25 21:48:34,063,SCN1A6J_019_810_37,177,0.295,5,0.531,0.0,21.75
2026-07-25 21:58:36,063,SCN1A6J_019_810_37,208,0.346,3,0.366,0.0,21.86
2026-07-25 22:08:39,063,SCN1A6J_019_810_37,28,0.047,12,0.945,0.0,21.78
2026-07-25 22:18:42,063,SCN1A6J_019_810_37,53,0.088,11,0.892,0.0,21.77
2026-07-25 22:28:45,063,SCN1A6J_019_810_37,120,0.2,9,0.75,0.0,21.8
2026-07-25 22:38:48,063,SCN1A6J_019_810_37,55,0.091,10,0.879,0.0,21.77
2026-07-25 22:48:52,063,SCN1A6J_019_810_37,187,0.311,6,0.562,0.0,21.85
2026-07-25 22:58:54,063,SCN1A6J_019_810_37,0,0.0,15,1.0,0.0,21.77
2026-07-25 23:08:57,063,SCN1A6J_019_810_37,0,0.0,15,1.0,0.0,21.7
2026-07-25 23:19:00,063,SCN1A6J_019_810_37,0,0.0,15,1.0,0.0,21.63
2026-07-25 23:29:03,063,SCN1A6J_019_810_37,84,0.14,8,0.792,0.0,21.64
2026-07-25 23:39:05,063,SCN1A6J_019_810_37,120,0.2,9,0.75,0.0,21.69
2026-07-25 23:49:08,063,SCN1A6J_019_810_37,0,0.0,15,1.0,0.0,21.63
2026-07-25 23:59:10,063,SCN1A6J_019_810_37,0,0.0,15,1.0,0.0,21.58
2026-07-26 00:09:14,063,SCN1A6J_019_810_37,0,0.0,15,1.0,0.0,21.52
2026-07-26 00:19:16,063,SCN1A6J_019_810_37,0,0.0,15,1.0,0.0,21.49
2026-07-26 00:29:20,063,SCN1A6J_019_810_37,0,0.0,15,1.0,0.0,21.45
2026-07-26 00:39:23,063,SCN1A6J_019_810_37,188,0.313,6,0.561,0.0,21.48
2026-07-26 00:49:54,063,SCN1A6J_019_810_37,155,0.259,5,0.563,0.0,21.69
2026-07-26 00:59:56,063,SCN1A6J_019_810_37,134,0.223,6,0.642,0.0,21.73
2026-07-26 01:09:59,063,SCN1A6J_019_810_37,63,0.105,11,0.875,0.0,21.69
2026-07-26 01:20:02,063,SCN1A6J_019_810_37,71,0.118,10,0.849,0.0,21.66
2026-07-26 01:30:05,063,SCN1A6J_019_810_37,62,0.103,11,0.876,0.0,21.68
2026-07-26 01:40:09,063,SCN1A6J_019_810_37,0,0.0,15,1.0,0.0,21.6
2026-07-26 01:50:12,063,SCN1A6J_019_810_37,0,0.0,15,1.0,0.0,21.53
2026-07-26 02:00:15,063,SCN1A6J_019_810_37,0,0.0,15,1.0,0.0,21.48
2026-07-26 02:10:18,063,SCN1A6J_019_810_37,0,0.0,15,1.0,0.0,21.44
2026-07-26 02:20:21,063,SCN1A6J_019_810_37,0,0.0,15,1.0,0.0,21.42
2026-07-26 02:30:23,063,SCN1A6J_019_810_37,0,0.0,15,1.0,0.0,21.39
2026-07-26 02:40:26,063,SCN1A6J_019_810_37,175,0.291,5,0.533,0.0,21.48
2026-07-26 02:50:28,063,SCN1A6J_019_810_37,29,0.048,13,0.947,0.0,21.55
2026-07-26 03:00:31,063,SCN1A6J_019_810_37,28,0.047,13,0.949,0.0,21.58
2026-07-26 03:10:34,063,SCN1A6J_019_810_37,0,0.0,15,1.0,0.0,21.52
2026-07-26 03:20:37,063,SCN1A6J_019_810_37,0,0.0,15,1.0,0.0,21.47
2026-07-26 03:30:40,063,SCN1A6J_019_810_37,0,0.0,15,1.0,0.0,21.43
2026-07-26 03:40:42,063,SCN1A6J_019_810_37,0,0.0,15,1.0,0.0,21.41
2026-07-26 03:50:45,063,SCN1A6J_019_810_37,81,0.135,8,0.798,0.0,21.42
2026-07-26 04:00:48,063,SCN1A6J_019_810_37,116,0.193,9,0.756,0.0,21.52
2026-07-26 04:10:51,063,SCN1A6J_019_810_37,0,0.0,15,1.0,0.0,21.48
2026-07-26 04:20:53,063,SCN1A6J_019_810_37,91,0.151,10,0.815,0.0,21.5
2026-07-26 04:30:58,063,SCN1A6J_019_810_37,0,0.0,15,1.0,0.0,21.45
2026-07-26 04:41:01,063,SCN1A6J_019_810_37,0,0.0,15,1.0,0.0,21.42
2026-07-26 04:51:21,063,SCN1A6J_019_810_37,0,0.0,15,1.0,0.0,21.42
2026-07-26 05:01:24,063,SCN1A6J_019_810_37,0,0.0,15,1.0,0.0,21.38
2026-07-26 05:11:26,063,SCN1A6J_019_810_37,0,0.0,15,1.0,0.0,21.36
2026-07-26 05:21:29,063,SCN1A6J_019_810_37,0,0.0,15,1.0,0.0,21.35
2026-07-26 05:31:32,063,SCN1A6J_019_810_37,0,0.0,15,1.0,0.0,21.33
2026-07-26 05:41:35,063,SCN1A6J_019_810_37,114,0.19,6,0.678,0.0,21.4
2026-07-26 05:51:39,063,SCN1A6J_019_810_37,94,0.156,11,0.824,0.0,21.5
2026-07-26 06:01:42,063,SCN1A6J_019_810_37,12,0.02,14,0.979,0.144,21.47
2026-07-26 06:11:45,063,SCN1A6J_019_810_37,0,0.0,15,1.0,0.1476,21.44
2026-07-26 06:21:48,063,SCN1A6J_019_810_37,0,0.0,15,1.0,0.1476,21.43
2026-07-26 06:31:51,063,SCN1A6J_019_810_37,0,0.0,15,1.0,0.144,21.4
2026-07-26 06:41:54,063,SCN1A6J_019_810_37,0,0.0,15,1.0,0.144,21.38
2026-07-26 06:51:57,063,SCN1A6J_019_810_37,0,0.0,15,1.0,0.144,21.36
2026-07-26 07:02:00,063,SCN1A6J_019_810_37,0,0.0,15,1.0,0.144,21.36
2026-07-26 07:12:03,063,SCN1A6J_019_810_37,0,0.0,15,1.0,0.144,21.35
2026-07-26 07:22:05,063,SCN1A6J_019_810_37,0,0.0,15,1.0,0.144,21.34
2026-07-26 07:32:08,063,SCN1A6J_019_810_37,0,0.0,15,1.0,0.1476,21.34
2026-07-26 07:42:10,063,SCN1A6J_019_810_37,0,0.0,15,1.0,0.1476,21.35
2026-07-26 07:52:13,063,SCN1A6J_019_810_37,0,0.0,15,1.0,0.1548,21.36
2026-07-26 08:02:18,063,SCN1A6J_019_810_37,0,0.0,15,1.0,0.1476,21.36
2026-07-26 08:12:22,063,SCN1A6J_019_810_37,0,0.0,15,1.0,0.1512,21.36
2026-07-26 08:22:26,063,SCN1A6J_019_810_37,0,0.0,15,1.0,0.1476,21.37
2026-07-26 08:32:29,063,SCN1A6J_019_810_37,0,0.0,15,1.0,0.1476,21.37
2026-07-26 08:42:31,063,SCN1A6J_019_810_37,0,0.0,15,1.0,0.1548,21.39
2026-07-26 08:52:51,063,SCN1A6J_019_810_37,0,0.0,15,1.0,0.144,21.42
2026-07-26 09:02:54,063,SCN1A6J_019_810_37,0,0.0,15,1.0,0.1476,21.4
2026-07-26 09:12:56,063,SCN1A6J_019_810_37,68,0.113,10,0.855,0.144,21.44
2026-07-26 09:22:59,063,SCN1A6J_019_810_37,0,0.0,15,1.0,0.1872,21.43
2026-07-26 09:33:02,063,SCN1A6J_019_810_37,0,0.0,15,1.0,0.3024,21.43
2026-07-26 09:43:06,063,SCN1A6J_019_810_37,0,0.0,15,1.0,0.126,21.47
2026-07-26 09:53:09,063,SCN1A6J_019_810_37,0,0.0,15,1.0,0.1836,21.53
2026-07-26 10:03:12,063,SCN1A6J_019_810_37,0,0.0,15,1.0,0.1728,21.55
2026-07-26 10:13:14,063,SCN1A6J_019_810_37,0,0.0,15,1.0,0.1368,21.53
2026-07-26 10:23:17,063,SCN1A6J_019_810_37,0,0.0,15,1.0,0.1368,21.51
2026-07-26 10:33:20,063,SCN1A6J_019_810_37,0,0.0,15,1.0,0.1368,21.47
2026-07-26 10:43:24,063,SCN1A6J_019_810_37,0,0.0,15,1.0,0.1368,21.45
2026-07-26 10:53:26,063,SCN1A6J_019_810_37,0,0.0,15,1.0,0.1368,21.43
2026-07-26 11:03:29,063,SCN1A6J_019_810_37,0,0.0,15,1.0,0.144,21.39
2026-07-26 11:13:32,063,SCN1A6J_019_810_37,0,0.0,15,1.0,0.1368,21.38
2026-07-26 11:23:35,063,SCN1A6J_019_810_37,0,0.0,15,1.0,0.1368,21.35
2026-07-26 11:33:37,063,SCN1A6J_019_810_37,40,0.067,11,0.917,0.1332,21.41
2026-07-26 11:43:40,063,SCN1A6J_019_810_37,90,0.15,11,0.83,0.144,21.49
2026-07-26 11:53:43,063,SCN1A6J_019_810_37,0,0.0,15,1.0,0.1476,21.46
2026-07-26 12:03:46,063,SCN1A6J_019_810_37,0,0.0,15,1.0,0.1476,21.44
2026-07-26 12:13:49,063,SCN1A6J_019_810_37,0,0.0,15,1.0,0.144,21.43
2026-07-26 12:23:52,063,SCN1A6J_019_810_37,0,0.0,15,1.0,0.144,21.4
2026-07-26 12:33:54,063,SCN1A6J_019_810_37,0,0.0,15,1.0,0.1476,21.4
2026-07-26 12:43:57,063,SCN1A6J_019_810_37,0,0.0,15,1.0,0.1476,21.36
2026-07-26 12:54:14,063,SCN1A6J_019_810_37,0,0.0,15,1.0,0.1476,21.4
2026-07-26 13:04:17,063,SCN1A6J_019_810_37,0,0.0,15,1.0,0.144,21.38
2026-07-26 13:14:20,063,SCN1A6J_019_810_37,0,0.0,15,1.0,0.1476,21.37
2026-07-26 13:24:23,063,SCN1A6J_019_810_37,0,0.0,15,1.0,0.1872,21.36
2026-07-26 13:34:27,063,SCN1A6J_019_810_37,0,0.0,15,1.0,0.1872,21.35
2026-07-26 13:44:30,063,SCN1A6J_019_810_37,0,0.0,15,1.0,0.1764,21.35
2026-07-26 13:54:33,063,SCN1A6J_019_810_37,107,0.178,8,0.749,0.1368,21.45
2026-07-26 14:04:36,063,SCN1A6J_019_810_37,0,0.0,15,1.0,0.144,21.43
2026-07-26 14:14:38,063,SCN1A6J_019_810_37,0,0.0,15,1.0,0.1368,21.4
2026-07-26 14:24:41,063,SCN1A6J_019_810_37,0,0.0,15,1.0,0.1944,21.38
2026-07-26 14:34:44,063,SCN1A6J_019_810_37,0,0.0,15,1.0,0.1944,21.38
2026-07-26 14:44:48,063,SCN1A6J_019_810_37,0,0.0,15,1.0,0.1944,21.36
2026-07-26 14:54:50,063,SCN1A6J_019_810_37,52,0.087,10,0.885,0.18,21.42
2026-07-26 15:04:53,063,SCN1A6J_019_810_37,14,0.023,13,0.974,0.1944,21.45
2026-07-26 15:14:56,063,SCN1A6J_019_810_37,0,0.0,15,1.0,0.1944,21.41
2026-07-26 15:25:00,063,SCN1A6J_019_810_37,0,0.0,15,1.0,0.1944,21.37
2026-07-26 15:35:03,063,SCN1A6J_019_810_37,0,0.0,15,1.0,0.1944,21.32
2026-07-26 15:45:05,063,SCN1A6J_019_810_37,0,0.0,15,1.0,0.1944,21.27
2026-07-26 15:55:08,063,SCN1A6J_019_810_37,1,0.002,14,0.998,0.2016,21.24
2026-07-26 16:05:11,063,SCN1A6J_019_810_37,0,0.0,15,1.0,0.2016,21.21
2026-07-26 16:15:14,063,SCN1A6J_019_810_37,0,0.0,15,1.0,0.2052,21.2
2026-07-26 16:25:16,063,SCN1A6J_019_810_37,47,0.078,12,0.911,0.1944,21.25
2026-07-26 16:35:19,063,SCN1A6J_019_810_37,0,0.0,15,1.0,0.1944,21.25
2026-07-26 16:45:21,063,SCN1A6J_019_810_37,0,0.0,15,1.0,0.1584,21.23
2026-07-26 16:55:43,063,SCN1A6J_019_810_37,0,0.0,15,1.0,0.1584,21.26
2026-07-26 17:05:46,063,SCN1A6J_019_810_37,0,0.0,15,1.0,0.1584,21.23
2026-07-26 17:15:49,063,SCN1A6J_019_810_37,0,0.0,15,1.0,0.1656,21.22
2026-07-26 17:25:52,063,SCN1A6J_019_810_37,0,0.0,15,1.0,0.1656,21.21
2026-07-26 17:35:55,063,SCN1A6J_019_810_37,0,0.0,15,1.0,0.1656,21.22
2026-07-26 17:45:58,063,SCN1A6J_019_810_37,0,0.0,15,1.0,0.1692,21.23
2026-07-26 17:56:01,063,SCN1A6J_019_810_37,46,0.077,11,0.905,0.162,21.31
2026-07-26 18:06:04,063,SCN1A6J_019_810_37,0,0.0,15,1.0,0.0,21.31
2026-07-26 18:16:07,063,SCN1A6J_019_810_37,43,0.072,13,0.924,0.0,21.37
2026-07-26 18:26:10,063,SCN1A6J_019_810_37,270,0.449,0,0.0,0.0,21.6
2026-07-26 18:36:13,063,SCN1A6J_019_810_37,213,0.354,1,0.158,0.0,21.72
2026-07-26 18:46:16,063,SCN1A6J_019_810_37,88,0.146,7,0.761,0.0,21.72
2026-07-26 18:56:19,063,SCN1A6J_019_810_37,38,0.063,12,0.927,0.0,21.68
2026-07-26 19:06:22,063,SCN1A6J_019_810_37,0,0.0,15,1.0,0.0,21.58
2026-07-26 19:16:26,063,SCN1A6J_019_810_37,0,0.0,15,1.0,0.0,21.51
2026-07-26 19:26:29,063,SCN1A6J_019_810_37,0,0.0,15,1.0,0.0,21.49
2026-07-26 19:36:31,063,SCN1A6J_019_810_37,152,0.253,4,0.513,0.0,21.58
2026-07-26 19:46:34,063,SCN1A6J_019_810_37,129,0.215,7,0.685,0.0,21.63
2026-07-26 19:56:38,063,SCN1A6J_019_810_37,17,0.028,13,0.968,0.0,21.6
2026-07-26 20:06:41,063,SCN1A6J_019_810_37,0,0.0,15,1.0,0.0,21.53
2026-07-26 20:16:43,063,SCN1A6J_019_810_37,0,0.0,15,1.0,0.0,21.48
2026-07-26 20:26:45,063,SCN1A6J_019_810_37,0,0.0,15,1.0,0.0,21.43
2026-07-26 20:36:48,063,SCN1A6J_019_810_37,0,0.0,15,1.0,0.0,21.4
2026-07-26 20:46:51,063,SCN1A6J_019_810_37,0,0.0,15,1.0,0.0,21.37
2026-07-26 20:57:10,063,SCN1A6J_019_810_37,0,0.0,15,1.0,0.0,21.4
2026-07-26 21:07:13,063,SCN1A6J_019_810_37,114,0.19,8,0.737,0.0,21.41
2026-07-26 21:17:16,063,SCN1A6J_019_810_37,195,0.324,4,0.451,0.0,21.6
2026-07-26 21:27:19,063,SCN1A6J_019_810_37,28,0.047,14,0.952,0.0,21.56
2026-07-26 21:37:22,063,SCN1A6J_019_810_37,41,0.068,12,0.921,0.0,21.53
2026-07-26 21:47:25,063,SCN1A6J_019_810_37,0,0.0,15,1.0,0.0,21.49
2026-07-26 21:57:28,063,SCN1A6J_019_810_37,0,0.0,15,1.0,0.0,21.43
2026-07-26 22:07:30,063,SCN1A6J_019_810_37,0,0.0,15,1.0,0.0,21.38
2026-07-26 22:17:33,063,SCN1A6J_019_810_37,134,0.223,7,0.676,0.0,21.49
2026-07-26 22:27:36,063,SCN1A6J_019_810_37,95,0.158,9,0.791,0.0,21.5
2026-07-26 22:37:39,063,SCN1A6J_019_810_37,19,0.032,14,0.967,0.0,21.49
2026-07-26 22:47:42,063,SCN1A6J_019_810_37,0,0.0,15,1.0,0.0,21.44
2026-07-26 22:57:44,063,SCN1A6J_019_810_37,0,0.0,15,1.0,0.0,21.4
2026-07-26 23:07:47,063,SCN1A6J_019_810_37,0,0.0,15,1.0,0.0,21.37
2026-07-26 23:17:50,063,SCN1A6J_019_810_37,0,0.0,15,1.0,0.0,21.35
2026-07-26 23:27:53,063,SCN1A6J_019_810_37,0,0.0,15,1.0,0.0,21.33
2026-07-26 23:37:56,063,SCN1A6J_019_810_37,51,0.085,12,0.904,0.0,21.39
2026-07-26 23:47:59,063,SCN1A6J_019_810_37,162,0.27,6,0.597,0.0,21.51
2026-07-26 23:58:01,063,SCN1A6J_019_810_37,44,0.073,13,0.922,0.0,21.5
2026-07-25 00:06:59,036,SCN1A6J_019_814_44,125,0.208,5,0.615,0.0,23.11
2026-07-25 00:17:02,036,SCN1A6J_019_814_44,228,0.379,3,0.345,0.0,22.94
2026-07-25 00:27:39,036,SCN1A6J_019_814_44,255,0.426,2,0.239,0.0,22.89
2026-07-25 00:37:42,036,SCN1A6J_019_814_44,191,0.318,8,0.626,0.0,22.52
2026-07-25 00:47:44,036,SCN1A6J_019_814_44,232,0.386,3,0.341,0.0,22.31
2026-07-25 00:57:48,036,SCN1A6J_019_814_44,239,0.398,3,0.334,0.0,22.14
2026-07-25 01:07:51,036,SCN1A6J_019_814_44,74,0.123,11,0.856,0.0,21.93
2026-07-25 01:17:54,036,SCN1A6J_019_814_44,18,0.03,11,0.961,0.0,21.79
2026-07-25 01:27:56,036,SCN1A6J_019_814_44,21,0.035,13,0.961,0.0,21.68
2026-07-25 01:38:00,036,SCN1A6J_019_814_44,1,0.002,14,0.998,0.0,21.59
2026-07-25 01:48:02,036,SCN1A6J_019_814_44,5,0.008,14,0.991,0.0,21.52
2026-07-25 01:58:04,036,SCN1A6J_019_814_44,58,0.097,9,0.861,0.0,21.49
2026-07-25 02:08:08,036,SCN1A6J_019_814_44,189,0.314,2,0.297,0.0,21.72
2026-07-25 02:18:11,036,SCN1A6J_019_814_44,157,0.261,7,0.641,0.0,21.86
2026-07-25 02:28:15,036,SCN1A6J_019_814_44,276,0.458,3,0.303,0.0,22.13
2026-07-25 02:38:18,036,SCN1A6J_019_814_44,147,0.244,5,0.576,0.0,22.44
2026-07-25 02:48:22,036,SCN1A6J_019_814_44,277,0.46,4,0.366,0.0,22.44
2026-07-25 02:58:25,036,SCN1A6J_019_814_44,172,0.286,6,0.583,0.0,22.37
2026-07-25 03:08:29,036,SCN1A6J_019_814_44,140,0.233,9,0.72,0.0,22.14
2026-07-25 03:18:31,036,SCN1A6J_019_814_44,382,0.636,1,0.095,0.0,22.03
2026-07-25 03:28:35,036,SCN1A6J_019_814_44,237,0.394,0,0.0,0.0,21.95
2026-07-25 03:38:38,036,SCN1A6J_019_814_44,54,0.09,10,0.881,0.0,21.81
2026-07-25 03:48:41,036,SCN1A6J_019_814_44,36,0.06,11,0.924,0.0,21.7
2026-07-25 03:58:44,036,SCN1A6J_019_814_44,4,0.007,14,0.993,0.0,21.62
2026-07-25 04:08:47,036,SCN1A6J_019_814_44,0,0.0,14,1.0,0.0,21.54
2026-07-25 04:18:50,036,SCN1A6J_019_814_44,23,0.038,12,0.954,0.0,21.5
2026-07-25 04:29:04,036,SCN1A6J_019_814_44,6,0.01,14,0.989,0.0,21.48
2026-07-25 04:39:07,036,SCN1A6J_019_814_44,6,0.01,12,0.988,0.0,21.43
2026-07-25 04:49:10,036,SCN1A6J_019_814_44,101,0.168,9,0.781,0.0,21.41
2026-07-25 04:59:14,036,SCN1A6J_019_814_44,170,0.283,5,0.541,0.0,21.69
2026-07-25 05:09:17,036,SCN1A6J_019_814_44,249,0.414,6,0.491,0.0,21.76
2026-07-25 05:19:20,036,SCN1A6J_019_814_44,207,0.344,3,0.367,0.0,21.76
2026-07-25 05:29:23,036,SCN1A6J_019_814_44,238,0.395,5,0.457,0.0,21.78
2026-07-25 05:39:26,036,SCN1A6J_019_814_44,407,0.677,0,0.0,0.0,21.75
2026-07-25 05:49:30,036,SCN1A6J_019_814_44,12,0.02,11,0.973,0.0,21.71
2026-07-25 05:59:33,036,SCN1A6J_019_814_44,2,0.003,14,0.996,0.0,21.63
2026-07-25 06:09:36,036,SCN1A6J_019_814_44,0,0.0,14,1.0,2.1744,21.57
2026-07-25 06:19:40,036,SCN1A6J_019_814_44,1,0.002,14,0.998,2.1924,21.51
2026-07-25 06:29:42,036,SCN1A6J_019_814_44,2,0.003,14,0.996,2.1816,21.49
2026-07-25 06:39:44,036,SCN1A6J_019_814_44,0,0.0,14,1.0,2.1168,21.45
2026-07-25 06:49:48,036,SCN1A6J_019_814_44,0,0.0,14,1.0,2.0844,21.42
2026-07-25 06:59:51,036,SCN1A6J_019_814_44,1,0.002,14,0.998,2.1204,21.39
2026-07-25 07:09:54,036,SCN1A6J_019_814_44,0,0.0,14,1.0,2.1132,21.38
2026-07-25 07:19:57,036,SCN1A6J_019_814_44,4,0.007,14,0.993,2.1168,21.37
2026-07-25 07:30:00,036,SCN1A6J_019_814_44,0,0.0,14,1.0,2.1096,21.36
2026-07-25 07:40:04,036,SCN1A6J_019_814_44,0,0.0,14,1.0,2.1168,21.37
2026-07-25 07:50:07,036,SCN1A6J_019_814_44,0,0.0,14,1.0,2.1312,21.38
2026-07-25 08:00:10,036,SCN1A6J_019_814_44,0,0.0,14,1.0,2.052,21.37
2026-07-25 08:10:13,036,SCN1A6J_019_814_44,24,0.04,10,0.943,2.5884,21.4
2026-07-25 08:20:16,036,SCN1A6J_019_814_44,214,0.355,2,0.272,2.7036,21.49
2026-07-25 08:30:44,036,SCN1A6J_019_814_44,5,0.008,12,0.99,2.6748,21.57
2026-07-25 08:40:47,036,SCN1A6J_019_814_44,0,0.0,14,1.0,2.6712,21.53
2026-07-25 08:50:50,036,SCN1A6J_019_814_44,0,0.0,14,1.0,2.6136,21.5
2026-07-25 09:00:53,036,SCN1A6J_019_814_44,0,0.0,14,1.0,2.628,21.49
2026-07-25 09:10:56,036,SCN1A6J_019_814_44,0,0.0,14,1.0,2.628,21.47
2026-07-25 09:20:59,036,SCN1A6J_019_814_44,0,0.0,14,1.0,2.6316,21.47
2026-07-25 09:31:02,036,SCN1A6J_019_814_44,0,0.0,14,1.0,2.6532,21.46
2026-07-25 09:41:05,036,SCN1A6J_019_814_44,0,0.0,14,1.0,2.6604,21.45
2026-07-25 09:51:07,036,SCN1A6J_019_814_44,3,0.005,12,0.994,2.6028,21.45
2026-07-25 10:01:10,036,SCN1A6J_019_814_44,1,0.002,14,0.998,2.6172,21.47
2026-07-25 10:11:12,036,SCN1A6J_019_814_44,0,0.0,14,1.0,2.6064,21.45
2026-07-25 10:21:15,036,SCN1A6J_019_814_44,0,0.0,14,1.0,2.5848,21.42
2026-07-25 10:31:17,036,SCN1A6J_019_814_44,0,0.0,14,1.0,2.5668,21.42
2026-07-25 10:41:21,036,SCN1A6J_019_814_44,0,0.0,14,1.0,2.574,21.41
2026-07-25 10:51:24,036,SCN1A6J_019_814_44,0,0.0,14,1.0,2.5704,21.42
2026-07-25 11:01:27,036,SCN1A6J_019_814_44,3,0.005,13,0.994,2.5776,21.41
2026-07-25 11:11:30,036,SCN1A6J_019_814_44,0,0.0,14,1.0,2.5704,21.43
2026-07-25 11:21:32,036,SCN1A6J_019_814_44,0,0.0,14,1.0,2.5848,21.43
2026-07-25 11:31:36,036,SCN1A6J_019_814_44,0,0.0,14,1.0,2.6064,21.43
2026-07-25 11:41:40,036,SCN1A6J_019_814_44,0,0.0,14,1.0,2.61,21.41
2026-07-25 11:51:43,036,SCN1A6J_019_814_44,0,0.0,14,1.0,2.5992,21.41
2026-07-25 12:01:46,036,SCN1A6J_019_814_44,0,0.0,14,1.0,2.6064,21.41
2026-07-25 12:11:49,036,SCN1A6J_019_814_44,0,0.0,14,1.0,2.5992,21.41
2026-07-25 12:21:52,036,SCN1A6J_019_814_44,0,0.0,14,1.0,2.5596,21.43
2026-07-25 12:32:22,036,SCN1A6J_019_814_44,68,0.114,8,0.825,0.6048,21.6
2026-07-25 12:42:25,036,SCN1A6J_019_814_44,110,0.183,6,0.686,1.8648,21.55
2026-07-25 12:52:28,036,SCN1A6J_019_814_44,4,0.007,14,0.993,1.836,21.52
2026-07-25 13:02:31,036,SCN1A6J_019_814_44,12,0.02,13,0.977,1.8756,21.48
2026-07-25 13:12:33,036,SCN1A6J_019_814_44,6,0.01,13,0.989,1.8648,21.45
2026-07-25 13:22:37,036,SCN1A6J_019_814_44,3,0.005,13,0.994,1.8288,21.44
2026-07-25 13:32:40,036,SCN1A6J_019_814_44,0,0.0,14,1.0,1.8288,21.42
2026-07-25 13:42:43,036,SCN1A6J_019_814_44,3,0.005,14,0.995,1.8432,21.41
2026-07-25 13:52:46,036,SCN1A6J_019_814_44,8,0.013,14,0.986,1.8396,21.42
2026-07-25 14:02:49,036,SCN1A6J_019_814_44,1,0.002,14,0.998,1.8396,21.41
2026-07-25 14:12:52,036,SCN1A6J_019_814_44,41,0.068,8,0.886,1.8432,21.43
2026-07-25 14:22:55,036,SCN1A6J_019_814_44,44,0.073,10,0.901,1.008,21.46
2026-07-25 14:32:58,036,SCN1A6J_019_814_44,72,0.12,10,0.847,1.8108,21.55
2026-07-25 14:43:02,036,SCN1A6J_019_814_44,0,0.0,14,1.0,1.782,21.51
2026-07-25 14:53:04,036,SCN1A6J_019_814_44,0,0.0,14,1.0,1.7856,21.46
2026-07-25 15:03:07,036,SCN1A6J_019_814_44,0,0.0,14,1.0,1.782,21.43
2026-07-25 15:13:10,036,SCN1A6J_019_814_44,0,0.0,14,1.0,1.7964,21.42
2026-07-25 15:23:13,036,SCN1A6J_019_814_44,0,0.0,14,1.0,1.782,21.41
2026-07-25 15:33:16,036,SCN1A6J_019_814_44,0,0.0,14,1.0,1.7568,21.41
2026-07-25 15:43:19,036,SCN1A6J_019_814_44,0,0.0,14,1.0,1.7532,21.39
2026-07-25 15:53:22,036,SCN1A6J_019_814_44,0,0.0,14,1.0,1.7712,21.38
2026-07-25 16:03:25,036,SCN1A6J_019_814_44,39,0.065,12,0.925,1.9188,21.45
2026-07-25 16:13:28,036,SCN1A6J_019_814_44,192,0.319,4,0.455,2.0304,21.51
2026-07-25 16:23:31,036,SCN1A6J_019_814_44,175,0.291,4,0.478,1.8648,21.61
2026-07-25 16:33:57,036,SCN1A6J_019_814_44,24,0.04,10,0.943,1.8396,21.62
2026-07-25 16:44:01,036,SCN1A6J_019_814_44,0,0.0,14,1.0,1.8216,21.56
2026-07-25 16:54:04,036,SCN1A6J_019_814_44,3,0.005,14,0.995,1.8576,21.52
2026-07-25 17:04:06,036,SCN1A6J_019_814_44,1,0.002,14,0.998,1.7856,21.49
2026-07-25 17:14:10,036,SCN1A6J_019_814_44,3,0.005,14,0.995,1.9476,21.48
2026-07-25 17:24:12,036,SCN1A6J_019_814_44,1,0.002,14,0.998,1.9008,21.45
2026-07-25 17:34:16,036,SCN1A6J_019_814_44,3,0.005,14,0.995,1.8936,21.45
2026-07-25 17:44:19,036,SCN1A6J_019_814_44,86,0.143,4,0.65,1.656,21.45
2026-07-25 17:54:23,036,SCN1A6J_019_814_44,119,0.198,8,0.729,1.2672,21.49
2026-07-25 18:04:26,036,SCN1A6J_019_814_44,238,0.395,4,0.402,0.0,21.62
2026-07-25 18:14:29,036,SCN1A6J_019_814_44,182,0.303,2,0.305,0.0,22.17
2026-07-25 18:24:32,036,SCN1A6J_019_814_44,144,0.24,5,0.581,0.0,22.59
2026-07-25 18:34:35,036,SCN1A6J_019_814_44,174,0.29,5,0.535,0.0,22.64
2026-07-25 18:44:38,036,SCN1A6J_019_814_44,149,0.248,5,0.573,0.0,22.8
2026-07-25 18:54:41,036,SCN1A6J_019_814_44,167,0.277,5,0.545,0.0,22.89
2026-07-25 19:04:44,036,SCN1A6J_019_814_44,138,0.229,5,0.592,0.0,22.61
2026-07-25 19:14:48,036,SCN1A6J_019_814_44,105,0.175,5,0.656,0.0,22.71
2026-07-25 19:24:51,036,SCN1A6J_019_814_44,148,0.246,6,0.619,0.0,22.88
2026-07-25 19:34:55,036,SCN1A6J_019_814_44,228,0.379,2,0.26,0.0,22.77
2026-07-25 19:44:57,036,SCN1A6J_019_814_44,109,0.181,8,0.746,0.0,22.64
2026-07-25 19:55:00,036,SCN1A6J_019_814_44,45,0.075,11,0.907,0.0,22.3
2026-07-25 20:05:03,036,SCN1A6J_019_814_44,12,0.02,11,0.973,0.0,22.07
2026-07-25 20:15:06,036,SCN1A6J_019_814_44,141,0.235,5,0.587,0.0,21.93
2026-07-25 20:25:09,036,SCN1A6J_019_814_44,103,0.171,9,0.778,0.0,22.02
2026-07-25 20:35:34,036,SCN1A6J_019_814_44,63,0.105,10,0.864,0.0,22.34
2026-07-25 20:45:37,036,SCN1A6J_019_814_44,163,0.271,4,0.495,0.0,22.45
2026-07-25 20:55:40,036,SCN1A6J_019_814_44,93,0.155,8,0.775,0.0,22.64
2026-07-25 21:05:43,036,SCN1A6J_019_814_44,141,0.234,7,0.665,0.0,22.56
2026-07-25 21:15:46,036,SCN1A6J_019_814_44,168,0.28,6,0.588,0.0,22.53
2026-07-25 21:25:50,036,SCN1A6J_019_814_44,69,0.115,10,0.853,0.0,22.48
2026-07-25 21:35:53,036,SCN1A6J_019_814_44,131,0.218,8,0.71,0.0,22.55
2026-07-25 21:45:56,036,SCN1A6J_019_814_44,147,0.245,4,0.521,0.0,22.95
2026-07-25 21:55:59,036,SCN1A6J_019_814_44,148,0.246,6,0.619,0.0,22.75
2026-07-25 22:06:02,036,SCN1A6J_019_814_44,187,0.311,5,0.517,0.0,22.74
2026-07-25 22:16:05,036,SCN1A6J_019_814_44,234,0.389,3,0.339,0.0,23.03
2026-07-25 22:26:08,036,SCN1A6J_019_814_44,134,0.223,9,0.729,0.0,22.68
2026-07-25 22:36:11,036,SCN1A6J_019_814_44,132,0.22,8,0.708,0.0,22.89
2026-07-25 22:46:13,036,SCN1A6J_019_814_44,155,0.258,3,0.436,0.0,23.12
2026-07-25 22:56:17,036,SCN1A6J_019_814_44,131,0.218,8,0.71,0.0,22.9
2026-07-25 23:06:20,036,SCN1A6J_019_814_44,152,0.253,7,0.648,0.0,23.12
2026-07-25 23:16:23,036,SCN1A6J_019_814_44,166,0.276,7,0.628,0.0,23.08
2026-07-25 23:26:25,036,SCN1A6J_019_814_44,252,0.419,2,0.241,0.0,22.96
2026-07-25 23:36:28,036,SCN1A6J_019_814_44,186,0.309,6,0.563,0.0,22.91
2026-07-25 23:46:31,036,SCN1A6J_019_814_44,132,0.22,7,0.68,0.0,22.61
2026-07-25 23:56:34,036,SCN1A6J_019_814_44,108,0.18,7,0.722,0.0,22.68
2026-07-26 00:06:38,036,SCN1A6J_019_814_44,174,0.29,6,0.58,0.0,22.66
2026-07-26 00:16:40,036,SCN1A6J_019_814_44,159,0.265,8,0.668,0.0,22.4
2026-07-26 00:26:43,036,SCN1A6J_019_814_44,299,0.498,3,0.286,0.0,22.33
2026-07-26 00:37:14,036,SCN1A6J_019_814_44,267,0.446,2,0.231,0.0,22.64
2026-07-26 00:47:17,036,SCN1A6J_019_814_44,75,0.125,10,0.842,0.0,22.53
2026-07-26 00:57:20,036,SCN1A6J_019_814_44,193,0.321,5,0.509,0.0,22.54
2026-07-26 01:07:24,036,SCN1A6J_019_814_44,392,0.652,1,0.093,0.0,22.21
2026-07-26 01:17:27,036,SCN1A6J_019_814_44,243,0.404,1,0.141,0.0,22.15
2026-07-26 01:27:30,036,SCN1A6J_019_814_44,188,0.312,2,0.299,0.0,22.71
2026-07-26 01:37:34,036,SCN1A6J_019_814_44,171,0.285,6,0.584,0.0,22.56
2026-07-26 01:47:37,036,SCN1A6J_019_814_44,216,0.359,6,0.526,0.0,22.3
2026-07-26 01:57:40,036,SCN1A6J_019_814_44,97,0.161,8,0.767,0.0,22.15
2026-07-26 02:07:43,036,SCN1A6J_019_814_44,113,0.188,9,0.761,0.0,22.53
2026-07-26 02:17:46,036,SCN1A6J_019_814_44,89,0.148,6,0.729,0.0,22.16
2026-07-26 02:27:50,036,SCN1A6J_019_814_44,2,0.003,14,0.996,0.0,21.91
2026-07-26 02:37:52,036,SCN1A6J_019_814_44,0,0.0,14,1.0,0.0,21.73
2026-07-26 02:47:56,036,SCN1A6J_019_814_44,16,0.027,13,0.97,0.0,21.61
2026-07-26 02:57:58,036,SCN1A6J_019_814_44,69,0.115,9,0.839,0.0,21.53
2026-07-26 03:08:02,036,SCN1A6J_019_814_44,197,0.327,4,0.448,0.0,21.9
2026-07-26 03:18:05,036,SCN1A6J_019_814_44,100,0.166,9,0.783,0.0,21.98
2026-07-26 03:28:08,036,SCN1A6J_019_814_44,248,0.413,3,0.326,0.0,22.13
2026-07-26 03:38:11,036,SCN1A6J_019_814_44,245,0.408,3,0.329,0.0,21.94
2026-07-26 03:48:14,036,SCN1A6J_019_814_44,0,0.0,14,1.0,0.0,21.75
2026-07-26 03:58:17,036,SCN1A6J_019_814_44,2,0.003,14,0.996,0.0,21.62
2026-07-26 04:08:20,036,SCN1A6J_019_814_44,1,0.002,14,0.998,0.0,21.52
2026-07-26 04:18:22,036,SCN1A6J_019_814_44,10,0.017,13,0.981,0.0,21.45
2026-07-26 04:28:25,036,SCN1A6J_019_814_44,231,0.384,4,0.409,0.0,21.74
2026-07-26 04:38:44,036,SCN1A6J_019_814_44,187,0.312,5,0.517,0.0,21.68
2026-07-26 04:48:47,036,SCN1A6J_019_814_44,13,0.022,13,0.976,0.0,21.59
2026-07-26 04:58:51,036,SCN1A6J_019_814_44,28,0.047,12,0.945,0.0,21.52
2026-07-26 05:08:54,036,SCN1A6J_019_814_44,238,0.395,3,0.335,0.0,21.73
2026-07-26 05:18:58,036,SCN1A6J_019_814_44,356,0.592,0,0.0,0.0,21.95
2026-07-26 05:29:01,036,SCN1A6J_019_814_44,86,0.143,10,0.823,0.0,21.8
2026-07-26 05:39:04,036,SCN1A6J_019_814_44,447,0.744,0,0.0,0.0,21.74
2026-07-26 05:49:07,036,SCN1A6J_019_814_44,117,0.195,7,0.705,0.0,21.64
2026-07-26 05:59:10,036,SCN1A6J_019_814_44,9,0.015,13,0.983,0.0,21.56
2026-07-26 06:09:13,036,SCN1A6J_019_814_44,0,0.0,14,1.0,2.6244,21.48
2026-07-26 06:19:16,036,SCN1A6J_019_814_44,6,0.01,13,0.989,2.6028,21.42
2026-07-26 06:29:19,036,SCN1A6J_019_814_44,6,0.01,12,0.988,2.6244,21.38
2026-07-26 06:39:21,036,SCN1A6J_019_814_44,0,0.0,14,1.0,2.6136,21.35
2026-07-26 06:49:25,036,SCN1A6J_019_814_44,6,0.01,13,0.989,2.3976,21.32
2026-07-26 06:59:28,036,SCN1A6J_019_814_44,4,0.007,13,0.992,2.6424,21.31
2026-07-26 07:09:32,036,SCN1A6J_019_814_44,0,0.0,14,1.0,2.646,21.3
2026-07-26 07:19:35,036,SCN1A6J_019_814_44,6,0.01,13,0.989,2.6496,21.3
2026-07-26 07:29:38,036,SCN1A6J_019_814_44,1,0.002,14,0.998,2.6424,21.28
2026-07-26 07:39:41,036,SCN1A6J_019_814_44,136,0.226,4,0.541,1.8792,21.33
2026-07-26 07:49:44,036,SCN1A6J_019_814_44,375,0.623,0,0.0,1.9728,21.36
2026-07-26 07:59:47,036,SCN1A6J_019_814_44,86,0.143,6,0.736,1.8864,21.39
2026-07-26 08:09:50,036,SCN1A6J_019_814_44,1,0.002,14,0.998,1.8864,21.38
2026-07-26 08:19:53,036,SCN1A6J_019_814_44,0,0.0,14,1.0,1.8936,21.37
2026-07-26 08:29:56,036,SCN1A6J_019_814_44,0,0.0,14,1.0,1.8864,21.34
2026-07-26 08:40:17,036,SCN1A6J_019_814_44,0,0.0,14,1.0,1.854,21.39
2026-07-26 08:50:20,036,SCN1A6J_019_814_44,0,0.0,14,1.0,1.8576,21.37
2026-07-26 09:00:23,036,SCN1A6J_019_814_44,0,0.0,14,1.0,1.8216,21.36
2026-07-26 09:10:26,036,SCN1A6J_019_814_44,1,0.002,14,0.998,1.9836,21.35
2026-07-26 09:20:30,036,SCN1A6J_019_814_44,1,0.002,14,0.998,1.9296,21.36
2026-07-26 09:30:33,036,SCN1A6J_019_814_44,0,0.0,14,1.0,2.1672,21.36
2026-07-26 09:40:36,036,SCN1A6J_019_814_44,9,0.015,13,0.983,2.5056,21.42
2026-07-26 09:50:39,036,SCN1A6J_019_814_44,1,0.002,14,0.998,2.4624,21.46
2026-07-26 10:00:42,036,SCN1A6J_019_814_44,0,0.0,14,1.0,2.07,21.48
2026-07-26 10:10:46,036,SCN1A6J_019_814_44,0,0.0,14,1.0,2.1276,21.47
2026-07-26 10:20:49,036,SCN1A6J_019_814_44,0,0.0,14,1.0,2.1024,21.47
2026-07-26 10:30:52,036,SCN1A6J_019_814_44,2,0.003,14,0.996,2.0952,21.46
2026-07-26 10:40:55,036,SCN1A6J_019_814_44,0,0.0,14,1.0,2.1168,21.45
2026-07-26 10:50:58,036,SCN1A6J_019_814_44,0,0.0,14,1.0,2.1384,21.44
2026-07-26 11:01:01,036,SCN1A6J_019_814_44,8,0.013,12,0.984,2.2536,21.43
2026-07-26 11:11:04,036,SCN1A6J_019_814_44,169,0.281,6,0.587,1.7028,21.53
2026-07-26 11:21:08,036,SCN1A6J_019_814_44,277,0.461,4,0.366,1.2492,21.58
2026-07-26 11:31:10,036,SCN1A6J_019_814_44,7,0.012,13,0.987,1.2816,21.53
2026-07-26 11:41:14,036,SCN1A6J_019_814_44,0,0.0,14,1.0,1.2564,21.5
2026-07-26 11:51:17,036,SCN1A6J_019_814_44,0,0.0,14,1.0,1.3032,21.46
2026-07-26 12:01:20,036,SCN1A6J_019_814_44,0,0.0,14,1.0,1.2888,21.43
2026-07-26 12:11:23,036,SCN1A6J_019_814_44,0,0.0,14,1.0,1.2744,21.4
2026-07-26 12:21:27,036,SCN1A6J_019_814_44,0,0.0,14,1.0,1.2924,21.38
2026-07-26 12:31:30,036,SCN1A6J_019_814_44,0,0.0,14,1.0,1.2888,21.39
2026-07-26 12:41:52,036,SCN1A6J_019_814_44,0,0.0,14,1.0,1.2888,21.43
2026-07-26 12:51:54,036,SCN1A6J_019_814_44,0,0.0,14,1.0,1.2816,21.41
2026-07-26 13:01:58,036,SCN1A6J_019_814_44,0,0.0,14,1.0,1.296,21.38
2026-07-26 13:12:01,036,SCN1A6J_019_814_44,0,0.0,14,1.0,1.296,21.38
2026-07-26 13:22:03,036,SCN1A6J_019_814_44,0,0.0,14,1.0,1.3068,21.36
2026-07-26 13:32:06,036,SCN1A6J_019_814_44,0,0.0,14,1.0,1.2888,21.36
2026-07-26 13:42:10,036,SCN1A6J_019_814_44,0,0.0,14,1.0,1.2924,21.35
2026-07-26 13:52:13,036,SCN1A6J_019_814_44,0,0.0,14,1.0,1.2744,21.34
2026-07-26 14:02:16,036,SCN1A6J_019_814_44,0,0.0,14,1.0,1.2852,21.34
2026-07-26 14:12:19,036,SCN1A6J_019_814_44,3,0.005,13,0.994,1.3032,21.36
2026-07-26 14:22:22,036,SCN1A6J_019_814_44,215,0.357,5,0.482,1.782,21.46
2026-07-26 14:32:25,036,SCN1A6J_019_814_44,19,0.032,9,0.95,2.6172,21.45
2026-07-26 14:42:28,036,SCN1A6J_019_814_44,0,0.0,14,1.0,2.6136,21.41
2026-07-26 14:52:31,036,SCN1A6J_019_814_44,0,0.0,14,1.0,2.6208,21.37
2026-07-26 15:02:34,036,SCN1A6J_019_814_44,0,0.0,14,1.0,2.5776,21.34
2026-07-26 15:12:37,036,SCN1A6J_019_814_44,0,0.0,14,1.0,2.5632,21.32
2026-07-26 15:22:40,036,SCN1A6J_019_814_44,0,0.0,14,1.0,2.556,21.29
2026-07-26 15:32:43,036,SCN1A6J_019_814_44,0,0.0,14,1.0,2.5632,21.26
2026-07-26 15:42:46,036,SCN1A6J_019_814_44,0,0.0,14,1.0,2.5596,21.22
2026-07-26 15:52:49,036,SCN1A6J_019_814_44,0,0.0,14,1.0,2.556,21.19
2026-07-26 16:02:52,036,SCN1A6J_019_814_44,0,0.0,14,1.0,2.5776,21.17
2026-07-26 16:12:56,036,SCN1A6J_019_814_44,1,0.002,14,0.998,2.5776,21.15
2026-07-26 16:22:59,036,SCN1A6J_019_814_44,0,0.0,14,1.0,2.5272,21.16
2026-07-26 16:33:02,036,SCN1A6J_019_814_44,16,0.027,13,0.97,1.6452,21.21
2026-07-26 16:43:28,036,SCN1A6J_019_814_44,119,0.199,7,0.702,1.6164,21.31
2026-07-26 16:53:31,036,SCN1A6J_019_814_44,116,0.193,9,0.756,2.6352,21.36
2026-07-26 17:03:34,036,SCN1A6J_019_814_44,183,0.305,2,0.304,2.178,21.37
2026-07-26 17:13:37,036,SCN1A6J_019_814_44,16,0.027,12,0.968,2.16,21.34
2026-07-26 17:23:40,036,SCN1A6J_019_814_44,0,0.0,14,1.0,2.1744,21.32
2026-07-26 17:33:44,036,SCN1A6J_019_814_44,0,0.0,14,1.0,2.1528,21.29
2026-07-26 17:43:46,036,SCN1A6J_019_814_44,5,0.008,14,0.991,2.1528,21.26
2026-07-26 17:53:48,036,SCN1A6J_019_814_44,138,0.23,3,0.465,2.016,21.29
2026-07-26 18:03:51,036,SCN1A6J_019_814_44,95,0.158,4,0.627,0.0,21.34
2026-07-26 18:13:54,036,SCN1A6J_019_814_44,158,0.263,5,0.559,0.0,21.7
2026-07-26 18:23:57,036,SCN1A6J_019_814_44,190,0.316,3,0.387,0.0,22.18
2026-07-26 18:34:01,036,SCN1A6J_019_814_44,214,0.356,1,0.157,0.0,22.47
2026-07-26 18:44:04,036,SCN1A6J_019_814_44,122,0.203,9,0.747,0.0,22.43
2026-07-26 18:54:07,036,SCN1A6J_019_814_44,176,0.292,4,0.476,0.0,22.77
2026-07-26 19:04:10,036,SCN1A6J_019_814_44,147,0.245,5,0.576,0.0,23.03
2026-07-26 19:14:13,036,SCN1A6J_019_814_44,140,0.233,7,0.667,0.0,23.04
2026-07-26 19:24:16,036,SCN1A6J_019_814_44,188,0.313,6,0.561,0.0,22.84
2026-07-26 19:34:20,036,SCN1A6J_019_814_44,139,0.231,6,0.633,0.0,22.7
2026-07-26 19:44:22,036,SCN1A6J_019_814_44,132,0.22,7,0.68,0.0,22.6
2026-07-26 19:54:25,036,SCN1A6J_019_814_44,90,0.15,7,0.757,0.0,22.46
2026-07-26 20:04:29,036,SCN1A6J_019_814_44,151,0.251,2,0.346,0.0,22.52
2026-07-26 20:14:32,036,SCN1A6J_019_814_44,163,0.271,6,0.596,0.0,22.57
2026-07-26 20:24:35,036,SCN1A6J_019_814_44,121,0.201,8,0.726,0.0,22.44
2026-07-26 20:34:38,036,SCN1A6J_019_814_44,97,0.161,9,0.788,0.0,22.4
2026-07-26 20:44:59,036,SCN1A6J_019_814_44,141,0.235,8,0.694,0.0,22.3
2026-07-26 20:55:02,036,SCN1A6J_019_814_44,163,0.271,6,0.596,0.0,22.21
2026-07-26 21:05:05,036,SCN1A6J_019_814_44,124,0.206,7,0.693,0.0,22.02
2026-07-26 21:15:09,036,SCN1A6J_019_814_44,121,0.201,4,0.569,0.0,22.11
2026-07-26 21:25:12,036,SCN1A6J_019_814_44,17,0.028,12,0.966,0.0,21.92
2026-07-26 21:35:15,036,SCN1A6J_019_814_44,21,0.035,12,0.958,0.0,21.78
2026-07-26 21:45:19,036,SCN1A6J_019_814_44,9,0.015,13,0.983,0.0,21.69
2026-07-26 21:55:22,036,SCN1A6J_019_814_44,52,0.087,10,0.885,0.0,21.62
2026-07-26 22:05:25,036,SCN1A6J_019_814_44,139,0.231,7,0.668,0.0,21.67
2026-07-26 22:15:28,036,SCN1A6J_019_814_44,122,0.203,7,0.697,0.0,22.0
2026-07-26 22:25:32,036,SCN1A6J_019_814_44,93,0.155,8,0.775,0.0,21.92
2026-07-26 22:35:34,036,SCN1A6J_019_814_44,150,0.25,6,0.615,0.0,21.86
2026-07-26 22:45:37,036,SCN1A6J_019_814_44,53,0.088,10,0.883,0.0,21.86
2026-07-26 22:55:39,036,SCN1A6J_019_814_44,205,0.341,5,0.494,0.0,22.14
2026-07-26 23:05:44,036,SCN1A6J_019_814_44,117,0.194,6,0.672,0.0,22.2
2026-07-26 23:15:47,036,SCN1A6J_019_814_44,115,0.191,9,0.758,0.0,22.28
2026-07-26 23:25:50,036,SCN1A6J_019_814_44,281,0.468,4,0.363,0.0,22.32
2026-07-26 23:35:52,036,SCN1A6J_019_814_44,167,0.278,8,0.657,0.0,22.19
2026-07-26 23:45:56,036,SCN1A6J_019_814_44,326,0.542,5,0.38,0.0,22.16
2026-07-26 23:55:59,036,SCN1A6J_019_814_44,130,0.216,10,0.755,0.0,21.99
2026-07-25 00:04:33,030,SCN1A6J_019_814_46,83,0.138,9,0.813,0.0,21.55
2026-07-25 00:14:35,030,SCN1A6J_019_814_46,218,0.363,3,0.355,0.0,21.62
2026-07-25 00:24:38,030,SCN1A6J_019_814_46,11,0.018,13,0.979,0.0,21.52
2026-07-25 00:34:41,030,SCN1A6J_019_814_46,39,0.065,12,0.925,0.0,21.41
2026-07-25 00:44:43,030,SCN1A6J_019_814_46,230,0.383,4,0.41,0.0,21.52
2026-07-25 00:55:24,030,SCN1A6J_019_814_46,26,0.043,12,0.949,0.0,21.51
2026-07-25 01:05:27,030,SCN1A6J_019_814_46,0,0.0,14,1.0,0.0,21.36
2026-07-25 01:15:30,030,SCN1A6J_019_814_46,0,0.0,14,1.0,0.0,21.25
2026-07-25 01:25:32,030,SCN1A6J_019_814_46,0,0.0,14,1.0,0.0,21.17
2026-07-25 01:35:35,030,SCN1A6J_019_814_46,0,0.0,14,1.0,0.0,21.09
2026-07-25 01:45:38,030,SCN1A6J_019_814_46,0,0.0,14,1.0,0.0,21.05
2026-07-25 01:55:40,030,SCN1A6J_019_814_46,0,0.0,14,1.0,0.0,21.01
2026-07-25 02:05:43,030,SCN1A6J_019_814_46,0,0.0,14,1.0,0.0,20.98
2026-07-25 02:15:45,030,SCN1A6J_019_814_46,0,0.0,14,1.0,0.0,20.95
2026-07-25 02:25:49,030,SCN1A6J_019_814_46,0,0.0,14,1.0,0.0,20.93
2026-07-25 02:35:51,030,SCN1A6J_019_814_46,0,0.0,14,1.0,0.0,20.91
2026-07-25 02:45:54,030,SCN1A6J_019_814_46,54,0.09,10,0.881,0.0,20.97
2026-07-25 02:55:56,030,SCN1A6J_019_814_46,188,0.313,3,0.39,0.0,21.23
2026-07-25 03:06:00,030,SCN1A6J_019_814_46,61,0.101,10,0.868,0.0,21.19
2026-07-25 03:16:02,030,SCN1A6J_019_814_46,35,0.058,11,0.926,0.0,21.17
2026-07-25 03:26:05,030,SCN1A6J_019_814_46,0,0.0,14,1.0,0.0,21.12
2026-07-25 03:36:07,030,SCN1A6J_019_814_46,0,0.0,14,1.0,0.0,21.05
2026-07-25 03:46:10,030,SCN1A6J_019_814_46,0,0.0,14,1.0,0.0,21.0
2026-07-25 03:56:14,030,SCN1A6J_019_814_46,0,0.0,14,1.0,0.0,20.97
2026-07-25 04:06:16,030,SCN1A6J_019_814_46,0,0.0,14,1.0,0.0,20.93
2026-07-25 04:16:19,030,SCN1A6J_019_814_46,0,0.0,14,1.0,0.0,20.9
2026-07-25 04:26:21,030,SCN1A6J_019_814_46,0,0.0,14,1.0,0.0,20.88
2026-07-25 04:36:26,030,SCN1A6J_019_814_46,0,0.0,14,1.0,0.0,20.85
2026-07-25 04:46:30,030,SCN1A6J_019_814_46,0,0.0,14,1.0,0.0,20.85
2026-07-25 04:57:06,030,SCN1A6J_019_814_46,0,0.0,14,1.0,0.0,20.92
2026-07-25 05:07:10,030,SCN1A6J_019_814_46,7,0.012,13,0.987,0.0,20.89
2026-07-25 05:17:12,030,SCN1A6J_019_814_46,191,0.318,3,0.386,0.0,21.01
2026-07-25 05:27:16,030,SCN1A6J_019_814_46,105,0.174,7,0.727,0.0,21.12
2026-07-25 05:37:19,030,SCN1A6J_019_814_46,50,0.083,10,0.889,0.0,21.11
2026-07-25 05:47:23,030,SCN1A6J_019_814_46,0,0.0,14,1.0,0.0,21.07
2026-07-25 05:57:27,030,SCN1A6J_019_814_46,0,0.0,14,1.0,0.0,21.03
2026-07-25 06:07:31,030,SCN1A6J_019_814_46,0,0.0,14,1.0,1.08,21.0
2026-07-25 06:17:34,030,SCN1A6J_019_814_46,0,0.0,14,1.0,1.0728,20.96
2026-07-25 06:27:38,030,SCN1A6J_019_814_46,0,0.0,14,1.0,1.0728,20.93
2026-07-25 06:37:42,030,SCN1A6J_019_814_46,0,0.0,14,1.0,1.0764,20.92
2026-07-25 06:47:47,030,SCN1A6J_019_814_46,0,0.0,14,1.0,1.0656,20.9
2026-07-25 06:57:50,030,SCN1A6J_019_814_46,0,0.0,14,1.0,1.0656,20.88
2026-07-25 07:07:52,030,SCN1A6J_019_814_46,0,0.0,14,1.0,1.0656,20.88
2026-07-25 07:17:54,030,SCN1A6J_019_814_46,0,0.0,14,1.0,1.0692,20.85
2026-07-25 07:27:58,030,SCN1A6J_019_814_46,0,0.0,14,1.0,1.0584,20.85
2026-07-25 07:38:03,030,SCN1A6J_019_814_46,0,0.0,14,1.0,1.0584,20.83
2026-07-25 07:48:05,030,SCN1A6J_019_814_46,0,0.0,14,1.0,1.0584,20.82
2026-07-25 07:58:09,030,SCN1A6J_019_814_46,0,0.0,14,1.0,1.0656,20.82
2026-07-25 08:08:13,030,SCN1A6J_019_814_46,0,0.0,14,1.0,1.0656,20.83
2026-07-25 08:18:17,030,SCN1A6J_019_814_46,0,0.0,14,1.0,1.0656,20.82
2026-07-25 08:28:19,030,SCN1A6J_019_814_46,89,0.148,6,0.729,1.0872,20.98
2026-07-25 08:38:23,030,SCN1A6J_019_814_46,0,0.0,14,1.0,1.0872,20.96
2026-07-25 08:48:28,030,SCN1A6J_019_814_46,0,0.0,14,1.0,1.0872,20.93
2026-07-25 08:58:50,030,SCN1A6J_019_814_46,0,0.0,14,1.0,1.0872,20.97
2026-07-25 09:08:53,030,SCN1A6J_019_814_46,0,0.0,14,1.0,1.0872,20.93
2026-07-25 09:18:55,030,SCN1A6J_019_814_46,0,0.0,14,1.0,1.0872,20.91
2026-07-25 09:28:59,030,SCN1A6J_019_814_46,0,0.0,14,1.0,1.0872,20.89
2026-07-25 09:39:01,030,SCN1A6J_019_814_46,0,0.0,14,1.0,1.0872,20.88
2026-07-25 09:49:05,030,SCN1A6J_019_814_46,0,0.0,14,1.0,1.1232,20.86
2026-07-25 09:59:10,030,SCN1A6J_019_814_46,0,0.0,14,1.0,1.116,20.86
2026-07-25 10:09:14,030,SCN1A6J_019_814_46,0,0.0,14,1.0,1.116,20.86
2026-07-25 10:19:16,030,SCN1A6J_019_814_46,0,0.0,14,1.0,1.0872,20.86
2026-07-25 10:29:19,030,SCN1A6J_019_814_46,69,0.115,7,0.802,1.0368,20.94
2026-07-25 10:39:21,030,SCN1A6J_019_814_46,45,0.075,12,0.914,1.1016,20.98
2026-07-25 10:49:24,030,SCN1A6J_019_814_46,9,0.015,13,0.983,1.08,20.99
2026-07-25 10:59:27,030,SCN1A6J_019_814_46,0,0.0,14,1.0,1.0872,20.95
2026-07-25 11:09:30,030,SCN1A6J_019_814_46,0,0.0,14,1.0,1.08,20.92
2026-07-25 11:19:34,030,SCN1A6J_019_814_46,0,0.0,14,1.0,1.08,20.89
2026-07-25 11:29:36,030,SCN1A6J_019_814_46,0,0.0,14,1.0,1.08,20.88
2026-07-25 11:39:41,030,SCN1A6J_019_814_46,0,0.0,14,1.0,1.08,20.85
2026-07-25 11:49:43,030,SCN1A6J_019_814_46,0,0.0,14,1.0,1.08,20.83
2026-07-25 11:59:45,030,SCN1A6J_019_814_46,0,0.0,14,1.0,1.08,20.83
2026-07-25 12:09:49,030,SCN1A6J_019_814_46,0,0.0,14,1.0,1.08,20.83
2026-07-25 12:19:52,030,SCN1A6J_019_814_46,0,0.0,14,1.0,1.08,20.82
2026-07-25 12:29:54,030,SCN1A6J_019_814_46,0,0.0,14,1.0,1.08,20.83
2026-07-25 12:39:58,030,SCN1A6J_019_814_46,0,0.0,14,1.0,1.08,20.82
2026-07-25 12:50:02,030,SCN1A6J_019_814_46,0,0.0,14,1.0,1.08,20.82
2026-07-25 13:00:23,030,SCN1A6J_019_814_46,0,0.0,14,1.0,1.08,20.86
2026-07-25 13:10:28,030,SCN1A6J_019_814_46,32,0.053,10,0.926,1.08,20.91
2026-07-25 13:20:30,030,SCN1A6J_019_814_46,0,0.0,14,1.0,1.08,20.92
2026-07-25 13:30:34,030,SCN1A6J_019_814_46,0,0.0,14,1.0,1.08,20.9
2026-07-25 13:40:36,030,SCN1A6J_019_814_46,0,0.0,14,1.0,1.08,20.9
2026-07-25 13:50:38,030,SCN1A6J_019_814_46,0,0.0,14,1.0,1.08,20.89
2026-07-25 14:00:40,030,SCN1A6J_019_814_46,0,0.0,14,1.0,1.08,20.87
2026-07-25 14:10:43,030,SCN1A6J_019_814_46,0,0.0,14,1.0,1.0872,20.87
2026-07-25 14:20:45,030,SCN1A6J_019_814_46,0,0.0,14,1.0,1.08,20.86
2026-07-25 14:30:47,030,SCN1A6J_019_814_46,0,0.0,14,1.0,1.08,20.85
2026-07-25 14:40:51,030,SCN1A6J_019_814_46,0,0.0,14,1.0,1.0908,20.85
2026-07-25 14:50:54,030,SCN1A6J_019_814_46,34,0.057,12,0.934,1.0152,20.89
2026-07-25 15:00:56,030,SCN1A6J_019_814_46,0,0.0,14,1.0,1.0872,20.9
2026-07-25 15:10:58,030,SCN1A6J_019_814_46,0,0.0,14,1.0,1.0872,20.9
2026-07-25 15:21:00,030,SCN1A6J_019_814_46,0,0.0,14,1.0,1.08,20.89
2026-07-25 15:31:03,030,SCN1A6J_019_814_46,0,0.0,14,1.0,1.0908,20.88
2026-07-25 15:41:05,030,SCN1A6J_019_814_46,0,0.0,14,1.0,1.08,20.88
2026-07-25 15:51:07,030,SCN1A6J_019_814_46,0,0.0,14,1.0,1.0872,20.87
2026-07-25 16:01:10,030,SCN1A6J_019_814_46,0,0.0,14,1.0,1.0872,20.86
2026-07-25 16:11:11,030,SCN1A6J_019_814_46,0,0.0,14,1.0,1.0872,20.86
2026-07-25 16:21:15,030,SCN1A6J_019_814_46,9,0.015,13,0.983,1.08,20.86
2026-07-25 16:31:18,030,SCN1A6J_019_814_46,156,0.26,4,0.506,1.008,20.98
2026-07-25 16:41:22,030,SCN1A6J_019_814_46,51,0.085,12,0.904,1.1016,21.02
2026-07-25 16:51:27,030,SCN1A6J_019_814_46,0,0.0,14,1.0,1.098,21.01
2026-07-25 17:02:08,030,SCN1A6J_019_814_46,0,0.0,14,1.0,1.0944,21.05
2026-07-25 17:12:11,030,SCN1A6J_019_814_46,0,0.0,14,1.0,1.098,21.01
2026-07-25 17:22:15,030,SCN1A6J_019_814_46,0,0.0,14,1.0,1.098,20.98
2026-07-25 17:32:18,030,SCN1A6J_019_814_46,0,0.0,14,1.0,1.098,20.96
2026-07-25 17:42:21,030,SCN1A6J_019_814_46,0,0.0,14,1.0,1.0944,20.94
2026-07-25 17:52:24,030,SCN1A6J_019_814_46,43,0.071,10,0.903,1.116,20.97
2026-07-25 18:02:27,030,SCN1A6J_019_814_46,0,0.0,14,1.0,0.0,20.97
2026-07-25 18:12:29,030,SCN1A6J_019_814_46,0,0.0,14,1.0,0.0,20.95
2026-07-25 18:22:33,030,SCN1A6J_019_814_46,228,0.379,3,0.345,0.0,21.1
2026-07-25 18:32:37,030,SCN1A6J_019_814_46,166,0.275,3,0.42,0.0,21.28
2026-07-25 18:42:40,030,SCN1A6J_019_814_46,153,0.255,4,0.511,0.0,21.45
2026-07-25 18:52:43,030,SCN1A6J_019_814_46,147,0.245,4,0.521,0.0,21.52
2026-07-25 19:02:45,030,SCN1A6J_019_814_46,127,0.211,4,0.557,0.0,21.53
2026-07-25 19:12:48,030,SCN1A6J_019_814_46,145,0.241,5,0.58,0.0,21.55
2026-07-25 19:22:50,030,SCN1A6J_019_814_46,133,0.221,3,0.474,0.0,21.64
2026-07-25 19:32:52,030,SCN1A6J_019_814_46,102,0.17,7,0.733,0.0,21.68
2026-07-25 19:42:55,030,SCN1A6J_019_814_46,119,0.198,7,0.702,0.0,21.71
2026-07-25 19:52:58,030,SCN1A6J_019_814_46,0,0.0,14,1.0,0.0,21.51
2026-07-25 20:03:01,030,SCN1A6J_019_814_46,0,0.0,14,1.0,0.0,21.33
2026-07-25 20:13:02,030,SCN1A6J_019_814_46,12,0.02,13,0.977,0.0,21.22
2026-07-25 20:23:06,030,SCN1A6J_019_814_46,81,0.135,8,0.798,0.0,21.31
2026-07-25 20:33:09,030,SCN1A6J_019_814_46,106,0.177,8,0.751,0.0,21.36
2026-07-25 20:43:11,030,SCN1A6J_019_814_46,60,0.1,10,0.87,0.0,21.4
2026-07-25 20:53:15,030,SCN1A6J_019_814_46,0,0.0,14,1.0,0.0,21.3
2026-07-25 21:03:52,030,SCN1A6J_019_814_46,83,0.139,8,0.794,0.0,21.42
2026-07-25 21:13:55,030,SCN1A6J_019_814_46,136,0.227,7,0.673,0.0,21.42
2026-07-25 21:23:58,030,SCN1A6J_019_814_46,115,0.191,6,0.676,0.0,21.47
2026-07-25 21:34:02,030,SCN1A6J_019_814_46,94,0.156,7,0.749,0.0,21.53
2026-07-25 21:44:06,030,SCN1A6J_019_814_46,114,0.189,5,0.637,0.0,21.56
2026-07-25 21:54:09,030,SCN1A6J_019_814_46,58,0.097,10,0.873,0.0,21.54
2026-07-25 22:04:13,030,SCN1A6J_019_814_46,112,0.186,5,0.641,0.0,21.59
2026-07-25 22:14:15,030,SCN1A6J_019_814_46,74,0.123,7,0.791,0.0,21.51
2026-07-25 22:24:18,030,SCN1A6J_019_814_46,108,0.18,5,0.649,0.0,21.51
2026-07-25 22:34:22,030,SCN1A6J_019_814_46,64,0.106,10,0.862,0.0,21.45
2026-07-25 22:44:25,030,SCN1A6J_019_814_46,135,0.225,7,0.675,0.0,21.48
2026-07-25 22:54:29,030,SCN1A6J_019_814_46,119,0.197,5,0.627,0.0,21.52
2026-07-25 23:04:31,030,SCN1A6J_019_814_46,49,0.082,9,0.88,0.0,21.49
2026-07-25 23:14:34,030,SCN1A6J_019_814_46,46,0.077,11,0.905,0.0,21.4
2026-07-25 23:24:36,030,SCN1A6J_019_814_46,122,0.203,6,0.663,0.0,21.48
2026-07-25 23:34:41,030,SCN1A6J_019_814_46,48,0.08,10,0.893,0.0,21.42
2026-07-25 23:44:44,030,SCN1A6J_019_814_46,195,0.324,2,0.291,0.0,21.55
2026-07-25 23:54:48,030,SCN1A6J_019_814_46,62,0.103,10,0.866,0.0,21.51
2026-07-26 00:04:51,030,SCN1A6J_019_814_46,0,0.0,14,1.0,0.0,21.34
2026-07-26 00:14:53,030,SCN1A6J_019_814_46,0,0.0,14,1.0,0.0,21.21
2026-07-26 00:24:56,030,SCN1A6J_019_814_46,0,0.0,14,1.0,0.0,21.12
2026-07-26 00:34:58,030,SCN1A6J_019_814_46,0,0.0,14,1.0,0.0,21.04
2026-07-26 00:45:01,030,SCN1A6J_019_814_46,0,0.0,14,1.0,0.0,20.99
2026-07-26 00:55:03,030,SCN1A6J_019_814_46,0,0.0,14,1.0,0.0,20.94
2026-07-26 01:05:36,030,SCN1A6J_019_814_46,0,0.0,14,1.0,0.0,20.98
2026-07-26 01:15:38,030,SCN1A6J_019_814_46,0,0.0,14,1.0,0.0,20.93
2026-07-26 01:25:43,030,SCN1A6J_019_814_46,0,0.0,14,1.0,0.0,20.89
2026-07-26 01:35:47,030,SCN1A6J_019_814_46,0,0.0,14,1.0,0.0,20.86
2026-07-26 01:45:49,030,SCN1A6J_019_814_46,0,0.0,14,1.0,0.0,20.83
2026-07-26 01:55:53,030,SCN1A6J_019_814_46,0,0.0,14,1.0,0.0,20.83
2026-07-26 02:05:57,030,SCN1A6J_019_814_46,0,0.0,14,1.0,0.0,20.82
2026-07-26 02:15:59,030,SCN1A6J_019_814_46,121,0.201,6,0.665,0.0,20.93
2026-07-26 02:26:01,030,SCN1A6J_019_814_46,231,0.386,4,0.409,0.0,21.1
2026-07-26 02:36:05,030,SCN1A6J_019_814_46,100,0.166,7,0.737,0.0,21.2
2026-07-26 02:46:08,030,SCN1A6J_019_814_46,116,0.193,8,0.734,0.0,21.29
2026-07-26 02:56:10,030,SCN1A6J_019_814_46,130,0.217,4,0.552,0.0,21.43
2026-07-26 03:06:12,030,SCN1A6J_019_814_46,95,0.158,8,0.771,0.0,21.4
2026-07-26 03:16:16,030,SCN1A6J_019_814_46,0,0.0,14,1.0,0.0,21.26
2026-07-26 03:26:21,030,SCN1A6J_019_814_46,0,0.0,14,1.0,0.0,21.12
2026-07-26 03:36:23,030,SCN1A6J_019_814_46,0,0.0,14,1.0,0.0,21.02
2026-07-26 03:46:27,030,SCN1A6J_019_814_46,0,0.0,14,1.0,0.0,20.96
2026-07-26 03:56:30,030,SCN1A6J_019_814_46,0,0.0,14,1.0,0.0,20.89
2026-07-26 04:06:33,030,SCN1A6J_019_814_46,0,0.0,14,1.0,0.0,20.85
2026-07-26 04:16:35,030,SCN1A6J_019_814_46,0,0.0,14,1.0,0.0,20.82
2026-07-26 04:26:37,030,SCN1A6J_019_814_46,0,0.0,14,1.0,0.0,20.8
2026-07-26 04:36:40,030,SCN1A6J_019_814_46,0,0.0,14,1.0,0.0,20.77
2026-07-26 04:46:44,030,SCN1A6J_019_814_46,0,0.0,14,1.0,0.0,20.76
2026-07-26 04:56:46,030,SCN1A6J_019_814_46,0,0.0,14,1.0,0.0,20.75
2026-07-26 05:07:18,030,SCN1A6J_019_814_46,103,0.172,5,0.66,0.0,21.08
2026-07-26 05:17:21,030,SCN1A6J_019_814_46,158,0.263,2,0.336,0.0,21.45
2026-07-26 05:27:24,030,SCN1A6J_019_814_46,81,0.135,6,0.748,0.0,21.49
2026-07-26 05:37:29,030,SCN1A6J_019_814_46,41,0.068,12,0.921,0.0,21.38
2026-07-26 05:47:30,030,SCN1A6J_019_814_46,0,0.0,14,1.0,0.0,21.26
2026-07-26 05:57:33,030,SCN1A6J_019_814_46,0,0.0,14,1.0,0.0,21.15
2026-07-26 06:07:37,030,SCN1A6J_019_814_46,0,0.0,14,1.0,1.1376,21.08
2026-07-26 06:17:39,030,SCN1A6J_019_814_46,0,0.0,14,1.0,1.1304,21.04
2026-07-26 06:27:41,030,SCN1A6J_019_814_46,0,0.0,14,1.0,1.1232,20.99
2026-07-26 06:37:45,030,SCN1A6J_019_814_46,0,0.0,14,1.0,1.1232,20.95
2026-07-26 06:47:48,030,SCN1A6J_019_814_46,0,0.0,14,1.0,1.1232,20.93
2026-07-26 06:57:50,030,SCN1A6J_019_814_46,0,0.0,14,1.0,1.116,20.9
2026-07-26 07:07:54,030,SCN1A6J_019_814_46,0,0.0,14,1.0,1.116,20.89
2026-07-26 07:17:56,030,SCN1A6J_019_814_46,0,0.0,14,1.0,1.116,20.86
2026-07-26 07:28:00,030,SCN1A6J_019_814_46,0,0.0,14,1.0,1.116,20.85
2026-07-26 07:38:03,030,SCN1A6J_019_814_46,0,0.0,14,1.0,1.116,20.83
2026-07-26 07:48:06,030,SCN1A6J_019_814_46,0,0.0,14,1.0,1.116,20.83
2026-07-26 07:58:09,030,SCN1A6J_019_814_46,0,0.0,14,1.0,1.116,20.82
2026-07-26 08:08:12,030,SCN1A6J_019_814_46,0,0.0,14,1.0,1.116,20.83
2026-07-26 08:18:14,030,SCN1A6J_019_814_46,0,0.0,14,1.0,1.116,20.83
2026-07-26 08:28:17,030,SCN1A6J_019_814_46,0,0.0,14,1.0,1.116,20.83
2026-07-26 08:38:19,030,SCN1A6J_019_814_46,74,0.123,9,0.829,0.9648,20.94
2026-07-26 08:48:22,030,SCN1A6J_019_814_46,130,0.216,7,0.683,0.9648,21.07
2026-07-26 08:58:24,030,SCN1A6J_019_814_46,88,0.147,8,0.784,1.08,21.17
2026-07-26 09:08:59,030,SCN1A6J_019_814_46,0,0.0,14,1.0,1.08,21.19
2026-07-26 09:19:03,030,SCN1A6J_019_814_46,0,0.0,14,1.0,1.08,21.12
2026-07-26 09:29:07,030,SCN1A6J_019_814_46,0,0.0,14,1.0,1.3716,21.06
2026-07-26 09:39:11,030,SCN1A6J_019_814_46,0,0.0,14,1.0,1.3608,21.05
2026-07-26 09:49:14,030,SCN1A6J_019_814_46,0,0.0,14,1.0,1.3536,21.05
2026-07-26 09:59:19,030,SCN1A6J_019_814_46,0,0.0,14,1.0,1.1088,21.05
2026-07-26 10:09:21,030,SCN1A6J_019_814_46,0,0.0,14,1.0,1.1124,21.02
2026-07-26 10:19:23,030,SCN1A6J_019_814_46,0,0.0,14,1.0,1.0908,21.01
2026-07-26 10:29:26,030,SCN1A6J_019_814_46,0,0.0,14,1.0,1.08,20.98
2026-07-26 10:39:28,030,SCN1A6J_019_814_46,54,0.09,9,0.87,1.08,21.05
2026-07-26 10:49:30,030,SCN1A6J_019_814_46,0,0.0,14,1.0,1.08,21.01
2026-07-26 10:59:35,030,SCN1A6J_019_814_46,0,0.0,14,1.0,1.0872,20.99
2026-07-26 11:09:37,030,SCN1A6J_019_814_46,0,0.0,14,1.0,1.08,20.95
2026-07-26 11:19:42,030,SCN1A6J_019_814_46,0,0.0,14,1.0,1.08,20.94
2026-07-26 11:29:46,030,SCN1A6J_019_814_46,0,0.0,14,1.0,1.0836,20.9
2026-07-26 11:39:49,030,SCN1A6J_019_814_46,0,0.0,14,1.0,1.0908,20.88
2026-07-26 11:49:51,030,SCN1A6J_019_814_46,0,0.0,14,1.0,1.08,20.87
2026-07-26 11:59:55,030,SCN1A6J_019_814_46,0,0.0,14,1.0,1.08,20.85
2026-07-26 12:09:58,030,SCN1A6J_019_814_46,0,0.0,14,1.0,1.0836,20.85
2026-07-26 12:20:01,030,SCN1A6J_019_814_46,0,0.0,14,1.0,1.0728,20.83
2026-07-26 12:30:05,030,SCN1A6J_019_814_46,0,0.0,14,1.0,1.0728,20.84
2026-07-26 12:40:07,030,SCN1A6J_019_814_46,118,0.196,8,0.731,1.0584,21.02
2026-07-26 12:50:10,030,SCN1A6J_019_814_46,65,0.108,10,0.86,1.0944,21.06
2026-07-26 13:00:14,030,SCN1A6J_019_814_46,0,0.0,14,1.0,1.0872,21.02
2026-07-26 13:10:40,030,SCN1A6J_019_814_46,0,0.0,14,1.0,1.0872,21.04
2026-07-26 13:20:44,030,SCN1A6J_019_814_46,0,0.0,14,1.0,1.0872,20.98
2026-07-26 13:30:47,030,SCN1A6J_019_814_46,0,0.0,14,1.0,1.1232,20.94
2026-07-26 13:40:50,030,SCN1A6J_019_814_46,0,0.0,14,1.0,1.1232,20.92
2026-07-26 13:50:53,030,SCN1A6J_019_814_46,0,0.0,14,1.0,1.0872,20.9
2026-07-26 14:00:55,030,SCN1A6J_019_814_46,0,0.0,14,1.0,1.0872,20.89
2026-07-26 14:10:59,030,SCN1A6J_019_814_46,0,0.0,14,1.0,1.0872,20.86
2026-07-26 14:21:01,030,SCN1A6J_019_814_46,0,0.0,14,1.0,1.2096,20.86
2026-07-26 14:31:04,030,SCN1A6J_019_814_46,0,0.0,14,1.0,1.1376,20.83
2026-07-26 14:41:08,030,SCN1A6J_019_814_46,36,0.06,10,0.917,1.0584,20.89
2026-07-26 14:51:12,030,SCN1A6J_019_814_46,73,0.121,8,0.814,1.152,21.04
2026-07-26 15:01:15,030,SCN1A6J_019_814_46,115,0.191,7,0.709,1.0656,21.09
2026-07-26 15:11:17,030,SCN1A6J_019_814_46,44,0.073,12,0.916,1.116,21.08
2026-07-26 15:21:20,030,SCN1A6J_019_814_46,0,0.0,14,1.0,1.116,21.01
2026-07-26 15:31:22,030,SCN1A6J_019_814_46,0,0.0,14,1.0,1.116,20.96
2026-07-26 15:41:25,030,SCN1A6J_019_814_46,0,0.0,14,1.0,1.116,20.9
2026-07-26 15:51:26,030,SCN1A6J_019_814_46,0,0.0,14,1.0,1.116,20.84
2026-07-26 16:01:30,030,SCN1A6J_019_814_46,0,0.0,14,1.0,1.1232,20.79
2026-07-26 16:11:34,030,SCN1A6J_019_814_46,0,0.0,14,1.0,1.116,20.76
2026-07-26 16:21:36,030,SCN1A6J_019_814_46,0,0.0,14,1.0,1.116,20.73
2026-07-26 16:31:38,030,SCN1A6J_019_814_46,0,0.0,14,1.0,1.116,20.7
2026-07-26 16:41:41,030,SCN1A6J_019_814_46,0,0.0,14,1.0,1.116,20.71
2026-07-26 16:51:44,030,SCN1A6J_019_814_46,6,0.01,14,0.989,0.99,20.71
2026-07-26 17:01:48,030,SCN1A6J_019_814_46,43,0.071,10,0.903,1.0944,20.77
2026-07-26 17:12:22,030,SCN1A6J_019_814_46,0,0.0,14,1.0,1.0944,20.85
2026-07-26 17:22:24,030,SCN1A6J_019_814_46,0,0.0,14,1.0,1.0944,20.82
2026-07-26 17:32:26,030,SCN1A6J_019_814_46,0,0.0,14,1.0,1.0944,20.8
2026-07-26 17:42:30,030,SCN1A6J_019_814_46,0,0.0,14,1.0,1.0944,20.79
2026-07-26 17:52:33,030,SCN1A6J_019_814_46,26,0.043,13,0.952,1.0872,20.82
2026-07-26 18:02:35,030,SCN1A6J_019_814_46,92,0.153,8,0.777,0.0,20.92
2026-07-26 18:12:38,030,SCN1A6J_019_814_46,165,0.275,4,0.492,0.0,21.23
2026-07-26 18:22:43,030,SCN1A6J_019_814_46,186,0.308,3,0.392,0.0,21.35
2026-07-26 18:32:48,030,SCN1A6J_019_814_46,169,0.281,3,0.415,0.0,21.45
2026-07-26 18:42:50,030,SCN1A6J_019_814_46,164,0.273,4,0.494,0.0,21.49
2026-07-26 18:52:52,030,SCN1A6J_019_814_46,131,0.218,7,0.681,0.0,21.54
2026-07-26 19:02:54,030,SCN1A6J_019_814_46,104,0.173,8,0.755,0.0,21.53
2026-07-26 19:12:57,030,SCN1A6J_019_814_46,77,0.128,10,0.839,0.0,21.47
2026-07-26 19:23:01,030,SCN1A6J_019_814_46,0,0.0,14,1.0,0.0,21.31
2026-07-26 19:33:05,030,SCN1A6J_019_814_46,0,0.0,14,1.0,0.0,21.19
2026-07-26 19:43:07,030,SCN1A6J_019_814_46,146,0.243,7,0.657,0.0,21.17
2026-07-26 19:53:11,030,SCN1A6J_019_814_46,88,0.146,8,0.784,0.0,21.31
2026-07-26 20:03:13,030,SCN1A6J_019_814_46,137,0.228,8,0.7,0.0,21.34
2026-07-26 20:13:15,030,SCN1A6J_019_814_46,93,0.155,7,0.751,0.0,21.39
2026-07-26 20:23:20,030,SCN1A6J_019_814_46,126,0.209,6,0.656,0.0,21.45
2026-07-26 20:33:24,030,SCN1A6J_019_814_46,144,0.239,6,0.625,0.0,21.47
2026-07-26 20:43:26,030,SCN1A6J_019_814_46,84,0.14,9,0.811,0.0,21.48
2026-07-26 20:53:28,030,SCN1A6J_019_814_46,94,0.157,9,0.793,0.0,21.45
2026-07-26 21:03:33,030,SCN1A6J_019_814_46,190,0.315,4,0.457,0.0,21.46
2026-07-26 21:14:07,030,SCN1A6J_019_814_46,128,0.214,6,0.652,0.0,21.55
2026-07-26 21:24:11,030,SCN1A6J_019_814_46,114,0.189,9,0.759,0.0,21.53
2026-07-26 21:34:14,030,SCN1A6J_019_814_46,102,0.17,9,0.779,0.0,21.55
2026-07-26 21:44:16,030,SCN1A6J_019_814_46,64,0.106,10,0.862,0.0,21.49
2026-07-26 21:54:18,030,SCN1A6J_019_814_46,80,0.133,10,0.833,0.0,21.49
2026-07-26 22:04:21,030,SCN1A6J_019_814_46,67,0.112,10,0.857,0.0,21.49
2026-07-26 22:14:23,030,SCN1A6J_019_814_46,0,0.0,14,1.0,0.0,21.34
2026-07-26 22:24:25,030,SCN1A6J_019_814_46,127,0.212,6,0.654,0.0,21.34
2026-07-26 22:34:30,030,SCN1A6J_019_814_46,108,0.179,6,0.69,0.0,21.36
2026-07-26 22:44:34,030,SCN1A6J_019_814_46,59,0.098,10,0.871,0.0,21.46
2026-07-26 22:54:38,030,SCN1A6J_019_814_46,111,0.184,7,0.716,0.0,21.5
2026-07-26 23:04:41,030,SCN1A6J_019_814_46,67,0.112,10,0.857,0.0,21.52
2026-07-26 23:14:45,030,SCN1A6J_019_814_46,198,0.328,3,0.377,0.0,21.49
2026-07-26 23:24:47,030,SCN1A6J_019_814_46,62,0.103,10,0.866,0.0,21.52
2026-07-26 23:34:50,030,SCN1A6J_019_814_46,74,0.123,9,0.829,0.0,21.47
2026-07-26 23:44:53,030,SCN1A6J_019_814_46,0,0.0,14,1.0,0.0,21.35
2026-07-26 23:54:55,030,SCN1A6J_019_814_46,0,0.0,14,1.0,0.0,21.25
2026-07-25 00:06:48,038,SCN1A6J_019_814_47,0,0.0,15,1.0,0.0,21.8
2026-07-25 00:16:50,038,SCN1A6J_019_814_47,3,0.005,13,0.994,0.0,21.77
2026-07-25 00:26:52,038,SCN1A6J_019_814_47,17,0.028,13,0.968,0.0,21.78
2026-07-25 00:37:19,038,SCN1A6J_019_814_47,131,0.219,5,0.604,0.0,21.91
2026-07-25 00:47:22,038,SCN1A6J_019_814_47,192,0.319,3,0.385,0.0,21.94
2026-07-25 00:57:24,038,SCN1A6J_019_814_47,175,0.292,4,0.478,0.0,22.08
2026-07-25 01:07:27,038,SCN1A6J_019_814_47,192,0.319,2,0.294,0.0,22.21
2026-07-25 01:17:30,038,SCN1A6J_019_814_47,123,0.204,7,0.695,0.0,22.14
2026-07-25 01:27:33,038,SCN1A6J_019_814_47,244,0.406,1,0.141,0.0,22.06
2026-07-25 01:37:36,038,SCN1A6J_019_814_47,261,0.435,4,0.38,0.0,22.16
2026-07-25 01:47:39,038,SCN1A6J_019_814_47,187,0.311,5,0.517,0.0,22.22
2026-07-25 01:57:42,038,SCN1A6J_019_814_47,262,0.436,1,0.132,0.0,22.35
2026-07-25 02:07:45,038,SCN1A6J_019_814_47,131,0.218,7,0.681,0.0,22.21
2026-07-25 02:17:48,038,SCN1A6J_019_814_47,268,0.446,1,0.13,0.0,22.22
2026-07-25 02:27:50,038,SCN1A6J_019_814_47,237,0.394,2,0.252,0.0,22.21
2026-07-25 02:37:53,038,SCN1A6J_019_814_47,284,0.473,1,0.123,0.0,22.3
2026-07-25 02:47:56,038,SCN1A6J_019_814_47,168,0.28,4,0.488,0.0,22.29
2026-07-25 02:57:59,038,SCN1A6J_019_814_47,203,0.338,3,0.372,0.0,22.37
2026-07-25 03:08:01,038,SCN1A6J_019_814_47,100,0.167,9,0.783,0.0,22.2
2026-07-25 03:18:03,038,SCN1A6J_019_814_47,347,0.577,0,0.0,0.0,22.11
2026-07-25 03:28:06,038,SCN1A6J_019_814_47,433,0.72,0,0.0,0.0,22.1
2026-07-25 03:38:10,038,SCN1A6J_019_814_47,207,0.344,1,0.162,0.0,22.09
2026-07-25 03:48:12,038,SCN1A6J_019_814_47,27,0.045,9,0.93,0.0,22.04
2026-07-25 03:58:16,038,SCN1A6J_019_814_47,12,0.02,14,0.979,0.0,21.98
2026-07-25 04:08:18,038,SCN1A6J_019_814_47,3,0.005,14,0.995,0.0,21.93
2026-07-25 04:18:21,038,SCN1A6J_019_814_47,2,0.003,15,0.997,0.0,21.87
2026-07-25 04:28:24,038,SCN1A6J_019_814_47,2,0.003,14,0.996,0.0,21.84
2026-07-25 04:38:54,038,SCN1A6J_019_814_47,0,0.0,15,1.0,0.0,21.88
2026-07-25 04:48:57,038,SCN1A6J_019_814_47,1,0.002,14,0.998,0.0,21.82
2026-07-25 04:59:01,038,SCN1A6J_019_814_47,124,0.206,4,0.563,0.0,21.82
2026-07-25 05:09:03,038,SCN1A6J_019_814_47,293,0.488,1,0.12,0.0,21.91
2026-07-25 05:19:06,038,SCN1A6J_019_814_47,225,0.375,2,0.262,0.0,21.97
2026-07-25 05:29:09,038,SCN1A6J_019_814_47,187,0.311,7,0.6,0.0,21.95
2026-07-25 05:39:12,038,SCN1A6J_019_814_47,311,0.517,1,0.114,0.0,22.11
2026-07-25 05:49:15,038,SCN1A6J_019_814_47,156,0.26,6,0.606,0.0,22.04
2026-07-25 05:59:18,038,SCN1A6J_019_814_47,313,0.52,1,0.113,0.0,22.03
2026-07-25 06:09:21,038,SCN1A6J_019_814_47,39,0.065,10,0.911,0.5508,22.02
2026-07-25 06:19:24,038,SCN1A6J_019_814_47,36,0.06,12,0.93,0.54,22.0
2026-07-25 06:29:26,038,SCN1A6J_019_814_47,12,0.02,13,0.977,0.54,21.95
2026-07-25 06:39:30,038,SCN1A6J_019_814_47,1,0.002,14,0.998,0.5436,21.9
2026-07-25 06:49:33,038,SCN1A6J_019_814_47,1,0.002,14,0.998,0.5328,21.87
2026-07-25 06:59:36,038,SCN1A6J_019_814_47,10,0.017,13,0.981,0.5508,21.85
2026-07-25 07:09:39,038,SCN1A6J_019_814_47,8,0.013,12,0.984,0.54,21.84
2026-07-25 07:19:41,038,SCN1A6J_019_814_47,9,0.015,13,0.983,0.5472,21.84
2026-07-25 07:29:44,038,SCN1A6J_019_814_47,13,0.022,12,0.974,0.576,21.85
2026-07-25 07:39:46,038,SCN1A6J_019_814_47,0,0.0,15,1.0,0.5688,21.84
2026-07-25 07:49:49,038,SCN1A6J_019_814_47,6,0.01,14,0.989,0.5688,21.84
2026-07-25 07:59:53,038,SCN1A6J_019_814_47,6,0.01,14,0.989,0.5688,21.84
2026-07-25 08:09:55,038,SCN1A6J_019_814_47,0,0.0,15,1.0,0.5688,21.82
2026-07-25 08:19:58,038,SCN1A6J_019_814_47,4,0.007,14,0.993,0.5832,21.83
2026-07-25 08:30:01,038,SCN1A6J_019_814_47,3,0.005,14,0.995,0.5688,21.82
2026-07-25 08:40:23,038,SCN1A6J_019_814_47,3,0.005,14,0.995,0.5796,21.85
2026-07-25 08:50:26,038,SCN1A6J_019_814_47,10,0.017,13,0.981,0.5904,21.84
2026-07-25 09:00:29,038,SCN1A6J_019_814_47,2,0.003,14,0.996,0.5688,21.83
2026-07-25 09:10:32,038,SCN1A6J_019_814_47,122,0.203,5,0.621,0.5544,21.86
2026-07-25 09:20:35,038,SCN1A6J_019_814_47,204,0.339,3,0.37,0.5904,21.96
2026-07-25 09:30:37,038,SCN1A6J_019_814_47,124,0.206,7,0.693,0.7056,22.0
2026-07-25 09:40:41,038,SCN1A6J_019_814_47,235,0.391,2,0.254,0.396,21.98
2026-07-25 09:50:43,038,SCN1A6J_019_814_47,168,0.28,5,0.543,0.4752,21.94
2026-07-25 10:00:46,038,SCN1A6J_019_814_47,71,0.118,8,0.818,0.4464,21.9
2026-07-25 10:10:48,038,SCN1A6J_019_814_47,166,0.277,5,0.546,0.4392,21.92
2026-07-25 10:20:51,038,SCN1A6J_019_814_47,361,0.6,1,0.1,0.3816,22.07
2026-07-25 10:30:54,038,SCN1A6J_019_814_47,404,0.672,0,0.0,0.8136,22.22
2026-07-25 10:40:57,038,SCN1A6J_019_814_47,116,0.193,7,0.707,0.5328,22.27
2026-07-25 10:51:00,038,SCN1A6J_019_814_47,12,0.02,13,0.977,0.54,22.26
2026-07-25 11:01:03,038,SCN1A6J_019_814_47,1,0.002,14,0.998,0.5472,22.21
2026-07-25 11:11:06,038,SCN1A6J_019_814_47,5,0.008,13,0.99,0.558,22.18
2026-07-25 11:21:09,038,SCN1A6J_019_814_47,8,0.013,14,0.986,0.5616,22.15
2026-07-25 11:31:11,038,SCN1A6J_019_814_47,2,0.003,14,0.996,0.5868,22.14
2026-07-25 11:41:14,038,SCN1A6J_019_814_47,12,0.02,14,0.979,0.594,22.1
2026-07-25 11:51:17,038,SCN1A6J_019_814_47,2,0.003,14,0.996,0.5904,22.05
2026-07-25 12:01:20,038,SCN1A6J_019_814_47,0,0.0,15,1.0,0.594,22.04
2026-07-25 12:11:22,038,SCN1A6J_019_814_47,12,0.02,13,0.977,0.594,22.02
2026-07-25 12:21:25,038,SCN1A6J_019_814_47,14,0.023,12,0.972,0.5976,22.01
2026-07-25 12:31:29,038,SCN1A6J_019_814_47,0,0.0,15,1.0,0.5976,22.01
2026-07-25 12:41:54,038,SCN1A6J_019_814_47,3,0.005,14,0.995,0.5904,22.07
2026-07-25 12:51:57,038,SCN1A6J_019_814_47,3,0.005,14,0.995,0.5976,22.06
2026-07-25 13:01:59,038,SCN1A6J_019_814_47,76,0.126,8,0.808,0.5976,22.1
2026-07-25 13:12:03,038,SCN1A6J_019_814_47,182,0.303,2,0.305,0.5688,22.2
2026-07-25 13:22:06,038,SCN1A6J_019_814_47,198,0.329,4,0.447,0.5148,22.17
2026-07-25 13:32:09,038,SCN1A6J_019_814_47,335,0.557,1,0.107,0.4104,22.22
2026-07-25 13:42:12,038,SCN1A6J_019_814_47,31,0.052,12,0.939,0.4176,22.23
2026-07-25 13:52:15,038,SCN1A6J_019_814_47,1,0.002,14,0.998,0.4176,22.21
2026-07-25 14:02:18,038,SCN1A6J_019_814_47,1,0.002,14,0.998,0.4176,22.17
2026-07-25 14:12:21,038,SCN1A6J_019_814_47,5,0.008,14,0.991,0.432,22.16
2026-07-25 14:22:24,038,SCN1A6J_019_814_47,2,0.003,14,0.996,0.432,22.13
2026-07-25 14:32:26,038,SCN1A6J_019_814_47,15,0.025,13,0.972,0.4248,22.12
2026-07-25 14:42:29,038,SCN1A6J_019_814_47,0,0.0,15,1.0,0.4284,22.11
2026-07-25 14:52:32,038,SCN1A6J_019_814_47,0,0.0,15,1.0,0.4248,22.11
2026-07-25 15:02:35,038,SCN1A6J_019_814_47,5,0.008,14,0.991,0.4248,22.1
2026-07-25 15:12:38,038,SCN1A6J_019_814_47,0,0.0,15,1.0,0.4176,22.1
2026-07-25 15:22:40,038,SCN1A6J_019_814_47,2,0.003,15,0.997,0.432,22.1
2026-07-25 15:32:43,038,SCN1A6J_019_814_47,15,0.025,12,0.97,0.4248,22.11
2026-07-25 15:42:47,038,SCN1A6J_019_814_47,80,0.133,5,0.714,0.4356,22.15
2026-07-25 15:52:50,038,SCN1A6J_019_814_47,9,0.015,13,0.983,0.432,22.16
2026-07-25 16:02:52,038,SCN1A6J_019_814_47,9,0.015,14,0.984,0.4032,22.16
2026-07-25 16:12:55,038,SCN1A6J_019_814_47,224,0.373,4,0.417,0.7488,22.19
2026-07-25 16:22:58,038,SCN1A6J_019_814_47,187,0.311,6,0.562,0.5328,22.23
2026-07-25 16:33:01,038,SCN1A6J_019_814_47,206,0.343,0,0.0,0.5508,22.33
2026-07-25 16:43:31,038,SCN1A6J_019_814_47,7,0.012,13,0.987,0.54,22.4
2026-07-25 16:53:34,038,SCN1A6J_019_814_47,7,0.012,14,0.988,0.54,22.33
2026-07-25 17:03:37,038,SCN1A6J_019_814_47,2,0.003,15,0.997,0.54,22.29
2026-07-25 17:13:40,038,SCN1A6J_019_814_47,13,0.022,13,0.976,0.63,22.27
2026-07-25 17:23:43,038,SCN1A6J_019_814_47,196,0.326,2,0.29,0.6336,22.32
2026-07-25 17:33:46,038,SCN1A6J_019_814_47,143,0.238,5,0.583,0.6696,22.27
2026-07-25 17:43:49,038,SCN1A6J_019_814_47,16,0.027,12,0.968,0.684,22.32
2026-07-25 17:53:51,038,SCN1A6J_019_814_47,1,0.002,14,0.998,0.6984,22.27
2026-07-25 18:03:54,038,SCN1A6J_019_814_47,58,0.097,12,0.892,0.0,22.26
2026-07-25 18:13:57,038,SCN1A6J_019_814_47,142,0.236,6,0.628,0.0,22.28
2026-07-25 18:24:00,038,SCN1A6J_019_814_47,137,0.228,4,0.539,0.0,22.24
2026-07-25 18:34:03,038,SCN1A6J_019_814_47,197,0.328,3,0.379,0.0,22.29
2026-07-25 18:44:05,038,SCN1A6J_019_814_47,261,0.434,0,0.0,0.0,22.31
2026-07-25 18:54:08,038,SCN1A6J_019_814_47,203,0.338,0,0.0,0.0,22.42
2026-07-25 19:04:11,038,SCN1A6J_019_814_47,213,0.354,1,0.158,0.0,22.53
2026-07-25 19:14:14,038,SCN1A6J_019_814_47,206,0.343,1,0.163,0.0,22.46
2026-07-25 19:24:17,038,SCN1A6J_019_814_47,297,0.494,0,0.0,0.0,22.42
2026-07-25 19:34:20,038,SCN1A6J_019_814_47,198,0.329,2,0.288,0.0,22.39
2026-07-25 19:44:22,038,SCN1A6J_019_814_47,175,0.291,2,0.314,0.0,22.55
2026-07-25 19:54:25,038,SCN1A6J_019_814_47,324,0.539,0,0.0,0.0,22.51
2026-07-25 20:04:28,038,SCN1A6J_019_814_47,257,0.428,2,0.237,0.0,22.53
2026-07-25 20:14:31,038,SCN1A6J_019_814_47,291,0.484,0,0.0,0.0,22.56
2026-07-25 20:24:34,038,SCN1A6J_019_814_47,202,0.336,3,0.373,0.0,22.54
2026-07-25 20:34:37,038,SCN1A6J_019_814_47,252,0.42,1,0.137,0.0,22.59
2026-07-25 20:45:00,038,SCN1A6J_019_814_47,209,0.349,3,0.365,0.0,22.63
2026-07-25 20:55:02,038,SCN1A6J_019_814_47,239,0.398,0,0.0,0.0,22.62
2026-07-25 21:05:05,038,SCN1A6J_019_814_47,226,0.376,4,0.415,0.0,22.67
2026-07-25 21:15:09,038,SCN1A6J_019_814_47,253,0.421,1,0.137,0.0,22.71
2026-07-25 21:25:11,038,SCN1A6J_019_814_47,268,0.446,1,0.13,0.0,22.66
2026-07-25 21:35:14,038,SCN1A6J_019_814_47,197,0.328,5,0.504,0.0,22.71
2026-07-25 21:45:18,038,SCN1A6J_019_814_47,173,0.287,7,0.618,0.0,22.62
2026-07-25 21:55:20,038,SCN1A6J_019_814_47,60,0.1,10,0.87,0.0,22.52
2026-07-25 22:05:23,038,SCN1A6J_019_814_47,173,0.287,4,0.48,0.0,22.45
2026-07-25 22:15:27,038,SCN1A6J_019_814_47,286,0.476,1,0.123,0.0,22.49
2026-07-25 22:25:29,038,SCN1A6J_019_814_47,214,0.357,4,0.428,0.0,22.6
2026-07-25 22:35:32,038,SCN1A6J_019_814_47,299,0.498,0,0.0,0.0,22.73
2026-07-25 22:45:35,038,SCN1A6J_019_814_47,245,0.408,4,0.395,0.0,22.63
2026-07-25 22:55:37,038,SCN1A6J_019_814_47,281,0.468,3,0.299,0.0,22.65
2026-07-25 23:05:41,038,SCN1A6J_019_814_47,284,0.473,1,0.123,0.0,22.71
2026-07-25 23:15:43,038,SCN1A6J_019_814_47,236,0.393,4,0.404,0.0,22.76
2026-07-25 23:25:46,038,SCN1A6J_019_814_47,267,0.444,2,0.231,0.0,22.66
2026-07-25 23:35:49,038,SCN1A6J_019_814_47,308,0.512,1,0.115,0.0,22.71
2026-07-25 23:45:52,038,SCN1A6J_019_814_47,289,0.481,3,0.293,0.0,22.7
2026-07-25 23:55:55,038,SCN1A6J_019_814_47,214,0.356,5,0.483,0.0,22.73
2026-07-26 00:05:58,038,SCN1A6J_019_814_47,210,0.349,3,0.364,0.0,22.59
2026-07-26 00:16:01,038,SCN1A6J_019_814_47,198,0.329,4,0.447,0.0,22.52
2026-07-26 00:26:04,038,SCN1A6J_019_814_47,254,0.423,3,0.321,0.0,22.48
2026-07-26 00:36:07,038,SCN1A6J_019_814_47,278,0.463,2,0.223,0.0,22.42
2026-07-26 00:46:34,038,SCN1A6J_019_814_47,296,0.495,3,0.288,0.0,22.49
2026-07-26 00:56:37,038,SCN1A6J_019_814_47,339,0.564,1,0.106,0.0,22.55
2026-07-26 01:06:40,038,SCN1A6J_019_814_47,48,0.08,10,0.893,0.0,22.58
2026-07-26 01:16:43,038,SCN1A6J_019_814_47,14,0.023,12,0.972,0.0,22.56
2026-07-26 01:26:45,038,SCN1A6J_019_814_47,9,0.015,13,0.983,0.0,22.52
2026-07-26 01:36:48,038,SCN1A6J_019_814_47,3,0.005,14,0.995,0.0,22.43
2026-07-26 01:46:51,038,SCN1A6J_019_814_47,0,0.0,15,1.0,0.0,22.39
2026-07-26 01:56:54,038,SCN1A6J_019_814_47,7,0.012,14,0.988,0.0,22.34
2026-07-26 02:06:57,038,SCN1A6J_019_814_47,0,0.0,15,1.0,0.0,22.31
2026-07-26 02:17:00,038,SCN1A6J_019_814_47,1,0.002,14,0.998,0.0,22.29
2026-07-26 02:27:02,038,SCN1A6J_019_814_47,3,0.005,14,0.995,0.0,22.29
2026-07-26 02:37:05,038,SCN1A6J_019_814_47,186,0.309,3,0.392,0.0,22.33
2026-07-26 02:47:07,038,SCN1A6J_019_814_47,309,0.514,0,0.0,0.0,22.34
2026-07-26 02:57:10,038,SCN1A6J_019_814_47,240,0.4,2,0.25,0.0,22.59
2026-07-26 03:07:13,038,SCN1A6J_019_814_47,204,0.339,6,0.541,0.0,22.48
2026-07-26 03:17:16,038,SCN1A6J_019_814_47,225,0.374,3,0.348,0.0,22.42
2026-07-26 03:27:19,038,SCN1A6J_019_814_47,328,0.546,3,0.268,0.0,22.46
2026-07-26 03:37:22,038,SCN1A6J_019_814_47,406,0.676,0,0.0,0.0,22.54
2026-07-26 03:47:25,038,SCN1A6J_019_814_47,448,0.745,0,0.0,0.0,22.56
2026-07-26 03:57:28,038,SCN1A6J_019_814_47,263,0.438,1,0.132,0.0,22.6
2026-07-26 04:07:30,038,SCN1A6J_019_814_47,45,0.075,9,0.889,0.0,22.6
2026-07-26 04:17:34,038,SCN1A6J_019_814_47,21,0.035,13,0.961,0.0,22.55
2026-07-26 04:27:36,038,SCN1A6J_019_814_47,0,0.0,15,1.0,0.0,22.48
2026-07-26 04:37:39,038,SCN1A6J_019_814_47,3,0.005,14,0.995,0.0,22.42
2026-07-26 04:48:08,038,SCN1A6J_019_814_47,40,0.067,12,0.923,0.0,22.4
2026-07-26 04:58:11,038,SCN1A6J_019_814_47,229,0.382,2,0.259,0.0,22.37
2026-07-26 05:08:14,038,SCN1A6J_019_814_47,390,0.649,0,0.0,0.0,22.36
2026-07-26 05:18:17,038,SCN1A6J_019_814_47,170,0.283,3,0.414,0.0,22.32
2026-07-26 05:28:20,038,SCN1A6J_019_814_47,198,0.329,4,0.447,0.0,22.37
2026-07-26 05:38:23,038,SCN1A6J_019_814_47,233,0.388,5,0.462,0.0,22.33
2026-07-26 05:48:26,038,SCN1A6J_019_814_47,196,0.326,4,0.449,0.0,22.43
2026-07-26 05:58:29,038,SCN1A6J_019_814_47,22,0.037,12,0.956,0.0,22.38
2026-07-26 06:08:32,038,SCN1A6J_019_814_47,11,0.018,14,0.981,0.5976,22.33
2026-07-26 06:18:35,038,SCN1A6J_019_814_47,6,0.01,13,0.989,0.6084,22.29
2026-07-26 06:28:38,038,SCN1A6J_019_814_47,2,0.003,14,0.996,0.6048,22.26
2026-07-26 06:38:40,038,SCN1A6J_019_814_47,26,0.043,10,0.939,0.612,22.25
2026-07-26 06:48:43,038,SCN1A6J_019_814_47,4,0.007,14,0.993,0.6192,22.29
2026-07-26 06:58:47,038,SCN1A6J_019_814_47,19,0.032,12,0.962,0.6372,22.29
2026-07-26 07:08:50,038,SCN1A6J_019_814_47,9,0.015,13,0.983,0.6624,22.29
2026-07-26 07:18:53,038,SCN1A6J_019_814_47,7,0.012,14,0.988,0.5364,22.26
2026-07-26 07:28:56,038,SCN1A6J_019_814_47,22,0.037,12,0.956,0.6012,22.26
2026-07-26 07:38:59,038,SCN1A6J_019_814_47,235,0.391,5,0.46,0.576,22.34
2026-07-26 07:49:02,038,SCN1A6J_019_814_47,186,0.309,5,0.518,0.576,22.28
2026-07-26 07:59:05,038,SCN1A6J_019_814_47,280,0.466,4,0.364,0.6192,22.27
2026-07-26 08:09:08,038,SCN1A6J_019_814_47,356,0.591,3,0.252,0.9072,22.44
2026-07-26 08:19:11,038,SCN1A6J_019_814_47,246,0.409,4,0.394,0.6012,22.46
2026-07-26 08:29:14,038,SCN1A6J_019_814_47,177,0.295,5,0.531,1.0836,22.6
2026-07-26 08:39:17,038,SCN1A6J_019_814_47,14,0.023,13,0.974,1.0764,22.58
2026-07-26 08:49:38,038,SCN1A6J_019_814_47,0,0.0,15,1.0,1.0836,22.57
2026-07-26 08:59:41,038,SCN1A6J_019_814_47,5,0.008,13,0.99,1.0836,22.53
2026-07-26 09:09:44,038,SCN1A6J_019_814_47,0,0.0,15,1.0,1.0728,22.48
2026-07-26 09:19:47,038,SCN1A6J_019_814_47,1,0.002,15,0.998,1.0728,22.44
2026-07-26 09:29:50,038,SCN1A6J_019_814_47,36,0.06,12,0.93,0.6408,22.35
2026-07-26 09:39:53,038,SCN1A6J_019_814_47,210,0.349,4,0.432,0.5544,22.38
2026-07-26 09:49:55,038,SCN1A6J_019_814_47,0,0.0,15,1.0,0.594,22.4
2026-07-26 09:59:58,038,SCN1A6J_019_814_47,0,0.0,15,1.0,0.5256,22.39
2026-07-26 10:10:00,038,SCN1A6J_019_814_47,4,0.007,13,0.992,0.5472,22.38
2026-07-26 10:20:03,038,SCN1A6J_019_814_47,0,0.0,15,1.0,0.5472,22.31
2026-07-26 10:30:06,038,SCN1A6J_019_814_47,1,0.002,15,0.998,0.54,22.29
2026-07-26 10:40:09,038,SCN1A6J_019_814_47,0,0.0,15,1.0,0.5256,22.3
2026-07-26 10:50:12,038,SCN1A6J_019_814_47,1,0.002,14,0.998,0.5256,22.27
2026-07-26 11:00:15,038,SCN1A6J_019_814_47,2,0.003,14,0.996,0.54,22.24
2026-07-26 11:10:19,038,SCN1A6J_019_814_47,0,0.0,15,1.0,0.5904,22.21
2026-07-26 11:20:21,038,SCN1A6J_019_814_47,0,0.0,15,1.0,0.5868,22.19
2026-07-26 11:30:24,038,SCN1A6J_019_814_47,0,0.0,15,1.0,0.5832,22.17
2026-07-26 11:40:27,038,SCN1A6J_019_814_47,19,0.032,10,0.955,0.576,22.21
2026-07-26 11:50:30,038,SCN1A6J_019_814_47,136,0.226,5,0.595,0.684,22.24
2026-07-26 12:00:33,038,SCN1A6J_019_814_47,300,0.499,3,0.286,0.738,22.2
2026-07-26 12:10:36,038,SCN1A6J_019_814_47,50,0.083,8,0.865,0.8064,22.27
2026-07-26 12:20:39,038,SCN1A6J_019_814_47,4,0.007,14,0.993,0.8028,22.27
2026-07-26 12:30:42,038,SCN1A6J_019_814_47,0,0.0,15,1.0,0.8028,22.23
2026-07-26 12:40:45,038,SCN1A6J_019_814_47,9,0.015,14,0.984,0.81,22.19
2026-07-26 12:51:11,038,SCN1A6J_019_814_47,5,0.008,14,0.991,0.7992,22.23
2026-07-26 13:01:13,038,SCN1A6J_019_814_47,0,0.0,15,1.0,0.7992,22.17
2026-07-26 13:11:16,038,SCN1A6J_019_814_47,1,0.002,14,0.998,0.8028,22.15
2026-07-26 13:21:19,038,SCN1A6J_019_814_47,0,0.0,15,1.0,0.8028,22.13
2026-07-26 13:31:23,038,SCN1A6J_019_814_47,0,0.0,15,1.0,0.8136,22.11
2026-07-26 13:41:26,038,SCN1A6J_019_814_47,43,0.072,9,0.893,0.846,22.17
2026-07-26 13:51:29,038,SCN1A6J_019_814_47,126,0.21,5,0.613,0.6696,22.19
2026-07-26 14:01:32,038,SCN1A6J_019_814_47,35,0.058,11,0.926,0.7164,22.21
2026-07-26 14:11:35,038,SCN1A6J_019_814_47,3,0.005,14,0.995,0.7164,22.2
2026-07-26 14:21:38,038,SCN1A6J_019_814_47,5,0.008,14,0.991,0.648,22.18
2026-07-26 14:31:41,038,SCN1A6J_019_814_47,0,0.0,15,1.0,0.6588,22.15
2026-07-26 14:41:44,038,SCN1A6J_019_814_47,8,0.013,14,0.986,0.6624,22.13
2026-07-26 14:51:47,038,SCN1A6J_019_814_47,12,0.02,13,0.977,0.6624,22.13
2026-07-26 15:01:50,038,SCN1A6J_019_814_47,2,0.003,14,0.996,0.6624,22.12
2026-07-26 15:11:53,038,SCN1A6J_019_814_47,0,0.0,15,1.0,0.6732,22.1
2026-07-26 15:21:57,038,SCN1A6J_019_814_47,11,0.018,12,0.978,0.6696,22.1
2026-07-26 15:31:59,038,SCN1A6J_019_814_47,136,0.226,6,0.638,0.6408,22.2
2026-07-26 15:42:03,038,SCN1A6J_019_814_47,104,0.173,5,0.658,0.6516,22.11
2026-07-26 15:52:06,038,SCN1A6J_019_814_47,129,0.215,5,0.608,0.522,22.11
2026-07-26 16:02:09,038,SCN1A6J_019_814_47,9,0.015,13,0.983,0.5292,22.14
2026-07-26 16:12:12,038,SCN1A6J_019_814_47,3,0.005,14,0.995,0.5184,22.14
2026-07-26 16:22:15,038,SCN1A6J_019_814_47,0,0.0,15,1.0,0.5184,22.1
2026-07-26 16:32:18,038,SCN1A6J_019_814_47,6,0.01,14,0.989,0.5436,22.08
2026-07-26 16:42:21,038,SCN1A6J_019_814_47,14,0.023,12,0.972,0.5436,22.05
2026-07-26 16:52:50,038,SCN1A6J_019_814_47,66,0.11,8,0.829,0.522,22.16
2026-07-26 17:02:53,038,SCN1A6J_019_814_47,160,0.266,3,0.429,0.5184,22.15
2026-07-26 17:12:55,038,SCN1A6J_019_814_47,123,0.205,8,0.722,0.504,22.08
2026-07-26 17:22:59,038,SCN1A6J_019_814_47,24,0.04,12,0.952,0.504,22.16
2026-07-26 17:33:02,038,SCN1A6J_019_814_47,0,0.0,15,1.0,0.5148,22.1
2026-07-26 17:43:04,038,SCN1A6J_019_814_47,0,0.0,15,1.0,0.5112,22.07
2026-07-26 17:53:07,038,SCN1A6J_019_814_47,14,0.023,13,0.974,0.5148,22.06
2026-07-26 18:03:10,038,SCN1A6J_019_814_47,74,0.123,10,0.844,0.0,22.1
2026-07-26 18:13:13,038,SCN1A6J_019_814_47,148,0.247,4,0.519,0.0,22.06
2026-07-26 18:23:15,038,SCN1A6J_019_814_47,295,0.492,0,0.0,0.0,22.06
2026-07-26 18:33:18,038,SCN1A6J_019_814_47,197,0.328,3,0.379,0.0,22.03
2026-07-26 18:43:21,038,SCN1A6J_019_814_47,274,0.456,0,0.0,0.0,22.15
2026-07-26 18:53:24,038,SCN1A6J_019_814_47,348,0.579,2,0.187,0.0,22.25
2026-07-26 19:03:26,038,SCN1A6J_019_814_47,162,0.27,5,0.552,0.0,22.15
2026-07-26 19:13:29,038,SCN1A6J_019_814_47,209,0.348,1,0.161,0.0,22.15
2026-07-26 19:23:32,038,SCN1A6J_019_814_47,100,0.166,8,0.762,0.0,22.11
2026-07-26 19:33:35,038,SCN1A6J_019_814_47,215,0.358,3,0.358,0.0,22.13
2026-07-26 19:43:37,038,SCN1A6J_019_814_47,81,0.135,11,0.845,0.0,22.07
2026-07-26 19:53:41,038,SCN1A6J_019_814_47,11,0.018,14,0.981,0.0,22.09
2026-07-26 20:03:44,038,SCN1A6J_019_814_47,34,0.057,11,0.928,0.0,22.09
2026-07-26 20:13:47,038,SCN1A6J_019_814_47,15,0.025,14,0.974,0.0,22.1
2026-07-26 20:23:50,038,SCN1A6J_019_814_47,7,0.012,13,0.987,0.0,22.06
2026-07-26 20:33:53,038,SCN1A6J_019_814_47,37,0.062,13,0.934,0.0,22.07
2026-07-26 20:43:55,038,SCN1A6J_019_814_47,71,0.118,11,0.861,0.0,22.01
2026-07-26 20:54:25,038,SCN1A6J_019_814_47,184,0.308,0,0.0,0.0,22.04
2026-07-26 21:04:28,038,SCN1A6J_019_814_47,211,0.351,3,0.363,0.0,22.1
2026-07-26 21:14:30,038,SCN1A6J_019_814_47,242,0.403,4,0.398,0.0,22.13
2026-07-26 21:24:34,038,SCN1A6J_019_814_47,100,0.166,7,0.737,0.0,22.15
2026-07-26 21:34:36,038,SCN1A6J_019_814_47,220,0.366,1,0.154,0.0,22.14
2026-07-26 21:44:39,038,SCN1A6J_019_814_47,147,0.245,8,0.685,0.0,22.06
2026-07-26 21:54:42,038,SCN1A6J_019_814_47,250,0.415,0,0.0,0.0,22.43
2026-07-26 22:04:45,038,SCN1A6J_019_814_47,195,0.324,1,0.17,0.0,22.72
2026-07-26 22:14:48,038,SCN1A6J_019_814_47,158,0.263,5,0.559,0.0,22.48
2026-07-26 22:24:51,038,SCN1A6J_019_814_47,244,0.406,1,0.141,0.0,22.51
2026-07-26 22:34:54,038,SCN1A6J_019_814_47,172,0.286,5,0.538,0.0,22.42
2026-07-26 22:44:56,038,SCN1A6J_019_814_47,292,0.486,2,0.215,0.0,22.34
2026-07-26 22:54:59,038,SCN1A6J_019_814_47,241,0.401,1,0.142,0.0,22.28
2026-07-26 23:05:02,038,SCN1A6J_019_814_47,210,0.35,3,0.364,0.0,22.25
2026-07-26 23:15:05,038,SCN1A6J_019_814_47,296,0.493,0,0.0,0.0,22.53
2026-07-26 23:25:08,038,SCN1A6J_019_814_47,232,0.386,3,0.341,0.0,22.42
2026-07-26 23:35:10,038,SCN1A6J_019_814_47,217,0.361,2,0.269,0.0,22.31
2026-07-26 23:45:14,038,SCN1A6J_019_814_47,202,0.336,3,0.373,0.0,22.3
2026-07-26 23:55:16,038,SCN1A6J_019_814_47,310,0.516,1,0.114,0.0,22.33
2026-07-25 00:09:25,014,SCN1A6J_019_814_49,0,0.0,15,1.0,0.0,21.44
2026-07-25 00:19:27,014,SCN1A6J_019_814_49,0,0.0,15,1.0,0.0,21.33
2026-07-25 00:29:31,014,SCN1A6J_019_814_49,0,0.0,15,1.0,0.0,21.26
2026-07-25 00:39:34,014,SCN1A6J_019_814_49,0,0.0,15,1.0,0.0,21.19
2026-07-25 00:49:37,014,SCN1A6J_019_814_49,0,0.0,15,1.0,0.0,21.14
2026-07-25 00:59:57,014,SCN1A6J_019_814_49,0,0.0,15,1.0,0.0,21.13
2026-07-25 01:10:00,014,SCN1A6J_019_814_49,0,0.0,15,1.0,0.0,21.12
2026-07-25 01:20:04,014,SCN1A6J_019_814_49,0,0.0,15,1.0,0.0,21.12
2026-07-25 01:30:07,014,SCN1A6J_019_814_49,0,0.0,15,1.0,0.0,21.13
2026-07-25 01:40:11,014,SCN1A6J_019_814_49,0,0.0,15,1.0,0.0,21.12
2026-07-25 01:50:15,014,SCN1A6J_019_814_49,88,0.146,9,0.804,0.0,21.3
2026-07-25 02:00:18,014,SCN1A6J_019_814_49,146,0.243,4,0.523,0.0,21.61
2026-07-25 02:10:22,014,SCN1A6J_019_814_49,123,0.204,6,0.661,0.0,21.81
2026-07-25 02:20:26,014,SCN1A6J_019_814_49,89,0.148,7,0.759,0.0,22.03
2026-07-25 02:30:29,014,SCN1A6J_019_814_49,150,0.249,2,0.348,0.0,22.07
2026-07-25 02:40:33,014,SCN1A6J_019_814_49,149,0.248,3,0.446,0.0,22.1
2026-07-25 02:50:36,014,SCN1A6J_019_814_49,101,0.168,8,0.76,0.0,22.13
2026-07-25 03:00:39,014,SCN1A6J_019_814_49,170,0.283,4,0.485,0.0,22.04
2026-07-25 03:10:43,014,SCN1A6J_019_814_49,111,0.185,7,0.716,0.0,21.98
2026-07-25 03:20:46,014,SCN1A6J_019_814_49,0,0.0,15,1.0,0.0,21.72
2026-07-25 03:30:49,014,SCN1A6J_019_814_49,3,0.005,13,0.994,0.0,21.52
2026-07-25 03:40:53,014,SCN1A6J_019_814_49,1,0.002,14,0.998,0.0,21.38
2026-07-25 03:50:56,014,SCN1A6J_019_814_49,0,0.0,15,1.0,0.0,21.28
2026-07-25 04:01:00,014,SCN1A6J_019_814_49,0,0.0,15,1.0,0.0,21.19
2026-07-25 04:11:02,014,SCN1A6J_019_814_49,0,0.0,15,1.0,0.0,21.14
2026-07-25 04:21:06,014,SCN1A6J_019_814_49,0,0.0,15,1.0,0.0,21.11
2026-07-25 04:31:10,014,SCN1A6J_019_814_49,0,0.0,15,1.0,0.0,21.07
2026-07-25 04:41:13,014,SCN1A6J_019_814_49,0,0.0,15,1.0,0.0,21.05
2026-07-25 04:51:17,014,SCN1A6J_019_814_49,36,0.06,10,0.917,0.0,21.13
2026-07-25 05:01:33,014,SCN1A6J_019_814_49,80,0.133,7,0.778,0.0,21.49
2026-07-25 05:11:37,014,SCN1A6J_019_814_49,178,0.296,2,0.31,0.0,21.7
2026-07-25 05:21:40,014,SCN1A6J_019_814_49,113,0.188,6,0.68,0.0,21.71
2026-07-25 05:31:44,014,SCN1A6J_019_814_49,94,0.156,8,0.773,0.0,21.66
2026-07-25 05:41:47,014,SCN1A6J_019_814_49,63,0.105,11,0.875,0.0,21.59
2026-07-25 05:51:50,014,SCN1A6J_019_814_49,2,0.003,14,0.996,0.0,21.47
2026-07-25 06:01:53,014,SCN1A6J_019_814_49,0,0.0,15,1.0,0.4068,21.38
2026-07-25 06:11:56,014,SCN1A6J_019_814_49,0,0.0,15,1.0,0.396,21.33
2026-07-25 06:22:00,014,SCN1A6J_019_814_49,0,0.0,15,1.0,0.4068,21.26
2026-07-25 06:32:03,014,SCN1A6J_019_814_49,0,0.0,15,1.0,0.4068,21.25
2026-07-25 06:42:06,014,SCN1A6J_019_814_49,0,0.0,15,1.0,0.396,21.2
2026-07-25 06:52:10,014,SCN1A6J_019_814_49,0,0.0,15,1.0,0.4068,21.18
2026-07-25 07:02:14,014,SCN1A6J_019_814_49,0,0.0,15,1.0,0.396,21.15
2026-07-25 07:12:17,014,SCN1A6J_019_814_49,0,0.0,15,1.0,0.4068,21.14
2026-07-25 07:22:21,014,SCN1A6J_019_814_49,0,0.0,15,1.0,0.396,21.09
2026-07-25 07:32:24,014,SCN1A6J_019_814_49,0,0.0,15,1.0,0.396,21.09
2026-07-25 07:42:27,014,SCN1A6J_019_814_49,0,0.0,15,1.0,0.396,21.1
2026-07-25 07:52:30,014,SCN1A6J_019_814_49,0,0.0,15,1.0,0.396,21.09
2026-07-25 08:02:34,014,SCN1A6J_019_814_49,0,0.0,15,1.0,0.396,21.09
2026-07-25 08:12:36,014,SCN1A6J_019_814_49,0,0.0,15,1.0,0.396,21.08
2026-07-25 08:22:40,014,SCN1A6J_019_814_49,0,0.0,15,1.0,0.396,21.09
2026-07-25 08:32:43,014,SCN1A6J_019_814_49,0,0.0,15,1.0,0.396,21.06
2026-07-25 08:42:46,014,SCN1A6J_019_814_49,0,0.0,15,1.0,0.396,21.06
2026-07-25 08:52:50,014,SCN1A6J_019_814_49,0,0.0,15,1.0,0.396,21.07
2026-07-25 09:03:07,014,SCN1A6J_019_814_49,0,0.0,15,1.0,0.396,21.1
2026-07-25 09:13:11,014,SCN1A6J_019_814_49,13,0.022,13,0.976,0.396,21.14
2026-07-25 09:23:15,014,SCN1A6J_019_814_49,0,0.0,15,1.0,0.396,21.13
2026-07-25 09:33:19,014,SCN1A6J_019_814_49,0,0.0,15,1.0,0.396,21.13
2026-07-25 09:43:22,014,SCN1A6J_019_814_49,0,0.0,15,1.0,0.396,21.12
2026-07-25 09:53:25,014,SCN1A6J_019_814_49,0,0.0,15,1.0,0.4212,21.12
2026-07-25 10:03:29,014,SCN1A6J_019_814_49,0,0.0,15,1.0,0.4212,21.1
2026-07-25 10:13:33,014,SCN1A6J_019_814_49,0,0.0,15,1.0,0.396,21.07
2026-07-25 10:23:36,014,SCN1A6J_019_814_49,0,0.0,15,1.0,0.3996,21.06
2026-07-25 10:33:40,014,SCN1A6J_019_814_49,0,0.0,15,1.0,0.396,21.06
2026-07-25 10:43:43,014,SCN1A6J_019_814_49,0,0.0,15,1.0,0.396,21.05
2026-07-25 10:53:46,014,SCN1A6J_019_814_49,0,0.0,15,1.0,0.396,21.04
2026-07-25 11:03:50,014,SCN1A6J_019_814_49,0,0.0,15,1.0,0.3456,21.03
2026-07-25 11:13:53,014,SCN1A6J_019_814_49,173,0.287,4,0.48,0.414,21.16
2026-07-25 11:23:57,014,SCN1A6J_019_814_49,39,0.065,10,0.911,0.3996,21.2
2026-07-25 11:34:00,014,SCN1A6J_019_814_49,0,0.0,15,1.0,0.3996,21.16
2026-07-25 11:44:04,014,SCN1A6J_019_814_49,0,0.0,15,1.0,0.3996,21.13
2026-07-25 11:54:07,014,SCN1A6J_019_814_49,0,0.0,15,1.0,0.396,21.1
2026-07-25 12:04:11,014,SCN1A6J_019_814_49,0,0.0,15,1.0,0.396,21.09
2026-07-25 12:14:14,014,SCN1A6J_019_814_49,0,0.0,15,1.0,0.396,21.07
2026-07-25 12:24:17,014,SCN1A6J_019_814_49,0,0.0,15,1.0,0.396,21.07
2026-07-25 12:34:20,014,SCN1A6J_019_814_49,0,0.0,15,1.0,0.396,21.05
2026-07-25 12:44:24,014,SCN1A6J_019_814_49,0,0.0,15,1.0,0.396,21.05
2026-07-25 12:54:27,014,SCN1A6J_019_814_49,0,0.0,15,1.0,0.396,21.04
2026-07-25 13:04:53,014,SCN1A6J_019_814_49,0,0.0,15,1.0,0.396,21.08
2026-07-25 13:14:58,014,SCN1A6J_019_814_49,0,0.0,15,1.0,0.396,21.06
2026-07-25 13:25:01,014,SCN1A6J_019_814_49,86,0.143,10,0.823,0.396,21.16
2026-07-25 13:35:04,014,SCN1A6J_019_814_49,11,0.018,14,0.981,0.4032,21.17
2026-07-25 13:45:07,014,SCN1A6J_019_814_49,0,0.0,15,1.0,0.4032,21.14
2026-07-25 13:55:11,014,SCN1A6J_019_814_49,0,0.0,15,1.0,0.4032,21.12
2026-07-25 14:05:13,014,SCN1A6J_019_814_49,0,0.0,15,1.0,0.4032,21.1
2026-07-25 14:15:17,014,SCN1A6J_019_814_49,0,0.0,15,1.0,0.4032,21.08
2026-07-25 14:25:21,014,SCN1A6J_019_814_49,0,0.0,15,1.0,0.4068,21.06
2026-07-25 14:35:25,014,SCN1A6J_019_814_49,0,0.0,15,1.0,0.4032,21.05
2026-07-25 14:45:28,014,SCN1A6J_019_814_49,0,0.0,15,1.0,0.4032,21.04
2026-07-25 14:55:31,014,SCN1A6J_019_814_49,0,0.0,15,1.0,0.4032,21.04
2026-07-25 15:05:35,014,SCN1A6J_019_814_49,0,0.0,15,1.0,0.4032,21.04
2026-07-25 15:15:38,014,SCN1A6J_019_814_49,0,0.0,15,1.0,0.4104,21.04
2026-07-25 15:25:41,014,SCN1A6J_019_814_49,113,0.188,6,0.68,0.414,21.16
2026-07-25 15:35:45,014,SCN1A6J_019_814_49,12,0.02,13,0.977,0.3888,21.21
2026-07-25 15:45:49,014,SCN1A6J_019_814_49,43,0.071,11,0.911,0.3996,21.24
2026-07-25 15:55:52,014,SCN1A6J_019_814_49,31,0.051,12,0.939,0.3636,21.24
2026-07-25 16:05:56,014,SCN1A6J_019_814_49,0,0.0,15,1.0,0.3708,21.2
2026-07-25 16:15:59,014,SCN1A6J_019_814_49,0,0.0,15,1.0,0.3636,21.16
2026-07-25 16:26:02,014,SCN1A6J_019_814_49,0,0.0,15,1.0,0.36,21.14
2026-07-25 16:36:06,014,SCN1A6J_019_814_49,0,0.0,15,1.0,0.36,21.11
2026-07-25 16:46:10,014,SCN1A6J_019_814_49,0,0.0,15,1.0,0.36,21.1
2026-07-25 16:56:13,014,SCN1A6J_019_814_49,0,0.0,15,1.0,0.3708,21.08
2026-07-25 17:06:37,014,SCN1A6J_019_814_49,0,0.0,15,1.0,0.36,21.13
2026-07-25 17:16:41,014,SCN1A6J_019_814_49,46,0.077,10,0.897,0.36,21.16
2026-07-25 17:26:44,014,SCN1A6J_019_814_49,24,0.04,13,0.956,0.3888,21.19
2026-07-25 17:36:48,014,SCN1A6J_019_814_49,0,0.0,15,1.0,0.3888,21.15
2026-07-25 17:46:50,014,SCN1A6J_019_814_49,0,0.0,15,1.0,0.3888,21.15
2026-07-25 17:56:54,014,SCN1A6J_019_814_49,0,0.0,15,1.0,0.3888,21.11
2026-07-25 18:06:57,014,SCN1A6J_019_814_49,81,0.135,10,0.832,0.0,21.15
2026-07-25 18:17:01,014,SCN1A6J_019_814_49,121,0.201,7,0.698,0.0,21.38
2026-07-25 18:27:05,014,SCN1A6J_019_814_49,56,0.093,7,0.833,0.0,21.96
2026-07-25 18:37:09,014,SCN1A6J_019_814_49,101,0.168,4,0.613,0.0,22.16
2026-07-25 18:47:12,014,SCN1A6J_019_814_49,119,0.198,4,0.573,0.0,22.45
2026-07-25 18:57:16,014,SCN1A6J_019_814_49,118,0.196,2,0.404,0.0,22.52
2026-07-25 19:07:20,014,SCN1A6J_019_814_49,119,0.198,6,0.669,0.0,22.45
2026-07-25 19:17:23,014,SCN1A6J_019_814_49,126,0.209,2,0.388,0.0,22.59
2026-07-25 19:27:27,014,SCN1A6J_019_814_49,66,0.11,9,0.845,0.0,22.4
2026-07-25 19:37:31,014,SCN1A6J_019_814_49,87,0.145,1,0.315,0.0,22.49
2026-07-25 19:47:34,014,SCN1A6J_019_814_49,76,0.126,6,0.759,0.0,22.4
2026-07-25 19:57:37,014,SCN1A6J_019_814_49,76,0.126,6,0.759,0.0,22.48
2026-07-25 20:07:41,014,SCN1A6J_019_814_49,86,0.143,2,0.482,0.0,22.49
2026-07-25 20:17:44,014,SCN1A6J_019_814_49,95,0.158,4,0.627,0.0,22.64
2026-07-25 20:27:47,014,SCN1A6J_019_814_49,93,0.155,6,0.721,0.0,22.47
2026-07-25 20:37:51,014,SCN1A6J_019_814_49,96,0.16,5,0.676,0.0,22.32
2026-07-25 20:47:54,014,SCN1A6J_019_814_49,66,0.11,8,0.829,0.0,22.26
2026-07-25 20:57:57,014,SCN1A6J_019_814_49,104,0.173,4,0.606,0.0,22.04
2026-07-25 21:08:24,014,SCN1A6J_019_814_49,85,0.142,6,0.738,0.0,22.25
2026-07-25 21:18:27,014,SCN1A6J_019_814_49,14,0.023,10,0.966,0.0,22.06
2026-07-25 21:28:31,014,SCN1A6J_019_814_49,177,0.295,3,0.404,0.0,22.11
2026-07-25 21:38:33,014,SCN1A6J_019_814_49,79,0.131,8,0.802,0.0,21.96
2026-07-25 21:48:37,014,SCN1A6J_019_814_49,135,0.225,5,0.597,0.0,21.85
2026-07-25 21:58:40,014,SCN1A6J_019_814_49,136,0.226,5,0.595,0.0,21.91
2026-07-25 22:08:44,014,SCN1A6J_019_814_49,61,0.101,9,0.855,0.0,21.81
2026-07-25 22:18:47,014,SCN1A6J_019_814_49,85,0.141,4,0.653,0.0,21.87
2026-07-25 22:28:51,014,SCN1A6J_019_814_49,62,0.103,9,0.853,0.0,21.78
2026-07-25 22:38:54,014,SCN1A6J_019_814_49,98,0.163,6,0.71,0.0,21.81
2026-07-25 22:48:58,014,SCN1A6J_019_814_49,119,0.198,4,0.573,0.0,22.12
2026-07-25 22:59:01,014,SCN1A6J_019_814_49,120,0.2,5,0.625,0.0,22.08
2026-07-25 23:09:04,014,SCN1A6J_019_814_49,2,0.003,15,0.997,0.0,21.81
2026-07-25 23:19:08,014,SCN1A6J_019_814_49,3,0.005,13,0.994,0.0,21.6
2026-07-25 23:29:11,014,SCN1A6J_019_814_49,0,0.0,15,1.0,0.0,21.44
2026-07-25 23:39:15,014,SCN1A6J_019_814_49,0,0.0,15,1.0,0.0,21.32
2026-07-25 23:49:19,014,SCN1A6J_019_814_49,0,0.0,15,1.0,0.0,21.24
2026-07-25 23:59:22,014,SCN1A6J_019_814_49,0,0.0,15,1.0,0.0,21.17
2026-07-26 00:09:26,014,SCN1A6J_019_814_49,0,0.0,15,1.0,0.0,21.12
2026-07-26 00:19:30,014,SCN1A6J_019_814_49,0,0.0,15,1.0,0.0,21.1
2026-07-26 00:29:34,014,SCN1A6J_019_814_49,0,0.0,15,1.0,0.0,21.06
2026-07-26 00:39:38,014,SCN1A6J_019_814_49,57,0.095,13,0.901,0.0,21.07
2026-07-26 00:49:41,014,SCN1A6J_019_814_49,140,0.233,3,0.462,0.0,21.28
2026-07-26 00:59:44,014,SCN1A6J_019_814_49,35,0.058,10,0.92,0.0,21.52
2026-07-26 01:10:10,014,SCN1A6J_019_814_49,47,0.078,10,0.895,0.0,21.7
2026-07-26 01:20:14,014,SCN1A6J_019_814_49,127,0.211,3,0.486,0.0,21.74
2026-07-26 01:30:18,014,SCN1A6J_019_814_49,101,0.168,8,0.76,0.0,21.71
2026-07-26 01:40:21,014,SCN1A6J_019_814_49,111,0.184,3,0.519,0.0,21.76
2026-07-26 01:50:25,014,SCN1A6J_019_814_49,6,0.01,13,0.989,0.0,21.59
2026-07-26 02:00:28,014,SCN1A6J_019_814_49,111,0.184,7,0.716,0.0,21.57
2026-07-26 02:10:32,014,SCN1A6J_019_814_49,65,0.108,9,0.847,0.0,21.5
2026-07-26 02:20:35,014,SCN1A6J_019_814_49,0,0.0,15,1.0,0.0,21.4
2026-07-26 02:30:38,014,SCN1A6J_019_814_49,1,0.002,15,0.998,0.0,21.31
2026-07-26 02:40:41,014,SCN1A6J_019_814_49,0,0.0,15,1.0,0.0,21.25
2026-07-26 02:50:45,014,SCN1A6J_019_814_49,43,0.072,12,0.918,0.0,21.23
2026-07-26 03:00:48,014,SCN1A6J_019_814_49,0,0.0,15,1.0,0.0,21.21
2026-07-26 03:10:52,014,SCN1A6J_019_814_49,0,0.0,15,1.0,0.0,21.15
2026-07-26 03:20:55,014,SCN1A6J_019_814_49,0,0.0,15,1.0,0.0,21.1
2026-07-26 03:30:59,014,SCN1A6J_019_814_49,0,0.0,15,1.0,0.0,21.07
2026-07-26 03:41:01,014,SCN1A6J_019_814_49,0,0.0,15,1.0,0.0,21.04
2026-07-26 03:51:05,014,SCN1A6J_019_814_49,0,0.0,15,1.0,0.0,21.03
2026-07-26 04:01:08,014,SCN1A6J_019_814_49,0,0.0,15,1.0,0.0,21.0
2026-07-26 04:11:11,014,SCN1A6J_019_814_49,0,0.0,15,1.0,0.0,21.01
2026-07-26 04:21:15,014,SCN1A6J_019_814_49,104,0.173,7,0.729,0.0,21.07
2026-07-26 04:31:18,014,SCN1A6J_019_814_49,39,0.065,10,0.911,0.0,21.15
2026-07-26 04:41:22,014,SCN1A6J_019_814_49,144,0.239,3,0.455,0.0,21.54
2026-07-26 04:51:26,014,SCN1A6J_019_814_49,28,0.047,10,0.935,0.0,21.69
2026-07-26 05:01:30,014,SCN1A6J_019_814_49,45,0.075,11,0.907,0.0,21.59
2026-07-26 05:11:54,014,SCN1A6J_019_814_49,73,0.122,8,0.814,0.0,21.75
2026-07-26 05:21:57,014,SCN1A6J_019_814_49,50,0.083,9,0.878,0.0,21.65
2026-07-26 05:32:01,014,SCN1A6J_019_814_49,89,0.148,9,0.802,0.0,21.65
2026-07-26 05:42:04,014,SCN1A6J_019_814_49,1,0.002,14,0.998,0.0,21.46
2026-07-26 05:52:08,014,SCN1A6J_019_814_49,2,0.003,14,0.996,0.0,21.33
2026-07-26 06:02:11,014,SCN1A6J_019_814_49,0,0.0,15,1.0,0.3888,21.23
2026-07-26 06:12:14,014,SCN1A6J_019_814_49,0,0.0,15,1.0,0.3888,21.16
2026-07-26 06:22:17,014,SCN1A6J_019_814_49,0,0.0,15,1.0,0.3924,21.12
2026-07-26 06:32:20,014,SCN1A6J_019_814_49,0,0.0,15,1.0,0.3816,21.06
2026-07-26 06:42:24,014,SCN1A6J_019_814_49,0,0.0,15,1.0,0.3816,21.03
2026-07-26 06:52:28,014,SCN1A6J_019_814_49,0,0.0,15,1.0,0.3816,21.02
2026-07-26 07:02:31,014,SCN1A6J_019_814_49,0,0.0,15,1.0,0.3816,20.99
2026-07-26 07:12:35,014,SCN1A6J_019_814_49,8,0.013,14,0.986,0.3924,20.99
2026-07-26 07:22:39,014,SCN1A6J_019_814_49,0,0.0,15,1.0,0.3888,20.99
2026-07-26 07:32:42,014,SCN1A6J_019_814_49,0,0.0,15,1.0,0.3888,20.98
2026-07-26 07:42:45,014,SCN1A6J_019_814_49,0,0.0,15,1.0,0.3924,20.97
2026-07-26 07:52:48,014,SCN1A6J_019_814_49,0,0.0,15,1.0,0.3924,20.97
2026-07-26 08:02:51,014,SCN1A6J_019_814_49,0,0.0,15,1.0,0.3924,20.97
2026-07-26 08:12:55,014,SCN1A6J_019_814_49,0,0.0,15,1.0,0.3924,20.98
2026-07-26 08:22:59,014,SCN1A6J_019_814_49,1,0.002,15,0.998,0.3924,20.99
2026-07-26 08:33:03,014,SCN1A6J_019_814_49,0,0.0,15,1.0,0.3924,20.98
2026-07-26 08:43:07,014,SCN1A6J_019_814_49,0,0.0,15,1.0,0.3888,21.0
2026-07-26 08:53:10,014,SCN1A6J_019_814_49,27,0.045,12,0.947,0.3816,21.02
2026-07-26 09:03:14,014,SCN1A6J_019_814_49,70,0.116,10,0.851,0.3528,21.09
2026-07-26 09:13:36,014,SCN1A6J_019_814_49,0,0.0,15,1.0,0.3672,21.16
2026-07-26 09:23:40,014,SCN1A6J_019_814_49,0,0.0,15,1.0,0.3996,21.12
2026-07-26 09:33:43,014,SCN1A6J_019_814_49,0,0.0,15,1.0,0.5472,21.11
2026-07-26 09:43:46,014,SCN1A6J_019_814_49,0,0.0,15,1.0,0.54,21.14
2026-07-26 09:53:49,014,SCN1A6J_019_814_49,0,0.0,15,1.0,0.3996,21.16
2026-07-26 10:03:53,014,SCN1A6J_019_814_49,0,0.0,15,1.0,0.3888,21.16
2026-07-26 10:13:57,014,SCN1A6J_019_814_49,0,0.0,15,1.0,0.378,21.14
2026-07-26 10:24:00,014,SCN1A6J_019_814_49,0,0.0,15,1.0,0.3744,21.14
2026-07-26 10:34:04,014,SCN1A6J_019_814_49,0,0.0,15,1.0,0.378,21.12
2026-07-26 10:44:07,014,SCN1A6J_019_814_49,0,0.0,15,1.0,0.378,21.12
2026-07-26 10:54:11,014,SCN1A6J_019_814_49,0,0.0,15,1.0,0.378,21.1
2026-07-26 11:04:14,014,SCN1A6J_019_814_49,0,0.0,15,1.0,0.378,21.09
2026-07-26 11:14:17,014,SCN1A6J_019_814_49,0,0.0,15,1.0,0.3744,21.09
2026-07-26 11:24:21,014,SCN1A6J_019_814_49,0,0.0,15,1.0,0.3744,21.07
2026-07-26 11:34:24,014,SCN1A6J_019_814_49,0,0.0,15,1.0,0.378,21.06
2026-07-26 11:44:27,014,SCN1A6J_019_814_49,0,0.0,15,1.0,0.3744,21.06
2026-07-26 11:54:31,014,SCN1A6J_019_814_49,53,0.088,10,0.883,0.378,21.19
2026-07-26 12:04:34,014,SCN1A6J_019_814_49,53,0.088,10,0.883,0.3528,21.3
2026-07-26 12:14:38,014,SCN1A6J_019_814_49,55,0.092,12,0.897,0.36,21.29
2026-07-26 12:24:41,014,SCN1A6J_019_814_49,22,0.037,13,0.959,0.36,21.25
2026-07-26 12:34:44,014,SCN1A6J_019_814_49,35,0.058,12,0.932,0.3744,21.28
2026-07-26 12:44:48,014,SCN1A6J_019_814_49,4,0.007,14,0.993,0.3888,21.23
2026-07-26 12:54:51,014,SCN1A6J_019_814_49,0,0.0,15,1.0,0.3888,21.2
2026-07-26 13:04:55,014,SCN1A6J_019_814_49,0,0.0,15,1.0,0.3888,21.16
2026-07-26 13:15:17,014,SCN1A6J_019_814_49,0,0.0,15,1.0,0.3888,21.18
2026-07-26 13:25:20,014,SCN1A6J_019_814_49,0,0.0,15,1.0,0.414,21.13
2026-07-26 13:35:23,014,SCN1A6J_019_814_49,0,0.0,15,1.0,0.4104,21.1
2026-07-26 13:45:26,014,SCN1A6J_019_814_49,0,0.0,15,1.0,0.3888,21.07
2026-07-26 13:55:30,014,SCN1A6J_019_814_49,0,0.0,15,1.0,0.3888,21.06
2026-07-26 14:05:33,014,SCN1A6J_019_814_49,0,0.0,15,1.0,0.3888,21.05
2026-07-26 14:15:36,014,SCN1A6J_019_814_49,0,0.0,15,1.0,0.3888,21.04
2026-07-26 14:25:40,014,SCN1A6J_019_814_49,0,0.0,15,1.0,0.4212,21.03
2026-07-26 14:35:43,014,SCN1A6J_019_814_49,0,0.0,15,1.0,0.4212,21.03
2026-07-26 14:45:46,014,SCN1A6J_019_814_49,61,0.101,9,0.855,0.4284,21.13
2026-07-26 14:55:50,014,SCN1A6J_019_814_49,40,0.067,12,0.923,0.4356,21.19
2026-07-26 15:05:53,014,SCN1A6J_019_814_49,0,0.0,15,1.0,0.4248,21.15
2026-07-26 15:15:56,014,SCN1A6J_019_814_49,0,0.0,15,1.0,0.4248,21.1
2026-07-26 15:26:00,014,SCN1A6J_019_814_49,0,0.0,15,1.0,0.4248,21.06
2026-07-26 15:36:03,014,SCN1A6J_019_814_49,0,0.0,15,1.0,0.4248,21.01
2026-07-26 15:46:06,014,SCN1A6J_019_814_49,0,0.0,15,1.0,0.4248,20.95
2026-07-26 15:56:09,014,SCN1A6J_019_814_49,0,0.0,15,1.0,0.4356,20.91
2026-07-26 16:06:12,014,SCN1A6J_019_814_49,0,0.0,15,1.0,0.4356,20.88
2026-07-26 16:16:16,014,SCN1A6J_019_814_49,10,0.017,14,0.982,0.4032,20.87
2026-07-26 16:26:20,014,SCN1A6J_019_814_49,17,0.028,13,0.968,0.4248,20.97
2026-07-26 16:36:23,014,SCN1A6J_019_814_49,42,0.07,10,0.905,0.4356,21.04
2026-07-26 16:46:27,014,SCN1A6J_019_814_49,0,0.0,15,1.0,0.4104,21.01
2026-07-26 16:56:30,014,SCN1A6J_019_814_49,0,0.0,15,1.0,0.414,20.98
2026-07-26 17:06:34,014,SCN1A6J_019_814_49,0,0.0,15,1.0,0.4104,20.94
2026-07-26 17:16:53,014,SCN1A6J_019_814_49,0,0.0,15,1.0,0.414,20.95
2026-07-26 17:26:57,014,SCN1A6J_019_814_49,7,0.012,14,0.988,0.3816,20.92
2026-07-26 17:37:00,014,SCN1A6J_019_814_49,8,0.013,14,0.986,0.4104,20.96
2026-07-26 17:47:04,014,SCN1A6J_019_814_49,66,0.11,10,0.858,0.3888,21.04
2026-07-26 17:57:07,014,SCN1A6J_019_814_49,65,0.108,8,0.831,0.396,21.44
2026-07-26 18:07:10,014,SCN1A6J_019_814_49,0,0.0,15,1.0,0.0,21.3
2026-07-26 18:17:13,014,SCN1A6J_019_814_49,51,0.085,10,0.887,0.0,21.29
2026-07-26 18:27:17,014,SCN1A6J_019_814_49,106,0.176,4,0.602,0.0,21.88
2026-07-26 18:37:21,014,SCN1A6J_019_814_49,100,0.166,6,0.706,0.0,21.98
2026-07-26 18:47:25,014,SCN1A6J_019_814_49,145,0.241,1,0.216,0.0,22.21
2026-07-26 18:57:28,014,SCN1A6J_019_814_49,105,0.175,7,0.727,0.0,22.33
2026-07-26 19:07:31,014,SCN1A6J_019_814_49,142,0.236,4,0.53,0.0,22.31
2026-07-26 19:17:34,014,SCN1A6J_019_814_49,100,0.166,5,0.667,0.0,22.55
2026-07-26 19:27:37,014,SCN1A6J_019_814_49,130,0.216,2,0.381,0.0,22.53
2026-07-26 19:37:41,014,SCN1A6J_019_814_49,32,0.053,8,0.909,0.0,22.31
2026-07-26 19:47:44,014,SCN1A6J_019_814_49,92,0.153,5,0.685,0.0,22.02
2026-07-26 19:57:48,014,SCN1A6J_019_814_49,86,0.143,7,0.765,0.0,22.19
2026-07-26 20:07:51,014,SCN1A6J_019_814_49,136,0.226,6,0.638,0.0,22.2
2026-07-26 20:17:55,014,SCN1A6J_019_814_49,95,0.158,6,0.716,0.0,22.16
2026-07-26 20:27:59,014,SCN1A6J_019_814_49,118,0.196,3,0.504,0.0,22.11
2026-07-26 20:38:02,014,SCN1A6J_019_814_49,86,0.143,8,0.788,0.0,21.96
2026-07-26 20:48:06,014,SCN1A6J_019_814_49,137,0.228,4,0.539,0.0,21.86
2026-07-26 20:58:09,014,SCN1A6J_019_814_49,60,0.1,6,0.8,0.0,22.11
2026-07-26 21:08:13,014,SCN1A6J_019_814_49,92,0.153,6,0.723,0.0,22.2
2026-07-26 21:18:37,014,SCN1A6J_019_814_49,120,0.2,5,0.625,0.0,22.02
2026-07-26 21:28:41,014,SCN1A6J_019_814_49,138,0.23,4,0.537,0.0,22.28
2026-07-26 21:38:44,014,SCN1A6J_019_814_49,128,0.213,2,0.385,0.0,22.54
2026-07-26 21:48:48,014,SCN1A6J_019_814_49,122,0.203,3,0.496,0.0,22.35
2026-07-26 21:58:52,014,SCN1A6J_019_814_49,73,0.121,8,0.814,0.0,22.31
2026-07-26 22:08:55,014,SCN1A6J_019_814_49,114,0.189,4,0.584,0.0,22.42
2026-07-26 22:18:58,014,SCN1A6J_019_814_49,120,0.2,5,0.625,0.0,22.36
2026-07-26 22:29:01,014,SCN1A6J_019_814_49,95,0.158,7,0.747,0.0,22.12
2026-07-26 22:39:05,014,SCN1A6J_019_814_49,82,0.136,10,0.83,0.0,21.94
2026-07-26 22:49:08,014,SCN1A6J_019_814_49,2,0.003,14,0.996,0.0,21.67
2026-07-26 22:59:11,014,SCN1A6J_019_814_49,1,0.002,15,0.998,0.0,21.46
2026-07-26 23:09:15,014,SCN1A6J_019_814_49,0,0.0,15,1.0,0.0,21.3
2026-07-26 23:19:18,014,SCN1A6J_019_814_49,0,0.0,15,1.0,0.0,21.18
2026-07-26 23:29:21,014,SCN1A6J_019_814_49,0,0.0,15,1.0,0.0,21.07
2026-07-26 23:39:25,014,SCN1A6J_019_814_49,0,0.0,15,1.0,0.0,21.02
2026-07-26 23:49:28,014,SCN1A6J_019_814_49,7,0.012,15,0.988,0.0,20.96
2026-07-26 23:59:31,014,SCN1A6J_019_814_49,94,0.156,6,0.719,0.0,21.35
2026-07-25 00:05:04,015,SCN1A6J_019_816_70,1,0.002,14,0.998,0.0,22.18
2026-07-25 00:15:07,015,SCN1A6J_019_816_70,1,0.002,15,0.998,0.0,22.17
2026-07-25 00:25:11,015,SCN1A6J_019_816_70,0,0.0,15,1.0,0.0,22.2
2026-07-25 00:35:14,015,SCN1A6J_019_816_70,1,0.002,15,0.998,0.0,22.17
2026-07-25 00:45:18,015,SCN1A6J_019_816_70,72,0.12,9,0.833,0.0,22.15
2026-07-25 00:55:53,015,SCN1A6J_019_816_70,5,0.008,14,0.991,0.0,22.24
2026-07-25 01:05:56,015,SCN1A6J_019_816_70,0,0.0,15,1.0,0.0,22.18
2026-07-25 01:15:59,015,SCN1A6J_019_816_70,0,0.0,15,1.0,0.0,22.15
2026-07-25 01:26:02,015,SCN1A6J_019_816_70,0,0.0,15,1.0,0.0,22.11
2026-07-25 01:36:06,015,SCN1A6J_019_816_70,0,0.0,15,1.0,0.0,22.08
2026-07-25 01:46:09,015,SCN1A6J_019_816_70,0,0.0,15,1.0,0.0,22.07
2026-07-25 01:56:13,015,SCN1A6J_019_816_70,0,0.0,15,1.0,0.0,22.05
2026-07-25 02:06:16,015,SCN1A6J_019_816_70,0,0.0,15,1.0,0.0,22.02
2026-07-25 02:16:19,015,SCN1A6J_019_816_70,0,0.0,15,1.0,0.0,22.02
2026-07-25 02:26:22,015,SCN1A6J_019_816_70,0,0.0,15,1.0,0.0,22.0
2026-07-25 02:36:26,015,SCN1A6J_019_816_70,0,0.0,15,1.0,0.0,21.97
2026-07-25 02:46:28,015,SCN1A6J_019_816_70,15,0.025,14,0.974,0.0,21.95
2026-07-25 02:56:31,015,SCN1A6J_019_816_70,58,0.097,9,0.861,0.0,21.98
2026-07-25 03:06:34,015,SCN1A6J_019_816_70,82,0.137,8,0.796,0.0,22.0
2026-07-25 03:16:37,015,SCN1A6J_019_816_70,5,0.008,13,0.99,0.0,21.99
2026-07-25 03:26:41,015,SCN1A6J_019_816_70,0,0.0,15,1.0,0.0,21.98
2026-07-25 03:36:44,015,SCN1A6J_019_816_70,0,0.0,15,1.0,0.0,21.97
2026-07-25 03:46:47,015,SCN1A6J_019_816_70,0,0.0,15,1.0,0.0,21.96
2026-07-25 03:56:50,015,SCN1A6J_019_816_70,0,0.0,15,1.0,0.0,21.95
2026-07-25 04:06:53,015,SCN1A6J_019_816_70,0,0.0,15,1.0,0.0,21.92
2026-07-25 04:16:57,015,SCN1A6J_019_816_70,0,0.0,15,1.0,0.0,21.91
2026-07-25 04:27:00,015,SCN1A6J_019_816_70,0,0.0,15,1.0,0.0,21.88
2026-07-25 04:37:03,015,SCN1A6J_019_816_70,0,0.0,15,1.0,0.0,21.82
2026-07-25 04:47:07,015,SCN1A6J_019_816_70,0,0.0,15,1.0,0.0,21.82
2026-07-25 04:57:31,015,SCN1A6J_019_816_70,0,0.0,15,1.0,0.0,21.88
2026-07-25 05:07:35,015,SCN1A6J_019_816_70,0,0.0,15,1.0,0.0,21.85
2026-07-25 05:17:38,015,SCN1A6J_019_816_70,0,0.0,15,1.0,0.0,21.84
2026-07-25 05:27:41,015,SCN1A6J_019_816_70,0,0.0,15,1.0,0.0,21.84
2026-07-25 05:37:45,015,SCN1A6J_019_816_70,0,0.0,15,1.0,0.0,21.83
2026-07-25 05:47:49,015,SCN1A6J_019_816_70,0,0.0,15,1.0,0.0,21.85
2026-07-25 05:57:52,015,SCN1A6J_019_816_70,33,0.055,13,0.94,0.0,21.87
2026-07-25 06:07:56,015,SCN1A6J_019_816_70,6,0.01,14,0.989,0.288,21.91
2026-07-25 06:17:59,015,SCN1A6J_019_816_70,0,0.0,15,1.0,0.288,21.93
2026-07-25 06:28:02,015,SCN1A6J_019_816_70,0,0.0,15,1.0,0.2808,21.93
2026-07-25 06:38:06,015,SCN1A6J_019_816_70,0,0.0,15,1.0,0.2844,21.93
2026-07-25 06:48:09,015,SCN1A6J_019_816_70,0,0.0,15,1.0,0.2844,21.91
2026-07-25 06:58:13,015,SCN1A6J_019_816_70,0,0.0,15,1.0,0.2808,21.89
2026-07-25 07:08:16,015,SCN1A6J_019_816_70,0,0.0,15,1.0,0.2808,21.9
2026-07-25 07:18:20,015,SCN1A6J_019_816_70,0,0.0,15,1.0,0.2808,21.88
2026-07-25 07:28:23,015,SCN1A6J_019_816_70,40,0.067,11,0.917,0.2844,21.89
2026-07-25 07:38:26,015,SCN1A6J_019_816_70,45,0.075,11,0.907,0.2916,21.88
2026-07-25 07:48:29,015,SCN1A6J_019_816_70,0,0.0,15,1.0,0.2808,21.88
2026-07-25 07:58:32,015,SCN1A6J_019_816_70,22,0.037,14,0.962,0.2808,21.89
2026-07-25 08:08:34,015,SCN1A6J_019_816_70,0,0.0,15,1.0,0.2844,21.87
2026-07-25 08:18:38,015,SCN1A6J_019_816_70,0,0.0,15,1.0,0.2844,21.85
2026-07-25 08:28:40,015,SCN1A6J_019_816_70,0,0.0,15,1.0,0.2844,21.84
2026-07-25 08:38:44,015,SCN1A6J_019_816_70,0,0.0,15,1.0,0.2844,21.82
2026-07-25 08:48:46,015,SCN1A6J_019_816_70,36,0.06,12,0.93,0.2916,21.85
2026-07-25 08:59:15,015,SCN1A6J_019_816_70,0,0.0,15,1.0,0.2808,21.92
2026-07-25 09:09:18,015,SCN1A6J_019_816_70,0,0.0,15,1.0,0.2844,21.89
2026-07-25 09:19:21,015,SCN1A6J_019_816_70,0,0.0,15,1.0,0.288,21.86
2026-07-25 09:29:24,015,SCN1A6J_019_816_70,0,0.0,15,1.0,0.2844,21.83
2026-07-25 09:39:27,015,SCN1A6J_019_816_70,0,0.0,15,1.0,0.2916,21.82
2026-07-25 09:49:30,015,SCN1A6J_019_816_70,0,0.0,15,1.0,0.306,21.78
2026-07-25 09:59:33,015,SCN1A6J_019_816_70,0,0.0,15,1.0,0.306,21.8
2026-07-25 10:09:36,015,SCN1A6J_019_816_70,0,0.0,15,1.0,0.3024,21.8
2026-07-25 10:19:39,015,SCN1A6J_019_816_70,0,0.0,15,1.0,0.2808,21.8
2026-07-25 10:29:42,015,SCN1A6J_019_816_70,0,0.0,15,1.0,0.2772,21.78
2026-07-25 10:39:46,015,SCN1A6J_019_816_70,0,0.0,15,1.0,0.2808,21.79
2026-07-25 10:49:49,015,SCN1A6J_019_816_70,0,0.0,15,1.0,0.2808,21.77
2026-07-25 10:59:52,015,SCN1A6J_019_816_70,0,0.0,15,1.0,0.2808,21.76
2026-07-25 11:09:55,015,SCN1A6J_019_816_70,0,0.0,15,1.0,0.2808,21.75
2026-07-25 11:19:59,015,SCN1A6J_019_816_70,0,0.0,15,1.0,0.2808,21.74
2026-07-25 11:30:02,015,SCN1A6J_019_816_70,33,0.055,13,0.94,0.2916,21.75
2026-07-25 11:40:05,015,SCN1A6J_019_816_70,5,0.008,13,0.99,0.2736,21.76
2026-07-25 11:50:08,015,SCN1A6J_019_816_70,197,0.328,5,0.504,0.252,21.85
2026-07-25 12:00:12,015,SCN1A6J_019_816_70,52,0.087,11,0.894,0.2412,21.85
2026-07-25 12:10:15,015,SCN1A6J_019_816_70,105,0.174,9,0.774,0.2412,21.86
2026-07-25 12:20:18,015,SCN1A6J_019_816_70,0,0.0,15,1.0,0.2556,21.84
2026-07-25 12:30:21,015,SCN1A6J_019_816_70,0,0.0,15,1.0,0.2556,21.8
2026-07-25 12:40:24,015,SCN1A6J_019_816_70,1,0.002,14,0.998,0.2484,21.76
2026-07-25 12:50:27,015,SCN1A6J_019_816_70,0,0.0,15,1.0,0.2484,21.74
2026-07-25 13:00:49,015,SCN1A6J_019_816_70,0,0.0,15,1.0,0.2484,21.76
2026-07-25 13:10:52,015,SCN1A6J_019_816_70,0,0.0,15,1.0,0.2376,21.71
2026-07-25 13:20:56,015,SCN1A6J_019_816_70,0,0.0,15,1.0,0.2376,21.69
2026-07-25 13:30:59,015,SCN1A6J_019_816_70,0,0.0,15,1.0,0.2376,21.67
2026-07-25 13:41:03,015,SCN1A6J_019_816_70,0,0.0,15,1.0,0.2484,21.63
2026-07-25 13:51:06,015,SCN1A6J_019_816_70,0,0.0,15,1.0,0.2376,21.62
2026-07-25 14:01:09,015,SCN1A6J_019_816_70,0,0.0,15,1.0,0.2484,21.6
2026-07-25 14:11:12,015,SCN1A6J_019_816_70,0,0.0,15,1.0,0.2484,21.59
2026-07-25 14:21:15,015,SCN1A6J_019_816_70,14,0.023,13,0.974,0.2376,21.6
2026-07-25 14:31:18,015,SCN1A6J_019_816_70,0,0.0,15,1.0,0.2376,21.58
2026-07-25 14:41:22,015,SCN1A6J_019_816_70,0,0.0,15,1.0,0.2484,21.57
2026-07-25 14:51:25,015,SCN1A6J_019_816_70,0,0.0,15,1.0,0.2376,21.56
2026-07-25 15:01:28,015,SCN1A6J_019_816_70,0,0.0,15,1.0,0.2484,21.56
2026-07-25 15:11:31,015,SCN1A6J_019_816_70,0,0.0,15,1.0,0.2484,21.56
2026-07-25 15:21:35,015,SCN1A6J_019_816_70,0,0.0,15,1.0,0.2376,21.56
2026-07-25 15:31:38,015,SCN1A6J_019_816_70,1,0.002,15,0.998,0.2376,21.56
2026-07-25 15:41:41,015,SCN1A6J_019_816_70,0,0.0,15,1.0,0.2376,21.56
2026-07-25 15:51:44,015,SCN1A6J_019_816_70,0,0.0,15,1.0,0.2376,21.56
2026-07-25 16:01:48,015,SCN1A6J_019_816_70,0,0.0,15,1.0,0.2376,21.56
2026-07-25 16:11:51,015,SCN1A6J_019_816_70,0,0.0,15,1.0,0.2376,21.55
2026-07-25 16:21:54,015,SCN1A6J_019_816_70,0,0.0,15,1.0,0.2412,21.56
2026-07-25 16:31:58,015,SCN1A6J_019_816_70,0,0.0,15,1.0,0.2376,21.57
2026-07-25 16:42:01,015,SCN1A6J_019_816_70,0,0.0,15,1.0,0.2376,21.58
2026-07-25 16:52:04,015,SCN1A6J_019_816_70,0,0.0,15,1.0,0.2376,21.6
2026-07-25 17:02:33,015,SCN1A6J_019_816_70,0,0.0,15,1.0,0.2376,21.65
2026-07-25 17:12:37,015,SCN1A6J_019_816_70,0,0.0,15,1.0,0.2376,21.64
2026-07-25 17:22:40,015,SCN1A6J_019_816_70,0,0.0,15,1.0,0.2376,21.61
2026-07-25 17:32:43,015,SCN1A6J_019_816_70,0,0.0,15,1.0,0.2376,21.62
2026-07-25 17:42:46,015,SCN1A6J_019_816_70,0,0.0,15,1.0,0.2376,21.63
2026-07-25 17:52:49,015,SCN1A6J_019_816_70,0,0.0,15,1.0,0.2376,21.64
2026-07-25 18:02:52,015,SCN1A6J_019_816_70,0,0.0,15,1.0,0.0,21.64
2026-07-25 18:12:55,015,SCN1A6J_019_816_70,0,0.0,15,1.0,0.0,21.66
2026-07-25 18:22:58,015,SCN1A6J_019_816_70,2,0.003,15,0.997,0.0,21.69
2026-07-25 18:33:02,015,SCN1A6J_019_816_70,0,0.0,15,1.0,0.0,21.71
2026-07-25 18:43:06,015,SCN1A6J_019_816_70,0,0.0,15,1.0,0.0,21.73
2026-07-25 18:53:09,015,SCN1A6J_019_816_70,0,0.0,15,1.0,0.0,21.75
2026-07-25 19:03:12,015,SCN1A6J_019_816_70,0,0.0,15,1.0,0.0,21.75
2026-07-25 19:13:15,015,SCN1A6J_019_816_70,0,0.0,15,1.0,0.0,21.75
2026-07-25 19:23:18,015,SCN1A6J_019_816_70,0,0.0,15,1.0,0.0,21.76
2026-07-25 19:33:21,015,SCN1A6J_019_816_70,3,0.005,14,0.995,0.0,21.78
2026-07-25 19:43:24,015,SCN1A6J_019_816_70,0,0.0,15,1.0,0.0,21.79
2026-07-25 19:53:28,015,SCN1A6J_019_816_70,0,0.0,15,1.0,0.0,21.79
2026-07-25 20:03:31,015,SCN1A6J_019_816_70,0,0.0,15,1.0,0.0,21.78
2026-07-25 20:13:34,015,SCN1A6J_019_816_70,0,0.0,15,1.0,0.0,21.78
2026-07-25 20:23:37,015,SCN1A6J_019_816_70,0,0.0,15,1.0,0.0,21.78
2026-07-25 20:33:40,015,SCN1A6J_019_816_70,0,0.0,15,1.0,0.0,21.77
2026-07-25 20:43:44,015,SCN1A6J_019_816_70,0,0.0,15,1.0,0.0,21.77
2026-07-25 20:53:48,015,SCN1A6J_019_816_70,0,0.0,15,1.0,0.0,21.76
2026-07-25 21:04:21,015,SCN1A6J_019_816_70,0,0.0,15,1.0,0.0,21.82
2026-07-25 21:14:24,015,SCN1A6J_019_816_70,0,0.0,15,1.0,0.0,21.78
2026-07-25 21:24:26,015,SCN1A6J_019_816_70,0,0.0,15,1.0,0.0,21.76
2026-07-25 21:34:29,015,SCN1A6J_019_816_70,0,0.0,15,1.0,0.0,21.74
2026-07-25 21:44:32,015,SCN1A6J_019_816_70,12,0.02,14,0.979,0.0,21.75
2026-07-25 21:54:35,015,SCN1A6J_019_816_70,9,0.015,14,0.984,0.0,21.8
2026-07-25 22:04:39,015,SCN1A6J_019_816_70,23,0.038,14,0.961,0.0,21.83
2026-07-25 22:14:42,015,SCN1A6J_019_816_70,16,0.027,13,0.97,0.0,21.85
2026-07-25 22:24:46,015,SCN1A6J_019_816_70,0,0.0,15,1.0,0.0,21.87
2026-07-25 22:34:49,015,SCN1A6J_019_816_70,10,0.017,14,0.982,0.0,21.88
2026-07-25 22:44:52,015,SCN1A6J_019_816_70,0,0.0,15,1.0,0.0,21.86
2026-07-25 22:54:55,015,SCN1A6J_019_816_70,0,0.0,15,1.0,0.0,21.86
2026-07-25 23:04:58,015,SCN1A6J_019_816_70,0,0.0,15,1.0,0.0,21.82
2026-07-25 23:15:01,015,SCN1A6J_019_816_70,1,0.002,15,0.998,0.0,21.82
2026-07-25 23:25:04,015,SCN1A6J_019_816_70,0,0.0,15,1.0,0.0,21.8
2026-07-25 23:35:07,015,SCN1A6J_019_816_70,0,0.0,15,1.0,0.0,21.79
2026-07-25 23:45:11,015,SCN1A6J_019_816_70,0,0.0,15,1.0,0.0,21.78
2026-07-25 23:55:14,015,SCN1A6J_019_816_70,0,0.0,15,1.0,0.0,21.76
2026-07-26 00:05:18,015,SCN1A6J_019_816_70,0,0.0,15,1.0,0.0,21.75
2026-07-26 00:15:21,015,SCN1A6J_019_816_70,0,0.0,15,1.0,0.0,21.75
2026-07-26 00:25:25,015,SCN1A6J_019_816_70,0,0.0,15,1.0,0.0,21.75
2026-07-26 00:35:28,015,SCN1A6J_019_816_70,20,0.033,14,0.966,0.0,21.76
2026-07-26 00:45:31,015,SCN1A6J_019_816_70,0,0.0,15,1.0,0.0,21.77
2026-07-26 00:55:34,015,SCN1A6J_019_816_70,0,0.0,15,1.0,0.0,21.8
2026-07-26 01:06:03,015,SCN1A6J_019_816_70,0,0.0,15,1.0,0.0,21.85
2026-07-26 01:16:06,015,SCN1A6J_019_816_70,0,0.0,15,1.0,0.0,21.83
2026-07-26 01:26:09,015,SCN1A6J_019_816_70,23,0.038,14,0.961,0.0,21.81
2026-07-26 01:36:13,015,SCN1A6J_019_816_70,0,0.0,15,1.0,0.0,21.81
2026-07-26 01:46:16,015,SCN1A6J_019_816_70,0,0.0,15,1.0,0.0,21.79
2026-07-26 01:56:20,015,SCN1A6J_019_816_70,0,0.0,15,1.0,0.0,21.77
2026-07-26 02:06:22,015,SCN1A6J_019_816_70,0,0.0,15,1.0,0.0,21.76
2026-07-26 02:16:26,015,SCN1A6J_019_816_70,0,0.0,15,1.0,0.0,21.74
2026-07-26 02:26:29,015,SCN1A6J_019_816_70,0,0.0,15,1.0,0.0,21.72
2026-07-26 02:36:32,015,SCN1A6J_019_816_70,2,0.003,14,0.996,0.0,21.7
2026-07-26 02:46:34,015,SCN1A6J_019_816_70,0,0.0,15,1.0,0.0,21.69
2026-07-26 02:56:38,015,SCN1A6J_019_816_70,28,0.047,10,0.935,0.0,21.71
2026-07-26 03:06:40,015,SCN1A6J_019_816_70,22,0.037,12,0.956,0.0,21.74
2026-07-26 03:16:44,015,SCN1A6J_019_816_70,27,0.045,12,0.947,0.0,21.76
2026-07-26 03:26:47,015,SCN1A6J_019_816_70,41,0.068,10,0.907,0.0,21.78
2026-07-26 03:36:51,015,SCN1A6J_019_816_70,0,0.0,15,1.0,0.0,21.77
2026-07-26 03:46:55,015,SCN1A6J_019_816_70,0,0.0,15,1.0,0.0,21.75
2026-07-26 03:56:58,015,SCN1A6J_019_816_70,0,0.0,15,1.0,0.0,21.72
2026-07-26 04:07:01,015,SCN1A6J_019_816_70,0,0.0,15,1.0,0.0,21.68
2026-07-26 04:17:04,015,SCN1A6J_019_816_70,0,0.0,15,1.0,0.0,21.64
2026-07-26 04:27:07,015,SCN1A6J_019_816_70,0,0.0,15,1.0,0.0,21.63
2026-07-26 04:37:10,015,SCN1A6J_019_816_70,0,0.0,15,1.0,0.0,21.6
2026-07-26 04:47:13,015,SCN1A6J_019_816_70,0,0.0,15,1.0,0.0,21.59
2026-07-26 04:57:16,015,SCN1A6J_019_816_70,0,0.0,15,1.0,0.0,21.58
2026-07-26 05:07:42,015,SCN1A6J_019_816_70,9,0.015,13,0.983,0.0,21.62
2026-07-26 05:17:45,015,SCN1A6J_019_816_70,0,0.0,15,1.0,0.0,21.6
2026-07-26 05:27:48,015,SCN1A6J_019_816_70,0,0.0,15,1.0,0.0,21.58
2026-07-26 05:37:52,015,SCN1A6J_019_816_70,0,0.0,15,1.0,0.0,21.59
2026-07-26 05:47:55,015,SCN1A6J_019_816_70,0,0.0,15,1.0,0.0,21.58
2026-07-26 05:57:58,015,SCN1A6J_019_816_70,0,0.0,15,1.0,0.0,21.58
2026-07-26 06:08:01,015,SCN1A6J_019_816_70,0,0.0,15,1.0,0.252,21.59
2026-07-26 06:18:05,015,SCN1A6J_019_816_70,0,0.0,15,1.0,0.252,21.61
2026-07-26 06:28:08,015,SCN1A6J_019_816_70,0,0.0,15,1.0,0.252,21.6
2026-07-26 06:38:12,015,SCN1A6J_019_816_70,0,0.0,15,1.0,0.252,21.6
2026-07-26 06:48:15,015,SCN1A6J_019_816_70,0,0.0,15,1.0,0.252,21.59
2026-07-26 06:58:18,015,SCN1A6J_019_816_70,0,0.0,15,1.0,0.252,21.59
2026-07-26 07:08:22,015,SCN1A6J_019_816_70,0,0.0,15,1.0,0.252,21.58
2026-07-26 07:18:25,015,SCN1A6J_019_816_70,0,0.0,15,1.0,0.2556,21.56
2026-07-26 07:28:29,015,SCN1A6J_019_816_70,0,0.0,15,1.0,0.252,21.55
2026-07-26 07:38:32,015,SCN1A6J_019_816_70,0,0.0,15,1.0,0.252,21.55
2026-07-26 07:48:35,015,SCN1A6J_019_816_70,0,0.0,15,1.0,0.2448,21.54
2026-07-26 07:58:38,015,SCN1A6J_019_816_70,0,0.0,15,1.0,0.2556,21.55
2026-07-26 08:08:42,015,SCN1A6J_019_816_70,7,0.012,15,0.988,0.2448,21.55
2026-07-26 08:18:45,015,SCN1A6J_019_816_70,2,0.003,14,0.996,0.2484,21.56
2026-07-26 08:28:49,015,SCN1A6J_019_816_70,0,0.0,15,1.0,0.2484,21.57
2026-07-26 08:38:52,015,SCN1A6J_019_816_70,0,0.0,15,1.0,0.2484,21.56
2026-07-26 08:48:55,015,SCN1A6J_019_816_70,34,0.057,12,0.934,0.2376,21.6
2026-07-26 08:58:58,015,SCN1A6J_019_816_70,0,0.0,15,1.0,0.2376,21.61
2026-07-26 09:09:22,015,SCN1A6J_019_816_70,0,0.0,15,1.0,0.2484,21.67
2026-07-26 09:19:26,015,SCN1A6J_019_816_70,0,0.0,15,1.0,0.2484,21.65
2026-07-26 09:29:29,015,SCN1A6J_019_816_70,0,0.0,15,1.0,0.432,21.63
2026-07-26 09:39:33,015,SCN1A6J_019_816_70,0,0.0,15,1.0,0.432,21.63
2026-07-26 09:49:37,015,SCN1A6J_019_816_70,0,0.0,15,1.0,0.432,21.64
2026-07-26 09:59:40,015,SCN1A6J_019_816_70,0,0.0,15,1.0,0.252,21.64
2026-07-26 10:09:44,015,SCN1A6J_019_816_70,0,0.0,15,1.0,0.2628,21.64
2026-07-26 10:19:47,015,SCN1A6J_019_816_70,0,0.0,15,1.0,0.2376,21.64
2026-07-26 10:29:50,015,SCN1A6J_019_816_70,0,0.0,15,1.0,0.2376,21.65
2026-07-26 10:39:54,015,SCN1A6J_019_816_70,0,0.0,15,1.0,0.2376,21.62
2026-07-26 10:49:57,015,SCN1A6J_019_816_70,0,0.0,15,1.0,0.2376,21.63
2026-07-26 11:00:00,015,SCN1A6J_019_816_70,0,0.0,15,1.0,0.2376,21.63
2026-07-26 11:10:03,015,SCN1A6J_019_816_70,0,0.0,15,1.0,0.2376,21.63
2026-07-26 11:20:06,015,SCN1A6J_019_816_70,0,0.0,15,1.0,0.2376,21.64
2026-07-26 11:30:09,015,SCN1A6J_019_816_70,0,0.0,15,1.0,0.2376,21.64
2026-07-26 11:40:12,015,SCN1A6J_019_816_70,0,0.0,15,1.0,0.2376,21.63
2026-07-26 11:50:15,015,SCN1A6J_019_816_70,0,0.0,15,1.0,0.2376,21.63
2026-07-26 12:00:19,015,SCN1A6J_019_816_70,0,0.0,15,1.0,0.2412,21.63
2026-07-26 12:10:22,015,SCN1A6J_019_816_70,0,0.0,15,1.0,0.2412,21.62
2026-07-26 12:20:25,015,SCN1A6J_019_816_70,0,0.0,15,1.0,0.2376,21.62
2026-07-26 12:30:28,015,SCN1A6J_019_816_70,0,0.0,15,1.0,0.2412,21.63
2026-07-26 12:40:31,015,SCN1A6J_019_816_70,0,0.0,15,1.0,0.2412,21.63
2026-07-26 12:50:34,015,SCN1A6J_019_816_70,0,0.0,15,1.0,0.2376,21.63
2026-07-26 13:00:37,015,SCN1A6J_019_816_70,0,0.0,15,1.0,0.2376,21.62
2026-07-26 13:11:05,015,SCN1A6J_019_816_70,0,0.0,15,1.0,0.2376,21.69
2026-07-26 13:21:08,015,SCN1A6J_019_816_70,0,0.0,15,1.0,0.2412,21.67
2026-07-26 13:31:11,015,SCN1A6J_019_816_70,0,0.0,15,1.0,0.252,21.67
2026-07-26 13:41:15,015,SCN1A6J_019_816_70,0,0.0,15,1.0,0.252,21.66
2026-07-26 13:51:19,015,SCN1A6J_019_816_70,0,0.0,15,1.0,0.2376,21.65
2026-07-26 14:01:22,015,SCN1A6J_019_816_70,0,0.0,15,1.0,0.2412,21.64
2026-07-26 14:11:25,015,SCN1A6J_019_816_70,0,0.0,15,1.0,0.2412,21.66
2026-07-26 14:21:28,015,SCN1A6J_019_816_70,0,0.0,15,1.0,0.252,21.66
2026-07-26 14:31:32,015,SCN1A6J_019_816_70,0,0.0,15,1.0,0.2592,21.66
2026-07-26 14:41:35,015,SCN1A6J_019_816_70,0,0.0,15,1.0,0.2628,21.66
2026-07-26 14:51:38,015,SCN1A6J_019_816_70,0,0.0,15,1.0,0.2628,21.65
2026-07-26 15:01:41,015,SCN1A6J_019_816_70,0,0.0,15,1.0,0.252,21.65
2026-07-26 15:11:44,015,SCN1A6J_019_816_70,29,0.048,12,0.943,0.2556,21.67
2026-07-26 15:21:48,015,SCN1A6J_019_816_70,36,0.06,13,0.935,0.252,21.67
2026-07-26 15:31:51,015,SCN1A6J_019_816_70,0,0.0,15,1.0,0.252,21.64
2026-07-26 15:41:54,015,SCN1A6J_019_816_70,0,0.0,15,1.0,0.252,21.63
2026-07-26 15:51:58,015,SCN1A6J_019_816_70,0,0.0,15,1.0,0.252,21.61
2026-07-26 16:02:01,015,SCN1A6J_019_816_70,0,0.0,15,1.0,0.252,21.59
2026-07-26 16:12:04,015,SCN1A6J_019_816_70,0,0.0,15,1.0,0.252,21.57
2026-07-26 16:22:07,015,SCN1A6J_019_816_70,0,0.0,15,1.0,0.2556,21.54
2026-07-26 16:32:10,015,SCN1A6J_019_816_70,0,0.0,15,1.0,0.2556,21.53
2026-07-26 16:42:13,015,SCN1A6J_019_816_70,0,0.0,15,1.0,0.252,21.51
2026-07-26 16:52:16,015,SCN1A6J_019_816_70,0,0.0,15,1.0,0.2304,21.5
2026-07-26 17:02:19,015,SCN1A6J_019_816_70,0,0.0,15,1.0,0.2304,21.5
2026-07-26 17:12:50,015,SCN1A6J_019_816_70,0,0.0,15,1.0,0.2304,21.56
2026-07-26 17:22:54,015,SCN1A6J_019_816_70,0,0.0,15,1.0,0.2304,21.53
2026-07-26 17:32:57,015,SCN1A6J_019_816_70,0,0.0,15,1.0,0.2304,21.54
2026-07-26 17:43:01,015,SCN1A6J_019_816_70,0,0.0,15,1.0,0.2304,21.53
2026-07-26 17:53:05,015,SCN1A6J_019_816_70,0,0.0,15,1.0,0.2304,21.54
2026-07-26 18:03:08,015,SCN1A6J_019_816_70,8,0.013,14,0.986,0.0,21.56
2026-07-26 18:13:11,015,SCN1A6J_019_816_70,0,0.0,15,1.0,0.0,21.57
2026-07-26 18:23:15,015,SCN1A6J_019_816_70,6,0.01,14,0.989,0.0,21.61
2026-07-26 18:33:18,015,SCN1A6J_019_816_70,0,0.0,15,1.0,0.0,21.65
2026-07-26 18:43:21,015,SCN1A6J_019_816_70,0,0.0,15,1.0,0.0,21.68
2026-07-26 18:53:24,015,SCN1A6J_019_816_70,10,0.017,14,0.982,0.0,21.71
2026-07-26 19:03:27,015,SCN1A6J_019_816_70,24,0.04,12,0.952,0.0,21.73
2026-07-26 19:13:30,015,SCN1A6J_019_816_70,0,0.0,15,1.0,0.0,21.76
2026-07-26 19:23:34,015,SCN1A6J_019_816_70,0,0.0,15,1.0,0.0,21.77
2026-07-26 19:33:37,015,SCN1A6J_019_816_70,0,0.0,15,1.0,0.0,21.77
2026-07-26 19:43:40,015,SCN1A6J_019_816_70,0,0.0,15,1.0,0.0,21.78
2026-07-26 19:53:42,015,SCN1A6J_019_816_70,0,0.0,15,1.0,0.0,21.78
2026-07-26 20:03:46,015,SCN1A6J_019_816_70,14,0.023,13,0.974,0.0,21.79
2026-07-26 20:13:50,015,SCN1A6J_019_816_70,0,0.0,15,1.0,0.0,21.81
2026-07-26 20:23:53,015,SCN1A6J_019_816_70,0,0.0,15,1.0,0.0,21.81
2026-07-26 20:33:56,015,SCN1A6J_019_816_70,0,0.0,15,1.0,0.0,21.81
2026-07-26 20:43:59,015,SCN1A6J_019_816_70,0,0.0,15,1.0,0.0,21.8
2026-07-26 20:54:02,015,SCN1A6J_019_816_70,0,0.0,15,1.0,0.0,21.81
2026-07-26 21:04:06,015,SCN1A6J_019_816_70,0,0.0,15,1.0,0.0,21.82
2026-07-26 21:14:33,015,SCN1A6J_019_816_70,2,0.003,15,0.997,0.0,21.87
2026-07-26 21:24:36,015,SCN1A6J_019_816_70,34,0.057,12,0.934,0.0,21.88
2026-07-26 21:34:39,015,SCN1A6J_019_816_70,13,0.022,12,0.974,0.0,21.91
2026-07-26 21:44:43,015,SCN1A6J_019_816_70,30,0.05,12,0.941,0.0,21.93
2026-07-26 21:54:46,015,SCN1A6J_019_816_70,3,0.005,13,0.994,0.0,21.96
2026-07-26 22:04:49,015,SCN1A6J_019_816_70,19,0.032,10,0.955,0.0,21.96
2026-07-26 22:14:52,015,SCN1A6J_019_816_70,7,0.012,12,0.986,0.0,21.99
2026-07-26 22:24:56,015,SCN1A6J_019_816_70,6,0.01,14,0.989,0.0,21.99
2026-07-26 22:34:59,015,SCN1A6J_019_816_70,45,0.075,10,0.899,0.0,22.02
2026-07-26 22:45:02,015,SCN1A6J_019_816_70,14,0.023,12,0.972,0.0,22.05
2026-07-26 22:55:05,015,SCN1A6J_019_816_70,5,0.008,14,0.991,0.0,22.05
2026-07-26 23:05:09,015,SCN1A6J_019_816_70,0,0.0,15,1.0,0.0,22.04
2026-07-26 23:15:12,015,SCN1A6J_019_816_70,0,0.0,15,1.0,0.0,22.0
2026-07-26 23:25:16,015,SCN1A6J_019_816_70,0,0.0,15,1.0,0.0,21.94
2026-07-26 23:35:19,015,SCN1A6J_019_816_70,0,0.0,15,1.0,0.0,21.9
2026-07-26 23:45:22,015,SCN1A6J_019_816_70,0,0.0,15,1.0,0.0,21.88
2026-07-26 23:55:26,015,SCN1A6J_019_816_70,0,0.0,15,1.0,0.0,21.85
2026-07-25 00:08:07,011,SCN1A6J_019_816_73,0,0.0,15,1.0,0.0,21.56
2026-07-25 00:18:09,011,SCN1A6J_019_816_73,125,0.208,9,0.742,0.0,21.64
2026-07-25 00:28:12,011,SCN1A6J_019_816_73,0,0.0,15,1.0,0.0,21.61
2026-07-25 00:38:39,011,SCN1A6J_019_816_73,13,0.022,14,0.977,0.0,21.64
2026-07-25 00:48:42,011,SCN1A6J_019_816_73,0,0.0,15,1.0,0.0,21.58
2026-07-25 00:58:45,011,SCN1A6J_019_816_73,1,0.002,14,0.998,0.0,21.53
2026-07-25 01:08:47,011,SCN1A6J_019_816_73,60,0.1,12,0.889,0.0,21.55
2026-07-25 01:18:51,011,SCN1A6J_019_816_73,35,0.058,12,0.932,0.0,21.56
2026-07-25 01:28:54,011,SCN1A6J_019_816_73,0,0.0,15,1.0,0.0,21.52
2026-07-25 01:38:57,011,SCN1A6J_019_816_73,1,0.002,14,0.998,0.0,21.48
2026-07-25 01:49:00,011,SCN1A6J_019_816_73,37,0.061,13,0.934,0.0,21.47
2026-07-25 01:59:03,011,SCN1A6J_019_816_73,1,0.002,14,0.998,0.0,21.44
2026-07-25 02:09:06,011,SCN1A6J_019_816_73,0,0.0,15,1.0,0.0,21.42
2026-07-25 02:19:09,011,SCN1A6J_019_816_73,0,0.0,15,1.0,0.0,21.4
2026-07-25 02:29:13,011,SCN1A6J_019_816_73,26,0.043,13,0.952,0.0,21.46
2026-07-25 02:39:17,011,SCN1A6J_019_816_73,146,0.243,9,0.711,0.0,21.6
2026-07-25 02:49:20,011,SCN1A6J_019_816_73,0,0.0,15,1.0,0.0,21.55
2026-07-25 02:59:23,011,SCN1A6J_019_816_73,39,0.065,13,0.93,0.0,21.55
2026-07-25 03:09:26,011,SCN1A6J_019_816_73,0,0.0,15,1.0,0.0,21.53
2026-07-25 03:19:28,011,SCN1A6J_019_816_73,0,0.0,15,1.0,0.0,21.49
2026-07-25 03:29:31,011,SCN1A6J_019_816_73,0,0.0,15,1.0,0.0,21.46
2026-07-25 03:39:34,011,SCN1A6J_019_816_73,0,0.0,15,1.0,0.0,21.45
2026-07-25 03:49:36,011,SCN1A6J_019_816_73,0,0.0,15,1.0,0.0,21.42
2026-07-25 03:59:39,011,SCN1A6J_019_816_73,0,0.0,15,1.0,0.0,21.39
2026-07-25 04:09:43,011,SCN1A6J_019_816_73,0,0.0,15,1.0,0.0,21.38
2026-07-25 04:19:46,011,SCN1A6J_019_816_73,21,0.035,13,0.961,0.0,21.41
2026-07-25 04:29:49,011,SCN1A6J_019_816_73,12,0.02,14,0.979,0.0,21.4
2026-07-25 04:40:08,011,SCN1A6J_019_816_73,0,0.0,15,1.0,0.0,21.42
2026-07-25 04:50:10,011,SCN1A6J_019_816_73,0,0.0,15,1.0,0.0,21.4
2026-07-25 05:00:13,011,SCN1A6J_019_816_73,0,0.0,15,1.0,0.0,21.37
2026-07-25 05:10:16,011,SCN1A6J_019_816_73,0,0.0,15,1.0,0.0,21.36
2026-07-25 05:20:19,011,SCN1A6J_019_816_73,0,0.0,15,1.0,0.0,21.36
2026-07-25 05:30:22,011,SCN1A6J_019_816_73,0,0.0,15,1.0,0.0,21.34
2026-07-25 05:40:25,011,SCN1A6J_019_816_73,29,0.048,12,0.943,0.0,21.37
2026-07-25 05:50:28,011,SCN1A6J_019_816_73,109,0.181,9,0.768,0.0,21.44
2026-07-25 06:00:31,011,SCN1A6J_019_816_73,0,0.0,15,1.0,2.6496,21.41
2026-07-25 06:10:34,011,SCN1A6J_019_816_73,0,0.0,15,1.0,2.6352,21.41
2026-07-25 06:20:37,011,SCN1A6J_019_816_73,0,0.0,15,1.0,2.6136,21.42
2026-07-25 06:30:40,011,SCN1A6J_019_816_73,0,0.0,15,1.0,2.61,21.41
2026-07-25 06:40:43,011,SCN1A6J_019_816_73,0,0.0,15,1.0,2.6064,21.41
2026-07-25 06:50:46,011,SCN1A6J_019_816_73,0,0.0,15,1.0,2.592,21.41
2026-07-25 07:00:49,011,SCN1A6J_019_816_73,0,0.0,15,1.0,2.6028,21.41
2026-07-25 07:10:52,011,SCN1A6J_019_816_73,0,0.0,15,1.0,2.592,21.41
2026-07-25 07:20:55,011,SCN1A6J_019_816_73,0,0.0,15,1.0,2.592,21.4
2026-07-25 07:30:57,011,SCN1A6J_019_816_73,0,0.0,15,1.0,2.592,21.41
2026-07-25 07:41:01,011,SCN1A6J_019_816_73,0,0.0,15,1.0,2.5848,21.42
2026-07-25 07:51:04,011,SCN1A6J_019_816_73,0,0.0,15,1.0,2.5848,21.42
2026-07-25 08:01:06,011,SCN1A6J_019_816_73,0,0.0,15,1.0,2.5956,21.42
2026-07-25 08:11:09,011,SCN1A6J_019_816_73,28,0.047,14,0.952,2.5992,21.44
2026-07-25 08:21:12,011,SCN1A6J_019_816_73,0,0.0,15,1.0,2.5992,21.45
2026-07-25 08:31:15,011,SCN1A6J_019_816_73,2,0.003,14,0.996,2.6028,21.46
2026-07-25 08:41:37,011,SCN1A6J_019_816_73,0,0.0,15,1.0,2.6028,21.5
2026-07-25 08:51:40,011,SCN1A6J_019_816_73,0,0.0,15,1.0,2.592,21.5
2026-07-25 09:01:43,011,SCN1A6J_019_816_73,0,0.0,15,1.0,2.5992,21.48
2026-07-25 09:11:46,011,SCN1A6J_019_816_73,0,0.0,15,1.0,2.592,21.47
2026-07-25 09:21:49,011,SCN1A6J_019_816_73,0,0.0,15,1.0,2.6028,21.46
2026-07-25 09:31:51,011,SCN1A6J_019_816_73,0,0.0,15,1.0,2.5992,21.46
2026-07-25 09:41:55,011,SCN1A6J_019_816_73,39,0.065,12,0.925,2.6136,21.48
2026-07-25 09:51:58,011,SCN1A6J_019_816_73,0,0.0,15,1.0,2.6352,21.48
2026-07-25 10:02:00,011,SCN1A6J_019_816_73,0,0.0,15,1.0,2.6424,21.48
2026-07-25 10:12:03,011,SCN1A6J_019_816_73,0,0.0,15,1.0,2.6208,21.49
2026-07-25 10:22:07,011,SCN1A6J_019_816_73,1,0.002,14,0.998,2.628,21.49
2026-07-25 10:32:10,011,SCN1A6J_019_816_73,0,0.0,15,1.0,2.628,21.51
2026-07-25 10:42:12,011,SCN1A6J_019_816_73,0,0.0,15,1.0,2.6316,21.51
2026-07-25 10:52:15,011,SCN1A6J_019_816_73,0,0.0,15,1.0,2.6316,21.52
2026-07-25 11:02:19,011,SCN1A6J_019_816_73,1,0.002,14,0.998,2.6208,21.52
2026-07-25 11:12:21,011,SCN1A6J_019_816_73,0,0.0,15,1.0,2.6316,21.52
2026-07-25 11:22:24,011,SCN1A6J_019_816_73,0,0.0,15,1.0,2.6208,21.52
2026-07-25 11:32:27,011,SCN1A6J_019_816_73,0,0.0,15,1.0,2.6208,21.53
2026-07-25 11:42:30,011,SCN1A6J_019_816_73,13,0.022,13,0.976,2.628,21.54
2026-07-25 11:52:33,011,SCN1A6J_019_816_73,1,0.002,14,0.998,2.6208,21.57
2026-07-25 12:02:36,011,SCN1A6J_019_816_73,0,0.0,15,1.0,2.6208,21.57
2026-07-25 12:12:40,011,SCN1A6J_019_816_73,0,0.0,15,1.0,2.6208,21.57
2026-07-25 12:22:42,011,SCN1A6J_019_816_73,0,0.0,15,1.0,2.6244,21.57
2026-07-25 12:32:45,011,SCN1A6J_019_816_73,0,0.0,15,1.0,2.6208,21.57
2026-07-25 12:43:09,011,SCN1A6J_019_816_73,0,0.0,15,1.0,2.6136,21.64
2026-07-25 12:53:12,011,SCN1A6J_019_816_73,0,0.0,15,1.0,2.6136,21.62
2026-07-25 13:03:15,011,SCN1A6J_019_816_73,11,0.018,14,0.981,2.6244,21.62
2026-07-25 13:13:18,011,SCN1A6J_019_816_73,0,0.0,15,1.0,2.6244,21.61
2026-07-25 13:23:21,011,SCN1A6J_019_816_73,0,0.0,15,1.0,2.6136,21.61
2026-07-25 13:33:25,011,SCN1A6J_019_816_73,0,0.0,15,1.0,2.5524,21.6
2026-07-25 13:43:28,011,SCN1A6J_019_816_73,23,0.038,13,0.958,2.6208,21.64
2026-07-25 13:53:31,011,SCN1A6J_019_816_73,0,0.0,15,1.0,2.6208,21.63
2026-07-25 14:03:34,011,SCN1A6J_019_816_73,0,0.0,15,1.0,2.6208,21.62
2026-07-25 14:13:37,011,SCN1A6J_019_816_73,0,0.0,15,1.0,2.5344,21.62
2026-07-25 14:23:41,011,SCN1A6J_019_816_73,0,0.0,15,1.0,2.6208,21.65
2026-07-25 14:33:44,011,SCN1A6J_019_816_73,0,0.0,15,1.0,2.6208,21.65
2026-07-25 14:43:46,011,SCN1A6J_019_816_73,0,0.0,15,1.0,2.628,21.63
2026-07-25 14:53:49,011,SCN1A6J_019_816_73,0,0.0,15,1.0,2.6208,21.63
2026-07-25 15:03:52,011,SCN1A6J_019_816_73,85,0.141,11,0.838,2.6388,21.7
2026-07-25 15:13:55,011,SCN1A6J_019_816_73,0,0.0,15,1.0,2.6352,21.69
2026-07-25 15:23:58,011,SCN1A6J_019_816_73,0,0.0,15,1.0,2.6352,21.66
2026-07-25 15:34:01,011,SCN1A6J_019_816_73,0,0.0,15,1.0,2.6352,21.64
2026-07-25 15:44:04,011,SCN1A6J_019_816_73,21,0.035,13,0.961,2.6424,21.66
2026-07-25 15:54:08,011,SCN1A6J_019_816_73,0,0.0,15,1.0,2.6496,21.65
2026-07-25 16:04:11,011,SCN1A6J_019_816_73,0,0.0,15,1.0,2.646,21.67
2026-07-25 16:14:14,011,SCN1A6J_019_816_73,0,0.0,15,1.0,2.6532,21.67
2026-07-25 16:24:17,011,SCN1A6J_019_816_73,0,0.0,15,1.0,2.592,21.69
2026-07-25 16:34:20,011,SCN1A6J_019_816_73,162,0.269,7,0.633,2.6748,21.79
2026-07-25 16:44:47,011,SCN1A6J_019_816_73,0,0.0,15,1.0,2.6712,21.82
2026-07-25 16:54:51,011,SCN1A6J_019_816_73,0,0.0,15,1.0,2.664,21.76
2026-07-25 17:04:54,011,SCN1A6J_019_816_73,40,0.066,12,0.923,2.5056,21.74
2026-07-25 17:14:58,011,SCN1A6J_019_816_73,8,0.013,14,0.986,2.5524,21.74
2026-07-25 17:25:01,011,SCN1A6J_019_816_73,0,0.0,15,1.0,2.6352,21.72
2026-07-25 17:35:04,011,SCN1A6J_019_816_73,0,0.0,15,1.0,2.646,21.7
2026-07-25 17:45:07,011,SCN1A6J_019_816_73,18,0.03,14,0.969,2.6352,21.68
2026-07-25 17:55:10,011,SCN1A6J_019_816_73,30,0.05,13,0.945,2.6532,21.69
2026-07-25 18:05:12,011,SCN1A6J_019_816_73,39,0.065,13,0.93,0.0,21.68
2026-07-25 18:15:16,011,SCN1A6J_019_816_73,55,0.092,11,0.889,0.0,21.69
2026-07-25 18:25:19,011,SCN1A6J_019_816_73,246,0.409,3,0.328,0.0,21.77
2026-07-25 18:35:22,011,SCN1A6J_019_816_73,6,0.01,14,0.989,0.0,21.78
2026-07-25 18:45:25,011,SCN1A6J_019_816_73,146,0.243,5,0.578,0.0,21.86
2026-07-25 18:55:29,011,SCN1A6J_019_816_73,53,0.088,13,0.908,0.0,21.86
2026-07-25 19:05:31,011,SCN1A6J_019_816_73,24,0.04,14,0.959,0.0,21.85
2026-07-25 19:15:35,011,SCN1A6J_019_816_73,0,0.0,15,1.0,0.0,21.8
2026-07-25 19:25:38,011,SCN1A6J_019_816_73,0,0.0,15,1.0,0.0,21.77
2026-07-25 19:35:42,011,SCN1A6J_019_816_73,0,0.0,15,1.0,0.0,21.73
2026-07-25 19:45:45,011,SCN1A6J_019_816_73,0,0.0,15,1.0,0.0,21.68
2026-07-25 19:55:48,011,SCN1A6J_019_816_73,0,0.0,15,1.0,0.0,21.64
2026-07-25 20:05:50,011,SCN1A6J_019_816_73,46,0.077,13,0.919,0.0,21.65
2026-07-25 20:15:53,011,SCN1A6J_019_816_73,64,0.106,10,0.862,0.0,21.66
2026-07-25 20:25:56,011,SCN1A6J_019_816_73,83,0.138,10,0.828,0.0,21.71
2026-07-25 20:35:59,011,SCN1A6J_019_816_73,0,0.0,15,1.0,0.0,21.69
2026-07-25 20:46:28,011,SCN1A6J_019_816_73,9,0.015,14,0.984,0.0,21.78
2026-07-25 20:56:31,011,SCN1A6J_019_816_73,0,0.0,15,1.0,0.0,21.74
2026-07-25 21:06:34,011,SCN1A6J_019_816_73,0,0.0,15,1.0,0.0,21.7
2026-07-25 21:16:37,011,SCN1A6J_019_816_73,0,0.0,15,1.0,0.0,21.66
2026-07-25 21:26:40,011,SCN1A6J_019_816_73,22,0.037,13,0.959,0.0,21.67
2026-07-25 21:36:43,011,SCN1A6J_019_816_73,10,0.017,14,0.982,0.0,21.66
2026-07-25 21:46:47,011,SCN1A6J_019_816_73,0,0.0,15,1.0,0.0,21.63
2026-07-25 21:56:50,011,SCN1A6J_019_816_73,0,0.0,15,1.0,0.0,21.61
2026-07-25 22:06:53,011,SCN1A6J_019_816_73,0,0.0,15,1.0,0.0,21.59
2026-07-25 22:16:56,011,SCN1A6J_019_816_73,43,0.071,12,0.918,0.0,21.61
2026-07-25 22:26:59,011,SCN1A6J_019_816_73,1,0.002,14,0.998,0.0,21.58
2026-07-25 22:37:03,011,SCN1A6J_019_816_73,0,0.0,15,1.0,0.0,21.57
2026-07-25 22:47:06,011,SCN1A6J_019_816_73,0,0.0,15,1.0,0.0,21.56
2026-07-25 22:57:09,011,SCN1A6J_019_816_73,15,0.025,14,0.974,0.0,21.58
2026-07-25 23:07:12,011,SCN1A6J_019_816_73,53,0.088,13,0.908,0.0,21.63
2026-07-25 23:17:16,011,SCN1A6J_019_816_73,117,0.195,10,0.774,0.0,21.74
2026-07-25 23:27:19,011,SCN1A6J_019_816_73,0,0.0,15,1.0,0.0,21.71
2026-07-25 23:37:22,011,SCN1A6J_019_816_73,0,0.0,15,1.0,0.0,21.68
2026-07-25 23:47:24,011,SCN1A6J_019_816_73,0,0.0,15,1.0,0.0,21.66
2026-07-25 23:57:27,011,SCN1A6J_019_816_73,0,0.0,15,1.0,0.0,21.64
2026-07-26 00:07:31,011,SCN1A6J_019_816_73,0,0.0,15,1.0,0.0,21.62
2026-07-26 00:17:34,011,SCN1A6J_019_816_73,0,0.0,15,1.0,0.0,21.6
2026-07-26 00:27:37,011,SCN1A6J_019_816_73,0,0.0,15,1.0,0.0,21.56
2026-07-26 00:37:41,011,SCN1A6J_019_816_73,0,0.0,15,1.0,0.0,21.55
2026-07-26 00:48:07,011,SCN1A6J_019_816_73,27,0.045,13,0.951,0.0,21.64
2026-07-26 00:58:11,011,SCN1A6J_019_816_73,15,0.025,14,0.974,0.0,21.63
2026-07-26 01:08:14,011,SCN1A6J_019_816_73,121,0.201,8,0.726,0.0,21.67
2026-07-26 01:18:16,011,SCN1A6J_019_816_73,0,0.0,15,1.0,0.0,21.64
2026-07-26 01:28:19,011,SCN1A6J_019_816_73,0,0.0,15,1.0,0.0,21.6
2026-07-26 01:38:22,011,SCN1A6J_019_816_73,0,0.0,15,1.0,0.0,21.57
2026-07-26 01:48:24,011,SCN1A6J_019_816_73,0,0.0,15,1.0,0.0,21.55
2026-07-26 01:58:27,011,SCN1A6J_019_816_73,0,0.0,15,1.0,0.0,21.53
2026-07-26 02:08:31,011,SCN1A6J_019_816_73,0,0.0,15,1.0,0.0,21.51
2026-07-26 02:18:33,011,SCN1A6J_019_816_73,0,0.0,15,1.0,0.0,21.49
2026-07-26 02:28:37,011,SCN1A6J_019_816_73,0,0.0,15,1.0,0.0,21.5
2026-07-26 02:38:40,011,SCN1A6J_019_816_73,1,0.002,14,0.998,0.0,21.48
2026-07-26 02:48:42,011,SCN1A6J_019_816_73,36,0.06,13,0.935,0.0,21.49
2026-07-26 02:58:45,011,SCN1A6J_019_816_73,0,0.0,15,1.0,0.0,21.49
2026-07-26 03:08:49,011,SCN1A6J_019_816_73,0,0.0,15,1.0,0.0,21.48
2026-07-26 03:18:52,011,SCN1A6J_019_816_73,0,0.0,15,1.0,0.0,21.49
2026-07-26 03:28:56,011,SCN1A6J_019_816_73,1,0.002,14,0.998,0.0,21.47
2026-07-26 03:38:59,011,SCN1A6J_019_816_73,0,0.0,15,1.0,0.0,21.48
2026-07-26 03:49:02,011,SCN1A6J_019_816_73,66,0.11,10,0.858,0.0,21.52
2026-07-26 03:59:05,011,SCN1A6J_019_816_73,0,0.0,15,1.0,0.0,21.51
2026-07-26 04:09:08,011,SCN1A6J_019_816_73,1,0.002,14,0.998,0.0,21.5
2026-07-26 04:19:11,011,SCN1A6J_019_816_73,0,0.0,15,1.0,0.0,21.48
2026-07-26 04:29:15,011,SCN1A6J_019_816_73,0,0.0,15,1.0,0.0,21.46
2026-07-26 04:39:18,011,SCN1A6J_019_816_73,0,0.0,15,1.0,0.0,21.45
2026-07-26 04:49:35,011,SCN1A6J_019_816_73,0,0.0,15,1.0,0.0,21.48
2026-07-26 04:59:38,011,SCN1A6J_019_816_73,0,0.0,15,1.0,0.0,21.46
2026-07-26 05:09:41,011,SCN1A6J_019_816_73,99,0.165,9,0.784,0.0,21.51
2026-07-26 05:19:43,011,SCN1A6J_019_816_73,4,0.007,14,0.993,0.0,21.51
2026-07-26 05:29:46,011,SCN1A6J_019_816_73,0,0.0,15,1.0,0.0,21.51
2026-07-26 05:39:49,011,SCN1A6J_019_816_73,0,0.0,15,1.0,0.0,21.49
2026-07-26 05:49:52,011,SCN1A6J_019_816_73,0,0.0,15,1.0,0.0,21.47
2026-07-26 05:59:56,011,SCN1A6J_019_816_73,0,0.0,15,1.0,2.6424,21.47
2026-07-26 06:09:58,011,SCN1A6J_019_816_73,0,0.0,15,1.0,2.6208,21.47
2026-07-26 06:20:02,011,SCN1A6J_019_816_73,0,0.0,15,1.0,2.61,21.47
2026-07-26 06:30:05,011,SCN1A6J_019_816_73,0,0.0,15,1.0,2.5992,21.49
2026-07-26 06:40:08,011,SCN1A6J_019_816_73,0,0.0,15,1.0,2.592,21.5
2026-07-26 06:50:11,011,SCN1A6J_019_816_73,0,0.0,15,1.0,2.5776,21.48
2026-07-26 07:00:14,011,SCN1A6J_019_816_73,0,0.0,15,1.0,2.5884,21.5
2026-07-26 07:10:17,011,SCN1A6J_019_816_73,0,0.0,15,1.0,2.5776,21.5
2026-07-26 07:20:20,011,SCN1A6J_019_816_73,2,0.003,14,0.996,2.5884,21.52
2026-07-26 07:30:23,011,SCN1A6J_019_816_73,0,0.0,15,1.0,2.5884,21.51
2026-07-26 07:40:26,011,SCN1A6J_019_816_73,0,0.0,15,1.0,2.5776,21.53
2026-07-26 07:50:29,011,SCN1A6J_019_816_73,0,0.0,15,1.0,2.5776,21.53
2026-07-26 08:00:33,011,SCN1A6J_019_816_73,0,0.0,15,1.0,2.5776,21.54
2026-07-26 08:10:35,011,SCN1A6J_019_816_73,0,0.0,15,1.0,2.5776,21.54
2026-07-26 08:20:38,011,SCN1A6J_019_816_73,0,0.0,15,1.0,2.5704,21.54
2026-07-26 08:30:42,011,SCN1A6J_019_816_73,0,0.0,15,1.0,2.5812,21.55
2026-07-26 08:40:44,011,SCN1A6J_019_816_73,0,0.0,15,1.0,2.5956,21.55
2026-07-26 08:51:15,011,SCN1A6J_019_816_73,0,0.0,15,1.0,2.5812,21.62
2026-07-26 09:01:18,011,SCN1A6J_019_816_73,1,0.002,14,0.998,2.5776,21.6
2026-07-26 09:11:22,011,SCN1A6J_019_816_73,6,0.01,14,0.989,2.3256,21.59
2026-07-26 09:21:25,011,SCN1A6J_019_816_73,39,0.065,12,0.925,2.592,21.64
2026-07-26 09:31:28,011,SCN1A6J_019_816_73,1,0.002,14,0.998,2.6928,21.63
2026-07-26 09:41:31,011,SCN1A6J_019_816_73,0,0.0,15,1.0,2.6928,21.61
2026-07-26 09:51:35,011,SCN1A6J_019_816_73,0,0.0,15,1.0,2.5848,21.57
2026-07-26 10:01:37,011,SCN1A6J_019_816_73,0,0.0,15,1.0,2.592,21.55
2026-07-26 10:11:41,011,SCN1A6J_019_816_73,0,0.0,15,1.0,2.5956,21.54
2026-07-26 10:21:45,011,SCN1A6J_019_816_73,0,0.0,15,1.0,2.5812,21.54
2026-07-26 10:31:48,011,SCN1A6J_019_816_73,0,0.0,15,1.0,2.5704,21.54
2026-07-26 10:41:51,011,SCN1A6J_019_816_73,0,0.0,15,1.0,2.5704,21.55
2026-07-26 10:51:55,011,SCN1A6J_019_816_73,0,0.0,15,1.0,2.5704,21.54
2026-07-26 11:01:57,011,SCN1A6J_019_816_73,0,0.0,15,1.0,2.5704,21.54
2026-07-26 11:12:00,011,SCN1A6J_019_816_73,0,0.0,15,1.0,2.5704,21.53
2026-07-26 11:22:03,011,SCN1A6J_019_816_73,0,0.0,15,1.0,2.5704,21.52
2026-07-26 11:32:06,011,SCN1A6J_019_816_73,0,0.0,15,1.0,2.5704,21.53
2026-07-26 11:42:09,011,SCN1A6J_019_816_73,0,0.0,15,1.0,2.574,21.53
2026-07-26 11:52:13,011,SCN1A6J_019_816_73,0,0.0,15,1.0,2.5704,21.53
2026-07-26 12:02:15,011,SCN1A6J_019_816_73,0,0.0,15,1.0,2.574,21.54
2026-07-26 12:12:18,011,SCN1A6J_019_816_73,24,0.04,13,0.956,2.5632,21.55
2026-07-26 12:22:22,011,SCN1A6J_019_816_73,0,0.0,15,1.0,2.5704,21.56
2026-07-26 12:32:25,011,SCN1A6J_019_816_73,0,0.0,15,1.0,2.5632,21.56
2026-07-26 12:42:27,011,SCN1A6J_019_816_73,0,0.0,15,1.0,2.574,21.56
2026-07-26 12:52:49,011,SCN1A6J_019_816_73,0,0.0,15,1.0,2.5704,21.59
2026-07-26 13:02:52,011,SCN1A6J_019_816_73,0,0.0,15,1.0,2.574,21.57
2026-07-26 13:12:55,011,SCN1A6J_019_816_73,0,0.0,15,1.0,2.574,21.56
2026-07-26 13:22:58,011,SCN1A6J_019_816_73,0,0.0,15,1.0,2.574,21.54
2026-07-26 13:33:01,011,SCN1A6J_019_816_73,20,0.033,13,0.963,2.5884,21.57
2026-07-26 13:43:04,011,SCN1A6J_019_816_73,0,0.0,15,1.0,2.5848,21.57
2026-07-26 13:53:07,011,SCN1A6J_019_816_73,0,0.0,15,1.0,2.5704,21.55
2026-07-26 14:03:11,011,SCN1A6J_019_816_73,0,0.0,15,1.0,2.5704,21.55
2026-07-26 14:13:14,011,SCN1A6J_019_816_73,1,0.002,14,0.998,2.5776,21.53
2026-07-26 14:23:17,011,SCN1A6J_019_816_73,0,0.0,15,1.0,2.5848,21.52
2026-07-26 14:33:21,011,SCN1A6J_019_816_73,0,0.0,15,1.0,2.6028,21.52
2026-07-26 14:43:23,011,SCN1A6J_019_816_73,0,0.0,15,1.0,2.5992,21.52
2026-07-26 14:53:26,011,SCN1A6J_019_816_73,17,0.028,14,0.971,2.5884,21.51
2026-07-26 15:03:29,011,SCN1A6J_019_816_73,0,0.0,15,1.0,2.6064,21.54
2026-07-26 15:13:32,011,SCN1A6J_019_816_73,0,0.0,15,1.0,2.6064,21.53
2026-07-26 15:23:35,011,SCN1A6J_019_816_73,0,0.0,15,1.0,2.6064,21.51
2026-07-26 15:33:38,011,SCN1A6J_019_816_73,0,0.0,15,1.0,2.6064,21.5
2026-07-26 15:43:41,011,SCN1A6J_019_816_73,0,0.0,15,1.0,2.6388,21.48
2026-07-26 15:53:44,011,SCN1A6J_019_816_73,0,0.0,15,1.0,2.3616,21.47
2026-07-26 16:03:47,011,SCN1A6J_019_816_73,14,0.023,13,0.974,2.6208,21.48
2026-07-26 16:13:50,011,SCN1A6J_019_816_73,1,0.002,14,0.998,2.6316,21.47
2026-07-26 16:23:54,011,SCN1A6J_019_816_73,0,0.0,15,1.0,2.6388,21.46
2026-07-26 16:33:57,011,SCN1A6J_019_816_73,0,0.0,15,1.0,2.6208,21.44
2026-07-26 16:44:00,011,SCN1A6J_019_816_73,0,0.0,15,1.0,2.6064,21.42
2026-07-26 16:54:29,011,SCN1A6J_019_816_73,0,0.0,15,1.0,2.286,21.5
2026-07-26 17:04:33,011,SCN1A6J_019_816_73,0,0.0,15,1.0,2.5596,21.48
2026-07-26 17:14:36,011,SCN1A6J_019_816_73,0,0.0,15,1.0,2.5488,21.48
2026-07-26 17:24:39,011,SCN1A6J_019_816_73,0,0.0,15,1.0,2.5488,21.47
2026-07-26 17:34:43,011,SCN1A6J_019_816_73,26,0.043,13,0.952,2.5416,21.47
2026-07-26 17:44:45,011,SCN1A6J_019_816_73,0,0.0,15,1.0,2.2464,21.46
2026-07-26 17:54:48,011,SCN1A6J_019_816_73,22,0.037,13,0.959,2.5488,21.48
2026-07-26 18:04:51,011,SCN1A6J_019_816_73,1,0.002,14,0.998,0.0,21.47
2026-07-26 18:14:54,011,SCN1A6J_019_816_73,220,0.366,6,0.522,0.0,21.53
2026-07-26 18:24:57,011,SCN1A6J_019_816_73,219,0.365,1,0.154,0.0,21.63
2026-07-26 18:35:00,011,SCN1A6J_019_816_73,180,0.299,6,0.571,0.0,21.69
2026-07-26 18:45:03,011,SCN1A6J_019_816_73,22,0.037,14,0.962,0.0,21.72
2026-07-26 18:55:06,011,SCN1A6J_019_816_73,7,0.012,14,0.988,0.0,21.7
2026-07-26 19:05:09,011,SCN1A6J_019_816_73,10,0.017,13,0.981,0.0,21.69
2026-07-26 19:15:13,011,SCN1A6J_019_816_73,114,0.19,7,0.711,0.0,21.76
2026-07-26 19:25:16,011,SCN1A6J_019_816_73,41,0.068,13,0.927,0.0,21.75
2026-07-26 19:35:20,011,SCN1A6J_019_816_73,0,0.0,15,1.0,0.0,21.69
2026-07-26 19:45:23,011,SCN1A6J_019_816_73,0,0.0,15,1.0,0.0,21.64
2026-07-26 19:55:25,011,SCN1A6J_019_816_73,32,0.053,12,0.938,0.0,21.64
2026-07-26 20:05:28,011,SCN1A6J_019_816_73,80,0.133,9,0.818,0.0,21.66
2026-07-26 20:15:31,011,SCN1A6J_019_816_73,0,0.0,15,1.0,0.0,21.6
2026-07-26 20:25:34,011,SCN1A6J_019_816_73,0,0.0,15,1.0,0.0,21.54
2026-07-26 20:35:37,011,SCN1A6J_019_816_73,0,0.0,15,1.0,0.0,21.5
2026-07-26 20:45:40,011,SCN1A6J_019_816_73,0,0.0,15,1.0,0.0,21.5
2026-07-26 20:56:04,011,SCN1A6J_019_816_73,52,0.087,11,0.894,0.0,21.57
2026-07-26 21:06:08,011,SCN1A6J_019_816_73,118,0.196,10,0.772,0.0,21.6
2026-07-26 21:16:11,011,SCN1A6J_019_816_73,26,0.043,13,0.952,0.0,21.6
2026-07-26 21:26:13,011,SCN1A6J_019_816_73,0,0.0,15,1.0,0.0,21.61
2026-07-26 21:36:17,011,SCN1A6J_019_816_73,0,0.0,15,1.0,0.0,21.57
2026-07-26 21:46:20,011,SCN1A6J_019_816_73,2,0.003,14,0.996,0.0,21.51
2026-07-26 21:56:22,011,SCN1A6J_019_816_73,1,0.002,14,0.998,0.0,21.48
2026-07-26 22:06:25,011,SCN1A6J_019_816_73,2,0.003,14,0.996,0.0,21.45
2026-07-26 22:16:28,011,SCN1A6J_019_816_73,32,0.053,13,0.942,0.0,21.46
2026-07-26 22:26:31,011,SCN1A6J_019_816_73,50,0.083,12,0.906,0.0,21.53
2026-07-26 22:36:34,011,SCN1A6J_019_816_73,259,0.43,5,0.436,0.0,21.64
2026-07-26 22:46:37,011,SCN1A6J_019_816_73,0,0.0,15,1.0,0.0,21.6
2026-07-26 22:56:40,011,SCN1A6J_019_816_73,0,0.0,15,1.0,0.0,21.54
2026-07-26 23:06:43,011,SCN1A6J_019_816_73,0,0.0,15,1.0,0.0,21.5
2026-07-26 23:16:45,011,SCN1A6J_019_816_73,0,0.0,15,1.0,0.0,21.47
2026-07-26 23:26:48,011,SCN1A6J_019_816_73,0,0.0,15,1.0,0.0,21.43
2026-07-26 23:36:52,011,SCN1A6J_019_816_73,0,0.0,15,1.0,0.0,21.41
2026-07-26 23:46:55,011,SCN1A6J_019_816_73,0,0.0,15,1.0,0.0,21.39
2026-07-26 23:56:58,011,SCN1A6J_019_816_73,0,0.0,15,1.0,0.0,21.38
2026-07-25 00:03:29,047,SCN1A6J_019_819_75,191,0.318,2,0.295,0.0,21.59
2026-07-25 00:13:31,047,SCN1A6J_019_819_75,86,0.143,9,0.807,0.0,21.55
2026-07-25 00:23:34,047,SCN1A6J_019_819_75,7,0.012,14,0.988,0.0,21.51
2026-07-25 00:33:37,047,SCN1A6J_019_819_75,0,0.0,15,1.0,0.0,21.44
2026-07-25 00:43:41,047,SCN1A6J_019_819_75,1,0.002,14,0.998,0.0,21.38
2026-07-25 00:53:43,047,SCN1A6J_019_819_75,1,0.002,14,0.998,0.0,21.33
2026-07-25 01:04:25,047,SCN1A6J_019_819_75,0,0.0,15,1.0,0.0,21.36
2026-07-25 01:14:28,047,SCN1A6J_019_819_75,105,0.175,8,0.753,0.0,21.38
2026-07-25 01:24:31,047,SCN1A6J_019_819_75,188,0.312,5,0.515,0.0,21.48
2026-07-25 01:34:34,047,SCN1A6J_019_819_75,189,0.314,5,0.514,0.0,21.49
2026-07-25 01:44:37,047,SCN1A6J_019_819_75,264,0.439,2,0.233,0.0,21.52
2026-07-25 01:54:40,047,SCN1A6J_019_819_75,277,0.461,4,0.366,0.0,21.58
2026-07-25 02:04:43,047,SCN1A6J_019_819_75,181,0.302,4,0.469,0.0,21.53
2026-07-25 02:14:46,047,SCN1A6J_019_819_75,176,0.292,4,0.476,0.0,21.49
2026-07-25 02:24:49,047,SCN1A6J_019_819_75,156,0.26,3,0.435,0.0,21.41
2026-07-25 02:34:52,047,SCN1A6J_019_819_75,2,0.003,15,0.997,0.0,21.34
2026-07-25 02:44:54,047,SCN1A6J_019_819_75,2,0.003,14,0.996,0.0,21.26
2026-07-25 02:54:57,047,SCN1A6J_019_819_75,0,0.0,15,1.0,0.0,21.2
2026-07-25 03:04:59,047,SCN1A6J_019_819_75,7,0.012,12,0.986,0.0,21.17
2026-07-25 03:15:02,047,SCN1A6J_019_819_75,71,0.118,9,0.835,0.0,21.21
2026-07-25 03:25:05,047,SCN1A6J_019_819_75,131,0.218,8,0.71,0.0,21.28
2026-07-25 03:35:08,047,SCN1A6J_019_819_75,37,0.062,9,0.907,0.0,21.28
2026-07-25 03:45:11,047,SCN1A6J_019_819_75,20,0.033,12,0.96,0.0,21.29
2026-07-25 03:55:14,047,SCN1A6J_019_819_75,109,0.181,5,0.647,0.0,21.28
2026-07-25 04:05:16,047,SCN1A6J_019_819_75,24,0.04,14,0.959,0.0,21.29
2026-07-25 04:15:19,047,SCN1A6J_019_819_75,224,0.373,6,0.517,0.0,21.31
2026-07-25 04:25:22,047,SCN1A6J_019_819_75,84,0.14,10,0.826,0.0,21.36
2026-07-25 04:35:25,047,SCN1A6J_019_819_75,16,0.027,12,0.968,0.0,21.33
2026-07-25 04:45:28,047,SCN1A6J_019_819_75,2,0.003,14,0.996,0.0,21.3
2026-07-25 04:55:31,047,SCN1A6J_019_819_75,70,0.116,7,0.8,0.0,21.35
2026-07-25 05:06:00,047,SCN1A6J_019_819_75,70,0.117,9,0.837,0.0,21.4
2026-07-25 05:16:02,047,SCN1A6J_019_819_75,260,0.433,3,0.316,0.0,21.45
2026-07-25 05:26:05,047,SCN1A6J_019_819_75,67,0.111,8,0.827,0.0,21.4
2026-07-25 05:36:08,047,SCN1A6J_019_819_75,287,0.478,2,0.218,0.0,21.43
2026-07-25 05:46:11,047,SCN1A6J_019_819_75,91,0.152,7,0.755,0.0,21.38
2026-07-25 05:56:13,047,SCN1A6J_019_819_75,112,0.186,5,0.641,0.0,21.33
2026-07-25 06:06:16,047,SCN1A6J_019_819_75,225,0.375,3,0.348,1.0368,21.32
2026-07-25 06:16:18,047,SCN1A6J_019_819_75,164,0.273,3,0.423,1.0368,21.34
2026-07-25 06:26:21,047,SCN1A6J_019_819_75,51,0.085,10,0.887,1.0584,21.29
2026-07-25 06:36:23,047,SCN1A6J_019_819_75,5,0.008,13,0.99,1.0584,21.24
2026-07-25 06:46:25,047,SCN1A6J_019_819_75,0,0.0,15,1.0,1.0512,21.2
2026-07-25 06:56:28,047,SCN1A6J_019_819_75,1,0.002,14,0.998,1.062,21.16
2026-07-25 07:06:31,047,SCN1A6J_019_819_75,122,0.203,6,0.663,1.0872,21.17
2026-07-25 07:16:34,047,SCN1A6J_019_819_75,61,0.102,9,0.855,1.0152,21.17
2026-07-25 07:26:37,047,SCN1A6J_019_819_75,15,0.025,13,0.972,1.0152,21.15
2026-07-25 07:36:40,047,SCN1A6J_019_819_75,9,0.015,13,0.983,1.0152,21.13
2026-07-25 07:46:42,047,SCN1A6J_019_819_75,3,0.005,15,0.995,1.0224,21.12
2026-07-25 07:56:45,047,SCN1A6J_019_819_75,20,0.033,12,0.96,1.008,21.12
2026-07-25 08:06:48,047,SCN1A6J_019_819_75,79,0.131,10,0.835,1.0224,21.15
2026-07-25 08:16:51,047,SCN1A6J_019_819_75,25,0.042,11,0.946,1.026,21.15
2026-07-25 08:26:53,047,SCN1A6J_019_819_75,0,0.0,15,1.0,1.0296,21.13
2026-07-25 08:36:56,047,SCN1A6J_019_819_75,0,0.0,15,1.0,1.0224,21.12
2026-07-25 08:46:59,047,SCN1A6J_019_819_75,4,0.007,15,0.993,1.0296,21.12
2026-07-25 08:57:01,047,SCN1A6J_019_819_75,1,0.002,15,0.998,1.0224,21.11
2026-07-25 09:07:41,047,SCN1A6J_019_819_75,29,0.048,10,0.932,1.0224,21.22
2026-07-25 09:17:44,047,SCN1A6J_019_819_75,0,0.0,15,1.0,1.0224,21.16
2026-07-25 09:27:47,047,SCN1A6J_019_819_75,0,0.0,15,1.0,1.0152,21.13
2026-07-25 09:37:49,047,SCN1A6J_019_819_75,0,0.0,15,1.0,1.0152,21.11
2026-07-25 09:47:52,047,SCN1A6J_019_819_75,0,0.0,15,1.0,1.0584,21.1
2026-07-25 09:57:55,047,SCN1A6J_019_819_75,3,0.005,14,0.995,1.0584,21.1
2026-07-25 10:07:58,047,SCN1A6J_019_819_75,0,0.0,15,1.0,1.0584,21.09
2026-07-25 10:18:01,047,SCN1A6J_019_819_75,12,0.02,13,0.977,1.0224,21.1
2026-07-25 10:28:04,047,SCN1A6J_019_819_75,2,0.003,14,0.996,1.0152,21.1
2026-07-25 10:38:07,047,SCN1A6J_019_819_75,0,0.0,15,1.0,1.0224,21.09
2026-07-25 10:48:10,047,SCN1A6J_019_819_75,0,0.0,15,1.0,1.0152,21.1
2026-07-25 10:58:13,047,SCN1A6J_019_819_75,1,0.002,14,0.998,1.0224,21.1
2026-07-25 11:08:16,047,SCN1A6J_019_819_75,0,0.0,15,1.0,1.0224,21.09
2026-07-25 11:18:18,047,SCN1A6J_019_819_75,0,0.0,15,1.0,1.0224,21.09
2026-07-25 11:28:21,047,SCN1A6J_019_819_75,5,0.008,14,0.991,1.0152,21.08
2026-07-25 11:38:24,047,SCN1A6J_019_819_75,53,0.088,9,0.872,1.0152,21.11
2026-07-25 11:48:27,047,SCN1A6J_019_819_75,131,0.218,4,0.55,1.008,21.16
2026-07-25 11:58:29,047,SCN1A6J_019_819_75,5,0.008,12,0.99,1.0368,21.16
2026-07-25 12:08:33,047,SCN1A6J_019_819_75,0,0.0,15,1.0,1.0296,21.16
2026-07-25 12:18:36,047,SCN1A6J_019_819_75,0,0.0,15,1.0,1.0332,21.14
2026-07-25 12:28:39,047,SCN1A6J_019_819_75,0,0.0,15,1.0,1.0296,21.11
2026-07-25 12:38:42,047,SCN1A6J_019_819_75,0,0.0,15,1.0,1.0296,21.09
2026-07-25 12:48:44,047,SCN1A6J_019_819_75,0,0.0,15,1.0,1.0368,21.09
2026-07-25 12:58:47,047,SCN1A6J_019_819_75,0,0.0,15,1.0,1.0368,21.09
2026-07-25 13:09:28,047,SCN1A6J_019_819_75,0,0.0,15,1.0,1.0296,21.17
2026-07-25 13:19:31,047,SCN1A6J_019_819_75,0,0.0,15,1.0,1.0404,21.13
2026-07-25 13:29:34,047,SCN1A6J_019_819_75,0,0.0,15,1.0,1.044,21.12
2026-07-25 13:39:36,047,SCN1A6J_019_819_75,0,0.0,15,1.0,1.0404,21.09
2026-07-25 13:49:40,047,SCN1A6J_019_819_75,0,0.0,15,1.0,1.0296,21.09
2026-07-25 13:59:43,047,SCN1A6J_019_819_75,47,0.078,12,0.911,1.1088,21.11
2026-07-25 14:09:46,047,SCN1A6J_019_819_75,134,0.223,6,0.642,1.0188,21.14
2026-07-25 14:19:48,047,SCN1A6J_019_819_75,1,0.002,14,0.998,1.0152,21.12
2026-07-25 14:29:51,047,SCN1A6J_019_819_75,2,0.003,15,0.997,1.0152,21.11
2026-07-25 14:39:53,047,SCN1A6J_019_819_75,0,0.0,15,1.0,1.0152,21.1
2026-07-25 14:49:56,047,SCN1A6J_019_819_75,0,0.0,15,1.0,1.0188,21.09
2026-07-25 14:59:59,047,SCN1A6J_019_819_75,0,0.0,15,1.0,1.0188,21.08
2026-07-25 15:10:02,047,SCN1A6J_019_819_75,4,0.007,14,0.993,1.0152,21.1
2026-07-25 15:20:04,047,SCN1A6J_019_819_75,0,0.0,15,1.0,1.0152,21.1
2026-07-25 15:30:07,047,SCN1A6J_019_819_75,0,0.0,15,1.0,1.0152,21.1
2026-07-25 15:40:09,047,SCN1A6J_019_819_75,0,0.0,15,1.0,1.0152,21.09
2026-07-25 15:50:12,047,SCN1A6J_019_819_75,4,0.007,15,0.993,0.9792,21.09
2026-07-25 16:00:15,047,SCN1A6J_019_819_75,34,0.057,12,0.934,1.0152,21.13
2026-07-25 16:10:17,047,SCN1A6J_019_819_75,0,0.0,15,1.0,1.0152,21.13
2026-07-25 16:20:20,047,SCN1A6J_019_819_75,3,0.005,14,0.995,1.0152,21.11
2026-07-25 16:30:23,047,SCN1A6J_019_819_75,0,0.0,15,1.0,1.026,21.12
2026-07-25 16:40:26,047,SCN1A6J_019_819_75,1,0.002,15,0.998,1.0152,21.11
2026-07-25 16:50:28,047,SCN1A6J_019_819_75,0,0.0,15,1.0,1.0296,21.11
2026-07-25 17:00:31,047,SCN1A6J_019_819_75,1,0.002,14,0.998,1.0332,21.11
2026-07-25 17:11:13,047,SCN1A6J_019_819_75,92,0.154,7,0.753,0.9432,21.3
2026-07-25 17:21:16,047,SCN1A6J_019_819_75,101,0.168,7,0.735,0.9792,21.33
2026-07-25 17:31:19,047,SCN1A6J_019_819_75,16,0.027,13,0.97,1.0368,21.3
2026-07-25 17:41:22,047,SCN1A6J_019_819_75,0,0.0,15,1.0,1.0476,21.26
2026-07-25 17:51:25,047,SCN1A6J_019_819_75,0,0.0,15,1.0,1.0368,21.21
2026-07-25 18:01:28,047,SCN1A6J_019_819_75,12,0.02,14,0.979,0.0,21.19
2026-07-25 18:11:31,047,SCN1A6J_019_819_75,94,0.156,6,0.719,0.0,21.21
2026-07-25 18:21:34,047,SCN1A6J_019_819_75,274,0.456,3,0.305,0.0,21.44
2026-07-25 18:31:36,047,SCN1A6J_019_819_75,299,0.498,1,0.118,0.0,21.68
2026-07-25 18:41:39,047,SCN1A6J_019_819_75,206,0.343,7,0.576,0.0,21.65
2026-07-25 18:51:43,047,SCN1A6J_019_819_75,18,0.03,13,0.967,0.0,21.57
2026-07-25 19:01:45,047,SCN1A6J_019_819_75,6,0.01,14,0.989,0.0,21.51
2026-07-25 19:11:47,047,SCN1A6J_019_819_75,110,0.183,7,0.718,0.0,21.53
2026-07-25 19:21:50,047,SCN1A6J_019_819_75,254,0.423,2,0.24,0.0,21.67
2026-07-25 19:31:53,047,SCN1A6J_019_819_75,178,0.296,4,0.473,0.0,21.68
2026-07-25 19:41:56,047,SCN1A6J_019_819_75,124,0.206,8,0.721,0.0,21.66
2026-07-25 19:51:59,047,SCN1A6J_019_819_75,13,0.022,13,0.976,0.0,21.59
2026-07-25 20:02:02,047,SCN1A6J_019_819_75,205,0.341,3,0.369,0.0,21.59
2026-07-25 20:12:05,047,SCN1A6J_019_819_75,47,0.078,8,0.872,0.0,21.53
2026-07-25 20:22:07,047,SCN1A6J_019_819_75,59,0.098,9,0.859,0.0,21.5
2026-07-25 20:32:10,047,SCN1A6J_019_819_75,112,0.186,6,0.682,0.0,21.47
2026-07-25 20:42:13,047,SCN1A6J_019_819_75,38,0.063,12,0.927,0.0,21.43
2026-07-25 20:52:16,047,SCN1A6J_019_819_75,15,0.025,13,0.972,0.0,21.39
2026-07-25 21:02:19,047,SCN1A6J_019_819_75,96,0.159,7,0.745,0.0,21.37
2026-07-25 21:12:53,047,SCN1A6J_019_819_75,126,0.211,7,0.69,0.0,21.47
2026-07-25 21:22:56,047,SCN1A6J_019_819_75,117,0.194,8,0.732,0.0,21.57
2026-07-25 21:32:59,047,SCN1A6J_019_819_75,192,0.32,4,0.455,0.0,21.54
2026-07-25 21:43:02,047,SCN1A6J_019_819_75,104,0.173,9,0.776,0.0,21.53
2026-07-25 21:53:04,047,SCN1A6J_019_819_75,0,0.0,15,1.0,0.0,21.49
2026-07-25 22:03:07,047,SCN1A6J_019_819_75,1,0.002,14,0.998,0.0,21.46
2026-07-25 22:13:10,047,SCN1A6J_019_819_75,73,0.122,7,0.793,0.0,21.45
2026-07-25 22:23:12,047,SCN1A6J_019_819_75,134,0.223,9,0.729,0.0,21.5
2026-07-25 22:33:15,047,SCN1A6J_019_819_75,286,0.476,3,0.296,0.0,21.54
2026-07-25 22:43:19,047,SCN1A6J_019_819_75,59,0.098,10,0.871,0.0,21.52
2026-07-25 22:53:21,047,SCN1A6J_019_819_75,82,0.136,11,0.843,0.0,21.51
2026-07-25 23:03:24,047,SCN1A6J_019_819_75,17,0.028,14,0.971,0.0,21.49
2026-07-25 23:13:27,047,SCN1A6J_019_819_75,65,0.108,9,0.847,0.0,21.47
2026-07-25 23:23:30,047,SCN1A6J_019_819_75,174,0.289,6,0.58,0.0,21.62
2026-07-25 23:33:33,047,SCN1A6J_019_819_75,129,0.215,7,0.685,0.0,21.57
2026-07-25 23:43:36,047,SCN1A6J_019_819_75,212,0.353,6,0.531,0.0,21.62
2026-07-25 23:53:39,047,SCN1A6J_019_819_75,47,0.078,11,0.903,0.0,21.54
2026-07-26 00:03:42,047,SCN1A6J_019_819_75,47,0.078,11,0.903,0.0,21.49
2026-07-26 00:13:45,047,SCN1A6J_019_819_75,293,0.488,1,0.12,0.0,21.54
2026-07-26 00:23:48,047,SCN1A6J_019_819_75,133,0.221,6,0.643,0.0,21.56
2026-07-26 00:33:51,047,SCN1A6J_019_819_75,34,0.057,12,0.934,0.0,21.54
2026-07-26 00:43:54,047,SCN1A6J_019_819_75,12,0.02,13,0.977,0.0,21.5
2026-07-26 00:53:57,047,SCN1A6J_019_819_75,8,0.013,13,0.985,0.0,21.45
2026-07-26 01:03:59,047,SCN1A6J_019_819_75,7,0.012,14,0.988,0.0,21.42
2026-07-26 01:14:38,047,SCN1A6J_019_819_75,5,0.008,14,0.991,0.0,21.47
2026-07-26 01:24:40,047,SCN1A6J_019_819_75,23,0.038,12,0.954,0.0,21.41
2026-07-26 01:34:43,047,SCN1A6J_019_819_75,201,0.335,1,0.166,0.0,21.43
2026-07-26 01:44:46,047,SCN1A6J_019_819_75,128,0.213,9,0.738,0.0,21.43
2026-07-26 01:54:49,047,SCN1A6J_019_819_75,25,0.042,12,0.95,0.0,21.41
2026-07-26 02:04:52,047,SCN1A6J_019_819_75,125,0.208,8,0.719,0.0,21.42
2026-07-26 02:14:55,047,SCN1A6J_019_819_75,195,0.324,6,0.552,0.0,21.57
2026-07-26 02:24:57,047,SCN1A6J_019_819_75,316,0.526,0,0.0,0.0,21.53
2026-07-26 02:35:00,047,SCN1A6J_019_819_75,285,0.474,3,0.296,0.0,21.51
2026-07-26 02:45:03,047,SCN1A6J_019_819_75,154,0.257,4,0.51,0.0,21.51
2026-07-26 02:55:06,047,SCN1A6J_019_819_75,2,0.003,15,0.997,0.0,21.46
2026-07-26 03:05:09,047,SCN1A6J_019_819_75,11,0.018,12,0.978,0.0,21.4
2026-07-26 03:15:12,047,SCN1A6J_019_819_75,3,0.005,15,0.995,0.0,21.37
2026-07-26 03:25:14,047,SCN1A6J_019_819_75,1,0.002,14,0.998,0.0,21.31
2026-07-26 03:35:17,047,SCN1A6J_019_819_75,0,0.0,15,1.0,0.0,21.27
2026-07-26 03:45:20,047,SCN1A6J_019_819_75,0,0.0,15,1.0,0.0,21.24
2026-07-26 03:55:23,047,SCN1A6J_019_819_75,103,0.171,5,0.66,0.0,21.26
2026-07-26 04:05:25,047,SCN1A6J_019_819_75,29,0.048,13,0.947,0.0,21.27
2026-07-26 04:15:28,047,SCN1A6J_019_819_75,53,0.088,9,0.872,0.0,21.27
2026-07-26 04:25:31,047,SCN1A6J_019_819_75,2,0.003,14,0.996,0.0,21.25
2026-07-26 04:35:34,047,SCN1A6J_019_819_75,6,0.01,13,0.989,0.0,21.23
2026-07-26 04:45:37,047,SCN1A6J_019_819_75,0,0.0,15,1.0,0.0,21.2
2026-07-26 04:55:40,047,SCN1A6J_019_819_75,4,0.007,14,0.993,0.0,21.19
2026-07-26 05:05:42,047,SCN1A6J_019_819_75,1,0.002,14,0.998,0.0,21.16
2026-07-26 05:16:14,047,SCN1A6J_019_819_75,94,0.157,7,0.749,0.0,21.25
2026-07-26 05:26:17,047,SCN1A6J_019_819_75,151,0.251,5,0.57,0.0,21.41
2026-07-26 05:36:20,047,SCN1A6J_019_819_75,62,0.103,10,0.866,0.0,21.4
2026-07-26 05:46:22,047,SCN1A6J_019_819_75,184,0.306,7,0.603,0.0,21.43
2026-07-26 05:56:25,047,SCN1A6J_019_819_75,239,0.398,5,0.456,0.0,21.44
2026-07-26 06:06:28,047,SCN1A6J_019_819_75,272,0.452,1,0.128,1.0296,21.43
2026-07-26 06:16:31,047,SCN1A6J_019_819_75,2,0.003,15,0.997,1.0296,21.38
2026-07-26 06:26:34,047,SCN1A6J_019_819_75,3,0.005,13,0.994,1.0332,21.33
2026-07-26 06:36:37,047,SCN1A6J_019_819_75,0,0.0,15,1.0,1.0332,21.27
2026-07-26 06:46:39,047,SCN1A6J_019_819_75,0,0.0,15,1.0,1.0224,21.21
2026-07-26 06:56:42,047,SCN1A6J_019_819_75,0,0.0,15,1.0,1.0224,21.17
2026-07-26 07:06:44,047,SCN1A6J_019_819_75,0,0.0,15,1.0,1.026,21.13
2026-07-26 07:16:47,047,SCN1A6J_019_819_75,0,0.0,15,1.0,1.026,21.12
2026-07-26 07:26:50,047,SCN1A6J_019_819_75,2,0.003,15,0.997,1.0152,21.11
2026-07-26 07:36:53,047,SCN1A6J_019_819_75,0,0.0,15,1.0,1.026,21.1
2026-07-26 07:46:56,047,SCN1A6J_019_819_75,0,0.0,15,1.0,1.0224,21.1
2026-07-26 07:56:58,047,SCN1A6J_019_819_75,0,0.0,15,1.0,1.0224,21.1
2026-07-26 08:07:01,047,SCN1A6J_019_819_75,68,0.113,9,0.841,1.0152,21.12
2026-07-26 08:17:04,047,SCN1A6J_019_819_75,7,0.012,13,0.987,1.026,21.14
2026-07-26 08:27:07,047,SCN1A6J_019_819_75,0,0.0,15,1.0,1.0224,21.14
2026-07-26 08:37:10,047,SCN1A6J_019_819_75,0,0.0,15,1.0,1.0152,21.13
2026-07-26 08:47:12,047,SCN1A6J_019_819_75,0,0.0,15,1.0,1.0224,21.13
2026-07-26 08:57:15,047,SCN1A6J_019_819_75,1,0.002,14,0.998,1.0152,21.13
2026-07-26 09:07:17,047,SCN1A6J_019_819_75,0,0.0,15,1.0,1.0296,21.13
2026-07-26 09:17:54,047,SCN1A6J_019_819_75,101,0.169,6,0.704,1.0188,21.24
2026-07-26 09:27:57,047,SCN1A6J_019_819_75,127,0.211,5,0.612,1.242,21.27
2026-07-26 09:38:00,047,SCN1A6J_019_819_75,2,0.003,13,0.996,1.2384,21.3
2026-07-26 09:48:03,047,SCN1A6J_019_819_75,1,0.002,15,0.998,1.2456,21.32
2026-07-26 09:58:06,047,SCN1A6J_019_819_75,0,0.0,15,1.0,1.0368,21.31
2026-07-26 10:08:08,047,SCN1A6J_019_819_75,0,0.0,15,1.0,1.0368,21.28
2026-07-26 10:18:11,047,SCN1A6J_019_819_75,3,0.005,14,0.995,1.0008,21.26
2026-07-26 10:28:14,047,SCN1A6J_019_819_75,0,0.0,15,1.0,1.0008,21.23
2026-07-26 10:38:17,047,SCN1A6J_019_819_75,0,0.0,15,1.0,1.0008,21.2
2026-07-26 10:48:20,047,SCN1A6J_019_819_75,0,0.0,15,1.0,1.0116,21.18
2026-07-26 10:58:23,047,SCN1A6J_019_819_75,0,0.0,15,1.0,1.0008,21.16
2026-07-26 11:08:26,047,SCN1A6J_019_819_75,2,0.003,14,0.996,1.0008,21.14
2026-07-26 11:18:28,047,SCN1A6J_019_819_75,4,0.007,13,0.992,1.0008,21.13
2026-07-26 11:28:31,047,SCN1A6J_019_819_75,0,0.0,15,1.0,1.008,21.13
2026-07-26 11:38:34,047,SCN1A6J_019_819_75,5,0.008,13,0.99,1.0008,21.13
2026-07-26 11:48:36,047,SCN1A6J_019_819_75,0,0.0,15,1.0,1.008,21.13
2026-07-26 11:58:40,047,SCN1A6J_019_819_75,0,0.0,15,1.0,1.0008,21.13
2026-07-26 12:08:43,047,SCN1A6J_019_819_75,0,0.0,15,1.0,1.0008,21.11
2026-07-26 12:18:46,047,SCN1A6J_019_819_75,3,0.005,15,0.995,1.0008,21.11
2026-07-26 12:28:48,047,SCN1A6J_019_819_75,0,0.0,15,1.0,1.0008,21.11
2026-07-26 12:38:51,047,SCN1A6J_019_819_75,0,0.0,15,1.0,1.0008,21.1
2026-07-26 12:48:54,047,SCN1A6J_019_819_75,0,0.0,15,1.0,1.0008,21.09
2026-07-26 12:58:57,047,SCN1A6J_019_819_75,0,0.0,15,1.0,1.0008,21.11
2026-07-26 13:08:59,047,SCN1A6J_019_819_75,39,0.065,12,0.925,1.008,21.15
2026-07-26 13:19:40,047,SCN1A6J_019_819_75,109,0.182,7,0.72,1.008,21.27
2026-07-26 13:29:43,047,SCN1A6J_019_819_75,33,0.055,11,0.93,1.044,21.25
2026-07-26 13:39:46,047,SCN1A6J_019_819_75,6,0.01,14,0.989,1.044,21.22
2026-07-26 13:49:49,047,SCN1A6J_019_819_75,0,0.0,15,1.0,1.008,21.2
2026-07-26 13:59:51,047,SCN1A6J_019_819_75,2,0.003,14,0.996,1.008,21.18
2026-07-26 14:09:54,047,SCN1A6J_019_819_75,3,0.005,14,0.995,1.0152,21.15
2026-07-26 14:19:57,047,SCN1A6J_019_819_75,1,0.002,14,0.998,1.0152,21.14
2026-07-26 14:30:00,047,SCN1A6J_019_819_75,0,0.0,15,1.0,1.0692,21.14
2026-07-26 14:40:02,047,SCN1A6J_019_819_75,4,0.007,14,0.993,1.0584,21.13
2026-07-26 14:50:05,047,SCN1A6J_019_819_75,2,0.003,14,0.996,1.0692,21.13
2026-07-26 15:00:08,047,SCN1A6J_019_819_75,14,0.023,12,0.972,1.0296,21.14
2026-07-26 15:10:10,047,SCN1A6J_019_819_75,115,0.191,8,0.736,1.0512,21.19
2026-07-26 15:20:13,047,SCN1A6J_019_819_75,179,0.298,3,0.401,1.08,21.26
2026-07-26 15:30:16,047,SCN1A6J_019_819_75,0,0.0,15,1.0,1.0728,21.23
2026-07-26 15:40:18,047,SCN1A6J_019_819_75,0,0.0,15,1.0,1.0764,21.19
2026-07-26 15:50:21,047,SCN1A6J_019_819_75,0,0.0,15,1.0,1.0836,21.14
2026-07-26 16:00:24,047,SCN1A6J_019_819_75,0,0.0,15,1.0,1.0728,21.11
2026-07-26 16:10:27,047,SCN1A6J_019_819_75,0,0.0,15,1.0,1.0728,21.06
2026-07-26 16:20:29,047,SCN1A6J_019_819_75,0,0.0,15,1.0,1.0908,21.03
2026-07-26 16:30:33,047,SCN1A6J_019_819_75,26,0.043,13,0.952,1.0944,21.03
2026-07-26 16:40:36,047,SCN1A6J_019_819_75,7,0.012,14,0.988,1.0728,21.06
2026-07-26 16:50:39,047,SCN1A6J_019_819_75,37,0.062,13,0.934,1.0548,21.08
2026-07-26 17:00:41,047,SCN1A6J_019_819_75,4,0.007,14,0.993,1.0548,21.08
2026-07-26 17:10:45,047,SCN1A6J_019_819_75,0,0.0,15,1.0,1.0584,21.08
2026-07-26 17:21:23,047,SCN1A6J_019_819_75,0,0.0,15,1.0,1.0512,21.16
2026-07-26 17:31:26,047,SCN1A6J_019_819_75,0,0.0,15,1.0,1.0512,21.13
2026-07-26 17:41:28,047,SCN1A6J_019_819_75,5,0.008,14,0.991,1.0584,21.14
2026-07-26 17:51:31,047,SCN1A6J_019_819_75,112,0.186,7,0.714,1.062,21.18
2026-07-26 18:01:34,047,SCN1A6J_019_819_75,51,0.085,9,0.876,0.0,21.2
2026-07-26 18:11:38,047,SCN1A6J_019_819_75,55,0.092,6,0.814,0.0,21.22
2026-07-26 18:21:40,047,SCN1A6J_019_819_75,292,0.486,3,0.291,0.0,21.5
2026-07-26 18:31:44,047,SCN1A6J_019_819_75,236,0.393,4,0.404,0.0,21.53
2026-07-26 18:41:46,047,SCN1A6J_019_819_75,122,0.203,7,0.697,0.0,21.59
2026-07-26 18:51:49,047,SCN1A6J_019_819_75,7,0.012,14,0.988,0.0,21.53
2026-07-26 19:01:52,047,SCN1A6J_019_819_75,162,0.27,4,0.497,0.0,21.56
2026-07-26 19:11:55,047,SCN1A6J_019_819_75,130,0.216,8,0.711,0.0,21.64
2026-07-26 19:21:57,047,SCN1A6J_019_819_75,61,0.101,11,0.878,0.0,21.59
2026-07-26 19:32:00,047,SCN1A6J_019_819_75,1,0.002,14,0.998,0.0,21.53
2026-07-26 19:42:03,047,SCN1A6J_019_819_75,6,0.01,14,0.989,0.0,21.49
2026-07-26 19:52:06,047,SCN1A6J_019_819_75,249,0.414,1,0.138,0.0,21.52
2026-07-26 20:02:09,047,SCN1A6J_019_819_75,214,0.356,1,0.157,0.0,21.63
2026-07-26 20:12:12,047,SCN1A6J_019_819_75,127,0.211,8,0.716,0.0,21.57
2026-07-26 20:22:14,047,SCN1A6J_019_819_75,165,0.275,5,0.548,0.0,21.57
2026-07-26 20:32:17,047,SCN1A6J_019_819_75,13,0.022,13,0.976,0.0,21.53
2026-07-26 20:42:20,047,SCN1A6J_019_819_75,10,0.017,14,0.982,0.0,21.49
2026-07-26 20:52:23,047,SCN1A6J_019_819_75,14,0.023,12,0.972,0.0,21.43
2026-07-26 21:02:26,047,SCN1A6J_019_819_75,146,0.243,2,0.354,0.0,21.44
2026-07-26 21:12:28,047,SCN1A6J_019_819_75,67,0.111,12,0.878,0.0,21.46
2026-07-26 21:23:07,047,SCN1A6J_019_819_75,12,0.02,12,0.976,0.0,21.53
2026-07-26 21:33:10,047,SCN1A6J_019_819_75,70,0.116,7,0.8,0.0,21.49
2026-07-26 21:43:13,047,SCN1A6J_019_819_75,321,0.534,3,0.272,0.0,21.63
2026-07-26 21:53:16,047,SCN1A6J_019_819_75,203,0.338,7,0.58,0.0,21.67
2026-07-26 22:03:18,047,SCN1A6J_019_819_75,164,0.273,6,0.594,0.0,21.75
2026-07-26 22:13:21,047,SCN1A6J_019_819_75,170,0.283,3,0.414,0.0,21.69
2026-07-26 22:23:24,047,SCN1A6J_019_819_75,69,0.115,9,0.839,0.0,21.63
2026-07-26 22:33:27,047,SCN1A6J_019_819_75,86,0.143,6,0.736,0.0,21.59
2026-07-26 22:43:29,047,SCN1A6J_019_819_75,146,0.243,7,0.657,0.0,21.54
2026-07-26 22:53:32,047,SCN1A6J_019_819_75,299,0.498,3,0.286,0.0,21.6
2026-07-26 23:03:35,047,SCN1A6J_019_819_75,194,0.323,5,0.508,0.0,21.58
2026-07-26 23:13:37,047,SCN1A6J_019_819_75,134,0.223,7,0.676,0.0,21.56
2026-07-26 23:23:41,047,SCN1A6J_019_819_75,246,0.409,4,0.394,0.0,21.61
2026-07-26 23:33:44,047,SCN1A6J_019_819_75,34,0.056,12,0.934,0.0,21.55
2026-07-26 23:43:47,047,SCN1A6J_019_819_75,0,0.0,15,1.0,0.0,21.53
2026-07-26 23:53:50,047,SCN1A6J_019_819_75,4,0.007,13,0.992,0.0,21.51
2026-07-25 00:09:21,046,SCN1A6J_019_819_78,16,0.027,14,0.972,0.0,21.79
2026-07-25 00:19:24,046,SCN1A6J_019_819_78,18,0.03,12,0.964,0.0,21.82
2026-07-25 00:29:27,046,SCN1A6J_019_819_78,16,0.027,14,0.972,0.0,21.81
2026-07-25 00:39:29,046,SCN1A6J_019_819_78,0,0.0,15,1.0,0.0,21.78
2026-07-25 00:49:32,046,SCN1A6J_019_819_78,0,0.0,15,1.0,0.0,21.75
2026-07-25 00:59:35,046,SCN1A6J_019_819_78,0,0.0,15,1.0,0.0,21.71
2026-07-25 01:09:39,046,SCN1A6J_019_819_78,40,0.067,10,0.909,0.0,21.72
2026-07-25 01:20:02,046,SCN1A6J_019_819_78,0,0.0,15,1.0,0.0,21.76
2026-07-25 01:30:05,046,SCN1A6J_019_819_78,0,0.0,15,1.0,0.0,21.72
2026-07-25 01:40:08,046,SCN1A6J_019_819_78,0,0.0,15,1.0,0.0,21.7
2026-07-25 01:50:11,046,SCN1A6J_019_819_78,0,0.0,15,1.0,0.0,21.66
2026-07-25 02:00:15,046,SCN1A6J_019_819_78,0,0.0,15,1.0,0.0,21.63
2026-07-25 02:10:18,046,SCN1A6J_019_819_78,0,0.0,15,1.0,0.0,21.61
2026-07-25 02:20:22,046,SCN1A6J_019_819_78,0,0.0,15,1.0,0.0,21.62
2026-07-25 02:30:24,046,SCN1A6J_019_819_78,11,0.018,13,0.979,0.0,21.65
2026-07-25 02:40:27,046,SCN1A6J_019_819_78,0,0.0,15,1.0,0.0,21.64
2026-07-25 02:50:30,046,SCN1A6J_019_819_78,0,0.0,15,1.0,0.0,21.62
2026-07-25 03:00:34,046,SCN1A6J_019_819_78,0,0.0,15,1.0,0.0,21.6
2026-07-25 03:10:36,046,SCN1A6J_019_819_78,0,0.0,15,1.0,0.0,21.6
2026-07-25 03:20:40,046,SCN1A6J_019_819_78,0,0.0,15,1.0,0.0,21.58
2026-07-25 03:30:43,046,SCN1A6J_019_819_78,4,0.007,14,0.993,0.0,21.62
2026-07-25 03:40:47,046,SCN1A6J_019_819_78,0,0.0,15,1.0,0.0,21.62
2026-07-25 03:50:51,046,SCN1A6J_019_819_78,0,0.0,15,1.0,0.0,21.59
2026-07-25 04:00:54,046,SCN1A6J_019_819_78,0,0.0,15,1.0,0.0,21.58
2026-07-25 04:10:58,046,SCN1A6J_019_819_78,0,0.0,15,1.0,0.0,21.56
2026-07-25 04:21:01,046,SCN1A6J_019_819_78,0,0.0,15,1.0,0.0,21.55
2026-07-25 04:31:04,046,SCN1A6J_019_819_78,0,0.0,15,1.0,0.0,21.53
2026-07-25 04:41:06,046,SCN1A6J_019_819_78,0,0.0,15,1.0,0.0,21.51
2026-07-25 04:51:10,046,SCN1A6J_019_819_78,0,0.0,15,1.0,0.0,21.51
2026-07-25 05:01:13,046,SCN1A6J_019_819_78,0,0.0,15,1.0,0.0,21.51
2026-07-25 05:11:16,046,SCN1A6J_019_819_78,0,0.0,15,1.0,0.0,21.51
2026-07-25 05:21:38,046,SCN1A6J_019_819_78,0,0.0,15,1.0,0.0,21.55
2026-07-25 05:31:41,046,SCN1A6J_019_819_78,0,0.0,15,1.0,0.0,21.52
2026-07-25 05:41:44,046,SCN1A6J_019_819_78,22,0.037,13,0.959,0.0,21.55
2026-07-25 05:51:47,046,SCN1A6J_019_819_78,0,0.0,15,1.0,0.0,21.56
2026-07-25 06:01:50,046,SCN1A6J_019_819_78,17,0.028,12,0.966,0.1224,21.59
2026-07-25 06:11:53,046,SCN1A6J_019_819_78,0,0.0,15,1.0,0.1224,21.59
2026-07-25 06:21:57,046,SCN1A6J_019_819_78,0,0.0,15,1.0,0.1224,21.6
2026-07-25 06:32:00,046,SCN1A6J_019_819_78,0,0.0,15,1.0,0.1224,21.58
2026-07-25 06:42:03,046,SCN1A6J_019_819_78,0,0.0,15,1.0,0.126,21.57
2026-07-25 06:52:07,046,SCN1A6J_019_819_78,0,0.0,15,1.0,0.1224,21.56
2026-07-25 07:02:11,046,SCN1A6J_019_819_78,0,0.0,15,1.0,0.1152,21.55
2026-07-25 07:12:13,046,SCN1A6J_019_819_78,0,0.0,15,1.0,0.126,21.56
2026-07-25 07:22:16,046,SCN1A6J_019_819_78,2,0.003,14,0.996,0.126,21.54
2026-07-25 07:32:19,046,SCN1A6J_019_819_78,0,0.0,15,1.0,0.126,21.55
2026-07-25 07:42:22,046,SCN1A6J_019_819_78,0,0.0,15,1.0,0.1224,21.54
2026-07-25 07:52:25,046,SCN1A6J_019_819_78,0,0.0,15,1.0,0.126,21.54
2026-07-25 08:02:28,046,SCN1A6J_019_819_78,0,0.0,15,1.0,0.126,21.53
2026-07-25 08:12:32,046,SCN1A6J_019_819_78,0,0.0,15,1.0,0.126,21.53
2026-07-25 08:22:35,046,SCN1A6J_019_819_78,160,0.266,5,0.556,0.1224,21.64
2026-07-25 08:32:38,046,SCN1A6J_019_819_78,52,0.086,10,0.885,0.1296,21.66
2026-07-25 08:42:41,046,SCN1A6J_019_819_78,36,0.06,9,0.909,0.1296,21.68
2026-07-25 08:52:45,046,SCN1A6J_019_819_78,25,0.042,13,0.954,0.1584,21.7
2026-07-25 09:02:48,046,SCN1A6J_019_819_78,0,0.0,15,1.0,0.162,21.67
2026-07-25 09:12:51,046,SCN1A6J_019_819_78,0,0.0,15,1.0,0.162,21.63
2026-07-25 09:23:06,046,SCN1A6J_019_819_78,0,0.0,15,1.0,0.162,21.63
2026-07-25 09:33:09,046,SCN1A6J_019_819_78,0,0.0,15,1.0,0.162,21.61
2026-07-25 09:43:12,046,SCN1A6J_019_819_78,0,0.0,15,1.0,0.162,21.59
2026-07-25 09:53:15,046,SCN1A6J_019_819_78,0,0.0,15,1.0,0.198,21.56
2026-07-25 10:03:18,046,SCN1A6J_019_819_78,0,0.0,15,1.0,0.198,21.56
2026-07-25 10:13:21,046,SCN1A6J_019_819_78,0,0.0,15,1.0,0.1512,21.57
2026-07-25 10:23:24,046,SCN1A6J_019_819_78,0,0.0,15,1.0,0.1512,21.58
2026-07-25 10:33:27,046,SCN1A6J_019_819_78,0,0.0,15,1.0,0.162,21.57
2026-07-25 10:43:30,046,SCN1A6J_019_819_78,0,0.0,15,1.0,0.1512,21.58
2026-07-25 10:53:34,046,SCN1A6J_019_819_78,65,0.108,10,0.86,0.1224,21.63
2026-07-25 11:03:36,046,SCN1A6J_019_819_78,6,0.01,15,0.99,0.1296,21.65
2026-07-25 11:13:40,046,SCN1A6J_019_819_78,0,0.0,15,1.0,0.1224,21.66
2026-07-25 11:23:43,046,SCN1A6J_019_819_78,2,0.003,14,0.996,0.1296,21.65
2026-07-25 11:33:46,046,SCN1A6J_019_819_78,0,0.0,15,1.0,0.1296,21.64
2026-07-25 11:43:49,046,SCN1A6J_019_819_78,0,0.0,15,1.0,0.1296,21.63
2026-07-25 11:53:53,046,SCN1A6J_019_819_78,0,0.0,15,1.0,0.1296,21.62
2026-07-25 12:03:56,046,SCN1A6J_019_819_78,0,0.0,15,1.0,0.1296,21.61
2026-07-25 12:13:59,046,SCN1A6J_019_819_78,0,0.0,15,1.0,0.1296,21.6
2026-07-25 12:24:03,046,SCN1A6J_019_819_78,0,0.0,15,1.0,0.1296,21.59
2026-07-25 12:34:06,046,SCN1A6J_019_819_78,0,0.0,15,1.0,0.1296,21.6
2026-07-25 12:44:09,046,SCN1A6J_019_819_78,0,0.0,15,1.0,0.1296,21.59
2026-07-25 12:54:11,046,SCN1A6J_019_819_78,0,0.0,15,1.0,0.1296,21.59
2026-07-25 13:04:14,046,SCN1A6J_019_819_78,0,0.0,15,1.0,0.1296,21.59
2026-07-25 13:14:17,046,SCN1A6J_019_819_78,0,0.0,15,1.0,0.1296,21.59
2026-07-25 13:24:39,046,SCN1A6J_019_819_78,0,0.0,15,1.0,0.1296,21.64
2026-07-25 13:34:42,046,SCN1A6J_019_819_78,0,0.0,15,1.0,0.1296,21.62
2026-07-25 13:44:45,046,SCN1A6J_019_819_78,0,0.0,15,1.0,0.1296,21.61
2026-07-25 13:54:48,046,SCN1A6J_019_819_78,0,0.0,15,1.0,0.1296,21.62
2026-07-25 14:04:52,046,SCN1A6J_019_819_78,0,0.0,15,1.0,0.1296,21.6
2026-07-25 14:14:55,046,SCN1A6J_019_819_78,0,0.0,15,1.0,0.1296,21.6
2026-07-25 14:24:59,046,SCN1A6J_019_819_78,0,0.0,15,1.0,0.1296,21.61
2026-07-25 14:35:02,046,SCN1A6J_019_819_78,0,0.0,15,1.0,0.1296,21.62
2026-07-25 14:45:04,046,SCN1A6J_019_819_78,0,0.0,15,1.0,0.1224,21.62
2026-07-25 14:55:07,046,SCN1A6J_019_819_78,0,0.0,15,1.0,0.1296,21.62
2026-07-25 15:05:11,046,SCN1A6J_019_819_78,0,0.0,15,1.0,0.1296,21.62
2026-07-25 15:15:14,046,SCN1A6J_019_819_78,0,0.0,15,1.0,0.1296,21.62
2026-07-25 15:25:17,046,SCN1A6J_019_819_78,0,0.0,15,1.0,0.1296,21.62
2026-07-25 15:35:21,046,SCN1A6J_019_819_78,0,0.0,15,1.0,0.1224,21.63
2026-07-25 15:45:24,046,SCN1A6J_019_819_78,10,0.017,15,0.984,0.1296,21.67
2026-07-25 15:55:28,046,SCN1A6J_019_819_78,0,0.0,15,1.0,0.1404,21.68
2026-07-25 16:05:31,046,SCN1A6J_019_819_78,0,0.0,15,1.0,0.1404,21.68
2026-07-25 16:15:34,046,SCN1A6J_019_819_78,0,0.0,15,1.0,0.1404,21.68
2026-07-25 16:25:37,046,SCN1A6J_019_819_78,0,0.0,15,1.0,0.1404,21.68
2026-07-25 16:35:41,046,SCN1A6J_019_819_78,0,0.0,15,1.0,0.1404,21.68
2026-07-25 16:45:44,046,SCN1A6J_019_819_78,0,0.0,15,1.0,0.1404,21.68
2026-07-25 16:55:48,046,SCN1A6J_019_819_78,0,0.0,15,1.0,0.1368,21.68
2026-07-25 17:05:51,046,SCN1A6J_019_819_78,0,0.0,15,1.0,0.1404,21.68
2026-07-25 17:15:54,046,SCN1A6J_019_819_78,0,0.0,15,1.0,0.1404,21.68
2026-07-25 17:26:11,046,SCN1A6J_019_819_78,0,0.0,15,1.0,0.1404,21.73
2026-07-25 17:36:13,046,SCN1A6J_019_819_78,0,0.0,15,1.0,0.1404,21.71
2026-07-25 17:46:16,046,SCN1A6J_019_819_78,0,0.0,15,1.0,0.1368,21.7
2026-07-25 17:56:19,046,SCN1A6J_019_819_78,0,0.0,15,1.0,0.1404,21.7
2026-07-25 18:06:22,046,SCN1A6J_019_819_78,0,0.0,15,1.0,0.0,21.71
2026-07-25 18:16:25,046,SCN1A6J_019_819_78,0,0.0,15,1.0,0.0,21.72
2026-07-25 18:26:28,046,SCN1A6J_019_819_78,0,0.0,15,1.0,0.0,21.75
2026-07-25 18:36:31,046,SCN1A6J_019_819_78,0,0.0,15,1.0,0.0,21.78
2026-07-25 18:46:34,046,SCN1A6J_019_819_78,0,0.0,15,1.0,0.0,21.77
2026-07-25 18:56:37,046,SCN1A6J_019_819_78,0,0.0,15,1.0,0.0,21.79
2026-07-25 19:06:40,046,SCN1A6J_019_819_78,0,0.0,15,1.0,0.0,21.8
2026-07-25 19:16:43,046,SCN1A6J_019_819_78,0,0.0,15,1.0,0.0,21.82
2026-07-25 19:26:46,046,SCN1A6J_019_819_78,0,0.0,15,1.0,0.0,21.82
2026-07-25 19:36:49,046,SCN1A6J_019_819_78,0,0.0,15,1.0,0.0,21.82
2026-07-25 19:46:51,046,SCN1A6J_019_819_78,0,0.0,15,1.0,0.0,21.83
2026-07-25 19:56:55,046,SCN1A6J_019_819_78,0,0.0,15,1.0,0.0,21.84
2026-07-25 20:06:57,046,SCN1A6J_019_819_78,6,0.01,13,0.989,0.0,21.87
2026-07-25 20:17:01,046,SCN1A6J_019_819_78,15,0.025,13,0.972,0.0,21.9
2026-07-25 20:27:04,046,SCN1A6J_019_819_78,133,0.221,6,0.643,0.0,21.99
2026-07-25 20:37:07,046,SCN1A6J_019_819_78,0,0.0,15,1.0,0.0,21.98
2026-07-25 20:47:11,046,SCN1A6J_019_819_78,0,0.0,15,1.0,0.0,21.98
2026-07-25 20:57:13,046,SCN1A6J_019_819_78,7,0.012,14,0.988,0.0,21.97
2026-07-25 21:07:16,046,SCN1A6J_019_819_78,0,0.0,15,1.0,0.0,21.95
2026-07-25 21:17:19,046,SCN1A6J_019_819_78,0,0.0,15,1.0,0.0,21.93
2026-07-25 21:27:41,046,SCN1A6J_019_819_78,19,0.032,13,0.965,0.0,21.97
2026-07-25 21:37:44,046,SCN1A6J_019_819_78,0,0.0,15,1.0,0.0,21.93
2026-07-25 21:47:47,046,SCN1A6J_019_819_78,0,0.0,15,1.0,0.0,21.89
2026-07-25 21:57:50,046,SCN1A6J_019_819_78,0,0.0,15,1.0,0.0,21.85
2026-07-25 22:07:54,046,SCN1A6J_019_819_78,0,0.0,15,1.0,0.0,21.82
2026-07-25 22:17:58,046,SCN1A6J_019_819_78,0,0.0,15,1.0,0.0,21.79
2026-07-25 22:28:01,046,SCN1A6J_019_819_78,12,0.02,13,0.977,0.0,21.79
2026-07-25 22:38:04,046,SCN1A6J_019_819_78,0,0.0,15,1.0,0.0,21.82
2026-07-25 22:48:07,046,SCN1A6J_019_819_78,0,0.0,15,1.0,0.0,21.82
2026-07-25 22:58:10,046,SCN1A6J_019_819_78,3,0.005,14,0.995,0.0,21.82
2026-07-25 23:08:13,046,SCN1A6J_019_819_78,39,0.065,13,0.93,0.0,21.83
2026-07-25 23:18:17,046,SCN1A6J_019_819_78,0,0.0,15,1.0,0.0,21.83
2026-07-25 23:28:20,046,SCN1A6J_019_819_78,0,0.0,15,1.0,0.0,21.81
2026-07-25 23:38:23,046,SCN1A6J_019_819_78,0,0.0,15,1.0,0.0,21.8
2026-07-25 23:48:25,046,SCN1A6J_019_819_78,0,0.0,15,1.0,0.0,21.78
2026-07-25 23:58:28,046,SCN1A6J_019_819_78,0,0.0,15,1.0,0.0,21.76
2026-07-26 00:08:31,046,SCN1A6J_019_819_78,0,0.0,15,1.0,0.0,21.75
2026-07-26 00:18:34,046,SCN1A6J_019_819_78,0,0.0,15,1.0,0.0,21.71
2026-07-26 00:28:37,046,SCN1A6J_019_819_78,0,0.0,15,1.0,0.0,21.71
2026-07-26 00:38:40,046,SCN1A6J_019_819_78,0,0.0,15,1.0,0.0,21.7
2026-07-26 00:48:43,046,SCN1A6J_019_819_78,0,0.0,15,1.0,0.0,21.68
2026-07-26 00:58:46,046,SCN1A6J_019_819_78,0,0.0,15,1.0,0.0,21.67
2026-07-26 01:08:49,046,SCN1A6J_019_819_78,0,0.0,15,1.0,0.0,21.66
2026-07-26 01:18:52,046,SCN1A6J_019_819_78,0,0.0,15,1.0,0.0,21.65
2026-07-26 01:29:17,046,SCN1A6J_019_819_78,6,0.01,12,0.988,0.0,21.71
2026-07-26 01:39:21,046,SCN1A6J_019_819_78,3,0.005,14,0.995,0.0,21.7
2026-07-26 01:49:23,046,SCN1A6J_019_819_78,11,0.018,13,0.979,0.0,21.73
2026-07-26 01:59:26,046,SCN1A6J_019_819_78,0,0.0,15,1.0,0.0,21.75
2026-07-26 02:09:29,046,SCN1A6J_019_819_78,38,0.063,13,0.932,0.0,21.76
2026-07-26 02:19:32,046,SCN1A6J_019_819_78,0,0.0,15,1.0,0.0,21.78
2026-07-26 02:29:35,046,SCN1A6J_019_819_78,0,0.0,15,1.0,0.0,21.77
2026-07-26 02:39:39,046,SCN1A6J_019_819_78,0,0.0,15,1.0,0.0,21.76
2026-07-26 02:49:42,046,SCN1A6J_019_819_78,0,0.0,15,1.0,0.0,21.75
2026-07-26 02:59:44,046,SCN1A6J_019_819_78,0,0.0,15,1.0,0.0,21.73
2026-07-26 03:09:48,046,SCN1A6J_019_819_78,0,0.0,15,1.0,0.0,21.71
2026-07-26 03:19:50,046,SCN1A6J_019_819_78,0,0.0,15,1.0,0.0,21.7
2026-07-26 03:29:54,046,SCN1A6J_019_819_78,0,0.0,15,1.0,0.0,21.7
2026-07-26 03:39:57,046,SCN1A6J_019_819_78,0,0.0,15,1.0,0.0,21.68
2026-07-26 03:50:00,046,SCN1A6J_019_819_78,0,0.0,15,1.0,0.0,21.68
2026-07-26 04:00:04,046,SCN1A6J_019_819_78,0,0.0,15,1.0,0.0,21.69
2026-07-26 04:10:07,046,SCN1A6J_019_819_78,0,0.0,15,1.0,0.0,21.69
2026-07-26 04:20:11,046,SCN1A6J_019_819_78,0,0.0,15,1.0,0.0,21.67
2026-07-26 04:30:14,046,SCN1A6J_019_819_78,0,0.0,15,1.0,0.0,21.68
2026-07-26 04:40:17,046,SCN1A6J_019_819_78,20,0.033,13,0.963,0.0,21.7
2026-07-26 04:50:20,046,SCN1A6J_019_819_78,22,0.037,14,0.962,0.0,21.74
2026-07-26 05:00:23,046,SCN1A6J_019_819_78,0,0.0,15,1.0,0.0,21.72
2026-07-26 05:10:27,046,SCN1A6J_019_819_78,0,0.0,15,1.0,0.0,21.71
2026-07-26 05:20:30,046,SCN1A6J_019_819_78,0,0.0,15,1.0,0.0,21.7
2026-07-26 05:30:48,046,SCN1A6J_019_819_78,0,0.0,15,1.0,0.0,21.71
2026-07-26 05:40:51,046,SCN1A6J_019_819_78,5,0.008,14,0.991,0.0,21.7
2026-07-26 05:50:55,046,SCN1A6J_019_819_78,0,0.0,15,1.0,0.0,21.73
2026-07-26 06:00:58,046,SCN1A6J_019_819_78,0,0.0,15,1.0,0.1512,21.73
2026-07-26 06:11:01,046,SCN1A6J_019_819_78,0,0.0,15,1.0,0.1548,21.72
2026-07-26 06:21:05,046,SCN1A6J_019_819_78,0,0.0,15,1.0,0.144,21.7
2026-07-26 06:31:08,046,SCN1A6J_019_819_78,0,0.0,15,1.0,0.1548,21.69
2026-07-26 06:41:11,046,SCN1A6J_019_819_78,0,0.0,15,1.0,0.144,21.68
2026-07-26 06:51:14,046,SCN1A6J_019_819_78,0,0.0,15,1.0,0.144,21.65
2026-07-26 07:01:18,046,SCN1A6J_019_819_78,0,0.0,15,1.0,0.144,21.65
2026-07-26 07:11:21,046,SCN1A6J_019_819_78,0,0.0,15,1.0,0.144,21.64
2026-07-26 07:21:24,046,SCN1A6J_019_819_78,0,0.0,15,1.0,0.144,21.63
2026-07-26 07:31:27,046,SCN1A6J_019_819_78,0,0.0,15,1.0,0.144,21.64
2026-07-26 07:41:30,046,SCN1A6J_019_819_78,0,0.0,15,1.0,0.144,21.64
2026-07-26 07:51:32,046,SCN1A6J_019_819_78,0,0.0,15,1.0,0.144,21.65
2026-07-26 08:01:35,046,SCN1A6J_019_819_78,0,0.0,15,1.0,0.144,21.67
2026-07-26 08:11:38,046,SCN1A6J_019_819_78,103,0.171,8,0.757,0.1224,21.74
2026-07-26 08:21:40,046,SCN1A6J_019_819_78,14,0.023,14,0.976,0.1368,21.78
2026-07-26 08:31:44,046,SCN1A6J_019_819_78,25,0.042,13,0.954,0.1368,21.8
2026-07-26 08:41:48,046,SCN1A6J_019_819_78,0,0.0,15,1.0,0.1332,21.79
2026-07-26 08:51:52,046,SCN1A6J_019_819_78,0,0.0,15,1.0,0.1224,21.77
2026-07-26 09:01:56,046,SCN1A6J_019_819_78,3,0.005,14,0.995,0.1332,21.78
2026-07-26 09:11:58,046,SCN1A6J_019_819_78,0,0.0,15,1.0,0.1332,21.79
2026-07-26 09:22:01,046,SCN1A6J_019_819_78,0,0.0,15,1.0,0.1584,21.77
2026-07-26 09:32:34,046,SCN1A6J_019_819_78,0,0.0,15,1.0,0.2124,21.82
2026-07-26 09:42:37,046,SCN1A6J_019_819_78,0,0.0,15,1.0,0.2124,21.8
2026-07-26 09:52:40,046,SCN1A6J_019_819_78,0,0.0,15,1.0,0.1584,21.8
2026-07-26 10:02:43,046,SCN1A6J_019_819_78,0,0.0,15,1.0,0.1584,21.79
2026-07-26 10:12:46,046,SCN1A6J_019_819_78,0,0.0,15,1.0,0.1224,21.77
2026-07-26 10:22:49,046,SCN1A6J_019_819_78,0,0.0,15,1.0,0.1224,21.75
2026-07-26 10:32:53,046,SCN1A6J_019_819_78,0,0.0,15,1.0,0.1332,21.74
2026-07-26 10:42:56,046,SCN1A6J_019_819_78,0,0.0,15,1.0,0.1152,21.72
2026-07-26 10:52:59,046,SCN1A6J_019_819_78,0,0.0,15,1.0,0.1224,21.71
2026-07-26 11:03:02,046,SCN1A6J_019_819_78,0,0.0,15,1.0,0.1332,21.68
2026-07-26 11:13:05,046,SCN1A6J_019_819_78,0,0.0,15,1.0,0.1224,21.69
2026-07-26 11:23:08,046,SCN1A6J_019_819_78,0,0.0,15,1.0,0.1152,21.71
2026-07-26 11:33:11,046,SCN1A6J_019_819_78,0,0.0,15,1.0,0.1296,21.71
2026-07-26 11:43:14,046,SCN1A6J_019_819_78,1,0.002,14,0.998,0.1296,21.7
2026-07-26 11:53:18,046,SCN1A6J_019_819_78,0,0.0,15,1.0,0.1152,21.72
2026-07-26 12:03:20,046,SCN1A6J_019_819_78,0,0.0,15,1.0,0.1152,21.74
2026-07-26 12:13:24,046,SCN1A6J_019_819_78,0,0.0,15,1.0,0.1152,21.72
2026-07-26 12:23:27,046,SCN1A6J_019_819_78,0,0.0,15,1.0,0.1152,21.71
2026-07-26 12:33:30,046,SCN1A6J_019_819_78,0,0.0,15,1.0,0.1152,21.71
2026-07-26 12:43:33,046,SCN1A6J_019_819_78,0,0.0,15,1.0,0.1152,21.7
2026-07-26 12:53:36,046,SCN1A6J_019_819_78,0,0.0,15,1.0,0.1152,21.67
2026-07-26 13:03:39,046,SCN1A6J_019_819_78,0,0.0,15,1.0,0.1152,21.67
2026-07-26 13:13:42,046,SCN1A6J_019_819_78,0,0.0,15,1.0,0.1152,21.66
2026-07-26 13:23:45,046,SCN1A6J_019_819_78,0,0.0,15,1.0,0.1548,21.66
2026-07-26 13:34:12,046,SCN1A6J_019_819_78,0,0.0,15,1.0,0.1548,21.7
2026-07-26 13:44:15,046,SCN1A6J_019_819_78,0,0.0,15,1.0,0.1548,21.67
2026-07-26 13:54:18,046,SCN1A6J_019_819_78,0,0.0,15,1.0,0.1152,21.66
2026-07-26 14:04:21,046,SCN1A6J_019_819_78,0,0.0,15,1.0,0.1152,21.64
2026-07-26 14:14:24,046,SCN1A6J_019_819_78,0,0.0,15,1.0,0.108,21.63
2026-07-26 14:24:27,046,SCN1A6J_019_819_78,55,0.092,13,0.904,0.1584,21.65
2026-07-26 14:34:30,046,SCN1A6J_019_819_78,0,0.0,15,1.0,0.1512,21.63
2026-07-26 14:44:34,046,SCN1A6J_019_819_78,0,0.0,15,1.0,0.1584,21.64
2026-07-26 14:54:37,046,SCN1A6J_019_819_78,0,0.0,15,1.0,0.1584,21.62
2026-07-26 15:04:40,046,SCN1A6J_019_819_78,0,0.0,15,1.0,0.162,21.61
2026-07-26 15:14:44,046,SCN1A6J_019_819_78,0,0.0,15,1.0,0.162,21.59
2026-07-26 15:24:46,046,SCN1A6J_019_819_78,0,0.0,15,1.0,0.162,21.58
2026-07-26 15:34:50,046,SCN1A6J_019_819_78,0,0.0,15,1.0,0.162,21.56
2026-07-26 15:44:53,046,SCN1A6J_019_819_78,2,0.003,14,0.996,0.162,21.52
2026-07-26 15:54:56,046,SCN1A6J_019_819_78,0,0.0,15,1.0,0.1584,21.48
2026-07-26 16:04:59,046,SCN1A6J_019_819_78,0,0.0,15,1.0,0.1584,21.45
2026-07-26 16:15:02,046,SCN1A6J_019_819_78,0,0.0,15,1.0,0.1584,21.45
2026-07-26 16:25:05,046,SCN1A6J_019_819_78,0,0.0,15,1.0,0.1584,21.43
2026-07-26 16:35:09,046,SCN1A6J_019_819_78,0,0.0,15,1.0,0.162,21.42
2026-07-26 16:45:12,046,SCN1A6J_019_819_78,0,0.0,15,1.0,0.1332,21.4
2026-07-26 16:55:15,046,SCN1A6J_019_819_78,0,0.0,15,1.0,0.1332,21.38
2026-07-26 17:05:18,046,SCN1A6J_019_819_78,0,0.0,15,1.0,0.1224,21.38
2026-07-26 17:15:21,046,SCN1A6J_019_819_78,0,0.0,15,1.0,0.1224,21.37
2026-07-26 17:25:24,046,SCN1A6J_019_819_78,0,0.0,15,1.0,0.1224,21.37
2026-07-26 17:35:57,046,SCN1A6J_019_819_78,0,0.0,15,1.0,0.1332,21.41
2026-07-26 17:45:59,046,SCN1A6J_019_819_78,0,0.0,15,1.0,0.1296,21.39
2026-07-26 17:56:03,046,SCN1A6J_019_819_78,0,0.0,15,1.0,0.1224,21.37
2026-07-26 18:06:06,046,SCN1A6J_019_819_78,43,0.072,13,0.924,0.0,21.39
2026-07-26 18:16:09,046,SCN1A6J_019_819_78,0,0.0,15,1.0,0.0,21.38
2026-07-26 18:26:12,046,SCN1A6J_019_819_78,1,0.002,14,0.998,0.0,21.41
2026-07-26 18:36:14,046,SCN1A6J_019_819_78,0,0.0,15,1.0,0.0,21.45
2026-07-26 18:46:18,046,SCN1A6J_019_819_78,0,0.0,15,1.0,0.0,21.49
2026-07-26 18:56:21,046,SCN1A6J_019_819_78,44,0.073,11,0.909,0.0,21.54
2026-07-26 19:06:24,046,SCN1A6J_019_819_78,250,0.416,0,0.0,0.0,21.8
2026-07-26 19:16:26,046,SCN1A6J_019_819_78,58,0.097,11,0.884,0.0,21.83
2026-07-26 19:26:30,046,SCN1A6J_019_819_78,0,0.0,15,1.0,0.0,21.78
2026-07-26 19:36:33,046,SCN1A6J_019_819_78,0,0.0,15,1.0,0.0,21.73
2026-07-26 19:46:36,046,SCN1A6J_019_819_78,0,0.0,15,1.0,0.0,21.69
2026-07-26 19:56:39,046,SCN1A6J_019_819_78,0,0.0,15,1.0,0.0,21.63
2026-07-26 20:06:42,046,SCN1A6J_019_819_78,0,0.0,15,1.0,0.0,21.59
2026-07-26 20:16:45,046,SCN1A6J_019_819_78,0,0.0,15,1.0,0.0,21.57
2026-07-26 20:26:49,046,SCN1A6J_019_819_78,0,0.0,15,1.0,0.0,21.55
2026-07-26 20:36:52,046,SCN1A6J_019_819_78,1,0.002,14,0.998,0.0,21.53
2026-07-26 20:46:55,046,SCN1A6J_019_819_78,0,0.0,15,1.0,0.0,21.52
2026-07-26 20:56:58,046,SCN1A6J_019_819_78,0,0.0,15,1.0,0.0,21.51
2026-07-26 21:07:01,046,SCN1A6J_019_819_78,4,0.007,14,0.993,0.0,21.5
2026-07-26 21:17:04,046,SCN1A6J_019_819_78,2,0.003,14,0.996,0.0,21.52
2026-07-26 21:27:07,046,SCN1A6J_019_819_78,104,0.173,9,0.776,0.0,21.57
2026-07-26 21:37:34,046,SCN1A6J_019_819_78,0,0.0,15,1.0,0.0,21.61
2026-07-26 21:47:37,046,SCN1A6J_019_819_78,187,0.311,4,0.461,0.0,21.71
2026-07-26 21:57:40,046,SCN1A6J_019_819_78,3,0.005,13,0.994,0.0,21.72
2026-07-26 22:07:43,046,SCN1A6J_019_819_78,13,0.022,13,0.976,0.0,21.72
2026-07-26 22:17:46,046,SCN1A6J_019_819_78,0,0.0,15,1.0,0.0,21.72
2026-07-26 22:27:49,046,SCN1A6J_019_819_78,0,0.0,15,1.0,0.0,21.7
2026-07-26 22:37:52,046,SCN1A6J_019_819_78,6,0.01,14,0.989,0.0,21.68
2026-07-26 22:47:55,046,SCN1A6J_019_819_78,0,0.0,15,1.0,0.0,21.66
2026-07-26 22:57:58,046,SCN1A6J_019_819_78,0,0.0,15,1.0,0.0,21.63
2026-07-26 23:08:01,046,SCN1A6J_019_819_78,0,0.0,15,1.0,0.0,21.6
2026-07-26 23:18:04,046,SCN1A6J_019_819_78,0,0.0,15,1.0,0.0,21.57
2026-07-26 23:28:06,046,SCN1A6J_019_819_78,0,0.0,15,1.0,0.0,21.52
2026-07-26 23:38:09,046,SCN1A6J_019_819_78,0,0.0,15,1.0,0.0,21.48
2026-07-26 23:48:12,046,SCN1A6J_019_819_78,0,0.0,15,1.0,0.0,21.46
2026-07-26 23:58:15,046,SCN1A6J_019_819_78,0,0.0,15,1.0,0.0,21.43
2026-07-25 00:02:49,042,SCN1A6J_019_822_9,254,0.422,5,0.441,0.0,21.88
2026-07-25 00:12:52,042,SCN1A6J_019_822_9,146,0.243,8,0.687,0.0,21.83
2026-07-25 00:22:55,042,SCN1A6J_019_822_9,88,0.146,11,0.833,0.0,21.68
2026-07-25 00:32:58,042,SCN1A6J_019_822_9,0,0.0,15,1.0,0.0,21.5
2026-07-25 00:43:01,042,SCN1A6J_019_822_9,0,0.0,15,1.0,0.0,21.35
2026-07-25 00:53:04,042,SCN1A6J_019_822_9,176,0.293,8,0.645,0.0,21.38
2026-07-25 01:03:35,042,SCN1A6J_019_822_9,183,0.306,6,0.567,0.0,21.5
2026-07-25 01:13:38,042,SCN1A6J_019_822_9,174,0.29,7,0.617,0.0,21.59
2026-07-25 01:23:42,042,SCN1A6J_019_822_9,322,0.535,0,0.0,0.0,21.95
2026-07-25 01:33:45,042,SCN1A6J_019_822_9,11,0.018,14,0.981,0.0,21.8
2026-07-25 01:43:48,042,SCN1A6J_019_822_9,2,0.003,15,0.997,0.0,21.57
2026-07-25 01:53:52,042,SCN1A6J_019_822_9,0,0.0,15,1.0,0.0,21.4
2026-07-25 02:03:54,042,SCN1A6J_019_822_9,0,0.0,15,1.0,0.0,21.25
2026-07-25 02:13:58,042,SCN1A6J_019_822_9,0,0.0,15,1.0,0.0,21.16
2026-07-25 02:24:01,042,SCN1A6J_019_822_9,0,0.0,15,1.0,0.0,21.07
2026-07-25 02:34:04,042,SCN1A6J_019_822_9,0,0.0,15,1.0,0.0,21.01
2026-07-25 02:44:07,042,SCN1A6J_019_822_9,1,0.002,14,0.998,0.0,20.96
2026-07-25 02:54:11,042,SCN1A6J_019_822_9,0,0.0,15,1.0,0.0,20.92
2026-07-25 03:04:13,042,SCN1A6J_019_822_9,1,0.002,15,0.998,0.0,20.9
2026-07-25 03:14:16,042,SCN1A6J_019_822_9,108,0.18,10,0.787,0.0,21.04
2026-07-25 03:24:20,042,SCN1A6J_019_822_9,223,0.371,6,0.518,0.0,21.21
2026-07-25 03:34:23,042,SCN1A6J_019_822_9,51,0.085,12,0.904,0.0,21.32
2026-07-25 03:44:26,042,SCN1A6J_019_822_9,0,0.0,15,1.0,0.0,21.2
2026-07-25 03:54:30,042,SCN1A6J_019_822_9,0,0.0,15,1.0,0.0,21.1
2026-07-25 04:04:33,042,SCN1A6J_019_822_9,2,0.003,15,0.997,0.0,21.04
2026-07-25 04:14:36,042,SCN1A6J_019_822_9,1,0.002,15,0.998,0.0,20.98
2026-07-25 04:24:40,042,SCN1A6J_019_822_9,0,0.0,15,1.0,0.0,20.92
2026-07-25 04:34:43,042,SCN1A6J_019_822_9,194,0.323,5,0.508,0.0,21.12
2026-07-25 04:44:46,042,SCN1A6J_019_822_9,66,0.11,11,0.87,0.0,21.15
2026-07-25 04:54:50,042,SCN1A6J_019_822_9,54,0.09,12,0.899,0.0,21.12
2026-07-25 05:05:13,042,SCN1A6J_019_822_9,103,0.172,10,0.795,0.0,21.24
2026-07-25 05:15:17,042,SCN1A6J_019_822_9,1,0.002,15,0.998,0.0,21.16
2026-07-25 05:25:21,042,SCN1A6J_019_822_9,1,0.002,15,0.998,0.0,21.1
2026-07-25 05:35:24,042,SCN1A6J_019_822_9,0,0.0,15,1.0,0.0,21.03
2026-07-25 05:45:27,042,SCN1A6J_019_822_9,0,0.0,15,1.0,0.0,20.99
2026-07-25 05:55:31,042,SCN1A6J_019_822_9,0,0.0,15,1.0,0.0,20.96
2026-07-25 06:05:33,042,SCN1A6J_019_822_9,0,0.0,15,1.0,0.1728,20.93
2026-07-25 06:15:36,042,SCN1A6J_019_822_9,73,0.121,12,0.868,0.1836,20.98
2026-07-25 06:25:39,042,SCN1A6J_019_822_9,0,0.0,15,1.0,0.1728,20.96
2026-07-25 06:35:42,042,SCN1A6J_019_822_9,0,0.0,15,1.0,0.1728,20.94
2026-07-25 06:45:45,042,SCN1A6J_019_822_9,0,0.0,15,1.0,0.1836,20.92
2026-07-25 06:55:49,042,SCN1A6J_019_822_9,0,0.0,15,1.0,0.1728,20.9
2026-07-25 07:05:52,042,SCN1A6J_019_822_9,0,0.0,15,1.0,0.18,20.88
2026-07-25 07:15:55,042,SCN1A6J_019_822_9,0,0.0,15,1.0,0.1728,20.88
2026-07-25 07:25:58,042,SCN1A6J_019_822_9,0,0.0,15,1.0,0.1728,20.88
2026-07-25 07:36:02,042,SCN1A6J_019_822_9,0,0.0,15,1.0,0.1728,20.86
2026-07-25 07:46:05,042,SCN1A6J_019_822_9,0,0.0,15,1.0,0.1728,20.86
2026-07-25 07:56:08,042,SCN1A6J_019_822_9,0,0.0,15,1.0,0.1728,20.87
2026-07-25 08:06:11,042,SCN1A6J_019_822_9,1,0.002,15,0.998,0.1728,20.86
2026-07-25 08:16:13,042,SCN1A6J_019_822_9,0,0.0,15,1.0,0.1728,20.86
2026-07-25 08:26:16,042,SCN1A6J_019_822_9,0,0.0,15,1.0,0.1728,20.87
2026-07-25 08:36:19,042,SCN1A6J_019_822_9,1,0.002,15,0.998,0.1728,20.87
2026-07-25 08:46:22,042,SCN1A6J_019_822_9,1,0.002,14,0.998,0.1728,20.86
2026-07-25 08:56:25,042,SCN1A6J_019_822_9,0,0.0,15,1.0,0.1728,20.86
2026-07-25 09:06:55,042,SCN1A6J_019_822_9,23,0.038,14,0.961,0.1512,20.97
2026-07-25 09:16:58,042,SCN1A6J_019_822_9,57,0.095,11,0.885,0.1584,21.0
2026-07-25 09:27:02,042,SCN1A6J_019_822_9,0,0.0,15,1.0,0.1584,20.97
2026-07-25 09:37:05,042,SCN1A6J_019_822_9,2,0.003,15,0.997,0.1584,20.94
2026-07-25 09:47:08,042,SCN1A6J_019_822_9,0,0.0,15,1.0,0.1872,20.92
2026-07-25 09:57:11,042,SCN1A6J_019_822_9,0,0.0,15,1.0,0.1872,20.91
2026-07-25 10:07:14,042,SCN1A6J_019_822_9,0,0.0,15,1.0,0.1872,20.91
2026-07-25 10:17:18,042,SCN1A6J_019_822_9,0,0.0,15,1.0,0.162,20.9
2026-07-25 10:27:21,042,SCN1A6J_019_822_9,0,0.0,15,1.0,0.162,20.89
2026-07-25 10:37:24,042,SCN1A6J_019_822_9,0,0.0,15,1.0,0.1584,20.9
2026-07-25 10:47:28,042,SCN1A6J_019_822_9,0,0.0,15,1.0,0.1584,20.88
2026-07-25 10:57:31,042,SCN1A6J_019_822_9,0,0.0,15,1.0,0.1584,20.87
2026-07-25 11:07:34,042,SCN1A6J_019_822_9,1,0.002,15,0.998,0.1584,20.86
2026-07-25 11:17:37,042,SCN1A6J_019_822_9,0,0.0,15,1.0,0.1512,20.86
2026-07-25 11:27:41,042,SCN1A6J_019_822_9,0,0.0,15,1.0,0.162,20.88
2026-07-25 11:37:44,042,SCN1A6J_019_822_9,0,0.0,15,1.0,0.1512,20.88
2026-07-25 11:47:48,042,SCN1A6J_019_822_9,0,0.0,15,1.0,0.162,20.88
2026-07-25 11:57:51,042,SCN1A6J_019_822_9,95,0.158,9,0.791,0.1584,21.0
2026-07-25 12:07:53,042,SCN1A6J_019_822_9,110,0.183,8,0.744,0.144,21.03
2026-07-25 12:17:57,042,SCN1A6J_019_822_9,28,0.047,12,0.945,0.162,21.04
2026-07-25 12:28:00,042,SCN1A6J_019_822_9,4,0.007,14,0.993,0.162,21.03
2026-07-25 12:38:04,042,SCN1A6J_019_822_9,0,0.0,15,1.0,0.1584,21.01
2026-07-25 12:48:07,042,SCN1A6J_019_822_9,0,0.0,15,1.0,0.162,21.0
2026-07-25 12:58:11,042,SCN1A6J_019_822_9,0,0.0,15,1.0,0.1584,20.98
2026-07-25 13:08:40,042,SCN1A6J_019_822_9,2,0.003,13,0.996,0.1584,21.03
2026-07-25 13:18:44,042,SCN1A6J_019_822_9,1,0.002,14,0.998,0.162,20.99
2026-07-25 13:28:47,042,SCN1A6J_019_822_9,2,0.003,14,0.996,0.162,20.98
2026-07-25 13:38:51,042,SCN1A6J_019_822_9,0,0.0,15,1.0,0.162,20.96
2026-07-25 13:48:54,042,SCN1A6J_019_822_9,0,0.0,15,1.0,0.162,20.95
2026-07-25 13:58:58,042,SCN1A6J_019_822_9,0,0.0,15,1.0,0.162,20.94
2026-07-25 14:09:01,042,SCN1A6J_019_822_9,0,0.0,15,1.0,0.1584,20.94
2026-07-25 14:19:04,042,SCN1A6J_019_822_9,0,0.0,15,1.0,0.1584,20.93
2026-07-25 14:29:07,042,SCN1A6J_019_822_9,39,0.065,11,0.919,0.1584,21.01
2026-07-25 14:39:10,042,SCN1A6J_019_822_9,1,0.002,15,0.998,0.1584,21.04
2026-07-25 14:49:14,042,SCN1A6J_019_822_9,0,0.0,15,1.0,0.162,21.02
2026-07-25 14:59:17,042,SCN1A6J_019_822_9,0,0.0,15,1.0,0.162,21.0
2026-07-25 15:09:20,042,SCN1A6J_019_822_9,0,0.0,15,1.0,0.162,20.98
2026-07-25 15:19:23,042,SCN1A6J_019_822_9,0,0.0,15,1.0,0.162,20.97
2026-07-25 15:29:27,042,SCN1A6J_019_822_9,1,0.002,15,0.998,0.1584,20.97
2026-07-25 15:39:30,042,SCN1A6J_019_822_9,1,0.002,15,0.998,0.1584,20.95
2026-07-25 15:49:33,042,SCN1A6J_019_822_9,0,0.0,15,1.0,0.1584,20.95
2026-07-25 15:59:36,042,SCN1A6J_019_822_9,1,0.002,15,0.998,0.1584,20.94
2026-07-25 16:09:40,042,SCN1A6J_019_822_9,0,0.0,15,1.0,0.144,20.94
2026-07-25 16:19:43,042,SCN1A6J_019_822_9,164,0.273,6,0.594,0.1224,21.15
2026-07-25 16:29:46,042,SCN1A6J_019_822_9,2,0.003,15,0.997,0.1656,21.14
2026-07-25 16:39:50,042,SCN1A6J_019_822_9,0,0.0,15,1.0,0.1656,21.09
2026-07-25 16:49:53,042,SCN1A6J_019_822_9,0,0.0,15,1.0,0.1692,21.06
2026-07-25 16:59:57,042,SCN1A6J_019_822_9,0,0.0,15,1.0,0.1656,21.04
2026-07-25 17:10:24,042,SCN1A6J_019_822_9,0,0.0,15,1.0,0.1656,21.08
2026-07-25 17:20:28,042,SCN1A6J_019_822_9,0,0.0,15,1.0,0.1656,21.03
2026-07-25 17:30:31,042,SCN1A6J_019_822_9,0,0.0,15,1.0,0.1692,21.01
2026-07-25 17:40:34,042,SCN1A6J_019_822_9,34,0.057,13,0.939,0.1656,21.04
2026-07-25 17:50:37,042,SCN1A6J_019_822_9,0,0.0,15,1.0,0.1548,21.02
2026-07-25 18:00:41,042,SCN1A6J_019_822_9,80,0.133,9,0.818,0.0,21.13
2026-07-25 18:10:44,042,SCN1A6J_019_822_9,162,0.27,7,0.633,0.0,21.23
2026-07-25 18:20:47,042,SCN1A6J_019_822_9,210,0.349,3,0.364,0.0,21.5
2026-07-25 18:30:51,042,SCN1A6J_019_822_9,145,0.241,7,0.659,0.0,21.6
2026-07-25 18:40:54,042,SCN1A6J_019_822_9,140,0.233,9,0.72,0.0,21.63
2026-07-25 18:50:57,042,SCN1A6J_019_822_9,14,0.023,15,0.977,0.0,21.48
2026-07-25 19:01:00,042,SCN1A6J_019_822_9,0,0.0,15,1.0,0.0,21.37
2026-07-25 19:11:04,042,SCN1A6J_019_822_9,0,0.0,15,1.0,0.0,21.26
2026-07-25 19:21:07,042,SCN1A6J_019_822_9,0,0.0,15,1.0,0.0,21.2
2026-07-25 19:31:10,042,SCN1A6J_019_822_9,0,0.0,15,1.0,0.0,21.14
2026-07-25 19:41:13,042,SCN1A6J_019_822_9,1,0.002,15,0.998,0.0,21.11
2026-07-25 19:51:16,042,SCN1A6J_019_822_9,1,0.002,15,0.998,0.0,21.08
2026-07-25 20:01:19,042,SCN1A6J_019_822_9,0,0.0,15,1.0,0.0,21.06
2026-07-25 20:11:22,042,SCN1A6J_019_822_9,80,0.133,10,0.833,0.0,21.15
2026-07-25 20:21:26,042,SCN1A6J_019_822_9,141,0.235,5,0.587,0.0,21.3
2026-07-25 20:31:29,042,SCN1A6J_019_822_9,0,0.0,15,1.0,0.0,21.23
2026-07-25 20:41:33,042,SCN1A6J_019_822_9,0,0.0,15,1.0,0.0,21.18
2026-07-25 20:51:36,042,SCN1A6J_019_822_9,2,0.003,14,0.996,0.0,21.13
2026-07-25 21:01:39,042,SCN1A6J_019_822_9,0,0.0,15,1.0,0.0,21.1
2026-07-25 21:12:03,042,SCN1A6J_019_822_9,77,0.129,11,0.851,0.0,21.21
2026-07-25 21:22:06,042,SCN1A6J_019_822_9,18,0.03,14,0.969,0.0,21.23
2026-07-25 21:32:10,042,SCN1A6J_019_822_9,93,0.155,8,0.775,0.0,21.29
2026-07-25 21:42:13,042,SCN1A6J_019_822_9,61,0.101,9,0.855,0.0,21.38
2026-07-25 21:52:17,042,SCN1A6J_019_822_9,14,0.023,14,0.976,0.0,21.31
2026-07-25 22:02:20,042,SCN1A6J_019_822_9,1,0.002,15,0.998,0.0,21.22
2026-07-25 22:12:24,042,SCN1A6J_019_822_9,0,0.0,15,1.0,0.0,21.16
2026-07-25 22:22:28,042,SCN1A6J_019_822_9,0,0.0,15,1.0,0.0,21.12
2026-07-25 22:32:30,042,SCN1A6J_019_822_9,73,0.121,11,0.858,0.0,21.16
2026-07-25 22:42:34,042,SCN1A6J_019_822_9,179,0.298,4,0.472,0.0,21.35
2026-07-25 22:52:37,042,SCN1A6J_019_822_9,68,0.113,10,0.855,0.0,21.39
2026-07-25 23:02:40,042,SCN1A6J_019_822_9,0,0.0,15,1.0,0.0,21.32
2026-07-25 23:12:42,042,SCN1A6J_019_822_9,132,0.22,8,0.708,0.0,21.34
2026-07-25 23:22:46,042,SCN1A6J_019_822_9,40,0.067,12,0.923,0.0,21.34
2026-07-25 23:32:49,042,SCN1A6J_019_822_9,14,0.023,14,0.976,0.0,21.28
2026-07-25 23:42:53,042,SCN1A6J_019_822_9,53,0.088,12,0.901,0.0,21.26
2026-07-25 23:52:56,042,SCN1A6J_019_822_9,112,0.186,8,0.741,0.0,21.29
2026-07-26 00:03:00,042,SCN1A6J_019_822_9,0,0.0,15,1.0,0.0,21.27
2026-07-26 00:13:03,042,SCN1A6J_019_822_9,85,0.141,11,0.838,0.0,21.28
2026-07-26 00:23:07,042,SCN1A6J_019_822_9,0,0.0,15,1.0,0.0,21.21
2026-07-26 00:33:10,042,SCN1A6J_019_822_9,0,0.0,15,1.0,0.0,21.15
2026-07-26 00:43:13,042,SCN1A6J_019_822_9,0,0.0,15,1.0,0.0,21.1
2026-07-26 00:53:17,042,SCN1A6J_019_822_9,0,0.0,15,1.0,0.0,21.06
2026-07-26 01:03:20,042,SCN1A6J_019_822_9,0,0.0,15,1.0,0.0,21.03
2026-07-26 01:13:45,042,SCN1A6J_019_822_9,0,0.0,15,1.0,0.0,21.06
2026-07-26 01:23:48,042,SCN1A6J_019_822_9,0,0.0,15,1.0,0.0,21.03
2026-07-26 01:33:52,042,SCN1A6J_019_822_9,0,0.0,15,1.0,0.0,21.01
2026-07-26 01:43:55,042,SCN1A6J_019_822_9,1,0.002,15,0.998,0.0,20.98
2026-07-26 01:53:58,042,SCN1A6J_019_822_9,0,0.0,15,1.0,0.0,20.99
2026-07-26 02:04:01,042,SCN1A6J_019_822_9,186,0.309,5,0.518,0.0,21.23
2026-07-26 02:14:04,042,SCN1A6J_019_822_9,67,0.111,9,0.843,0.0,21.33
2026-07-26 02:24:08,042,SCN1A6J_019_822_9,22,0.037,13,0.959,0.0,21.28
2026-07-26 02:34:11,042,SCN1A6J_019_822_9,2,0.003,14,0.996,0.0,21.22
2026-07-26 02:44:15,042,SCN1A6J_019_822_9,0,0.0,15,1.0,0.0,21.16
2026-07-26 02:54:19,042,SCN1A6J_019_822_9,0,0.0,15,1.0,0.0,21.1
2026-07-26 03:04:22,042,SCN1A6J_019_822_9,0,0.0,15,1.0,0.0,21.05
2026-07-26 03:14:25,042,SCN1A6J_019_822_9,0,0.0,15,1.0,0.0,21.02
2026-07-26 03:24:28,042,SCN1A6J_019_822_9,1,0.002,15,0.998,0.0,21.0
2026-07-26 03:34:32,042,SCN1A6J_019_822_9,0,0.0,15,1.0,0.0,20.97
2026-07-26 03:44:36,042,SCN1A6J_019_822_9,0,0.0,15,1.0,0.0,20.96
2026-07-26 03:54:39,042,SCN1A6J_019_822_9,0,0.0,15,1.0,0.0,20.93
2026-07-26 04:04:42,042,SCN1A6J_019_822_9,2,0.003,15,0.997,0.0,20.92
2026-07-26 04:14:45,042,SCN1A6J_019_822_9,2,0.003,14,0.996,0.0,20.92
2026-07-26 04:24:48,042,SCN1A6J_019_822_9,0,0.0,15,1.0,0.0,20.91
2026-07-26 04:34:51,042,SCN1A6J_019_822_9,0,0.0,15,1.0,0.0,20.91
2026-07-26 04:44:54,042,SCN1A6J_019_822_9,0,0.0,15,1.0,0.0,20.9
2026-07-26 04:54:57,042,SCN1A6J_019_822_9,198,0.329,6,0.548,0.0,21.1
2026-07-26 05:05:01,042,SCN1A6J_019_822_9,95,0.158,8,0.771,0.0,21.19
2026-07-26 05:15:25,042,SCN1A6J_019_822_9,82,0.137,10,0.83,0.0,21.24
2026-07-26 05:25:29,042,SCN1A6J_019_822_9,85,0.141,11,0.838,0.0,21.26
2026-07-26 05:35:32,042,SCN1A6J_019_822_9,35,0.058,13,0.937,0.0,21.22
2026-07-26 05:45:35,042,SCN1A6J_019_822_9,40,0.067,12,0.923,0.0,21.2
2026-07-26 05:55:38,042,SCN1A6J_019_822_9,174,0.29,3,0.408,0.0,21.31
2026-07-26 06:05:41,042,SCN1A6J_019_822_9,26,0.043,13,0.952,0.1584,21.28
2026-07-26 06:15:45,042,SCN1A6J_019_822_9,85,0.141,9,0.809,0.1584,21.28
2026-07-26 06:25:48,042,SCN1A6J_019_822_9,2,0.003,15,0.997,0.1584,21.19
2026-07-26 06:35:51,042,SCN1A6J_019_822_9,0,0.0,15,1.0,0.1584,21.14
2026-07-26 06:45:54,042,SCN1A6J_019_822_9,2,0.003,14,0.996,0.1584,21.09
2026-07-26 06:55:57,042,SCN1A6J_019_822_9,0,0.0,15,1.0,0.162,21.04
2026-07-26 07:06:00,042,SCN1A6J_019_822_9,0,0.0,15,1.0,0.1584,21.01
2026-07-26 07:16:04,042,SCN1A6J_019_822_9,0,0.0,15,1.0,0.162,20.99
2026-07-26 07:26:07,042,SCN1A6J_019_822_9,0,0.0,15,1.0,0.1584,20.98
2026-07-26 07:36:10,042,SCN1A6J_019_822_9,0,0.0,15,1.0,0.1584,20.95
2026-07-26 07:46:13,042,SCN1A6J_019_822_9,0,0.0,15,1.0,0.1584,20.95
2026-07-26 07:56:16,042,SCN1A6J_019_822_9,0,0.0,15,1.0,0.1584,20.95
2026-07-26 08:06:19,042,SCN1A6J_019_822_9,0,0.0,15,1.0,0.1584,20.94
2026-07-26 08:16:23,042,SCN1A6J_019_822_9,0,0.0,15,1.0,0.162,20.95
2026-07-26 08:26:26,042,SCN1A6J_019_822_9,1,0.002,15,0.998,0.1584,20.95
2026-07-26 08:36:30,042,SCN1A6J_019_822_9,0,0.0,15,1.0,0.1584,20.95
2026-07-26 08:46:32,042,SCN1A6J_019_822_9,0,0.0,15,1.0,0.1584,20.95
2026-07-26 08:56:36,042,SCN1A6J_019_822_9,0,0.0,15,1.0,0.1584,20.94
2026-07-26 09:06:39,042,SCN1A6J_019_822_9,45,0.075,13,0.92,0.162,20.98
2026-07-26 09:17:08,042,SCN1A6J_019_822_9,37,0.062,14,0.938,0.162,21.1
2026-07-26 09:27:11,042,SCN1A6J_019_822_9,0,0.0,15,1.0,0.4032,21.07
2026-07-26 09:37:15,042,SCN1A6J_019_822_9,1,0.002,15,0.998,0.4032,21.1
2026-07-26 09:47:18,042,SCN1A6J_019_822_9,1,0.002,15,0.998,0.414,21.14
2026-07-26 09:57:21,042,SCN1A6J_019_822_9,0,0.0,15,1.0,0.18,21.17
2026-07-26 10:07:24,042,SCN1A6J_019_822_9,0,0.0,15,1.0,0.18,21.15
2026-07-26 10:17:27,042,SCN1A6J_019_822_9,1,0.002,14,0.998,0.1548,21.13
2026-07-26 10:27:30,042,SCN1A6J_019_822_9,3,0.005,14,0.995,0.1548,21.1
2026-07-26 10:37:34,042,SCN1A6J_019_822_9,1,0.002,14,0.998,0.1512,21.07
2026-07-26 10:47:38,042,SCN1A6J_019_822_9,0,0.0,15,1.0,0.1548,21.05
2026-07-26 10:57:41,042,SCN1A6J_019_822_9,1,0.002,14,0.998,0.1548,21.03
2026-07-26 11:07:44,042,SCN1A6J_019_822_9,1,0.002,15,0.998,0.1548,21.01
2026-07-26 11:17:47,042,SCN1A6J_019_822_9,3,0.005,14,0.995,0.1548,21.0
2026-07-26 11:27:50,042,SCN1A6J_019_822_9,2,0.003,14,0.996,0.1512,20.98
2026-07-26 11:37:54,042,SCN1A6J_019_822_9,0,0.0,15,1.0,0.1548,20.97
2026-07-26 11:47:58,042,SCN1A6J_019_822_9,1,0.002,14,0.998,0.1512,20.97
2026-07-26 11:58:01,042,SCN1A6J_019_822_9,49,0.082,13,0.914,0.1224,21.01
2026-07-26 12:08:04,042,SCN1A6J_019_822_9,30,0.05,13,0.945,0.1512,21.05
2026-07-26 12:18:08,042,SCN1A6J_019_822_9,1,0.002,15,0.998,0.1512,21.04
2026-07-26 12:28:11,042,SCN1A6J_019_822_9,0,0.0,15,1.0,0.1512,21.02
2026-07-26 12:38:14,042,SCN1A6J_019_822_9,0,0.0,15,1.0,0.1512,21.01
2026-07-26 12:48:18,042,SCN1A6J_019_822_9,0,0.0,15,1.0,0.1512,20.99
2026-07-26 12:58:21,042,SCN1A6J_019_822_9,2,0.003,15,0.997,0.1512,20.98
2026-07-26 13:08:24,042,SCN1A6J_019_822_9,0,0.0,15,1.0,0.1512,20.97
2026-07-26 13:18:53,042,SCN1A6J_019_822_9,0,0.0,15,1.0,0.1512,21.02
2026-07-26 13:28:56,042,SCN1A6J_019_822_9,1,0.002,15,0.998,0.1908,21.0
2026-07-26 13:38:59,042,SCN1A6J_019_822_9,0,0.0,15,1.0,0.1908,20.96
2026-07-26 13:49:02,042,SCN1A6J_019_822_9,0,0.0,15,1.0,0.1512,20.95
2026-07-26 13:59:06,042,SCN1A6J_019_822_9,1,0.002,14,0.998,0.1512,20.94
2026-07-26 14:09:09,042,SCN1A6J_019_822_9,0,0.0,15,1.0,0.1512,20.93
2026-07-26 14:19:13,042,SCN1A6J_019_822_9,0,0.0,15,1.0,0.1512,20.93
2026-07-26 14:29:16,042,SCN1A6J_019_822_9,67,0.111,10,0.857,0.1944,21.03
2026-07-26 14:39:19,042,SCN1A6J_019_822_9,0,0.0,15,1.0,0.1944,21.03
2026-07-26 14:49:22,042,SCN1A6J_019_822_9,0,0.0,15,1.0,0.1944,21.02
2026-07-26 14:59:25,042,SCN1A6J_019_822_9,0,0.0,15,1.0,0.1944,20.99
2026-07-26 15:09:28,042,SCN1A6J_019_822_9,0,0.0,15,1.0,0.1944,20.96
2026-07-26 15:19:32,042,SCN1A6J_019_822_9,0,0.0,15,1.0,0.1944,20.94
2026-07-26 15:29:36,042,SCN1A6J_019_822_9,0,0.0,15,1.0,0.1944,20.9
2026-07-26 15:39:39,042,SCN1A6J_019_822_9,1,0.002,14,0.998,0.198,20.86
2026-07-26 15:49:42,042,SCN1A6J_019_822_9,66,0.11,10,0.858,0.1836,20.88
2026-07-26 15:59:45,042,SCN1A6J_019_822_9,3,0.005,15,0.995,0.198,20.92
2026-07-26 16:09:48,042,SCN1A6J_019_822_9,0,0.0,15,1.0,0.198,20.89
2026-07-26 16:19:51,042,SCN1A6J_019_822_9,0,0.0,15,1.0,0.198,20.86
2026-07-26 16:29:54,042,SCN1A6J_019_822_9,0,0.0,15,1.0,0.198,20.84
2026-07-26 16:39:57,042,SCN1A6J_019_822_9,0,0.0,15,1.0,0.1872,20.82
2026-07-26 16:50:00,042,SCN1A6J_019_822_9,0,0.0,15,1.0,0.1584,20.8
2026-07-26 17:00:03,042,SCN1A6J_019_822_9,0,0.0,15,1.0,0.1584,20.8
2026-07-26 17:10:06,042,SCN1A6J_019_822_9,0,0.0,15,1.0,0.1584,20.79
2026-07-26 17:20:33,042,SCN1A6J_019_822_9,1,0.002,14,0.998,0.1584,20.85
2026-07-26 17:30:37,042,SCN1A6J_019_822_9,72,0.12,9,0.833,0.144,20.92
2026-07-26 17:40:40,042,SCN1A6J_019_822_9,33,0.055,14,0.944,0.1584,20.96
2026-07-26 17:50:43,042,SCN1A6J_019_822_9,0,0.0,15,1.0,0.1692,20.94
2026-07-26 18:00:47,042,SCN1A6J_019_822_9,0,0.0,15,1.0,0.0,20.93
2026-07-26 18:10:50,042,SCN1A6J_019_822_9,118,0.196,7,0.704,0.0,21.07
2026-07-26 18:20:53,042,SCN1A6J_019_822_9,161,0.267,5,0.554,0.0,21.23
2026-07-26 18:30:57,042,SCN1A6J_019_822_9,157,0.261,5,0.56,0.0,21.49
2026-07-26 18:41:00,042,SCN1A6J_019_822_9,128,0.213,6,0.652,0.0,21.69
2026-07-26 18:51:04,042,SCN1A6J_019_822_9,73,0.121,12,0.868,0.0,21.54
2026-07-26 19:01:06,042,SCN1A6J_019_822_9,160,0.266,5,0.556,0.0,21.54
2026-07-26 19:11:10,042,SCN1A6J_019_822_9,151,0.251,4,0.514,0.0,21.69
2026-07-26 19:21:13,042,SCN1A6J_019_822_9,0,0.0,15,1.0,0.0,21.55
2026-07-26 19:31:16,042,SCN1A6J_019_822_9,82,0.136,10,0.83,0.0,21.46
2026-07-26 19:41:20,042,SCN1A6J_019_822_9,190,0.316,5,0.513,0.0,21.59
2026-07-26 19:51:23,042,SCN1A6J_019_822_9,27,0.045,13,0.951,0.0,21.5
2026-07-26 20:01:26,042,SCN1A6J_019_822_9,0,0.0,15,1.0,0.0,21.35
2026-07-26 20:11:30,042,SCN1A6J_019_822_9,0,0.0,15,1.0,0.0,21.24
2026-07-26 20:21:34,042,SCN1A6J_019_822_9,0,0.0,15,1.0,0.0,21.16
2026-07-26 20:31:37,042,SCN1A6J_019_822_9,2,0.003,15,0.997,0.0,21.1
2026-07-26 20:41:40,042,SCN1A6J_019_822_9,0,0.0,15,1.0,0.0,21.06
2026-07-26 20:51:44,042,SCN1A6J_019_822_9,0,0.0,15,1.0,0.0,21.03
2026-07-26 21:01:47,042,SCN1A6J_019_822_9,0,0.0,15,1.0,0.0,21.0
2026-07-26 21:11:50,042,SCN1A6J_019_822_9,2,0.003,14,0.996,0.0,20.99
2026-07-26 21:22:18,042,SCN1A6J_019_822_9,1,0.002,15,0.998,0.0,21.02
2026-07-26 21:32:21,042,SCN1A6J_019_822_9,96,0.159,9,0.789,0.0,21.09
2026-07-26 21:42:24,042,SCN1A6J_019_822_9,133,0.221,5,0.601,0.0,21.25
2026-07-26 21:52:28,042,SCN1A6J_019_822_9,107,0.178,8,0.749,0.0,21.38
2026-07-26 22:02:31,042,SCN1A6J_019_822_9,0,0.0,15,1.0,0.0,21.29
2026-07-26 22:12:34,042,SCN1A6J_019_822_9,0,0.0,15,1.0,0.0,21.21
2026-07-26 22:22:38,042,SCN1A6J_019_822_9,232,0.386,5,0.463,0.0,21.38
2026-07-26 22:32:41,042,SCN1A6J_019_822_9,88,0.146,10,0.82,0.0,21.39
2026-07-26 22:42:44,042,SCN1A6J_019_822_9,116,0.193,8,0.734,0.0,21.5
2026-07-26 22:52:47,042,SCN1A6J_019_822_9,122,0.203,10,0.766,0.0,21.47
2026-07-26 23:02:50,042,SCN1A6J_019_822_9,233,0.387,2,0.256,0.0,21.61
2026-07-26 23:12:54,042,SCN1A6J_019_822_9,210,0.349,1,0.16,0.0,21.75
2026-07-26 23:22:57,042,SCN1A6J_019_822_9,156,0.259,8,0.672,0.0,21.76
2026-07-26 23:33:00,042,SCN1A6J_019_822_9,75,0.125,11,0.854,0.0,21.67
2026-07-26 23:43:04,042,SCN1A6J_019_822_9,68,0.113,11,0.866,0.0,21.59
2026-07-26 23:53:07,042,SCN1A6J_019_822_9,169,0.281,5,0.542,0.0,21.73
2026-07-25 00:04:10,037,SCN1A6J_019_827_89,6,0.01,13,0.989,0.0,21.43
2026-07-25 00:14:12,037,SCN1A6J_019_827_89,1,0.002,14,0.998,0.0,21.36
2026-07-25 00:24:15,037,SCN1A6J_019_827_89,0,0.0,15,1.0,0.0,21.3
2026-07-25 00:34:18,037,SCN1A6J_019_827_89,0,0.0,15,1.0,0.0,21.25
2026-07-25 00:44:20,037,SCN1A6J_019_827_89,0,0.0,15,1.0,0.0,21.2
2026-07-25 00:54:59,037,SCN1A6J_019_827_89,0,0.0,15,1.0,0.0,21.25
2026-07-25 01:05:03,037,SCN1A6J_019_827_89,0,0.0,15,1.0,0.0,21.19
2026-07-25 01:15:06,037,SCN1A6J_019_827_89,0,0.0,15,1.0,0.0,21.15
2026-07-25 01:25:09,037,SCN1A6J_019_827_89,0,0.0,15,1.0,0.0,21.12
2026-07-25 01:35:12,037,SCN1A6J_019_827_89,0,0.0,15,1.0,0.0,21.09
2026-07-25 01:45:16,037,SCN1A6J_019_827_89,0,0.0,15,1.0,0.0,21.08
2026-07-25 01:55:18,037,SCN1A6J_019_827_89,0,0.0,15,1.0,0.0,21.08
2026-07-25 02:05:22,037,SCN1A6J_019_827_89,53,0.088,12,0.901,0.0,21.13
2026-07-25 02:15:25,037,SCN1A6J_019_827_89,188,0.313,3,0.39,0.0,21.59
2026-07-25 02:25:28,037,SCN1A6J_019_827_89,88,0.146,9,0.804,0.0,21.44
2026-07-25 02:35:31,037,SCN1A6J_019_827_89,120,0.2,7,0.7,0.0,21.5
2026-07-25 02:45:34,037,SCN1A6J_019_827_89,109,0.181,6,0.688,0.0,21.45
2026-07-25 02:55:37,037,SCN1A6J_019_827_89,117,0.195,4,0.578,0.0,21.4
2026-07-25 03:05:40,037,SCN1A6J_019_827_89,0,0.0,15,1.0,0.0,21.33
2026-07-25 03:15:44,037,SCN1A6J_019_827_89,0,0.0,15,1.0,0.0,21.26
2026-07-25 03:25:46,037,SCN1A6J_019_827_89,0,0.0,15,1.0,0.0,21.2
2026-07-25 03:35:50,037,SCN1A6J_019_827_89,0,0.0,15,1.0,0.0,21.14
2026-07-25 03:45:53,037,SCN1A6J_019_827_89,0,0.0,15,1.0,0.0,21.1
2026-07-25 03:55:56,037,SCN1A6J_019_827_89,0,0.0,15,1.0,0.0,21.07
2026-07-25 04:05:59,037,SCN1A6J_019_827_89,0,0.0,15,1.0,0.0,21.05
2026-07-25 04:16:02,037,SCN1A6J_019_827_89,0,0.0,15,1.0,0.0,21.03
2026-07-25 04:26:05,037,SCN1A6J_019_827_89,0,0.0,15,1.0,0.0,21.02
2026-07-25 04:36:08,037,SCN1A6J_019_827_89,0,0.0,15,1.0,0.0,21.02
2026-07-25 04:46:11,037,SCN1A6J_019_827_89,0,0.0,15,1.0,0.0,21.01
2026-07-25 04:56:41,037,SCN1A6J_019_827_89,67,0.112,8,0.827,0.0,21.12
2026-07-25 05:06:44,037,SCN1A6J_019_827_89,152,0.253,5,0.568,0.0,21.22
2026-07-25 05:16:47,037,SCN1A6J_019_827_89,205,0.341,4,0.438,0.0,21.34
2026-07-25 05:26:50,037,SCN1A6J_019_827_89,122,0.203,7,0.697,0.0,21.36
2026-07-25 05:36:52,037,SCN1A6J_019_827_89,67,0.112,9,0.843,0.0,21.3
2026-07-25 05:46:54,037,SCN1A6J_019_827_89,77,0.128,8,0.806,0.0,21.27
2026-07-25 05:56:58,037,SCN1A6J_019_827_89,49,0.081,10,0.891,0.0,21.26
2026-07-25 06:07:01,037,SCN1A6J_019_827_89,35,0.058,10,0.92,0.2952,21.21
2026-07-25 06:17:03,037,SCN1A6J_019_827_89,4,0.007,14,0.993,0.2736,21.18
2026-07-25 06:27:06,037,SCN1A6J_019_827_89,0,0.0,15,1.0,0.2736,21.14
2026-07-25 06:37:09,037,SCN1A6J_019_827_89,0,0.0,15,1.0,0.2808,21.12
2026-07-25 06:47:11,037,SCN1A6J_019_827_89,0,0.0,15,1.0,0.2844,21.08
2026-07-25 06:57:14,037,SCN1A6J_019_827_89,0,0.0,15,1.0,0.2736,21.06
2026-07-25 07:07:17,037,SCN1A6J_019_827_89,0,0.0,15,1.0,0.2808,21.05
2026-07-25 07:17:19,037,SCN1A6J_019_827_89,0,0.0,15,1.0,0.2736,21.04
2026-07-25 07:27:22,037,SCN1A6J_019_827_89,0,0.0,15,1.0,0.2736,21.02
2026-07-25 07:37:25,037,SCN1A6J_019_827_89,0,0.0,15,1.0,0.2736,21.02
2026-07-25 07:47:28,037,SCN1A6J_019_827_89,0,0.0,15,1.0,0.2736,21.02
2026-07-25 07:57:31,037,SCN1A6J_019_827_89,0,0.0,15,1.0,0.2736,21.01
2026-07-25 08:07:34,037,SCN1A6J_019_827_89,0,0.0,15,1.0,0.2736,21.02
2026-07-25 08:17:37,037,SCN1A6J_019_827_89,0,0.0,15,1.0,0.2736,21.02
2026-07-25 08:27:40,037,SCN1A6J_019_827_89,2,0.003,14,0.996,0.2736,21.03
2026-07-25 08:37:42,037,SCN1A6J_019_827_89,1,0.002,14,0.998,0.2736,21.03
2026-07-25 08:47:45,037,SCN1A6J_019_827_89,233,0.388,3,0.34,0.2808,21.2
2026-07-25 08:58:14,037,SCN1A6J_019_827_89,99,0.166,6,0.708,0.2988,21.29
2026-07-25 09:08:18,037,SCN1A6J_019_827_89,7,0.012,12,0.986,0.3528,21.23
2026-07-25 09:18:20,037,SCN1A6J_019_827_89,1,0.002,14,0.998,0.3528,21.18
2026-07-25 09:28:23,037,SCN1A6J_019_827_89,0,0.0,15,1.0,0.3528,21.13
2026-07-25 09:38:26,037,SCN1A6J_019_827_89,2,0.003,14,0.996,0.3528,21.1
2026-07-25 09:48:29,037,SCN1A6J_019_827_89,2,0.003,13,0.996,0.396,21.08
2026-07-25 09:58:31,037,SCN1A6J_019_827_89,0,0.0,15,1.0,0.4068,21.07
2026-07-25 10:08:35,037,SCN1A6J_019_827_89,0,0.0,15,1.0,0.4068,21.05
2026-07-25 10:18:38,037,SCN1A6J_019_827_89,0,0.0,15,1.0,0.3564,21.04
2026-07-25 10:28:41,037,SCN1A6J_019_827_89,0,0.0,15,1.0,0.3456,21.04
2026-07-25 10:38:43,037,SCN1A6J_019_827_89,0,0.0,15,1.0,0.3528,21.03
2026-07-25 10:48:46,037,SCN1A6J_019_827_89,0,0.0,15,1.0,0.3564,21.01
2026-07-25 10:58:49,037,SCN1A6J_019_827_89,3,0.005,14,0.995,0.3456,21.01
2026-07-25 11:08:52,037,SCN1A6J_019_827_89,57,0.095,10,0.875,0.36,21.06
2026-07-25 11:18:55,037,SCN1A6J_019_827_89,83,0.138,9,0.813,0.324,21.09
2026-07-25 11:28:58,037,SCN1A6J_019_827_89,1,0.002,14,0.998,0.324,21.09
2026-07-25 11:39:01,037,SCN1A6J_019_827_89,0,0.0,15,1.0,0.3168,21.1
2026-07-25 11:49:03,037,SCN1A6J_019_827_89,0,0.0,15,1.0,0.3204,21.1
2026-07-25 11:59:06,037,SCN1A6J_019_827_89,0,0.0,15,1.0,0.3168,21.1
2026-07-25 12:09:09,037,SCN1A6J_019_827_89,0,0.0,15,1.0,0.3168,21.09
2026-07-25 12:19:12,037,SCN1A6J_019_827_89,0,0.0,15,1.0,0.3204,21.09
2026-07-25 12:29:15,037,SCN1A6J_019_827_89,0,0.0,15,1.0,0.3168,21.08
2026-07-25 12:39:19,037,SCN1A6J_019_827_89,0,0.0,15,1.0,0.3204,21.08
2026-07-25 12:49:23,037,SCN1A6J_019_827_89,0,0.0,15,1.0,0.3096,21.09
2026-07-25 12:59:58,037,SCN1A6J_019_827_89,0,0.0,15,1.0,0.3096,21.18
2026-07-25 13:10:01,037,SCN1A6J_019_827_89,0,0.0,15,1.0,0.3096,21.14
2026-07-25 13:20:04,037,SCN1A6J_019_827_89,0,0.0,15,1.0,0.3168,21.13
2026-07-25 13:30:07,037,SCN1A6J_019_827_89,0,0.0,15,1.0,0.3096,21.12
2026-07-25 13:40:10,037,SCN1A6J_019_827_89,14,0.023,14,0.976,0.3096,21.12
2026-07-25 13:50:13,037,SCN1A6J_019_827_89,29,0.048,13,0.947,0.3312,21.14
2026-07-25 14:00:16,037,SCN1A6J_019_827_89,0,0.0,15,1.0,0.3312,21.14
2026-07-25 14:10:19,037,SCN1A6J_019_827_89,0,0.0,15,1.0,0.3312,21.13
2026-07-25 14:20:22,037,SCN1A6J_019_827_89,0,0.0,15,1.0,0.3312,21.12
2026-07-25 14:30:26,037,SCN1A6J_019_827_89,0,0.0,15,1.0,0.3384,21.13
2026-07-25 14:40:28,037,SCN1A6J_019_827_89,1,0.002,15,0.998,0.3384,21.13
2026-07-25 14:50:31,037,SCN1A6J_019_827_89,31,0.052,12,0.939,0.3132,21.16
2026-07-25 15:00:34,037,SCN1A6J_019_827_89,0,0.0,15,1.0,0.3024,21.16
2026-07-25 15:10:37,037,SCN1A6J_019_827_89,0,0.0,15,1.0,0.3024,21.16
2026-07-25 15:20:41,037,SCN1A6J_019_827_89,0,0.0,15,1.0,0.3024,21.14
2026-07-25 15:30:44,037,SCN1A6J_019_827_89,0,0.0,15,1.0,0.3024,21.14
2026-07-25 15:40:47,037,SCN1A6J_019_827_89,0,0.0,15,1.0,0.3024,21.13
2026-07-25 15:50:50,037,SCN1A6J_019_827_89,0,0.0,15,1.0,0.3024,21.13
2026-07-25 16:00:53,037,SCN1A6J_019_827_89,0,0.0,15,1.0,0.3132,21.13
2026-07-25 16:10:56,037,SCN1A6J_019_827_89,13,0.022,14,0.977,0.2736,21.14
2026-07-25 16:20:58,037,SCN1A6J_019_827_89,1,0.002,15,0.998,0.288,21.16
2026-07-25 16:31:01,037,SCN1A6J_019_827_89,30,0.05,12,0.941,0.288,21.23
2026-07-25 16:41:05,037,SCN1A6J_019_827_89,0,0.0,15,1.0,0.2952,21.21
2026-07-25 16:51:08,037,SCN1A6J_019_827_89,3,0.005,14,0.995,0.2952,21.22
2026-07-25 17:01:41,037,SCN1A6J_019_827_89,0,0.0,15,1.0,0.288,21.29
2026-07-25 17:11:44,037,SCN1A6J_019_827_89,0,0.0,15,1.0,0.2952,21.24
2026-07-25 17:21:48,037,SCN1A6J_019_827_89,0,0.0,15,1.0,0.2952,21.22
2026-07-25 17:31:50,037,SCN1A6J_019_827_89,9,0.015,14,0.984,0.2808,21.23
2026-07-25 17:41:52,037,SCN1A6J_019_827_89,62,0.103,12,0.886,0.2664,21.24
2026-07-25 17:51:55,037,SCN1A6J_019_827_89,198,0.329,3,0.377,0.252,21.33
2026-07-25 18:01:59,037,SCN1A6J_019_827_89,32,0.053,11,0.932,0.0,21.33
2026-07-25 18:12:02,037,SCN1A6J_019_827_89,160,0.266,4,0.5,0.0,21.54
2026-07-25 18:22:05,037,SCN1A6J_019_827_89,184,0.306,1,0.179,0.0,22.13
2026-07-25 18:32:08,037,SCN1A6J_019_827_89,323,0.537,0,0.0,0.0,22.17
2026-07-25 18:42:11,037,SCN1A6J_019_827_89,217,0.361,1,0.156,0.0,22.27
2026-07-25 18:52:14,037,SCN1A6J_019_827_89,69,0.115,8,0.823,0.0,22.02
2026-07-25 19:02:17,037,SCN1A6J_019_827_89,215,0.357,2,0.271,0.0,22.48
2026-07-25 19:12:20,037,SCN1A6J_019_827_89,243,0.405,2,0.248,0.0,22.3
2026-07-25 19:22:23,037,SCN1A6J_019_827_89,98,0.163,8,0.766,0.0,22.05
2026-07-25 19:32:26,037,SCN1A6J_019_827_89,158,0.263,4,0.503,0.0,21.98
2026-07-25 19:42:29,037,SCN1A6J_019_827_89,134,0.223,2,0.374,0.0,22.08
2026-07-25 19:52:33,037,SCN1A6J_019_827_89,92,0.153,8,0.777,0.0,21.91
2026-07-25 20:02:35,037,SCN1A6J_019_827_89,87,0.145,8,0.786,0.0,21.74
2026-07-25 20:12:38,037,SCN1A6J_019_827_89,143,0.238,5,0.583,0.0,21.85
2026-07-25 20:22:41,037,SCN1A6J_019_827_89,61,0.101,8,0.84,0.0,21.69
2026-07-25 20:32:44,037,SCN1A6J_019_827_89,155,0.257,4,0.508,0.0,21.67
2026-07-25 20:42:48,037,SCN1A6J_019_827_89,141,0.235,2,0.362,0.0,22.28
2026-07-25 20:52:51,037,SCN1A6J_019_827_89,15,0.025,10,0.964,0.0,21.93
2026-07-25 21:03:26,037,SCN1A6J_019_827_89,288,0.482,2,0.217,0.0,22.04
2026-07-25 21:13:29,037,SCN1A6J_019_827_89,163,0.271,8,0.663,0.0,21.89
2026-07-25 21:23:33,037,SCN1A6J_019_827_89,125,0.208,4,0.561,0.0,21.71
2026-07-25 21:33:35,037,SCN1A6J_019_827_89,1,0.002,14,0.998,0.0,21.57
2026-07-25 21:43:39,037,SCN1A6J_019_827_89,0,0.0,15,1.0,0.0,21.45
2026-07-25 21:53:41,037,SCN1A6J_019_827_89,0,0.0,15,1.0,0.0,21.36
2026-07-25 22:03:44,037,SCN1A6J_019_827_89,0,0.0,15,1.0,0.0,21.31
2026-07-25 22:13:47,037,SCN1A6J_019_827_89,0,0.0,15,1.0,0.0,21.25
2026-07-25 22:23:50,037,SCN1A6J_019_827_89,0,0.0,15,1.0,0.0,21.22
2026-07-25 22:33:52,037,SCN1A6J_019_827_89,0,0.0,15,1.0,0.0,21.19
2026-07-25 22:43:56,037,SCN1A6J_019_827_89,0,0.0,15,1.0,0.0,21.18
2026-07-25 22:53:59,037,SCN1A6J_019_827_89,0,0.0,15,1.0,0.0,21.16
2026-07-25 23:04:02,037,SCN1A6J_019_827_89,0,0.0,15,1.0,0.0,21.16
2026-07-25 23:14:05,037,SCN1A6J_019_827_89,76,0.127,10,0.84,0.0,21.21
2026-07-25 23:24:08,037,SCN1A6J_019_827_89,139,0.231,3,0.463,0.0,21.9
2026-07-25 23:34:11,037,SCN1A6J_019_827_89,24,0.04,13,0.956,0.0,21.6
2026-07-25 23:44:13,037,SCN1A6J_019_827_89,206,0.343,1,0.163,0.0,22.29
2026-07-25 23:54:16,037,SCN1A6J_019_827_89,199,0.331,3,0.376,0.0,22.32
2026-07-26 00:04:20,037,SCN1A6J_019_827_89,49,0.082,11,0.9,0.0,22.09
2026-07-26 00:14:22,037,SCN1A6J_019_827_89,211,0.351,2,0.275,0.0,21.97
2026-07-26 00:24:25,037,SCN1A6J_019_827_89,100,0.166,2,0.444,0.0,22.44
2026-07-26 00:34:28,037,SCN1A6J_019_827_89,169,0.281,1,0.191,0.0,22.5
2026-07-26 00:44:31,037,SCN1A6J_019_827_89,197,0.328,1,0.169,0.0,22.3
2026-07-26 00:54:34,037,SCN1A6J_019_827_89,56,0.093,10,0.877,0.0,21.95
2026-07-26 01:05:07,037,SCN1A6J_019_827_89,34,0.057,9,0.914,0.0,21.77
2026-07-26 01:15:10,037,SCN1A6J_019_827_89,144,0.24,4,0.526,0.0,21.6
2026-07-26 01:25:13,037,SCN1A6J_019_827_89,13,0.022,12,0.974,0.0,21.46
2026-07-26 01:35:16,037,SCN1A6J_019_827_89,0,0.0,15,1.0,0.0,21.35
2026-07-26 01:45:20,037,SCN1A6J_019_827_89,0,0.0,15,1.0,0.0,21.27
2026-07-26 01:55:23,037,SCN1A6J_019_827_89,0,0.0,15,1.0,0.0,21.2
2026-07-26 02:05:26,037,SCN1A6J_019_827_89,0,0.0,15,1.0,0.0,21.14
2026-07-26 02:15:28,037,SCN1A6J_019_827_89,0,0.0,15,1.0,0.0,21.1
2026-07-26 02:25:31,037,SCN1A6J_019_827_89,0,0.0,15,1.0,0.0,21.08
2026-07-26 02:35:35,037,SCN1A6J_019_827_89,0,0.0,15,1.0,0.0,21.07
2026-07-26 02:45:38,037,SCN1A6J_019_827_89,0,0.0,15,1.0,0.0,21.05
2026-07-26 02:55:41,037,SCN1A6J_019_827_89,0,0.0,15,1.0,0.0,21.05
2026-07-26 03:05:44,037,SCN1A6J_019_827_89,0,0.0,15,1.0,0.0,21.05
2026-07-26 03:15:47,037,SCN1A6J_019_827_89,0,0.0,15,1.0,0.0,21.04
2026-07-26 03:25:50,037,SCN1A6J_019_827_89,0,0.0,15,1.0,0.0,21.03
2026-07-26 03:35:53,037,SCN1A6J_019_827_89,54,0.09,9,0.87,0.0,21.1
2026-07-26 03:45:56,037,SCN1A6J_019_827_89,133,0.221,4,0.546,0.0,21.63
2026-07-26 03:55:59,037,SCN1A6J_019_827_89,152,0.253,4,0.513,0.0,21.74
2026-07-26 04:06:03,037,SCN1A6J_019_827_89,197,0.327,6,0.549,0.0,21.68
2026-07-26 04:16:06,037,SCN1A6J_019_827_89,3,0.005,14,0.995,0.0,21.56
2026-07-26 04:26:08,037,SCN1A6J_019_827_89,120,0.2,5,0.625,0.0,21.85
2026-07-26 04:36:12,037,SCN1A6J_019_827_89,84,0.14,7,0.769,0.0,21.59
2026-07-26 04:46:15,037,SCN1A6J_019_827_89,0,0.0,15,1.0,0.0,21.42
2026-07-26 04:56:18,037,SCN1A6J_019_827_89,0,0.0,15,1.0,0.0,21.32
2026-07-26 05:06:53,037,SCN1A6J_019_827_89,0,0.0,15,1.0,0.0,21.31
2026-07-26 05:16:56,037,SCN1A6J_019_827_89,0,0.0,15,1.0,0.0,21.22
2026-07-26 05:26:59,037,SCN1A6J_019_827_89,0,0.0,15,1.0,0.0,21.16
2026-07-26 05:37:02,037,SCN1A6J_019_827_89,0,0.0,15,1.0,0.0,21.1
2026-07-26 05:47:05,037,SCN1A6J_019_827_89,0,0.0,15,1.0,0.0,21.08
2026-07-26 05:57:08,037,SCN1A6J_019_827_89,0,0.0,15,1.0,0.0,21.07
2026-07-26 06:07:11,037,SCN1A6J_019_827_89,0,0.0,15,1.0,0.36,21.05
2026-07-26 06:17:14,037,SCN1A6J_019_827_89,0,0.0,15,1.0,0.3672,21.04
2026-07-26 06:27:18,037,SCN1A6J_019_827_89,0,0.0,15,1.0,0.3672,21.04
2026-07-26 06:37:20,037,SCN1A6J_019_827_89,0,0.0,15,1.0,0.3672,21.04
2026-07-26 06:47:23,037,SCN1A6J_019_827_89,0,0.0,15,1.0,0.3744,21.04
2026-07-26 06:57:26,037,SCN1A6J_019_827_89,0,0.0,15,1.0,0.3672,21.04
2026-07-26 07:07:28,037,SCN1A6J_019_827_89,125,0.208,7,0.691,0.27,21.12
2026-07-26 07:17:32,037,SCN1A6J_019_827_89,90,0.15,10,0.816,0.2412,21.2
2026-07-26 07:27:35,037,SCN1A6J_019_827_89,237,0.394,5,0.458,0.3528,21.27
2026-07-26 07:37:38,037,SCN1A6J_019_827_89,53,0.088,8,0.858,0.2808,21.23
2026-07-26 07:47:41,037,SCN1A6J_019_827_89,75,0.125,12,0.865,0.3744,21.21
2026-07-26 07:57:44,037,SCN1A6J_019_827_89,0,0.0,15,1.0,0.3672,21.19
2026-07-26 08:07:48,037,SCN1A6J_019_827_89,0,0.0,15,1.0,0.3744,21.15
2026-07-26 08:17:51,037,SCN1A6J_019_827_89,0,0.0,15,1.0,0.3744,21.12
2026-07-26 08:27:53,037,SCN1A6J_019_827_89,0,0.0,15,1.0,0.3744,21.1
2026-07-26 08:37:57,037,SCN1A6J_019_827_89,0,0.0,15,1.0,0.3816,21.08
2026-07-26 08:48:00,037,SCN1A6J_019_827_89,0,0.0,15,1.0,0.3744,21.07
2026-07-26 08:58:03,037,SCN1A6J_019_827_89,0,0.0,15,1.0,0.3744,21.07
2026-07-26 09:08:32,037,SCN1A6J_019_827_89,0,0.0,15,1.0,0.3744,21.13
2026-07-26 09:18:36,037,SCN1A6J_019_827_89,0,0.0,15,1.0,0.3744,21.1
2026-07-26 09:28:39,037,SCN1A6J_019_827_89,2,0.003,15,0.997,0.6048,21.08
2026-07-26 09:38:41,037,SCN1A6J_019_827_89,0,0.0,15,1.0,0.6084,21.12
2026-07-26 09:48:45,037,SCN1A6J_019_827_89,0,0.0,15,1.0,0.6048,21.17
2026-07-26 09:58:48,037,SCN1A6J_019_827_89,0,0.0,15,1.0,0.4104,21.2
2026-07-26 10:08:51,037,SCN1A6J_019_827_89,0,0.0,15,1.0,0.4176,21.21
2026-07-26 10:18:53,037,SCN1A6J_019_827_89,0,0.0,15,1.0,0.3636,21.2
2026-07-26 10:28:57,037,SCN1A6J_019_827_89,66,0.11,11,0.87,0.288,21.27
2026-07-26 10:38:59,037,SCN1A6J_019_827_89,86,0.143,7,0.765,0.36,21.3
2026-07-26 10:49:03,037,SCN1A6J_019_827_89,0,0.0,15,1.0,0.3528,21.26
2026-07-26 10:59:06,037,SCN1A6J_019_827_89,0,0.0,15,1.0,0.3528,21.21
2026-07-26 11:09:09,037,SCN1A6J_019_827_89,0,0.0,15,1.0,0.3528,21.17
2026-07-26 11:19:12,037,SCN1A6J_019_827_89,0,0.0,15,1.0,0.3528,21.14
2026-07-26 11:29:16,037,SCN1A6J_019_827_89,0,0.0,15,1.0,0.3528,21.11
2026-07-26 11:39:19,037,SCN1A6J_019_827_89,0,0.0,15,1.0,0.3528,21.1
2026-07-26 11:49:22,037,SCN1A6J_019_827_89,0,0.0,15,1.0,0.3528,21.09
2026-07-26 11:59:24,037,SCN1A6J_019_827_89,0,0.0,15,1.0,0.3528,21.09
2026-07-26 12:09:28,037,SCN1A6J_019_827_89,0,0.0,15,1.0,0.3528,21.09
2026-07-26 12:19:30,037,SCN1A6J_019_827_89,13,0.022,14,0.977,0.36,21.11
2026-07-26 12:29:32,037,SCN1A6J_019_827_89,0,0.0,15,1.0,0.36,21.11
2026-07-26 12:39:35,037,SCN1A6J_019_827_89,0,0.0,15,1.0,0.36,21.11
2026-07-26 12:49:39,037,SCN1A6J_019_827_89,0,0.0,15,1.0,0.3636,21.1
2026-07-26 12:59:41,037,SCN1A6J_019_827_89,0,0.0,15,1.0,0.3636,21.09
2026-07-26 13:10:13,037,SCN1A6J_019_827_89,0,0.0,15,1.0,0.3636,21.14
2026-07-26 13:20:16,037,SCN1A6J_019_827_89,0,0.0,15,1.0,0.3636,21.11
2026-07-26 13:30:18,037,SCN1A6J_019_827_89,0,0.0,15,1.0,0.4104,21.09
2026-07-26 13:40:21,037,SCN1A6J_019_827_89,0,0.0,15,1.0,0.4176,21.07
2026-07-26 13:50:24,037,SCN1A6J_019_827_89,0,0.0,15,1.0,0.36,21.06
2026-07-26 14:00:26,037,SCN1A6J_019_827_89,0,0.0,15,1.0,0.3528,21.05
2026-07-26 14:10:29,037,SCN1A6J_019_827_89,0,0.0,15,1.0,0.3636,21.04
2026-07-26 14:20:33,037,SCN1A6J_019_827_89,101,0.168,8,0.76,0.3708,21.18
2026-07-26 14:30:36,037,SCN1A6J_019_827_89,16,0.027,14,0.972,0.4752,21.19
2026-07-26 14:40:39,037,SCN1A6J_019_827_89,0,0.0,15,1.0,0.4752,21.16
2026-07-26 14:50:41,037,SCN1A6J_019_827_89,0,0.0,15,1.0,0.4788,21.12
2026-07-26 15:00:44,037,SCN1A6J_019_827_89,0,0.0,15,1.0,0.4752,21.1
2026-07-26 15:10:47,037,SCN1A6J_019_827_89,0,0.0,15,1.0,0.4896,21.07
2026-07-26 15:20:50,037,SCN1A6J_019_827_89,0,0.0,15,1.0,0.4896,21.05
2026-07-26 15:30:53,037,SCN1A6J_019_827_89,0,0.0,15,1.0,0.4896,21.01
2026-07-26 15:40:57,037,SCN1A6J_019_827_89,4,0.007,14,0.993,0.486,21.02
2026-07-26 15:51:00,037,SCN1A6J_019_827_89,76,0.126,10,0.84,0.432,21.12
2026-07-26 16:01:03,037,SCN1A6J_019_827_89,122,0.203,7,0.697,0.3816,21.31
2026-07-26 16:11:06,037,SCN1A6J_019_827_89,63,0.105,9,0.851,0.3744,21.26
2026-07-26 16:21:09,037,SCN1A6J_019_827_89,2,0.003,14,0.996,0.396,21.16
2026-07-26 16:31:11,037,SCN1A6J_019_827_89,0,0.0,15,1.0,0.4032,21.1
2026-07-26 16:41:14,037,SCN1A6J_019_827_89,0,0.0,15,1.0,0.4068,21.04
2026-07-26 16:51:17,037,SCN1A6J_019_827_89,0,0.0,15,1.0,0.3528,20.99
2026-07-26 17:01:20,037,SCN1A6J_019_827_89,0,0.0,15,1.0,0.3528,20.96
2026-07-26 17:11:57,037,SCN1A6J_019_827_89,53,0.089,12,0.901,0.2808,21.07
2026-07-26 17:22:00,037,SCN1A6J_019_827_89,59,0.098,9,0.859,0.3384,21.15
2026-07-26 17:32:03,037,SCN1A6J_019_827_89,13,0.022,13,0.976,0.3312,21.11
2026-07-26 17:42:06,037,SCN1A6J_019_827_89,83,0.138,8,0.794,0.3024,21.32
2026-07-26 17:52:09,037,SCN1A6J_019_827_89,0,0.0,15,1.0,0.3132,21.21
2026-07-26 18:02:13,037,SCN1A6J_019_827_89,0,0.0,15,1.0,0.0,21.16
2026-07-26 18:12:16,037,SCN1A6J_019_827_89,137,0.228,3,0.467,0.0,21.91
2026-07-26 18:22:18,037,SCN1A6J_019_827_89,226,0.376,0,0.0,0.0,22.25
2026-07-26 18:32:21,037,SCN1A6J_019_827_89,179,0.298,2,0.309,0.0,22.75
2026-07-26 18:42:25,037,SCN1A6J_019_827_89,146,0.243,1,0.215,0.0,22.87
2026-07-26 18:52:27,037,SCN1A6J_019_827_89,195,0.324,0,0.0,0.0,22.98
2026-07-26 19:02:31,037,SCN1A6J_019_827_89,198,0.329,2,0.288,0.0,23.02
2026-07-26 19:12:34,037,SCN1A6J_019_827_89,107,0.178,2,0.428,0.0,23.05
2026-07-26 19:22:38,037,SCN1A6J_019_827_89,139,0.231,4,0.535,0.0,23.0
2026-07-26 19:32:40,037,SCN1A6J_019_827_89,129,0.215,1,0.237,0.0,23.12
2026-07-26 19:42:43,037,SCN1A6J_019_827_89,205,0.341,1,0.163,0.0,23.11
2026-07-26 19:52:47,037,SCN1A6J_019_827_89,177,0.295,0,0.0,0.0,23.14
2026-07-26 20:02:50,037,SCN1A6J_019_827_89,277,0.461,1,0.126,0.0,22.72
2026-07-26 20:12:53,037,SCN1A6J_019_827_89,118,0.196,4,0.576,0.0,22.69
2026-07-26 20:22:56,037,SCN1A6J_019_827_89,1,0.002,14,0.998,0.0,22.21
2026-07-26 20:32:59,037,SCN1A6J_019_827_89,178,0.296,2,0.31,0.0,22.49
2026-07-26 20:43:02,037,SCN1A6J_019_827_89,163,0.271,2,0.329,0.0,22.69
2026-07-26 20:53:05,037,SCN1A6J_019_827_89,192,0.319,4,0.455,0.0,22.67
2026-07-26 21:03:08,037,SCN1A6J_019_827_89,62,0.103,10,0.866,0.0,22.35
2026-07-26 21:13:41,037,SCN1A6J_019_827_89,239,0.4,1,0.143,0.0,22.77
2026-07-26 21:23:44,037,SCN1A6J_019_827_89,128,0.213,8,0.714,0.0,22.43
2026-07-26 21:33:47,037,SCN1A6J_019_827_89,298,0.497,0,0.0,0.0,22.41
2026-07-26 21:43:50,037,SCN1A6J_019_827_89,243,0.404,2,0.248,0.0,22.18
2026-07-26 21:53:54,037,SCN1A6J_019_827_89,32,0.053,12,0.938,0.0,21.94
2026-07-26 22:03:57,037,SCN1A6J_019_827_89,0,0.0,15,1.0,0.0,21.71
2026-07-26 22:14:00,037,SCN1A6J_019_827_89,8,0.013,13,0.985,0.0,21.56
2026-07-26 22:24:02,037,SCN1A6J_019_827_89,76,0.127,9,0.826,0.0,21.59
2026-07-26 22:34:05,037,SCN1A6J_019_827_89,172,0.286,2,0.317,0.0,21.87
2026-07-26 22:44:07,037,SCN1A6J_019_827_89,223,0.371,4,0.418,0.0,21.77
2026-07-26 22:54:11,037,SCN1A6J_019_827_89,177,0.295,6,0.576,0.0,21.65
2026-07-26 23:04:14,037,SCN1A6J_019_827_89,180,0.3,2,0.308,0.0,21.55
2026-07-26 23:14:16,037,SCN1A6J_019_827_89,62,0.103,9,0.853,0.0,21.46
2026-07-26 23:24:19,037,SCN1A6J_019_827_89,6,0.01,13,0.989,0.0,21.35
2026-07-26 23:34:22,037,SCN1A6J_019_827_89,0,0.0,15,1.0,0.0,21.25
2026-07-26 23:44:24,037,SCN1A6J_019_827_89,0,0.0,15,1.0,0.0,21.18
2026-07-26 23:54:27,037,SCN1A6J_019_827_89,0,0.0,15,1.0,0.0,21.13
