cohort,cohort_number,gene,zip_file,member,mouse_id,file_date,n_rows,zip_size,zip_mtime
001_MYT1L,001,MYT1L,001_MYT1L_BEAM_L1.zip,MYT1L_001_10_42_BEAM_20250308.csv,MYT1L_001_10_42,2025-03-08,281,1637472,2025-11-17T14:24:49
001_MYT1L,001,MYT1L,001_MYT1L_BEAM_L1.zip,MYT1L_001_10_44_BEAM_20250308.csv,MYT1L_001_10_44,2025-03-08,280,1637472,2025-11-17T14:24:49
001_MYT1L,001,MYT1L,001_MYT1L_BEAM_L1.zip,MYT1L_001_12_45_BEAM_20250308.csv,MYT1L_001_12_45,2025-03-08,281,1637472,2025-11-17T14:24:49
001_MYT1L,001,MYT1L,001_MYT1L_BEAM_L1.zip,MYT1L_001_12_46_BEAM_20250308.csv,MYT1L_001_12_46,2025-03-08,280,1637472,2025-11-17T14:24:49
001_MYT1L,001,MYT1L,001_MYT1L_BEAM_L1.zip,MYT1L_001_12_47_BEAM_20250308.csv,MYT1L_001_12_47,2025-03-08,280,1637472,2025-11-17T14:24:49
001_MYT1L,001,MYT1L,001_MYT1L_BEAM_L1.zip,MYT1L_001_12_48_BEAM_20250308.csv,MYT1L_001_12_48,2025-03-08,281,1637472,2025-11-17T14:24:49
001_MYT1L,001,MYT1L,001_MYT1L_BEAM_L1.zip,MYT1L_001_12_51_BEAM_20250308.csv,MYT1L_001_12_51,2025-03-08,281,1637472,2025-11-17T14:24:49
001_MYT1L,001,MYT1L,001_MYT1L_BEAM_L1.zip,MYT1L_001_12_52_BEAM_20250308.csv,MYT1L_001_12_52,2025-03-08,281,1637472,2025-11-17T14:24:49
001_MYT1L,001,MYT1L,001_MYT1L_BEAM_L1.zip,MYT1L_001_1_1_BEAM_20250308.csv,MYT1L_001_1_1,2025-03-08,281,1637472,2025-11-17T14:24:49
001_MYT1L,001,MYT1L,001_MYT1L_BEAM_L1.zip,MYT1L_001_1_2_BEAM_20250308.csv,MYT1L_001_1_2,2025-03-08,281,1637472,2025-11-17T14:24:49
001_MYT1L,001,MYT1L,001_MYT1L_BEAM_L1.zip,MYT1L_001_1_3_BEAM_20250308.csv,MYT1L_001_1_3,2025-03-08,281,1637472,2025-11-17T14:24:49
001_MYT1L,001,MYT1L,001_MYT1L_BEAM_L1.zip,MYT1L_001_1_4_BEAM_20250308.csv,MYT1L_001_1_4,2025-03-08,280,1637472,2025-11-17T14:24:49
001_MYT1L,001,MYT1L,001_MYT1L_BEAM_L1.zip,MYT1L_001_2_10_BEAM_20250308.csv,MYT1L_001_2_10,2025-03-08,280,1637472,2025-11-17T14:24:49
001_MYT1L,001,MYT1L,001_MYT1L_BEAM_L1.zip,MYT1L_001_2_5_BEAM_20250308.csv,MYT1L_001_2_5,2025-03-08,281,1637472,2025-11-17T14:24:49
001_MYT1L,001,MYT1L,001_MYT1L_BEAM_L1.zip,MYT1L_001_2_6_BEAM_20250308.csv,MYT1L_001_2_6,2025-03-08,280,1637472,2025-11-17T14:24:49
001_MYT1L,001,MYT1L,001_MYT1L_BEAM_L1.zip,MYT1L_001_2_8_BEAM_20250308.csv,MYT1L_001_2_8,2025-03-08,281,1637472,2025-11-17T14:24:49
001_MYT1L,001,MYT1L,001_MYT1L_BEAM_L1.zip,MYT1L_001_2_9_BEAM_20250308.csv,MYT1L_001_2_9,2025-03-08,281,1637472,2025-11-17T14:24:49
001_MYT1L,001,MYT1L,001_MYT1L_BEAM_L1.zip,MYT1L_001_3_18_BEAM_20250308.csv,MYT1L_001_3_18,2025-03-08,281,1637472,2025-11-17T14:24:49
001_MYT1L,001,MYT1L,001_MYT1L_BEAM_L1.zip,MYT1L_001_3_19_BEAM_20250308.csv,MYT1L_001_3_19,2025-03-08,281,1637472,2025-11-17T14:24:49
001_MYT1L,001,MYT1L,001_MYT1L_BEAM_L1.zip,MYT1L_001_3_20_BEAM_20250308.csv,MYT1L_001_3_20,2025-03-08,282,1637472,2025-11-17T14:24:49
001_MYT1L,001,MYT1L,001_MYT1L_BEAM_L1.zip,MYT1L_001_5_22_BEAM_20250308.csv,MYT1L_001_5_22,2025-03-08,281,1637472,2025-11-17T14:24:49
001_MYT1L,001,MYT1L,001_MYT1L_BEAM_L1.zip,MYT1L_001_5_23_BEAM_20250308.csv,MYT1L_001_5_23,2025-03-08,281,1637472,2025-11-17T14:24:49
001_MYT1L,001,MYT1L,001_MYT1L_BEAM_L1.zip,MYT1L_001_5_24_BEAM_20250308.csv,MYT1L_001_5_24,2025-03-08,280,1637472,2025-11-17T14:24:49
001_MYT1L,001,MYT1L,001_MYT1L_BEAM_L1.zip,MYT1L_001_5_25_BEAM_20250308.csv,MYT1L_001_5_25,2025-03-08,280,1637472,2025-11-17T14:24:49
001_MYT1L,001,MYT1L,001_MYT1L_BEAM_L1.zip,MYT1L_001_5_26_BEAM_20250308.csv,MYT1L_001_5_26,2025-03-08,281,1637472,2025-11-17T14:24:49
001_MYT1L,001,MYT1L,001_MYT1L_BEAM_L1.zip,MYT1L_001_5_27_BEAM_20250308.csv,MYT1L_001_5_27,2025-03-08,281,1637472,2025-11-17T14:24:49
001_MYT1L,001,MYT1L,001_MYT1L_BEAM_L1.zip,MYT1L_001_5_28_BEAM_20250308.csv,MYT1L_001_5_28,2025-03-08,281,1637472,2025-11-17T14:24:49
001_MYT1L,001,MYT1L,001_MYT1L_BEAM_L1.zip,MYT1L_001_7_30_BEAM_20250308.csv,MYT1L_001_7_30,2025-03-08,281,1637472,2025-11-17T14:24:49
001_MYT1L,001,MYT1L,001_MYT1L_BEAM_L1.zip,MYT1L_001_7_32_BEAM_20250308.csv,MYT1L_001_7_32,2025-03-08,280,1637472,2025-11-17T14:24:49
001_MYT1L,001,MYT1L,001_MYT1L_BEAM_L1.zip,MYT1L_001_8_33_BEAM_20250308.csv,MYT1L_001_8_33,2025-03-08,281,1637472,2025-11-17T14:24:49
001_MYT1L,001,MYT1L,001_MYT1L_BEAM_L1.zip,MYT1L_001_8_34_BEAM_20250308.csv,MYT1L_001_8_34,2025-03-08,281,1637472,2025-11-17T14:24:49
001_MYT1L,001,MYT1L,001_MYT1L_BEAM_L1.zip,MYT1L_001_8_36_BEAM_20250308.csv,MYT1L_001_8_36,2025-03-08,281,1637472,2025-11-17T14:24:49
001_MYT1L,001,MYT1L,001_MYT1L_BEAM_L1.zip,MYT1L_001_8_37_BEAM_20250308.csv,MYT1L_001_8_37,2025-03-08,281,1637472,2025-11-17T14:24:49
001_MYT1L,001,MYT1L,001_MYT1L_BEAM_L1.zip,MYT1L_001_8_39_BEAM_20250308.csv,MYT1L_001_8_39,2025-03-08,280,1637472,2025-11-17T14:24:49
001_MYT1L,001,MYT1L,001_MYT1L_BEAM_L1.zip,MYT1L_001_8_41_BEAM_20250308.csv,MYT1L_001_8_41,2025-03-08,280,1637472,2025-11-17T14:24:49
001_MYT1L,001,MYT1L,001_MYT1L_BEAM_L1.zip,MYT1L_001_9_11_BEAM_20250308.csv,MYT1L_001_9_11,2025-03-08,281,1637472,2025-11-17T14:24:49
001_MYT1L,001,MYT1L,001_MYT1L_BEAM_L1.zip,MYT1L_001_9_12_BEAM_20250308.csv,MYT1L_001_9_12,2025-03-08,281,1637472,2025-11-17T14:24:49
001_MYT1L,001,MYT1L,001_MYT1L_BEAM_L1.zip,MYT1L_001_9_13_BEAM_20250308.csv,MYT1L_001_9_13,2025-03-08,280,1637472,2025-11-17T14:24:49
001_MYT1L,001,MYT1L,001_MYT1L_BEAM_L1.zip,MYT1L_001_9_14_BEAM_20250308.csv,MYT1L_001_9_14,2025-03-08,280,1637472,2025-11-17T14:24:49
001_MYT1L,001,MYT1L,001_MYT1L_BEAM_L1.zip,MYT1L_001_9_17_BEAM_20250308.csv,MYT1L_001_9_17,2025-03-08,280,1637472,2025-11-17T14:24:49
002_DNMT3A,002,DNMT3A,002_DNMT3a_BEAM_L1.zip,DNMT3A_002_19_45_BEAM_20250503.csv,DNMT3A_002_19_45,2025-05-03,287,1433186,2025-11-17T14:29:26
002_DNMT3A,002,DNMT3A,002_DNMT3a_BEAM_L1.zip,DNMT3A_002_19_47_BEAM_20250503.csv,DNMT3A_002_19_47,2025-05-03,286,1433186,2025-11-17T14:29:26
002_DNMT3A,002,DNMT3A,002_DNMT3a_BEAM_L1.zip,DNMT3A_002_19_48_BEAM_20250405.csv,DNMT3A_002_19_48,2025-04-05,286,1433186,2025-11-17T14:29:26
002_DNMT3A,002,DNMT3A,002_DNMT3a_BEAM_L1.zip,DNMT3A_002_19_49_BEAM_20250503.csv,DNMT3A_002_19_49,2025-05-03,286,1433186,2025-11-17T14:29:26
002_DNMT3A,002,DNMT3A,002_DNMT3a_BEAM_L1.zip,DNMT3A_002_19_53_BEAM_20250503.csv,DNMT3A_002_19_53,2025-05-03,286,1433186,2025-11-17T14:29:26
002_DNMT3A,002,DNMT3A,002_DNMT3a_BEAM_L1.zip,DNMT3A_002_20_15_BEAM_20250405.csv,DNMT3A_002_20_15,2025-04-05,286,1433186,2025-11-17T14:29:26
002_DNMT3A,002,DNMT3A,002_DNMT3a_BEAM_L1.zip,DNMT3A_002_22_11_BEAM_20250405.csv,DNMT3A_002_22_11,2025-04-05,286,1433186,2025-11-17T14:29:26
002_DNMT3A,002,DNMT3A,002_DNMT3a_BEAM_L1.zip,DNMT3A_002_22_12_BEAM_20250412.csv,DNMT3A_002_22_12,2025-04-12,287,1433186,2025-11-17T14:29:26
002_DNMT3A,002,DNMT3A,002_DNMT3a_BEAM_L1.zip,DNMT3A_002_22_7_BEAM_20250412.csv,DNMT3A_002_22_7,2025-04-12,286,1433186,2025-11-17T14:29:26
002_DNMT3A,002,DNMT3A,002_DNMT3a_BEAM_L1.zip,DNMT3A_002_22_9_BEAM_20250405.csv,DNMT3A_002_22_9,2025-04-05,286,1433186,2025-11-17T14:29:26
002_DNMT3A,002,DNMT3A,002_DNMT3a_BEAM_L1.zip,DNMT3A_002_23_5_BEAM_20250412.csv,DNMT3A_002_23_5,2025-04-12,287,1433186,2025-11-17T14:29:26
002_DNMT3A,002,DNMT3A,002_DNMT3a_BEAM_L1.zip,DNMT3A_002_24_2_BEAM_20250405.csv,DNMT3A_002_24_2,2025-04-05,286,1433186,2025-11-17T14:29:26
002_DNMT3A,002,DNMT3A,002_DNMT3a_BEAM_L1.zip,DNMT3A_002_24_3_BEAM_20250405.csv,DNMT3A_002_24_3,2025-04-05,286,1433186,2025-11-17T14:29:26
002_DNMT3A,002,DNMT3A,002_DNMT3a_BEAM_L1.zip,DNMT3A_002_24_4_BEAM_20250405.csv,DNMT3A_002_24_4,2025-04-05,286,1433186,2025-11-17T14:29:26
002_DNMT3A,002,DNMT3A,002_DNMT3a_BEAM_L1.zip,DNMT3A_002_25_23_BEAM_20250503.csv,DNMT3A_002_25_23,2025-05-03,286,1433186,2025-11-17T14:29:26
002_DNMT3A,002,DNMT3A,002_DNMT3a_BEAM_L1.zip,DNMT3A_002_25_24_BEAM_20250405.csv,DNMT3A_002_25_24,2025-04-05,286,1433186,2025-11-17T14:29:26
002_DNMT3A,002,DNMT3A,002_DNMT3a_BEAM_L1.zip,DNMT3A_002_25_26_BEAM_20250503.csv,DNMT3A_002_25_26,2025-05-03,286,1433186,2025-11-17T14:29:26
002_DNMT3A,002,DNMT3A,002_DNMT3a_BEAM_L1.zip,DNMT3A_002_25_27_BEAM_20250412.csv,DNMT3A_002_25_27,2025-04-12,287,1433186,2025-11-17T14:29:26
002_DNMT3A,002,DNMT3A,002_DNMT3a_BEAM_L1.zip,DNMT3A_002_25_28_BEAM_20250503.csv,DNMT3A_002_25_28,2025-05-03,286,1433186,2025-11-17T14:29:26
002_DNMT3A,002,DNMT3A,002_DNMT3a_BEAM_L1.zip,DNMT3A_002_25_29_BEAM_20250405.csv,DNMT3A_002_25_29,2025-04-05,286,1433186,2025-11-17T14:29:26
002_DNMT3A,002,DNMT3A,002_DNMT3a_BEAM_L1.zip,DNMT3A_002_26_55_BEAM_20250503.csv,DNMT3A_002_26_55,2025-05-03,286,1433186,2025-11-17T14:29:26
002_DNMT3A,002,DNMT3A,002_DNMT3a_BEAM_L1.zip,DNMT3A_002_26_56_BEAM_20250503.csv,DNMT3A_002_26_56,2025-05-03,286,1433186,2025-11-17T14:29:26
002_DNMT3A,002,DNMT3A,002_DNMT3a_BEAM_L1.zip,DNMT3A_002_26_59_BEAM_20250503.csv,DNMT3A_002_26_59,2025-05-03,287,1433186,2025-11-17T14:29:26
002_DNMT3A,002,DNMT3A,002_DNMT3a_BEAM_L1.zip,DNMT3A_002_27_38_BEAM_20250503.csv,DNMT3A_002_27_38,2025-05-03,287,1433186,2025-11-17T14:29:26
002_DNMT3A,002,DNMT3A,002_DNMT3a_BEAM_L1.zip,DNMT3A_002_27_39_BEAM_20250503.csv,DNMT3A_002_27_39,2025-05-03,285,1433186,2025-11-17T14:29:26
002_DNMT3A,002,DNMT3A,002_DNMT3a_BEAM_L1.zip,DNMT3A_002_28_30_BEAM_20250412.csv,DNMT3A_002_28_30,2025-04-12,287,1433186,2025-11-17T14:29:26
002_DNMT3A,002,DNMT3A,002_DNMT3a_BEAM_L1.zip,DNMT3A_002_28_31_BEAM_20250503.csv,DNMT3A_002_28_31,2025-05-03,287,1433186,2025-11-17T14:29:26
002_DNMT3A,002,DNMT3A,002_DNMT3a_BEAM_L1.zip,DNMT3A_002_28_33_BEAM_20250503.csv,DNMT3A_002_28_33,2025-05-03,286,1433186,2025-11-17T14:29:26
002_DNMT3A,002,DNMT3A,002_DNMT3a_BEAM_L1.zip,DNMT3A_002_28_35_BEAM_20250503.csv,DNMT3A_002_28_35,2025-05-03,287,1433186,2025-11-17T14:29:26
002_DNMT3A,002,DNMT3A,002_DNMT3a_BEAM_L1.zip,DNMT3A_002_28_36_BEAM_20250503.csv,DNMT3A_002_28_36,2025-05-03,287,1433186,2025-11-17T14:29:26
002_DNMT3A,002,DNMT3A,002_DNMT3a_BEAM_L1.zip,DNMT3A_002_29_18_BEAM_20250503.csv,DNMT3A_002_29_18,2025-05-03,287,1433186,2025-11-17T14:29:26
002_DNMT3A,002,DNMT3A,002_DNMT3a_BEAM_L1.zip,DNMT3A_002_29_20_BEAM_20250405.csv,DNMT3A_002_29_20,2025-04-05,286,1433186,2025-11-17T14:29:26
002_DNMT3A,002,DNMT3A,002_DNMT3a_BEAM_L1.zip,DNMT3A_002_29_22_BEAM_20250503.csv,DNMT3A_002_29_22,2025-05-03,287,1433186,2025-11-17T14:29:26
002_DNMT3A,002,DNMT3A,002_DNMT3a_BEAM_L1.zip,DNMT3A_002_30_66_BEAM_20250503.csv,DNMT3A_002_30_66,2025-05-03,287,1433186,2025-11-17T14:29:26
003_NF1,003,NF1,NF1_003_BEAM_L1.zip,NF1_003_140_10_BEAM_20250809.csv,NF1_003_140_10,2025-08-09,283,1606093,2025-11-17T13:48:33
003_NF1,003,NF1,NF1_003_BEAM_L1.zip,NF1_003_140_11_BEAM_20250809.csv,NF1_003_140_11,2025-08-09,283,1606093,2025-11-17T13:48:33
003_NF1,003,NF1,NF1_003_BEAM_L1.zip,NF1_003_140_12_BEAM_20250809.csv,NF1_003_140_12,2025-08-09,284,1606093,2025-11-17T13:48:33
003_NF1,003,NF1,NF1_003_BEAM_L1.zip,NF1_003_140_14_BEAM_20250809.csv,NF1_003_140_14,2025-08-09,283,1606093,2025-11-17T13:48:33
003_NF1,003,NF1,NF1_003_BEAM_L1.zip,NF1_003_140_15_BEAM_20250809.csv,NF1_003_140_15,2025-08-09,283,1606093,2025-11-17T13:48:33
003_NF1,003,NF1,NF1_003_BEAM_L1.zip,NF1_003_140_16_BEAM_20250809.csv,NF1_003_140_16,2025-08-09,284,1606093,2025-11-17T13:48:33
003_NF1,003,NF1,NF1_003_BEAM_L1.zip,NF1_003_140_8_BEAM_20250809.csv,NF1_003_140_8,2025-08-09,283,1606093,2025-11-17T13:48:33
003_NF1,003,NF1,NF1_003_BEAM_L1.zip,NF1_003_140_9_BEAM_20250809.csv,NF1_003_140_9,2025-08-09,284,1606093,2025-11-17T13:48:33
003_NF1,003,NF1,NF1_003_BEAM_L1.zip,NF1_003_141_18_BEAM_20250809.csv,NF1_003_141_18,2025-08-09,283,1606093,2025-11-17T13:48:33
003_NF1,003,NF1,NF1_003_BEAM_L1.zip,NF1_003_141_19_BEAM_20250809.csv,NF1_003_141_19,2025-08-09,283,1606093,2025-11-17T13:48:33
003_NF1,003,NF1,NF1_003_BEAM_L1.zip,NF1_003_141_20_BEAM_20250809.csv,NF1_003_141_20,2025-08-09,283,1606093,2025-11-17T13:48:33
003_NF1,003,NF1,NF1_003_BEAM_L1.zip,NF1_003_141_21_BEAM_20250809.csv,NF1_003_141_21,2025-08-09,283,1606093,2025-11-17T13:48:33
003_NF1,003,NF1,NF1_003_BEAM_L1.zip,NF1_003_141_22_BEAM_20250809.csv,NF1_003_141_22,2025-08-09,283,1606093,2025-11-17T13:48:33
003_NF1,003,NF1,NF1_003_BEAM_L1.zip,NF1_003_141_23_BEAM_20250809.csv,NF1_003_141_23,2025-08-09,284,1606093,2025-11-17T13:48:33
003_NF1,003,NF1,NF1_003_BEAM_L1.zip,NF1_003_141_24_BEAM_20250809.csv,NF1_003_141_24,2025-08-09,283,1606093,2025-11-17T13:48:33
003_NF1,003,NF1,NF1_003_BEAM_L1.zip,NF1_003_142_55_BEAM_20250809.csv,NF1_003_142_55,2025-08-09,283,1606093,2025-11-17T13:48:33
003_NF1,003,NF1,NF1_003_BEAM_L1.zip,NF1_003_142_56_BEAM_20250809.csv,NF1_003_142_56,2025-08-09,283,1606093,2025-11-17T13:48:33
003_NF1,003,NF1,NF1_003_BEAM_L1.zip,NF1_003_144_26_BEAM_20250809.csv,NF1_003_144_26,2025-08-09,283,1606093,2025-11-17T13:48:33
003_NF1,003,NF1,NF1_003_BEAM_L1.zip,NF1_003_144_28_BEAM_20250809.csv,NF1_003_144_28,2025-08-09,283,1606093,2025-11-17T13:48:33
003_NF1,003,NF1,NF1_003_BEAM_L1.zip,NF1_003_145_34_BEAM_20250809.csv,NF1_003_145_34,2025-08-09,283,1606093,2025-11-17T13:48:33
003_NF1,003,NF1,NF1_003_BEAM_L1.zip,NF1_003_145_35_BEAM_20250809.csv,NF1_003_145_35,2025-08-09,283,1606093,2025-11-17T13:48:33
003_NF1,003,NF1,NF1_003_BEAM_L1.zip,NF1_003_145_36_BEAM_20250809.csv,NF1_003_145_36,2025-08-09,283,1606093,2025-11-17T13:48:33
003_NF1,003,NF1,NF1_003_BEAM_L1.zip,NF1_003_145_37_BEAM_20250809.csv,NF1_003_145_37,2025-08-09,283,1606093,2025-11-17T13:48:33
003_NF1,003,NF1,NF1_003_BEAM_L1.zip,NF1_003_145_38_BEAM_20250809.csv,NF1_003_145_38,2025-08-09,283,1606093,2025-11-17T13:48:33
003_NF1,003,NF1,NF1_003_BEAM_L1.zip,NF1_003_145_39_BEAM_20250809.csv,NF1_003_145_39,2025-08-09,284,1606093,2025-11-17T13:48:33
003_NF1,003,NF1,NF1_003_BEAM_L1.zip,NF1_003_145_40_BEAM_20250809.csv,NF1_003_145_40,2025-08-09,283,1606093,2025-11-17T13:48:33
003_NF1,003,NF1,NF1_003_BEAM_L1.zip,NF1_003_146_42_BEAM_20250809.csv,NF1_003_146_42,2025-08-09,283,1606093,2025-11-17T13:48:33
003_NF1,003,NF1,NF1_003_BEAM_L1.zip,NF1_003_146_43_BEAM_20250809.csv,NF1_003_146_43,2025-08-09,284,1606093,2025-11-17T13:48:33
003_NF1,003,NF1,NF1_003_BEAM_L1.zip,NF1_003_146_44_BEAM_20250809.csv,NF1_003_146_44,2025-08-09,283,1606093,2025-11-17T13:48:33
003_NF1,003,NF1,NF1_003_BEAM_L1.zip,NF1_003_146_46_BEAM_20250809.csv,NF1_003_146_46,2025-08-09,284,1606093,2025-11-17T13:48:33
003_NF1,003,NF1,NF1_003_BEAM_L1.zip,NF1_003_146_47_BEAM_20250809.csv,NF1_003_146_47,2025-08-09,284,1606093,2025-11-17T13:48:33
003_NF1,003,NF1,NF1_003_BEAM_L1.zip,NF1_003_146_50_BEAM_20250809.csv,NF1_003_146_50,2025-08-09,283,1606093,2025-11-17T13:48:33
003_NF1,003,NF1,NF1_003_BEAM_L1.zip,NF1_003_147_1_BEAM_20250809.csv,NF1_003_147_1,2025-08-09,284,1606093,2025-11-17T13:48:33
003_NF1,003,NF1,NF1_003_BEAM_L1.zip,NF1_003_147_2_BEAM_20250809.csv,NF1_003_147_2,2025-08-09,283,1606093,2025-11-17T13:48:33
003_NF1,003,NF1,NF1_003_BEAM_L1.zip,NF1_003_147_3_BEAM_20250809.csv,NF1_003_147_3,2025-08-09,283,1606093,2025-11-17T13:48:33
003_NF1,003,NF1,NF1_003_BEAM_L1.zip,NF1_003_147_4_BEAM_20250809.csv,NF1_003_147_4,2025-08-09,283,1606093,2025-11-17T13:48:33
003_NF1,003,NF1,NF1_003_BEAM_L1.zip,NF1_003_147_5_BEAM_20250809.csv,NF1_003_147_5,2025-08-09,283,1606093,2025-11-17T13:48:33
003_NF1,003,NF1,NF1_003_BEAM_L1.zip,NF1_003_147_6_BEAM_20250809.csv,NF1_003_147_6,2025-08-09,283,1606093,2025-11-17T13:48:33
003_NF1,003,NF1,NF1_003_BEAM_L1.zip,NF1_003_147_7_BEAM_20250809.csv,NF1_003_147_7,2025-08-09,283,1606093,2025-11-17T13:48:33
004_SHANK3B,004,SHANK3B,SHANK3b_004_BEAM_L1.zip,SHANK3B_004_114_78_BEAM_20250823.csv,SHANK3B_004_114_78,2025-08-23,286,2517518,2025-11-17T14:36:54
004_SHANK3B,004,SHANK3B,SHANK3b_004_BEAM_L1.zip,SHANK3B_004_114_79_BEAM_20250823.csv,SHANK3B_004_114_79,2025-08-23,286,2517518,2025-11-17T14:36:54
004_SHANK3B,004,SHANK3B,SHANK3b_004_BEAM_L1.zip,SHANK3B_004_114_80_BEAM_20250823.csv,SHANK3B_004_114_80,2025-08-23,286,2517518,2025-11-17T14:36:54
004_SHANK3B,004,SHANK3B,SHANK3b_004_BEAM_L1.zip,SHANK3B_004_115_84_BEAM_20250823.csv,SHANK3B_004_115_84,2025-08-23,286,2517518,2025-11-17T14:36:54
004_SHANK3B,004,SHANK3B,SHANK3b_004_BEAM_L1.zip,SHANK3B_004_115_85_BEAM_20250823.csv,SHANK3B_004_115_85,2025-08-23,287,2517518,2025-11-17T14:36:54
004_SHANK3B,004,SHANK3B,SHANK3b_004_BEAM_L1.zip,SHANK3B_004_116_88_BEAM_20250823.csv,SHANK3B_004_116_88,2025-08-23,287,2517518,2025-11-17T14:36:54
004_SHANK3B,004,SHANK3B,SHANK3b_004_BEAM_L1.zip,SHANK3B_004_116_89_BEAM_20250823.csv,SHANK3B_004_116_89,2025-08-23,286,2517518,2025-11-17T14:36:54
004_SHANK3B,004,SHANK3B,SHANK3b_004_BEAM_L1.zip,SHANK3B_004_116_91_BEAM_20250823.csv,SHANK3B_004_116_91,2025-08-23,286,2517518,2025-11-17T14:36:54
004_SHANK3B,004,SHANK3B,SHANK3b_004_BEAM_L1.zip,SHANK3B_004_116_92_BEAM_20250823.csv,SHANK3B_004_116_92,2025-08-23,286,2517518,2025-11-17T14:36:54
004_SHANK3B,004,SHANK3B,SHANK3b_004_BEAM_L1.zip,SHANK3B_004_116_94_BEAM_20250823.csv,SHANK3B_004_116_94,2025-08-23,287,2517518,2025-11-17T14:36:54
004_SHANK3B,004,SHANK3B,SHANK3b_004_BEAM_L1.zip,SHANK3B_004_118_50_BEAM_20250823.csv,SHANK3B_004_118_50,2025-08-23,287,2517518,2025-11-17T14:36:54
004_SHANK3B,004,SHANK3B,SHANK3b_004_BEAM_L1.zip,SHANK3B_004_120_1_BEAM_20250823.csv,SHANK3B_004_120_1,2025-08-23,286,2517518,2025-11-17T14:36:54
004_SHANK3B,004,SHANK3B,SHANK3b_004_BEAM_L1.zip,SHANK3B_004_120_2_BEAM_20250823.csv,SHANK3B_004_120_2,2025-08-23,286,2517518,2025-11-17T14:36:54
004_SHANK3B,004,SHANK3B,SHANK3b_004_BEAM_L1.zip,SHANK3B_004_120_3_BEAM_20250823.csv,SHANK3B_004_120_3,2025-08-23,286,2517518,2025-11-17T14:36:54
004_SHANK3B,004,SHANK3B,SHANK3b_004_BEAM_L1.zip,SHANK3B_004_120_96_BEAM_20250823.csv,SHANK3B_004_120_96,2025-08-23,286,2517518,2025-11-17T14:36:54
004_SHANK3B,004,SHANK3B,SHANK3b_004_BEAM_L1.zip,SHANK3B_004_120_97_BEAM_20250823.csv,SHANK3B_004_120_97,2025-08-23,286,2517518,2025-11-17T14:36:54
004_SHANK3B,004,SHANK3B,SHANK3b_004_BEAM_L1.zip,SHANK3B_004_120_98_BEAM_20250823.csv,SHANK3B_004_120_98,2025-08-23,286,2517518,2025-11-17T14:36:54
004_SHANK3B,004,SHANK3B,SHANK3b_004_BEAM_L1.zip,SHANK3B_004_120_99_BEAM_20250823.csv,SHANK3B_004_120_99,2025-08-23,286,2517518,2025-11-17T14:36:54
004_SHANK3B,004,SHANK3B,SHANK3b_004_BEAM_L1.zip,SHANK3B_004_122_12_BEAM_20250823.csv,SHANK3B_004_122_12,2025-08-23,287,2517518,2025-11-17T14:36:54
004_SHANK3B,004,SHANK3B,SHANK3b_004_BEAM_L1.zip,SHANK3B_004_122_13_BEAM_20250823.csv,SHANK3B_004_122_13,2025-08-23,286,2517518,2025-11-17T14:36:54
004_SHANK3B,004,SHANK3B,SHANK3b_004_BEAM_L1.zip,SHANK3B_004_122_15_BEAM_20250823.csv,SHANK3B_004_122_15,2025-08-23,287,2517518,2025-11-17T14:36:54
004_SHANK3B,004,SHANK3B,SHANK3b_004_BEAM_L1.zip,SHANK3B_004_122_16_BEAM_20250823.csv,SHANK3B_004_122_16,2025-08-23,286,2517518,2025-11-17T14:36:54
004_SHANK3B,004,SHANK3B,SHANK3b_004_BEAM_L1.zip,SHANK3B_004_122_17_BEAM_20250823.csv,SHANK3B_004_122_17,2025-08-23,286,2517518,2025-11-17T14:36:54
004_SHANK3B,004,SHANK3B,SHANK3b_004_BEAM_L1.zip,SHANK3B_004_122_18_BEAM_20250823.csv,SHANK3B_004_122_18,2025-08-23,286,2517518,2025-11-17T14:36:54
004_SHANK3B,004,SHANK3B,SHANK3b_004_BEAM_L1.zip,SHANK3B_004_126_28_BEAM_20250823.csv,SHANK3B_004_126_28,2025-08-23,286,2517518,2025-11-17T14:36:54
004_SHANK3B,004,SHANK3B,SHANK3b_004_BEAM_L1.zip,SHANK3B_004_126_29_BEAM_20250823.csv,SHANK3B_004_126_29,2025-08-23,286,2517518,2025-11-17T14:36:54
004_SHANK3B,004,SHANK3B,SHANK3b_004_BEAM_L1.zip,SHANK3B_004_126_30_BEAM_20250823.csv,SHANK3B_004_126_30,2025-08-23,287,2517518,2025-11-17T14:36:54
004_SHANK3B,004,SHANK3B,SHANK3b_004_BEAM_L1.zip,SHANK3B_004_126_31_BEAM_20250823.csv,SHANK3B_004_126_31,2025-08-23,286,2517518,2025-11-17T14:36:54
004_SHANK3B,004,SHANK3B,SHANK3b_004_BEAM_L1.zip,SHANK3B_004_126_32_BEAM_20250823.csv,SHANK3B_004_126_32,2025-08-23,286,2517518,2025-11-17T14:36:54
004_SHANK3B,004,SHANK3B,SHANK3b_004_BEAM_L1.zip,SHANK3B_004_126_33_BEAM_20250823.csv,SHANK3B_004_126_33,2025-08-23,286,2517518,2025-11-17T14:36:54
004_SHANK3B,004,SHANK3B,SHANK3b_004_BEAM_L1.zip,SHANK3B_004_126_34_BEAM_20250823.csv,SHANK3B_004_126_34,2025-08-23,286,2517518,2025-11-17T14:36:54
004_SHANK3B,004,SHANK3B,SHANK3b_004_BEAM_L1.zip,SHANK3B_004_128_44_BEAM_20250823.csv,SHANK3B_004_128_44,2025-08-23,287,2517518,2025-11-17T14:36:54
004_SHANK3B,004,SHANK3B,SHANK3b_004_BEAM_L1.zip,SHANK3B_004_67_1_BEAM_20250823.csv,SHANK3B_004_67_1,2025-08-23,286,2517518,2025-11-17T14:36:54
004_SHANK3B,004,SHANK3B,SHANK3b_004_BEAM_L1.zip,SHANK3B_004_67_2_BEAM_20250823.csv,SHANK3B_004_67_2,2025-08-23,286,2517518,2025-11-17T14:36:54
004_SHANK3B,004,SHANK3B,SHANK3b_004_BEAM_L1.zip,SHANK3B_004_67_3_BEAM_20250823.csv,SHANK3B_004_67_3,2025-08-23,287,2517518,2025-11-17T14:36:54
004_SHANK3B,004,SHANK3B,SHANK3b_004_BEAM_L1.zip,SHANK3B_004_68_21_BEAM_20250823.csv,SHANK3B_004_68_21,2025-08-23,286,2517518,2025-11-17T14:36:54
004_SHANK3B,004,SHANK3B,SHANK3b_004_BEAM_L1.zip,SHANK3B_004_68_23_BEAM_20250823.csv,SHANK3B_004_68_23,2025-08-23,286,2517518,2025-11-17T14:36:54
004_SHANK3B,004,SHANK3B,SHANK3b_004_BEAM_L1.zip,SHANK3B_004_68_24_BEAM_20250823.csv,SHANK3B_004_68_24,2025-08-23,286,2517518,2025-11-17T14:36:54
004_SHANK3B,004,SHANK3B,SHANK3b_004_BEAM_L1.zip,SHANK3B_004_69_29_BEAM_20250823.csv,SHANK3B_004_69_29,2025-08-23,287,2517518,2025-11-17T14:36:54
004_SHANK3B,004,SHANK3B,SHANK3b_004_BEAM_L1.zip,SHANK3B_004_69_32_BEAM_20250823.csv,SHANK3B_004_69_32,2025-08-23,286,2517518,2025-11-17T14:36:54
004_SHANK3B,004,SHANK3B,SHANK3b_004_BEAM_L1.zip,SHANK3B_004_69_33_BEAM_20250823.csv,SHANK3B_004_69_33,2025-08-23,287,2517518,2025-11-17T14:36:54
004_SHANK3B,004,SHANK3B,SHANK3b_004_BEAM_L1.zip,SHANK3B_004_70_4_BEAM_20250823.csv,SHANK3B_004_70_4,2025-08-23,286,2517518,2025-11-17T14:36:54
004_SHANK3B,004,SHANK3B,SHANK3b_004_BEAM_L1.zip,SHANK3B_004_70_7_BEAM_20250823.csv,SHANK3B_004_70_7,2025-08-23,287,2517518,2025-11-17T14:36:54
004_SHANK3B,004,SHANK3B,SHANK3b_004_BEAM_L1.zip,SHANK3B_004_70_8_BEAM_20250823.csv,SHANK3B_004_70_8,2025-08-23,286,2517518,2025-11-17T14:36:54
004_SHANK3B,004,SHANK3B,SHANK3b_004_BEAM_L1.zip,SHANK3B_004_70_9_BEAM_20250823.csv,SHANK3B_004_70_9,2025-08-23,286,2517518,2025-11-17T14:36:54
004_SHANK3B,004,SHANK3B,SHANK3b_004_BEAM_L1.zip,SHANK3B_004_71_38_BEAM_20250823.csv,SHANK3B_004_71_38,2025-08-23,287,2517518,2025-11-17T14:36:54
004_SHANK3B,004,SHANK3B,SHANK3b_004_BEAM_L1.zip,SHANK3B_004_72_63_BEAM_20250823.csv,SHANK3B_004_72_63,2025-08-23,286,2517518,2025-11-17T14:36:54
004_SHANK3B,004,SHANK3B,SHANK3b_004_BEAM_L1.zip,SHANK3B_004_73_10_BEAM_20250823.csv,SHANK3B_004_73_10,2025-08-23,286,2517518,2025-11-17T14:36:54
004_SHANK3B,004,SHANK3B,SHANK3b_004_BEAM_L1.zip,SHANK3B_004_73_11_BEAM_20250823.csv,SHANK3B_004_73_11,2025-08-23,286,2517518,2025-11-17T14:36:54
004_SHANK3B,004,SHANK3B,SHANK3b_004_BEAM_L1.zip,SHANK3B_004_73_12_BEAM_20250823.csv,SHANK3B_004_73_12,2025-08-23,287,2517518,2025-11-17T14:36:54
004_SHANK3B,004,SHANK3B,SHANK3b_004_BEAM_L1.zip,SHANK3B_004_73_13_BEAM_20250823.csv,SHANK3B_004_73_13,2025-08-23,287,2517518,2025-11-17T14:36:54
004_SHANK3B,004,SHANK3B,SHANK3b_004_BEAM_L1.zip,SHANK3B_004_73_16_BEAM_20250823.csv,SHANK3B_004_73_16,2025-08-23,286,2517518,2025-11-17T14:36:54
004_SHANK3B,004,SHANK3B,SHANK3b_004_BEAM_L1.zip,SHANK3B_004_75_47_BEAM_20250823.csv,SHANK3B_004_75_47,2025-08-23,286,2517518,2025-11-17T14:36:54
004_SHANK3B,004,SHANK3B,SHANK3b_004_BEAM_L1.zip,SHANK3B_004_77_56_BEAM_20250823.csv,SHANK3B_004_77_56,2025-08-23,286,2517518,2025-11-17T14:36:54
004_SHANK3B,004,SHANK3B,SHANK3b_004_BEAM_L1.zip,SHANK3B_004_78_70_BEAM_20250823.csv,SHANK3B_004_78_70,2025-08-23,286,2517518,2025-11-17T14:36:54
004_SHANK3B,004,SHANK3B,SHANK3b_004_BEAM_L1.zip,SHANK3B_004_79_17_BEAM_20250823.csv,SHANK3B_004_79_17,2025-08-23,286,2517518,2025-11-17T14:36:54
004_SHANK3B,004,SHANK3B,SHANK3b_004_BEAM_L1.zip,SHANK3B_004_79_18_BEAM_20250823.csv,SHANK3B_004_79_18,2025-08-23,286,2517518,2025-11-17T14:36:54
004_SHANK3B,004,SHANK3B,SHANK3b_004_BEAM_L1.zip,SHANK3B_004_79_19_BEAM_20250823.csv,SHANK3B_004_79_19,2025-08-23,286,2517518,2025-11-17T14:36:54
004_SHANK3B,004,SHANK3B,SHANK3b_004_BEAM_L1.zip,SHANK3B_004_79_20_BEAM_20250823.csv,SHANK3B_004_79_20,2025-08-23,286,2517518,2025-11-17T14:36:54
005_CDKL5,005,CDKL5,CDKL5_005_BEAM_L1.zip,CDKL5_005_177_49_BEAM_20251011.csv,CDKL5_005_177_49,2025-10-11,286,2111743,2025-11-11T09:51:29
005_CDKL5,005,CDKL5,CDKL5_005_BEAM_L1.zip,CDKL5_005_177_50_BEAM_20251011.csv,CDKL5_005_177_50,2025-10-11,286,2111743,2025-11-11T09:51:29
005_CDKL5,005,CDKL5,CDKL5_005_BEAM_L1.zip,CDKL5_005_177_58_BEAM_20251011.csv,CDKL5_005_177_58,2025-10-11,287,2111743,2025-11-11T09:51:29
005_CDKL5,005,CDKL5,CDKL5_005_BEAM_L1.zip,CDKL5_005_177_60_BEAM_20251011.csv,CDKL5_005_177_60,2025-10-11,286,2111743,2025-11-11T09:51:29
005_CDKL5,005,CDKL5,CDKL5_005_BEAM_L1.zip,CDKL5_005_178_78_BEAM_20251011.csv,CDKL5_005_178_78,2025-10-11,286,2111743,2025-11-11T09:51:29
005_CDKL5,005,CDKL5,CDKL5_005_BEAM_L1.zip,CDKL5_005_178_79_BEAM_20251011.csv,CDKL5_005_178_79,2025-10-11,286,2111743,2025-11-11T09:51:29
005_CDKL5,005,CDKL5,CDKL5_005_BEAM_L1.zip,CDKL5_005_178_82_BEAM_20251011.csv,CDKL5_005_178_82,2025-10-11,286,2111743,2025-11-11T09:51:29
005_CDKL5,005,CDKL5,CDKL5_005_BEAM_L1.zip,CDKL5_005_178_83_BEAM_20251011.csv,CDKL5_005_178_83,2025-10-11,286,2111743,2025-11-11T09:51:29
005_CDKL5,005,CDKL5,CDKL5_005_BEAM_L1.zip,CDKL5_005_179_14_BEAM_20251011.csv,CDKL5_005_179_14,2025-10-11,286,2111743,2025-11-11T09:51:29
005_CDKL5,005,CDKL5,CDKL5_005_BEAM_L1.zip,CDKL5_005_179_17_BEAM_20251011.csv,CDKL5_005_179_17,2025-10-11,286,2111743,2025-11-11T09:51:29
005_CDKL5,005,CDKL5,CDKL5_005_BEAM_L1.zip,CDKL5_005_179_20_BEAM_20251011.csv,CDKL5_005_179_20,2025-10-11,286,2111743,2025-11-11T09:51:29
005_CDKL5,005,CDKL5,CDKL5_005_BEAM_L1.zip,CDKL5_005_180_66_BEAM_20251011.csv,CDKL5_005_180_66,2025-10-11,287,2111743,2025-11-11T09:51:29
005_CDKL5,005,CDKL5,CDKL5_005_BEAM_L1.zip,CDKL5_005_180_67_BEAM_20251011.csv,CDKL5_005_180_67,2025-10-11,287,2111743,2025-11-11T09:51:29
005_CDKL5,005,CDKL5,CDKL5_005_BEAM_L1.zip,CDKL5_005_180_68_BEAM_20251011.csv,CDKL5_005_180_68,2025-10-11,286,2111743,2025-11-11T09:51:29
005_CDKL5,005,CDKL5,CDKL5_005_BEAM_L1.zip,CDKL5_005_180_69_BEAM_20251011.csv,CDKL5_005_180_69,2025-10-11,286,2111743,2025-11-11T09:51:29
005_CDKL5,005,CDKL5,CDKL5_005_BEAM_L1.zip,CDKL5_005_182_56_BEAM_20251011.csv,CDKL5_005_182_56,2025-10-11,286,2111743,2025-11-11T09:51:29
005_CDKL5,005,CDKL5,CDKL5_005_BEAM_L1.zip,CDKL5_005_182_57_BEAM_20251011.csv,CDKL5_005_182_57,2025-10-11,286,2111743,2025-11-11T09:51:29
005_CDKL5,005,CDKL5,CDKL5_005_BEAM_L1.zip,CDKL5_005_182_61_BEAM_20251011.csv,CDKL5_005_182_61,2025-10-11,286,2111743,2025-11-11T09:51:29
005_CDKL5,005,CDKL5,CDKL5_005_BEAM_L1.zip,CDKL5_005_182_63_BEAM_20251011.csv,CDKL5_005_182_63,2025-10-11,286,2111743,2025-11-11T09:51:29
005_CDKL5,005,CDKL5,CDKL5_005_BEAM_L1.zip,CDKL5_005_182_64_BEAM_20251011.csv,CDKL5_005_182_64,2025-10-11,287,2111743,2025-11-11T09:51:29
005_CDKL5,005,CDKL5,CDKL5_005_BEAM_L1.zip,CDKL5_005_182_65_BEAM_20251011.csv,CDKL5_005_182_65,2025-10-11,286,2111743,2025-11-11T09:51:29
005_CDKL5,005,CDKL5,CDKL5_005_BEAM_L1.zip,CDKL5_005_183_74_BEAM_20251011.csv,CDKL5_005_183_74,2025-10-11,286,2111743,2025-11-11T09:51:29
005_CDKL5,005,CDKL5,CDKL5_005_BEAM_L1.zip,CDKL5_005_183_75_BEAM_20251011.csv,CDKL5_005_183_75,2025-10-11,286,2111743,2025-11-11T09:51:29
005_CDKL5,005,CDKL5,CDKL5_005_BEAM_L1.zip,CDKL5_005_184_3_BEAM_20251011.csv,CDKL5_005_184_3,2025-10-11,287,2111743,2025-11-11T09:51:29
005_CDKL5,005,CDKL5,CDKL5_005_BEAM_L1.zip,CDKL5_005_184_4_BEAM_20251011.csv,CDKL5_005_184_4,2025-10-11,286,2111743,2025-11-11T09:51:29
005_CDKL5,005,CDKL5,CDKL5_005_BEAM_L1.zip,CDKL5_005_184_99_BEAM_20251011.csv,CDKL5_005_184_99,2025-10-11,287,2111743,2025-11-11T09:51:29
005_CDKL5,005,CDKL5,CDKL5_005_BEAM_L1.zip,CDKL5_005_186_52_BEAM_20251011.csv,CDKL5_005_186_52,2025-10-11,286,2111743,2025-11-11T09:51:29
005_CDKL5,005,CDKL5,CDKL5_005_BEAM_L1.zip,CDKL5_005_186_53_BEAM_20251011.csv,CDKL5_005_186_53,2025-10-11,286,2111743,2025-11-11T09:51:29
005_CDKL5,005,CDKL5,CDKL5_005_BEAM_L1.zip,CDKL5_005_186_54_BEAM_20251011.csv,CDKL5_005_186_54,2025-10-11,286,2111743,2025-11-11T09:51:29
005_CDKL5,005,CDKL5,CDKL5_005_BEAM_L1.zip,CDKL5_005_186_55_BEAM_20251011.csv,CDKL5_005_186_55,2025-10-11,286,2111743,2025-11-11T09:51:29
005_CDKL5,005,CDKL5,CDKL5_005_BEAM_L1.zip,CDKL5_005_187_10_BEAM_20251011.csv,CDKL5_005_187_10,2025-10-11,286,2111743,2025-11-11T09:51:29
005_CDKL5,005,CDKL5,CDKL5_005_BEAM_L1.zip,CDKL5_005_187_13_BEAM_20251011.csv,CDKL5_005_187_13,2025-10-11,287,2111743,2025-11-11T09:51:29
005_CDKL5,005,CDKL5,CDKL5_005_BEAM_L1.zip,CDKL5_005_187_6_BEAM_20251011.csv,CDKL5_005_187_6,2025-10-11,286,2111743,2025-11-11T09:51:29
005_CDKL5,005,CDKL5,CDKL5_005_BEAM_L1.zip,CDKL5_005_187_8_BEAM_20251011.csv,CDKL5_005_187_8,2025-10-11,286,2111743,2025-11-11T09:51:29
005_CDKL5,005,CDKL5,CDKL5_005_BEAM_L1.zip,CDKL5_005_190_86_BEAM_20251011.csv,CDKL5_005_190_86,2025-10-11,286,2111743,2025-11-11T09:51:29
005_CDKL5,005,CDKL5,CDKL5_005_BEAM_L1.zip,CDKL5_005_190_87_BEAM_20251011.csv,CDKL5_005_190_87,2025-10-11,286,2111743,2025-11-11T09:51:29
005_CDKL5,005,CDKL5,CDKL5_005_BEAM_L1.zip,CDKL5_005_191_92_BEAM_20251011.csv,CDKL5_005_191_92,2025-10-11,286,2111743,2025-11-11T09:51:29
005_CDKL5,005,CDKL5,CDKL5_005_BEAM_L1.zip,CDKL5_005_191_94_BEAM_20251011.csv,CDKL5_005_191_94,2025-10-11,287,2111743,2025-11-11T09:51:29
005_CDKL5,005,CDKL5,CDKL5_005_BEAM_L1.zip,CDKL5_005_191_96_BEAM_20251011.csv,CDKL5_005_191_96,2025-10-11,286,2111743,2025-11-11T09:51:29
005_CDKL5,005,CDKL5,CDKL5_005_BEAM_L1.zip,CDKL5_005_191_97_BEAM_20251011.csv,CDKL5_005_191_97,2025-10-11,286,2111743,2025-11-11T09:51:29
005_CDKL5,005,CDKL5,CDKL5_005_BEAM_L1.zip,CDKL5_005_273_38_BEAM_20251011.csv,CDKL5_005_273_38,2025-10-11,286,2111743,2025-11-11T09:51:29
005_CDKL5,005,CDKL5,CDKL5_005_BEAM_L1.zip,CDKL5_005_273_39_BEAM_20251011.csv,CDKL5_005_273_39,2025-10-11,287,2111743,2025-11-11T09:51:29
005_CDKL5,005,CDKL5,CDKL5_005_BEAM_L1.zip,CDKL5_005_273_40_BEAM_20251011.csv,CDKL5_005_273_40,2025-10-11,286,2111743,2025-11-11T09:51:29
005_CDKL5,005,CDKL5,CDKL5_005_BEAM_L1.zip,CDKL5_005_273_43_BEAM_20251011.csv,CDKL5_005_273_43,2025-10-11,287,2111743,2025-11-11T09:51:29
005_CDKL5,005,CDKL5,CDKL5_005_BEAM_L1.zip,CDKL5_005_273_44_BEAM_20251011.csv,CDKL5_005_273_44,2025-10-11,287,2111743,2025-11-11T09:51:29
005_CDKL5,005,CDKL5,CDKL5_005_BEAM_L1.zip,CDKL5_005_275_28_BEAM_20251011.csv,CDKL5_005_275_28,2025-10-11,286,2111743,2025-11-11T09:51:29
005_CDKL5,005,CDKL5,CDKL5_005_BEAM_L1.zip,CDKL5_005_275_29_BEAM_20251011.csv,CDKL5_005_275_29,2025-10-11,286,2111743,2025-11-11T09:51:29
005_CDKL5,005,CDKL5,CDKL5_005_BEAM_L1.zip,CDKL5_005_276_30_BEAM_20251011.csv,CDKL5_005_276_30,2025-10-11,287,2111743,2025-11-11T09:51:29
005_CDKL5,005,CDKL5,CDKL5_005_BEAM_L1.zip,CDKL5_005_281_35_BEAM_20251011.csv,CDKL5_005_281_35,2025-10-11,286,2111743,2025-11-11T09:51:29
005_CDKL5,005,CDKL5,CDKL5_005_BEAM_L1.zip,CDKL5_005_281_36_BEAM_20251011.csv,CDKL5_005_281_36,2025-10-11,287,2111743,2025-11-11T09:51:29
006_WAC,006,WAC,WAC_006_BEAM_L1.zip,WAC_006_198_73_BEAM_20251025.csv,WAC_006_198_73,2025-10-25,286,1647056,2025-12-09T13:34:02
006_WAC,006,WAC,WAC_006_BEAM_L1.zip,WAC_006_198_74_BEAM_20251025.csv,WAC_006_198_74,2025-10-25,286,1647056,2025-12-09T13:34:02
006_WAC,006,WAC,WAC_006_BEAM_L1.zip,WAC_006_198_79_BEAM_20251025.csv,WAC_006_198_79,2025-10-25,286,1647056,2025-12-09T13:34:02
006_WAC,006,WAC,WAC_006_BEAM_L1.zip,WAC_006_198_80_BEAM_20251025.csv,WAC_006_198_80,2025-10-25,287,1647056,2025-12-09T13:34:02
006_WAC,006,WAC,WAC_006_BEAM_L1.zip,WAC_006_199_92_BEAM_20251025.csv,WAC_006_199_92,2025-10-25,287,1647056,2025-12-09T13:34:02
006_WAC,006,WAC,WAC_006_BEAM_L1.zip,WAC_006_199_93_BEAM_20251101.csv,WAC_006_199_93,2025-11-01,292,1647056,2025-12-09T13:34:02
006_WAC,006,WAC,WAC_006_BEAM_L1.zip,WAC_006_199_95_BEAM_20251101.csv,WAC_006_199_95,2025-11-01,292,1647056,2025-12-09T13:34:02
006_WAC,006,WAC,WAC_006_BEAM_L1.zip,WAC_006_199_97_BEAM_20251025.csv,WAC_006_199_97,2025-10-25,286,1647056,2025-12-09T13:34:02
006_WAC,006,WAC,WAC_006_BEAM_L1.zip,WAC_006_200_85_BEAM_20251101.csv,WAC_006_200_85,2025-11-01,293,1647056,2025-12-09T13:34:02
006_WAC,006,WAC,WAC_006_BEAM_L1.zip,WAC_006_200_86_BEAM_20251025.csv,WAC_006_200_86,2025-10-25,286,1647056,2025-12-09T13:34:02
006_WAC,006,WAC,WAC_006_BEAM_L1.zip,WAC_006_200_87_BEAM_20251025.csv,WAC_006_200_87,2025-10-25,287,1647056,2025-12-09T13:34:02
006_WAC,006,WAC,WAC_006_BEAM_L1.zip,WAC_006_200_89_BEAM_20251025.csv,WAC_006_200_89,2025-10-25,286,1647056,2025-12-09T13:34:02
006_WAC,006,WAC,WAC_006_BEAM_L1.zip,WAC_006_201_81_BEAM_20251025.csv,WAC_006_201_81,2025-10-25,286,1647056,2025-12-09T13:34:02
006_WAC,006,WAC,WAC_006_BEAM_L1.zip,WAC_006_201_83_BEAM_20251025.csv,WAC_006_201_83,2025-10-25,286,1647056,2025-12-09T13:34:02
006_WAC,006,WAC,WAC_006_BEAM_L1.zip,WAC_006_201_84_BEAM_20251025.csv,WAC_006_201_84,2025-10-25,286,1647056,2025-12-09T13:34:02
006_WAC,006,WAC,WAC_006_BEAM_L1.zip,WAC_006_203_6_BEAM_20251101.csv,WAC_006_203_6,2025-11-01,293,1647056,2025-12-09T13:34:02
006_WAC,006,WAC,WAC_006_BEAM_L1.zip,WAC_006_206_11_BEAM_20251025.csv,WAC_006_206_11,2025-10-25,286,1647056,2025-12-09T13:34:02
006_WAC,006,WAC,WAC_006_BEAM_L1.zip,WAC_006_206_9_BEAM_20251025.csv,WAC_006_206_9,2025-10-25,287,1647056,2025-12-09T13:34:02
006_WAC,006,WAC,WAC_006_BEAM_L1.zip,WAC_006_235_13_BEAM_20251101.csv,WAC_006_235_13,2025-11-01,292,1647056,2025-12-09T13:34:02
006_WAC,006,WAC,WAC_006_BEAM_L1.zip,WAC_006_235_14_BEAM_20251025.csv,WAC_006_235_14,2025-10-25,287,1647056,2025-12-09T13:34:02
006_WAC,006,WAC,WAC_006_BEAM_L1.zip,WAC_006_235_15_BEAM_20251025.csv,WAC_006_235_15,2025-10-25,287,1647056,2025-12-09T13:34:02
006_WAC,006,WAC,WAC_006_BEAM_L1.zip,WAC_006_235_16_BEAM_20251025.csv,WAC_006_235_16,2025-10-25,286,1647056,2025-12-09T13:34:02
006_WAC,006,WAC,WAC_006_BEAM_L1.zip,WAC_006_235_18_BEAM_20251101.csv,WAC_006_235_18,2025-11-01,292,1647056,2025-12-09T13:34:02
006_WAC,006,WAC,WAC_006_BEAM_L1.zip,WAC_006_235_20_BEAM_20251025.csv,WAC_006_235_20,2025-10-25,287,1647056,2025-12-09T13:34:02
006_WAC,006,WAC,WAC_006_BEAM_L1.zip,WAC_006_260_25_BEAM_20251025.csv,WAC_006_260_25,2025-10-25,286,1647056,2025-12-09T13:34:02
006_WAC,006,WAC,WAC_006_BEAM_L1.zip,WAC_006_260_28_BEAM_20251025.csv,WAC_006_260_28,2025-10-25,286,1647056,2025-12-09T13:34:02
006_WAC,006,WAC,WAC_006_BEAM_L1.zip,WAC_006_264_30_BEAM_20251101.csv,WAC_006_264_30,2025-11-01,292,1647056,2025-12-09T13:34:02
006_WAC,006,WAC,WAC_006_BEAM_L1.zip,WAC_006_264_31_BEAM_20251025.csv,WAC_006_264_31,2025-10-25,287,1647056,2025-12-09T13:34:02
006_WAC,006,WAC,WAC_006_BEAM_L1.zip,WAC_006_264_32_BEAM_20251025.csv,WAC_006_264_32,2025-10-25,286,1647056,2025-12-09T13:34:02
006_WAC,006,WAC,WAC_006_BEAM_L1.zip,WAC_006_264_33_BEAM_20251025.csv,WAC_006_264_33,2025-10-25,286,1647056,2025-12-09T13:34:02
006_WAC,006,WAC,WAC_006_BEAM_L1.zip,WAC_006_264_34_BEAM_20251025.csv,WAC_006_264_34,2025-10-25,287,1647056,2025-12-09T13:34:02
006_WAC,006,WAC,WAC_006_BEAM_L1.zip,WAC_006_264_35_BEAM_20251025.csv,WAC_006_264_35,2025-10-25,286,1647056,2025-12-09T13:34:02
006_WAC,006,WAC,WAC_006_BEAM_L1.zip,WAC_006_264_36_BEAM_20251025.csv,WAC_006_264_36,2025-10-25,286,1647056,2025-12-09T13:34:02
006_WAC,006,WAC,WAC_006_BEAM_L1.zip,WAC_006_264_37_BEAM_20251025.csv,WAC_006_264_37,2025-10-25,286,1647056,2025-12-09T13:34:02
006_WAC,006,WAC,WAC_006_BEAM_L1.zip,WAC_006_284_40_BEAM_20251101.csv,WAC_006_284_40,2025-11-01,292,1647056,2025-12-09T13:34:02
006_WAC,006,WAC,WAC_006_BEAM_L1.zip,WAC_006_284_46_BEAM_20251025.csv,WAC_006_284_46,2025-10-25,287,1647056,2025-12-09T13:34:02
006_WAC,006,WAC,WAC_006_BEAM_L1.zip,WAC_006_302_54_BEAM_20251025.csv,WAC_006_302_54,2025-10-25,286,1647056,2025-12-09T13:34:02
006_WAC,006,WAC,WAC_006_BEAM_L1.zip,WAC_006_305_76_BEAM_20251025.csv,WAC_006_305_76,2025-10-25,286,1647056,2025-12-09T13:34:02
006_WAC,006,WAC,WAC_006_BEAM_L1.zip,WAC_006_313_61_BEAM_20251025.csv,WAC_006_313_61,2025-10-25,286,1647056,2025-12-09T13:34:02
007_FMR1,007,FMR1,FMR1_007_BEAM_L1.zip,FMR1_007_207_60_BEAM_20251108.csv,FMR1_007_207_60,2025-11-08,286,2107902,2025-12-09T13:13:59
007_FMR1,007,FMR1,FMR1_007_BEAM_L1.zip,FMR1_007_207_61_BEAM_20251108.csv,FMR1_007_207_61,2025-11-08,286,2107902,2025-12-09T13:13:59
007_FMR1,007,FMR1,FMR1_007_BEAM_L1.zip,FMR1_007_207_62_BEAM_20251108.csv,FMR1_007_207_62,2025-11-08,287,2107902,2025-12-09T13:13:59
007_FMR1,007,FMR1,FMR1_007_BEAM_L1.zip,FMR1_007_207_63_BEAM_20251108.csv,FMR1_007_207_63,2025-11-08,287,2107902,2025-12-09T13:13:59
007_FMR1,007,FMR1,FMR1_007_BEAM_L1.zip,FMR1_007_210_79_BEAM_20251108.csv,FMR1_007_210_79,2025-11-08,286,2107902,2025-12-09T13:13:59
007_FMR1,007,FMR1,FMR1_007_BEAM_L1.zip,FMR1_007_211_81_BEAM_20251108.csv,FMR1_007_211_81,2025-11-08,286,2107902,2025-12-09T13:13:59
007_FMR1,007,FMR1,FMR1_007_BEAM_L1.zip,FMR1_007_211_82_BEAM_20251108.csv,FMR1_007_211_82,2025-11-08,286,2107902,2025-12-09T13:13:59
007_FMR1,007,FMR1,FMR1_007_BEAM_L1.zip,FMR1_007_211_83_BEAM_20251108.csv,FMR1_007_211_83,2025-11-08,286,2107902,2025-12-09T13:13:59
007_FMR1,007,FMR1,FMR1_007_BEAM_L1.zip,FMR1_007_211_84_BEAM_20251108.csv,FMR1_007_211_84,2025-11-08,286,2107902,2025-12-09T13:13:59
007_FMR1,007,FMR1,FMR1_007_BEAM_L1.zip,FMR1_007_211_86_BEAM_20251108.csv,FMR1_007_211_86,2025-11-08,286,2107902,2025-12-09T13:13:59
007_FMR1,007,FMR1,FMR1_007_BEAM_L1.zip,FMR1_007_212_88_BEAM_20251108.csv,FMR1_007_212_88,2025-11-08,287,2107902,2025-12-09T13:13:59
007_FMR1,007,FMR1,FMR1_007_BEAM_L1.zip,FMR1_007_212_89_BEAM_20251108.csv,FMR1_007_212_89,2025-11-08,287,2107902,2025-12-09T13:13:59
007_FMR1,007,FMR1,FMR1_007_BEAM_L1.zip,FMR1_007_212_90_BEAM_20251108.csv,FMR1_007_212_90,2025-11-08,286,2107902,2025-12-09T13:13:59
007_FMR1,007,FMR1,FMR1_007_BEAM_L1.zip,FMR1_007_212_91_BEAM_20251108.csv,FMR1_007_212_91,2025-11-08,286,2107902,2025-12-09T13:13:59
007_FMR1,007,FMR1,FMR1_007_BEAM_L1.zip,FMR1_007_213_39_BEAM_20251108.csv,FMR1_007_213_39,2025-11-08,286,2107902,2025-12-09T13:13:59
007_FMR1,007,FMR1,FMR1_007_BEAM_L1.zip,FMR1_007_213_40_BEAM_20251108.csv,FMR1_007_213_40,2025-11-08,286,2107902,2025-12-09T13:13:59
007_FMR1,007,FMR1,FMR1_007_BEAM_L1.zip,FMR1_007_214_94_BEAM_20251108.csv,FMR1_007_214_94,2025-11-08,287,2107902,2025-12-09T13:13:59
007_FMR1,007,FMR1,FMR1_007_BEAM_L1.zip,FMR1_007_214_95_BEAM_20251108.csv,FMR1_007_214_95,2025-11-08,286,2107902,2025-12-09T13:13:59
007_FMR1,007,FMR1,FMR1_007_BEAM_L1.zip,FMR1_007_214_96_BEAM_20251108.csv,FMR1_007_214_96,2025-11-08,286,2107902,2025-12-09T13:13:59
007_FMR1,007,FMR1,FMR1_007_BEAM_L1.zip,FMR1_007_214_98_BEAM_20251108.csv,FMR1_007_214_98,2025-11-08,286,2107902,2025-12-09T13:13:59
007_FMR1,007,FMR1,FMR1_007_BEAM_L1.zip,FMR1_007_215_1_BEAM_20251108.csv,FMR1_007_215_1,2025-11-08,286,2107902,2025-12-09T13:13:59
007_FMR1,007,FMR1,FMR1_007_BEAM_L1.zip,FMR1_007_215_2_BEAM_20251108.csv,FMR1_007_215_2,2025-11-08,287,2107902,2025-12-09T13:13:59
007_FMR1,007,FMR1,FMR1_007_BEAM_L1.zip,FMR1_007_215_5_BEAM_20251108.csv,FMR1_007_215_5,2025-11-08,287,2107902,2025-12-09T13:13:59
007_FMR1,007,FMR1,FMR1_007_BEAM_L1.zip,FMR1_007_216_69_BEAM_20251108.csv,FMR1_007_216_69,2025-11-08,287,2107902,2025-12-09T13:13:59
007_FMR1,007,FMR1,FMR1_007_BEAM_L1.zip,FMR1_007_216_70_BEAM_20251108.csv,FMR1_007_216_70,2025-11-08,286,2107902,2025-12-09T13:13:59
007_FMR1,007,FMR1,FMR1_007_BEAM_L1.zip,FMR1_007_216_71_BEAM_20251108.csv,FMR1_007_216_71,2025-11-08,286,2107902,2025-12-09T13:13:59
007_FMR1,007,FMR1,FMR1_007_BEAM_L1.zip,FMR1_007_216_72_BEAM_20251108.csv,FMR1_007_216_72,2025-11-08,286,2107902,2025-12-09T13:13:59
007_FMR1,007,FMR1,FMR1_007_BEAM_L1.zip,FMR1_007_216_73_BEAM_20251108.csv,FMR1_007_216_73,2025-11-08,287,2107902,2025-12-09T13:13:59
007_FMR1,007,FMR1,FMR1_007_BEAM_L1.zip,FMR1_007_216_76_BEAM_20251108.csv,FMR1_007_216_76,2025-11-08,286,2107902,2025-12-09T13:13:59
007_FMR1,007,FMR1,FMR1_007_BEAM_L1.zip,FMR1_007_217_52_BEAM_20251108.csv,FMR1_007_217_52,2025-11-08,286,2107902,2025-12-09T13:13:59
007_FMR1,007,FMR1,FMR1_007_BEAM_L1.zip,FMR1_007_217_55_BEAM_20251108.csv,FMR1_007_217_55,2025-11-08,286,2107902,2025-12-09T13:13:59
007_FMR1,007,FMR1,FMR1_007_BEAM_L1.zip,FMR1_007_217_58_BEAM_20251108.csv,FMR1_007_217_58,2025-11-08,286,2107902,2025-12-09T13:13:59
007_FMR1,007,FMR1,FMR1_007_BEAM_L1.zip,FMR1_007_218_77_BEAM_20251108.csv,FMR1_007_218_77,2025-11-08,286,2107902,2025-12-09T13:13:59
007_FMR1,007,FMR1,FMR1_007_BEAM_L1.zip,FMR1_007_219_23_BEAM_20251108.csv,FMR1_007_219_23,2025-11-08,287,2107902,2025-12-09T13:13:59
007_FMR1,007,FMR1,FMR1_007_BEAM_L1.zip,FMR1_007_219_27_BEAM_20251108.csv,FMR1_007_219_27,2025-11-08,286,2107902,2025-12-09T13:13:59
007_FMR1,007,FMR1,FMR1_007_BEAM_L1.zip,FMR1_007_219_29_BEAM_20251108.csv,FMR1_007_219_29,2025-11-08,286,2107902,2025-12-09T13:13:59
007_FMR1,007,FMR1,FMR1_007_BEAM_L1.zip,FMR1_007_220_11_BEAM_20251108.csv,FMR1_007_220_11,2025-11-08,287,2107902,2025-12-09T13:13:59
007_FMR1,007,FMR1,FMR1_007_BEAM_L1.zip,FMR1_007_220_7_BEAM_20251108.csv,FMR1_007_220_7,2025-11-08,287,2107902,2025-12-09T13:13:59
007_FMR1,007,FMR1,FMR1_007_BEAM_L1.zip,FMR1_007_220_9_BEAM_20251108.csv,FMR1_007_220_9,2025-11-08,287,2107902,2025-12-09T13:13:59
007_FMR1,007,FMR1,FMR1_007_BEAM_L1.zip,FMR1_007_221_47_BEAM_20251108.csv,FMR1_007_221_47,2025-11-08,286,2107902,2025-12-09T13:13:59
007_FMR1,007,FMR1,FMR1_007_BEAM_L1.zip,FMR1_007_221_48_BEAM_20251108.csv,FMR1_007_221_48,2025-11-08,286,2107902,2025-12-09T13:13:59
007_FMR1,007,FMR1,FMR1_007_BEAM_L1.zip,FMR1_007_221_50_BEAM_20251108.csv,FMR1_007_221_50,2025-11-08,287,2107902,2025-12-09T13:13:59
007_FMR1,007,FMR1,FMR1_007_BEAM_L1.zip,FMR1_007_221_51_BEAM_20251108.csv,FMR1_007_221_51,2025-11-08,286,2107902,2025-12-09T13:13:59
007_FMR1,007,FMR1,FMR1_007_BEAM_L1.zip,FMR1_007_222_18_BEAM_20251108.csv,FMR1_007_222_18,2025-11-08,286,2107902,2025-12-09T13:13:59
007_FMR1,007,FMR1,FMR1_007_BEAM_L1.zip,FMR1_007_222_19_BEAM_20251108.csv,FMR1_007_222_19,2025-11-08,286,2107902,2025-12-09T13:13:59
007_FMR1,007,FMR1,FMR1_007_BEAM_L1.zip,FMR1_007_307_36_BEAM_20251108.csv,FMR1_007_307_36,2025-11-08,286,2107902,2025-12-09T13:13:59
007_FMR1,007,FMR1,FMR1_007_BEAM_L1.zip,FMR1_007_307_40_BEAM_20251108.csv,FMR1_007_307_40,2025-11-08,286,2107902,2025-12-09T13:13:59
007_FMR1,007,FMR1,FMR1_007_BEAM_L1.zip,FMR1_007_307_41_BEAM_20251108.csv,FMR1_007_307_41,2025-11-08,286,2107902,2025-12-09T13:13:59
007_FMR1,007,FMR1,FMR1_007_BEAM_L1.zip,FMR1_007_307_42_BEAM_20251108.csv,FMR1_007_307_42,2025-11-08,286,2107902,2025-12-09T13:13:59
007_FMR1,007,FMR1,FMR1_007_BEAM_L1.zip,FMR1_007_307_43_BEAM_20251108.csv,FMR1_007_307_43,2025-11-08,286,2107902,2025-12-09T13:13:59
008_CNTNAP2,008,CNTNAP2,CNTNAP2_008_BEAM_L1.zip,CNTNAP2_008_237_62_BEAM_20251122.csv,CNTNAP2_008_237_62,2025-11-22,286,2585186,2026-09-16T09:26:49
008_CNTNAP2,008,CNTNAP2,CNTNAP2_008_BEAM_L1.zip,CNTNAP2_008_237_63_BEAM_20251122.csv,CNTNAP2_008_237_63,2025-11-22,286,2585186,2026-09-16T09:26:49
008_CNTNAP2,008,CNTNAP2,CNTNAP2_008_BEAM_L1.zip,CNTNAP2_008_237_64_BEAM_20251122.csv,CNTNAP2_008_237_64,2025-11-22,287,2585186,2026-09-16T09:26:49
008_CNTNAP2,008,CNTNAP2,CNTNAP2_008_BEAM_L1.zip,CNTNAP2_008_237_65_BEAM_20251122.csv,CNTNAP2_008_237_65,2025-11-22,286,2585186,2026-09-16T09:26:49
008_CNTNAP2,008,CNTNAP2,CNTNAP2_008_BEAM_L1.zip,CNTNAP2_008_237_66_BEAM_20251122.csv,CNTNAP2_008_237_66,2025-11-22,286,2585186,2026-09-16T09:26:49
008_CNTNAP2,008,CNTNAP2,CNTNAP2_008_BEAM_L1.zip,CNTNAP2_008_237_67_BEAM_20251122.csv,CNTNAP2_008_237_67,2025-11-22,286,2585186,2026-09-16T09:26:49
008_CNTNAP2,008,CNTNAP2,CNTNAP2_008_BEAM_L1.zip,CNTNAP2_008_237_68_BEAM_20251122.csv,CNTNAP2_008_237_68,2025-11-22,286,2585186,2026-09-16T09:26:49
008_CNTNAP2,008,CNTNAP2,CNTNAP2_008_BEAM_L1.zip,CNTNAP2_008_238_70_BEAM_20251122.csv,CNTNAP2_008_238_70,2025-11-22,286,2585186,2026-09-16T09:26:49
008_CNTNAP2,008,CNTNAP2,CNTNAP2_008_BEAM_L1.zip,CNTNAP2_008_238_72_BEAM_20251122.csv,CNTNAP2_008_238_72,2025-11-22,286,2585186,2026-09-16T09:26:49
008_CNTNAP2,008,CNTNAP2,CNTNAP2_008_BEAM_L1.zip,CNTNAP2_008_239_11_BEAM_20251122.csv,CNTNAP2_008_239_11,2025-11-22,286,2585186,2026-09-16T09:26:49
008_CNTNAP2,008,CNTNAP2,CNTNAP2_008_BEAM_L1.zip,CNTNAP2_008_239_8_BEAM_20251122.csv,CNTNAP2_008_239_8,2025-11-22,287,2585186,2026-09-16T09:26:49
008_CNTNAP2,008,CNTNAP2,CNTNAP2_008_BEAM_L1.zip,CNTNAP2_008_240_56_BEAM_20251122.csv,CNTNAP2_008_240_56,2025-11-22,286,2585186,2026-09-16T09:26:49
008_CNTNAP2,008,CNTNAP2,CNTNAP2_008_BEAM_L1.zip,CNTNAP2_008_240_57_BEAM_20251122.csv,CNTNAP2_008_240_57,2025-11-22,286,2585186,2026-09-16T09:26:49
008_CNTNAP2,008,CNTNAP2,CNTNAP2_008_BEAM_L1.zip,CNTNAP2_008_240_58_BEAM_20251122.csv,CNTNAP2_008_240_58,2025-11-22,286,2585186,2026-09-16T09:26:49
008_CNTNAP2,008,CNTNAP2,CNTNAP2_008_BEAM_L1.zip,CNTNAP2_008_240_59_BEAM_20251122.csv,CNTNAP2_008_240_59,2025-11-22,286,2585186,2026-09-16T09:26:49
008_CNTNAP2,008,CNTNAP2,CNTNAP2_008_BEAM_L1.zip,CNTNAP2_008_240_60_BEAM_20251122.csv,CNTNAP2_008_240_60,2025-11-22,286,2585186,2026-09-16T09:26:49
008_CNTNAP2,008,CNTNAP2,CNTNAP2_008_BEAM_L1.zip,CNTNAP2_008_240_61_BEAM_20251122.csv,CNTNAP2_008_240_61,2025-11-22,287,2585186,2026-09-16T09:26:49
008_CNTNAP2,008,CNTNAP2,CNTNAP2_008_BEAM_L1.zip,CNTNAP2_008_241_85_BEAM_20251122.csv,CNTNAP2_008_241_85,2025-11-22,286,2585186,2026-09-16T09:26:49
008_CNTNAP2,008,CNTNAP2,CNTNAP2_008_BEAM_L1.zip,CNTNAP2_008_241_87_BEAM_20251122.csv,CNTNAP2_008_241_87,2025-11-22,286,2585186,2026-09-16T09:26:49
008_CNTNAP2,008,CNTNAP2,CNTNAP2_008_BEAM_L1.zip,CNTNAP2_008_242_53_BEAM_20251122.csv,CNTNAP2_008_242_53,2025-11-22,287,2585186,2026-09-16T09:26:49
008_CNTNAP2,008,CNTNAP2,CNTNAP2_008_BEAM_L1.zip,CNTNAP2_008_242_54_BEAM_20251122.csv,CNTNAP2_008_242_54,2025-11-22,286,2585186,2026-09-16T09:26:49
008_CNTNAP2,008,CNTNAP2,CNTNAP2_008_BEAM_L1.zip,CNTNAP2_008_242_55_BEAM_20251122.csv,CNTNAP2_008_242_55,2025-11-22,286,2585186,2026-09-16T09:26:49
008_CNTNAP2,008,CNTNAP2,CNTNAP2_008_BEAM_L1.zip,CNTNAP2_008_243_80_BEAM_20251122.csv,CNTNAP2_008_243_80,2025-11-22,287,2585186,2026-09-16T09:26:49
008_CNTNAP2,008,CNTNAP2,CNTNAP2_008_BEAM_L1.zip,CNTNAP2_008_243_81_BEAM_20251122.csv,CNTNAP2_008_243_81,2025-11-22,286,2585186,2026-09-16T09:26:49
008_CNTNAP2,008,CNTNAP2,CNTNAP2_008_BEAM_L1.zip,CNTNAP2_008_243_82_BEAM_20251122.csv,CNTNAP2_008_243_82,2025-11-22,286,2585186,2026-09-16T09:26:49
008_CNTNAP2,008,CNTNAP2,CNTNAP2_008_BEAM_L1.zip,CNTNAP2_008_243_84_BEAM_20251122.csv,CNTNAP2_008_243_84,2025-11-22,286,2585186,2026-09-16T09:26:49
008_CNTNAP2,008,CNTNAP2,CNTNAP2_008_BEAM_L1.zip,CNTNAP2_008_244_32_BEAM_20251122.csv,CNTNAP2_008_244_32,2025-11-22,286,2585186,2026-09-16T09:26:49
008_CNTNAP2,008,CNTNAP2,CNTNAP2_008_BEAM_L1.zip,CNTNAP2_008_244_35_BEAM_20251122.csv,CNTNAP2_008_244_35,2025-11-22,286,2585186,2026-09-16T09:26:49
008_CNTNAP2,008,CNTNAP2,CNTNAP2_008_BEAM_L1.zip,CNTNAP2_008_245_1_BEAM_20251122.csv,CNTNAP2_008_245_1,2025-11-22,286,2585186,2026-09-16T09:26:49
008_CNTNAP2,008,CNTNAP2,CNTNAP2_008_BEAM_L1.zip,CNTNAP2_008_245_3_BEAM_20251122.csv,CNTNAP2_008_245_3,2025-11-22,286,2585186,2026-09-16T09:26:49
008_CNTNAP2,008,CNTNAP2,CNTNAP2_008_BEAM_L1.zip,CNTNAP2_008_245_99_BEAM_20251122.csv,CNTNAP2_008_245_99,2025-11-22,286,2585186,2026-09-16T09:26:49
008_CNTNAP2,008,CNTNAP2,CNTNAP2_008_BEAM_L1.zip,CNTNAP2_008_246_23_BEAM_20251122.csv,CNTNAP2_008_246_23,2025-11-22,286,2585186,2026-09-16T09:26:49
008_CNTNAP2,008,CNTNAP2,CNTNAP2_008_BEAM_L1.zip,CNTNAP2_008_246_26_BEAM_20251122.csv,CNTNAP2_008_246_26,2025-11-22,286,2585186,2026-09-16T09:26:49
008_CNTNAP2,008,CNTNAP2,CNTNAP2_008_BEAM_L1.zip,CNTNAP2_008_246_28_BEAM_20251122.csv,CNTNAP2_008_246_28,2025-11-22,286,2585186,2026-09-16T09:26:49
008_CNTNAP2,008,CNTNAP2,CNTNAP2_008_BEAM_L1.zip,CNTNAP2_008_246_29_BEAM_20251122.csv,CNTNAP2_008_246_29,2025-11-22,286,2585186,2026-09-16T09:26:49
008_CNTNAP2,008,CNTNAP2,CNTNAP2_008_BEAM_L1.zip,CNTNAP2_008_247_49_BEAM_20251122.csv,CNTNAP2_008_247_49,2025-11-22,287,2585186,2026-09-16T09:26:49
008_CNTNAP2,008,CNTNAP2,CNTNAP2_008_BEAM_L1.zip,CNTNAP2_008_247_50_BEAM_20251122.csv,CNTNAP2_008_247_50,2025-11-22,287,2585186,2026-09-16T09:26:49
008_CNTNAP2,008,CNTNAP2,CNTNAP2_008_BEAM_L1.zip,CNTNAP2_008_247_51_BEAM_20251122.csv,CNTNAP2_008_247_51,2025-11-22,287,2585186,2026-09-16T09:26:49
008_CNTNAP2,008,CNTNAP2,CNTNAP2_008_BEAM_L1.zip,CNTNAP2_008_248_43_BEAM_20251122.csv,CNTNAP2_008_248_43,2025-11-22,287,2585186,2026-09-16T09:26:49
008_CNTNAP2,008,CNTNAP2,CNTNAP2_008_BEAM_L1.zip,CNTNAP2_008_248_44_BEAM_20251122.csv,CNTNAP2_008_248_44,2025-11-22,287,2585186,2026-09-16T09:26:49
008_CNTNAP2,008,CNTNAP2,CNTNAP2_008_BEAM_L1.zip,CNTNAP2_008_248_45_BEAM_20251122.csv,CNTNAP2_008_248_45,2025-11-22,287,2585186,2026-09-16T09:26:49
008_CNTNAP2,008,CNTNAP2,CNTNAP2_008_BEAM_L1.zip,CNTNAP2_008_248_46_BEAM_20251122.csv,CNTNAP2_008_248_46,2025-11-22,286,2585186,2026-09-16T09:26:49
008_CNTNAP2,008,CNTNAP2,CNTNAP2_008_BEAM_L1.zip,CNTNAP2_008_248_48_BEAM_20251122.csv,CNTNAP2_008_248_48,2025-11-22,286,2585186,2026-09-16T09:26:49
008_CNTNAP2,008,CNTNAP2,CNTNAP2_008_BEAM_L1.zip,CNTNAP2_008_250_22_BEAM_20251122.csv,CNTNAP2_008_250_22,2025-11-22,286,2585186,2026-09-16T09:26:49
008_CNTNAP2,008,CNTNAP2,CNTNAP2_008_BEAM_L1.zip,CNTNAP2_008_251_73_BEAM_20251122.csv,CNTNAP2_008_251_73,2025-11-22,286,2585186,2026-09-16T09:26:49
008_CNTNAP2,008,CNTNAP2,CNTNAP2_008_BEAM_L1.zip,CNTNAP2_008_251_74_BEAM_20251122.csv,CNTNAP2_008_251_74,2025-11-22,287,2585186,2026-09-16T09:26:49
008_CNTNAP2,008,CNTNAP2,CNTNAP2_008_BEAM_L1.zip,CNTNAP2_008_251_75_BEAM_20251122.csv,CNTNAP2_008_251_75,2025-11-22,286,2585186,2026-09-16T09:26:49
008_CNTNAP2,008,CNTNAP2,CNTNAP2_008_BEAM_L1.zip,CNTNAP2_008_251_77_BEAM_20251122.csv,CNTNAP2_008_251_77,2025-11-22,286,2585186,2026-09-16T09:26:49
008_CNTNAP2,008,CNTNAP2,CNTNAP2_008_BEAM_L1.zip,CNTNAP2_008_251_78_BEAM_20251122.csv,CNTNAP2_008_251_78,2025-11-22,287,2585186,2026-09-16T09:26:49
008_CNTNAP2,008,CNTNAP2,CNTNAP2_008_BEAM_L1.zip,CNTNAP2_008_252_19_BEAM_20251122.csv,CNTNAP2_008_252_19,2025-11-22,286,2585186,2026-09-16T09:26:49
008_CNTNAP2,008,CNTNAP2,CNTNAP2_008_BEAM_L1.zip,CNTNAP2_008_341_64_BEAM_20251122.csv,CNTNAP2_008_341_64,2025-11-22,286,2585186,2026-09-16T09:26:49
008_CNTNAP2,008,CNTNAP2,CNTNAP2_008_BEAM_L1.zip,CNTNAP2_008_342_40_BEAM_20251122.csv,CNTNAP2_008_342_40,2025-11-22,287,2585186,2026-09-16T09:26:49
008_CNTNAP2,008,CNTNAP2,CNTNAP2_008_BEAM_L1.zip,CNTNAP2_008_342_41_BEAM_20251122.csv,CNTNAP2_008_342_41,2025-11-22,286,2585186,2026-09-16T09:26:49
008_CNTNAP2,008,CNTNAP2,CNTNAP2_008_BEAM_L1.zip,CNTNAP2_008_342_42_BEAM_20251122.csv,CNTNAP2_008_342_42,2025-11-22,286,2585186,2026-09-16T09:26:49
008_CNTNAP2,008,CNTNAP2,CNTNAP2_008_BEAM_L1.zip,CNTNAP2_008_343_46_BEAM_20251122.csv,CNTNAP2_008_343_46,2025-11-22,286,2585186,2026-09-16T09:26:49
008_CNTNAP2,008,CNTNAP2,CNTNAP2_008_BEAM_L1.zip,CNTNAP2_008_352_52_BEAM_20251122.csv,CNTNAP2_008_352_52,2025-11-22,286,2585186,2026-09-16T09:26:49
008_CNTNAP2,008,CNTNAP2,CNTNAP2_008_BEAM_L1.zip,CNTNAP2_008_352_53_BEAM_20251122.csv,CNTNAP2_008_352_53,2025-11-22,286,2585186,2026-09-16T09:26:49
008_CNTNAP2,008,CNTNAP2,CNTNAP2_008_BEAM_L1.zip,CNTNAP2_008_352_55_BEAM_20251122.csv,CNTNAP2_008_352_55,2025-11-22,286,2585186,2026-09-16T09:26:49
008_CNTNAP2,008,CNTNAP2,CNTNAP2_008_BEAM_L1.zip,CNTNAP2_008_352_58_BEAM_20251122.csv,CNTNAP2_008_352_58,2025-11-22,286,2585186,2026-09-16T09:26:49
008_CNTNAP2,008,CNTNAP2,CNTNAP2_008_BEAM_L1.zip,CNTNAP2_008_360_72_BEAM_20251122.csv,CNTNAP2_008_360_72,2025-11-22,286,2585186,2026-09-16T09:26:49
009_C3,009,C3,C3_009_BEAM_L1.zip,C3_009_285_51_BEAM_20251206.csv,C3_009_285_51,2025-12-06,285,2497000,2025-12-09T13:53:23
009_C3,009,C3,C3_009_BEAM_L1.zip,C3_009_285_52_BEAM_20251206.csv,C3_009_285_52,2025-12-06,286,2497000,2025-12-09T13:53:23
009_C3,009,C3,C3_009_BEAM_L1.zip,C3_009_285_54_BEAM_20251206.csv,C3_009_285_54,2025-12-06,286,2497000,2025-12-09T13:53:23
009_C3,009,C3,C3_009_BEAM_L1.zip,C3_009_285_56_BEAM_20251206.csv,C3_009_285_56,2025-12-06,286,2497000,2025-12-09T13:53:23
009_C3,009,C3,C3_009_BEAM_L1.zip,C3_009_285_57_BEAM_20251206.csv,C3_009_285_57,2025-12-06,286,2497000,2025-12-09T13:53:23
009_C3,009,C3,C3_009_BEAM_L1.zip,C3_009_287_71_BEAM_20251206.csv,C3_009_287_71,2025-12-06,287,2497000,2025-12-09T13:53:23
009_C3,009,C3,C3_009_BEAM_L1.zip,C3_009_287_72_BEAM_20251206.csv,C3_009_287_72,2025-12-06,286,2497000,2025-12-09T13:53:23
009_C3,009,C3,C3_009_BEAM_L1.zip,C3_009_287_73_BEAM_20251206.csv,C3_009_287_73,2025-12-06,286,2497000,2025-12-09T13:53:23
009_C3,009,C3,C3_009_BEAM_L1.zip,C3_009_287_74_BEAM_20251206.csv,C3_009_287_74,2025-12-06,286,2497000,2025-12-09T13:53:23
009_C3,009,C3,C3_009_BEAM_L1.zip,C3_009_287_75_BEAM_20251206.csv,C3_009_287_75,2025-12-06,286,2497000,2025-12-09T13:53:23
009_C3,009,C3,C3_009_BEAM_L1.zip,C3_009_287_76_BEAM_20251206.csv,C3_009_287_76,2025-12-06,286,2497000,2025-12-09T13:53:23
009_C3,009,C3,C3_009_BEAM_L1.zip,C3_009_287_77_BEAM_20251206.csv,C3_009_287_77,2025-12-06,286,2497000,2025-12-09T13:53:23
009_C3,009,C3,C3_009_BEAM_L1.zip,C3_009_288_93_BEAM_20251206.csv,C3_009_288_93,2025-12-06,287,2497000,2025-12-09T13:53:23
009_C3,009,C3,C3_009_BEAM_L1.zip,C3_009_288_94_BEAM_20251206.csv,C3_009_288_94,2025-12-06,286,2497000,2025-12-09T13:53:23
009_C3,009,C3,C3_009_BEAM_L1.zip,C3_009_288_95_BEAM_20251206.csv,C3_009_288_95,2025-12-06,286,2497000,2025-12-09T13:53:23
009_C3,009,C3,C3_009_BEAM_L1.zip,C3_009_288_97_BEAM_20251206.csv,C3_009_288_97,2025-12-06,286,2497000,2025-12-09T13:53:23
009_C3,009,C3,C3_009_BEAM_L1.zip,C3_009_288_98_BEAM_20251206.csv,C3_009_288_98,2025-12-06,286,2497000,2025-12-09T13:53:23
009_C3,009,C3,C3_009_BEAM_L1.zip,C3_009_288_99_BEAM_20251206.csv,C3_009_288_99,2025-12-06,286,2497000,2025-12-09T13:53:23
009_C3,009,C3,C3_009_BEAM_L1.zip,C3_009_289_5_BEAM_20251206.csv,C3_009_289_5,2025-12-06,286,2497000,2025-12-09T13:53:23
009_C3,009,C3,C3_009_BEAM_L1.zip,C3_009_289_7_BEAM_20251206.csv,C3_009_289_7,2025-12-06,286,2497000,2025-12-09T13:53:23
009_C3,009,C3,C3_009_BEAM_L1.zip,C3_009_290_12_BEAM_20251206.csv,C3_009_290_12,2025-12-06,286,2497000,2025-12-09T13:53:23
009_C3,009,C3,C3_009_BEAM_L1.zip,C3_009_290_13_BEAM_20251206.csv,C3_009_290_13,2025-12-06,286,2497000,2025-12-09T13:53:23
009_C3,009,C3,C3_009_BEAM_L1.zip,C3_009_290_14_BEAM_20251206.csv,C3_009_290_14,2025-12-06,286,2497000,2025-12-09T13:53:23
009_C3,009,C3,C3_009_BEAM_L1.zip,C3_009_290_9_BEAM_20251206.csv,C3_009_290_9,2025-12-06,286,2497000,2025-12-09T13:53:23
009_C3,009,C3,C3_009_BEAM_L1.zip,C3_009_291_27_BEAM_20251206.csv,C3_009_291_27,2025-12-06,287,2497000,2025-12-09T13:53:23
009_C3,009,C3,C3_009_BEAM_L1.zip,C3_009_291_28_BEAM_20251206.csv,C3_009_291_28,2025-12-06,286,2497000,2025-12-09T13:53:23
009_C3,009,C3,C3_009_BEAM_L1.zip,C3_009_291_29_BEAM_20251206.csv,C3_009_291_29,2025-12-06,286,2497000,2025-12-09T13:53:23
009_C3,009,C3,C3_009_BEAM_L1.zip,C3_009_291_30_BEAM_20251206.csv,C3_009_291_30,2025-12-06,286,2497000,2025-12-09T13:53:23
009_C3,009,C3,C3_009_BEAM_L1.zip,C3_009_291_31_BEAM_20251206.csv,C3_009_291_31,2025-12-06,286,2497000,2025-12-09T13:53:23
009_C3,009,C3,C3_009_BEAM_L1.zip,C3_009_291_32_BEAM_20251206.csv,C3_009_291_32,2025-12-06,286,2497000,2025-12-09T13:53:23
009_C3,009,C3,C3_009_BEAM_L1.zip,C3_009_291_33_BEAM_20251206.csv,C3_009_291_33,2025-12-06,287,2497000,2025-12-09T13:53:23
009_C3,009,C3,C3_009_BEAM_L1.zip,C3_009_292_68_BEAM_20251206.csv,C3_009_292_68,2025-12-06,287,2497000,2025-12-09T13:53:23
009_C3,009,C3,C3_009_BEAM_L1.zip,C3_009_292_69_BEAM_20251206.csv,C3_009_292_69,2025-12-06,287,2497000,2025-12-09T13:53:23
009_C3,009,C3,C3_009_BEAM_L1.zip,C3_009_292_70_BEAM_20251206.csv,C3_009_292_70,2025-12-06,286,2497000,2025-12-09T13:53:23
009_C3,009,C3,C3_009_BEAM_L1.zip,C3_009_293_15_BEAM_20251206.csv,C3_009_293_15,2025-12-06,287,2497000,2025-12-09T13:53:23
009_C3,009,C3,C3_009_BEAM_L1.zip,C3_009_293_16_BEAM_20251206.csv,C3_009_293_16,2025-12-06,286,2497000,2025-12-09T13:53:23
009_C3,009,C3,C3_009_BEAM_L1.zip,C3_009_293_17_BEAM_20251206.csv,C3_009_293_17,2025-12-06,286,2497000,2025-12-09T13:53:23
009_C3,009,C3,C3_009_BEAM_L1.zip,C3_009_294_78_BEAM_20251206.csv,C3_009_294_78,2025-12-06,286,2497000,2025-12-09T13:53:23
009_C3,009,C3,C3_009_BEAM_L1.zip,C3_009_294_79_BEAM_20251206.csv,C3_009_294_79,2025-12-06,286,2497000,2025-12-09T13:53:23
009_C3,009,C3,C3_009_BEAM_L1.zip,C3_009_294_81_BEAM_20251206.csv,C3_009_294_81,2025-12-06,286,2497000,2025-12-09T13:53:23
009_C3,009,C3,C3_009_BEAM_L1.zip,C3_009_294_82_BEAM_20251206.csv,C3_009_294_82,2025-12-06,287,2497000,2025-12-09T13:53:23
009_C3,009,C3,C3_009_BEAM_L1.zip,C3_009_294_84_BEAM_20251206.csv,C3_009_294_84,2025-12-06,287,2497000,2025-12-09T13:53:23
009_C3,009,C3,C3_009_BEAM_L1.zip,C3_009_295_20_BEAM_20251206.csv,C3_009_295_20,2025-12-06,286,2497000,2025-12-09T13:53:23
009_C3,009,C3,C3_009_BEAM_L1.zip,C3_009_295_21_BEAM_20251206.csv,C3_009_295_21,2025-12-06,286,2497000,2025-12-09T13:53:23
009_C3,009,C3,C3_009_BEAM_L1.zip,C3_009_295_22_BEAM_20251206.csv,C3_009_295_22,2025-12-06,287,2497000,2025-12-09T13:53:23
009_C3,009,C3,C3_009_BEAM_L1.zip,C3_009_295_23_BEAM_20251206.csv,C3_009_295_23,2025-12-06,286,2497000,2025-12-09T13:53:23
009_C3,009,C3,C3_009_BEAM_L1.zip,C3_009_295_24_BEAM_20251206.csv,C3_009_295_24,2025-12-06,286,2497000,2025-12-09T13:53:23
009_C3,009,C3,C3_009_BEAM_L1.zip,C3_009_295_25_BEAM_20251206.csv,C3_009_295_25,2025-12-06,286,2497000,2025-12-09T13:53:23
009_C3,009,C3,C3_009_BEAM_L1.zip,C3_009_295_26_BEAM_20251206.csv,C3_009_295_26,2025-12-06,286,2497000,2025-12-09T13:53:23
009_C3,009,C3,C3_009_BEAM_L1.zip,C3_009_296_45_BEAM_20251206.csv,C3_009_296_45,2025-12-06,286,2497000,2025-12-09T13:53:23
009_C3,009,C3,C3_009_BEAM_L1.zip,C3_009_298_34_BEAM_20251206.csv,C3_009_298_34,2025-12-06,286,2497000,2025-12-09T13:53:23
009_C3,009,C3,C3_009_BEAM_L1.zip,C3_009_402_86_BEAM_20251206.csv,C3_009_402_86,2025-12-06,286,2497000,2025-12-09T13:53:23
009_C3,009,C3,C3_009_BEAM_L1.zip,C3_009_402_88_BEAM_20251206.csv,C3_009_402_88,2025-12-06,286,2497000,2025-12-09T13:53:23
009_C3,009,C3,C3_009_BEAM_L1.zip,C3_009_402_89_BEAM_20251206.csv,C3_009_402_89,2025-12-06,286,2497000,2025-12-09T13:53:23
009_C3,009,C3,C3_009_BEAM_L1.zip,C3_009_402_91_BEAM_20251206.csv,C3_009_402_91,2025-12-06,286,2497000,2025-12-09T13:53:23
009_C3,009,C3,C3_009_BEAM_L1.zip,C3_009_410_83_BEAM_20251206.csv,C3_009_410_83,2025-12-06,286,2497000,2025-12-09T13:53:23
009_C3,009,C3,C3_009_BEAM_L1.zip,C3_009_414_76_BEAM_20251206.csv,C3_009_414_76,2025-12-06,286,2497000,2025-12-09T13:53:23
009_C3,009,C3,C3_009_BEAM_L1.zip,C3_009_414_78_BEAM_20251206.csv,C3_009_414_78,2025-12-06,286,2497000,2025-12-09T13:53:23
009_C3,009,C3,C3_009_BEAM_L1.zip,C3_009_416_95_BEAM_20251206.csv,C3_009_416_95,2025-12-06,286,2497000,2025-12-09T13:53:23
009_C3,009,C3,C3_009_BEAM_L1.zip,C3_009_418_99_BEAM_20251206.csv,C3_009_418_99,2025-12-06,286,2497000,2025-12-09T13:53:23
010_ZNF292,010,ZNF292,ZNF292_010_BEAM_L1.zip,ZNF292_010_472_18_BEAM_20260117.csv,ZNF292_010_472_18,2026-01-17,286,264200,2026-03-02T13:19:31
010_ZNF292,010,ZNF292,ZNF292_010_BEAM_L1.zip,ZNF292_010_472_19_BEAM_20260117.csv,ZNF292_010_472_19,2026-01-17,286,264200,2026-03-02T13:19:31
010_ZNF292,010,ZNF292,ZNF292_010_BEAM_L1.zip,ZNF292_010_472_20_BEAM_20260117.csv,ZNF292_010_472_20,2026-01-17,286,264200,2026-03-02T13:19:31
010_ZNF292,010,ZNF292,ZNF292_010_BEAM_L1.zip,ZNF292_010_473_10_BEAM_20260117.csv,ZNF292_010_473_10,2026-01-17,286,264200,2026-03-02T13:19:31
010_ZNF292,010,ZNF292,ZNF292_010_BEAM_L1.zip,ZNF292_010_473_11_BEAM_20260117.csv,ZNF292_010_473_11,2026-01-17,286,264200,2026-03-02T13:19:31
010_ZNF292,010,ZNF292,ZNF292_010_BEAM_L1.zip,ZNF292_010_473_12_BEAM_20260117.csv,ZNF292_010_473_12,2026-01-17,287,264200,2026-03-02T13:19:31
010_ZNF292,010,ZNF292,ZNF292_010_BEAM_L1.zip,ZNF292_010_473_13_BEAM_20260117.csv,ZNF292_010_473_13,2026-01-17,286,264200,2026-03-02T13:19:31
010_ZNF292,010,ZNF292,ZNF292_010_BEAM_L1.zip,ZNF292_010_473_14_BEAM_20260117.csv,ZNF292_010_473_14,2026-01-17,286,264200,2026-03-02T13:19:31
010_ZNF292,010,ZNF292,ZNF292_010_BEAM_L1.zip,ZNF292_010_473_15_BEAM_20260117.csv,ZNF292_010_473_15,2026-01-17,286,264200,2026-03-02T13:19:31
010_ZNF292,010,ZNF292,ZNF292_010_BEAM_L1.zip,ZNF292_010_473_17_BEAM_20260117.csv,ZNF292_010_473_17,2026-01-17,286,264200,2026-03-02T13:19:31
010_ZNF292,010,ZNF292,ZNF292_010_BEAM_L1.zip,ZNF292_010_473_9_BEAM_20260117.csv,ZNF292_010_473_9,2026-01-17,286,264200,2026-03-02T13:19:31
010_ZNF292,010,ZNF292,ZNF292_010_BEAM_L1.zip,ZNF292_010_474_1_BEAM_20260117.csv,ZNF292_010_474_1,2026-01-17,286,264200,2026-03-02T13:19:31
010_ZNF292,010,ZNF292,ZNF292_010_BEAM_L1.zip,ZNF292_010_474_2_BEAM_20260117.csv,ZNF292_010_474_2,2026-01-17,287,264200,2026-03-02T13:19:31
010_ZNF292,010,ZNF292,ZNF292_010_BEAM_L1.zip,ZNF292_010_474_3_BEAM_20260117.csv,ZNF292_010_474_3,2026-01-17,287,264200,2026-03-02T13:19:31
010_ZNF292,010,ZNF292,ZNF292_010_BEAM_L1.zip,ZNF292_010_474_5_BEAM_20260117.csv,ZNF292_010_474_5,2026-01-17,286,264200,2026-03-02T13:19:31
010_ZNF292,010,ZNF292,ZNF292_010_BEAM_L1.zip,ZNF292_010_474_7_BEAM_20260117.csv,ZNF292_010_474_7,2026-01-17,287,264200,2026-03-02T13:19:31
010_ZNF292,010,ZNF292,ZNF292_010_BEAM_L1.zip,ZNF292_010_474_8_BEAM_20260117.csv,ZNF292_010_474_8,2026-01-17,286,264200,2026-03-02T13:19:31
010_ZNF292,010,ZNF292,ZNF292_010_BEAM_L1.zip,ZNF292_010_475_23_BEAM_20260117.csv,ZNF292_010_475_23,2026-01-17,286,264200,2026-03-02T13:19:31
010_ZNF292,010,ZNF292,ZNF292_010_BEAM_L1.zip,ZNF292_010_475_24_BEAM_20260117.csv,ZNF292_010_475_24,2026-01-17,286,264200,2026-03-02T13:19:31
010_ZNF292,010,ZNF292,ZNF292_010_BEAM_L1.zip,ZNF292_010_475_25_BEAM_20260117.csv,ZNF292_010_475_25,2026-01-17,286,264200,2026-03-02T13:19:31
010_ZNF292,010,ZNF292,ZNF292_010_BEAM_L1.zip,ZNF292_010_475_26_BEAM_20260117.csv,ZNF292_010_475_26,2026-01-17,286,264200,2026-03-02T13:19:31
010_ZNF292,010,ZNF292,ZNF292_010_BEAM_L1.zip,ZNF292_010_475_27_BEAM_20260117.csv,ZNF292_010_475_27,2026-01-17,287,264200,2026-03-02T13:19:31
010_ZNF292,010,ZNF292,ZNF292_010_BEAM_L1.zip,ZNF292_010_475_28_BEAM_20260117.csv,ZNF292_010_475_28,2026-01-17,287,264200,2026-03-02T13:19:31
010_ZNF292,010,ZNF292,ZNF292_010_BEAM_L1.zip,ZNF292_010_476_42_BEAM_20260117.csv,ZNF292_010_476_42,2026-01-17,286,264200,2026-03-02T13:19:31
010_ZNF292,010,ZNF292,ZNF292_010_BEAM_L1.zip,ZNF292_010_476_43_BEAM_20260117.csv,ZNF292_010_476_43,2026-01-17,286,264200,2026-03-02T13:19:31
010_ZNF292,010,ZNF292,ZNF292_010_BEAM_L1.zip,ZNF292_010_476_45_BEAM_20260117.csv,ZNF292_010_476_45,2026-01-17,286,264200,2026-03-02T13:19:31
010_ZNF292,010,ZNF292,ZNF292_010_BEAM_L1.zip,ZNF292_010_476_46_BEAM_20260117.csv,ZNF292_010_476_46,2026-01-17,286,264200,2026-03-02T13:19:31
010_ZNF292,010,ZNF292,ZNF292_010_BEAM_L1.zip,ZNF292_010_477_30_BEAM_20260117.csv,ZNF292_010_477_30,2026-01-17,286,264200,2026-03-02T13:19:31
010_ZNF292,010,ZNF292,ZNF292_010_BEAM_L1.zip,ZNF292_010_477_32_BEAM_20260117.csv,ZNF292_010_477_32,2026-01-17,286,264200,2026-03-02T13:19:31
010_ZNF292,010,ZNF292,ZNF292_010_BEAM_L1.zip,ZNF292_010_477_34_BEAM_20260117.csv,ZNF292_010_477_34,2026-01-17,287,264200,2026-03-02T13:19:31
010_ZNF292,010,ZNF292,ZNF292_010_BEAM_L1.zip,ZNF292_010_478_48_BEAM_20260117.csv,ZNF292_010_478_48,2026-01-17,286,264200,2026-03-02T13:19:31
010_ZNF292,010,ZNF292,ZNF292_010_BEAM_L1.zip,ZNF292_010_478_49_BEAM_20260117.csv,ZNF292_010_478_49,2026-01-17,286,264200,2026-03-02T13:19:31
010_ZNF292,010,ZNF292,ZNF292_010_BEAM_L1.zip,ZNF292_010_478_52_BEAM_20260117.csv,ZNF292_010_478_52,2026-01-17,286,264200,2026-03-02T13:19:31
010_ZNF292,010,ZNF292,ZNF292_010_BEAM_L1.zip,ZNF292_010_478_54_BEAM_20260117.csv,ZNF292_010_478_54,2026-01-17,286,264200,2026-03-02T13:19:31
010_ZNF292,010,ZNF292,ZNF292_010_BEAM_L1.zip,ZNF292_010_479_36_BEAM_20260117.csv,ZNF292_010_479_36,2026-01-17,287,264200,2026-03-02T13:19:31
010_ZNF292,010,ZNF292,ZNF292_010_BEAM_L1.zip,ZNF292_010_479_37_BEAM_20260117.csv,ZNF292_010_479_37,2026-01-17,286,264200,2026-03-02T13:19:31
010_ZNF292,010,ZNF292,ZNF292_010_BEAM_L1.zip,ZNF292_010_479_38_BEAM_20260117.csv,ZNF292_010_479_38,2026-01-17,286,264200,2026-03-02T13:19:31
010_ZNF292,010,ZNF292,ZNF292_010_BEAM_L1.zip,ZNF292_010_479_39_BEAM_20260117.csv,ZNF292_010_479_39,2026-01-17,287,264200,2026-03-02T13:19:31
010_ZNF292,010,ZNF292,ZNF292_010_BEAM_L1.zip,ZNF292_010_479_40_BEAM_20260117.csv,ZNF292_010_479_40,2026-01-17,286,264200,2026-03-02T13:19:31
010_ZNF292,010,ZNF292,ZNF292_010_BEAM_L1.zip,ZNF292_010_487_64_BEAM_20260117.csv,ZNF292_010_487_64,2026-01-17,287,264200,2026-03-02T13:19:31
011_GRN,011,GRN,GRN_011_BEAM_L1.zip,GRN_011_498_60_BEAM_20260214.csv,GRN_011_498_60,2026-02-14,286,389760,2026-03-02T13:47:52
011_GRN,011,GRN,GRN_011_BEAM_L1.zip,GRN_011_498_61_BEAM_20260214.csv,GRN_011_498_61,2026-02-14,286,389760,2026-03-02T13:47:52
011_GRN,011,GRN,GRN_011_BEAM_L1.zip,GRN_011_498_62_BEAM_20260214.csv,GRN_011_498_62,2026-02-14,286,389760,2026-03-02T13:47:52
011_GRN,011,GRN,GRN_011_BEAM_L1.zip,GRN_011_501_71_BEAM_20260214.csv,GRN_011_501_71,2026-02-14,287,389760,2026-03-02T13:47:52
011_GRN,011,GRN,GRN_011_BEAM_L1.zip,GRN_011_501_73_BEAM_20260214.csv,GRN_011_501_73,2026-02-14,286,389760,2026-03-02T13:47:52
011_GRN,011,GRN,GRN_011_BEAM_L1.zip,GRN_011_501_74_BEAM_20260214.csv,GRN_011_501_74,2026-02-14,286,389760,2026-03-02T13:47:52
011_GRN,011,GRN,GRN_011_BEAM_L1.zip,GRN_011_501_75_BEAM_20260214.csv,GRN_011_501_75,2026-02-14,286,389760,2026-03-02T13:47:52
011_GRN,011,GRN,GRN_011_BEAM_L1.zip,GRN_011_501_76_BEAM_20260214.csv,GRN_011_501_76,2026-02-14,286,389760,2026-03-02T13:47:52
011_GRN,011,GRN,GRN_011_BEAM_L1.zip,GRN_011_502_69_BEAM_20260214.csv,GRN_011_502_69,2026-02-14,286,389760,2026-03-02T13:47:52
011_GRN,011,GRN,GRN_011_BEAM_L1.zip,GRN_011_502_70_BEAM_20260214.csv,GRN_011_502_70,2026-02-14,286,389760,2026-03-02T13:47:52
011_GRN,011,GRN,GRN_011_BEAM_L1.zip,GRN_011_503_63_BEAM_20260214.csv,GRN_011_503_63,2026-02-14,287,389760,2026-03-02T13:47:52
011_GRN,011,GRN,GRN_011_BEAM_L1.zip,GRN_011_503_64_BEAM_20260214.csv,GRN_011_503_64,2026-02-14,286,389760,2026-03-02T13:47:52
011_GRN,011,GRN,GRN_011_BEAM_L1.zip,GRN_011_503_65_BEAM_20260214.csv,GRN_011_503_65,2026-02-14,286,389760,2026-03-02T13:47:52
011_GRN,011,GRN,GRN_011_BEAM_L1.zip,GRN_011_503_66_BEAM_20260214.csv,GRN_011_503_66,2026-02-14,286,389760,2026-03-02T13:47:52
011_GRN,011,GRN,GRN_011_BEAM_L1.zip,GRN_011_503_67_BEAM_20260214.csv,GRN_011_503_67,2026-02-14,286,389760,2026-03-02T13:47:52
011_GRN,011,GRN,GRN_011_BEAM_L1.zip,GRN_011_503_68_BEAM_20260214.csv,GRN_011_503_68,2026-02-14,286,389760,2026-03-02T13:47:52
011_GRN,011,GRN,GRN_011_BEAM_L1.zip,GRN_011_511_89_BEAM_20260214.csv,GRN_011_511_89,2026-02-14,287,389760,2026-03-02T13:47:52
011_GRN,011,GRN,GRN_011_BEAM_L1.zip,GRN_011_511_90_BEAM_20260214.csv,GRN_011_511_90,2026-02-14,287,389760,2026-03-02T13:47:52
011_GRN,011,GRN,GRN_011_BEAM_L1.zip,GRN_011_511_91_BEAM_20260214.csv,GRN_011_511_91,2026-02-14,286,389760,2026-03-02T13:47:52
011_GRN,011,GRN,GRN_011_BEAM_L1.zip,GRN_011_511_92_BEAM_20260214.csv,GRN_011_511_92,2026-02-14,286,389760,2026-03-02T13:47:52
011_GRN,011,GRN,GRN_011_BEAM_L1.zip,GRN_011_511_93_BEAM_20260214.csv,GRN_011_511_93,2026-02-14,286,389760,2026-03-02T13:47:52
011_GRN,011,GRN,GRN_011_BEAM_L1.zip,GRN_011_511_94_BEAM_20260214.csv,GRN_011_511_94,2026-02-14,286,389760,2026-03-02T13:47:52
011_GRN,011,GRN,GRN_011_BEAM_L1.zip,GRN_011_512_77_BEAM_20260214.csv,GRN_011_512_77,2026-02-14,286,389760,2026-03-02T13:47:52
011_GRN,011,GRN,GRN_011_BEAM_L1.zip,GRN_011_512_78_BEAM_20260214.csv,GRN_011_512_78,2026-02-14,286,389760,2026-03-02T13:47:52
011_GRN,011,GRN,GRN_011_BEAM_L1.zip,GRN_011_512_79_BEAM_20260214.csv,GRN_011_512_79,2026-02-14,286,389760,2026-03-02T13:47:52
011_GRN,011,GRN,GRN_011_BEAM_L1.zip,GRN_011_512_80_BEAM_20260214.csv,GRN_011_512_80,2026-02-14,286,389760,2026-03-02T13:47:52
011_GRN,011,GRN,GRN_011_BEAM_L1.zip,GRN_011_513_83_BEAM_20260214.csv,GRN_011_513_83,2026-02-14,286,389760,2026-03-02T13:47:52
011_GRN,011,GRN,GRN_011_BEAM_L1.zip,GRN_011_513_84_BEAM_20260214.csv,GRN_011_513_84,2026-02-14,286,389760,2026-03-02T13:47:52
011_GRN,011,GRN,GRN_011_BEAM_L1.zip,GRN_011_513_85_BEAM_20260214.csv,GRN_011_513_85,2026-02-14,286,389760,2026-03-02T13:47:52
011_GRN,011,GRN,GRN_011_BEAM_L1.zip,GRN_011_513_86_BEAM_20260214.csv,GRN_011_513_86,2026-02-14,286,389760,2026-03-02T13:47:52
011_GRN,011,GRN,GRN_011_BEAM_L1.zip,GRN_011_513_87_BEAM_20260214.csv,GRN_011_513_87,2026-02-14,287,389760,2026-03-02T13:47:52
011_GRN,011,GRN,GRN_011_BEAM_L1.zip,GRN_011_513_88_BEAM_20260214.csv,GRN_011_513_88,2026-02-14,286,389760,2026-03-02T13:47:52
011_GRN,011,GRN,GRN_011_BEAM_L1.zip,GRN_011_514_2_BEAM_20260214.csv,GRN_011_514_2,2026-02-14,286,389760,2026-03-02T13:47:52
011_GRN,011,GRN,GRN_011_BEAM_L1.zip,GRN_011_514_4_BEAM_20260214.csv,GRN_011_514_4,2026-02-14,286,389760,2026-03-02T13:47:52
011_GRN,011,GRN,GRN_011_BEAM_L1.zip,GRN_011_515_13_BEAM_20260214.csv,GRN_011_515_13,2026-02-14,286,389760,2026-03-02T13:47:52
011_GRN,011,GRN,GRN_011_BEAM_L1.zip,GRN_011_515_15_BEAM_20260214.csv,GRN_011_515_15,2026-02-14,286,389760,2026-03-02T13:47:52
011_GRN,011,GRN,GRN_011_BEAM_L1.zip,GRN_011_515_9_BEAM_20260214.csv,GRN_011_515_9,2026-02-14,286,389760,2026-03-02T13:47:52
011_GRN,011,GRN,GRN_011_BEAM_L1.zip,GRN_011_516_95_BEAM_20260214.csv,GRN_011_516_95,2026-02-14,286,389760,2026-03-02T13:47:52
011_GRN,011,GRN,GRN_011_BEAM_L1.zip,GRN_011_516_96_BEAM_20260214.csv,GRN_011_516_96,2026-02-14,286,389760,2026-03-02T13:47:52
011_GRN,011,GRN,GRN_011_BEAM_L1.zip,GRN_011_516_97_BEAM_20260214.csv,GRN_011_516_97,2026-02-14,286,389760,2026-03-02T13:47:52
011_GRN,011,GRN,GRN_011_BEAM_L1.zip,GRN_011_516_98_BEAM_20260214.csv,GRN_011_516_98,2026-02-14,286,389760,2026-03-02T13:47:52
011_GRN,011,GRN,GRN_011_BEAM_L1.zip,GRN_011_517_18_BEAM_20260214.csv,GRN_011_517_18,2026-02-14,286,389760,2026-03-02T13:47:52
011_GRN,011,GRN,GRN_011_BEAM_L1.zip,GRN_011_518_21_BEAM_20260214.csv,GRN_011_518_21,2026-02-14,286,389760,2026-03-02T13:47:52
011_GRN,011,GRN,GRN_011_BEAM_L1.zip,GRN_011_518_22_BEAM_20260214.csv,GRN_011_518_22,2026-02-14,287,389760,2026-03-02T13:47:52
011_GRN,011,GRN,GRN_011_BEAM_L1.zip,GRN_011_518_23_BEAM_20260214.csv,GRN_011_518_23,2026-02-14,286,389760,2026-03-02T13:47:52
011_GRN,011,GRN,GRN_011_BEAM_L1.zip,GRN_011_518_25_BEAM_20260214.csv,GRN_011_518_25,2026-02-14,286,389760,2026-03-02T13:47:52
011_GRN,011,GRN,GRN_011_BEAM_L1.zip,GRN_011_518_26_BEAM_20260214.csv,GRN_011_518_26,2026-02-14,287,389760,2026-03-02T13:47:52
011_GRN,011,GRN,GRN_011_BEAM_L1.zip,GRN_011_535_36_BEAM_20260214.csv,GRN_011_535_36,2026-02-14,286,389760,2026-03-02T13:47:52
011_GRN,011,GRN,GRN_011_BEAM_L1.zip,GRN_011_535_37_BEAM_20260214.csv,GRN_011_535_37,2026-02-14,286,389760,2026-03-02T13:47:52
011_GRN,011,GRN,GRN_011_BEAM_L1.zip,GRN_011_552_39_BEAM_20260214.csv,GRN_011_552_39,2026-02-14,286,389760,2026-03-02T13:47:52
011_GRN,011,GRN,GRN_011_BEAM_L1.zip,GRN_011_552_42_BEAM_20260214.csv,GRN_011_552_42,2026-02-14,286,389760,2026-03-02T13:47:52
011_GRN,011,GRN,GRN_011_BEAM_L1.zip,GRN_011_553_45_BEAM_20260214.csv,GRN_011_553_45,2026-02-14,286,389760,2026-03-02T13:47:52
011_GRN,011,GRN,GRN_011_BEAM_L1.zip,GRN_011_553_46_BEAM_20260214.csv,GRN_011_553_46,2026-02-14,286,389760,2026-03-02T13:47:52
011_GRN,011,GRN,GRN_011_BEAM_L1.zip,GRN_011_553_47_BEAM_20260214.csv,GRN_011_553_47,2026-02-14,286,389760,2026-03-02T13:47:52
011_GRN,011,GRN,GRN_011_BEAM_L1.zip,GRN_011_553_49_BEAM_20260214.csv,GRN_011_553_49,2026-02-14,286,389760,2026-03-02T13:47:52
011_GRN,011,GRN,GRN_011_BEAM_L1.zip,GRN_011_555_50_BEAM_20260214.csv,GRN_011_555_50,2026-02-14,286,389760,2026-03-02T13:47:52
011_GRN,011,GRN,GRN_011_BEAM_L1.zip,GRN_011_555_51_BEAM_20260214.csv,GRN_011_555_51,2026-02-14,286,389760,2026-03-02T13:47:52
011_GRN,011,GRN,GRN_011_BEAM_L1.zip,GRN_011_555_52_BEAM_20260214.csv,GRN_011_555_52,2026-02-14,286,389760,2026-03-02T13:47:52
011_GRN,011,GRN,GRN_011_BEAM_L1.zip,GRN_011_565_55_BEAM_20260214.csv,GRN_011_565_55,2026-02-14,286,389760,2026-03-02T13:47:52
011_GRN,011,GRN,GRN_011_BEAM_L1.zip,GRN_011_565_60_BEAM_20260214.csv,GRN_011_565_60,2026-02-14,286,389760,2026-03-02T13:47:52
012_TSC2,012,TSC2,TSC2_012_BEAM_L1.zip,TSC2_012_650_91_BEAM_20260411.csv,TSC2_012_650_91,2026-04-11,286,263529,2026-04-28T10:22:01
012_TSC2,012,TSC2,TSC2_012_BEAM_L1.zip,TSC2_012_650_92_BEAM_20260411.csv,TSC2_012_650_92,2026-04-11,286,263529,2026-04-28T10:22:01
012_TSC2,012,TSC2,TSC2_012_BEAM_L1.zip,TSC2_012_650_93_BEAM_20260411.csv,TSC2_012_650_93,2026-04-11,286,263529,2026-04-28T10:22:01
012_TSC2,012,TSC2,TSC2_012_BEAM_L1.zip,TSC2_012_650_94_BEAM_20260411.csv,TSC2_012_650_94,2026-04-11,287,263529,2026-04-28T10:22:01
012_TSC2,012,TSC2,TSC2_012_BEAM_L1.zip,TSC2_012_650_95_BEAM_20260411.csv,TSC2_012_650_95,2026-04-11,286,263529,2026-04-28T10:22:01
012_TSC2,012,TSC2,TSC2_012_BEAM_L1.zip,TSC2_012_652_97_BEAM_20260411.csv,TSC2_012_652_97,2026-04-11,286,263529,2026-04-28T10:22:01
012_TSC2,012,TSC2,TSC2_012_BEAM_L1.zip,TSC2_012_652_98_BEAM_20260411.csv,TSC2_012_652_98,2026-04-11,287,263529,2026-04-28T10:22:01
012_TSC2,012,TSC2,TSC2_012_BEAM_L1.zip,TSC2_012_652_99_BEAM_20260411.csv,TSC2_012_652_99,2026-04-11,287,263529,2026-04-28T10:22:01
012_TSC2,012,TSC2,TSC2_012_BEAM_L1.zip,TSC2_012_653_10_BEAM_20260411.csv,TSC2_012_653_10,2026-04-11,286,263529,2026-04-28T10:22:01
012_TSC2,012,TSC2,TSC2_012_BEAM_L1.zip,TSC2_012_653_11_BEAM_20260411.csv,TSC2_012_653_11,2026-04-11,286,263529,2026-04-28T10:22:01
012_TSC2,012,TSC2,TSC2_012_BEAM_L1.zip,TSC2_012_653_7_BEAM_20260411.csv,TSC2_012_653_7,2026-04-11,286,263529,2026-04-28T10:22:01
012_TSC2,012,TSC2,TSC2_012_BEAM_L1.zip,TSC2_012_653_8_BEAM_20260411.csv,TSC2_012_653_8,2026-04-11,286,263529,2026-04-28T10:22:01
012_TSC2,012,TSC2,TSC2_012_BEAM_L1.zip,TSC2_012_653_9_BEAM_20260411.csv,TSC2_012_653_9,2026-04-11,286,263529,2026-04-28T10:22:01
012_TSC2,012,TSC2,TSC2_012_BEAM_L1.zip,TSC2_012_654_1_BEAM_20260411.csv,TSC2_012_654_1,2026-04-11,286,263529,2026-04-28T10:22:01
012_TSC2,012,TSC2,TSC2_012_BEAM_L1.zip,TSC2_012_654_2_BEAM_20260411.csv,TSC2_012_654_2,2026-04-11,286,263529,2026-04-28T10:22:01
012_TSC2,012,TSC2,TSC2_012_BEAM_L1.zip,TSC2_012_654_3_BEAM_20260411.csv,TSC2_012_654_3,2026-04-11,287,263529,2026-04-28T10:22:01
012_TSC2,012,TSC2,TSC2_012_BEAM_L1.zip,TSC2_012_654_4_BEAM_20260411.csv,TSC2_012_654_4,2026-04-11,287,263529,2026-04-28T10:22:01
012_TSC2,012,TSC2,TSC2_012_BEAM_L1.zip,TSC2_012_654_5_BEAM_20260411.csv,TSC2_012_654_5,2026-04-11,286,263529,2026-04-28T10:22:01
012_TSC2,012,TSC2,TSC2_012_BEAM_L1.zip,TSC2_012_657_12_BEAM_20260411.csv,TSC2_012_657_12,2026-04-11,286,263529,2026-04-28T10:22:01
012_TSC2,012,TSC2,TSC2_012_BEAM_L1.zip,TSC2_012_658_13_BEAM_20260411.csv,TSC2_012_658_13,2026-04-11,287,263529,2026-04-28T10:22:01
012_TSC2,012,TSC2,TSC2_012_BEAM_L1.zip,TSC2_012_658_15_BEAM_20260411.csv,TSC2_012_658_15,2026-04-11,286,263529,2026-04-28T10:22:01
012_TSC2,012,TSC2,TSC2_012_BEAM_L1.zip,TSC2_012_658_16_BEAM_20260411.csv,TSC2_012_658_16,2026-04-11,286,263529,2026-04-28T10:22:01
012_TSC2,012,TSC2,TSC2_012_BEAM_L1.zip,TSC2_012_658_17_BEAM_20260411.csv,TSC2_012_658_17,2026-04-11,286,263529,2026-04-28T10:22:01
012_TSC2,012,TSC2,TSC2_012_BEAM_L1.zip,TSC2_012_659_19_BEAM_20260411.csv,TSC2_012_659_19,2026-04-11,286,263529,2026-04-28T10:22:01
012_TSC2,012,TSC2,TSC2_012_BEAM_L1.zip,TSC2_012_659_20_BEAM_20260411.csv,TSC2_012_659_20,2026-04-11,286,263529,2026-04-28T10:22:01
012_TSC2,012,TSC2,TSC2_012_BEAM_L1.zip,TSC2_012_659_21_BEAM_20260411.csv,TSC2_012_659_21,2026-04-11,286,263529,2026-04-28T10:22:01
012_TSC2,012,TSC2,TSC2_012_BEAM_L1.zip,TSC2_012_659_23_BEAM_20260411.csv,TSC2_012_659_23,2026-04-11,286,263529,2026-04-28T10:22:01
012_TSC2,012,TSC2,TSC2_012_BEAM_L1.zip,TSC2_012_659_24_BEAM_20260411.csv,TSC2_012_659_24,2026-04-11,286,263529,2026-04-28T10:22:01
012_TSC2,012,TSC2,TSC2_012_BEAM_L1.zip,TSC2_012_660_25_BEAM_20260411.csv,TSC2_012_660_25,2026-04-11,286,263529,2026-04-28T10:22:01
012_TSC2,012,TSC2,TSC2_012_BEAM_L1.zip,TSC2_012_660_26_BEAM_20260411.csv,TSC2_012_660_26,2026-04-11,286,263529,2026-04-28T10:22:01
012_TSC2,012,TSC2,TSC2_012_BEAM_L1.zip,TSC2_012_660_28_BEAM_20260411.csv,TSC2_012_660_28,2026-04-11,286,263529,2026-04-28T10:22:01
012_TSC2,012,TSC2,TSC2_012_BEAM_L1.zip,TSC2_012_660_29_BEAM_20260411.csv,TSC2_012_660_29,2026-04-11,286,263529,2026-04-28T10:22:01
012_TSC2,012,TSC2,TSC2_012_BEAM_L1.zip,TSC2_012_660_30_BEAM_20260411.csv,TSC2_012_660_30,2026-04-11,286,263529,2026-04-28T10:22:01
012_TSC2,012,TSC2,TSC2_012_BEAM_L1.zip,TSC2_012_660_33_BEAM_20260411.csv,TSC2_012_660_33,2026-04-11,286,263529,2026-04-28T10:22:01
012_TSC2,012,TSC2,TSC2_012_BEAM_L1.zip,TSC2_012_662_38_BEAM_20260411.csv,TSC2_012_662_38,2026-04-11,286,263529,2026-04-28T10:22:01
012_TSC2,012,TSC2,TSC2_012_BEAM_L1.zip,TSC2_012_662_40_BEAM_20260411.csv,TSC2_012_662_40,2026-04-11,286,263529,2026-04-28T10:22:01
012_TSC2,012,TSC2,TSC2_012_BEAM_L1.zip,TSC2_012_662_41_BEAM_20260411.csv,TSC2_012_662_41,2026-04-11,286,263529,2026-04-28T10:22:01
012_TSC2,012,TSC2,TSC2_012_BEAM_L1.zip,TSC2_012_665_43_BEAM_20260411.csv,TSC2_012_665_43,2026-04-11,286,263529,2026-04-28T10:22:01
012_TSC2,012,TSC2,TSC2_012_BEAM_L1.zip,TSC2_012_665_44_BEAM_20260411.csv,TSC2_012_665_44,2026-04-11,287,263529,2026-04-28T10:22:01
012_TSC2,012,TSC2,TSC2_012_BEAM_L1.zip,TSC2_012_665_49_BEAM_20260411.csv,TSC2_012_665_49,2026-04-11,286,263529,2026-04-28T10:22:01
013_KCND3,013,KCND3,KCND3_013_BEAM_L1.zip,KCND3_013_599_37_BEAM_20260425.csv,KCND3_013_599_37,2026-04-25,286,376553,2026-04-28T10:29:08
013_KCND3,013,KCND3,KCND3_013_BEAM_L1.zip,KCND3_013_599_38_BEAM_20260425.csv,KCND3_013_599_38,2026-04-25,286,376553,2026-04-28T10:29:08
013_KCND3,013,KCND3,KCND3_013_BEAM_L1.zip,KCND3_013_599_39_BEAM_20260425.csv,KCND3_013_599_39,2026-04-25,287,376553,2026-04-28T10:29:08
013_KCND3,013,KCND3,KCND3_013_BEAM_L1.zip,KCND3_013_599_40_BEAM_20260425.csv,KCND3_013_599_40,2026-04-25,286,376553,2026-04-28T10:29:08
013_KCND3,013,KCND3,KCND3_013_BEAM_L1.zip,KCND3_013_599_41_BEAM_20260425.csv,KCND3_013_599_41,2026-04-25,286,376553,2026-04-28T10:29:08
013_KCND3,013,KCND3,KCND3_013_BEAM_L1.zip,KCND3_013_613_42_BEAM_20260425.csv,KCND3_013_613_42,2026-04-25,286,376553,2026-04-28T10:29:08
013_KCND3,013,KCND3,KCND3_013_BEAM_L1.zip,KCND3_013_613_43_BEAM_20260425.csv,KCND3_013_613_43,2026-04-25,287,376553,2026-04-28T10:29:08
013_KCND3,013,KCND3,KCND3_013_BEAM_L1.zip,KCND3_013_613_44_BEAM_20260425.csv,KCND3_013_613_44,2026-04-25,286,376553,2026-04-28T10:29:08
013_KCND3,013,KCND3,KCND3_013_BEAM_L1.zip,KCND3_013_613_45_BEAM_20260425.csv,KCND3_013_613_45,2026-04-25,287,376553,2026-04-28T10:29:08
013_KCND3,013,KCND3,KCND3_013_BEAM_L1.zip,KCND3_013_613_46_BEAM_20260425.csv,KCND3_013_613_46,2026-04-25,286,376553,2026-04-28T10:29:08
013_KCND3,013,KCND3,KCND3_013_BEAM_L1.zip,KCND3_013_613_50_BEAM_20260425.csv,KCND3_013_613_50,2026-04-25,286,376553,2026-04-28T10:29:08
013_KCND3,013,KCND3,KCND3_013_BEAM_L1.zip,KCND3_013_614_52_BEAM_20260425.csv,KCND3_013_614_52,2026-04-25,286,376553,2026-04-28T10:29:08
013_KCND3,013,KCND3,KCND3_013_BEAM_L1.zip,KCND3_013_614_54_BEAM_20260425.csv,KCND3_013_614_54,2026-04-25,286,376553,2026-04-28T10:29:08
013_KCND3,013,KCND3,KCND3_013_BEAM_L1.zip,KCND3_013_614_55_BEAM_20260425.csv,KCND3_013_614_55,2026-04-25,287,376553,2026-04-28T10:29:08
013_KCND3,013,KCND3,KCND3_013_BEAM_L1.zip,KCND3_013_615_61_BEAM_20260425.csv,KCND3_013_615_61,2026-04-25,286,376553,2026-04-28T10:29:08
013_KCND3,013,KCND3,KCND3_013_BEAM_L1.zip,KCND3_013_615_63_BEAM_20260425.csv,KCND3_013_615_63,2026-04-25,286,376553,2026-04-28T10:29:08
013_KCND3,013,KCND3,KCND3_013_BEAM_L1.zip,KCND3_013_615_64_BEAM_20260425.csv,KCND3_013_615_64,2026-04-25,286,376553,2026-04-28T10:29:08
013_KCND3,013,KCND3,KCND3_013_BEAM_L1.zip,KCND3_013_615_66_BEAM_20260425.csv,KCND3_013_615_66,2026-04-25,286,376553,2026-04-28T10:29:08
013_KCND3,013,KCND3,KCND3_013_BEAM_L1.zip,KCND3_013_615_67_BEAM_20260425.csv,KCND3_013_615_67,2026-04-25,286,376553,2026-04-28T10:29:08
013_KCND3,013,KCND3,KCND3_013_BEAM_L1.zip,KCND3_013_615_68_BEAM_20260425.csv,KCND3_013_615_68,2026-04-25,286,376553,2026-04-28T10:29:08
013_KCND3,013,KCND3,KCND3_013_BEAM_L1.zip,KCND3_013_616_72_BEAM_20260425.csv,KCND3_013_616_72,2026-04-25,286,376553,2026-04-28T10:29:08
013_KCND3,013,KCND3,KCND3_013_BEAM_L1.zip,KCND3_013_616_74_BEAM_20260425.csv,KCND3_013_616_74,2026-04-25,286,376553,2026-04-28T10:29:08
013_KCND3,013,KCND3,KCND3_013_BEAM_L1.zip,KCND3_013_617_78_BEAM_20260425.csv,KCND3_013_617_78,2026-04-25,287,376553,2026-04-28T10:29:08
013_KCND3,013,KCND3,KCND3_013_BEAM_L1.zip,KCND3_013_617_79_BEAM_20260425.csv,KCND3_013_617_79,2026-04-25,286,376553,2026-04-28T10:29:08
013_KCND3,013,KCND3,KCND3_013_BEAM_L1.zip,KCND3_013_617_80_BEAM_20260425.csv,KCND3_013_617_80,2026-04-25,286,376553,2026-04-28T10:29:08
013_KCND3,013,KCND3,KCND3_013_BEAM_L1.zip,KCND3_013_617_81_BEAM_20260425.csv,KCND3_013_617_81,2026-04-25,286,376553,2026-04-28T10:29:08
013_KCND3,013,KCND3,KCND3_013_BEAM_L1.zip,KCND3_013_617_82_BEAM_20260425.csv,KCND3_013_617_82,2026-04-25,286,376553,2026-04-28T10:29:08
013_KCND3,013,KCND3,KCND3_013_BEAM_L1.zip,KCND3_013_617_87_BEAM_20260425.csv,KCND3_013_617_87,2026-04-25,286,376553,2026-04-28T10:29:08
013_KCND3,013,KCND3,KCND3_013_BEAM_L1.zip,KCND3_013_618_83_BEAM_20260425.csv,KCND3_013_618_83,2026-04-25,286,376553,2026-04-28T10:29:08
013_KCND3,013,KCND3,KCND3_013_BEAM_L1.zip,KCND3_013_618_88_BEAM_20260425.csv,KCND3_013_618_88,2026-04-25,286,376553,2026-04-28T10:29:08
013_KCND3,013,KCND3,KCND3_013_BEAM_L1.zip,KCND3_013_618_89_BEAM_20260425.csv,KCND3_013_618_89,2026-04-25,286,376553,2026-04-28T10:29:08
013_KCND3,013,KCND3,KCND3_013_BEAM_L1.zip,KCND3_013_618_92_BEAM_20260425.csv,KCND3_013_618_92,2026-04-25,286,376553,2026-04-28T10:29:08
013_KCND3,013,KCND3,KCND3_013_BEAM_L1.zip,KCND3_013_618_93_BEAM_20260425.csv,KCND3_013_618_93,2026-04-25,286,376553,2026-04-28T10:29:08
013_KCND3,013,KCND3,KCND3_013_BEAM_L1.zip,KCND3_013_619_58_BEAM_20260425.csv,KCND3_013_619_58,2026-04-25,286,376553,2026-04-28T10:29:08
013_KCND3,013,KCND3,KCND3_013_BEAM_L1.zip,KCND3_013_619_59_BEAM_20260425.csv,KCND3_013_619_59,2026-04-25,286,376553,2026-04-28T10:29:08
013_KCND3,013,KCND3,KCND3_013_BEAM_L1.zip,KCND3_013_619_60_BEAM_20260425.csv,KCND3_013_619_60,2026-04-25,286,376553,2026-04-28T10:29:08
013_KCND3,013,KCND3,KCND3_013_BEAM_L1.zip,KCND3_013_625_1_BEAM_20260425.csv,KCND3_013_625_1,2026-04-25,286,376553,2026-04-28T10:29:08
013_KCND3,013,KCND3,KCND3_013_BEAM_L1.zip,KCND3_013_625_2_BEAM_20260425.csv,KCND3_013_625_2,2026-04-25,286,376553,2026-04-28T10:29:08
013_KCND3,013,KCND3,KCND3_013_BEAM_L1.zip,KCND3_013_625_94_BEAM_20260425.csv,KCND3_013_625_94,2026-04-25,287,376553,2026-04-28T10:29:08
013_KCND3,013,KCND3,KCND3_013_BEAM_L1.zip,KCND3_013_625_96_BEAM_20260425.csv,KCND3_013_625_96,2026-04-25,286,376553,2026-04-28T10:29:08
013_KCND3,013,KCND3,KCND3_013_BEAM_L1.zip,KCND3_013_630_6_BEAM_20260425.csv,KCND3_013_630_6,2026-04-25,286,376553,2026-04-28T10:29:08
013_KCND3,013,KCND3,KCND3_013_BEAM_L1.zip,KCND3_013_630_7_BEAM_20260425.csv,KCND3_013_630_7,2026-04-25,286,376553,2026-04-28T10:29:08
013_KCND3,013,KCND3,KCND3_013_BEAM_L1.zip,KCND3_013_630_9_BEAM_20260425.csv,KCND3_013_630_9,2026-04-25,286,376553,2026-04-28T10:29:08
013_KCND3,013,KCND3,KCND3_013_BEAM_L1.zip,KCND3_013_639_14_BEAM_20260425.csv,KCND3_013_639_14,2026-04-25,286,376553,2026-04-28T10:29:08
013_KCND3,013,KCND3,KCND3_013_BEAM_L1.zip,KCND3_013_641_22_BEAM_20260425.csv,KCND3_013_641_22,2026-04-25,286,376553,2026-04-28T10:29:08
013_KCND3,013,KCND3,KCND3_013_BEAM_L1.zip,KCND3_013_641_25_BEAM_20260425.csv,KCND3_013_641_25,2026-04-25,286,376553,2026-04-28T10:29:08
013_KCND3,013,KCND3,KCND3_013_BEAM_L1.zip,KCND3_013_642_27_BEAM_20260425.csv,KCND3_013_642_27,2026-04-25,286,376553,2026-04-28T10:29:08
013_KCND3,013,KCND3,KCND3_013_BEAM_L1.zip,KCND3_013_642_32_BEAM_20260425.csv,KCND3_013_642_32,2026-04-25,287,376553,2026-04-28T10:29:08
013_KCND3,013,KCND3,KCND3_013_BEAM_L1.zip,KCND3_013_642_34_BEAM_20260425.csv,KCND3_013_642_34,2026-04-25,286,376553,2026-04-28T10:29:08
013_KCND3,013,KCND3,KCND3_013_BEAM_L1.zip,KCND3_013_643_15_BEAM_20260425.csv,KCND3_013_643_15,2026-04-25,287,376553,2026-04-28T10:29:08
013_KCND3,013,KCND3,KCND3_013_BEAM_L1.zip,KCND3_013_643_17_BEAM_20260425.csv,KCND3_013_643_17,2026-04-25,286,376553,2026-04-28T10:29:08
013_KCND3,013,KCND3,KCND3_013_BEAM_L1.zip,KCND3_013_645_36_BEAM_20260425.csv,KCND3_013_645_36,2026-04-25,286,376553,2026-04-28T10:29:08
013_KCND3,013,KCND3,KCND3_013_BEAM_L1.zip,KCND3_013_645_38_BEAM_20260425.csv,KCND3_013_645_38,2026-04-25,286,376553,2026-04-28T10:29:08
013_KCND3,013,KCND3,KCND3_013_BEAM_L1.zip,KCND3_013_645_40_BEAM_20260425.csv,KCND3_013_645_40,2026-04-25,286,376553,2026-04-28T10:29:08
013_KCND3,013,KCND3,KCND3_013_BEAM_L1.zip,KCND3_013_646_45_BEAM_20260425.csv,KCND3_013_646_45,2026-04-25,286,376553,2026-04-28T10:29:08
013_KCND3,013,KCND3,KCND3_013_BEAM_L1.zip,KCND3_013_646_46_BEAM_20260425.csv,KCND3_013_646_46,2026-04-25,286,376553,2026-04-28T10:29:08
013_KCND3,013,KCND3,KCND3_013_BEAM_L1.zip,KCND3_013_647_51_BEAM_20260425.csv,KCND3_013_647_51,2026-04-25,287,376553,2026-04-28T10:29:08
013_KCND3,013,KCND3,KCND3_013_BEAM_L1.zip,KCND3_013_647_52_BEAM_20260425.csv,KCND3_013_647_52,2026-04-25,287,376553,2026-04-28T10:29:08
014_SCN1A,014,SCN1A,SCN1A_014_BEAM_L1 (1).zip,SCN1A_014_676_2_BEAM_20260509.csv,SCN1A_014_676_2,2026-05-09,286,230327,2026-05-19T11:38:56
014_SCN1A,014,SCN1A,SCN1A_014_BEAM_L1 (1).zip,SCN1A_014_676_3_BEAM_20260509.csv,SCN1A_014_676_3,2026-05-09,286,230327,2026-05-19T11:38:56
014_SCN1A,014,SCN1A,SCN1A_014_BEAM_L1 (1).zip,SCN1A_014_676_96_BEAM_20260509.csv,SCN1A_014_676_96,2026-05-09,286,230327,2026-05-19T11:38:56
014_SCN1A,014,SCN1A,SCN1A_014_BEAM_L1 (1).zip,SCN1A_014_676_97_BEAM_20260509.csv,SCN1A_014_676_97,2026-05-09,286,230327,2026-05-19T11:38:56
014_SCN1A,014,SCN1A,SCN1A_014_BEAM_L1 (1).zip,SCN1A_014_676_98_BEAM_20260509.csv,SCN1A_014_676_98,2026-05-09,286,230327,2026-05-19T11:38:56
014_SCN1A,014,SCN1A,SCN1A_014_BEAM_L1 (1).zip,SCN1A_014_676_99_BEAM_20260509.csv,SCN1A_014_676_99,2026-05-09,286,230327,2026-05-19T11:38:56
014_SCN1A,014,SCN1A,SCN1A_014_BEAM_L1 (1).zip,SCN1A_014_679_11_BEAM_20260509.csv,SCN1A_014_679_11,2026-05-09,286,230327,2026-05-19T11:38:56
014_SCN1A,014,SCN1A,SCN1A_014_BEAM_L1 (1).zip,SCN1A_014_679_12_BEAM_20260509.csv,SCN1A_014_679_12,2026-05-09,286,230327,2026-05-19T11:38:56
014_SCN1A,014,SCN1A,SCN1A_014_BEAM_L1 (1).zip,SCN1A_014_679_15_BEAM_20260509.csv,SCN1A_014_679_15,2026-05-09,286,230327,2026-05-19T11:38:56
014_SCN1A,014,SCN1A,SCN1A_014_BEAM_L1 (1).zip,SCN1A_014_680_16_BEAM_20260509.csv,SCN1A_014_680_16,2026-05-09,286,230327,2026-05-19T11:38:56
014_SCN1A,014,SCN1A,SCN1A_014_BEAM_L1 (1).zip,SCN1A_014_680_17_BEAM_20260509.csv,SCN1A_014_680_17,2026-05-09,286,230327,2026-05-19T11:38:56
014_SCN1A,014,SCN1A,SCN1A_014_BEAM_L1 (1).zip,SCN1A_014_680_18_BEAM_20260509.csv,SCN1A_014_680_18,2026-05-09,286,230327,2026-05-19T11:38:56
014_SCN1A,014,SCN1A,SCN1A_014_BEAM_L1 (1).zip,SCN1A_014_681_88_BEAM_20260509.csv,SCN1A_014_681_88,2026-05-09,286,230327,2026-05-19T11:38:56
014_SCN1A,014,SCN1A,SCN1A_014_BEAM_L1 (1).zip,SCN1A_014_681_89_BEAM_20260509.csv,SCN1A_014_681_89,2026-05-09,286,230327,2026-05-19T11:38:56
014_SCN1A,014,SCN1A,SCN1A_014_BEAM_L1 (1).zip,SCN1A_014_681_90_BEAM_20260509.csv,SCN1A_014_681_90,2026-05-09,286,230327,2026-05-19T11:38:56
014_SCN1A,014,SCN1A,SCN1A_014_BEAM_L1 (1).zip,SCN1A_014_681_91_BEAM_20260509.csv,SCN1A_014_681_91,2026-05-09,286,230327,2026-05-19T11:38:56
014_SCN1A,014,SCN1A,SCN1A_014_BEAM_L1 (1).zip,SCN1A_014_682_19_BEAM_20260509.csv,SCN1A_014_682_19,2026-05-09,286,230327,2026-05-19T11:38:56
014_SCN1A,014,SCN1A,SCN1A_014_BEAM_L1 (1).zip,SCN1A_014_682_20_BEAM_20260509.csv,SCN1A_014_682_20,2026-05-09,286,230327,2026-05-19T11:38:56
014_SCN1A,014,SCN1A,SCN1A_014_BEAM_L1 (1).zip,SCN1A_014_682_21_BEAM_20260509.csv,SCN1A_014_682_21,2026-05-09,286,230327,2026-05-19T11:38:56
014_SCN1A,014,SCN1A,SCN1A_014_BEAM_L1 (1).zip,SCN1A_014_682_22_BEAM_20260509.csv,SCN1A_014_682_22,2026-05-09,286,230327,2026-05-19T11:38:56
014_SCN1A,014,SCN1A,SCN1A_014_BEAM_L1 (1).zip,SCN1A_014_682_23_BEAM_20260509.csv,SCN1A_014_682_23,2026-05-09,286,230327,2026-05-19T11:38:56
014_SCN1A,014,SCN1A,SCN1A_014_BEAM_L1 (1).zip,SCN1A_014_682_24_BEAM_20260509.csv,SCN1A_014_682_24,2026-05-09,287,230327,2026-05-19T11:38:56
014_SCN1A,014,SCN1A,SCN1A_014_BEAM_L1 (1).zip,SCN1A_014_683_25_BEAM_20260509.csv,SCN1A_014_683_25,2026-05-09,286,230327,2026-05-19T11:38:56
014_SCN1A,014,SCN1A,SCN1A_014_BEAM_L1 (1).zip,SCN1A_014_683_26_BEAM_20260509.csv,SCN1A_014_683_26,2026-05-09,287,230327,2026-05-19T11:38:56
014_SCN1A,014,SCN1A,SCN1A_014_BEAM_L1 (1).zip,SCN1A_014_683_27_BEAM_20260509.csv,SCN1A_014_683_27,2026-05-09,287,230327,2026-05-19T11:38:56
014_SCN1A,014,SCN1A,SCN1A_014_BEAM_L1 (1).zip,SCN1A_014_683_28_BEAM_20260509.csv,SCN1A_014_683_28,2026-05-09,286,230327,2026-05-19T11:38:56
014_SCN1A,014,SCN1A,SCN1A_014_BEAM_L1 (1).zip,SCN1A_014_683_29_BEAM_20260509.csv,SCN1A_014_683_29,2026-05-09,286,230327,2026-05-19T11:38:56
014_SCN1A,014,SCN1A,SCN1A_014_BEAM_L1 (1).zip,SCN1A_014_684_31_BEAM_20260509.csv,SCN1A_014_684_31,2026-05-09,287,230327,2026-05-19T11:38:56
014_SCN1A,014,SCN1A,SCN1A_014_BEAM_L1 (1).zip,SCN1A_014_685_35_BEAM_20260509.csv,SCN1A_014_685_35,2026-05-09,286,230327,2026-05-19T11:38:56
014_SCN1A,014,SCN1A,SCN1A_014_BEAM_L1 (1).zip,SCN1A_014_685_36_BEAM_20260509.csv,SCN1A_014_685_36,2026-05-09,286,230327,2026-05-19T11:38:56
014_SCN1A,014,SCN1A,SCN1A_014_BEAM_L1 (1).zip,SCN1A_014_685_37_BEAM_20260509.csv,SCN1A_014_685_37,2026-05-09,287,230327,2026-05-19T11:38:56
014_SCN1A,014,SCN1A,SCN1A_014_BEAM_L1 (1).zip,SCN1A_014_685_38_BEAM_20260509.csv,SCN1A_014_685_38,2026-05-09,286,230327,2026-05-19T11:38:56
014_SCN1A,014,SCN1A,SCN1A_014_BEAM_L1 (1).zip,SCN1A_014_685_39_BEAM_20260509.csv,SCN1A_014_685_39,2026-05-09,287,230327,2026-05-19T11:38:56
014_SCN1A,014,SCN1A,SCN1A_014_BEAM_L1 (1).zip,SCN1A_014_686_42_BEAM_20260509.csv,SCN1A_014_686_42,2026-05-09,286,230327,2026-05-19T11:38:56
014_SCN1A,014,SCN1A,SCN1A_014_BEAM_L1 (1).zip,SCN1A_014_686_44_BEAM_20260509.csv,SCN1A_014_686_44,2026-05-09,286,230327,2026-05-19T11:38:56
014_SCN1A,014,SCN1A,SCN1A_014_BEAM_L1 (1).zip,SCN1A_014_686_45_BEAM_20260509.csv,SCN1A_014_686_45,2026-05-09,286,230327,2026-05-19T11:38:56
014_SCN1A,014,SCN1A,SCN1A_014_BEAM_L1 (1).zip,SCN1A_014_688_92_BEAM_20260509.csv,SCN1A_014_688_92,2026-05-09,286,230327,2026-05-19T11:38:56
014_SCN1A,014,SCN1A,SCN1A_014_BEAM_L1 (1).zip,SCN1A_014_688_93_BEAM_20260509.csv,SCN1A_014_688_93,2026-05-09,287,230327,2026-05-19T11:38:56
014_SCN1A,014,SCN1A,SCN1A_014_BEAM_L1 (1).zip,SCN1A_014_688_94_BEAM_20260509.csv,SCN1A_014_688_94,2026-05-09,287,230327,2026-05-19T11:38:56
014_SCN1A,014,SCN1A,SCN1A_014_BEAM_L1 (1).zip,SCN1A_014_688_95_BEAM_20260509.csv,SCN1A_014_688_95,2026-05-09,286,230327,2026-05-19T11:38:56
015_BCL11B,015,BCL11B,BCL11B_015_BEAM_L1.zip,BCL11B_015_670_22_BEAM_20260530.csv,BCL11B_015_670_22,2026-05-30,286,238821,2026-06-09T11:48:33
015_BCL11B,015,BCL11B,BCL11B_015_BEAM_L1.zip,BCL11B_015_670_25_BEAM_20260530.csv,BCL11B_015_670_25,2026-05-30,286,238821,2026-06-09T11:48:33
015_BCL11B,015,BCL11B,BCL11B_015_BEAM_L1.zip,BCL11B_015_670_27_BEAM_20260530.csv,BCL11B_015_670_27,2026-05-30,287,238821,2026-06-09T11:48:33
015_BCL11B,015,BCL11B,BCL11B_015_BEAM_L1.zip,BCL11B_015_670_28_BEAM_20260530.csv,BCL11B_015_670_28,2026-05-30,286,238821,2026-06-09T11:48:33
015_BCL11B,015,BCL11B,BCL11B_015_BEAM_L1.zip,BCL11B_015_671_47_BEAM_20260530.csv,BCL11B_015_671_47,2026-05-30,286,238821,2026-06-09T11:48:33
015_BCL11B,015,BCL11B,BCL11B_015_BEAM_L1.zip,BCL11B_015_671_48_BEAM_20260530.csv,BCL11B_015_671_48,2026-05-30,286,238821,2026-06-09T11:48:33
015_BCL11B,015,BCL11B,BCL11B_015_BEAM_L1.zip,BCL11B_015_671_50_BEAM_20260530.csv,BCL11B_015_671_50,2026-05-30,286,238821,2026-06-09T11:48:33
015_BCL11B,015,BCL11B,BCL11B_015_BEAM_L1.zip,BCL11B_015_671_51_BEAM_20260530.csv,BCL11B_015_671_51,2026-05-30,286,238821,2026-06-09T11:48:33
015_BCL11B,015,BCL11B,BCL11B_015_BEAM_L1.zip,BCL11B_015_671_53_BEAM_20260530.csv,BCL11B_015_671_53,2026-05-30,286,238821,2026-06-09T11:48:33
015_BCL11B,015,BCL11B,BCL11B_015_BEAM_L1.zip,BCL11B_015_671_54_BEAM_20260530.csv,BCL11B_015_671_54,2026-05-30,287,238821,2026-06-09T11:48:33
015_BCL11B,015,BCL11B,BCL11B_015_BEAM_L1.zip,BCL11B_015_672_29_BEAM_20260530.csv,BCL11B_015_672_29,2026-05-30,286,238821,2026-06-09T11:48:33
015_BCL11B,015,BCL11B,BCL11B_015_BEAM_L1.zip,BCL11B_015_672_30_BEAM_20260530.csv,BCL11B_015_672_30,2026-05-30,286,238821,2026-06-09T11:48:33
015_BCL11B,015,BCL11B,BCL11B_015_BEAM_L1.zip,BCL11B_015_672_32_BEAM_20260530.csv,BCL11B_015_672_32,2026-05-30,286,238821,2026-06-09T11:48:33
015_BCL11B,015,BCL11B,BCL11B_015_BEAM_L1.zip,BCL11B_015_672_33_BEAM_20260530.csv,BCL11B_015_672_33,2026-05-30,286,238821,2026-06-09T11:48:33
015_BCL11B,015,BCL11B,BCL11B_015_BEAM_L1.zip,BCL11B_015_672_34_BEAM_20260530.csv,BCL11B_015_672_34,2026-05-30,287,238821,2026-06-09T11:48:33
015_BCL11B,015,BCL11B,BCL11B_015_BEAM_L1.zip,BCL11B_015_672_35_BEAM_20260530.csv,BCL11B_015_672_35,2026-05-30,286,238821,2026-06-09T11:48:33
015_BCL11B,015,BCL11B,BCL11B_015_BEAM_L1.zip,BCL11B_015_673_39_BEAM_20260530.csv,BCL11B_015_673_39,2026-05-30,287,238821,2026-06-09T11:48:33
015_BCL11B,015,BCL11B,BCL11B_015_BEAM_L1.zip,BCL11B_015_673_40_BEAM_20260530.csv,BCL11B_015_673_40,2026-05-30,286,238821,2026-06-09T11:48:33
015_BCL11B,015,BCL11B,BCL11B_015_BEAM_L1.zip,BCL11B_015_673_41_BEAM_20260530.csv,BCL11B_015_673_41,2026-05-30,286,238821,2026-06-09T11:48:33
015_BCL11B,015,BCL11B,BCL11B_015_BEAM_L1.zip,BCL11B_015_673_42_BEAM_20260530.csv,BCL11B_015_673_42,2026-05-30,286,238821,2026-06-09T11:48:33
015_BCL11B,015,BCL11B,BCL11B_015_BEAM_L1.zip,BCL11B_015_673_43_BEAM_20260530.csv,BCL11B_015_673_43,2026-05-30,287,238821,2026-06-09T11:48:33
015_BCL11B,015,BCL11B,BCL11B_015_BEAM_L1.zip,BCL11B_015_673_44_BEAM_20260530.csv,BCL11B_015_673_44,2026-05-30,286,238821,2026-06-09T11:48:33
015_BCL11B,015,BCL11B,BCL11B_015_BEAM_L1.zip,BCL11B_015_674_64_BEAM_20260530.csv,BCL11B_015_674_64,2026-05-30,286,238821,2026-06-09T11:48:33
015_BCL11B,015,BCL11B,BCL11B_015_BEAM_L1.zip,BCL11B_015_674_65_BEAM_20260530.csv,BCL11B_015_674_65,2026-05-30,286,238821,2026-06-09T11:48:33
015_BCL11B,015,BCL11B,BCL11B_015_BEAM_L1.zip,BCL11B_015_690_57_BEAM_20260530.csv,BCL11B_015_690_57,2026-05-30,286,238821,2026-06-09T11:48:33
015_BCL11B,015,BCL11B,BCL11B_015_BEAM_L1.zip,BCL11B_015_690_58_BEAM_20260530.csv,BCL11B_015_690_58,2026-05-30,286,238821,2026-06-09T11:48:33
015_BCL11B,015,BCL11B,BCL11B_015_BEAM_L1.zip,BCL11B_015_690_59_BEAM_20260530.csv,BCL11B_015_690_59,2026-05-30,287,238821,2026-06-09T11:48:33
015_BCL11B,015,BCL11B,BCL11B_015_BEAM_L1.zip,BCL11B_015_690_60_BEAM_20260530.csv,BCL11B_015_690_60,2026-05-30,286,238821,2026-06-09T11:48:33
015_BCL11B,015,BCL11B,BCL11B_015_BEAM_L1.zip,BCL11B_015_690_61_BEAM_20260530.csv,BCL11B_015_690_61,2026-05-30,286,238821,2026-06-09T11:48:33
015_BCL11B,015,BCL11B,BCL11B_015_BEAM_L1.zip,BCL11B_015_690_62_BEAM_20260530.csv,BCL11B_015_690_62,2026-05-30,286,238821,2026-06-09T11:48:33
015_BCL11B,015,BCL11B,BCL11B_015_BEAM_L1.zip,BCL11B_015_698_65_BEAM_20260530.csv,BCL11B_015_698_65,2026-05-30,286,238821,2026-06-09T11:48:33
015_BCL11B,015,BCL11B,BCL11B_015_BEAM_L1.zip,BCL11B_015_698_66_BEAM_20260530.csv,BCL11B_015_698_66,2026-05-30,286,238821,2026-06-09T11:48:33
015_BCL11B,015,BCL11B,BCL11B_015_BEAM_L1.zip,BCL11B_015_698_69_BEAM_20260530.csv,BCL11B_015_698_69,2026-05-30,286,238821,2026-06-09T11:48:33
015_BCL11B,015,BCL11B,BCL11B_015_BEAM_L1.zip,BCL11B_015_724_74_BEAM_20260530.csv,BCL11B_015_724_74,2026-05-30,286,238821,2026-06-09T11:48:33
015_BCL11B,015,BCL11B,BCL11B_015_BEAM_L1.zip,BCL11B_015_724_75_BEAM_20260530.csv,BCL11B_015_724_75,2026-05-30,287,238821,2026-06-09T11:48:33
015_BCL11B,015,BCL11B,BCL11B_015_BEAM_L1.zip,BCL11B_015_724_80_BEAM_20260530.csv,BCL11B_015_724_80,2026-05-30,286,238821,2026-06-09T11:48:33
015_BCL11B,015,BCL11B,BCL11B_015_BEAM_L1.zip,BCL11B_015_726_13_BEAM_20260530.csv,BCL11B_015_726_13,2026-05-30,286,238821,2026-06-09T11:48:33
015_BCL11B,015,BCL11B,BCL11B_015_BEAM_L1.zip,BCL11B_015_728_92_BEAM_20260530.csv,BCL11B_015_728_92,2026-05-30,286,238821,2026-06-09T11:48:33
015_BCL11B,015,BCL11B,BCL11B_015_BEAM_L1.zip,BCL11B_015_728_93_BEAM_20260530.csv,BCL11B_015_728_93,2026-05-30,286,238821,2026-06-09T11:48:33
016_FBN1,016,FBN1,FBN1_016_BEAM_L1.zip,FBN1_016_710_86_BEAM_20260613.csv,FBN1_016_710_86,2026-06-13,286,250214,2026-06-26T14:59:21
016_FBN1,016,FBN1,FBN1_016_BEAM_L1.zip,FBN1_016_710_87_BEAM_20260613.csv,FBN1_016_710_87,2026-06-13,286,250214,2026-06-26T14:59:21
016_FBN1,016,FBN1,FBN1_016_BEAM_L1.zip,FBN1_016_710_89_BEAM_20260613.csv,FBN1_016_710_89,2026-06-13,286,250214,2026-06-26T14:59:21
016_FBN1,016,FBN1,FBN1_016_BEAM_L1.zip,FBN1_016_711_90_BEAM_20260613.csv,FBN1_016_711_90,2026-06-13,287,250214,2026-06-26T14:59:21
016_FBN1,016,FBN1,FBN1_016_BEAM_L1.zip,FBN1_016_711_91_BEAM_20260613.csv,FBN1_016_711_91,2026-06-13,286,250214,2026-06-26T14:59:21
016_FBN1,016,FBN1,FBN1_016_BEAM_L1.zip,FBN1_016_711_92_BEAM_20260613.csv,FBN1_016_711_92,2026-06-13,286,250214,2026-06-26T14:59:21
016_FBN1,016,FBN1,FBN1_016_BEAM_L1.zip,FBN1_016_711_93_BEAM_20260613.csv,FBN1_016_711_93,2026-06-13,286,250214,2026-06-26T14:59:21
016_FBN1,016,FBN1,FBN1_016_BEAM_L1.zip,FBN1_016_711_94_BEAM_20260613.csv,FBN1_016_711_94,2026-06-13,287,250214,2026-06-26T14:59:21
016_FBN1,016,FBN1,FBN1_016_BEAM_L1.zip,FBN1_016_711_95_BEAM_20260613.csv,FBN1_016_711_95,2026-06-13,286,250214,2026-06-26T14:59:21
016_FBN1,016,FBN1,FBN1_016_BEAM_L1.zip,FBN1_016_711_96_BEAM_20260613.csv,FBN1_016_711_96,2026-06-13,286,250214,2026-06-26T14:59:21
016_FBN1,016,FBN1,FBN1_016_BEAM_L1.zip,FBN1_016_712_68_BEAM_20260613.csv,FBN1_016_712_68,2026-06-13,287,250214,2026-06-26T14:59:21
016_FBN1,016,FBN1,FBN1_016_BEAM_L1.zip,FBN1_016_712_70_BEAM_20260613.csv,FBN1_016_712_70,2026-06-13,286,250214,2026-06-26T14:59:21
016_FBN1,016,FBN1,FBN1_016_BEAM_L1.zip,FBN1_016_712_71_BEAM_20260613.csv,FBN1_016_712_71,2026-06-13,286,250214,2026-06-26T14:59:21
016_FBN1,016,FBN1,FBN1_016_BEAM_L1.zip,FBN1_016_712_72_BEAM_20260613.csv,FBN1_016_712_72,2026-06-13,286,250214,2026-06-26T14:59:21
016_FBN1,016,FBN1,FBN1_016_BEAM_L1.zip,FBN1_016_712_73_BEAM_20260613.csv,FBN1_016_712_73,2026-06-13,286,250214,2026-06-26T14:59:21
016_FBN1,016,FBN1,FBN1_016_BEAM_L1.zip,FBN1_016_712_74_BEAM_20260613.csv,FBN1_016_712_74,2026-06-13,286,250214,2026-06-26T14:59:21
016_FBN1,016,FBN1,FBN1_016_BEAM_L1.zip,FBN1_016_712_75_BEAM_20260613.csv,FBN1_016_712_75,2026-06-13,286,250214,2026-06-26T14:59:21
016_FBN1,016,FBN1,FBN1_016_BEAM_L1.zip,FBN1_016_713_5_BEAM_20260613.csv,FBN1_016_713_5,2026-06-13,286,250214,2026-06-26T14:59:21
016_FBN1,016,FBN1,FBN1_016_BEAM_L1.zip,FBN1_016_713_6_BEAM_20260613.csv,FBN1_016_713_6,2026-06-13,286,250214,2026-06-26T14:59:21
016_FBN1,016,FBN1,FBN1_016_BEAM_L1.zip,FBN1_016_713_97_BEAM_20260613.csv,FBN1_016_713_97,2026-06-13,286,250214,2026-06-26T14:59:21
016_FBN1,016,FBN1,FBN1_016_BEAM_L1.zip,FBN1_016_713_98_BEAM_20260613.csv,FBN1_016_713_98,2026-06-13,286,250214,2026-06-26T14:59:21
016_FBN1,016,FBN1,FBN1_016_BEAM_L1.zip,FBN1_016_714_11_BEAM_20260613.csv,FBN1_016_714_11,2026-06-13,286,250214,2026-06-26T14:59:21
016_FBN1,016,FBN1,FBN1_016_BEAM_L1.zip,FBN1_016_714_12_BEAM_20260613.csv,FBN1_016_714_12,2026-06-13,286,250214,2026-06-26T14:59:21
016_FBN1,016,FBN1,FBN1_016_BEAM_L1.zip,FBN1_016_714_7_BEAM_20260613.csv,FBN1_016_714_7,2026-06-13,286,250214,2026-06-26T14:59:21
016_FBN1,016,FBN1,FBN1_016_BEAM_L1.zip,FBN1_016_715_76_BEAM_20260613.csv,FBN1_016_715_76,2026-06-13,286,250214,2026-06-26T14:59:21
016_FBN1,016,FBN1,FBN1_016_BEAM_L1.zip,FBN1_016_715_77_BEAM_20260613.csv,FBN1_016_715_77,2026-06-13,286,250214,2026-06-26T14:59:21
016_FBN1,016,FBN1,FBN1_016_BEAM_L1.zip,FBN1_016_715_78_BEAM_20260613.csv,FBN1_016_715_78,2026-06-13,286,250214,2026-06-26T14:59:21
016_FBN1,016,FBN1,FBN1_016_BEAM_L1.zip,FBN1_016_716_80_BEAM_20260613.csv,FBN1_016_716_80,2026-06-13,286,250214,2026-06-26T14:59:21
016_FBN1,016,FBN1,FBN1_016_BEAM_L1.zip,FBN1_016_716_81_BEAM_20260613.csv,FBN1_016_716_81,2026-06-13,286,250214,2026-06-26T14:59:21
016_FBN1,016,FBN1,FBN1_016_BEAM_L1.zip,FBN1_016_716_82_BEAM_20260613.csv,FBN1_016_716_82,2026-06-13,286,250214,2026-06-26T14:59:21
016_FBN1,016,FBN1,FBN1_016_BEAM_L1.zip,FBN1_016_716_83_BEAM_20260613.csv,FBN1_016_716_83,2026-06-13,286,250214,2026-06-26T14:59:21
016_FBN1,016,FBN1,FBN1_016_BEAM_L1.zip,FBN1_016_716_84_BEAM_20260613.csv,FBN1_016_716_84,2026-06-13,286,250214,2026-06-26T14:59:21
016_FBN1,016,FBN1,FBN1_016_BEAM_L1.zip,FBN1_016_722_64_BEAM_20260613.csv,FBN1_016_722_64,2026-06-13,286,250214,2026-06-26T14:59:21
016_FBN1,016,FBN1,FBN1_016_BEAM_L1.zip,FBN1_016_722_65_BEAM_20260613.csv,FBN1_016_722_65,2026-06-13,286,250214,2026-06-26T14:59:21
016_FBN1,016,FBN1,FBN1_016_BEAM_L1.zip,FBN1_016_722_66_BEAM_20260613.csv,FBN1_016_722_66,2026-06-13,286,250214,2026-06-26T14:59:21
016_FBN1,016,FBN1,FBN1_016_BEAM_L1.zip,FBN1_016_722_67_BEAM_20260613.csv,FBN1_016_722_67,2026-06-13,286,250214,2026-06-26T14:59:21
016_FBN1,016,FBN1,FBN1_016_BEAM_L1.zip,FBN1_016_723_22_BEAM_20260613.csv,FBN1_016_723_22,2026-06-13,287,250214,2026-06-26T14:59:21
016_FBN1,016,FBN1,FBN1_016_BEAM_L1.zip,FBN1_016_799_42_BEAM_20260613.csv,FBN1_016_799_42,2026-06-13,286,250214,2026-06-26T14:59:21
016_FBN1,016,FBN1,FBN1_016_BEAM_L1.zip,FBN1_016_801_63_BEAM_20260613.csv,FBN1_016_801_63,2026-06-13,286,250214,2026-06-26T14:59:21
017_KAT6B,017,KAT6B,017_KAT6B_BEAM_L1.zip,KAT6B_017_695_77_BEAM_20260627.csv,KAT6B_017_695_77,2026-06-27,286,231101,2026-07-27T15:25:57
017_KAT6B,017,KAT6B,017_KAT6B_BEAM_L1.zip,KAT6B_017_695_78_BEAM_20260627.csv,KAT6B_017_695_78,2026-06-27,286,231101,2026-07-27T15:25:57
017_KAT6B,017,KAT6B,017_KAT6B_BEAM_L1.zip,KAT6B_017_695_80_BEAM_20260627.csv,KAT6B_017_695_80,2026-06-27,286,231101,2026-07-27T15:25:57
017_KAT6B,017,KAT6B,017_KAT6B_BEAM_L1.zip,KAT6B_017_695_81_BEAM_20260627.csv,KAT6B_017_695_81,2026-06-27,286,231101,2026-07-27T15:25:57
017_KAT6B,017,KAT6B,017_KAT6B_BEAM_L1.zip,KAT6B_017_695_83_BEAM_20260627.csv,KAT6B_017_695_83,2026-06-27,287,231101,2026-07-27T15:25:57
017_KAT6B,017,KAT6B,017_KAT6B_BEAM_L1.zip,KAT6B_017_695_84_BEAM_20260627.csv,KAT6B_017_695_84,2026-06-27,285,231101,2026-07-27T15:25:57
017_KAT6B,017,KAT6B,017_KAT6B_BEAM_L1.zip,KAT6B_017_696_64_BEAM_20260627.csv,KAT6B_017_696_64,2026-06-27,286,231101,2026-07-27T15:25:57
017_KAT6B,017,KAT6B,017_KAT6B_BEAM_L1.zip,KAT6B_017_696_65_BEAM_20260627.csv,KAT6B_017_696_65,2026-06-27,286,231101,2026-07-27T15:25:57
017_KAT6B,017,KAT6B,017_KAT6B_BEAM_L1.zip,KAT6B_017_696_66_BEAM_20260627.csv,KAT6B_017_696_66,2026-06-27,286,231101,2026-07-27T15:25:57
017_KAT6B,017,KAT6B,017_KAT6B_BEAM_L1.zip,KAT6B_017_696_67_BEAM_20260627.csv,KAT6B_017_696_67,2026-06-27,286,231101,2026-07-27T15:25:57
017_KAT6B,017,KAT6B,017_KAT6B_BEAM_L1.zip,KAT6B_017_696_68_BEAM_20260627.csv,KAT6B_017_696_68,2026-06-27,286,231101,2026-07-27T15:25:57
017_KAT6B,017,KAT6B,017_KAT6B_BEAM_L1.zip,KAT6B_017_697_62_BEAM_20260627.csv,KAT6B_017_697_62,2026-06-27,287,231101,2026-07-27T15:25:57
017_KAT6B,017,KAT6B,017_KAT6B_BEAM_L1.zip,KAT6B_017_697_63_BEAM_20260627.csv,KAT6B_017_697_63,2026-06-27,287,231101,2026-07-27T15:25:57
017_KAT6B,017,KAT6B,017_KAT6B_BEAM_L1.zip,KAT6B_017_699_86_BEAM_20260627.csv,KAT6B_017_699_86,2026-06-27,286,231101,2026-07-27T15:25:57
017_KAT6B,017,KAT6B,017_KAT6B_BEAM_L1.zip,KAT6B_017_699_89_BEAM_20260627.csv,KAT6B_017_699_89,2026-06-27,286,231101,2026-07-27T15:25:57
017_KAT6B,017,KAT6B,017_KAT6B_BEAM_L1.zip,KAT6B_017_699_90_BEAM_20260627.csv,KAT6B_017_699_90,2026-06-27,286,231101,2026-07-27T15:25:57
017_KAT6B,017,KAT6B,017_KAT6B_BEAM_L1.zip,KAT6B_017_700_91_BEAM_20260627.csv,KAT6B_017_700_91,2026-06-27,286,231101,2026-07-27T15:25:57
017_KAT6B,017,KAT6B,017_KAT6B_BEAM_L1.zip,KAT6B_017_700_92_BEAM_20260627.csv,KAT6B_017_700_92,2026-06-27,286,231101,2026-07-27T15:25:57
017_KAT6B,017,KAT6B,017_KAT6B_BEAM_L1.zip,KAT6B_017_700_93_BEAM_20260627.csv,KAT6B_017_700_93,2026-06-27,287,231101,2026-07-27T15:25:57
017_KAT6B,017,KAT6B,017_KAT6B_BEAM_L1.zip,KAT6B_017_700_94_BEAM_20260627.csv,KAT6B_017_700_94,2026-06-27,286,231101,2026-07-27T15:25:57
017_KAT6B,017,KAT6B,017_KAT6B_BEAM_L1.zip,KAT6B_017_702_70_BEAM_20260627.csv,KAT6B_017_702_70,2026-06-27,286,231101,2026-07-27T15:25:57
017_KAT6B,017,KAT6B,017_KAT6B_BEAM_L1.zip,KAT6B_017_702_71_BEAM_20260627.csv,KAT6B_017_702_71,2026-06-27,286,231101,2026-07-27T15:25:57
017_KAT6B,017,KAT6B,017_KAT6B_BEAM_L1.zip,KAT6B_017_702_73_BEAM_20260627.csv,KAT6B_017_702_73,2026-06-27,286,231101,2026-07-27T15:25:57
017_KAT6B,017,KAT6B,017_KAT6B_BEAM_L1.zip,KAT6B_017_702_74_BEAM_20260627.csv,KAT6B_017_702_74,2026-06-27,287,231101,2026-07-27T15:25:57
017_KAT6B,017,KAT6B,017_KAT6B_BEAM_L1.zip,KAT6B_017_702_75_BEAM_20260627.csv,KAT6B_017_702_75,2026-06-27,286,231101,2026-07-27T15:25:57
017_KAT6B,017,KAT6B,017_KAT6B_BEAM_L1.zip,KAT6B_017_702_76_BEAM_20260627.csv,KAT6B_017_702_76,2026-06-27,287,231101,2026-07-27T15:25:57
017_KAT6B,017,KAT6B,017_KAT6B_BEAM_L1.zip,KAT6B_017_703_1_BEAM_20260627.csv,KAT6B_017_703_1,2026-06-27,287,231101,2026-07-27T15:25:57
017_KAT6B,017,KAT6B,017_KAT6B_BEAM_L1.zip,KAT6B_017_703_2_BEAM_20260627.csv,KAT6B_017_703_2,2026-06-27,286,231101,2026-07-27T15:25:57
017_KAT6B,017,KAT6B,017_KAT6B_BEAM_L1.zip,KAT6B_017_703_97_BEAM_20260627.csv,KAT6B_017_703_97,2026-06-27,286,231101,2026-07-27T15:25:57
017_KAT6B,017,KAT6B,017_KAT6B_BEAM_L1.zip,KAT6B_017_703_98_BEAM_20260627.csv,KAT6B_017_703_98,2026-06-27,286,231101,2026-07-27T15:25:57
017_KAT6B,017,KAT6B,017_KAT6B_BEAM_L1.zip,KAT6B_017_703_99_BEAM_20260627.csv,KAT6B_017_703_99,2026-06-27,286,231101,2026-07-27T15:25:57
017_KAT6B,017,KAT6B,017_KAT6B_BEAM_L1.zip,KAT6B_017_707_10_BEAM_20260627.csv,KAT6B_017_707_10,2026-06-27,287,231101,2026-07-27T15:25:57
017_KAT6B,017,KAT6B,017_KAT6B_BEAM_L1.zip,KAT6B_017_707_13_BEAM_20260627.csv,KAT6B_017_707_13,2026-06-27,286,231101,2026-07-27T15:25:57
017_KAT6B,017,KAT6B,017_KAT6B_BEAM_L1.zip,KAT6B_017_709_21_BEAM_20260627.csv,KAT6B_017_709_21,2026-06-27,286,231101,2026-07-27T15:25:57
017_KAT6B,017,KAT6B,017_KAT6B_BEAM_L1.zip,KAT6B_017_709_22_BEAM_20260627.csv,KAT6B_017_709_22,2026-06-27,287,231101,2026-07-27T15:25:57
017_KAT6B,017,KAT6B,017_KAT6B_BEAM_L1.zip,KAT6B_017_791_62_BEAM_20260627.csv,KAT6B_017_791_62,2026-06-27,286,231101,2026-07-27T15:25:57
017_KAT6B,017,KAT6B,017_KAT6B_BEAM_L1.zip,KAT6B_017_791_63_BEAM_20260627.csv,KAT6B_017_791_63,2026-06-27,286,231101,2026-07-27T15:25:57
018_SMARCC2,018,SMARCC2,018_SMARCC2_BEAM_L1.zip,SMARCC2_018_770_13_BEAM_20260711.csv,SMARCC2_018_770_13,2026-07-11,286,256249,2026-09-04T12:27:49
018_SMARCC2,018,SMARCC2,018_SMARCC2_BEAM_L1.zip,SMARCC2_018_770_14_BEAM_20260711.csv,SMARCC2_018_770_14,2026-07-11,286,256249,2026-09-04T12:27:49
018_SMARCC2,018,SMARCC2,018_SMARCC2_BEAM_L1.zip,SMARCC2_018_771_1_BEAM_20260711.csv,SMARCC2_018_771_1,2026-07-11,286,256249,2026-09-04T12:27:49
018_SMARCC2,018,SMARCC2,018_SMARCC2_BEAM_L1.zip,SMARCC2_018_771_3_BEAM_20260711.csv,SMARCC2_018_771_3,2026-07-11,286,256249,2026-09-04T12:27:49
018_SMARCC2,018,SMARCC2,018_SMARCC2_BEAM_L1.zip,SMARCC2_018_771_5_BEAM_20260711.csv,SMARCC2_018_771_5,2026-07-11,286,256249,2026-09-04T12:27:49
018_SMARCC2,018,SMARCC2,018_SMARCC2_BEAM_L1.zip,SMARCC2_018_773_15_BEAM_20260711.csv,SMARCC2_018_773_15,2026-07-11,286,256249,2026-09-04T12:27:49
018_SMARCC2,018,SMARCC2,018_SMARCC2_BEAM_L1.zip,SMARCC2_018_773_16_BEAM_20260711.csv,SMARCC2_018_773_16,2026-07-11,286,256249,2026-09-04T12:27:49
018_SMARCC2,018,SMARCC2,018_SMARCC2_BEAM_L1.zip,SMARCC2_018_773_17_BEAM_20260711.csv,SMARCC2_018_773_17,2026-07-11,286,256249,2026-09-04T12:27:49
018_SMARCC2,018,SMARCC2,018_SMARCC2_BEAM_L1.zip,SMARCC2_018_773_18_BEAM_20260711.csv,SMARCC2_018_773_18,2026-07-11,286,256249,2026-09-04T12:27:49
018_SMARCC2,018,SMARCC2,018_SMARCC2_BEAM_L1.zip,SMARCC2_018_773_19_BEAM_20260711.csv,SMARCC2_018_773_19,2026-07-11,286,256249,2026-09-04T12:27:49
018_SMARCC2,018,SMARCC2,018_SMARCC2_BEAM_L1.zip,SMARCC2_018_773_20_BEAM_20260711.csv,SMARCC2_018_773_20,2026-07-11,286,256249,2026-09-04T12:27:49
018_SMARCC2,018,SMARCC2,018_SMARCC2_BEAM_L1.zip,SMARCC2_018_773_21_BEAM_20260711.csv,SMARCC2_018_773_21,2026-07-11,286,256249,2026-09-04T12:27:49
018_SMARCC2,018,SMARCC2,018_SMARCC2_BEAM_L1.zip,SMARCC2_018_775_49_BEAM_20260711.csv,SMARCC2_018_775_49,2026-07-11,286,256249,2026-09-04T12:27:49
018_SMARCC2,018,SMARCC2,018_SMARCC2_BEAM_L1.zip,SMARCC2_018_775_50_BEAM_20260711.csv,SMARCC2_018_775_50,2026-07-11,286,256249,2026-09-04T12:27:49
018_SMARCC2,018,SMARCC2,018_SMARCC2_BEAM_L1.zip,SMARCC2_018_775_51_BEAM_20260711.csv,SMARCC2_018_775_51,2026-07-11,286,256249,2026-09-04T12:27:49
018_SMARCC2,018,SMARCC2,018_SMARCC2_BEAM_L1.zip,SMARCC2_018_775_52_BEAM_20260711.csv,SMARCC2_018_775_52,2026-07-11,286,256249,2026-09-04T12:27:49
018_SMARCC2,018,SMARCC2,018_SMARCC2_BEAM_L1.zip,SMARCC2_018_775_54_BEAM_20260711.csv,SMARCC2_018_775_54,2026-07-11,286,256249,2026-09-04T12:27:49
018_SMARCC2,018,SMARCC2,018_SMARCC2_BEAM_L1.zip,SMARCC2_018_775_56_BEAM_20260711.csv,SMARCC2_018_775_56,2026-07-11,286,256249,2026-09-04T12:27:49
018_SMARCC2,018,SMARCC2,018_SMARCC2_BEAM_L1.zip,SMARCC2_018_775_57_BEAM_20260711.csv,SMARCC2_018_775_57,2026-07-11,286,256249,2026-09-04T12:27:49
018_SMARCC2,018,SMARCC2,018_SMARCC2_BEAM_L1.zip,SMARCC2_018_777_43_BEAM_20260711.csv,SMARCC2_018_777_43,2026-07-11,286,256249,2026-09-04T12:27:49
018_SMARCC2,018,SMARCC2,018_SMARCC2_BEAM_L1.zip,SMARCC2_018_777_45_BEAM_20260711.csv,SMARCC2_018_777_45,2026-07-11,286,256249,2026-09-04T12:27:49
018_SMARCC2,018,SMARCC2,018_SMARCC2_BEAM_L1.zip,SMARCC2_018_778_58_BEAM_20260711.csv,SMARCC2_018_778_58,2026-07-11,286,256249,2026-09-04T12:27:49
018_SMARCC2,018,SMARCC2,018_SMARCC2_BEAM_L1.zip,SMARCC2_018_778_59_BEAM_20260711.csv,SMARCC2_018_778_59,2026-07-11,286,256249,2026-09-04T12:27:49
018_SMARCC2,018,SMARCC2,018_SMARCC2_BEAM_L1.zip,SMARCC2_018_778_60_BEAM_20260711.csv,SMARCC2_018_778_60,2026-07-11,286,256249,2026-09-04T12:27:49
018_SMARCC2,018,SMARCC2,018_SMARCC2_BEAM_L1.zip,SMARCC2_018_778_62_BEAM_20260711.csv,SMARCC2_018_778_62,2026-07-11,286,256249,2026-09-04T12:27:49
018_SMARCC2,018,SMARCC2,018_SMARCC2_BEAM_L1.zip,SMARCC2_018_778_63_BEAM_20260711.csv,SMARCC2_018_778_63,2026-07-11,286,256249,2026-09-04T12:27:49
018_SMARCC2,018,SMARCC2,018_SMARCC2_BEAM_L1.zip,SMARCC2_018_778_64_BEAM_20260711.csv,SMARCC2_018_778_64,2026-07-11,286,256249,2026-09-04T12:27:49
018_SMARCC2,018,SMARCC2,018_SMARCC2_BEAM_L1.zip,SMARCC2_018_778_65_BEAM_20260711.csv,SMARCC2_018_778_65,2026-07-11,286,256249,2026-09-04T12:27:49
018_SMARCC2,018,SMARCC2,018_SMARCC2_BEAM_L1.zip,SMARCC2_018_778_66_BEAM_20260711.csv,SMARCC2_018_778_66,2026-07-11,286,256249,2026-09-04T12:27:49
018_SMARCC2,018,SMARCC2,018_SMARCC2_BEAM_L1.zip,SMARCC2_018_779_26_BEAM_20260711.csv,SMARCC2_018_779_26,2026-07-11,286,256249,2026-09-04T12:27:49
018_SMARCC2,018,SMARCC2,018_SMARCC2_BEAM_L1.zip,SMARCC2_018_779_27_BEAM_20260711.csv,SMARCC2_018_779_27,2026-07-11,286,256249,2026-09-04T12:27:49
018_SMARCC2,018,SMARCC2,018_SMARCC2_BEAM_L1.zip,SMARCC2_018_779_28_BEAM_20260711.csv,SMARCC2_018_779_28,2026-07-11,286,256249,2026-09-04T12:27:49
018_SMARCC2,018,SMARCC2,018_SMARCC2_BEAM_L1.zip,SMARCC2_018_779_29_BEAM_20260711.csv,SMARCC2_018_779_29,2026-07-11,286,256249,2026-09-04T12:27:49
018_SMARCC2,018,SMARCC2,018_SMARCC2_BEAM_L1.zip,SMARCC2_018_779_30_BEAM_20260711.csv,SMARCC2_018_779_30,2026-07-11,286,256249,2026-09-04T12:27:49
018_SMARCC2,018,SMARCC2,018_SMARCC2_BEAM_L1.zip,SMARCC2_018_779_31_BEAM_20260711.csv,SMARCC2_018_779_31,2026-07-11,286,256249,2026-09-04T12:27:49
018_SMARCC2,018,SMARCC2,018_SMARCC2_BEAM_L1.zip,SMARCC2_018_779_32_BEAM_20260711.csv,SMARCC2_018_779_32,2026-07-11,286,256249,2026-09-04T12:27:49
018_SMARCC2,018,SMARCC2,018_SMARCC2_BEAM_L1.zip,SMARCC2_018_779_33_BEAM_20260711.csv,SMARCC2_018_779_33,2026-07-11,286,256249,2026-09-04T12:27:49
018_SMARCC2,018,SMARCC2,018_SMARCC2_BEAM_L1.zip,SMARCC2_018_779_34_BEAM_20260711.csv,SMARCC2_018_779_34,2026-07-11,286,256249,2026-09-04T12:27:49
018_SMARCC2,018,SMARCC2,018_SMARCC2_BEAM_L1.zip,SMARCC2_018_779_35_BEAM_20260711.csv,SMARCC2_018_779_35,2026-07-11,286,256249,2026-09-04T12:27:49
018_SMARCC2,018,SMARCC2,018_SMARCC2_BEAM_L1.zip,SMARCC2_018_804_68_BEAM_20260711.csv,SMARCC2_018_804_68,2026-07-11,286,256249,2026-09-04T12:27:49
019_SCN1A6J,019,SCN1A6J,019_SCN1A6J_BEAM_L1.zip,SCN1A6J_019_737_79_BEAM_20260725.csv,SCN1A6J_019_737_79,2026-07-25,286,228739,2026-09-04T12:39:54
019_SCN1A6J,019,SCN1A6J,019_SCN1A6J_BEAM_L1.zip,SCN1A6J_019_740_12_BEAM_20260725.csv,SCN1A6J_019_740_12,2026-07-25,286,228739,2026-09-04T12:39:54
019_SCN1A6J,019,SCN1A6J,019_SCN1A6J_BEAM_L1.zip,SCN1A6J_019_740_13_BEAM_20260725.csv,SCN1A6J_019_740_13,2026-07-25,286,228739,2026-09-04T12:39:54
019_SCN1A6J,019,SCN1A6J,019_SCN1A6J_BEAM_L1.zip,SCN1A6J_019_740_14_BEAM_20260725.csv,SCN1A6J_019_740_14,2026-07-25,286,228739,2026-09-04T12:39:54
019_SCN1A6J,019,SCN1A6J,019_SCN1A6J_BEAM_L1.zip,SCN1A6J_019_740_17_BEAM_20260725.csv,SCN1A6J_019_740_17,2026-07-25,286,228739,2026-09-04T12:39:54
019_SCN1A6J,019,SCN1A6J,019_SCN1A6J_BEAM_L1.zip,SCN1A6J_019_741_21_BEAM_20260725.csv,SCN1A6J_019_741_21,2026-07-25,287,228739,2026-09-04T12:39:54
019_SCN1A6J,019,SCN1A6J,019_SCN1A6J_BEAM_L1.zip,SCN1A6J_019_741_22_BEAM_20260725.csv,SCN1A6J_019_741_22,2026-07-25,286,228739,2026-09-04T12:39:54
019_SCN1A6J,019,SCN1A6J,019_SCN1A6J_BEAM_L1.zip,SCN1A6J_019_741_24_BEAM_20260725.csv,SCN1A6J_019_741_24,2026-07-25,286,228739,2026-09-04T12:39:54
019_SCN1A6J,019,SCN1A6J,019_SCN1A6J_BEAM_L1.zip,SCN1A6J_019_741_26_BEAM_20260725.csv,SCN1A6J_019_741_26,2026-07-25,286,228739,2026-09-04T12:39:54
019_SCN1A6J,019,SCN1A6J,019_SCN1A6J_BEAM_L1.zip,SCN1A6J_019_741_27_BEAM_20260725.csv,SCN1A6J_019_741_27,2026-07-25,286,228739,2026-09-04T12:39:54
019_SCN1A6J,019,SCN1A6J,019_SCN1A6J_BEAM_L1.zip,SCN1A6J_019_742_29_BEAM_20260725.csv,SCN1A6J_019_742_29,2026-07-25,286,228739,2026-09-04T12:39:54
019_SCN1A6J,019,SCN1A6J,019_SCN1A6J_BEAM_L1.zip,SCN1A6J_019_742_30_BEAM_20260725.csv,SCN1A6J_019_742_30,2026-07-25,286,228739,2026-09-04T12:39:54
019_SCN1A6J,019,SCN1A6J,019_SCN1A6J_BEAM_L1.zip,SCN1A6J_019_745_99_BEAM_20260725.csv,SCN1A6J_019_745_99,2026-07-25,286,228739,2026-09-04T12:39:54
019_SCN1A6J,019,SCN1A6J,019_SCN1A6J_BEAM_L1.zip,SCN1A6J_019_746_42_BEAM_20260725.csv,SCN1A6J_019_746_42,2026-07-25,286,228739,2026-09-04T12:39:54
019_SCN1A6J,019,SCN1A6J,019_SCN1A6J_BEAM_L1.zip,SCN1A6J_019_746_43_BEAM_20260725.csv,SCN1A6J_019_746_43,2026-07-25,286,228739,2026-09-04T12:39:54
019_SCN1A6J,019,SCN1A6J,019_SCN1A6J_BEAM_L1.zip,SCN1A6J_019_746_45_BEAM_20260725.csv,SCN1A6J_019_746_45,2026-07-25,287,228739,2026-09-04T12:39:54
019_SCN1A6J,019,SCN1A6J,019_SCN1A6J_BEAM_L1.zip,SCN1A6J_019_746_47_BEAM_20260725.csv,SCN1A6J_019_746_47,2026-07-25,286,228739,2026-09-04T12:39:54
019_SCN1A6J,019,SCN1A6J,019_SCN1A6J_BEAM_L1.zip,SCN1A6J_019_747_52_BEAM_20260725.csv,SCN1A6J_019_747_52,2026-07-25,286,228739,2026-09-04T12:39:54
019_SCN1A6J,019,SCN1A6J,019_SCN1A6J_BEAM_L1.zip,SCN1A6J_019_748_56_BEAM_20260725.csv,SCN1A6J_019_748_56,2026-07-25,286,228739,2026-09-04T12:39:54
019_SCN1A6J,019,SCN1A6J,019_SCN1A6J_BEAM_L1.zip,SCN1A6J_019_748_57_BEAM_20260725.csv,SCN1A6J_019_748_57,2026-07-25,286,228739,2026-09-04T12:39:54
019_SCN1A6J,019,SCN1A6J,019_SCN1A6J_BEAM_L1.zip,SCN1A6J_019_748_59_BEAM_20260725.csv,SCN1A6J_019_748_59,2026-07-25,286,228739,2026-09-04T12:39:54
019_SCN1A6J,019,SCN1A6J,019_SCN1A6J_BEAM_L1.zip,SCN1A6J_019_749_65_BEAM_20260725.csv,SCN1A6J_019_749_65,2026-07-25,286,228739,2026-09-04T12:39:54
019_SCN1A6J,019,SCN1A6J,019_SCN1A6J_BEAM_L1.zip,SCN1A6J_019_757_41_BEAM_20260725.csv,SCN1A6J_019_757_41,2026-07-25,286,228739,2026-09-04T12:39:54
019_SCN1A6J,019,SCN1A6J,019_SCN1A6J_BEAM_L1.zip,SCN1A6J_019_759_54_BEAM_20260725.csv,SCN1A6J_019_759_54,2026-07-25,286,228739,2026-09-04T12:39:54
019_SCN1A6J,019,SCN1A6J,019_SCN1A6J_BEAM_L1.zip,SCN1A6J_019_760_64_BEAM_20260725.csv,SCN1A6J_019_760_64,2026-07-25,286,228739,2026-09-04T12:39:54
019_SCN1A6J,019,SCN1A6J,019_SCN1A6J_BEAM_L1.zip,SCN1A6J_019_760_66_BEAM_20260725.csv,SCN1A6J_019_760_66,2026-07-25,286,228739,2026-09-04T12:39:54
019_SCN1A6J,019,SCN1A6J,019_SCN1A6J_BEAM_L1.zip,SCN1A6J_019_782_70_BEAM_20260725.csv,SCN1A6J_019_782_70,2026-07-25,287,228739,2026-09-04T12:39:54
019_SCN1A6J,019,SCN1A6J,019_SCN1A6J_BEAM_L1.zip,SCN1A6J_019_782_76_BEAM_20260725.csv,SCN1A6J_019_782_76,2026-07-25,286,228739,2026-09-04T12:39:54
019_SCN1A6J,019,SCN1A6J,019_SCN1A6J_BEAM_L1.zip,SCN1A6J_019_810_37_BEAM_20260725.csv,SCN1A6J_019_810_37,2026-07-25,287,228739,2026-09-04T12:39:54
019_SCN1A6J,019,SCN1A6J,019_SCN1A6J_BEAM_L1.zip,SCN1A6J_019_814_44_BEAM_20260725.csv,SCN1A6J_019_814_44,2026-07-25,286,228739,2026-09-04T12:39:54
019_SCN1A6J,019,SCN1A6J,019_SCN1A6J_BEAM_L1.zip,SCN1A6J_019_814_46_BEAM_20260725.csv,SCN1A6J_019_814_46,2026-07-25,286,228739,2026-09-04T12:39:54
019_SCN1A6J,019,SCN1A6J,019_SCN1A6J_BEAM_L1.zip,SCN1A6J_019_814_47_BEAM_20260725.csv,SCN1A6J_019_814_47,2026-07-25,286,228739,2026-09-04T12:39:54
019_SCN1A6J,019,SCN1A6J,019_SCN1A6J_BEAM_L1.zip,SCN1A6J_019_814_49_BEAM_20260725.csv,SCN1A6J_019_814_49,2026-07-25,286,228739,2026-09-04T12:39:54
019_SCN1A6J,019,SCN1A6J,019_SCN1A6J_BEAM_L1.zip,SCN1A6J_019_816_70_BEAM_20260725.csv,SCN1A6J_019_816_70,2026-07-25,286,228739,2026-09-04T12:39:54
019_SCN1A6J,019,SCN1A6J,019_SCN1A6J_BEAM_L1.zip,SCN1A6J_019_816_73_BEAM_20260725.csv,SCN1A6J_019_816_73,2026-07-25,286,228739,2026-09-04T12:39:54
019_SCN1A6J,019,SCN1A6J,019_SCN1A6J_BEAM_L1.zip,SCN1A6J_019_819_75_BEAM_20260725.csv,SCN1A6J_019_819_75,2026-07-25,286,228739,2026-09-04T12:39:54
019_SCN1A6J,019,SCN1A6J,019_SCN1A6J_BEAM_L1.zip,SCN1A6J_019_819_78_BEAM_20260725.csv,SCN1A6J_019_819_78,2026-07-25,286,228739,2026-09-04T12:39:54
019_SCN1A6J,019,SCN1A6J,019_SCN1A6J_BEAM_L1.zip,SCN1A6J_019_822_9_BEAM_20260725.csv,SCN1A6J_019_822_9,2026-07-25,286,228739,2026-09-04T12:39:54
019_SCN1A6J,019,SCN1A6J,019_SCN1A6J_BEAM_L1.zip,SCN1A6J_019_827_89_BEAM_20260725.csv,SCN1A6J_019_827_89,2026-07-25,286,228739,2026-09-04T12:39:54
020_CACNA1A,020,CACNA1A,020_CACNA1A_BEAM_L1.zip,CACNA1A_020_852_1_BEAM_20260808.csv,CACNA1A_020_852_1,2026-08-08,286,326284,2026-09-04T13:23:28
020_CACNA1A,020,CACNA1A,020_CACNA1A_BEAM_L1.zip,CACNA1A_020_852_2_BEAM_20260808.csv,CACNA1A_020_852_2,2026-08-08,286,326284,2026-09-04T13:23:28
020_CACNA1A,020,CACNA1A,020_CACNA1A_BEAM_L1.zip,CACNA1A_020_852_3_BEAM_20260808.csv,CACNA1A_020_852_3,2026-08-08,286,326284,2026-09-04T13:23:28
020_CACNA1A,020,CACNA1A,020_CACNA1A_BEAM_L1.zip,CACNA1A_020_852_4_BEAM_20260808.csv,CACNA1A_020_852_4,2026-08-08,286,326284,2026-09-04T13:23:28
020_CACNA1A,020,CACNA1A,020_CACNA1A_BEAM_L1.zip,CACNA1A_020_852_5_BEAM_20260808.csv,CACNA1A_020_852_5,2026-08-08,286,326284,2026-09-04T13:23:28
020_CACNA1A,020,CACNA1A,020_CACNA1A_BEAM_L1.zip,CACNA1A_020_852_6_BEAM_20260808.csv,CACNA1A_020_852_6,2026-08-08,286,326284,2026-09-04T13:23:28
020_CACNA1A,020,CACNA1A,020_CACNA1A_BEAM_L1.zip,CACNA1A_020_853_10_BEAM_20260808.csv,CACNA1A_020_853_10,2026-08-08,287,326284,2026-09-04T13:23:28
020_CACNA1A,020,CACNA1A,020_CACNA1A_BEAM_L1.zip,CACNA1A_020_853_7_BEAM_20260808.csv,CACNA1A_020_853_7,2026-08-08,286,326284,2026-09-04T13:23:28
020_CACNA1A,020,CACNA1A,020_CACNA1A_BEAM_L1.zip,CACNA1A_020_853_8_BEAM_20260808.csv,CACNA1A_020_853_8,2026-08-08,286,326284,2026-09-04T13:23:28
020_CACNA1A,020,CACNA1A,020_CACNA1A_BEAM_L1.zip,CACNA1A_020_853_9_BEAM_20260808.csv,CACNA1A_020_853_9,2026-08-08,286,326284,2026-09-04T13:23:28
020_CACNA1A,020,CACNA1A,020_CACNA1A_BEAM_L1.zip,CACNA1A_020_854_11_BEAM_20260808.csv,CACNA1A_020_854_11,2026-08-08,286,326284,2026-09-04T13:23:28
020_CACNA1A,020,CACNA1A,020_CACNA1A_BEAM_L1.zip,CACNA1A_020_854_12_BEAM_20260808.csv,CACNA1A_020_854_12,2026-08-08,286,326284,2026-09-04T13:23:28
020_CACNA1A,020,CACNA1A,020_CACNA1A_BEAM_L1.zip,CACNA1A_020_854_13_BEAM_20260808.csv,CACNA1A_020_854_13,2026-08-08,286,326284,2026-09-04T13:23:28
020_CACNA1A,020,CACNA1A,020_CACNA1A_BEAM_L1.zip,CACNA1A_020_854_14_BEAM_20260808.csv,CACNA1A_020_854_14,2026-08-08,286,326284,2026-09-04T13:23:28
020_CACNA1A,020,CACNA1A,020_CACNA1A_BEAM_L1.zip,CACNA1A_020_854_15_BEAM_20260808.csv,CACNA1A_020_854_15,2026-08-08,286,326284,2026-09-04T13:23:28
020_CACNA1A,020,CACNA1A,020_CACNA1A_BEAM_L1.zip,CACNA1A_020_854_16_BEAM_20260808.csv,CACNA1A_020_854_16,2026-08-08,286,326284,2026-09-04T13:23:28
020_CACNA1A,020,CACNA1A,020_CACNA1A_BEAM_L1.zip,CACNA1A_020_854_17_BEAM_20260808.csv,CACNA1A_020_854_17,2026-08-08,287,326284,2026-09-04T13:23:28
020_CACNA1A,020,CACNA1A,020_CACNA1A_BEAM_L1.zip,CACNA1A_020_855_37_BEAM_20260808.csv,CACNA1A_020_855_37,2026-08-08,286,326284,2026-09-04T13:23:28
020_CACNA1A,020,CACNA1A,020_CACNA1A_BEAM_L1.zip,CACNA1A_020_855_38_BEAM_20260808.csv,CACNA1A_020_855_38,2026-08-08,286,326284,2026-09-04T13:23:28
020_CACNA1A,020,CACNA1A,020_CACNA1A_BEAM_L1.zip,CACNA1A_020_856_41_BEAM_20260808.csv,CACNA1A_020_856_41,2026-08-08,286,326284,2026-09-04T13:23:28
020_CACNA1A,020,CACNA1A,020_CACNA1A_BEAM_L1.zip,CACNA1A_020_856_45_BEAM_20260808.csv,CACNA1A_020_856_45,2026-08-08,286,326284,2026-09-04T13:23:28
020_CACNA1A,020,CACNA1A,020_CACNA1A_BEAM_L1.zip,CACNA1A_020_857_19_BEAM_20260808.csv,CACNA1A_020_857_19,2026-08-08,286,326284,2026-09-04T13:23:28
020_CACNA1A,020,CACNA1A,020_CACNA1A_BEAM_L1.zip,CACNA1A_020_857_20_BEAM_20260808.csv,CACNA1A_020_857_20,2026-08-08,286,326284,2026-09-04T13:23:28
020_CACNA1A,020,CACNA1A,020_CACNA1A_BEAM_L1.zip,CACNA1A_020_857_21_BEAM_20260808.csv,CACNA1A_020_857_21,2026-08-08,286,326284,2026-09-04T13:23:28
020_CACNA1A,020,CACNA1A,020_CACNA1A_BEAM_L1.zip,CACNA1A_020_857_22_BEAM_20260808.csv,CACNA1A_020_857_22,2026-08-08,286,326284,2026-09-04T13:23:28
020_CACNA1A,020,CACNA1A,020_CACNA1A_BEAM_L1.zip,CACNA1A_020_857_23_BEAM_20260808.csv,CACNA1A_020_857_23,2026-08-08,286,326284,2026-09-04T13:23:28
020_CACNA1A,020,CACNA1A,020_CACNA1A_BEAM_L1.zip,CACNA1A_020_858_50_BEAM_20260808.csv,CACNA1A_020_858_50,2026-08-08,286,326284,2026-09-04T13:23:28
020_CACNA1A,020,CACNA1A,020_CACNA1A_BEAM_L1.zip,CACNA1A_020_858_55_BEAM_20260808.csv,CACNA1A_020_858_55,2026-08-08,286,326284,2026-09-04T13:23:28
020_CACNA1A,020,CACNA1A,020_CACNA1A_BEAM_L1.zip,CACNA1A_020_859_59_BEAM_20260808.csv,CACNA1A_020_859_59,2026-08-08,287,326284,2026-09-04T13:23:28
020_CACNA1A,020,CACNA1A,020_CACNA1A_BEAM_L1.zip,CACNA1A_020_859_60_BEAM_20260808.csv,CACNA1A_020_859_60,2026-08-08,287,326284,2026-09-04T13:23:28
020_CACNA1A,020,CACNA1A,020_CACNA1A_BEAM_L1.zip,CACNA1A_020_859_63_BEAM_20260808.csv,CACNA1A_020_859_63,2026-08-08,286,326284,2026-09-04T13:23:28
020_CACNA1A,020,CACNA1A,020_CACNA1A_BEAM_L1.zip,CACNA1A_020_860_24_BEAM_20260808.csv,CACNA1A_020_860_24,2026-08-08,286,326284,2026-09-04T13:23:28
020_CACNA1A,020,CACNA1A,020_CACNA1A_BEAM_L1.zip,CACNA1A_020_860_25_BEAM_20260808.csv,CACNA1A_020_860_25,2026-08-08,286,326284,2026-09-04T13:23:28
020_CACNA1A,020,CACNA1A,020_CACNA1A_BEAM_L1.zip,CACNA1A_020_860_26_BEAM_20260808.csv,CACNA1A_020_860_26,2026-08-08,286,326284,2026-09-04T13:23:28
020_CACNA1A,020,CACNA1A,020_CACNA1A_BEAM_L1.zip,CACNA1A_020_860_27_BEAM_20260808.csv,CACNA1A_020_860_27,2026-08-08,286,326284,2026-09-04T13:23:28
020_CACNA1A,020,CACNA1A,020_CACNA1A_BEAM_L1.zip,CACNA1A_020_861_30_BEAM_20260808.csv,CACNA1A_020_861_30,2026-08-08,286,326284,2026-09-04T13:23:28
020_CACNA1A,020,CACNA1A,020_CACNA1A_BEAM_L1.zip,CACNA1A_020_861_31_BEAM_20260808.csv,CACNA1A_020_861_31,2026-08-08,287,326284,2026-09-04T13:23:28
020_CACNA1A,020,CACNA1A,020_CACNA1A_BEAM_L1.zip,CACNA1A_020_861_32_BEAM_20260808.csv,CACNA1A_020_861_32,2026-08-08,287,326284,2026-09-04T13:23:28
020_CACNA1A,020,CACNA1A,020_CACNA1A_BEAM_L1.zip,CACNA1A_020_861_33_BEAM_20260808.csv,CACNA1A_020_861_33,2026-08-08,286,326284,2026-09-04T13:23:28
020_CACNA1A,020,CACNA1A,020_CACNA1A_BEAM_L1.zip,CACNA1A_020_861_34_BEAM_20260808.csv,CACNA1A_020_861_34,2026-08-08,287,326284,2026-09-04T13:23:28
020_CACNA1A,020,CACNA1A,020_CACNA1A_BEAM_L1.zip,CACNA1A_020_861_35_BEAM_20260808.csv,CACNA1A_020_861_35,2026-08-08,286,326284,2026-09-04T13:23:28
020_CACNA1A,020,CACNA1A,020_CACNA1A_BEAM_L1.zip,CACNA1A_020_886_95_BEAM_20260808.csv,CACNA1A_020_886_95,2026-08-08,286,326284,2026-09-04T13:23:28
020_CACNA1A,020,CACNA1A,020_CACNA1A_BEAM_L1.zip,CACNA1A_020_887_83_BEAM_20260808.csv,CACNA1A_020_887_83,2026-08-08,286,326284,2026-09-04T13:23:28
020_CACNA1A,020,CACNA1A,020_CACNA1A_BEAM_L1.zip,CACNA1A_020_888_68_BEAM_20260808.csv,CACNA1A_020_888_68,2026-08-08,286,326284,2026-09-04T13:23:28
020_CACNA1A,020,CACNA1A,020_CACNA1A_BEAM_L1.zip,CACNA1A_020_888_73_BEAM_20260808.csv,CACNA1A_020_888_73,2026-08-08,286,326284,2026-09-04T13:23:28
020_CACNA1A,020,CACNA1A,020_CACNA1A_BEAM_L1.zip,CACNA1A_020_889_75_BEAM_20260808.csv,CACNA1A_020_889_75,2026-08-08,286,326284,2026-09-04T13:23:28
020_CACNA1A,020,CACNA1A,020_CACNA1A_BEAM_L1.zip,CACNA1A_020_889_80_BEAM_20260808.csv,CACNA1A_020_889_80,2026-08-08,287,326284,2026-09-04T13:23:28
020_CACNA1A,020,CACNA1A,020_CACNA1A_BEAM_L1.zip,CACNA1A_020_890_12_BEAM_20260808.csv,CACNA1A_020_890_12,2026-08-08,286,326284,2026-09-04T13:23:28
020_CACNA1A,020,CACNA1A,020_CACNA1A_BEAM_L1.zip,CACNA1A_020_890_9_BEAM_20260808.csv,CACNA1A_020_890_9,2026-08-08,286,326284,2026-09-04T13:23:28
020_CACNA1A,020,CACNA1A,020_CACNA1A_BEAM_L1.zip,CACNA1A_020_891_3_BEAM_20260808.csv,CACNA1A_020_891_3,2026-08-08,286,326284,2026-09-04T13:23:28
020_CACNA1A,020,CACNA1A,020_CACNA1A_BEAM_L1.zip,CACNA1A_020_892_91_BEAM_20260808.csv,CACNA1A_020_892_91,2026-08-08,286,326284,2026-09-04T13:23:28
020_CACNA1A,020,CACNA1A,020_CACNA1A_BEAM_L1.zip,CACNA1A_020_899_19_BEAM_20260808.csv,CACNA1A_020_899_19,2026-08-08,286,326284,2026-09-04T13:23:28
021_ZBTB10,021,ZBTB10,021_ZBTB10_BEAM_L1.zip,ZBTB10_021_841_10_BEAM_20260822.csv,ZBTB10_021_841_10,2026-08-22,286,241449,2026-09-04T13:54:25
021_ZBTB10,021,ZBTB10,021_ZBTB10_BEAM_L1.zip,ZBTB10_021_841_11_BEAM_20260822.csv,ZBTB10_021_841_11,2026-08-22,287,241449,2026-09-04T13:54:25
021_ZBTB10,021,ZBTB10,021_ZBTB10_BEAM_L1.zip,ZBTB10_021_841_12_BEAM_20260822.csv,ZBTB10_021_841_12,2026-08-22,286,241449,2026-09-04T13:54:25
021_ZBTB10,021,ZBTB10,021_ZBTB10_BEAM_L1.zip,ZBTB10_021_841_13_BEAM_20260822.csv,ZBTB10_021_841_13,2026-08-22,286,241449,2026-09-04T13:54:25
021_ZBTB10,021,ZBTB10,021_ZBTB10_BEAM_L1.zip,ZBTB10_021_841_7_BEAM_20260822.csv,ZBTB10_021_841_7,2026-08-22,286,241449,2026-09-04T13:54:25
021_ZBTB10,021,ZBTB10,021_ZBTB10_BEAM_L1.zip,ZBTB10_021_841_8_BEAM_20260822.csv,ZBTB10_021_841_8,2026-08-22,287,241449,2026-09-04T13:54:25
021_ZBTB10,021,ZBTB10,021_ZBTB10_BEAM_L1.zip,ZBTB10_021_841_9_BEAM_20260822.csv,ZBTB10_021_841_9,2026-08-22,286,241449,2026-09-04T13:54:25
021_ZBTB10,021,ZBTB10,021_ZBTB10_BEAM_L1.zip,ZBTB10_021_842_14_BEAM_20260822.csv,ZBTB10_021_842_14,2026-08-22,286,241449,2026-09-04T13:54:25
021_ZBTB10,021,ZBTB10,021_ZBTB10_BEAM_L1.zip,ZBTB10_021_842_15_BEAM_20260822.csv,ZBTB10_021_842_15,2026-08-22,286,241449,2026-09-04T13:54:25
021_ZBTB10,021,ZBTB10,021_ZBTB10_BEAM_L1.zip,ZBTB10_021_842_16_BEAM_20260822.csv,ZBTB10_021_842_16,2026-08-22,286,241449,2026-09-04T13:54:25
021_ZBTB10,021,ZBTB10,021_ZBTB10_BEAM_L1.zip,ZBTB10_021_843_1_BEAM_20260822.csv,ZBTB10_021_843_1,2026-08-22,286,241449,2026-09-04T13:54:25
021_ZBTB10,021,ZBTB10,021_ZBTB10_BEAM_L1.zip,ZBTB10_021_843_2_BEAM_20260822.csv,ZBTB10_021_843_2,2026-08-22,285,241449,2026-09-04T13:54:25
021_ZBTB10,021,ZBTB10,021_ZBTB10_BEAM_L1.zip,ZBTB10_021_843_3_BEAM_20260822.csv,ZBTB10_021_843_3,2026-08-22,286,241449,2026-09-04T13:54:25
021_ZBTB10,021,ZBTB10,021_ZBTB10_BEAM_L1.zip,ZBTB10_021_843_4_BEAM_20260822.csv,ZBTB10_021_843_4,2026-08-22,286,241449,2026-09-04T13:54:25
021_ZBTB10,021,ZBTB10,021_ZBTB10_BEAM_L1.zip,ZBTB10_021_843_5_BEAM_20260822.csv,ZBTB10_021_843_5,2026-08-22,286,241449,2026-09-04T13:54:25
021_ZBTB10,021,ZBTB10,021_ZBTB10_BEAM_L1.zip,ZBTB10_021_843_6_BEAM_20260822.csv,ZBTB10_021_843_6,2026-08-22,286,241449,2026-09-04T13:54:25
021_ZBTB10,021,ZBTB10,021_ZBTB10_BEAM_L1.zip,ZBTB10_021_844_17_BEAM_20260822.csv,ZBTB10_021_844_17,2026-08-22,286,241449,2026-09-04T13:54:25
021_ZBTB10,021,ZBTB10,021_ZBTB10_BEAM_L1.zip,ZBTB10_021_844_18_BEAM_20260822.csv,ZBTB10_021_844_18,2026-08-22,286,241449,2026-09-04T13:54:25
021_ZBTB10,021,ZBTB10,021_ZBTB10_BEAM_L1.zip,ZBTB10_021_844_19_BEAM_20260822.csv,ZBTB10_021_844_19,2026-08-22,286,241449,2026-09-04T13:54:25
021_ZBTB10,021,ZBTB10,021_ZBTB10_BEAM_L1.zip,ZBTB10_021_844_20_BEAM_20260822.csv,ZBTB10_021_844_20,2026-08-22,286,241449,2026-09-04T13:54:25
021_ZBTB10,021,ZBTB10,021_ZBTB10_BEAM_L1.zip,ZBTB10_021_845_21_BEAM_20260822.csv,ZBTB10_021_845_21,2026-08-22,286,241449,2026-09-04T13:54:25
021_ZBTB10,021,ZBTB10,021_ZBTB10_BEAM_L1.zip,ZBTB10_021_845_22_BEAM_20260822.csv,ZBTB10_021_845_22,2026-08-22,286,241449,2026-09-04T13:54:25
021_ZBTB10,021,ZBTB10,021_ZBTB10_BEAM_L1.zip,ZBTB10_021_845_25_BEAM_20260822.csv,ZBTB10_021_845_25,2026-08-22,286,241449,2026-09-04T13:54:25
021_ZBTB10,021,ZBTB10,021_ZBTB10_BEAM_L1.zip,ZBTB10_021_846_31_BEAM_20260822.csv,ZBTB10_021_846_31,2026-08-22,285,241449,2026-09-04T13:54:25
021_ZBTB10,021,ZBTB10,021_ZBTB10_BEAM_L1.zip,ZBTB10_021_846_32_BEAM_20260822.csv,ZBTB10_021_846_32,2026-08-22,286,241449,2026-09-04T13:54:25
021_ZBTB10,021,ZBTB10,021_ZBTB10_BEAM_L1.zip,ZBTB10_021_846_34_BEAM_20260822.csv,ZBTB10_021_846_34,2026-08-22,287,241449,2026-09-04T13:54:25
021_ZBTB10,021,ZBTB10,021_ZBTB10_BEAM_L1.zip,ZBTB10_021_848_27_BEAM_20260822.csv,ZBTB10_021_848_27,2026-08-22,286,241449,2026-09-04T13:54:25
021_ZBTB10,021,ZBTB10,021_ZBTB10_BEAM_L1.zip,ZBTB10_021_848_28_BEAM_20260822.csv,ZBTB10_021_848_28,2026-08-22,285,241449,2026-09-04T13:54:25
021_ZBTB10,021,ZBTB10,021_ZBTB10_BEAM_L1.zip,ZBTB10_021_848_29_BEAM_20260822.csv,ZBTB10_021_848_29,2026-08-22,286,241449,2026-09-04T13:54:25
021_ZBTB10,021,ZBTB10,021_ZBTB10_BEAM_L1.zip,ZBTB10_021_848_30_BEAM_20260822.csv,ZBTB10_021_848_30,2026-08-22,287,241449,2026-09-04T13:54:25
021_ZBTB10,021,ZBTB10,021_ZBTB10_BEAM_L1.zip,ZBTB10_021_864_57_BEAM_20260822.csv,ZBTB10_021_864_57,2026-08-22,286,241449,2026-09-04T13:54:25
021_ZBTB10,021,ZBTB10,021_ZBTB10_BEAM_L1.zip,ZBTB10_021_865_45_BEAM_20260822.csv,ZBTB10_021_865_45,2026-08-22,286,241449,2026-09-04T13:54:25
021_ZBTB10,021,ZBTB10,021_ZBTB10_BEAM_L1.zip,ZBTB10_021_865_50_BEAM_20260822.csv,ZBTB10_021_865_50,2026-08-22,286,241449,2026-09-04T13:54:25
021_ZBTB10,021,ZBTB10,021_ZBTB10_BEAM_L1.zip,ZBTB10_021_866_42_BEAM_20260822.csv,ZBTB10_021_866_42,2026-08-22,286,241449,2026-09-04T13:54:25
021_ZBTB10,021,ZBTB10,021_ZBTB10_BEAM_L1.zip,ZBTB10_021_866_44_BEAM_20260822.csv,ZBTB10_021_866_44,2026-08-22,286,241449,2026-09-04T13:54:25
021_ZBTB10,021,ZBTB10,021_ZBTB10_BEAM_L1.zip,ZBTB10_021_878_72_BEAM_20260822.csv,ZBTB10_021_878_72,2026-08-22,286,241449,2026-09-04T13:54:25
021_ZBTB10,021,ZBTB10,021_ZBTB10_BEAM_L1.zip,ZBTB10_021_895_75_BEAM_20260822.csv,ZBTB10_021_895_75,2026-08-22,286,241449,2026-09-04T13:54:25
021_ZBTB10,021,ZBTB10,021_ZBTB10_BEAM_L1.zip,ZBTB10_021_903_79_BEAM_20260822.csv,ZBTB10_021_903_79,2026-08-22,286,241449,2026-09-04T13:54:25
021_ZBTB10,021,ZBTB10,021_ZBTB10_BEAM_L1.zip,ZBTB10_021_921_84_BEAM_20260822.csv,ZBTB10_021_921_84,2026-08-22,286,241449,2026-09-04T13:54:25
023_GRIN2A,023,GRIN2A,023_GRIN2A_BEAM_L1.zip,GRIN2A_023_906_14_BEAM_20260919.csv,GRIN2A_023_906_14,2026-09-19,286,268282,2026-09-25T15:16:23
023_GRIN2A,023,GRIN2A,023_GRIN2A_BEAM_L1.zip,GRIN2A_023_906_15_BEAM_20260919.csv,GRIN2A_023_906_15,2026-09-19,286,268282,2026-09-25T15:16:23
023_GRIN2A,023,GRIN2A,023_GRIN2A_BEAM_L1.zip,GRIN2A_023_906_16_BEAM_20260919.csv,GRIN2A_023_906_16,2026-09-19,286,268282,2026-09-25T15:16:23
023_GRIN2A,023,GRIN2A,023_GRIN2A_BEAM_L1.zip,GRIN2A_023_906_17_BEAM_20260919.csv,GRIN2A_023_906_17,2026-09-19,286,268282,2026-09-25T15:16:23
023_GRIN2A,023,GRIN2A,023_GRIN2A_BEAM_L1.zip,GRIN2A_023_906_19_BEAM_20260919.csv,GRIN2A_023_906_19,2026-09-19,286,268282,2026-09-25T15:16:23
023_GRIN2A,023,GRIN2A,023_GRIN2A_BEAM_L1.zip,GRIN2A_023_906_20_BEAM_20260919.csv,GRIN2A_023_906_20,2026-09-19,286,268282,2026-09-25T15:16:23
023_GRIN2A,023,GRIN2A,023_GRIN2A_BEAM_L1.zip,GRIN2A_023_906_21_BEAM_20260919.csv,GRIN2A_023_906_21,2026-09-19,286,268282,2026-09-25T15:16:23
023_GRIN2A,023,GRIN2A,023_GRIN2A_BEAM_L1.zip,GRIN2A_023_907_22_BEAM_20260919.csv,GRIN2A_023_907_22,2026-09-19,286,268282,2026-09-25T15:16:23
023_GRIN2A,023,GRIN2A,023_GRIN2A_BEAM_L1.zip,GRIN2A_023_907_23_BEAM_20260919.csv,GRIN2A_023_907_23,2026-09-19,286,268282,2026-09-25T15:16:23
023_GRIN2A,023,GRIN2A,023_GRIN2A_BEAM_L1.zip,GRIN2A_023_907_24_BEAM_20260919.csv,GRIN2A_023_907_24,2026-09-19,286,268282,2026-09-25T15:16:23
023_GRIN2A,023,GRIN2A,023_GRIN2A_BEAM_L1.zip,GRIN2A_023_907_25_BEAM_20260919.csv,GRIN2A_023_907_25,2026-09-19,286,268282,2026-09-25T15:16:23
023_GRIN2A,023,GRIN2A,023_GRIN2A_BEAM_L1.zip,GRIN2A_023_907_26_BEAM_20260919.csv,GRIN2A_023_907_26,2026-09-19,286,268282,2026-09-25T15:16:23
023_GRIN2A,023,GRIN2A,023_GRIN2A_BEAM_L1.zip,GRIN2A_023_907_27_BEAM_20260919.csv,GRIN2A_023_907_27,2026-09-19,286,268282,2026-09-25T15:16:23
023_GRIN2A,023,GRIN2A,023_GRIN2A_BEAM_L1.zip,GRIN2A_023_907_28_BEAM_20260919.csv,GRIN2A_023_907_28,2026-09-19,286,268282,2026-09-25T15:16:23
023_GRIN2A,023,GRIN2A,023_GRIN2A_BEAM_L1.zip,GRIN2A_023_907_30_BEAM_20260919.csv,GRIN2A_023_907_30,2026-09-19,286,268282,2026-09-25T15:16:23
023_GRIN2A,023,GRIN2A,023_GRIN2A_BEAM_L1.zip,GRIN2A_023_908_1_BEAM_20260919.csv,GRIN2A_023_908_1,2026-09-19,287,268282,2026-09-25T15:16:23
023_GRIN2A,023,GRIN2A,023_GRIN2A_BEAM_L1.zip,GRIN2A_023_908_2_BEAM_20260919.csv,GRIN2A_023_908_2,2026-09-19,286,268282,2026-09-25T15:16:23
023_GRIN2A,023,GRIN2A,023_GRIN2A_BEAM_L1.zip,GRIN2A_023_908_3_BEAM_20260919.csv,GRIN2A_023_908_3,2026-09-19,286,268282,2026-09-25T15:16:23
023_GRIN2A,023,GRIN2A,023_GRIN2A_BEAM_L1.zip,GRIN2A_023_908_4_BEAM_20260919.csv,GRIN2A_023_908_4,2026-09-19,286,268282,2026-09-25T15:16:23
023_GRIN2A,023,GRIN2A,023_GRIN2A_BEAM_L1.zip,GRIN2A_023_908_5_BEAM_20260919.csv,GRIN2A_023_908_5,2026-09-19,286,268282,2026-09-25T15:16:23
023_GRIN2A,023,GRIN2A,023_GRIN2A_BEAM_L1.zip,GRIN2A_023_909_38_BEAM_20260919.csv,GRIN2A_023_909_38,2026-09-19,286,268282,2026-09-25T15:16:23
023_GRIN2A,023,GRIN2A,023_GRIN2A_BEAM_L1.zip,GRIN2A_023_909_39_BEAM_20260919.csv,GRIN2A_023_909_39,2026-09-19,286,268282,2026-09-25T15:16:23
023_GRIN2A,023,GRIN2A,023_GRIN2A_BEAM_L1.zip,GRIN2A_023_909_40_BEAM_20260919.csv,GRIN2A_023_909_40,2026-09-19,286,268282,2026-09-25T15:16:23
023_GRIN2A,023,GRIN2A,023_GRIN2A_BEAM_L1.zip,GRIN2A_023_910_10_BEAM_20260919.csv,GRIN2A_023_910_10,2026-09-19,286,268282,2026-09-25T15:16:23
023_GRIN2A,023,GRIN2A,023_GRIN2A_BEAM_L1.zip,GRIN2A_023_910_13_BEAM_20260919.csv,GRIN2A_023_910_13,2026-09-19,286,268282,2026-09-25T15:16:23
023_GRIN2A,023,GRIN2A,023_GRIN2A_BEAM_L1.zip,GRIN2A_023_910_6_BEAM_20260919.csv,GRIN2A_023_910_6,2026-09-19,286,268282,2026-09-25T15:16:23
023_GRIN2A,023,GRIN2A,023_GRIN2A_BEAM_L1.zip,GRIN2A_023_910_7_BEAM_20260919.csv,GRIN2A_023_910_7,2026-09-19,286,268282,2026-09-25T15:16:23
023_GRIN2A,023,GRIN2A,023_GRIN2A_BEAM_L1.zip,GRIN2A_023_910_8_BEAM_20260919.csv,GRIN2A_023_910_8,2026-09-19,286,268282,2026-09-25T15:16:23
023_GRIN2A,023,GRIN2A,023_GRIN2A_BEAM_L1.zip,GRIN2A_023_910_9_BEAM_20260919.csv,GRIN2A_023_910_9,2026-09-19,286,268282,2026-09-25T15:16:23
023_GRIN2A,023,GRIN2A,023_GRIN2A_BEAM_L1.zip,GRIN2A_023_918_42_BEAM_20260919.csv,GRIN2A_023_918_42,2026-09-19,286,268282,2026-09-25T15:16:23
023_GRIN2A,023,GRIN2A,023_GRIN2A_BEAM_L1.zip,GRIN2A_023_918_43_BEAM_20260919.csv,GRIN2A_023_918_43,2026-09-19,286,268282,2026-09-25T15:16:23
023_GRIN2A,023,GRIN2A,023_GRIN2A_BEAM_L1.zip,GRIN2A_023_918_44_BEAM_20260919.csv,GRIN2A_023_918_44,2026-09-19,286,268282,2026-09-25T15:16:23
023_GRIN2A,023,GRIN2A,023_GRIN2A_BEAM_L1.zip,GRIN2A_023_918_45_BEAM_20260919.csv,GRIN2A_023_918_45,2026-09-19,286,268282,2026-09-25T15:16:23
023_GRIN2A,023,GRIN2A,023_GRIN2A_BEAM_L1.zip,GRIN2A_023_918_46_BEAM_20260919.csv,GRIN2A_023_918_46,2026-09-19,286,268282,2026-09-25T15:16:23
023_GRIN2A,023,GRIN2A,023_GRIN2A_BEAM_L1.zip,GRIN2A_023_918_47_BEAM_20260919.csv,GRIN2A_023_918_47,2026-09-19,286,268282,2026-09-25T15:16:23
023_GRIN2A,023,GRIN2A,023_GRIN2A_BEAM_L1.zip,GRIN2A_023_918_48_BEAM_20260919.csv,GRIN2A_023_918_48,2026-09-19,286,268282,2026-09-25T15:16:23
023_GRIN2A,023,GRIN2A,023_GRIN2A_BEAM_L1.zip,GRIN2A_023_919_53_BEAM_20260919.csv,GRIN2A_023_919_53,2026-09-19,286,268282,2026-09-25T15:16:23
023_GRIN2A,023,GRIN2A,023_GRIN2A_BEAM_L1.zip,GRIN2A_023_926_33_BEAM_20260919.csv,GRIN2A_023_926_33,2026-09-19,286,268282,2026-09-25T15:16:23
023_GRIN2A,023,GRIN2A,023_GRIN2A_BEAM_L1.zip,GRIN2A_023_926_36_BEAM_20260919.csv,GRIN2A_023_926_36,2026-09-19,286,268282,2026-09-25T15:16:23
023_GRIN2A,023,GRIN2A,023_GRIN2A_BEAM_L1.zip,GRIN2A_023_939_56_BEAM_20260919.csv,GRIN2A_023_939_56,2026-09-19,286,268282,2026-09-25T15:16:23
