cohort,cohort_number,gene_dir,Mouse_ID,Gene,Gene_ID,Genotype,Sex,BEAM,DOB,Autoexcluder,in_key,has_data,n_files,n_rows,start_time,end_time,beam_file,source_files
001_MYT1L,001,MYT1L,MYT1L_001_10_42,MYT1L,1,Wt,F,19,2024-12-13,,True,True,1,281,2025-03-08 00:00:10,2025-03-09 23:54:55,019,MYT1L_001_10_42_BEAM_20250308.csv
001_MYT1L,001,MYT1L,MYT1L_001_10_44,MYT1L,1,Wt,M,1,2024-12-13,,True,True,1,280,2025-03-08 00:05:44,2025-03-09 23:50:13,001,MYT1L_001_10_44_BEAM_20250308.csv
001_MYT1L,001,MYT1L,MYT1L_001_12_45,MYT1L,1,Wt,M,40,2024-12-12,,True,True,1,281,2025-03-08 00:01:41,2025-03-09 23:58:08,040,MYT1L_001_12_45_BEAM_20250308.csv
001_MYT1L,001,MYT1L,MYT1L_001_12_46,MYT1L,1,Het,F,9,2024-12-12,,True,True,1,280,2025-03-08 00:08:51,2025-03-09 23:53:34,009,MYT1L_001_12_46_BEAM_20250308.csv
001_MYT1L,001,MYT1L,MYT1L_001_12_47,MYT1L,1,Het,M,8,2024-12-12,,True,True,1,280,2025-03-08 00:08:07,2025-03-09 23:52:08,008,MYT1L_001_12_47_BEAM_20250308.csv
001_MYT1L,001,MYT1L,MYT1L_001_12_48,MYT1L,1,Wt,F,20,2024-12-12,,True,True,1,281,2025-03-08 00:00:15,2025-03-09 23:55:16,020,MYT1L_001_12_48_BEAM_20250308.csv
001_MYT1L,001,MYT1L,MYT1L_001_12_51,MYT1L,1,Het,F,10,2024-12-12,,True,True,1,281,2025-03-08 00:00:21,2025-03-09 23:54:56,010,MYT1L_001_12_51_BEAM_20250308.csv
001_MYT1L,001,MYT1L,MYT1L_001_12_52,MYT1L,1,Het,M,5,2024-12-12,,True,True,1,281,2025-03-08 00:04:09,2025-03-09 23:58:43,005,MYT1L_001_12_52_BEAM_20250308.csv
001_MYT1L,001,MYT1L,MYT1L_001_1_1,MYT1L,1,Wt,F,3,2024-12-12,,True,True,1,281,2025-03-08 00:00:13,2025-03-09 23:54:36,003,MYT1L_001_1_1_BEAM_20250308.csv
001_MYT1L,001,MYT1L,MYT1L_001_1_2,MYT1L,1,Het,M,23,2024-12-12,,True,True,1,281,2025-03-08 00:04:43,2025-03-09 23:59:37,023,MYT1L_001_1_2_BEAM_20250308.csv
001_MYT1L,001,MYT1L,MYT1L_001_1_3,MYT1L,1,Wt,M,16,2024-12-12,,True,True,1,281,2025-03-08 00:03:39,2025-03-09 23:58:29,016,MYT1L_001_1_3_BEAM_20250308.csv
001_MYT1L,001,MYT1L,MYT1L_001_1_4,MYT1L,1,Wt,F,14,2024-12-12,,True,True,1,280,2025-03-08 00:04:06,2025-03-09 23:50:38,014,MYT1L_001_1_4_BEAM_20250308.csv
001_MYT1L,001,MYT1L,MYT1L_001_2_10,MYT1L,1,Het,M,2,2024-12-12,,True,True,1,280,2025-03-08 00:08:11,2025-03-09 23:51:58,002,MYT1L_001_2_10_BEAM_20250308.csv
001_MYT1L,001,MYT1L,MYT1L_001_2_5,MYT1L,1,Het,F,4,2024-12-12,,True,True,1,281,2025-03-08 00:01:18,2025-03-09 23:53:38,004,MYT1L_001_2_5_BEAM_20250308.csv
001_MYT1L,001,MYT1L,MYT1L_001_2_6,MYT1L,1,Wt,F,15,2024-12-12,,True,True,1,280,2025-03-08 00:04:43,2025-03-09 23:51:07,015,MYT1L_001_2_6_BEAM_20250308.csv
001_MYT1L,001,MYT1L,MYT1L_001_2_8,MYT1L,1,Het,F,5,2024-12-12,,True,True,1,281,2025-03-08 00:04:09,2025-03-09 23:58:43,005,MYT1L_001_2_8_BEAM_20250308.csv
001_MYT1L,001,MYT1L,MYT1L_001_2_9,MYT1L,1,Wt,M,35,2024-12-12,,True,True,1,281,2025-03-08 00:05:07,2025-03-09 23:58:44,035,MYT1L_001_2_9_BEAM_20250308.csv
001_MYT1L,001,MYT1L,MYT1L_001_3_18,MYT1L,1,Het,M,22,2024-12-13,,True,True,1,281,2025-03-08 00:04:28,2025-03-09 23:58:57,022,MYT1L_001_3_18_BEAM_20250308.csv
001_MYT1L,001,MYT1L,MYT1L_001_3_19,MYT1L,1,Wt,M,31,2024-12-13,,True,True,1,281,2025-03-08 00:01:18,2025-03-09 23:57:30,031,MYT1L_001_3_19_BEAM_20250308.csv
001_MYT1L,001,MYT1L,MYT1L_001_3_20,MYT1L,1,Het,M,24,2024-12-13,,True,True,1,282,2025-03-08 00:04:53,2025-03-09 23:59:51,024,MYT1L_001_3_20_BEAM_20250308.csv
001_MYT1L,001,MYT1L,MYT1L_001_5_22,MYT1L,1,Wt,M,47,2024-12-13,,True,True,1,281,2025-03-08 00:01:53,2025-03-09 23:57:44,047,MYT1L_001_5_22_BEAM_20250308.csv
001_MYT1L,001,MYT1L,MYT1L_001_5_23,MYT1L,1,Wt,F,12,2024-12-13,,True,True,1,281,2025-03-08 00:02:30,2025-03-09 23:56:29,012,MYT1L_001_5_23_BEAM_20250308.csv
001_MYT1L,001,MYT1L,MYT1L_001_5_24,MYT1L,1,Het,F,2,2024-12-13,,True,True,1,280,2025-03-08 00:08:11,2025-03-09 23:51:58,002,MYT1L_001_5_24_BEAM_20250308.csv
001_MYT1L,001,MYT1L,MYT1L_001_5_25,MYT1L,1,Het,M,7,2024-12-13,,True,True,1,280,2025-03-08 00:05:55,2025-03-09 23:50:13,007,MYT1L_001_5_25_BEAM_20250308.csv
001_MYT1L,001,MYT1L,MYT1L_001_5_26,MYT1L,1,Wt,M,33,2024-12-13,,True,True,1,281,2025-03-08 00:01:07,2025-03-09 23:57:17,033,MYT1L_001_5_26_BEAM_20250308.csv
001_MYT1L,001,MYT1L,MYT1L_001_5_27,MYT1L,1,Wt,F,13,2024-12-13,,True,True,1,281,2025-03-08 00:03:19,2025-03-09 23:57:26,013,MYT1L_001_5_27_BEAM_20250308.csv
001_MYT1L,001,MYT1L,MYT1L_001_5_28,MYT1L,1,Het,F,3,2024-12-13,,True,True,1,281,2025-03-08 00:00:13,2025-03-09 23:54:36,003,MYT1L_001_5_28_BEAM_20250308.csv
001_MYT1L,001,MYT1L,MYT1L_001_7_30,MYT1L,1,Wt,M,49,2024-12-13,,True,True,1,281,2025-03-08 00:03:23,2025-03-09 23:58:18,049,MYT1L_001_7_30_BEAM_20250308.csv
001_MYT1L,001,MYT1L,MYT1L_001_7_32,MYT1L,1,Wt,F,17,2024-12-13,,True,True,1,280,2025-03-08 00:09:46,2025-03-09 23:54:49,017,MYT1L_001_7_32_BEAM_20250308.csv
001_MYT1L,001,MYT1L,MYT1L_001_8_33,MYT1L,1,Het,M,4,2024-12-13,,True,True,1,281,2025-03-08 00:01:18,2025-03-09 23:53:38,004,MYT1L_001_8_33_BEAM_20250308.csv
001_MYT1L,001,MYT1L,MYT1L_001_8_34,MYT1L,1,Wt,M,50,2024-12-13,,True,True,1,281,2025-03-08 00:03:45,2025-03-09 23:58:40,050,MYT1L_001_8_34_BEAM_20250308.csv
001_MYT1L,001,MYT1L,MYT1L_001_8_36,MYT1L,1,Wt,M,52,2024-12-13,,True,True,1,281,2025-03-08 00:03:35,2025-03-09 23:58:31,052,MYT1L_001_8_36_BEAM_20250308.csv
001_MYT1L,001,MYT1L,MYT1L_001_8_37,MYT1L,1,Het,M,41,2024-12-13,,True,True,1,281,2025-03-08 00:01:30,2025-03-09 23:57:43,041,MYT1L_001_8_37_BEAM_20250308.csv
001_MYT1L,001,MYT1L,MYT1L_001_8_39,MYT1L,1,Het,F,8,2024-12-13,,True,True,1,280,2025-03-08 00:08:07,2025-03-09 23:52:08,008,MYT1L_001_8_39_BEAM_20250308.csv
001_MYT1L,001,MYT1L,MYT1L_001_8_41,MYT1L,1,Wt,F,18,2024-12-13,,True,True,1,280,2025-03-08 00:09:57,2025-03-09 23:54:59,018,MYT1L_001_8_41_BEAM_20250308.csv
001_MYT1L,001,MYT1L,MYT1L_001_9_11,MYT1L,1,Wt,F,16,2024-12-12,,True,True,1,281,2025-03-08 00:03:39,2025-03-09 23:58:29,016,MYT1L_001_9_11_BEAM_20250308.csv
001_MYT1L,001,MYT1L,MYT1L_001_9_12,MYT1L,1,Het,F,42,2024-12-12,,True,True,1,281,2025-03-08 00:00:00,2025-03-09 23:54:55,042,MYT1L_001_9_12_BEAM_20250308.csv
001_MYT1L,001,MYT1L,MYT1L_001_9_13,MYT1L,1,Het,F,7,2024-12-12,,True,True,1,280,2025-03-08 00:05:55,2025-03-09 23:50:13,007,MYT1L_001_9_13_BEAM_20250308.csv
001_MYT1L,001,MYT1L,MYT1L_001_9_14,MYT1L,1,Het,F,1,2024-12-12,,True,True,1,280,2025-03-08 00:05:44,2025-03-09 23:50:13,001,MYT1L_001_9_14_BEAM_20250308.csv
001_MYT1L,001,MYT1L,MYT1L_001_9_17,MYT1L,1,Het,M,44,2024-12-13,,True,True,1,280,2025-03-08 00:08:04,2025-03-09 23:53:14,044,MYT1L_001_9_17_BEAM_20250308.csv
002_DNMT3A,002,DNMT3A,DNMT3A_002_19_45,DNMT3A,002,Wt,M,29,2025-02-06,,True,True,1,287,2025-05-03 00:02:15,2025-05-04 23:56:01,029,DNMT3A_002_19_45_BEAM_20250503.csv
002_DNMT3A,002,DNMT3A,DNMT3A_002_19_47,DNMT3A,002,Wt,F,16,2025-02-06,,True,True,1,286,2025-05-03 00:06:55,2025-05-04 23:53:18,016,DNMT3A_002_19_47_BEAM_20250503.csv
002_DNMT3A,002,DNMT3A,DNMT3A_002_19_48,DNMT3A,002,Het,M,143,2025-02-06,,True,True,1,286,2025-04-05 00:07:31,2025-04-06 23:51:05,143,DNMT3A_002_19_48_BEAM_20250405.csv
002_DNMT3A,002,DNMT3A,DNMT3A_002_19_49,DNMT3A,002,Wt,F,20,2025-02-06,,True,True,1,286,2025-05-03 00:07:51,2025-05-04 23:55:47,020,DNMT3A_002_19_49_BEAM_20250503.csv
002_DNMT3A,002,DNMT3A,DNMT3A_002_19_53,DNMT3A,002,Wt,F,14,2025-02-06,,True,True,1,286,2025-05-03 00:07:39,2025-05-04 23:55:38,014,DNMT3A_002_19_53_BEAM_20250503.csv
002_DNMT3A,002,DNMT3A,DNMT3A_002_20_15,DNMT3A,002,Het,M,42,2025-01-09,,True,True,1,286,2025-04-05 00:06:56,2025-04-06 23:52:24,042,DNMT3A_002_20_15_BEAM_20250405.csv
002_DNMT3A,002,DNMT3A,DNMT3A_002_20_16,DNMT3A,002,Het,M,5,2025-01-09,,True,False,0,0,,,,
002_DNMT3A,002,DNMT3A,DNMT3A_002_22_11,DNMT3A,002,Wt,F,124,2025-01-08,,True,True,1,286,2025-04-05 00:06:41,2025-04-06 23:51:50,124,DNMT3A_002_22_11_BEAM_20250405.csv
002_DNMT3A,002,DNMT3A,DNMT3A_002_22_12,DNMT3A,002,Wt,M,106,2025-01-08,,True,True,1,287,2025-04-12 00:03:36,2025-04-13 23:58:01,106,DNMT3A_002_22_12_BEAM_20250412.csv
002_DNMT3A,002,DNMT3A,DNMT3A_002_22_7,DNMT3A,002,Het,F,101,2025-01-08,,True,True,1,286,2025-04-12 00:05:41,2025-04-13 23:50:22,101,DNMT3A_002_22_7_BEAM_20250412.csv
002_DNMT3A,002,DNMT3A,DNMT3A_002_22_9,DNMT3A,002,Wt,F,127,2025-01-08,,True,True,1,286,2025-04-05 00:07:31,2025-04-06 23:51:05,127,DNMT3A_002_22_9_BEAM_20250405.csv
002_DNMT3A,002,DNMT3A,DNMT3A_002_23_5,DNMT3A,002,Wt,F,102,2025-01-10,,True,True,1,287,2025-04-12 00:04:16,2025-04-13 23:58:09,102,DNMT3A_002_23_5_BEAM_20250412.csv
002_DNMT3A,002,DNMT3A,DNMT3A_002_24_2,DNMT3A,002,Wt,F,114,2025-01-06,,True,True,1,286,2025-04-05 00:09:04,2025-04-06 23:55:47,114,DNMT3A_002_24_2_BEAM_20250405.csv
002_DNMT3A,002,DNMT3A,DNMT3A_002_24_3,DNMT3A,002,Het,F,109,2025-01-06,,True,True,1,286,2025-04-05 00:07:59,2025-04-06 23:53:10,109,DNMT3A_002_24_3_BEAM_20250405.csv
002_DNMT3A,002,DNMT3A,DNMT3A_002_24_4,DNMT3A,002,Het,F,10,2025-01-06,,True,True,1,286,2025-04-05 00:08:10,2025-04-06 23:53:08,010,DNMT3A_002_24_4_BEAM_20250405.csv
002_DNMT3A,002,DNMT3A,DNMT3A_002_25_23,DNMT3A,002,Het,F,24,2025-01-23,,True,True,1,286,2025-05-03 00:07:51,2025-05-04 23:56:09,024,DNMT3A_002_25_23_BEAM_20250503.csv
002_DNMT3A,002,DNMT3A,DNMT3A_002_25_24,DNMT3A,002,Wt,M,52,2025-01-23,,True,True,1,286,2025-04-05 00:07:18,2025-04-06 23:51:09,052,DNMT3A_002_25_24_BEAM_20250405.csv
002_DNMT3A,002,DNMT3A,DNMT3A_002_25_25,DNMT3A,002,Het,F,12,2025-01-23,,True,False,0,0,,,,
002_DNMT3A,002,DNMT3A,DNMT3A_002_25_26,DNMT3A,002,Het,F,22,2025-01-23,,True,True,1,286,2025-05-03 00:06:13,2025-05-04 23:51:01,022,DNMT3A_002_25_26_BEAM_20250503.csv
002_DNMT3A,002,DNMT3A,DNMT3A_002_25_27,DNMT3A,002,Wt,M,7,2025-01-23,,True,True,1,287,2025-04-12 00:04:07,2025-04-13 23:58:38,007,DNMT3A_002_25_27_BEAM_20250412.csv
002_DNMT3A,002,DNMT3A,DNMT3A_002_25_28,DNMT3A,002,Het,F,6,2025-01-23,,True,True,1,286,2025-05-03 00:05:29,2025-05-04 23:50:08,006,DNMT3A_002_25_28_BEAM_20250503.csv
002_DNMT3A,002,DNMT3A,DNMT3A_002_25_29,DNMT3A,002,Wt,M,62,2025-01-23,,True,True,1,286,2025-04-05 00:08:26,2025-04-06 23:54:22,062,DNMT3A_002_25_29_BEAM_20250405.csv
002_DNMT3A,002,DNMT3A,DNMT3A_002_26_55,DNMT3A,002,Wt,F,9,2025-02-06,,True,True,1,286,2025-05-03 00:07:07,2025-05-04 23:53:30,009,DNMT3A_002_26_55_BEAM_20250503.csv
002_DNMT3A,002,DNMT3A,DNMT3A_002_26_56,DNMT3A,002,Wt,F,17,2025-02-06,,True,True,1,286,2025-05-03 00:07:22,2025-05-04 23:53:45,017,DNMT3A_002_26_56_BEAM_20250503.csv
002_DNMT3A,002,DNMT3A,DNMT3A_002_26_59,DNMT3A,002,Wt,M,27,2025-02-06,,True,True,1,287,2025-05-03 00:05:00,2025-05-04 23:58:43,027,DNMT3A_002_26_59_BEAM_20250503.csv
002_DNMT3A,002,DNMT3A,DNMT3A_002_27_38,DNMT3A,002,Het,F,3,2025-02-08,,True,True,1,287,2025-05-03 00:03:33,2025-05-04 23:58:09,003,DNMT3A_002_27_38_BEAM_20250503.csv
002_DNMT3A,002,DNMT3A,DNMT3A_002_27_39,DNMT3A,002,Het,M,25,2025-02-08,,True,True,1,285,2025-05-03 00:00:30,2025-05-04 23:56:52,025,DNMT3A_002_27_39_BEAM_20250503.csv
002_DNMT3A,002,DNMT3A,DNMT3A_002_27_40,DNMT3A,002,Wt,M,32,2025-02-08,,True,False,0,0,,,,
002_DNMT3A,002,DNMT3A,DNMT3A_002_28_30,DNMT3A,002,Wt,F,103,2025-02-08,,True,True,1,287,2025-04-12 00:04:12,2025-04-13 23:58:30,103,DNMT3A_002_28_30_BEAM_20250412.csv
002_DNMT3A,002,DNMT3A,DNMT3A_002_28_31,DNMT3A,002,Wt,M,43,2025-02-08,,True,True,1,287,2025-05-03 00:01:49,2025-05-04 23:58:23,043,DNMT3A_002_28_31_BEAM_20250503.csv
002_DNMT3A,002,DNMT3A,DNMT3A_002_28_33,DNMT3A,002,Het,M,26,2025-02-08,,True,True,1,286,2025-05-03 00:07:40,2025-05-04 23:54:39,026,DNMT3A_002_28_33_BEAM_20250503.csv
002_DNMT3A,002,DNMT3A,DNMT3A_002_28_35,DNMT3A,002,Het,F,1,2025-02-08,,True,True,1,287,2025-05-03 00:04:01,2025-05-04 23:58:53,001,DNMT3A_002_28_35_BEAM_20250503.csv
002_DNMT3A,002,DNMT3A,DNMT3A_002_28_36,DNMT3A,002,Het,F,2,2025-02-08,,True,True,1,287,2025-05-03 00:03:05,2025-05-04 23:57:15,002,DNMT3A_002_28_36_BEAM_20250503.csv
002_DNMT3A,002,DNMT3A,DNMT3A_002_29_18,DNMT3A,002,Het,F,4,2025-01-12,,True,True,1,287,2025-05-03 00:02:22,2025-05-04 23:55:06,004,DNMT3A_002_29_18_BEAM_20250503.csv
002_DNMT3A,002,DNMT3A,DNMT3A_002_29_20,DNMT3A,002,Wt,M,49,2025-01-12,,True,True,1,286,2025-04-05 00:08:43,2025-04-06 23:54:02,049,DNMT3A_002_29_20_BEAM_20250405.csv
002_DNMT3A,002,DNMT3A,DNMT3A_002_29_22,DNMT3A,002,Het,F,8,2025-01-12,,True,True,1,287,2025-05-03 00:04:10,2025-05-04 23:59:04,008,DNMT3A_002_29_22_BEAM_20250503.csv
002_DNMT3A,002,DNMT3A,DNMT3A_002_30_66,DNMT3A,002,Wt,M,28,2025-02-12,,True,True,1,287,2025-05-03 00:02:56,2025-05-04 23:58:36,028,DNMT3A_002_30_66_BEAM_20250503.csv
003_NF1,003,NF1,NF1_003_140_10,NF1,003,Het,F,11,2025-05-17,,True,True,1,283,2025-08-09 00:08:07,2025-08-10 23:55:12,011,NF1_003_140_10_BEAM_20250809.csv
003_NF1,003,NF1,NF1_003_140_11,NF1,003,Wt,F,17,2025-05-17,,True,True,1,283,2025-08-09 00:05:51,2025-08-10 23:53:23,017,NF1_003_140_11_BEAM_20250809.csv
003_NF1,003,NF1,NF1_003_140_12,NF1,003,Wt,F,22,2025-05-17,,True,True,1,284,2025-08-09 00:00:57,2025-08-10 23:57:34,022,NF1_003_140_12_BEAM_20250809.csv
003_NF1,003,NF1,NF1_003_140_14,NF1,003,Het,F,12,2025-05-17,,True,True,1,283,2025-08-09 00:09:14,2025-08-10 23:56:12,012,NF1_003_140_14_BEAM_20250809.csv
003_NF1,003,NF1,NF1_003_140_15,NF1,003,Wt,F,23,2025-05-17,,True,True,1,283,2025-08-09 00:06:27,2025-08-10 23:54:44,023,NF1_003_140_15_BEAM_20250809.csv
003_NF1,003,NF1,NF1_003_140_16,NF1,003,Het,M,40,2025-05-17,,True,True,1,284,2025-08-09 00:02:32,2025-08-10 23:59:58,040,NF1_003_140_16_BEAM_20250809.csv
003_NF1,003,NF1,NF1_003_140_8,NF1,003,Wt,F,16,2025-05-17,,True,True,1,283,2025-08-09 00:07:31,2025-08-10 23:52:46,016,NF1_003_140_8_BEAM_20250809.csv
003_NF1,003,NF1,NF1_003_140_9,NF1,003,Het,M,34,2025-05-17,,True,True,1,284,2025-08-09 00:00:40,2025-08-10 23:56:31,034,NF1_003_140_9_BEAM_20250809.csv
003_NF1,003,NF1,NF1_003_141_18,NF1,003,Het,F,13,2025-05-16,,True,True,1,283,2025-08-09 00:09:36,2025-08-10 23:56:34,013,NF1_003_141_18_BEAM_20250809.csv
003_NF1,003,NF1,NF1_003_141_19,NF1,003,Wt,F,18,2025-05-16,,True,True,1,283,2025-08-09 00:09:35,2025-08-10 23:53:40,018,NF1_003_141_19_BEAM_20250809.csv
003_NF1,003,NF1,NF1_003_141_20,NF1,003,Wt,F,20,2025-05-16,,True,True,1,283,2025-08-09 00:08:49,2025-08-10 23:56:45,020,NF1_003_141_20_BEAM_20250809.csv
003_NF1,003,NF1,NF1_003_141_21,NF1,003,Het,F,14,2025-05-16,,True,True,1,283,2025-08-09 00:04:31,2025-08-10 23:52:45,014,NF1_003_141_21_BEAM_20250809.csv
003_NF1,003,NF1,NF1_003_141_22,NF1,003,Het,F,15,2025-05-16,,True,True,1,283,2025-08-09 00:04:54,2025-08-10 23:52:52,015,NF1_003_141_22_BEAM_20250809.csv
003_NF1,003,NF1,NF1_003_141_23,NF1,003,Wt,M,41,2025-05-16,,True,True,1,284,2025-08-09 00:02:28,2025-08-10 23:59:34,041,NF1_003_141_23_BEAM_20250809.csv
003_NF1,003,NF1,NF1_003_141_24,NF1,003,Het,M,29,2025-05-16,,True,True,1,283,2025-08-09 00:07:37,2025-08-10 23:54:59,029,NF1_003_141_24_BEAM_20250809.csv
003_NF1,003,NF1,NF1_003_142_55,NF1,003,Wt,M,58,2025-05-28,,True,True,1,283,2025-08-09 00:03:01,2025-08-10 23:50:18,058,NF1_003_142_55_BEAM_20250809.csv
003_NF1,003,NF1,NF1_003_142_56,NF1,003,Het,M,36,2025-05-28,,True,True,1,283,2025-08-09 00:07:53,2025-08-10 23:52:59,036,NF1_003_142_56_BEAM_20250809.csv
003_NF1,003,NF1,NF1_003_144_26,NF1,003,Wt,M,56,2025-05-18,,True,True,1,283,2025-08-09 00:06:59,2025-08-10 23:53:56,056,NF1_003_144_26_BEAM_20250809.csv
003_NF1,003,NF1,NF1_003_144_28,NF1,003,Wt,M,59,2025-05-18,,True,True,1,283,2025-08-09 00:05:37,2025-08-10 23:52:55,059,NF1_003_144_28_BEAM_20250809.csv
003_NF1,003,NF1,NF1_003_145_34,NF1,003,Wt,M,51,2025-05-14,,True,True,1,283,2025-08-09 00:09:54,2025-08-10 23:56:40,051,NF1_003_145_34_BEAM_20250809.csv
003_NF1,003,NF1,NF1_003_145_35,NF1,003,Het,F,2,2025-05-14,,True,True,1,283,2025-08-09 00:06:44,2025-08-10 23:51:21,002,NF1_003_145_35_BEAM_20250809.csv
003_NF1,003,NF1,NF1_003_145_36,NF1,003,Het,M,30,2025-05-14,,True,True,1,283,2025-08-09 00:09:12,2025-08-10 23:53:31,030,NF1_003_145_36_BEAM_20250809.csv
003_NF1,003,NF1,NF1_003_145_37,NF1,003,Het,F,3,2025-05-14,,True,True,1,283,2025-08-09 00:07:14,2025-08-10 23:54:53,003,NF1_003_145_37_BEAM_20250809.csv
003_NF1,003,NF1,NF1_003_145_38,NF1,003,Het,M,31,2025-05-14,,True,True,1,283,2025-08-09 00:10:24,2025-08-10 23:54:35,031,NF1_003_145_38_BEAM_20250809.csv
003_NF1,003,NF1,NF1_003_145_39,NF1,003,Wt,M,45,2025-05-14,,True,True,1,284,2025-08-09 00:01:04,2025-08-10 23:55:43,045,NF1_003_145_39_BEAM_20250809.csv
003_NF1,003,NF1,NF1_003_145_40,NF1,003,Het,M,32,2025-05-14,,True,True,1,283,2025-08-09 00:07:43,2025-08-10 23:54:51,032,NF1_003_145_40_BEAM_20250809.csv
003_NF1,003,NF1,NF1_003_146_42,NF1,003,Wt,F,24,2025-05-17,,True,True,1,283,2025-08-09 00:03:33,2025-08-10 23:49:57,024,NF1_003_146_42_BEAM_20250809.csv
003_NF1,003,NF1,NF1_003_146_43,NF1,003,Wt,F,26,2025-05-17,,True,True,1,284,2025-08-09 00:00:16,2025-08-10 23:54:56,026,NF1_003_146_43_BEAM_20250809.csv
003_NF1,003,NF1,NF1_003_146_44,NF1,003,Het,M,39,2025-05-17,,True,True,1,283,2025-08-09 00:09:58,2025-08-10 23:55:19,039,NF1_003_146_44_BEAM_20250809.csv
003_NF1,003,NF1,NF1_003_146_46,NF1,003,Wt,M,53,2025-05-17,,True,True,1,284,2025-08-09 00:02:48,2025-08-10 23:59:04,053,NF1_003_146_46_BEAM_20250809.csv
003_NF1,003,NF1,NF1_003_146_47,NF1,003,Wt,F,27,2025-05-17,,True,True,1,284,2025-08-09 00:01:02,2025-08-10 23:57:13,027,NF1_003_146_47_BEAM_20250809.csv
003_NF1,003,NF1,NF1_003_146_50,NF1,003,Wt,M,63,2025-05-17,,True,True,1,283,2025-08-09 00:09:57,2025-08-10 23:53:54,063,NF1_003_146_50_BEAM_20250809.csv
003_NF1,003,NF1,NF1_003_147_1,NF1,003,Het,F,5,2025-05-16,,True,True,1,284,2025-08-09 00:00:37,2025-08-10 23:57:25,005,NF1_003_147_1_BEAM_20250809.csv
003_NF1,003,NF1,NF1_003_147_2,NF1,003,Wt,F,21,2025-05-16,,True,True,1,283,2025-08-09 00:08:01,2025-08-10 23:56:59,021,NF1_003_147_2_BEAM_20250809.csv
003_NF1,003,NF1,NF1_003_147_3,NF1,003,Het,M,33,2025-05-16,,True,True,1,283,2025-08-09 00:08:51,2025-08-10 23:54:24,033,NF1_003_147_3_BEAM_20250809.csv
003_NF1,003,NF1,NF1_003_147_4,NF1,003,Wt,M,50,2025-05-16,,True,True,1,283,2025-08-09 00:04:08,2025-08-10 23:52:04,050,NF1_003_147_4_BEAM_20250809.csv
003_NF1,003,NF1,NF1_003_147_5,NF1,003,Het,F,7,2025-05-16,,True,True,1,283,2025-08-09 00:08:30,2025-08-10 23:55:26,007,NF1_003_147_5_BEAM_20250809.csv
003_NF1,003,NF1,NF1_003_147_6,NF1,003,Het,F,9,2025-05-16,,True,True,1,283,2025-08-09 00:03:10,2025-08-10 23:49:39,009,NF1_003_147_6_BEAM_20250809.csv
003_NF1,003,NF1,NF1_003_147_7,NF1,003,Wt,M,46,2025-05-16,,True,True,1,283,2025-08-09 00:06:13,2025-08-10 23:53:35,046,NF1_003_147_7_BEAM_20250809.csv
004_SHANK3B,004,SHANK3B,SHANK3B_004_114_78,SHANK3B,004,Het,F,13,2025-05-13,,True,True,1,286,2025-08-23 00:04:46,2025-08-24 23:51:33,013,SHANK3B_004_114_78_BEAM_20250823.csv
004_SHANK3B,004,SHANK3B,SHANK3B_004_114_79,SHANK3B,004,Hom,M,43,2025-05-13,,True,True,1,286,2025-08-23 00:02:00,2025-08-24 23:51:07,043,SHANK3B_004_114_79_BEAM_20250823.csv
004_SHANK3B,004,SHANK3B,SHANK3B_004_114_80,SHANK3B,004,Het,M,38,2025-05-13,,True,True,1,286,2025-08-23 00:07:12,2025-08-24 23:55:13,038,SHANK3B_004_114_80_BEAM_20250823.csv
004_SHANK3B,004,SHANK3B,SHANK3B_004_115_84,SHANK3B,004,Hom,F,18,2025-05-18,,True,True,1,286,2025-08-23 00:07:57,2025-08-24 23:55:48,018,SHANK3B_004_115_84_BEAM_20250823.csv
004_SHANK3B,004,SHANK3B,SHANK3B_004_115_85,SHANK3B,004,Wt,F,23,2025-05-18,,True,True,1,287,2025-08-23 00:00:12,2025-08-24 23:57:53,023,SHANK3B_004_115_85_BEAM_20250823.csv
004_SHANK3B,004,SHANK3B,SHANK3B_004_116_88,SHANK3B,004,Hom,M,44,2025-05-18,,True,True,1,287,2025-08-23 00:00:49,2025-08-24 23:59:54,044,SHANK3B_004_116_88_BEAM_20250823.csv
004_SHANK3B,004,SHANK3B,SHANK3B_004_116_89,SHANK3B,004,Hom,M,55,2025-05-18,,True,True,1,286,2025-08-23 00:10:02,2025-08-24 23:56:55,055,SHANK3B_004_116_89_BEAM_20250823.csv
004_SHANK3B,004,SHANK3B,SHANK3B_004_116_91,SHANK3B,004,Hom,F,19,2025-05-18,,True,True,1,286,2025-08-23 00:08:15,2025-08-24 23:56:12,019,SHANK3B_004_116_91_BEAM_20250823.csv
004_SHANK3B,004,SHANK3B,SHANK3B_004_116_92,SHANK3B,004,Hom,F,20,2025-05-18,,True,True,1,286,2025-08-23 00:08:49,2025-08-24 23:56:38,020,SHANK3B_004_116_92_BEAM_20250823.csv
004_SHANK3B,004,SHANK3B,SHANK3B_004_116_94,SHANK3B,004,Hom,M,58,2025-05-18,,True,True,1,287,2025-08-23 00:01:40,2025-08-24 23:59:13,058,SHANK3B_004_116_94_BEAM_20250823.csv
004_SHANK3B,004,SHANK3B,SHANK3B_004_118_50,SHANK3B,004,Hom,M,56,2025-05-24,,True,True,1,287,2025-08-23 00:00:53,2025-08-24 23:57:28,056,SHANK3B_004_118_50_BEAM_20250823.csv
004_SHANK3B,004,SHANK3B,SHANK3B_004_120_1,SHANK3B,004,Wt,M,49,2025-05-13,,True,True,1,286,2025-08-23 00:04:56,2025-08-24 23:52:20,049,SHANK3B_004_120_1_BEAM_20250823.csv
004_SHANK3B,004,SHANK3B,SHANK3B_004_120_2,SHANK3B,004,Het,M,40,2025-05-13,,True,True,1,286,2025-08-23 00:08:52,2025-08-24 23:57:09,040,SHANK3B_004_120_2_BEAM_20250823.csv
004_SHANK3B,004,SHANK3B,SHANK3B_004_120_3,SHANK3B,004,Hom,F,22,2025-05-13,,True,True,1,286,2025-08-23 00:09:41,2025-08-24 23:57:22,022,SHANK3B_004_120_3_BEAM_20250823.csv
004_SHANK3B,004,SHANK3B,SHANK3B_004_120_96,SHANK3B,004,Wt,M,48,2025-05-13,,True,True,1,286,2025-08-23 00:03:21,2025-08-24 23:51:32,048,SHANK3B_004_120_96_BEAM_20250823.csv
004_SHANK3B,004,SHANK3B,SHANK3B_004_120_97,SHANK3B,004,Het,F,15,2025-05-13,,True,True,1,286,2025-08-23 00:06:08,2025-08-24 23:54:41,015,SHANK3B_004_120_97_BEAM_20250823.csv
004_SHANK3B,004,SHANK3B,SHANK3B_004_120_98,SHANK3B,004,Hom,F,21,2025-05-13,,True,True,1,286,2025-08-23 00:09:09,2025-08-24 23:56:59,021,SHANK3B_004_120_98_BEAM_20250823.csv
004_SHANK3B,004,SHANK3B,SHANK3B_004_120_99,SHANK3B,004,Het,M,39,2025-05-13,,True,True,1,286,2025-08-23 00:07:31,2025-08-24 23:53:17,039,SHANK3B_004_120_99_BEAM_20250823.csv
004_SHANK3B,004,SHANK3B,SHANK3B_004_122_12,SHANK3B,004,Wt,F,24,2025-05-16,,True,True,1,287,2025-08-23 00:00:33,2025-08-24 23:58:18,024,SHANK3B_004_122_12_BEAM_20250823.csv
004_SHANK3B,004,SHANK3B,SHANK3B_004_122_13,SHANK3B,004,Het,M,41,2025-05-16,,True,True,1,286,2025-08-23 00:09:26,2025-08-24 23:57:36,041,SHANK3B_004_122_13_BEAM_20250823.csv
004_SHANK3B,004,SHANK3B,SHANK3B_004_122_15,SHANK3B,004,Wt,F,25,2025-05-16,,True,True,1,287,2025-08-23 00:01:01,2025-08-24 23:58:41,025,SHANK3B_004_122_15_BEAM_20250823.csv
004_SHANK3B,004,SHANK3B,SHANK3B_004_122_16,SHANK3B,004,Het,F,12,2025-05-16,,True,True,1,286,2025-08-23 00:04:15,2025-08-24 23:51:10,012,SHANK3B_004_122_16_BEAM_20250823.csv
004_SHANK3B,004,SHANK3B,SHANK3B_004_122_17,SHANK3B,004,Wt,F,16,2025-05-16,,True,True,1,286,2025-08-23 00:06:54,2025-08-24 23:55:04,016,SHANK3B_004_122_17_BEAM_20250823.csv
004_SHANK3B,004,SHANK3B,SHANK3B_004_122_18,SHANK3B,004,Hom,M,45,2025-05-16,,True,True,1,286,2025-08-23 00:01:14,2025-08-24 23:50:39,045,SHANK3B_004_122_18_BEAM_20250823.csv
004_SHANK3B,004,SHANK3B,SHANK3B_004_126_28,SHANK3B,004,Wt,F,17,2025-05-14,,True,True,1,286,2025-08-23 00:07:39,2025-08-24 23:55:27,017,SHANK3B_004_126_28_BEAM_20250823.csv
004_SHANK3B,004,SHANK3B,SHANK3B_004_126_29,SHANK3B,004,Het,F,11,2025-05-14,,True,True,1,286,2025-08-23 00:03:50,2025-08-24 23:50:42,011,SHANK3B_004_126_29_BEAM_20250823.csv
004_SHANK3B,004,SHANK3B,SHANK3B_004_126_30,SHANK3B,004,Het,M,42,2025-05-14,,True,True,1,287,2025-08-23 00:00:02,2025-08-24 23:59:02,042,SHANK3B_004_126_30_BEAM_20250823.csv
004_SHANK3B,004,SHANK3B,SHANK3B_004_126_31,SHANK3B,004,Wt,M,50,2025-05-14,,True,True,1,286,2025-08-23 00:06:29,2025-08-24 23:52:53,050,SHANK3B_004_126_31_BEAM_20250823.csv
004_SHANK3B,004,SHANK3B,SHANK3B_004_126_32,SHANK3B,004,Hom,M,46,2025-05-14,,True,True,1,286,2025-08-23 00:01:36,2025-08-24 23:50:16,046,SHANK3B_004_126_32_BEAM_20250823.csv
004_SHANK3B,004,SHANK3B,SHANK3B_004_126_33,SHANK3B,004,Hom,M,47,2025-05-14,,True,True,1,286,2025-08-23 00:02:21,2025-08-24 23:51:53,047,SHANK3B_004_126_33_BEAM_20250823.csv
004_SHANK3B,004,SHANK3B,SHANK3B_004_126_34,SHANK3B,004,Het,F,14,2025-05-14,,True,True,1,286,2025-08-23 00:05:36,2025-08-24 23:54:19,014,SHANK3B_004_126_34_BEAM_20250823.csv
004_SHANK3B,004,SHANK3B,SHANK3B_004_128_44,SHANK3B,004,Hom,M,59,2025-05-19,,True,True,1,287,2025-08-23 00:02:00,2025-08-24 23:59:33,059,SHANK3B_004_128_44_BEAM_20250823.csv
004_SHANK3B,004,SHANK3B,SHANK3B_004_67_1,SHANK3B,004,Het,M,51,2025-04-21,,True,True,1,286,2025-08-23 00:07:05,2025-08-24 23:53:51,051,SHANK3B_004_67_1_BEAM_20250823.csv
004_SHANK3B,004,SHANK3B,SHANK3B_004_67_2,SHANK3B,004,Het,M,52,2025-04-21,,True,True,1,286,2025-08-23 00:07:23,2025-08-24 23:54:47,052,SHANK3B_004_67_2_BEAM_20250823.csv
004_SHANK3B,004,SHANK3B,SHANK3B_004_67_3,SHANK3B,004,Wt,F,7,2025-04-21,,True,True,1,287,2025-08-23 00:01:44,2025-08-24 23:58:54,007,SHANK3B_004_67_3_BEAM_20250823.csv
004_SHANK3B,004,SHANK3B,SHANK3B_004_68_21,SHANK3B,004,Het,F,1,2025-04-23,,True,True,1,286,2025-08-23 00:06:06,2025-08-24 23:52:58,001,SHANK3B_004_68_21_BEAM_20250823.csv
004_SHANK3B,004,SHANK3B,SHANK3B_004_68_23,SHANK3B,004,Wt,M,31,2025-04-23,,True,True,1,286,2025-08-23 00:03:42,2025-08-24 23:51:23,031,SHANK3B_004_68_23_BEAM_20250823.csv
004_SHANK3B,004,SHANK3B,SHANK3B_004_68_24,SHANK3B,004,Het,F,3,2025-04-23,,True,True,1,286,2025-08-23 00:08:17,2025-08-24 23:54:41,003,SHANK3B_004_68_24_BEAM_20250823.csv
004_SHANK3B,004,SHANK3B,SHANK3B_004_69_29,SHANK3B,004,Hom,F,26,2025-04-23,,True,True,1,287,2025-08-23 00:01:23,2025-08-24 23:59:05,026,SHANK3B_004_69_29_BEAM_20250823.csv
004_SHANK3B,004,SHANK3B,SHANK3B_004_69_32,SHANK3B,004,Wt,M,32,2025-04-23,,True,True,1,286,2025-08-23 00:04:25,2025-08-24 23:51:48,032,SHANK3B_004_69_32_BEAM_20250823.csv
004_SHANK3B,004,SHANK3B,SHANK3B_004_69_33,SHANK3B,004,Wt,F,6,2025-04-23,,True,True,1,287,2025-08-23 00:00:29,2025-08-24 23:57:46,006,SHANK3B_004_69_33_BEAM_20250823.csv
004_SHANK3B,004,SHANK3B,SHANK3B_004_70_4,SHANK3B,004,Wt,M,33,2025-04-21,,True,True,1,286,2025-08-23 00:05:15,2025-08-24 23:54:20,033,SHANK3B_004_70_4_BEAM_20250823.csv
004_SHANK3B,004,SHANK3B,SHANK3B_004_70_7,SHANK3B,004,Hom,F,27,2025-04-21,,True,True,1,287,2025-08-23 00:01:46,2025-08-24 23:59:51,027,SHANK3B_004_70_7_BEAM_20250823.csv
004_SHANK3B,004,SHANK3B,SHANK3B_004_70_8,SHANK3B,004,Het,F,2,2025-04-21,,True,True,1,286,2025-08-23 00:07:06,2025-08-24 23:53:37,002,SHANK3B_004_70_8_BEAM_20250823.csv
004_SHANK3B,004,SHANK3B,SHANK3B_004_70_9,SHANK3B,004,Het,M,53,2025-04-21,,True,True,1,286,2025-08-23 00:07:48,2025-08-24 23:54:14,053,SHANK3B_004_70_9_BEAM_20250823.csv
004_SHANK3B,004,SHANK3B,SHANK3B_004_71_38,SHANK3B,004,Wt,F,8,2025-04-23,,True,True,1,287,2025-08-23 00:01:09,2025-08-24 23:58:13,008,SHANK3B_004_71_38_BEAM_20250823.csv
004_SHANK3B,004,SHANK3B,SHANK3B_004_72_63,SHANK3B,004,Wt,M,36,2025-04-26,,True,True,1,286,2025-08-23 00:06:18,2025-08-24 23:54:49,036,SHANK3B_004_72_63_BEAM_20250823.csv
004_SHANK3B,004,SHANK3B,SHANK3B_004_73_10,SHANK3B,004,Hom,F,28,2025-04-21,,True,True,1,286,2025-08-23 00:02:13,2025-08-24 23:50:39,028,SHANK3B_004_73_10_BEAM_20250823.csv
004_SHANK3B,004,SHANK3B,SHANK3B_004_73_11,SHANK3B,004,Het,M,63,2025-04-21,,True,True,1,286,2025-08-23 00:06:52,2025-08-24 23:52:45,063,SHANK3B_004_73_11_BEAM_20250823.csv
004_SHANK3B,004,SHANK3B,SHANK3B_004_73_12,SHANK3B,004,Wt,F,9,2025-04-21,,True,True,1,287,2025-08-23 00:02:17,2025-08-24 23:59:29,009,SHANK3B_004_73_12_BEAM_20250823.csv
004_SHANK3B,004,SHANK3B,SHANK3B_004_73_13,SHANK3B,004,Hom,F,29,2025-04-21,,True,True,1,287,2025-08-23 00:02:32,2025-08-24 23:59:29,029,SHANK3B_004_73_13_BEAM_20250823.csv
004_SHANK3B,004,SHANK3B,SHANK3B_004_73_16,SHANK3B,004,Wt,F,10,2025-04-21,,True,True,1,286,2025-08-23 00:03:16,2025-08-24 23:50:19,010,SHANK3B_004_73_16_BEAM_20250823.csv
004_SHANK3B,004,SHANK3B,SHANK3B_004_75_47,SHANK3B,004,Wt,M,34,2025-04-23,,True,True,1,286,2025-08-23 00:05:28,2025-08-24 23:52:07,034,SHANK3B_004_75_47_BEAM_20250823.csv
004_SHANK3B,004,SHANK3B,SHANK3B_004_77_56,SHANK3B,004,Wt,M,35,2025-04-23,,True,True,1,286,2025-08-23 00:05:55,2025-08-24 23:55:36,035,SHANK3B_004_77_56_BEAM_20250823.csv
004_SHANK3B,004,SHANK3B,SHANK3B_004_78_70,SHANK3B,004,Wt,M,37,2025-04-23,,True,True,1,286,2025-08-23 00:06:46,2025-08-24 23:56:03,037,SHANK3B_004_78_70_BEAM_20250823.csv
004_SHANK3B,004,SHANK3B,SHANK3B_004_79_17,SHANK3B,004,Het,F,4,2025-04-22,,True,True,1,286,2025-08-23 00:08:37,2025-08-24 23:55:00,004,SHANK3B_004_79_17_BEAM_20250823.csv
004_SHANK3B,004,SHANK3B,SHANK3B_004_79_18,SHANK3B,004,Hom,F,5,2025-04-22,,True,True,1,286,2025-08-23 00:09:58,2025-08-24 23:57:17,005,SHANK3B_004_79_18_BEAM_20250823.csv
004_SHANK3B,004,SHANK3B,SHANK3B_004_79_19,SHANK3B,004,Het,M,60,2025-04-22,,True,True,1,286,2025-08-23 00:02:56,2025-08-24 23:50:17,060,SHANK3B_004_79_19_BEAM_20250823.csv
004_SHANK3B,004,SHANK3B,SHANK3B_004_79_20,SHANK3B,004,Het,F,30,2025-04-22,,True,True,1,286,2025-08-23 00:03:16,2025-08-24 23:51:03,030,SHANK3B_004_79_20_BEAM_20250823.csv
005_CDKL5,005,CDKL5,CDKL5_005_177_49,CDKL5,005,Hemi,M,21,2025-07-16,Include,True,True,1,286,2025-10-11 00:07:05,2025-10-12 23:54:52,021,CDKL5_005_177_49_BEAM_20251011.csv
005_CDKL5,005,CDKL5,CDKL5_005_177_50,CDKL5,005,Het,F,40,2025-07-16,Include,True,True,1,286,2025-10-11 00:05:30,2025-10-12 23:53:37,040,CDKL5_005_177_50_BEAM_20251011.csv
005_CDKL5,005,CDKL5,CDKL5_005_177_58,CDKL5,005,Hom,F,8,2025-07-16,Include,True,True,1,287,2025-10-11 00:01:05,2025-10-12 23:58:39,008,CDKL5_005_177_58_BEAM_20251011.csv
005_CDKL5,005,CDKL5,CDKL5_005_177_60,CDKL5,005,Het,F,42,2025-07-16,Include,True,True,1,286,2025-10-11 00:09:47,2025-10-12 23:59:01,042,CDKL5_005_177_60_BEAM_20251011.csv
005_CDKL5,005,CDKL5,CDKL5_005_178_78,CDKL5,005,Wt,F,32,2025-07-19,Include,True,True,1,286,2025-10-11 00:07:49,2025-10-12 23:54:51,032,CDKL5_005_178_78_BEAM_20251011.csv
005_CDKL5,005,CDKL5,CDKL5_005_178_79,CDKL5,005,Hemi,M,9,2025-07-19,Include,True,True,1,286,2025-10-11 00:07:13,2025-10-12 23:54:26,009,CDKL5_005_178_79_BEAM_20251011.csv
005_CDKL5,005,CDKL5,CDKL5_005_178_82,CDKL5,005,Hemi,M,46,2025-07-19,Include,True,True,1,286,2025-10-11 00:05:46,2025-10-12 23:52:56,046,CDKL5_005_178_82_BEAM_20251011.csv
005_CDKL5,005,CDKL5,CDKL5_005_178_83,CDKL5,005,Wt,F,35,2025-07-19,Include,True,True,1,286,2025-10-11 00:00:25,2025-10-12 23:50:10,035,CDKL5_005_178_83_BEAM_20251011.csv
005_CDKL5,005,CDKL5,CDKL5_005_179_14,CDKL5,005,Wt,F,33,2025-08-07,Include,True,True,1,286,2025-10-11 00:08:54,2025-10-12 23:57:14,033,CDKL5_005_179_14_BEAM_20251011.csv
005_CDKL5,005,CDKL5,CDKL5_005_179_17,CDKL5,005,Wt,M,37,2025-08-07,Include,True,True,1,286,2025-10-11 00:06:06,2025-10-12 23:54:03,037,CDKL5_005_179_17_BEAM_20251011.csv
005_CDKL5,005,CDKL5,CDKL5_005_179_20,CDKL5,005,Wt,F,34,2025-08-07,Include,True,True,1,286,2025-10-11 00:08:53,2025-10-12 23:53:46,034,CDKL5_005_179_20_BEAM_20251011.csv
005_CDKL5,005,CDKL5,CDKL5_005_180_66,CDKL5,005,Wt,F,26,2025-07-16,Include,True,True,1,287,2025-10-11 00:01:37,2025-10-12 23:57:58,026,CDKL5_005_180_66_BEAM_20251011.csv
005_CDKL5,005,CDKL5,CDKL5_005_180_67,CDKL5,005,Wt,M,49,2025-07-16,Include,True,True,1,287,2025-10-11 00:00:05,2025-10-12 23:59:23,049,CDKL5_005_180_67_BEAM_20251011.csv
005_CDKL5,005,CDKL5,CDKL5_005_180_68,CDKL5,005,Het,F,28,2025-07-16,Include,True,True,1,286,2025-10-11 00:05:26,2025-10-12 23:53:09,028,CDKL5_005_180_68_BEAM_20251011.csv
005_CDKL5,005,CDKL5,CDKL5_005_180_69,CDKL5,005,Wt,M,19,2025-07-16,Include,True,True,1,286,2025-10-11 00:06:27,2025-10-12 23:54:28,019,CDKL5_005_180_69_BEAM_20251011.csv
005_CDKL5,005,CDKL5,CDKL5_005_182_56,CDKL5,005,Het,F,29,2025-07-16,Include,True,True,1,286,2025-10-11 00:06:23,2025-10-12 23:52:17,029,CDKL5_005_182_56_BEAM_20251011.csv
005_CDKL5,005,CDKL5,CDKL5_005_182_57,CDKL5,005,Wt,M,20,2025-07-16,Include,True,True,1,286,2025-10-11 00:06:57,2025-10-12 23:54:42,020,CDKL5_005_182_57_BEAM_20251011.csv
005_CDKL5,005,CDKL5,CDKL5_005_182_61,CDKL5,005,Hemi,M,23,2025-07-16,Include,True,True,1,286,2025-10-11 00:08:41,2025-10-12 23:56:18,023,CDKL5_005_182_61_BEAM_20251011.csv
005_CDKL5,005,CDKL5,CDKL5_005_182_63,CDKL5,005,Hemi,M,22,2025-07-16,Include,True,True,1,286,2025-10-11 00:09:10,2025-10-12 23:55:58,022,CDKL5_005_182_63_BEAM_20251011.csv
005_CDKL5,005,CDKL5,CDKL5_005_182_64,CDKL5,005,Wt,F,27,2025-07-16,Include,True,True,1,287,2025-10-11 00:02:33,2025-10-12 23:59:08,027,CDKL5_005_182_64_BEAM_20251011.csv
005_CDKL5,005,CDKL5,CDKL5_005_182_65,CDKL5,005,Wt,F,43,2025-07-16,Include,True,True,1,286,2025-10-11 00:08:06,2025-10-12 23:57:36,043,CDKL5_005_182_65_BEAM_20251011.csv
005_CDKL5,005,CDKL5,CDKL5_005_183_74,CDKL5,005,Wt,F,47,2025-07-17,Include,True,True,1,286,2025-10-11 00:04:14,2025-10-12 23:51:33,047,CDKL5_005_183_74_BEAM_20251011.csv
005_CDKL5,005,CDKL5,CDKL5_005_183_75,CDKL5,005,Wt,F,25,2025-07-17,Include,True,True,1,286,2025-10-11 00:06:04,2025-10-12 23:53:43,025,CDKL5_005_183_75_BEAM_20251011.csv
005_CDKL5,005,CDKL5,CDKL5_005_184_3,CDKL5,005,Wt,F,36,2025-07-24,Include,True,True,1,287,2025-10-11 00:01:41,2025-10-12 23:58:38,036,CDKL5_005_184_3_BEAM_20251011.csv
005_CDKL5,005,CDKL5,CDKL5_005_184_4,CDKL5,005,Hemi,M,16,2025-07-24,Include,True,True,1,286,2025-10-11 00:05:39,2025-10-12 23:53:20,016,CDKL5_005_184_4_BEAM_20251011.csv
005_CDKL5,005,CDKL5,CDKL5_005_184_99,CDKL5,005,Hemi,M,15,2025-07-24,Include,True,True,1,287,2025-10-11 00:00:06,2025-10-12 23:58:07,015,CDKL5_005_184_99_BEAM_20251011.csv
005_CDKL5,005,CDKL5,CDKL5_005_186_52,CDKL5,005,Het,F,41,2025-07-16,Include,True,True,1,286,2025-10-11 00:02:43,2025-10-12 23:50:49,041,CDKL5_005_186_52_BEAM_20251011.csv
005_CDKL5,005,CDKL5,CDKL5_005_186_53,CDKL5,005,Wt,M,48,2025-07-16,Include,True,True,1,286,2025-10-11 00:06:12,2025-10-12 23:53:43,048,CDKL5_005_186_53_BEAM_20251011.csv
005_CDKL5,005,CDKL5,CDKL5_005_186_54,CDKL5,005,Het,F,12,2025-07-16,Include,True,True,1,286,2025-10-11 00:03:11,2025-10-12 23:50:19,012,CDKL5_005_186_54_BEAM_20251011.csv
005_CDKL5,005,CDKL5,CDKL5_005_186_55,CDKL5,005,Wt,M,18,2025-07-16,Include,True,True,1,286,2025-10-11 00:07:21,2025-10-12 23:53:39,018,CDKL5_005_186_55_BEAM_20251011.csv
005_CDKL5,005,CDKL5,CDKL5_005_187_10,CDKL5,005,Hom,F,11,2025-07-28,Include,True,True,1,286,2025-10-11 00:08:26,2025-10-12 23:55:52,011,CDKL5_005_187_10_BEAM_20251011.csv
005_CDKL5,005,CDKL5,CDKL5_005_187_13,CDKL5,005,Hemi,M,13,2025-07-28,Include,True,True,1,287,2025-10-11 00:02:00,2025-10-12 23:58:33,013,CDKL5_005_187_13_BEAM_20251011.csv
005_CDKL5,005,CDKL5,CDKL5_005_187_6,CDKL5,005,Hemi,M,14,2025-07-28,Include,True,True,1,286,2025-10-11 00:03:23,2025-10-12 23:52:28,014,CDKL5_005_187_6_BEAM_20251011.csv
005_CDKL5,005,CDKL5,CDKL5_005_187_8,CDKL5,005,Hom,F,7,2025-07-28,Include,True,True,1,286,2025-10-11 00:04:26,2025-10-12 23:51:33,007,CDKL5_005_187_8_BEAM_20251011.csv
005_CDKL5,005,CDKL5,CDKL5_005_190_86,CDKL5,005,Hemi,M,10,2025-07-19,Include,True,True,1,286,2025-10-11 00:02:25,2025-10-12 23:49:58,010,CDKL5_005_190_86_BEAM_20251011.csv
005_CDKL5,005,CDKL5,CDKL5_005_190_87,CDKL5,005,Het,F,31,2025-07-19,Include,True,True,1,286,2025-10-11 00:05:05,2025-10-12 23:51:55,031,CDKL5_005_190_87_BEAM_20251011.csv
005_CDKL5,005,CDKL5,CDKL5_005_191_92,CDKL5,005,Het,F,52,2025-07-23,Include,True,True,1,286,2025-10-11 00:04:08,2025-10-12 23:50:34,052,CDKL5_005_191_92_BEAM_20251011.csv
005_CDKL5,005,CDKL5,CDKL5_005_191_94,CDKL5,005,Het,F,30,2025-07-23,Include,True,True,1,287,2025-10-11 00:02:12,2025-10-12 23:59:06,030,CDKL5_005_191_94_BEAM_20251011.csv
005_CDKL5,005,CDKL5,CDKL5_005_191_96,CDKL5,005,Het,F,17,2025-07-23,Include,True,True,1,286,2025-10-11 00:08:09,2025-10-12 23:55:26,017,CDKL5_005_191_96_BEAM_20251011.csv
005_CDKL5,005,CDKL5,CDKL5_005_191_97,CDKL5,005,Het,F,51,2025-07-23,Include,True,True,1,286,2025-10-11 00:07:39,2025-10-12 23:55:01,051,CDKL5_005_191_97_BEAM_20251011.csv
005_CDKL5,005,CDKL5,CDKL5_005_273_38,CDKL5,005,Hom,F,3,2025-08-09,Include,True,True,1,286,2025-10-11 00:04:41,2025-10-12 23:51:22,003,CDKL5_005_273_38_BEAM_20251011.csv
005_CDKL5,005,CDKL5,CDKL5_005_273_39,CDKL5,005,Hom,F,2,2025-08-09,Include,True,True,1,287,2025-10-11 00:00:50,2025-10-12 23:57:33,002,CDKL5_005_273_39_BEAM_20251011.csv
005_CDKL5,005,CDKL5,CDKL5_005_273_40,CDKL5,005,Hom,F,5,2025-08-09,Include,True,True,1,286,2025-10-11 00:03:04,2025-10-12 23:50:36,005,CDKL5_005_273_40_BEAM_20251011.csv
005_CDKL5,005,CDKL5,CDKL5_005_273_43,CDKL5,005,Hom,F,1,2025-08-09,Include,True,True,1,287,2025-10-11 00:00:20,2025-10-12 23:59:36,001,CDKL5_005_273_43_BEAM_20251011.csv
005_CDKL5,005,CDKL5,CDKL5_005_273_44,CDKL5,005,Hom,F,4,2025-08-09,Include,True,True,1,287,2025-10-11 00:01:26,2025-10-12 23:57:20,004,CDKL5_005_273_44_BEAM_20251011.csv
005_CDKL5,005,CDKL5,CDKL5_005_275_28,CDKL5,005,Wt,M,39,2025-08-06,Include,True,True,1,286,2025-10-11 00:09:28,2025-10-12 23:56:39,039,CDKL5_005_275_28_BEAM_20251011.csv
005_CDKL5,005,CDKL5,CDKL5_005_275_29,CDKL5,005,Wt,M,44,2025-08-06,Include,True,True,1,286,2025-10-11 00:09:40,2025-10-12 23:59:14,044,CDKL5_005_275_29_BEAM_20251011.csv
005_CDKL5,005,CDKL5,CDKL5_005_276_30,CDKL5,005,Hom,F,6,2025-08-06,Include,True,True,1,287,2025-10-11 00:02:36,2025-10-12 23:59:39,006,CDKL5_005_276_30_BEAM_20251011.csv
005_CDKL5,005,CDKL5,CDKL5_005_281_35,CDKL5,005,Wt,M,24,2025-08-06,Include,True,True,1,286,2025-10-11 00:03:56,2025-10-12 23:51:13,024,CDKL5_005_281_35_BEAM_20251011.csv
005_CDKL5,005,CDKL5,CDKL5_005_281_36,CDKL5,005,Wt,M,38,2025-08-06,Include,True,True,1,287,2025-10-11 00:00:52,2025-10-12 23:59:50,038,CDKL5_005_281_36_BEAM_20251011.csv
006_WAC,006,WAC,WAC_006_198_73,WAC,006,Het,M,32,2025-07-02,Include,True,True,1,286,2025-10-25 00:08:07,2025-10-26 23:54:50,032,WAC_006_198_73_BEAM_20251025.csv
006_WAC,006,WAC,WAC_006_198_74,WAC,006,Het,M,33,2025-07-02,Include,True,True,1,286,2025-10-25 00:04:11,2025-10-26 23:52:49,033,WAC_006_198_74_BEAM_20251025.csv
006_WAC,006,WAC,WAC_006_198_77,WAC,006,Wt,M,14,2025-07-02,Include,True,False,0,0,,,,
006_WAC,006,WAC,WAC_006_198_79,WAC,006,Het,M,35,2025-07-02,Include,True,True,1,286,2025-10-25 00:09:31,2025-10-26 23:55:30,035,WAC_006_198_79_BEAM_20251025.csv
006_WAC,006,WAC,WAC_006_198_80,WAC,006,Het,F,25,2025-07-02,Include,True,True,1,287,2025-10-25 00:01:42,2025-10-26 23:58:16,025,WAC_006_198_80_BEAM_20251025.csv
006_WAC,006,WAC,WAC_006_199_92,WAC,006,Wt,M,12,2025-07-05,Include,True,True,1,287,2025-10-25 00:01:29,2025-10-26 23:58:36,012,WAC_006_199_92_BEAM_20251025.csv
006_WAC,006,WAC,WAC_006_199_93,WAC,006,Wt,M,16,2025-07-05,Include,True,True,1,292,2025-11-01 00:02:57,2025-11-02 23:50:18,016,WAC_006_199_93_BEAM_20251101.csv
006_WAC,006,WAC,WAC_006_199_95,WAC,006,Wt,F,1,2025-07-05,Include,True,True,1,292,2025-11-01 00:09:18,2025-11-02 23:56:35,001,WAC_006_199_95_BEAM_20251101.csv
006_WAC,006,WAC,WAC_006_199_97,WAC,006,Het,F,24,2025-07-05,Include,True,True,1,286,2025-10-25 00:08:11,2025-10-26 23:55:38,024,WAC_006_199_97_BEAM_20251025.csv
006_WAC,006,WAC,WAC_006_200_85,WAC,006,Wt,F,3,2025-07-03,Include,True,True,1,293,2025-11-01 00:02:11,2025-11-02 23:58:58,003,WAC_006_200_85_BEAM_20251101.csv
006_WAC,006,WAC,WAC_006_200_86,WAC,006,Het,F,23,2025-07-03,Include,True,True,1,286,2025-10-25 00:08:45,2025-10-26 23:56:00,023,WAC_006_200_86_BEAM_20251025.csv
006_WAC,006,WAC,WAC_006_200_87,WAC,006,Wt,M,13,2025-07-03,Include,True,True,1,287,2025-10-25 00:02:15,2025-10-26 23:59:27,013,WAC_006_200_87_BEAM_20251025.csv
006_WAC,006,WAC,WAC_006_200_89,WAC,006,Het,M,34,2025-07-03,Include,True,True,1,286,2025-10-25 00:08:44,2025-10-26 23:55:00,034,WAC_006_200_89_BEAM_20251025.csv
006_WAC,006,WAC,WAC_006_201_81,WAC,006,Wt,M,15,2025-07-03,Include,True,True,1,286,2025-10-25 00:04:10,2025-10-26 23:53:43,015,WAC_006_201_81_BEAM_20251025.csv
006_WAC,006,WAC,WAC_006_201_83,WAC,006,Wt,F,6,2025-07-03,Include,True,True,1,286,2025-10-25 00:09:29,2025-10-26 23:56:00,006,WAC_006_201_83_BEAM_20251025.csv
006_WAC,006,WAC,WAC_006_201_84,WAC,006,Wt,F,4,2025-07-03,Include,True,True,1,286,2025-10-25 00:07:45,2025-10-26 23:53:30,004,WAC_006_201_84_BEAM_20251025.csv
006_WAC,006,WAC,WAC_006_203_6,WAC,006,Wt,F,2,2025-07-08,Include,True,True,1,293,2025-11-01 00:02:34,2025-11-02 23:59:28,002,WAC_006_203_6_BEAM_20251101.csv
006_WAC,006,WAC,WAC_006_206_11,WAC,006,Wt,F,7,2025-07-16,Include,True,True,1,286,2025-10-25 00:09:55,2025-10-26 23:56:52,007,WAC_006_206_11_BEAM_20251025.csv
006_WAC,006,WAC,WAC_006_206_9,WAC,006,Wt,F,11,2025-07-16,Include,True,True,1,287,2025-10-25 00:01:06,2025-10-26 23:58:18,011,WAC_006_206_9_BEAM_20251025.csv
006_WAC,006,WAC,WAC_006_235_13,WAC,006,Wt,F,8,2025-07-18,Include,True,True,1,292,2025-11-01 00:08:24,2025-11-02 23:56:08,008,WAC_006_235_13_BEAM_20251101.csv
006_WAC,006,WAC,WAC_006_235_14,WAC,006,Het,M,39,2025-07-18,Include,True,True,1,287,2025-10-25 00:03:27,2025-10-26 23:59:32,039,WAC_006_235_14_BEAM_20251025.csv
006_WAC,006,WAC,WAC_006_235_15,WAC,006,Het,M,36,2025-07-18,Include,True,True,1,287,2025-10-25 00:01:27,2025-10-26 23:58:16,036,WAC_006_235_15_BEAM_20251025.csv
006_WAC,006,WAC,WAC_006_235_16,WAC,006,Het,M,40,2025-07-18,Include,True,True,1,286,2025-10-25 00:05:23,2025-10-26 23:54:03,040,WAC_006_235_16_BEAM_20251025.csv
006_WAC,006,WAC,WAC_006_235_18,WAC,006,Wt,F,9,2025-07-18,Include,True,True,1,292,2025-11-01 00:06:40,2025-11-02 23:54:01,009,WAC_006_235_18_BEAM_20251101.csv
006_WAC,006,WAC,WAC_006_235_20,WAC,006,Wt,F,10,2025-07-18,Include,True,True,1,287,2025-10-25 00:01:52,2025-10-26 23:59:07,010,WAC_006_235_20_BEAM_20251025.csv
006_WAC,006,WAC,WAC_006_260_25,WAC,006,Wt,M,19,2025-07-25,Include,True,True,1,286,2025-10-25 00:07:23,2025-10-26 23:54:44,019,WAC_006_260_25_BEAM_20251025.csv
006_WAC,006,WAC,WAC_006_260_28,WAC,006,Wt,M,21,2025-07-25,Include,True,True,1,286,2025-10-25 00:07:01,2025-10-26 23:54:25,021,WAC_006_260_28_BEAM_20251025.csv
006_WAC,006,WAC,WAC_006_264_30,WAC,006,Wt,M,17,2025-07-24,Include,True,True,1,292,2025-11-01 00:08:14,2025-11-02 23:55:35,017,WAC_006_264_30_BEAM_20251101.csv
006_WAC,006,WAC,WAC_006_264_31,WAC,006,Het,M,37,2025-07-24,Include,True,True,1,287,2025-10-25 00:01:52,2025-10-26 23:59:03,037,WAC_006_264_31_BEAM_20251025.csv
006_WAC,006,WAC,WAC_006_264_32,WAC,006,Wt,M,20,2025-07-24,Include,True,True,1,286,2025-10-25 00:06:40,2025-10-26 23:54:09,020,WAC_006_264_32_BEAM_20251025.csv
006_WAC,006,WAC,WAC_006_264_33,WAC,006,Het,M,38,2025-07-24,Include,True,True,1,286,2025-10-25 00:02:21,2025-10-26 23:50:15,038,WAC_006_264_33_BEAM_20251025.csv
006_WAC,006,WAC,WAC_006_264_34,WAC,006,Het,F,27,2025-07-24,Include,True,True,1,287,2025-10-25 00:02:03,2025-10-26 23:58:39,027,WAC_006_264_34_BEAM_20251025.csv
006_WAC,006,WAC,WAC_006_264_35,WAC,006,Wt,M,18,2025-07-24,Include,True,True,1,286,2025-10-25 00:04:55,2025-10-26 23:53:12,018,WAC_006_264_35_BEAM_20251025.csv
006_WAC,006,WAC,WAC_006_264_36,WAC,006,Het,F,26,2025-07-24,Include,True,True,1,286,2025-10-25 00:03:49,2025-10-26 23:51:19,026,WAC_006_264_36_BEAM_20251025.csv
006_WAC,006,WAC,WAC_006_264_37,WAC,006,Het,F,29,2025-07-24,Include,True,True,1,286,2025-10-25 00:07:12,2025-10-26 23:53:03,029,WAC_006_264_37_BEAM_20251025.csv
006_WAC,006,WAC,WAC_006_284_40,WAC,006,Het,F,28,2025-08-10,Include,True,True,1,292,2025-11-01 00:07:35,2025-11-02 23:55:35,028,WAC_006_284_40_BEAM_20251101.csv
006_WAC,006,WAC,WAC_006_284_46,WAC,006,Het,M,42,2025-08-10,Include,True,True,1,287,2025-10-25 00:00:03,2025-10-26 23:59:31,042,WAC_006_284_46_BEAM_20251025.csv
006_WAC,006,WAC,WAC_006_302_54,WAC,006,Het,F,22,2025-08-13,Include,True,True,1,286,2025-10-25 00:07:46,2025-10-26 23:55:10,022,WAC_006_302_54_BEAM_20251025.csv
006_WAC,006,WAC,WAC_006_305_76,WAC,006,Het,F,30,2025-08-18,Include,True,True,1,286,2025-10-25 00:05:23,2025-10-26 23:51:41,030,WAC_006_305_76_BEAM_20251025.csv
006_WAC,006,WAC,WAC_006_313_61,WAC,006,Het,F,31,2025-08-16,Include,True,True,1,286,2025-10-25 00:05:55,2025-10-26 23:52:32,031,WAC_006_313_61_BEAM_20251025.csv
007_FMR1,007,FMR1,FMR1_007_207_60,FMR1,007,Het,F,22,2025-07-29,Include,True,True,1,286,2025-11-08 00:07:14,2025-11-09 23:54:19,022,FMR1_007_207_60_BEAM_20251108.csv
007_FMR1,007,FMR1,FMR1_007_207_61,FMR1,007,Wt,F,3,2025-07-29,Include,True,True,1,286,2025-11-08 00:07:18,2025-11-09 23:54:17,003,FMR1_007_207_61_BEAM_20251108.csv
007_FMR1,007,FMR1,FMR1_007_207_62,FMR1,007,Wt,F,1,2025-07-29,Include,True,True,1,287,2025-11-08 00:02:04,2025-11-09 23:59:04,001,FMR1_007_207_62_BEAM_20251108.csv
007_FMR1,007,FMR1,FMR1_007_207_63,FMR1,007,Het,F,19,2025-07-29,Include,True,True,1,287,2025-11-08 00:00:43,2025-11-09 23:58:59,019,FMR1_007_207_63_BEAM_20251108.csv
007_FMR1,007,FMR1,FMR1_007_210_79,FMR1,007,Wt,M,43,2025-07-31,Include,True,True,1,286,2025-11-08 00:08:29,2025-11-09 23:57:31,043,FMR1_007_210_79_BEAM_20251108.csv
007_FMR1,007,FMR1,FMR1_007_211_81,FMR1,007,Wt,F,2,2025-08-02,Include,True,True,1,286,2025-11-08 00:05:32,2025-11-09 23:52:55,002,FMR1_007_211_81_BEAM_20251108.csv
007_FMR1,007,FMR1,FMR1_007_211_82,FMR1,007,Hemi,M,49,2025-08-02,Include,True,True,1,286,2025-11-08 00:10:00,2025-11-09 23:57:32,049,FMR1_007_211_82_BEAM_20251108.csv
007_FMR1,007,FMR1,FMR1_007_211_83,FMR1,007,Wt,F,4,2025-08-02,Include,True,True,1,286,2025-11-08 00:08:36,2025-11-09 23:54:42,004,FMR1_007_211_83_BEAM_20251108.csv
007_FMR1,007,FMR1,FMR1_007_211_84,FMR1,007,Hemi,M,48,2025-08-02,Include,True,True,1,286,2025-11-08 00:05:42,2025-11-09 23:52:32,048,FMR1_007_211_84_BEAM_20251108.csv
007_FMR1,007,FMR1,FMR1_007_211_86,FMR1,007,Hemi,M,53,2025-08-02,Include,True,True,1,286,2025-11-08 00:05:25,2025-11-09 23:50:55,053,FMR1_007_211_86_BEAM_20251108.csv
007_FMR1,007,FMR1,FMR1_007_212_88,FMR1,007,Hemi,M,52,2025-08-03,Include,True,True,1,287,2025-11-08 00:00:51,2025-11-09 23:57:49,052,FMR1_007_212_88_BEAM_20251108.csv
007_FMR1,007,FMR1,FMR1_007_212_89,FMR1,007,Hemi,M,50,2025-08-03,Include,True,True,1,287,2025-11-08 00:00:22,2025-11-09 23:58:17,050,FMR1_007_212_89_BEAM_20251108.csv
007_FMR1,007,FMR1,FMR1_007_212_90,FMR1,007,Het,F,12,2025-08-03,Include,True,True,1,286,2025-11-08 00:08:23,2025-11-09 23:54:50,012,FMR1_007_212_90_BEAM_20251108.csv
007_FMR1,007,FMR1,FMR1_007_212_91,FMR1,007,Het,F,11,2025-08-03,Include,True,True,1,286,2025-11-08 00:04:25,2025-11-09 23:52:15,011,FMR1_007_212_91_BEAM_20251108.csv
007_FMR1,007,FMR1,FMR1_007_213_39,FMR1,007,Wt,M,38,2025-07-29,Include,True,True,1,286,2025-11-08 00:05:02,2025-11-09 23:52:55,038,FMR1_007_213_39_BEAM_20251108.csv
007_FMR1,007,FMR1,FMR1_007_213_40,FMR1,007,Wt,F,5,2025-07-29,Include,True,True,1,286,2025-11-08 00:05:44,2025-11-09 23:53:23,005,FMR1_007_213_40_BEAM_20251108.csv
007_FMR1,007,FMR1,FMR1_007_214_94,FMR1,007,Wt,M,34,2025-08-02,Include,True,True,1,287,2025-11-08 00:01:56,2025-11-09 23:59:06,034,FMR1_007_214_94_BEAM_20251108.csv
007_FMR1,007,FMR1,FMR1_007_214_95,FMR1,007,Het,F,15,2025-08-02,Include,True,True,1,286,2025-11-08 00:03:04,2025-11-09 23:50:46,015,FMR1_007_214_95_BEAM_20251108.csv
007_FMR1,007,FMR1,FMR1_007_214_96,FMR1,007,Het,F,17,2025-08-02,Include,True,True,1,286,2025-11-08 00:03:26,2025-11-09 23:51:03,017,FMR1_007_214_96_BEAM_20251108.csv
007_FMR1,007,FMR1,FMR1_007_214_98,FMR1,007,Wt,M,36,2025-08-02,Include,True,True,1,286,2025-11-08 00:03:05,2025-11-09 23:52:04,036,FMR1_007_214_98_BEAM_20251108.csv
007_FMR1,007,FMR1,FMR1_007_215_1,FMR1,007,Wt,M,33,2025-08-02,Include,True,True,1,286,2025-11-08 00:02:44,2025-11-09 23:51:49,033,FMR1_007_215_1_BEAM_20251108.csv
007_FMR1,007,FMR1,FMR1_007_215_2,FMR1,007,Het,F,14,2025-08-02,Include,True,True,1,287,2025-11-08 00:00:16,2025-11-09 23:59:30,014,FMR1_007_215_2_BEAM_20251108.csv
007_FMR1,007,FMR1,FMR1_007_215_5,FMR1,007,Hom,F,30,2025-08-02,Include,True,True,1,287,2025-11-08 00:00:28,2025-11-09 23:57:53,030,FMR1_007_215_5_BEAM_20251108.csv
007_FMR1,007,FMR1,FMR1_007_216_69,FMR1,007,Hom,F,20,2025-07-30,Include,True,True,1,287,2025-11-08 00:00:25,2025-11-09 23:58:38,020,FMR1_007_216_69_BEAM_20251108.csv
007_FMR1,007,FMR1,FMR1_007_216_70,FMR1,007,Het,F,21,2025-07-30,Include,True,True,1,286,2025-11-08 00:09:19,2025-11-09 23:57:05,021,FMR1_007_216_70_BEAM_20251108.csv
007_FMR1,007,FMR1,FMR1_007_216_71,FMR1,007,Hom,F,23,2025-07-30,Include,True,True,1,286,2025-11-08 00:08:56,2025-11-09 23:56:43,023,FMR1_007_216_71_BEAM_20251108.csv
007_FMR1,007,FMR1,FMR1_007_216_72,FMR1,007,Hemi,M,44,2025-07-30,Include,True,True,1,286,2025-11-08 00:07:29,2025-11-09 23:56:46,044,FMR1_007_216_72_BEAM_20251108.csv
007_FMR1,007,FMR1,FMR1_007_216_73,FMR1,007,Hemi,M,46,2025-07-30,Include,True,True,1,287,2025-11-08 00:00:01,2025-11-09 23:57:15,046,FMR1_007_216_73_BEAM_20251108.csv
007_FMR1,007,FMR1,FMR1_007_216_76,FMR1,007,Het,F,18,2025-07-30,Include,True,True,1,286,2025-11-08 00:04:01,2025-11-09 23:51:24,018,FMR1_007_216_76_BEAM_20251108.csv
007_FMR1,007,FMR1,FMR1_007_217_52,FMR1,007,Hom,F,25,2025-07-29,Include,True,True,1,286,2025-11-08 00:07:51,2025-11-09 23:54:44,025,FMR1_007_217_52_BEAM_20251108.csv
007_FMR1,007,FMR1,FMR1_007_217_55,FMR1,007,Hom,F,27,2025-07-29,Include,True,True,1,286,2025-11-08 00:08:19,2025-11-09 23:54:18,027,FMR1_007_217_55_BEAM_20251108.csv
007_FMR1,007,FMR1,FMR1_007_217_58,FMR1,007,Hemi,M,47,2025-07-29,Include,True,True,1,286,2025-11-08 00:06:21,2025-11-09 23:52:50,047,FMR1_007_217_58_BEAM_20251108.csv
007_FMR1,007,FMR1,FMR1_007_218_77,FMR1,007,Wt,M,35,2025-07-31,Include,True,True,1,286,2025-11-08 00:07:34,2025-11-09 23:54:43,035,FMR1_007_218_77_BEAM_20251108.csv
007_FMR1,007,FMR1,FMR1_007_219_23,FMR1,007,Hom,F,31,2025-08-03,Include,True,True,1,287,2025-11-08 00:00:59,2025-11-09 23:58:15,031,FMR1_007_219_23_BEAM_20251108.csv
007_FMR1,007,FMR1,FMR1_007_219_27,FMR1,007,Hom,F,26,2025-08-03,Include,True,True,1,286,2025-11-08 00:07:54,2025-11-09 23:54:08,026,FMR1_007_219_27_BEAM_20251108.csv
007_FMR1,007,FMR1,FMR1_007_219_29,FMR1,007,Hom,F,28,2025-08-03,Include,True,True,1,286,2025-11-08 00:09:03,2025-11-09 23:57:09,028,FMR1_007_219_29_BEAM_20251108.csv
007_FMR1,007,FMR1,FMR1_007_220_11,FMR1,007,Hom,F,32,2025-08-02,Include,True,True,1,287,2025-11-08 00:01:47,2025-11-09 23:58:51,032,FMR1_007_220_11_BEAM_20251108.csv
007_FMR1,007,FMR1,FMR1_007_220_7,FMR1,007,Hemi,M,56,2025-08-02,Include,True,True,1,287,2025-11-08 00:01:25,2025-11-09 23:58:16,056,FMR1_007_220_7_BEAM_20251108.csv
007_FMR1,007,FMR1,FMR1_007_220_9,FMR1,007,Hemi,M,55,2025-08-02,Include,True,True,1,287,2025-11-08 00:01:04,2025-11-09 23:57:52,055,FMR1_007_220_9_BEAM_20251108.csv
007_FMR1,007,FMR1,FMR1_007_221_47,FMR1,007,Wt,M,42,2025-07-29,Include,True,True,1,286,2025-11-08 00:06:41,2025-11-09 23:55:42,042,FMR1_007_221_47_BEAM_20251108.csv
007_FMR1,007,FMR1,FMR1_007_221_48,FMR1,007,Hom,F,24,2025-07-29,Include,True,True,1,286,2025-11-08 00:06:29,2025-11-09 23:53:37,024,FMR1_007_221_48_BEAM_20251108.csv
007_FMR1,007,FMR1,FMR1_007_221_50,FMR1,007,Wt,M,39,2025-07-29,Include,True,True,1,287,2025-11-08 00:03:48,2025-11-09 23:59:32,039,FMR1_007_221_50_BEAM_20251108.csv
007_FMR1,007,FMR1,FMR1_007_221_51,FMR1,007,Wt,M,40,2025-07-29,Include,True,True,1,286,2025-11-08 00:09:36,2025-11-09 23:58:13,040,FMR1_007_221_51_BEAM_20251108.csv
007_FMR1,007,FMR1,FMR1_007_222_18,FMR1,007,Hom,F,29,2025-08-02,Include,True,True,1,286,2025-11-08 00:09:52,2025-11-09 23:57:24,029,FMR1_007_222_18_BEAM_20251108.csv
007_FMR1,007,FMR1,FMR1_007_222_19,FMR1,007,Wt,M,37,2025-08-02,Include,True,True,1,286,2025-11-08 00:03:29,2025-11-09 23:52:26,037,FMR1_007_222_19_BEAM_20251108.csv
007_FMR1,007,FMR1,FMR1_007_307_36,FMR1,007,Wt,F,9,2025-08-20,Include,True,True,1,286,2025-11-08 00:04:02,2025-11-09 23:51:49,009,FMR1_007_307_36_BEAM_20251108.csv
007_FMR1,007,FMR1,FMR1_007_307_40,FMR1,007,Wt,F,8,2025-08-20,Include,True,True,1,286,2025-11-08 00:03:06,2025-11-09 23:51:01,008,FMR1_007_307_40_BEAM_20251108.csv
007_FMR1,007,FMR1,FMR1_007_307_41,FMR1,007,Het,F,10,2025-08-20,Include,True,True,1,286,2025-11-08 00:06:06,2025-11-09 23:53:44,010,FMR1_007_307_41_BEAM_20251108.csv
007_FMR1,007,FMR1,FMR1_007_307_42,FMR1,007,Het,F,7,2025-08-20,Include,True,True,1,286,2025-11-08 00:05:30,2025-11-09 23:52:08,007,FMR1_007_307_42_BEAM_20251108.csv
007_FMR1,007,FMR1,FMR1_007_307_43,FMR1,007,Het,F,6,2025-08-20,Include,True,True,1,286,2025-11-08 00:04:43,2025-11-09 23:51:22,006,FMR1_007_307_43_BEAM_20251108.csv
008_CNTNAP2,008,CNTNAP2,CNTNAP2_008_237_62,CNTNAP2,008,Het,F,2,2025-08-11,Include,True,True,1,286,2025-11-22 00:04:56,2025-11-23 23:52:30,002,CNTNAP2_008_237_62_BEAM_20251122.csv
008_CNTNAP2,008,CNTNAP2,CNTNAP2_008_237_63,CNTNAP2,008,Hom,M,31,2025-08-11,Include,True,True,1,286,2025-11-22 00:05:23,2025-11-23 23:52:21,031,CNTNAP2_008_237_63_BEAM_20251122.csv
008_CNTNAP2,008,CNTNAP2,CNTNAP2_008_237_64,CNTNAP2,008,Hom,F,27,2025-08-11,Include,True,True,1,287,2025-11-22 00:01:48,2025-11-23 23:58:26,027,CNTNAP2_008_237_64_BEAM_20251122.csv
008_CNTNAP2,008,CNTNAP2,CNTNAP2_008_237_65,CNTNAP2,008,Hom,M,33,2025-08-11,Include,True,True,1,286,2025-11-22 00:08:15,2025-11-23 23:57:26,033,CNTNAP2_008_237_65_BEAM_20251122.csv
008_CNTNAP2,008,CNTNAP2,CNTNAP2_008_237_66,CNTNAP2,008,Hom,M,34,2025-08-11,Include,True,True,1,286,2025-11-22 00:08:34,2025-11-23 23:54:06,034,CNTNAP2_008_237_66_BEAM_20251122.csv
008_CNTNAP2,008,CNTNAP2,CNTNAP2_008_237_67,CNTNAP2,008,Het,M,13,2025-08-11,Include,True,True,1,286,2025-11-22 00:05:58,2025-11-23 23:52:16,013,CNTNAP2_008_237_67_BEAM_20251122.csv
008_CNTNAP2,008,CNTNAP2,CNTNAP2_008_237_68,CNTNAP2,008,Het,F,3,2025-08-11,Include,True,True,1,286,2025-11-22 00:05:23,2025-11-23 23:52:56,003,CNTNAP2_008_237_68_BEAM_20251122.csv
008_CNTNAP2,008,CNTNAP2,CNTNAP2_008_238_70,CNTNAP2,008,Het,F,7,2025-08-11,Include,True,True,1,286,2025-11-22 00:09:34,2025-11-23 23:56:50,007,CNTNAP2_008_238_70_BEAM_20251122.csv
008_CNTNAP2,008,CNTNAP2,CNTNAP2_008_238_72,CNTNAP2,008,Hom,F,22,2025-08-11,Include,True,True,1,286,2025-11-22 00:06:30,2025-11-23 23:53:27,022,CNTNAP2_008_238_72_BEAM_20251122.csv
008_CNTNAP2,008,CNTNAP2,CNTNAP2_008_239_11,CNTNAP2,008,Hom,M,32,2025-08-13,Include,True,True,1,286,2025-11-22 00:06:18,2025-11-23 23:53:19,032,CNTNAP2_008_239_11_BEAM_20251122.csv
008_CNTNAP2,008,CNTNAP2,CNTNAP2_008_239_8,CNTNAP2,008,Hom,M,35,2025-08-13,Include,True,True,1,287,2025-11-22 00:00:14,2025-11-23 23:57:48,035,CNTNAP2_008_239_8_BEAM_20251122.csv
008_CNTNAP2,008,CNTNAP2,CNTNAP2_008_240_56,CNTNAP2,008,Het,M,12,2025-08-12,Include,True,True,1,286,2025-11-22 00:04:57,2025-11-23 23:51:27,012,CNTNAP2_008_240_56_BEAM_20251122.csv
008_CNTNAP2,008,CNTNAP2,CNTNAP2_008_240_57,CNTNAP2,008,Het,M,15,2025-08-12,Include,True,True,1,286,2025-11-22 00:08:16,2025-11-23 23:57:34,015,CNTNAP2_008_240_57_BEAM_20251122.csv
008_CNTNAP2,008,CNTNAP2,CNTNAP2_008_240_58,CNTNAP2,008,Het,M,20,2025-08-12,Include,True,True,1,286,2025-11-22 00:04:47,2025-11-23 23:53:01,020,CNTNAP2_008_240_58_BEAM_20251122.csv
008_CNTNAP2,008,CNTNAP2,CNTNAP2_008_240_59,CNTNAP2,008,Het,M,14,2025-08-12,Include,True,True,1,286,2025-11-22 00:07:44,2025-11-23 23:57:11,014,CNTNAP2_008_240_59_BEAM_20251122.csv
008_CNTNAP2,008,CNTNAP2,CNTNAP2_008_240_60,CNTNAP2,008,Het,M,11,2025-08-12,Include,True,True,1,286,2025-11-22 00:03:52,2025-11-23 23:51:05,011,CNTNAP2_008_240_60_BEAM_20251122.csv
008_CNTNAP2,008,CNTNAP2,CNTNAP2_008_240_61,CNTNAP2,008,Hom,F,25,2025-08-12,Include,True,True,1,287,2025-11-22 00:00:04,2025-11-23 23:57:14,025,CNTNAP2_008_240_61_BEAM_20251122.csv
008_CNTNAP2,008,CNTNAP2,CNTNAP2_008_241_85,CNTNAP2,008,Wt,M,60,2025-08-13,Include,True,True,1,286,2025-11-22 00:05:25,2025-11-23 23:52:54,060,CNTNAP2_008_241_85_BEAM_20251122.csv
008_CNTNAP2,008,CNTNAP2,CNTNAP2_008_241_87,CNTNAP2,008,Het,M,16,2025-08-13,Include,True,True,1,286,2025-11-22 00:09:25,2025-11-23 23:58:00,016,CNTNAP2_008_241_87_BEAM_20251122.csv
008_CNTNAP2,008,CNTNAP2,CNTNAP2_008_242_53,CNTNAP2,008,Wt,M,58,2025-08-11,Include,True,True,1,287,2025-11-22 00:03:20,2025-11-23 23:54:10,058,CNTNAP2_008_242_53_BEAM_20251122.csv
008_CNTNAP2,008,CNTNAP2,CNTNAP2_008_242_54,CNTNAP2,008,Het,F,9,2025-08-11,Include,True,True,1,286,2025-11-22 00:02:17,2025-11-23 23:50:01,009,CNTNAP2_008_242_54_BEAM_20251122.csv
008_CNTNAP2,008,CNTNAP2,CNTNAP2_008_242_55,CNTNAP2,008,Het,F,5,2025-08-11,Include,True,True,1,286,2025-11-22 00:07:34,2025-11-23 23:55:33,005,CNTNAP2_008_242_55_BEAM_20251122.csv
008_CNTNAP2,008,CNTNAP2,CNTNAP2_008_243_80,CNTNAP2,008,Wt,M,57,2025-08-12,Include,True,True,1,287,2025-11-22 00:02:23,2025-11-23 23:58:43,057,CNTNAP2_008_243_80_BEAM_20251122.csv
008_CNTNAP2,008,CNTNAP2,CNTNAP2_008_243_81,CNTNAP2,008,Wt,F,47,2025-08-12,Include,True,True,1,286,2025-11-22 00:01:40,2025-11-23 23:49:31,047,CNTNAP2_008_243_81_BEAM_20251122.csv
008_CNTNAP2,008,CNTNAP2,CNTNAP2_008_243_82,CNTNAP2,008,Wt,F,49,2025-08-12,Include,True,True,1,286,2025-11-22 00:04:32,2025-11-23 23:52:10,049,CNTNAP2_008_243_82_BEAM_20251122.csv
008_CNTNAP2,008,CNTNAP2,CNTNAP2_008_243_84,CNTNAP2,008,Het,F,1,2025-08-12,Include,True,True,1,286,2025-11-22 00:03:32,2025-11-23 23:51:25,001,CNTNAP2_008_243_84_BEAM_20251122.csv
008_CNTNAP2,008,CNTNAP2,CNTNAP2_008_244_32,CNTNAP2,008,Wt,M,52,2025-09-02,Include,True,True,1,286,2025-11-22 00:07:09,2025-11-23 23:53:37,052,CNTNAP2_008_244_32_BEAM_20251122.csv
008_CNTNAP2,008,CNTNAP2,CNTNAP2_008_244_35,CNTNAP2,008,Wt,M,54,2025-09-02,Include,True,True,1,286,2025-11-22 00:09:52,2025-11-23 23:59:36,054,CNTNAP2_008_244_35_BEAM_20251122.csv
008_CNTNAP2,008,CNTNAP2,CNTNAP2_008_245_1,CNTNAP2,008,Het,F,10,2025-08-13,Include,True,True,1,286,2025-11-22 00:02:42,2025-11-23 23:50:25,010,CNTNAP2_008_245_1_BEAM_20251122.csv
008_CNTNAP2,008,CNTNAP2,CNTNAP2_008_245_3,CNTNAP2,008,Wt,F,45,2025-08-13,Include,True,True,1,286,2025-11-22 00:10:01,2025-11-23 23:59:23,045,CNTNAP2_008_245_3_BEAM_20251122.csv
008_CNTNAP2,008,CNTNAP2,CNTNAP2_008_245_99,CNTNAP2,008,Wt,M,51,2025-08-13,Include,True,True,1,286,2025-11-22 00:06:26,2025-11-23 23:53:17,051,CNTNAP2_008_245_99_BEAM_20251122.csv
008_CNTNAP2,008,CNTNAP2,CNTNAP2_008_246_23,CNTNAP2,008,Hom,M,38,2025-08-25,Include,True,True,1,286,2025-11-22 00:03:36,2025-11-23 23:50:50,038,CNTNAP2_008_246_23_BEAM_20251122.csv
008_CNTNAP2,008,CNTNAP2,CNTNAP2_008_246_26,CNTNAP2,008,Hom,F,61,2025-08-25,Include,True,True,1,286,2025-11-22 00:06:08,2025-11-23 23:53:04,061,CNTNAP2_008_246_26_BEAM_20251122.csv
008_CNTNAP2,008,CNTNAP2,CNTNAP2_008_246_28,CNTNAP2,008,Wt,F,41,2025-08-25,Include,True,True,1,286,2025-11-22 00:06:28,2025-11-23 23:55:17,041,CNTNAP2_008_246_28_BEAM_20251122.csv
008_CNTNAP2,008,CNTNAP2,CNTNAP2_008_246_29,CNTNAP2,008,Wt,M,53,2025-08-25,Include,True,True,1,286,2025-11-22 00:08:16,2025-11-23 23:54:24,053,CNTNAP2_008_246_29_BEAM_20251122.csv
008_CNTNAP2,008,CNTNAP2,CNTNAP2_008_247_49,CNTNAP2,008,Wt,M,56,2025-08-11,Include,True,True,1,287,2025-11-22 00:00:52,2025-11-23 23:58:21,056,CNTNAP2_008_247_49_BEAM_20251122.csv
008_CNTNAP2,008,CNTNAP2,CNTNAP2_008_247_50,CNTNAP2,008,Het,M,17,2025-08-11,Include,True,True,1,287,2025-11-22 00:01:18,2025-11-23 23:58:50,017,CNTNAP2_008_247_50_BEAM_20251122.csv
008_CNTNAP2,008,CNTNAP2,CNTNAP2_008_247_51,CNTNAP2,008,Wt,M,59,2025-08-11,Include,True,True,1,287,2025-11-22 00:03:54,2025-11-23 23:59:51,059,CNTNAP2_008_247_51_BEAM_20251122.csv
008_CNTNAP2,008,CNTNAP2,CNTNAP2_008_248_43,CNTNAP2,008,Het,M,18,2025-08-11,Include,True,True,1,287,2025-11-22 00:03:01,2025-11-23 23:59:49,018,CNTNAP2_008_248_43_BEAM_20251122.csv
008_CNTNAP2,008,CNTNAP2,CNTNAP2_008_248_44,CNTNAP2,008,Hom,M,36,2025-08-11,Include,True,True,1,287,2025-11-22 00:01:24,2025-11-23 23:58:36,036,CNTNAP2_008_248_44_BEAM_20251122.csv
008_CNTNAP2,008,CNTNAP2,CNTNAP2_008_248_45,CNTNAP2,008,Wt,F,46,2025-08-11,Include,True,True,1,287,2025-11-22 00:00:45,2025-11-23 23:59:48,046,CNTNAP2_008_248_45_BEAM_20251122.csv
008_CNTNAP2,008,CNTNAP2,CNTNAP2_008_248_46,CNTNAP2,008,Wt,F,50,2025-08-11,Include,True,True,1,286,2025-11-22 00:05:30,2025-11-23 23:52:42,050,CNTNAP2_008_248_46_BEAM_20251122.csv
008_CNTNAP2,008,CNTNAP2,CNTNAP2_008_248_48,CNTNAP2,008,Wt,F,48,2025-08-11,Include,True,True,1,286,2025-11-22 00:02:49,2025-11-23 23:50:12,048,CNTNAP2_008_248_48_BEAM_20251122.csv
008_CNTNAP2,008,CNTNAP2,CNTNAP2_008_250_22,CNTNAP2,008,Hom,M,39,2025-08-17,Include,True,True,1,286,2025-11-22 00:03:58,2025-11-23 23:51:12,039,CNTNAP2_008_250_22_BEAM_20251122.csv
008_CNTNAP2,008,CNTNAP2,CNTNAP2_008_251_73,CNTNAP2,008,Het,F,4,2025-08-11,Include,True,True,1,286,2025-11-22 00:06:20,2025-11-23 23:53:18,004,CNTNAP2_008_251_73_BEAM_20251122.csv
008_CNTNAP2,008,CNTNAP2,CNTNAP2_008_251_74,CNTNAP2,008,Het,F,8,2025-08-11,Include,True,True,1,287,2025-11-22 00:00:43,2025-11-23 23:59:14,008,CNTNAP2_008_251_74_BEAM_20251122.csv
008_CNTNAP2,008,CNTNAP2,CNTNAP2_008_251_75,CNTNAP2,008,Het,M,19,2025-08-11,Include,True,True,1,286,2025-11-22 00:03:26,2025-11-23 23:50:09,019,CNTNAP2_008_251_75_BEAM_20251122.csv
008_CNTNAP2,008,CNTNAP2,CNTNAP2_008_251_77,CNTNAP2,008,Het,F,6,2025-08-11,Include,True,True,1,286,2025-11-22 00:08:31,2025-11-23 23:55:58,006,CNTNAP2_008_251_77_BEAM_20251122.csv
008_CNTNAP2,008,CNTNAP2,CNTNAP2_008_251_78,CNTNAP2,008,Hom,F,26,2025-08-11,Include,True,True,1,287,2025-11-22 00:01:00,2025-11-23 23:57:39,026,CNTNAP2_008_251_78_BEAM_20251122.csv
008_CNTNAP2,008,CNTNAP2,CNTNAP2_008_252_19,CNTNAP2,008,Hom,F,30,2025-08-13,Include,True,True,1,286,2025-11-22 00:04:28,2025-11-23 23:51:35,030,CNTNAP2_008_252_19_BEAM_20251122.csv
008_CNTNAP2,008,CNTNAP2,CNTNAP2_008_341_64,CNTNAP2,008,Hom,F,21,2025-09-04,Include,True,True,1,286,2025-11-22 00:05:43,2025-11-23 23:54:04,021,CNTNAP2_008_341_64_BEAM_20251122.csv
008_CNTNAP2,008,CNTNAP2,CNTNAP2_008_342_40,CNTNAP2,008,Wt,M,55,2025-09-02,Include,True,True,1,287,2025-11-22 00:00:08,2025-11-23 23:57:59,055,CNTNAP2_008_342_40_BEAM_20251122.csv
008_CNTNAP2,008,CNTNAP2,CNTNAP2_008_342_41,CNTNAP2,008,Hom,F,24,2025-09-02,Include,True,True,1,286,2025-11-22 00:09:10,2025-11-23 23:56:49,024,CNTNAP2_008_342_41_BEAM_20251122.csv
008_CNTNAP2,008,CNTNAP2,CNTNAP2_008_342_42,CNTNAP2,008,Wt,F,42,2025-09-02,Include,True,True,1,286,2025-11-22 00:07:42,2025-11-23 23:57:07,042,CNTNAP2_008_342_42_BEAM_20251122.csv
008_CNTNAP2,008,CNTNAP2,CNTNAP2_008_343_46,CNTNAP2,008,Hom,M,37,2025-09-02,Include,True,True,1,286,2025-11-22 00:02:35,2025-11-23 23:49:58,037,CNTNAP2_008_343_46_BEAM_20251122.csv
008_CNTNAP2,008,CNTNAP2,CNTNAP2_008_352_52,CNTNAP2,008,Hom,M,40,2025-09-04,Include,True,True,1,286,2025-11-22 00:05:27,2025-11-23 23:54:13,040,CNTNAP2_008_352_52_BEAM_20251122.csv
008_CNTNAP2,008,CNTNAP2,CNTNAP2_008_352_53,CNTNAP2,008,Hom,F,29,2025-09-04,Include,True,True,1,286,2025-11-22 00:03:41,2025-11-23 23:51:09,029,CNTNAP2_008_352_53_BEAM_20251122.csv
008_CNTNAP2,008,CNTNAP2,CNTNAP2_008_352_55,CNTNAP2,008,Wt,F,43,2025-09-04,Include,True,True,1,286,2025-11-22 00:08:29,2025-11-23 23:57:57,043,CNTNAP2_008_352_55_BEAM_20251122.csv
008_CNTNAP2,008,CNTNAP2,CNTNAP2_008_352_58,CNTNAP2,008,Wt,F,44,2025-09-04,Include,True,True,1,286,2025-11-22 00:09:30,2025-11-23 23:59:00,044,CNTNAP2_008_352_58_BEAM_20251122.csv
008_CNTNAP2,008,CNTNAP2,CNTNAP2_008_360_72,CNTNAP2,008,Hom,F,28,2025-09-06,Include,True,True,1,286,2025-11-22 00:02:47,2025-11-23 23:50:45,028,CNTNAP2_008_360_72_BEAM_20251122.csv
009_C3,009,C3,C3_009_285_51,C3,009,Hom,M,31,2025-09-21,Include,True,True,1,285,2025-12-06 00:09:15,2025-12-07 23:50:46,031,C3_009_285_51_BEAM_20251206.csv
009_C3,009,C3,C3_009_285_52,C3,009,Hom,M,32,2025-09-21,Include,True,True,1,286,2025-12-06 00:04:53,2025-12-07 23:52:48,032,C3_009_285_52_BEAM_20251206.csv
009_C3,009,C3,C3_009_285_54,C3,009,Hom,F,21,2025-09-21,Include,True,True,1,286,2025-12-06 00:04:02,2025-12-07 23:52:06,021,C3_009_285_54_BEAM_20251206.csv
009_C3,009,C3,C3_009_285_56,C3,009,Hom,M,33,2025-09-21,Include,True,True,1,286,2025-12-06 00:03:06,2025-12-07 23:51:37,033,C3_009_285_56_BEAM_20251206.csv
009_C3,009,C3,C3_009_285_57,C3,009,Hom,M,34,2025-09-21,Include,True,True,1,286,2025-12-06 00:01:54,2025-12-07 23:50:49,034,C3_009_285_57_BEAM_20251206.csv
009_C3,009,C3,C3_009_287_71,C3,009,Het,F,1,2025-09-04,Include,True,True,1,287,2025-12-06 00:00:37,2025-12-07 23:58:13,001,C3_009_287_71_BEAM_20251206.csv
009_C3,009,C3,C3_009_287_72,C3,009,Wt,F,41,2025-09-04,Include,True,True,1,286,2025-12-06 00:01:26,2025-12-07 23:51:42,041,C3_009_287_72_BEAM_20251206.csv
009_C3,009,C3,C3_009_287_73,C3,009,Wt,M,52,2025-09-04,Include,True,True,1,286,2025-12-06 00:05:12,2025-12-07 23:52:50,052,C3_009_287_73_BEAM_20251206.csv
009_C3,009,C3,C3_009_287_74,C3,009,Wt,M,53,2025-09-04,Include,True,True,1,286,2025-12-06 00:05:37,2025-12-07 23:53:15,053,C3_009_287_74_BEAM_20251206.csv
009_C3,009,C3,C3_009_287_75,C3,009,Het,M,11,2025-09-04,Include,True,True,1,286,2025-12-06 00:07:53,2025-12-07 23:55:18,011,C3_009_287_75_BEAM_20251206.csv
009_C3,009,C3,C3_009_287_76,C3,009,Hom,F,22,2025-09-04,Include,True,True,1,286,2025-12-06 00:04:58,2025-12-07 23:53:06,022,C3_009_287_76_BEAM_20251206.csv
009_C3,009,C3,C3_009_287_77,C3,009,Wt,F,42,2025-09-04,Include,True,True,1,286,2025-12-06 00:08:32,2025-12-07 23:58:14,042,C3_009_287_77_BEAM_20251206.csv
009_C3,009,C3,C3_009_288_93,C3,009,Hom,F,23,2025-09-08,Include,True,True,1,287,2025-12-06 00:00:53,2025-12-07 23:59:05,023,C3_009_288_93_BEAM_20251206.csv
009_C3,009,C3,C3_009_288_94,C3,009,Wt,F,43,2025-09-08,Include,True,True,1,286,2025-12-06 00:03:34,2025-12-07 23:53:13,043,C3_009_288_94_BEAM_20251206.csv
009_C3,009,C3,C3_009_288_95,C3,009,Het,M,12,2025-09-08,Include,True,True,1,286,2025-12-06 00:05:45,2025-12-07 23:54:19,012,C3_009_288_95_BEAM_20251206.csv
009_C3,009,C3,C3_009_288_97,C3,009,Hom,F,24,2025-09-08,Include,True,True,1,286,2025-12-06 00:08:36,2025-12-07 23:56:49,024,C3_009_288_97_BEAM_20251206.csv
009_C3,009,C3,C3_009_288_98,C3,009,Wt,F,44,2025-09-08,Include,True,True,1,286,2025-12-06 00:02:13,2025-12-07 23:51:35,044,C3_009_288_98_BEAM_20251206.csv
009_C3,009,C3,C3_009_288_99,C3,009,Het,M,13,2025-09-08,Include,True,True,1,286,2025-12-06 00:07:20,2025-12-07 23:55:35,013,C3_009_288_99_BEAM_20251206.csv
009_C3,009,C3,C3_009_289_5,C3,009,Hom,M,35,2025-09-08,Include,True,True,1,286,2025-12-06 00:10:00,2025-12-07 23:59:30,035,C3_009_289_5_BEAM_20251206.csv
009_C3,009,C3,C3_009_289_7,C3,009,Wt,M,54,2025-09-08,Include,True,True,1,286,2025-12-06 00:06:16,2025-12-07 23:56:21,054,C3_009_289_7_BEAM_20251206.csv
009_C3,009,C3,C3_009_290_12,C3,009,Hom,M,36,2025-09-08,Include,True,True,1,286,2025-12-06 00:03:23,2025-12-07 23:52:20,036,C3_009_290_12_BEAM_20251206.csv
009_C3,009,C3,C3_009_290_13,C3,009,Hom,F,25,2025-09-08,Include,True,True,1,286,2025-12-06 00:06:57,2025-12-07 23:55:10,025,C3_009_290_13_BEAM_20251206.csv
009_C3,009,C3,C3_009_290_14,C3,009,Wt,M,55,2025-09-08,Include,True,True,1,286,2025-12-06 00:04:51,2025-12-07 23:52:28,055,C3_009_290_14_BEAM_20251206.csv
009_C3,009,C3,C3_009_290_9,C3,009,Wt,M,51,2025-09-08,Include,True,True,1,286,2025-12-06 00:02:44,2025-12-07 23:51:38,051,C3_009_290_9_BEAM_20251206.csv
009_C3,009,C3,C3_009_291_27,C3,009,Het,F,2,2025-09-09,Include,True,True,1,287,2025-12-06 00:01:02,2025-12-07 23:58:51,002,C3_009_291_27_BEAM_20251206.csv
009_C3,009,C3,C3_009_291_28,C3,009,Wt,F,45,2025-09-09,Include,True,True,1,286,2025-12-06 00:00:45,2025-12-07 23:51:09,045,C3_009_291_28_BEAM_20251206.csv
009_C3,009,C3,C3_009_291_29,C3,009,Wt,F,46,2025-09-09,Include,True,True,1,286,2025-12-06 00:09:40,2025-12-07 23:59:10,046,C3_009_291_29_BEAM_20251206.csv
009_C3,009,C3,C3_009_291_30,C3,009,Het,M,14,2025-09-09,Include,True,True,1,286,2025-12-06 00:03:57,2025-12-07 23:54:04,014,C3_009_291_30_BEAM_20251206.csv
009_C3,009,C3,C3_009_291_31,C3,009,Het,M,15,2025-09-09,Include,True,True,1,286,2025-12-06 00:08:14,2025-12-07 23:56:27,015,C3_009_291_31_BEAM_20251206.csv
009_C3,009,C3,C3_009_291_32,C3,009,Het,F,3,2025-09-09,Include,True,True,1,286,2025-12-06 00:03:55,2025-12-07 23:51:31,003,C3_009_291_32_BEAM_20251206.csv
009_C3,009,C3,C3_009_291_33,C3,009,Het,F,4,2025-09-09,Include,True,True,1,287,2025-12-06 00:02:01,2025-12-07 23:59:13,004,C3_009_291_33_BEAM_20251206.csv
009_C3,009,C3,C3_009_292_68,C3,009,Wt,M,56,2025-09-03,Include,True,True,1,287,2025-12-06 00:01:36,2025-12-07 23:58:18,056,C3_009_292_68_BEAM_20251206.csv
009_C3,009,C3,C3_009_292_69,C3,009,Het,M,16,2025-09-03,Include,True,True,1,287,2025-12-06 00:02:05,2025-12-07 23:59:59,016,C3_009_292_69_BEAM_20251206.csv
009_C3,009,C3,C3_009_292_70,C3,009,Wt,F,50,2025-09-03,Include,True,True,1,286,2025-12-06 00:07:20,2025-12-07 23:55:20,050,C3_009_292_70_BEAM_20251206.csv
009_C3,009,C3,C3_009_293_15,C3,009,Hom,F,26,2025-09-08,Include,True,True,1,287,2025-12-06 00:00:02,2025-12-07 23:58:15,026,C3_009_293_15_BEAM_20251206.csv
009_C3,009,C3,C3_009_293_16,C3,009,Wt,F,49,2025-09-08,Include,True,True,1,286,2025-12-06 00:01:49,2025-12-07 23:50:25,049,C3_009_293_16_BEAM_20251206.csv
009_C3,009,C3,C3_009_293_17,C3,009,Het,F,5,2025-09-08,Include,True,True,1,286,2025-12-06 00:03:19,2025-12-07 23:51:06,005,C3_009_293_17_BEAM_20251206.csv
009_C3,009,C3,C3_009_294_78,C3,009,Het,F,6,2025-09-04,Include,True,True,1,286,2025-12-06 00:05:06,2025-12-07 23:52:21,006,C3_009_294_78_BEAM_20251206.csv
009_C3,009,C3,C3_009_294_79,C3,009,Wt,F,47,2025-09-04,Include,True,True,1,286,2025-12-06 00:01:35,2025-12-07 23:50:24,047,C3_009_294_79_BEAM_20251206.csv
009_C3,009,C3,C3_009_294_81,C3,009,Het,F,7,2025-09-04,Include,True,True,1,286,2025-12-06 00:06:09,2025-12-07 23:53:56,007,C3_009_294_81_BEAM_20251206.csv
009_C3,009,C3,C3_009_294_82,C3,009,Wt,F,48,2025-09-04,Include,True,True,1,287,2025-12-06 00:00:23,2025-12-07 23:59:57,048,C3_009_294_82_BEAM_20251206.csv
009_C3,009,C3,C3_009_294_84,C3,009,Hom,F,27,2025-09-04,Include,True,True,1,287,2025-12-06 00:00:23,2025-12-07 23:58:36,027,C3_009_294_84_BEAM_20251206.csv
009_C3,009,C3,C3_009_295_20,C3,009,Het,M,17,2025-09-08,Include,True,True,1,286,2025-12-06 00:02:56,2025-12-07 23:50:57,017,C3_009_295_20_BEAM_20251206.csv
009_C3,009,C3,C3_009_295_21,C3,009,Het,F,8,2025-09-08,Include,True,True,1,286,2025-12-06 00:08:46,2025-12-07 23:57:01,008,C3_009_295_21_BEAM_20251206.csv
009_C3,009,C3,C3_009_295_22,C3,009,Het,F,9,2025-09-08,Include,True,True,1,287,2025-12-06 00:01:28,2025-12-07 23:59:23,009,C3_009_295_22_BEAM_20251206.csv
009_C3,009,C3,C3_009_295_23,C3,009,Hom,F,28,2025-09-08,Include,True,True,1,286,2025-12-06 00:09:46,2025-12-07 23:57:53,028,C3_009_295_23_BEAM_20251206.csv
009_C3,009,C3,C3_009_295_24,C3,009,Het,M,18,2025-09-08,Include,True,True,1,286,2025-12-06 00:05:23,2025-12-07 23:53:31,018,C3_009_295_24_BEAM_20251206.csv
009_C3,009,C3,C3_009_295_25,C3,009,Het,F,10,2025-09-08,Include,True,True,1,286,2025-12-06 00:02:30,2025-12-07 23:50:18,010,C3_009_295_25_BEAM_20251206.csv
009_C3,009,C3,C3_009_295_26,C3,009,Het,M,19,2025-09-08,Include,True,True,1,286,2025-12-06 00:05:07,2025-12-07 23:52:54,019,C3_009_295_26_BEAM_20251206.csv
009_C3,009,C3,C3_009_296_45,C3,009,Wt,M,57,2025-09-19,Include,True,True,1,286,2025-12-06 00:07:53,2025-12-07 23:55:10,057,C3_009_296_45_BEAM_20251206.csv
009_C3,009,C3,C3_009_298_34,C3,009,Het,M,20,2025-09-09,Include,True,True,1,286,2025-12-06 00:06:39,2025-12-07 23:54:49,020,C3_009_298_34_BEAM_20251206.csv
009_C3,009,C3,C3_009_402_86,C3,009,Hom,F,29,2025-10-01,Include,True,True,1,286,2025-12-06 00:07:45,2025-12-07 23:55:59,029,C3_009_402_86_BEAM_20251206.csv
009_C3,009,C3,C3_009_402_88,C3,009,Wt,M,58,2025-10-01,Include,True,True,1,286,2025-12-06 00:07:34,2025-12-07 23:54:54,058,C3_009_402_88_BEAM_20251206.csv
009_C3,009,C3,C3_009_402_89,C3,009,Wt,M,59,2025-10-01,Include,True,True,1,286,2025-12-06 00:02:19,2025-12-07 23:51:14,059,C3_009_402_89_BEAM_20251206.csv
009_C3,009,C3,C3_009_402_91,C3,009,Hom,M,37,2025-10-01,Include,True,True,1,286,2025-12-06 00:04:43,2025-12-07 23:52:33,037,C3_009_402_91_BEAM_20251206.csv
009_C3,009,C3,C3_009_410_83,C3,009,Wt,M,60,2025-09-30,Include,True,True,1,286,2025-12-06 00:09:37,2025-12-07 23:57:21,060,C3_009_410_83_BEAM_20251206.csv
009_C3,009,C3,C3_009_414_76,C3,009,Hom,M,38,2025-09-29,Include,True,True,1,286,2025-12-06 00:08:51,2025-12-07 23:58:42,038,C3_009_414_76_BEAM_20251206.csv
009_C3,009,C3,C3_009_414_78,C3,009,Hom,M,39,2025-09-29,Include,True,True,1,286,2025-12-06 00:05:08,2025-12-07 23:51:52,039,C3_009_414_78_BEAM_20251206.csv
009_C3,009,C3,C3_009_416_95,C3,009,Hom,M,40,2025-10-01,Include,True,True,1,286,2025-12-06 00:01:15,2025-12-07 23:50:06,040,C3_009_416_95_BEAM_20251206.csv
009_C3,009,C3,C3_009_418_99,C3,009,Hom,F,30,2025-10-01,Include,True,True,1,286,2025-12-06 00:09:08,2025-12-07 23:57:15,030,C3_009_418_99_BEAM_20251206.csv
010_ZNF292,010,ZNF292,ZNF292_010_472_18,ZNF292,010,Het,F,32,2025-10-27,Include,True,True,1,286,2026-01-17 00:04:33,2026-01-18 23:52:29,032,ZNF292_010_472_18_BEAM_20260117.csv
010_ZNF292,010,ZNF292,ZNF292_010_472_19,ZNF292,010,Het,M,21,2025-10-27,#INVALID OPERATION,True,True,1,286,2026-01-17 00:06:13,2026-01-18 23:53:19,021,ZNF292_010_472_19_BEAM_20260117.csv
010_ZNF292,010,ZNF292,ZNF292_010_472_20,ZNF292,010,Het,M,24,2025-10-27,Include,True,True,1,286,2026-01-17 00:07:01,2026-01-18 23:54:56,024,ZNF292_010_472_20_BEAM_20260117.csv
010_ZNF292,010,ZNF292,ZNF292_010_473_10,ZNF292,010,Het,F,33,2025-10-26,Include,True,True,1,286,2026-01-17 00:08:10,2026-01-18 23:57:05,033,ZNF292_010_473_10_BEAM_20260117.csv
010_ZNF292,010,ZNF292,ZNF292_010_473_11,ZNF292,010,Wt,M,6,2025-10-26,Include,True,True,1,286,2026-01-17 00:06:53,2026-01-18 23:54:33,006,ZNF292_010_473_11_BEAM_20260117.csv
010_ZNF292,010,ZNF292,ZNF292_010_473_12,ZNF292,010,Wt,M,10,2025-10-26,Include,True,True,1,287,2026-01-17 00:00:01,2026-01-18 23:57:52,010,ZNF292_010_473_12_BEAM_20260117.csv
010_ZNF292,010,ZNF292,ZNF292_010_473_13,ZNF292,010,Wt,F,14,2025-10-26,Include,True,True,1,286,2026-01-17 00:04:40,2026-01-18 23:54:14,014,ZNF292_010_473_13_BEAM_20260117.csv
010_ZNF292,010,ZNF292,ZNF292_010_473_14,ZNF292,010,Het,F,31,2025-10-26,Include,True,True,1,286,2026-01-17 00:05:06,2026-01-18 23:52:52,031,ZNF292_010_473_14_BEAM_20260117.csv
010_ZNF292,010,ZNF292,ZNF292_010_473_15,ZNF292,010,Het,M,22,2025-10-26,Include,True,True,1,286,2026-01-17 00:06:34,2026-01-18 23:53:42,022,ZNF292_010_473_15_BEAM_20260117.csv
010_ZNF292,010,ZNF292,ZNF292_010_473_17,ZNF292,010,Wt,F,17,2025-10-26,Include,True,True,1,286,2026-01-17 00:09:30,2026-01-18 23:57:14,017,ZNF292_010_473_17_BEAM_20260117.csv
010_ZNF292,010,ZNF292,ZNF292_010_473_9,ZNF292,010,Wt,F,15,2025-10-26,Include,True,True,1,286,2026-01-17 00:04:56,2026-01-18 23:54:35,015,ZNF292_010_473_9_BEAM_20260117.csv
010_ZNF292,010,ZNF292,ZNF292_010_474_1,ZNF292,010,Wt,F,11,2025-10-25,Include,True,True,1,286,2026-01-17 00:03:23,2026-01-18 23:51:04,011,ZNF292_010_474_1_BEAM_20260117.csv
010_ZNF292,010,ZNF292,ZNF292_010_474_2,ZNF292,010,Wt,M,1,2025-10-25,Include,True,True,1,287,2026-01-17 00:01:38,2026-01-18 23:59:01,001,ZNF292_010_474_2_BEAM_20260117.csv
010_ZNF292,010,ZNF292,ZNF292_010_474_3,ZNF292,010,Het,F,34,2025-10-25,Include,True,True,1,287,2026-01-17 00:00:19,2026-01-18 23:59:20,034,ZNF292_010_474_3_BEAM_20260117.csv
010_ZNF292,010,ZNF292,ZNF292_010_474_5,ZNF292,010,Wt,M,3,2025-10-25,Include,True,True,1,286,2026-01-17 00:05:04,2026-01-18 23:52:12,003,ZNF292_010_474_5_BEAM_20260117.csv
010_ZNF292,010,ZNF292,ZNF292_010_474_7,ZNF292,010,Wt,F,12,2025-10-25,Include,True,True,1,287,2026-01-17 00:02:45,2026-01-18 23:59:39,012,ZNF292_010_474_7_BEAM_20260117.csv
010_ZNF292,010,ZNF292,ZNF292_010_474_8,ZNF292,010,Wt,F,13,2025-10-25,Include,True,True,1,286,2026-01-17 00:05:50,2026-01-18 23:55:18,013,ZNF292_010_474_8_BEAM_20260117.csv
010_ZNF292,010,ZNF292,ZNF292_010_475_23,ZNF292,010,Het,M,23,2025-10-27,Include,True,True,1,286,2026-01-17 00:07:55,2026-01-18 23:55:41,023,ZNF292_010_475_23_BEAM_20260117.csv
010_ZNF292,010,ZNF292,ZNF292_010_475_24,ZNF292,010,Wt,M,4,2025-10-27,Include,True,True,1,286,2026-01-17 00:02:24,2026-01-18 23:50:08,004,ZNF292_010_475_24_BEAM_20260117.csv
010_ZNF292,010,ZNF292,ZNF292_010_475_25,ZNF292,010,Wt,M,5,2025-10-27,Include,True,True,1,286,2026-01-17 00:03:03,2026-01-18 23:50:51,005,ZNF292_010_475_25_BEAM_20260117.csv
010_ZNF292,010,ZNF292,ZNF292_010_475_26,ZNF292,010,Het,F,35,2025-10-27,Include,True,True,1,286,2026-01-17 00:09:21,2026-01-18 23:58:19,035,ZNF292_010_475_26_BEAM_20260117.csv
010_ZNF292,010,ZNF292,ZNF292_010_475_27,ZNF292,010,Het,M,25,2025-10-27,Include,True,True,1,287,2026-01-17 00:01:16,2026-01-18 23:58:19,025,ZNF292_010_475_27_BEAM_20260117.csv
010_ZNF292,010,ZNF292,ZNF292_010_475_28,ZNF292,010,Wt,M,2,2025-10-27,Include,True,True,1,287,2026-01-17 00:02:08,2026-01-18 23:59:50,002,ZNF292_010_475_28_BEAM_20260117.csv
010_ZNF292,010,ZNF292,ZNF292_010_476_42,ZNF292,010,Het,M,29,2025-10-27,Include,True,True,1,286,2026-01-17 00:03:20,2026-01-18 23:51:13,029,ZNF292_010_476_42_BEAM_20260117.csv
010_ZNF292,010,ZNF292,ZNF292_010_476_43,ZNF292,010,Het,M,27,2025-10-27,Include,True,True,1,286,2026-01-17 00:03:44,2026-01-18 23:51:37,027,ZNF292_010_476_43_BEAM_20260117.csv
010_ZNF292,010,ZNF292,ZNF292_010_476_45,ZNF292,010,Wt,M,8,2025-10-27,Include,True,True,1,286,2026-01-17 00:07:34,2026-01-18 23:55:41,008,ZNF292_010_476_45_BEAM_20260117.csv
010_ZNF292,010,ZNF292,ZNF292_010_476_46,ZNF292,010,Het,F,36,2025-10-27,Include,True,True,1,286,2026-01-17 00:08:59,2026-01-18 23:57:57,036,ZNF292_010_476_46_BEAM_20260117.csv
010_ZNF292,010,ZNF292,ZNF292_010_477_30,ZNF292,010,Wt,F,16,2025-10-27,Include,True,True,1,286,2026-01-17 00:05:21,2026-01-18 23:54:57,016,ZNF292_010_477_30_BEAM_20260117.csv
010_ZNF292,010,ZNF292,ZNF292_010_477_32,ZNF292,010,Wt,M,7,2025-10-27,Include,True,True,1,286,2026-01-17 00:06:19,2026-01-18 23:53:58,007,ZNF292_010_477_32_BEAM_20260117.csv
010_ZNF292,010,ZNF292,ZNF292_010_477_34,ZNF292,010,Wt,F,20,2025-10-27,Include,True,True,1,287,2026-01-17 00:01:33,2026-01-18 23:59:50,020,ZNF292_010_477_34_BEAM_20260117.csv
010_ZNF292,010,ZNF292,ZNF292_010_478_48,ZNF292,010,Het,M,30,2025-10-27,Include,True,True,1,286,2026-01-17 00:04:08,2026-01-18 23:52:05,030,ZNF292_010_478_48_BEAM_20260117.csv
010_ZNF292,010,ZNF292,ZNF292_010_478_49,ZNF292,010,Het,F,39,2025-10-27,Include,True,True,1,286,2026-01-17 00:07:17,2026-01-18 23:52:47,039,ZNF292_010_478_49_BEAM_20260117.csv
010_ZNF292,010,ZNF292,ZNF292_010_478_52,ZNF292,010,Het,M,28,2025-10-27,Include,True,True,1,286,2026-01-17 00:02:07,2026-01-18 23:50:26,028,ZNF292_010_478_52_BEAM_20260117.csv
010_ZNF292,010,ZNF292,ZNF292_010_478_54,ZNF292,010,Het,M,26,2025-10-27,Include,True,True,1,286,2026-01-17 00:05:28,2026-01-18 23:53:11,026,ZNF292_010_478_54_BEAM_20260117.csv
010_ZNF292,010,ZNF292,ZNF292_010_479_36,ZNF292,010,Het,F,40,2025-10-27,Include,True,True,1,287,2026-01-17 00:00:03,2026-01-18 23:59:01,040,ZNF292_010_479_36_BEAM_20260117.csv
010_ZNF292,010,ZNF292,ZNF292_010_479_37,ZNF292,010,Wt,M,9,2025-10-27,Include,True,True,1,286,2026-01-17 00:08:00,2026-01-18 23:56:05,009,ZNF292_010_479_37_BEAM_20260117.csv
010_ZNF292,010,ZNF292,ZNF292_010_479_38,ZNF292,010,Het,F,38,2025-10-27,Include,True,True,1,286,2026-01-17 00:08:36,2026-01-18 23:57:32,038,ZNF292_010_479_38_BEAM_20260117.csv
010_ZNF292,010,ZNF292,ZNF292_010_479_39,ZNF292,010,Wt,F,19,2025-10-27,Include,True,True,1,287,2026-01-17 00:00:06,2026-01-18 23:57:52,019,ZNF292_010_479_39_BEAM_20260117.csv
010_ZNF292,010,ZNF292,ZNF292_010_479_40,ZNF292,010,Wt,F,18,2025-10-27,Include,True,True,1,286,2026-01-17 00:09:47,2026-01-18 23:57:38,018,ZNF292_010_479_40_BEAM_20260117.csv
010_ZNF292,010,ZNF292,ZNF292_010_487_64,ZNF292,010,Het,F,37,2025-10-28,Include,True,True,1,287,2026-01-17 00:01:04,2026-01-18 23:59:54,037,ZNF292_010_487_64_BEAM_20260117.csv
011_GRN,011,GRN,GRN_011_498_60,GRN,011,Wt,F,51,2025-11-11,Include,True,True,1,286,2026-02-14 00:06:24,2026-02-15 23:53:36,051,GRN_011_498_60_BEAM_20260214.csv
011_GRN,011,GRN,GRN_011_498_61,GRN,011,Wt,F,49,2025-11-11,Include,True,True,1,286,2026-02-14 00:04:51,2026-02-15 23:52:50,049,GRN_011_498_61_BEAM_20260214.csv
011_GRN,011,GRN,GRN_011_498_62,GRN,011,Wt,F,52,2025-11-11,Include,True,True,1,286,2026-02-14 00:07:28,2026-02-15 23:53:56,052,GRN_011_498_62_BEAM_20260214.csv
011_GRN,011,GRN,GRN_011_501_71,GRN,011,Hom,M,36,2025-11-11,Include,True,True,1,287,2026-02-14 00:01:45,2026-02-15 23:59:06,036,GRN_011_501_71_BEAM_20260214.csv
011_GRN,011,GRN,GRN_011_501_73,GRN,011,Het,M,13,2025-11-11,Include,True,True,1,286,2026-02-14 00:07:23,2026-02-15 23:54:40,013,GRN_011_501_73_BEAM_20260214.csv
011_GRN,011,GRN,GRN_011_501_74,GRN,011,Wt,F,46,2025-11-11,Include,True,True,1,286,2026-02-14 00:02:32,2026-02-15 23:50:38,046,GRN_011_501_74_BEAM_20260214.csv
011_GRN,011,GRN,GRN_011_501_75,GRN,011,Het,F,4,2025-11-11,Include,True,True,1,286,2026-02-14 00:08:15,2026-02-15 23:55:22,004,GRN_011_501_75_BEAM_20260214.csv
011_GRN,011,GRN,GRN_011_501_76,GRN,011,Het,F,5,2025-11-11,Include,True,True,1,286,2026-02-14 00:09:18,2026-02-15 23:56:59,005,GRN_011_501_76_BEAM_20260214.csv
011_GRN,011,GRN,GRN_011_502_69,GRN,011,Hom,F,24,2025-11-11,Include,True,True,1,286,2026-02-14 00:08:25,2026-02-15 23:55:22,024,GRN_011_502_69_BEAM_20260214.csv
011_GRN,011,GRN,GRN_011_502_70,GRN,011,Wt,F,47,2025-11-11,Include,True,True,1,286,2026-02-14 00:03:13,2026-02-15 23:51:19,047,GRN_011_502_70_BEAM_20260214.csv
011_GRN,011,GRN,GRN_011_503_63,GRN,011,Hom,F,26,2025-11-11,Include,True,True,1,287,2026-02-14 00:00:05,2026-02-15 23:57:06,026,GRN_011_503_63_BEAM_20260214.csv
011_GRN,011,GRN,GRN_011_503_64,GRN,011,Het,F,1,2025-11-11,Include,True,True,1,286,2026-02-14 00:04:32,2026-02-15 23:52:17,001,GRN_011_503_64_BEAM_20260214.csv
011_GRN,011,GRN,GRN_011_503_65,GRN,011,Het,M,14,2025-11-11,Include,True,True,1,286,2026-02-14 00:08:34,2026-02-15 23:57:58,014,GRN_011_503_65_BEAM_20260214.csv
011_GRN,011,GRN,GRN_011_503_66,GRN,011,Wt,F,43,2025-11-11,Include,True,True,1,286,2026-02-14 00:09:28,2026-02-15 23:58:22,043,GRN_011_503_66_BEAM_20260214.csv
011_GRN,011,GRN,GRN_011_503_67,GRN,011,Wt,F,45,2025-11-11,Include,True,True,1,286,2026-02-14 00:01:16,2026-02-15 23:51:02,045,GRN_011_503_67_BEAM_20260214.csv
011_GRN,011,GRN,GRN_011_503_68,GRN,011,Het,F,2,2025-11-11,Include,True,True,1,286,2026-02-14 00:05:56,2026-02-15 23:53:43,002,GRN_011_503_68_BEAM_20260214.csv
011_GRN,011,GRN,GRN_011_511_89,GRN,011,Hom,F,27,2025-11-15,Include,True,True,1,287,2026-02-14 00:01:14,2026-02-15 23:57:28,027,GRN_011_511_89_BEAM_20260214.csv
011_GRN,011,GRN,GRN_011_511_90,GRN,011,Hom,M,35,2025-11-15,Include,True,True,1,287,2026-02-14 00:01:06,2026-02-15 23:58:16,035,GRN_011_511_90_BEAM_20260214.csv
011_GRN,011,GRN,GRN_011_511_91,GRN,011,Het,F,6,2025-11-15,Include,True,True,1,286,2026-02-14 00:10:03,2026-02-15 23:57:36,006,GRN_011_511_91_BEAM_20260214.csv
011_GRN,011,GRN,GRN_011_511_92,GRN,011,Het,M,15,2025-11-15,Include,True,True,1,286,2026-02-14 00:09:30,2026-02-15 23:58:20,015,GRN_011_511_92_BEAM_20260214.csv
011_GRN,011,GRN,GRN_011_511_93,GRN,011,Het,M,12,2025-11-15,Include,True,True,1,286,2026-02-14 00:06:37,2026-02-15 23:54:17,012,GRN_011_511_93_BEAM_20260214.csv
011_GRN,011,GRN,GRN_011_511_94,GRN,011,Hom,M,37,2025-11-15,Include,True,True,1,286,2026-02-14 00:02:54,2026-02-15 23:50:40,037,GRN_011_511_94_BEAM_20260214.csv
011_GRN,011,GRN,GRN_011_512_77,GRN,011,Wt,M,57,2025-11-14,Include,True,True,1,286,2026-02-14 00:03:18,2026-02-15 23:50:00,057,GRN_011_512_77_BEAM_20260214.csv
011_GRN,011,GRN,GRN_011_512_78,GRN,011,Wt,M,54,2025-11-14,Include,True,True,1,286,2026-02-14 00:09:53,2026-02-15 23:59:27,054,GRN_011_512_78_BEAM_20260214.csv
011_GRN,011,GRN,GRN_011_512_79,GRN,011,Het,M,18,2025-11-14,Include,True,True,1,286,2026-02-14 00:03:05,2026-02-15 23:50:33,018,GRN_011_512_79_BEAM_20260214.csv
011_GRN,011,GRN,GRN_011_512_80,GRN,011,Het,M,20,2025-11-14,Include,True,True,1,286,2026-02-14 00:04:04,2026-02-15 23:52:11,020,GRN_011_512_80_BEAM_20260214.csv
011_GRN,011,GRN,GRN_011_513_83,GRN,011,Het,M,22,2025-11-14,Include,True,True,1,286,2026-02-14 00:05:45,2026-02-15 23:52:55,022,GRN_011_513_83_BEAM_20260214.csv
011_GRN,011,GRN,GRN_011_513_84,GRN,011,Het,F,10,2025-11-14,Include,True,True,1,286,2026-02-14 00:04:41,2026-02-15 23:52:19,010,GRN_011_513_84_BEAM_20260214.csv
011_GRN,011,GRN,GRN_011_513_85,GRN,011,Wt,M,53,2025-11-14,Include,True,True,1,286,2026-02-14 00:08:22,2026-02-15 23:54:13,053,GRN_011_513_85_BEAM_20260214.csv
011_GRN,011,GRN,GRN_011_513_86,GRN,011,Hom,F,23,2025-11-14,Include,True,True,1,286,2026-02-14 00:06:31,2026-02-15 23:53:34,023,GRN_011_513_86_BEAM_20260214.csv
011_GRN,011,GRN,GRN_011_513_87,GRN,011,Het,M,16,2025-11-14,Include,True,True,1,287,2026-02-14 00:00:36,2026-02-15 23:58:42,016,GRN_011_513_87_BEAM_20260214.csv
011_GRN,011,GRN,GRN_011_513_88,GRN,011,Hom,M,33,2025-11-14,Include,True,True,1,286,2026-02-14 00:09:36,2026-02-15 23:57:59,033,GRN_011_513_88_BEAM_20260214.csv
011_GRN,011,GRN,GRN_011_514_2,GRN,011,Hom,M,38,2025-11-15,Include,True,True,1,286,2026-02-14 00:04:28,2026-02-15 23:52:03,038,GRN_011_514_2_BEAM_20260214.csv
011_GRN,011,GRN,GRN_011_514_4,GRN,011,Het,F,3,2025-11-15,Include,True,True,1,286,2026-02-14 00:07:31,2026-02-15 23:54:56,003,GRN_011_514_4_BEAM_20260214.csv
011_GRN,011,GRN,GRN_011_515_13,GRN,011,Hom,M,40,2025-11-15,Include,True,True,1,286,2026-02-14 00:06:31,2026-02-15 23:55:21,040,GRN_011_515_13_BEAM_20260214.csv
011_GRN,011,GRN,GRN_011_515_15,GRN,011,Wt,M,60,2025-11-15,Include,True,True,1,286,2026-02-14 00:05:51,2026-02-15 23:53:32,060,GRN_011_515_15_BEAM_20260214.csv
011_GRN,011,GRN,GRN_011_515_9,GRN,011,Wt,M,58,2025-11-15,Include,True,True,1,286,2026-02-14 00:03:58,2026-02-15 23:51:23,058,GRN_011_515_9_BEAM_20260214.csv
011_GRN,011,GRN,GRN_011_516_95,GRN,011,Het,M,21,2025-11-14,Include,True,True,1,286,2026-02-14 00:04:50,2026-02-15 23:52:30,021,GRN_011_516_95_BEAM_20260214.csv
011_GRN,011,GRN,GRN_011_516_96,GRN,011,Het,M,17,2025-11-14,Include,True,True,1,286,2026-02-14 00:02:07,2026-02-15 23:50:09,017,GRN_011_516_96_BEAM_20260214.csv
011_GRN,011,GRN,GRN_011_516_97,GRN,011,Het,F,8,2025-11-14,Include,True,True,1,286,2026-02-14 00:03:21,2026-02-15 23:51:07,008,GRN_011_516_97_BEAM_20260214.csv
011_GRN,011,GRN,GRN_011_516_98,GRN,011,Het,F,7,2025-11-14,Include,True,True,1,286,2026-02-14 00:02:30,2026-02-15 23:50:03,007,GRN_011_516_98_BEAM_20260214.csv
011_GRN,011,GRN,GRN_011_517_18,GRN,011,Wt,F,44,2025-11-15,Include,True,True,1,286,2026-02-14 00:00:44,2026-02-15 23:50:22,044,GRN_011_517_18_BEAM_20260214.csv
011_GRN,011,GRN,GRN_011_518_21,GRN,011,Het,F,11,2025-11-15,Include,True,True,1,286,2026-02-14 00:06:13,2026-02-15 23:53:55,011,GRN_011_518_21_BEAM_20260214.csv
011_GRN,011,GRN,GRN_011_518_22,GRN,011,Wt,M,55,2025-11-15,Include,True,True,1,287,2026-02-14 00:00:46,2026-02-15 23:57:57,055,GRN_011_518_22_BEAM_20260214.csv
011_GRN,011,GRN,GRN_011_518_23,GRN,011,Hom,F,25,2025-11-15,Include,True,True,1,286,2026-02-14 00:09:11,2026-02-15 23:56:11,025,GRN_011_518_23_BEAM_20260214.csv
011_GRN,011,GRN,GRN_011_518_25,GRN,011,Hom,M,34,2025-11-15,Include,True,True,1,286,2026-02-14 00:09:57,2026-02-15 23:58:35,034,GRN_011_518_25_BEAM_20260214.csv
011_GRN,011,GRN,GRN_011_518_26,GRN,011,Wt,M,56,2025-11-15,Include,True,True,1,287,2026-02-14 00:02:13,2026-02-15 23:59:40,056,GRN_011_518_26_BEAM_20260214.csv
011_GRN,011,GRN,GRN_011_535_36,GRN,011,Hom,M,41,2025-11-24,Include,True,True,1,286,2026-02-14 00:07:10,2026-02-15 23:55:50,041,GRN_011_535_36_BEAM_20260214.csv
011_GRN,011,GRN,GRN_011_535_37,GRN,011,Hom,F,32,2025-11-24,Include,True,True,1,286,2026-02-14 00:06:56,2026-02-15 23:53:44,032,GRN_011_535_37_BEAM_20260214.csv
011_GRN,011,GRN,GRN_011_552_39,GRN,011,Hom,F,31,2025-12-02,Include,True,True,1,286,2026-02-14 00:06:36,2026-02-15 23:53:18,031,GRN_011_552_39_BEAM_20260214.csv
011_GRN,011,GRN,GRN_011_552_42,GRN,011,Hom,F,28,2025-12-02,Include,True,True,1,286,2026-02-14 00:02:24,2026-02-15 23:50:04,028,GRN_011_552_42_BEAM_20260214.csv
011_GRN,011,GRN,GRN_011_553_45,GRN,011,Wt,F,50,2025-12-05,Include,True,True,1,286,2026-02-14 00:05:28,2026-02-15 23:53:11,050,GRN_011_553_45_BEAM_20260214.csv
011_GRN,011,GRN,GRN_011_553_46,GRN,011,Wt,F,48,2025-12-05,Include,True,True,1,286,2026-02-14 00:04:02,2026-02-15 23:51:50,048,GRN_011_553_46_BEAM_20260214.csv
011_GRN,011,GRN,GRN_011_553_47,GRN,011,Hom,F,29,2025-12-05,Include,True,True,1,286,2026-02-14 00:04:18,2026-02-15 23:50:45,029,GRN_011_553_47_BEAM_20260214.csv
011_GRN,011,GRN,GRN_011_553_49,GRN,011,Wt,M,61,2025-12-05,Include,True,True,1,286,2026-02-14 00:07:02,2026-02-15 23:53:49,061,GRN_011_553_49_BEAM_20260214.csv
011_GRN,011,GRN,GRN_011_555_50,GRN,011,Wt,M,62,2025-12-05,Include,True,True,1,286,2026-02-14 00:07:51,2026-02-15 23:54:08,062,GRN_011_555_50_BEAM_20260214.csv
011_GRN,011,GRN,GRN_011_555_51,GRN,011,Wt,M,59,2025-12-05,Include,True,True,1,286,2026-02-14 00:04:45,2026-02-15 23:51:42,059,GRN_011_555_51_BEAM_20260214.csv
011_GRN,011,GRN,GRN_011_555_52,GRN,011,Hom,F,30,2025-12-05,Include,True,True,1,286,2026-02-14 00:05:05,2026-02-15 23:52:22,030,GRN_011_555_52_BEAM_20260214.csv
011_GRN,011,GRN,GRN_011_565_55,GRN,011,Hom,M,42,2025-12-09,Include,True,True,1,286,2026-02-14 00:08:06,2026-02-15 23:57:30,042,GRN_011_565_55_BEAM_20260214.csv
011_GRN,011,GRN,GRN_011_565_60,GRN,011,Hom,M,39,2025-12-09,Include,True,True,1,286,2026-02-14 00:05:08,2026-02-15 23:52:27,039,GRN_011_565_60_BEAM_20260214.csv
012_TSC2,012,TSC2,TSC2_012_650_91,TSC2,012,Het,M,26,2026-02-02,Include,True,True,1,286,2026-04-11 00:08:25,2026-04-12 23:55:19,026,TSC2_012_650_91_BEAM_20260411.csv
012_TSC2,012,TSC2,TSC2_012_650_92,TSC2,012,Wt,F,22,2026-02-02,Include,True,True,1,286,2026-04-11 00:03:06,2026-04-12 23:50:28,022,TSC2_012_650_92_BEAM_20260411.csv
012_TSC2,012,TSC2,TSC2_012_650_93,TSC2,012,Het,M,13,2026-02-02,Include,True,True,1,286,2026-04-11 00:03:09,2026-04-12 23:50:24,013,TSC2_012_650_93_BEAM_20260411.csv
012_TSC2,012,TSC2,TSC2_012_650_94,TSC2,012,Wt,M,10,2026-02-02,Include,True,True,1,287,2026-04-11 00:00:05,2026-04-12 23:57:29,010,TSC2_012_650_94_BEAM_20260411.csv
012_TSC2,012,TSC2,TSC2_012_650_95,TSC2,012,Wt,M,43,2026-02-02,Include,True,True,1,286,2026-04-11 00:08:02,2026-04-12 23:56:53,043,TSC2_012_650_95_BEAM_20260411.csv
012_TSC2,012,TSC2,TSC2_012_652_97,TSC2,012,Het,F,19,2026-02-02,Include,True,True,1,286,2026-04-11 00:08:55,2026-04-12 23:56:24,019,TSC2_012_652_97_BEAM_20260411.csv
012_TSC2,012,TSC2,TSC2_012_652_98,TSC2,012,Wt,F,12,2026-02-02,Include,True,True,1,287,2026-04-11 00:01:34,2026-04-12 23:58:55,012,TSC2_012_652_98_BEAM_20260411.csv
012_TSC2,012,TSC2,TSC2_012_652_99,TSC2,012,Wt,F,11,2026-02-02,Include,True,True,1,287,2026-04-11 00:00:54,2026-04-12 23:58:31,011,TSC2_012_652_99_BEAM_20260411.csv
012_TSC2,012,TSC2,TSC2_012_653_10,TSC2,012,Wt,F,7,2026-02-02,Include,True,True,1,286,2026-04-11 00:07:11,2026-04-12 23:54:50,007,TSC2_012_653_10_BEAM_20260411.csv
012_TSC2,012,TSC2,TSC2_012_653_11,TSC2,012,Het,M,41,2026-02-02,Include,True,True,1,286,2026-04-11 00:04:02,2026-04-12 23:53:40,041,TSC2_012_653_11_BEAM_20260411.csv
012_TSC2,012,TSC2,TSC2_012_653_7,TSC2,012,Het,M,18,2026-02-02,Include,True,True,1,286,2026-04-11 00:07:59,2026-04-12 23:55:59,018,TSC2_012_653_7_BEAM_20260411.csv
012_TSC2,012,TSC2,TSC2_012_653_8,TSC2,012,Het,M,14,2026-02-02,Include,True,True,1,286,2026-04-11 00:04:30,2026-04-12 23:54:00,014,TSC2_012_653_8_BEAM_20260411.csv
012_TSC2,012,TSC2,TSC2_012_653_9,TSC2,012,Het,M,17,2026-02-02,Include,True,True,1,286,2026-04-11 00:07:37,2026-04-12 23:55:34,017,TSC2_012_653_9_BEAM_20260411.csv
012_TSC2,012,TSC2,TSC2_012_654_1,TSC2,012,Het,F,15,2026-02-02,Include,True,True,1,286,2026-04-11 00:05:49,2026-04-12 23:54:22,015,TSC2_012_654_1_BEAM_20260411.csv
012_TSC2,012,TSC2,TSC2_012_654_2,TSC2,012,Wt,F,32,2026-02-02,Include,True,True,1,286,2026-04-11 00:03:21,2026-04-12 23:50:56,032,TSC2_012_654_2_BEAM_20260411.csv
012_TSC2,012,TSC2,TSC2_012_654_3,TSC2,012,Het,M,27,2026-02-02,Include,True,True,1,287,2026-04-11 00:00:38,2026-04-12 23:59:11,027,TSC2_012_654_3_BEAM_20260411.csv
012_TSC2,012,TSC2,TSC2_012_654_4,TSC2,012,Wt,M,21,2026-02-02,Include,True,True,1,287,2026-04-11 00:01:58,2026-04-12 23:59:32,021,TSC2_012_654_4_BEAM_20260411.csv
012_TSC2,012,TSC2,TSC2_012_654_5,TSC2,012,Wt,F,34,2026-02-02,Include,True,True,1,286,2026-04-11 00:03:38,2026-04-12 23:51:16,034,TSC2_012_654_5_BEAM_20260411.csv
012_TSC2,012,TSC2,TSC2_012_657_12,TSC2,012,Wt,M,42,2026-02-04,Include,True,True,1,286,2026-04-11 00:03:25,2026-04-12 23:53:13,042,TSC2_012_657_12_BEAM_20260411.csv
012_TSC2,012,TSC2,TSC2_012_658_13,TSC2,012,Wt,F,28,2026-02-04,Include,True,True,1,287,2026-04-11 00:00:21,2026-04-12 23:58:49,028,TSC2_012_658_13_BEAM_20260411.csv
012_TSC2,012,TSC2,TSC2_012_658_15,TSC2,012,Het,F,20,2026-02-04,Include,True,True,1,286,2026-04-11 00:09:58,2026-04-12 23:58:12,020,TSC2_012_658_15_BEAM_20260411.csv
012_TSC2,012,TSC2,TSC2_012_658_16,TSC2,012,Wt,M,30,2026-02-04,Include,True,True,1,286,2026-04-11 00:02:55,2026-04-12 23:50:08,030,TSC2_012_658_16_BEAM_20260411.csv
012_TSC2,012,TSC2,TSC2_012_658_17,TSC2,012,Wt,F,23,2026-02-04,Include,True,True,1,286,2026-04-11 00:04:05,2026-04-12 23:51:45,023,TSC2_012_658_17_BEAM_20260411.csv
012_TSC2,012,TSC2,TSC2_012_659_19,TSC2,012,Het,F,16,2026-02-04,Include,True,True,1,286,2026-04-11 00:06:51,2026-04-12 23:54:45,016,TSC2_012_659_19_BEAM_20260411.csv
012_TSC2,012,TSC2,TSC2_012_659_20,TSC2,012,Het,M,5,2026-02-04,Include,True,True,1,286,2026-04-11 00:03:54,2026-04-12 23:52:07,005,TSC2_012_659_20_BEAM_20260411.csv
012_TSC2,012,TSC2,TSC2_012_659_21,TSC2,012,Het,F,24,2026-02-04,Include,True,True,1,286,2026-04-11 00:05:01,2026-04-12 23:52:56,024,TSC2_012_659_21_BEAM_20260411.csv
012_TSC2,012,TSC2,TSC2_012_659_23,TSC2,012,Wt,F,29,2026-02-04,Include,True,True,1,286,2026-04-11 00:09:30,2026-04-12 23:56:02,029,TSC2_012_659_23_BEAM_20260411.csv
012_TSC2,012,TSC2,TSC2_012_659_24,TSC2,012,Wt,M,31,2026-02-04,Include,True,True,1,286,2026-04-11 00:04:06,2026-04-12 23:51:45,031,TSC2_012_659_24_BEAM_20260411.csv
012_TSC2,012,TSC2,TSC2_012_660_25,TSC2,012,Het,F,39,2026-02-04,Include,True,True,1,286,2026-04-11 00:08:14,2026-04-12 23:55:29,039,TSC2_012_660_25_BEAM_20260411.csv
012_TSC2,012,TSC2,TSC2_012_660_26,TSC2,012,Het,F,8,2026-02-04,Include,True,True,1,286,2026-04-11 00:08:23,2026-04-12 23:57:04,008,TSC2_012_660_26_BEAM_20260411.csv
012_TSC2,012,TSC2,TSC2_012_660_28,TSC2,012,Wt,M,36,2026-02-04,Include,True,True,1,286,2026-04-11 00:06:55,2026-04-12 23:54:27,036,TSC2_012_660_28_BEAM_20260411.csv
012_TSC2,012,TSC2,TSC2_012_660_29,TSC2,012,Wt,M,35,2026-02-04,Include,True,True,1,286,2026-04-11 00:07:55,2026-04-12 23:55:53,035,TSC2_012_660_29_BEAM_20260411.csv
012_TSC2,012,TSC2,TSC2_012_660_30,TSC2,012,Het,M,6,2026-02-04,Include,True,True,1,286,2026-04-11 00:04:52,2026-04-12 23:52:32,006,TSC2_012_660_30_BEAM_20260411.csv
012_TSC2,012,TSC2,TSC2_012_660_33,TSC2,012,Het,F,38,2026-02-04,Include,True,True,1,286,2026-04-11 00:07:32,2026-04-12 23:55:05,038,TSC2_012_660_33_BEAM_20260411.csv
012_TSC2,012,TSC2,TSC2_012_662_38,TSC2,012,Het,F,25,2026-02-04,Include,True,True,1,286,2026-04-11 00:05:34,2026-04-12 23:53:19,025,TSC2_012_662_38_BEAM_20260411.csv
012_TSC2,012,TSC2,TSC2_012_662_40,TSC2,012,Wt,M,2,2026-02-04,Include,True,True,1,286,2026-04-11 00:08:05,2026-04-12 23:55:42,002,TSC2_012_662_40_BEAM_20260411.csv
012_TSC2,012,TSC2,TSC2_012_662_41,TSC2,012,Het,M,40,2026-02-04,Include,True,True,1,286,2026-04-11 00:09:00,2026-04-12 23:57:59,040,TSC2_012_662_41_BEAM_20260411.csv
012_TSC2,012,TSC2,TSC2_012_665_43,TSC2,012,Wt,M,1,2026-02-06,Include,True,True,1,286,2026-04-11 00:07:04,2026-04-12 23:55:15,001,TSC2_012_665_43_BEAM_20260411.csv
012_TSC2,012,TSC2,TSC2_012_665_44,TSC2,012,Het,F,4,2026-02-06,Include,True,True,1,287,2026-04-11 00:01:49,2026-04-12 23:57:48,004,TSC2_012_665_44_BEAM_20260411.csv
012_TSC2,012,TSC2,TSC2_012_665_49,TSC2,012,Het,F,3,2026-02-06,Include,True,True,1,286,2026-04-11 00:09:04,2026-04-12 23:56:19,003,TSC2_012_665_49_BEAM_20260411.csv
013_KCND3,013,KCND3,KCND3_013_599_37,KCND3,013,Wt,M,38,2025-12-29,Include,True,True,1,286,2026-04-25 00:08:01,2026-04-26 23:57:19,038,KCND3_013_599_37_BEAM_20260425.csv
013_KCND3,013,KCND3,KCND3_013_599_38,KCND3,013,Het,F,31,2025-12-29,Include,True,True,1,286,2026-04-25 00:03:46,2026-04-26 23:53:51,031,KCND3_013_599_38_BEAM_20260425.csv
013_KCND3,013,KCND3,KCND3_013_599_39,KCND3,013,Het,F,18,2025-12-29,Include,True,True,1,287,2026-04-25 00:00:35,2026-04-26 23:58:05,018,KCND3_013_599_39_BEAM_20260425.csv
013_KCND3,013,KCND3,KCND3_013_599_40,KCND3,013,Hom,F,37,2025-12-29,Include,True,True,1,286,2026-04-25 00:09:11,2026-04-26 23:58:20,037,KCND3_013_599_40_BEAM_20260425.csv
013_KCND3,013,KCND3,KCND3_013_599_41,KCND3,013,Het,F,12,2025-12-29,Include,True,True,1,286,2026-04-25 00:06:03,2026-04-26 23:54:40,012,KCND3_013_599_41_BEAM_20260425.csv
013_KCND3,013,KCND3,KCND3_013_613_42,KCND3,013,Het,M,51,2026-01-02,Include,True,True,1,286,2026-04-25 00:02:38,2026-04-26 23:50:01,051,KCND3_013_613_42_BEAM_20260425.csv
013_KCND3,013,KCND3,KCND3_013_613_43,KCND3,013,Het,F,28,2026-01-02,Include,True,True,1,287,2026-04-25 00:00:46,2026-04-26 23:59:18,028,KCND3_013_613_43_BEAM_20260425.csv
013_KCND3,013,KCND3,KCND3_013_613_44,KCND3,013,Hom,F,54,2026-01-02,Include,True,True,1,286,2026-04-25 00:07:29,2026-04-26 23:57:12,054,KCND3_013_613_44_BEAM_20260425.csv
013_KCND3,013,KCND3,KCND3_013_613_45,KCND3,013,Hom,M,59,2026-01-02,Include,True,True,1,287,2026-04-25 00:01:52,2026-04-26 23:59:16,059,KCND3_013_613_45_BEAM_20260425.csv
013_KCND3,013,KCND3,KCND3_013_613_46,KCND3,013,Wt,M,44,2026-01-02,Include,True,True,1,286,2026-04-25 00:09:55,2026-04-26 23:59:25,044,KCND3_013_613_46_BEAM_20260425.csv
013_KCND3,013,KCND3,KCND3_013_613_50,KCND3,013,Hom,F,43,2026-01-02,Include,True,True,1,286,2026-04-25 00:02:57,2026-04-26 23:52:26,043,KCND3_013_613_50_BEAM_20260425.csv
013_KCND3,013,KCND3,KCND3_013_614_52,KCND3,013,Hom,M,19,2026-01-02,Include,True,True,1,286,2026-04-25 00:08:05,2026-04-26 23:55:19,019,KCND3_013_614_52_BEAM_20260425.csv
013_KCND3,013,KCND3,KCND3_013_614_54,KCND3,013,Wt,M,32,2026-01-02,Include,True,True,1,286,2026-04-25 00:03:23,2026-04-26 23:53:27,032,KCND3_013_614_54_BEAM_20260425.csv
013_KCND3,013,KCND3,KCND3_013_614_55,KCND3,013,Hom,F,60,2026-01-02,Include,True,True,1,287,2026-04-25 00:01:01,2026-04-26 23:58:54,060,KCND3_013_614_55_BEAM_20260425.csv
013_KCND3,013,KCND3,KCND3_013_615_61,KCND3,013,Het,M,26,2026-01-03,Include,True,True,1,286,2026-04-25 00:03:07,2026-04-26 23:50:43,026,KCND3_013_615_61_BEAM_20260425.csv
013_KCND3,013,KCND3,KCND3_013_615_63,KCND3,013,Het,M,13,2026-01-03,Include,True,True,1,286,2026-04-25 00:05:28,2026-04-26 23:55:05,013,KCND3_013_615_63_BEAM_20260425.csv
013_KCND3,013,KCND3,KCND3_013_615_64,KCND3,013,Hom,F,14,2026-01-03,Include,True,True,1,286,2026-04-25 00:05:07,2026-04-26 23:54:25,014,KCND3_013_615_64_BEAM_20260425.csv
013_KCND3,013,KCND3,KCND3_013_615_66,KCND3,013,Wt,M,15,2026-01-03,Include,True,True,1,286,2026-04-25 00:03:56,2026-04-26 23:52:11,015,KCND3_013_615_66_BEAM_20260425.csv
013_KCND3,013,KCND3,KCND3_013_615_67,KCND3,013,Het,M,23,2026-01-03,Include,True,True,1,286,2026-04-25 00:05:16,2026-04-26 23:53:17,023,KCND3_013_615_67_BEAM_20260425.csv
013_KCND3,013,KCND3,KCND3_013_615_68,KCND3,013,Wt,F,52,2026-01-03,Include,True,True,1,286,2026-04-25 00:09:28,2026-04-26 23:57:32,052,KCND3_013_615_68_BEAM_20260425.csv
013_KCND3,013,KCND3,KCND3_013_616_72,KCND3,013,Wt,F,46,2026-01-03,Include,True,True,1,286,2026-04-25 00:07:22,2026-04-26 23:55:05,046,KCND3_013_616_72_BEAM_20260425.csv
013_KCND3,013,KCND3,KCND3_013_616_74,KCND3,013,Het,M,30,2026-01-03,Include,True,True,1,286,2026-04-25 00:04:59,2026-04-26 23:53:02,030,KCND3_013_616_74_BEAM_20260425.csv
013_KCND3,013,KCND3,KCND3_013_617_78,KCND3,013,Het,F,6,2026-01-03,Include,True,True,1,287,2026-04-25 00:01:01,2026-04-26 23:58:24,006,KCND3_013_617_78_BEAM_20260425.csv
013_KCND3,013,KCND3,KCND3_013_617_79,KCND3,013,Het,M,45,2026-01-03,Include,True,True,1,286,2026-04-25 00:08:30,2026-04-26 23:56:15,045,KCND3_013_617_79_BEAM_20260425.csv
013_KCND3,013,KCND3,KCND3_013_617_80,KCND3,013,Het,F,50,2026-01-03,Include,True,True,1,286,2026-04-25 00:03:36,2026-04-26 23:50:49,050,KCND3_013_617_80_BEAM_20260425.csv
013_KCND3,013,KCND3,KCND3_013_617_81,KCND3,013,Het,M,40,2026-01-03,Include,True,True,1,286,2026-04-25 00:07:21,2026-04-26 23:56:49,040,KCND3_013_617_81_BEAM_20260425.csv
013_KCND3,013,KCND3,KCND3_013_617_82,KCND3,013,Wt,F,58,2026-01-03,Include,True,True,1,286,2026-04-25 00:03:15,2026-04-26 23:50:48,058,KCND3_013_617_82_BEAM_20260425.csv
013_KCND3,013,KCND3,KCND3_013_617_87,KCND3,013,Het,M,63,2026-01-03,Include,True,True,1,286,2026-04-25 00:05:25,2026-04-26 23:53:22,063,KCND3_013_617_87_BEAM_20260425.csv
013_KCND3,013,KCND3,KCND3_013_618_83,KCND3,013,Wt,F,64,2026-01-03,Include,True,True,1,286,2026-04-25 00:04:19,2026-04-26 23:53:00,064,KCND3_013_618_83_BEAM_20260425.csv
013_KCND3,013,KCND3,KCND3_013_618_88,KCND3,013,Het,F,62,2026-01-03,Include,True,True,1,286,2026-04-25 00:05:54,2026-04-26 23:53:45,062,KCND3_013_618_88_BEAM_20260425.csv
013_KCND3,013,KCND3,KCND3_013_618_89,KCND3,013,Hom,F,48,2026-01-03,Include,True,True,1,286,2026-04-25 00:05:43,2026-04-26 23:53:20,048,KCND3_013_618_89_BEAM_20260425.csv
013_KCND3,013,KCND3,KCND3_013_618_92,KCND3,013,Het,F,56,2026-01-03,Include,True,True,1,286,2026-04-25 00:04:54,2026-04-26 23:51:46,056,KCND3_013_618_92_BEAM_20260425.csv
013_KCND3,013,KCND3,KCND3_013_618_93,KCND3,013,Het,F,39,2026-01-03,Include,True,True,1,286,2026-04-25 00:06:51,2026-04-26 23:54:17,039,KCND3_013_618_93_BEAM_20260425.csv
013_KCND3,013,KCND3,KCND3_013_619_58,KCND3,013,Het,M,57,2026-01-02,Include,True,True,1,286,2026-04-25 00:04:07,2026-04-26 23:51:09,057,KCND3_013_619_58_BEAM_20260425.csv
013_KCND3,013,KCND3,KCND3_013_619_59,KCND3,013,Het,M,65,2026-01-02,Include,True,True,1,286,2026-04-25 00:03:48,2026-04-26 23:52:13,065,KCND3_013_619_59_BEAM_20260425.csv
013_KCND3,013,KCND3,KCND3_013_619_60,KCND3,013,Het,F,21,2026-01-02,Include,True,True,1,286,2026-04-25 00:07:32,2026-04-26 23:54:53,021,KCND3_013_619_60_BEAM_20260425.csv
013_KCND3,013,KCND3,KCND3_013_625_1,KCND3,013,Hom,M,53,2026-01-13,Include,True,True,1,286,2026-04-25 00:07:58,2026-04-26 23:56:09,053,KCND3_013_625_1_BEAM_20260425.csv
013_KCND3,013,KCND3,KCND3_013_625_2,KCND3,013,Hom,F,22,2026-01-13,Include,True,True,1,286,2026-04-25 00:06:46,2026-04-26 23:54:15,022,KCND3_013_625_2_BEAM_20260425.csv
013_KCND3,013,KCND3,KCND3_013_625_94,KCND3,013,Hom,F,27,2026-01-13,Include,True,True,1,287,2026-04-25 00:01:09,2026-04-26 23:59:44,027,KCND3_013_625_94_BEAM_20260425.csv
013_KCND3,013,KCND3,KCND3_013_625_96,KCND3,013,Hom,M,47,2026-01-13,Include,True,True,1,286,2026-04-25 00:06:24,2026-04-26 23:53:43,047,KCND3_013_625_96_BEAM_20260425.csv
013_KCND3,013,KCND3,KCND3_013_630_6,KCND3,013,Wt,F,33,2026-01-16,Include,True,True,1,286,2026-04-25 00:02:42,2026-04-26 23:52:40,033,KCND3_013_630_6_BEAM_20260425.csv
013_KCND3,013,KCND3,KCND3_013_630_7,KCND3,013,Wt,F,24,2026-01-16,Include,True,True,1,286,2026-04-25 00:04:30,2026-04-26 23:52:18,024,KCND3_013_630_7_BEAM_20260425.csv
013_KCND3,013,KCND3,KCND3_013_630_9,KCND3,013,Wt,M,29,2026-01-16,Include,True,True,1,286,2026-04-25 00:09:26,2026-04-26 23:55:49,029,KCND3_013_630_9_BEAM_20260425.csv
013_KCND3,013,KCND3,KCND3_013_639_14,KCND3,013,Wt,M,11,2026-01-23,Include,True,True,1,286,2026-04-25 00:07:04,2026-04-26 23:55:33,011,KCND3_013_639_14_BEAM_20260425.csv
013_KCND3,013,KCND3,KCND3_013_641_22,KCND3,013,Wt,M,16,2026-01-26,Include,True,True,1,286,2026-04-25 00:02:59,2026-04-26 23:50:48,016,KCND3_013_641_22_BEAM_20260425.csv
013_KCND3,013,KCND3,KCND3_013_641_25,KCND3,013,Wt,F,41,2026-01-26,Include,True,True,1,286,2026-04-25 00:04:59,2026-04-26 23:54:48,041,KCND3_013_641_25_BEAM_20260425.csv
013_KCND3,013,KCND3,KCND3_013_642_27,KCND3,013,Hom,M,10,2026-01-26,Include,True,True,1,286,2026-04-25 00:08:11,2026-04-26 23:56:03,010,KCND3_013_642_27_BEAM_20260425.csv
013_KCND3,013,KCND3,KCND3_013_642_32,KCND3,013,Hom,M,7,2026-01-26,Include,True,True,1,287,2026-04-25 00:00:14,2026-04-26 23:57:58,007,KCND3_013_642_32_BEAM_20260425.csv
013_KCND3,013,KCND3,KCND3_013_642_34,KCND3,013,Wt,F,20,2026-01-26,Include,True,True,1,286,2026-04-25 00:08:56,2026-04-26 23:57:39,020,KCND3_013_642_34_BEAM_20260425.csv
013_KCND3,013,KCND3,KCND3_013_643_15,KCND3,013,Wt,F,34,2026-01-24,Include,True,True,1,287,2026-04-25 00:01:22,2026-04-26 23:59:32,034,KCND3_013_643_15_BEAM_20260425.csv
013_KCND3,013,KCND3,KCND3_013_643_17,KCND3,013,Hom,M,42,2026-01-24,Include,True,True,1,286,2026-04-25 00:04:08,2026-04-26 23:53:55,042,KCND3_013_643_17_BEAM_20260425.csv
013_KCND3,013,KCND3,KCND3_013_645_36,KCND3,013,Wt,M,61,2026-01-28,Include,True,True,1,286,2026-04-25 00:08:46,2026-04-26 23:55:16,061,KCND3_013_645_36_BEAM_20260425.csv
013_KCND3,013,KCND3,KCND3_013_645_38,KCND3,013,Wt,M,55,2026-01-28,Include,True,True,1,286,2026-04-25 00:05:52,2026-04-26 23:52:32,055,KCND3_013_645_38_BEAM_20260425.csv
013_KCND3,013,KCND3,KCND3_013_645_40,KCND3,013,Wt,M,49,2026-01-28,Include,True,True,1,286,2026-04-25 00:04:59,2026-04-26 23:52:45,049,KCND3_013_645_40_BEAM_20260425.csv
013_KCND3,013,KCND3,KCND3_013_646_45,KCND3,013,Hom,M,25,2026-01-28,Include,True,True,1,286,2026-04-25 00:02:10,2026-04-26 23:50:18,025,KCND3_013_646_45_BEAM_20260425.csv
013_KCND3,013,KCND3,KCND3_013_646_46,KCND3,013,Wt,F,8,2026-01-28,Include,True,True,1,286,2026-04-25 00:09:15,2026-04-26 23:57:16,008,KCND3_013_646_46_BEAM_20260425.csv
013_KCND3,013,KCND3,KCND3_013_647_51,KCND3,013,Hom,M,17,2026-01-28,Include,True,True,1,287,2026-04-25 00:01:25,2026-04-26 23:59:40,017,KCND3_013_647_51_BEAM_20260425.csv
013_KCND3,013,KCND3,KCND3_013_647_52,KCND3,013,Hom,M,35,2026-01-28,#INVALID OPERATION,True,True,1,287,2026-04-25 00:00:48,2026-04-26 23:59:07,035,KCND3_013_647_52_BEAM_20260425.csv
014_SCN1A,014,SCN1A,SCN1A_014_676_2,SCN1A,014,Het,F,3,2026-02-21,Include,True,True,1,286,2026-05-09 00:03:44,2026-05-10 23:50:52,003,SCN1A_014_676_2_BEAM_20260509.csv
014_SCN1A,014,SCN1A,SCN1A_014_676_3,SCN1A,014,Het,M,45,2026-02-21,Include,True,True,1,286,2026-05-09 00:00:27,2026-05-10 23:50:33,045,SCN1A_014_676_3_BEAM_20260509.csv
014_SCN1A,014,SCN1A,SCN1A_014_676_96,SCN1A,014,Het,F,15,2026-02-21,Include,True,True,1,286,2026-05-09 00:04:46,2026-05-10 23:53:57,015,SCN1A_014_676_96_BEAM_20260509.csv
014_SCN1A,014,SCN1A,SCN1A_014_676_97,SCN1A,014,Wt,F,13,2026-02-21,Include,True,True,1,286,2026-05-09 00:02:57,2026-05-10 23:50:47,013,SCN1A_014_676_97_BEAM_20260509.csv
014_SCN1A,014,SCN1A,SCN1A_014_676_98,SCN1A,014,Wt,M,20,2026-02-21,Include,True,True,1,286,2026-05-09 00:08:41,2026-05-10 23:57:14,020,SCN1A_014_676_98_BEAM_20260509.csv
014_SCN1A,014,SCN1A,SCN1A_014_676_99,SCN1A,014,Het,M,7,2026-02-21,Include,True,True,1,286,2026-05-09 00:08:56,2026-05-10 23:56:30,007,SCN1A_014_676_99_BEAM_20260509.csv
014_SCN1A,014,SCN1A,SCN1A_014_679_11,SCN1A,014,Wt,F,35,2026-02-22,Include,True,True,1,286,2026-05-09 00:07:48,2026-05-10 23:57:56,035,SCN1A_014_679_11_BEAM_20260509.csv
014_SCN1A,014,SCN1A,SCN1A_014_679_12,SCN1A,014,Wt,F,60,2026-02-22,Include,True,True,1,286,2026-05-09 00:02:41,2026-05-10 23:51:48,060,SCN1A_014_679_12_BEAM_20260509.csv
014_SCN1A,014,SCN1A,SCN1A_014_679_15,SCN1A,014,Het,F,48,2026-02-22,Include,True,True,1,286,2026-05-09 00:02:19,2026-05-10 23:51:24,048,SCN1A_014_679_15_BEAM_20260509.csv
014_SCN1A,014,SCN1A,SCN1A_014_680_16,SCN1A,014,Wt,M,33,2026-02-21,Include,True,True,1,286,2026-05-09 00:07:06,2026-05-10 23:57:32,033,SCN1A_014_680_16_BEAM_20260509.csv
014_SCN1A,014,SCN1A,SCN1A_014_680_17,SCN1A,014,Wt,F,1,2026-02-21,Include,True,True,1,286,2026-05-09 00:07:34,2026-05-10 23:55:06,001,SCN1A_014_680_17_BEAM_20260509.csv
014_SCN1A,014,SCN1A,SCN1A_014_680_18,SCN1A,014,Wt,M,12,2026-02-21,Include,True,True,1,286,2026-05-09 00:01:47,2026-05-10 23:50:15,012,SCN1A_014_680_18_BEAM_20260509.csv
014_SCN1A,014,SCN1A,SCN1A_014_681_88,SCN1A,014,Wt,M,58,2026-02-18,Include,True,True,1,286,2026-05-09 00:03:04,2026-05-10 23:52:11,058,SCN1A_014_681_88_BEAM_20260509.csv
014_SCN1A,014,SCN1A,SCN1A_014_681_89,SCN1A,014,Het,F,30,2026-02-18,Include,True,True,1,286,2026-05-09 00:03:37,2026-05-10 23:50:54,030,SCN1A_014_681_89_BEAM_20260509.csv
014_SCN1A,014,SCN1A,SCN1A_014_681_90,SCN1A,014,Wt,F,25,2026-02-18,Include,True,True,1,286,2026-05-09 00:06:39,2026-05-10 23:54:03,025,SCN1A_014_681_90_BEAM_20260509.csv
014_SCN1A,014,SCN1A,SCN1A_014_681_91,SCN1A,014,Het,M,4,2026-02-18,Include,True,True,1,286,2026-05-09 00:04:47,2026-05-10 23:51:18,004,SCN1A_014_681_91_BEAM_20260509.csv
014_SCN1A,014,SCN1A,SCN1A_014_682_19,SCN1A,014,Wt,M,17,2026-02-21,Include,True,True,1,286,2026-05-09 00:06:43,2026-05-10 23:54:50,017,SCN1A_014_682_19_BEAM_20260509.csv
014_SCN1A,014,SCN1A,SCN1A_014_682_20,SCN1A,014,Het,M,47,2026-02-21,Include,True,True,1,286,2026-05-09 00:01:10,2026-05-10 23:50:58,047,SCN1A_014_682_20_BEAM_20260509.csv
014_SCN1A,014,SCN1A,SCN1A_014_682_21,SCN1A,014,Wt,M,36,2026-02-21,Include,True,True,1,286,2026-05-09 00:08:35,2026-05-10 23:58:21,036,SCN1A_014_682_21_BEAM_20260509.csv
014_SCN1A,014,SCN1A,SCN1A_014_682_22,SCN1A,014,Het,M,27,2026-02-21,Include,True,True,1,286,2026-05-09 00:08:46,2026-05-10 23:55:39,027,SCN1A_014_682_22_BEAM_20260509.csv
014_SCN1A,014,SCN1A,SCN1A_014_682_23,SCN1A,014,Wt,F,46,2026-02-21,Include,True,True,1,286,2026-05-09 00:00:49,2026-05-10 23:50:10,046,SCN1A_014_682_23_BEAM_20260509.csv
014_SCN1A,014,SCN1A,SCN1A_014_682_24,SCN1A,014,Wt,F,28,2026-02-21,Include,True,True,1,287,2026-05-09 00:00:51,2026-05-10 23:59:32,028,SCN1A_014_682_24_BEAM_20260509.csv
014_SCN1A,014,SCN1A,SCN1A_014_683_25,SCN1A,014,Wt,F,5,2026-02-21,Include,True,True,1,286,2026-05-09 00:05:51,2026-05-10 23:54:05,005,SCN1A_014_683_25_BEAM_20260509.csv
014_SCN1A,014,SCN1A,SCN1A_014_683_26,SCN1A,014,Wt,M,2,2026-02-21,Include,True,True,1,287,2026-05-09 00:01:13,2026-05-10 23:58:57,002,SCN1A_014_683_26_BEAM_20260509.csv
014_SCN1A,014,SCN1A,SCN1A_014_683_27,SCN1A,014,Het,F,8,2026-02-21,Include,True,True,1,287,2026-05-09 00:01:22,2026-05-10 23:59:53,008,SCN1A_014_683_27_BEAM_20260509.csv
014_SCN1A,014,SCN1A,SCN1A_014_683_28,SCN1A,014,Wt,M,24,2026-02-21,Include,True,True,1,286,2026-05-09 00:04:55,2026-05-10 23:53:01,024,SCN1A_014_683_28_BEAM_20260509.csv
014_SCN1A,014,SCN1A,SCN1A_014_683_29,SCN1A,014,Het,M,14,2026-02-21,Include,True,True,1,286,2026-05-09 00:04:01,2026-05-10 23:53:34,014,SCN1A_014_683_29_BEAM_20260509.csv
014_SCN1A,014,SCN1A,SCN1A_014_684_31,SCN1A,014,Wt,M,22,2026-02-22,Include,True,True,1,287,2026-05-09 00:02:21,2026-05-10 23:59:45,022,SCN1A_014_684_31_BEAM_20260509.csv
014_SCN1A,014,SCN1A,SCN1A_014_685_35,SCN1A,014,Het,F,18,2026-02-21,Include,True,True,1,286,2026-05-09 00:07:40,2026-05-10 23:55:15,018,SCN1A_014_685_35_BEAM_20260509.csv
014_SCN1A,014,SCN1A,SCN1A_014_685_36,SCN1A,014,Het,F,23,2026-02-21,Include,True,True,1,286,2026-05-09 00:03:56,2026-05-10 23:51:51,023,SCN1A_014_685_36_BEAM_20260509.csv
014_SCN1A,014,SCN1A,SCN1A_014_685_37,SCN1A,014,Het,M,59,2026-02-21,Include,True,True,1,287,2026-05-09 00:02:18,2026-05-10 23:58:42,059,SCN1A_014_685_37_BEAM_20260509.csv
014_SCN1A,014,SCN1A,SCN1A_014_685_38,SCN1A,014,Wt,M,6,2026-02-21,Include,True,True,1,286,2026-05-09 00:02:34,2026-05-10 23:50:26,006,SCN1A_014_685_38_BEAM_20260509.csv
014_SCN1A,014,SCN1A,SCN1A_014_685_39,SCN1A,014,Het,M,29,2026-02-21,Include,True,True,1,287,2026-05-09 00:01:58,2026-05-10 23:59:55,029,SCN1A_014_685_39_BEAM_20260509.csv
014_SCN1A,014,SCN1A,SCN1A_014_686_42,SCN1A,014,Het,F,32,2026-02-22,Include,True,True,1,286,2026-05-09 00:05:27,2026-05-10 23:52:52,032,SCN1A_014_686_42_BEAM_20260509.csv
014_SCN1A,014,SCN1A,SCN1A_014_686_44,SCN1A,014,Wt,F,26,2026-02-22,Include,True,True,1,286,2026-05-09 00:07:36,2026-05-10 23:54:28,026,SCN1A_014_686_44_BEAM_20260509.csv
014_SCN1A,014,SCN1A,SCN1A_014_686_45,SCN1A,014,Wt,M,16,2026-02-22,Include,True,True,1,286,2026-05-09 00:05:43,2026-05-10 23:54:23,016,SCN1A_014_686_45_BEAM_20260509.csv
014_SCN1A,014,SCN1A,SCN1A_014_688_92,SCN1A,014,Wt,F,34,2026-02-20,Include,True,True,1,286,2026-05-09 00:07:24,2026-05-10 23:58:46,034,SCN1A_014_688_92_BEAM_20260509.csv
014_SCN1A,014,SCN1A,SCN1A_014_688_93,SCN1A,014,Het,F,37,2026-02-20,Include,True,True,1,287,2026-05-09 00:00:05,2026-05-10 23:59:48,037,SCN1A_014_688_93_BEAM_20260509.csv
014_SCN1A,014,SCN1A,SCN1A_014_688_94,SCN1A,014,Het,F,21,2026-02-20,Include,True,True,1,287,2026-05-09 00:01:05,2026-05-10 23:58:36,021,SCN1A_014_688_94_BEAM_20260509.csv
014_SCN1A,014,SCN1A,SCN1A_014_688_95,SCN1A,014,Het,M,31,2026-02-20,Include,True,True,1,286,2026-05-09 00:04:50,2026-05-10 23:52:26,031,SCN1A_014_688_95_BEAM_20260509.csv
015_BCL11B,015,BCL11B,BCL11B_015_670_22,BCL11B,015,Wt,F,12,2026-02-17,Include,True,True,1,286,2026-05-30 00:08:36,2026-05-31 23:57:05,012,BCL11B_015_670_22_BEAM_20260530.csv
015_BCL11B,015,BCL11B,BCL11B_015_670_25,BCL11B,015,Wt,M,55,2026-02-17,Include,True,True,1,286,2026-05-30 00:08:52,2026-05-31 23:56:01,055,BCL11B_015_670_25_BEAM_20260530.csv
015_BCL11B,015,BCL11B,BCL11B_015_670_27,BCL11B,015,Wt,F,4,2026-02-17,Include,True,True,1,287,2026-05-30 00:01:51,2026-05-31 23:57:58,004,BCL11B_015_670_27_BEAM_20260530.csv
015_BCL11B,015,BCL11B,BCL11B_015_670_28,BCL11B,015,Wt,F,5,2026-02-17,Include,True,True,1,286,2026-05-30 00:03:54,2026-05-31 23:52:26,005,BCL11B_015_670_28_BEAM_20260530.csv
015_BCL11B,015,BCL11B,BCL11B_015_671_47,BCL11B,015,Wt,M,40,2026-02-18,Include,True,True,1,286,2026-05-30 00:02:39,2026-05-31 23:51:49,040,BCL11B_015_671_47_BEAM_20260530.csv
015_BCL11B,015,BCL11B,BCL11B_015_671_48,BCL11B,015,Het,M,59,2026-02-18,Include,True,True,1,286,2026-05-30 00:02:59,2026-05-31 23:51:47,059,BCL11B_015_671_48_BEAM_20260530.csv
015_BCL11B,015,BCL11B,BCL11B_015_671_50,BCL11B,015,Wt,M,41,2026-02-18,Include,True,True,1,286,2026-05-30 00:04:49,2026-05-31 23:53:40,041,BCL11B_015_671_50_BEAM_20260530.csv
015_BCL11B,015,BCL11B,BCL11B_015_671_51,BCL11B,015,Wt,M,14,2026-02-18,Include,True,True,1,286,2026-05-30 00:01:21,2026-05-31 23:51:02,014,BCL11B_015_671_51_BEAM_20260530.csv
015_BCL11B,015,BCL11B,BCL11B_015_671_53,BCL11B,015,Wt,M,44,2026-02-18,Include,True,True,1,286,2026-05-30 00:07:25,2026-05-31 23:57:26,044,BCL11B_015_671_53_BEAM_20260530.csv
015_BCL11B,015,BCL11B,BCL11B_015_671_54,BCL11B,015,Het,F,58,2026-02-18,Include,True,True,1,287,2026-05-30 00:00:14,2026-05-31 23:59:36,058,BCL11B_015_671_54_BEAM_20260530.csv
015_BCL11B,015,BCL11B,BCL11B_015_672_29,BCL11B,015,Wt,M,2,2026-02-16,Include,True,True,1,286,2026-05-30 00:08:29,2026-05-31 23:56:29,002,BCL11B_015_672_29_BEAM_20260530.csv
015_BCL11B,015,BCL11B,BCL11B_015_672_30,BCL11B,015,Het,F,53,2026-02-16,Include,True,True,1,286,2026-05-30 00:06:33,2026-05-31 23:52:56,053,BCL11B_015_672_30_BEAM_20260530.csv
015_BCL11B,015,BCL11B,BCL11B_015_672_32,BCL11B,015,Wt,F,50,2026-02-16,Include,True,True,1,286,2026-05-30 00:03:22,2026-05-31 23:51:24,050,BCL11B_015_672_32_BEAM_20260530.csv
015_BCL11B,015,BCL11B,BCL11B_015_672_33,BCL11B,015,Wt,M,48,2026-02-16,Include,True,True,1,286,2026-05-30 00:05:58,2026-05-31 23:53:52,048,BCL11B_015_672_33_BEAM_20260530.csv
015_BCL11B,015,BCL11B,BCL11B_015_672_34,BCL11B,015,Wt,F,36,2026-02-16,Include,True,True,1,287,2026-05-30 00:01:42,2026-05-31 23:59:25,036,BCL11B_015_672_34_BEAM_20260530.csv
015_BCL11B,015,BCL11B,BCL11B_015_672_35,BCL11B,015,Wt,M,8,2026-02-16,Include,True,True,1,286,2026-05-30 00:07:40,2026-05-31 23:56:40,008,BCL11B_015_672_35_BEAM_20260530.csv
015_BCL11B,015,BCL11B,BCL11B_015_673_39,BCL11B,015,Het,F,57,2026-02-17,Include,True,True,1,287,2026-05-30 00:00:28,2026-05-31 23:57:30,057,BCL11B_015_673_39_BEAM_20260530.csv
015_BCL11B,015,BCL11B,BCL11B_015_673_40,BCL11B,015,Het,M,3,2026-02-17,Include,True,True,1,286,2026-05-30 00:09:37,2026-05-31 23:57:32,003,BCL11B_015_673_40_BEAM_20260530.csv
015_BCL11B,015,BCL11B,BCL11B_015_673_41,BCL11B,015,Wt,M,19,2026-02-17,Include,True,True,1,286,2026-05-30 00:09:04,2026-05-31 23:58:37,019,BCL11B_015_673_41_BEAM_20260530.csv
015_BCL11B,015,BCL11B,BCL11B_015_673_42,BCL11B,015,Het,F,13,2026-02-17,Include,True,True,1,286,2026-05-30 00:09:37,2026-05-31 23:57:32,013,BCL11B_015_673_42_BEAM_20260530.csv
015_BCL11B,015,BCL11B,BCL11B_015_673_43,BCL11B,015,Wt,F,61,2026-02-17,Include,True,True,1,287,2026-05-30 00:01:19,2026-05-31 23:58:26,061,BCL11B_015_673_43_BEAM_20260530.csv
015_BCL11B,015,BCL11B,BCL11B_015_673_44,BCL11B,015,Het,F,63,2026-02-17,Include,True,True,1,286,2026-05-30 00:05:04,2026-05-31 23:52:47,063,BCL11B_015_673_44_BEAM_20260530.csv
015_BCL11B,015,BCL11B,BCL11B_015_674_64,BCL11B,015,Wt,F,046,2026-02-18,Include,True,True,1,286,2026-05-30 00:04:16,2026-05-31 23:52:03,046,BCL11B_015_674_64_BEAM_20260530.csv
015_BCL11B,015,BCL11B,BCL11B_015_674_65,BCL11B,015,Het,F,54,2026-02-18,Include,True,True,1,286,2026-05-30 00:08:38,2026-05-31 23:58:47,054,BCL11B_015_674_65_BEAM_20260530.csv
015_BCL11B,015,BCL11B,BCL11B_015_690_57,BCL11B,015,Het,F,62,2026-02-18,Include,True,True,1,286,2026-05-30 00:04:40,2026-05-31 23:52:32,062,BCL11B_015_690_57_BEAM_20260530.csv
015_BCL11B,015,BCL11B,BCL11B_015_690_58,BCL11B,015,Het,F,64,2026-02-18,Include,True,True,1,286,2026-05-30 00:05:45,2026-05-31 23:54:14,064,BCL11B_015_690_58_BEAM_20260530.csv
015_BCL11B,015,BCL11B,BCL11B_015_690_59,BCL11B,015,Het,M,52,2026-02-18,Include,True,True,1,287,2026-05-30 00:03:16,2026-05-31 23:59:59,052,BCL11B_015_690_59_BEAM_20260530.csv
015_BCL11B,015,BCL11B,BCL11B_015_690_60,BCL11B,015,Het,F,60,2026-02-18,Include,True,True,1,286,2026-05-30 00:04:22,2026-05-31 23:52:28,060,BCL11B_015_690_60_BEAM_20260530.csv
015_BCL11B,015,BCL11B,BCL11B_015_690_61,BCL11B,015,Het,M,47,2026-02-18,Include,True,True,1,286,2026-05-30 00:04:56,2026-05-31 23:52:26,047,BCL11B_015_690_61_BEAM_20260530.csv
015_BCL11B,015,BCL11B,BCL11B_015_690_62,BCL11B,015,Wt,M,1,2026-02-18,Include,True,True,1,286,2026-05-30 00:08:00,2026-05-31 23:56:00,001,BCL11B_015_690_62_BEAM_20260530.csv
015_BCL11B,015,BCL11B,BCL11B_015_698_65,BCL11B,015,Het,F,6,2026-03-07,Include,True,True,1,286,2026-05-30 00:06:24,2026-05-31 23:54:14,006,BCL11B_015_698_65_BEAM_20260530.csv
015_BCL11B,015,BCL11B,BCL11B_015_698_66,BCL11B,015,Het,M,25,2026-03-07,Include,True,True,1,286,2026-05-30 00:01:23,2026-05-31 23:49:57,025,BCL11B_015_698_66_BEAM_20260530.csv
015_BCL11B,015,BCL11B,BCL11B_015_698_69,BCL11B,015,Het,M,49,2026-03-07,Include,True,True,1,286,2026-05-30 00:03:01,2026-05-31 23:50:58,049,BCL11B_015_698_69_BEAM_20260530.csv
015_BCL11B,015,BCL11B,BCL11B_015_724_74,BCL11B,015,Het,F,45,2026-03-25,Include,True,True,1,286,2026-05-30 00:07:46,2026-05-31 23:58:13,045,BCL11B_015_724_74_BEAM_20260530.csv
015_BCL11B,015,BCL11B,BCL11B_015_724_75,BCL11B,015,Het,M,39,2026-03-25,Include,True,True,1,287,2026-05-30 00:00:07,2026-05-31 23:57:44,039,BCL11B_015_724_75_BEAM_20260530.csv
015_BCL11B,015,BCL11B,BCL11B_015_724_80,BCL11B,015,Wt,F,51,2026-03-25,Include,True,True,1,286,2026-05-30 00:04:23,2026-05-31 23:52:12,051,BCL11B_015_724_80_BEAM_20260530.csv
015_BCL11B,015,BCL11B,BCL11B_015_726_13,BCL11B,015,Wt,F,56,2026-03-24,Include,True,True,1,286,2026-05-30 00:02:26,2026-05-31 23:51:23,056,BCL11B_015_726_13_BEAM_20260530.csv
015_BCL11B,015,BCL11B,BCL11B_015_728_92,BCL11B,015,Het,M,43,2026-03-26,Include,True,True,1,286,2026-05-30 00:09:56,2026-05-31 23:59:11,043,BCL11B_015_728_92_BEAM_20260530.csv
015_BCL11B,015,BCL11B,BCL11B_015_728_93,BCL11B,015,Het,M,65,2026-03-26,Include,True,True,1,286,2026-05-30 00:06:29,2026-05-31 23:55:01,065,BCL11B_015_728_93_BEAM_20260530.csv
016_FBN1,016,FBN1,FBN1_016_710_86,FBN1,016,Wt,M,16,2026-03-23,Include,True,True,1,286,2026-06-13 00:04:20,2026-06-14 23:52:38,016,FBN1_016_710_86_BEAM_20260613.csv
016_FBN1,016,FBN1,FBN1_016_710_87,FBN1,016,Wt,F,1,2026-03-23,#INVALID OPERATION,True,True,1,286,2026-06-13 00:08:23,2026-06-14 23:56:36,001,FBN1_016_710_87_BEAM_20260613.csv
016_FBN1,016,FBN1,FBN1_016_710_89,FBN1,016,Het,F,17,2026-03-23,Include,True,True,1,286,2026-06-13 00:04:45,2026-06-14 23:53:17,017,FBN1_016_710_89_BEAM_20260613.csv
016_FBN1,016,FBN1,FBN1_016_711_90,FBN1,016,Het,F,3,2026-03-23,Include,True,True,1,287,2026-06-13 00:00:54,2026-06-14 23:58:52,003,FBN1_016_711_90_BEAM_20260613.csv
016_FBN1,016,FBN1,FBN1_016_711_91,FBN1,016,Wt,F,15,2026-03-23,Include,True,True,1,286,2026-06-13 00:01:53,2026-06-14 23:51:39,015,FBN1_016_711_91_BEAM_20260613.csv
016_FBN1,016,FBN1,FBN1_016_711_92,FBN1,016,Wt,F,24,2026-03-23,Include,True,True,1,286,2026-06-13 00:09:16,2026-06-14 23:59:26,024,FBN1_016_711_92_BEAM_20260613.csv
016_FBN1,016,FBN1,FBN1_016_711_93,FBN1,016,Wt,M,25,2026-03-23,Include,True,True,1,286,2026-06-13 00:09:40,2026-06-14 23:59:53,025,FBN1_016_711_93_BEAM_20260613.csv
016_FBN1,016,FBN1,FBN1_016_711_94,FBN1,016,Het,M,4,2026-03-23,Include,True,True,1,287,2026-06-13 00:00:01,2026-06-14 23:58:09,004,FBN1_016_711_94_BEAM_20260613.csv
016_FBN1,016,FBN1,FBN1_016_711_95,FBN1,016,Wt,F,50,2026-03-23,Include,True,True,1,286,2026-06-13 00:05:18,2026-06-14 23:52:41,050,FBN1_016_711_95_BEAM_20260613.csv
016_FBN1,016,FBN1,FBN1_016_711_96,FBN1,016,Wt,F,36,2026-03-23,Include,True,True,1,286,2026-06-13 00:05:35,2026-06-14 23:53:15,036,FBN1_016_711_96_BEAM_20260613.csv
016_FBN1,016,FBN1,FBN1_016_712_68,FBN1,016,Wt,F,6,2026-03-22,Include,True,True,1,287,2026-06-13 00:01:22,2026-06-14 23:59:22,006,FBN1_016_712_68_BEAM_20260613.csv
016_FBN1,016,FBN1,FBN1_016_712_70,FBN1,016,Wt,M,2,2026-03-22,Include,True,True,1,286,2026-06-13 00:09:38,2026-06-14 23:57:40,002,FBN1_016_712_70_BEAM_20260613.csv
016_FBN1,016,FBN1,FBN1_016_712_71,FBN1,016,Het,F,56,2026-03-22,Include,True,True,1,286,2026-06-13 00:07:29,2026-06-14 23:56:23,056,FBN1_016_712_71_BEAM_20260613.csv
016_FBN1,016,FBN1,FBN1_016_712_72,FBN1,016,Het,F,28,2026-03-22,Include,True,True,1,286,2026-06-13 00:02:41,2026-06-14 23:52:29,028,FBN1_016_712_72_BEAM_20260613.csv
016_FBN1,016,FBN1,FBN1_016_712_73,FBN1,016,Het,M,57,2026-03-22,Include,True,True,1,286,2026-06-13 00:07:04,2026-06-14 23:56:48,057,FBN1_016_712_73_BEAM_20260613.csv
016_FBN1,016,FBN1,FBN1_016_712_74,FBN1,016,Wt,M,53,2026-03-22,Include,True,True,1,286,2026-06-13 00:06:16,2026-06-14 23:53:00,053,FBN1_016_712_74_BEAM_20260613.csv
016_FBN1,016,FBN1,FBN1_016_712_75,FBN1,016,Wt,F,19,2026-03-22,Include,True,True,1,286,2026-06-13 00:00:03,2026-06-14 23:49:44,019,FBN1_016_712_75_BEAM_20260613.csv
016_FBN1,016,FBN1,FBN1_016_713_5,FBN1,016,Het,F,43,2026-03-23,Include,True,True,1,286,2026-06-13 00:06:43,2026-06-14 23:56:05,043,FBN1_016_713_5_BEAM_20260613.csv
016_FBN1,016,FBN1,FBN1_016_713_6,FBN1,016,Het,F,10,2026-03-23,Include,True,True,1,286,2026-06-13 00:02:12,2026-06-14 23:50:17,010,FBN1_016_713_6_BEAM_20260613.csv
016_FBN1,016,FBN1,FBN1_016_713_97,FBN1,016,Het,M,35,2026-03-23,Include,True,True,1,286,2026-06-13 00:06:23,2026-06-14 23:53:58,035,FBN1_016_713_97_BEAM_20260613.csv
016_FBN1,016,FBN1,FBN1_016_713_98,FBN1,016,Wt,M,42,2026-03-23,Include,True,True,1,286,2026-06-13 00:09:25,2026-06-14 23:59:14,042,FBN1_016_713_98_BEAM_20260613.csv
016_FBN1,016,FBN1,FBN1_016_714_11,FBN1,016,Het,F,21,2026-03-23,Include,True,True,1,286,2026-06-13 00:02:15,2026-06-14 23:52:47,021,FBN1_016_714_11_BEAM_20260613.csv
016_FBN1,016,FBN1,FBN1_016_714_12,FBN1,016,Het,M,46,2026-03-23,Include,True,True,1,286,2026-06-13 00:03:47,2026-06-14 23:51:10,046,FBN1_016_714_12_BEAM_20260613.csv
016_FBN1,016,FBN1,FBN1_016_714_7,FBN1,016,Het,F,22,2026-03-23,Include,True,True,1,286,2026-06-13 00:01:04,2026-06-14 23:50:11,022,FBN1_016_714_7_BEAM_20260613.csv
016_FBN1,016,FBN1,FBN1_016_715_76,FBN1,016,Het,F,38,2026-03-22,Include,True,True,1,286,2026-06-13 00:08:41,2026-06-14 23:58:06,038,FBN1_016_715_76_BEAM_20260613.csv
016_FBN1,016,FBN1,FBN1_016_715_77,FBN1,016,Wt,M,32,2026-03-22,Include,True,True,1,286,2026-06-13 00:07:48,2026-06-14 23:57:16,032,FBN1_016_715_77_BEAM_20260613.csv
016_FBN1,016,FBN1,FBN1_016_715_78,FBN1,016,Het,M,29,2026-03-22,Include,True,True,1,286,2026-06-13 00:03:02,2026-06-14 23:50:36,029,FBN1_016_715_78_BEAM_20260613.csv
016_FBN1,016,FBN1,FBN1_016_716_80,FBN1,016,Het,M,23,2026-03-22,Include,True,True,1,286,2026-06-13 00:08:12,2026-06-14 23:57:40,023,FBN1_016_716_80_BEAM_20260613.csv
016_FBN1,016,FBN1,FBN1_016_716_81,FBN1,016,Wt,M,20,2026-03-22,Include,True,True,1,286,2026-06-13 00:00:40,2026-06-14 23:51:12,020,FBN1_016_716_81_BEAM_20260613.csv
016_FBN1,016,FBN1,FBN1_016_716_82,FBN1,016,Wt,M,31,2026-03-22,Include,True,True,1,286,2026-06-13 00:05:59,2026-06-14 23:53:38,031,FBN1_016_716_82_BEAM_20260613.csv
016_FBN1,016,FBN1,FBN1_016_716_83,FBN1,016,Wt,M,7,2026-03-22,Include,True,True,1,286,2026-06-13 00:08:03,2026-06-14 23:56:15,007,FBN1_016_716_83_BEAM_20260613.csv
016_FBN1,016,FBN1,FBN1_016_716_84,FBN1,016,Het,F,34,2026-03-22,Include,True,True,1,286,2026-06-13 00:09:45,2026-06-14 23:59:20,034,FBN1_016_716_84_BEAM_20260613.csv
016_FBN1,016,FBN1,FBN1_016_722_64,FBN1,016,Wt,F,30,2026-03-22,Include,True,True,1,286,2026-06-13 00:03:53,2026-06-14 23:51:53,030,FBN1_016_722_64_BEAM_20260613.csv
016_FBN1,016,FBN1,FBN1_016_722_65,FBN1,016,Het,M,39,2026-03-22,Include,True,True,1,286,2026-06-13 00:05:57,2026-06-14 23:51:43,039,FBN1_016_722_65_BEAM_20260613.csv
016_FBN1,016,FBN1,FBN1_016_722_66,FBN1,016,Wt,F,40,2026-03-22,Include,True,True,1,286,2026-06-13 00:01:07,2026-06-14 23:50:35,040,FBN1_016_722_66_BEAM_20260613.csv
016_FBN1,016,FBN1,FBN1_016_722_67,FBN1,016,Wt,F,41,2026-03-22,Include,True,True,1,286,2026-06-13 00:00:15,2026-06-14 23:50:02,041,FBN1_016_722_67_BEAM_20260613.csv
016_FBN1,016,FBN1,FBN1_016_723_22,FBN1,016,Het,M,11,2026-03-24,Include,True,True,1,287,2026-06-13 00:01:48,2026-06-14 23:59:49,011,FBN1_016_723_22_BEAM_20260613.csv
016_FBN1,016,FBN1,FBN1_016_799_42,FBN1,016,Het,M,18,2026-04-12,Include,True,True,1,286,2026-06-13 00:06:06,2026-06-14 23:53:42,018,FBN1_016_799_42_BEAM_20260613.csv
016_FBN1,016,FBN1,FBN1_016_801_63,FBN1,016,Het,M,14,2026-04-15,Include,True,True,1,286,2026-06-13 00:08:55,2026-06-14 23:59:01,014,FBN1_016_801_63_BEAM_20260613.csv
017_KAT6B,017,KAT6B,KAT6B_017_695_77,KAT6B,017,Wt,F,48,2026-03-05,Include,True,True,1,286,2026-06-27 00:08:50,2026-06-28 23:56:59,048,KAT6B_017_695_77_BEAM_20260627.csv
017_KAT6B,017,KAT6B,KAT6B_017_695_78,KAT6B,017,Wt,F,60,2026-03-05,Include,True,True,1,286,2026-06-27 00:08:30,2026-06-28 23:56:35,060,KAT6B_017_695_78_BEAM_20260627.csv
017_KAT6B,017,KAT6B,KAT6B_017_695_80,KAT6B,017,Wt,F,46,2026-03-05,Include,True,True,1,286,2026-06-27 00:03:03,2026-06-28 23:51:23,046,KAT6B_017_695_80_BEAM_20260627.csv
017_KAT6B,017,KAT6B,KAT6B_017_695_81,KAT6B,017,Wt,M,47,2026-03-05,Include,True,True,1,286,2026-06-27 00:02:13,2026-06-28 23:50:26,047,KAT6B_017_695_81_BEAM_20260627.csv
017_KAT6B,017,KAT6B,KAT6B_017_695_83,KAT6B,017,Wt,F,59,2026-03-05,Include,True,True,1,287,2026-06-27 00:00:22,2026-06-28 23:58:52,059,KAT6B_017_695_83_BEAM_20260627.csv
017_KAT6B,017,KAT6B,KAT6B_017_695_84,KAT6B,017,Wt,F,54,2026-03-05,Include,True,True,1,285,2026-06-27 00:09:50,2026-06-28 23:49:57,054,KAT6B_017_695_84_BEAM_20260627.csv
017_KAT6B,017,KAT6B,KAT6B_017_696_64,KAT6B,017,Wt,F,5,2026-03-04,Include,True,True,1,286,2026-06-27 00:08:23,2026-06-28 23:56:40,005,KAT6B_017_696_64_BEAM_20260627.csv
017_KAT6B,017,KAT6B,KAT6B_017_696_65,KAT6B,017,Wt,M,36,2026-03-04,Include,True,True,1,286,2026-06-27 00:03:39,2026-06-28 23:53:18,036,KAT6B_017_696_65_BEAM_20260627.csv
017_KAT6B,017,KAT6B,KAT6B_017_696_66,KAT6B,017,Het,F,18,2026-03-04,Include,True,True,1,286,2026-06-27 00:07:48,2026-06-28 23:56:14,018,KAT6B_017_696_66_BEAM_20260627.csv
017_KAT6B,017,KAT6B,KAT6B_017_696_67,KAT6B,017,Het,M,19,2026-03-04,Include,True,True,1,286,2026-06-27 00:00:37,2026-06-28 23:50:15,019,KAT6B_017_696_67_BEAM_20260627.csv
017_KAT6B,017,KAT6B,KAT6B_017_696_68,KAT6B,017,Het,F,37,2026-03-04,Include,True,True,1,286,2026-06-27 00:07:09,2026-06-28 23:57:39,037,KAT6B_017_696_68_BEAM_20260627.csv
017_KAT6B,017,KAT6B,KAT6B_017_697_62,KAT6B,017,Het,F,28,2026-03-04,Include,True,True,1,287,2026-06-27 00:00:20,2026-06-28 23:59:02,028,KAT6B_017_697_62_BEAM_20260627.csv
017_KAT6B,017,KAT6B,KAT6B_017_697_63,KAT6B,017,Wt,M,13,2026-03-04,Include,True,True,1,287,2026-06-27 00:01:48,2026-06-28 23:59:26,013,KAT6B_017_697_63_BEAM_20260627.csv
017_KAT6B,017,KAT6B,KAT6B_017_699_86,KAT6B,017,Het,F,38,2026-03-08,Include,True,True,1,286,2026-06-27 00:04:48,2026-06-28 23:54:52,038,KAT6B_017_699_86_BEAM_20260627.csv
017_KAT6B,017,KAT6B,KAT6B_017_699_89,KAT6B,017,Het,F,44,2026-03-08,Include,True,True,1,286,2026-06-27 00:03:16,2026-06-28 23:52:56,044,KAT6B_017_699_89_BEAM_20260627.csv
017_KAT6B,017,KAT6B,KAT6B_017_699_90,KAT6B,017,Het,F,57,2026-03-08,Include,True,True,1,286,2026-06-27 00:05:27,2026-06-28 23:52:20,057,KAT6B_017_699_90_BEAM_20260627.csv
017_KAT6B,017,KAT6B,KAT6B_017_700_91,KAT6B,017,Het,M,10,2026-03-08,Include,True,True,1,286,2026-06-27 00:06:15,2026-06-28 23:55:23,010,KAT6B_017_700_91_BEAM_20260627.csv
017_KAT6B,017,KAT6B,KAT6B_017_700_92,KAT6B,017,Het,F,8,2026-03-08,Include,True,True,1,286,2026-06-27 00:05:51,2026-06-28 23:54:55,008,KAT6B_017_700_92_BEAM_20260627.csv
017_KAT6B,017,KAT6B,KAT6B_017_700_93,KAT6B,017,Wt,F,32,2026-03-08,Include,True,True,1,287,2026-06-27 00:00:56,2026-06-28 23:58:35,032,KAT6B_017_700_93_BEAM_20260627.csv
017_KAT6B,017,KAT6B,KAT6B_017_700_94,KAT6B,017,Wt,M,20,2026-03-08,Include,True,True,1,286,2026-06-27 00:02:31,2026-06-28 23:50:48,020,KAT6B_017_700_94_BEAM_20260627.csv
017_KAT6B,017,KAT6B,KAT6B_017_702_70,KAT6B,017,Wt,F,21,2026-03-05,Include,True,True,1,286,2026-06-27 00:03:17,2026-06-28 23:52:53,021,KAT6B_017_702_70_BEAM_20260627.csv
017_KAT6B,017,KAT6B,KAT6B_017_702_71,KAT6B,017,Wt,F,11,2026-03-05,Include,True,True,1,286,2026-06-27 00:07:26,2026-06-28 23:55:50,011,KAT6B_017_702_71_BEAM_20260627.csv
017_KAT6B,017,KAT6B,KAT6B_017_702_73,KAT6B,017,Wt,M,55,2026-03-05,Include,True,True,1,286,2026-06-27 00:07:41,2026-06-28 23:55:19,055,KAT6B_017_702_73_BEAM_20260627.csv
017_KAT6B,017,KAT6B,KAT6B_017_702_74,KAT6B,017,Wt,M,51,2026-03-05,Include,True,True,1,287,2026-06-27 00:01:14,2026-06-28 23:59:34,051,KAT6B_017_702_74_BEAM_20260627.csv
017_KAT6B,017,KAT6B,KAT6B_017_702_75,KAT6B,017,Wt,M,61,2026-03-05,Include,True,True,1,286,2026-06-27 00:04:59,2026-06-28 23:51:41,061,KAT6B_017_702_75_BEAM_20260627.csv
017_KAT6B,017,KAT6B,KAT6B_017_702_76,KAT6B,017,Wt,M,58,2026-03-05,Include,True,True,1,287,2026-06-27 00:00:50,2026-06-28 23:59:07,058,KAT6B_017_702_76_BEAM_20260627.csv
017_KAT6B,017,KAT6B,KAT6B_017_703_1,KAT6B,017,Wt,M,7,2026-03-08,Include,True,True,1,287,2026-06-27 00:00:25,2026-06-28 23:58:40,007,KAT6B_017_703_1_BEAM_20260627.csv
017_KAT6B,017,KAT6B,KAT6B_017_703_2,KAT6B,017,Wt,M,43,2026-03-08,Include,True,True,1,286,2026-06-27 00:02:58,2026-06-28 23:52:29,043,KAT6B_017_703_2_BEAM_20260627.csv
017_KAT6B,017,KAT6B,KAT6B_017_703_97,KAT6B,017,Het,M,53,2026-03-08,Include,True,True,1,286,2026-06-27 00:08:31,2026-06-28 23:57:59,053,KAT6B_017_703_97_BEAM_20260627.csv
017_KAT6B,017,KAT6B,KAT6B_017_703_98,KAT6B,017,Wt,F,42,2026-03-08,Include,True,True,1,286,2026-06-27 00:04:23,2026-06-28 23:54:27,042,KAT6B_017_703_98_BEAM_20260627.csv
017_KAT6B,017,KAT6B,KAT6B_017_703_99,KAT6B,017,Het,M,40,2026-03-08,Include,True,True,1,286,2026-06-27 00:06:26,2026-06-28 23:55:55,040,KAT6B_017_703_99_BEAM_20260627.csv
017_KAT6B,017,KAT6B,KAT6B_017_707_10,KAT6B,017,Het,F,56,2026-03-19,Include,True,True,1,287,2026-06-27 00:01:19,2026-06-28 23:58:59,056,KAT6B_017_707_10_BEAM_20260627.csv
017_KAT6B,017,KAT6B,KAT6B_017_707_13,KAT6B,017,Het,M,24,2026-03-19,Include,True,True,1,286,2026-06-27 00:02:41,2026-06-28 23:50:59,024,KAT6B_017_707_13_BEAM_20260627.csv
017_KAT6B,017,KAT6B,KAT6B_017_709_21,KAT6B,017,Het,F,52,2026-03-19,Include,True,True,1,286,2026-06-27 00:09:13,2026-06-28 23:57:21,052,KAT6B_017_709_21_BEAM_20260627.csv
017_KAT6B,017,KAT6B,KAT6B_017_709_22,KAT6B,017,Het,F,62,2026-03-19,Include,True,True,1,287,2026-06-27 00:01:29,2026-06-28 23:59:51,062,KAT6B_017_709_22_BEAM_20260627.csv
017_KAT6B,017,KAT6B,KAT6B_017_791_62,KAT6B,017,Het,M,30,2026-04-15,Exclude: Weight,True,True,1,286,2026-06-27 00:09:59,2026-06-28 23:58:27,030,KAT6B_017_791_62_BEAM_20260627.csv
017_KAT6B,017,KAT6B,KAT6B_017_791_63,KAT6B,017,Het,M,45,2026-04-15,Include,True,True,1,286,2026-06-27 00:01:55,2026-06-28 23:50:07,045,KAT6B_017_791_63_BEAM_20260627.csv
018_SMARCC2,018,SMARCC2,SMARCC2_018_770_13,SMARCC2,018,Het,M,41,2026-04-06,Include,True,True,1,286,2026-07-11 00:06:53,2026-07-12 23:56:24,041,SMARCC2_018_770_13_BEAM_20260711.csv
018_SMARCC2,018,SMARCC2,SMARCC2_018_770_14,SMARCC2,018,Het,M,40,2026-04-06,Include,True,True,1,286,2026-07-11 00:05:48,2026-07-12 23:55:18,040,SMARCC2_018_770_14_BEAM_20260711.csv
018_SMARCC2,018,SMARCC2,SMARCC2_018_771_1,SMARCC2,018,Het,M,37,2026-04-05,Include,True,True,1,286,2026-07-11 00:00:43,2026-07-12 23:50:42,037,SMARCC2_018_771_1_BEAM_20260711.csv
018_SMARCC2,018,SMARCC2,SMARCC2_018_771_3,SMARCC2,018,Wt,M,24,2026-04-05,Include,True,True,1,286,2026-07-11 00:03:11,2026-07-12 23:52:46,024,SMARCC2_018_771_3_BEAM_20260711.csv
018_SMARCC2,018,SMARCC2,SMARCC2_018_771_5,SMARCC2,018,Het,M,20,2026-04-05,Include,True,True,1,286,2026-07-11 00:01:36,2026-07-12 23:51:36,020,SMARCC2_018_771_5_BEAM_20260711.csv
018_SMARCC2,018,SMARCC2,SMARCC2_018_773_15,SMARCC2,018,Het,F,11,2026-04-06,Include,True,True,1,286,2026-07-11 00:08:22,2026-07-12 23:57:27,011,SMARCC2_018_773_15_BEAM_20260711.csv
018_SMARCC2,018,SMARCC2,SMARCC2_018_773_16,SMARCC2,018,Het,F,32,2026-04-06,Include,True,True,1,286,2026-07-11 00:08:05,2026-07-12 23:56:11,032,SMARCC2_018_773_16_BEAM_20260711.csv
018_SMARCC2,018,SMARCC2,SMARCC2_018_773_17,SMARCC2,018,Wt,F,26,2026-04-06,Include,True,True,1,286,2026-07-11 00:04:35,2026-07-12 23:52:58,026,SMARCC2_018_773_17_BEAM_20260711.csv
018_SMARCC2,018,SMARCC2,SMARCC2_018_773_18,SMARCC2,018,Wt,F,1,2026-04-06,Include,True,True,1,286,2026-07-11 00:05:47,2026-07-12 23:54:11,001,SMARCC2_018_773_18_BEAM_20260711.csv
018_SMARCC2,018,SMARCC2,SMARCC2_018_773_19,SMARCC2,018,Wt,M,28,2026-04-06,Include,True,True,1,286,2026-07-11 00:05:32,2026-07-12 23:54:16,028,SMARCC2_018_773_19_BEAM_20260711.csv
018_SMARCC2,018,SMARCC2,SMARCC2_018_773_20,SMARCC2,018,Wt,M,25,2026-04-06,Include,True,True,1,286,2026-07-11 00:04:00,2026-07-12 23:52:30,025,SMARCC2_018_773_20_BEAM_20260711.csv
018_SMARCC2,018,SMARCC2,SMARCC2_018_773_21,SMARCC2,018,Het,M,15,2026-04-06,Include,True,True,1,286,2026-07-11 00:02:02,2026-07-12 23:52:02,015,SMARCC2_018_773_21_BEAM_20260711.csv
018_SMARCC2,018,SMARCC2,SMARCC2_018_775_49,SMARCC2,018,Het,F,35,2026-04-07,Include,True,True,1,286,2026-07-11 00:08:27,2026-07-12 23:56:36,035,SMARCC2_018_775_49_BEAM_20260711.csv
018_SMARCC2,018,SMARCC2,SMARCC2_018_775_50,SMARCC2,018,Wt,F,50,2026-04-07,Include,True,True,1,286,2026-07-11 00:05:16,2026-07-12 23:53:00,050,SMARCC2_018_775_50_BEAM_20260711.csv
018_SMARCC2,018,SMARCC2,SMARCC2_018_775_51,SMARCC2,018,Wt,M,53,2026-04-07,Include,True,True,1,286,2026-07-11 00:06:12,2026-07-12 23:53:53,053,SMARCC2_018_775_51_BEAM_20260711.csv
018_SMARCC2,018,SMARCC2,SMARCC2_018_775_52,SMARCC2,018,Het,F,38,2026-04-07,Include,True,True,1,286,2026-07-11 00:01:46,2026-07-12 23:51:14,038,SMARCC2_018_775_52_BEAM_20260711.csv
018_SMARCC2,018,SMARCC2,SMARCC2_018_775_54,SMARCC2,018,Het,F,17,2026-04-07,Include,True,True,1,286,2026-07-11 00:00:45,2026-07-12 23:50:09,017,SMARCC2_018_775_54_BEAM_20260711.csv
018_SMARCC2,018,SMARCC2,SMARCC2_018_775_56,SMARCC2,018,Wt,M,52,2026-04-07,Include,True,True,1,286,2026-07-11 00:05:52,2026-07-12 23:53:25,052,SMARCC2_018_775_56_BEAM_20260711.csv
018_SMARCC2,018,SMARCC2,SMARCC2_018_775_57,SMARCC2,018,Het,F,39,2026-04-07,Include,True,True,1,286,2026-07-11 00:02:33,2026-07-12 23:51:39,039,SMARCC2_018_775_57_BEAM_20260711.csv
018_SMARCC2,018,SMARCC2,SMARCC2_018_777_43,SMARCC2,018,Het,M,36,2026-04-06,Include,True,True,1,286,2026-07-11 00:03:00,2026-07-12 23:51:24,036,SMARCC2_018_777_43_BEAM_20260711.csv
018_SMARCC2,018,SMARCC2,SMARCC2_018_777_45,SMARCC2,018,Het,M,54,2026-04-06,Include,True,True,1,286,2026-07-11 00:07:44,2026-07-12 23:58:37,054,SMARCC2_018_777_45_BEAM_20260711.csv
018_SMARCC2,018,SMARCC2,SMARCC2_018_778_58,SMARCC2,018,Wt,F,44,2026-04-07,Include,True,True,1,286,2026-07-11 00:08:10,2026-07-12 23:59:02,044,SMARCC2_018_778_58_BEAM_20260711.csv
018_SMARCC2,018,SMARCC2,SMARCC2_018_778_59,SMARCC2,018,Het,M,22,2026-04-07,Include,True,True,1,286,2026-07-11 00:02:35,2026-07-12 23:51:08,022,SMARCC2_018_778_59_BEAM_20260711.csv
018_SMARCC2,018,SMARCC2,SMARCC2_018_778_60,SMARCC2,018,Wt,F,42,2026-04-07,Include,True,True,1,286,2026-07-11 00:07:38,2026-07-12 23:58:31,042,SMARCC2_018_778_60_BEAM_20260711.csv
018_SMARCC2,018,SMARCC2,SMARCC2_018_778_62,SMARCC2,018,Het,F,55,2026-04-07,#INVALID OPERATION,True,True,1,286,2026-07-11 00:08:01,2026-07-12 23:55:16,055,SMARCC2_018_778_62_BEAM_20260711.csv
018_SMARCC2,018,SMARCC2,SMARCC2_018_778_63,SMARCC2,018,Het,M,16,2026-04-07,Include,True,True,1,286,2026-07-11 00:09:49,2026-07-12 23:59:43,016,SMARCC2_018_778_63_BEAM_20260711.csv
018_SMARCC2,018,SMARCC2,SMARCC2_018_778_64,SMARCC2,018,Wt,F,51,2026-04-07,Include,True,True,1,286,2026-07-11 00:04:29,2026-07-12 23:52:35,051,SMARCC2_018_778_64_BEAM_20260711.csv
018_SMARCC2,018,SMARCC2,SMARCC2_018_778_65,SMARCC2,018,Het,F,57,2026-04-07,Include,True,True,1,286,2026-07-11 00:08:35,2026-07-12 23:55:41,057,SMARCC2_018_778_65_BEAM_20260711.csv
018_SMARCC2,018,SMARCC2,SMARCC2_018_778_66,SMARCC2,018,Wt,F,31,2026-04-07,Include,True,True,1,286,2026-07-11 00:07:15,2026-07-12 23:55:33,031,SMARCC2_018_778_66_BEAM_20260711.csv
018_SMARCC2,018,SMARCC2,SMARCC2_018_779_26,SMARCC2,018,Wt,M,10,2026-04-06,Include,True,True,1,286,2026-07-11 00:07:58,2026-07-12 23:57:01,010,SMARCC2_018_779_26_BEAM_20260711.csv
018_SMARCC2,018,SMARCC2,SMARCC2_018_779_27,SMARCC2,018,Wt,M,29,2026-04-06,Include,True,True,1,286,2026-07-11 00:05:50,2026-07-12 23:54:40,029,SMARCC2_018_779_27_BEAM_20260711.csv
018_SMARCC2,018,SMARCC2,SMARCC2_018_779_28,SMARCC2,018,Wt,M,47,2026-04-06,Include,True,True,1,286,2026-07-11 00:09:50,2026-07-12 23:59:52,047,SMARCC2_018_779_28_BEAM_20260711.csv
018_SMARCC2,018,SMARCC2,SMARCC2_018_779_29,SMARCC2,018,Wt,M,8,2026-04-06,Include,True,True,1,286,2026-07-11 00:07:31,2026-07-12 23:56:22,008,SMARCC2_018_779_29_BEAM_20260711.csv
018_SMARCC2,018,SMARCC2,SMARCC2_018_779_30,SMARCC2,018,Wt,M,46,2026-04-06,Include,True,True,1,286,2026-07-11 00:09:25,2026-07-12 23:59:26,046,SMARCC2_018_779_30_BEAM_20260711.csv
018_SMARCC2,018,SMARCC2,SMARCC2_018_779_31,SMARCC2,018,Het,F,14,2026-04-06,Include,True,True,1,286,2026-07-11 00:09:25,2026-07-12 23:59:18,014,SMARCC2_018_779_31_BEAM_20260711.csv
018_SMARCC2,018,SMARCC2,SMARCC2_018_779_32,SMARCC2,018,Wt,F,27,2026-04-06,Include,True,True,1,286,2026-07-11 00:04:54,2026-07-12 23:53:19,027,SMARCC2_018_779_32_BEAM_20260711.csv
018_SMARCC2,018,SMARCC2,SMARCC2_018_779_33,SMARCC2,018,Wt,F,5,2026-04-06,Include,True,True,1,286,2026-07-11 00:07:00,2026-07-12 23:55:37,005,SMARCC2_018_779_33_BEAM_20260711.csv
018_SMARCC2,018,SMARCC2,SMARCC2_018_779_34,SMARCC2,018,Wt,F,30,2026-04-06,Include,True,True,1,286,2026-07-11 00:06:38,2026-07-12 23:55:07,030,SMARCC2_018_779_34_BEAM_20260711.csv
018_SMARCC2,018,SMARCC2,SMARCC2_018_779_35,SMARCC2,018,Het,F,18,2026-04-06,Include,True,True,1,286,2026-07-11 00:01:09,2026-07-12 23:50:41,018,SMARCC2_018_779_35_BEAM_20260711.csv
018_SMARCC2,018,SMARCC2,SMARCC2_018_804_68,SMARCC2,018,Het,M,58,2026-04-19,Include,True,True,1,286,2026-07-11 00:09:35,2026-07-12 23:59:00,058,SMARCC2_018_804_68_BEAM_20260711.csv
019_SCN1A6J,019,SCN1A6J,SCN1A6J_019_737_79,SCN1A6J,019,Het,F,28,2026-04-01,Include,True,True,1,286,2026-07-25 00:03:02,2026-07-26 23:52:09,028,SCN1A6J_019_737_79_BEAM_20260725.csv
019_SCN1A6J,019,SCN1A6J,SCN1A6J_019_740_12,SCN1A6J,019,Wt,M,45,2026-03-31,Include,True,True,1,286,2026-07-25 00:00:06,2026-07-26 23:51:08,045,SCN1A6J_019_740_12_BEAM_20260725.csv
019_SCN1A6J,019,SCN1A6J,SCN1A6J_019_740_13,SCN1A6J,019,Wt,M,10,2026-03-31,Include,True,True,1,286,2026-07-25 00:06:08,2026-07-26 23:55:06,010,SCN1A6J_019_740_13_BEAM_20260725.csv
019_SCN1A6J,019,SCN1A6J,SCN1A6J_019_740_14,SCN1A6J,019,Wt,M,32,2026-03-31,Include,True,True,1,286,2026-07-25 00:00:29,2026-07-26 23:50:19,032,SCN1A6J_019_740_14_BEAM_20260725.csv
019_SCN1A6J,019,SCN1A6J,SCN1A6J_019_740_17,SCN1A6J,019,Wt,M,34,2026-03-31,Include,True,True,1,286,2026-07-25 00:06:53,2026-07-26 23:55:19,034,SCN1A6J_019_740_17_BEAM_20260725.csv
019_SCN1A6J,019,SCN1A6J,SCN1A6J_019_741_21,SCN1A6J,019,Wt,F,55,2026-03-31,Include,True,True,1,287,2026-07-25 00:00:12,2026-07-26 23:57:34,055,SCN1A6J_019_741_21_BEAM_20260725.csv
019_SCN1A6J,019,SCN1A6J,SCN1A6J_019_741_22,SCN1A6J,019,Wt,F,22,2026-03-31,Include,True,True,1,286,2026-07-25 00:08:33,2026-07-26 23:58:11,022,SCN1A6J_019_741_22_BEAM_20260725.csv
019_SCN1A6J,019,SCN1A6J,SCN1A6J_019_741_24,SCN1A6J,019,Wt,F,3,2026-03-31,Include,True,True,1,286,2026-07-25 00:09:42,2026-07-26 23:59:52,003,SCN1A6J_019_741_24_BEAM_20260725.csv
019_SCN1A6J,019,SCN1A6J,SCN1A6J_019_741_26,SCN1A6J,019,Wt,M,40,2026-03-31,Include,True,True,1,286,2026-07-25 00:08:11,2026-07-26 23:57:47,040,SCN1A6J_019_741_26_BEAM_20260725.csv
019_SCN1A6J,019,SCN1A6J,SCN1A6J_019_741_27,SCN1A6J,019,Het,F,59,2026-03-31,Include,True,True,1,286,2026-07-25 00:08:54,2026-07-26 23:57:06,059,SCN1A6J_019_741_27_BEAM_20260725.csv
019_SCN1A6J,019,SCN1A6J,SCN1A6J_019_742_29,SCN1A6J,019,Wt,M,16,2026-03-31,Include,True,True,1,286,2026-07-25 00:07:49,2026-07-26 23:56:11,016,SCN1A6J_019_742_29_BEAM_20260725.csv
019_SCN1A6J,019,SCN1A6J,SCN1A6J_019_742_30,SCN1A6J,019,Wt,M,50,2026-03-31,Include,True,True,1,286,2026-07-25 00:09:17,2026-07-26 23:57:03,050,SCN1A6J_019_742_30_BEAM_20260725.csv
019_SCN1A6J,019,SCN1A6J,SCN1A6J_019_745_99,SCN1A6J,019,Het,F,26,2026-04-01,Include,True,True,1,286,2026-07-25 00:07:19,2026-07-26 23:56:20,026,SCN1A6J_019_745_99_BEAM_20260725.csv
019_SCN1A6J,019,SCN1A6J,SCN1A6J_019_746_42,SCN1A6J,019,Wt,M,5,2026-03-31,Include,True,True,1,286,2026-07-25 00:03:29,2026-07-26 23:52:36,005,SCN1A6J_019_746_42_BEAM_20260725.csv
019_SCN1A6J,019,SCN1A6J,SCN1A6J_019_746_43,SCN1A6J,019,Wt,M,29,2026-03-31,Include,True,True,1,286,2026-07-25 00:08:51,2026-07-26 23:55:04,029,SCN1A6J_019_746_43_BEAM_20260725.csv
019_SCN1A6J,019,SCN1A6J,SCN1A6J_019_746_45,SCN1A6J,019,Wt,F,53,2026-03-31,Include,True,True,1,287,2026-07-25 00:01:10,2026-07-26 23:58:29,053,SCN1A6J_019_746_45_BEAM_20260725.csv
019_SCN1A6J,019,SCN1A6J,SCN1A6J_019_746_47,SCN1A6J,019,Het,F,18,2026-03-31,Include,True,True,1,286,2026-07-25 00:06:08,2026-07-26 23:53:49,018,SCN1A6J_019_746_47_BEAM_20260725.csv
019_SCN1A6J,019,SCN1A6J,SCN1A6J_019_747_52,SCN1A6J,019,Wt,F,54,2026-03-31,Include,True,True,1,286,2026-07-25 00:08:45,2026-07-26 23:59:25,054,SCN1A6J_019_747_52_BEAM_20260725.csv
019_SCN1A6J,019,SCN1A6J,SCN1A6J_019_748_56,SCN1A6J,019,Wt,F,44,2026-03-31,Include,True,True,1,286,2026-07-25 00:09:17,2026-07-26 23:59:21,044,SCN1A6J_019_748_56_BEAM_20260725.csv
019_SCN1A6J,019,SCN1A6J,SCN1A6J_019_748_57,SCN1A6J,019,Wt,F,20,2026-03-31,Include,True,True,1,286,2026-07-25 00:07:42,2026-07-26 23:56:37,020,SCN1A6J_019_748_57_BEAM_20260725.csv
019_SCN1A6J,019,SCN1A6J,SCN1A6J_019_748_58,SCN1A6J,019,Het,M,25,2026-03-31,Include,True,False,0,0,,,,
019_SCN1A6J,019,SCN1A6J,SCN1A6J_019_748_59,SCN1A6J,019,Wt,F,1,2026-03-31,Include,True,True,1,286,2026-07-25 00:05:00,2026-07-26 23:53:40,001,SCN1A6J_019_748_59_BEAM_20260725.csv
019_SCN1A6J,019,SCN1A6J,SCN1A6J_019_749_65,SCN1A6J,019,Wt,F,23,2026-04-01,Include,True,True,1,286,2026-07-25 00:09:37,2026-07-26 23:59:43,023,SCN1A6J_019_749_65_BEAM_20260725.csv
019_SCN1A6J,019,SCN1A6J,SCN1A6J_019_757_41,SCN1A6J,019,Het,M,41,2026-04-04,Include,True,True,1,286,2026-07-25 00:08:23,2026-07-26 23:57:52,041,SCN1A6J_019_757_41_BEAM_20260725.csv
019_SCN1A6J,019,SCN1A6J,SCN1A6J_019_759_54,SCN1A6J,019,Het,M,31,2026-04-04,Include,True,True,1,286,2026-07-25 00:01:38,2026-07-26 23:50:43,031,SCN1A6J_019_759_54_BEAM_20260725.csv
019_SCN1A6J,019,SCN1A6J,SCN1A6J_019_760_64,SCN1A6J,019,Het,M,35,2026-04-04,Include,True,True,1,286,2026-07-25 00:06:33,2026-07-26 23:55:00,035,SCN1A6J_019_760_64_BEAM_20260725.csv
019_SCN1A6J,019,SCN1A6J,SCN1A6J_019_760_66,SCN1A6J,019,Het,M,8,2026-04-04,Include,True,True,1,286,2026-07-25 00:05:40,2026-07-26 23:54:36,008,SCN1A6J_019_760_66_BEAM_20260725.csv
019_SCN1A6J,019,SCN1A6J,SCN1A6J_019_782_70,SCN1A6J,019,Het,M,12,2026-04-03,Include,True,True,1,287,2026-07-25 00:01:38,2026-07-26 23:59:06,012,SCN1A6J_019_782_70_BEAM_20260725.csv
019_SCN1A6J,019,SCN1A6J,SCN1A6J_019_782_76,SCN1A6J,019,Het,M,57,2026-04-03,Include,True,True,1,286,2026-07-25 00:07:45,2026-07-26 23:56:44,057,SCN1A6J_019_782_76_BEAM_20260725.csv
019_SCN1A6J,019,SCN1A6J,SCN1A6J_019_810_37,SCN1A6J,019,Wt,M,63,2026-04-23,Include,True,True,1,287,2026-07-25 00:00:44,2026-07-26 23:58:01,063,SCN1A6J_019_810_37_BEAM_20260725.csv
019_SCN1A6J,019,SCN1A6J,SCN1A6J_019_814_44,SCN1A6J,019,Het,F,36,2026-04-22,Include,True,True,1,286,2026-07-25 00:06:59,2026-07-26 23:55:59,036,SCN1A6J_019_814_44_BEAM_20260725.csv
019_SCN1A6J,019,SCN1A6J,SCN1A6J_019_814_46,SCN1A6J,019,Het,F,30,2026-04-22,Include,True,True,1,286,2026-07-25 00:04:33,2026-07-26 23:54:55,030,SCN1A6J_019_814_46_BEAM_20260725.csv
019_SCN1A6J,019,SCN1A6J,SCN1A6J_019_814_47,SCN1A6J,019,Het,F,38,2026-04-22,Include,True,True,1,286,2026-07-25 00:06:48,2026-07-26 23:55:16,038,SCN1A6J_019_814_47_BEAM_20260725.csv
019_SCN1A6J,019,SCN1A6J,SCN1A6J_019_814_49,SCN1A6J,019,Wt,F,14,2026-04-22,Include,True,True,1,286,2026-07-25 00:09:25,2026-07-26 23:59:31,014,SCN1A6J_019_814_49_BEAM_20260725.csv
019_SCN1A6J,019,SCN1A6J,SCN1A6J_019_816_70,SCN1A6J,019,Het,M,15,2026-04-27,Include,True,True,1,286,2026-07-25 00:05:04,2026-07-26 23:55:26,015,SCN1A6J_019_816_70_BEAM_20260725.csv
019_SCN1A6J,019,SCN1A6J,SCN1A6J_019_816_73,SCN1A6J,019,Het,M,11,2026-04-27,Include,True,True,1,286,2026-07-25 00:08:07,2026-07-26 23:56:58,011,SCN1A6J_019_816_73_BEAM_20260725.csv
019_SCN1A6J,019,SCN1A6J,SCN1A6J_019_819_75,SCN1A6J,019,Het,M,47,2026-04-27,Include,True,True,1,286,2026-07-25 00:03:29,2026-07-26 23:53:50,047,SCN1A6J_019_819_75_BEAM_20260725.csv
019_SCN1A6J,019,SCN1A6J,SCN1A6J_019_819_78,SCN1A6J,019,Het,F,46,2026-04-27,Include,True,True,1,286,2026-07-25 00:09:21,2026-07-26 23:58:15,046,SCN1A6J_019_819_78_BEAM_20260725.csv
019_SCN1A6J,019,SCN1A6J,SCN1A6J_019_822_9,SCN1A6J,019,Het,F,42,2026-04-28,Include,True,True,1,286,2026-07-25 00:02:49,2026-07-26 23:53:07,042,SCN1A6J_019_822_9_BEAM_20260725.csv
019_SCN1A6J,019,SCN1A6J,SCN1A6J_019_827_89,SCN1A6J,019,Het,F,37,2026-04-27,Include,True,True,1,286,2026-07-25 00:04:10,2026-07-26 23:54:27,037,SCN1A6J_019_827_89_BEAM_20260725.csv
020_CACNA1A,020,CACNA1A,CACNA1A_020_852_1,CACNA1A,020,Hom,M,38,2026-05-10,Include,True,True,1,286,2026-08-08 00:04:22,2026-08-09 23:53:03,038,CACNA1A_020_852_1_BEAM_20260808.csv
020_CACNA1A,020,CACNA1A,CACNA1A_020_852_2,CACNA1A,020,Het,M,22,2026-05-10,Include,True,True,1,286,2026-08-08 00:06:33,2026-08-09 23:54:31,022,CACNA1A_020_852_2_BEAM_20260808.csv
020_CACNA1A,020,CACNA1A,CACNA1A_020_852_3,CACNA1A,020,Het,M,57,2026-05-10,Include,True,True,1,286,2026-08-08 00:01:57,2026-08-09 23:50:44,057,CACNA1A_020_852_3_BEAM_20260808.csv
020_CACNA1A,020,CACNA1A,CACNA1A_020_852_4,CACNA1A,020,Wt,F,20,2026-05-10,Include,True,True,1,286,2026-08-08 00:04:38,2026-08-09 23:53:41,020,CACNA1A_020_852_4_BEAM_20260808.csv
020_CACNA1A,020,CACNA1A,CACNA1A_020_852_5,CACNA1A,020,Het,F,6,2026-05-10,Include,True,True,1,286,2026-08-08 00:02:11,2026-08-09 23:50:52,006,CACNA1A_020_852_5_BEAM_20260808.csv
020_CACNA1A,020,CACNA1A,CACNA1A_020_852_6,CACNA1A,020,Hom,F,11,2026-05-10,Include,True,True,1,286,2026-08-08 00:05:09,2026-08-09 23:54:17,011,CACNA1A_020_852_6_BEAM_20260808.csv
020_CACNA1A,020,CACNA1A,CACNA1A_020_853_10,CACNA1A,020,Het,F,17,2026-05-10,Include,True,True,1,287,2026-08-08 00:00:40,2026-08-09 23:59:41,017,CACNA1A_020_853_10_BEAM_20260808.csv
020_CACNA1A,020,CACNA1A,CACNA1A_020_853_7,CACNA1A,020,Wt,M,15,2026-05-10,Include,True,True,1,286,2026-08-08 00:08:34,2026-08-09 23:58:22,015,CACNA1A_020_853_7_BEAM_20260808.csv
020_CACNA1A,020,CACNA1A,CACNA1A_020_853_8,CACNA1A,020,Het,F,32,2026-05-10,Include,True,True,1,286,2026-08-08 00:07:16,2026-08-09 23:55:25,032,CACNA1A_020_853_8_BEAM_20260808.csv
020_CACNA1A,020,CACNA1A,CACNA1A_020_853_9,CACNA1A,020,Wt,M,7,2026-05-10,Include,True,True,1,286,2026-08-08 00:02:52,2026-08-09 23:51:36,007,CACNA1A_020_853_9_BEAM_20260808.csv
020_CACNA1A,020,CACNA1A,CACNA1A_020_854_11,CACNA1A,020,Het,F,51,2026-05-11,Include,True,True,1,286,2026-08-08 00:06:19,2026-08-09 23:54:59,051,CACNA1A_020_854_11_BEAM_20260808.csv
020_CACNA1A,020,CACNA1A,CACNA1A_020_854_12,CACNA1A,020,Het,F,47,2026-05-11,Include,True,True,1,286,2026-08-08 00:01:53,2026-08-09 23:51:23,047,CACNA1A_020_854_12_BEAM_20260808.csv
020_CACNA1A,020,CACNA1A,CACNA1A_020_854_13,CACNA1A,020,Het,F,48,2026-05-11,Include,True,True,1,286,2026-08-08 00:03:35,2026-08-09 23:54:03,048,CACNA1A_020_854_13_BEAM_20260808.csv
020_CACNA1A,020,CACNA1A,CACNA1A_020_854_14,CACNA1A,020,Het,M,60,2026-05-11,Include,True,True,1,286,2026-08-08 00:08:02,2026-08-09 23:56:23,060,CACNA1A_020_854_14_BEAM_20260808.csv
020_CACNA1A,020,CACNA1A,CACNA1A_020_854_15,CACNA1A,020,Het,M,56,2026-05-11,Include,True,True,1,286,2026-08-08 00:01:11,2026-08-09 23:50:20,056,CACNA1A_020_854_15_BEAM_20260808.csv
020_CACNA1A,020,CACNA1A,CACNA1A_020_854_16,CACNA1A,020,Het,M,18,2026-05-11,Include,True,True,1,286,2026-08-08 00:01:27,2026-08-09 23:50:04,018,CACNA1A_020_854_16_BEAM_20260808.csv
020_CACNA1A,020,CACNA1A,CACNA1A_020_854_17,CACNA1A,020,Het,M,46,2026-05-11,Include,True,True,1,287,2026-08-08 00:00:17,2026-08-09 23:58:36,046,CACNA1A_020_854_17_BEAM_20260808.csv
020_CACNA1A,020,CACNA1A,CACNA1A_020_855_37,CACNA1A,020,Hom,F,12,2026-05-13,Include,True,True,1,286,2026-08-08 00:05:35,2026-08-09 23:54:45,012,CACNA1A_020_855_37_BEAM_20260808.csv
020_CACNA1A,020,CACNA1A,CACNA1A_020_855_38,CACNA1A,020,Hom,F,23,2026-05-13,Include,True,True,1,286,2026-08-08 00:08:51,2026-08-09 23:56:52,023,CACNA1A_020_855_38_BEAM_20260808.csv
020_CACNA1A,020,CACNA1A,CACNA1A_020_856_41,CACNA1A,020,Wt,F,1,2026-05-12,Include,True,True,1,286,2026-08-08 00:08:33,2026-08-09 23:57:20,001,CACNA1A_020_856_41_BEAM_20260808.csv
020_CACNA1A,020,CACNA1A,CACNA1A_020_856_45,CACNA1A,020,Hom,M,29,2026-05-12,Include,True,True,1,286,2026-08-08 00:03:45,2026-08-09 23:52:32,029,CACNA1A_020_856_45_BEAM_20260808.csv
020_CACNA1A,020,CACNA1A,CACNA1A_020_857_19,CACNA1A,020,Het,F,54,2026-05-11,Include,True,True,1,286,2026-08-08 00:09:35,2026-08-09 23:59:33,054,CACNA1A_020_857_19_BEAM_20260808.csv
020_CACNA1A,020,CACNA1A,CACNA1A_020_857_20,CACNA1A,020,Het,F,45,2026-05-11,Include,True,True,1,286,2026-08-08 00:01:30,2026-08-09 23:50:59,045,CACNA1A_020_857_20_BEAM_20260808.csv
020_CACNA1A,020,CACNA1A,CACNA1A_020_857_21,CACNA1A,020,Hom,M,35,2026-05-11,Include,True,True,1,286,2026-08-08 00:09:10,2026-08-09 23:56:15,035,CACNA1A_020_857_21_BEAM_20260808.csv
020_CACNA1A,020,CACNA1A,CACNA1A_020_857_22,CACNA1A,020,Het,M,53,2026-05-11,Include,True,True,1,286,2026-08-08 00:08:37,2026-08-09 23:55:51,053,CACNA1A_020_857_22_BEAM_20260808.csv
020_CACNA1A,020,CACNA1A,CACNA1A_020_857_23,CACNA1A,020,Het,M,58,2026-05-11,Include,True,True,1,286,2026-08-08 00:03:29,2026-08-09 23:51:22,058,CACNA1A_020_857_23_BEAM_20260808.csv
020_CACNA1A,020,CACNA1A,CACNA1A_020_858_50,CACNA1A,020,Wt,F,21,2026-05-13,Include,True,True,1,286,2026-08-08 00:05:48,2026-08-09 23:54:04,021,CACNA1A_020_858_50_BEAM_20260808.csv
020_CACNA1A,020,CACNA1A,CACNA1A_020_858_55,CACNA1A,020,Wt,F,37,2026-05-13,Include,True,True,1,286,2026-08-08 00:01:44,2026-08-09 23:52:03,037,CACNA1A_020_858_55_BEAM_20260808.csv
020_CACNA1A,020,CACNA1A,CACNA1A_020_859_59,CACNA1A,020,Wt,M,27,2026-05-13,Include,True,True,1,287,2026-08-08 00:01:38,2026-08-09 23:59:19,027,CACNA1A_020_859_59_BEAM_20260808.csv
020_CACNA1A,020,CACNA1A,CACNA1A_020_859_60,CACNA1A,020,Wt,F,26,2026-05-13,Include,True,True,1,287,2026-08-08 00:00:34,2026-08-09 23:58:55,026,CACNA1A_020_859_60_BEAM_20260808.csv
020_CACNA1A,020,CACNA1A,CACNA1A_020_859_63,CACNA1A,020,Wt,M,42,2026-05-13,Include,True,True,1,286,2026-08-08 00:07:30,2026-08-09 23:58:10,042,CACNA1A_020_859_63_BEAM_20260808.csv
020_CACNA1A,020,CACNA1A,CACNA1A_020_860_24,CACNA1A,020,Het,F,5,2026-05-11,Include,True,True,1,286,2026-08-08 00:01:34,2026-08-09 23:50:24,005,CACNA1A_020_860_24_BEAM_20260808.csv
020_CACNA1A,020,CACNA1A,CACNA1A_020_860_25,CACNA1A,020,Het,F,44,2026-05-11,Include,True,True,1,286,2026-08-08 00:03:12,2026-08-09 23:53:39,044,CACNA1A_020_860_25_BEAM_20260808.csv
020_CACNA1A,020,CACNA1A,CACNA1A_020_860_26,CACNA1A,020,Hom,F,16,2026-05-11,Include,True,True,1,286,2026-08-08 00:09:43,2026-08-09 23:58:49,016,CACNA1A_020_860_26_BEAM_20260808.csv
020_CACNA1A,020,CACNA1A,CACNA1A_020_860_27,CACNA1A,020,Het,M,50,2026-05-11,Include,True,True,1,286,2026-08-08 00:03:57,2026-08-09 23:54:29,050,CACNA1A_020_860_27_BEAM_20260808.csv
020_CACNA1A,020,CACNA1A,CACNA1A_020_861_30,CACNA1A,020,Wt,M,8,2026-05-11,Exclude: Weight,True,True,1,286,2026-08-08 00:04:21,2026-08-09 23:53:51,008,CACNA1A_020_861_30_BEAM_20260808.csv
020_CACNA1A,020,CACNA1A,CACNA1A_020_861_31,CACNA1A,020,Het,M,55,2026-05-11,Include,True,True,1,287,2026-08-08 00:00:36,2026-08-09 23:59:56,055,CACNA1A_020_861_31_BEAM_20260808.csv
020_CACNA1A,020,CACNA1A,CACNA1A_020_861_32,CACNA1A,020,Wt,F,3,2026-05-11,Include,True,True,1,287,2026-08-08 00:00:18,2026-08-09 23:58:35,003,CACNA1A_020_861_32_BEAM_20260808.csv
020_CACNA1A,020,CACNA1A,CACNA1A_020_861_33,CACNA1A,020,Wt,M,14,2026-05-11,Include,True,True,1,286,2026-08-08 00:07:49,2026-08-09 23:57:56,014,CACNA1A_020_861_33_BEAM_20260808.csv
020_CACNA1A,020,CACNA1A,CACNA1A_020_861_34,CACNA1A,020,Wt,F,24,2026-05-11,Include,True,True,1,287,2026-08-08 00:00:12,2026-08-09 23:58:28,024,CACNA1A_020_861_34_BEAM_20260808.csv
020_CACNA1A,020,CACNA1A,CACNA1A_020_861_35,CACNA1A,020,Hom,M,30,2026-05-11,Include,True,True,1,286,2026-08-08 00:04:29,2026-08-09 23:53:01,030,CACNA1A_020_861_35_BEAM_20260808.csv
020_CACNA1A,020,CACNA1A,CACNA1A_020_886_95,CACNA1A,020,Hom,F,34,2026-06-02,Include,True,True,1,286,2026-08-08 00:08:01,2026-08-09 23:55:46,034,CACNA1A_020_886_95_BEAM_20260808.csv
020_CACNA1A,020,CACNA1A,CACNA1A_020_887_83,CACNA1A,020,Wt,F,40,2026-06-01,Include,True,True,1,286,2026-08-08 00:06:53,2026-08-09 23:57:01,040,CACNA1A_020_887_83_BEAM_20260808.csv
020_CACNA1A,020,CACNA1A,CACNA1A_020_888_68,CACNA1A,020,Wt,F,41,2026-05-31,Include,True,True,1,286,2026-08-08 00:06:23,2026-08-09 23:56:16,041,CACNA1A_020_888_68_BEAM_20260808.csv
020_CACNA1A,020,CACNA1A,CACNA1A_020_888_73,CACNA1A,020,Hom,F,39,2026-05-31,Include,True,True,1,286,2026-08-08 00:02:51,2026-08-09 23:52:30,039,CACNA1A_020_888_73_BEAM_20260808.csv
020_CACNA1A,020,CACNA1A,CACNA1A_020_889_75,CACNA1A,020,Hom,M,52,2026-05-31,Include,True,True,1,286,2026-08-08 00:07:40,2026-08-09 23:55:26,052,CACNA1A_020_889_75_BEAM_20260808.csv
020_CACNA1A,020,CACNA1A,CACNA1A_020_889_80,CACNA1A,020,Wt,F,36,2026-05-31,Include,True,True,1,287,2026-08-08 00:00:09,2026-08-09 23:58:25,036,CACNA1A_020_889_80_BEAM_20260808.csv
020_CACNA1A,020,CACNA1A,CACNA1A_020_890_12,CACNA1A,020,Hom,M,62,2026-06-03,Include,True,True,1,286,2026-08-08 00:08:44,2026-08-09 23:56:42,062,CACNA1A_020_890_12_BEAM_20260808.csv
020_CACNA1A,020,CACNA1A,CACNA1A_020_890_9,CACNA1A,020,Wt,M,28,2026-06-03,Include,True,True,1,286,2026-08-08 00:03:24,2026-08-09 23:52:08,028,CACNA1A_020_890_9_BEAM_20260808.csv
020_CACNA1A,020,CACNA1A,CACNA1A_020_891_3,CACNA1A,020,Wt,M,43,2026-06-02,Include,True,True,1,286,2026-08-08 00:00:59,2026-08-09 23:50:34,043,CACNA1A_020_891_3_BEAM_20260808.csv
020_CACNA1A,020,CACNA1A,CACNA1A_020_892_91,CACNA1A,020,Wt,M,31,2026-06-02,Include,True,True,1,286,2026-08-08 00:06:17,2026-08-09 23:53:48,031,CACNA1A_020_892_91_BEAM_20260808.csv
020_CACNA1A,020,CACNA1A,CACNA1A_020_899_19,CACNA1A,020,Hom,F,59,2026-06-07,Include,True,True,1,286,2026-08-08 00:07:05,2026-08-09 23:53:51,059,CACNA1A_020_899_19_BEAM_20260808.csv
021_ZBTB10,021,ZBTB10,ZBTB10_021_841_10,ZBTB10,021,Het,F,24,2026-05-05,Include,True,True,1,286,2026-08-22 00:05:52,2026-08-23 23:56:10,024,ZBTB10_021_841_10_BEAM_20260822.csv
021_ZBTB10,021,ZBTB10,ZBTB10_021_841_11,ZBTB10,021,Het,F,39,2026-05-05,Include,True,True,1,287,2026-08-22 00:00:15,2026-08-23 23:58:18,039,ZBTB10_021_841_11_BEAM_20260822.csv
021_ZBTB10,021,ZBTB10,ZBTB10_021_841_12,ZBTB10,021,Wt,F,2,2026-05-05,Include,True,True,1,286,2026-08-22 00:03:12,2026-08-23 23:52:54,002,ZBTB10_021_841_12_BEAM_20260822.csv
021_ZBTB10,021,ZBTB10,ZBTB10_021_841_13,ZBTB10,021,Wt,F,28,2026-05-05,Include,True,True,1,286,2026-08-22 00:08:15,2026-08-23 23:58:29,028,ZBTB10_021_841_13_BEAM_20260822.csv
021_ZBTB10,021,ZBTB10,ZBTB10_021_841_7,ZBTB10,021,Wt,M,40,2026-05-05,Include,True,True,1,286,2026-08-22 00:04:33,2026-08-23 23:54:48,040,ZBTB10_021_841_7_BEAM_20260822.csv
021_ZBTB10,021,ZBTB10,ZBTB10_021_841_8,ZBTB10,021,Wt,M,16,2026-05-05,Include,True,True,1,287,2026-08-22 00:01:19,2026-08-23 23:59:39,016,ZBTB10_021_841_8_BEAM_20260822.csv
021_ZBTB10,021,ZBTB10,ZBTB10_021_841_9,ZBTB10,021,Het,M,34,2026-05-05,Include,True,True,1,286,2026-08-22 00:02:31,2026-08-23 23:52:51,034,ZBTB10_021_841_9_BEAM_20260822.csv
021_ZBTB10,021,ZBTB10,ZBTB10_021_842_14,ZBTB10,021,Wt,F,22,2026-05-06,Include,True,True,1,286,2026-08-22 00:07:34,2026-08-23 23:57:32,022,ZBTB10_021_842_14_BEAM_20260822.csv
021_ZBTB10,021,ZBTB10,ZBTB10_021_842_15,ZBTB10,021,Wt,M,12,2026-05-06,Include,True,True,1,286,2026-08-22 00:05:31,2026-08-23 23:55:03,012,ZBTB10_021_842_15_BEAM_20260822.csv
021_ZBTB10,021,ZBTB10,ZBTB10_021_842_16,ZBTB10,021,Wt,F,54,2026-05-06,Include,True,True,1,286,2026-08-22 00:01:32,2026-08-23 23:51:46,054,ZBTB10_021_842_16_BEAM_20260822.csv
021_ZBTB10,021,ZBTB10,ZBTB10_021_843_1,ZBTB10,021,Wt,F,11,2026-05-05,Include,True,True,1,286,2026-08-22 00:06:28,2026-08-23 23:56:01,011,ZBTB10_021_843_1_BEAM_20260822.csv
021_ZBTB10,021,ZBTB10,ZBTB10_021_843_2,ZBTB10,021,Het,F,14,2026-05-05,Include,True,True,1,285,2026-08-22 00:09:19,2026-08-23 23:50:20,014,ZBTB10_021_843_2_BEAM_20260822.csv
021_ZBTB10,021,ZBTB10,ZBTB10_021_843_3,ZBTB10,021,Wt,M,6,2026-05-05,Include,True,True,1,286,2026-08-22 00:02:21,2026-08-23 23:52:48,006,ZBTB10_021_843_3_BEAM_20260822.csv
021_ZBTB10,021,ZBTB10,ZBTB10_021_843_4,ZBTB10,021,Wt,M,30,2026-05-05,Include,True,True,1,286,2026-08-22 00:06:28,2026-08-23 23:54:31,030,ZBTB10_021_843_4_BEAM_20260822.csv
021_ZBTB10,021,ZBTB10,ZBTB10_021_843_5,ZBTB10,021,Het,M,18,2026-05-05,Include,True,True,1,286,2026-08-22 00:07:08,2026-08-23 23:57:04,018,ZBTB10_021_843_5_BEAM_20260822.csv
021_ZBTB10,021,ZBTB10,ZBTB10_021_843_6,ZBTB10,021,Wt,F,17,2026-05-05,Include,True,True,1,286,2026-08-22 00:06:30,2026-08-23 23:55:51,017,ZBTB10_021_843_6_BEAM_20260822.csv
021_ZBTB10,021,ZBTB10,ZBTB10_021_844_17,ZBTB10,021,Wt,M,48,2026-05-06,Include,True,True,1,286,2026-08-22 00:08:26,2026-08-23 23:59:07,048,ZBTB10_021_844_17_BEAM_20260822.csv
021_ZBTB10,021,ZBTB10,ZBTB10_021_844_18,ZBTB10,021,Wt,M,36,2026-05-06,Include,True,True,1,286,2026-08-22 00:05:32,2026-08-23 23:53:35,036,ZBTB10_021_844_18_BEAM_20260822.csv
021_ZBTB10,021,ZBTB10,ZBTB10_021_844_19,ZBTB10,021,Wt,M,43,2026-05-06,Include,True,True,1,286,2026-08-22 00:04:44,2026-08-23 23:54:11,043,ZBTB10_021_844_19_BEAM_20260822.csv
021_ZBTB10,021,ZBTB10,ZBTB10_021_844_20,ZBTB10,021,Het,M,15,2026-05-06,Include,True,True,1,286,2026-08-22 00:01:54,2026-08-23 23:52:12,015,ZBTB10_021_844_20_BEAM_20260822.csv
021_ZBTB10,021,ZBTB10,ZBTB10_021_845_21,ZBTB10,021,Het,M,8,2026-05-06,Include,True,True,1,286,2026-08-22 00:08:32,2026-08-23 23:57:56,008,ZBTB10_021_845_21_BEAM_20260822.csv
021_ZBTB10,021,ZBTB10,ZBTB10_021_845_22,ZBTB10,021,Wt,F,46,2026-05-06,Include,True,True,1,286,2026-08-22 00:02:36,2026-08-23 23:51:13,046,ZBTB10_021_845_22_BEAM_20260822.csv
021_ZBTB10,021,ZBTB10,ZBTB10_021_845_24,ZBTB10,021,Het,F,44,2026-05-06,Include,True,False,0,0,,,,
021_ZBTB10,021,ZBTB10,ZBTB10_021_845_25,ZBTB10,021,Het,M,23,2026-05-06,Include,True,True,1,286,2026-08-22 00:06:18,2026-08-23 23:56:34,023,ZBTB10_021_845_25_BEAM_20260822.csv
021_ZBTB10,021,ZBTB10,ZBTB10_021_846_31,ZBTB10,021,Het,M,37,2026-05-06,Include,True,True,1,285,2026-08-22 00:09:05,2026-08-23 23:50:10,037,ZBTB10_021_846_31_BEAM_20260822.csv
021_ZBTB10,021,ZBTB10,ZBTB10_021_846_32,ZBTB10,021,Wt,F,41,2026-05-06,Include,True,True,1,286,2026-08-22 00:06:43,2026-08-23 23:56:37,041,ZBTB10_021_846_32_BEAM_20260822.csv
021_ZBTB10,021,ZBTB10,ZBTB10_021_846_34,ZBTB10,021,Wt,F,35,2026-05-06,Include,True,True,1,287,2026-08-22 00:01:02,2026-08-23 23:59:05,035,ZBTB10_021_846_34_BEAM_20260822.csv
021_ZBTB10,021,ZBTB10,ZBTB10_021_848_27,ZBTB10,021,Het,F,7,2026-05-06,Include,True,True,1,286,2026-08-22 00:02:12,2026-08-23 23:51:32,007,ZBTB10_021_848_27_BEAM_20260822.csv
021_ZBTB10,021,ZBTB10,ZBTB10_021_848_28,ZBTB10,021,Wt,F,47,2026-05-06,Include,True,True,1,285,2026-08-22 00:10:01,2026-08-23 23:52:24,047,ZBTB10_021_848_28_BEAM_20260822.csv
021_ZBTB10,021,ZBTB10,ZBTB10_021_848_29,ZBTB10,021,Wt,M,20,2026-05-06,Include,True,True,1,286,2026-08-22 00:08:04,2026-08-23 23:59:36,020,ZBTB10_021_848_29_BEAM_20260822.csv
021_ZBTB10,021,ZBTB10,ZBTB10_021_848_30,ZBTB10,021,Het,F,19,2026-05-06,Include,True,True,1,287,2026-08-22 00:00:26,2026-08-23 23:57:38,019,ZBTB10_021_848_30_BEAM_20260822.csv
021_ZBTB10,021,ZBTB10,ZBTB10_021_864_57,ZBTB10,021,Het,F,31,2026-05-23,Include,True,True,1,286,2026-08-22 00:00:39,2026-08-23 23:50:43,031,ZBTB10_021_864_57_BEAM_20260822.csv
021_ZBTB10,021,ZBTB10,ZBTB10_021_865_45,ZBTB10,021,Het,F,26,2026-05-20,Include,True,True,1,286,2026-08-22 00:01:28,2026-08-23 23:51:32,026,ZBTB10_021_865_45_BEAM_20260822.csv
021_ZBTB10,021,ZBTB10,ZBTB10_021_865_50,ZBTB10,021,Het,M,42,2026-05-20,Include,True,True,1,286,2026-08-22 00:07:36,2026-08-23 23:58:42,042,ZBTB10_021_865_50_BEAM_20260822.csv
021_ZBTB10,021,ZBTB10,ZBTB10_021_866_42,ZBTB10,021,Het,F,52,2026-05-17,Include,True,True,1,286,2026-08-22 00:03:01,2026-08-23 23:51:58,052,ZBTB10_021_866_42_BEAM_20260822.csv
021_ZBTB10,021,ZBTB10,ZBTB10_021_866_44,ZBTB10,021,Wt,M,57,2026-05-17,Include,True,True,1,286,2026-08-22 00:09:51,2026-08-23 23:58:45,057,ZBTB10_021_866_44_BEAM_20260822.csv
021_ZBTB10,021,ZBTB10,ZBTB10_021_878_72,ZBTB10,021,Het,M,53,2026-05-27,Include,True,True,1,286,2026-08-22 00:09:34,2026-08-23 23:57:56,053,ZBTB10_021_878_72_BEAM_20260822.csv
021_ZBTB10,021,ZBTB10,ZBTB10_021_895_75,ZBTB10,021,Het,F,59,2026-05-27,Include,True,True,1,286,2026-08-22 00:02:45,2026-08-23 23:53:13,059,ZBTB10_021_895_75_BEAM_20260822.csv
021_ZBTB10,021,ZBTB10,ZBTB10_021_903_79,ZBTB10,021,Het,M,27,2026-06-09,Include,True,True,1,286,2026-08-22 00:05:15,2026-08-23 23:55:36,027,ZBTB10_021_903_79_BEAM_20260822.csv
021_ZBTB10,021,ZBTB10,ZBTB10_021_921_84,ZBTB10,021,Het,M,60,2026-06-12,Include,True,True,1,286,2026-08-22 00:04:54,2026-08-23 23:55:13,060,ZBTB10_021_921_84_BEAM_20260822.csv
022_ZBTB21,022,ZBTB21,ZBTB21_022_863_45,ZBTB21,022,Wt,M,3,2026-05-23,Include,True,False,0,0,,,,
022_ZBTB21,022,ZBTB21,ZBTB21_022_863_46,ZBTB21,022,Het,F,24,2026-05-23,Include,True,False,0,0,,,,
022_ZBTB21,022,ZBTB21,ZBTB21_022_863_47,ZBTB21,022,Het,F,35,2026-05-23,Include,True,False,0,0,,,,
022_ZBTB21,022,ZBTB21,ZBTB21_022_863_48,ZBTB21,022,Wt,M,13,2026-05-23,Include,True,False,0,0,,,,
022_ZBTB21,022,ZBTB21,ZBTB21_022_863_49,ZBTB21,022,Het,M,57,2026-05-23,Include,True,False,0,0,,,,
022_ZBTB21,022,ZBTB21,ZBTB21_022_863_50,ZBTB21,022,Het,F,49,2026-05-23,Include,True,False,0,0,,,,
022_ZBTB21,022,ZBTB21,ZBTB21_022_870_24,ZBTB21,022,Wt,M,23,2026-05-23,Include,True,False,0,0,,,,
022_ZBTB21,022,ZBTB21,ZBTB21_022_870_25,ZBTB21,022,Hom,F,60,2026-05-23,Include,True,False,0,0,,,,
022_ZBTB21,022,ZBTB21,ZBTB21_022_871_26,ZBTB21,022,Het,M,6,2026-05-23,Include,True,False,0,0,,,,
022_ZBTB21,022,ZBTB21,ZBTB21_022_871_27,ZBTB21,022,Wt,M,43,2026-05-23,Include,True,False,0,0,,,,
022_ZBTB21,022,ZBTB21,ZBTB21_022_871_28,ZBTB21,022,Het,M,16,2026-05-23,Include,True,False,0,0,,,,
022_ZBTB21,022,ZBTB21,ZBTB21_022_871_29,ZBTB21,022,Het,M,65,2026-05-23,Include,True,False,0,0,,,,
022_ZBTB21,022,ZBTB21,ZBTB21_022_871_30,ZBTB21,022,Hom,M,50,2026-05-23,Include,True,False,0,0,,,,
022_ZBTB21,022,ZBTB21,ZBTB21_022_871_31,ZBTB21,022,Wt,F,54,2026-05-23,Include,True,False,0,0,,,,
022_ZBTB21,022,ZBTB21,ZBTB21_022_871_32,ZBTB21,022,Het,F,51,2026-05-23,Include,True,False,0,0,,,,
022_ZBTB21,022,ZBTB21,ZBTB21_022_872_33,ZBTB21,022,Hom,M,42,2026-05-23,Include,True,False,0,0,,,,
022_ZBTB21,022,ZBTB21,ZBTB21_022_872_35,ZBTB21,022,Hom,F,14,2026-05-23,Include,True,False,0,0,,,,
022_ZBTB21,022,ZBTB21,ZBTB21_022_872_36,ZBTB21,022,Wt,M,4,2026-05-23,Include,True,False,0,0,,,,
022_ZBTB21,022,ZBTB21,ZBTB21_022_872_37,ZBTB21,022,Het,F,17,2026-05-23,Include,True,False,0,0,,,,
022_ZBTB21,022,ZBTB21,ZBTB21_022_872_38,ZBTB21,022,Wt,M,64,2026-05-23,Include,True,False,0,0,,,,
022_ZBTB21,022,ZBTB21,ZBTB21_022_872_39,ZBTB21,022,Wt,M,53,2026-05-23,Include,True,False,0,0,,,,
022_ZBTB21,022,ZBTB21,ZBTB21_022_873_1,ZBTB21,022,Het,F,29,2026-05-20,Include,True,False,0,0,,,,
022_ZBTB21,022,ZBTB21,ZBTB21_022_873_10,ZBTB21,022,Hom,M,10,2026-05-20,Include,True,False,0,0,,,,
022_ZBTB21,022,ZBTB21,ZBTB21_022_873_2,ZBTB21,022,Hom,F,27,2026-05-20,Include,True,False,0,0,,,,
022_ZBTB21,022,ZBTB21,ZBTB21_022_873_3,ZBTB21,022,Het,M,37,2026-05-20,Include,True,False,0,0,,,,
022_ZBTB21,022,ZBTB21,ZBTB21_022_873_4,ZBTB21,022,Hom,M,30,2026-05-20,Include,True,False,0,0,,,,
022_ZBTB21,022,ZBTB21,ZBTB21_022_873_5,ZBTB21,022,Hom,F,56,2026-05-20,Include,True,False,0,0,,,,
022_ZBTB21,022,ZBTB21,ZBTB21_022_873_6,ZBTB21,022,Het,M,15,2026-05-20,Include,True,False,0,0,,,,
022_ZBTB21,022,ZBTB21,ZBTB21_022_873_7,ZBTB21,022,Wt,F,20,2026-05-20,Include,True,False,0,0,,,,
022_ZBTB21,022,ZBTB21,ZBTB21_022_873_9,ZBTB21,022,Het,F,18,2026-05-20,Include,True,False,0,0,,,,
022_ZBTB21,022,ZBTB21,ZBTB21_022_874_11,ZBTB21,022,Hom,M,40,2026-05-20,Include,True,False,0,0,,,,
022_ZBTB21,022,ZBTB21,ZBTB21_022_874_13,ZBTB21,022,Het,M,5,2026-05-20,Include,True,False,0,0,,,,
022_ZBTB21,022,ZBTB21,ZBTB21_022_874_14,ZBTB21,022,Het,F,7,2026-05-20,Include,True,False,0,0,,,,
022_ZBTB21,022,ZBTB21,ZBTB21_022_874_15,ZBTB21,022,Wt,M,34,2026-05-20,Include,True,False,0,0,,,,
022_ZBTB21,022,ZBTB21,ZBTB21_022_874_16,ZBTB21,022,Hom,F,62,2026-05-20,Include,True,False,0,0,,,,
022_ZBTB21,022,ZBTB21,ZBTB21_022_875_17,ZBTB21,022,Het,M,26,2026-05-20,Include,True,False,0,0,,,,
022_ZBTB21,022,ZBTB21,ZBTB21_022_875_18,ZBTB21,022,Hom,M,28,2026-05-20,Include,True,False,0,0,,,,
022_ZBTB21,022,ZBTB21,ZBTB21_022_875_19,ZBTB21,022,Het,M,36,2026-05-20,Include,True,False,0,0,,,,
022_ZBTB21,022,ZBTB21,ZBTB21_022_875_20,ZBTB21,022,Wt,F,11,2026-05-20,Include,True,False,0,0,,,,
022_ZBTB21,022,ZBTB21,ZBTB21_022_875_21,ZBTB21,022,Wt,F,1,2026-05-20,#INVALID OPERATION,True,False,0,0,,,,
022_ZBTB21,022,ZBTB21,ZBTB21_022_875_22,ZBTB21,022,Het,F,39,2026-05-20,Include,True,False,0,0,,,,
022_ZBTB21,022,ZBTB21,ZBTB21_022_875_23,ZBTB21,022,Hom,M,19,2026-05-20,Include,True,False,0,0,,,,
022_ZBTB21,022,ZBTB21,ZBTB21_022_876_40,ZBTB21,022,Het,M,55,2026-05-23,Include,True,False,0,0,,,,
022_ZBTB21,022,ZBTB21,ZBTB21_022_876_41,ZBTB21,022,Wt,F,31,2026-05-23,Include,True,False,0,0,,,,
022_ZBTB21,022,ZBTB21,ZBTB21_022_876_42,ZBTB21,022,Het,M,47,2026-05-23,Include,True,False,0,0,,,,
022_ZBTB21,022,ZBTB21,ZBTB21_022_876_44,ZBTB21,022,Het,F,58,2026-05-23,Include,True,False,0,0,,,,
022_ZBTB21,022,ZBTB21,ZBTB21_022_877_52,ZBTB21,022,Wt,M,46,2026-05-31,Include,True,False,0,0,,,,
022_ZBTB21,022,ZBTB21,ZBTB21_022_896_58,ZBTB21,022,Hom,F,59,2026-06-06,Include,True,False,0,0,,,,
022_ZBTB21,022,ZBTB21,ZBTB21_022_896_59,ZBTB21,022,Wt,F,2,2026-06-06,Include,True,False,0,0,,,,
022_ZBTB21,022,ZBTB21,ZBTB21_022_896_63,ZBTB21,022,Wt,F,63,2026-06-06,Include,True,False,0,0,,,,
022_ZBTB21,022,ZBTB21,ZBTB21_022_897_68,ZBTB21,022,Wt,F,41,2026-06-10,Include,True,False,0,0,,,,
022_ZBTB21,022,ZBTB21,ZBTB21_022_898_73,ZBTB21,022,Wt,F,8,2026-06-10,Include,True,False,0,0,,,,
022_ZBTB21,022,ZBTB21,ZBTB21_022_912_77,ZBTB21,022,Hom,M,52,2026-06-15,Include,True,False,0,0,,,,
022_ZBTB21,022,ZBTB21,ZBTB21_022_912_80,ZBTB21,022,Hom,F,61,2026-06-15,Include,True,False,0,0,,,,
022_ZBTB21,022,ZBTB21,ZBTB21_022_917_86,ZBTB21,022,Hom,M,38,2026-06-17,Include,True,False,0,0,,,,
022_ZBTB21,022,ZBTB21,ZBTB21_022_917_88,ZBTB21,022,Hom,F,45,2026-06-17,Include,True,False,0,0,,,,
022_ZBTB21,022,ZBTB21,ZBTB21_022_923_83,ZBTB21,022,Wt,F,12,2026-06-15,Include,True,False,0,0,,,,
022_ZBTB21,022,ZBTB21,ZBTB21_022_923_84,ZBTB21,022,Hom,M,32,2026-06-15,Include,True,False,0,0,,,,
022_ZBTB21,022,ZBTB21,ZBTB21_022_945_5,ZBTB21,022,Hom,F,22,2026-07-03,Include,True,False,0,0,,,,
022_ZBTB21,022,ZBTB21,ZBTB21_022_947_11,ZBTB21,022,Hom,F,48,2026-07-03,Include,True,False,0,0,,,,
023_GRIN2A,023,GRIN2A,GRIN2A_023_906_14,GRIN2A,023,Het,F,54,2026-06-16,Include,True,True,1,286,2026-09-19 00:01:28,2026-09-20 23:52:32,054,GRIN2A_023_906_14_BEAM_20260919.csv
023_GRIN2A,023,GRIN2A,GRIN2A_023_906_15,GRIN2A,023,Het,F,45,2026-06-16,Include,True,True,1,286,2026-09-19 00:05:45,2026-09-20 23:55:57,045,GRIN2A_023_906_15_BEAM_20260919.csv
023_GRIN2A,023,GRIN2A,GRIN2A_023_906_16,GRIN2A,023,Wt,F,49,2026-06-16,Include,True,True,1,286,2026-09-19 00:08:13,2026-09-20 23:57:18,049,GRIN2A_023_906_16_BEAM_20260919.csv
023_GRIN2A,023,GRIN2A,GRIN2A_023_906_17,GRIN2A,023,Het,F,65,2026-06-16,Include,True,True,1,286,2026-09-19 00:07:02,2026-09-20 23:56:41,065,GRIN2A_023_906_17_BEAM_20260919.csv
023_GRIN2A,023,GRIN2A,GRIN2A_023_906_19,GRIN2A,023,Het,M,62,2026-06-16,Include,True,True,1,286,2026-09-19 00:05:06,2026-09-20 23:56:03,062,GRIN2A_023_906_19_BEAM_20260919.csv
023_GRIN2A,023,GRIN2A,GRIN2A_023_906_20,GRIN2A,023,Het,F,34,2026-06-16,Include,True,True,1,286,2026-09-19 00:07:46,2026-09-20 23:55:20,034,GRIN2A_023_906_20_BEAM_20260919.csv
023_GRIN2A,023,GRIN2A,GRIN2A_023_906_21,GRIN2A,023,Wt,M,58,2026-06-16,Include,True,True,1,286,2026-09-19 00:03:28,2026-09-20 23:53:20,058,GRIN2A_023_906_21_BEAM_20260919.csv
023_GRIN2A,023,GRIN2A,GRIN2A_023_907_22,GRIN2A,023,Het,F,31,2026-06-16,Include,True,True,1,286,2026-09-19 00:05:20,2026-09-20 23:53:33,031,GRIN2A_023_907_22_BEAM_20260919.csv
023_GRIN2A,023,GRIN2A,GRIN2A_023_907_23,GRIN2A,023,Wt,F,50,2026-06-16,Include,True,True,1,286,2026-09-19 00:08:33,2026-09-20 23:58:55,050,GRIN2A_023_907_23_BEAM_20260919.csv
023_GRIN2A,023,GRIN2A,GRIN2A_023_907_24,GRIN2A,023,Het,M,29,2026-06-16,Include,True,True,1,286,2026-09-19 00:03:04,2026-09-20 23:52:35,029,GRIN2A_023_907_24_BEAM_20260919.csv
023_GRIN2A,023,GRIN2A,GRIN2A_023_907_25,GRIN2A,023,Het,F,32,2026-06-16,Include,True,True,1,286,2026-09-19 00:06:56,2026-09-20 23:55:00,032,GRIN2A_023_907_25_BEAM_20260919.csv
023_GRIN2A,023,GRIN2A,GRIN2A_023_907_26,GRIN2A,023,Wt,F,38,2026-06-16,Include,True,True,1,286,2026-09-19 00:02:21,2026-09-20 23:53:28,038,GRIN2A_023_907_26_BEAM_20260919.csv
023_GRIN2A,023,GRIN2A,GRIN2A_023_907_27,GRIN2A,023,Wt,F,51,2026-06-16,Include,True,True,1,286,2026-09-19 00:09:25,2026-09-20 23:58:25,051,GRIN2A_023_907_27_BEAM_20260919.csv
023_GRIN2A,023,GRIN2A,GRIN2A_023_907_28,GRIN2A,023,Het,M,28,2026-06-16,Include,True,True,1,286,2026-09-19 00:02:46,2026-09-20 23:52:14,028,GRIN2A_023_907_28_BEAM_20260919.csv
023_GRIN2A,023,GRIN2A,GRIN2A_023_907_30,GRIN2A,023,Het,M,41,2026-06-16,Include,True,True,1,286,2026-09-19 00:04:08,2026-09-20 23:54:44,041,GRIN2A_023_907_30_BEAM_20260919.csv
023_GRIN2A,023,GRIN2A,GRIN2A_023_908_1,GRIN2A,023,Het,M,53,2026-06-15,Include,True,True,1,287,2026-09-19 00:00:19,2026-09-20 23:58:50,053,GRIN2A_023_908_1_BEAM_20260919.csv
023_GRIN2A,023,GRIN2A,GRIN2A_023_908_2,GRIN2A,023,Wt,M,36,2026-06-15,Include,True,True,1,286,2026-09-19 00:09:31,2026-09-20 23:57:53,036,GRIN2A_023_908_2_BEAM_20260919.csv
023_GRIN2A,023,GRIN2A,GRIN2A_023_908_3,GRIN2A,023,Het,M,42,2026-06-15,Include,True,True,1,286,2026-09-19 00:04:44,2026-09-20 23:55:34,042,GRIN2A_023_908_3_BEAM_20260919.csv
023_GRIN2A,023,GRIN2A,GRIN2A_023_908_4,GRIN2A,023,Wt,M,23,2026-06-15,Include,True,True,1,286,2026-09-19 00:02:23,2026-09-20 23:50:42,023,GRIN2A_023_908_4_BEAM_20260919.csv
023_GRIN2A,023,GRIN2A,GRIN2A_023_908_5,GRIN2A,023,Het,M,52,2026-06-15,Include,True,True,1,286,2026-09-19 00:09:48,2026-09-20 23:59:17,052,GRIN2A_023_908_5_BEAM_20260919.csv
023_GRIN2A,023,GRIN2A,GRIN2A_023_909_38,GRIN2A,023,Wt,F,26,2026-06-16,Include,True,True,1,286,2026-09-19 00:05:57,2026-09-20 23:53:10,026,GRIN2A_023_909_38_BEAM_20260919.csv
023_GRIN2A,023,GRIN2A,GRIN2A_023_909_39,GRIN2A,023,Wt,F,48,2026-06-16,Include,True,True,1,286,2026-09-19 00:07:09,2026-09-20 23:56:52,048,GRIN2A_023_909_39_BEAM_20260919.csv
023_GRIN2A,023,GRIN2A,GRIN2A_023_909_40,GRIN2A,023,Wt,F,37,2026-06-16,Include,True,True,1,286,2026-09-19 00:01:48,2026-09-20 23:52:29,037,GRIN2A_023_909_40_BEAM_20260919.csv
023_GRIN2A,023,GRIN2A,GRIN2A_023_910_10,GRIN2A,023,Wt,F,61,2026-06-15,Include,True,True,1,286,2026-09-19 00:04:49,2026-09-20 23:55:32,061,GRIN2A_023_910_10_BEAM_20260919.csv
023_GRIN2A,023,GRIN2A,GRIN2A_023_910_13,GRIN2A,023,Wt,M,57,2026-06-15,Include,True,True,1,286,2026-09-19 00:02:38,2026-09-20 23:53:45,057,GRIN2A_023_910_13_BEAM_20260919.csv
023_GRIN2A,023,GRIN2A,GRIN2A_023_910_6,GRIN2A,023,Het,M,63,2026-06-15,Include,True,True,1,286,2026-09-19 00:05:39,2026-09-20 23:55:07,063,GRIN2A_023_910_6_BEAM_20260919.csv
023_GRIN2A,023,GRIN2A,GRIN2A_023_910_7,GRIN2A,023,Wt,M,46,2026-06-15,Include,True,True,1,286,2026-09-19 00:06:20,2026-09-20 23:56:25,046,GRIN2A_023_910_7_BEAM_20260919.csv
023_GRIN2A,023,GRIN2A,GRIN2A_023_910_8,GRIN2A,023,Wt,F,60,2026-06-15,Include,True,True,1,286,2026-09-19 00:04:31,2026-09-20 23:54:42,060,GRIN2A_023_910_8_BEAM_20260919.csv
023_GRIN2A,023,GRIN2A,GRIN2A_023_910_9,GRIN2A,023,Het,F,55,2026-06-15,Include,True,True,1,286,2026-09-19 00:01:49,2026-09-20 23:52:00,055,GRIN2A_023_910_9_BEAM_20260919.csv
023_GRIN2A,023,GRIN2A,GRIN2A_023_918_42,GRIN2A,023,Wt,M,35,2026-06-16,Include,True,True,1,286,2026-09-19 00:08:27,2026-09-20 23:55:50,035,GRIN2A_023_918_42_BEAM_20260919.csv
023_GRIN2A,023,GRIN2A,GRIN2A_023_918_43,GRIN2A,023,Wt,F,27,2026-06-16,Include,True,True,1,286,2026-09-19 00:06:43,2026-09-20 23:53:46,027,GRIN2A_023_918_43_BEAM_20260919.csv
023_GRIN2A,023,GRIN2A,GRIN2A_023_918_44,GRIN2A,023,Het,M,40,2026-06-16,Include,True,True,1,286,2026-09-19 00:03:35,2026-09-20 23:54:09,040,GRIN2A_023_918_44_BEAM_20260919.csv
023_GRIN2A,023,GRIN2A,GRIN2A_023_918_45,GRIN2A,023,Wt,M,24,2026-06-16,Include,True,True,1,286,2026-09-19 00:04:04,2026-09-20 23:52:42,024,GRIN2A_023_918_45_BEAM_20260919.csv
023_GRIN2A,023,GRIN2A,GRIN2A_023_918_46,GRIN2A,023,Het,F,43,2026-06-16,Include,True,True,1,286,2026-09-19 00:05:24,2026-09-20 23:57:17,043,GRIN2A_023_918_46_BEAM_20260919.csv
023_GRIN2A,023,GRIN2A,GRIN2A_023_918_47,GRIN2A,023,Het,F,30,2026-06-16,Include,True,True,1,286,2026-09-19 00:04:06,2026-09-20 23:53:10,030,GRIN2A_023_918_47_BEAM_20260919.csv
023_GRIN2A,023,GRIN2A,GRIN2A_023_918_48,GRIN2A,023,Het,M,39,2026-06-16,Include,True,True,1,286,2026-09-19 00:02:40,2026-09-20 23:52:53,039,GRIN2A_023_918_48_BEAM_20260919.csv
023_GRIN2A,023,GRIN2A,GRIN2A_023_919_53,GRIN2A,023,Het,F,64,2026-06-23,Include,True,True,1,286,2026-09-19 00:06:38,2026-09-20 23:56:04,064,GRIN2A_023_919_53_BEAM_20260919.csv
023_GRIN2A,023,GRIN2A,GRIN2A_023_926_33,GRIN2A,023,Wt,M,47,2026-06-21,Include,True,True,1,286,2026-09-19 00:06:43,2026-09-20 23:57:44,047,GRIN2A_023_926_33_BEAM_20260919.csv
023_GRIN2A,023,GRIN2A,GRIN2A_023_926_36,GRIN2A,023,Wt,M,56,2026-06-21,Include,True,True,1,286,2026-09-19 00:02:14,2026-09-20 23:52:53,056,GRIN2A_023_926_36_BEAM_20260919.csv
023_GRIN2A,023,GRIN2A,GRIN2A_023_939_56,GRIN2A,023,Wt,M,59,2026-06-29,Include,True,True,1,286,2026-09-19 00:03:49,2026-09-20 23:54:12,059,GRIN2A_023_939_56_BEAM_20260919.csv
